timestamp,value
2025-01-01 00:00,0.00701
2025-01-01 00:15,0.053338
2025-01-01 00:30,0.031571
2025-01-01 00:45,0.009081
2025-01-01 01:00,0.023302
2025-01-01 01:15,0.016723
2025-01-01 01:30,0.032613
2025-01-01 01:45,0.029826
2025-01-01 02:00,0.02601
2025-01-01 02:15,0.010507
2025-01-01 02:30,0.02
2025-01-01 02:45,0.055605
2025-01-01 03:00,0.083731
2025-01-01 03:15,0.109177
2025-01-01 03:30,0.020341
2025-01-01 03:45,0.017659
2025-01-01 04:00,0.053677
2025-01-01 04:15,0.037877
2025-01-01 04:30,0.123925
2025-01-01 04:45,0.651749
2025-01-01 05:00,0.074192
2025-01-01 05:15,0.076159
2025-01-01 05:30,0.100384
2025-01-01 05:45,0.064017
2025-01-01 06:00,0.128169
2025-01-01 06:15,0.078451
2025-01-01 06:30,0.040105
2025-01-01 06:45,0.080121
2025-01-01 07:00,0.072088
2025-01-01 07:15,0.070695
2025-01-01 07:30,0.062536
2025-01-01 07:45,0.198317
2025-01-01 08:00,0.114107
2025-01-01 08:15,0.048504
2025-01-01 08:30,0.062704
2025-01-01 08:45,0.056238
2025-01-01 09:00,0.080289
2025-01-01 09:15,0.085222
2025-01-01 09:30,0.127907
2025-01-01 09:45,0.044072
2025-01-01 10:00,0.066025
2025-01-01 10:15,0.033996
2025-01-01 10:30,0.046038
2025-01-01 10:45,0.134511
2025-01-01 11:00,0.064113
2025-01-01 11:15,0.085743
2025-01-01 11:30,0.670826
2025-01-01 11:45,0.04454
2025-01-01 12:00,0.123205
2025-01-01 12:15,0.065769
2025-01-01 12:30,0.07065
2025-01-01 12:45,0.056002
2025-01-01 13:00,0.045859
2025-01-01 13:15,0.100752
2025-01-01 13:30,0.040842
2025-01-01 13:45,0.046114
2025-01-01 14:00,0.026529
2025-01-01 14:15,0.029418
2025-01-01 14:30,0.009938
2025-01-01 14:45,0.031563
2025-01-01 15:00,0.065424
2025-01-01 15:15,0.042437
2025-01-01 15:30,0.019615
2025-01-01 15:45,0.007981
2025-01-01 16:00,0.007627
2025-01-01 16:15,0.016641
2025-01-01 16:30,0.04801
2025-01-01 16:45,0.006752
2025-01-01 17:00,0.019309
2025-01-01 17:15,0.013046
2025-01-01 17:30,0.014586
2025-01-01 17:45,0.012088
2025-01-01 18:00,0.047766
2025-01-01 18:15,0.01291
2025-01-01 18:30,0.015534
2025-01-01 18:45,0.012091
2025-01-01 19:00,0.023293
2025-01-01 19:15,0.008477
2025-01-01 19:30,0.005273
2025-01-01 19:45,0.002106
2025-01-01 20:00,0.012686
2025-01-01 20:15,0.011274
2025-01-01 20:30,0.010739
2025-01-01 20:45,0.019594
2025-01-01 21:00,0.008449
2025-01-01 21:15,0.01665
2025-01-01 21:30,0.02312
2025-01-01 21:45,0.007636
2025-01-01 22:00,0.01259
2025-01-01 22:15,0.012838
2025-01-01 22:30,0.010392
2025-01-01 22:45,0.038683
2025-01-01 23:00,0.068512
2025-01-01 23:15,0.079684
2025-01-01 23:30,0.082796
2025-01-01 23:45,0.145165
2025-01-02 00:00,0.212136
2025-01-02 00:15,0.219326
2025-01-02 00:30,0.237264
2025-01-02 00:45,0.251235
2025-01-02 01:00,0.285674
2025-01-02 01:15,0.412879
2025-01-02 01:30,0.218403
2025-01-02 01:45,0.606941
2025-01-02 02:00,0.53696
2025-01-02 02:15,0.34866
2025-01-02 02:30,0.277474
2025-01-02 02:45,0.376293
2025-01-02 03:00,0.263486
2025-01-02 03:15,0.223521
2025-01-02 03:30,0.123073
2025-01-02 03:45,0.209078
2025-01-02 04:00,0.375521
2025-01-02 04:15,0.365823
2025-01-02 04:30,0.280359
2025-01-02 04:45,0.425739
2025-01-02 05:00,0.345281
2025-01-02 05:15,0.270091
2025-01-02 05:30,0.312829
2025-01-02 05:45,0.344168
2025-01-02 06:00,0.275097
2025-01-02 06:15,0.364402
2025-01-02 06:30,0.341602
2025-01-02 06:45,0.382037
2025-01-02 07:00,0.382323
2025-01-02 07:15,1.0
2025-01-02 07:30,0.505221
2025-01-02 07:45,0.285719
2025-01-02 08:00,0.442501
2025-01-02 08:15,0.427588
2025-01-02 08:30,0.249995
2025-01-02 08:45,0.283748
2025-01-02 09:00,0.187221
2025-01-02 09:15,0.191032
2025-01-02 09:30,0.302344
2025-01-02 09:45,0.250926
2025-01-02 10:00,0.247944
2025-01-02 10:15,0.27209
2025-01-02 10:30,0.20427
2025-01-02 10:45,0.189883
2025-01-02 11:00,0.078325
2025-01-02 11:15,0.074301
2025-01-02 11:30,0.111977
2025-01-02 11:45,0.195619
2025-01-02 12:00,0.040215
2025-01-02 12:15,0.034269
2025-01-02 12:30,0.038252
2025-01-02 12:45,0.10194
2025-01-02 13:00,0.058672
2025-01-02 13:15,0.070344
2025-01-02 13:30,0.025382
2025-01-02 13:45,0.027645
2025-01-02 14:00,0.023887
2025-01-02 14:15,0.064829
2025-01-02 14:30,0.044166
2025-01-02 14:45,0.145056
2025-01-02 15:00,0.019376
2025-01-02 15:15,0.077458
2025-01-02 15:30,0.151291
2025-01-02 15:45,0.008017
2025-01-02 16:00,0.003718
2025-01-02 16:15,0.003436
2025-01-02 16:30,0.00269
2025-01-02 16:45,0.002874
2025-01-02 17:00,0.00662
2025-01-02 17:15,0.014254
2025-01-02 17:30,0.012464
2025-01-02 17:45,0.043919
2025-01-02 18:00,0.029618
2025-01-02 18:15,0.001938
2025-01-02 18:30,0.006305
2025-01-02 18:45,0.029382
2025-01-02 19:00,0.014343
2025-01-02 19:15,0.0017
2025-01-02 19:30,0.005458
2025-01-02 19:45,0.003663
2025-01-02 20:00,0.014701
2025-01-02 20:15,0.008818
2025-01-02 20:30,0.039336
2025-01-02 20:45,0.024802
2025-01-02 21:00,0.01541
2025-01-02 21:15,0.01458
2025-01-02 21:30,0.022402
2025-01-02 21:45,0.02957
2025-01-02 22:00,0.01061
2025-01-02 22:15,0.031082
2025-01-02 22:30,0.017918
2025-01-02 22:45,0.034911
2025-01-02 23:00,0.936593
2025-01-02 23:15,0.809276
2025-01-02 23:30,0.059285
2025-01-02 23:45,0.090673
2025-01-03 00:00,0.12305
2025-01-03 00:15,0.121799
2025-01-03 00:30,0.347112
2025-01-03 00:45,0.166091
2025-01-03 01:00,0.217548
2025-01-03 01:15,0.143045
2025-01-03 01:30,0.219392
2025-01-03 01:45,0.184382
2025-01-03 02:00,0.27531
2025-01-03 02:15,0.309521
2025-01-03 02:30,0.233744
2025-01-03 02:45,0.087529
2025-01-03 03:00,0.081108
2025-01-03 03:15,0.128863
2025-01-03 03:30,0.119063
2025-01-03 03:45,0.128566
2025-01-03 04:00,0.182813
2025-01-03 04:15,0.21019
2025-01-03 04:30,0.382596
2025-01-03 04:45,0.163865
2025-01-03 05:00,0.196731
2025-01-03 05:15,0.233687
2025-01-03 05:30,0.138584
2025-01-03 05:45,0.221573
2025-01-03 06:00,0.433028
2025-01-03 06:15,0.267932
2025-01-03 06:30,0.301111
2025-01-03 06:45,0.335522
2025-01-03 07:00,0.572231
2025-01-03 07:15,0.361467
2025-01-03 07:30,0.451673
2025-01-03 07:45,0.446986
2025-01-03 08:00,0.200114
2025-01-03 08:15,0.234283
2025-01-03 08:30,0.33968
2025-01-03 08:45,0.224418
2025-01-03 09:00,0.111122
2025-01-03 09:15,0.083785
2025-01-03 09:30,0.20986
2025-01-03 09:45,0.224076
2025-01-03 10:00,0.243363
2025-01-03 10:15,0.226315
2025-01-03 10:30,0.193529
2025-01-03 10:45,0.090072
2025-01-03 11:00,0.068818
2025-01-03 11:15,0.04625
2025-01-03 11:30,0.031932
2025-01-03 11:45,0.031952
2025-01-03 12:00,0.075703
2025-01-03 12:15,0.119445
2025-01-03 12:30,0.079186
2025-01-03 12:45,0.041925
2025-01-03 13:00,0.038571
2025-01-03 13:15,0.022648
2025-01-03 13:30,0.02666
2025-01-03 13:45,0.025209
2025-01-03 14:00,0.013967
2025-01-03 14:15,0.041697
2025-01-03 14:30,0.034548
2025-01-03 14:45,0.024978
2025-01-03 15:00,0.023795
2025-01-03 15:15,0.014152
2025-01-03 15:30,0.004117
2025-01-03 15:45,0.015087
2025-01-03 16:00,0.026822
2025-01-03 16:15,0.004165
2025-01-03 16:30,0.01126
2025-01-03 16:45,0.011765
2025-01-03 17:00,0.011903
2025-01-03 17:15,0.005013
2025-01-03 17:30,0.025101
2025-01-03 17:45,0.034111
2025-01-03 18:00,0.057656
2025-01-03 18:15,0.027681
2025-01-03 18:30,0.039124
2025-01-03 18:45,0.002955
2025-01-03 19:00,0.003568
2025-01-03 19:15,0.004078
2025-01-03 19:30,0.007422
2025-01-03 19:45,0.005324
2025-01-03 20:00,0.008632
2025-01-03 20:15,0.006923
2025-01-03 20:30,0.019335
2025-01-03 20:45,0.002954
2025-01-03 21:00,0.012936
2025-01-03 21:15,0.008133
2025-01-03 21:30,0.003938
2025-01-03 21:45,0.011278
2025-01-03 22:00,0.013625
2025-01-03 22:15,0.009442
2025-01-03 22:30,0.001184
2025-01-03 22:45,0.001589
2025-01-03 23:00,0.010418
2025-01-03 23:15,0.01822
2025-01-03 23:30,0.010502
2025-01-03 23:45,0.005054
2025-01-04 00:00,0.009727
2025-01-04 00:15,0.014015
2025-01-04 00:30,0.024992
2025-01-04 00:45,0.015466
2025-01-04 01:00,0.030357
2025-01-04 01:15,0.035095
2025-01-04 01:30,0.024085
2025-01-04 01:45,0.036681
2025-01-04 02:00,0.061213
2025-01-04 02:15,0.053605
2025-01-04 02:30,0.072982
2025-01-04 02:45,0.058279
2025-01-04 03:00,0.028108
2025-01-04 03:15,0.012746
2025-01-04 03:30,0.040861
2025-01-04 03:45,0.050576
2025-01-04 04:00,0.059458
2025-01-04 04:15,0.1519
2025-01-04 04:30,0.153732
2025-01-04 04:45,0.10297
2025-01-04 05:00,0.199046
2025-01-04 05:15,0.272219
2025-01-04 05:30,0.099568
2025-01-04 05:45,0.096295
2025-01-04 06:00,0.073877
2025-01-04 06:15,0.085276
2025-01-04 06:30,0.140459
2025-01-04 06:45,0.066936
2025-01-04 07:00,0.049415
2025-01-04 07:15,0.12401
2025-01-04 07:30,0.042458
2025-01-04 07:45,0.087592
2025-01-04 08:00,0.063819
2025-01-04 08:15,0.083214
2025-01-04 08:30,0.080623
2025-01-04 08:45,0.044695
2025-01-04 09:00,0.057654
2025-01-04 09:15,0.049525
2025-01-04 09:30,0.040001
2025-01-04 09:45,0.05625
2025-01-04 10:00,0.095952
2025-01-04 10:15,0.058384
2025-01-04 10:30,0.040862
2025-01-04 10:45,0.078219
2025-01-04 11:00,0.063455
2025-01-04 11:15,0.17137
2025-01-04 11:30,0.124176
2025-01-04 11:45,0.100845
2025-01-04 12:00,0.032462
2025-01-04 12:15,0.063551
2025-01-04 12:30,0.062632
2025-01-04 12:45,0.049965
2025-01-04 13:00,0.019243
2025-01-04 13:15,0.013528
2025-01-04 13:30,0.031389
2025-01-04 13:45,0.071111
2025-01-04 14:00,0.040823
2025-01-04 14:15,0.041642
2025-01-04 14:30,0.04541
2025-01-04 14:45,0.018841
2025-01-04 15:00,0.127018
2025-01-04 15:15,0.077767
2025-01-04 15:30,0.021202
2025-01-04 15:45,0.001925
2025-01-04 16:00,0.016337
2025-01-04 16:15,0.018778
2025-01-04 16:30,0.016184
2025-01-04 16:45,0.032954
2025-01-04 17:00,0.019584
2025-01-04 17:15,0.00327
2025-01-04 17:30,0.000692
2025-01-04 17:45,0.027088
2025-01-04 18:00,0.050861
2025-01-04 18:15,0.018434
2025-01-04 18:30,0.006975
2025-01-04 18:45,0.008422
2025-01-04 19:00,0.012847
2025-01-04 19:15,0.013167
2025-01-04 19:30,0.006821
2025-01-04 19:45,0.010201
2025-01-04 20:00,0.00425
2025-01-04 20:15,0.008622
2025-01-04 20:30,0.018304
2025-01-04 20:45,0.026904
2025-01-04 21:00,0.015236
2025-01-04 21:15,0.003967
2025-01-04 21:30,0.023183
2025-01-04 21:45,0.007618
2025-01-04 22:00,0.016364
2025-01-04 22:15,0.002085
2025-01-04 22:30,0.011219
2025-01-04 22:45,0.008456
2025-01-04 23:00,0.009388
2025-01-04 23:15,0.004056
2025-01-04 23:30,0.043173
2025-01-04 23:45,0.02366
2025-01-05 00:00,0.016873
2025-01-05 00:15,0.011834
2025-01-05 00:30,0.014357
2025-01-05 00:45,0.013962
2025-01-05 01:00,0.116159
2025-01-05 01:15,0.047879
2025-01-05 01:30,0.061007
2025-01-05 01:45,0.010086
2025-01-05 02:00,0.020664
2025-01-05 02:15,0.00758
2025-01-05 02:30,0.0179
2025-01-05 02:45,0.013638
2025-01-05 03:00,0.044726
2025-01-05 03:15,0.143333
2025-01-05 03:30,0.095962
2025-01-05 03:45,0.092173
2025-01-05 04:00,0.181823
2025-01-05 04:15,0.053765
2025-01-05 04:30,0.045683
2025-01-05 04:45,0.040031
2025-01-05 05:00,0.018602
2025-01-05 05:15,0.079239
2025-01-05 05:30,0.040092
2025-01-05 05:45,0.076425
2025-01-05 06:00,0.098357
2025-01-05 06:15,0.044214
2025-01-05 06:30,0.077695
2025-01-05 06:45,0.049758
2025-01-05 07:00,0.046153
2025-01-05 07:15,0.064391
2025-01-05 07:30,0.084905
2025-01-05 07:45,0.045639
2025-01-05 08:00,0.035899
2025-01-05 08:15,0.1053
2025-01-05 08:30,0.078527
2025-01-05 08:45,0.029224
2025-01-05 09:00,0.035405
2025-01-05 09:15,0.093962
2025-01-05 09:30,0.033819
2025-01-05 09:45,0.103126
2025-01-05 10:00,0.085499
2025-01-05 10:15,0.083094
2025-01-05 10:30,0.147526
2025-01-05 10:45,0.140071
2025-01-05 11:00,0.047202
2025-01-05 11:15,0.110057
2025-01-05 11:30,0.022482
2025-01-05 11:45,0.026704
2025-01-05 12:00,0.032435
2025-01-05 12:15,0.031108
2025-01-05 12:30,0.087673
2025-01-05 12:45,0.028862
2025-01-05 13:00,0.022118
2025-01-05 13:15,0.019649
2025-01-05 13:30,0.089253
2025-01-05 13:45,0.088703
2025-01-05 14:00,0.015402
2025-01-05 14:15,0.0117
2025-01-05 14:30,0.005374
2025-01-05 14:45,0.008652
2025-01-05 15:00,0.028842
2025-01-05 15:15,0.014643
2025-01-05 15:30,0.00594
2025-01-05 15:45,0.022707
2025-01-05 16:00,0.008385
2025-01-05 16:15,0.011054
2025-01-05 16:30,0.083473
2025-01-05 16:45,0.000675
2025-01-05 17:00,0.022346
2025-01-05 17:15,0.013321
2025-01-05 17:30,0.004132
2025-01-05 17:45,0.006376
2025-01-05 18:00,0.047894
2025-01-05 18:15,0.013828
2025-01-05 18:30,0.012048
2025-01-05 18:45,0.005122
2025-01-05 19:00,0.054047
2025-01-05 19:15,0.005575
2025-01-05 19:30,0.001617
2025-01-05 19:45,0.014279
2025-01-05 20:00,0.004229
2025-01-05 20:15,0.001745
2025-01-05 20:30,0.009382
2025-01-05 20:45,0.004008
2025-01-05 21:00,0.015889
2025-01-05 21:15,0.009062
2025-01-05 21:30,0.002241
2025-01-05 21:45,0.016119
2025-01-05 22:00,0.011529
2025-01-05 22:15,0.003394
2025-01-05 22:30,0.007162
2025-01-05 22:45,0.012354
2025-01-05 23:00,0.026097
2025-01-05 23:15,0.023602
2025-01-05 23:30,0.023515
2025-01-05 23:45,0.035609
2025-01-06 00:00,0.12099
2025-01-06 00:15,0.163435
2025-01-06 00:30,0.196108
2025-01-06 00:45,0.302294
2025-01-06 01:00,0.314969
2025-01-06 01:15,0.490155
2025-01-06 01:30,0.44962
2025-01-06 01:45,0.511126
2025-01-06 02:00,0.377353
2025-01-06 02:15,0.179672
2025-01-06 02:30,0.219585
2025-01-06 02:45,0.110724
2025-01-06 03:00,0.168047
2025-01-06 03:15,0.183418
2025-01-06 03:30,0.220122
2025-01-06 03:45,0.266242
2025-01-06 04:00,0.254477
2025-01-06 04:15,0.225642
2025-01-06 04:30,0.307697
2025-01-06 04:45,0.37247
2025-01-06 05:00,0.315325
2025-01-06 05:15,0.46672
2025-01-06 05:30,0.331892
2025-01-06 05:45,0.362695
2025-01-06 06:00,0.367577
2025-01-06 06:15,0.322055
2025-01-06 06:30,0.388012
2025-01-06 06:45,0.417191
2025-01-06 07:00,0.372071
2025-01-06 07:15,0.360893
2025-01-06 07:30,0.290519
2025-01-06 07:45,0.470446
2025-01-06 08:00,0.361675
2025-01-06 08:15,0.471687
2025-01-06 08:30,0.657813
2025-01-06 08:45,0.820042
2025-01-06 09:00,0.52575
2025-01-06 09:15,0.267717
2025-01-06 09:30,0.205042
2025-01-06 09:45,0.276653
2025-01-06 10:00,0.278502
2025-01-06 10:15,0.125975
2025-01-06 10:30,0.190512
2025-01-06 10:45,0.114324
2025-01-06 11:00,0.16543
2025-01-06 11:15,0.245521
2025-01-06 11:30,0.35335
2025-01-06 11:45,0.230693
2025-01-06 12:00,0.124193
2025-01-06 12:15,0.134382
2025-01-06 12:30,0.108475
2025-01-06 12:45,0.343377
2025-01-06 13:00,0.09286
2025-01-06 13:15,0.099525
2025-01-06 13:30,0.030373
2025-01-06 13:45,0.173787
2025-01-06 14:00,0.08675
2025-01-06 14:15,0.049901
2025-01-06 14:30,0.020825
2025-01-06 14:45,0.047094
2025-01-06 15:00,0.024687
2025-01-06 15:15,0.102268
2025-01-06 15:30,0.033204
2025-01-06 15:45,0.0682
2025-01-06 16:00,0.029716
2025-01-06 16:15,0.010498
2025-01-06 16:30,0.011017
2025-01-06 16:45,0.026395
2025-01-06 17:00,0.057656
2025-01-06 17:15,0.011997
2025-01-06 17:30,0.006337
2025-01-06 17:45,0.003675
2025-01-06 18:00,0.037605
2025-01-06 18:15,0.007016
2025-01-06 18:30,0.001003
2025-01-06 18:45,0.005168
2025-01-06 19:00,0.006997
2025-01-06 19:15,0.017007
2025-01-06 19:30,0.119834
2025-01-06 19:45,0.033946
2025-01-06 20:00,0.002504
2025-01-06 20:15,0.020042
2025-01-06 20:30,0.042954
2025-01-06 20:45,0.005054
2025-01-06 21:00,0.006432
2025-01-06 21:15,0.011164
2025-01-06 21:30,0.025104
2025-01-06 21:45,0.012871
2025-01-06 22:00,0.004046
2025-01-06 22:15,0.002667
2025-01-06 22:30,0.004935
2025-01-06 22:45,0.046394
2025-01-06 23:00,0.036708
2025-01-06 23:15,0.033335
2025-01-06 23:30,0.092741
2025-01-06 23:45,0.113219
2025-01-07 00:00,0.246929
2025-01-07 00:15,0.199773
2025-01-07 00:30,0.296287
2025-01-07 00:45,0.378279
2025-01-07 01:00,0.188616
2025-01-07 01:15,0.266123
2025-01-07 01:30,0.41448
2025-01-07 01:45,0.452023
2025-01-07 02:00,0.248109
2025-01-07 02:15,0.238783
2025-01-07 02:30,0.247839
2025-01-07 02:45,0.123563
2025-01-07 03:00,0.114966
2025-01-07 03:15,0.098543
2025-01-07 03:30,0.374535
2025-01-07 03:45,0.399721
2025-01-07 04:00,0.265552
2025-01-07 04:15,0.359239
2025-01-07 04:30,0.222583
2025-01-07 04:45,0.294512
2025-01-07 05:00,0.306373
2025-01-07 05:15,0.268986
2025-01-07 05:30,0.241382
2025-01-07 05:45,0.495679
2025-01-07 06:00,0.292187
2025-01-07 06:15,0.330861
2025-01-07 06:30,0.476811
2025-01-07 06:45,0.229134
2025-01-07 07:00,0.441638
2025-01-07 07:15,0.450358
2025-01-07 07:30,0.386907
2025-01-07 07:45,0.370807
2025-01-07 08:00,0.435193
2025-01-07 08:15,0.784026
2025-01-07 08:30,0.423597
2025-01-07 08:45,0.277912
2025-01-07 09:00,0.192694
2025-01-07 09:15,0.378478
2025-01-07 09:30,0.66624
2025-01-07 09:45,0.247396
2025-01-07 10:00,0.230977
2025-01-07 10:15,0.127137
2025-01-07 10:30,0.084432
2025-01-07 10:45,0.094225
2025-01-07 11:00,0.17991
2025-01-07 11:15,0.085503
2025-01-07 11:30,0.127735
2025-01-07 11:45,0.171283
2025-01-07 12:00,0.087638
2025-01-07 12:15,0.098269
2025-01-07 12:30,0.078462
2025-01-07 12:45,0.205248
2025-01-07 13:00,0.063985
2025-01-07 13:15,0.096724
2025-01-07 13:30,0.114496
2025-01-07 13:45,0.154163
2025-01-07 14:00,0.047466
2025-01-07 14:15,0.018327
2025-01-07 14:30,0.028999
2025-01-07 14:45,0.054023
2025-01-07 15:00,0.062521
2025-01-07 15:15,0.060055
2025-01-07 15:30,0.036184
2025-01-07 15:45,0.016407
2025-01-07 16:00,0.023382
2025-01-07 16:15,0.016016
2025-01-07 16:30,0.020558
2025-01-07 16:45,0.023357
2025-01-07 17:00,0.00414
2025-01-07 17:15,0.002091
2025-01-07 17:30,0.007838
2025-01-07 17:45,0.004191
2025-01-07 18:00,0.038142
2025-01-07 18:15,0.005962
2025-01-07 18:30,0.00584
2025-01-07 18:45,0.01239
2025-01-07 19:00,0.006126
2025-01-07 19:15,0.010127
2025-01-07 19:30,0.002405
2025-01-07 19:45,0.000914
2025-01-07 20:00,0.031288
2025-01-07 20:15,0.026228
2025-01-07 20:30,0.017239
2025-01-07 20:45,0.046746
2025-01-07 21:00,0.078845
2025-01-07 21:15,0.011672
2025-01-07 21:30,0.008956
2025-01-07 21:45,0.001776
2025-01-07 22:00,0.0
2025-01-07 22:15,0.0
2025-01-07 22:30,0.0
2025-01-07 22:45,0.0
2025-01-07 23:00,0.0
2025-01-07 23:15,0.0
2025-01-07 23:30,0.0
2025-01-07 23:45,0.0
2025-01-08 00:00,0.0
2025-01-08 00:00,0.0
2025-01-08 00:15,0.0
2025-01-08 00:30,0.062681
2025-01-08 00:45,0.077366
2025-01-08 01:00,0.100823
2025-01-08 01:15,0.081834
2025-01-08 01:30,0.124936
2025-01-08 01:45,0.091231
2025-01-08 02:00,0.106511
2025-01-08 02:15,0.094949
2025-01-08 02:30,0.123851
2025-01-08 02:45,0.061897
2025-01-08 03:00,0.045516
2025-01-08 03:15,0.052482
2025-01-08 03:30,0.074497
2025-01-08 03:45,0.104084
2025-01-08 04:00,0.111063
2025-01-08 04:15,0.100458
2025-01-08 04:30,0.112656
2025-01-08 04:45,0.148923
2025-01-08 05:00,0.123657
2025-01-08 05:15,0.213753
2025-01-08 05:30,0.135754
2025-01-08 05:45,0.120561
2025-01-08 06:00,0.289869
2025-01-08 06:15,0.248156
2025-01-08 06:30,0.162882
2025-01-08 06:45,0.253822
2025-01-08 07:00,0.111958
2025-01-08 07:15,0.242063
2025-01-08 07:30,0.205124
2025-01-08 07:45,0.16172
2025-01-08 08:00,0.184777
2025-01-08 08:15,0.132224
2025-01-08 08:30,0.09958
2025-01-08 08:45,0.078863
2025-01-08 09:00,0.052996
2025-01-08 09:15,0.071856
2025-01-08 09:30,0.050155
2025-01-08 09:45,0.065728
2025-01-08 10:00,0.155958
2025-01-08 10:15,0.115391
2025-01-08 10:30,0.081082
2025-01-08 10:45,0.073951
2025-01-08 11:00,0.089959
2025-01-08 11:15,0.04597
2025-01-08 11:30,0.080262
2025-01-08 11:45,0.034002
2025-01-08 12:00,0.033139
2025-01-08 12:15,0.028717
2025-01-08 12:30,0.055683
2025-01-08 12:45,0.043533
2025-01-08 13:00,0.033422
2025-01-08 13:15,0.02498
2025-01-08 13:30,0.024198
2025-01-08 13:45,0.007092
2025-01-08 14:00,0.007836
2025-01-08 14:15,0.023309
2025-01-08 14:30,0.0943
2025-01-08 14:45,0.02373
2025-01-08 15:00,0.017369
2025-01-08 15:15,0.016944
2025-01-08 15:30,0.036699
2025-01-08 15:45,0.005815
2025-01-08 16:00,0.010362
2025-01-08 16:15,0.007136
2025-01-08 16:30,0.01867
2025-01-08 16:45,0.006993
2025-01-08 17:00,0.000335
2025-01-08 17:15,0.005817
2025-01-08 17:30,0.006532
2025-01-08 17:45,0.008263
2025-01-08 18:00,0.017573
2025-01-08 18:15,0.018198
2025-01-08 18:30,0.004079
2025-01-08 18:45,0.226382
2025-01-08 19:00,0.010237
2025-01-08 19:15,0.005958
2025-01-08 19:30,0.004754
2025-01-08 19:45,0.001985
2025-01-08 20:00,0.00444
2025-01-08 20:15,0.002649
2025-01-08 20:30,0.001937
2025-01-08 20:45,0.003729
2025-01-08 21:00,0.002691
2025-01-08 21:15,0.003534
2025-01-08 21:30,0.001679
2025-01-08 21:45,0.005053
2025-01-08 22:00,0.002094
2025-01-08 22:15,0.011025
2025-01-08 22:30,0.004855
2025-01-08 22:45,0.006943
2025-01-08 23:00,0.010706
2025-01-08 23:15,0.022759
2025-01-08 23:30,0.032551
2025-01-08 23:45,0.031905
2025-01-09 00:00,0.084983
2025-01-09 00:15,0.06929
2025-01-09 00:30,0.120138
2025-01-09 00:45,0.076026
2025-01-09 01:00,0.221423
2025-01-09 01:15,0.268472
2025-01-09 01:30,0.25647
2025-01-09 01:45,0.12582
2025-01-09 02:00,0.311378
2025-01-09 02:15,0.102623
2025-01-09 02:30,0.091239
2025-01-09 02:45,0.07737
2025-01-09 03:00,0.049276
2025-01-09 03:15,0.150705
2025-01-09 03:30,0.057395
2025-01-09 03:45,0.088395
2025-01-09 04:00,0.065766
2025-01-09 04:15,0.127464
2025-01-09 04:30,0.119102
2025-01-09 04:45,0.193209
2025-01-09 05:00,0.155113
2025-01-09 05:15,0.118248
2025-01-09 05:30,0.140795
2025-01-09 05:45,0.154163
2025-01-09 06:00,0.150806
2025-01-09 06:15,0.153694
2025-01-09 06:30,0.114578
2025-01-09 06:45,0.095949
2025-01-09 07:00,0.13994
2025-01-09 07:15,0.177045
2025-01-09 07:30,0.209849
2025-01-09 07:45,0.285424
2025-01-09 08:00,0.112986
2025-01-09 08:15,0.359509
2025-01-09 08:30,0.206559
2025-01-09 08:45,0.28228
2025-01-09 09:00,0.340534
2025-01-09 09:15,0.102749
2025-01-09 09:30,0.07696
2025-01-09 09:45,0.101158
2025-01-09 10:00,0.053451
2025-01-09 10:15,0.059475
2025-01-09 10:30,0.048366
2025-01-09 10:45,0.057618
2025-01-09 11:00,0.071962
2025-01-09 11:15,0.061959
2025-01-09 11:30,0.041143
2025-01-09 11:45,0.021464
2025-01-09 12:00,0.027475
2025-01-09 12:15,0.047486
2025-01-09 12:30,0.030171
2025-01-09 12:45,0.034848
2025-01-09 13:00,0.106283
2025-01-09 13:15,0.08128
2025-01-09 13:30,0.121899
2025-01-09 13:45,0.048882
2025-01-09 14:00,0.020995
2025-01-09 14:15,0.05752
2025-01-09 14:30,0.017475
2025-01-09 14:45,0.013176
2025-01-09 15:00,0.029875
2025-01-09 15:15,0.031577
2025-01-09 15:30,0.027024
2025-01-09 15:45,0.003803
2025-01-09 16:00,0.00542
2025-01-09 16:15,0.028984
2025-01-09 16:30,0.014403
2025-01-09 16:45,0.014599
2025-01-09 17:00,0.00556
2025-01-09 17:15,0.004441
2025-01-09 17:30,0.027915
2025-01-09 17:45,0.00085
2025-01-09 18:00,0.020845
2025-01-09 18:15,0.011408
2025-01-09 18:30,0.003159
2025-01-09 18:45,0.002157
2025-01-09 19:00,0.021878
2025-01-09 19:15,0.000404
2025-01-09 19:30,0.001464
2025-01-09 19:45,0.001274
2025-01-09 20:00,0.005462
2025-01-09 20:15,0.000133
2025-01-09 20:30,0.012651
2025-01-09 20:45,0.004155
2025-01-09 21:00,0.002672
2025-01-09 21:15,0.001375
2025-01-09 21:30,0.003708
2025-01-09 21:45,0.007736
2025-01-09 22:00,0.001294
2025-01-09 22:15,0.004885
2025-01-09 22:30,0.008979
2025-01-09 22:45,0.002327
2025-01-09 23:00,0.006114
2025-01-09 23:15,0.027213
2025-01-09 23:30,0.027568
2025-01-09 23:45,0.056524
2025-01-10 00:00,0.104374
2025-01-10 00:15,0.294914
2025-01-10 00:30,0.439937
2025-01-10 00:45,0.060518
2025-01-10 01:00,0.107378
2025-01-10 01:15,0.100602
2025-01-10 01:30,0.101265
2025-01-10 01:45,0.14375
2025-01-10 02:00,0.120199
2025-01-10 02:15,0.089294
2025-01-10 02:30,0.119591
2025-01-10 02:45,0.059265
2025-01-10 03:00,0.129978
2025-01-10 03:15,0.137452
2025-01-10 03:30,0.143377
2025-01-10 03:45,0.125194
2025-01-10 04:00,0.107989
2025-01-10 04:15,0.116442
2025-01-10 04:30,0.137193
2025-01-10 04:45,0.103534
2025-01-10 05:00,0.106224
2025-01-10 05:15,0.114473
2025-01-10 05:30,0.142245
2025-01-10 05:45,0.139518
2025-01-10 06:00,0.236843
2025-01-10 06:15,0.143775
2025-01-10 06:30,0.204975
2025-01-10 06:45,0.194956
2025-01-10 07:00,0.118927
2025-01-10 07:15,0.156985
2025-01-10 07:30,0.167792
2025-01-10 07:45,0.093085
2025-01-10 08:00,0.152357
2025-01-10 08:15,0.162602
2025-01-10 08:30,0.090182
2025-01-10 08:45,0.07233
2025-01-10 09:00,0.112755
2025-01-10 09:15,0.058613
2025-01-10 09:30,0.064768
2025-01-10 09:45,0.053603
2025-01-10 10:00,0.05539
2025-01-10 10:15,0.02647
2025-01-10 10:30,0.025763
2025-01-10 10:45,0.050606
2025-01-10 11:00,0.03681
2025-01-10 11:15,0.027306
2025-01-10 11:30,0.050311
2025-01-10 11:45,0.014204
2025-01-10 12:00,0.028025
2025-01-10 12:15,0.018587
2025-01-10 12:30,0.06738
2025-01-10 12:45,0.066103
2025-01-10 13:00,0.053435
2025-01-10 13:15,0.016662
2025-01-10 13:30,0.018753
2025-01-10 13:45,0.010871
2025-01-10 14:00,0.01333
2025-01-10 14:15,0.007556
2025-01-10 14:30,0.006127
2025-01-10 14:45,0.017367
2025-01-10 15:00,0.020092
2025-01-10 15:15,0.001322
2025-01-10 15:30,0.010309
2025-01-10 15:45,0.002232
2025-01-10 16:00,0.020138
2025-01-10 16:15,0.011474
2025-01-10 16:30,0.003175
2025-01-10 16:45,0.004811
2025-01-10 17:00,0.003519
2025-01-10 17:15,0.003476
2025-01-10 17:30,0.006926
2025-01-10 17:45,0.003729
2025-01-10 18:00,0.02932
2025-01-10 18:15,0.007764
2025-01-10 18:30,0.011443
2025-01-10 18:45,0.012559
2025-01-10 19:00,0.00576
2025-01-10 19:15,0.003313
2025-01-10 19:30,0.010067
2025-01-10 19:45,0.00472
2025-01-10 20:00,0.000471
2025-01-10 20:15,0.003544
2025-01-10 20:30,0.006273
2025-01-10 20:45,0.005509
2025-01-10 21:00,0.004207
2025-01-10 21:15,0.008559
2025-01-10 21:30,0.077001
2025-01-10 21:45,0.008207
2025-01-10 22:00,0.001782
2025-01-10 22:15,0.010432
2025-01-10 22:30,0.010209
2025-01-10 22:45,0.000142
2025-01-10 23:00,0.003531
2025-01-10 23:15,0.005122
2025-01-10 23:30,0.024091
2025-01-10 23:45,0.032696
2025-01-11 00:00,0.008608
2025-01-11 00:15,0.006208
2025-01-11 00:30,0.006149
2025-01-11 00:45,0.005499
2025-01-11 01:00,0.000272
2025-01-11 01:15,0.008323
2025-01-11 01:30,0.004985
2025-01-11 01:45,0.004613
2025-01-11 02:00,0.015324
2025-01-11 02:15,0.010474
2025-01-11 02:30,0.009418
2025-01-11 02:45,0.011512
2025-01-11 03:00,0.025694
2025-01-11 03:15,0.017142
2025-01-11 03:30,0.00761
2025-01-11 03:45,0.006308
2025-01-11 04:00,0.014167
2025-01-11 04:15,0.013741
2025-01-11 04:30,0.025166
2025-01-11 04:45,0.019541
2025-01-11 05:00,0.016894
2025-01-11 05:15,0.01624
2025-01-11 05:30,0.043723
2025-01-11 05:45,0.035453
2025-01-11 06:00,0.052368
2025-01-11 06:15,0.028647
2025-01-11 06:30,0.033616
2025-01-11 06:45,0.040408
2025-01-11 07:00,0.043217
2025-01-11 07:15,0.07704
2025-01-11 07:30,0.030233
2025-01-11 07:45,0.032139
2025-01-11 08:00,0.030011
2025-01-11 08:15,0.026769
2025-01-11 08:30,0.023778
2025-01-11 08:45,0.022829
2025-01-11 09:00,0.034194
2025-01-11 09:15,0.054158
2025-01-11 09:30,0.014382
2025-01-11 09:45,0.011332
2025-01-11 10:00,0.014876
2025-01-11 10:15,0.014664
2025-01-11 10:30,0.024395
2025-01-11 10:45,0.042254
2025-01-11 11:00,0.015163
2025-01-11 11:15,0.016205
2025-01-11 11:30,0.034518
2025-01-11 11:45,0.047792
2025-01-11 12:00,0.017314
2025-01-11 12:15,0.011201
2025-01-11 12:30,0.016002
2025-01-11 12:45,0.005601
2025-01-11 13:00,0.008924
2025-01-11 13:15,0.017997
2025-01-11 13:30,0.022348
2025-01-11 13:45,0.012811
2025-01-11 14:00,0.032678
2025-01-11 14:15,0.151162
2025-01-11 14:30,0.003426
2025-01-11 14:45,0.002794
2025-01-11 15:00,0.006677
2025-01-11 15:15,0.004969
2025-01-11 15:30,0.000106
2025-01-11 15:45,0.010427
2025-01-11 16:00,0.007131
2025-01-11 16:15,0.006953
2025-01-11 16:30,0.009757
2025-01-11 16:45,0.006247
2025-01-11 17:00,0.007719
2025-01-11 17:15,0.006715
2025-01-11 17:30,0.017116
2025-01-11 17:45,0.003701
2025-01-11 18:00,0.028983
2025-01-11 18:15,0.006978
2025-01-11 18:30,0.030368
2025-01-11 18:45,0.006615
2025-01-11 19:00,0.013246
2025-01-11 19:15,0.007009
2025-01-11 19:30,0.004307
2025-01-11 19:45,0.003863
2025-01-11 20:00,0.010285
2025-01-11 20:15,0.006336
2025-01-11 20:30,0.006929
2025-01-11 20:45,0.000334
2025-01-11 21:00,0.000701
2025-01-11 21:15,0.000689
2025-01-11 21:30,0.010582
2025-01-11 21:45,0.008537
2025-01-11 22:00,0.00342
2025-01-11 22:15,0.001081
2025-01-11 22:30,0.001111
2025-01-11 22:45,0.000812
2025-01-11 23:00,0.000905
2025-01-11 23:15,0.012916
2025-01-11 23:30,0.001465
2025-01-11 23:45,0.006627
2025-01-12 00:00,0.004717
2025-01-12 00:15,0.019106
2025-01-12 00:30,0.002005
2025-01-12 00:45,0.00993
2025-01-12 01:00,0.009415
2025-01-12 01:15,0.009112
2025-01-12 01:30,0.035663
2025-01-12 01:45,0.01355
2025-01-12 02:00,0.023543
2025-01-12 02:15,0.02701
2025-01-12 02:30,0.007933
2025-01-12 02:45,0.003619
2025-01-12 03:00,0.018025
2025-01-12 03:15,0.010266
2025-01-12 03:30,0.010924
2025-01-12 03:45,0.030696
2025-01-12 04:00,0.026955
2025-01-12 04:15,0.034834
2025-01-12 04:30,0.015895
2025-01-12 04:45,0.028572
2025-01-12 05:00,0.034841
2025-01-12 05:15,0.028368
2025-01-12 05:30,0.128661
2025-01-12 05:45,0.022978
2025-01-12 06:00,0.016206
2025-01-12 06:15,0.024864
2025-01-12 06:30,0.020056
2025-01-12 06:45,0.024163
2025-01-12 07:00,0.037409
2025-01-12 07:15,0.043989
2025-01-12 07:30,0.036843
2025-01-12 07:45,0.017886
2025-01-12 08:00,0.020965
2025-01-12 08:15,0.028241
2025-01-12 08:30,0.060838
2025-01-12 08:45,0.021282
2025-01-12 09:00,0.017875
2025-01-12 09:15,0.039554
2025-01-12 09:30,0.059998
2025-01-12 09:45,0.066235
2025-01-12 10:00,0.040083
2025-01-12 10:15,0.029927
2025-01-12 10:30,0.02907
2025-01-12 10:45,0.032511
2025-01-12 11:00,0.040952
2025-01-12 11:15,0.034043
2025-01-12 11:30,0.052206
2025-01-12 11:45,0.044334
2025-01-12 12:00,0.091372
2025-01-12 12:15,0.055116
2025-01-12 12:30,0.02738
2025-01-12 12:45,0.080597
2025-01-12 13:00,0.026591
2025-01-12 13:15,0.025428
2025-01-12 13:30,0.013642
2025-01-12 13:45,0.026351
2025-01-12 14:00,0.017247
2025-01-12 14:15,0.019041
2025-01-12 14:30,0.007768
2025-01-12 14:45,0.006221
2025-01-12 15:00,0.007283
2025-01-12 15:15,0.025576
2025-01-12 15:30,0.010052
2025-01-12 15:45,0.008107
2025-01-12 16:00,0.001367
2025-01-12 16:15,0.003661
2025-01-12 16:30,0.015698
2025-01-12 16:45,0.007984
2025-01-12 17:00,0.003438
2025-01-12 17:15,0.002531
2025-01-12 17:30,0.000961
2025-01-12 17:45,0.003896
2025-01-12 18:00,0.015571
2025-01-12 18:15,0.001897
2025-01-12 18:30,0.000415
2025-01-12 18:45,0.001533
2025-01-12 19:00,0.013403
2025-01-12 19:15,0.022291
2025-01-12 19:30,0.009478
2025-01-12 19:45,0.00094
2025-01-12 20:00,0.002038
2025-01-12 20:15,0.001818
2025-01-12 20:30,0.001283
2025-01-12 20:45,0.002841
2025-01-12 21:00,0.009714
2025-01-12 21:15,0.026219
2025-01-12 21:30,0.014729
2025-01-12 21:45,0.014368
2025-01-12 22:00,0.01209
2025-01-12 22:15,0.001999
2025-01-12 22:30,0.007007
2025-01-12 22:45,0.00288
2025-01-12 23:00,0.010771
2025-01-12 23:15,0.011047
2025-01-12 23:30,0.023925
2025-01-12 23:45,0.044422
2025-01-13 00:00,0.064888
2025-01-13 00:15,0.135786
2025-01-13 00:30,0.098897
2025-01-13 00:45,0.140926
2025-01-13 01:00,0.152107
2025-01-13 01:15,0.08739
2025-01-13 01:30,0.084852
2025-01-13 01:45,0.157301
2025-01-13 02:00,0.128751
2025-01-13 02:15,0.119098
2025-01-13 02:30,0.181148
2025-01-13 02:45,0.305535
2025-01-13 03:00,0.180062
2025-01-13 03:15,0.107473
2025-01-13 03:30,0.230336
2025-01-13 03:45,0.181694
2025-01-13 04:00,0.167029
2025-01-13 04:15,0.175248
2025-01-13 04:30,0.275071
2025-01-13 04:45,0.232092
2025-01-13 05:00,0.390028
2025-01-13 05:15,0.265816
2025-01-13 05:30,0.371359
2025-01-13 05:45,0.393898
2025-01-13 06:00,0.50582
2025-01-13 06:15,0.488323
2025-01-13 06:30,0.265073
2025-01-13 06:45,0.134126
2025-01-13 07:00,0.191573
2025-01-13 07:15,0.168486
2025-01-13 07:30,0.118284
2025-01-13 07:45,0.116426
2025-01-13 08:00,0.950153
2025-01-13 08:15,1.0
2025-01-13 08:30,0.447404
2025-01-13 08:45,0.080272
2025-01-13 09:00,0.075263
2025-01-13 09:15,0.087214
2025-01-13 09:30,0.082144
2025-01-13 09:45,0.125195
2025-01-13 10:00,0.107953
2025-01-13 10:15,0.043555
2025-01-13 10:30,0.196765
2025-01-13 10:45,0.038434
2025-01-13 11:00,0.0255
2025-01-13 11:15,0.034685
2025-01-13 11:30,0.029741
2025-01-13 11:45,0.033561
2025-01-13 12:00,0.039937
2025-01-13 12:15,0.022344
2025-01-13 12:30,0.045539
2025-01-13 12:45,0.037641
2025-01-13 13:00,0.052186
2025-01-13 13:15,0.064669
2025-01-13 13:30,0.092192
2025-01-13 13:45,0.058676
2025-01-13 14:00,0.014066
2025-01-13 14:15,0.045289
2025-01-13 14:30,0.037743
2025-01-13 14:45,0.004644
2025-01-13 15:00,0.004821
2025-01-13 15:15,0.044782
2025-01-13 15:30,0.00729
2025-01-13 15:45,0.094824
2025-01-13 16:00,0.043122
2025-01-13 16:15,0.014079
2025-01-13 16:30,0.061629
2025-01-13 16:45,0.014405
2025-01-13 17:00,0.001013
2025-01-13 17:15,0.001834
2025-01-13 17:30,0.007375
2025-01-13 17:45,0.009018
2025-01-13 18:00,0.016383
2025-01-13 18:15,0.006495
2025-01-13 18:30,0.003258
2025-01-13 18:45,0.008709
2025-01-13 19:00,0.004371
2025-01-13 19:15,0.007905
2025-01-13 19:30,0.03376
2025-01-13 19:45,0.050935
2025-01-13 20:00,0.029245
2025-01-13 20:15,0.010135
2025-01-13 20:30,0.022386
2025-01-13 20:45,0.018854
2025-01-13 21:00,0.010801
2025-01-13 21:15,0.019146
2025-01-13 21:30,0.016513
2025-01-13 21:45,0.006276
2025-01-13 22:00,0.009293
2025-01-13 22:15,0.007048
2025-01-13 22:30,0.011316
2025-01-13 22:45,0.012967
2025-01-13 23:00,0.016959
2025-01-13 23:15,0.035076
2025-01-13 23:30,0.033391
2025-01-13 23:45,0.043094
2025-01-14 00:00,0.166948
2025-01-14 00:15,0.247065
2025-01-14 00:30,0.10301
2025-01-14 00:45,0.22409
2025-01-14 01:00,0.199364
2025-01-14 01:15,0.106021
2025-01-14 01:30,0.170587
2025-01-14 01:45,0.156382
2025-01-14 02:00,0.153153
2025-01-14 02:15,0.153894
2025-01-14 02:30,0.094899
2025-01-14 02:45,0.122404
2025-01-14 03:00,0.143973
2025-01-14 03:15,0.067837
2025-01-14 03:30,0.067141
2025-01-14 03:45,0.161403
2025-01-14 04:00,0.118583
2025-01-14 04:15,0.295233
2025-01-14 04:30,0.151364
2025-01-14 04:45,0.117152
2025-01-14 05:00,0.100972
2025-01-14 05:15,0.167448
2025-01-14 05:30,0.122183
2025-01-14 05:45,0.217276
2025-01-14 06:00,0.13321
2025-01-14 06:15,0.125137
2025-01-14 06:30,0.120629
2025-01-14 06:45,0.154323
2025-01-14 07:00,0.143516
2025-01-14 07:15,0.245835
2025-01-14 07:30,0.365636
2025-01-14 07:45,0.196587
2025-01-14 08:00,0.092703
2025-01-14 08:15,0.11313
2025-01-14 08:30,0.130809
2025-01-14 08:45,0.151517
2025-01-14 09:00,0.058154
2025-01-14 09:15,0.031984
2025-01-14 09:30,0.065135
2025-01-14 09:45,0.03111
2025-01-14 10:00,0.052416
2025-01-14 10:15,0.055716
2025-01-14 10:30,0.055301
2025-01-14 10:45,0.015422
2025-01-14 11:00,0.064577
2025-01-14 11:15,0.04597
2025-01-14 11:30,0.02407
2025-01-14 11:45,0.044697
2025-01-14 12:00,0.201602
2025-01-14 12:15,0.103273
2025-01-14 12:30,0.026012
2025-01-14 12:45,0.017764
2025-01-14 13:00,0.008752
2025-01-14 13:15,0.036254
2025-01-14 13:30,0.049917
2025-01-14 13:45,0.035169
2025-01-14 14:00,0.041191
2025-01-14 14:15,0.020794
2025-01-14 14:30,0.01021
2025-01-14 14:45,0.011425
2025-01-14 15:00,0.010236
2025-01-14 15:15,0.04335
2025-01-14 15:30,0.015833
2025-01-14 15:45,0.004024
2025-01-14 16:00,0.0168
2025-01-14 16:15,0.009628
2025-01-14 16:30,0.004471
2025-01-14 16:45,0.007498
2025-01-14 17:00,0.040818
2025-01-14 17:15,0.010992
2025-01-14 17:30,0.003763
2025-01-14 17:45,0.015796
2025-01-14 18:00,0.001027
2025-01-14 18:15,0.030115
2025-01-14 18:30,0.003693
2025-01-14 18:45,0.002165
2025-01-14 19:00,0.001448
2025-01-14 19:15,0.002983
2025-01-14 19:30,0.00318
2025-01-14 19:45,0.003606
2025-01-14 20:00,0.007286
2025-01-14 20:15,0.013611
2025-01-14 20:30,0.004747
2025-01-14 20:45,0.004697
2025-01-14 21:00,0.004694
2025-01-14 21:15,0.009912
2025-01-14 21:30,0.002802
2025-01-14 21:45,0.005257
2025-01-14 22:00,0.008497
2025-01-14 22:15,0.006277
2025-01-14 22:30,0.001419
2025-01-14 22:45,0.010758
2025-01-14 23:00,0.002612
2025-01-14 23:15,0.011041
2025-01-14 23:30,0.015917
2025-01-14 23:45,0.041054
2025-01-15 00:00,0.16683
2025-01-15 00:00,0.343479
2025-01-15 00:15,0.230789
2025-01-15 00:30,0.169366
2025-01-15 00:45,0.316998
2025-01-15 01:00,0.210369
2025-01-15 01:15,0.263194
2025-01-15 01:30,0.329933
2025-01-15 01:45,0.26154
2025-01-15 02:00,0.23085
2025-01-15 02:15,0.206906
2025-01-15 02:30,0.19281
2025-01-15 02:45,0.155106
2025-01-15 03:00,0.103179
2025-01-15 03:15,0.133128
2025-01-15 03:30,0.084263
2025-01-15 03:45,0.124216
2025-01-15 04:00,0.132715
2025-01-15 04:15,0.199802
2025-01-15 04:30,0.183375
2025-01-15 04:45,0.242987
2025-01-15 05:00,0.190394
2025-01-15 05:15,0.259022
2025-01-15 05:30,0.222117
2025-01-15 05:45,0.331759
2025-01-15 06:00,0.252655
2025-01-15 06:15,0.353249
2025-01-15 06:30,0.332626
2025-01-15 06:45,0.239894
2025-01-15 07:00,0.255733
2025-01-15 07:15,0.241039
2025-01-15 07:30,0.195403
2025-01-15 07:45,0.262306
2025-01-15 08:00,0.136934
2025-01-15 08:15,0.206116
2025-01-15 08:30,0.272793
2025-01-15 08:45,0.248142
2025-01-15 09:00,0.186618
2025-01-15 09:15,0.154127
2025-01-15 09:30,0.216646
2025-01-15 09:45,0.27555
2025-01-15 10:00,0.311424
2025-01-15 10:15,0.256166
2025-01-15 10:30,0.183576
2025-01-15 10:45,0.135808
2025-01-15 11:00,0.115979
2025-01-15 11:15,0.083412
2025-01-15 11:30,0.145217
2025-01-15 11:45,0.079202
2025-01-15 12:00,0.102911
2025-01-15 12:15,0.065592
2025-01-15 12:30,0.09952
2025-01-15 12:45,0.036566
2025-01-15 13:00,0.010456
2025-01-15 13:15,0.034019
2025-01-15 13:30,0.038093
2025-01-15 13:45,0.028476
2025-01-15 14:00,0.023616
2025-01-15 14:15,0.032957
2025-01-15 14:30,0.045296
2025-01-15 14:45,0.048971
2025-01-15 15:00,0.05279
2025-01-15 15:15,0.058079
2025-01-15 15:30,0.0199
2025-01-15 15:45,0.009074
2025-01-15 16:00,0.008408
2025-01-15 16:15,0.018673
2025-01-15 16:30,0.03223
2025-01-15 16:45,0.00305
2025-01-15 17:00,0.006997
2025-01-15 17:15,0.034246
2025-01-15 17:30,0.047218
2025-01-15 17:45,0.016888
2025-01-15 18:00,0.044776
2025-01-15 18:15,0.016568
2025-01-15 18:30,0.005914
2025-01-15 18:45,0.012029
2025-01-15 19:00,0.008794
2025-01-15 19:15,0.004448
2025-01-15 19:30,0.001476
2025-01-15 19:45,0.001588
2025-01-15 20:00,0.02302
2025-01-15 20:15,0.005839
2025-01-15 20:30,0.002178
2025-01-15 20:45,0.017788
2025-01-15 21:00,0.009409
2025-01-15 21:15,0.008122
2025-01-15 21:30,0.019681
2025-01-15 21:45,0.014201
2025-01-15 22:00,0.012965
2025-01-15 22:15,0.003642
2025-01-15 22:30,0.009761
2025-01-15 22:45,0.016567
2025-01-15 23:00,0.028567
2025-01-15 23:15,0.053999
2025-01-15 23:30,0.053877
2025-01-15 23:45,0.103232
2025-01-16 00:00,0.14449
2025-01-16 00:15,0.232271
2025-01-16 00:30,0.147891
2025-01-16 00:45,0.185278
2025-01-16 01:00,0.176332
2025-01-16 01:15,0.164504
2025-01-16 01:30,0.187595
2025-01-16 01:45,0.190507
2025-01-16 02:00,0.28058
2025-01-16 02:15,0.367115
2025-01-16 02:30,0.197919
2025-01-16 02:45,0.190341
2025-01-16 03:00,0.125288
2025-01-16 03:15,0.122096
2025-01-16 03:30,0.138178
2025-01-16 03:45,0.191817
2025-01-16 04:00,0.196307
2025-01-16 04:15,0.178743
2025-01-16 04:30,0.16958
2025-01-16 04:45,0.255294
2025-01-16 05:00,0.206046
2025-01-16 05:15,0.229532
2025-01-16 05:30,0.206331
2025-01-16 05:45,0.206293
2025-01-16 06:00,0.276471
2025-01-16 06:15,0.243538
2025-01-16 06:30,0.191984
2025-01-16 06:45,0.222085
2025-01-16 07:00,0.257639
2025-01-16 07:15,0.389216
2025-01-16 07:30,0.260406
2025-01-16 07:45,0.279878
2025-01-16 08:00,0.226624
2025-01-16 08:15,0.225999
2025-01-16 08:30,0.200152
2025-01-16 08:45,0.192425
2025-01-16 09:00,0.152114
2025-01-16 09:15,0.127921
2025-01-16 09:30,0.131559
2025-01-16 09:45,0.112819
2025-01-16 10:00,0.048873
2025-01-16 10:15,0.082093
2025-01-16 10:30,0.102918
2025-01-16 10:45,0.141356
2025-01-16 11:00,0.069161
2025-01-16 11:15,0.035252
2025-01-16 11:30,0.141069
2025-01-16 11:45,0.072836
2025-01-16 12:00,0.027151
2025-01-16 12:15,0.028344
2025-01-16 12:30,0.041641
2025-01-16 12:45,0.075192
2025-01-16 13:00,0.049038
2025-01-16 13:15,0.058743
2025-01-16 13:30,0.04047
2025-01-16 13:45,0.021864
2025-01-16 14:00,0.020518
2025-01-16 14:15,0.045614
2025-01-16 14:30,0.014476
2025-01-16 14:45,0.021984
2025-01-16 15:00,0.04359
2025-01-16 15:15,0.18957
2025-01-16 15:30,0.013712
2025-01-16 15:45,0.036574
2025-01-16 16:00,0.024273
2025-01-16 16:15,0.009015
2025-01-16 16:30,0.042254
2025-01-16 16:45,0.008259
2025-01-16 17:00,0.011263
2025-01-16 17:15,0.008026
2025-01-16 17:30,0.025156
2025-01-16 17:45,0.018355
2025-01-16 18:00,0.029202
2025-01-16 18:15,0.011525
2025-01-16 18:30,0.013151
2025-01-16 18:45,0.010278
2025-01-16 19:00,0.004968
2025-01-16 19:15,0.008985
2025-01-16 19:30,0.018904
2025-01-16 19:45,0.004554
2025-01-16 20:00,0.004943
2025-01-16 20:15,0.015777
2025-01-16 20:30,0.017537
2025-01-16 20:45,0.006174
2025-01-16 21:00,0.011928
2025-01-16 21:15,0.029821
2025-01-16 21:30,0.010095
2025-01-16 21:45,0.00887
2025-01-16 22:00,0.00528
2025-01-16 22:15,0.009709
2025-01-16 22:30,0.02095
2025-01-16 22:45,0.003203
2025-01-16 23:00,0.008523
2025-01-16 23:15,0.004069
2025-01-16 23:30,0.028708
2025-01-16 23:45,0.061681
2025-01-17 00:00,0.114268
2025-01-17 00:15,0.100246
2025-01-17 00:30,0.140918
2025-01-17 00:45,0.176894
2025-01-17 01:00,0.187822
2025-01-17 01:15,0.285619
2025-01-17 01:30,0.212832
2025-01-17 01:45,0.202587
2025-01-17 02:00,0.286595
2025-01-17 02:15,0.240706
2025-01-17 02:30,0.307198
2025-01-17 02:45,0.123545
2025-01-17 03:00,0.063211
2025-01-17 03:15,0.067266
2025-01-17 03:30,0.122888
2025-01-17 03:45,0.133199
2025-01-17 04:00,0.247669
2025-01-17 04:15,0.217941
2025-01-17 04:30,0.336309
2025-01-17 04:45,0.435716
2025-01-17 05:00,0.217857
2025-01-17 05:15,0.451281
2025-01-17 05:30,0.216583
2025-01-17 05:45,0.322429
2025-01-17 06:00,0.493969
2025-01-17 06:15,0.3107
2025-01-17 06:30,0.283872
2025-01-17 06:45,0.298121
2025-01-17 07:00,0.24936
2025-01-17 07:15,0.35012
2025-01-17 07:30,0.328199
2025-01-17 07:45,0.380435
2025-01-17 08:00,0.215372
2025-01-17 08:15,0.239458
2025-01-17 08:30,0.302063
2025-01-17 08:45,0.276151
2025-01-17 09:00,0.101233
2025-01-17 09:15,0.106755
2025-01-17 09:30,0.138436
2025-01-17 09:45,0.36122
2025-01-17 10:00,0.037367
2025-01-17 10:15,0.093472
2025-01-17 10:30,0.061886
2025-01-17 10:45,0.050881
2025-01-17 11:00,0.060707
2025-01-17 11:15,0.068653
2025-01-17 11:30,0.088464
2025-01-17 11:45,0.057578
2025-01-17 12:00,0.097907
2025-01-17 12:15,0.059557
2025-01-17 12:30,0.043861
2025-01-17 12:45,0.081058
2025-01-17 13:00,0.059655
2025-01-17 13:15,0.059721
2025-01-17 13:30,0.022722
2025-01-17 13:45,0.161129
2025-01-17 14:00,0.101938
2025-01-17 14:15,0.173405
2025-01-17 14:30,0.203358
2025-01-17 14:45,0.093657
2025-01-17 15:00,0.122492
2025-01-17 15:15,0.084269
2025-01-17 15:30,0.072202
2025-01-17 15:45,0.143824
2025-01-17 16:00,0.077082
2025-01-17 16:15,0.018618
2025-01-17 16:30,0.032873
2025-01-17 16:45,0.060699
2025-01-17 17:00,0.065496
2025-01-17 17:15,0.019886
2025-01-17 17:30,0.006512
2025-01-17 17:45,0.009164
2025-01-17 18:00,0.059034
2025-01-17 18:15,0.00568
2025-01-17 18:30,0.002221
2025-01-17 18:45,0.007392
2025-01-17 19:00,0.011404
2025-01-17 19:15,0.002976
2025-01-17 19:30,0.012036
2025-01-17 19:45,0.00397
2025-01-17 20:00,0.007792
2025-01-17 20:15,0.005017
2025-01-17 20:30,0.010826
2025-01-17 20:45,0.029478
2025-01-17 21:00,0.014604
2025-01-17 21:15,0.036561
2025-01-17 21:30,0.040891
2025-01-17 21:45,0.004807
2025-01-17 22:00,0.003451
2025-01-17 22:15,0.005324
2025-01-17 22:30,0.020046
2025-01-17 22:45,0.006139
2025-01-17 23:00,0.003282
2025-01-17 23:15,0.002743
2025-01-17 23:30,0.002311
2025-01-17 23:45,0.012566
2025-01-18 00:00,0.010778
2025-01-18 00:15,0.008624
2025-01-18 00:30,0.050252
2025-01-18 00:45,0.02011
2025-01-18 01:00,0.022385
2025-01-18 01:15,0.01286
2025-01-18 01:30,0.027977
2025-01-18 01:45,0.02113
2025-01-18 02:00,0.018368
2025-01-18 02:15,0.007255
2025-01-18 02:30,0.028362
2025-01-18 02:45,0.031259
2025-01-18 03:00,0.036534
2025-01-18 03:15,0.03015
2025-01-18 03:30,0.056145
2025-01-18 03:45,0.036718
2025-01-18 04:00,0.101284
2025-01-18 04:15,0.109575
2025-01-18 04:30,0.053355
2025-01-18 04:45,0.036857
2025-01-18 05:00,0.038599
2025-01-18 05:15,0.038676
2025-01-18 05:30,0.059846
2025-01-18 05:45,0.03127
2025-01-18 06:00,0.084865
2025-01-18 06:15,0.102251
2025-01-18 06:30,0.059261
2025-01-18 06:45,0.088318
2025-01-18 07:00,0.068182
2025-01-18 07:15,0.054002
2025-01-18 07:30,0.118973
2025-01-18 07:45,0.038934
2025-01-18 08:00,0.101697
2025-01-18 08:15,0.068224
2025-01-18 08:30,0.096153
2025-01-18 08:45,0.090816
2025-01-18 09:00,0.066282
2025-01-18 09:15,0.128312
2025-01-18 09:30,0.086397
2025-01-18 09:45,0.074735
2025-01-18 10:00,0.109888
2025-01-18 10:15,0.085959
2025-01-18 10:30,0.07079
2025-01-18 10:45,0.043353
2025-01-18 11:00,0.010477
2025-01-18 11:15,0.016068
2025-01-18 11:30,0.035123
2025-01-18 11:45,0.02298
2025-01-18 12:00,0.02019
2025-01-18 12:15,0.030429
2025-01-18 12:30,0.016519
2025-01-18 12:45,0.065543
2025-01-18 13:00,0.035665
2025-01-18 13:15,0.007614
2025-01-18 13:30,0.027855
2025-01-18 13:45,0.025492
2025-01-18 14:00,0.013121
2025-01-18 14:15,0.008202
2025-01-18 14:30,0.006416
2025-01-18 14:45,0.008213
2025-01-18 15:00,0.016458
2025-01-18 15:15,0.024346
2025-01-18 15:30,0.044449
2025-01-18 15:45,0.011689
2025-01-18 16:00,0.007281
2025-01-18 16:15,0.01278
2025-01-18 16:30,0.015673
2025-01-18 16:45,0.023509
2025-01-18 17:00,0.01949
2025-01-18 17:15,0.011648
2025-01-18 17:30,0.006521
2025-01-18 17:45,0.000587
2025-01-18 18:00,0.025344
2025-01-18 18:15,0.002915
2025-01-18 18:30,0.002791
2025-01-18 18:45,0.005751
2025-01-18 19:00,0.001324
2025-01-18 19:15,0.00039
2025-01-18 19:30,0.017773
2025-01-18 19:45,0.01566
2025-01-18 20:00,0.023313
2025-01-18 20:15,0.006139
2025-01-18 20:30,0.009264
2025-01-18 20:45,0.013269
2025-01-18 21:00,0.002844
2025-01-18 21:15,0.017716
2025-01-18 21:30,0.006447
2025-01-18 21:45,0.003672
2025-01-18 22:00,0.010346
2025-01-18 22:15,0.000626
2025-01-18 22:30,0.007727
2025-01-18 22:45,0.002404
2025-01-18 23:00,0.028945
2025-01-18 23:15,0.001174
2025-01-18 23:30,0.007998
2025-01-18 23:45,0.020975
2025-01-19 00:00,0.005984
2025-01-19 00:15,0.018114
2025-01-19 00:30,0.011995
2025-01-19 00:45,0.011282
2025-01-19 01:00,0.011328
2025-01-19 01:15,0.014188
2025-01-19 01:30,0.02919
2025-01-19 01:45,0.022262
2025-01-19 02:00,0.002547
2025-01-19 02:15,0.013224
2025-01-19 02:30,0.019222
2025-01-19 02:45,0.010279
2025-01-19 03:00,0.016446
2025-01-19 03:15,0.035003
2025-01-19 03:30,0.023954
2025-01-19 03:45,0.051979
2025-01-19 04:00,0.054531
2025-01-19 04:15,0.059748
2025-01-19 04:30,0.104285
2025-01-19 04:45,0.016377
2025-01-19 05:00,0.020633
2025-01-19 05:15,0.032333
2025-01-19 05:30,0.042842
2025-01-19 05:45,0.063484
2025-01-19 06:00,0.056616
2025-01-19 06:15,0.084437
2025-01-19 06:30,0.045165
2025-01-19 06:45,0.072947
2025-01-19 07:00,0.204067
2025-01-19 07:15,0.063369
2025-01-19 07:30,0.115156
2025-01-19 07:45,0.039004
2025-01-19 08:00,0.031171
2025-01-19 08:15,0.038839
2025-01-19 08:30,0.044075
2025-01-19 08:45,0.08558
2025-01-19 09:00,0.039551
2025-01-19 09:15,0.047494
2025-01-19 09:30,0.034665
2025-01-19 09:45,0.03837
2025-01-19 10:00,0.224817
2025-01-19 10:15,0.315985
2025-01-19 10:30,0.128784
2025-01-19 10:45,0.054909
2025-01-19 11:00,0.058066
2025-01-19 11:15,0.064042
2025-01-19 11:30,0.075888
2025-01-19 11:45,0.06938
2025-01-19 12:00,0.159968
2025-01-19 12:15,0.02142
2025-01-19 12:30,0.048332
2025-01-19 12:45,0.04091
2025-01-19 13:00,0.041696
2025-01-19 13:15,0.204004
2025-01-19 13:30,0.033415
2025-01-19 13:45,0.027116
2025-01-19 14:00,0.04287
2025-01-19 14:15,0.052056
2025-01-19 14:30,0.042407
2025-01-19 14:45,0.029617
2025-01-19 15:00,0.030078
2025-01-19 15:15,0.055893
2025-01-19 15:30,0.060369
2025-01-19 15:45,0.016072
2025-01-19 16:00,0.030196
2025-01-19 16:15,0.614085
2025-01-19 16:30,0.986917
2025-01-19 16:45,0.021171
2025-01-19 17:00,0.023535
2025-01-19 17:15,0.023337
2025-01-19 17:30,0.018835
2025-01-19 17:45,0.008195
2025-01-19 18:00,0.782239
2025-01-19 18:15,0.211526
2025-01-19 18:30,0.013703
2025-01-19 18:45,0.015531
2025-01-19 19:00,0.008054
2025-01-19 19:15,0.054111
2025-01-19 19:30,0.041276
2025-01-19 19:45,0.02557
2025-01-19 20:00,0.022053
2025-01-19 20:15,0.000547
2025-01-19 20:30,0.003676
2025-01-19 20:45,0.006965
2025-01-19 21:00,0.003511
2025-01-19 21:15,0.003277
2025-01-19 21:30,0.069286
2025-01-19 21:45,0.002903
2025-01-19 22:00,0.004102
2025-01-19 22:15,0.013276
2025-01-19 22:30,0.018646
2025-01-19 22:45,0.055321
2025-01-19 23:00,0.026234
2025-01-19 23:15,0.022433
2025-01-19 23:30,0.017949
2025-01-19 23:45,0.053133
2025-01-20 00:00,0.201177
2025-01-20 00:15,0.117644
2025-01-20 00:30,0.135717
2025-01-20 00:45,0.116335
2025-01-20 01:00,0.193702
2025-01-20 01:15,0.190212
2025-01-20 01:30,0.197278
2025-01-20 01:45,0.202641
2025-01-20 02:00,0.177587
2025-01-20 02:15,0.281211
2025-01-20 02:30,0.239097
2025-01-20 02:45,0.079734
2025-01-20 03:00,0.070538
2025-01-20 03:15,0.11123
2025-01-20 03:30,0.592563
2025-01-20 03:45,0.130988
2025-01-20 04:00,0.121865
2025-01-20 04:15,0.529269
2025-01-20 04:30,0.23578
2025-01-20 04:45,0.405562
2025-01-20 05:00,0.350371
2025-01-20 05:15,0.402175
2025-01-20 05:30,0.285224
2025-01-20 05:45,0.403222
2025-01-20 06:00,0.278644
2025-01-20 06:15,0.656382
2025-01-20 06:30,0.256848
2025-01-20 06:45,0.435053
2025-01-20 07:00,0.232513
2025-01-20 07:15,0.260182
2025-01-20 07:30,0.708948
2025-01-20 07:45,0.746472
2025-01-20 08:00,0.203462
2025-01-20 08:15,0.281415
2025-01-20 08:30,0.31604
2025-01-20 08:45,0.417971
2025-01-20 09:00,0.311156
2025-01-20 09:15,0.223738
2025-01-20 09:30,0.227814
2025-01-20 09:45,0.196639
2025-01-20 10:00,0.06057
2025-01-20 10:15,0.076723
2025-01-20 10:30,0.116305
2025-01-20 10:45,0.1136
2025-01-20 11:00,0.09367
2025-01-20 11:15,0.109512
2025-01-20 11:30,0.164586
2025-01-20 11:45,0.104638
2025-01-20 12:00,0.092283
2025-01-20 12:15,6e-05
2025-01-20 12:30,0.081775
2025-01-20 12:45,0.089093
2025-01-20 13:00,0.122508
2025-01-20 13:15,0.060104
2025-01-20 13:30,0.020702
2025-01-20 13:45,0.04473
2025-01-20 14:00,0.019983
2025-01-20 14:15,0.022638
2025-01-20 14:30,0.024831
2025-01-20 14:45,0.109801
2025-01-20 15:00,0.28769
2025-01-20 15:15,0.079622
2025-01-20 15:30,0.146313
2025-01-20 15:45,0.084824
2025-01-20 16:00,0.021658
2025-01-20 16:15,0.024124
2025-01-20 16:30,0.013685
2025-01-20 16:45,0.015583
2025-01-20 17:00,0.006801
2025-01-20 17:15,0.007179
2025-01-20 17:30,0.001946
2025-01-20 17:45,0.003
2025-01-20 18:00,0.019638
2025-01-20 18:15,0.002479
2025-01-20 18:30,0.00964
2025-01-20 18:45,0.008923
2025-01-20 19:00,0.002067
2025-01-20 19:15,0.001556
2025-01-20 19:30,0.022078
2025-01-20 19:45,0.000724
2025-01-20 20:00,0.004079
2025-01-20 20:15,0.003485
2025-01-20 20:30,0.024023
2025-01-20 20:45,0.007437
2025-01-20 21:00,0.035806
2025-01-20 21:15,0.011102
2025-01-20 21:30,0.039209
2025-01-20 21:45,0.023558
2025-01-20 22:00,0.012197
2025-01-20 22:15,0.003668
2025-01-20 22:30,0.013653
2025-01-20 22:45,0.041679
2025-01-20 23:00,0.006062
2025-01-20 23:15,0.031521
2025-01-20 23:30,0.091141
2025-01-20 23:45,0.051197
2025-01-21 00:00,0.083106
2025-01-21 00:15,0.118234
2025-01-21 00:30,0.117167
2025-01-21 00:45,0.141592
2025-01-21 01:00,0.220287
2025-01-21 01:15,0.322323
2025-01-21 01:30,0.205078
2025-01-21 01:45,0.172547
2025-01-21 02:00,0.205429
2025-01-21 02:15,0.12457
2025-01-21 02:30,0.156782
2025-01-21 02:45,0.141511
2025-01-21 03:00,0.214139
2025-01-21 03:15,0.080888
2025-01-21 03:30,0.156043
2025-01-21 03:45,0.178322
2025-01-21 04:00,0.160649
2025-01-21 04:15,0.275816
2025-01-21 04:30,0.242293
2025-01-21 04:45,0.264144
2025-01-21 05:00,0.202918
2025-01-21 05:15,0.241367
2025-01-21 05:30,0.435437
2025-01-21 05:45,1.0
2025-01-21 06:00,0.251828
2025-01-21 06:15,0.468983
2025-01-21 06:30,0.365669
2025-01-21 06:45,0.26778
2025-01-21 07:00,0.201696
2025-01-21 07:15,0.207465
2025-01-21 07:30,0.252749
2025-01-21 07:45,0.309414
2025-01-21 08:00,0.305564
2025-01-21 08:15,0.404053
2025-01-21 08:30,0.420899
2025-01-21 08:45,0.221768
2025-01-21 09:00,0.122292
2025-01-21 09:15,0.128412
2025-01-21 09:30,0.178649
2025-01-21 09:45,0.08035
2025-01-21 10:00,0.142476
2025-01-21 10:15,0.179477
2025-01-21 10:30,0.16687
2025-01-21 10:45,0.198363
2025-01-21 11:00,0.131272
2025-01-21 11:15,0.08004
2025-01-21 11:30,0.089389
2025-01-21 11:45,0.081243
2025-01-21 12:00,0.049069
2025-01-21 12:15,0.04386
2025-01-21 12:30,0.092695
2025-01-21 12:45,0.054656
2025-01-21 13:00,0.055692
2025-01-21 13:15,0.042349
2025-01-21 13:30,0.042733
2025-01-21 13:45,0.089581
2025-01-21 14:00,0.058578
2025-01-21 14:15,0.053104
2025-01-21 14:30,0.098638
2025-01-21 14:45,0.043914
2025-01-21 15:00,0.009193
2025-01-21 15:15,0.066584
2025-01-21 15:30,0.063798
2025-01-21 15:45,0.071585
2025-01-21 16:00,0.089782
2025-01-21 16:15,0.123264
2025-01-21 16:30,0.033039
2025-01-21 16:45,0.005025
2025-01-21 17:00,0.012851
2025-01-21 17:15,0.040307
2025-01-21 17:30,0.0198
2025-01-21 17:45,0.011889
2025-01-21 18:00,0.029225
2025-01-21 18:15,0.003627
2025-01-21 18:30,0.010107
2025-01-21 18:45,0.005045
2025-01-21 19:00,0.006006
2025-01-21 19:15,0.00433
2025-01-21 19:30,0.004919
2025-01-21 19:45,0.028403
2025-01-21 20:00,0.001489
2025-01-21 20:15,0.00979
2025-01-21 20:30,0.007915
2025-01-21 20:45,0.006816
2025-01-21 21:00,0.003044
2025-01-21 21:15,0.004928
2025-01-21 21:30,0.03944
2025-01-21 21:45,0.044651
2025-01-21 22:00,0.072474
2025-01-21 22:15,0.00131
2025-01-21 22:30,0.020344
2025-01-21 22:45,0.027237
2025-01-21 23:00,0.057256
2025-01-21 23:15,0.109068
2025-01-21 23:30,0.057953
2025-01-21 23:45,0.098074
2025-01-22 00:00,0.087838
2025-01-22 00:00,0.033886
2025-01-22 00:15,0.054991
2025-01-22 00:30,0.03936
2025-01-22 00:45,0.051486
2025-01-22 01:00,0.071962
2025-01-22 01:15,0.184144
2025-01-22 01:30,0.073724
2025-01-22 01:45,0.101446
2025-01-22 02:00,0.118276
2025-01-22 02:15,0.160244
2025-01-22 02:30,0.063602
2025-01-22 02:45,0.070827
2025-01-22 03:00,0.070125
2025-01-22 03:15,0.03389
2025-01-22 03:30,0.032848
2025-01-22 03:45,0.063792
2025-01-22 04:00,0.069093
2025-01-22 04:15,0.070895
2025-01-22 04:30,0.087568
2025-01-22 04:45,0.227184
2025-01-22 05:00,0.110376
2025-01-22 05:15,0.055649
2025-01-22 05:30,0.03398
2025-01-22 05:45,0.338685
2025-01-22 06:00,0.223099
2025-01-22 06:15,0.114016
2025-01-22 06:30,0.14876
2025-01-22 06:45,0.088261
2025-01-22 07:00,0.235772
2025-01-22 07:15,0.132458
2025-01-22 07:30,0.086295
2025-01-22 07:45,0.138951
2025-01-22 08:00,0.259041
2025-01-22 08:15,0.456666
2025-01-22 08:30,0.324788
2025-01-22 08:45,0.295549
2025-01-22 09:00,0.040681
2025-01-22 09:15,0.037583
2025-01-22 09:30,0.024894
2025-01-22 09:45,0.201798
2025-01-22 10:00,0.091551
2025-01-22 10:15,0.383072
2025-01-22 10:30,0.33398
2025-01-22 10:45,0.195682
2025-01-22 11:00,0.291138
2025-01-22 11:15,0.445298
2025-01-22 11:30,0.209265
2025-01-22 11:45,0.296087
2025-01-22 12:00,0.275108
2025-01-22 12:15,0.258045
2025-01-22 12:30,0.117199
2025-01-22 12:45,0.145636
2025-01-22 13:00,0.070686
2025-01-22 13:15,0.161756
2025-01-22 13:30,0.01227
2025-01-22 13:45,0.016784
2025-01-22 14:00,0.016219
2025-01-22 14:15,0.032778
2025-01-22 14:30,0.056532
2025-01-22 14:45,0.026918
2025-01-22 15:00,0.012776
2025-01-22 15:15,0.029187
2025-01-22 15:30,0.020211
2025-01-22 15:45,0.02002
2025-01-22 16:00,0.008762
2025-01-22 16:15,0.019439
2025-01-22 16:30,0.023615
2025-01-22 16:45,0.002537
2025-01-22 17:00,0.001121
2025-01-22 17:15,0.009041
2025-01-22 17:30,0.006953
2025-01-22 17:45,0.008528
2025-01-22 18:00,0.031986
2025-01-22 18:15,0.004156
2025-01-22 18:30,0.004671
2025-01-22 18:45,0.00262
2025-01-22 19:00,0.009791
2025-01-22 19:15,0.010768
2025-01-22 19:30,0.00812
2025-01-22 19:45,0.000472
2025-01-22 20:00,0.005286
2025-01-22 20:15,0.004286
2025-01-22 20:30,0.001856
2025-01-22 20:45,0.000835
2025-01-22 21:00,0.001951
2025-01-22 21:15,0.002518
2025-01-22 21:30,0.002378
2025-01-22 21:45,0.006851
2025-01-22 22:00,0.006006
2025-01-22 22:15,0.005091
2025-01-22 22:30,0.00257
2025-01-22 22:45,0.002311
2025-01-22 23:00,0.009158
2025-01-22 23:15,0.016572
2025-01-22 23:30,0.021844
2025-01-22 23:45,0.039009
2025-01-23 00:00,0.034582
2025-01-23 00:15,0.141521
2025-01-23 00:30,0.341499
2025-01-23 00:45,0.089533
2025-01-23 01:00,0.077205
2025-01-23 01:15,0.097878
2025-01-23 01:30,0.10732
2025-01-23 01:45,0.090297
2025-01-23 02:00,0.079158
2025-01-23 02:15,0.069511
2025-01-23 02:30,0.050713
2025-01-23 02:45,0.058966
2025-01-23 03:00,0.031446
2025-01-23 03:15,0.043489
2025-01-23 03:30,0.052465
2025-01-23 03:45,0.051407
2025-01-23 04:00,0.056051
2025-01-23 04:15,0.087195
2025-01-23 04:30,0.076585
2025-01-23 04:45,0.075611
2025-01-23 05:00,0.099956
2025-01-23 05:15,0.170023
2025-01-23 05:30,0.125441
2025-01-23 05:45,0.126314
2025-01-23 06:00,0.170745
2025-01-23 06:15,0.071049
2025-01-23 06:30,0.070922
2025-01-23 06:45,0.067341
2025-01-23 07:00,0.070928
2025-01-23 07:15,0.073051
2025-01-23 07:30,0.098653
2025-01-23 07:45,0.087166
2025-01-23 08:00,0.093049
2025-01-23 08:15,0.127357
2025-01-23 08:30,0.077081
2025-01-23 08:45,0.076434
2025-01-23 09:00,0.054625
2025-01-23 09:15,0.063179
2025-01-23 09:30,0.043594
2025-01-23 09:45,0.059732
2025-01-23 10:00,0.067736
2025-01-23 10:15,0.030355
2025-01-23 10:30,0.026098
2025-01-23 10:45,0.034894
2025-01-23 11:00,0.030088
2025-01-23 11:15,0.032283
2025-01-23 11:30,0.059239
2025-01-23 11:45,0.063326
2025-01-23 12:00,0.029957
2025-01-23 12:15,0.015859
2025-01-23 12:30,0.014143
2025-01-23 12:45,0.060836
2025-01-23 13:00,0.013547
2025-01-23 13:15,0.016441
2025-01-23 13:30,0.009027
2025-01-23 13:45,0.00542
2025-01-23 14:00,0.011237
2025-01-23 14:15,0.010803
2025-01-23 14:30,0.011958
2025-01-23 14:45,0.013957
2025-01-23 15:00,0.010718
2025-01-23 15:15,0.007051
2025-01-23 15:30,0.019917
2025-01-23 15:45,0.026126
2025-01-23 16:00,0.006736
2025-01-23 16:15,0.007528
2025-01-23 16:30,0.018406
2025-01-23 16:45,0.006087
2025-01-23 17:00,0.004702
2025-01-23 17:15,0.005899
2025-01-23 17:30,0.001015
2025-01-23 17:45,0.012373
2025-01-23 18:00,0.01356
2025-01-23 18:15,0.002347
2025-01-23 18:30,0.001014
2025-01-23 18:45,0.00343
2025-01-23 19:00,0.001588
2025-01-23 19:15,0.00106
2025-01-23 19:30,0.002438
2025-01-23 19:45,0.001141
2025-01-23 20:00,0.004987
2025-01-23 20:15,0.001176
2025-01-23 20:30,0.005047
2025-01-23 20:45,0.000651
2025-01-23 21:00,0.008462
2025-01-23 21:15,0.001324
2025-01-23 21:30,0.00242
2025-01-23 21:45,0.031228
2025-01-23 22:00,0.008285
2025-01-23 22:15,0.005046
2025-01-23 22:30,0.002026
2025-01-23 22:45,0.002238
2025-01-23 23:00,0.006289
2025-01-23 23:15,0.014153
2025-01-23 23:30,0.01773
2025-01-23 23:45,0.018863
2025-01-24 00:00,0.046147
2025-01-24 00:15,0.040848
2025-01-24 00:30,0.027715
2025-01-24 00:45,0.368375
2025-01-24 01:00,0.065432
2025-01-24 01:15,0.078177
2025-01-24 01:30,0.087976
2025-01-24 01:45,0.069039
2025-01-24 02:00,0.09343
2025-01-24 02:15,0.151113
2025-01-24 02:30,0.090888
2025-01-24 02:45,0.03597
2025-01-24 03:00,0.037795
2025-01-24 03:15,0.039581
2025-01-24 03:30,0.03733
2025-01-24 03:45,0.042394
2025-01-24 04:00,0.071296
2025-01-24 04:15,0.128876
2025-01-24 04:30,0.080714
2025-01-24 04:45,0.089848
2025-01-24 05:00,0.076261
2025-01-24 05:15,0.093295
2025-01-24 05:30,0.082582
2025-01-24 05:45,0.094525
2025-01-24 06:00,0.16387
2025-01-24 06:15,0.102211
2025-01-24 06:30,0.061621
2025-01-24 06:45,0.065004
2025-01-24 07:00,0.07124
2025-01-24 07:15,0.101095
2025-01-24 07:30,0.119931
2025-01-24 07:45,0.077481
2025-01-24 08:00,0.246878
2025-01-24 08:15,0.344201
2025-01-24 08:30,0.076896
2025-01-24 08:45,0.071859
2025-01-24 09:00,0.025245
2025-01-24 09:15,0.034063
2025-01-24 09:30,0.05239
2025-01-24 09:45,0.035077
2025-01-24 10:00,0.020247
2025-01-24 10:15,0.022846
2025-01-24 10:30,0.011934
2025-01-24 10:45,0.036573
2025-01-24 11:00,0.027439
2025-01-24 11:15,0.004785
2025-01-24 11:30,0.01116
2025-01-24 11:45,0.008218
2025-01-24 12:00,0.028614
2025-01-24 12:15,0.008738
2025-01-24 12:30,0.013215
2025-01-24 12:45,0.024075
2025-01-24 13:00,0.005646
2025-01-24 13:15,0.010504
2025-01-24 13:30,0.029802
2025-01-24 13:45,0.027563
2025-01-24 14:00,0.011584
2025-01-24 14:15,0.00866
2025-01-24 14:30,0.007739
2025-01-24 14:45,0.001152
2025-01-24 15:00,0.005969
2025-01-24 15:15,0.023669
2025-01-24 15:30,0.017136
2025-01-24 15:45,0.002973
2025-01-24 16:00,0.005457
2025-01-24 16:15,0.007219
2025-01-24 16:30,0.004404
2025-01-24 16:45,4.6e-05
2025-01-24 17:00,0.001736
2025-01-24 17:15,0.001465
2025-01-24 17:30,0.00421
2025-01-24 17:45,0.000902
2025-01-24 18:00,0.012025
2025-01-24 18:15,0.000755
2025-01-24 18:30,0.005457
2025-01-24 18:45,0.000555
2025-01-24 19:00,0.002752
2025-01-24 19:15,0.002951
2025-01-24 19:30,0.01529
2025-01-24 19:45,0.020545
2025-01-24 20:00,0.003557
2025-01-24 20:15,0.000842
2025-01-24 20:30,0.002932
2025-01-24 20:45,0.00291
2025-01-24 21:00,0.001371
2025-01-24 21:15,0.000807
2025-01-24 21:30,0.000848
2025-01-24 21:45,0.002161
2025-01-24 22:00,0.000576
2025-01-24 22:15,0.001732
2025-01-24 22:30,0.001106
2025-01-24 22:45,0.000658
2025-01-24 23:00,0.000323
2025-01-24 23:15,0.002018
2025-01-24 23:30,0.002515
2025-01-24 23:45,0.001017
2025-01-25 00:00,0.004112
2025-01-25 00:15,0.001286
2025-01-25 00:30,0.009828
2025-01-25 00:45,0.003419
2025-01-25 01:00,0.00781
2025-01-25 01:15,0.024986
2025-01-25 01:30,0.016752
2025-01-25 01:45,0.011422
2025-01-25 02:00,0.011443
2025-01-25 02:15,0.013971
2025-01-25 02:30,0.013725
2025-01-25 02:45,0.008413
2025-01-25 03:00,0.021654
2025-01-25 03:15,0.020365
2025-01-25 03:30,0.037429
2025-01-25 03:45,0.008736
2025-01-25 04:00,0.023335
2025-01-25 04:15,0.028937
2025-01-25 04:30,0.016788
2025-01-25 04:45,0.016669
2025-01-25 05:00,0.026594
2025-01-25 05:15,0.008032
2025-01-25 05:30,0.013961
2025-01-25 05:45,0.012846
2025-01-25 06:00,0.011834
2025-01-25 06:15,0.023243
2025-01-25 06:30,0.011646
2025-01-25 06:45,0.019884
2025-01-25 07:00,0.031713
2025-01-25 07:15,0.037123
2025-01-25 07:30,0.013084
2025-01-25 07:45,0.021986
2025-01-25 08:00,0.014455
2025-01-25 08:15,0.011647
2025-01-25 08:30,0.020031
2025-01-25 08:45,0.023462
2025-01-25 09:00,0.028699
2025-01-25 09:15,0.022094
2025-01-25 09:30,0.011101
2025-01-25 09:45,0.005262
2025-01-25 10:00,0.014332
2025-01-25 10:15,0.019093
2025-01-25 10:30,0.017255
2025-01-25 10:45,0.006806
2025-01-25 11:00,0.004678
2025-01-25 11:15,0.007066
2025-01-25 11:30,0.019739
2025-01-25 11:45,0.021526
2025-01-25 12:00,0.008825
2025-01-25 12:15,0.006384
2025-01-25 12:30,0.012021
2025-01-25 12:45,0.026111
2025-01-25 13:00,0.010306
2025-01-25 13:15,0.020493
2025-01-25 13:30,0.009143
2025-01-25 13:45,0.00718
2025-01-25 14:00,0.003628
2025-01-25 14:15,0.012016
2025-01-25 14:30,0.003598
2025-01-25 14:45,0.000313
2025-01-25 15:00,0.00311
2025-01-25 15:15,0.014302
2025-01-25 15:30,0.064457
2025-01-25 15:45,0.007996
2025-01-25 16:00,0.0033
2025-01-25 16:15,0.001778
2025-01-25 16:30,0.000925
2025-01-25 16:45,0.000793
2025-01-25 17:00,0.044179
2025-01-25 17:15,0.015187
2025-01-25 17:30,0.007112
2025-01-25 17:45,0.001181
2025-01-25 18:00,0.011441
2025-01-25 18:15,0.001134
2025-01-25 18:30,0.00201
2025-01-25 18:45,0.003147
2025-01-25 19:00,0.001444
2025-01-25 19:15,0.006504
2025-01-25 19:30,0.000474
2025-01-25 19:45,0.001213
2025-01-25 20:00,0.004465
2025-01-25 20:15,0.010096
2025-01-25 20:30,0.002616
2025-01-25 20:45,0.001033
2025-01-25 21:00,0.001454
2025-01-25 21:15,0.01029
2025-01-25 21:30,0.003024
2025-01-25 21:45,0.003595
2025-01-25 22:00,0.002962
2025-01-25 22:15,0.000925
2025-01-25 22:30,0.000684
2025-01-25 22:45,0.001637
2025-01-25 23:00,0.000945
2025-01-25 23:15,0.003827
2025-01-25 23:30,0.001609
2025-01-25 23:45,0.002627
2025-01-26 00:00,0.000588
2025-01-26 00:15,0.004244
2025-01-26 00:30,0.004852
2025-01-26 00:45,0.004749
2025-01-26 01:00,0.002538
2025-01-26 01:15,0.001388
2025-01-26 01:30,0.002275
2025-01-26 01:45,0.009628
2025-01-26 02:00,0.004565
2025-01-26 02:15,0.003319
2025-01-26 02:30,0.002128
2025-01-26 02:45,0.007396
2025-01-26 03:00,0.004503
2025-01-26 03:15,0.005517
2025-01-26 03:30,0.004439
2025-01-26 03:45,0.034365
2025-01-26 04:00,0.094192
2025-01-26 04:15,0.03089
2025-01-26 04:30,0.02623
2025-01-26 04:45,0.003055
2025-01-26 05:00,0.007378
2025-01-26 05:15,0.010578
2025-01-26 05:30,0.014816
2025-01-26 05:45,0.007952
2025-01-26 06:00,0.011946
2025-01-26 06:15,0.00625
2025-01-26 06:30,0.012422
2025-01-26 06:45,0.010029
2025-01-26 07:00,0.019456
2025-01-26 07:15,0.01607
2025-01-26 07:30,0.038068
2025-01-26 07:45,0.040507
2025-01-26 08:00,0.035742
2025-01-26 08:15,0.020386
2025-01-26 08:30,0.012002
2025-01-26 08:45,0.001974
2025-01-26 09:00,0.013272
2025-01-26 09:15,0.00516
2025-01-26 09:30,0.006312
2025-01-26 09:45,0.004965
2025-01-26 10:00,0.003967
2025-01-26 10:15,0.003626
2025-01-26 10:30,0.007088
2025-01-26 10:45,0.004704
2025-01-26 11:00,0.004444
2025-01-26 11:15,0.00063
2025-01-26 11:30,0.013306
2025-01-26 11:45,0.007631
2025-01-26 12:00,0.004721
2025-01-26 12:15,0.003901
2025-01-26 12:30,0.003246
2025-01-26 12:45,0.004353
2025-01-26 13:00,0.003609
2025-01-26 13:15,0.00839
2025-01-26 13:30,0.00482
2025-01-26 13:45,0.000883
2025-01-26 14:00,0.002791
2025-01-26 14:15,0.009453
2025-01-26 14:30,0.006559
2025-01-26 14:45,0.004948
2025-01-26 15:00,0.001327
2025-01-26 15:15,0.000878
2025-01-26 15:30,0.003836
2025-01-26 15:45,0.001478
2025-01-26 16:00,0.001772
2025-01-26 16:15,0.003279
2025-01-26 16:30,0.012016
2025-01-26 16:45,0.002416
2025-01-26 17:00,0.006793
2025-01-26 17:15,0.001243
2025-01-26 17:30,0.000449
2025-01-26 17:45,0.00132
2025-01-26 18:00,0.022283
2025-01-26 18:15,0.00028
2025-01-26 18:30,0.00014
2025-01-26 18:45,0.000191
2025-01-26 19:00,0.002101
2025-01-26 19:15,0.001922
2025-01-26 19:30,0.000737
2025-01-26 19:45,0.003623
2025-01-26 20:00,0.003042
2025-01-26 20:15,0.000656
2025-01-26 20:30,0.003004
2025-01-26 20:45,0.002947
2025-01-26 21:00,0.008956
2025-01-26 21:15,0.003087
2025-01-26 21:30,0.002171
2025-01-26 21:45,0.003565
2025-01-26 22:00,0.002177
2025-01-26 22:15,0.00046
2025-01-26 22:30,0.000974
2025-01-26 22:45,0.003065
2025-01-26 23:00,0.00289
2025-01-26 23:15,0.001313
2025-01-26 23:30,0.004511
2025-01-26 23:45,0.003476
2025-01-27 00:00,0.005455
2025-01-27 00:15,0.002765
2025-01-27 00:30,0.002843
2025-01-27 00:45,0.005045
2025-01-27 01:00,0.002869
2025-01-27 01:15,0.0094
2025-01-27 01:30,0.00519
2025-01-27 01:45,0.005978
2025-01-27 02:00,0.02167
2025-01-27 02:15,0.032828
2025-01-27 02:30,0.015158
2025-01-27 02:45,0.008687
2025-01-27 03:00,0.009486
2025-01-27 03:15,0.013228
2025-01-27 03:30,0.018142
2025-01-27 03:45,0.004268
2025-01-27 04:00,0.003906
2025-01-27 04:15,0.008052
2025-01-27 04:30,0.008676
2025-01-27 04:45,0.027192
2025-01-27 05:00,0.016916
2025-01-27 05:15,0.016994
2025-01-27 05:30,0.020653
2025-01-27 05:45,0.010343
2025-01-27 06:00,0.009571
2025-01-27 06:15,0.011481
2025-01-27 06:30,0.01259
2025-01-27 06:45,0.006867
2025-01-27 07:00,0.005209
2025-01-27 07:15,0.003405
2025-01-27 07:30,0.005954
2025-01-27 07:45,0.016419
2025-01-27 08:00,0.009657
2025-01-27 08:15,0.395986
2025-01-27 08:30,1.0
2025-01-27 08:45,0.02032
2025-01-27 09:00,0.006026
2025-01-27 09:15,0.016282
2025-01-27 09:30,0.019166
2025-01-27 09:45,0.002616
2025-01-27 10:00,0.007468
2025-01-27 10:15,0.007119
2025-01-27 10:30,0.010165
2025-01-27 10:45,0.010088
2025-01-27 11:00,0.005645
2025-01-27 11:15,0.003157
2025-01-27 11:30,0.007595
2025-01-27 11:45,0.005865
2025-01-27 12:00,0.004919
2025-01-27 12:15,0.003004
2025-01-27 12:30,0.003866
2025-01-27 12:45,0.001769
2025-01-27 13:00,0.004729
2025-01-27 13:15,0.005949
2025-01-27 13:30,0.008025
2025-01-27 13:45,0.004742
2025-01-27 14:00,0.004709
2025-01-27 14:15,0.000643
2025-01-27 14:30,0.002398
2025-01-27 14:45,0.004086
2025-01-27 15:00,0.0075
2025-01-27 15:15,0.014762
2025-01-27 15:30,0.003281
2025-01-27 15:45,0.015724
2025-01-27 16:00,0.074418
2025-01-27 16:15,0.003098
2025-01-27 16:30,0.003113
2025-01-27 16:45,0.007626
2025-01-27 17:00,0.000764
2025-01-27 17:15,0.002003
2025-01-27 17:30,0.00157
2025-01-27 17:45,0.052931
2025-01-27 18:00,0.023853
2025-01-27 18:15,0.001449
2025-01-27 18:30,0.000685
2025-01-27 18:45,0.000428
2025-01-27 19:00,0.000135
2025-01-27 19:15,0.000112
2025-01-27 19:30,0.001713
2025-01-27 19:45,0.003261
2025-01-27 20:00,0.006027
2025-01-27 20:15,0.004219
2025-01-27 20:30,0.009587
2025-01-27 20:45,0.005641
2025-01-27 21:00,0.002692
2025-01-27 21:15,0.004815
2025-01-27 21:30,0.014889
2025-01-27 21:45,0.005547
2025-01-27 22:00,0.001699
2025-01-27 22:15,0.001174
2025-01-27 22:30,0.003356
2025-01-27 22:45,0.0
2025-01-27 23:00,0.000926
2025-01-27 23:15,0.006203
2025-01-27 23:30,0.002062
2025-01-27 23:45,0.001248
2025-01-28 00:00,0.006492
2025-01-28 00:15,0.009146
2025-01-28 00:30,0.005856
2025-01-28 00:45,0.003544
2025-01-28 01:00,0.004556
2025-01-28 01:15,0.010961
2025-01-28 01:30,0.00293
2025-01-28 01:45,0.004401
2025-01-28 02:00,0.00445
2025-01-28 02:15,0.004038
2025-01-28 02:30,0.002818
2025-01-28 02:45,0.001791
2025-01-28 03:00,0.003204
2025-01-28 03:15,0.007404
2025-01-28 03:30,0.009249
2025-01-28 03:45,0.399775
2025-01-28 04:00,0.002499
2025-01-28 04:15,0.096956
2025-01-28 04:30,0.131714
2025-01-28 04:45,0.007402
2025-01-28 05:00,0.00727
2025-01-28 05:15,0.015029
2025-01-28 05:30,0.001859
2025-01-28 05:45,0.003166
2025-01-28 06:00,0.010901
2025-01-28 06:15,0.00539
2025-01-28 06:30,0.010079
2025-01-28 06:45,0.002666
2025-01-28 07:00,0.009406
2025-01-28 07:15,0.004756
2025-01-28 07:30,0.005276
2025-01-28 07:45,0.012373
2025-01-28 08:00,0.009323
2025-01-28 08:15,0.007611
2025-01-28 08:30,0.006294
2025-01-28 08:45,0.002134
2025-01-28 09:00,0.017935
2025-01-28 09:15,0.008191
2025-01-28 09:30,0.003463
2025-01-28 09:45,0.005099
2025-01-28 10:00,0.010159
2025-01-28 10:15,0.016402
2025-01-28 10:30,0.013422
2025-01-28 10:45,0.010191
2025-01-28 11:00,0.001451
2025-01-28 11:15,0.007209
2025-01-28 11:30,0.006845
2025-01-28 11:45,0.019301
2025-01-28 12:00,0.013226
2025-01-28 12:15,0.004144
2025-01-28 12:30,8.5e-05
2025-01-28 12:45,0.001626
2025-01-28 13:00,0.004378
2025-01-28 13:15,0.002519
2025-01-28 13:30,0.001067
2025-01-28 13:45,0.010135
2025-01-28 14:00,0.002521
2025-01-28 14:15,0.010973
2025-01-28 14:30,0.006065
2025-01-28 14:45,0.001842
2025-01-28 15:00,0.015601
2025-01-28 15:15,0.014802
2025-01-28 15:30,0.003098
2025-01-28 15:45,0.001477
2025-01-28 16:00,0.002085
2025-01-28 16:15,0.005339
2025-01-28 16:30,0.001793
2025-01-28 16:45,0.005742
2025-01-28 17:00,0.001172
2025-01-28 17:15,0.001657
2025-01-28 17:30,0.000228
2025-01-28 17:45,0.007351
2025-01-28 18:00,0.0119
2025-01-28 18:15,0.00192
2025-01-28 18:30,0.00315
2025-01-28 18:45,0.001376
2025-01-28 19:00,0.002913
2025-01-28 19:15,0.000864
2025-01-28 19:30,0.270151
2025-01-28 19:45,0.11518
2025-01-28 20:00,0.209075
2025-01-28 20:15,0.001385
2025-01-28 20:30,7.7e-05
2025-01-28 20:45,0.347233
2025-01-28 21:00,5.2e-05
2025-01-28 21:15,0.004215
2025-01-28 21:30,0.002272
2025-01-28 21:45,0.003367
2025-01-28 22:00,0.000508
2025-01-28 22:15,0.000435
2025-01-28 22:30,0.00031
2025-01-28 22:45,0.003402
2025-01-28 23:00,0.012458
2025-01-28 23:15,0.001267
2025-01-28 23:30,0.006798
2025-01-28 23:45,0.001813
2025-01-29 00:00,0.005952
2025-01-29 00:00,0.003877
2025-01-29 00:15,0.003701
2025-01-29 00:30,0.004647
2025-01-29 00:45,0.006775
2025-01-29 01:00,0.003482
2025-01-29 01:15,0.001861
2025-01-29 01:30,0.014175
2025-01-29 01:45,0.000406
2025-01-29 02:00,0.020621
2025-01-29 02:15,0.004188
2025-01-29 02:30,0.001173
2025-01-29 02:45,0.001795
2025-01-29 03:00,0.007088
2025-01-29 03:15,0.002678
2025-01-29 03:30,0.001834
2025-01-29 03:45,0.003102
2025-01-29 04:00,0.091304
2025-01-29 04:15,0.180448
2025-01-29 04:30,0.009612
2025-01-29 04:45,0.014467
2025-01-29 05:00,0.05191
2025-01-29 05:15,0.016336
2025-01-29 05:30,0.002748
2025-01-29 05:45,0.001906
2025-01-29 06:00,0.005703
2025-01-29 06:15,0.006676
2025-01-29 06:30,0.00808
2025-01-29 06:45,0.007447
2025-01-29 07:00,0.011884
2025-01-29 07:15,0.004318
2025-01-29 07:30,0.04847
2025-01-29 07:45,0.007746
2025-01-29 08:00,0.008082
2025-01-29 08:15,0.008248
2025-01-29 08:30,0.007135
2025-01-29 08:45,0.007618
2025-01-29 09:00,0.004208
2025-01-29 09:15,0.002936
2025-01-29 09:30,0.006472
2025-01-29 09:45,0.007942
2025-01-29 10:00,0.006047
2025-01-29 10:15,0.003018
2025-01-29 10:30,0.002818
2025-01-29 10:45,0.000253
2025-01-29 11:00,0.002911
2025-01-29 11:15,0.001005
2025-01-29 11:30,0.008265
2025-01-29 11:45,0.002535
2025-01-29 12:00,0.002244
2025-01-29 12:15,0.014522
2025-01-29 12:30,0.008928
2025-01-29 12:45,0.003917
2025-01-29 13:00,0.003699
2025-01-29 13:15,0.003111
2025-01-29 13:30,0.008793
2025-01-29 13:45,0.002263
2025-01-29 14:00,0.004749
2025-01-29 14:15,0.00282
2025-01-29 14:30,0.017197
2025-01-29 14:45,0.003813
2025-01-29 15:00,0.002259
2025-01-29 15:15,0.001036
2025-01-29 15:30,0.000537
2025-01-29 15:45,0.001019
2025-01-29 16:00,0.001418
2025-01-29 16:15,0.00257
2025-01-29 16:30,0.006313
2025-01-29 16:45,0.001561
2025-01-29 17:00,0.000584
2025-01-29 17:15,0.000156
2025-01-29 17:30,0.003468
2025-01-29 17:45,0.00176
2025-01-29 18:00,0.006021
2025-01-29 18:15,0.000927
2025-01-29 18:30,0.001148
2025-01-29 18:45,6.6e-05
2025-01-29 19:00,0.000108
2025-01-29 19:15,0.000776
2025-01-29 19:30,0.000686
2025-01-29 19:45,0.001785
2025-01-29 20:00,0.001646
2025-01-29 20:15,0.019173
2025-01-29 20:30,0.000503
2025-01-29 20:45,0.001053
2025-01-29 21:00,0.00113
2025-01-29 21:15,0.005511
2025-01-29 21:30,0.006138
2025-01-29 21:45,0.005733
2025-01-29 22:00,0.002639
2025-01-29 22:15,0.000221
2025-01-29 22:30,0.001119
2025-01-29 22:45,0.001862
2025-01-29 23:00,0.008605
2025-01-29 23:15,0.000426
2025-01-29 23:30,0.001861
2025-01-29 23:45,0.002167
2025-01-30 00:00,0.001183
2025-01-30 00:15,0.001562
2025-01-30 00:30,0.001367
2025-01-30 00:45,0.002274
2025-01-30 01:00,0.002662
2025-01-30 01:15,0.004167
2025-01-30 01:30,0.005922
2025-01-30 01:45,0.003515
2025-01-30 02:00,0.002794
2025-01-30 02:15,0.001669
2025-01-30 02:30,0.006966
2025-01-30 02:45,0.004047
2025-01-30 03:00,0.019402
2025-01-30 03:15,0.010009
2025-01-30 03:30,0.002408
2025-01-30 03:45,0.002936
2025-01-30 04:00,0.003468
2025-01-30 04:15,0.002977
2025-01-30 04:30,0.00896
2025-01-30 04:45,0.010937
2025-01-30 05:00,0.009029
2025-01-30 05:15,0.005707
2025-01-30 05:30,0.006957
2025-01-30 05:45,0.012558
2025-01-30 06:00,0.004575
2025-01-30 06:15,0.007777
2025-01-30 06:30,0.005576
2025-01-30 06:45,0.010678
2025-01-30 07:00,0.012358
2025-01-30 07:15,0.013078
2025-01-30 07:30,0.015255
2025-01-30 07:45,0.010411
2025-01-30 08:00,0.016987
2025-01-30 08:15,0.012875
2025-01-30 08:30,0.031988
2025-01-30 08:45,0.024259
2025-01-30 09:00,0.040474
2025-01-30 09:15,0.014776
2025-01-30 09:30,0.015869
2025-01-30 09:45,0.031253
2025-01-30 10:00,0.012939
2025-01-30 10:15,0.015507
2025-01-30 10:30,0.005585
2025-01-30 10:45,0.011161
2025-01-30 11:00,0.005658
2025-01-30 11:15,0.007934
2025-01-30 11:30,0.013982
2025-01-30 11:45,0.004356
2025-01-30 12:00,0.018375
2025-01-30 12:15,0.004444
2025-01-30 12:30,0.016366
2025-01-30 12:45,0.004635
2025-01-30 13:00,0.006805
2025-01-30 13:15,0.007537
2025-01-30 13:30,0.025989
2025-01-30 13:45,0.016892
2025-01-30 14:00,0.008321
2025-01-30 14:15,0.011721
2025-01-30 14:30,0.020734
2025-01-30 14:45,0.008184
2025-01-30 15:00,0.030792
2025-01-30 15:15,0.026458
2025-01-30 15:30,0.003218
2025-01-30 15:45,0.003561
2025-01-30 16:00,0.001224
2025-01-30 16:15,0.004145
2025-01-30 16:30,0.003199
2025-01-30 16:45,0.001011
2025-01-30 17:00,0.000511
2025-01-30 17:15,0.000879
2025-01-30 17:30,0.019794
2025-01-30 17:45,0.000758
2025-01-30 18:00,0.02719
2025-01-30 18:15,0.013026
2025-01-30 18:30,0.03474
2025-01-30 18:45,0.005199
2025-01-30 19:00,0.008668
2025-01-30 19:15,0.003475
2025-01-30 19:30,0.001001
2025-01-30 19:45,0.005192
2025-01-30 20:00,0.001958
2025-01-30 20:15,5.2e-05
2025-01-30 20:30,0.0083
2025-01-30 20:45,0.001488
2025-01-30 21:00,0.002665
2025-01-30 21:15,0.001577
2025-01-30 21:30,0.002454
2025-01-30 21:45,0.003655
2025-01-30 22:00,0.001949
2025-01-30 22:15,0.001913
2025-01-30 22:30,0.002489
2025-01-30 22:45,0.0024
2025-01-30 23:00,0.001467
2025-01-30 23:15,0.004292
2025-01-30 23:30,0.005398
2025-01-30 23:45,0.023245
2025-01-31 00:00,0.04012
2025-01-31 00:15,0.036183
2025-01-31 00:30,0.036455
2025-01-31 00:45,0.0715
2025-01-31 01:00,0.035164
2025-01-31 01:15,0.095912
2025-01-31 01:30,0.0738
2025-01-31 01:45,0.073337
2025-01-31 02:00,0.030856
2025-01-31 02:15,0.040722
2025-01-31 02:30,0.033191
2025-01-31 02:45,1.0
2025-01-31 03:00,0.059644
2025-01-31 03:15,0.099212
2025-01-31 03:30,0.027271
2025-01-31 03:45,0.022888
2025-01-31 04:00,0.038679
2025-01-31 04:15,0.041893
2025-01-31 04:30,0.047282
2025-01-31 04:45,0.069991
2025-01-31 05:00,0.770919
2025-01-31 05:15,0.168101
2025-01-31 05:30,0.797022
2025-01-31 05:45,0.067106
2025-01-31 06:00,0.05466
2025-01-31 06:15,0.100535
2025-01-31 06:30,0.068964
2025-01-31 06:45,0.092985
2025-01-31 07:00,0.052522
2025-01-31 07:15,0.049634
2025-01-31 07:30,0.066602
2025-01-31 07:45,0.052025
2025-01-31 08:00,0.051621
2025-01-31 08:15,0.071065
2025-01-31 08:30,0.052508
2025-01-31 08:45,0.071851
2025-01-31 09:00,0.033071
2025-01-31 09:15,0.020202
2025-01-31 09:30,0.017665
2025-01-31 09:45,0.022705
2025-01-31 10:00,0.02353
2025-01-31 10:15,0.006545
2025-01-31 10:30,0.009922
2025-01-31 10:45,0.009836
2025-01-31 11:00,0.015839
2025-01-31 11:15,0.014728
2025-01-31 11:30,0.00704
2025-01-31 11:45,0.005774
2025-01-31 12:00,0.00468
2025-01-31 12:15,0.005795
2025-01-31 12:30,0.015559
2025-01-31 12:45,0.00891
2025-01-31 13:00,0.017202
2025-01-31 13:15,0.021047
2025-01-31 13:30,0.009445
2025-01-31 13:45,0.017686
2025-01-31 14:00,0.026278
2025-01-31 14:15,0.040828
2025-01-31 14:30,0.03008
2025-01-31 14:45,0.004742
2025-01-31 15:00,0.003156
2025-01-31 15:15,0.004883
2025-01-31 15:30,0.006449
2025-01-31 15:45,0.002249
2025-01-31 16:00,0.003255
2025-01-31 16:15,0.01501
2025-01-31 16:30,0.013533
2025-01-31 16:45,0.001985
2025-01-31 17:00,0.002988
2025-01-31 17:15,0.005992
2025-01-31 17:30,0.003598
2025-01-31 17:45,0.001787
2025-01-31 18:00,0.010777
2025-01-31 18:15,0.012216
2025-01-31 18:30,0.05343
2025-01-31 18:45,0.019869
2025-01-31 19:00,0.002525
2025-01-31 19:15,0.000894
2025-01-31 19:30,0.001008
2025-01-31 19:45,0.002364
2025-01-31 20:00,0.00298
2025-01-31 20:15,0.001472
2025-01-31 20:30,0.002044
2025-01-31 20:45,0.001861
2025-01-31 21:00,0.002477
2025-01-31 21:15,0.003168
2025-01-31 21:30,0.004395
2025-01-31 21:45,0.006185
2025-01-31 22:00,0.003812
2025-01-31 22:15,0.001793
2025-01-31 22:30,0.003114
2025-01-31 22:45,0.003003
2025-01-31 23:00,0.00183
2025-01-31 23:15,0.003115
2025-01-31 23:30,0.002634
2025-01-31 23:45,0.00176
2025-02-01 00:00,0.005193
2025-02-01 00:15,0.006582
2025-02-01 00:30,0.004527
2025-02-01 00:45,0.007498
2025-02-01 01:00,0.00224
2025-02-01 01:15,0.003166
2025-02-01 01:30,0.00449
2025-02-01 01:45,0.006225
2025-02-01 02:00,0.004675
2025-02-01 02:15,0.005035
2025-02-01 02:30,0.003031
2025-02-01 02:45,0.00447
2025-02-01 03:00,0.005086
2025-02-01 03:15,0.003365
2025-02-01 03:30,0.005295
2025-02-01 03:45,0.006026
2025-02-01 04:00,0.024786
2025-02-01 04:15,0.01212
2025-02-01 04:30,0.014676
2025-02-01 04:45,0.016934
2025-02-01 05:00,0.015722
2025-02-01 05:15,0.008102
2025-02-01 05:30,0.014533
2025-02-01 05:45,0.006281
2025-02-01 06:00,0.023565
2025-02-01 06:15,0.017127
2025-02-01 06:30,0.015206
2025-02-01 06:45,0.016305
2025-02-01 07:00,0.016859
2025-02-01 07:15,0.008943
2025-02-01 07:30,0.007341
2025-02-01 07:45,0.011934
2025-02-01 08:00,0.007592
2025-02-01 08:15,0.009755
2025-02-01 08:30,0.005794
2025-02-01 08:45,0.011453
2025-02-01 09:00,0.008393
2025-02-01 09:15,0.040517
2025-02-01 09:30,0.006674
2025-02-01 09:45,0.005674
2025-02-01 10:00,0.002917
2025-02-01 10:15,0.019995
2025-02-01 10:30,0.009786
2025-02-01 10:45,0.020585
2025-02-01 11:00,0.003783
2025-02-01 11:15,0.075133
2025-02-01 11:30,0.009322
2025-02-01 11:45,0.00414
2025-02-01 12:00,0.007055
2025-02-01 12:15,0.009312
2025-02-01 12:30,0.005607
2025-02-01 12:45,0.004224
2025-02-01 13:00,0.004752
2025-02-01 13:15,0.014202
2025-02-01 13:30,0.01062
2025-02-01 13:45,0.005119
2025-02-01 14:00,0.008496
2025-02-01 14:15,0.003789
2025-02-01 14:30,0.003375
2025-02-01 14:45,0.005092
2025-02-01 15:00,0.003435
2025-02-01 15:15,0.006356
2025-02-01 15:30,0.002006
2025-02-01 15:45,0.003301
2025-02-01 16:00,0.007955
2025-02-01 16:15,0.022014
2025-02-01 16:30,0.013729
2025-02-01 16:45,0.005353
2025-02-01 17:00,0.002073
2025-02-01 17:15,0.00433
2025-02-01 17:30,0.002475
2025-02-01 17:45,0.004285
2025-02-01 18:00,0.009239
2025-02-01 18:15,0.004273
2025-02-01 18:30,0.018304
2025-02-01 18:45,0.004147
2025-02-01 19:00,0.004846
2025-02-01 19:15,0.002928
2025-02-01 19:30,0.005524
2025-02-01 19:45,0.006594
2025-02-01 20:00,0.001833
2025-02-01 20:15,0.004157
2025-02-01 20:30,0.00193
2025-02-01 20:45,0.001602
2025-02-01 21:00,0.003505
2025-02-01 21:15,0.004047
2025-02-01 21:30,0.003574
2025-02-01 21:45,0.003384
2025-02-01 22:00,0.004075
2025-02-01 22:15,0.002297
2025-02-01 22:30,0.00209
2025-02-01 22:45,0.003961
2025-02-01 23:00,0.004259
2025-02-01 23:15,0.001348
2025-02-01 23:30,0.010333
2025-02-01 23:45,0.012108
2025-02-02 00:00,0.008212
2025-02-02 00:15,0.010889
2025-02-02 00:30,0.007246
2025-02-02 00:45,0.001703
2025-02-02 01:00,0.00715
2025-02-02 01:15,0.004402
2025-02-02 01:30,0.005975
2025-02-02 01:45,0.005838
2025-02-02 02:00,0.002576
2025-02-02 02:15,0.004615
2025-02-02 02:30,0.007485
2025-02-02 02:45,0.0112
2025-02-02 03:00,0.016314
2025-02-02 03:15,0.004116
2025-02-02 03:30,0.004505
2025-02-02 03:45,0.004053
2025-02-02 04:00,0.005974
2025-02-02 04:15,0.019636
2025-02-02 04:30,0.005272
2025-02-02 04:45,0.004094
2025-02-02 05:00,0.017142
2025-02-02 05:15,0.009571
2025-02-02 05:30,0.013859
2025-02-02 05:45,0.009709
2025-02-02 06:00,0.006538
2025-02-02 06:15,0.010566
2025-02-02 06:30,0.015405
2025-02-02 06:45,0.017337
2025-02-02 07:00,0.020185
2025-02-02 07:15,0.012092
2025-02-02 07:30,0.014037
2025-02-02 07:45,0.01803
2025-02-02 08:00,0.010308
2025-02-02 08:15,0.007361
2025-02-02 08:30,0.028799
2025-02-02 08:45,0.017615
2025-02-02 09:00,0.008706
2025-02-02 09:15,0.008806
2025-02-02 09:30,0.007062
2025-02-02 09:45,0.004627
2025-02-02 10:00,0.010681
2025-02-02 10:15,0.012142
2025-02-02 10:30,0.008767
2025-02-02 10:45,0.01206
2025-02-02 11:00,0.009595
2025-02-02 11:15,0.009965
2025-02-02 11:30,0.0162
2025-02-02 11:45,0.011011
2025-02-02 12:00,0.013706
2025-02-02 12:15,0.021528
2025-02-02 12:30,0.008477
2025-02-02 12:45,0.020558
2025-02-02 13:00,0.014338
2025-02-02 13:15,0.008399
2025-02-02 13:30,0.023413
2025-02-02 13:45,0.003632
2025-02-02 14:00,0.005624
2025-02-02 14:15,0.023964
2025-02-02 14:30,0.014151
2025-02-02 14:45,0.009215
2025-02-02 15:00,0.004177
2025-02-02 15:15,0.012615
2025-02-02 15:30,0.001352
2025-02-02 15:45,0.002398
2025-02-02 16:00,0.002136
2025-02-02 16:15,0.002709
2025-02-02 16:30,0.013303
2025-02-02 16:45,0.002145
2025-02-02 17:00,0.004724
2025-02-02 17:15,0.002974
2025-02-02 17:30,0.00398
2025-02-02 17:45,0.004225
2025-02-02 18:00,0.010446
2025-02-02 18:15,0.004021
2025-02-02 18:30,0.004231
2025-02-02 18:45,0.004476
2025-02-02 19:00,0.000988
2025-02-02 19:15,0.003222
2025-02-02 19:30,0.003509
2025-02-02 19:45,0.000829
2025-02-02 20:00,0.001991
2025-02-02 20:15,0.00255
2025-02-02 20:30,0.001683
2025-02-02 20:45,0.004025
2025-02-02 21:00,0.002458
2025-02-02 21:15,0.003504
2025-02-02 21:30,0.003779
2025-02-02 21:45,0.005567
2025-02-02 22:00,0.001814
2025-02-02 22:15,0.005817
2025-02-02 22:30,0.007999
2025-02-02 22:45,0.010062
2025-02-02 23:00,0.003218
2025-02-02 23:15,0.008257
2025-02-02 23:30,0.011121
2025-02-02 23:45,0.017272
2025-02-03 00:00,0.032114
2025-02-03 00:15,0.032937
2025-02-03 00:30,0.041271
2025-02-03 00:45,0.091613
2025-02-03 01:00,0.052529
2025-02-03 01:15,0.073283
2025-02-03 01:30,0.081749
2025-02-03 01:45,0.051616
2025-02-03 02:00,0.088805
2025-02-03 02:15,0.183644
2025-02-03 02:30,0.048728
2025-02-03 02:45,0.035747
2025-02-03 03:00,0.028668
2025-02-03 03:15,0.027066
2025-02-03 03:30,0.081713
2025-02-03 03:45,0.113104
2025-02-03 04:00,0.059961
2025-02-03 04:15,0.055112
2025-02-03 04:30,0.044864
2025-02-03 04:45,0.244485
2025-02-03 05:00,0.092064
2025-02-03 05:15,0.047958
2025-02-03 05:30,0.063696
2025-02-03 05:45,0.424121
2025-02-03 06:00,0.097535
2025-02-03 06:15,0.202095
2025-02-03 06:30,0.082533
2025-02-03 06:45,0.075644
2025-02-03 07:00,0.144966
2025-02-03 07:15,0.111969
2025-02-03 07:30,0.113022
2025-02-03 07:45,0.098366
2025-02-03 08:00,0.066084
2025-02-03 08:15,0.067569
2025-02-03 08:30,0.075945
2025-02-03 08:45,0.05439
2025-02-03 09:00,0.116602
2025-02-03 09:15,0.090308
2025-02-03 09:30,0.035409
2025-02-03 09:45,0.031966
2025-02-03 10:00,0.040777
2025-02-03 10:15,0.027711
2025-02-03 10:30,0.038944
2025-02-03 10:45,0.029061
2025-02-03 11:00,0.036644
2025-02-03 11:15,0.024378
2025-02-03 11:30,0.029163
2025-02-03 11:45,0.032884
2025-02-03 12:00,0.021073
2025-02-03 12:15,0.054507
2025-02-03 12:30,0.024526
2025-02-03 12:45,0.021632
2025-02-03 13:00,0.018998
2025-02-03 13:15,0.014394
2025-02-03 13:30,0.009556
2025-02-03 13:45,0.016291
2025-02-03 14:00,0.006048
2025-02-03 14:15,0.013065
2025-02-03 14:30,0.004572
2025-02-03 14:45,0.006228
2025-02-03 15:00,0.001487
2025-02-03 15:15,0.00195
2025-02-03 15:30,0.022104
2025-02-03 15:45,0.007696
2025-02-03 16:00,0.001393
2025-02-03 16:15,0.01134
2025-02-03 16:30,0.004084
2025-02-03 16:45,0.011355
2025-02-03 17:00,0.015946
2025-02-03 17:15,0.030627
2025-02-03 17:30,0.007916
2025-02-03 17:45,0.004053
2025-02-03 18:00,0.010657
2025-02-03 18:15,0.006239
2025-02-03 18:30,0.004081
2025-02-03 18:45,0.001435
2025-02-03 19:00,0.005132
2025-02-03 19:15,0.003739
2025-02-03 19:30,0.005416
2025-02-03 19:45,0.004629
2025-02-03 20:00,0.005475
2025-02-03 20:15,0.352294
2025-02-03 20:30,0.029307
2025-02-03 20:45,0.00379
2025-02-03 21:00,0.00484
2025-02-03 21:15,0.00348
2025-02-03 21:30,0.005063
2025-02-03 21:45,0.002732
2025-02-03 22:00,0.000425
2025-02-03 22:15,0.002173
2025-02-03 22:30,0.004448
2025-02-03 22:45,0.005134
2025-02-03 23:00,0.006249
2025-02-03 23:15,0.004208
2025-02-03 23:30,0.056431
2025-02-03 23:45,0.076131
2025-02-04 00:00,0.041312
2025-02-04 00:15,0.047676
2025-02-04 00:30,0.03758
2025-02-04 00:45,0.033273
2025-02-04 01:00,0.093986
2025-02-04 01:15,0.073067
2025-02-04 01:30,0.041256
2025-02-04 01:45,0.07249
2025-02-04 02:00,0.139264
2025-02-04 02:15,0.050484
2025-02-04 02:30,0.029912
2025-02-04 02:45,0.077852
2025-02-04 03:00,0.067567
2025-02-04 03:15,0.063374
2025-02-04 03:30,0.036699
2025-02-04 03:45,0.041205
2025-02-04 04:00,0.052495
2025-02-04 04:15,0.067612
2025-02-04 04:30,0.04527
2025-02-04 04:45,0.072038
2025-02-04 05:00,0.052414
2025-02-04 05:15,0.12752
2025-02-04 05:30,0.083268
2025-02-04 05:45,0.08852
2025-02-04 06:00,0.098453
2025-02-04 06:15,0.115395
2025-02-04 06:30,0.107195
2025-02-04 06:45,0.066037
2025-02-04 07:00,0.12665
2025-02-04 07:15,0.072185
2025-02-04 07:30,0.134045
2025-02-04 07:45,0.1002
2025-02-04 08:00,0.151759
2025-02-04 08:15,0.108254
2025-02-04 08:30,0.148878
2025-02-04 08:45,0.100546
2025-02-04 09:00,0.071287
2025-02-04 09:15,0.032912
2025-02-04 09:30,0.038621
2025-02-04 09:45,0.069321
2025-02-04 10:00,0.05126
2025-02-04 10:15,0.146496
2025-02-04 10:30,0.040341
2025-02-04 10:45,0.098362
2025-02-04 11:00,0.080382
2025-02-04 11:15,0.025895
2025-02-04 11:30,0.023114
2025-02-04 11:45,0.019362
2025-02-04 12:00,0.037597
2025-02-04 12:15,0.02394
2025-02-04 12:30,0.013262
2025-02-04 12:45,0.024509
2025-02-04 13:00,0.030132
2025-02-04 13:15,0.020756
2025-02-04 13:30,0.013495
2025-02-04 13:45,0.023307
2025-02-04 14:00,0.016152
2025-02-04 14:15,0.012883
2025-02-04 14:30,0.007126
2025-02-04 14:45,0.011035
2025-02-04 15:00,0.005596
2025-02-04 15:15,0.005716
2025-02-04 15:30,0.01743
2025-02-04 15:45,0.003097
2025-02-04 16:00,0.006003
2025-02-04 16:15,0.001117
2025-02-04 16:30,0.005309
2025-02-04 16:45,0.007445
2025-02-04 17:00,0.003017
2025-02-04 17:15,0.014385
2025-02-04 17:30,0.036797
2025-02-04 17:45,0.003236
2025-02-04 18:00,0.008925
2025-02-04 18:15,0.003581
2025-02-04 18:30,0.002973
2025-02-04 18:45,0.013254
2025-02-04 19:00,0.009008
2025-02-04 19:15,0.00912
2025-02-04 19:30,0.003688
2025-02-04 19:45,0.006109
2025-02-04 20:00,0.001581
2025-02-04 20:15,0.004613
2025-02-04 20:30,0.001594
2025-02-04 20:45,0.004308
2025-02-04 21:00,0.004509
2025-02-04 21:15,0.011048
2025-02-04 21:30,0.004337
2025-02-04 21:45,0.009496
2025-02-04 22:00,0.00241
2025-02-04 22:15,0.005621
2025-02-04 22:30,0.008362
2025-02-04 22:45,0.001437
2025-02-04 23:00,0.004336
2025-02-04 23:15,0.009985
2025-02-04 23:30,0.005506
2025-02-04 23:45,0.028612
2025-02-05 00:00,0.039773
2025-02-05 00:00,0.147364
2025-02-05 00:15,0.083635
2025-02-05 00:30,0.151638
2025-02-05 00:45,0.124427
2025-02-05 01:00,0.274674
2025-02-05 01:15,0.23944
2025-02-05 01:30,0.227966
2025-02-05 01:45,0.309899
2025-02-05 02:00,0.31586
2025-02-05 02:15,0.238639
2025-02-05 02:30,0.21782
2025-02-05 02:45,0.12591
2025-02-05 03:00,0.102358
2025-02-05 03:15,0.166394
2025-02-05 03:30,0.183454
2025-02-05 03:45,0.194727
2025-02-05 04:00,0.14859
2025-02-05 04:15,0.175528
2025-02-05 04:30,0.200579
2025-02-05 04:45,0.244952
2025-02-05 05:00,0.210708
2025-02-05 05:15,0.244868
2025-02-05 05:30,0.346574
2025-02-05 05:45,0.500216
2025-02-05 06:00,0.326855
2025-02-05 06:15,0.707481
2025-02-05 06:30,0.4692
2025-02-05 06:45,0.208021
2025-02-05 07:00,0.277888
2025-02-05 07:15,0.243613
2025-02-05 07:30,0.26868
2025-02-05 07:45,0.330225
2025-02-05 08:00,0.260691
2025-02-05 08:15,0.176928
2025-02-05 08:30,0.190179
2025-02-05 08:45,0.280354
2025-02-05 09:00,0.158557
2025-02-05 09:15,0.103482
2025-02-05 09:30,0.111666
2025-02-05 09:45,0.161847
2025-02-05 10:00,0.130489
2025-02-05 10:15,0.20232
2025-02-05 10:30,0.363673
2025-02-05 10:45,0.183009
2025-02-05 11:00,0.321459
2025-02-05 11:15,0.18869
2025-02-05 11:30,0.135543
2025-02-05 11:45,0.185325
2025-02-05 12:00,0.092861
2025-02-05 12:15,0.114713
2025-02-05 12:30,0.169646
2025-02-05 12:45,0.136327
2025-02-05 13:00,0.080489
2025-02-05 13:15,0.07065
2025-02-05 13:30,0.069764
2025-02-05 13:45,0.047449
2025-02-05 14:00,0.032049
2025-02-05 14:15,0.043522
2025-02-05 14:30,0.011817
2025-02-05 14:45,0.021751
2025-02-05 15:00,0.045767
2025-02-05 15:15,0.071609
2025-02-05 15:30,0.111607
2025-02-05 15:45,0.062473
2025-02-05 16:00,0.053349
2025-02-05 16:15,0.041568
2025-02-05 16:30,0.016486
2025-02-05 16:45,0.028387
2025-02-05 17:00,0.035364
2025-02-05 17:15,0.009201
2025-02-05 17:30,0.02545
2025-02-05 17:45,0.042913
2025-02-05 18:00,0.045825
2025-02-05 18:15,0.023944
2025-02-05 18:30,0.004812
2025-02-05 18:45,0.009823
2025-02-05 19:00,0.004884
2025-02-05 19:15,0.020166
2025-02-05 19:30,0.004949
2025-02-05 19:45,0.008492
2025-02-05 20:00,0.00635
2025-02-05 20:15,0.019874
2025-02-05 20:30,0.008434
2025-02-05 20:45,0.026261
2025-02-05 21:00,0.00653
2025-02-05 21:15,0.002767
2025-02-05 21:30,0.005719
2025-02-05 21:45,0.056516
2025-02-05 22:00,0.02159
2025-02-05 22:15,0.008708
2025-02-05 22:30,0.00341
2025-02-05 22:45,0.04651
2025-02-05 23:00,0.004848
2025-02-05 23:15,0.030309
2025-02-05 23:30,0.020551
2025-02-05 23:45,0.054995
2025-02-06 00:00,0.10225
2025-02-06 00:15,0.116518
2025-02-06 00:30,0.110087
2025-02-06 00:45,0.271622
2025-02-06 01:00,0.303091
2025-02-06 01:15,0.30085
2025-02-06 01:30,0.232053
2025-02-06 01:45,0.289369
2025-02-06 02:00,0.298166
2025-02-06 02:15,0.28094
2025-02-06 02:30,0.243551
2025-02-06 02:45,0.146633
2025-02-06 03:00,0.10411
2025-02-06 03:15,0.106567
2025-02-06 03:30,0.263072
2025-02-06 03:45,0.187461
2025-02-06 04:00,0.326077
2025-02-06 04:15,0.231836
2025-02-06 04:30,0.441871
2025-02-06 04:45,0.236349
2025-02-06 05:00,0.326286
2025-02-06 05:15,0.361026
2025-02-06 05:30,0.535755
2025-02-06 05:45,0.498587
2025-02-06 06:00,0.386138
2025-02-06 06:15,0.245523
2025-02-06 06:30,0.269263
2025-02-06 06:45,0.275332
2025-02-06 07:00,0.208216
2025-02-06 07:15,0.306842
2025-02-06 07:30,0.757089
2025-02-06 07:45,0.436527
2025-02-06 08:00,0.419525
2025-02-06 08:15,0.187595
2025-02-06 08:30,0.212539
2025-02-06 08:45,0.347247
2025-02-06 09:00,0.256357
2025-02-06 09:15,0.179492
2025-02-06 09:30,0.102547
2025-02-06 09:45,0.099884
2025-02-06 10:00,0.094956
2025-02-06 10:15,0.075359
2025-02-06 10:30,0.136181
2025-02-06 10:45,0.052454
2025-02-06 11:00,0.269909
2025-02-06 11:15,0.110707
2025-02-06 11:30,0.181249
2025-02-06 11:45,0.072265
2025-02-06 12:00,0.13977
2025-02-06 12:15,0.25225
2025-02-06 12:30,0.146582
2025-02-06 12:45,0.084196
2025-02-06 13:00,0.14478
2025-02-06 13:15,0.08969
2025-02-06 13:30,0.890201
2025-02-06 13:45,0.068139
2025-02-06 14:00,0.036314
2025-02-06 14:15,0.03353
2025-02-06 14:30,0.044768
2025-02-06 14:45,0.060907
2025-02-06 15:00,0.049862
2025-02-06 15:15,0.055742
2025-02-06 15:30,0.065466
2025-02-06 15:45,0.102043
2025-02-06 16:00,0.012064
2025-02-06 16:15,0.008593
2025-02-06 16:30,0.030471
2025-02-06 16:45,0.034749
2025-02-06 17:00,0.031898
2025-02-06 17:15,0.019233
2025-02-06 17:30,0.187731
2025-02-06 17:45,0.568195
2025-02-06 18:00,0.091522
2025-02-06 18:15,0.018358
2025-02-06 18:30,0.031041
2025-02-06 18:45,0.007873
2025-02-06 19:00,0.014869
2025-02-06 19:15,0.017476
2025-02-06 19:30,0.001082
2025-02-06 19:45,0.00668
2025-02-06 20:00,0.005987
2025-02-06 20:15,0.013846
2025-02-06 20:30,0.005039
2025-02-06 20:45,0.003212
2025-02-06 21:00,0.024927
2025-02-06 21:15,0.005438
2025-02-06 21:30,0.013985
2025-02-06 21:45,0.01952
2025-02-06 22:00,0.039865
2025-02-06 22:15,0.017906
2025-02-06 22:30,0.005872
2025-02-06 22:45,0.013938
2025-02-06 23:00,0.010951
2025-02-06 23:15,0.038831
2025-02-06 23:30,0.07106
2025-02-06 23:45,0.096718
2025-02-07 00:00,0.12107
2025-02-07 00:15,0.096802
2025-02-07 00:30,0.175408
2025-02-07 00:45,0.942311
2025-02-07 01:00,0.212765
2025-02-07 01:15,0.282183
2025-02-07 01:30,0.25638
2025-02-07 01:45,0.254348
2025-02-07 02:00,0.174395
2025-02-07 02:15,0.16884
2025-02-07 02:30,0.181026
2025-02-07 02:45,0.202684
2025-02-07 03:00,0.136548
2025-02-07 03:15,0.200871
2025-02-07 03:30,0.232984
2025-02-07 03:45,0.272305
2025-02-07 04:00,0.226462
2025-02-07 04:15,0.276161
2025-02-07 04:30,0.360437
2025-02-07 04:45,0.227096
2025-02-07 05:00,0.248219
2025-02-07 05:15,0.477788
2025-02-07 05:30,0.174378
2025-02-07 05:45,0.290688
2025-02-07 06:00,0.328343
2025-02-07 06:15,0.246099
2025-02-07 06:30,0.331255
2025-02-07 06:45,0.291878
2025-02-07 07:00,0.283795
2025-02-07 07:15,0.262184
2025-02-07 07:30,0.295855
2025-02-07 07:45,0.347409
2025-02-07 08:00,0.264595
2025-02-07 08:15,0.45972
2025-02-07 08:30,0.220785
2025-02-07 08:45,0.183408
2025-02-07 09:00,0.12773
2025-02-07 09:15,0.245508
2025-02-07 09:30,0.105607
2025-02-07 09:45,0.067103
2025-02-07 10:00,0.135157
2025-02-07 10:15,0.06026
2025-02-07 10:30,0.044112
2025-02-07 10:45,0.117812
2025-02-07 11:00,0.178513
2025-02-07 11:15,0.099579
2025-02-07 11:30,0.050639
2025-02-07 11:45,0.044581
2025-02-07 12:00,0.031818
2025-02-07 12:15,0.091705
2025-02-07 12:30,0.0825
2025-02-07 12:45,0.088555
2025-02-07 13:00,0.041566
2025-02-07 13:15,0.096931
2025-02-07 13:30,0.038814
2025-02-07 13:45,0.046176
2025-02-07 14:00,0.061043
2025-02-07 14:15,0.038805
2025-02-07 14:30,0.024409
2025-02-07 14:45,0.033476
2025-02-07 15:00,0.004373
2025-02-07 15:15,0.026799
2025-02-07 15:30,0.018667
2025-02-07 15:45,0.007155
2025-02-07 16:00,0.004
2025-02-07 16:15,0.022384
2025-02-07 16:30,0.082315
2025-02-07 16:45,0.004644
2025-02-07 17:00,0.015709
2025-02-07 17:15,0.007926
2025-02-07 17:30,0.021123
2025-02-07 17:45,0.023193
2025-02-07 18:00,0.014069
2025-02-07 18:15,0.005577
2025-02-07 18:30,0.030818
2025-02-07 18:45,0.015082
2025-02-07 19:00,0.002304
2025-02-07 19:15,0.002412
2025-02-07 19:30,0.004849
2025-02-07 19:45,0.004416
2025-02-07 20:00,0.015497
2025-02-07 20:15,0.001958
2025-02-07 20:30,0.004831
2025-02-07 20:45,0.00578
2025-02-07 21:00,0.047594
2025-02-07 21:15,0.003628
2025-02-07 21:30,0.009577
2025-02-07 21:45,0.033735
2025-02-07 22:00,0.009542
2025-02-07 22:15,0.013932
2025-02-07 22:30,0.012363
2025-02-07 22:45,0.008144
2025-02-07 23:00,0.001808
2025-02-07 23:15,0.011192
2025-02-07 23:30,0.005161
2025-02-07 23:45,0.00886
2025-02-08 00:00,0.010622
2025-02-08 00:15,0.012334
2025-02-08 00:30,0.000465
2025-02-08 00:45,0.006246
2025-02-08 01:00,0.025194
2025-02-08 01:15,0.025966
2025-02-08 01:30,0.005843
2025-02-08 01:45,0.023615
2025-02-08 02:00,0.025591
2025-02-08 02:15,0.062064
2025-02-08 02:30,0.0
2025-02-08 02:45,0.018138
2025-02-08 03:00,0.093073
2025-02-08 03:15,0.072343
2025-02-08 03:30,0.043162
2025-02-08 03:45,0.096862
2025-02-08 04:00,0.079673
2025-02-08 04:15,0.060853
2025-02-08 04:30,0.067207
2025-02-08 04:45,0.055054
2025-02-08 05:00,0.047276
2025-02-08 05:15,0.084428
2025-02-08 05:30,0.069253
2025-02-08 05:45,0.040296
2025-02-08 06:00,0.067092
2025-02-08 06:15,0.040791
2025-02-08 06:30,0.074852
2025-02-08 06:45,0.061024
2025-02-08 07:00,0.040084
2025-02-08 07:15,0.040412
2025-02-08 07:30,0.064057
2025-02-08 07:45,0.075346
2025-02-08 08:00,0.048309
2025-02-08 08:15,0.055845
2025-02-08 08:30,0.042523
2025-02-08 08:45,0.033186
2025-02-08 09:00,0.010397
2025-02-08 09:15,0.021986
2025-02-08 09:30,0.058624
2025-02-08 09:45,0.021105
2025-02-08 10:00,0.038556
2025-02-08 10:15,0.029924
2025-02-08 10:30,0.055451
2025-02-08 10:45,0.102468
2025-02-08 11:00,0.037878
2025-02-08 11:15,0.061386
2025-02-08 11:30,0.106824
2025-02-08 11:45,0.093758
2025-02-08 12:00,0.117038
2025-02-08 12:15,0.066738
2025-02-08 12:30,0.23815
2025-02-08 12:45,0.028823
2025-02-08 13:00,0.033915
2025-02-08 13:15,0.022928
2025-02-08 13:30,0.111134
2025-02-08 13:45,0.034062
2025-02-08 14:00,0.013458
2025-02-08 14:15,0.115364
2025-02-08 14:30,0.030374
2025-02-08 14:45,0.023717
2025-02-08 15:00,0.080516
2025-02-08 15:15,0.082499
2025-02-08 15:30,0.024833
2025-02-08 15:45,0.00114
2025-02-08 16:00,0.007052
2025-02-08 16:15,0.005459
2025-02-08 16:30,0.006161
2025-02-08 16:45,0.010143
2025-02-08 17:00,0.009765
2025-02-08 17:15,0.012943
2025-02-08 17:30,0.005603
2025-02-08 17:45,0.001856
2025-02-08 18:00,0.016973
2025-02-08 18:15,0.005522
2025-02-08 18:30,0.035378
2025-02-08 18:45,0.018896
2025-02-08 19:00,0.071309
2025-02-08 19:15,0.016289
2025-02-08 19:30,0.009505
2025-02-08 19:45,0.018668
2025-02-08 20:00,0.008415
2025-02-08 20:15,0.004479
2025-02-08 20:30,0.015339
2025-02-08 20:45,0.005561
2025-02-08 21:00,0.014528
2025-02-08 21:15,0.002435
2025-02-08 21:30,0.006093
2025-02-08 21:45,0.002133
2025-02-08 22:00,0.011452
2025-02-08 22:15,0.008564
2025-02-08 22:30,0.021682
2025-02-08 22:45,0.004952
2025-02-08 23:00,0.000358
2025-02-08 23:15,0.009917
2025-02-08 23:30,0.011234
2025-02-08 23:45,0.031546
2025-02-09 00:00,0.006106
2025-02-09 00:15,0.01121
2025-02-09 00:30,0.005869
2025-02-09 00:45,0.002691
2025-02-09 01:00,0.03831
2025-02-09 01:15,0.015045
2025-02-09 01:30,0.006685
2025-02-09 01:45,0.064472
2025-02-09 02:00,0.05073
2025-02-09 02:15,0.041547
2025-02-09 02:30,0.037054
2025-02-09 02:45,0.014478
2025-02-09 03:00,0.028069
2025-02-09 03:15,0.014339
2025-02-09 03:30,0.017561
2025-02-09 03:45,0.008448
2025-02-09 04:00,0.015457
2025-02-09 04:15,0.02777
2025-02-09 04:30,0.021133
2025-02-09 04:45,0.014648
2025-02-09 05:00,0.033517
2025-02-09 05:15,0.022815
2025-02-09 05:30,0.035219
2025-02-09 05:45,0.043619
2025-02-09 06:00,0.077448
2025-02-09 06:15,0.171216
2025-02-09 06:30,0.07441
2025-02-09 06:45,0.056081
2025-02-09 07:00,0.092031
2025-02-09 07:15,0.152638
2025-02-09 07:30,0.065358
2025-02-09 07:45,0.034257
2025-02-09 08:00,0.076718
2025-02-09 08:15,0.150466
2025-02-09 08:30,0.093645
2025-02-09 08:45,0.053111
2025-02-09 09:00,0.065868
2025-02-09 09:15,0.028499
2025-02-09 09:30,0.419187
2025-02-09 09:45,0.039264
2025-02-09 10:00,0.04719
2025-02-09 10:15,0.061779
2025-02-09 10:30,0.037549
2025-02-09 10:45,0.048243
2025-02-09 11:00,0.042356
2025-02-09 11:15,0.00869
2025-02-09 11:30,0.026504
2025-02-09 11:45,0.049183
2025-02-09 12:00,0.033953
2025-02-09 12:15,0.029741
2025-02-09 12:30,0.015453
2025-02-09 12:45,0.053722
2025-02-09 13:00,0.014254
2025-02-09 13:15,0.026008
2025-02-09 13:30,0.015276
2025-02-09 13:45,0.037485
2025-02-09 14:00,0.033886
2025-02-09 14:15,0.033155
2025-02-09 14:30,0.026593
2025-02-09 14:45,0.018134
2025-02-09 15:00,0.011444
2025-02-09 15:15,0.010051
2025-02-09 15:30,0.032437
2025-02-09 15:45,0.004507
2025-02-09 16:00,0.024095
2025-02-09 16:15,0.005896
2025-02-09 16:30,0.008725
2025-02-09 16:45,0.005886
2025-02-09 17:00,0.006798
2025-02-09 17:15,0.016982
2025-02-09 17:30,0.036379
2025-02-09 17:45,0.039655
2025-02-09 18:00,0.012643
2025-02-09 18:15,0.001661
2025-02-09 18:30,0.004344
2025-02-09 18:45,0.012018
2025-02-09 19:00,0.022597
2025-02-09 19:15,0.004807
2025-02-09 19:30,0.000428
2025-02-09 19:45,0.003369
2025-02-09 20:00,0.004846
2025-02-09 20:15,0.003947
2025-02-09 20:30,0.030831
2025-02-09 20:45,0.010353
2025-02-09 21:00,0.018462
2025-02-09 21:15,0.028832
2025-02-09 21:30,0.016948
2025-02-09 21:45,0.008496
2025-02-09 22:00,0.002132
2025-02-09 22:15,0.001485
2025-02-09 22:30,0.004394
2025-02-09 22:45,0.018999
2025-02-09 23:00,0.028013
2025-02-09 23:15,0.051778
2025-02-09 23:30,0.052674
2025-02-09 23:45,0.06541
2025-02-10 00:00,0.208961
2025-02-10 00:15,0.120566
2025-02-10 00:30,0.121044
2025-02-10 00:45,0.223042
2025-02-10 01:00,0.203445
2025-02-10 01:15,0.248363
2025-02-10 01:30,0.335529
2025-02-10 01:45,0.187393
2025-02-10 02:00,0.264375
2025-02-10 02:15,0.187163
2025-02-10 02:30,0.118172
2025-02-10 02:45,0.180654
2025-02-10 03:00,0.200866
2025-02-10 03:15,0.122217
2025-02-10 03:30,0.075443
2025-02-10 03:45,0.259433
2025-02-10 04:00,0.436109
2025-02-10 04:15,0.639049
2025-02-10 04:30,0.34973
2025-02-10 04:45,0.336345
2025-02-10 05:00,0.397268
2025-02-10 05:15,0.461544
2025-02-10 05:30,0.318709
2025-02-10 05:45,0.531178
2025-02-10 06:00,0.232209
2025-02-10 06:15,0.288709
2025-02-10 06:30,0.226931
2025-02-10 06:45,0.265157
2025-02-10 07:00,0.358672
2025-02-10 07:15,0.264671
2025-02-10 07:30,0.357117
2025-02-10 07:45,0.343121
2025-02-10 08:00,0.275515
2025-02-10 08:15,0.287099
2025-02-10 08:30,0.251668
2025-02-10 08:45,0.229665
2025-02-10 09:00,0.131166
2025-02-10 09:15,0.102196
2025-02-10 09:30,0.104752
2025-02-10 09:45,0.091345
2025-02-10 10:00,0.126646
2025-02-10 10:15,0.057076
2025-02-10 10:30,0.151488
2025-02-10 10:45,0.162163
2025-02-10 11:00,0.280875
2025-02-10 11:15,0.188191
2025-02-10 11:30,0.090994
2025-02-10 11:45,0.167733
2025-02-10 12:00,0.143856
2025-02-10 12:15,0.059584
2025-02-10 12:30,0.061872
2025-02-10 12:45,0.218281
2025-02-10 13:00,0.063436
2025-02-10 13:15,0.062195
2025-02-10 13:30,0.047865
2025-02-10 13:45,0.054214
2025-02-10 14:00,0.047647
2025-02-10 14:15,0.040174
2025-02-10 14:30,0.01496
2025-02-10 14:45,0.027701
2025-02-10 15:00,0.03888
2025-02-10 15:15,0.04042
2025-02-10 15:30,0.014026
2025-02-10 15:45,0.02235
2025-02-10 16:00,0.009536
2025-02-10 16:15,0.003364
2025-02-10 16:30,0.00448
2025-02-10 16:45,0.006371
2025-02-10 17:00,0.012703
2025-02-10 17:15,0.00354
2025-02-10 17:30,0.016086
2025-02-10 17:45,0.015388
2025-02-10 18:00,0.045069
2025-02-10 18:15,0.003003
2025-02-10 18:30,0.004619
2025-02-10 18:45,0.00393
2025-02-10 19:00,0.010624
2025-02-10 19:15,0.006802
2025-02-10 19:30,0.000786
2025-02-10 19:45,0.002822
2025-02-10 20:00,0.004265
2025-02-10 20:15,0.000453
2025-02-10 20:30,0.010258
2025-02-10 20:45,0.004504
2025-02-10 21:00,0.004599
2025-02-10 21:15,0.005755
2025-02-10 21:30,0.011348
2025-02-10 21:45,0.016004
2025-02-10 22:00,0.004777
2025-02-10 22:15,0.013844
2025-02-10 22:30,0.017317
2025-02-10 22:45,0.006652
2025-02-10 23:00,0.031194
2025-02-10 23:15,0.155688
2025-02-10 23:30,0.043188
2025-02-10 23:45,0.09065
2025-02-11 00:00,0.138498
2025-02-11 00:15,0.110933
2025-02-11 00:30,0.202717
2025-02-11 00:45,0.173093
2025-02-11 01:00,0.320198
2025-02-11 01:15,0.163659
2025-02-11 01:30,0.18791
2025-02-11 01:45,0.311324
2025-02-11 02:00,0.169886
2025-02-11 02:15,0.149667
2025-02-11 02:30,0.210119
2025-02-11 02:45,0.161359
2025-02-11 03:00,0.137551
2025-02-11 03:15,0.160841
2025-02-11 03:30,0.128062
2025-02-11 03:45,0.23156
2025-02-11 04:00,0.300438
2025-02-11 04:15,0.185822
2025-02-11 04:30,0.308102
2025-02-11 04:45,0.270903
2025-02-11 05:00,0.186407
2025-02-11 05:15,0.270947
2025-02-11 05:30,0.631212
2025-02-11 05:45,0.331278
2025-02-11 06:00,0.272142
2025-02-11 06:15,0.242276
2025-02-11 06:30,0.284798
2025-02-11 06:45,0.309554
2025-02-11 07:00,0.37107
2025-02-11 07:15,0.731023
2025-02-11 07:30,0.760235
2025-02-11 07:45,0.692206
2025-02-11 08:00,0.541485
2025-02-11 08:15,0.545002
2025-02-11 08:30,0.590483
2025-02-11 08:45,1.0
2025-02-11 09:00,0.132758
2025-02-11 09:15,0.236363
2025-02-11 09:30,0.166657
2025-02-11 09:45,0.453455
2025-02-11 10:00,0.150442
2025-02-11 10:15,0.053916
2025-02-11 10:30,0.084171
2025-02-11 10:45,0.096417
2025-02-11 11:00,0.086186
2025-02-11 11:15,0.111292
2025-02-11 11:30,0.033765
2025-02-11 11:45,0.061756
2025-02-11 12:00,0.114831
2025-02-11 12:15,0.088038
2025-02-11 12:30,0.064923
2025-02-11 12:45,0.029863
2025-02-11 13:00,0.051544
2025-02-11 13:15,0.052631
2025-02-11 13:30,0.109579
2025-02-11 13:45,0.079381
2025-02-11 14:00,0.043091
2025-02-11 14:15,0.022979
2025-02-11 14:30,0.034423
2025-02-11 14:45,0.007269
2025-02-11 15:00,0.034498
2025-02-11 15:15,0.061071
2025-02-11 15:30,0.015845
2025-02-11 15:45,0.068398
2025-02-11 16:00,0.071203
2025-02-11 16:15,0.028709
2025-02-11 16:30,0.024857
2025-02-11 16:45,0.024801
2025-02-11 17:00,0.01305
2025-02-11 17:15,0.005688
2025-02-11 17:30,0.00578
2025-02-11 17:45,0.002218
2025-02-11 18:00,0.022956
2025-02-11 18:15,0.001786
2025-02-11 18:30,0.005549
2025-02-11 18:45,0.001451
2025-02-11 19:00,0.00871
2025-02-11 19:15,0.004738
2025-02-11 19:30,0.03141
2025-02-11 19:45,0.015199
2025-02-11 20:00,0.009431
2025-02-11 20:15,0.006326
2025-02-11 20:30,0.001879
2025-02-11 20:45,0.022923
2025-02-11 21:00,0.007406
2025-02-11 21:15,0.005127
2025-02-11 21:30,0.004223
2025-02-11 21:45,0.011124
2025-02-11 22:00,0.003563
2025-02-11 22:15,0.001462
2025-02-11 22:30,0.005129
2025-02-11 22:45,0.00772
2025-02-11 23:00,0.025766
2025-02-11 23:15,0.0428
2025-02-11 23:30,0.051117
2025-02-11 23:45,0.07926
2025-02-12 00:00,0.136023
2025-02-12 00:00,0.079698
2025-02-12 00:15,0.07996
2025-02-12 00:30,0.108001
2025-02-12 00:45,0.100675
2025-02-12 01:00,0.096518
2025-02-12 01:15,0.103338
2025-02-12 01:30,0.139397
2025-02-12 01:45,0.258128
2025-02-12 02:00,0.383354
2025-02-12 02:15,0.231648
2025-02-12 02:30,0.137925
2025-02-12 02:45,0.164415
2025-02-12 03:00,0.13651
2025-02-12 03:15,0.15919
2025-02-12 03:30,0.505365
2025-02-12 03:45,0.169223
2025-02-12 04:00,0.200344
2025-02-12 04:15,0.195225
2025-02-12 04:30,0.249232
2025-02-12 04:45,0.502345
2025-02-12 05:00,0.395015
2025-02-12 05:15,0.24999
2025-02-12 05:30,0.168623
2025-02-12 05:45,0.178428
2025-02-12 06:00,0.135482
2025-02-12 06:15,0.159671
2025-02-12 06:30,0.086253
2025-02-12 06:45,0.155217
2025-02-12 07:00,0.360643
2025-02-12 07:15,0.204899
2025-02-12 07:30,0.136159
2025-02-12 07:45,0.261603
2025-02-12 08:00,0.21892
2025-02-12 08:15,0.112606
2025-02-12 08:30,0.1272
2025-02-12 08:45,0.162088
2025-02-12 09:00,0.229356
2025-02-12 09:15,0.280852
2025-02-12 09:30,0.203121
2025-02-12 09:45,0.139626
2025-02-12 10:00,0.126834
2025-02-12 10:15,0.087713
2025-02-12 10:30,0.04994
2025-02-12 10:45,0.037951
2025-02-12 11:00,0.04251
2025-02-12 11:15,0.033963
2025-02-12 11:30,0.046942
2025-02-12 11:45,0.050673
2025-02-12 12:00,0.066125
2025-02-12 12:15,0.050016
2025-02-12 12:30,0.024347
2025-02-12 12:45,0.044754
2025-02-12 13:00,0.018906
2025-02-12 13:15,0.025158
2025-02-12 13:30,0.029618
2025-02-12 13:45,0.037319
2025-02-12 14:00,0.03857
2025-02-12 14:15,0.024322
2025-02-12 14:30,0.01269
2025-02-12 14:45,0.005777
2025-02-12 15:00,0.00375
2025-02-12 15:15,0.007283
2025-02-12 15:30,0.008489
2025-02-12 15:45,0.030568
2025-02-12 16:00,0.037914
2025-02-12 16:15,0.053359
2025-02-12 16:30,0.021069
2025-02-12 16:45,0.006617
2025-02-12 17:00,0.010128
2025-02-12 17:15,0.010785
2025-02-12 17:30,0.024826
2025-02-12 17:45,0.017585
2025-02-12 18:00,0.03685
2025-02-12 18:15,0.00645
2025-02-12 18:30,0.013218
2025-02-12 18:45,0.012221
2025-02-12 19:00,0.004925
2025-02-12 19:15,0.005157
2025-02-12 19:30,0.009453
2025-02-12 19:45,0.021194
2025-02-12 20:00,0.026704
2025-02-12 20:15,0.015477
2025-02-12 20:30,0.032466
2025-02-12 20:45,0.011472
2025-02-12 21:00,0.003625
2025-02-12 21:15,0.008958
2025-02-12 21:30,0.006329
2025-02-12 21:45,0.00584
2025-02-12 22:00,0.009141
2025-02-12 22:15,0.007193
2025-02-12 22:30,0.005268
2025-02-12 22:45,0.009969
2025-02-12 23:00,0.015055
2025-02-12 23:15,0.0171
2025-02-12 23:30,0.025717
2025-02-12 23:45,0.066266
2025-02-13 00:00,0.107829
2025-02-13 00:15,0.193535
2025-02-13 00:30,0.067226
2025-02-13 00:45,0.086072
2025-02-13 01:00,0.162961
2025-02-13 01:15,0.158761
2025-02-13 01:30,0.153288
2025-02-13 01:45,0.133117
2025-02-13 02:00,0.160742
2025-02-13 02:15,0.095527
2025-02-13 02:30,0.10121
2025-02-13 02:45,0.071701
2025-02-13 03:00,0.031089
2025-02-13 03:15,0.089386
2025-02-13 03:30,0.065896
2025-02-13 03:45,0.13895
2025-02-13 04:00,0.196309
2025-02-13 04:15,0.122082
2025-02-13 04:30,0.118757
2025-02-13 04:45,0.161514
2025-02-13 05:00,0.300481
2025-02-13 05:15,0.171062
2025-02-13 05:30,0.116855
2025-02-13 05:45,0.304561
2025-02-13 06:00,0.207451
2025-02-13 06:15,0.264825
2025-02-13 06:30,0.162691
2025-02-13 06:45,0.188349
2025-02-13 07:00,0.207592
2025-02-13 07:15,0.38433
2025-02-13 07:30,0.291704
2025-02-13 07:45,0.131021
2025-02-13 08:00,0.128088
2025-02-13 08:15,0.115308
2025-02-13 08:30,0.199179
2025-02-13 08:45,0.20883
2025-02-13 09:00,0.090542
2025-02-13 09:15,0.074184
2025-02-13 09:30,0.05868
2025-02-13 09:45,0.117584
2025-02-13 10:00,0.076639
2025-02-13 10:15,0.060212
2025-02-13 10:30,0.065543
2025-02-13 10:45,0.082514
2025-02-13 11:00,0.082954
2025-02-13 11:15,0.047679
2025-02-13 11:30,0.041736
2025-02-13 11:45,0.05908
2025-02-13 12:00,0.053767
2025-02-13 12:15,0.063274
2025-02-13 12:30,0.054981
2025-02-13 12:45,0.059143
2025-02-13 13:00,0.032051
2025-02-13 13:15,0.041189
2025-02-13 13:30,0.048137
2025-02-13 13:45,0.078218
2025-02-13 14:00,0.046538
2025-02-13 14:15,0.008339
2025-02-13 14:30,0.015333
2025-02-13 14:45,0.020351
2025-02-13 15:00,0.009346
2025-02-13 15:15,0.011841
2025-02-13 15:30,0.016455
2025-02-13 15:45,0.075267
2025-02-13 16:00,0.012905
2025-02-13 16:15,0.01611
2025-02-13 16:30,0.006571
2025-02-13 16:45,0.007004
2025-02-13 17:00,0.008791
2025-02-13 17:15,0.010253
2025-02-13 17:30,0.037804
2025-02-13 17:45,0.01198
2025-02-13 18:00,0.044896
2025-02-13 18:15,0.012311
2025-02-13 18:30,0.022748
2025-02-13 18:45,0.019107
2025-02-13 19:00,0.005718
2025-02-13 19:15,0.01032
2025-02-13 19:30,0.016782
2025-02-13 19:45,0.005032
2025-02-13 20:00,0.01005
2025-02-13 20:15,0.012074
2025-02-13 20:30,0.024621
2025-02-13 20:45,0.027514
2025-02-13 21:00,0.004772
2025-02-13 21:15,0.00209
2025-02-13 21:30,0.008223
2025-02-13 21:45,0.006359
2025-02-13 22:00,0.002559
2025-02-13 22:15,0.01119
2025-02-13 22:30,0.009047
2025-02-13 22:45,0.02301
2025-02-13 23:00,0.006128
2025-02-13 23:15,0.006464
2025-02-13 23:30,0.059327
2025-02-13 23:45,0.043832
2025-02-14 00:00,0.054925
2025-02-14 00:15,0.070612
2025-02-14 00:30,0.169171
2025-02-14 00:45,0.127845
2025-02-14 01:00,0.093538
2025-02-14 01:15,0.123108
2025-02-14 01:30,0.091005
2025-02-14 01:45,0.148837
2025-02-14 02:00,0.130522
2025-02-14 02:15,0.199115
2025-02-14 02:30,0.11161
2025-02-14 02:45,0.060085
2025-02-14 03:00,0.062541
2025-02-14 03:15,0.077777
2025-02-14 03:30,0.064823
2025-02-14 03:45,0.07395
2025-02-14 04:00,0.076376
2025-02-14 04:15,0.190488
2025-02-14 04:30,0.132336
2025-02-14 04:45,0.125108
2025-02-14 05:00,0.218915
2025-02-14 05:15,0.460254
2025-02-14 05:30,0.376855
2025-02-14 05:45,0.38506
2025-02-14 06:00,0.554497
2025-02-14 06:15,0.425257
2025-02-14 06:30,0.406913
2025-02-14 06:45,0.390082
2025-02-14 07:00,0.502426
2025-02-14 07:15,0.385964
2025-02-14 07:30,0.838402
2025-02-14 07:45,0.519977
2025-02-14 08:00,0.51561
2025-02-14 08:15,0.65068
2025-02-14 08:30,1.0
2025-02-14 08:45,0.751667
2025-02-14 09:00,0.74557
2025-02-14 09:15,0.569275
2025-02-14 09:30,0.427566
2025-02-14 09:45,0.035904
2025-02-14 10:00,0.082751
2025-02-14 10:15,0.382099
2025-02-14 10:30,0.138107
2025-02-14 10:45,0.362482
2025-02-14 11:00,0.304602
2025-02-14 11:15,0.390065
2025-02-14 11:30,0.416284
2025-02-14 11:45,0.095131
2025-02-14 12:00,0.033361
2025-02-14 12:15,0.312441
2025-02-14 12:30,0.429985
2025-02-14 12:45,0.084095
2025-02-14 13:00,0.075508
2025-02-14 13:15,0.054414
2025-02-14 13:30,0.099925
2025-02-14 13:45,0.021192
2025-02-14 14:00,0.013791
2025-02-14 14:15,0.035298
2025-02-14 14:30,0.050809
2025-02-14 14:45,0.041577
2025-02-14 15:00,0.044465
2025-02-14 15:15,0.014496
2025-02-14 15:30,0.023543
2025-02-14 15:45,0.017658
2025-02-14 16:00,0.019607
2025-02-14 16:15,0.009563
2025-02-14 16:30,0.03422
2025-02-14 16:45,0.026064
2025-02-14 17:00,0.01836
2025-02-14 17:15,0.007961
2025-02-14 17:30,0.011453
2025-02-14 17:45,0.020396
2025-02-14 18:00,0.018135
2025-02-14 18:15,0.000902
2025-02-14 18:30,0.002122
2025-02-14 18:45,0.002318
2025-02-14 19:00,0.018306
2025-02-14 19:15,0.005227
2025-02-14 19:30,0.000858
2025-02-14 19:45,0.01313
2025-02-14 20:00,0.006964
2025-02-14 20:15,0.004171
2025-02-14 20:30,0.031803
2025-02-14 20:45,0.018662
2025-02-14 21:00,0.007557
2025-02-14 21:15,0.010958
2025-02-14 21:30,0.01216
2025-02-14 21:45,0.028801
2025-02-14 22:00,0.011532
2025-02-14 22:15,0.010212
2025-02-14 22:30,0.005702
2025-02-14 22:45,0.007927
2025-02-14 23:00,0.004091
2025-02-14 23:15,0.000908
2025-02-14 23:30,0.009205
2025-02-14 23:45,0.00326
2025-02-15 00:00,0.005168
2025-02-15 00:15,0.022156
2025-02-15 00:30,0.018984
2025-02-15 00:45,0.01117
2025-02-15 01:00,0.020779
2025-02-15 01:15,0.004741
2025-02-15 01:30,0.007401
2025-02-15 01:45,0.012176
2025-02-15 02:00,0.026054
2025-02-15 02:15,0.012884
2025-02-15 02:30,0.010262
2025-02-15 02:45,0.01251
2025-02-15 03:00,0.01749
2025-02-15 03:15,0.01367
2025-02-15 03:30,0.07055
2025-02-15 03:45,0.037064
2025-02-15 04:00,0.040226
2025-02-15 04:15,0.022233
2025-02-15 04:30,0.018002
2025-02-15 04:45,0.033517
2025-02-15 05:00,0.01923
2025-02-15 05:15,0.046522
2025-02-15 05:30,0.110749
2025-02-15 05:45,0.082321
2025-02-15 06:00,0.118686
2025-02-15 06:15,0.22293
2025-02-15 06:30,0.116257
2025-02-15 06:45,0.083333
2025-02-15 07:00,0.041035
2025-02-15 07:15,0.026104
2025-02-15 07:30,0.036518
2025-02-15 07:45,0.051237
2025-02-15 08:00,0.058692
2025-02-15 08:15,0.582118
2025-02-15 08:30,0.020346
2025-02-15 08:45,0.040631
2025-02-15 09:00,0.02583
2025-02-15 09:15,0.027077
2025-02-15 09:30,0.028083
2025-02-15 09:45,0.043811
2025-02-15 10:00,0.037146
2025-02-15 10:15,0.04391
2025-02-15 10:30,0.063421
2025-02-15 10:45,0.163178
2025-02-15 11:00,0.053564
2025-02-15 11:15,0.077268
2025-02-15 11:30,0.045096
2025-02-15 11:45,0.051363
2025-02-15 12:00,0.043373
2025-02-15 12:15,0.043376
2025-02-15 12:30,0.070487
2025-02-15 12:45,0.029224
2025-02-15 13:00,0.04242
2025-02-15 13:15,0.030223
2025-02-15 13:30,0.053936
2025-02-15 13:45,0.009237
2025-02-15 14:00,0.048213
2025-02-15 14:15,0.090534
2025-02-15 14:30,0.045141
2025-02-15 14:45,0.041226
2025-02-15 15:00,0.029651
2025-02-15 15:15,0.010621
2025-02-15 15:30,0.00786
2025-02-15 15:45,0.002539
2025-02-15 16:00,0.016135
2025-02-15 16:15,0.006627
2025-02-15 16:30,0.011623
2025-02-15 16:45,0.015834
2025-02-15 17:00,0.005951
2025-02-15 17:15,0.028516
2025-02-15 17:30,0.006874
2025-02-15 17:45,0.019319
2025-02-15 18:00,0.018105
2025-02-15 18:15,0.009444
2025-02-15 18:30,0.003917
2025-02-15 18:45,0.00919
2025-02-15 19:00,0.000394
2025-02-15 19:15,0.000839
2025-02-15 19:30,0.002319
2025-02-15 19:45,0.013082
2025-02-15 20:00,0.011405
2025-02-15 20:15,0.026573
2025-02-15 20:30,0.05126
2025-02-15 20:45,0.016307
2025-02-15 21:00,0.006491
2025-02-15 21:15,0.002683
2025-02-15 21:30,0.005497
2025-02-15 21:45,0.018013
2025-02-15 22:00,0.004497
2025-02-15 22:15,0.000106
2025-02-15 22:30,0.015549
2025-02-15 22:45,0.00366
2025-02-15 23:00,0.013861
2025-02-15 23:15,0.012842
2025-02-15 23:30,0.025192
2025-02-15 23:45,0.004408
2025-02-16 00:00,0.003816
2025-02-16 00:15,0.000928
2025-02-16 00:30,0.003746
2025-02-16 00:45,0.007592
2025-02-16 01:00,0.036606
2025-02-16 01:15,0.028128
2025-02-16 01:30,0.026783
2025-02-16 01:45,0.022024
2025-02-16 02:00,0.018632
2025-02-16 02:15,0.022423
2025-02-16 02:30,0.012879
2025-02-16 02:45,0.015192
2025-02-16 03:00,0.007455
2025-02-16 03:15,0.013154
2025-02-16 03:30,0.015226
2025-02-16 03:45,0.004152
2025-02-16 04:00,0.026255
2025-02-16 04:15,0.014002
2025-02-16 04:30,0.010654
2025-02-16 04:45,0.003536
2025-02-16 05:00,0.006669
2025-02-16 05:15,0.021391
2025-02-16 05:30,0.009866
2025-02-16 05:45,0.033294
2025-02-16 06:00,0.055892
2025-02-16 06:15,0.022477
2025-02-16 06:30,0.021319
2025-02-16 06:45,0.020499
2025-02-16 07:00,0.241395
2025-02-16 07:15,0.263788
2025-02-16 07:30,0.053025
2025-02-16 07:45,0.036615
2025-02-16 08:00,0.011159
2025-02-16 08:15,0.065341
2025-02-16 08:30,0.049024
2025-02-16 08:45,0.059979
2025-02-16 09:00,0.035347
2025-02-16 09:15,0.022038
2025-02-16 09:30,0.017597
2025-02-16 09:45,0.092104
2025-02-16 10:00,0.13649
2025-02-16 10:15,0.076438
2025-02-16 10:30,0.043445
2025-02-16 10:45,0.036645
2025-02-16 11:00,0.057835
2025-02-16 11:15,0.03466
2025-02-16 11:30,0.021995
2025-02-16 11:45,0.028304
2025-02-16 12:00,0.023538
2025-02-16 12:15,0.033569
2025-02-16 12:30,0.048357
2025-02-16 12:45,0.042456
2025-02-16 13:00,0.037945
2025-02-16 13:15,0.037586
2025-02-16 13:30,0.026946
2025-02-16 13:45,0.048284
2025-02-16 14:00,0.014451
2025-02-16 14:15,0.021591
2025-02-16 14:30,0.034115
2025-02-16 14:45,0.028033
2025-02-16 15:00,0.040283
2025-02-16 15:15,0.052803
2025-02-16 15:30,0.026281
2025-02-16 15:45,0.030007
2025-02-16 16:00,0.020073
2025-02-16 16:15,0.01946
2025-02-16 16:30,0.026519
2025-02-16 16:45,0.009261
2025-02-16 17:00,0.002025
2025-02-16 17:15,0.006941
2025-02-16 17:30,0.055248
2025-02-16 17:45,0.105333
2025-02-16 18:00,0.087364
2025-02-16 18:15,0.012234
2025-02-16 18:30,0.001047
2025-02-16 18:45,0.007544
2025-02-16 19:00,0.012952
2025-02-16 19:15,0.003493
2025-02-16 19:30,0.005851
2025-02-16 19:45,0.011801
2025-02-16 20:00,0.00888
2025-02-16 20:15,0.021726
2025-02-16 20:30,0.006287
2025-02-16 20:45,0.020153
2025-02-16 21:00,0.013325
2025-02-16 21:15,0.017035
2025-02-16 21:30,0.009214
2025-02-16 21:45,0.011002
2025-02-16 22:00,0.033279
2025-02-16 22:15,0.00198
2025-02-16 22:30,0.004526
2025-02-16 22:45,0.009696
2025-02-16 23:00,0.012996
2025-02-16 23:15,0.004518
2025-02-16 23:30,0.056995
2025-02-16 23:45,0.033611
2025-02-17 00:00,0.034428
2025-02-17 00:15,0.067474
2025-02-17 00:30,0.085775
2025-02-17 00:45,0.080105
2025-02-17 01:00,0.118794
2025-02-17 01:15,0.30259
2025-02-17 01:30,0.469134
2025-02-17 01:45,0.485025
2025-02-17 02:00,0.444382
2025-02-17 02:15,0.42245
2025-02-17 02:30,0.202565
2025-02-17 02:45,0.085273
2025-02-17 03:00,0.30519
2025-02-17 03:15,0.14832
2025-02-17 03:30,0.408578
2025-02-17 03:45,0.147252
2025-02-17 04:00,0.204849
2025-02-17 04:15,0.164539
2025-02-17 04:30,0.130295
2025-02-17 04:45,0.083244
2025-02-17 05:00,0.229182
2025-02-17 05:15,0.169697
2025-02-17 05:30,0.320065
2025-02-17 05:45,0.37637
2025-02-17 06:00,0.551284
2025-02-17 06:15,0.455142
2025-02-17 06:30,0.504896
2025-02-17 06:45,0.406504
2025-02-17 07:00,0.188464
2025-02-17 07:15,0.331855
2025-02-17 07:30,0.189155
2025-02-17 07:45,0.389079
2025-02-17 08:00,0.60056
2025-02-17 08:15,0.381108
2025-02-17 08:30,0.293609
2025-02-17 08:45,0.466456
2025-02-17 09:00,0.378517
2025-02-17 09:15,0.254987
2025-02-17 09:30,0.189321
2025-02-17 09:45,0.154841
2025-02-17 10:00,0.177018
2025-02-17 10:15,0.129294
2025-02-17 10:30,0.056906
2025-02-17 10:45,0.111888
2025-02-17 11:00,0.075748
2025-02-17 11:15,0.043374
2025-02-17 11:30,0.026087
2025-02-17 11:45,0.048301
2025-02-17 12:00,0.300197
2025-02-17 12:15,0.534269
2025-02-17 12:30,0.528922
2025-02-17 12:45,0.502769
2025-02-17 13:00,0.494316
2025-02-17 13:15,0.292141
2025-02-17 13:30,0.028143
2025-02-17 13:45,0.017069
2025-02-17 14:00,0.118186
2025-02-17 14:15,0.402777
2025-02-17 14:30,0.087894
2025-02-17 14:45,0.01841
2025-02-17 15:00,0.00899
2025-02-17 15:15,0.007189
2025-02-17 15:30,0.011739
2025-02-17 15:45,0.037819
2025-02-17 16:00,0.007399
2025-02-17 16:15,0.005658
2025-02-17 16:30,0.001257
2025-02-17 16:45,0.006152
2025-02-17 17:00,0.014239
2025-02-17 17:15,0.008897
2025-02-17 17:30,0.008567
2025-02-17 17:45,0.004664
2025-02-17 18:00,0.02076
2025-02-17 18:15,0.006396
2025-02-17 18:30,0.002823
2025-02-17 18:45,0.001307
2025-02-17 19:00,0.002599
2025-02-17 19:15,0.003559
2025-02-17 19:30,0.007811
2025-02-17 19:45,0.001751
2025-02-17 20:00,0.011905
2025-02-17 20:15,0.002573
2025-02-17 20:30,0.011766
2025-02-17 20:45,0.001726
2025-02-17 21:00,0.007426
2025-02-17 21:15,0.015184
2025-02-17 21:30,0.004001
2025-02-17 21:45,0.005774
2025-02-17 22:00,0.002864
2025-02-17 22:15,0.010353
2025-02-17 22:30,0.009775
2025-02-17 22:45,0.003558
2025-02-17 23:00,0.019422
2025-02-17 23:15,0.017814
2025-02-17 23:30,0.038132
2025-02-17 23:45,0.038007
2025-02-18 00:00,0.058589
2025-02-18 00:15,0.079452
2025-02-18 00:30,0.191252
2025-02-18 00:45,0.118166
2025-02-18 01:00,0.110292
2025-02-18 01:15,0.170281
2025-02-18 01:30,0.169908
2025-02-18 01:45,0.118249
2025-02-18 02:00,0.357364
2025-02-18 02:15,0.139985
2025-02-18 02:30,0.150743
2025-02-18 02:45,0.119136
2025-02-18 03:00,0.073639
2025-02-18 03:15,0.082183
2025-02-18 03:30,0.105644
2025-02-18 03:45,0.186308
2025-02-18 04:00,0.095043
2025-02-18 04:15,0.131267
2025-02-18 04:30,0.393765
2025-02-18 04:45,0.215007
2025-02-18 05:00,0.17467
2025-02-18 05:15,0.118846
2025-02-18 05:30,0.132817
2025-02-18 05:45,0.199278
2025-02-18 06:00,0.138268
2025-02-18 06:15,0.154871
2025-02-18 06:30,0.091336
2025-02-18 06:45,0.164196
2025-02-18 07:00,0.234253
2025-02-18 07:15,0.202014
2025-02-18 07:30,0.24882
2025-02-18 07:45,0.148781
2025-02-18 08:00,0.149682
2025-02-18 08:15,0.388464
2025-02-18 08:30,0.20532
2025-02-18 08:45,0.151643
2025-02-18 09:00,0.077901
2025-02-18 09:15,0.118027
2025-02-18 09:30,0.170788
2025-02-18 09:45,0.168129
2025-02-18 10:00,0.091926
2025-02-18 10:15,0.100485
2025-02-18 10:30,0.055601
2025-02-18 10:45,0.106596
2025-02-18 11:00,0.060419
2025-02-18 11:15,0.065617
2025-02-18 11:30,0.071574
2025-02-18 11:45,0.067705
2025-02-18 12:00,0.04602
2025-02-18 12:15,0.069605
2025-02-18 12:30,0.106736
2025-02-18 12:45,0.036682
2025-02-18 13:00,0.024863
2025-02-18 13:15,0.050747
2025-02-18 13:30,0.029825
2025-02-18 13:45,0.018348
2025-02-18 14:00,0.031274
2025-02-18 14:15,0.019314
2025-02-18 14:30,0.035692
2025-02-18 14:45,0.024436
2025-02-18 15:00,0.088046
2025-02-18 15:15,0.069642
2025-02-18 15:30,0.079856
2025-02-18 15:45,0.013287
2025-02-18 16:00,0.005042
2025-02-18 16:15,0.006625
2025-02-18 16:30,0.060704
2025-02-18 16:45,0.016344
2025-02-18 17:00,0.006586
2025-02-18 17:15,0.041177
2025-02-18 17:30,0.021809
2025-02-18 17:45,0.005059
2025-02-18 18:00,0.014039
2025-02-18 18:15,0.009134
2025-02-18 18:30,0.007183
2025-02-18 18:45,0.012418
2025-02-18 19:00,0.018836
2025-02-18 19:15,0.00821
2025-02-18 19:30,0.005815
2025-02-18 19:45,0.002518
2025-02-18 20:00,0.006607
2025-02-18 20:15,0.002352
2025-02-18 20:30,0.005148
2025-02-18 20:45,0.008004
2025-02-18 21:00,0.006986
2025-02-18 21:15,0.00745
2025-02-18 21:30,0.022521
2025-02-18 21:45,0.009079
2025-02-18 22:00,0.012994
2025-02-18 22:15,0.005626
2025-02-18 22:30,0.015885
2025-02-18 22:45,0.006591
2025-02-18 23:00,0.016361
2025-02-18 23:15,0.032354
2025-02-18 23:30,0.032928
2025-02-18 23:45,0.074139
2025-02-19 00:00,0.047113
2025-02-19 00:00,0.011589
2025-02-19 00:15,0.039005
2025-02-19 00:30,0.055204
2025-02-19 00:45,0.031824
2025-02-19 01:00,0.054042
2025-02-19 01:15,0.033435
2025-02-19 01:30,0.04457
2025-02-19 01:45,0.051843
2025-02-19 02:00,0.038566
2025-02-19 02:15,0.033481
2025-02-19 02:30,0.032463
2025-02-19 02:45,0.02646
2025-02-19 03:00,0.017832
2025-02-19 03:15,0.019117
2025-02-19 03:30,0.013853
2025-02-19 03:45,0.034029
2025-02-19 04:00,0.017837
2025-02-19 04:15,0.032489
2025-02-19 04:30,0.032981
2025-02-19 04:45,0.026582
2025-02-19 05:00,0.025483
2025-02-19 05:15,0.041161
2025-02-19 05:30,0.049757
2025-02-19 05:45,0.043285
2025-02-19 06:00,0.043542
2025-02-19 06:15,0.071196
2025-02-19 06:30,0.041487
2025-02-19 06:45,0.057833
2025-02-19 07:00,0.030227
2025-02-19 07:15,0.031804
2025-02-19 07:30,0.046575
2025-02-19 07:45,0.030814
2025-02-19 08:00,0.034509
2025-02-19 08:15,0.04437
2025-02-19 08:30,0.085532
2025-02-19 08:45,0.051241
2025-02-19 09:00,0.015018
2025-02-19 09:15,0.013758
2025-02-19 09:30,0.015278
2025-02-19 09:45,0.021907
2025-02-19 10:00,0.015146
2025-02-19 10:15,0.008591
2025-02-19 10:30,0.007314
2025-02-19 10:45,0.029784
2025-02-19 11:00,0.011448
2025-02-19 11:15,0.031737
2025-02-19 11:30,0.006388
2025-02-19 11:45,0.006464
2025-02-19 12:00,0.013973
2025-02-19 12:15,0.015876
2025-02-19 12:30,0.045643
2025-02-19 12:45,0.107624
2025-02-19 13:00,0.104496
2025-02-19 13:15,0.152877
2025-02-19 13:30,0.187194
2025-02-19 13:45,0.09984
2025-02-19 14:00,0.169302
2025-02-19 14:15,0.07958
2025-02-19 14:30,0.011639
2025-02-19 14:45,0.012731
2025-02-19 15:00,0.008041
2025-02-19 15:15,0.009822
2025-02-19 15:30,0.003595
2025-02-19 15:45,0.002583
2025-02-19 16:00,0.001344
2025-02-19 16:15,0.001654
2025-02-19 16:30,0.014194
2025-02-19 16:45,0.026689
2025-02-19 17:00,0.015169
2025-02-19 17:15,0.010363
2025-02-19 17:30,0.00138
2025-02-19 17:45,0.004413
2025-02-19 18:00,0.00976
2025-02-19 18:15,0.002771
2025-02-19 18:30,0.000144
2025-02-19 18:45,0.001377
2025-02-19 19:00,0.001751
2025-02-19 19:15,0.00066
2025-02-19 19:30,0.00104
2025-02-19 19:45,0.002552
2025-02-19 20:00,0.001416
2025-02-19 20:15,0.001216
2025-02-19 20:30,0.002959
2025-02-19 20:45,0.003358
2025-02-19 21:00,0.001467
2025-02-19 21:15,0.001823
2025-02-19 21:30,0.002886
2025-02-19 21:45,0.002067
2025-02-19 22:00,0.000909
2025-02-19 22:15,0.000503
2025-02-19 22:30,0.006798
2025-02-19 22:45,0.001803
2025-02-19 23:00,0.002431
2025-02-19 23:15,0.014058
2025-02-19 23:30,0.011215
2025-02-19 23:45,0.031214
2025-02-20 00:00,0.019768
2025-02-20 00:15,0.018788
2025-02-20 00:30,0.02046
2025-02-20 00:45,0.037567
2025-02-20 01:00,0.036354
2025-02-20 01:15,0.042043
2025-02-20 01:30,0.046826
2025-02-20 01:45,0.039576
2025-02-20 02:00,0.036565
2025-02-20 02:15,0.029863
2025-02-20 02:30,0.024452
2025-02-20 02:45,0.030212
2025-02-20 03:00,0.028041
2025-02-20 03:15,0.031547
2025-02-20 03:30,0.027129
2025-02-20 03:45,0.038125
2025-02-20 04:00,0.035005
2025-02-20 04:15,0.031729
2025-02-20 04:30,0.255926
2025-02-20 04:45,0.108518
2025-02-20 05:00,0.030297
2025-02-20 05:15,0.049997
2025-02-20 05:30,0.037731
2025-02-20 05:45,0.037307
2025-02-20 06:00,0.047764
2025-02-20 06:15,0.062732
2025-02-20 06:30,0.0971
2025-02-20 06:45,0.081785
2025-02-20 07:00,0.050448
2025-02-20 07:15,0.048621
2025-02-20 07:30,0.078
2025-02-20 07:45,0.046275
2025-02-20 08:00,0.078402
2025-02-20 08:15,0.046304
2025-02-20 08:30,0.053049
2025-02-20 08:45,0.061399
2025-02-20 09:00,0.039667
2025-02-20 09:15,0.031765
2025-02-20 09:30,0.036335
2025-02-20 09:45,0.035529
2025-02-20 10:00,0.029372
2025-02-20 10:15,0.024123
2025-02-20 10:30,0.008535
2025-02-20 10:45,0.011472
2025-02-20 11:00,0.018831
2025-02-20 11:15,0.015677
2025-02-20 11:30,0.015294
2025-02-20 11:45,0.061809
2025-02-20 12:00,0.016465
2025-02-20 12:15,0.006964
2025-02-20 12:30,0.00867
2025-02-20 12:45,0.027833
2025-02-20 13:00,0.008747
2025-02-20 13:15,0.013717
2025-02-20 13:30,0.007933
2025-02-20 13:45,0.013361
2025-02-20 14:00,0.007717
2025-02-20 14:15,0.006142
2025-02-20 14:30,0.006518
2025-02-20 14:45,0.003645
2025-02-20 15:00,0.00593
2025-02-20 15:15,0.008295
2025-02-20 15:30,0.003575
2025-02-20 15:45,0.006725
2025-02-20 16:00,0.002003
2025-02-20 16:15,0.001993
2025-02-20 16:30,0.003566
2025-02-20 16:45,0.001565
2025-02-20 17:00,0.002322
2025-02-20 17:15,0.000743
2025-02-20 17:30,0.002673
2025-02-20 17:45,0.002062
2025-02-20 18:00,0.004761
2025-02-20 18:15,0.000689
2025-02-20 18:30,0.007612
2025-02-20 18:45,0.02533
2025-02-20 19:00,0.011652
2025-02-20 19:15,0.005706
2025-02-20 19:30,0.008247
2025-02-20 19:45,0.01804
2025-02-20 20:00,0.004545
2025-02-20 20:15,0.00138
2025-02-20 20:30,0.003633
2025-02-20 20:45,0.001695
2025-02-20 21:00,0.014976
2025-02-20 21:15,0.006694
2025-02-20 21:30,0.00106
2025-02-20 21:45,0.003192
2025-02-20 22:00,0.001355
2025-02-20 22:15,0.001654
2025-02-20 22:30,0.00507
2025-02-20 22:45,0.003003
2025-02-20 23:00,0.001245
2025-02-20 23:15,0.008911
2025-02-20 23:30,0.00897
2025-02-20 23:45,0.005444
2025-02-21 00:00,0.015916
2025-02-21 00:15,0.033318
2025-02-21 00:30,0.015721
2025-02-21 00:45,0.017368
2025-02-21 01:00,0.038129
2025-02-21 01:15,0.032599
2025-02-21 01:30,0.034786
2025-02-21 01:45,0.032207
2025-02-21 02:00,0.027112
2025-02-21 02:15,0.023426
2025-02-21 02:30,0.029078
2025-02-21 02:45,0.027887
2025-02-21 03:00,0.011236
2025-02-21 03:15,0.016285
2025-02-21 03:30,0.022469
2025-02-21 03:45,0.014365
2025-02-21 04:00,0.024832
2025-02-21 04:15,0.194573
2025-02-21 04:30,0.019559
2025-02-21 04:45,0.056278
2025-02-21 05:00,0.024833
2025-02-21 05:15,0.028315
2025-02-21 05:30,0.02701
2025-02-21 05:45,0.024307
2025-02-21 06:00,0.038569
2025-02-21 06:15,0.036505
2025-02-21 06:30,0.045109
2025-02-21 06:45,0.047897
2025-02-21 07:00,0.023738
2025-02-21 07:15,0.022615
2025-02-21 07:30,0.046159
2025-02-21 07:45,0.027174
2025-02-21 08:00,0.043636
2025-02-21 08:15,0.027058
2025-02-21 08:30,0.02944
2025-02-21 08:45,0.034787
2025-02-21 09:00,0.013838
2025-02-21 09:15,0.018596
2025-02-21 09:30,0.021153
2025-02-21 09:45,0.033028
2025-02-21 10:00,0.017661
2025-02-21 10:15,0.004681
2025-02-21 10:30,0.010553
2025-02-21 10:45,0.012159
2025-02-21 11:00,0.008181
2025-02-21 11:15,0.003019
2025-02-21 11:30,0.007331
2025-02-21 11:45,0.006626
2025-02-21 12:00,0.025448
2025-02-21 12:15,0.051325
2025-02-21 12:30,0.012339
2025-02-21 12:45,0.003665
2025-02-21 13:00,0.007131
2025-02-21 13:15,0.012165
2025-02-21 13:30,0.007983
2025-02-21 13:45,0.01975
2025-02-21 14:00,0.014018
2025-02-21 14:15,0.00627
2025-02-21 14:30,0.009195
2025-02-21 14:45,0.005016
2025-02-21 15:00,0.001087
2025-02-21 15:15,0.002723
2025-02-21 15:30,0.0167
2025-02-21 15:45,0.001813
2025-02-21 16:00,0.001745
2025-02-21 16:15,0.002133
2025-02-21 16:30,0.000588
2025-02-21 16:45,0.001091
2025-02-21 17:00,0.00243
2025-02-21 17:15,0.000368
2025-02-21 17:30,0.000466
2025-02-21 17:45,0.001077
2025-02-21 18:00,0.003436
2025-02-21 18:15,0.001247
2025-02-21 18:30,0.000157
2025-02-21 18:45,0.000136
2025-02-21 19:00,9.9e-05
2025-02-21 19:15,0.000404
2025-02-21 19:30,8.8e-05
2025-02-21 19:45,0.00013
2025-02-21 20:00,0.000204
2025-02-21 20:15,0.00053
2025-02-21 20:30,0.001194
2025-02-21 20:45,0.007227
2025-02-21 21:00,0.006614
2025-02-21 21:15,0.004103
2025-02-21 21:30,0.002083
2025-02-21 21:45,0.009465
2025-02-21 22:00,0.001774
2025-02-21 22:15,2.4e-05
2025-02-21 22:30,1.5e-05
2025-02-21 22:45,0.001589
2025-02-21 23:00,0.001012
2025-02-21 23:15,0.003297
2025-02-21 23:30,0.004784
2025-02-21 23:45,0.004864
2025-02-22 00:00,0.003607
2025-02-22 00:15,0.001829
2025-02-22 00:30,0.004596
2025-02-22 00:45,0.001361
2025-02-22 01:00,0.007205
2025-02-22 01:15,0.002358
2025-02-22 01:30,0.002213
2025-02-22 01:45,0.007742
2025-02-22 02:00,0.00414
2025-02-22 02:15,0.005469
2025-02-22 02:30,0.001475
2025-02-22 02:45,0.001657
2025-02-22 03:00,0.003537
2025-02-22 03:15,0.004598
2025-02-22 03:30,0.005033
2025-02-22 03:45,0.007812
2025-02-22 04:00,0.010067
2025-02-22 04:15,0.006877
2025-02-22 04:30,0.008526
2025-02-22 04:45,0.009375
2025-02-22 05:00,0.003826
2025-02-22 05:15,0.006637
2025-02-22 05:30,0.01158
2025-02-22 05:45,0.009784
2025-02-22 06:00,0.01274
2025-02-22 06:15,0.017967
2025-02-22 06:30,0.005878
2025-02-22 06:45,0.020711
2025-02-22 07:00,0.009534
2025-02-22 07:15,0.014264
2025-02-22 07:30,0.013652
2025-02-22 07:45,0.003626
2025-02-22 08:00,0.003788
2025-02-22 08:15,0.004296
2025-02-22 08:30,0.005417
2025-02-22 08:45,0.001925
2025-02-22 09:00,0.001
2025-02-22 09:15,0.003304
2025-02-22 09:30,0.006299
2025-02-22 09:45,0.00358
2025-02-22 10:00,0.00406
2025-02-22 10:15,0.005313
2025-02-22 10:30,0.002583
2025-02-22 10:45,0.005242
2025-02-22 11:00,0.009274
2025-02-22 11:15,0.005493
2025-02-22 11:30,0.005837
2025-02-22 11:45,0.007525
2025-02-22 12:00,0.003853
2025-02-22 12:15,0.00532
2025-02-22 12:30,0.00757
2025-02-22 12:45,0.005114
2025-02-22 13:00,0.003575
2025-02-22 13:15,0.00288
2025-02-22 13:30,0.001621
2025-02-22 13:45,0.00314
2025-02-22 14:00,0.003679
2025-02-22 14:15,0.003609
2025-02-22 14:30,0.003774
2025-02-22 14:45,0.001888
2025-02-22 15:00,0.002627
2025-02-22 15:15,0.000665
2025-02-22 15:30,0.001978
2025-02-22 15:45,0.003045
2025-02-22 16:00,0.001159
2025-02-22 16:15,0.000426
2025-02-22 16:30,0.004061
2025-02-22 16:45,0.001414
2025-02-22 17:00,0.006187
2025-02-22 17:15,0.000379
2025-02-22 17:30,0.000973
2025-02-22 17:45,0.001412
2025-02-22 18:00,0.005866
2025-02-22 18:15,0.002221
2025-02-22 18:30,0.003118
2025-02-22 18:45,0.000178
2025-02-22 19:00,0.001132
2025-02-22 19:15,0.000421
2025-02-22 19:30,0.001794
2025-02-22 19:45,0.000175
2025-02-22 20:00,0.000466
2025-02-22 20:15,0.000243
2025-02-22 20:30,0.000466
2025-02-22 20:45,0.001174
2025-02-22 21:00,0.000831
2025-02-22 21:15,0.002226
2025-02-22 21:30,0.003293
2025-02-22 21:45,0.001779
2025-02-22 22:00,0.001151
2025-02-22 22:15,0.000582
2025-02-22 22:30,0.000271
2025-02-22 22:45,0.000362
2025-02-22 23:00,0.001241
2025-02-22 23:15,0.000328
2025-02-22 23:30,0.00114
2025-02-22 23:45,6.4e-05
2025-02-23 00:00,0.000804
2025-02-23 00:15,0.001033
2025-02-23 00:30,0.001502
2025-02-23 00:45,0.001009
2025-02-23 01:00,0.003572
2025-02-23 01:15,0.000382
2025-02-23 01:30,0.00093
2025-02-23 01:45,0.004155
2025-02-23 02:00,0.005714
2025-02-23 02:15,0.006496
2025-02-23 02:30,0.016988
2025-02-23 02:45,0.007085
2025-02-23 03:00,0.001839
2025-02-23 03:15,0.001893
2025-02-23 03:30,0.003441
2025-02-23 03:45,0.003761
2025-02-23 04:00,0.007119
2025-02-23 04:15,0.016225
2025-02-23 04:30,0.026423
2025-02-23 04:45,0.015923
2025-02-23 05:00,0.028344
2025-02-23 05:15,0.011043
2025-02-23 05:30,0.011438
2025-02-23 05:45,0.015279
2025-02-23 06:00,0.006732
2025-02-23 06:15,0.010113
2025-02-23 06:30,0.023469
2025-02-23 06:45,0.026403
2025-02-23 07:00,0.014298
2025-02-23 07:15,0.016563
2025-02-23 07:30,0.02622
2025-02-23 07:45,0.012095
2025-02-23 08:00,0.023804
2025-02-23 08:15,0.014428
2025-02-23 08:30,0.026501
2025-02-23 08:45,0.019173
2025-02-23 09:00,0.037406
2025-02-23 09:15,0.009824
2025-02-23 09:30,0.006405
2025-02-23 09:45,0.004525
2025-02-23 10:00,0.004467
2025-02-23 10:15,0.004057
2025-02-23 10:30,0.00473
2025-02-23 10:45,0.004846
2025-02-23 11:00,0.005181
2025-02-23 11:15,0.004768
2025-02-23 11:30,0.004364
2025-02-23 11:45,0.003278
2025-02-23 12:00,0.002787
2025-02-23 12:15,0.052519
2025-02-23 12:30,0.042938
2025-02-23 12:45,0.004464
2025-02-23 13:00,0.006753
2025-02-23 13:15,0.004434
2025-02-23 13:30,0.005098
2025-02-23 13:45,0.004859
2025-02-23 14:00,0.001131
2025-02-23 14:15,0.004265
2025-02-23 14:30,0.006564
2025-02-23 14:45,0.010348
2025-02-23 15:00,0.003864
2025-02-23 15:15,0.003592
2025-02-23 15:30,0.000985
2025-02-23 15:45,0.000599
2025-02-23 16:00,0.000444
2025-02-23 16:15,0.00233
2025-02-23 16:30,0.003673
2025-02-23 16:45,0.00306
2025-02-23 17:00,0.0008
2025-02-23 17:15,0.003803
2025-02-23 17:30,0.003093
2025-02-23 17:45,0.001645
2025-02-23 18:00,0.003064
2025-02-23 18:15,0.00519
2025-02-23 18:30,0.002528
2025-02-23 18:45,0.005324
2025-02-23 19:00,0.006559
2025-02-23 19:15,0.000997
2025-02-23 19:30,0.000352
2025-02-23 19:45,0.001406
2025-02-23 20:00,0.000839
2025-02-23 20:15,0.002777
2025-02-23 20:30,0.001846
2025-02-23 20:45,0.00255
2025-02-23 21:00,0.002456
2025-02-23 21:15,0.005858
2025-02-23 21:30,0.002167
2025-02-23 21:45,0.001915
2025-02-23 22:00,0.009724
2025-02-23 22:15,0.025507
2025-02-23 22:30,0.007017
2025-02-23 22:45,0.006852
2025-02-23 23:00,0.010641
2025-02-23 23:15,0.006022
2025-02-23 23:30,0.003423
2025-02-23 23:45,0.017128
2025-02-24 00:00,0.019009
2025-02-24 00:15,0.020565
2025-02-24 00:30,0.017648
2025-02-24 00:45,0.041413
2025-02-24 01:00,0.036818
2025-02-24 01:15,0.048144
2025-02-24 01:30,0.078566
2025-02-24 01:45,0.33934
2025-02-24 02:00,0.291934
2025-02-24 02:15,0.204532
2025-02-24 02:30,0.101231
2025-02-24 02:45,0.041752
2025-02-24 03:00,0.01215
2025-02-24 03:15,0.000821
2025-02-24 03:30,0.036853
2025-02-24 03:45,0.019987
2025-02-24 04:00,0.036589
2025-02-24 04:15,0.094979
2025-02-24 04:30,0.410557
2025-02-24 04:45,0.276974
2025-02-24 05:00,0.25109
2025-02-24 05:15,0.121416
2025-02-24 05:30,0.101021
2025-02-24 05:45,0.04521
2025-02-24 06:00,0.055188
2025-02-24 06:15,0.127968
2025-02-24 06:30,0.068351
2025-02-24 06:45,0.083401
2025-02-24 07:00,0.039379
2025-02-24 07:15,0.348958
2025-02-24 07:30,0.056547
2025-02-24 07:45,0.037791
2025-02-24 08:00,0.049603
2025-02-24 08:15,0.059671
2025-02-24 08:30,0.052442
2025-02-24 08:45,0.035751
2025-02-24 09:00,0.021912
2025-02-24 09:15,0.023126
2025-02-24 09:30,0.011342
2025-02-24 09:45,0.011024
2025-02-24 10:00,0.018036
2025-02-24 10:15,0.010453
2025-02-24 10:30,0.012996
2025-02-24 10:45,0.020487
2025-02-24 11:00,0.007891
2025-02-24 11:15,0.016362
2025-02-24 11:30,0.01905
2025-02-24 11:45,0.03092
2025-02-24 12:00,0.023518
2025-02-24 12:15,0.012302
2025-02-24 12:30,0.017795
2025-02-24 12:45,0.011324
2025-02-24 13:00,0.00707
2025-02-24 13:15,0.016413
2025-02-24 13:30,0.013323
2025-02-24 13:45,0.011084
2025-02-24 14:00,0.015539
2025-02-24 14:15,0.005271
2025-02-24 14:30,0.072072
2025-02-24 14:45,0.26799
2025-02-24 15:00,0.250319
2025-02-24 15:15,0.242724
2025-02-24 15:30,0.064195
2025-02-24 15:45,0.002958
2025-02-24 16:00,0.010672
2025-02-24 16:15,0.004421
2025-02-24 16:30,0.004792
2025-02-24 16:45,0.006062
2025-02-24 17:00,0.009335
2025-02-24 17:15,0.009132
2025-02-24 17:30,0.010731
2025-02-24 17:45,0.000767
2025-02-24 18:00,0.003449
2025-02-24 18:15,0.001257
2025-02-24 18:30,0.000627
2025-02-24 18:45,0.001577
2025-02-24 19:00,0.000555
2025-02-24 19:15,0.001618
2025-02-24 19:30,0.00146
2025-02-24 19:45,0.000496
2025-02-24 20:00,0.000506
2025-02-24 20:15,0.004533
2025-02-24 20:30,0.018717
2025-02-24 20:45,0.001558
2025-02-24 21:00,0.001073
2025-02-24 21:15,0.002396
2025-02-24 21:30,0.00964
2025-02-24 21:45,0.005566
2025-02-24 22:00,0.00591
2025-02-24 22:15,0.002305
2025-02-24 22:30,0.000718
2025-02-24 22:45,0.001092
2025-02-24 23:00,0.002549
2025-02-24 23:15,0.003497
2025-02-24 23:30,0.007943
2025-02-24 23:45,0.009921
2025-02-25 00:00,0.007341
2025-02-25 00:15,0.015444
2025-02-25 00:30,0.021538
2025-02-25 00:45,0.032254
2025-02-25 01:00,0.025197
2025-02-25 01:15,0.040624
2025-02-25 01:30,0.068405
2025-02-25 01:45,0.05037
2025-02-25 02:00,0.029254
2025-02-25 02:15,0.030683
2025-02-25 02:30,0.037206
2025-02-25 02:45,0.020838
2025-02-25 03:00,0.021441
2025-02-25 03:15,0.015489
2025-02-25 03:30,0.029683
2025-02-25 03:45,0.069507
2025-02-25 04:00,0.032778
2025-02-25 04:15,0.030281
2025-02-25 04:30,0.030013
2025-02-25 04:45,0.043309
2025-02-25 05:00,0.040862
2025-02-25 05:15,0.049659
2025-02-25 05:30,0.043182
2025-02-25 05:45,0.054928
2025-02-25 06:00,0.041931
2025-02-25 06:15,0.029446
2025-02-25 06:30,0.109922
2025-02-25 06:45,0.068852
2025-02-25 07:00,0.083001
2025-02-25 07:15,0.05204
2025-02-25 07:30,0.062268
2025-02-25 07:45,0.040599
2025-02-25 08:00,0.105256
2025-02-25 08:15,0.081751
2025-02-25 08:30,0.072267
2025-02-25 08:45,0.094271
2025-02-25 09:00,0.087678
2025-02-25 09:15,0.122779
2025-02-25 09:30,0.174546
2025-02-25 09:45,0.051437
2025-02-25 10:00,0.045937
2025-02-25 10:15,0.058822
2025-02-25 10:30,0.073198
2025-02-25 10:45,0.082144
2025-02-25 11:00,0.101533
2025-02-25 11:15,0.056147
2025-02-25 11:30,0.006665
2025-02-25 11:45,0.067356
2025-02-25 12:00,1.0
2025-02-25 12:15,0.992946
2025-02-25 12:30,0.031699
2025-02-25 12:45,0.013893
2025-02-25 13:00,0.011383
2025-02-25 13:15,0.013846
2025-02-25 13:30,0.011465
2025-02-25 13:45,0.010061
2025-02-25 14:00,0.119181
2025-02-25 14:15,0.030296
2025-02-25 14:30,0.010227
2025-02-25 14:45,0.00823
2025-02-25 15:00,0.010526
2025-02-25 15:15,0.016554
2025-02-25 15:30,0.012207
2025-02-25 15:45,0.018502
2025-02-25 16:00,0.029852
2025-02-25 16:15,0.035176
2025-02-25 16:30,0.028544
2025-02-25 16:45,0.041918
2025-02-25 17:00,0.038482
2025-02-25 17:15,0.024536
2025-02-25 17:30,0.031301
2025-02-25 17:45,0.061644
2025-02-25 18:00,0.094023
2025-02-25 18:15,0.069914
2025-02-25 18:30,0.019815
2025-02-25 18:45,0.004808
2025-02-25 19:00,0.004679
2025-02-25 19:15,0.009552
2025-02-25 19:30,0.053502
2025-02-25 19:45,0.103829
2025-02-25 20:00,0.001131
2025-02-25 20:15,0.000286
2025-02-25 20:30,0.090394
2025-02-25 20:45,0.080373
2025-02-25 21:00,0.083057
2025-02-25 21:15,0.093803
2025-02-25 21:30,0.097905
2025-02-25 21:45,0.014977
2025-02-25 22:00,0.006683
2025-02-25 22:15,0.00263
2025-02-25 22:30,0.002243
2025-02-25 22:45,0.004024
2025-02-25 23:00,0.001468
2025-02-25 23:15,0.006507
2025-02-25 23:30,0.006378
2025-02-25 23:45,0.008522
2025-02-26 00:00,0.013028
2025-02-26 00:00,0.029066
2025-02-26 00:15,0.051859
2025-02-26 00:30,0.042064
2025-02-26 00:45,0.075562
2025-02-26 01:00,0.064808
2025-02-26 01:15,0.045299
2025-02-26 01:30,0.051387
2025-02-26 01:45,0.102108
2025-02-26 02:00,0.048919
2025-02-26 02:15,0.056779
2025-02-26 02:30,0.075689
2025-02-26 02:45,0.108019
2025-02-26 03:00,0.081977
2025-02-26 03:15,0.076091
2025-02-26 03:30,0.104959
2025-02-26 03:45,0.058793
2025-02-26 04:00,0.066087
2025-02-26 04:15,0.056818
2025-02-26 04:30,0.139147
2025-02-26 04:45,0.091593
2025-02-26 05:00,0.122274
2025-02-26 05:15,0.080566
2025-02-26 05:30,0.144297
2025-02-26 05:45,0.138507
2025-02-26 06:00,0.093128
2025-02-26 06:15,0.104742
2025-02-26 06:30,0.07227
2025-02-26 06:45,0.067779
2025-02-26 07:00,0.820545
2025-02-26 07:15,0.246163
2025-02-26 07:30,0.089906
2025-02-26 07:45,0.06177
2025-02-26 08:00,0.079809
2025-02-26 08:15,0.082774
2025-02-26 08:30,0.068609
2025-02-26 08:45,0.063381
2025-02-26 09:00,0.066235
2025-02-26 09:15,0.031743
2025-02-26 09:30,0.040107
2025-02-26 09:45,0.022201
2025-02-26 10:00,0.039167
2025-02-26 10:15,0.027765
2025-02-26 10:30,0.029954
2025-02-26 10:45,0.019857
2025-02-26 11:00,0.01121
2025-02-26 11:15,0.025685
2025-02-26 11:30,0.141146
2025-02-26 11:45,0.250908
2025-02-26 12:00,0.03232
2025-02-26 12:15,0.012349
2025-02-26 12:30,0.034243
2025-02-26 12:45,0.010473
2025-02-26 13:00,0.096822
2025-02-26 13:15,0.02313
2025-02-26 13:30,0.017029
2025-02-26 13:45,0.007815
2025-02-26 14:00,0.009336
2025-02-26 14:15,0.016271
2025-02-26 14:30,0.013347
2025-02-26 14:45,0.015216
2025-02-26 15:00,0.037145
2025-02-26 15:15,0.039944
2025-02-26 15:30,0.022993
2025-02-26 15:45,0.00799
2025-02-26 16:00,0.016782
2025-02-26 16:15,0.006538
2025-02-26 16:30,0.00764
2025-02-26 16:45,0.020727
2025-02-26 17:00,0.007389
2025-02-26 17:15,0.018844
2025-02-26 17:30,0.033353
2025-02-26 17:45,0.013262
2025-02-26 18:00,0.010801
2025-02-26 18:15,0.001773
2025-02-26 18:30,0.002009
2025-02-26 18:45,0.001336
2025-02-26 19:00,0.004164
2025-02-26 19:15,0.001066
2025-02-26 19:30,0.003699
2025-02-26 19:45,0.001892
2025-02-26 20:00,0.003781
2025-02-26 20:15,0.005852
2025-02-26 20:30,0.019385
2025-02-26 20:45,0.036218
2025-02-26 21:00,0.036116
2025-02-26 21:15,0.001021
2025-02-26 21:30,0.005289
2025-02-26 21:45,0.00921
2025-02-26 22:00,0.002671
2025-02-26 22:15,0.004322
2025-02-26 22:30,0.008171
2025-02-26 22:45,0.005029
2025-02-26 23:00,0.008665
2025-02-26 23:15,0.005769
2025-02-26 23:30,0.014435
2025-02-26 23:45,0.053494
2025-02-27 00:00,0.058414
2025-02-27 00:15,0.055736
2025-02-27 00:30,0.048283
2025-02-27 00:45,0.066368
2025-02-27 01:00,0.055418
2025-02-27 01:15,0.06708
2025-02-27 01:30,0.069387
2025-02-27 01:45,0.10705
2025-02-27 02:00,0.076659
2025-02-27 02:15,0.048736
2025-02-27 02:30,0.037854
2025-02-27 02:45,0.074743
2025-02-27 03:00,0.047845
2025-02-27 03:15,0.045266
2025-02-27 03:30,0.106001
2025-02-27 03:45,0.04751
2025-02-27 04:00,0.057258
2025-02-27 04:15,0.069876
2025-02-27 04:30,0.08184
2025-02-27 04:45,0.117988
2025-02-27 05:00,0.155265
2025-02-27 05:15,0.095313
2025-02-27 05:30,0.102261
2025-02-27 05:45,0.163182
2025-02-27 06:00,0.104217
2025-02-27 06:15,0.101468
2025-02-27 06:30,0.210276
2025-02-27 06:45,0.179094
2025-02-27 07:00,0.141061
2025-02-27 07:15,0.229335
2025-02-27 07:30,0.189364
2025-02-27 07:45,0.133701
2025-02-27 08:00,0.14813
2025-02-27 08:15,0.10194
2025-02-27 08:30,0.144244
2025-02-27 08:45,0.093073
2025-02-27 09:00,0.031587
2025-02-27 09:15,0.05054
2025-02-27 09:30,0.042762
2025-02-27 09:45,0.047563
2025-02-27 10:00,0.057509
2025-02-27 10:15,0.030853
2025-02-27 10:30,0.151954
2025-02-27 10:45,0.031678
2025-02-27 11:00,0.033358
2025-02-27 11:15,0.022003
2025-02-27 11:30,0.026694
2025-02-27 11:45,0.017262
2025-02-27 12:00,0.142123
2025-02-27 12:15,0.019292
2025-02-27 12:30,0.107266
2025-02-27 12:45,0.084229
2025-02-27 13:00,0.010537
2025-02-27 13:15,0.013124
2025-02-27 13:30,0.017022
2025-02-27 13:45,0.016079
2025-02-27 14:00,0.018105
2025-02-27 14:15,0.017944
2025-02-27 14:30,0.017535
2025-02-27 14:45,0.009961
2025-02-27 15:00,0.009472
2025-02-27 15:15,0.010369
2025-02-27 15:30,0.005948
2025-02-27 15:45,0.003483
2025-02-27 16:00,0.009608
2025-02-27 16:15,0.020224
2025-02-27 16:30,0.006519
2025-02-27 16:45,0.002306
2025-02-27 17:00,0.00363
2025-02-27 17:15,0.00101
2025-02-27 17:30,0.004226
2025-02-27 17:45,0.009698
2025-02-27 18:00,0.006287
2025-02-27 18:15,0.003134
2025-02-27 18:30,0.000894
2025-02-27 18:45,0.000909
2025-02-27 19:00,0.00168
2025-02-27 19:15,0.004031
2025-02-27 19:30,0.002009
2025-02-27 19:45,0.004182
2025-02-27 20:00,0.001256
2025-02-27 20:15,0.002899
2025-02-27 20:30,0.013486
2025-02-27 20:45,0.002685
2025-02-27 21:00,0.002563
2025-02-27 21:15,0.004982
2025-02-27 21:30,0.00109
2025-02-27 21:45,0.004742
2025-02-27 22:00,0.00308
2025-02-27 22:15,0.004002
2025-02-27 22:30,0.000651
2025-02-27 22:45,0.002354
2025-02-27 23:00,0.003442
2025-02-27 23:15,0.006862
2025-02-27 23:30,0.012844
2025-02-27 23:45,0.017363
2025-02-28 00:00,0.034392
2025-02-28 00:15,0.044669
2025-02-28 00:30,0.062113
2025-02-28 00:45,0.112272
2025-02-28 01:00,0.047732
2025-02-28 01:15,0.049916
2025-02-28 01:30,0.057644
2025-02-28 01:45,0.058866
2025-02-28 02:00,0.056239
2025-02-28 02:15,0.034646
2025-02-28 02:30,0.056355
2025-02-28 02:45,0.05684
2025-02-28 03:00,0.045089
2025-02-28 03:15,0.062777
2025-02-28 03:30,0.06898
2025-02-28 03:45,0.089119
2025-02-28 04:00,0.089281
2025-02-28 04:15,0.075345
2025-02-28 04:30,0.108925
2025-02-28 04:45,0.099867
2025-02-28 05:00,0.153048
2025-02-28 05:15,0.072228
2025-02-28 05:30,0.065414
2025-02-28 05:45,0.211442
2025-02-28 06:00,0.099723
2025-02-28 06:15,0.052009
2025-02-28 06:30,0.162118
2025-02-28 06:45,0.113469
2025-02-28 07:00,0.099189
2025-02-28 07:15,0.131073
2025-02-28 07:30,0.06454
2025-02-28 07:45,0.091326
2025-02-28 08:00,0.064123
2025-02-28 08:15,0.078189
2025-02-28 08:30,0.072518
2025-02-28 08:45,0.058443
2025-02-28 09:00,0.025398
2025-02-28 09:15,0.019566
2025-02-28 09:30,0.02754
2025-02-28 09:45,0.040059
2025-02-28 10:00,0.029985
2025-02-28 10:15,0.028848
2025-02-28 10:30,0.031248
2025-02-28 10:45,0.029174
2025-02-28 11:00,0.018883
2025-02-28 11:15,0.020213
2025-02-28 11:30,0.011024
2025-02-28 11:45,0.012792
2025-02-28 12:00,0.016472
2025-02-28 12:15,0.018781
2025-02-28 12:30,0.011817
2025-02-28 12:45,0.01347
2025-02-28 13:00,0.004806
2025-02-28 13:15,0.015293
2025-02-28 13:30,0.050985
2025-02-28 13:45,0.02601
2025-02-28 14:00,0.0033
2025-02-28 14:15,0.007331
2025-02-28 14:30,0.009738
2025-02-28 14:45,0.003442
2025-02-28 15:00,0.003649
2025-02-28 15:15,0.001875
2025-02-28 15:30,0.000853
2025-02-28 15:45,0.001385
2025-02-28 16:00,0.006471
2025-02-28 16:15,0.011409
2025-02-28 16:30,0.013348
2025-02-28 16:45,0.007106
2025-02-28 17:00,0.020154
2025-02-28 17:15,0.000838
2025-02-28 17:30,0.005022
2025-02-28 17:45,0.00241
2025-02-28 18:00,0.027913
2025-02-28 18:15,0.02553
2025-02-28 18:30,0.009219
2025-02-28 18:45,0.004858
2025-02-28 19:00,0.003808
2025-02-28 19:15,0.003929
2025-02-28 19:30,0.008287
2025-02-28 19:45,0.008698
2025-02-28 20:00,0.002486
2025-02-28 20:15,0.000429
2025-02-28 20:30,0.009005
2025-02-28 20:45,0.003881
2025-02-28 21:00,0.002665
2025-02-28 21:15,0.006744
2025-02-28 21:30,0.003654
2025-02-28 21:45,0.001653
2025-02-28 22:00,0.004443
2025-02-28 22:15,0.00214
2025-02-28 22:30,0.005159
2025-02-28 22:45,0.002324
2025-02-28 23:00,0.001315
2025-02-28 23:15,0.001312
2025-02-28 23:30,0.000519
2025-02-28 23:45,0.001885
2025-03-01 00:00,0.001112
2025-03-01 00:15,0.002125
2025-03-01 00:30,0.008566
2025-03-01 00:45,0.00213
2025-03-01 01:00,0.001198
2025-03-01 01:15,0.001829
2025-03-01 01:30,0.003489
2025-03-01 01:45,0.010873
2025-03-01 02:00,0.00944
2025-03-01 02:15,0.067188
2025-03-01 02:30,0.024851
2025-03-01 02:45,0.019944
2025-03-01 03:00,0.042234
2025-03-01 03:15,0.037369
2025-03-01 03:30,0.004601
2025-03-01 03:45,0.01802
2025-03-01 04:00,0.007742
2025-03-01 04:15,0.12392
2025-03-01 04:30,0.043153
2025-03-01 04:45,0.074633
2025-03-01 05:00,0.039796
2025-03-01 05:15,0.040867
2025-03-01 05:30,0.114485
2025-03-01 05:45,0.046248
2025-03-01 06:00,0.054047
2025-03-01 06:15,0.033136
2025-03-01 06:30,0.02669
2025-03-01 06:45,0.016578
2025-03-01 07:00,0.236242
2025-03-01 07:15,0.207205
2025-03-01 07:30,0.034462
2025-03-01 07:45,0.030833
2025-03-01 08:00,0.056544
2025-03-01 08:15,0.042094
2025-03-01 08:30,0.037441
2025-03-01 08:45,0.019445
2025-03-01 09:00,0.020247
2025-03-01 09:15,0.017969
2025-03-01 09:30,0.021073
2025-03-01 09:45,0.033754
2025-03-01 10:00,0.018202
2025-03-01 10:15,0.017339
2025-03-01 10:30,0.133966
2025-03-01 10:45,0.020003
2025-03-01 11:00,0.033658
2025-03-01 11:15,0.013097
2025-03-01 11:30,0.007149
2025-03-01 11:45,0.021586
2025-03-01 12:00,0.017468
2025-03-01 12:15,0.014125
2025-03-01 12:30,0.009821
2025-03-01 12:45,0.014237
2025-03-01 13:00,0.010073
2025-03-01 13:15,0.015263
2025-03-01 13:30,0.016387
2025-03-01 13:45,0.014062
2025-03-01 14:00,0.016824
2025-03-01 14:15,0.017334
2025-03-01 14:30,0.009814
2025-03-01 14:45,0.010971
2025-03-01 15:00,0.008192
2025-03-01 15:15,0.017875
2025-03-01 15:30,0.009565
2025-03-01 15:45,0.006271
2025-03-01 16:00,0.011863
2025-03-01 16:15,0.005507
2025-03-01 16:30,0.010479
2025-03-01 16:45,0.008731
2025-03-01 17:00,0.005555
2025-03-01 17:15,0.001237
2025-03-01 17:30,0.001859
2025-03-01 17:45,0.002419
2025-03-01 18:00,0.019037
2025-03-01 18:15,0.017217
2025-03-01 18:30,0.001282
2025-03-01 18:45,0.002337
2025-03-01 19:00,0.001618
2025-03-01 19:15,0.003417
2025-03-01 19:30,0.001064
2025-03-01 19:45,0.005198
2025-03-01 20:00,0.002407
2025-03-01 20:15,8.5e-05
2025-03-01 20:30,0.001034
2025-03-01 20:45,0.007762
2025-03-01 21:00,0.001388
2025-03-01 21:15,0.001552
2025-03-01 21:30,0.00471
2025-03-01 21:45,0.005331
2025-03-01 22:00,0.002424
2025-03-01 22:15,0.006466
2025-03-01 22:30,0.006863
2025-03-01 22:45,0.005945
2025-03-01 23:00,0.001896
2025-03-01 23:15,0.00054
2025-03-01 23:30,0.000344
2025-03-01 23:45,0.002004
2025-03-02 00:00,0.003679
2025-03-02 00:15,0.00253
2025-03-02 00:30,0.007972
2025-03-02 00:45,0.013377
2025-03-02 01:00,0.001195
2025-03-02 01:15,0.003152
2025-03-02 01:30,0.002182
2025-03-02 01:45,0.007146
2025-03-02 02:00,0.019536
2025-03-02 02:15,0.020243
2025-03-02 02:30,0.289443
2025-03-02 02:45,0.407793
2025-03-02 03:00,0.004371
2025-03-02 03:15,0.009563
2025-03-02 03:30,0.004735
2025-03-02 03:45,0.002274
2025-03-02 04:00,0.00755
2025-03-02 04:15,0.002561
2025-03-02 04:30,0.010153
2025-03-02 04:45,0.009576
2025-03-02 05:00,0.00715
2025-03-02 05:15,0.005416
2025-03-02 05:30,0.011513
2025-03-02 05:45,0.023176
2025-03-02 06:00,0.046872
2025-03-02 06:15,0.02285
2025-03-02 06:30,0.016206
2025-03-02 06:45,0.043843
2025-03-02 07:00,0.025718
2025-03-02 07:15,0.015237
2025-03-02 07:30,0.013205
2025-03-02 07:45,0.014091
2025-03-02 08:00,0.057356
2025-03-02 08:15,0.026928
2025-03-02 08:30,0.017488
2025-03-02 08:45,0.016153
2025-03-02 09:00,0.003209
2025-03-02 09:15,0.011967
2025-03-02 09:30,0.018438
2025-03-02 09:45,0.007667
2025-03-02 10:00,0.020525
2025-03-02 10:15,0.029769
2025-03-02 10:30,0.014747
2025-03-02 10:45,0.010569
2025-03-02 11:00,0.016076
2025-03-02 11:15,0.02645
2025-03-02 11:30,0.015174
2025-03-02 11:45,0.015089
2025-03-02 12:00,0.004734
2025-03-02 12:15,0.012798
2025-03-02 12:30,0.014289
2025-03-02 12:45,0.008575
2025-03-02 13:00,0.012653
2025-03-02 13:15,0.010798
2025-03-02 13:30,0.003969
2025-03-02 13:45,0.005857
2025-03-02 14:00,0.005017
2025-03-02 14:15,0.008741
2025-03-02 14:30,0.00406
2025-03-02 14:45,0.006021
2025-03-02 15:00,0.007463
2025-03-02 15:15,0.007476
2025-03-02 15:30,0.020049
2025-03-02 15:45,0.002843
2025-03-02 16:00,0.027533
2025-03-02 16:15,0.008923
2025-03-02 16:30,0.01192
2025-03-02 16:45,0.004478
2025-03-02 17:00,0.004693
2025-03-02 17:15,0.002279
2025-03-02 17:30,0.005742
2025-03-02 17:45,0.004425
2025-03-02 18:00,0.010184
2025-03-02 18:15,0.001291
2025-03-02 18:30,0.001454
2025-03-02 18:45,0.037015
2025-03-02 19:00,0.026584
2025-03-02 19:15,0.001965
2025-03-02 19:30,0.005153
2025-03-02 19:45,0.001731
2025-03-02 20:00,0.003521
2025-03-02 20:15,0.005353
2025-03-02 20:30,0.004733
2025-03-02 20:45,0.004247
2025-03-02 21:00,0.000127
2025-03-02 21:15,0.002423
2025-03-02 21:30,0.004831
2025-03-02 21:45,0.004967
2025-03-02 22:00,0.00092
2025-03-02 22:15,0.002663
2025-03-02 22:30,0.007807
2025-03-02 22:45,0.015894
2025-03-02 23:00,0.0326
2025-03-02 23:15,0.016817
2025-03-02 23:30,0.00601
2025-03-02 23:45,0.00695
2025-03-03 00:00,0.007893
2025-03-03 00:15,0.006877
2025-03-03 00:30,0.003836
2025-03-03 00:45,0.008792
2025-03-03 01:00,0.012728
2025-03-03 01:15,0.015122
2025-03-03 01:30,0.011189
2025-03-03 01:45,0.008683
2025-03-03 02:00,0.012482
2025-03-03 02:15,0.013229
2025-03-03 02:30,0.019245
2025-03-03 02:45,0.013877
2025-03-03 03:00,0.00968
2025-03-03 03:15,0.013793
2025-03-03 03:30,0.01265
2025-03-03 03:45,0.016677
2025-03-03 04:00,0.023618
2025-03-03 04:15,0.014062
2025-03-03 04:30,0.057206
2025-03-03 04:45,0.038131
2025-03-03 05:00,0.008211
2025-03-03 05:15,0.031684
2025-03-03 05:30,0.009547
2025-03-03 05:45,0.025374
2025-03-03 06:00,0.019407
2025-03-03 06:15,0.046527
2025-03-03 06:30,0.024024
2025-03-03 06:45,0.053143
2025-03-03 07:00,0.049287
2025-03-03 07:15,0.029823
2025-03-03 07:30,0.087026
2025-03-03 07:45,0.023796
2025-03-03 08:00,0.047114
2025-03-03 08:15,0.024725
2025-03-03 08:30,0.034404
2025-03-03 08:45,0.038547
2025-03-03 09:00,0.028611
2025-03-03 09:15,0.061869
2025-03-03 09:30,0.043675
2025-03-03 09:45,0.041425
2025-03-03 10:00,0.020805
2025-03-03 10:15,0.02607
2025-03-03 10:30,0.047714
2025-03-03 10:45,0.042569
2025-03-03 11:00,0.038419
2025-03-03 11:15,0.017583
2025-03-03 11:30,0.045918
2025-03-03 11:45,0.08606
2025-03-03 12:00,0.058206
2025-03-03 12:15,0.059974
2025-03-03 12:30,0.133573
2025-03-03 12:45,0.132932
2025-03-03 13:00,0.039051
2025-03-03 13:15,0.020141
2025-03-03 13:30,0.018244
2025-03-03 13:45,0.013035
2025-03-03 14:00,0.015818
2025-03-03 14:15,0.040507
2025-03-03 14:30,0.10483
2025-03-03 14:45,0.014401
2025-03-03 15:00,0.010849
2025-03-03 15:15,0.034688
2025-03-03 15:30,0.006121
2025-03-03 15:45,0.010925
2025-03-03 16:00,0.006913
2025-03-03 16:15,0.005732
2025-03-03 16:30,0.002403
2025-03-03 16:45,0.001676
2025-03-03 17:00,0.006587
2025-03-03 17:15,0.011885
2025-03-03 17:30,0.001097
2025-03-03 17:45,0.003918
2025-03-03 18:00,0.009932
2025-03-03 18:15,0.005735
2025-03-03 18:30,0.002246
2025-03-03 18:45,0.002014
2025-03-03 19:00,0.000169
2025-03-03 19:15,0.001725
2025-03-03 19:30,0.001806
2025-03-03 19:45,0.00571
2025-03-03 20:00,0.001496
2025-03-03 20:15,0.001236
2025-03-03 20:30,0.007611
2025-03-03 20:45,0.015867
2025-03-03 21:00,0.006928
2025-03-03 21:15,0.012658
2025-03-03 21:30,0.006281
2025-03-03 21:45,0.007352
2025-03-03 22:00,0.014822
2025-03-03 22:15,0.002397
2025-03-03 22:30,0.002173
2025-03-03 22:45,0.004358
2025-03-03 23:00,0.00994
2025-03-03 23:15,0.009051
2025-03-03 23:30,0.022176
2025-03-03 23:45,0.032239
2025-03-04 00:00,0.065813
2025-03-04 00:15,0.112287
2025-03-04 00:30,0.101309
2025-03-04 00:45,0.043254
2025-03-04 01:00,0.113779
2025-03-04 01:15,0.101795
2025-03-04 01:30,0.112295
2025-03-04 01:45,0.066129
2025-03-04 02:00,0.26379
2025-03-04 02:15,0.295888
2025-03-04 02:30,0.383996
2025-03-04 02:45,0.437649
2025-03-04 03:00,0.190127
2025-03-04 03:15,0.042683
2025-03-04 03:30,0.073826
2025-03-04 03:45,0.059724
2025-03-04 04:00,0.118823
2025-03-04 04:15,0.088986
2025-03-04 04:30,0.07879
2025-03-04 04:45,0.077732
2025-03-04 05:00,0.086066
2025-03-04 05:15,0.36261
2025-03-04 05:30,1.0
2025-03-04 05:45,0.107813
2025-03-04 06:00,0.090098
2025-03-04 06:15,0.175837
2025-03-04 06:30,0.157797
2025-03-04 06:45,0.123219
2025-03-04 07:00,0.132467
2025-03-04 07:15,0.102299
2025-03-04 07:30,0.073504
2025-03-04 07:45,0.099609
2025-03-04 08:00,0.127491
2025-03-04 08:15,0.116571
2025-03-04 08:30,0.14389
2025-03-04 08:45,0.047969
2025-03-04 09:00,0.031495
2025-03-04 09:15,0.037831
2025-03-04 09:30,0.045171
2025-03-04 09:45,0.030863
2025-03-04 10:00,0.058022
2025-03-04 10:15,0.023425
2025-03-04 10:30,0.040436
2025-03-04 10:45,0.033295
2025-03-04 11:00,0.029916
2025-03-04 11:15,0.025838
2025-03-04 11:30,0.016159
2025-03-04 11:45,0.047983
2025-03-04 12:00,0.02535
2025-03-04 12:15,0.022001
2025-03-04 12:30,0.026896
2025-03-04 12:45,0.019831
2025-03-04 13:00,0.026599
2025-03-04 13:15,0.062443
2025-03-04 13:30,0.03561
2025-03-04 13:45,0.023535
2025-03-04 14:00,0.024167
2025-03-04 14:15,0.012524
2025-03-04 14:30,0.017849
2025-03-04 14:45,0.01243
2025-03-04 15:00,0.008843
2025-03-04 15:15,0.002694
2025-03-04 15:30,0.020432
2025-03-04 15:45,0.248382
2025-03-04 16:00,0.013836
2025-03-04 16:15,0.002927
2025-03-04 16:30,0.008314
2025-03-04 16:45,0.003255
2025-03-04 17:00,0.004719
2025-03-04 17:15,0.004879
2025-03-04 17:30,0.003334
2025-03-04 17:45,0.005332
2025-03-04 18:00,0.012168
2025-03-04 18:15,0.006316
2025-03-04 18:30,0.012538
2025-03-04 18:45,0.004703
2025-03-04 19:00,0.005597
2025-03-04 19:15,0.005183
2025-03-04 19:30,0.006218
2025-03-04 19:45,0.006137
2025-03-04 20:00,0.005573
2025-03-04 20:15,0.00387
2025-03-04 20:30,0.012867
2025-03-04 20:45,0.001649
2025-03-04 21:00,0.002338
2025-03-04 21:15,0.007056
2025-03-04 21:30,0.013251
2025-03-04 21:45,0.026554
2025-03-04 22:00,0.065164
2025-03-04 22:15,0.090128
2025-03-04 22:30,0.02581
2025-03-04 22:45,0.017534
2025-03-04 23:00,0.037708
2025-03-04 23:15,0.008602
2025-03-04 23:30,0.053566
2025-03-04 23:45,0.048143
2025-03-05 00:00,0.35508
2025-03-05 00:00,0.162169
2025-03-05 00:15,0.037582
2025-03-05 00:30,0.024997
2025-03-05 00:45,0.083203
2025-03-05 01:00,0.0547
2025-03-05 01:15,0.308383
2025-03-05 01:30,0.219506
2025-03-05 01:45,0.039201
2025-03-05 02:00,0.073702
2025-03-05 02:15,0.058881
2025-03-05 02:30,0.03768
2025-03-05 02:45,0.021431
2025-03-05 03:00,0.040595
2025-03-05 03:15,0.027704
2025-03-05 03:30,0.027291
2025-03-05 03:45,0.029443
2025-03-05 04:00,0.022339
2025-03-05 04:15,0.045069
2025-03-05 04:30,0.053376
2025-03-05 04:45,0.074336
2025-03-05 05:00,0.094948
2025-03-05 05:15,0.115714
2025-03-05 05:30,0.137567
2025-03-05 05:45,0.065066
2025-03-05 06:00,0.027658
2025-03-05 06:15,0.092604
2025-03-05 06:30,0.059506
2025-03-05 06:45,0.042126
2025-03-05 07:00,0.02713
2025-03-05 07:15,0.048348
2025-03-05 07:30,0.038106
2025-03-05 07:45,0.05146
2025-03-05 08:00,0.040142
2025-03-05 08:15,0.034758
2025-03-05 08:30,0.031105
2025-03-05 08:45,0.037661
2025-03-05 09:00,0.033717
2025-03-05 09:15,0.035617
2025-03-05 09:30,0.016835
2025-03-05 09:45,0.057503
2025-03-05 10:00,0.0251
2025-03-05 10:15,0.031114
2025-03-05 10:30,0.043413
2025-03-05 10:45,0.018101
2025-03-05 11:00,0.014721
2025-03-05 11:15,0.015428
2025-03-05 11:30,0.010842
2025-03-05 11:45,0.021051
2025-03-05 12:00,0.012659
2025-03-05 12:15,0.007507
2025-03-05 12:30,0.012153
2025-03-05 12:45,0.012109
2025-03-05 13:00,0.007972
2025-03-05 13:15,0.011369
2025-03-05 13:30,0.012192
2025-03-05 13:45,0.00454
2025-03-05 14:00,0.009407
2025-03-05 14:15,0.004934
2025-03-05 14:30,0.006168
2025-03-05 14:45,0.007453
2025-03-05 15:00,0.006073
2025-03-05 15:15,0.032453
2025-03-05 15:30,0.005263
2025-03-05 15:45,0.004252
2025-03-05 16:00,0.003054
2025-03-05 16:15,0.004593
2025-03-05 16:30,0.002031
2025-03-05 16:45,0.002479
2025-03-05 17:00,0.001457
2025-03-05 17:15,0.001057
2025-03-05 17:30,0.001168
2025-03-05 17:45,0.001595
2025-03-05 18:00,0.011635
2025-03-05 18:15,0.00116
2025-03-05 18:30,0.002026
2025-03-05 18:45,0.001449
2025-03-05 19:00,0.000835
2025-03-05 19:15,0.003345
2025-03-05 19:30,0.000586
2025-03-05 19:45,0.00294
2025-03-05 20:00,0.000563
2025-03-05 20:15,0.004031
2025-03-05 20:30,0.002691
2025-03-05 20:45,0.002962
2025-03-05 21:00,0.004689
2025-03-05 21:15,0.001361
2025-03-05 21:30,0.002672
2025-03-05 21:45,0.000983
2025-03-05 22:00,0.013157
2025-03-05 22:15,0.004366
2025-03-05 22:30,0.002615
2025-03-05 22:45,0.005343
2025-03-05 23:00,0.004171
2025-03-05 23:15,0.005523
2025-03-05 23:30,0.023444
2025-03-05 23:45,0.05079
2025-03-06 00:00,0.036929
2025-03-06 00:15,0.029486
2025-03-06 00:30,0.032779
2025-03-06 00:45,0.038063
2025-03-06 01:00,0.039769
2025-03-06 01:15,0.038094
2025-03-06 01:30,0.034405
2025-03-06 01:45,0.045204
2025-03-06 02:00,0.039315
2025-03-06 02:15,0.025035
2025-03-06 02:30,0.028029
2025-03-06 02:45,0.023789
2025-03-06 03:00,0.049564
2025-03-06 03:15,0.044308
2025-03-06 03:30,0.027933
2025-03-06 03:45,0.047235
2025-03-06 04:00,0.08011
2025-03-06 04:15,0.057907
2025-03-06 04:30,0.05593
2025-03-06 04:45,0.063422
2025-03-06 05:00,0.073115
2025-03-06 05:15,0.047762
2025-03-06 05:30,0.054116
2025-03-06 05:45,0.055841
2025-03-06 06:00,0.052149
2025-03-06 06:15,0.061917
2025-03-06 06:30,0.032078
2025-03-06 06:45,0.032463
2025-03-06 07:00,0.034151
2025-03-06 07:15,0.036537
2025-03-06 07:30,0.035873
2025-03-06 07:45,0.028975
2025-03-06 08:00,0.044719
2025-03-06 08:15,0.063079
2025-03-06 08:30,0.045648
2025-03-06 08:45,0.043415
2025-03-06 09:00,0.035773
2025-03-06 09:15,0.023266
2025-03-06 09:30,0.023791
2025-03-06 09:45,0.011085
2025-03-06 10:00,0.010297
2025-03-06 10:15,0.027734
2025-03-06 10:30,0.015208
2025-03-06 10:45,0.013656
2025-03-06 11:00,0.024157
2025-03-06 11:15,0.010296
2025-03-06 11:30,0.029332
2025-03-06 11:45,0.043829
2025-03-06 12:00,0.015879
2025-03-06 12:15,0.009498
2025-03-06 12:30,0.005521
2025-03-06 12:45,0.011241
2025-03-06 13:00,0.014735
2025-03-06 13:15,0.007788
2025-03-06 13:30,0.01072
2025-03-06 13:45,0.008104
2025-03-06 14:00,0.010932
2025-03-06 14:15,0.025167
2025-03-06 14:30,0.021553
2025-03-06 14:45,0.007386
2025-03-06 15:00,0.005961
2025-03-06 15:15,0.004519
2025-03-06 15:30,0.009598
2025-03-06 15:45,0.006297
2025-03-06 16:00,0.020601
2025-03-06 16:15,0.020052
2025-03-06 16:30,0.001846
2025-03-06 16:45,0.004836
2025-03-06 17:00,0.000254
2025-03-06 17:15,0.006171
2025-03-06 17:30,0.002706
2025-03-06 17:45,0.001755
2025-03-06 18:00,0.007963
2025-03-06 18:15,0.029089
2025-03-06 18:30,0.004165
2025-03-06 18:45,0.01076
2025-03-06 19:00,0.001831
2025-03-06 19:15,0.009196
2025-03-06 19:30,0.011227
2025-03-06 19:45,0.009477
2025-03-06 20:00,0.015061
2025-03-06 20:15,0.004332
2025-03-06 20:30,0.00217
2025-03-06 20:45,0.007847
2025-03-06 21:00,0.008415
2025-03-06 21:15,0.005366
2025-03-06 21:30,0.003279
2025-03-06 21:45,0.00588
2025-03-06 22:00,0.003287
2025-03-06 22:15,0.00233
2025-03-06 22:30,0.006151
2025-03-06 22:45,0.002791
2025-03-06 23:00,0.003643
2025-03-06 23:15,0.002391
2025-03-06 23:30,0.002507
2025-03-06 23:45,0.01741
2025-03-07 00:00,0.036396
2025-03-07 00:15,0.021395
2025-03-07 00:30,0.04874
2025-03-07 00:45,0.032558
2025-03-07 01:00,0.028393
2025-03-07 01:15,0.056091
2025-03-07 01:30,0.038175
2025-03-07 01:45,0.035682
2025-03-07 02:00,0.036302
2025-03-07 02:15,0.044881
2025-03-07 02:30,0.027917
2025-03-07 02:45,0.016163
2025-03-07 03:00,0.021185
2025-03-07 03:15,0.033221
2025-03-07 03:30,0.034482
2025-03-07 03:45,0.027278
2025-03-07 04:00,0.026694
2025-03-07 04:15,0.038367
2025-03-07 04:30,0.033471
2025-03-07 04:45,0.024815
2025-03-07 05:00,0.043651
2025-03-07 05:15,0.032826
2025-03-07 05:30,0.049928
2025-03-07 05:45,0.091869
2025-03-07 06:00,0.021862
2025-03-07 06:15,0.119479
2025-03-07 06:30,0.079016
2025-03-07 06:45,0.135382
2025-03-07 07:00,0.064164
2025-03-07 07:15,0.052678
2025-03-07 07:30,0.03234
2025-03-07 07:45,0.044491
2025-03-07 08:00,0.05808
2025-03-07 08:15,0.046241
2025-03-07 08:30,0.064546
2025-03-07 08:45,0.037661
2025-03-07 09:00,0.022925
2025-03-07 09:15,0.01377
2025-03-07 09:30,0.014384
2025-03-07 09:45,0.058221
2025-03-07 10:00,0.006386
2025-03-07 10:15,0.003813
2025-03-07 10:30,0.005731
2025-03-07 10:45,0.012601
2025-03-07 11:00,0.006493
2025-03-07 11:15,0.014309
2025-03-07 11:30,0.010237
2025-03-07 11:45,0.011472
2025-03-07 12:00,0.005579
2025-03-07 12:15,0.002997
2025-03-07 12:30,0.005161
2025-03-07 12:45,0.010518
2025-03-07 13:00,0.004367
2025-03-07 13:15,0.005075
2025-03-07 13:30,0.004998
2025-03-07 13:45,0.003169
2025-03-07 14:00,0.005241
2025-03-07 14:15,0.00748
2025-03-07 14:30,0.004718
2025-03-07 14:45,0.021469
2025-03-07 15:00,0.003512
2025-03-07 15:15,0.002194
2025-03-07 15:30,0.001703
2025-03-07 15:45,0.003659
2025-03-07 16:00,0.001257
2025-03-07 16:15,0.002256
2025-03-07 16:30,0.002237
2025-03-07 16:45,0.002928
2025-03-07 17:00,0.007116
2025-03-07 17:15,0.00298
2025-03-07 17:30,0.002188
2025-03-07 17:45,0.001306
2025-03-07 18:00,0.004559
2025-03-07 18:15,0.002947
2025-03-07 18:30,0.002842
2025-03-07 18:45,0.033281
2025-03-07 19:00,0.00204
2025-03-07 19:15,0.002759
2025-03-07 19:30,0.003615
2025-03-07 19:45,0.001294
2025-03-07 20:00,0.002226
2025-03-07 20:15,0.001414
2025-03-07 20:30,0.001717
2025-03-07 20:45,0.002144
2025-03-07 21:00,9.1e-05
2025-03-07 21:15,0.008522
2025-03-07 21:30,0.00251
2025-03-07 21:45,0.006054
2025-03-07 22:00,0.000926
2025-03-07 22:15,0.003149
2025-03-07 22:30,0.004005
2025-03-07 22:45,0.002088
2025-03-07 23:00,0.001839
2025-03-07 23:15,0.004396
2025-03-07 23:30,0.002302
2025-03-07 23:45,0.00207
2025-03-08 00:00,0.007806
2025-03-08 00:15,0.01501
2025-03-08 00:30,0.004464
2025-03-08 00:45,0.011498
2025-03-08 01:00,0.019581
2025-03-08 01:15,0.031168
2025-03-08 01:30,0.005011
2025-03-08 01:45,0.004446
2025-03-08 02:00,0.003786
2025-03-08 02:15,0.001982
2025-03-08 02:30,0.007118
2025-03-08 02:45,0.001274
2025-03-08 03:00,0.066922
2025-03-08 03:15,0.010578
2025-03-08 03:30,0.011582
2025-03-08 03:45,0.006287
2025-03-08 04:00,0.002766
2025-03-08 04:15,0.003227
2025-03-08 04:30,0.006785
2025-03-08 04:45,0.008068
2025-03-08 05:00,0.006189
2025-03-08 05:15,0.009461
2025-03-08 05:30,0.012899
2025-03-08 05:45,0.011228
2025-03-08 06:00,0.007016
2025-03-08 06:15,0.008833
2025-03-08 06:30,0.023181
2025-03-08 06:45,0.00975
2025-03-08 07:00,0.007202
2025-03-08 07:15,0.010186
2025-03-08 07:30,0.014099
2025-03-08 07:45,0.010282
2025-03-08 08:00,0.018811
2025-03-08 08:15,0.015867
2025-03-08 08:30,0.016753
2025-03-08 08:45,0.015717
2025-03-08 09:00,0.012558
2025-03-08 09:15,0.006833
2025-03-08 09:30,0.003724
2025-03-08 09:45,0.004508
2025-03-08 10:00,0.007471
2025-03-08 10:15,0.020818
2025-03-08 10:30,0.008866
2025-03-08 10:45,0.006829
2025-03-08 11:00,0.014106
2025-03-08 11:15,0.008882
2025-03-08 11:30,0.014916
2025-03-08 11:45,0.008926
2025-03-08 12:00,0.019309
2025-03-08 12:15,0.00372
2025-03-08 12:30,0.033388
2025-03-08 12:45,0.009844
2025-03-08 13:00,0.005744
2025-03-08 13:15,0.005849
2025-03-08 13:30,0.003749
2025-03-08 13:45,0.008236
2025-03-08 14:00,0.007619
2025-03-08 14:15,0.002746
2025-03-08 14:30,0.006197
2025-03-08 14:45,0.004552
2025-03-08 15:00,0.004254
2025-03-08 15:15,0.00248
2025-03-08 15:30,0.017344
2025-03-08 15:45,0.010183
2025-03-08 16:00,0.003802
2025-03-08 16:15,0.103916
2025-03-08 16:30,0.006781
2025-03-08 16:45,0.007759
2025-03-08 17:00,0.000886
2025-03-08 17:15,0.001133
2025-03-08 17:30,0.000976
2025-03-08 17:45,0.00268
2025-03-08 18:00,0.012293
2025-03-08 18:15,0.00148
2025-03-08 18:30,0.001315
2025-03-08 18:45,0.004561
2025-03-08 19:00,0.002179
2025-03-08 19:15,0.000648
2025-03-08 19:30,0.00101
2025-03-08 19:45,0.001364
2025-03-08 20:00,0.001077
2025-03-08 20:15,0.002648
2025-03-08 20:30,0.001157
2025-03-08 20:45,0.000146
2025-03-08 21:00,0.004518
2025-03-08 21:15,0.00907
2025-03-08 21:30,0.004952
2025-03-08 21:45,5.1e-05
2025-03-08 22:00,0.000938
2025-03-08 22:15,0.000867
2025-03-08 22:30,0.001336
2025-03-08 22:45,0.004976
2025-03-08 23:00,0.000383
2025-03-08 23:15,0.000298
2025-03-08 23:30,0.000393
2025-03-08 23:45,0.000588
2025-03-09 00:00,0.00078
2025-03-09 00:15,0.004696
2025-03-09 00:30,0.001017
2025-03-09 00:45,0.011015
2025-03-09 01:00,0.022222
2025-03-09 01:15,0.003161
2025-03-09 01:30,0.002505
2025-03-09 01:45,0.037478
2025-03-09 02:00,0.085268
2025-03-09 02:15,0.005582
2025-03-09 02:30,0.009296
2025-03-09 02:45,0.005258
2025-03-09 03:00,0.007721
2025-03-09 03:15,0.013846
2025-03-09 03:30,0.013827
2025-03-09 03:45,0.002215
2025-03-09 04:00,0.022062
2025-03-09 04:15,0.018063
2025-03-09 04:30,0.004563
2025-03-09 04:45,0.010828
2025-03-09 05:00,0.004635
2025-03-09 05:15,0.008556
2025-03-09 05:30,0.011702
2025-03-09 05:45,0.027763
2025-03-09 06:00,0.034532
2025-03-09 06:15,0.017338
2025-03-09 06:30,0.006621
2025-03-09 06:45,0.021089
2025-03-09 07:00,0.02572
2025-03-09 07:15,0.036497
2025-03-09 07:30,0.007174
2025-03-09 07:45,0.008291
2025-03-09 08:00,0.010891
2025-03-09 08:15,0.009574
2025-03-09 08:30,0.00843
2025-03-09 08:45,0.004924
2025-03-09 09:00,0.003481
2025-03-09 09:15,0.004253
2025-03-09 09:30,0.003143
2025-03-09 09:45,0.012095
2025-03-09 10:00,0.007086
2025-03-09 10:15,0.014091
2025-03-09 10:30,0.015021
2025-03-09 10:45,0.007613
2025-03-09 11:00,0.013692
2025-03-09 11:15,0.022281
2025-03-09 11:30,0.007791
2025-03-09 11:45,0.002033
2025-03-09 12:00,0.003467
2025-03-09 12:15,0.010262
2025-03-09 12:30,0.012531
2025-03-09 12:45,0.005691
2025-03-09 13:00,0.004321
2025-03-09 13:15,0.00474
2025-03-09 13:30,0.013173
2025-03-09 13:45,0.006946
2025-03-09 14:00,0.006061
2025-03-09 14:15,0.01128
2025-03-09 14:30,0.005581
2025-03-09 14:45,0.00388
2025-03-09 15:00,0.004302
2025-03-09 15:15,0.003489
2025-03-09 15:30,0.00341
2025-03-09 15:45,0.003509
2025-03-09 16:00,0.002976
2025-03-09 16:15,0.007214
2025-03-09 16:30,0.009079
2025-03-09 16:45,0.003112
2025-03-09 17:00,0.003539
2025-03-09 17:15,0.013892
2025-03-09 17:30,0.012058
2025-03-09 17:45,0.010387
2025-03-09 18:00,0.011638
2025-03-09 18:15,0.010576
2025-03-09 18:30,0.010487
2025-03-09 18:45,0.014874
2025-03-09 19:00,0.019692
2025-03-09 19:15,0.019464
2025-03-09 19:30,0.010537
2025-03-09 19:45,0.008224
2025-03-09 20:00,0.000939
2025-03-09 20:15,0.001031
2025-03-09 20:30,0.002379
2025-03-09 20:45,0.001677
2025-03-09 21:00,0.001724
2025-03-09 21:15,0.002691
2025-03-09 21:30,0.000762
2025-03-09 21:45,0.001814
2025-03-09 22:00,0.002062
2025-03-09 22:15,0.002356
2025-03-09 22:30,0.001226
2025-03-09 22:45,0.007369
2025-03-09 23:00,0.007
2025-03-09 23:15,0.016986
2025-03-09 23:30,0.011583
2025-03-09 23:45,0.014105
2025-03-10 00:00,0.031485
2025-03-10 00:15,0.029771
2025-03-10 00:30,0.052293
2025-03-10 00:45,0.054715
2025-03-10 01:00,0.067414
2025-03-10 01:15,0.044501
2025-03-10 01:30,0.030224
2025-03-10 01:45,0.026167
2025-03-10 02:00,0.033484
2025-03-10 02:15,0.035427
2025-03-10 02:30,0.141872
2025-03-10 02:45,0.242757
2025-03-10 03:00,0.136789
2025-03-10 03:15,0.082871
2025-03-10 03:30,0.113544
2025-03-10 03:45,0.054074
2025-03-10 04:00,0.058932
2025-03-10 04:15,0.043531
2025-03-10 04:30,0.044975
2025-03-10 04:45,0.078998
2025-03-10 05:00,0.053641
2025-03-10 05:15,0.055257
2025-03-10 05:30,0.042234
2025-03-10 05:45,0.053907
2025-03-10 06:00,0.030075
2025-03-10 06:15,0.032687
2025-03-10 06:30,0.034835
2025-03-10 06:45,0.033985
2025-03-10 07:00,0.032107
2025-03-10 07:15,0.047034
2025-03-10 07:30,0.03712
2025-03-10 07:45,0.033368
2025-03-10 08:00,0.050851
2025-03-10 08:15,0.034786
2025-03-10 08:30,0.045939
2025-03-10 08:45,0.038313
2025-03-10 09:00,0.020664
2025-03-10 09:15,0.01934
2025-03-10 09:30,0.022398
2025-03-10 09:45,0.014999
2025-03-10 10:00,0.015562
2025-03-10 10:15,0.021202
2025-03-10 10:30,0.012745
2025-03-10 10:45,0.019432
2025-03-10 11:00,0.013562
2025-03-10 11:15,0.013393
2025-03-10 11:30,0.023749
2025-03-10 11:45,0.007812
2025-03-10 12:00,0.006461
2025-03-10 12:15,0.023842
2025-03-10 12:30,0.015424
2025-03-10 12:45,0.015391
2025-03-10 13:00,0.018123
2025-03-10 13:15,0.015284
2025-03-10 13:30,0.003976
2025-03-10 13:45,0.007098
2025-03-10 14:00,0.00644
2025-03-10 14:15,0.003978
2025-03-10 14:30,0.012246
2025-03-10 14:45,0.006412
2025-03-10 15:00,0.00623
2025-03-10 15:15,0.003579
2025-03-10 15:30,0.021636
2025-03-10 15:45,0.008243
2025-03-10 16:00,0.018407
2025-03-10 16:15,0.009328
2025-03-10 16:30,0.005748
2025-03-10 16:45,0.007224
2025-03-10 17:00,0.001892
2025-03-10 17:15,0.001021
2025-03-10 17:30,0.002318
2025-03-10 17:45,0.005374
2025-03-10 18:00,0.005019
2025-03-10 18:15,0.003594
2025-03-10 18:30,0.000598
2025-03-10 18:45,0.000827
2025-03-10 19:00,0.000243
2025-03-10 19:15,0.000184
2025-03-10 19:30,0.000407
2025-03-10 19:45,0.004438
2025-03-10 20:00,0.00182
2025-03-10 20:15,0.000762
2025-03-10 20:30,0.006607
2025-03-10 20:45,0.0028
2025-03-10 21:00,0.001439
2025-03-10 21:15,0.002996
2025-03-10 21:30,0.004388
2025-03-10 21:45,0.000933
2025-03-10 22:00,0.001852
2025-03-10 22:15,0.002113
2025-03-10 22:30,0.001324
2025-03-10 22:45,0.004059
2025-03-10 23:00,0.002366
2025-03-10 23:15,0.007786
2025-03-10 23:30,0.015701
2025-03-10 23:45,0.012401
2025-03-11 00:00,0.02006
2025-03-11 00:15,0.031528
2025-03-11 00:30,0.035814
2025-03-11 00:45,0.038173
2025-03-11 01:00,0.0557
2025-03-11 01:15,0.050099
2025-03-11 01:30,0.026563
2025-03-11 01:45,0.047058
2025-03-11 02:00,0.065489
2025-03-11 02:15,0.043852
2025-03-11 02:30,0.032088
2025-03-11 02:45,0.029072
2025-03-11 03:00,0.029435
2025-03-11 03:15,0.026799
2025-03-11 03:30,0.053435
2025-03-11 03:45,0.045006
2025-03-11 04:00,0.060413
2025-03-11 04:15,0.044019
2025-03-11 04:30,0.038096
2025-03-11 04:45,0.038514
2025-03-11 05:00,0.077212
2025-03-11 05:15,0.06291
2025-03-11 05:30,0.054262
2025-03-11 05:45,0.052638
2025-03-11 06:00,0.038781
2025-03-11 06:15,0.400773
2025-03-11 06:30,1.0
2025-03-11 06:45,0.483159
2025-03-11 07:00,0.089864
2025-03-11 07:15,0.07858
2025-03-11 07:30,0.060597
2025-03-11 07:45,0.039309
2025-03-11 08:00,0.053918
2025-03-11 08:15,0.050124
2025-03-11 08:30,0.029172
2025-03-11 08:45,0.025437
2025-03-11 09:00,0.027617
2025-03-11 09:15,0.031584
2025-03-11 09:30,0.024277
2025-03-11 09:45,0.022171
2025-03-11 10:00,0.021824
2025-03-11 10:15,0.016102
2025-03-11 10:30,0.025173
2025-03-11 10:45,0.014762
2025-03-11 11:00,0.010566
2025-03-11 11:15,0.030795
2025-03-11 11:30,0.006915
2025-03-11 11:45,0.01517
2025-03-11 12:00,0.042262
2025-03-11 12:15,0.022267
2025-03-11 12:30,0.010993
2025-03-11 12:45,0.014487
2025-03-11 13:00,0.005744
2025-03-11 13:15,0.011323
2025-03-11 13:30,0.011104
2025-03-11 13:45,0.011676
2025-03-11 14:00,0.009329
2025-03-11 14:15,0.008656
2025-03-11 14:30,0.007013
2025-03-11 14:45,0.01022
2025-03-11 15:00,0.002031
2025-03-11 15:15,0.003745
2025-03-11 15:30,0.002664
2025-03-11 15:45,0.003242
2025-03-11 16:00,0.00212
2025-03-11 16:15,0.002261
2025-03-11 16:30,0.000633
2025-03-11 16:45,0.001915
2025-03-11 17:00,0.004324
2025-03-11 17:15,0.003324
2025-03-11 17:30,0.013304
2025-03-11 17:45,0.001174
2025-03-11 18:00,0.005485
2025-03-11 18:15,0.000954
2025-03-11 18:30,0.002109
2025-03-11 18:45,0.005256
2025-03-11 19:00,0.001665
2025-03-11 19:15,0.001667
2025-03-11 19:30,0.002511
2025-03-11 19:45,0.001217
2025-03-11 20:00,0.004965
2025-03-11 20:15,0.003115
2025-03-11 20:30,0.000758
2025-03-11 20:45,0.001268
2025-03-11 21:00,0.001524
2025-03-11 21:15,0.003244
2025-03-11 21:30,0.003276
2025-03-11 21:45,0.000942
2025-03-11 22:00,0.00192
2025-03-11 22:15,0.00168
2025-03-11 22:30,0.000309
2025-03-11 22:45,0.005485
2025-03-11 23:00,0.002986
2025-03-11 23:15,0.002659
2025-03-11 23:30,0.013294
2025-03-11 23:45,0.023938
2025-03-12 00:00,0.095641
2025-03-12 00:00,0.108909
2025-03-12 00:15,0.075517
2025-03-12 00:30,0.097192
2025-03-12 00:45,0.118334
2025-03-12 01:00,1.0
2025-03-12 01:15,0.25478
2025-03-12 01:30,0.047088
2025-03-12 01:45,0.039938
2025-03-12 02:00,0.097627
2025-03-12 02:15,0.060177
2025-03-12 02:30,0.033095
2025-03-12 02:45,0.033567
2025-03-12 03:00,0.025281
2025-03-12 03:15,0.022483
2025-03-12 03:30,0.048199
2025-03-12 03:45,0.046795
2025-03-12 04:00,0.039272
2025-03-12 04:15,0.050165
2025-03-12 04:30,0.072703
2025-03-12 04:45,0.070508
2025-03-12 05:00,0.122307
2025-03-12 05:15,0.225245
2025-03-12 05:30,0.138584
2025-03-12 05:45,0.081775
2025-03-12 06:00,0.055665
2025-03-12 06:15,0.052874
2025-03-12 06:30,0.101922
2025-03-12 06:45,0.124819
2025-03-12 07:00,0.189089
2025-03-12 07:15,0.098879
2025-03-12 07:30,0.102348
2025-03-12 07:45,0.337458
2025-03-12 08:00,0.05565
2025-03-12 08:15,0.05734
2025-03-12 08:30,0.048406
2025-03-12 08:45,0.040019
2025-03-12 09:00,0.021563
2025-03-12 09:15,0.028982
2025-03-12 09:30,0.074505
2025-03-12 09:45,0.027832
2025-03-12 10:00,0.030908
2025-03-12 10:15,0.050344
2025-03-12 10:30,0.029314
2025-03-12 10:45,0.031917
2025-03-12 11:00,0.035288
2025-03-12 11:15,0.025923
2025-03-12 11:30,0.025013
2025-03-12 11:45,0.025727
2025-03-12 12:00,0.04021
2025-03-12 12:15,0.01521
2025-03-12 12:30,0.017772
2025-03-12 12:45,0.014287
2025-03-12 13:00,0.123235
2025-03-12 13:15,0.131401
2025-03-12 13:30,0.126094
2025-03-12 13:45,0.012941
2025-03-12 14:00,0.011417
2025-03-12 14:15,0.008554
2025-03-12 14:30,0.025412
2025-03-12 14:45,0.022265
2025-03-12 15:00,0.010518
2025-03-12 15:15,0.00838
2025-03-12 15:30,0.010058
2025-03-12 15:45,0.007753
2025-03-12 16:00,0.00509
2025-03-12 16:15,0.016519
2025-03-12 16:30,0.010727
2025-03-12 16:45,0.00566
2025-03-12 17:00,0.011051
2025-03-12 17:15,0.006528
2025-03-12 17:30,0.006654
2025-03-12 17:45,0.008037
2025-03-12 18:00,0.006952
2025-03-12 18:15,0.013082
2025-03-12 18:30,0.00371
2025-03-12 18:45,0.008098
2025-03-12 19:00,0.005042
2025-03-12 19:15,0.000704
2025-03-12 19:30,0.004445
2025-03-12 19:45,0.004515
2025-03-12 20:00,0.004297
2025-03-12 20:15,0.003333
2025-03-12 20:30,0.003989
2025-03-12 20:45,0.002022
2025-03-12 21:00,0.00333
2025-03-12 21:15,0.002332
2025-03-12 21:30,0.00721
2025-03-12 21:45,0.013321
2025-03-12 22:00,0.003696
2025-03-12 22:15,0.014326
2025-03-12 22:30,0.001607
2025-03-12 22:45,0.01075
2025-03-12 23:00,0.014174
2025-03-12 23:15,0.006464
2025-03-12 23:30,0.009987
2025-03-12 23:45,0.033546
2025-03-13 00:00,0.034956
2025-03-13 00:15,0.026044
2025-03-13 00:30,0.044177
2025-03-13 00:45,0.062108
2025-03-13 01:00,0.244695
2025-03-13 01:15,0.08034
2025-03-13 01:30,0.062805
2025-03-13 01:45,0.074181
2025-03-13 02:00,0.108397
2025-03-13 02:15,0.058978
2025-03-13 02:30,0.047607
2025-03-13 02:45,0.099329
2025-03-13 03:00,0.066854
2025-03-13 03:15,0.048464
2025-03-13 03:30,0.031389
2025-03-13 03:45,0.061296
2025-03-13 04:00,0.064654
2025-03-13 04:15,0.061372
2025-03-13 04:30,0.073464
2025-03-13 04:45,0.048445
2025-03-13 05:00,0.049019
2025-03-13 05:15,0.084252
2025-03-13 05:30,0.10497
2025-03-13 05:45,0.078426
2025-03-13 06:00,0.052759
2025-03-13 06:15,0.146847
2025-03-13 06:30,0.258795
2025-03-13 06:45,0.084727
2025-03-13 07:00,0.073536
2025-03-13 07:15,0.100713
2025-03-13 07:30,0.076968
2025-03-13 07:45,0.062391
2025-03-13 08:00,0.072759
2025-03-13 08:15,0.133533
2025-03-13 08:30,0.079499
2025-03-13 08:45,0.03968
2025-03-13 09:00,0.026504
2025-03-13 09:15,0.040389
2025-03-13 09:30,0.030504
2025-03-13 09:45,0.021792
2025-03-13 10:00,0.040215
2025-03-13 10:15,0.038497
2025-03-13 10:30,0.030989
2025-03-13 10:45,0.030154
2025-03-13 11:00,0.011028
2025-03-13 11:15,0.005763
2025-03-13 11:30,0.026482
2025-03-13 11:45,0.020711
2025-03-13 12:00,0.012796
2025-03-13 12:15,0.010742
2025-03-13 12:30,0.011721
2025-03-13 12:45,0.013298
2025-03-13 13:00,0.021854
2025-03-13 13:15,0.009235
2025-03-13 13:30,0.025802
2025-03-13 13:45,0.01401
2025-03-13 14:00,0.009945
2025-03-13 14:15,0.011268
2025-03-13 14:30,0.014687
2025-03-13 14:45,0.007509
2025-03-13 15:00,0.017089
2025-03-13 15:15,0.00559
2025-03-13 15:30,0.01143
2025-03-13 15:45,0.003553
2025-03-13 16:00,0.004087
2025-03-13 16:15,0.011157
2025-03-13 16:30,0.012605
2025-03-13 16:45,0.00595
2025-03-13 17:00,0.008112
2025-03-13 17:15,0.010116
2025-03-13 17:30,0.005298
2025-03-13 17:45,0.005484
2025-03-13 18:00,0.006095
2025-03-13 18:15,0.007537
2025-03-13 18:30,0.00567
2025-03-13 18:45,0.004725
2025-03-13 19:00,0.002891
2025-03-13 19:15,0.005808
2025-03-13 19:30,0.00228
2025-03-13 19:45,0.003535
2025-03-13 20:00,0.005129
2025-03-13 20:15,0.00473
2025-03-13 20:30,0.004071
2025-03-13 20:45,0.004396
2025-03-13 21:00,0.003198
2025-03-13 21:15,0.002433
2025-03-13 21:30,0.002516
2025-03-13 21:45,0.004978
2025-03-13 22:00,0.000912
2025-03-13 22:15,0.002008
2025-03-13 22:30,0.002281
2025-03-13 22:45,0.003754
2025-03-13 23:00,0.00678
2025-03-13 23:15,0.003494
2025-03-13 23:30,0.020285
2025-03-13 23:45,0.021758
2025-03-14 00:00,0.04405
2025-03-14 00:15,0.031625
2025-03-14 00:30,0.052127
2025-03-14 00:45,0.0378
2025-03-14 01:00,0.056904
2025-03-14 01:15,0.050489
2025-03-14 01:30,0.036994
2025-03-14 01:45,0.110003
2025-03-14 02:00,0.056927
2025-03-14 02:15,0.065225
2025-03-14 02:30,0.026478
2025-03-14 02:45,0.031078
2025-03-14 03:00,0.040132
2025-03-14 03:15,0.025971
2025-03-14 03:30,0.018141
2025-03-14 03:45,0.063455
2025-03-14 04:00,0.056226
2025-03-14 04:15,0.030654
2025-03-14 04:30,0.062885
2025-03-14 04:45,0.206455
2025-03-14 05:00,0.080865
2025-03-14 05:15,0.04266
2025-03-14 05:30,0.041564
2025-03-14 05:45,0.071027
2025-03-14 06:00,0.06774
2025-03-14 06:15,0.062416
2025-03-14 06:30,0.053039
2025-03-14 06:45,0.030687
2025-03-14 07:00,0.032458
2025-03-14 07:15,0.048885
2025-03-14 07:30,0.052091
2025-03-14 07:45,0.038452
2025-03-14 08:00,0.058748
2025-03-14 08:15,0.033455
2025-03-14 08:30,0.025984
2025-03-14 08:45,0.033383
2025-03-14 09:00,0.021526
2025-03-14 09:15,0.018556
2025-03-14 09:30,0.014725
2025-03-14 09:45,0.019307
2025-03-14 10:00,0.014635
2025-03-14 10:15,0.024259
2025-03-14 10:30,0.012949
2025-03-14 10:45,0.021748
2025-03-14 11:00,0.018579
2025-03-14 11:15,0.016572
2025-03-14 11:30,0.011582
2025-03-14 11:45,0.016263
2025-03-14 12:00,0.017161
2025-03-14 12:15,0.02194
2025-03-14 12:30,0.011115
2025-03-14 12:45,0.008153
2025-03-14 13:00,0.01043
2025-03-14 13:15,0.014803
2025-03-14 13:30,0.010319
2025-03-14 13:45,0.020232
2025-03-14 14:00,0.005705
2025-03-14 14:15,0.007824
2025-03-14 14:30,0.002452
2025-03-14 14:45,0.001663
2025-03-14 15:00,0.005331
2025-03-14 15:15,0.007178
2025-03-14 15:30,0.006882
2025-03-14 15:45,0.003565
2025-03-14 16:00,0.004693
2025-03-14 16:15,0.001349
2025-03-14 16:30,0.000869
2025-03-14 16:45,0.004905
2025-03-14 17:00,0.005012
2025-03-14 17:15,0.001232
2025-03-14 17:30,0.00115
2025-03-14 17:45,0.002788
2025-03-14 18:00,0.00287
2025-03-14 18:15,0.000409
2025-03-14 18:30,0.002816
2025-03-14 18:45,0.003313
2025-03-14 19:00,0.001175
2025-03-14 19:15,0.005177
2025-03-14 19:30,0.003308
2025-03-14 19:45,0.000607
2025-03-14 20:00,0.001526
2025-03-14 20:15,0.000713
2025-03-14 20:30,0.001173
2025-03-14 20:45,0.000964
2025-03-14 21:00,0.002135
2025-03-14 21:15,0.001239
2025-03-14 21:30,0.0026
2025-03-14 21:45,0.036951
2025-03-14 22:00,0.031035
2025-03-14 22:15,0.016825
2025-03-14 22:30,0.006787
2025-03-14 22:45,0.000715
2025-03-14 23:00,0.001243
2025-03-14 23:15,0.002076
2025-03-14 23:30,0.002908
2025-03-14 23:45,0.004168
2025-03-15 00:00,0.001815
2025-03-15 00:15,0.002378
2025-03-15 00:30,0.001421
2025-03-15 00:45,0.006734
2025-03-15 01:00,0.005063
2025-03-15 01:15,0.014793
2025-03-15 01:30,0.006915
2025-03-15 01:45,0.004956
2025-03-15 02:00,0.010267
2025-03-15 02:15,0.00625
2025-03-15 02:30,0.015696
2025-03-15 02:45,0.012789
2025-03-15 03:00,0.004403
2025-03-15 03:15,0.018082
2025-03-15 03:30,0.004431
2025-03-15 03:45,0.007259
2025-03-15 04:00,0.007837
2025-03-15 04:15,0.009353
2025-03-15 04:30,0.012608
2025-03-15 04:45,0.004237
2025-03-15 05:00,0.013436
2025-03-15 05:15,0.192781
2025-03-15 05:30,0.221834
2025-03-15 05:45,0.008708
2025-03-15 06:00,0.009679
2025-03-15 06:15,0.015358
2025-03-15 06:30,0.229613
2025-03-15 06:45,0.259267
2025-03-15 07:00,0.007636
2025-03-15 07:15,0.010604
2025-03-15 07:30,0.02998
2025-03-15 07:45,0.074018
2025-03-15 08:00,0.039328
2025-03-15 08:15,0.005531
2025-03-15 08:30,0.016501
2025-03-15 08:45,0.384558
2025-03-15 09:00,0.176204
2025-03-15 09:15,0.018717
2025-03-15 09:30,0.009998
2025-03-15 09:45,0.022781
2025-03-15 10:00,0.007356
2025-03-15 10:15,0.008744
2025-03-15 10:30,0.007407
2025-03-15 10:45,0.014194
2025-03-15 11:00,0.009257
2025-03-15 11:15,0.011673
2025-03-15 11:30,0.045453
2025-03-15 11:45,0.025994
2025-03-15 12:00,0.022338
2025-03-15 12:15,0.010989
2025-03-15 12:30,0.021934
2025-03-15 12:45,0.010756
2025-03-15 13:00,0.008175
2025-03-15 13:15,0.011088
2025-03-15 13:30,0.008337
2025-03-15 13:45,0.015337
2025-03-15 14:00,0.019033
2025-03-15 14:15,0.026752
2025-03-15 14:30,0.210403
2025-03-15 14:45,0.014571
2025-03-15 15:00,0.014287
2025-03-15 15:15,0.013357
2025-03-15 15:30,0.040257
2025-03-15 15:45,0.007607
2025-03-15 16:00,0.00994
2025-03-15 16:15,0.013503
2025-03-15 16:30,0.009526
2025-03-15 16:45,0.00316
2025-03-15 17:00,0.011712
2025-03-15 17:15,0.005472
2025-03-15 17:30,0.003444
2025-03-15 17:45,0.001552
2025-03-15 18:00,0.007748
2025-03-15 18:15,0.002857
2025-03-15 18:30,0.003549
2025-03-15 18:45,0.004026
2025-03-15 19:00,0.00307
2025-03-15 19:15,0.002304
2025-03-15 19:30,0.003574
2025-03-15 19:45,0.003859
2025-03-15 20:00,0.004519
2025-03-15 20:15,0.001697
2025-03-15 20:30,0.003731
2025-03-15 20:45,0.004995
2025-03-15 21:00,0.002343
2025-03-15 21:15,0.003144
2025-03-15 21:30,0.005148
2025-03-15 21:45,0.003631
2025-03-15 22:00,0.003295
2025-03-15 22:15,0.002188
2025-03-15 22:30,0.006164
2025-03-15 22:45,0.008586
2025-03-15 23:00,0.003417
2025-03-15 23:15,0.001665
2025-03-15 23:30,0.001519
2025-03-15 23:45,0.005322
2025-03-16 00:00,0.005601
2025-03-16 00:15,0.00445
2025-03-16 00:30,0.006294
2025-03-16 00:45,0.005714
2025-03-16 01:00,0.009083
2025-03-16 01:15,0.010811
2025-03-16 01:30,0.004033
2025-03-16 01:45,0.004332
2025-03-16 02:00,0.003125
2025-03-16 02:15,0.00397
2025-03-16 02:30,0.004822
2025-03-16 02:45,0.002823
2025-03-16 03:00,0.008941
2025-03-16 03:15,0.005033
2025-03-16 03:30,0.004509
2025-03-16 03:45,0.011647
2025-03-16 04:00,0.009255
2025-03-16 04:15,0.01303
2025-03-16 04:30,0.026302
2025-03-16 04:45,0.012298
2025-03-16 05:00,0.010616
2025-03-16 05:15,0.017979
2025-03-16 05:30,0.015052
2025-03-16 05:45,0.008751
2025-03-16 06:00,0.010609
2025-03-16 06:15,0.018496
2025-03-16 06:30,0.009473
2025-03-16 06:45,0.010481
2025-03-16 07:00,0.010904
2025-03-16 07:15,0.01631
2025-03-16 07:30,0.011656
2025-03-16 07:45,0.013839
2025-03-16 08:00,0.023147
2025-03-16 08:15,0.050888
2025-03-16 08:30,0.016429
2025-03-16 08:45,0.015383
2025-03-16 09:00,0.013852
2025-03-16 09:15,0.0135
2025-03-16 09:30,0.012867
2025-03-16 09:45,0.007601
2025-03-16 10:00,0.047447
2025-03-16 10:15,0.018908
2025-03-16 10:30,0.008956
2025-03-16 10:45,0.00578
2025-03-16 11:00,0.009342
2025-03-16 11:15,0.014727
2025-03-16 11:30,0.00626
2025-03-16 11:45,0.018033
2025-03-16 12:00,0.007355
2025-03-16 12:15,0.028484
2025-03-16 12:30,0.053064
2025-03-16 12:45,0.022482
2025-03-16 13:00,0.020597
2025-03-16 13:15,0.016496
2025-03-16 13:30,0.013217
2025-03-16 13:45,0.009632
2025-03-16 14:00,0.006769
2025-03-16 14:15,0.015724
2025-03-16 14:30,0.025548
2025-03-16 14:45,0.010799
2025-03-16 15:00,0.128789
2025-03-16 15:15,0.119664
2025-03-16 15:30,0.00648
2025-03-16 15:45,0.008587
2025-03-16 16:00,0.017255
2025-03-16 16:15,0.022676
2025-03-16 16:30,0.018935
2025-03-16 16:45,0.01142
2025-03-16 17:00,0.011315
2025-03-16 17:15,0.008471
2025-03-16 17:30,0.007069
2025-03-16 17:45,0.004503
2025-03-16 18:00,0.009148
2025-03-16 18:15,0.016537
2025-03-16 18:30,0.003376
2025-03-16 18:45,0.000757
2025-03-16 19:00,0.004636
2025-03-16 19:15,0.002548
2025-03-16 19:30,0.000319
2025-03-16 19:45,0.001392
2025-03-16 20:00,0.001318
2025-03-16 20:15,0.001318
2025-03-16 20:30,0.002815
2025-03-16 20:45,0.001337
2025-03-16 21:00,0.001122
2025-03-16 21:15,0.001789
2025-03-16 21:30,0.006232
2025-03-16 21:45,0.002823
2025-03-16 22:00,0.000197
2025-03-16 22:15,0.00262
2025-03-16 22:30,0.002737
2025-03-16 22:45,0.001893
2025-03-16 23:00,0.007113
2025-03-16 23:15,0.006413
2025-03-16 23:30,0.005703
2025-03-16 23:45,0.020463
2025-03-17 00:00,0.035636
2025-03-17 00:15,0.038285
2025-03-17 00:30,0.032987
2025-03-17 00:45,0.059209
2025-03-17 01:00,0.041768
2025-03-17 01:15,0.070946
2025-03-17 01:30,0.035564
2025-03-17 01:45,0.058568
2025-03-17 02:00,0.043966
2025-03-17 02:15,0.039814
2025-03-17 02:30,0.064517
2025-03-17 02:45,0.038403
2025-03-17 03:00,0.024302
2025-03-17 03:15,0.025435
2025-03-17 03:30,0.0125
2025-03-17 03:45,0.021698
2025-03-17 04:00,0.045258
2025-03-17 04:15,0.040567
2025-03-17 04:30,0.050298
2025-03-17 04:45,0.053079
2025-03-17 05:00,0.08757
2025-03-17 05:15,0.065374
2025-03-17 05:30,0.031696
2025-03-17 05:45,0.064734
2025-03-17 06:00,0.042599
2025-03-17 06:15,0.037578
2025-03-17 06:30,0.045586
2025-03-17 06:45,0.045582
2025-03-17 07:00,0.033147
2025-03-17 07:15,0.049266
2025-03-17 07:30,0.07107
2025-03-17 07:45,0.029631
2025-03-17 08:00,0.031435
2025-03-17 08:15,0.056986
2025-03-17 08:30,0.052244
2025-03-17 08:45,0.058144
2025-03-17 09:00,0.034929
2025-03-17 09:15,0.011303
2025-03-17 09:30,0.01255
2025-03-17 09:45,0.015679
2025-03-17 10:00,0.01796
2025-03-17 10:15,0.014814
2025-03-17 10:30,0.016683
2025-03-17 10:45,0.012485
2025-03-17 11:00,0.024999
2025-03-17 11:15,0.035973
2025-03-17 11:30,0.020878
2025-03-17 11:45,0.033397
2025-03-17 12:00,0.110853
2025-03-17 12:15,0.084839
2025-03-17 12:30,0.106776
2025-03-17 12:45,0.127752
2025-03-17 13:00,0.101959
2025-03-17 13:15,0.021813
2025-03-17 13:30,0.020813
2025-03-17 13:45,0.018136
2025-03-17 14:00,0.014243
2025-03-17 14:15,0.010063
2025-03-17 14:30,0.009045
2025-03-17 14:45,0.007396
2025-03-17 15:00,0.008402
2025-03-17 15:15,0.006371
2025-03-17 15:30,0.007107
2025-03-17 15:45,0.003844
2025-03-17 16:00,0.00268
2025-03-17 16:15,0.001704
2025-03-17 16:30,0.008327
2025-03-17 16:45,0.000824
2025-03-17 17:00,0.001319
2025-03-17 17:15,0.007313
2025-03-17 17:30,0.002448
2025-03-17 17:45,0.002786
2025-03-17 18:00,0.00552
2025-03-17 18:15,0.026505
2025-03-17 18:30,0.000434
2025-03-17 18:45,0.000747
2025-03-17 19:00,0.000238
2025-03-17 19:15,0.001036
2025-03-17 19:30,0.001586
2025-03-17 19:45,0.001682
2025-03-17 20:00,0.001053
2025-03-17 20:15,0.001077
2025-03-17 20:30,0.004776
2025-03-17 20:45,0.002969
2025-03-17 21:00,0.003914
2025-03-17 21:15,0.002995
2025-03-17 21:30,0.001592
2025-03-17 21:45,0.001834
2025-03-17 22:00,0.00242
2025-03-17 22:15,0.001586
2025-03-17 22:30,0.000378
2025-03-17 22:45,0.003712
2025-03-17 23:00,0.002788
2025-03-17 23:15,0.008271
2025-03-17 23:30,0.013047
2025-03-17 23:45,0.024506
2025-03-18 00:00,0.044984
2025-03-18 00:15,0.030245
2025-03-18 00:30,0.028758
2025-03-18 00:45,0.057602
2025-03-18 01:00,0.057303
2025-03-18 01:15,0.057252
2025-03-18 01:30,0.10656
2025-03-18 01:45,0.056517
2025-03-18 02:00,0.074104
2025-03-18 02:15,0.063871
2025-03-18 02:30,0.038064
2025-03-18 02:45,0.030371
2025-03-18 03:00,0.054009
2025-03-18 03:15,0.052758
2025-03-18 03:30,0.063934
2025-03-18 03:45,0.037324
2025-03-18 04:00,0.048954
2025-03-18 04:15,0.043026
2025-03-18 04:30,0.082329
2025-03-18 04:45,0.087714
2025-03-18 05:00,0.091164
2025-03-18 05:15,0.124945
2025-03-18 05:30,0.229133
2025-03-18 05:45,0.218575
2025-03-18 06:00,0.137234
2025-03-18 06:15,0.124848
2025-03-18 06:30,0.054059
2025-03-18 06:45,0.096276
2025-03-18 07:00,0.074012
2025-03-18 07:15,0.07575
2025-03-18 07:30,0.085745
2025-03-18 07:45,0.072573
2025-03-18 08:00,0.057739
2025-03-18 08:15,0.073676
2025-03-18 08:30,0.037313
2025-03-18 08:45,0.03135
2025-03-18 09:00,0.033403
2025-03-18 09:15,0.019138
2025-03-18 09:30,0.071266
2025-03-18 09:45,0.093894
2025-03-18 10:00,0.024318
2025-03-18 10:15,0.015419
2025-03-18 10:30,0.015671
2025-03-18 10:45,0.011028
2025-03-18 11:00,0.014307
2025-03-18 11:15,0.021816
2025-03-18 11:30,0.019318
2025-03-18 11:45,0.007252
2025-03-18 12:00,0.015505
2025-03-18 12:15,0.009044
2025-03-18 12:30,0.005939
2025-03-18 12:45,0.007801
2025-03-18 13:00,0.009474
2025-03-18 13:15,0.009416
2025-03-18 13:30,0.006176
2025-03-18 13:45,0.005103
2025-03-18 14:00,0.016625
2025-03-18 14:15,0.008675
2025-03-18 14:30,0.006397
2025-03-18 14:45,0.014184
2025-03-18 15:00,0.005314
2025-03-18 15:15,0.006113
2025-03-18 15:30,0.003024
2025-03-18 15:45,0.00158
2025-03-18 16:00,0.005665
2025-03-18 16:15,0.00602
2025-03-18 16:30,0.002859
2025-03-18 16:45,0.000622
2025-03-18 17:00,0.00289
2025-03-18 17:15,0.002941
2025-03-18 17:30,0.003526
2025-03-18 17:45,0.002322
2025-03-18 18:00,0.007278
2025-03-18 18:15,0.001721
2025-03-18 18:30,0.000821
2025-03-18 18:45,0.001436
2025-03-18 19:00,0.001856
2025-03-18 19:15,0.000328
2025-03-18 19:30,0.000902
2025-03-18 19:45,0.001834
2025-03-18 20:00,0.000376
2025-03-18 20:15,0.000411
2025-03-18 20:30,0.000871
2025-03-18 20:45,0.002272
2025-03-18 21:00,0.001838
2025-03-18 21:15,0.001626
2025-03-18 21:30,0.004081
2025-03-18 21:45,0.021441
2025-03-18 22:00,0.001465
2025-03-18 22:15,0.005847
2025-03-18 22:30,0.001606
2025-03-18 22:45,0.001866
2025-03-18 23:00,0.002256
2025-03-18 23:15,0.002157
2025-03-18 23:30,0.011336
2025-03-18 23:45,0.018842
2025-03-19 00:00,0.018008
2025-03-19 00:00,0.034201
2025-03-19 00:15,0.061315
2025-03-19 00:30,0.115884
2025-03-19 00:45,0.08678
2025-03-19 01:00,0.13518
2025-03-19 01:15,0.094868
2025-03-19 01:30,0.082517
2025-03-19 01:45,0.124719
2025-03-19 02:00,0.12982
2025-03-19 02:15,0.090054
2025-03-19 02:30,0.055059
2025-03-19 02:45,0.059249
2025-03-19 03:00,0.03237
2025-03-19 03:15,0.030556
2025-03-19 03:30,0.075522
2025-03-19 03:45,0.059486
2025-03-19 04:00,0.061941
2025-03-19 04:15,0.072998
2025-03-19 04:30,0.175039
2025-03-19 04:45,0.155455
2025-03-19 05:00,0.143767
2025-03-19 05:15,0.138093
2025-03-19 05:30,0.072742
2025-03-19 05:45,0.082472
2025-03-19 06:00,0.098615
2025-03-19 06:15,0.154512
2025-03-19 06:30,0.187752
2025-03-19 06:45,0.106323
2025-03-19 07:00,0.110432
2025-03-19 07:15,0.174038
2025-03-19 07:30,0.079693
2025-03-19 07:45,0.085286
2025-03-19 08:00,0.099904
2025-03-19 08:15,0.072182
2025-03-19 08:30,0.077163
2025-03-19 08:45,0.098887
2025-03-19 09:00,0.063232
2025-03-19 09:15,0.032005
2025-03-19 09:30,0.073976
2025-03-19 09:45,0.04849
2025-03-19 10:00,0.046748
2025-03-19 10:15,0.041228
2025-03-19 10:30,0.057097
2025-03-19 10:45,0.151143
2025-03-19 11:00,0.02259
2025-03-19 11:15,0.017917
2025-03-19 11:30,0.033999
2025-03-19 11:45,0.030044
2025-03-19 12:00,0.0341
2025-03-19 12:15,0.06308
2025-03-19 12:30,0.023769
2025-03-19 12:45,0.019375
2025-03-19 13:00,0.039229
2025-03-19 13:15,0.071602
2025-03-19 13:30,0.026132
2025-03-19 13:45,0.022907
2025-03-19 14:00,0.026804
2025-03-19 14:15,0.01267
2025-03-19 14:30,0.024616
2025-03-19 14:45,0.007356
2025-03-19 15:00,0.011945
2025-03-19 15:15,0.022169
2025-03-19 15:30,0.010708
2025-03-19 15:45,0.008549
2025-03-19 16:00,0.013925
2025-03-19 16:15,0.005149
2025-03-19 16:30,0.018632
2025-03-19 16:45,0.011798
2025-03-19 17:00,0.017959
2025-03-19 17:15,0.156162
2025-03-19 17:30,0.010395
2025-03-19 17:45,0.008254
2025-03-19 18:00,0.010385
2025-03-19 18:15,0.004226
2025-03-19 18:30,0.012146
2025-03-19 18:45,0.001566
2025-03-19 19:00,0.004107
2025-03-19 19:15,0.001475
2025-03-19 19:30,0.00193
2025-03-19 19:45,0.003904
2025-03-19 20:00,0.006304
2025-03-19 20:15,0.008488
2025-03-19 20:30,0.007006
2025-03-19 20:45,0.011624
2025-03-19 21:00,0.020278
2025-03-19 21:15,0.004647
2025-03-19 21:30,0.008932
2025-03-19 21:45,0.019778
2025-03-19 22:00,0.005133
2025-03-19 22:15,0.009228
2025-03-19 22:30,0.021086
2025-03-19 22:45,0.009059
2025-03-19 23:00,0.009836
2025-03-19 23:15,0.007768
2025-03-19 23:30,0.027199
2025-03-19 23:45,0.084657
2025-03-20 00:00,0.110401
2025-03-20 00:15,0.090144
2025-03-20 00:30,0.253804
2025-03-20 00:45,0.133689
2025-03-20 01:00,0.145748
2025-03-20 01:15,0.09121
2025-03-20 01:30,0.084001
2025-03-20 01:45,0.05548
2025-03-20 02:00,0.40035
2025-03-20 02:15,0.191658
2025-03-20 02:30,0.096845
2025-03-20 02:45,0.058172
2025-03-20 03:00,0.097585
2025-03-20 03:15,0.085404
2025-03-20 03:30,0.082668
2025-03-20 03:45,0.099307
2025-03-20 04:00,0.113803
2025-03-20 04:15,0.077471
2025-03-20 04:30,0.080601
2025-03-20 04:45,0.32998
2025-03-20 05:00,0.135468
2025-03-20 05:15,0.27041
2025-03-20 05:30,0.09708
2025-03-20 05:45,0.100745
2025-03-20 06:00,0.129414
2025-03-20 06:15,0.133921
2025-03-20 06:30,0.300596
2025-03-20 06:45,0.188778
2025-03-20 07:00,0.185717
2025-03-20 07:15,0.089634
2025-03-20 07:30,0.083873
2025-03-20 07:45,0.169515
2025-03-20 08:00,0.564774
2025-03-20 08:15,0.310369
2025-03-20 08:30,0.089397
2025-03-20 08:45,0.083031
2025-03-20 09:00,0.046265
2025-03-20 09:15,0.061498
2025-03-20 09:30,0.05307
2025-03-20 09:45,0.038234
2025-03-20 10:00,0.040882
2025-03-20 10:15,0.074933
2025-03-20 10:30,0.044633
2025-03-20 10:45,0.031994
2025-03-20 11:00,0.030862
2025-03-20 11:15,0.032169
2025-03-20 11:30,0.009464
2025-03-20 11:45,0.030765
2025-03-20 12:00,0.014865
2025-03-20 12:15,0.019861
2025-03-20 12:30,0.013094
2025-03-20 12:45,0.023542
2025-03-20 13:00,0.068198
2025-03-20 13:15,0.020504
2025-03-20 13:30,0.019954
2025-03-20 13:45,0.031719
2025-03-20 14:00,0.016865
2025-03-20 14:15,0.021356
2025-03-20 14:30,0.034935
2025-03-20 14:45,0.020685
2025-03-20 15:00,0.015631
2025-03-20 15:15,0.017188
2025-03-20 15:30,0.018837
2025-03-20 15:45,0.011181
2025-03-20 16:00,0.037645
2025-03-20 16:15,0.012205
2025-03-20 16:30,0.005992
2025-03-20 16:45,0.014662
2025-03-20 17:00,0.015613
2025-03-20 17:15,0.011657
2025-03-20 17:30,0.014844
2025-03-20 17:45,0.006488
2025-03-20 18:00,0.017409
2025-03-20 18:15,0.004071
2025-03-20 18:30,0.003399
2025-03-20 18:45,0.012663
2025-03-20 19:00,0.016386
2025-03-20 19:15,0.003006
2025-03-20 19:30,0.006282
2025-03-20 19:45,0.004801
2025-03-20 20:00,0.001975
2025-03-20 20:15,0.004368
2025-03-20 20:30,0.007555
2025-03-20 20:45,0.012354
2025-03-20 21:00,0.007997
2025-03-20 21:15,0.009673
2025-03-20 21:30,0.009256
2025-03-20 21:45,0.00477
2025-03-20 22:00,0.005062
2025-03-20 22:15,0.0042
2025-03-20 22:30,0.004209
2025-03-20 22:45,0.003828
2025-03-20 23:00,0.022637
2025-03-20 23:15,0.006991
2025-03-20 23:30,0.023629
2025-03-20 23:45,0.047241
2025-03-21 00:00,0.088253
2025-03-21 00:15,0.041916
2025-03-21 00:30,0.072161
2025-03-21 00:45,0.064891
2025-03-21 01:00,0.097817
2025-03-21 01:15,0.069517
2025-03-21 01:30,0.069752
2025-03-21 01:45,0.088828
2025-03-21 02:00,0.071232
2025-03-21 02:15,0.074729
2025-03-21 02:30,0.065739
2025-03-21 02:45,0.055075
2025-03-21 03:00,0.057343
2025-03-21 03:15,0.036973
2025-03-21 03:30,0.034154
2025-03-21 03:45,0.119865
2025-03-21 04:00,0.048461
2025-03-21 04:15,0.086704
2025-03-21 04:30,0.066399
2025-03-21 04:45,0.073681
2025-03-21 05:00,0.112726
2025-03-21 05:15,0.182134
2025-03-21 05:30,0.801262
2025-03-21 05:45,0.171668
2025-03-21 06:00,0.350104
2025-03-21 06:15,0.157173
2025-03-21 06:30,0.320524
2025-03-21 06:45,0.290203
2025-03-21 07:00,0.288368
2025-03-21 07:15,0.345214
2025-03-21 07:30,0.105837
2025-03-21 07:45,0.096346
2025-03-21 08:00,0.189341
2025-03-21 08:15,0.311115
2025-03-21 08:30,0.664307
2025-03-21 08:45,0.104185
2025-03-21 09:00,0.037886
2025-03-21 09:15,0.104613
2025-03-21 09:30,0.02358
2025-03-21 09:45,0.035589
2025-03-21 10:00,0.044093
2025-03-21 10:15,0.061644
2025-03-21 10:30,0.057714
2025-03-21 10:45,0.037798
2025-03-21 11:00,0.099084
2025-03-21 11:15,0.049756
2025-03-21 11:30,0.071769
2025-03-21 11:45,0.052416
2025-03-21 12:00,0.036968
2025-03-21 12:15,0.016539
2025-03-21 12:30,0.006996
2025-03-21 12:45,0.018223
2025-03-21 13:00,0.011205
2025-03-21 13:15,0.012715
2025-03-21 13:30,0.008733
2025-03-21 13:45,0.011854
2025-03-21 14:00,0.016445
2025-03-21 14:15,0.010884
2025-03-21 14:30,0.008634
2025-03-21 14:45,0.006272
2025-03-21 15:00,0.004463
2025-03-21 15:15,0.00748
2025-03-21 15:30,0.009232
2025-03-21 15:45,0.002551
2025-03-21 16:00,0.020492
2025-03-21 16:15,0.01423
2025-03-21 16:30,0.012445
2025-03-21 16:45,0.003408
2025-03-21 17:00,0.004801
2025-03-21 17:15,0.002133
2025-03-21 17:30,0.003697
2025-03-21 17:45,0.00184
2025-03-21 18:00,0.010079
2025-03-21 18:15,0.002735
2025-03-21 18:30,0.055143
2025-03-21 18:45,0.001827
2025-03-21 19:00,0.001849
2025-03-21 19:15,0.000976
2025-03-21 19:30,0.00182
2025-03-21 19:45,0.002908
2025-03-21 20:00,0.020064
2025-03-21 20:15,0.000428
2025-03-21 20:30,0.001523
2025-03-21 20:45,0.001235
2025-03-21 21:00,0.006994
2025-03-21 21:15,0.001909
2025-03-21 21:30,0.001279
2025-03-21 21:45,0.007666
2025-03-21 22:00,0.005808
2025-03-21 22:15,0.000714
2025-03-21 22:30,0.011151
2025-03-21 22:45,0.001099
2025-03-21 23:00,0.000547
2025-03-21 23:15,0.004977
2025-03-21 23:30,0.003917
2025-03-21 23:45,0.001285
2025-03-22 00:00,0.001345
2025-03-22 00:15,0.004499
2025-03-22 00:30,0.003586
2025-03-22 00:45,0.00882
2025-03-22 01:00,0.010732
2025-03-22 01:15,0.014774
2025-03-22 01:30,0.014527
2025-03-22 01:45,0.006036
2025-03-22 02:00,0.003588
2025-03-22 02:15,0.036082
2025-03-22 02:30,0.038719
2025-03-22 02:45,0.019813
2025-03-22 03:00,0.00761
2025-03-22 03:15,0.033196
2025-03-22 03:30,0.007143
2025-03-22 03:45,0.006626
2025-03-22 04:00,0.019364
2025-03-22 04:15,0.019444
2025-03-22 04:30,0.026483
2025-03-22 04:45,0.120476
2025-03-22 05:00,0.165312
2025-03-22 05:15,0.050031
2025-03-22 05:30,0.039721
2025-03-22 05:45,0.031314
2025-03-22 06:00,0.033281
2025-03-22 06:15,0.030619
2025-03-22 06:30,0.034551
2025-03-22 06:45,0.038119
2025-03-22 07:00,0.04344
2025-03-22 07:15,0.021481
2025-03-22 07:30,0.046535
2025-03-22 07:45,0.02948
2025-03-22 08:00,0.017721
2025-03-22 08:15,0.038767
2025-03-22 08:30,0.027997
2025-03-22 08:45,0.043515
2025-03-22 09:00,0.048697
2025-03-22 09:15,0.018736
2025-03-22 09:30,0.036402
2025-03-22 09:45,0.012556
2025-03-22 10:00,0.034601
2025-03-22 10:15,0.014174
2025-03-22 10:30,0.021811
2025-03-22 10:45,0.014714
2025-03-22 11:00,0.012357
2025-03-22 11:15,0.012788
2025-03-22 11:30,0.022287
2025-03-22 11:45,0.037931
2025-03-22 12:00,0.03002
2025-03-22 12:15,0.020132
2025-03-22 12:30,0.02247
2025-03-22 12:45,0.021467
2025-03-22 13:00,0.016365
2025-03-22 13:15,0.016271
2025-03-22 13:30,0.08804
2025-03-22 13:45,1.0
2025-03-22 14:00,0.19275
2025-03-22 14:15,0.014334
2025-03-22 14:30,0.039969
2025-03-22 14:45,0.008821
2025-03-22 15:00,0.003414
2025-03-22 15:15,0.007962
2025-03-22 15:30,0.005185
2025-03-22 15:45,0.014645
2025-03-22 16:00,0.004638
2025-03-22 16:15,0.00385
2025-03-22 16:30,0.005364
2025-03-22 16:45,0.005712
2025-03-22 17:00,0.009639
2025-03-22 17:15,0.002209
2025-03-22 17:30,0.005427
2025-03-22 17:45,0.000608
2025-03-22 18:00,0.021477
2025-03-22 18:15,0.002549
2025-03-22 18:30,0.00396
2025-03-22 18:45,0.004812
2025-03-22 19:00,0.005977
2025-03-22 19:15,0.000812
2025-03-22 19:30,0.00624
2025-03-22 19:45,0.002098
2025-03-22 20:00,0.001118
2025-03-22 20:15,0.008607
2025-03-22 20:30,0.004957
2025-03-22 20:45,0.001692
2025-03-22 21:00,0.003182
2025-03-22 21:15,0.002292
2025-03-22 21:30,0.001188
2025-03-22 21:45,0.007039
2025-03-22 22:00,0.030408
2025-03-22 22:15,0.00038
2025-03-22 22:30,0.004865
2025-03-22 22:45,0.001179
2025-03-22 23:00,0.001802
2025-03-22 23:15,0.000861
2025-03-22 23:30,0.006392
2025-03-22 23:45,0.000254
2025-03-23 00:00,0.005294
2025-03-23 00:15,0.019069
2025-03-23 00:30,0.003776
2025-03-23 00:45,0.005583
2025-03-23 01:00,0.002907
2025-03-23 01:15,0.003825
2025-03-23 01:30,0.005714
2025-03-23 01:45,0.00314
2025-03-23 02:00,0.003332
2025-03-23 02:15,0.004911
2025-03-23 02:30,0.014928
2025-03-23 02:45,0.013764
2025-03-23 03:00,0.003315
2025-03-23 03:15,0.01089
2025-03-23 03:30,0.012344
2025-03-23 03:45,0.018867
2025-03-23 04:00,0.014252
2025-03-23 04:15,0.019377
2025-03-23 04:30,0.017645
2025-03-23 04:45,0.008267
2025-03-23 05:00,0.01223
2025-03-23 05:15,0.01245
2025-03-23 05:30,0.007639
2025-03-23 05:45,0.023206
2025-03-23 06:00,0.01224
2025-03-23 06:15,0.026476
2025-03-23 06:30,0.021845
2025-03-23 06:45,0.018242
2025-03-23 07:00,0.022225
2025-03-23 07:15,0.021797
2025-03-23 07:30,0.051699
2025-03-23 07:45,0.039082
2025-03-23 08:00,0.017174
2025-03-23 08:15,0.023665
2025-03-23 08:30,0.016639
2025-03-23 08:45,0.012696
2025-03-23 09:00,0.025199
2025-03-23 09:15,0.016564
2025-03-23 09:30,0.014903
2025-03-23 09:45,0.011869
2025-03-23 10:00,0.022285
2025-03-23 10:15,0.012646
2025-03-23 10:30,0.023503
2025-03-23 10:45,0.052673
2025-03-23 11:00,0.012632
2025-03-23 11:15,0.009691
2025-03-23 11:30,0.011578
2025-03-23 11:45,0.025335
2025-03-23 12:00,0.02456
2025-03-23 12:15,0.02437
2025-03-23 12:30,0.016679
2025-03-23 12:45,0.013761
2025-03-23 13:00,0.01876
2025-03-23 13:15,0.021104
2025-03-23 13:30,0.014958
2025-03-23 13:45,0.022768
2025-03-23 14:00,0.006682
2025-03-23 14:15,0.010072
2025-03-23 14:30,0.008689
2025-03-23 14:45,0.009106
2025-03-23 15:00,0.007419
2025-03-23 15:15,0.014642
2025-03-23 15:30,0.003595
2025-03-23 15:45,0.005779
2025-03-23 16:00,0.008444
2025-03-23 16:15,0.007475
2025-03-23 16:30,0.013169
2025-03-23 16:45,0.014591
2025-03-23 17:00,0.009465
2025-03-23 17:15,0.007042
2025-03-23 17:30,0.009574
2025-03-23 17:45,0.008039
2025-03-23 18:00,0.011006
2025-03-23 18:15,0.009056
2025-03-23 18:30,0.011768
2025-03-23 18:45,0.008909
2025-03-23 19:00,0.01206
2025-03-23 19:15,0.016151
2025-03-23 19:30,0.002764
2025-03-23 19:45,0.002908
2025-03-23 20:00,0.007665
2025-03-23 20:15,0.006901
2025-03-23 20:30,0.012904
2025-03-23 20:45,0.004501
2025-03-23 21:00,0.003377
2025-03-23 21:15,0.005491
2025-03-23 21:30,0.00559
2025-03-23 21:45,0.010047
2025-03-23 22:00,0.003761
2025-03-23 22:15,0.006491
2025-03-23 22:30,0.003201
2025-03-23 22:45,0.002547
2025-03-23 23:00,0.005383
2025-03-23 23:15,0.010234
2025-03-23 23:30,0.037056
2025-03-23 23:45,0.019823
2025-03-24 00:00,0.046148
2025-03-24 00:15,0.042956
2025-03-24 00:30,0.077619
2025-03-24 00:45,0.096059
2025-03-24 01:00,0.120421
2025-03-24 01:15,0.113025
2025-03-24 01:30,0.118943
2025-03-24 01:45,0.06123
2025-03-24 02:00,0.090092
2025-03-24 02:15,0.070738
2025-03-24 02:30,0.170622
2025-03-24 02:45,0.04751
2025-03-24 03:00,0.04049
2025-03-24 03:15,0.266249
2025-03-24 03:30,0.092406
2025-03-24 03:45,0.063979
2025-03-24 04:00,0.06427
2025-03-24 04:15,0.117345
2025-03-24 04:30,0.151459
2025-03-24 04:45,0.157468
2025-03-24 05:00,0.328783
2025-03-24 05:15,0.258286
2025-03-24 05:30,0.10935
2025-03-24 05:45,0.075329
2025-03-24 06:00,0.118517
2025-03-24 06:15,0.108784
2025-03-24 06:30,0.1195
2025-03-24 06:45,0.190417
2025-03-24 07:00,0.161698
2025-03-24 07:15,0.081993
2025-03-24 07:30,0.083004
2025-03-24 07:45,0.068624
2025-03-24 08:00,0.064736
2025-03-24 08:15,0.075899
2025-03-24 08:30,0.062485
2025-03-24 08:45,0.065548
2025-03-24 09:00,0.057748
2025-03-24 09:15,0.021857
2025-03-24 09:30,0.051951
2025-03-24 09:45,0.054219
2025-03-24 10:00,0.034143
2025-03-24 10:15,0.048938
2025-03-24 10:30,0.032444
2025-03-24 10:45,0.017643
2025-03-24 11:00,0.016181
2025-03-24 11:15,0.02932
2025-03-24 11:30,0.017646
2025-03-24 11:45,0.028774
2025-03-24 12:00,0.029519
2025-03-24 12:15,0.080209
2025-03-24 12:30,0.044587
2025-03-24 12:45,0.055346
2025-03-24 13:00,0.022396
2025-03-24 13:15,0.091331
2025-03-24 13:30,0.030389
2025-03-24 13:45,0.052533
2025-03-24 14:00,0.029115
2025-03-24 14:15,0.019722
2025-03-24 14:30,0.009935
2025-03-24 14:45,0.020258
2025-03-24 15:00,0.015252
2025-03-24 15:15,0.017554
2025-03-24 15:30,0.013619
2025-03-24 15:45,0.009538
2025-03-24 16:00,0.012385
2025-03-24 16:15,0.008307
2025-03-24 16:30,0.018775
2025-03-24 16:45,0.001783
2025-03-24 17:00,0.015812
2025-03-24 17:15,0.005321
2025-03-24 17:30,0.00658
2025-03-24 17:45,0.001426
2025-03-24 18:00,0.014515
2025-03-24 18:15,0.020797
2025-03-24 18:30,0.007534
2025-03-24 18:45,0.007579
2025-03-24 19:00,0.007203
2025-03-24 19:15,0.001081
2025-03-24 19:30,0.012562
2025-03-24 19:45,0.002218
2025-03-24 20:00,0.010851
2025-03-24 20:15,0.00376
2025-03-24 20:30,0.012252
2025-03-24 20:45,0.003151
2025-03-24 21:00,0.00647
2025-03-24 21:15,0.013032
2025-03-24 21:30,0.000469
2025-03-24 21:45,0.001951
2025-03-24 22:00,0.008124
2025-03-24 22:15,0.004085
2025-03-24 22:30,0.003293
2025-03-24 22:45,0.007852
2025-03-24 23:00,0.013523
2025-03-24 23:15,0.031126
2025-03-24 23:30,0.027896
2025-03-24 23:45,0.048072
2025-03-25 00:00,0.069328
2025-03-25 00:15,0.099242
2025-03-25 00:30,0.126122
2025-03-25 00:45,0.132122
2025-03-25 01:00,0.249935
2025-03-25 01:15,0.289376
2025-03-25 01:30,0.266454
2025-03-25 01:45,0.17184
2025-03-25 02:00,0.100215
2025-03-25 02:15,0.087695
2025-03-25 02:30,0.112617
2025-03-25 02:45,0.088149
2025-03-25 03:00,0.072029
2025-03-25 03:15,0.066298
2025-03-25 03:30,0.110109
2025-03-25 03:45,0.085148
2025-03-25 04:00,0.090771
2025-03-25 04:15,0.115635
2025-03-25 04:30,0.152358
2025-03-25 04:45,0.12957
2025-03-25 05:00,0.199306
2025-03-25 05:15,0.186645
2025-03-25 05:30,0.182405
2025-03-25 05:45,0.100288
2025-03-25 06:00,0.149348
2025-03-25 06:15,0.137591
2025-03-25 06:30,0.254735
2025-03-25 06:45,0.331017
2025-03-25 07:00,0.191767
2025-03-25 07:15,0.209816
2025-03-25 07:30,0.129041
2025-03-25 07:45,0.390258
2025-03-25 08:00,0.79051
2025-03-25 08:15,0.160857
2025-03-25 08:30,0.16706
2025-03-25 08:45,0.124804
2025-03-25 09:00,0.103272
2025-03-25 09:15,0.13251
2025-03-25 09:30,0.10688
2025-03-25 09:45,0.073611
2025-03-25 10:00,0.110817
2025-03-25 10:15,0.165019
2025-03-25 10:30,0.098397
2025-03-25 10:45,0.045768
2025-03-25 11:00,0.048
2025-03-25 11:15,0.033595
2025-03-25 11:30,0.032553
2025-03-25 11:45,0.022621
2025-03-25 12:00,0.056446
2025-03-25 12:15,0.048509
2025-03-25 12:30,0.024931
2025-03-25 12:45,0.024415
2025-03-25 13:00,0.014093
2025-03-25 13:15,0.017547
2025-03-25 13:30,0.011655
2025-03-25 13:45,0.019959
2025-03-25 14:00,0.024418
2025-03-25 14:15,0.027274
2025-03-25 14:30,0.00435
2025-03-25 14:45,0.002793
2025-03-25 15:00,0.004391
2025-03-25 15:15,0.010931
2025-03-25 15:30,0.009407
2025-03-25 15:45,0.004282
2025-03-25 16:00,0.009276
2025-03-25 16:15,0.020752
2025-03-25 16:30,0.015629
2025-03-25 16:45,0.02198
2025-03-25 17:00,0.016135
2025-03-25 17:15,0.00767
2025-03-25 17:30,0.003811
2025-03-25 17:45,0.000967
2025-03-25 18:00,0.011313
2025-03-25 18:15,0.003404
2025-03-25 18:30,0.008537
2025-03-25 18:45,0.00545
2025-03-25 19:00,0.011055
2025-03-25 19:15,0.004662
2025-03-25 19:30,0.006
2025-03-25 19:45,0.009147
2025-03-25 20:00,0.006262
2025-03-25 20:15,0.003785
2025-03-25 20:30,0.00167
2025-03-25 20:45,0.002593
2025-03-25 21:00,0.003006
2025-03-25 21:15,0.004374
2025-03-25 21:30,0.00157
2025-03-25 21:45,0.002649
2025-03-25 22:00,0.00614
2025-03-25 22:15,0.001246
2025-03-25 22:30,0.013108
2025-03-25 22:45,0.011428
2025-03-25 23:00,0.023208
2025-03-25 23:15,0.020554
2025-03-25 23:30,0.019932
2025-03-25 23:45,0.042361
2025-03-26 00:00,0.06078
2025-03-26 00:00,0.077403
2025-03-26 00:15,0.078844
2025-03-26 00:30,0.096593
2025-03-26 00:45,0.11555
2025-03-26 01:00,0.109993
2025-03-26 01:15,0.193875
2025-03-26 01:30,1.0
2025-03-26 01:45,0.134513
2025-03-26 02:00,0.127567
2025-03-26 02:15,0.127618
2025-03-26 02:30,0.106311
2025-03-26 02:45,0.065423
2025-03-26 03:00,0.079175
2025-03-26 03:15,0.105581
2025-03-26 03:30,0.180575
2025-03-26 03:45,0.115857
2025-03-26 04:00,0.114939
2025-03-26 04:15,0.113834
2025-03-26 04:30,0.118956
2025-03-26 04:45,0.117003
2025-03-26 05:00,0.125053
2025-03-26 05:15,0.164296
2025-03-26 05:30,0.107675
2025-03-26 05:45,0.161664
2025-03-26 06:00,0.207874
2025-03-26 06:15,0.126413
2025-03-26 06:30,0.539576
2025-03-26 06:45,0.291814
2025-03-26 07:00,0.162695
2025-03-26 07:15,0.153759
2025-03-26 07:30,0.159138
2025-03-26 07:45,0.114165
2025-03-26 08:00,0.138397
2025-03-26 08:15,0.145073
2025-03-26 08:30,0.099627
2025-03-26 08:45,0.07122
2025-03-26 09:00,0.069451
2025-03-26 09:15,0.091445
2025-03-26 09:30,0.108606
2025-03-26 09:45,0.074875
2025-03-26 10:00,0.07398
2025-03-26 10:15,0.051824
2025-03-26 10:30,0.22481
2025-03-26 10:45,0.111084
2025-03-26 11:00,0.049813
2025-03-26 11:15,0.053044
2025-03-26 11:30,0.042477
2025-03-26 11:45,0.047747
2025-03-26 12:00,0.048177
2025-03-26 12:15,0.029973
2025-03-26 12:30,0.047704
2025-03-26 12:45,0.056565
2025-03-26 13:00,0.023957
2025-03-26 13:15,0.021068
2025-03-26 13:30,0.018274
2025-03-26 13:45,0.046236
2025-03-26 14:00,0.021754
2025-03-26 14:15,0.017072
2025-03-26 14:30,0.012436
2025-03-26 14:45,0.042331
2025-03-26 15:00,0.041359
2025-03-26 15:15,0.037541
2025-03-26 15:30,0.036572
2025-03-26 15:45,0.028284
2025-03-26 16:00,0.040629
2025-03-26 16:15,0.04337
2025-03-26 16:30,0.043672
2025-03-26 16:45,0.008234
2025-03-26 17:00,0.013265
2025-03-26 17:15,0.029882
2025-03-26 17:30,0.010481
2025-03-26 17:45,0.002157
2025-03-26 18:00,0.031518
2025-03-26 18:15,0.008024
2025-03-26 18:30,0.005147
2025-03-26 18:45,0.002253
2025-03-26 19:00,0.01779
2025-03-26 19:15,0.007884
2025-03-26 19:30,0.007285
2025-03-26 19:45,0.00336
2025-03-26 20:00,0.005605
2025-03-26 20:15,0.004636
2025-03-26 20:30,0.010112
2025-03-26 20:45,0.008605
2025-03-26 21:00,0.011464
2025-03-26 21:15,0.00761
2025-03-26 21:30,0.008951
2025-03-26 21:45,0.006085
2025-03-26 22:00,0.011041
2025-03-26 22:15,0.007253
2025-03-26 22:30,0.011683
2025-03-26 22:45,0.008062
2025-03-26 23:00,0.043181
2025-03-26 23:15,0.036115
2025-03-26 23:30,0.0451
2025-03-26 23:45,0.107495
2025-03-27 00:00,0.51846
2025-03-27 00:15,0.298292
2025-03-27 00:30,0.177641
2025-03-27 00:45,0.134422
2025-03-27 01:00,0.099732
2025-03-27 01:15,0.101344
2025-03-27 01:30,0.0962
2025-03-27 01:45,0.144293
2025-03-27 02:00,0.193255
2025-03-27 02:15,0.125621
2025-03-27 02:30,0.097705
2025-03-27 02:45,0.066337
2025-03-27 03:00,0.170542
2025-03-27 03:15,0.319265
2025-03-27 03:30,0.072663
2025-03-27 03:45,0.092463
2025-03-27 04:00,0.139567
2025-03-27 04:15,0.080906
2025-03-27 04:30,0.115193
2025-03-27 04:45,0.11667
2025-03-27 05:00,0.104812
2025-03-27 05:15,0.15573
2025-03-27 05:30,0.119533
2025-03-27 05:45,0.113653
2025-03-27 06:00,0.124855
2025-03-27 06:15,0.128287
2025-03-27 06:30,0.154872
2025-03-27 06:45,0.212562
2025-03-27 07:00,0.11425
2025-03-27 07:15,0.288876
2025-03-27 07:30,0.20175
2025-03-27 07:45,0.109787
2025-03-27 08:00,0.135117
2025-03-27 08:15,0.099845
2025-03-27 08:30,0.098209
2025-03-27 08:45,0.123998
2025-03-27 09:00,0.070367
2025-03-27 09:15,0.095606
2025-03-27 09:30,0.118601
2025-03-27 09:45,0.061875
2025-03-27 10:00,0.038776
2025-03-27 10:15,0.065269
2025-03-27 10:30,0.204816
2025-03-27 10:45,0.047545
2025-03-27 11:00,0.06298
2025-03-27 11:15,0.055275
2025-03-27 11:30,0.088251
2025-03-27 11:45,0.051449
2025-03-27 12:00,0.047799
2025-03-27 12:15,0.043151
2025-03-27 12:30,0.043513
2025-03-27 12:45,0.03597
2025-03-27 13:00,0.190916
2025-03-27 13:15,0.27806
2025-03-27 13:30,0.147949
2025-03-27 13:45,0.020849
2025-03-27 14:00,0.034402
2025-03-27 14:15,0.033744
2025-03-27 14:30,0.029101
2025-03-27 14:45,0.110317
2025-03-27 15:00,0.034024
2025-03-27 15:15,0.069966
2025-03-27 15:30,0.034845
2025-03-27 15:45,0.053842
2025-03-27 16:00,0.100139
2025-03-27 16:15,0.066448
2025-03-27 16:30,0.031667
2025-03-27 16:45,0.007718
2025-03-27 17:00,0.020632
2025-03-27 17:15,0.017712
2025-03-27 17:30,0.018111
2025-03-27 17:45,0.025827
2025-03-27 18:00,0.025083
2025-03-27 18:15,0.082154
2025-03-27 18:30,0.001253
2025-03-27 18:45,0.002901
2025-03-27 19:00,0.003742
2025-03-27 19:15,0.014488
2025-03-27 19:30,0.002438
2025-03-27 19:45,0.030621
2025-03-27 20:00,0.00417
2025-03-27 20:15,0.011071
2025-03-27 20:30,0.013078
2025-03-27 20:45,0.003861
2025-03-27 21:00,0.000418
2025-03-27 21:15,0.002041
2025-03-27 21:30,0.002525
2025-03-27 21:45,0.010085
2025-03-27 22:00,0.00743
2025-03-27 22:15,0.014722
2025-03-27 22:30,0.022608
2025-03-27 22:45,0.006018
2025-03-27 23:00,0.01039
2025-03-27 23:15,0.018658
2025-03-27 23:30,0.041224
2025-03-27 23:45,0.04563
2025-03-28 00:00,0.088082
2025-03-28 00:15,0.066425
2025-03-28 00:30,0.060848
2025-03-28 00:45,0.152157
2025-03-28 01:00,0.063948
2025-03-28 01:15,0.066741
2025-03-28 01:30,0.099778
2025-03-28 01:45,0.111228
2025-03-28 02:00,0.118024
2025-03-28 02:15,0.311629
2025-03-28 02:30,0.33313
2025-03-28 02:45,0.389887
2025-03-28 03:00,0.087892
2025-03-28 03:15,0.045226
2025-03-28 03:30,0.051526
2025-03-28 03:45,0.0702
2025-03-28 04:00,0.071559
2025-03-28 04:15,0.082499
2025-03-28 04:30,0.103693
2025-03-28 04:45,0.204845
2025-03-28 05:00,0.539377
2025-03-28 05:15,0.188749
2025-03-28 05:30,0.063872
2025-03-28 05:45,0.061894
2025-03-28 06:00,0.110773
2025-03-28 06:15,0.121141
2025-03-28 06:30,0.190753
2025-03-28 06:45,0.099716
2025-03-28 07:00,0.191396
2025-03-28 07:15,0.09514
2025-03-28 07:30,0.204778
2025-03-28 07:45,0.113276
2025-03-28 08:00,0.139317
2025-03-28 08:15,0.118937
2025-03-28 08:30,0.068942
2025-03-28 08:45,0.113579
2025-03-28 09:00,0.132832
2025-03-28 09:15,0.067182
2025-03-28 09:30,0.111833
2025-03-28 09:45,0.025282
2025-03-28 10:00,0.045188
2025-03-28 10:15,0.042264
2025-03-28 10:30,0.084406
2025-03-28 10:45,0.116349
2025-03-28 11:00,0.108261
2025-03-28 11:15,0.083382
2025-03-28 11:30,0.065743
2025-03-28 11:45,0.040645
2025-03-28 12:00,0.09694
2025-03-28 12:15,0.050667
2025-03-28 12:30,0.021196
2025-03-28 12:45,0.018289
2025-03-28 13:00,0.034075
2025-03-28 13:15,0.035322
2025-03-28 13:30,0.030661
2025-03-28 13:45,0.046899
2025-03-28 14:00,0.053776
2025-03-28 14:15,0.013942
2025-03-28 14:30,0.015083
2025-03-28 14:45,0.019067
2025-03-28 15:00,0.006362
2025-03-28 15:15,0.006366
2025-03-28 15:30,0.019432
2025-03-28 15:45,0.031988
2025-03-28 16:00,0.007975
2025-03-28 16:15,0.006971
2025-03-28 16:30,0.009192
2025-03-28 16:45,0.012492
2025-03-28 17:00,0.017006
2025-03-28 17:15,0.008378
2025-03-28 17:30,0.002892
2025-03-28 17:45,0.006949
2025-03-28 18:00,0.036052
2025-03-28 18:15,0.011042
2025-03-28 18:30,0.003163
2025-03-28 18:45,0.005796
2025-03-28 19:00,0.005523
2025-03-28 19:15,0.002476
2025-03-28 19:30,0.002273
2025-03-28 19:45,0.003254
2025-03-28 20:00,0.009694
2025-03-28 20:15,0.003076
2025-03-28 20:30,0.00246
2025-03-28 20:45,0.009573
2025-03-28 21:00,0.00162
2025-03-28 21:15,0.003193
2025-03-28 21:30,0.001034
2025-03-28 21:45,0.003187
2025-03-28 22:00,0.002082
2025-03-28 22:15,0.002454
2025-03-28 22:30,0.001239
2025-03-28 22:45,0.007515
2025-03-28 23:00,0.002358
2025-03-28 23:15,0.005422
2025-03-28 23:30,0.005593
2025-03-28 23:45,0.010921
2025-03-29 00:00,0.00566
2025-03-29 00:15,0.027069
2025-03-29 00:30,0.009081
2025-03-29 00:45,0.015618
2025-03-29 01:00,0.015408
2025-03-29 01:15,0.007672
2025-03-29 01:30,0.003432
2025-03-29 01:45,0.00736
2025-03-29 02:00,0.008366
2025-03-29 02:15,0.040966
2025-03-29 02:30,0.014922
2025-03-29 02:45,0.059419
2025-03-29 03:00,0.017534
2025-03-29 03:15,0.059742
2025-03-29 03:30,0.049874
2025-03-29 03:45,0.006216
2025-03-29 04:00,0.092702
2025-03-29 04:15,0.008794
2025-03-29 04:30,0.012429
2025-03-29 04:45,0.00866
2025-03-29 05:00,0.090605
2025-03-29 05:15,0.015959
2025-03-29 05:30,0.019063
2025-03-29 05:45,0.026307
2025-03-29 06:00,0.019201
2025-03-29 06:15,0.046894
2025-03-29 06:30,0.040353
2025-03-29 06:45,0.073532
2025-03-29 07:00,0.01357
2025-03-29 07:15,0.029335
2025-03-29 07:30,0.027149
2025-03-29 07:45,0.02819
2025-03-29 08:00,0.043227
2025-03-29 08:15,0.032476
2025-03-29 08:30,0.031932
2025-03-29 08:45,0.028309
2025-03-29 09:00,0.032864
2025-03-29 09:15,0.034544
2025-03-29 09:30,0.039735
2025-03-29 09:45,0.039443
2025-03-29 10:00,0.021194
2025-03-29 10:15,0.025725
2025-03-29 10:30,0.010249
2025-03-29 10:45,0.014778
2025-03-29 11:00,0.031698
2025-03-29 11:15,0.029429
2025-03-29 11:30,0.0268
2025-03-29 11:45,0.039187
2025-03-29 12:00,0.017324
2025-03-29 12:15,0.014851
2025-03-29 12:30,0.023693
2025-03-29 12:45,0.020379
2025-03-29 13:00,0.041734
2025-03-29 13:15,0.030677
2025-03-29 13:30,0.013446
2025-03-29 13:45,0.006105
2025-03-29 14:00,0.011127
2025-03-29 14:15,0.023714
2025-03-29 14:30,0.034505
2025-03-29 14:45,0.015635
2025-03-29 15:00,0.008306
2025-03-29 15:15,0.013981
2025-03-29 15:30,0.03067
2025-03-29 15:45,0.056145
2025-03-29 16:00,0.031092
2025-03-29 16:15,0.034247
2025-03-29 16:30,0.026888
2025-03-29 16:45,0.026118
2025-03-29 17:00,0.007332
2025-03-29 17:15,0.009822
2025-03-29 17:30,0.008657
2025-03-29 17:45,0.011246
2025-03-29 18:00,0.01653
2025-03-29 18:15,0.022263
2025-03-29 18:30,0.01869
2025-03-29 18:45,0.018343
2025-03-29 19:00,0.012786
2025-03-29 19:15,0.011515
2025-03-29 19:30,0.008915
2025-03-29 19:45,0.017038
2025-03-29 20:00,0.011394
2025-03-29 20:15,0.005928
2025-03-29 20:30,0.00791
2025-03-29 20:45,0.00313
2025-03-29 21:00,0.001313
2025-03-29 21:15,0.007072
2025-03-29 21:30,0.006898
2025-03-29 21:45,0.00548
2025-03-29 22:00,0.003764
2025-03-29 22:15,0.003901
2025-03-29 22:30,0.008349
2025-03-29 22:45,0.004394
2025-03-29 23:00,0.035309
2025-03-29 23:15,0.001441
2025-03-29 23:30,0.000837
2025-03-29 23:45,0.008563
2025-03-30 00:00,0.023583
2025-03-30 00:15,0.009467
2025-03-30 00:30,0.003733
2025-03-30 00:45,0.010263
2025-03-30 01:00,0.036813
2025-03-30 01:15,0.007423
2025-03-30 01:30,0.001794
2025-03-30 01:45,0.0165
2025-03-30 02:00,0.020466
2025-03-30 02:15,0.004658
2025-03-30 02:30,0.011433
2025-03-30 02:45,0.009188
2025-03-30 03:00,0.056563
2025-03-30 03:15,0.009048
2025-03-30 03:30,0.00594
2025-03-30 03:45,0.019867
2025-03-30 04:00,0.021604
2025-03-30 04:15,0.017953
2025-03-30 04:30,0.060779
2025-03-30 04:45,0.020774
2025-03-30 05:00,0.108896
2025-03-30 05:15,0.040959
2025-03-30 05:30,0.035839
2025-03-30 05:45,0.017438
2025-03-30 06:00,0.039528
2025-03-30 06:15,0.042773
2025-03-30 06:30,0.124166
2025-03-30 06:45,0.103497
2025-03-30 07:00,0.031338
2025-03-30 07:15,0.044443
2025-03-30 07:30,0.03798
2025-03-30 07:45,0.027693
2025-03-30 08:00,0.042505
2025-03-30 08:15,0.043966
2025-03-30 08:30,0.045529
2025-03-30 08:45,0.026761
2025-03-30 09:00,0.027293
2025-03-30 09:15,0.064635
2025-03-30 09:30,0.040149
2025-03-30 09:45,0.018704
2025-03-30 10:00,0.052927
2025-03-30 10:15,0.017783
2025-03-30 10:30,0.04035
2025-03-30 10:45,0.022884
2025-03-30 11:00,0.029084
2025-03-30 11:15,0.015252
2025-03-30 11:30,0.024305
2025-03-30 11:45,0.093385
2025-03-30 12:00,0.04105
2025-03-30 12:15,0.045013
2025-03-30 12:30,0.021427
2025-03-30 12:45,0.015732
2025-03-30 13:00,0.029052
2025-03-30 13:15,0.034661
2025-03-30 13:30,0.017553
2025-03-30 13:45,0.039183
2025-03-30 14:00,0.031097
2025-03-30 14:15,0.005743
2025-03-30 14:30,0.028071
2025-03-30 14:45,0.032495
2025-03-30 15:00,0.009229
2025-03-30 15:15,0.016051
2025-03-30 15:30,0.01214
2025-03-30 15:45,0.008052
2025-03-30 16:00,0.005458
2025-03-30 16:15,0.006015
2025-03-30 16:30,0.017387
2025-03-30 16:45,0.008262
2025-03-30 17:00,0.005675
2025-03-30 17:15,0.00559
2025-03-30 17:30,0.016637
2025-03-30 17:45,0.003732
2025-03-30 18:00,0.016657
2025-03-30 18:15,0.001037
2025-03-30 18:30,0.006093
2025-03-30 18:45,0.011387
2025-03-30 19:00,0.003461
2025-03-30 19:15,0.020417
2025-03-30 19:30,0.097402
2025-03-30 19:45,0.03017
2025-03-30 20:00,0.010694
2025-03-30 20:15,0.008601
2025-03-30 20:30,0.008605
2025-03-30 20:45,0.003485
2025-03-30 21:00,0.00925
2025-03-30 21:15,0.007157
2025-03-30 21:30,0.002883
2025-03-30 21:45,0.005592
2025-03-30 22:00,0.009397
2025-03-30 22:15,0.004537
2025-03-30 22:30,0.012303
2025-03-30 22:45,0.011234
2025-03-30 23:00,0.016186
2025-03-30 23:15,0.018274
2025-03-30 23:30,0.045339
2025-03-30 23:45,0.232833
2025-03-31 00:00,0.115974
2025-03-31 00:15,0.10492
2025-03-31 00:30,0.089125
2025-03-31 00:45,0.111004
2025-03-31 01:00,0.183882
2025-03-31 01:15,0.133643
2025-03-31 01:30,0.090136
2025-03-31 01:45,0.087037
2025-03-31 02:00,0.121248
2025-03-31 02:15,0.068874
2025-03-31 02:30,0.35233
2025-03-31 02:45,0.340465
2025-03-31 03:00,0.416258
2025-03-31 03:15,0.323583
2025-03-31 03:30,0.332355
2025-03-31 03:45,0.362925
2025-03-31 04:00,0.285963
2025-03-31 04:15,0.183482
2025-03-31 04:30,0.126448
2025-03-31 04:45,0.296424
2025-03-31 05:00,0.395849
2025-03-31 05:15,0.170885
2025-03-31 05:30,0.127911
2025-03-31 05:45,0.177995
2025-03-31 06:00,0.136799
2025-03-31 06:15,0.10837
2025-03-31 06:30,0.13272
2025-03-31 06:45,0.201602
2025-03-31 07:00,0.333269
2025-03-31 07:15,0.216156
2025-03-31 07:30,0.158007
2025-03-31 07:45,0.128522
2025-03-31 08:00,0.172835
2025-03-31 08:15,0.126957
2025-03-31 08:30,0.146675
2025-03-31 08:45,0.179095
2025-03-31 09:00,0.06813
2025-03-31 09:15,0.493819
2025-03-31 09:30,0.072397
2025-03-31 09:45,0.073913
2025-03-31 10:00,0.047854
2025-03-31 10:15,0.068494
2025-03-31 10:30,0.038484
2025-03-31 10:45,0.03865
2025-03-31 11:00,0.04987
2025-03-31 11:15,0.038482
2025-03-31 11:30,0.039783
2025-03-31 11:45,0.037207
2025-03-31 12:00,0.069975
2025-03-31 12:15,0.059435
2025-03-31 12:30,0.031143
2025-03-31 12:45,0.031457
2025-03-31 13:00,0.040763
2025-03-31 13:15,0.034909
2025-03-31 13:30,0.035469
2025-03-31 13:45,0.044405
2025-03-31 14:00,0.040036
2025-03-31 14:15,0.035047
2025-03-31 14:30,0.022873
2025-03-31 14:45,0.025106
2025-03-31 15:00,0.035512
2025-03-31 15:15,0.035241
2025-03-31 15:30,0.02635
2025-03-31 15:45,0.035245
2025-03-31 16:00,0.035381
2025-03-31 16:15,0.020331
2025-03-31 16:30,0.021932
2025-03-31 16:45,0.011941
2025-03-31 17:00,0.0274
2025-03-31 17:15,0.024478
2025-03-31 17:30,0.058356
2025-03-31 17:45,0.010856
2025-03-31 18:00,0.040304
2025-03-31 18:15,0.005953
2025-03-31 18:30,0.008049
2025-03-31 18:45,0.004602
2025-03-31 19:00,0.007375
2025-03-31 19:15,0.005742
2025-03-31 19:30,0.003519
2025-03-31 19:45,0.000981
2025-03-31 20:00,0.116899
2025-03-31 20:15,0.026709
2025-03-31 20:30,0.019371
2025-03-31 20:45,0.005835
2025-03-31 21:00,0.001212
2025-03-31 21:15,0.004026
2025-03-31 21:30,0.013981
2025-03-31 21:45,0.007846
2025-03-31 22:00,0.005853
2025-03-31 22:15,0.015718
2025-03-31 22:30,0.004135
2025-03-31 22:45,0.009524
2025-03-31 23:00,0.031843
2025-03-31 23:15,0.017537
2025-03-31 23:30,0.033125
2025-03-31 23:45,0.062723
2025-04-01 00:00,0.132947
2025-04-01 00:15,0.110848
2025-04-01 00:30,0.648413
2025-04-01 00:45,0.282129
2025-04-01 01:00,0.217476
2025-04-01 01:15,0.212782
2025-04-01 01:30,0.209495
2025-04-01 01:45,0.138523
2025-04-01 02:00,0.187201
2025-04-01 02:15,0.123383
2025-04-01 02:30,0.10851
2025-04-01 02:45,0.124517
2025-04-01 03:00,0.148486
2025-04-01 03:15,0.144105
2025-04-01 03:30,0.148484
2025-04-01 03:45,0.16741
2025-04-01 04:00,0.232225
2025-04-01 04:15,0.185411
2025-04-01 04:30,0.226712
2025-04-01 04:45,0.190674
2025-04-01 05:00,0.170932
2025-04-01 05:15,0.102751
2025-04-01 05:30,0.169903
2025-04-01 05:45,0.15849
2025-04-01 06:00,0.575849
2025-04-01 06:15,0.420874
2025-04-01 06:30,0.160224
2025-04-01 06:45,0.193292
2025-04-01 07:00,0.215705
2025-04-01 07:15,0.193737
2025-04-01 07:30,0.214107
2025-04-01 07:45,0.213217
2025-04-01 08:00,0.136265
2025-04-01 08:15,0.270179
2025-04-01 08:30,0.406455
2025-04-01 08:45,0.235208
2025-04-01 09:00,0.135652
2025-04-01 09:15,0.107993
2025-04-01 09:30,0.244615
2025-04-01 09:45,0.323335
2025-04-01 10:00,0.132454
2025-04-01 10:15,0.1059
2025-04-01 10:30,0.139406
2025-04-01 10:45,0.105639
2025-04-01 11:00,0.064569
2025-04-01 11:15,0.055941
2025-04-01 11:30,0.099936
2025-04-01 11:45,0.067206
2025-04-01 12:00,0.145902
2025-04-01 12:15,0.065944
2025-04-01 12:30,0.048189
2025-04-01 12:45,0.077192
2025-04-01 13:00,0.031981
2025-04-01 13:15,0.027638
2025-04-01 13:30,0.04851
2025-04-01 13:45,0.062043
2025-04-01 14:00,0.024698
2025-04-01 14:15,0.043003
2025-04-01 14:30,0.04514
2025-04-01 14:45,0.025749
2025-04-01 15:00,0.025175
2025-04-01 15:15,0.040513
2025-04-01 15:30,0.067901
2025-04-01 15:45,0.053874
2025-04-01 16:00,0.022276
2025-04-01 16:15,0.034974
2025-04-01 16:30,0.012623
2025-04-01 16:45,0.015957
2025-04-01 17:00,0.013118
2025-04-01 17:15,0.018522
2025-04-01 17:30,0.002277
2025-04-01 17:45,0.012956
2025-04-01 18:00,0.016321
2025-04-01 18:15,0.000435
2025-04-01 18:30,0.002509
2025-04-01 18:45,0.003322
2025-04-01 19:00,0.000858
2025-04-01 19:15,0.009395
2025-04-01 19:30,0.002049
2025-04-01 19:45,0.010669
2025-04-01 20:00,0.007488
2025-04-01 20:15,0.000896
2025-04-01 20:30,0.003244
2025-04-01 20:45,0.003487
2025-04-01 21:00,0.00229
2025-04-01 21:15,0.004466
2025-04-01 21:30,0.016576
2025-04-01 21:45,0.004784
2025-04-01 22:00,0.003943
2025-04-01 22:15,0.003543
2025-04-01 22:30,0.009154
2025-04-01 22:45,0.016473
2025-04-01 23:00,0.018088
2025-04-01 23:15,0.014432
2025-04-01 23:30,0.026966
2025-04-01 23:45,0.100041
2025-04-02 00:00,0.11374
2025-04-02 00:00,0.042983
2025-04-02 00:15,0.058903
2025-04-02 00:30,0.069408
2025-04-02 00:45,0.039712
2025-04-02 01:00,0.043557
2025-04-02 01:15,0.053127
2025-04-02 01:30,0.035878
2025-04-02 01:45,0.063344
2025-04-02 02:00,0.050157
2025-04-02 02:15,0.038759
2025-04-02 02:30,0.053528
2025-04-02 02:45,0.1027
2025-04-02 03:00,0.140876
2025-04-02 03:15,0.048317
2025-04-02 03:30,0.057399
2025-04-02 03:45,0.041395
2025-04-02 04:00,0.043263
2025-04-02 04:15,0.050419
2025-04-02 04:30,0.045774
2025-04-02 04:45,0.108281
2025-04-02 05:00,0.129634
2025-04-02 05:15,0.105278
2025-04-02 05:30,0.049493
2025-04-02 05:45,0.06279
2025-04-02 06:00,0.042672
2025-04-02 06:15,0.065742
2025-04-02 06:30,0.134534
2025-04-02 06:45,0.071748
2025-04-02 07:00,0.058389
2025-04-02 07:15,0.077799
2025-04-02 07:30,0.056282
2025-04-02 07:45,0.055381
2025-04-02 08:00,0.070213
2025-04-02 08:15,0.046011
2025-04-02 08:30,0.130229
2025-04-02 08:45,0.039705
2025-04-02 09:00,0.01792
2025-04-02 09:15,0.0293
2025-04-02 09:30,0.03405
2025-04-02 09:45,0.036338
2025-04-02 10:00,0.021367
2025-04-02 10:15,0.020062
2025-04-02 10:30,0.098638
2025-04-02 10:45,0.086841
2025-04-02 11:00,0.036933
2025-04-02 11:15,0.031424
2025-04-02 11:30,0.027766
2025-04-02 11:45,0.083617
2025-04-02 12:00,0.080362
2025-04-02 12:15,0.029826
2025-04-02 12:30,0.026353
2025-04-02 12:45,0.013718
2025-04-02 13:00,0.012918
2025-04-02 13:15,0.009349
2025-04-02 13:30,0.013295
2025-04-02 13:45,0.016663
2025-04-02 14:00,0.011125
2025-04-02 14:15,0.008711
2025-04-02 14:30,0.01063
2025-04-02 14:45,0.013811
2025-04-02 15:00,0.016997
2025-04-02 15:15,0.019208
2025-04-02 15:30,0.011487
2025-04-02 15:45,0.007432
2025-04-02 16:00,0.006518
2025-04-02 16:15,0.006107
2025-04-02 16:30,0.00923
2025-04-02 16:45,0.015831
2025-04-02 17:00,0.141319
2025-04-02 17:15,0.007446
2025-04-02 17:30,0.000809
2025-04-02 17:45,0.005312
2025-04-02 18:00,0.004642
2025-04-02 18:15,0.006792
2025-04-02 18:30,0.003267
2025-04-02 18:45,0.004592
2025-04-02 19:00,0.004658
2025-04-02 19:15,0.002455
2025-04-02 19:30,0.002694
2025-04-02 19:45,0.001236
2025-04-02 20:00,0.0009
2025-04-02 20:15,0.006999
2025-04-02 20:30,0.003467
2025-04-02 20:45,0.009438
2025-04-02 21:00,0.003138
2025-04-02 21:15,0.002802
2025-04-02 21:30,0.004495
2025-04-02 21:45,0.007402
2025-04-02 22:00,0.004218
2025-04-02 22:15,0.002253
2025-04-02 22:30,0.003629
2025-04-02 22:45,0.003092
2025-04-02 23:00,0.008927
2025-04-02 23:15,0.009873
2025-04-02 23:30,0.010934
2025-04-02 23:45,0.027747
2025-04-03 00:00,0.029179
2025-04-03 00:15,0.030405
2025-04-03 00:30,0.042884
2025-04-03 00:45,0.052892
2025-04-03 01:00,0.062197
2025-04-03 01:15,0.031152
2025-04-03 01:30,0.029781
2025-04-03 01:45,0.03998
2025-04-03 02:00,0.0394
2025-04-03 02:15,0.046976
2025-04-03 02:30,0.029323
2025-04-03 02:45,0.023773
2025-04-03 03:00,0.034618
2025-04-03 03:15,0.038999
2025-04-03 03:30,0.031324
2025-04-03 03:45,0.041338
2025-04-03 04:00,0.050532
2025-04-03 04:15,0.038456
2025-04-03 04:30,0.049832
2025-04-03 04:45,0.063632
2025-04-03 05:00,0.056915
2025-04-03 05:15,0.049466
2025-04-03 05:30,0.036545
2025-04-03 05:45,0.051433
2025-04-03 06:00,0.045463
2025-04-03 06:15,0.060886
2025-04-03 06:30,0.042035
2025-04-03 06:45,0.075566
2025-04-03 07:00,0.037914
2025-04-03 07:15,0.049297
2025-04-03 07:30,0.040674
2025-04-03 07:45,0.04123
2025-04-03 08:00,0.052962
2025-04-03 08:15,0.0364
2025-04-03 08:30,0.044773
2025-04-03 08:45,0.037186
2025-04-03 09:00,0.07049
2025-04-03 09:15,0.027417
2025-04-03 09:30,0.022784
2025-04-03 09:45,0.073149
2025-04-03 10:00,0.064066
2025-04-03 10:15,0.013653
2025-04-03 10:30,0.020602
2025-04-03 10:45,0.022697
2025-04-03 11:00,0.020952
2025-04-03 11:15,0.029049
2025-04-03 11:30,0.013326
2025-04-03 11:45,0.009888
2025-04-03 12:00,0.013072
2025-04-03 12:15,0.010672
2025-04-03 12:30,0.089727
2025-04-03 12:45,0.054018
2025-04-03 13:00,0.014436
2025-04-03 13:15,0.011731
2025-04-03 13:30,0.004019
2025-04-03 13:45,0.02684
2025-04-03 14:00,0.007763
2025-04-03 14:15,0.014775
2025-04-03 14:30,0.015584
2025-04-03 14:45,0.191278
2025-04-03 15:00,0.234956
2025-04-03 15:15,0.274947
2025-04-03 15:30,0.008513
2025-04-03 15:45,0.034407
2025-04-03 16:00,0.0906
2025-04-03 16:15,0.129435
2025-04-03 16:30,0.017247
2025-04-03 16:45,0.001098
2025-04-03 17:00,0.001852
2025-04-03 17:15,0.002488
2025-04-03 17:30,0.004522
2025-04-03 17:45,0.001774
2025-04-03 18:00,0.008027
2025-04-03 18:15,0.005323
2025-04-03 18:30,0.002055
2025-04-03 18:45,0.004846
2025-04-03 19:00,0.010438
2025-04-03 19:15,0.002271
2025-04-03 19:30,0.00606
2025-04-03 19:45,0.00357
2025-04-03 20:00,0.004019
2025-04-03 20:15,0.007166
2025-04-03 20:30,0.001925
2025-04-03 20:45,0.005396
2025-04-03 21:00,0.00067
2025-04-03 21:15,0.000947
2025-04-03 21:30,0.000915
2025-04-03 21:45,0.0064
2025-04-03 22:00,0.002124
2025-04-03 22:15,0.00055
2025-04-03 22:30,0.002325
2025-04-03 22:45,0.005627
2025-04-03 23:00,0.003973
2025-04-03 23:15,0.013283
2025-04-03 23:30,0.015892
2025-04-03 23:45,0.031735
2025-04-04 00:00,0.025276
2025-04-04 00:15,0.053323
2025-04-04 00:30,0.034757
2025-04-04 00:45,0.040349
2025-04-04 01:00,0.046888
2025-04-04 01:15,0.032233
2025-04-04 01:30,0.030616
2025-04-04 01:45,0.035359
2025-04-04 02:00,0.024823
2025-04-04 02:15,0.024677
2025-04-04 02:30,0.01742
2025-04-04 02:45,0.024994
2025-04-04 03:00,0.025478
2025-04-04 03:15,0.027718
2025-04-04 03:30,0.021847
2025-04-04 03:45,0.04309
2025-04-04 04:00,0.036004
2025-04-04 04:15,0.058478
2025-04-04 04:30,0.035571
2025-04-04 04:45,0.063658
2025-04-04 05:00,0.055731
2025-04-04 05:15,0.065844
2025-04-04 05:30,0.062781
2025-04-04 05:45,0.050361
2025-04-04 06:00,0.05314
2025-04-04 06:15,0.055787
2025-04-04 06:30,0.053437
2025-04-04 06:45,0.055887
2025-04-04 07:00,0.084036
2025-04-04 07:15,0.040336
2025-04-04 07:30,0.040746
2025-04-04 07:45,0.036055
2025-04-04 08:00,0.035462
2025-04-04 08:15,0.030143
2025-04-04 08:30,0.037172
2025-04-04 08:45,0.029378
2025-04-04 09:00,0.020003
2025-04-04 09:15,0.021582
2025-04-04 09:30,0.019034
2025-04-04 09:45,0.008091
2025-04-04 10:00,0.01749
2025-04-04 10:15,0.014692
2025-04-04 10:30,0.028066
2025-04-04 10:45,0.019667
2025-04-04 11:00,0.025861
2025-04-04 11:15,0.024507
2025-04-04 11:30,0.018215
2025-04-04 11:45,0.014138
2025-04-04 12:00,0.020237
2025-04-04 12:15,0.01504
2025-04-04 12:30,0.008839
2025-04-04 12:45,0.006018
2025-04-04 13:00,0.004807
2025-04-04 13:15,0.003947
2025-04-04 13:30,0.004845
2025-04-04 13:45,0.010118
2025-04-04 14:00,0.007733
2025-04-04 14:15,0.008707
2025-04-04 14:30,0.001347
2025-04-04 14:45,0.005466
2025-04-04 15:00,0.011403
2025-04-04 15:15,0.002512
2025-04-04 15:30,0.006555
2025-04-04 15:45,0.002752
2025-04-04 16:00,0.0011
2025-04-04 16:15,0.00372
2025-04-04 16:30,0.00109
2025-04-04 16:45,0.000825
2025-04-04 17:00,0.000779
2025-04-04 17:15,0.00075
2025-04-04 17:30,0.001412
2025-04-04 17:45,0.000474
2025-04-04 18:00,0.008321
2025-04-04 18:15,0.005745
2025-04-04 18:30,0.000371
2025-04-04 18:45,0.00013
2025-04-04 19:00,0.002557
2025-04-04 19:15,0.001215
2025-04-04 19:30,0.000199
2025-04-04 19:45,0.002668
2025-04-04 20:00,0.000122
2025-04-04 20:15,0.001582
2025-04-04 20:30,0.001768
2025-04-04 20:45,5.2e-05
2025-04-04 21:00,0.004094
2025-04-04 21:15,0.00538
2025-04-04 21:30,0.00082
2025-04-04 21:45,0.001322
2025-04-04 22:00,0.001477
2025-04-04 22:15,0.001482
2025-04-04 22:30,0.001441
2025-04-04 22:45,0.000942
2025-04-04 23:00,0.000292
2025-04-04 23:15,0.004167
2025-04-04 23:30,0.001598
2025-04-04 23:45,0.001177
2025-04-05 00:00,0.00616
2025-04-05 00:15,0.016916
2025-04-05 00:30,0.008536
2025-04-05 00:45,0.008125
2025-04-05 01:00,0.008336
2025-04-05 01:15,0.005753
2025-04-05 01:30,0.003415
2025-04-05 01:45,0.004585
2025-04-05 02:00,0.007396
2025-04-05 02:15,0.008473
2025-04-05 02:30,0.002669
2025-04-05 02:45,0.007203
2025-04-05 03:00,0.005714
2025-04-05 03:15,0.010843
2025-04-05 03:30,0.004027
2025-04-05 03:45,0.002498
2025-04-05 04:00,0.015162
2025-04-05 04:15,0.006264
2025-04-05 04:30,0.015211
2025-04-05 04:45,0.00353
2025-04-05 05:00,0.010694
2025-04-05 05:15,0.010938
2025-04-05 05:30,0.009975
2025-04-05 05:45,0.003229
2025-04-05 06:00,0.007211
2025-04-05 06:15,0.003268
2025-04-05 06:30,0.00681
2025-04-05 06:45,0.011149
2025-04-05 07:00,0.016263
2025-04-05 07:15,0.018412
2025-04-05 07:30,0.014763
2025-04-05 07:45,0.012658
2025-04-05 08:00,0.025703
2025-04-05 08:15,0.016167
2025-04-05 08:30,0.016651
2025-04-05 08:45,0.004419
2025-04-05 09:00,0.005469
2025-04-05 09:15,0.01413
2025-04-05 09:30,0.007085
2025-04-05 09:45,0.004097
2025-04-05 10:00,0.019667
2025-04-05 10:15,0.013434
2025-04-05 10:30,0.016374
2025-04-05 10:45,0.011348
2025-04-05 11:00,0.021213
2025-04-05 11:15,0.01699
2025-04-05 11:30,0.006773
2025-04-05 11:45,0.009085
2025-04-05 12:00,0.017842
2025-04-05 12:15,0.007901
2025-04-05 12:30,0.008998
2025-04-05 12:45,0.00691
2025-04-05 13:00,0.005267
2025-04-05 13:15,0.006878
2025-04-05 13:30,0.009128
2025-04-05 13:45,0.006753
2025-04-05 14:00,0.000963
2025-04-05 14:15,0.002878
2025-04-05 14:30,0.007899
2025-04-05 14:45,0.009907
2025-04-05 15:00,0.001014
2025-04-05 15:15,0.002476
2025-04-05 15:30,0.000501
2025-04-05 15:45,0.00172
2025-04-05 16:00,0.003931
2025-04-05 16:15,0.000108
2025-04-05 16:30,0.001147
2025-04-05 16:45,0.002888
2025-04-05 17:00,0.00677
2025-04-05 17:15,0.004981
2025-04-05 17:30,0.002211
2025-04-05 17:45,9.2e-05
2025-04-05 18:00,0.008878
2025-04-05 18:15,0.000988
2025-04-05 18:30,0.001764
2025-04-05 18:45,0.00184
2025-04-05 19:00,0.001939
2025-04-05 19:15,0.001701
2025-04-05 19:30,0.003171
2025-04-05 19:45,1.1e-05
2025-04-05 20:00,0.000537
2025-04-05 20:15,0.000411
2025-04-05 20:30,0.001104
2025-04-05 20:45,0.000882
2025-04-05 21:00,0.007763
2025-04-05 21:15,0.000108
2025-04-05 21:30,0.003084
2025-04-05 21:45,0.003758
2025-04-05 22:00,0.002449
2025-04-05 22:15,1.7e-05
2025-04-05 22:30,0.001747
2025-04-05 22:45,0.007226
2025-04-05 23:00,0.001117
2025-04-05 23:15,7.1e-05
2025-04-05 23:30,0.000399
2025-04-05 23:45,0.001468
2025-04-06 00:00,0.0003
2025-04-06 00:15,0.009494
2025-04-06 00:30,0.002024
2025-04-06 00:45,0.000713
2025-04-06 01:00,0.001115
2025-04-06 01:15,0.004065
2025-04-06 01:30,0.003724
2025-04-06 01:45,0.002439
2025-04-06 02:00,0.004994
2025-04-06 02:15,0.007748
2025-04-06 02:30,0.001559
2025-04-06 02:45,0.001061
2025-04-06 03:00,0.005066
2025-04-06 03:15,0.002029
2025-04-06 03:30,0.010913
2025-04-06 03:45,0.005768
2025-04-06 04:00,0.002854
2025-04-06 04:15,0.019415
2025-04-06 04:30,0.003952
2025-04-06 04:45,0.012902
2025-04-06 05:00,0.01081
2025-04-06 05:15,0.013322
2025-04-06 05:30,0.014508
2025-04-06 05:45,0.014698
2025-04-06 06:00,0.015712
2025-04-06 06:15,0.074493
2025-04-06 06:30,0.105596
2025-04-06 06:45,0.038352
2025-04-06 07:00,0.02147
2025-04-06 07:15,0.011723
2025-04-06 07:30,0.010187
2025-04-06 07:45,0.083082
2025-04-06 08:00,0.11604
2025-04-06 08:15,0.010168
2025-04-06 08:30,0.014816
2025-04-06 08:45,0.016039
2025-04-06 09:00,0.036807
2025-04-06 09:15,0.011834
2025-04-06 09:30,0.009856
2025-04-06 09:45,0.008272
2025-04-06 10:00,0.009767
2025-04-06 10:15,0.016579
2025-04-06 10:30,0.029831
2025-04-06 10:45,0.020825
2025-04-06 11:00,0.008636
2025-04-06 11:15,0.031519
2025-04-06 11:30,0.03225
2025-04-06 11:45,0.017323
2025-04-06 12:00,0.016563
2025-04-06 12:15,0.015749
2025-04-06 12:30,0.021741
2025-04-06 12:45,0.023251
2025-04-06 13:00,0.010085
2025-04-06 13:15,0.012141
2025-04-06 13:30,0.010511
2025-04-06 13:45,0.016592
2025-04-06 14:00,0.008906
2025-04-06 14:15,0.005418
2025-04-06 14:30,0.00654
2025-04-06 14:45,0.006939
2025-04-06 15:00,0.015609
2025-04-06 15:15,0.0509
2025-04-06 15:30,0.007218
2025-04-06 15:45,0.012699
2025-04-06 16:00,0.00991
2025-04-06 16:15,0.008942
2025-04-06 16:30,0.011324
2025-04-06 16:45,0.015657
2025-04-06 17:00,0.013441
2025-04-06 17:15,0.007983
2025-04-06 17:30,0.005924
2025-04-06 17:45,0.00806
2025-04-06 18:00,0.007541
2025-04-06 18:15,0.004079
2025-04-06 18:30,0.005095
2025-04-06 18:45,0.001809
2025-04-06 19:00,0.007074
2025-04-06 19:15,0.003734
2025-04-06 19:30,0.000844
2025-04-06 19:45,0.001051
2025-04-06 20:00,0.000887
2025-04-06 20:15,0.002139
2025-04-06 20:30,0.002893
2025-04-06 20:45,0.000824
2025-04-06 21:00,0.001901
2025-04-06 21:15,0.001423
2025-04-06 21:30,0.003265
2025-04-06 21:45,0.005342
2025-04-06 22:00,0.001324
2025-04-06 22:15,0.002182
2025-04-06 22:30,0.002828
2025-04-06 22:45,0.004064
2025-04-06 23:00,0.00186
2025-04-06 23:15,0.004083
2025-04-06 23:30,0.017596
2025-04-06 23:45,0.030791
2025-04-07 00:00,0.118213
2025-04-07 00:15,0.222537
2025-04-07 00:30,0.222381
2025-04-07 00:45,0.130055
2025-04-07 01:00,0.175595
2025-04-07 01:15,0.028967
2025-04-07 01:30,0.033417
2025-04-07 01:45,0.028763
2025-04-07 02:00,0.23771
2025-04-07 02:15,0.403645
2025-04-07 02:30,0.088865
2025-04-07 02:45,0.027437
2025-04-07 03:00,0.037792
2025-04-07 03:15,0.029122
2025-04-07 03:30,0.062058
2025-04-07 03:45,0.043711
2025-04-07 04:00,0.430382
2025-04-07 04:15,0.503702
2025-04-07 04:30,0.223532
2025-04-07 04:45,0.127938
2025-04-07 05:00,0.079522
2025-04-07 05:15,0.570616
2025-04-07 05:30,0.148
2025-04-07 05:45,0.067456
2025-04-07 06:00,0.049629
2025-04-07 06:15,0.064868
2025-04-07 06:30,0.059216
2025-04-07 06:45,0.040105
2025-04-07 07:00,0.38198
2025-04-07 07:15,0.048128
2025-04-07 07:30,0.038506
2025-04-07 07:45,0.040766
2025-04-07 08:00,0.088467
2025-04-07 08:15,0.055672
2025-04-07 08:30,0.048004
2025-04-07 08:45,0.146221
2025-04-07 09:00,0.028166
2025-04-07 09:15,0.023699
2025-04-07 09:30,0.032004
2025-04-07 09:45,0.034848
2025-04-07 10:00,0.013015
2025-04-07 10:15,0.033029
2025-04-07 10:30,0.035489
2025-04-07 10:45,0.043993
2025-04-07 11:00,0.022296
2025-04-07 11:15,0.036414
2025-04-07 11:30,0.020979
2025-04-07 11:45,0.029818
2025-04-07 12:00,0.023503
2025-04-07 12:15,0.012288
2025-04-07 12:30,0.011669
2025-04-07 12:45,0.015024
2025-04-07 13:00,0.009129
2025-04-07 13:15,0.010898
2025-04-07 13:30,0.019113
2025-04-07 13:45,0.226996
2025-04-07 14:00,0.49341
2025-04-07 14:15,0.482857
2025-04-07 14:30,0.154803
2025-04-07 14:45,0.007297
2025-04-07 15:00,0.005539
2025-04-07 15:15,0.006336
2025-04-07 15:30,0.008173
2025-04-07 15:45,0.004416
2025-04-07 16:00,0.001175
2025-04-07 16:15,0.002972
2025-04-07 16:30,0.559904
2025-04-07 16:45,1.0
2025-04-07 17:00,0.628859
2025-04-07 17:15,0.071387
2025-04-07 17:30,0.00198
2025-04-07 17:45,0.000523
2025-04-07 18:00,0.006451
2025-04-07 18:15,0.002993
2025-04-07 18:30,0.013325
2025-04-07 18:45,0.000875
2025-04-07 19:00,0.001151
2025-04-07 19:15,0.001352
2025-04-07 19:30,0.000911
2025-04-07 19:45,0.00147
2025-04-07 20:00,0.003831
2025-04-07 20:15,0.002289
2025-04-07 20:30,0.001269
2025-04-07 20:45,0.003525
2025-04-07 21:00,0.000662
2025-04-07 21:15,0.001328
2025-04-07 21:30,0.004867
2025-04-07 21:45,0.000738
2025-04-07 22:00,0.001734
2025-04-07 22:15,0.002058
2025-04-07 22:30,0.002486
2025-04-07 22:45,0.00127
2025-04-07 23:00,0.005293
2025-04-07 23:15,0.009576
2025-04-07 23:30,0.007688
2025-04-07 23:45,0.018189
2025-04-08 00:00,0.029527
2025-04-08 00:15,0.036338
2025-04-08 00:30,0.064749
2025-04-08 00:45,0.042384
2025-04-08 01:00,0.048284
2025-04-08 01:15,0.133829
2025-04-08 01:30,0.060566
2025-04-08 01:45,0.055926
2025-04-08 02:00,0.029173
2025-04-08 02:15,0.028067
2025-04-08 02:30,0.02481
2025-04-08 02:45,0.021239
2025-04-08 03:00,0.04116
2025-04-08 03:15,0.026095
2025-04-08 03:30,0.060802
2025-04-08 03:45,0.056649
2025-04-08 04:00,0.033102
2025-04-08 04:15,0.048645
2025-04-08 04:30,0.048098
2025-04-08 04:45,0.118896
2025-04-08 05:00,0.061668
2025-04-08 05:15,0.090852
2025-04-08 05:30,0.062888
2025-04-08 05:45,0.117476
2025-04-08 06:00,0.098916
2025-04-08 06:15,0.032484
2025-04-08 06:30,0.091203
2025-04-08 06:45,0.088536
2025-04-08 07:00,0.082922
2025-04-08 07:15,0.059742
2025-04-08 07:30,0.165035
2025-04-08 07:45,0.143625
2025-04-08 08:00,0.107019
2025-04-08 08:15,0.057748
2025-04-08 08:30,0.049477
2025-04-08 08:45,0.058133
2025-04-08 09:00,0.058638
2025-04-08 09:15,0.079771
2025-04-08 09:30,0.031533
2025-04-08 09:45,0.063142
2025-04-08 10:00,0.05628
2025-04-08 10:15,0.40017
2025-04-08 10:30,0.044073
2025-04-08 10:45,0.016277
2025-04-08 11:00,0.018791
2025-04-08 11:15,0.013436
2025-04-08 11:30,0.007639
2025-04-08 11:45,0.03021
2025-04-08 12:00,0.013476
2025-04-08 12:15,0.017951
2025-04-08 12:30,0.024566
2025-04-08 12:45,0.028259
2025-04-08 13:00,0.019288
2025-04-08 13:15,0.014757
2025-04-08 13:30,0.022009
2025-04-08 13:45,0.002421
2025-04-08 14:00,0.005727
2025-04-08 14:15,0.008187
2025-04-08 14:30,0.005525
2025-04-08 14:45,0.024289
2025-04-08 15:00,0.00715
2025-04-08 15:15,0.006617
2025-04-08 15:30,0.007172
2025-04-08 15:45,0.005046
2025-04-08 16:00,0.003879
2025-04-08 16:15,0.002932
2025-04-08 16:30,0.004273
2025-04-08 16:45,0.00569
2025-04-08 17:00,0.003774
2025-04-08 17:15,0.001389
2025-04-08 17:30,0.003608
2025-04-08 17:45,0.002198
2025-04-08 18:00,0.004911
2025-04-08 18:15,0.003398
2025-04-08 18:30,0.000339
2025-04-08 18:45,0.003618
2025-04-08 19:00,0.001882
2025-04-08 19:15,0.002043
2025-04-08 19:30,0.001567
2025-04-08 19:45,0.002146
2025-04-08 20:00,0.002576
2025-04-08 20:15,0.002235
2025-04-08 20:30,0.001599
2025-04-08 20:45,0.000858
2025-04-08 21:00,0.001028
2025-04-08 21:15,0.000986
2025-04-08 21:30,0.008364
2025-04-08 21:45,0.004641
2025-04-08 22:00,0.002546
2025-04-08 22:15,0.003355
2025-04-08 22:30,0.002803
2025-04-08 22:45,0.002721
2025-04-08 23:00,0.004526
2025-04-08 23:15,0.00446
2025-04-08 23:30,0.006793
2025-04-08 23:45,0.021776
2025-04-09 00:00,0.021219
2025-04-09 00:00,0.029046
2025-04-09 00:15,0.077804
2025-04-09 00:30,0.079997
2025-04-09 00:45,0.086654
2025-04-09 01:00,0.054265
2025-04-09 01:15,0.110479
2025-04-09 01:30,0.0692
2025-04-09 01:45,0.042911
2025-04-09 02:00,0.050632
2025-04-09 02:15,0.068012
2025-04-09 02:30,0.049553
2025-04-09 02:45,0.03518
2025-04-09 03:00,0.032373
2025-04-09 03:15,0.026908
2025-04-09 03:30,0.054202
2025-04-09 03:45,0.044872
2025-04-09 04:00,0.047574
2025-04-09 04:15,0.133645
2025-04-09 04:30,0.05029
2025-04-09 04:45,0.052881
2025-04-09 05:00,0.072036
2025-04-09 05:15,0.099416
2025-04-09 05:30,0.089264
2025-04-09 05:45,0.056604
2025-04-09 06:00,0.04482
2025-04-09 06:15,0.083609
2025-04-09 06:30,0.066067
2025-04-09 06:45,0.061166
2025-04-09 07:00,0.06982
2025-04-09 07:15,0.062706
2025-04-09 07:30,0.065427
2025-04-09 07:45,0.068601
2025-04-09 08:00,0.088806
2025-04-09 08:15,0.072053
2025-04-09 08:30,0.095581
2025-04-09 08:45,0.049026
2025-04-09 09:00,0.148868
2025-04-09 09:15,0.025229
2025-04-09 09:30,0.035643
2025-04-09 09:45,0.023849
2025-04-09 10:00,0.021654
2025-04-09 10:15,0.037311
2025-04-09 10:30,0.026195
2025-04-09 10:45,0.045771
2025-04-09 11:00,0.028162
2025-04-09 11:15,0.02359
2025-04-09 11:30,0.025553
2025-04-09 11:45,0.018465
2025-04-09 12:00,0.015735
2025-04-09 12:15,0.028118
2025-04-09 12:30,0.025756
2025-04-09 12:45,0.021361
2025-04-09 13:00,0.020997
2025-04-09 13:15,0.021943
2025-04-09 13:30,0.043425
2025-04-09 13:45,0.023755
2025-04-09 14:00,0.032732
2025-04-09 14:15,0.00809
2025-04-09 14:30,0.009984
2025-04-09 14:45,0.014357
2025-04-09 15:00,0.009315
2025-04-09 15:15,0.014959
2025-04-09 15:30,0.008303
2025-04-09 15:45,0.009751
2025-04-09 16:00,0.005598
2025-04-09 16:15,0.005504
2025-04-09 16:30,0.011675
2025-04-09 16:45,0.004067
2025-04-09 17:00,0.006012
2025-04-09 17:15,0.003056
2025-04-09 17:30,0.006821
2025-04-09 17:45,0.006336
2025-04-09 18:00,0.004137
2025-04-09 18:15,0.006109
2025-04-09 18:30,0.006739
2025-04-09 18:45,0.003804
2025-04-09 19:00,0.004572
2025-04-09 19:15,0.000819
2025-04-09 19:30,0.002163
2025-04-09 19:45,0.001474
2025-04-09 20:00,0.005916
2025-04-09 20:15,0.004713
2025-04-09 20:30,0.00224
2025-04-09 20:45,0.00205
2025-04-09 21:00,0.003769
2025-04-09 21:15,0.00644
2025-04-09 21:30,0.005472
2025-04-09 21:45,0.009485
2025-04-09 22:00,0.003421
2025-04-09 22:15,0.00193
2025-04-09 22:30,0.003753
2025-04-09 22:45,0.008874
2025-04-09 23:00,0.00378
2025-04-09 23:15,0.01316
2025-04-09 23:30,0.009068
2025-04-09 23:45,0.033813
2025-04-10 00:00,0.028714
2025-04-10 00:15,0.053045
2025-04-10 00:30,0.05844
2025-04-10 00:45,0.033431
2025-04-10 01:00,0.056327
2025-04-10 01:15,0.045909
2025-04-10 01:30,0.049429
2025-04-10 01:45,0.060515
2025-04-10 02:00,0.070058
2025-04-10 02:15,0.103891
2025-04-10 02:30,0.062486
2025-04-10 02:45,0.183521
2025-04-10 03:00,0.33437
2025-04-10 03:15,0.050135
2025-04-10 03:30,0.028764
2025-04-10 03:45,0.054801
2025-04-10 04:00,0.088646
2025-04-10 04:15,0.069701
2025-04-10 04:30,0.138034
2025-04-10 04:45,0.088812
2025-04-10 05:00,0.10296
2025-04-10 05:15,0.103726
2025-04-10 05:30,0.082561
2025-04-10 05:45,0.063562
2025-04-10 06:00,0.694168
2025-04-10 06:15,0.073053
2025-04-10 06:30,0.084541
2025-04-10 06:45,0.0543
2025-04-10 07:00,0.077647
2025-04-10 07:15,0.08166
2025-04-10 07:30,0.066402
2025-04-10 07:45,0.077426
2025-04-10 08:00,0.069414
2025-04-10 08:15,0.083102
2025-04-10 08:30,0.100074
2025-04-10 08:45,0.067098
2025-04-10 09:00,0.056023
2025-04-10 09:15,0.023942
2025-04-10 09:30,0.032985
2025-04-10 09:45,0.037444
2025-04-10 10:00,0.033116
2025-04-10 10:15,0.031363
2025-04-10 10:30,0.028205
2025-04-10 10:45,0.018388
2025-04-10 11:00,0.010543
2025-04-10 11:15,0.022833
2025-04-10 11:30,0.015256
2025-04-10 11:45,0.012217
2025-04-10 12:00,0.040867
2025-04-10 12:15,0.011125
2025-04-10 12:30,0.011148
2025-04-10 12:45,0.022826
2025-04-10 13:00,0.036349
2025-04-10 13:15,0.048647
2025-04-10 13:30,0.01332
2025-04-10 13:45,0.042701
2025-04-10 14:00,0.012355
2025-04-10 14:15,0.009823
2025-04-10 14:30,0.007573
2025-04-10 14:45,0.009423
2025-04-10 15:00,0.007272
2025-04-10 15:15,0.039994
2025-04-10 15:30,0.008334
2025-04-10 15:45,0.001299
2025-04-10 16:00,0.002016
2025-04-10 16:15,0.007577
2025-04-10 16:30,0.004699
2025-04-10 16:45,0.001489
2025-04-10 17:00,0.00117
2025-04-10 17:15,0.002946
2025-04-10 17:30,0.006568
2025-04-10 17:45,0.002842
2025-04-10 18:00,0.010635
2025-04-10 18:15,0.007155
2025-04-10 18:30,0.003637
2025-04-10 18:45,0.000757
2025-04-10 19:00,0.004712
2025-04-10 19:15,0.003249
2025-04-10 19:30,0.002555
2025-04-10 19:45,0.004653
2025-04-10 20:00,0.002076
2025-04-10 20:15,0.000922
2025-04-10 20:30,0.004853
2025-04-10 20:45,0.001002
2025-04-10 21:00,0.041064
2025-04-10 21:15,0.002642
2025-04-10 21:30,0.001139
2025-04-10 21:45,0.002836
2025-04-10 22:00,0.002387
2025-04-10 22:15,0.011819
2025-04-10 22:30,0.003618
2025-04-10 22:45,0.008482
2025-04-10 23:00,0.001445
2025-04-10 23:15,0.007077
2025-04-10 23:30,0.023697
2025-04-10 23:45,0.015254
2025-04-11 00:00,0.043795
2025-04-11 00:15,0.086088
2025-04-11 00:30,0.068543
2025-04-11 00:45,0.070021
2025-04-11 01:00,0.084483
2025-04-11 01:15,0.03189
2025-04-11 01:30,0.058996
2025-04-11 01:45,0.040884
2025-04-11 02:00,0.034233
2025-04-11 02:15,0.048978
2025-04-11 02:30,0.046726
2025-04-11 02:45,0.017295
2025-04-11 03:00,0.026492
2025-04-11 03:15,0.018717
2025-04-11 03:30,0.032981
2025-04-11 03:45,0.029523
2025-04-11 04:00,0.034288
2025-04-11 04:15,0.055361
2025-04-11 04:30,0.057577
2025-04-11 04:45,0.039222
2025-04-11 05:00,0.042356
2025-04-11 05:15,0.03834
2025-04-11 05:30,0.038645
2025-04-11 05:45,0.046579
2025-04-11 06:00,0.030845
2025-04-11 06:15,0.053209
2025-04-11 06:30,0.090545
2025-04-11 06:45,0.045378
2025-04-11 07:00,0.023398
2025-04-11 07:15,0.028358
2025-04-11 07:30,0.036945
2025-04-11 07:45,0.044154
2025-04-11 08:00,0.039694
2025-04-11 08:15,0.030935
2025-04-11 08:30,0.043362
2025-04-11 08:45,0.044452
2025-04-11 09:00,0.052573
2025-04-11 09:15,0.020504
2025-04-11 09:30,0.03954
2025-04-11 09:45,0.035412
2025-04-11 10:00,0.08629
2025-04-11 10:15,0.051336
2025-04-11 10:30,0.025049
2025-04-11 10:45,0.022381
2025-04-11 11:00,0.012111
2025-04-11 11:15,0.009165
2025-04-11 11:30,0.009844
2025-04-11 11:45,0.053849
2025-04-11 12:00,0.01619
2025-04-11 12:15,0.013286
2025-04-11 12:30,0.005802
2025-04-11 12:45,0.010611
2025-04-11 13:00,0.017048
2025-04-11 13:15,0.006851
2025-04-11 13:30,0.003898
2025-04-11 13:45,0.003404
2025-04-11 14:00,0.002028
2025-04-11 14:15,0.00494
2025-04-11 14:30,0.008638
2025-04-11 14:45,0.006868
2025-04-11 15:00,0.005581
2025-04-11 15:15,0.008426
2025-04-11 15:30,0.002966
2025-04-11 15:45,0.002422
2025-04-11 16:00,0.004452
2025-04-11 16:15,0.004869
2025-04-11 16:30,0.001815
2025-04-11 16:45,0.000926
2025-04-11 17:00,0.001671
2025-04-11 17:15,0.004865
2025-04-11 17:30,0.000659
2025-04-11 17:45,0.00067
2025-04-11 18:00,0.006698
2025-04-11 18:15,0.002153
2025-04-11 18:30,0.000619
2025-04-11 18:45,0.000359
2025-04-11 19:00,0.000754
2025-04-11 19:15,0.004508
2025-04-11 19:30,0.000982
2025-04-11 19:45,0.000678
2025-04-11 20:00,0.006219
2025-04-11 20:15,0.000934
2025-04-11 20:30,0.000434
2025-04-11 20:45,0.000537
2025-04-11 21:00,0.00099
2025-04-11 21:15,0.001037
2025-04-11 21:30,0.002212
2025-04-11 21:45,0.001471
2025-04-11 22:00,0.002615
2025-04-11 22:15,0.002259
2025-04-11 22:30,0.000821
2025-04-11 22:45,0.000922
2025-04-11 23:00,0.001515
2025-04-11 23:15,0.006123
2025-04-11 23:30,0.00206
2025-04-11 23:45,0.003278
2025-04-12 00:00,0.006927
2025-04-12 00:15,0.014232
2025-04-12 00:30,0.007309
2025-04-12 00:45,0.001399
2025-04-12 01:00,0.002903
2025-04-12 01:15,0.007851
2025-04-12 01:30,0.003288
2025-04-12 01:45,0.001658
2025-04-12 02:00,0.003526
2025-04-12 02:15,0.007072
2025-04-12 02:30,0.025428
2025-04-12 02:45,0.007057
2025-04-12 03:00,0.003341
2025-04-12 03:15,0.001941
2025-04-12 03:30,0.002342
2025-04-12 03:45,0.003281
2025-04-12 04:00,0.015054
2025-04-12 04:15,0.011534
2025-04-12 04:30,0.018569
2025-04-12 04:45,0.006544
2025-04-12 05:00,0.007426
2025-04-12 05:15,0.0196
2025-04-12 05:30,0.009409
2025-04-12 05:45,0.054959
2025-04-12 06:00,0.014736
2025-04-12 06:15,0.012253
2025-04-12 06:30,0.007518
2025-04-12 06:45,0.011507
2025-04-12 07:00,0.080671
2025-04-12 07:15,0.073003
2025-04-12 07:30,0.058895
2025-04-12 07:45,0.087631
2025-04-12 08:00,0.062921
2025-04-12 08:15,0.078589
2025-04-12 08:30,0.058963
2025-04-12 08:45,0.090488
2025-04-12 09:00,0.097954
2025-04-12 09:15,0.070294
2025-04-12 09:30,0.094555
2025-04-12 09:45,0.087182
2025-04-12 10:00,0.077205
2025-04-12 10:15,0.003158
2025-04-12 10:30,0.005108
2025-04-12 10:45,0.003643
2025-04-12 11:00,0.016211
2025-04-12 11:15,0.011531
2025-04-12 11:30,0.010961
2025-04-12 11:45,0.013902
2025-04-12 12:00,0.006736
2025-04-12 12:15,0.012225
2025-04-12 12:30,0.010982
2025-04-12 12:45,0.021607
2025-04-12 13:00,0.018671
2025-04-12 13:15,0.018264
2025-04-12 13:30,0.017249
2025-04-12 13:45,0.005546
2025-04-12 14:00,0.006843
2025-04-12 14:15,0.006954
2025-04-12 14:30,0.007698
2025-04-12 14:45,0.030425
2025-04-12 15:00,0.005139
2025-04-12 15:15,0.005997
2025-04-12 15:30,0.002233
2025-04-12 15:45,0.004243
2025-04-12 16:00,0.005083
2025-04-12 16:15,0.007246
2025-04-12 16:30,0.003379
2025-04-12 16:45,0.008976
2025-04-12 17:00,0.005821
2025-04-12 17:15,0.000786
2025-04-12 17:30,0.000949
2025-04-12 17:45,0.001235
2025-04-12 18:00,0.005518
2025-04-12 18:15,0.002872
2025-04-12 18:30,0.001557
2025-04-12 18:45,0.002051
2025-04-12 19:00,0.000631
2025-04-12 19:15,0.000657
2025-04-12 19:30,0.003146
2025-04-12 19:45,0.000123
2025-04-12 20:00,0.000426
2025-04-12 20:15,0.005342
2025-04-12 20:30,0.003002
2025-04-12 20:45,0.000476
2025-04-12 21:00,0.001699
2025-04-12 21:15,0.001412
2025-04-12 21:30,0.001486
2025-04-12 21:45,0.000563
2025-04-12 22:00,0.006497
2025-04-12 22:15,0.002653
2025-04-12 22:30,0.004317
2025-04-12 22:45,0.003914
2025-04-12 23:00,0.003384
2025-04-12 23:15,0.004353
2025-04-12 23:30,0.004249
2025-04-12 23:45,0.001885
2025-04-13 00:00,0.003787
2025-04-13 00:15,0.007852
2025-04-13 00:30,0.006172
2025-04-13 00:45,0.003387
2025-04-13 01:00,0.001975
2025-04-13 01:15,0.002441
2025-04-13 01:30,0.009451
2025-04-13 01:45,0.003814
2025-04-13 02:00,0.008589
2025-04-13 02:15,0.002371
2025-04-13 02:30,0.002805
2025-04-13 02:45,0.012414
2025-04-13 03:00,0.008606
2025-04-13 03:15,0.00376
2025-04-13 03:30,0.004704
2025-04-13 03:45,0.071022
2025-04-13 04:00,0.175397
2025-04-13 04:15,0.18323
2025-04-13 04:30,0.129589
2025-04-13 04:45,0.100938
2025-04-13 05:00,0.003465
2025-04-13 05:15,0.013421
2025-04-13 05:30,0.013053
2025-04-13 05:45,0.021421
2025-04-13 06:00,0.18249
2025-04-13 06:15,0.161424
2025-04-13 06:30,0.045914
2025-04-13 06:45,0.019025
2025-04-13 07:00,0.031371
2025-04-13 07:15,0.021605
2025-04-13 07:30,0.035159
2025-04-13 07:45,0.033568
2025-04-13 08:00,0.034901
2025-04-13 08:15,0.013981
2025-04-13 08:30,0.015661
2025-04-13 08:45,0.024373
2025-04-13 09:00,0.030798
2025-04-13 09:15,0.045649
2025-04-13 09:30,0.017622
2025-04-13 09:45,0.015865
2025-04-13 10:00,0.034328
2025-04-13 10:15,0.106964
2025-04-13 10:30,0.069899
2025-04-13 10:45,0.067216
2025-04-13 11:00,0.043082
2025-04-13 11:15,0.009467
2025-04-13 11:30,0.013672
2025-04-13 11:45,0.008475
2025-04-13 12:00,0.010919
2025-04-13 12:15,0.013811
2025-04-13 12:30,0.016293
2025-04-13 12:45,0.017485
2025-04-13 13:00,0.019038
2025-04-13 13:15,0.019142
2025-04-13 13:30,0.01033
2025-04-13 13:45,0.011777
2025-04-13 14:00,0.017514
2025-04-13 14:15,0.016372
2025-04-13 14:30,0.009812
2025-04-13 14:45,0.006858
2025-04-13 15:00,0.01063
2025-04-13 15:15,0.009909
2025-04-13 15:30,0.013689
2025-04-13 15:45,0.013887
2025-04-13 16:00,0.012997
2025-04-13 16:15,0.012442
2025-04-13 16:30,0.00712
2025-04-13 16:45,0.006193
2025-04-13 17:00,0.028464
2025-04-13 17:15,0.00457
2025-04-13 17:30,0.00805
2025-04-13 17:45,0.002879
2025-04-13 18:00,0.013043
2025-04-13 18:15,0.001795
2025-04-13 18:30,0.000854
2025-04-13 18:45,0.002156
2025-04-13 19:00,0.004646
2025-04-13 19:15,0.001767
2025-04-13 19:30,0.001715
2025-04-13 19:45,0.000915
2025-04-13 20:00,0.001165
2025-04-13 20:15,0.000677
2025-04-13 20:30,0.00132
2025-04-13 20:45,0.002283
2025-04-13 21:00,0.005537
2025-04-13 21:15,0.003174
2025-04-13 21:30,0.001383
2025-04-13 21:45,0.001778
2025-04-13 22:00,0.001973
2025-04-13 22:15,0.005932
2025-04-13 22:30,0.001538
2025-04-13 22:45,0.003035
2025-04-13 23:00,0.00307
2025-04-13 23:15,0.006024
2025-04-13 23:30,0.014534
2025-04-13 23:45,0.025175
2025-04-14 00:00,0.052466
2025-04-14 00:15,0.081142
2025-04-14 00:30,0.045821
2025-04-14 00:45,0.044994
2025-04-14 01:00,0.072504
2025-04-14 01:15,0.04847
2025-04-14 01:30,0.055881
2025-04-14 01:45,0.070661
2025-04-14 02:00,0.035055
2025-04-14 02:15,0.048352
2025-04-14 02:30,0.042928
2025-04-14 02:45,0.028548
2025-04-14 03:00,0.032346
2025-04-14 03:15,0.047923
2025-04-14 03:30,0.057109
2025-04-14 03:45,0.033759
2025-04-14 04:00,0.048455
2025-04-14 04:15,0.054643
2025-04-14 04:30,0.061005
2025-04-14 04:45,0.059143
2025-04-14 05:00,0.051201
2025-04-14 05:15,0.057502
2025-04-14 05:30,0.040984
2025-04-14 05:45,0.043622
2025-04-14 06:00,0.054039
2025-04-14 06:15,0.085359
2025-04-14 06:30,0.069283
2025-04-14 06:45,0.07153
2025-04-14 07:00,0.044785
2025-04-14 07:15,0.050033
2025-04-14 07:30,0.059254
2025-04-14 07:45,0.051842
2025-04-14 08:00,0.066828
2025-04-14 08:15,0.037876
2025-04-14 08:30,0.044854
2025-04-14 08:45,0.045537
2025-04-14 09:00,0.094661
2025-04-14 09:15,0.46919
2025-04-14 09:30,0.341406
2025-04-14 09:45,0.053833
2025-04-14 10:00,0.022718
2025-04-14 10:15,0.024396
2025-04-14 10:30,0.021753
2025-04-14 10:45,0.009796
2025-04-14 11:00,0.009977
2025-04-14 11:15,0.022968
2025-04-14 11:30,0.018092
2025-04-14 11:45,0.069026
2025-04-14 12:00,0.01946
2025-04-14 12:15,0.02153
2025-04-14 12:30,0.018217
2025-04-14 12:45,0.01521
2025-04-14 13:00,0.017828
2025-04-14 13:15,0.019263
2025-04-14 13:30,0.005255
2025-04-14 13:45,0.007492
2025-04-14 14:00,0.011411
2025-04-14 14:15,0.024726
2025-04-14 14:30,0.016473
2025-04-14 14:45,0.010649
2025-04-14 15:00,0.011602
2025-04-14 15:15,0.010922
2025-04-14 15:30,0.006049
2025-04-14 15:45,0.005333
2025-04-14 16:00,0.00728
2025-04-14 16:15,0.00633
2025-04-14 16:30,0.01549
2025-04-14 16:45,0.00753
2025-04-14 17:00,0.003533
2025-04-14 17:15,0.008061
2025-04-14 17:30,0.002279
2025-04-14 17:45,0.004093
2025-04-14 18:00,0.009982
2025-04-14 18:15,0.001251
2025-04-14 18:30,0.002239
2025-04-14 18:45,0.001184
2025-04-14 19:00,0.002898
2025-04-14 19:15,0.000348
2025-04-14 19:30,0.003003
2025-04-14 19:45,0.002225
2025-04-14 20:00,0.001704
2025-04-14 20:15,0.001574
2025-04-14 20:30,0.0023
2025-04-14 20:45,0.00153
2025-04-14 21:00,0.001147
2025-04-14 21:15,0.00487
2025-04-14 21:30,0.001435
2025-04-14 21:45,0.002405
2025-04-14 22:00,0.002351
2025-04-14 22:15,0.001744
2025-04-14 22:30,0.004896
2025-04-14 22:45,0.005578
2025-04-14 23:00,0.007669
2025-04-14 23:15,0.004758
2025-04-14 23:30,0.005864
2025-04-14 23:45,0.198157
2025-04-15 00:00,0.653076
2025-04-15 00:15,0.671738
2025-04-15 00:30,0.336753
2025-04-15 00:45,0.041916
2025-04-15 01:00,0.030823
2025-04-15 01:15,0.058756
2025-04-15 01:30,0.060541
2025-04-15 01:45,0.058259
2025-04-15 02:00,0.05247
2025-04-15 02:15,0.058412
2025-04-15 02:30,0.051981
2025-04-15 02:45,0.050177
2025-04-15 03:00,0.024277
2025-04-15 03:15,0.026981
2025-04-15 03:30,0.023576
2025-04-15 03:45,0.044798
2025-04-15 04:00,0.040304
2025-04-15 04:15,0.051247
2025-04-15 04:30,0.065984
2025-04-15 04:45,0.070431
2025-04-15 05:00,0.061018
2025-04-15 05:15,0.103247
2025-04-15 05:30,0.072012
2025-04-15 05:45,0.100848
2025-04-15 06:00,0.06165
2025-04-15 06:15,0.197513
2025-04-15 06:30,0.169306
2025-04-15 06:45,0.137503
2025-04-15 07:00,0.594768
2025-04-15 07:15,1.0
2025-04-15 07:30,0.180317
2025-04-15 07:45,0.085381
2025-04-15 08:00,0.461829
2025-04-15 08:15,0.102184
2025-04-15 08:30,0.153752
2025-04-15 08:45,0.06937
2025-04-15 09:00,0.045867
2025-04-15 09:15,0.033665
2025-04-15 09:30,0.161748
2025-04-15 09:45,0.106663
2025-04-15 10:00,0.261982
2025-04-15 10:15,0.07637
2025-04-15 10:30,0.01636
2025-04-15 10:45,0.011897
2025-04-15 11:00,0.033742
2025-04-15 11:15,0.04362
2025-04-15 11:30,0.067702
2025-04-15 11:45,0.023129
2025-04-15 12:00,0.018249
2025-04-15 12:15,0.017597
2025-04-15 12:30,0.016159
2025-04-15 12:45,0.030595
2025-04-15 13:00,0.130765
2025-04-15 13:15,0.010569
2025-04-15 13:30,0.014116
2025-04-15 13:45,0.012776
2025-04-15 14:00,0.008634
2025-04-15 14:15,0.01483
2025-04-15 14:30,0.006682
2025-04-15 14:45,0.009775
2025-04-15 15:00,0.012072
2025-04-15 15:15,0.002384
2025-04-15 15:30,0.003613
2025-04-15 15:45,0.004573
2025-04-15 16:00,0.003096
2025-04-15 16:15,0.003666
2025-04-15 16:30,0.006953
2025-04-15 16:45,0.005727
2025-04-15 17:00,0.001652
2025-04-15 17:15,0.003011
2025-04-15 17:30,0.001671
2025-04-15 17:45,0.00716
2025-04-15 18:00,0.000471
2025-04-15 18:15,0.001608
2025-04-15 18:30,0.00181
2025-04-15 18:45,0.003393
2025-04-15 19:00,0.047474
2025-04-15 19:15,0.08676
2025-04-15 19:30,0.001043
2025-04-15 19:45,0.001043
2025-04-15 20:00,0.000625
2025-04-15 20:15,0.000692
2025-04-15 20:30,0.001609
2025-04-15 20:45,0.002492
2025-04-15 21:00,0.000906
2025-04-15 21:15,0.001678
2025-04-15 21:30,0.001807
2025-04-15 21:45,0.002975
2025-04-15 22:00,0.006903
2025-04-15 22:15,0.000972
2025-04-15 22:30,0.002264
2025-04-15 22:45,0.004369
2025-04-15 23:00,0.011119
2025-04-15 23:15,0.004847
2025-04-15 23:30,0.0104
2025-04-15 23:45,0.022283
2025-04-16 00:00,0.037916
2025-04-16 00:00,0.034578
2025-04-16 00:15,0.041462
2025-04-16 00:30,0.086106
2025-04-16 00:45,0.030658
2025-04-16 01:00,0.10581
2025-04-16 01:15,0.046452
2025-04-16 01:30,0.062582
2025-04-16 01:45,0.091793
2025-04-16 02:00,0.093503
2025-04-16 02:15,0.053758
2025-04-16 02:30,0.240562
2025-04-16 02:45,0.082346
2025-04-16 03:00,0.068042
2025-04-16 03:15,0.036482
2025-04-16 03:30,0.059776
2025-04-16 03:45,0.049978
2025-04-16 04:00,0.064736
2025-04-16 04:15,0.080183
2025-04-16 04:30,0.166161
2025-04-16 04:45,0.285601
2025-04-16 05:00,0.28646
2025-04-16 05:15,0.257691
2025-04-16 05:30,0.063059
2025-04-16 05:45,0.056227
2025-04-16 06:00,0.058151
2025-04-16 06:15,0.065853
2025-04-16 06:30,0.313181
2025-04-16 06:45,0.225711
2025-04-16 07:00,0.109151
2025-04-16 07:15,0.090841
2025-04-16 07:30,0.06171
2025-04-16 07:45,0.048468
2025-04-16 08:00,0.144057
2025-04-16 08:15,0.169305
2025-04-16 08:30,0.052408
2025-04-16 08:45,0.045625
2025-04-16 09:00,0.0231
2025-04-16 09:15,0.024843
2025-04-16 09:30,0.034644
2025-04-16 09:45,0.015315
2025-04-16 10:00,0.019954
2025-04-16 10:15,0.017533
2025-04-16 10:30,0.020044
2025-04-16 10:45,0.015107
2025-04-16 11:00,0.031091
2025-04-16 11:15,0.132946
2025-04-16 11:30,0.01269
2025-04-16 11:45,0.021478
2025-04-16 12:00,0.018676
2025-04-16 12:15,0.011212
2025-04-16 12:30,0.027029
2025-04-16 12:45,0.015578
2025-04-16 13:00,0.025399
2025-04-16 13:15,0.014141
2025-04-16 13:30,0.015503
2025-04-16 13:45,0.008452
2025-04-16 14:00,0.010871
2025-04-16 14:15,0.014634
2025-04-16 14:30,0.014067
2025-04-16 14:45,0.021168
2025-04-16 15:00,0.015163
2025-04-16 15:15,0.012477
2025-04-16 15:30,0.006333
2025-04-16 15:45,0.008666
2025-04-16 16:00,0.00474
2025-04-16 16:15,0.00361
2025-04-16 16:30,0.008528
2025-04-16 16:45,0.003186
2025-04-16 17:00,0.001986
2025-04-16 17:15,0.002493
2025-04-16 17:30,0.002484
2025-04-16 17:45,0.002501
2025-04-16 18:00,0.014627
2025-04-16 18:15,0.008064
2025-04-16 18:30,0.002004
2025-04-16 18:45,0.001595
2025-04-16 19:00,0.003793
2025-04-16 19:15,0.000748
2025-04-16 19:30,0.001366
2025-04-16 19:45,0.00267
2025-04-16 20:00,0.003111
2025-04-16 20:15,0.00895
2025-04-16 20:30,0.00326
2025-04-16 20:45,0.00623
2025-04-16 21:00,0.002351
2025-04-16 21:15,0.002944
2025-04-16 21:30,0.00523
2025-04-16 21:45,0.001769
2025-04-16 22:00,0.004128
2025-04-16 22:15,0.00801
2025-04-16 22:30,0.013339
2025-04-16 22:45,0.015784
2025-04-16 23:00,0.018739
2025-04-16 23:15,0.013
2025-04-16 23:30,0.023688
2025-04-16 23:45,0.05566
2025-04-17 00:00,0.053456
2025-04-17 00:15,0.02673
2025-04-17 00:30,0.045465
2025-04-17 00:45,0.061903
2025-04-17 01:00,0.038445
2025-04-17 01:15,0.053137
2025-04-17 01:30,0.044717
2025-04-17 01:45,0.037266
2025-04-17 02:00,0.063648
2025-04-17 02:15,0.039047
2025-04-17 02:30,0.036825
2025-04-17 02:45,0.021038
2025-04-17 03:00,0.031671
2025-04-17 03:15,0.041447
2025-04-17 03:30,0.021537
2025-04-17 03:45,0.030751
2025-04-17 04:00,0.036557
2025-04-17 04:15,0.028238
2025-04-17 04:30,0.064415
2025-04-17 04:45,0.05563
2025-04-17 05:00,0.065378
2025-04-17 05:15,0.072397
2025-04-17 05:30,0.034343
2025-04-17 05:45,0.047778
2025-04-17 06:00,0.087777
2025-04-17 06:15,0.05353
2025-04-17 06:30,0.032671
2025-04-17 06:45,0.053139
2025-04-17 07:00,0.055076
2025-04-17 07:15,0.052874
2025-04-17 07:30,0.055642
2025-04-17 07:45,0.027849
2025-04-17 08:00,0.038754
2025-04-17 08:15,0.048044
2025-04-17 08:30,0.075931
2025-04-17 08:45,0.054506
2025-04-17 09:00,0.05255
2025-04-17 09:15,0.013617
2025-04-17 09:30,0.044001
2025-04-17 09:45,0.787229
2025-04-17 10:00,0.666717
2025-04-17 10:15,0.439765
2025-04-17 10:30,0.114357
2025-04-17 10:45,0.338592
2025-04-17 11:00,0.448897
2025-04-17 11:15,0.016934
2025-04-17 11:30,0.435704
2025-04-17 11:45,0.016918
2025-04-17 12:00,0.450901
2025-04-17 12:15,0.019727
2025-04-17 12:30,0.377608
2025-04-17 12:45,0.061826
2025-04-17 13:00,0.378373
2025-04-17 13:15,0.062343
2025-04-17 13:30,0.264964
2025-04-17 13:45,0.140622
2025-04-17 14:00,0.232074
2025-04-17 14:15,0.159328
2025-04-17 14:30,0.165761
2025-04-17 14:45,0.245454
2025-04-17 15:00,0.084331
2025-04-17 15:15,0.341177
2025-04-17 15:30,0.07875
2025-04-17 15:45,0.287386
2025-04-17 16:00,0.073647
2025-04-17 16:15,0.330148
2025-04-17 16:30,0.075885
2025-04-17 16:45,0.291663
2025-04-17 17:00,0.06938
2025-04-17 17:15,0.307567
2025-04-17 17:30,0.008776
2025-04-17 17:45,0.355223
2025-04-17 18:00,0.004962
2025-04-17 18:15,0.394916
2025-04-17 18:30,0.007922
2025-04-17 18:45,0.386555
2025-04-17 19:00,0.008877
2025-04-17 19:15,0.391265
2025-04-17 19:30,0.000641
2025-04-17 19:45,0.379138
2025-04-17 20:00,0.001557
2025-04-17 20:15,0.380338
2025-04-17 20:30,0.010298
2025-04-17 20:45,0.353105
2025-04-17 21:00,0.042676
2025-04-17 21:15,0.273739
2025-04-17 21:30,0.136916
2025-04-17 21:45,0.191745
2025-04-17 22:00,0.208143
2025-04-17 22:15,0.129335
2025-04-17 22:30,0.304959
2025-04-17 22:45,0.104856
2025-04-17 23:00,0.316686
2025-04-17 23:15,0.088456
2025-04-17 23:30,0.34096
2025-04-17 23:45,0.079813
2025-04-18 00:00,0.382728
2025-04-18 00:15,0.058421
2025-04-18 00:30,0.469771
2025-04-18 00:45,0.024263
2025-04-18 01:00,0.46269
2025-04-18 01:15,0.034962
2025-04-18 01:30,0.144275
2025-04-18 01:45,0.066332
2025-04-18 02:00,0.032063
2025-04-18 02:15,0.044888
2025-04-18 02:30,0.039732
2025-04-18 02:45,0.045944
2025-04-18 03:00,0.046243
2025-04-18 03:15,0.023506
2025-04-18 03:30,0.04574
2025-04-18 03:45,0.0623
2025-04-18 04:00,0.04832
2025-04-18 04:15,0.044909
2025-04-18 04:30,0.036923
2025-04-18 04:45,0.044316
2025-04-18 05:00,0.10825
2025-04-18 05:15,0.051925
2025-04-18 05:30,0.060123
2025-04-18 05:45,0.137842
2025-04-18 06:00,0.123748
2025-04-18 06:15,0.033083
2025-04-18 06:30,0.052765
2025-04-18 06:45,0.038692
2025-04-18 07:00,0.060706
2025-04-18 07:15,0.475808
2025-04-18 07:30,0.242018
2025-04-18 07:45,0.034572
2025-04-18 08:00,0.042083
2025-04-18 08:15,0.064467
2025-04-18 08:30,0.199798
2025-04-18 08:45,0.287475
2025-04-18 09:00,0.093857
2025-04-18 09:15,0.060133
2025-04-18 09:30,0.016224
2025-04-18 09:45,0.006561
2025-04-18 10:00,0.01008
2025-04-18 10:15,0.010303
2025-04-18 10:30,0.009563
2025-04-18 10:45,0.018009
2025-04-18 11:00,0.019528
2025-04-18 11:15,0.011121
2025-04-18 11:30,0.039488
2025-04-18 11:45,0.011048
2025-04-18 12:00,0.010608
2025-04-18 12:15,0.006014
2025-04-18 12:30,0.047363
2025-04-18 12:45,0.012941
2025-04-18 13:00,0.001837
2025-04-18 13:15,0.005294
2025-04-18 13:30,0.003563
2025-04-18 13:45,0.013764
2025-04-18 14:00,0.011073
2025-04-18 14:15,0.009825
2025-04-18 14:30,0.01456
2025-04-18 14:45,0.015833
2025-04-18 15:00,0.130705
2025-04-18 15:15,0.224323
2025-04-18 15:30,0.288917
2025-04-18 15:45,0.123403
2025-04-18 16:00,0.001327
2025-04-18 16:15,0.031407
2025-04-18 16:30,0.007312
2025-04-18 16:45,0.002397
2025-04-18 17:00,0.001702
2025-04-18 17:15,0.005006
2025-04-18 17:30,0.00123
2025-04-18 17:45,0.001711
2025-04-18 18:00,0.005655
2025-04-18 18:15,0.000848
2025-04-18 18:30,0.000772
2025-04-18 18:45,0.000882
2025-04-18 19:00,0.00216
2025-04-18 19:15,0.007969
2025-04-18 19:30,0.003186
2025-04-18 19:45,0.006893
2025-04-18 20:00,0.000306
2025-04-18 20:15,0.000889
2025-04-18 20:30,0.000698
2025-04-18 20:45,0.00015
2025-04-18 21:00,0.001696
2025-04-18 21:15,0.000516
2025-04-18 21:30,0.00063
2025-04-18 21:45,0.000542
2025-04-18 22:00,0.002969
2025-04-18 22:15,0.000737
2025-04-18 22:30,0.003221
2025-04-18 22:45,0.000661
2025-04-18 23:00,0.000444
2025-04-18 23:15,0.001956
2025-04-18 23:30,0.000653
2025-04-18 23:45,0.001798
2025-04-19 00:00,0.000706
2025-04-19 00:15,0.00112
2025-04-19 00:30,0.011007
2025-04-19 00:45,0.004702
2025-04-19 01:00,0.001665
2025-04-19 01:15,0.004731
2025-04-19 01:30,0.00471
2025-04-19 01:45,0.007445
2025-04-19 02:00,0.003683
2025-04-19 02:15,0.008323
2025-04-19 02:30,0.009957
2025-04-19 02:45,0.013995
2025-04-19 03:00,0.013613
2025-04-19 03:15,0.016583
2025-04-19 03:30,0.006282
2025-04-19 03:45,0.002497
2025-04-19 04:00,0.007086
2025-04-19 04:15,0.006311
2025-04-19 04:30,0.029375
2025-04-19 04:45,0.019781
2025-04-19 05:00,0.153958
2025-04-19 05:15,0.572359
2025-04-19 05:30,0.060125
2025-04-19 05:45,0.181965
2025-04-19 06:00,0.010509
2025-04-19 06:15,0.010406
2025-04-19 06:30,0.021612
2025-04-19 06:45,0.017539
2025-04-19 07:00,0.008736
2025-04-19 07:15,0.017373
2025-04-19 07:30,0.018981
2025-04-19 07:45,0.013553
2025-04-19 08:00,0.018027
2025-04-19 08:15,0.022155
2025-04-19 08:30,0.020167
2025-04-19 08:45,0.039438
2025-04-19 09:00,0.013422
2025-04-19 09:15,0.011092
2025-04-19 09:30,0.008277
2025-04-19 09:45,0.008169
2025-04-19 10:00,0.009393
2025-04-19 10:15,0.018737
2025-04-19 10:30,0.013811
2025-04-19 10:45,0.002783
2025-04-19 11:00,0.012912
2025-04-19 11:15,0.014541
2025-04-19 11:30,0.012208
2025-04-19 11:45,0.019296
2025-04-19 12:00,0.014118
2025-04-19 12:15,0.015821
2025-04-19 12:30,0.010686
2025-04-19 12:45,0.005368
2025-04-19 13:00,0.026341
2025-04-19 13:15,0.035129
2025-04-19 13:30,0.005566
2025-04-19 13:45,0.00736
2025-04-19 14:00,0.00681
2025-04-19 14:15,0.007722
2025-04-19 14:30,0.00722
2025-04-19 14:45,0.009626
2025-04-19 15:00,0.032698
2025-04-19 15:15,0.010057
2025-04-19 15:30,0.004385
2025-04-19 15:45,0.011457
2025-04-19 16:00,0.006987
2025-04-19 16:15,0.007081
2025-04-19 16:30,0.0045
2025-04-19 16:45,0.004122
2025-04-19 17:00,0.003118
2025-04-19 17:15,0.002872
2025-04-19 17:30,0.010851
2025-04-19 17:45,0.00444
2025-04-19 18:00,0.008311
2025-04-19 18:15,0.007758
2025-04-19 18:30,0.001559
2025-04-19 18:45,0.011236
2025-04-19 19:00,0.001622
2025-04-19 19:15,0.001496
2025-04-19 19:30,0.003722
2025-04-19 19:45,0.003418
2025-04-19 20:00,0.000767
2025-04-19 20:15,0.001912
2025-04-19 20:30,0.008925
2025-04-19 20:45,0.000901
2025-04-19 21:00,0.001905
2025-04-19 21:15,0.002531
2025-04-19 21:30,0.002791
2025-04-19 21:45,0.005687
2025-04-19 22:00,0.000874
2025-04-19 22:15,0.000995
2025-04-19 22:30,0.002035
2025-04-19 22:45,0.001456
2025-04-19 23:00,0.002464
2025-04-19 23:15,0.002521
2025-04-19 23:30,0.00061
2025-04-19 23:45,0.001177
2025-04-20 00:00,0.001421
2025-04-20 00:15,0.001227
2025-04-20 00:30,0.009372
2025-04-20 00:45,0.003995
2025-04-20 01:00,0.00279
2025-04-20 01:15,0.00483
2025-04-20 01:30,0.00691
2025-04-20 01:45,0.00173
2025-04-20 02:00,0.004932
2025-04-20 02:15,0.011604
2025-04-20 02:30,0.011731
2025-04-20 02:45,0.001755
2025-04-20 03:00,0.007202
2025-04-20 03:15,0.004603
2025-04-20 03:30,0.00796
2025-04-20 03:45,0.006894
2025-04-20 04:00,0.005922
2025-04-20 04:15,0.027879
2025-04-20 04:30,0.077115
2025-04-20 04:45,0.039763
2025-04-20 05:00,0.015136
2025-04-20 05:15,0.022928
2025-04-20 05:30,0.005621
2025-04-20 05:45,0.033905
2025-04-20 06:00,0.003409
2025-04-20 06:15,0.012021
2025-04-20 06:30,0.026255
2025-04-20 06:45,0.049836
2025-04-20 07:00,0.01235
2025-04-20 07:15,0.004599
2025-04-20 07:30,0.01634
2025-04-20 07:45,0.010793
2025-04-20 08:00,0.017172
2025-04-20 08:15,0.024431
2025-04-20 08:30,0.008636
2025-04-20 08:45,0.01219
2025-04-20 09:00,0.010249
2025-04-20 09:15,0.009798
2025-04-20 09:30,0.014711
2025-04-20 09:45,0.028976
2025-04-20 10:00,0.051505
2025-04-20 10:15,0.013669
2025-04-20 10:30,0.120708
2025-04-20 10:45,0.094462
2025-04-20 11:00,0.014281
2025-04-20 11:15,0.010374
2025-04-20 11:30,0.186086
2025-04-20 11:45,0.014592
2025-04-20 12:00,0.014963
2025-04-20 12:15,0.025604
2025-04-20 12:30,0.011995
2025-04-20 12:45,0.010991
2025-04-20 13:00,0.015507
2025-04-20 13:15,0.008569
2025-04-20 13:30,0.013272
2025-04-20 13:45,0.013541
2025-04-20 14:00,0.00853
2025-04-20 14:15,0.090053
2025-04-20 14:30,0.017648
2025-04-20 14:45,0.028663
2025-04-20 15:00,0.017864
2025-04-20 15:15,0.015383
2025-04-20 15:30,0.010617
2025-04-20 15:45,0.003825
2025-04-20 16:00,0.004382
2025-04-20 16:15,0.005059
2025-04-20 16:30,0.004552
2025-04-20 16:45,0.006968
2025-04-20 17:00,0.005841
2025-04-20 17:15,0.002845
2025-04-20 17:30,0.001562
2025-04-20 17:45,0.002728
2025-04-20 18:00,0.011163
2025-04-20 18:15,0.001847
2025-04-20 18:30,0.003313
2025-04-20 18:45,0.004821
2025-04-20 19:00,0.008037
2025-04-20 19:15,0.008727
2025-04-20 19:30,0.002738
2025-04-20 19:45,0.000904
2025-04-20 20:00,0.003878
2025-04-20 20:15,0.001022
2025-04-20 20:30,0.003466
2025-04-20 20:45,0.002635
2025-04-20 21:00,0.005175
2025-04-20 21:15,0.002309
2025-04-20 21:30,0.005475
2025-04-20 21:45,0.002927
2025-04-20 22:00,0.00586
2025-04-20 22:15,0.007766
2025-04-20 22:30,0.004993
2025-04-20 22:45,0.009003
2025-04-20 23:00,0.003764
2025-04-20 23:15,0.00982
2025-04-20 23:30,0.00902
2025-04-20 23:45,0.024252
2025-04-21 00:00,0.033699
2025-04-21 00:15,0.029384
2025-04-21 00:30,0.03501
2025-04-21 00:45,0.061677
2025-04-21 01:00,0.053761
2025-04-21 01:15,0.050426
2025-04-21 01:30,0.080401
2025-04-21 01:45,0.075231
2025-04-21 02:00,0.040109
2025-04-21 02:15,0.064985
2025-04-21 02:30,0.023186
2025-04-21 02:45,0.029367
2025-04-21 03:00,0.075145
2025-04-21 03:15,0.035204
2025-04-21 03:30,0.032721
2025-04-21 03:45,0.032305
2025-04-21 04:00,0.033751
2025-04-21 04:15,0.052075
2025-04-21 04:30,0.046928
2025-04-21 04:45,0.067789
2025-04-21 05:00,0.115994
2025-04-21 05:15,0.129715
2025-04-21 05:30,0.142573
2025-04-21 05:45,0.097679
2025-04-21 06:00,0.044113
2025-04-21 06:15,0.03678
2025-04-21 06:30,0.064296
2025-04-21 06:45,0.059113
2025-04-21 07:00,0.118783
2025-04-21 07:15,0.035291
2025-04-21 07:30,0.065649
2025-04-21 07:45,0.086053
2025-04-21 08:00,0.071846
2025-04-21 08:15,0.086574
2025-04-21 08:30,0.038996
2025-04-21 08:45,0.036119
2025-04-21 09:00,0.020849
2025-04-21 09:15,0.02436
2025-04-21 09:30,0.065057
2025-04-21 09:45,0.01833
2025-04-21 10:00,0.021283
2025-04-21 10:15,0.023406
2025-04-21 10:30,0.072539
2025-04-21 10:45,0.019232
2025-04-21 11:00,0.014323
2025-04-21 11:15,0.0108
2025-04-21 11:30,0.017571
2025-04-21 11:45,0.029231
2025-04-21 12:00,0.027809
2025-04-21 12:15,0.098036
2025-04-21 12:30,0.019801
2025-04-21 12:45,0.01908
2025-04-21 13:00,0.014295
2025-04-21 13:15,0.032383
2025-04-21 13:30,0.015267
2025-04-21 13:45,0.017334
2025-04-21 14:00,0.012942
2025-04-21 14:15,0.034521
2025-04-21 14:30,0.06625
2025-04-21 14:45,0.06306
2025-04-21 15:00,0.05195
2025-04-21 15:15,0.04954
2025-04-21 15:30,0.056846
2025-04-21 15:45,0.074251
2025-04-21 16:00,0.069076
2025-04-21 16:15,0.073465
2025-04-21 16:30,0.068488
2025-04-21 16:45,0.052402
2025-04-21 17:00,0.032108
2025-04-21 17:15,0.055454
2025-04-21 17:30,0.065483
2025-04-21 17:45,0.061814
2025-04-21 18:00,0.071614
2025-04-21 18:15,0.046587
2025-04-21 18:30,0.033981
2025-04-21 18:45,0.023851
2025-04-21 19:00,0.028284
2025-04-21 19:15,0.069808
2025-04-21 19:30,0.075785
2025-04-21 19:45,0.045253
2025-04-21 20:00,0.061895
2025-04-21 20:15,0.062729
2025-04-21 20:30,0.068682
2025-04-21 20:45,0.003537
2025-04-21 21:00,0.004603
2025-04-21 21:15,0.003315
2025-04-21 21:30,0.008669
2025-04-21 21:45,0.008412
2025-04-21 22:00,0.001907
2025-04-21 22:15,0.005026
2025-04-21 22:30,0.004131
2025-04-21 22:45,0.010726
2025-04-21 23:00,0.006193
2025-04-21 23:15,0.005801
2025-04-21 23:30,0.006069
2025-04-21 23:45,0.019255
2025-04-22 00:00,0.027816
2025-04-22 00:15,0.071077
2025-04-22 00:30,0.047805
2025-04-22 00:45,0.039826
2025-04-22 01:00,0.048514
2025-04-22 01:15,0.05272
2025-04-22 01:30,0.037596
2025-04-22 01:45,0.044008
2025-04-22 02:00,0.051379
2025-04-22 02:15,0.052556
2025-04-22 02:30,0.038698
2025-04-22 02:45,0.045215
2025-04-22 03:00,0.038398
2025-04-22 03:15,0.030852
2025-04-22 03:30,0.033333
2025-04-22 03:45,0.06001
2025-04-22 04:00,0.748992
2025-04-22 04:15,0.489631
2025-04-22 04:30,0.439923
2025-04-22 04:45,0.735599
2025-04-22 05:00,0.871191
2025-04-22 05:15,1.0
2025-04-22 05:30,0.962626
2025-04-22 05:45,0.370567
2025-04-22 06:00,0.059178
2025-04-22 06:15,0.103823
2025-04-22 06:30,0.106945
2025-04-22 06:45,0.146269
2025-04-22 07:00,0.049625
2025-04-22 07:15,0.054998
2025-04-22 07:30,0.20592
2025-04-22 07:45,0.111744
2025-04-22 08:00,0.134692
2025-04-22 08:15,0.64249
2025-04-22 08:30,0.038553
2025-04-22 08:45,0.291548
2025-04-22 09:00,0.06463
2025-04-22 09:15,0.095258
2025-04-22 09:30,0.103374
2025-04-22 09:45,0.035889
2025-04-22 10:00,0.034277
2025-04-22 10:15,0.019785
2025-04-22 10:30,0.011236
2025-04-22 10:45,0.015468
2025-04-22 11:00,0.012302
2025-04-22 11:15,0.011669
2025-04-22 11:30,0.008391
2025-04-22 11:45,0.018643
2025-04-22 12:00,0.026126
2025-04-22 12:15,0.014179
2025-04-22 12:30,0.014511
2025-04-22 12:45,0.026219
2025-04-22 13:00,0.013616
2025-04-22 13:15,0.013758
2025-04-22 13:30,0.005012
2025-04-22 13:45,0.046776
2025-04-22 14:00,0.013828
2025-04-22 14:15,0.006975
2025-04-22 14:30,0.00459
2025-04-22 14:45,0.041205
2025-04-22 15:00,0.011191
2025-04-22 15:15,0.02268
2025-04-22 15:30,0.019412
2025-04-22 15:45,0.0183
2025-04-22 16:00,0.003934
2025-04-22 16:15,0.005267
2025-04-22 16:30,0.006351
2025-04-22 16:45,0.002776
2025-04-22 17:00,0.004902
2025-04-22 17:15,0.004597
2025-04-22 17:30,0.003322
2025-04-22 17:45,0.005756
2025-04-22 18:00,0.006276
2025-04-22 18:15,0.006389
2025-04-22 18:30,0.007839
2025-04-22 18:45,0.010451
2025-04-22 19:00,0.012923
2025-04-22 19:15,0.002975
2025-04-22 19:30,0.001266
2025-04-22 19:45,0.004615
2025-04-22 20:00,0.005875
2025-04-22 20:15,0.008894
2025-04-22 20:30,0.00626
2025-04-22 20:45,0.004915
2025-04-22 21:00,0.002136
2025-04-22 21:15,0.002788
2025-04-22 21:30,0.001126
2025-04-22 21:45,0.004784
2025-04-22 22:00,0.005543
2025-04-22 22:15,0.001519
2025-04-22 22:30,0.003759
2025-04-22 22:45,0.003582
2025-04-22 23:00,0.005625
2025-04-22 23:15,0.009147
2025-04-22 23:30,0.035678
2025-04-22 23:45,0.021441
2025-04-23 00:00,0.021478
2025-04-23 00:00,0.092861
2025-04-23 00:15,0.11434
2025-04-23 00:30,0.236583
2025-04-23 00:45,0.150194
2025-04-23 01:00,0.42126
2025-04-23 01:15,0.228583
2025-04-23 01:30,0.201933
2025-04-23 01:45,0.209372
2025-04-23 02:00,0.253043
2025-04-23 02:15,0.211305
2025-04-23 02:30,0.200652
2025-04-23 02:45,0.142479
2025-04-23 03:00,0.135062
2025-04-23 03:15,0.223621
2025-04-23 03:30,0.221501
2025-04-23 03:45,0.183601
2025-04-23 04:00,0.43217
2025-04-23 04:15,0.715358
2025-04-23 04:30,0.271276
2025-04-23 04:45,0.197652
2025-04-23 05:00,0.324659
2025-04-23 05:15,0.401405
2025-04-23 05:30,0.324302
2025-04-23 05:45,0.411744
2025-04-23 06:00,0.243789
2025-04-23 06:15,0.568577
2025-04-23 06:30,0.565913
2025-04-23 06:45,0.824224
2025-04-23 07:00,0.453111
2025-04-23 07:15,0.291381
2025-04-23 07:30,0.311133
2025-04-23 07:45,0.29591
2025-04-23 08:00,0.300314
2025-04-23 08:15,0.278719
2025-04-23 08:30,0.444197
2025-04-23 08:45,0.280575
2025-04-23 09:00,0.275481
2025-04-23 09:15,0.111673
2025-04-23 09:30,0.195201
2025-04-23 09:45,0.154158
2025-04-23 10:00,0.096333
2025-04-23 10:15,0.062257
2025-04-23 10:30,0.136618
2025-04-23 10:45,0.111045
2025-04-23 11:00,0.1172
2025-04-23 11:15,0.097726
2025-04-23 11:30,0.108549
2025-04-23 11:45,0.099541
2025-04-23 12:00,0.085459
2025-04-23 12:15,0.296151
2025-04-23 12:30,0.172412
2025-04-23 12:45,0.074036
2025-04-23 13:00,0.05272
2025-04-23 13:15,0.163377
2025-04-23 13:30,0.047429
2025-04-23 13:45,0.093186
2025-04-23 14:00,0.036396
2025-04-23 14:15,0.028137
2025-04-23 14:30,0.039972
2025-04-23 14:45,0.028331
2025-04-23 15:00,0.038874
2025-04-23 15:15,0.037296
2025-04-23 15:30,0.027456
2025-04-23 15:45,0.038558
2025-04-23 16:00,0.090997
2025-04-23 16:15,0.215496
2025-04-23 16:30,0.070485
2025-04-23 16:45,0.01925
2025-04-23 17:00,0.044613
2025-04-23 17:15,0.053283
2025-04-23 17:30,0.094373
2025-04-23 17:45,0.048655
2025-04-23 18:00,0.043082
2025-04-23 18:15,0.015668
2025-04-23 18:30,0.041622
2025-04-23 18:45,0.027429
2025-04-23 19:00,0.017837
2025-04-23 19:15,0.018295
2025-04-23 19:30,0.009524
2025-04-23 19:45,0.007714
2025-04-23 20:00,0.009548
2025-04-23 20:15,0.01725
2025-04-23 20:30,0.010518
2025-04-23 20:45,0.01661
2025-04-23 21:00,0.016847
2025-04-23 21:15,0.014336
2025-04-23 21:30,0.015217
2025-04-23 21:45,0.014694
2025-04-23 22:00,0.027086
2025-04-23 22:15,0.017428
2025-04-23 22:30,0.012682
2025-04-23 22:45,0.010164
2025-04-23 23:00,0.057749
2025-04-23 23:15,0.044465
2025-04-23 23:30,0.109419
2025-04-23 23:45,0.135343
2025-04-24 00:00,0.133874
2025-04-24 00:15,0.1128
2025-04-24 00:30,0.128207
2025-04-24 00:45,0.381356
2025-04-24 01:00,0.378718
2025-04-24 01:15,0.146675
2025-04-24 01:30,0.190888
2025-04-24 01:45,0.238881
2025-04-24 02:00,0.302331
2025-04-24 02:15,0.213739
2025-04-24 02:30,0.130482
2025-04-24 02:45,0.17306
2025-04-24 03:00,0.118024
2025-04-24 03:15,0.070888
2025-04-24 03:30,0.150753
2025-04-24 03:45,0.236843
2025-04-24 04:00,0.18439
2025-04-24 04:15,0.161151
2025-04-24 04:30,0.176362
2025-04-24 04:45,0.199244
2025-04-24 05:00,0.211168
2025-04-24 05:15,0.655309
2025-04-24 05:30,0.324139
2025-04-24 05:45,0.196935
2025-04-24 06:00,0.209975
2025-04-24 06:15,0.262633
2025-04-24 06:30,0.202324
2025-04-24 06:45,0.221323
2025-04-24 07:00,0.227857
2025-04-24 07:15,0.260348
2025-04-24 07:30,0.16605
2025-04-24 07:45,0.1726
2025-04-24 08:00,0.27331
2025-04-24 08:15,0.682072
2025-04-24 08:30,0.241282
2025-04-24 08:45,0.148465
2025-04-24 09:00,0.087524
2025-04-24 09:15,0.09082
2025-04-24 09:30,0.09923
2025-04-24 09:45,0.154633
2025-04-24 10:00,0.112307
2025-04-24 10:15,0.183811
2025-04-24 10:30,0.077341
2025-04-24 10:45,0.095653
2025-04-24 11:00,0.160515
2025-04-24 11:15,0.073603
2025-04-24 11:30,0.130544
2025-04-24 11:45,0.072661
2025-04-24 12:00,0.054985
2025-04-24 12:15,0.043007
2025-04-24 12:30,0.03045
2025-04-24 12:45,0.043091
2025-04-24 13:00,0.042346
2025-04-24 13:15,0.093874
2025-04-24 13:30,0.098005
2025-04-24 13:45,0.026726
2025-04-24 14:00,0.023493
2025-04-24 14:15,0.037471
2025-04-24 14:30,0.023977
2025-04-24 14:45,0.030806
2025-04-24 15:00,0.030533
2025-04-24 15:15,0.046948
2025-04-24 15:30,0.038713
2025-04-24 15:45,0.014184
2025-04-24 16:00,0.019095
2025-04-24 16:15,0.023262
2025-04-24 16:30,0.116921
2025-04-24 16:45,0.026308
2025-04-24 17:00,0.00873
2025-04-24 17:15,0.013633
2025-04-24 17:30,0.03432
2025-04-24 17:45,0.01205
2025-04-24 18:00,0.024984
2025-04-24 18:15,0.011834
2025-04-24 18:30,0.015539
2025-04-24 18:45,0.00542
2025-04-24 19:00,0.009783
2025-04-24 19:15,0.022425
2025-04-24 19:30,0.00768
2025-04-24 19:45,0.008097
2025-04-24 20:00,0.005674
2025-04-24 20:15,0.009727
2025-04-24 20:30,0.024493
2025-04-24 20:45,0.009378
2025-04-24 21:00,0.010474
2025-04-24 21:15,0.012224
2025-04-24 21:30,0.01432
2025-04-24 21:45,0.012611
2025-04-24 22:00,0.009518
2025-04-24 22:15,0.010344
2025-04-24 22:30,0.008452
2025-04-24 22:45,0.014871
2025-04-24 23:00,0.026677
2025-04-24 23:15,0.022272
2025-04-24 23:30,0.058184
2025-04-24 23:45,0.058233
2025-04-25 00:00,0.072299
2025-04-25 00:15,0.13301
2025-04-25 00:30,0.393368
2025-04-25 00:45,0.312827
2025-04-25 01:00,0.18976
2025-04-25 01:15,0.22652
2025-04-25 01:30,0.293378
2025-04-25 01:45,0.341031
2025-04-25 02:00,0.417022
2025-04-25 02:15,0.376246
2025-04-25 02:30,0.54603
2025-04-25 02:45,0.534092
2025-04-25 03:00,0.786373
2025-04-25 03:15,0.656283
2025-04-25 03:30,0.274978
2025-04-25 03:45,0.177199
2025-04-25 04:00,0.171095
2025-04-25 04:15,0.274301
2025-04-25 04:30,0.1558
2025-04-25 04:45,0.335854
2025-04-25 05:00,0.821546
2025-04-25 05:15,0.406086
2025-04-25 05:30,0.401965
2025-04-25 05:45,0.224201
2025-04-25 06:00,0.419394
2025-04-25 06:15,0.223879
2025-04-25 06:30,0.430708
2025-04-25 06:45,0.876962
2025-04-25 07:00,0.392372
2025-04-25 07:15,0.280532
2025-04-25 07:30,0.300646
2025-04-25 07:45,0.283351
2025-04-25 08:00,0.247045
2025-04-25 08:15,0.504823
2025-04-25 08:30,1.0
2025-04-25 08:45,0.735903
2025-04-25 09:00,0.944845
2025-04-25 09:15,0.45102
2025-04-25 09:30,0.080085
2025-04-25 09:45,0.132243
2025-04-25 10:00,0.054729
2025-04-25 10:15,0.049906
2025-04-25 10:30,0.03458
2025-04-25 10:45,0.030083
2025-04-25 11:00,0.037538
2025-04-25 11:15,0.039985
2025-04-25 11:30,0.036463
2025-04-25 11:45,0.019107
2025-04-25 12:00,0.066889
2025-04-25 12:15,0.096491
2025-04-25 12:30,0.050002
2025-04-25 12:45,0.031542
2025-04-25 13:00,0.072417
2025-04-25 13:15,0.020032
2025-04-25 13:30,0.015144
2025-04-25 13:45,0.024922
2025-04-25 14:00,0.050536
2025-04-25 14:15,0.011709
2025-04-25 14:30,0.011414
2025-04-25 14:45,0.017617
2025-04-25 15:00,0.010976
2025-04-25 15:15,0.065962
2025-04-25 15:30,0.049782
2025-04-25 15:45,0.022335
2025-04-25 16:00,0.009696
2025-04-25 16:15,0.012622
2025-04-25 16:30,0.042468
2025-04-25 16:45,0.036233
2025-04-25 17:00,0.01423
2025-04-25 17:15,0.008075
2025-04-25 17:30,0.025137
2025-04-25 17:45,0.007876
2025-04-25 18:00,0.045672
2025-04-25 18:15,0.002394
2025-04-25 18:30,0.005078
2025-04-25 18:45,0.014285
2025-04-25 19:00,0.007214
2025-04-25 19:15,0.002635
2025-04-25 19:30,0.004514
2025-04-25 19:45,0.006712
2025-04-25 20:00,0.007101
2025-04-25 20:15,0.009282
2025-04-25 20:30,0.001908
2025-04-25 20:45,0.004518
2025-04-25 21:00,0.003622
2025-04-25 21:15,0.01005
2025-04-25 21:30,0.007578
2025-04-25 21:45,0.004366
2025-04-25 22:00,0.017418
2025-04-25 22:15,0.043374
2025-04-25 22:30,0.093661
2025-04-25 22:45,0.036389
2025-04-25 23:00,0.03566
2025-04-25 23:15,0.005992
2025-04-25 23:30,0.000906
2025-04-25 23:45,0.004825
2025-04-26 00:00,0.022864
2025-04-26 00:15,0.00865
2025-04-26 00:30,0.051397
2025-04-26 00:45,0.037457
2025-04-26 01:00,0.010482
2025-04-26 01:15,0.024558
2025-04-26 01:30,0.030355
2025-04-26 01:45,0.025558
2025-04-26 02:00,0.151087
2025-04-26 02:15,0.578864
2025-04-26 02:30,0.025028
2025-04-26 02:45,0.028144
2025-04-26 03:00,0.037758
2025-04-26 03:15,0.014358
2025-04-26 03:30,0.12968
2025-04-26 03:45,0.04232
2025-04-26 04:00,0.072816
2025-04-26 04:15,0.071063
2025-04-26 04:30,0.104742
2025-04-26 04:45,0.071556
2025-04-26 05:00,0.107746
2025-04-26 05:15,0.060923
2025-04-26 05:30,0.045286
2025-04-26 05:45,0.068202
2025-04-26 06:00,0.082584
2025-04-26 06:15,0.093642
2025-04-26 06:30,0.086422
2025-04-26 06:45,0.061032
2025-04-26 07:00,0.049246
2025-04-26 07:15,0.052173
2025-04-26 07:30,0.061861
2025-04-26 07:45,0.079244
2025-04-26 08:00,0.058512
2025-04-26 08:15,0.080857
2025-04-26 08:30,0.055178
2025-04-26 08:45,0.061951
2025-04-26 09:00,0.03476
2025-04-26 09:15,0.053691
2025-04-26 09:30,0.029838
2025-04-26 09:45,0.044196
2025-04-26 10:00,0.032299
2025-04-26 10:15,0.047356
2025-04-26 10:30,0.059544
2025-04-26 10:45,0.069943
2025-04-26 11:00,0.042687
2025-04-26 11:15,0.039104
2025-04-26 11:30,0.062394
2025-04-26 11:45,0.078599
2025-04-26 12:00,0.125015
2025-04-26 12:15,0.065438
2025-04-26 12:30,0.095185
2025-04-26 12:45,0.028346
2025-04-26 13:00,0.024895
2025-04-26 13:15,0.01534
2025-04-26 13:30,0.01022
2025-04-26 13:45,0.019796
2025-04-26 14:00,0.041703
2025-04-26 14:15,0.030968
2025-04-26 14:30,0.028973
2025-04-26 14:45,0.019519
2025-04-26 15:00,0.02601
2025-04-26 15:15,0.021409
2025-04-26 15:30,0.03022
2025-04-26 15:45,0.005485
2025-04-26 16:00,0.029989
2025-04-26 16:15,0.065998
2025-04-26 16:30,0.07431
2025-04-26 16:45,0.057434
2025-04-26 17:00,0.058573
2025-04-26 17:15,0.035143
2025-04-26 17:30,0.071564
2025-04-26 17:45,0.032542
2025-04-26 18:00,0.031269
2025-04-26 18:15,0.07895
2025-04-26 18:30,0.015131
2025-04-26 18:45,0.013325
2025-04-26 19:00,0.004818
2025-04-26 19:15,0.007833
2025-04-26 19:30,0.011117
2025-04-26 19:45,0.013416
2025-04-26 20:00,0.003453
2025-04-26 20:15,0.003598
2025-04-26 20:30,0.007282
2025-04-26 20:45,0.017068
2025-04-26 21:00,0.008306
2025-04-26 21:15,0.00387
2025-04-26 21:30,0.005982
2025-04-26 21:45,0.011376
2025-04-26 22:00,0.001337
2025-04-26 22:15,0.007332
2025-04-26 22:30,0.017342
2025-04-26 22:45,0.022545
2025-04-26 23:00,0.007413
2025-04-26 23:15,0.014712
2025-04-26 23:30,0.01496
2025-04-26 23:45,0.003924
2025-04-27 00:00,0.020856
2025-04-27 00:15,0.010324
2025-04-27 00:30,0.030282
2025-04-27 00:45,0.026833
2025-04-27 01:00,0.027874
2025-04-27 01:15,0.026234
2025-04-27 01:30,0.031834
2025-04-27 01:45,0.019665
2025-04-27 02:00,0.050132
2025-04-27 02:15,0.01294
2025-04-27 02:30,0.035291
2025-04-27 02:45,0.041164
2025-04-27 03:00,0.045916
2025-04-27 03:15,0.016628
2025-04-27 03:30,0.029854
2025-04-27 03:45,0.02152
2025-04-27 04:00,0.049763
2025-04-27 04:15,0.0144
2025-04-27 04:30,0.048718
2025-04-27 04:45,0.041377
2025-04-27 05:00,0.069311
2025-04-27 05:15,0.047701
2025-04-27 05:30,0.076022
2025-04-27 05:45,0.065688
2025-04-27 06:00,0.056895
2025-04-27 06:15,0.084128
2025-04-27 06:30,0.040438
2025-04-27 06:45,0.084253
2025-04-27 07:00,0.086977
2025-04-27 07:15,0.06343
2025-04-27 07:30,0.059443
2025-04-27 07:45,0.041576
2025-04-27 08:00,0.045324
2025-04-27 08:15,0.068251
2025-04-27 08:30,0.026187
2025-04-27 08:45,0.064403
2025-04-27 09:00,0.086357
2025-04-27 09:15,0.033317
2025-04-27 09:30,0.049853
2025-04-27 09:45,0.049008
2025-04-27 10:00,0.027588
2025-04-27 10:15,0.023651
2025-04-27 10:30,0.082579
2025-04-27 10:45,0.028947
2025-04-27 11:00,0.038574
2025-04-27 11:15,0.091195
2025-04-27 11:30,0.156258
2025-04-27 11:45,0.100782
2025-04-27 12:00,0.201178
2025-04-27 12:15,0.14947
2025-04-27 12:30,0.042328
2025-04-27 12:45,0.043455
2025-04-27 13:00,0.024393
2025-04-27 13:15,0.058718
2025-04-27 13:30,0.095247
2025-04-27 13:45,0.042969
2025-04-27 14:00,0.060499
2025-04-27 14:15,0.039115
2025-04-27 14:30,0.045837
2025-04-27 14:45,0.014435
2025-04-27 15:00,0.018042
2025-04-27 15:15,0.017139
2025-04-27 15:30,0.041583
2025-04-27 15:45,0.025719
2025-04-27 16:00,0.012083
2025-04-27 16:15,0.009961
2025-04-27 16:30,0.043999
2025-04-27 16:45,0.007542
2025-04-27 17:00,0.012541
2025-04-27 17:15,0.007778
2025-04-27 17:30,0.01313
2025-04-27 17:45,0.03191
2025-04-27 18:00,0.025015
2025-04-27 18:15,0.019823
2025-04-27 18:30,0.026761
2025-04-27 18:45,0.03633
2025-04-27 19:00,0.044457
2025-04-27 19:15,0.008278
2025-04-27 19:30,0.009455
2025-04-27 19:45,0.028986
2025-04-27 20:00,0.028649
2025-04-27 20:15,0.003138
2025-04-27 20:30,0.017829
2025-04-27 20:45,0.02112
2025-04-27 21:00,0.019458
2025-04-27 21:15,0.085211
2025-04-27 21:30,0.014634
2025-04-27 21:45,0.018017
2025-04-27 22:00,0.014035
2025-04-27 22:15,0.012356
2025-04-27 22:30,0.004614
2025-04-27 22:45,0.013246
2025-04-27 23:00,0.037328
2025-04-27 23:15,0.044378
2025-04-27 23:30,0.057054
2025-04-27 23:45,0.157397
2025-04-28 00:00,0.121631
2025-04-28 00:15,0.148931
2025-04-28 00:30,0.243739
2025-04-28 00:45,0.219071
2025-04-28 01:00,0.177331
2025-04-28 01:15,0.197751
2025-04-28 01:30,0.297273
2025-04-28 01:45,0.250133
2025-04-28 02:00,0.194668
2025-04-28 02:15,0.250828
2025-04-28 02:30,0.242883
2025-04-28 02:45,0.081996
2025-04-28 03:00,0.09514
2025-04-28 03:15,0.096257
2025-04-28 03:30,0.124419
2025-04-28 03:45,0.155074
2025-04-28 04:00,0.141134
2025-04-28 04:15,0.122054
2025-04-28 04:30,0.328662
2025-04-28 04:45,0.199752
2025-04-28 05:00,0.433811
2025-04-28 05:15,0.386381
2025-04-28 05:30,0.22614
2025-04-28 05:45,0.400444
2025-04-28 06:00,0.196037
2025-04-28 06:15,0.265845
2025-04-28 06:30,0.240632
2025-04-28 06:45,0.468739
2025-04-28 07:00,0.311892
2025-04-28 07:15,0.211766
2025-04-28 07:30,0.287065
2025-04-28 07:45,0.376025
2025-04-28 08:00,0.239739
2025-04-28 08:15,0.182784
2025-04-28 08:30,0.158158
2025-04-28 08:45,0.215182
2025-04-28 09:00,0.147252
2025-04-28 09:15,0.066235
2025-04-28 09:30,0.14517
2025-04-28 09:45,0.090553
2025-04-28 10:00,0.097644
2025-04-28 10:15,0.441246
2025-04-28 10:30,0.105957
2025-04-28 10:45,0.059806
2025-04-28 11:00,0.111362
2025-04-28 11:15,0.06444
2025-04-28 11:30,0.222982
2025-04-28 11:45,0.113351
2025-04-28 12:00,0.104822
2025-04-28 12:15,0.098459
2025-04-28 12:30,0.127489
2025-04-28 12:45,0.104087
2025-04-28 13:00,0.096719
2025-04-28 13:15,0.058392
2025-04-28 13:30,0.081853
2025-04-28 13:45,0.045249
2025-04-28 14:00,0.036781
2025-04-28 14:15,0.129975
2025-04-28 14:30,0.081028
2025-04-28 14:45,0.055508
2025-04-28 15:00,0.043986
2025-04-28 15:15,0.022961
2025-04-28 15:30,0.027782
2025-04-28 15:45,0.03071
2025-04-28 16:00,0.026687
2025-04-28 16:15,0.025412
2025-04-28 16:30,0.037722
2025-04-28 16:45,0.029155
2025-04-28 17:00,0.045471
2025-04-28 17:15,0.014397
2025-04-28 17:30,0.010222
2025-04-28 17:45,0.006246
2025-04-28 18:00,0.043439
2025-04-28 18:15,0.015921
2025-04-28 18:30,0.037616
2025-04-28 18:45,0.014689
2025-04-28 19:00,0.031376
2025-04-28 19:15,0.010803
2025-04-28 19:30,0.05934
2025-04-28 19:45,0.022148
2025-04-28 20:00,0.009907
2025-04-28 20:15,0.007182
2025-04-28 20:30,0.016844
2025-04-28 20:45,0.006392
2025-04-28 21:00,0.009878
2025-04-28 21:15,0.005547
2025-04-28 21:30,0.005656
2025-04-28 21:45,0.012997
2025-04-28 22:00,0.006659
2025-04-28 22:15,0.011206
2025-04-28 22:30,0.015967
2025-04-28 22:45,0.111154
2025-04-28 23:00,0.07609
2025-04-28 23:15,0.057466
2025-04-28 23:30,0.095899
2025-04-28 23:45,0.226032
2025-04-29 00:00,0.545653
2025-04-29 00:15,0.460289
2025-04-29 00:30,0.225867
2025-04-29 00:45,0.275629
2025-04-29 01:00,0.546628
2025-04-29 01:15,0.218126
2025-04-29 01:30,0.356503
2025-04-29 01:45,0.295245
2025-04-29 02:00,0.385409
2025-04-29 02:15,0.237458
2025-04-29 02:30,0.239918
2025-04-29 02:45,0.162775
2025-04-29 03:00,0.081934
2025-04-29 03:15,0.176572
2025-04-29 03:30,0.227427
2025-04-29 03:45,0.266411
2025-04-29 04:00,0.215925
2025-04-29 04:15,0.258807
2025-04-29 04:30,0.44911
2025-04-29 04:45,0.428682
2025-04-29 05:00,0.578637
2025-04-29 05:15,0.333406
2025-04-29 05:30,0.357494
2025-04-29 05:45,0.216043
2025-04-29 06:00,0.286154
2025-04-29 06:15,0.620581
2025-04-29 06:30,0.285468
2025-04-29 06:45,0.246871
2025-04-29 07:00,0.296153
2025-04-29 07:15,0.329433
2025-04-29 07:30,0.256741
2025-04-29 07:45,0.382693
2025-04-29 08:00,0.39937
2025-04-29 08:15,0.466384
2025-04-29 08:30,0.583311
2025-04-29 08:45,0.351889
2025-04-29 09:00,0.755997
2025-04-29 09:15,0.640291
2025-04-29 09:30,0.510617
2025-04-29 09:45,0.167064
2025-04-29 10:00,0.197257
2025-04-29 10:15,0.31206
2025-04-29 10:30,0.659987
2025-04-29 10:45,0.415974
2025-04-29 11:00,0.155379
2025-04-29 11:15,0.276624
2025-04-29 11:30,0.223854
2025-04-29 11:45,0.068884
2025-04-29 12:00,0.087736
2025-04-29 12:15,0.128904
2025-04-29 12:30,0.073485
2025-04-29 12:45,0.053922
2025-04-29 13:00,0.134727
2025-04-29 13:15,0.04517
2025-04-29 13:30,0.062998
2025-04-29 13:45,0.099958
2025-04-29 14:00,0.048672
2025-04-29 14:15,0.0206
2025-04-29 14:30,0.020438
2025-04-29 14:45,0.065983
2025-04-29 15:00,0.070072
2025-04-29 15:15,0.067141
2025-04-29 15:30,0.024826
2025-04-29 15:45,0.02073
2025-04-29 16:00,0.058645
2025-04-29 16:15,0.134855
2025-04-29 16:30,0.042397
2025-04-29 16:45,0.04332
2025-04-29 17:00,0.043838
2025-04-29 17:15,0.052492
2025-04-29 17:30,0.066418
2025-04-29 17:45,0.054875
2025-04-29 18:00,0.042947
2025-04-29 18:15,0.044663
2025-04-29 18:30,0.053379
2025-04-29 18:45,0.083377
2025-04-29 19:00,0.05511
2025-04-29 19:15,0.037884
2025-04-29 19:30,0.026145
2025-04-29 19:45,0.015173
2025-04-29 20:00,0.006778
2025-04-29 20:15,0.005311
2025-04-29 20:30,0.005816
2025-04-29 20:45,0.001188
2025-04-29 21:00,0.011517
2025-04-29 21:15,0.008751
2025-04-29 21:30,0.009648
2025-04-29 21:45,0.015491
2025-04-29 22:00,0.009491
2025-04-29 22:15,0.008221
2025-04-29 22:30,0.008294
2025-04-29 22:45,0.046357
2025-04-29 23:00,0.026854
2025-04-29 23:15,0.054988
2025-04-29 23:30,0.060369
2025-04-29 23:45,0.14229
2025-04-30 00:00,0.25296
2025-04-30 00:00,0.283017
2025-04-30 00:15,0.234436
2025-04-30 00:30,0.287143
2025-04-30 00:45,0.338264
2025-04-30 01:00,0.987609
2025-04-30 01:15,1.0
2025-04-30 01:30,0.352172
2025-04-30 01:45,0.227564
2025-04-30 02:00,0.223633
2025-04-30 02:15,0.189074
2025-04-30 02:30,0.170014
2025-04-30 02:45,0.115537
2025-04-30 03:00,0.298749
2025-04-30 03:15,0.11648
2025-04-30 03:30,0.221232
2025-04-30 03:45,0.190083
2025-04-30 04:00,0.1856
2025-04-30 04:15,0.18927
2025-04-30 04:30,0.201559
2025-04-30 04:45,0.209791
2025-04-30 05:00,0.394099
2025-04-30 05:15,0.535248
2025-04-30 05:30,0.297055
2025-04-30 05:45,0.350507
2025-04-30 06:00,0.205319
2025-04-30 06:15,0.169733
2025-04-30 06:30,0.211307
2025-04-30 06:45,0.211194
2025-04-30 07:00,0.257052
2025-04-30 07:15,0.416782
2025-04-30 07:30,0.320279
2025-04-30 07:45,0.205687
2025-04-30 08:00,0.135792
2025-04-30 08:15,0.139277
2025-04-30 08:30,0.164538
2025-04-30 08:45,0.280921
2025-04-30 09:00,0.230778
2025-04-30 09:15,0.201339
2025-04-30 09:30,0.149116
2025-04-30 09:45,0.130956
2025-04-30 10:00,0.094513
2025-04-30 10:15,0.084056
2025-04-30 10:30,0.058009
2025-04-30 10:45,0.151736
2025-04-30 11:00,0.122866
2025-04-30 11:15,0.132329
2025-04-30 11:30,0.208737
2025-04-30 11:45,0.067597
2025-04-30 12:00,0.102162
2025-04-30 12:15,0.092022
2025-04-30 12:30,0.087176
2025-04-30 12:45,0.055587
2025-04-30 13:00,0.050253
2025-04-30 13:15,0.062979
2025-04-30 13:30,0.034525
2025-04-30 13:45,0.052113
2025-04-30 14:00,0.081193
2025-04-30 14:15,0.032629
2025-04-30 14:30,0.494941
2025-04-30 14:45,0.060747
2025-04-30 15:00,0.053002
2025-04-30 15:15,0.065797
2025-04-30 15:30,0.056681
2025-04-30 15:45,0.070386
2025-04-30 16:00,0.043422
2025-04-30 16:15,0.066245
2025-04-30 16:30,0.257701
2025-04-30 16:45,0.077723
2025-04-30 17:00,0.062883
2025-04-30 17:15,0.075428
2025-04-30 17:30,0.068431
2025-04-30 17:45,0.104031
2025-04-30 18:00,0.158721
2025-04-30 18:15,0.096573
2025-04-30 18:30,0.094023
2025-04-30 18:45,0.058806
2025-04-30 19:00,0.025296
2025-04-30 19:15,0.011495
2025-04-30 19:30,0.004948
2025-04-30 19:45,0.044838
2025-04-30 20:00,0.026023
2025-04-30 20:15,0.099255
2025-04-30 20:30,0.029918
2025-04-30 20:45,0.013054
2025-04-30 21:00,0.023902
2025-04-30 21:15,0.008407
2025-04-30 21:30,0.007672
2025-04-30 21:45,0.014829
2025-04-30 22:00,0.00935
2025-04-30 22:15,0.041468
2025-04-30 22:30,0.066336
2025-04-30 22:45,0.032939
2025-04-30 23:00,0.090973
2025-04-30 23:15,0.062448
2025-04-30 23:30,0.052917
2025-04-30 23:45,0.079273
2025-05-01 00:00,0.105597
2025-05-01 00:15,0.162459
2025-05-01 00:30,0.264506
2025-05-01 00:45,0.227721
2025-05-01 01:00,0.230318
2025-05-01 01:15,0.120671
2025-05-01 01:30,0.208299
2025-05-01 01:45,0.252611
2025-05-01 02:00,0.156235
2025-05-01 02:15,0.203993
2025-05-01 02:30,0.146989
2025-05-01 02:45,0.207567
2025-05-01 03:00,0.090919
2025-05-01 03:15,0.096841
2025-05-01 03:30,0.115367
2025-05-01 03:45,0.113115
2025-05-01 04:00,0.134239
2025-05-01 04:15,0.210999
2025-05-01 04:30,0.192138
2025-05-01 04:45,0.180805
2025-05-01 05:00,0.212882
2025-05-01 05:15,0.151533
2025-05-01 05:30,0.163148
2025-05-01 05:45,0.527098
2025-05-01 06:00,0.197587
2025-05-01 06:15,0.108911
2025-05-01 06:30,0.219926
2025-05-01 06:45,0.236085
2025-05-01 07:00,0.4241
2025-05-01 07:15,0.482944
2025-05-01 07:30,0.352294
2025-05-01 07:45,0.26277
2025-05-01 08:00,0.13176
2025-05-01 08:15,0.213432
2025-05-01 08:30,0.178697
2025-05-01 08:45,0.163141
2025-05-01 09:00,0.14736
2025-05-01 09:15,0.060378
2025-05-01 09:30,0.362933
2025-05-01 09:45,0.290476
2025-05-01 10:00,0.252918
2025-05-01 10:15,0.094617
2025-05-01 10:30,0.483018
2025-05-01 10:45,0.16884
2025-05-01 11:00,0.661307
2025-05-01 11:15,0.055933
2025-05-01 11:30,0.057296
2025-05-01 11:45,0.038057
2025-05-01 12:00,0.070397
2025-05-01 12:15,0.66644
2025-05-01 12:30,0.079857
2025-05-01 12:45,0.040143
2025-05-01 13:00,0.047966
2025-05-01 13:15,0.054254
2025-05-01 13:30,0.064409
2025-05-01 13:45,0.043521
2025-05-01 14:00,0.027943
2025-05-01 14:15,0.041465
2025-05-01 14:30,0.054037
2025-05-01 14:45,0.036538
2025-05-01 15:00,0.029358
2025-05-01 15:15,0.097814
2025-05-01 15:30,0.102679
2025-05-01 15:45,0.024745
2025-05-01 16:00,0.025509
2025-05-01 16:15,0.021361
2025-05-01 16:30,0.054859
2025-05-01 16:45,0.02169
2025-05-01 17:00,0.02597
2025-05-01 17:15,0.016745
2025-05-01 17:30,0.023701
2025-05-01 17:45,0.023637
2025-05-01 18:00,0.027954
2025-05-01 18:15,0.010979
2025-05-01 18:30,0.007283
2025-05-01 18:45,0.017718
2025-05-01 19:00,0.026074
2025-05-01 19:15,0.020708
2025-05-01 19:30,0.032706
2025-05-01 19:45,0.013468
2025-05-01 20:00,0.030091
2025-05-01 20:15,0.027666
2025-05-01 20:30,0.036022
2025-05-01 20:45,0.024656
2025-05-01 21:00,0.018317
2025-05-01 21:15,0.005847
2025-05-01 21:30,0.010482
2025-05-01 21:45,0.004511
2025-05-01 22:00,0.015041
2025-05-01 22:15,0.007346
2025-05-01 22:30,0.016148
2025-05-01 22:45,0.020387
2025-05-01 23:00,0.037604
2025-05-01 23:15,0.047193
2025-05-01 23:30,0.063445
2025-05-01 23:45,0.073845
2025-05-02 00:00,0.282909
2025-05-02 00:15,0.105702
2025-05-02 00:30,0.179015
2025-05-02 00:45,0.231432
2025-05-02 01:00,0.21925
2025-05-02 01:15,0.230314
2025-05-02 01:30,0.243566
2025-05-02 01:45,0.20622
2025-05-02 02:00,0.202032
2025-05-02 02:15,0.219039
2025-05-02 02:30,0.310221
2025-05-02 02:45,0.103571
2025-05-02 03:00,0.161324
2025-05-02 03:15,0.147575
2025-05-02 03:30,0.154628
2025-05-02 03:45,0.309191
2025-05-02 04:00,0.273516
2025-05-02 04:15,0.468621
2025-05-02 04:30,0.151738
2025-05-02 04:45,0.382455
2025-05-02 05:00,0.195207
2025-05-02 05:15,0.198093
2025-05-02 05:30,0.234091
2025-05-02 05:45,0.26852
2025-05-02 06:00,0.274482
2025-05-02 06:15,0.352806
2025-05-02 06:30,0.238978
2025-05-02 06:45,0.119592
2025-05-02 07:00,0.264238
2025-05-02 07:15,0.909599
2025-05-02 07:30,0.401345
2025-05-02 07:45,0.30112
2025-05-02 08:00,0.226409
2025-05-02 08:15,0.197208
2025-05-02 08:30,0.13205
2025-05-02 08:45,0.32604
2025-05-02 09:00,0.241287
2025-05-02 09:15,0.292775
2025-05-02 09:30,0.219259
2025-05-02 09:45,0.125583
2025-05-02 10:00,0.047864
2025-05-02 10:15,0.074403
2025-05-02 10:30,0.041387
2025-05-02 10:45,0.054694
2025-05-02 11:00,0.051367
2025-05-02 11:15,0.073827
2025-05-02 11:30,0.105153
2025-05-02 11:45,0.063352
2025-05-02 12:00,0.064927
2025-05-02 12:15,0.044728
2025-05-02 12:30,0.067328
2025-05-02 12:45,0.069841
2025-05-02 13:00,0.07983
2025-05-02 13:15,0.017107
2025-05-02 13:30,0.024413
2025-05-02 13:45,0.021133
2025-05-02 14:00,0.029521
2025-05-02 14:15,0.032464
2025-05-02 14:30,0.02759
2025-05-02 14:45,0.023331
2025-05-02 15:00,0.020775
2025-05-02 15:15,0.011342
2025-05-02 15:30,0.009621
2025-05-02 15:45,0.018534
2025-05-02 16:00,0.010117
2025-05-02 16:15,0.009538
2025-05-02 16:30,0.005299
2025-05-02 16:45,0.009022
2025-05-02 17:00,0.011734
2025-05-02 17:15,0.016586
2025-05-02 17:30,0.007302
2025-05-02 17:45,0.034653
2025-05-02 18:00,0.06141
2025-05-02 18:15,0.042898
2025-05-02 18:30,0.015837
2025-05-02 18:45,0.008074
2025-05-02 19:00,0.005669
2025-05-02 19:15,0.007062
2025-05-02 19:30,0.01842
2025-05-02 19:45,0.011377
2025-05-02 20:00,0.011381
2025-05-02 20:15,0.007567
2025-05-02 20:30,0.02226
2025-05-02 20:45,0.027573
2025-05-02 21:00,0.034397
2025-05-02 21:15,0.013339
2025-05-02 21:30,0.013973
2025-05-02 21:45,0.040504
2025-05-02 22:00,0.031781
2025-05-02 22:15,0.015032
2025-05-02 22:30,0.01538
2025-05-02 22:45,0.005198
2025-05-02 23:00,0.003971
2025-05-02 23:15,0.009834
2025-05-02 23:30,0.006933
2025-05-02 23:45,0.020358
2025-05-03 00:00,0.007252
2025-05-03 00:15,0.003907
2025-05-03 00:30,0.04549
2025-05-03 00:45,0.072411
2025-05-03 01:00,0.020904
2025-05-03 01:15,0.056442
2025-05-03 01:30,0.034783
2025-05-03 01:45,0.029192
2025-05-03 02:00,0.050493
2025-05-03 02:15,0.074195
2025-05-03 02:30,0.025928
2025-05-03 02:45,0.053317
2025-05-03 03:00,0.06794
2025-05-03 03:15,0.054169
2025-05-03 03:30,0.074395
2025-05-03 03:45,0.015996
2025-05-03 04:00,0.067159
2025-05-03 04:15,0.024178
2025-05-03 04:30,0.047451
2025-05-03 04:45,0.063473
2025-05-03 05:00,0.025656
2025-05-03 05:15,0.104323
2025-05-03 05:30,0.080101
2025-05-03 05:45,0.119928
2025-05-03 06:00,0.039925
2025-05-03 06:15,0.020809
2025-05-03 06:30,0.041217
2025-05-03 06:45,0.078772
2025-05-03 07:00,0.049961
2025-05-03 07:15,0.043492
2025-05-03 07:30,0.01645
2025-05-03 07:45,0.035891
2025-05-03 08:00,0.077527
2025-05-03 08:15,0.045614
2025-05-03 08:30,0.046568
2025-05-03 08:45,0.068072
2025-05-03 09:00,0.060468
2025-05-03 09:15,0.049074
2025-05-03 09:30,0.075299
2025-05-03 09:45,0.05222
2025-05-03 10:00,0.048807
2025-05-03 10:15,0.06349
2025-05-03 10:30,0.052696
2025-05-03 10:45,0.018549
2025-05-03 11:00,0.024424
2025-05-03 11:15,0.031947
2025-05-03 11:30,0.044076
2025-05-03 11:45,0.034928
2025-05-03 12:00,0.063178
2025-05-03 12:15,0.036965
2025-05-03 12:30,0.037436
2025-05-03 12:45,0.044371
2025-05-03 13:00,0.038442
2025-05-03 13:15,0.039136
2025-05-03 13:30,0.024817
2025-05-03 13:45,0.032654
2025-05-03 14:00,0.112498
2025-05-03 14:15,0.023619
2025-05-03 14:30,0.051618
2025-05-03 14:45,0.023243
2025-05-03 15:00,0.016528
2025-05-03 15:15,0.074014
2025-05-03 15:30,0.041532
2025-05-03 15:45,0.028337
2025-05-03 16:00,0.014472
2025-05-03 16:15,0.035763
2025-05-03 16:30,0.009536
2025-05-03 16:45,0.012693
2025-05-03 17:00,0.015002
2025-05-03 17:15,0.014504
2025-05-03 17:30,0.019895
2025-05-03 17:45,0.005831
2025-05-03 18:00,0.024448
2025-05-03 18:15,0.014979
2025-05-03 18:30,0.009067
2025-05-03 18:45,0.000458
2025-05-03 19:00,0.009264
2025-05-03 19:15,0.007731
2025-05-03 19:30,0.006411
2025-05-03 19:45,0.002688
2025-05-03 20:00,0.003058
2025-05-03 20:15,0.005511
2025-05-03 20:30,0.003149
2025-05-03 20:45,0.007625
2025-05-03 21:00,0.005778
2025-05-03 21:15,0.016319
2025-05-03 21:30,0.008874
2025-05-03 21:45,0.001571
2025-05-03 22:00,0.013029
2025-05-03 22:15,0.006204
2025-05-03 22:30,0.009461
2025-05-03 22:45,0.008588
2025-05-03 23:00,0.00995
2025-05-03 23:15,0.007558
2025-05-03 23:30,0.024482
2025-05-03 23:45,0.137373
2025-05-04 00:00,0.08882
2025-05-04 00:15,0.020642
2025-05-04 00:30,0.041483
2025-05-04 00:45,0.05027
2025-05-04 01:00,0.018337
2025-05-04 01:15,0.04597
2025-05-04 01:30,0.021727
2025-05-04 01:45,0.057143
2025-05-04 02:00,0.421664
2025-05-04 02:15,0.15054
2025-05-04 02:30,0.06613
2025-05-04 02:45,0.108633
2025-05-04 03:00,0.023162
2025-05-04 03:15,0.03101
2025-05-04 03:30,0.030741
2025-05-04 03:45,0.03171
2025-05-04 04:00,0.016714
2025-05-04 04:15,0.027629
2025-05-04 04:30,0.049866
2025-05-04 04:45,0.083853
2025-05-04 05:00,0.051801
2025-05-04 05:15,0.180846
2025-05-04 05:30,0.113662
2025-05-04 05:45,0.060374
2025-05-04 06:00,0.127298
2025-05-04 06:15,0.272496
2025-05-04 06:30,0.149799
2025-05-04 06:45,0.114761
2025-05-04 07:00,0.093289
2025-05-04 07:15,0.101584
2025-05-04 07:30,0.043027
2025-05-04 07:45,0.042093
2025-05-04 08:00,0.042547
2025-05-04 08:15,0.034683
2025-05-04 08:30,0.039988
2025-05-04 08:45,0.010673
2025-05-04 09:00,0.087657
2025-05-04 09:15,0.096985
2025-05-04 09:30,0.070842
2025-05-04 09:45,0.060548
2025-05-04 10:00,0.071477
2025-05-04 10:15,0.037603
2025-05-04 10:30,0.1352
2025-05-04 10:45,0.024621
2025-05-04 11:00,0.042097
2025-05-04 11:15,0.054826
2025-05-04 11:30,0.059555
2025-05-04 11:45,0.021708
2025-05-04 12:00,0.019251
2025-05-04 12:15,0.013199
2025-05-04 12:30,0.018806
2025-05-04 12:45,0.086805
2025-05-04 13:00,0.033187
2025-05-04 13:15,0.037736
2025-05-04 13:30,0.055244
2025-05-04 13:45,0.032637
2025-05-04 14:00,0.047149
2025-05-04 14:15,0.020333
2025-05-04 14:30,0.055787
2025-05-04 14:45,0.042926
2025-05-04 15:00,0.036986
2025-05-04 15:15,0.0269
2025-05-04 15:30,0.021867
2025-05-04 15:45,0.020494
2025-05-04 16:00,0.017764
2025-05-04 16:15,0.004997
2025-05-04 16:30,0.011102
2025-05-04 16:45,0.018836
2025-05-04 17:00,0.015905
2025-05-04 17:15,0.008495
2025-05-04 17:30,0.026768
2025-05-04 17:45,0.009495
2025-05-04 18:00,0.023253
2025-05-04 18:15,0.010628
2025-05-04 18:30,0.006156
2025-05-04 18:45,0.004291
2025-05-04 19:00,0.026797
2025-05-04 19:15,0.007133
2025-05-04 19:30,0.006517
2025-05-04 19:45,0.002895
2025-05-04 20:00,0.00629
2025-05-04 20:15,0.029403
2025-05-04 20:30,0.044279
2025-05-04 20:45,0.040459
2025-05-04 21:00,0.018567
2025-05-04 21:15,0.008305
2025-05-04 21:30,0.007033
2025-05-04 21:45,0.034726
2025-05-04 22:00,0.001326
2025-05-04 22:15,0.012251
2025-05-04 22:30,0.0161
2025-05-04 22:45,0.007268
2025-05-04 23:00,0.008701
2025-05-04 23:15,0.003726
2025-05-04 23:30,0.00918
2025-05-04 23:45,0.20218
2025-05-05 00:00,0.243583
2025-05-05 00:15,0.065363
2025-05-05 00:30,0.029559
2025-05-05 00:45,0.049099
2025-05-05 01:00,0.046849
2025-05-05 01:15,0.027474
2025-05-05 01:30,0.017361
2025-05-05 01:45,0.042556
2025-05-05 02:00,0.036575
2025-05-05 02:15,0.028619
2025-05-05 02:30,0.023584
2025-05-05 02:45,0.019001
2025-05-05 03:00,0.024608
2025-05-05 03:15,0.008373
2025-05-05 03:30,0.028707
2025-05-05 03:45,0.090763
2025-05-05 04:00,0.144575
2025-05-05 04:15,0.336965
2025-05-05 04:30,0.102974
2025-05-05 04:45,0.04606
2025-05-05 05:00,0.262056
2025-05-05 05:15,0.763922
2025-05-05 05:30,0.094095
2025-05-05 05:45,0.058357
2025-05-05 06:00,0.032441
2025-05-05 06:15,0.064675
2025-05-05 06:30,0.063065
2025-05-05 06:45,0.067111
2025-05-05 07:00,0.034134
2025-05-05 07:15,0.109742
2025-05-05 07:30,0.24809
2025-05-05 07:45,0.054951
2025-05-05 08:00,0.048734
2025-05-05 08:15,0.046398
2025-05-05 08:30,0.053833
2025-05-05 08:45,0.102682
2025-05-05 09:00,0.475305
2025-05-05 09:15,0.081797
2025-05-05 09:30,0.102715
2025-05-05 09:45,0.145648
2025-05-05 10:00,0.031144
2025-05-05 10:15,0.036323
2025-05-05 10:30,0.032223
2025-05-05 10:45,0.049938
2025-05-05 11:00,0.043258
2025-05-05 11:15,0.033599
2025-05-05 11:30,0.059301
2025-05-05 11:45,0.153258
2025-05-05 12:00,0.071973
2025-05-05 12:15,0.04548
2025-05-05 12:30,0.051032
2025-05-05 12:45,0.039149
2025-05-05 13:00,0.037339
2025-05-05 13:15,0.196749
2025-05-05 13:30,0.102574
2025-05-05 13:45,0.078731
2025-05-05 14:00,0.03348
2025-05-05 14:15,0.020704
2025-05-05 14:30,0.05183
2025-05-05 14:45,0.027135
2025-05-05 15:00,0.043947
2025-05-05 15:15,0.014141
2025-05-05 15:30,0.018963
2025-05-05 15:45,0.04888
2025-05-05 16:00,0.045942
2025-05-05 16:15,0.008402
2025-05-05 16:30,0.013301
2025-05-05 16:45,0.017383
2025-05-05 17:00,0.026755
2025-05-05 17:15,0.051176
2025-05-05 17:30,0.037383
2025-05-05 17:45,0.013207
2025-05-05 18:00,0.021132
2025-05-05 18:15,0.01596
2025-05-05 18:30,0.03318
2025-05-05 18:45,0.00612
2025-05-05 19:00,0.00793
2025-05-05 19:15,0.010966
2025-05-05 19:30,0.007088
2025-05-05 19:45,0.021041
2025-05-05 20:00,0.005398
2025-05-05 20:15,0.011152
2025-05-05 20:30,0.030269
2025-05-05 20:45,0.016067
2025-05-05 21:00,0.020152
2025-05-05 21:15,0.016296
2025-05-05 21:30,0.01932
2025-05-05 21:45,0.019565
2025-05-05 22:00,0.028005
2025-05-05 22:15,0.02775
2025-05-05 22:30,0.056504
2025-05-05 22:45,0.023737
2025-05-05 23:00,0.038664
2025-05-05 23:15,0.025915
2025-05-05 23:30,0.034388
2025-05-05 23:45,0.170687
2025-05-06 00:00,0.074037
2025-05-06 00:15,0.087239
2025-05-06 00:30,0.060268
2025-05-06 00:45,0.054959
2025-05-06 01:00,0.047335
2025-05-06 01:15,0.039874
2025-05-06 01:30,0.043647
2025-05-06 01:45,0.044116
2025-05-06 02:00,0.110611
2025-05-06 02:15,0.034369
2025-05-06 02:30,0.076837
2025-05-06 02:45,0.072101
2025-05-06 03:00,0.037222
2025-05-06 03:15,0.103605
2025-05-06 03:30,0.060855
2025-05-06 03:45,0.058096
2025-05-06 04:00,0.13173
2025-05-06 04:15,0.042843
2025-05-06 04:30,0.114516
2025-05-06 04:45,0.103929
2025-05-06 05:00,0.116712
2025-05-06 05:15,0.098781
2025-05-06 05:30,0.105626
2025-05-06 05:45,0.063245
2025-05-06 06:00,0.076534
2025-05-06 06:15,0.090226
2025-05-06 06:30,0.121614
2025-05-06 06:45,0.101249
2025-05-06 07:00,0.08543
2025-05-06 07:15,0.076326
2025-05-06 07:30,0.39831
2025-05-06 07:45,0.082736
2025-05-06 08:00,0.356266
2025-05-06 08:15,0.150867
2025-05-06 08:30,0.33292
2025-05-06 08:45,0.116435
2025-05-06 09:00,0.089578
2025-05-06 09:15,0.101501
2025-05-06 09:30,0.354596
2025-05-06 09:45,0.159422
2025-05-06 10:00,0.108477
2025-05-06 10:15,0.162686
2025-05-06 10:30,0.397762
2025-05-06 10:45,0.057292
2025-05-06 11:00,0.091445
2025-05-06 11:15,0.105224
2025-05-06 11:30,0.725519
2025-05-06 11:45,0.07284
2025-05-06 12:00,0.07197
2025-05-06 12:15,0.09268
2025-05-06 12:30,0.063932
2025-05-06 12:45,0.095608
2025-05-06 13:00,0.066894
2025-05-06 13:15,0.053187
2025-05-06 13:30,0.052893
2025-05-06 13:45,0.11598
2025-05-06 14:00,0.047743
2025-05-06 14:15,0.232697
2025-05-06 14:30,0.077708
2025-05-06 14:45,0.103805
2025-05-06 15:00,0.045519
2025-05-06 15:15,0.104531
2025-05-06 15:30,0.051405
2025-05-06 15:45,0.049606
2025-05-06 16:00,0.045819
2025-05-06 16:15,0.046253
2025-05-06 16:30,0.042071
2025-05-06 16:45,0.052409
2025-05-06 17:00,0.022639
2025-05-06 17:15,0.018023
2025-05-06 17:30,0.020059
2025-05-06 17:45,0.031942
2025-05-06 18:00,0.066652
2025-05-06 18:15,0.046048
2025-05-06 18:30,0.019247
2025-05-06 18:45,0.022424
2025-05-06 19:00,0.015436
2025-05-06 19:15,0.008533
2025-05-06 19:30,0.019408
2025-05-06 19:45,0.004485
2025-05-06 20:00,0.005775
2025-05-06 20:15,0.012671
2025-05-06 20:30,0.010528
2025-05-06 20:45,0.02056
2025-05-06 21:00,0.011683
2025-05-06 21:15,0.011578
2025-05-06 21:30,0.010401
2025-05-06 21:45,0.016768
2025-05-06 22:00,0.009195
2025-05-06 22:15,0.025621
2025-05-06 22:30,0.070027
2025-05-06 22:45,0.234229
2025-05-06 23:00,0.019906
2025-05-06 23:15,0.043963
2025-05-06 23:30,0.060261
2025-05-06 23:45,0.199458
2025-05-07 00:00,0.199365
2025-05-07 00:00,0.056673
2025-05-07 00:15,0.136161
2025-05-07 00:30,0.062712
2025-05-07 00:45,0.08254
2025-05-07 01:00,0.092885
2025-05-07 01:15,0.072598
2025-05-07 01:30,0.073507
2025-05-07 01:45,0.102178
2025-05-07 02:00,0.094423
2025-05-07 02:15,0.095214
2025-05-07 02:30,0.133212
2025-05-07 02:45,0.072523
2025-05-07 03:00,0.051222
2025-05-07 03:15,0.072966
2025-05-07 03:30,0.051976
2025-05-07 03:45,0.064693
2025-05-07 04:00,0.052315
2025-05-07 04:15,0.080101
2025-05-07 04:30,0.092859
2025-05-07 04:45,0.093537
2025-05-07 05:00,0.225373
2025-05-07 05:15,0.206637
2025-05-07 05:30,0.063621
2025-05-07 05:45,0.073821
2025-05-07 06:00,0.056423
2025-05-07 06:15,0.052941
2025-05-07 06:30,0.070296
2025-05-07 06:45,0.134246
2025-05-07 07:00,0.113907
2025-05-07 07:15,0.073136
2025-05-07 07:30,0.091808
2025-05-07 07:45,0.062279
2025-05-07 08:00,0.119892
2025-05-07 08:15,0.054135
2025-05-07 08:30,0.082636
2025-05-07 08:45,0.061437
2025-05-07 09:00,0.078728
2025-05-07 09:15,0.057473
2025-05-07 09:30,0.040692
2025-05-07 09:45,0.044284
2025-05-07 10:00,0.055764
2025-05-07 10:15,0.053635
2025-05-07 10:30,0.046327
2025-05-07 10:45,0.025679
2025-05-07 11:00,0.021904
2025-05-07 11:15,0.027392
2025-05-07 11:30,0.02096
2025-05-07 11:45,0.027461
2025-05-07 12:00,0.034127
2025-05-07 12:15,0.131734
2025-05-07 12:30,0.169499
2025-05-07 12:45,0.139966
2025-05-07 13:00,0.044853
2025-05-07 13:15,0.01537
2025-05-07 13:30,0.014162
2025-05-07 13:45,0.015557
2025-05-07 14:00,0.025163
2025-05-07 14:15,0.007255
2025-05-07 14:30,0.011926
2025-05-07 14:45,0.012368
2025-05-07 15:00,0.016285
2025-05-07 15:15,0.010363
2025-05-07 15:30,0.014822
2025-05-07 15:45,0.007298
2025-05-07 16:00,0.007921
2025-05-07 16:15,0.004372
2025-05-07 16:30,0.012335
2025-05-07 16:45,0.078704
2025-05-07 17:00,0.019923
2025-05-07 17:15,0.030091
2025-05-07 17:30,0.019208
2025-05-07 17:45,0.006493
2025-05-07 18:00,0.006939
2025-05-07 18:15,0.018057
2025-05-07 18:30,0.005416
2025-05-07 18:45,0.013157
2025-05-07 19:00,0.030752
2025-05-07 19:15,0.019967
2025-05-07 19:30,0.005915
2025-05-07 19:45,0.00828
2025-05-07 20:00,0.013734
2025-05-07 20:15,0.006246
2025-05-07 20:30,0.001986
2025-05-07 20:45,0.006466
2025-05-07 21:00,0.00899
2025-05-07 21:15,0.006233
2025-05-07 21:30,0.002848
2025-05-07 21:45,0.003915
2025-05-07 22:00,0.015008
2025-05-07 22:15,0.000905
2025-05-07 22:30,0.01417
2025-05-07 22:45,0.023017
2025-05-07 23:00,0.005724
2025-05-07 23:15,0.014796
2025-05-07 23:30,0.018694
2025-05-07 23:45,0.049147
2025-05-08 00:00,0.045534
2025-05-08 00:15,0.067024
2025-05-08 00:30,0.062522
2025-05-08 00:45,0.12982
2025-05-08 01:00,0.151386
2025-05-08 01:15,0.187931
2025-05-08 01:30,0.050506
2025-05-08 01:45,0.090144
2025-05-08 02:00,0.103197
2025-05-08 02:15,0.111997
2025-05-08 02:30,0.131066
2025-05-08 02:45,0.055891
2025-05-08 03:00,0.05199
2025-05-08 03:15,0.06447
2025-05-08 03:30,0.0485
2025-05-08 03:45,0.097797
2025-05-08 04:00,0.114388
2025-05-08 04:15,0.070284
2025-05-08 04:30,0.075741
2025-05-08 04:45,0.097345
2025-05-08 05:00,0.159514
2025-05-08 05:15,0.214552
2025-05-08 05:30,0.063028
2025-05-08 05:45,0.082849
2025-05-08 06:00,0.078229
2025-05-08 06:15,0.156156
2025-05-08 06:30,0.140655
2025-05-08 06:45,0.159668
2025-05-08 07:00,0.121289
2025-05-08 07:15,0.119204
2025-05-08 07:30,0.108874
2025-05-08 07:45,0.047842
2025-05-08 08:00,0.064053
2025-05-08 08:15,0.083206
2025-05-08 08:30,0.059115
2025-05-08 08:45,0.056248
2025-05-08 09:00,0.046304
2025-05-08 09:15,0.050605
2025-05-08 09:30,0.056724
2025-05-08 09:45,0.028402
2025-05-08 10:00,0.049685
2025-05-08 10:15,0.085452
2025-05-08 10:30,0.055
2025-05-08 10:45,0.029299
2025-05-08 11:00,0.088755
2025-05-08 11:15,0.031186
2025-05-08 11:30,0.020798
2025-05-08 11:45,0.044578
2025-05-08 12:00,0.085575
2025-05-08 12:15,0.03478
2025-05-08 12:30,0.021959
2025-05-08 12:45,0.018806
2025-05-08 13:00,0.154858
2025-05-08 13:15,0.011957
2025-05-08 13:30,0.216978
2025-05-08 13:45,0.145071
2025-05-08 14:00,1.0
2025-05-08 14:15,0.666847
2025-05-08 14:30,0.104045
2025-05-08 14:45,0.636086
2025-05-08 15:00,0.536905
2025-05-08 15:15,0.024387
2025-05-08 15:30,0.015142
2025-05-08 15:45,0.035141
2025-05-08 16:00,0.009879
2025-05-08 16:15,0.011874
2025-05-08 16:30,0.011937
2025-05-08 16:45,0.003438
2025-05-08 17:00,0.004462
2025-05-08 17:15,0.053729
2025-05-08 17:30,0.013345
2025-05-08 17:45,0.006362
2025-05-08 18:00,0.225721
2025-05-08 18:15,0.004176
2025-05-08 18:30,0.004843
2025-05-08 18:45,0.010666
2025-05-08 19:00,0.009368
2025-05-08 19:15,0.006718
2025-05-08 19:30,0.010233
2025-05-08 19:45,0.004514
2025-05-08 20:00,0.007791
2025-05-08 20:15,0.00386
2025-05-08 20:30,0.010007
2025-05-08 20:45,0.078645
2025-05-08 21:00,0.01025
2025-05-08 21:15,0.000651
2025-05-08 21:30,0.004829
2025-05-08 21:45,0.011164
2025-05-08 22:00,0.002397
2025-05-08 22:15,0.00424
2025-05-08 22:30,0.006796
2025-05-08 22:45,0.006927
2025-05-08 23:00,0.010213
2025-05-08 23:15,0.045045
2025-05-08 23:30,0.011885
2025-05-08 23:45,0.037475
2025-05-09 00:00,0.032207
2025-05-09 00:15,0.047141
2025-05-09 00:30,0.046093
2025-05-09 00:45,0.04612
2025-05-09 01:00,0.069008
2025-05-09 01:15,0.068693
2025-05-09 01:30,0.077676
2025-05-09 01:45,0.112471
2025-05-09 02:00,0.10138
2025-05-09 02:15,0.139565
2025-05-09 02:30,0.063359
2025-05-09 02:45,0.040477
2025-05-09 03:00,0.039018
2025-05-09 03:15,0.055885
2025-05-09 03:30,0.033369
2025-05-09 03:45,0.028355
2025-05-09 04:00,0.050585
2025-05-09 04:15,0.056883
2025-05-09 04:30,0.069495
2025-05-09 04:45,0.13934
2025-05-09 05:00,0.311477
2025-05-09 05:15,0.081029
2025-05-09 05:30,0.05253
2025-05-09 05:45,0.163777
2025-05-09 06:00,0.057149
2025-05-09 06:15,0.079266
2025-05-09 06:30,0.0539
2025-05-09 06:45,0.05964
2025-05-09 07:00,0.066034
2025-05-09 07:15,0.050316
2025-05-09 07:30,0.055459
2025-05-09 07:45,0.058653
2025-05-09 08:00,0.053926
2025-05-09 08:15,0.110306
2025-05-09 08:30,0.051519
2025-05-09 08:45,0.050808
2025-05-09 09:00,0.107166
2025-05-09 09:15,0.142798
2025-05-09 09:30,0.057219
2025-05-09 09:45,0.046088
2025-05-09 10:00,0.025237
2025-05-09 10:15,0.01696
2025-05-09 10:30,0.042326
2025-05-09 10:45,0.024199
2025-05-09 11:00,0.0509
2025-05-09 11:15,0.031805
2025-05-09 11:30,0.02794
2025-05-09 11:45,0.015849
2025-05-09 12:00,0.012076
2025-05-09 12:15,0.006786
2025-05-09 12:30,0.018499
2025-05-09 12:45,0.01745
2025-05-09 13:00,0.007903
2025-05-09 13:15,0.01163
2025-05-09 13:30,0.015862
2025-05-09 13:45,0.017698
2025-05-09 14:00,0.011479
2025-05-09 14:15,0.005639
2025-05-09 14:30,0.160766
2025-05-09 14:45,0.163358
2025-05-09 15:00,0.110062
2025-05-09 15:15,0.230904
2025-05-09 15:30,0.510063
2025-05-09 15:45,0.388382
2025-05-09 16:00,0.005955
2025-05-09 16:15,0.008379
2025-05-09 16:30,0.002917
2025-05-09 16:45,0.007376
2025-05-09 17:00,0.003598
2025-05-09 17:15,0.001663
2025-05-09 17:30,0.004158
2025-05-09 17:45,0.003072
2025-05-09 18:00,0.010642
2025-05-09 18:15,0.003838
2025-05-09 18:30,0.001762
2025-05-09 18:45,0.003591
2025-05-09 19:00,0.005797
2025-05-09 19:15,0.001639
2025-05-09 19:30,0.008884
2025-05-09 19:45,0.005399
2025-05-09 20:00,0.004737
2025-05-09 20:15,0.003978
2025-05-09 20:30,0.00425
2025-05-09 20:45,0.002279
2025-05-09 21:00,0.0016
2025-05-09 21:15,0.002719
2025-05-09 21:30,0.002755
2025-05-09 21:45,0.000724
2025-05-09 22:00,0.00104
2025-05-09 22:15,0.007302
2025-05-09 22:30,0.004909
2025-05-09 22:45,0.002959
2025-05-09 23:00,0.015234
2025-05-09 23:15,0.009789
2025-05-09 23:30,0.012012
2025-05-09 23:45,0.001988
2025-05-10 00:00,0.001553
2025-05-10 00:15,0.005007
2025-05-10 00:30,0.014214
2025-05-10 00:45,0.009895
2025-05-10 01:00,0.005115
2025-05-10 01:15,0.008941
2025-05-10 01:30,0.016641
2025-05-10 01:45,0.002833
2025-05-10 02:00,0.002262
2025-05-10 02:15,0.0056
2025-05-10 02:30,0.004667
2025-05-10 02:45,0.005073
2025-05-10 03:00,0.021991
2025-05-10 03:15,0.031811
2025-05-10 03:30,0.011663
2025-05-10 03:45,0.018931
2025-05-10 04:00,0.135147
2025-05-10 04:15,0.008759
2025-05-10 04:30,0.013839
2025-05-10 04:45,0.01371
2025-05-10 05:00,0.024222
2025-05-10 05:15,0.020165
2025-05-10 05:30,0.039722
2025-05-10 05:45,0.04246
2025-05-10 06:00,0.019936
2025-05-10 06:15,0.017994
2025-05-10 06:30,0.045577
2025-05-10 06:45,0.015296
2025-05-10 07:00,0.020558
2025-05-10 07:15,0.021886
2025-05-10 07:30,0.015524
2025-05-10 07:45,0.022049
2025-05-10 08:00,0.004356
2025-05-10 08:15,0.03633
2025-05-10 08:30,0.007503
2025-05-10 08:45,0.010479
2025-05-10 09:00,0.014807
2025-05-10 09:15,0.041676
2025-05-10 09:30,0.032896
2025-05-10 09:45,0.026995
2025-05-10 10:00,0.007315
2025-05-10 10:15,0.009043
2025-05-10 10:30,0.007843
2025-05-10 10:45,0.00965
2025-05-10 11:00,0.035041
2025-05-10 11:15,0.035038
2025-05-10 11:30,0.024761
2025-05-10 11:45,0.013915
2025-05-10 12:00,0.015285
2025-05-10 12:15,0.013331
2025-05-10 12:30,0.014914
2025-05-10 12:45,0.010369
2025-05-10 13:00,0.01614
2025-05-10 13:15,0.025677
2025-05-10 13:30,0.021794
2025-05-10 13:45,0.0201
2025-05-10 14:00,0.006019
2025-05-10 14:15,0.00785
2025-05-10 14:30,0.014009
2025-05-10 14:45,0.018357
2025-05-10 15:00,0.021194
2025-05-10 15:15,0.004506
2025-05-10 15:30,0.17302
2025-05-10 15:45,0.45636
2025-05-10 16:00,0.068547
2025-05-10 16:15,0.018063
2025-05-10 16:30,0.252099
2025-05-10 16:45,0.304445
2025-05-10 17:00,0.06934
2025-05-10 17:15,0.002462
2025-05-10 17:30,0.003785
2025-05-10 17:45,0.11109
2025-05-10 18:00,0.012053
2025-05-10 18:15,0.016904
2025-05-10 18:30,0.002316
2025-05-10 18:45,0.002667
2025-05-10 19:00,0.001618
2025-05-10 19:15,0.001738
2025-05-10 19:30,0.00467
2025-05-10 19:45,0.002556
2025-05-10 20:00,0.005101
2025-05-10 20:15,0.004031
2025-05-10 20:30,0.003062
2025-05-10 20:45,0.0029
2025-05-10 21:00,0.001932
2025-05-10 21:15,0.003211
2025-05-10 21:30,0.003145
2025-05-10 21:45,0.046933
2025-05-10 22:00,0.002985
2025-05-10 22:15,0.003186
2025-05-10 22:30,0.004644
2025-05-10 22:45,0.002226
2025-05-10 23:00,0.001714
2025-05-10 23:15,0.002136
2025-05-10 23:30,0.002095
2025-05-10 23:45,0.003244
2025-05-11 00:00,0.005428
2025-05-11 00:15,0.006363
2025-05-11 00:30,0.010153
2025-05-11 00:45,0.012229
2025-05-11 01:00,0.011212
2025-05-11 01:15,0.011451
2025-05-11 01:30,0.006325
2025-05-11 01:45,0.006122
2025-05-11 02:00,0.006399
2025-05-11 02:15,0.007142
2025-05-11 02:30,0.013201
2025-05-11 02:45,0.004628
2025-05-11 03:00,0.012169
2025-05-11 03:15,0.0156
2025-05-11 03:30,0.010783
2025-05-11 03:45,0.012649
2025-05-11 04:00,0.01933
2025-05-11 04:15,0.011834
2025-05-11 04:30,0.020423
2025-05-11 04:45,0.009469
2025-05-11 05:00,0.018269
2025-05-11 05:15,0.027229
2025-05-11 05:30,0.014292
2025-05-11 05:45,0.013869
2025-05-11 06:00,0.015555
2025-05-11 06:15,0.013251
2025-05-11 06:30,0.019112
2025-05-11 06:45,0.018913
2025-05-11 07:00,0.067456
2025-05-11 07:15,0.013855
2025-05-11 07:30,0.023143
2025-05-11 07:45,0.02406
2025-05-11 08:00,0.027233
2025-05-11 08:15,0.025931
2025-05-11 08:30,0.08494
2025-05-11 08:45,0.029701
2025-05-11 09:00,0.050973
2025-05-11 09:15,0.038185
2025-05-11 09:30,0.03338
2025-05-11 09:45,0.02594
2025-05-11 10:00,0.049877
2025-05-11 10:15,0.047903
2025-05-11 10:30,0.046769
2025-05-11 10:45,0.025039
2025-05-11 11:00,0.035891
2025-05-11 11:15,0.021592
2025-05-11 11:30,0.0202
2025-05-11 11:45,0.032948
2025-05-11 12:00,0.007978
2025-05-11 12:15,0.013066
2025-05-11 12:30,0.014988
2025-05-11 12:45,0.022508
2025-05-11 13:00,0.025252
2025-05-11 13:15,0.015587
2025-05-11 13:30,0.025641
2025-05-11 13:45,0.02242
2025-05-11 14:00,0.022967
2025-05-11 14:15,0.022142
2025-05-11 14:30,0.01962
2025-05-11 14:45,0.008304
2025-05-11 15:00,0.012015
2025-05-11 15:15,0.009097
2025-05-11 15:30,0.023821
2025-05-11 15:45,0.050107
2025-05-11 16:00,0.013583
2025-05-11 16:15,0.014792
2025-05-11 16:30,0.014185
2025-05-11 16:45,0.005675
2025-05-11 17:00,0.008431
2025-05-11 17:15,0.011703
2025-05-11 17:30,0.0056
2025-05-11 17:45,0.212593
2025-05-11 18:00,0.019634
2025-05-11 18:15,0.025128
2025-05-11 18:30,0.007901
2025-05-11 18:45,0.008129
2025-05-11 19:00,0.022914
2025-05-11 19:15,0.036258
2025-05-11 19:30,0.014322
2025-05-11 19:45,0.009094
2025-05-11 20:00,0.002178
2025-05-11 20:15,0.010153
2025-05-11 20:30,0.014152
2025-05-11 20:45,0.00673
2025-05-11 21:00,0.004146
2025-05-11 21:15,0.005456
2025-05-11 21:30,0.006543
2025-05-11 21:45,0.012263
2025-05-11 22:00,0.003247
2025-05-11 22:15,0.002433
2025-05-11 22:30,0.003105
2025-05-11 22:45,0.008228
2025-05-11 23:00,0.008059
2025-05-11 23:15,0.012501
2025-05-11 23:30,0.012277
2025-05-11 23:45,0.031369
2025-05-12 00:00,0.054846
2025-05-12 00:15,0.069203
2025-05-12 00:30,0.057411
2025-05-12 00:45,0.091712
2025-05-12 01:00,0.054584
2025-05-12 01:15,0.103666
2025-05-12 01:30,0.065554
2025-05-12 01:45,0.070217
2025-05-12 02:00,0.059161
2025-05-12 02:15,0.058413
2025-05-12 02:30,0.06395
2025-05-12 02:45,0.070103
2025-05-12 03:00,0.041426
2025-05-12 03:15,0.027161
2025-05-12 03:30,0.032607
2025-05-12 03:45,0.04199
2025-05-12 04:00,0.076011
2025-05-12 04:15,0.07155
2025-05-12 04:30,0.07476
2025-05-12 04:45,0.078361
2025-05-12 05:00,0.155597
2025-05-12 05:15,0.116704
2025-05-12 05:30,0.055846
2025-05-12 05:45,0.085831
2025-05-12 06:00,0.069802
2025-05-12 06:15,0.090484
2025-05-12 06:30,0.070672
2025-05-12 06:45,0.172935
2025-05-12 07:00,0.103396
2025-05-12 07:15,0.092772
2025-05-12 07:30,0.073756
2025-05-12 07:45,0.07329
2025-05-12 08:00,0.057212
2025-05-12 08:15,0.048969
2025-05-12 08:30,0.058406
2025-05-12 08:45,0.036063
2025-05-12 09:00,0.046005
2025-05-12 09:15,0.057439
2025-05-12 09:30,0.049875
2025-05-12 09:45,0.123913
2025-05-12 10:00,0.077512
2025-05-12 10:15,0.240553
2025-05-12 10:30,0.129677
2025-05-12 10:45,0.05334
2025-05-12 11:00,0.031664
2025-05-12 11:15,0.031255
2025-05-12 11:30,0.038398
2025-05-12 11:45,0.036217
2025-05-12 12:00,0.034128
2025-05-12 12:15,0.034118
2025-05-12 12:30,0.036885
2025-05-12 12:45,0.033464
2025-05-12 13:00,0.293316
2025-05-12 13:15,0.288984
2025-05-12 13:30,0.069015
2025-05-12 13:45,0.037021
2025-05-12 14:00,0.022023
2025-05-12 14:15,0.011547
2025-05-12 14:30,0.015568
2025-05-12 14:45,0.012234
2025-05-12 15:00,0.034915
2025-05-12 15:15,0.017004
2025-05-12 15:30,0.013979
2025-05-12 15:45,0.014236
2025-05-12 16:00,0.015541
2025-05-12 16:15,0.008495
2025-05-12 16:30,0.010994
2025-05-12 16:45,0.011199
2025-05-12 17:00,0.005629
2025-05-12 17:15,0.005502
2025-05-12 17:30,0.018562
2025-05-12 17:45,0.005505
2025-05-12 18:00,0.011128
2025-05-12 18:15,0.009822
2025-05-12 18:30,0.005395
2025-05-12 18:45,0.002783
2025-05-12 19:00,0.003334
2025-05-12 19:15,0.002256
2025-05-12 19:30,0.00461
2025-05-12 19:45,0.004139
2025-05-12 20:00,0.005255
2025-05-12 20:15,0.004008
2025-05-12 20:30,0.008449
2025-05-12 20:45,0.005727
2025-05-12 21:00,0.001602
2025-05-12 21:15,0.00575
2025-05-12 21:30,0.002766
2025-05-12 21:45,0.001465
2025-05-12 22:00,0.006446
2025-05-12 22:15,0.004689
2025-05-12 22:30,0.013739
2025-05-12 22:45,0.018759
2025-05-12 23:00,0.030588
2025-05-12 23:15,0.020803
2025-05-12 23:30,0.027249
2025-05-12 23:45,0.054586
2025-05-13 00:00,0.08329
2025-05-13 00:15,0.077568
2025-05-13 00:30,0.07974
2025-05-13 00:45,0.054129
2025-05-13 01:00,0.119476
2025-05-13 01:15,0.085218
2025-05-13 01:30,0.055911
2025-05-13 01:45,0.060065
2025-05-13 02:00,0.130625
2025-05-13 02:15,0.09138
2025-05-13 02:30,0.063159
2025-05-13 02:45,0.047357
2025-05-13 03:00,0.059385
2025-05-13 03:15,0.068051
2025-05-13 03:30,0.050128
2025-05-13 03:45,0.059092
2025-05-13 04:00,0.069985
2025-05-13 04:15,0.094059
2025-05-13 04:30,0.140411
2025-05-13 04:45,0.101965
2025-05-13 05:00,0.142895
2025-05-13 05:15,0.108255
2025-05-13 05:30,0.197356
2025-05-13 05:45,0.066882
2025-05-13 06:00,0.094102
2025-05-13 06:15,0.067339
2025-05-13 06:30,0.073754
2025-05-13 06:45,0.176495
2025-05-13 07:00,0.085792
2025-05-13 07:15,0.078476
2025-05-13 07:30,0.055158
2025-05-13 07:45,0.054277
2025-05-13 08:00,0.040603
2025-05-13 08:15,0.067723
2025-05-13 08:30,0.063495
2025-05-13 08:45,0.060844
2025-05-13 09:00,0.063486
2025-05-13 09:15,0.048077
2025-05-13 09:30,0.049101
2025-05-13 09:45,0.033553
2025-05-13 10:00,0.025572
2025-05-13 10:15,0.019338
2025-05-13 10:30,0.031128
2025-05-13 10:45,0.063135
2025-05-13 11:00,0.026884
2025-05-13 11:15,0.018735
2025-05-13 11:30,0.037134
2025-05-13 11:45,0.022466
2025-05-13 12:00,0.029731
2025-05-13 12:15,0.055522
2025-05-13 12:30,0.049318
2025-05-13 12:45,0.030644
2025-05-13 13:00,0.024378
2025-05-13 13:15,0.035035
2025-05-13 13:30,0.015935
2025-05-13 13:45,0.016267
2025-05-13 14:00,0.016563
2025-05-13 14:15,0.013187
2025-05-13 14:30,0.015342
2025-05-13 14:45,0.019634
2025-05-13 15:00,0.017518
2025-05-13 15:15,0.018301
2025-05-13 15:30,0.005477
2025-05-13 15:45,0.005167
2025-05-13 16:00,0.004131
2025-05-13 16:15,0.009147
2025-05-13 16:30,0.006407
2025-05-13 16:45,0.016351
2025-05-13 17:00,0.01746
2025-05-13 17:15,0.753816
2025-05-13 17:30,0.148093
2025-05-13 17:45,0.003273
2025-05-13 18:00,0.006969
2025-05-13 18:15,0.000778
2025-05-13 18:30,0.001219
2025-05-13 18:45,0.005151
2025-05-13 19:00,0.005327
2025-05-13 19:15,0.014052
2025-05-13 19:30,0.006745
2025-05-13 19:45,0.010302
2025-05-13 20:00,0.005425
2025-05-13 20:15,0.000833
2025-05-13 20:30,0.004261
2025-05-13 20:45,0.008241
2025-05-13 21:00,0.005489
2025-05-13 21:15,0.010666
2025-05-13 21:30,0.009495
2025-05-13 21:45,0.008254
2025-05-13 22:00,0.002399
2025-05-13 22:15,0.008272
2025-05-13 22:30,0.007045
2025-05-13 22:45,0.021126
2025-05-13 23:00,0.005616
2025-05-13 23:15,0.280155
2025-05-13 23:30,0.042355
2025-05-13 23:45,0.034589
2025-05-14 00:00,0.060034
2025-05-14 00:00,0.063602
2025-05-14 00:15,0.073361
2025-05-14 00:30,0.057529
2025-05-14 00:45,0.087992
2025-05-14 01:00,0.089436
2025-05-14 01:15,0.252241
2025-05-14 01:30,0.119506
2025-05-14 01:45,0.104202
2025-05-14 02:00,0.090147
2025-05-14 02:15,0.075747
2025-05-14 02:30,0.070969
2025-05-14 02:45,0.065943
2025-05-14 03:00,0.055643
2025-05-14 03:15,0.074231
2025-05-14 03:30,0.17725
2025-05-14 03:45,0.056703
2025-05-14 04:00,0.108612
2025-05-14 04:15,0.079012
2025-05-14 04:30,0.112884
2025-05-14 04:45,0.057507
2025-05-14 05:00,0.272741
2025-05-14 05:15,0.109624
2025-05-14 05:30,0.129483
2025-05-14 05:45,0.193098
2025-05-14 06:00,0.130537
2025-05-14 06:15,0.081733
2025-05-14 06:30,0.122455
2025-05-14 06:45,0.093748
2025-05-14 07:00,0.107416
2025-05-14 07:15,0.173238
2025-05-14 07:30,0.492244
2025-05-14 07:45,0.957416
2025-05-14 08:00,0.265785
2025-05-14 08:15,0.345347
2025-05-14 08:30,0.619838
2025-05-14 08:45,0.095973
2025-05-14 09:00,0.039239
2025-05-14 09:15,0.029182
2025-05-14 09:30,0.019315
2025-05-14 09:45,0.038421
2025-05-14 10:00,0.021073
2025-05-14 10:15,0.041661
2025-05-14 10:30,0.08329
2025-05-14 10:45,0.017915
2025-05-14 11:00,0.030916
2025-05-14 11:15,0.025368
2025-05-14 11:30,0.034699
2025-05-14 11:45,0.025626
2025-05-14 12:00,0.021481
2025-05-14 12:15,0.020779
2025-05-14 12:30,0.033837
2025-05-14 12:45,0.02087
2025-05-14 13:00,0.025674
2025-05-14 13:15,0.029413
2025-05-14 13:30,0.030795
2025-05-14 13:45,0.035165
2025-05-14 14:00,0.030294
2025-05-14 14:15,0.02689
2025-05-14 14:30,0.028799
2025-05-14 14:45,0.070758
2025-05-14 15:00,0.059078
2025-05-14 15:15,0.012581
2025-05-14 15:30,0.02154
2025-05-14 15:45,0.016699
2025-05-14 16:00,0.011687
2025-05-14 16:15,0.018583
2025-05-14 16:30,0.024926
2025-05-14 16:45,0.018358
2025-05-14 17:00,0.016143
2025-05-14 17:15,0.019912
2025-05-14 17:30,0.017399
2025-05-14 17:45,0.030504
2025-05-14 18:00,0.011716
2025-05-14 18:15,0.019456
2025-05-14 18:30,0.01277
2025-05-14 18:45,0.086003
2025-05-14 19:00,0.011863
2025-05-14 19:15,0.039787
2025-05-14 19:30,0.082344
2025-05-14 19:45,0.011984
2025-05-14 20:00,0.086194
2025-05-14 20:15,0.004588
2025-05-14 20:30,0.003071
2025-05-14 20:45,0.007145
2025-05-14 21:00,0.003687
2025-05-14 21:15,0.006526
2025-05-14 21:30,0.00798
2025-05-14 21:45,0.001972
2025-05-14 22:00,0.005188
2025-05-14 22:15,0.004352
2025-05-14 22:30,0.003126
2025-05-14 22:45,0.005828
2025-05-14 23:00,0.006559
2025-05-14 23:15,0.020175
2025-05-14 23:30,0.032312
2025-05-14 23:45,0.036859
2025-05-15 00:00,0.062825
2025-05-15 00:15,0.054635
2025-05-15 00:30,0.069757
2025-05-15 00:45,0.054259
2025-05-15 01:00,0.081262
2025-05-15 01:15,0.115157
2025-05-15 01:30,0.616056
2025-05-15 01:45,0.419776
2025-05-15 02:00,0.429913
2025-05-15 02:15,0.230975
2025-05-15 02:30,0.052644
2025-05-15 02:45,0.047565
2025-05-15 03:00,0.02617
2025-05-15 03:15,0.026831
2025-05-15 03:30,0.035395
2025-05-15 03:45,0.053608
2025-05-15 04:00,0.063219
2025-05-15 04:15,0.085218
2025-05-15 04:30,0.045775
2025-05-15 04:45,0.115343
2025-05-15 05:00,0.071163
2025-05-15 05:15,0.069548
2025-05-15 05:30,0.090202
2025-05-15 05:45,0.100095
2025-05-15 06:00,0.092055
2025-05-15 06:15,0.072636
2025-05-15 06:30,0.055698
2025-05-15 06:45,0.087639
2025-05-15 07:00,0.056135
2025-05-15 07:15,0.063626
2025-05-15 07:30,0.067644
2025-05-15 07:45,0.063232
2025-05-15 08:00,0.05233
2025-05-15 08:15,0.084324
2025-05-15 08:30,0.062846
2025-05-15 08:45,0.078815
2025-05-15 09:00,0.133306
2025-05-15 09:15,0.29507
2025-05-15 09:30,0.056359
2025-05-15 09:45,0.029185
2025-05-15 10:00,0.024972
2025-05-15 10:15,0.029226
2025-05-15 10:30,0.021554
2025-05-15 10:45,0.018942
2025-05-15 11:00,0.037153
2025-05-15 11:15,0.016934
2025-05-15 11:30,0.022265
2025-05-15 11:45,0.021698
2025-05-15 12:00,0.023813
2025-05-15 12:15,0.024399
2025-05-15 12:30,0.019452
2025-05-15 12:45,0.017497
2025-05-15 13:00,0.011865
2025-05-15 13:15,0.043843
2025-05-15 13:30,0.035304
2025-05-15 13:45,0.063123
2025-05-15 14:00,0.020508
2025-05-15 14:15,0.033758
2025-05-15 14:30,0.047146
2025-05-15 14:45,0.019237
2025-05-15 15:00,0.015645
2025-05-15 15:15,0.012564
2025-05-15 15:30,0.013521
2025-05-15 15:45,0.004242
2025-05-15 16:00,0.007453
2025-05-15 16:15,0.007193
2025-05-15 16:30,0.055201
2025-05-15 16:45,0.004119
2025-05-15 17:00,0.006607
2025-05-15 17:15,0.009863
2025-05-15 17:30,0.017595
2025-05-15 17:45,0.00683
2025-05-15 18:00,0.010921
2025-05-15 18:15,0.010454
2025-05-15 18:30,0.007971
2025-05-15 18:45,0.008593
2025-05-15 19:00,0.002038
2025-05-15 19:15,0.004123
2025-05-15 19:30,0.003888
2025-05-15 19:45,0.002666
2025-05-15 20:00,0.007251
2025-05-15 20:15,0.012397
2025-05-15 20:30,0.006246
2025-05-15 20:45,0.008042
2025-05-15 21:00,0.002406
2025-05-15 21:15,0.001809
2025-05-15 21:30,0.003299
2025-05-15 21:45,0.00846
2025-05-15 22:00,0.004346
2025-05-15 22:15,0.005929
2025-05-15 22:30,0.005373
2025-05-15 22:45,0.007687
2025-05-15 23:00,0.008631
2025-05-15 23:15,0.010101
2025-05-15 23:30,0.012364
2025-05-15 23:45,0.058736
2025-05-16 00:00,0.030098
2025-05-16 00:15,0.041958
2025-05-16 00:30,0.084859
2025-05-16 00:45,0.045437
2025-05-16 01:00,0.151908
2025-05-16 01:15,0.047267
2025-05-16 01:30,0.079862
2025-05-16 01:45,0.074378
2025-05-16 02:00,0.133237
2025-05-16 02:15,0.108827
2025-05-16 02:30,0.075725
2025-05-16 02:45,0.026606
2025-05-16 03:00,0.040135
2025-05-16 03:15,0.069605
2025-05-16 03:30,0.04756
2025-05-16 03:45,0.046694
2025-05-16 04:00,0.082554
2025-05-16 04:15,0.069322
2025-05-16 04:30,0.105231
2025-05-16 04:45,0.076119
2025-05-16 05:00,0.082493
2025-05-16 05:15,0.080269
2025-05-16 05:30,0.052622
2025-05-16 05:45,0.045637
2025-05-16 06:00,0.075951
2025-05-16 06:15,0.14025
2025-05-16 06:30,0.176945
2025-05-16 06:45,0.075986
2025-05-16 07:00,0.051572
2025-05-16 07:15,0.06293
2025-05-16 07:30,0.151154
2025-05-16 07:45,0.115937
2025-05-16 08:00,0.054626
2025-05-16 08:15,0.037339
2025-05-16 08:30,0.110398
2025-05-16 08:45,0.065278
2025-05-16 09:00,0.074455
2025-05-16 09:15,0.053394
2025-05-16 09:30,0.046057
2025-05-16 09:45,0.013936
2025-05-16 10:00,0.01482
2025-05-16 10:15,0.008071
2025-05-16 10:30,0.015778
2025-05-16 10:45,0.012136
2025-05-16 11:00,0.046621
2025-05-16 11:15,0.02395
2025-05-16 11:30,0.026044
2025-05-16 11:45,0.017217
2025-05-16 12:00,0.01556
2025-05-16 12:15,0.019762
2025-05-16 12:30,0.039259
2025-05-16 12:45,0.027919
2025-05-16 13:00,0.005497
2025-05-16 13:15,0.011439
2025-05-16 13:30,0.005423
2025-05-16 13:45,0.005335
2025-05-16 14:00,0.007823
2025-05-16 14:15,0.004051
2025-05-16 14:30,0.00765
2025-05-16 14:45,0.004161
2025-05-16 15:00,0.004837
2025-05-16 15:15,0.002174
2025-05-16 15:30,0.00354
2025-05-16 15:45,0.004798
2025-05-16 16:00,0.002999
2025-05-16 16:15,0.003348
2025-05-16 16:30,0.002749
2025-05-16 16:45,0.009765
2025-05-16 17:00,0.008638
2025-05-16 17:15,0.006941
2025-05-16 17:30,0.006251
2025-05-16 17:45,0.004091
2025-05-16 18:00,0.009871
2025-05-16 18:15,0.011911
2025-05-16 18:30,0.004644
2025-05-16 18:45,0.007661
2025-05-16 19:00,0.011445
2025-05-16 19:15,0.006339
2025-05-16 19:30,0.005846
2025-05-16 19:45,0.002065
2025-05-16 20:00,0.001969
2025-05-16 20:15,0.001534
2025-05-16 20:30,0.002018
2025-05-16 20:45,0.009086
2025-05-16 21:00,0.001761
2025-05-16 21:15,0.000637
2025-05-16 21:30,0.004858
2025-05-16 21:45,0.001351
2025-05-16 22:00,0.003319
2025-05-16 22:15,0.006313
2025-05-16 22:30,0.035116
2025-05-16 22:45,0.00515
2025-05-16 23:00,0.002514
2025-05-16 23:15,0.002131
2025-05-16 23:30,0.003321
2025-05-16 23:45,0.005588
2025-05-17 00:00,0.007179
2025-05-17 00:15,0.00266
2025-05-17 00:30,0.011311
2025-05-17 00:45,0.005609
2025-05-17 01:00,0.007679
2025-05-17 01:15,0.007406
2025-05-17 01:30,0.004314
2025-05-17 01:45,0.008522
2025-05-17 02:00,0.006315
2025-05-17 02:15,0.013145
2025-05-17 02:30,0.011376
2025-05-17 02:45,0.009839
2025-05-17 03:00,0.030831
2025-05-17 03:15,0.004009
2025-05-17 03:30,0.008106
2025-05-17 03:45,0.005959
2025-05-17 04:00,0.007473
2025-05-17 04:15,0.018865
2025-05-17 04:30,0.013949
2025-05-17 04:45,0.009223
2025-05-17 05:00,0.012056
2025-05-17 05:15,0.013865
2025-05-17 05:30,0.015649
2025-05-17 05:45,0.021048
2025-05-17 06:00,0.031675
2025-05-17 06:15,0.023688
2025-05-17 06:30,0.057469
2025-05-17 06:45,0.028114
2025-05-17 07:00,0.047855
2025-05-17 07:15,0.031899
2025-05-17 07:30,0.052208
2025-05-17 07:45,0.045173
2025-05-17 08:00,0.106297
2025-05-17 08:15,0.022811
2025-05-17 08:30,0.035964
2025-05-17 08:45,0.023548
2025-05-17 09:00,0.051854
2025-05-17 09:15,0.040388
2025-05-17 09:30,0.010136
2025-05-17 09:45,0.009794
2025-05-17 10:00,0.011518
2025-05-17 10:15,0.004669
2025-05-17 10:30,0.012676
2025-05-17 10:45,0.016745
2025-05-17 11:00,0.00915
2025-05-17 11:15,0.016433
2025-05-17 11:30,0.031246
2025-05-17 11:45,0.015076
2025-05-17 12:00,0.011726
2025-05-17 12:15,0.009457
2025-05-17 12:30,0.022564
2025-05-17 12:45,0.018811
2025-05-17 13:00,0.018234
2025-05-17 13:15,0.014455
2025-05-17 13:30,0.019077
2025-05-17 13:45,0.020455
2025-05-17 14:00,0.011313
2025-05-17 14:15,0.019317
2025-05-17 14:30,0.007084
2025-05-17 14:45,0.025442
2025-05-17 15:00,0.01131
2025-05-17 15:15,0.015866
2025-05-17 15:30,0.009259
2025-05-17 15:45,0.005109
2025-05-17 16:00,0.010179
2025-05-17 16:15,0.017403
2025-05-17 16:30,0.015251
2025-05-17 16:45,0.010402
2025-05-17 17:00,0.013178
2025-05-17 17:15,0.019624
2025-05-17 17:30,0.023224
2025-05-17 17:45,0.024128
2025-05-17 18:00,0.029207
2025-05-17 18:15,0.0078
2025-05-17 18:30,0.014775
2025-05-17 18:45,0.012833
2025-05-17 19:00,0.01012
2025-05-17 19:15,0.012028
2025-05-17 19:30,0.00991
2025-05-17 19:45,0.013094
2025-05-17 20:00,0.011098
2025-05-17 20:15,0.012647
2025-05-17 20:30,0.009509
2025-05-17 20:45,0.007576
2025-05-17 21:00,0.006602
2025-05-17 21:15,0.011061
2025-05-17 21:30,0.008373
2025-05-17 21:45,0.009902
2025-05-17 22:00,0.010501
2025-05-17 22:15,0.009597
2025-05-17 22:30,0.137274
2025-05-17 22:45,0.018994
2025-05-17 23:00,0.009871
2025-05-17 23:15,0.006318
2025-05-17 23:30,0.008737
2025-05-17 23:45,0.008837
2025-05-18 00:00,0.011652
2025-05-18 00:15,0.008877
2025-05-18 00:30,0.011328
2025-05-18 00:45,0.017904
2025-05-18 01:00,0.021967
2025-05-18 01:15,0.023304
2025-05-18 01:30,0.025413
2025-05-18 01:45,0.01063
2025-05-18 02:00,0.012323
2025-05-18 02:15,0.135431
2025-05-18 02:30,0.163684
2025-05-18 02:45,0.014923
2025-05-18 03:00,0.015297
2025-05-18 03:15,0.0073
2025-05-18 03:30,0.014002
2025-05-18 03:45,0.012297
2025-05-18 04:00,0.027061
2025-05-18 04:15,0.021033
2025-05-18 04:30,0.013613
2025-05-18 04:45,0.053043
2025-05-18 05:00,0.013316
2025-05-18 05:15,0.009879
2025-05-18 05:30,0.012005
2025-05-18 05:45,0.04055
2025-05-18 06:00,0.052175
2025-05-18 06:15,0.030296
2025-05-18 06:30,0.023448
2025-05-18 06:45,0.165637
2025-05-18 07:00,0.061755
2025-05-18 07:15,0.035522
2025-05-18 07:30,0.018988
2025-05-18 07:45,0.028316
2025-05-18 08:00,0.03146
2025-05-18 08:15,0.023902
2025-05-18 08:30,0.022416
2025-05-18 08:45,0.023949
2025-05-18 09:00,0.021172
2025-05-18 09:15,0.022963
2025-05-18 09:30,0.05992
2025-05-18 09:45,0.083585
2025-05-18 10:00,0.119876
2025-05-18 10:15,0.040021
2025-05-18 10:30,0.046625
2025-05-18 10:45,0.013352
2025-05-18 11:00,0.015345
2025-05-18 11:15,0.020966
2025-05-18 11:30,0.019624
2025-05-18 11:45,0.013659
2025-05-18 12:00,0.034984
2025-05-18 12:15,0.016307
2025-05-18 12:30,0.028865
2025-05-18 12:45,0.013049
2025-05-18 13:00,0.026112
2025-05-18 13:15,0.016634
2025-05-18 13:30,0.019581
2025-05-18 13:45,0.020332
2025-05-18 14:00,0.02911
2025-05-18 14:15,0.035404
2025-05-18 14:30,0.021512
2025-05-18 14:45,0.034459
2025-05-18 15:00,0.002068
2025-05-18 15:15,0.003443
2025-05-18 15:30,0.005029
2025-05-18 15:45,0.009509
2025-05-18 16:00,0.006314
2025-05-18 16:15,0.009216
2025-05-18 16:30,0.012828
2025-05-18 16:45,0.010748
2025-05-18 17:00,0.010763
2025-05-18 17:15,0.007086
2025-05-18 17:30,0.013404
2025-05-18 17:45,0.010623
2025-05-18 18:00,0.025028
2025-05-18 18:15,0.021463
2025-05-18 18:30,0.013036
2025-05-18 18:45,0.021453
2025-05-18 19:00,0.02221
2025-05-18 19:15,0.007251
2025-05-18 19:30,0.008903
2025-05-18 19:45,0.011171
2025-05-18 20:00,0.006304
2025-05-18 20:15,0.007492
2025-05-18 20:30,0.007582
2025-05-18 20:45,0.002277
2025-05-18 21:00,0.000607
2025-05-18 21:15,0.003241
2025-05-18 21:30,0.002246
2025-05-18 21:45,0.003366
2025-05-18 22:00,0.004437
2025-05-18 22:15,0.005659
2025-05-18 22:30,0.000752
2025-05-18 22:45,0.02005
2025-05-18 23:00,0.008705
2025-05-18 23:15,0.015964
2025-05-18 23:30,0.042135
2025-05-18 23:45,0.035207
2025-05-19 00:00,0.035875
2025-05-19 00:15,0.05521
2025-05-19 00:30,0.054959
2025-05-19 00:45,0.079848
2025-05-19 01:00,0.124883
2025-05-19 01:15,0.107777
2025-05-19 01:30,0.107133
2025-05-19 01:45,0.154498
2025-05-19 02:00,0.139361
2025-05-19 02:15,0.05771
2025-05-19 02:30,0.043691
2025-05-19 02:45,0.053337
2025-05-19 03:00,0.121444
2025-05-19 03:15,0.060538
2025-05-19 03:30,0.031757
2025-05-19 03:45,0.061124
2025-05-19 04:00,0.117601
2025-05-19 04:15,0.146386
2025-05-19 04:30,0.162131
2025-05-19 04:45,0.075906
2025-05-19 05:00,0.565014
2025-05-19 05:15,0.271668
2025-05-19 05:30,0.077098
2025-05-19 05:45,0.06402
2025-05-19 06:00,0.229014
2025-05-19 06:15,0.214609
2025-05-19 06:30,0.069506
2025-05-19 06:45,0.396376
2025-05-19 07:00,0.078285
2025-05-19 07:15,0.211288
2025-05-19 07:30,0.08468
2025-05-19 07:45,0.059925
2025-05-19 08:00,0.086566
2025-05-19 08:15,0.201261
2025-05-19 08:30,0.100499
2025-05-19 08:45,0.046117
2025-05-19 09:00,0.059692
2025-05-19 09:15,0.030129
2025-05-19 09:30,0.036822
2025-05-19 09:45,0.040571
2025-05-19 10:00,0.022914
2025-05-19 10:15,0.023911
2025-05-19 10:30,0.041415
2025-05-19 10:45,0.026308
2025-05-19 11:00,0.040534
2025-05-19 11:15,0.0172
2025-05-19 11:30,0.07061
2025-05-19 11:45,0.110969
2025-05-19 12:00,0.051103
2025-05-19 12:15,0.026221
2025-05-19 12:30,0.022463
2025-05-19 12:45,0.029269
2025-05-19 13:00,0.035287
2025-05-19 13:15,0.020324
2025-05-19 13:30,0.018028
2025-05-19 13:45,0.020076
2025-05-19 14:00,0.021969
2025-05-19 14:15,0.044203
2025-05-19 14:30,0.033885
2025-05-19 14:45,0.029547
2025-05-19 15:00,0.044124
2025-05-19 15:15,0.020797
2025-05-19 15:30,0.014416
2025-05-19 15:45,0.019276
2025-05-19 16:00,0.006964
2025-05-19 16:15,0.007333
2025-05-19 16:30,0.013868
2025-05-19 16:45,0.026155
2025-05-19 17:00,0.02529
2025-05-19 17:15,0.015893
2025-05-19 17:30,0.006851
2025-05-19 17:45,0.014954
2025-05-19 18:00,0.024178
2025-05-19 18:15,0.018525
2025-05-19 18:30,0.018827
2025-05-19 18:45,0.003977
2025-05-19 19:00,0.001564
2025-05-19 19:15,0.013865
2025-05-19 19:30,0.000694
2025-05-19 19:45,0.001365
2025-05-19 20:00,0.00254
2025-05-19 20:15,0.002096
2025-05-19 20:30,0.010217
2025-05-19 20:45,0.000601
2025-05-19 21:00,0.00072
2025-05-19 21:15,0.001395
2025-05-19 21:30,0.005373
2025-05-19 21:45,0.007266
2025-05-19 22:00,0.009024
2025-05-19 22:15,0.002296
2025-05-19 22:30,0.003371
2025-05-19 22:45,0.004196
2025-05-19 23:00,0.020063
2025-05-19 23:15,0.013602
2025-05-19 23:30,0.015629
2025-05-19 23:45,0.046666
2025-05-20 00:00,0.113133
2025-05-20 00:15,0.05972
2025-05-20 00:30,0.088252
2025-05-20 00:45,0.115349
2025-05-20 01:00,0.133203
2025-05-20 01:15,0.106055
2025-05-20 01:30,0.093681
2025-05-20 01:45,0.109847
2025-05-20 02:00,0.12672
2025-05-20 02:15,0.073581
2025-05-20 02:30,0.080029
2025-05-20 02:45,0.020778
2025-05-20 03:00,0.030985
2025-05-20 03:15,0.029483
2025-05-20 03:30,0.04395
2025-05-20 03:45,0.086499
2025-05-20 04:00,0.104818
2025-05-20 04:15,0.050054
2025-05-20 04:30,0.104581
2025-05-20 04:45,0.16694
2025-05-20 05:00,0.181091
2025-05-20 05:15,0.371497
2025-05-20 05:30,1.0
2025-05-20 05:45,0.088455
2025-05-20 06:00,0.253871
2025-05-20 06:15,0.112143
2025-05-20 06:30,0.073932
2025-05-20 06:45,0.102448
2025-05-20 07:00,0.102107
2025-05-20 07:15,0.133924
2025-05-20 07:30,0.074378
2025-05-20 07:45,0.067704
2025-05-20 08:00,0.091576
2025-05-20 08:15,0.103961
2025-05-20 08:30,0.100415
2025-05-20 08:45,0.102334
2025-05-20 09:00,0.128397
2025-05-20 09:15,0.05481
2025-05-20 09:30,0.171401
2025-05-20 09:45,0.175676
2025-05-20 10:00,0.022632
2025-05-20 10:15,0.060269
2025-05-20 10:30,0.045161
2025-05-20 10:45,0.075893
2025-05-20 11:00,0.03594
2025-05-20 11:15,0.043801
2025-05-20 11:30,0.113911
2025-05-20 11:45,0.119239
2025-05-20 12:00,0.023357
2025-05-20 12:15,0.034035
2025-05-20 12:30,0.023023
2025-05-20 12:45,0.016015
2025-05-20 13:00,0.012451
2025-05-20 13:15,0.033258
2025-05-20 13:30,0.023506
2025-05-20 13:45,0.030782
2025-05-20 14:00,0.014296
2025-05-20 14:15,0.017052
2025-05-20 14:30,0.012923
2025-05-20 14:45,0.008113
2025-05-20 15:00,0.011666
2025-05-20 15:15,0.01382
2025-05-20 15:30,0.012834
2025-05-20 15:45,0.004343
2025-05-20 16:00,0.003683
2025-05-20 16:15,0.011957
2025-05-20 16:30,0.005114
2025-05-20 16:45,0.003048
2025-05-20 17:00,0.009809
2025-05-20 17:15,0.002725
2025-05-20 17:30,0.005347
2025-05-20 17:45,0.004839
2025-05-20 18:00,0.030456
2025-05-20 18:15,0.007781
2025-05-20 18:30,0.002239
2025-05-20 18:45,0.001648
2025-05-20 19:00,0.008322
2025-05-20 19:15,0.003581
2025-05-20 19:30,0.012136
2025-05-20 19:45,0.010881
2025-05-20 20:00,0.000545
2025-05-20 20:15,0.000909
2025-05-20 20:30,0.000855
2025-05-20 20:45,0.003542
2025-05-20 21:00,0.003694
2025-05-20 21:15,0.004376
2025-05-20 21:30,0.001795
2025-05-20 21:45,0.003292
2025-05-20 22:00,0.000246
2025-05-20 22:15,0.002515
2025-05-20 22:30,0.002641
2025-05-20 22:45,0.007542
2025-05-20 23:00,0.007979
2025-05-20 23:15,0.011773
2025-05-20 23:30,0.018628
2025-05-20 23:45,0.051435
2025-05-21 00:00,0.067446
2025-05-21 00:00,0.094354
2025-05-21 00:15,0.070437
2025-05-21 00:30,0.10913
2025-05-21 00:45,0.302347
2025-05-21 01:00,0.34717
2025-05-21 01:15,0.345114
2025-05-21 01:30,0.304541
2025-05-21 01:45,0.089193
2025-05-21 02:00,0.174386
2025-05-21 02:15,0.095025
2025-05-21 02:30,0.083916
2025-05-21 02:45,0.050469
2025-05-21 03:00,0.277851
2025-05-21 03:15,0.146173
2025-05-21 03:30,0.063968
2025-05-21 03:45,0.07364
2025-05-21 04:00,0.086905
2025-05-21 04:15,0.131453
2025-05-21 04:30,0.187816
2025-05-21 04:45,0.185615
2025-05-21 05:00,0.323447
2025-05-21 05:15,0.242476
2025-05-21 05:30,0.237439
2025-05-21 05:45,0.200381
2025-05-21 06:00,0.140219
2025-05-21 06:15,0.468546
2025-05-21 06:30,0.314242
2025-05-21 06:45,0.320984
2025-05-21 07:00,0.387757
2025-05-21 07:15,0.22597
2025-05-21 07:30,0.163673
2025-05-21 07:45,0.130613
2025-05-21 08:00,0.09115
2025-05-21 08:15,0.101292
2025-05-21 08:30,0.102093
2025-05-21 08:45,0.079925
2025-05-21 09:00,0.066785
2025-05-21 09:15,0.073372
2025-05-21 09:30,0.088667
2025-05-21 09:45,0.094445
2025-05-21 10:00,0.05129
2025-05-21 10:15,0.066511
2025-05-21 10:30,0.095568
2025-05-21 10:45,0.083275
2025-05-21 11:00,0.092234
2025-05-21 11:15,0.033544
2025-05-21 11:30,0.03573
2025-05-21 11:45,0.039962
2025-05-21 12:00,0.034433
2025-05-21 12:15,0.144793
2025-05-21 12:30,0.015998
2025-05-21 12:45,0.023654
2025-05-21 13:00,0.018724
2025-05-21 13:15,0.020655
2025-05-21 13:30,0.077501
2025-05-21 13:45,0.060553
2025-05-21 14:00,0.019309
2025-05-21 14:15,0.056477
2025-05-21 14:30,0.016107
2025-05-21 14:45,0.035496
2025-05-21 15:00,0.023219
2025-05-21 15:15,0.027612
2025-05-21 15:30,0.040388
2025-05-21 15:45,0.014662
2025-05-21 16:00,0.012182
2025-05-21 16:15,0.013293
2025-05-21 16:30,0.032504
2025-05-21 16:45,0.015819
2025-05-21 17:00,0.008809
2025-05-21 17:15,0.00908
2025-05-21 17:30,0.002266
2025-05-21 17:45,0.00449
2025-05-21 18:00,0.020603
2025-05-21 18:15,0.011577
2025-05-21 18:30,0.009528
2025-05-21 18:45,0.020556
2025-05-21 19:00,0.013142
2025-05-21 19:15,0.025235
2025-05-21 19:30,0.002457
2025-05-21 19:45,0.004811
2025-05-21 20:00,0.013256
2025-05-21 20:15,0.003601
2025-05-21 20:30,0.01061
2025-05-21 20:45,0.005189
2025-05-21 21:00,0.014459
2025-05-21 21:15,0.001336
2025-05-21 21:30,0.003489
2025-05-21 21:45,0.014069
2025-05-21 22:00,0.002459
2025-05-21 22:15,0.018227
2025-05-21 22:30,0.007818
2025-05-21 22:45,0.006073
2025-05-21 23:00,0.028544
2025-05-21 23:15,0.041108
2025-05-21 23:30,0.023426
2025-05-21 23:45,0.046032
2025-05-22 00:00,0.072695
2025-05-22 00:15,0.050482
2025-05-22 00:30,0.062132
2025-05-22 00:45,0.11383
2025-05-22 01:00,0.100399
2025-05-22 01:15,0.12934
2025-05-22 01:30,0.185075
2025-05-22 01:45,0.06773
2025-05-22 02:00,0.101206
2025-05-22 02:15,0.17025
2025-05-22 02:30,0.073449
2025-05-22 02:45,0.050293
2025-05-22 03:00,0.117941
2025-05-22 03:15,0.071014
2025-05-22 03:30,0.138839
2025-05-22 03:45,0.065078
2025-05-22 04:00,0.17538
2025-05-22 04:15,0.126194
2025-05-22 04:30,0.075127
2025-05-22 04:45,0.08299
2025-05-22 05:00,0.092746
2025-05-22 05:15,0.080689
2025-05-22 05:30,0.108392
2025-05-22 05:45,0.150449
2025-05-22 06:00,0.408181
2025-05-22 06:15,0.381457
2025-05-22 06:30,0.23856
2025-05-22 06:45,0.083678
2025-05-22 07:00,0.171506
2025-05-22 07:15,0.091917
2025-05-22 07:30,0.090472
2025-05-22 07:45,0.132061
2025-05-22 08:00,0.084654
2025-05-22 08:15,0.229874
2025-05-22 08:30,0.267878
2025-05-22 08:45,0.100765
2025-05-22 09:00,0.057185
2025-05-22 09:15,0.102842
2025-05-22 09:30,0.126449
2025-05-22 09:45,0.071416
2025-05-22 10:00,0.062666
2025-05-22 10:15,0.110503
2025-05-22 10:30,0.066095
2025-05-22 10:45,0.041114
2025-05-22 11:00,0.070912
2025-05-22 11:15,0.029457
2025-05-22 11:30,0.044935
2025-05-22 11:45,0.049519
2025-05-22 12:00,0.028928
2025-05-22 12:15,0.026437
2025-05-22 12:30,0.026133
2025-05-22 12:45,0.05125
2025-05-22 13:00,0.034883
2025-05-22 13:15,0.067867
2025-05-22 13:30,0.014712
2025-05-22 13:45,0.039822
2025-05-22 14:00,0.033797
2025-05-22 14:15,0.062074
2025-05-22 14:30,0.029009
2025-05-22 14:45,0.206663
2025-05-22 15:00,0.06805
2025-05-22 15:15,0.016144
2025-05-22 15:30,0.013112
2025-05-22 15:45,0.011394
2025-05-22 16:00,0.011211
2025-05-22 16:15,0.012878
2025-05-22 16:30,0.010804
2025-05-22 16:45,0.004872
2025-05-22 17:00,0.01849
2025-05-22 17:15,0.025492
2025-05-22 17:30,0.019533
2025-05-22 17:45,0.00299
2025-05-22 18:00,0.021932
2025-05-22 18:15,0.007042
2025-05-22 18:30,0.003661
2025-05-22 18:45,0.006737
2025-05-22 19:00,0.002497
2025-05-22 19:15,0.001271
2025-05-22 19:30,0.009106
2025-05-22 19:45,0.00472
2025-05-22 20:00,0.002487
2025-05-22 20:15,0.009493
2025-05-22 20:30,0.020315
2025-05-22 20:45,0.002865
2025-05-22 21:00,0.007429
2025-05-22 21:15,0.031913
2025-05-22 21:30,0.002512
2025-05-22 21:45,0.009404
2025-05-22 22:00,0.005216
2025-05-22 22:15,0.012006
2025-05-22 22:30,0.025207
2025-05-22 22:45,0.01584
2025-05-22 23:00,0.009068
2025-05-22 23:15,0.01523
2025-05-22 23:30,0.02094
2025-05-22 23:45,0.026595
2025-05-23 00:00,0.073887
2025-05-23 00:15,0.056379
2025-05-23 00:30,0.069226
2025-05-23 00:45,0.307477
2025-05-23 01:00,0.40755
2025-05-23 01:15,0.139009
2025-05-23 01:30,0.087194
2025-05-23 01:45,0.090288
2025-05-23 02:00,0.055428
2025-05-23 02:15,0.093369
2025-05-23 02:30,0.043415
2025-05-23 02:45,0.024476
2025-05-23 03:00,0.06721
2025-05-23 03:15,0.026229
2025-05-23 03:30,0.04726
2025-05-23 03:45,0.05157
2025-05-23 04:00,0.075807
2025-05-23 04:15,0.132855
2025-05-23 04:30,0.077591
2025-05-23 04:45,0.136154
2025-05-23 05:00,0.230843
2025-05-23 05:15,0.198896
2025-05-23 05:30,0.249153
2025-05-23 05:45,0.174758
2025-05-23 06:00,0.0707
2025-05-23 06:15,0.102264
2025-05-23 06:30,0.127381
2025-05-23 06:45,0.33672
2025-05-23 07:00,0.204903
2025-05-23 07:15,0.173807
2025-05-23 07:30,0.195227
2025-05-23 07:45,0.208662
2025-05-23 08:00,0.124243
2025-05-23 08:15,0.114044
2025-05-23 08:30,0.125449
2025-05-23 08:45,0.203389
2025-05-23 09:00,0.173288
2025-05-23 09:15,0.071638
2025-05-23 09:30,0.047997
2025-05-23 09:45,0.021667
2025-05-23 10:00,0.030129
2025-05-23 10:15,0.023598
2025-05-23 10:30,0.029124
2025-05-23 10:45,0.018577
2025-05-23 11:00,0.066934
2025-05-23 11:15,0.030719
2025-05-23 11:30,0.045934
2025-05-23 11:45,0.033806
2025-05-23 12:00,0.066513
2025-05-23 12:15,0.020198
2025-05-23 12:30,0.042587
2025-05-23 12:45,0.024601
2025-05-23 13:00,0.013359
2025-05-23 13:15,0.030199
2025-05-23 13:30,0.019176
2025-05-23 13:45,0.019706
2025-05-23 14:00,0.020673
2025-05-23 14:15,0.018762
2025-05-23 14:30,0.028213
2025-05-23 14:45,0.008996
2025-05-23 15:00,0.018831
2025-05-23 15:15,0.068061
2025-05-23 15:30,0.008118
2025-05-23 15:45,0.013111
2025-05-23 16:00,0.007344
2025-05-23 16:15,0.007358
2025-05-23 16:30,0.004082
2025-05-23 16:45,0.012151
2025-05-23 17:00,0.015119
2025-05-23 17:15,0.006032
2025-05-23 17:30,0.006578
2025-05-23 17:45,0.00243
2025-05-23 18:00,0.027733
2025-05-23 18:15,0.015333
2025-05-23 18:30,0.006063
2025-05-23 18:45,0.002895
2025-05-23 19:00,0.002508
2025-05-23 19:15,0.00247
2025-05-23 19:30,0.003348
2025-05-23 19:45,0.001196
2025-05-23 20:00,0.002607
2025-05-23 20:15,0.004262
2025-05-23 20:30,0.000361
2025-05-23 20:45,0.010627
2025-05-23 21:00,0.002042
2025-05-23 21:15,0.00179
2025-05-23 21:30,0.000887
2025-05-23 21:45,0.003879
2025-05-23 22:00,0.001324
2025-05-23 22:15,0.004215
2025-05-23 22:30,0.007852
2025-05-23 22:45,0.001004
2025-05-23 23:00,0.001139
2025-05-23 23:15,0.002985
2025-05-23 23:30,0.005175
2025-05-23 23:45,0.005986
2025-05-24 00:00,0.006797
2025-05-24 00:15,0.006696
2025-05-24 00:30,0.007455
2025-05-24 00:45,0.053492
2025-05-24 01:00,0.015094
2025-05-24 01:15,0.013951
2025-05-24 01:30,0.00832
2025-05-24 01:45,0.01354
2025-05-24 02:00,0.007114
2025-05-24 02:15,0.024993
2025-05-24 02:30,0.01335
2025-05-24 02:45,0.02103
2025-05-24 03:00,0.02864
2025-05-24 03:15,0.013928
2025-05-24 03:30,0.029632
2025-05-24 03:45,0.044838
2025-05-24 04:00,0.045306
2025-05-24 04:15,0.028918
2025-05-24 04:30,0.069989
2025-05-24 04:45,0.044769
2025-05-24 05:00,0.032224
2025-05-24 05:15,0.05788
2025-05-24 05:30,0.032957
2025-05-24 05:45,0.035006
2025-05-24 06:00,0.054724
2025-05-24 06:15,0.048828
2025-05-24 06:30,0.045643
2025-05-24 06:45,0.032136
2025-05-24 07:00,0.043249
2025-05-24 07:15,0.041027
2025-05-24 07:30,0.027754
2025-05-24 07:45,0.037217
2025-05-24 08:00,0.057203
2025-05-24 08:15,0.031865
2025-05-24 08:30,0.03533
2025-05-24 08:45,0.024441
2025-05-24 09:00,0.029993
2025-05-24 09:15,0.016622
2025-05-24 09:30,0.076663
2025-05-24 09:45,0.034943
2025-05-24 10:00,1.0
2025-05-24 10:15,0.116385
2025-05-24 10:30,0.048508
2025-05-24 10:45,0.017027
2025-05-24 11:00,0.029128
2025-05-24 11:15,0.030626
2025-05-24 11:30,0.016245
2025-05-24 11:45,0.026487
2025-05-24 12:00,0.021908
2025-05-24 12:15,0.02489
2025-05-24 12:30,0.03588
2025-05-24 12:45,0.053244
2025-05-24 13:00,0.373736
2025-05-24 13:15,0.588098
2025-05-24 13:30,0.06629
2025-05-24 13:45,0.039978
2025-05-24 14:00,0.030834
2025-05-24 14:15,0.022769
2025-05-24 14:30,0.023953
2025-05-24 14:45,0.042607
2025-05-24 15:00,0.006808
2025-05-24 15:15,0.035549
2025-05-24 15:30,0.047702
2025-05-24 15:45,0.011633
2025-05-24 16:00,0.019395
2025-05-24 16:15,0.017583
2025-05-24 16:30,0.017266
2025-05-24 16:45,0.019926
2025-05-24 17:00,0.01771
2025-05-24 17:15,0.015075
2025-05-24 17:30,0.008972
2025-05-24 17:45,0.010036
2025-05-24 18:00,0.024456
2025-05-24 18:15,0.012615
2025-05-24 18:30,0.010934
2025-05-24 18:45,0.008555
2025-05-24 19:00,0.012337
2025-05-24 19:15,0.014275
2025-05-24 19:30,0.009274
2025-05-24 19:45,0.007032
2025-05-24 20:00,0.031548
2025-05-24 20:15,0.009008
2025-05-24 20:30,0.010198
2025-05-24 20:45,0.009869
2025-05-24 21:00,0.025011
2025-05-24 21:15,0.014661
2025-05-24 21:30,0.012426
2025-05-24 21:45,0.010448
2025-05-24 22:00,0.010859
2025-05-24 22:15,0.010427
2025-05-24 22:30,0.016471
2025-05-24 22:45,0.007866
2025-05-24 23:00,0.009692
2025-05-24 23:15,0.014399
2025-05-24 23:30,0.123704
2025-05-24 23:45,0.137846
2025-05-25 00:00,0.010897
2025-05-25 00:15,0.013517
2025-05-25 00:30,0.024863
2025-05-25 00:45,0.022694
2025-05-25 01:00,0.013547
2025-05-25 01:15,0.038528
2025-05-25 01:30,0.022664
2025-05-25 01:45,0.031725
2025-05-25 02:00,0.01882
2025-05-25 02:15,0.02173
2025-05-25 02:30,0.019347
2025-05-25 02:45,0.020831
2025-05-25 03:00,0.02231
2025-05-25 03:15,0.016978
2025-05-25 03:30,0.016006
2025-05-25 03:45,0.019415
2025-05-25 04:00,0.033963
2025-05-25 04:15,0.022678
2025-05-25 04:30,0.025853
2025-05-25 04:45,0.024821
2025-05-25 05:00,0.02688
2025-05-25 05:15,0.014487
2025-05-25 05:30,0.033314
2025-05-25 05:45,0.026318
2025-05-25 06:00,0.045351
2025-05-25 06:15,0.051075
2025-05-25 06:30,0.06405
2025-05-25 06:45,0.052579
2025-05-25 07:00,0.090215
2025-05-25 07:15,0.043375
2025-05-25 07:30,0.023602
2025-05-25 07:45,0.034426
2025-05-25 08:00,0.129248
2025-05-25 08:15,0.045477
2025-05-25 08:30,0.03894
2025-05-25 08:45,0.025215
2025-05-25 09:00,0.013549
2025-05-25 09:15,0.028543
2025-05-25 09:30,0.029857
2025-05-25 09:45,0.022956
2025-05-25 10:00,0.025492
2025-05-25 10:15,0.02462
2025-05-25 10:30,0.026829
2025-05-25 10:45,0.073818
2025-05-25 11:00,0.039003
2025-05-25 11:15,0.042342
2025-05-25 11:30,0.060557
2025-05-25 11:45,0.026303
2025-05-25 12:00,0.02664
2025-05-25 12:15,0.022224
2025-05-25 12:30,0.045536
2025-05-25 12:45,0.044966
2025-05-25 13:00,0.096745
2025-05-25 13:15,0.08755
2025-05-25 13:30,0.044645
2025-05-25 13:45,0.053823
2025-05-25 14:00,0.04881
2025-05-25 14:15,0.053167
2025-05-25 14:30,0.061758
2025-05-25 14:45,0.069458
2025-05-25 15:00,0.033382
2025-05-25 15:15,0.047718
2025-05-25 15:30,0.044159
2025-05-25 15:45,0.039937
2025-05-25 16:00,0.027187
2025-05-25 16:15,0.015172
2025-05-25 16:30,0.041998
2025-05-25 16:45,0.02849
2025-05-25 17:00,0.016103
2025-05-25 17:15,0.022804
2025-05-25 17:30,0.022553
2025-05-25 17:45,0.021392
2025-05-25 18:00,0.021248
2025-05-25 18:15,0.01263
2025-05-25 18:30,0.016873
2025-05-25 18:45,0.01753
2025-05-25 19:00,0.027227
2025-05-25 19:15,0.022052
2025-05-25 19:30,0.019114
2025-05-25 19:45,0.018213
2025-05-25 20:00,0.019793
2025-05-25 20:15,0.013939
2025-05-25 20:30,0.011124
2025-05-25 20:45,0.01142
2025-05-25 21:00,0.01258
2025-05-25 21:15,0.017812
2025-05-25 21:30,0.016406
2025-05-25 21:45,0.017233
2025-05-25 22:00,0.022446
2025-05-25 22:15,0.028701
2025-05-25 22:30,0.035624
2025-05-25 22:45,0.029894
2025-05-25 23:00,0.06019
2025-05-25 23:15,0.036097
2025-05-25 23:30,0.033979
2025-05-25 23:45,0.081684
2025-05-26 00:00,0.092554
2025-05-26 00:15,0.083232
2025-05-26 00:30,0.112868
2025-05-26 00:45,0.08343
2025-05-26 01:00,0.111271
2025-05-26 01:15,0.19718
2025-05-26 01:30,0.13012
2025-05-26 01:45,0.100277
2025-05-26 02:00,0.095055
2025-05-26 02:15,0.143652
2025-05-26 02:30,0.084604
2025-05-26 02:45,0.088529
2025-05-26 03:00,0.112756
2025-05-26 03:15,0.080519
2025-05-26 03:30,0.052787
2025-05-26 03:45,0.086499
2025-05-26 04:00,0.09036
2025-05-26 04:15,0.160968
2025-05-26 04:30,0.139991
2025-05-26 04:45,0.076187
2025-05-26 05:00,0.108507
2025-05-26 05:15,0.090745
2025-05-26 05:30,0.117172
2025-05-26 05:45,0.104999
2025-05-26 06:00,0.203002
2025-05-26 06:15,0.254688
2025-05-26 06:30,0.176951
2025-05-26 06:45,0.152663
2025-05-26 07:00,0.153788
2025-05-26 07:15,0.090647
2025-05-26 07:30,0.099969
2025-05-26 07:45,0.333941
2025-05-26 08:00,0.196314
2025-05-26 08:15,0.128424
2025-05-26 08:30,0.14265
2025-05-26 08:45,0.101551
2025-05-26 09:00,0.136939
2025-05-26 09:15,0.124068
2025-05-26 09:30,0.131002
2025-05-26 09:45,0.136487
2025-05-26 10:00,0.124357
2025-05-26 10:15,0.041304
2025-05-26 10:30,0.136955
2025-05-26 10:45,0.053642
2025-05-26 11:00,0.088518
2025-05-26 11:15,0.108134
2025-05-26 11:30,0.068029
2025-05-26 11:45,0.057818
2025-05-26 12:00,0.047098
2025-05-26 12:15,0.054511
2025-05-26 12:30,0.037999
2025-05-26 12:45,0.022762
2025-05-26 13:00,0.040924
2025-05-26 13:15,0.02442
2025-05-26 13:30,0.088123
2025-05-26 13:45,0.043599
2025-05-26 14:00,0.023653
2025-05-26 14:15,0.012838
2025-05-26 14:30,0.025806
2025-05-26 14:45,0.028189
2025-05-26 15:00,0.017605
2025-05-26 15:15,0.017668
2025-05-26 15:30,0.01704
2025-05-26 15:45,0.029904
2025-05-26 16:00,0.020521
2025-05-26 16:15,0.020782
2025-05-26 16:30,0.023496
2025-05-26 16:45,0.014607
2025-05-26 17:00,0.019185
2025-05-26 17:15,0.024959
2025-05-26 17:30,0.01481
2025-05-26 17:45,0.018097
2025-05-26 18:00,0.030478
2025-05-26 18:15,0.020297
2025-05-26 18:30,0.019304
2025-05-26 18:45,0.021751
2025-05-26 19:00,0.020311
2025-05-26 19:15,0.020099
2025-05-26 19:30,0.01933
2025-05-26 19:45,0.02382
2025-05-26 20:00,0.021296
2025-05-26 20:15,0.010588
2025-05-26 20:30,0.014679
2025-05-26 20:45,0.018069
2025-05-26 21:00,0.025861
2025-05-26 21:15,0.014359
2025-05-26 21:30,0.014994
2025-05-26 21:45,0.025675
2025-05-26 22:00,0.138465
2025-05-26 22:15,0.091626
2025-05-26 22:30,0.039457
2025-05-26 22:45,0.049664
2025-05-26 23:00,0.055403
2025-05-26 23:15,0.059787
2025-05-26 23:30,0.034356
2025-05-26 23:45,0.11399
2025-05-27 00:00,0.48649
2025-05-27 00:15,0.142919
2025-05-27 00:30,0.252536
2025-05-27 00:45,0.428006
2025-05-27 01:00,0.12123
2025-05-27 01:15,0.103867
2025-05-27 01:30,0.085464
2025-05-27 01:45,0.12201
2025-05-27 02:00,0.129442
2025-05-27 02:15,0.293982
2025-05-27 02:30,0.118406
2025-05-27 02:45,0.070787
2025-05-27 03:00,0.052988
2025-05-27 03:15,0.119571
2025-05-27 03:30,0.111438
2025-05-27 03:45,0.142374
2025-05-27 04:00,0.13311
2025-05-27 04:15,0.384022
2025-05-27 04:30,0.234936
2025-05-27 04:45,0.161397
2025-05-27 05:00,0.173034
2025-05-27 05:15,0.475161
2025-05-27 05:30,0.234801
2025-05-27 05:45,0.204318
2025-05-27 06:00,0.229548
2025-05-27 06:15,0.176919
2025-05-27 06:30,0.167024
2025-05-27 06:45,0.795981
2025-05-27 07:00,0.160704
2025-05-27 07:15,0.149035
2025-05-27 07:30,0.342334
2025-05-27 07:45,0.18137
2025-05-27 08:00,0.138175
2025-05-27 08:15,0.135565
2025-05-27 08:30,0.203345
2025-05-27 08:45,0.139378
2025-05-27 09:00,0.201021
2025-05-27 09:15,0.128957
2025-05-27 09:30,0.177354
2025-05-27 09:45,0.067359
2025-05-27 10:00,0.073019
2025-05-27 10:15,0.073801
2025-05-27 10:30,0.054207
2025-05-27 10:45,0.1077
2025-05-27 11:00,0.067392
2025-05-27 11:15,0.066154
2025-05-27 11:30,0.060719
2025-05-27 11:45,0.055512
2025-05-27 12:00,0.062211
2025-05-27 12:15,0.040415
2025-05-27 12:30,0.04383
2025-05-27 12:45,0.02529
2025-05-27 13:00,0.048338
2025-05-27 13:15,0.090609
2025-05-27 13:30,0.036891
2025-05-27 13:45,0.026206
2025-05-27 14:00,0.124165
2025-05-27 14:15,0.03354
2025-05-27 14:30,0.038632
2025-05-27 14:45,0.017013
2025-05-27 15:00,0.049983
2025-05-27 15:15,0.021691
2025-05-27 15:30,0.014858
2025-05-27 15:45,0.016879
2025-05-27 16:00,0.026048
2025-05-27 16:15,0.045398
2025-05-27 16:30,0.013473
2025-05-27 16:45,0.019622
2025-05-27 17:00,0.017207
2025-05-27 17:15,0.020243
2025-05-27 17:30,0.020885
2025-05-27 17:45,0.014631
2025-05-27 18:00,0.02872
2025-05-27 18:15,0.028985
2025-05-27 18:30,0.008294
2025-05-27 18:45,0.014717
2025-05-27 19:00,0.007812
2025-05-27 19:15,0.034251
2025-05-27 19:30,0.009656
2025-05-27 19:45,0.007446
2025-05-27 20:00,0.024029
2025-05-27 20:15,0.00986
2025-05-27 20:30,0.024081
2025-05-27 20:45,0.014766
2025-05-27 21:00,0.007824
2025-05-27 21:15,0.01007
2025-05-27 21:30,0.02123
2025-05-27 21:45,0.019181
2025-05-27 22:00,0.012055
2025-05-27 22:15,0.054248
2025-05-27 22:30,0.114859
2025-05-27 22:45,0.023037
2025-05-27 23:00,0.022379
2025-05-27 23:15,0.034134
2025-05-27 23:30,0.032796
2025-05-27 23:45,0.06492
2025-05-28 00:00,0.081575
2025-05-28 00:00,0.222472
2025-05-28 00:15,0.198587
2025-05-28 00:30,0.232559
2025-05-28 00:45,0.204479
2025-05-28 01:00,0.254293
2025-05-28 01:15,0.233136
2025-05-28 01:30,0.272167
2025-05-28 01:45,0.305067
2025-05-28 02:00,0.286109
2025-05-28 02:15,0.525978
2025-05-28 02:30,0.704266
2025-05-28 02:45,0.203324
2025-05-28 03:00,0.307087
2025-05-28 03:15,0.599615
2025-05-28 03:30,0.366623
2025-05-28 03:45,0.311337
2025-05-28 04:00,0.289246
2025-05-28 04:15,0.211747
2025-05-28 04:30,0.316574
2025-05-28 04:45,0.596948
2025-05-28 05:00,0.518138
2025-05-28 05:15,0.278808
2025-05-28 05:30,0.390355
2025-05-28 05:45,0.350685
2025-05-28 06:00,0.367226
2025-05-28 06:15,0.281585
2025-05-28 06:30,0.347964
2025-05-28 06:45,0.368097
2025-05-28 07:00,0.303297
2025-05-28 07:15,0.350289
2025-05-28 07:30,0.550221
2025-05-28 07:45,1.0
2025-05-28 08:00,0.646235
2025-05-28 08:15,0.57192
2025-05-28 08:30,0.423431
2025-05-28 08:45,0.650428
2025-05-28 09:00,0.333525
2025-05-28 09:15,0.214215
2025-05-28 09:30,0.220073
2025-05-28 09:45,0.167605
2025-05-28 10:00,0.139005
2025-05-28 10:15,0.121544
2025-05-28 10:30,0.078402
2025-05-28 10:45,0.200172
2025-05-28 11:00,0.294501
2025-05-28 11:15,0.141542
2025-05-28 11:30,0.236246
2025-05-28 11:45,0.104571
2025-05-28 12:00,0.156736
2025-05-28 12:15,0.077607
2025-05-28 12:30,0.094109
2025-05-28 12:45,0.190339
2025-05-28 13:00,0.478681
2025-05-28 13:15,0.241164
2025-05-28 13:30,0.09828
2025-05-28 13:45,0.075224
2025-05-28 14:00,0.120125
2025-05-28 14:15,0.043495
2025-05-28 14:30,0.088456
2025-05-28 14:45,0.177016
2025-05-28 15:00,0.091098
2025-05-28 15:15,0.081376
2025-05-28 15:30,0.054605
2025-05-28 15:45,0.086543
2025-05-28 16:00,0.227517
2025-05-28 16:15,0.609377
2025-05-28 16:30,0.125867
2025-05-28 16:45,0.066115
2025-05-28 17:00,0.0344
2025-05-28 17:15,0.115754
2025-05-28 17:30,0.057045
2025-05-28 17:45,0.031043
2025-05-28 18:00,0.044468
2025-05-28 18:15,0.071193
2025-05-28 18:30,0.034936
2025-05-28 18:45,0.061127
2025-05-28 19:00,0.05866
2025-05-28 19:15,0.035285
2025-05-28 19:30,0.020877
2025-05-28 19:45,0.057891
2025-05-28 20:00,0.096871
2025-05-28 20:15,0.114678
2025-05-28 20:30,0.021418
2025-05-28 20:45,0.055558
2025-05-28 21:00,0.045472
2025-05-28 21:15,0.037526
2025-05-28 21:30,0.051008
2025-05-28 21:45,0.05424
2025-05-28 22:00,0.063492
2025-05-28 22:15,0.095472
2025-05-28 22:30,0.062516
2025-05-28 22:45,0.050591
2025-05-28 23:00,0.066899
2025-05-28 23:15,0.129519
2025-05-28 23:30,0.088753
2025-05-28 23:45,0.197603
2025-05-29 00:00,0.519843
2025-05-29 00:15,0.391522
2025-05-29 00:30,0.227875
2025-05-29 00:45,0.307947
2025-05-29 01:00,0.357898
2025-05-29 01:15,0.366507
2025-05-29 01:30,0.352545
2025-05-29 01:45,0.226475
2025-05-29 02:00,0.250557
2025-05-29 02:15,0.250339
2025-05-29 02:30,0.220791
2025-05-29 02:45,0.148893
2025-05-29 03:00,0.56851
2025-05-29 03:15,0.709216
2025-05-29 03:30,0.488983
2025-05-29 03:45,0.356449
2025-05-29 04:00,0.320246
2025-05-29 04:15,0.917969
2025-05-29 04:30,0.307592
2025-05-29 04:45,0.402139
2025-05-29 05:00,0.932128
2025-05-29 05:15,0.39517
2025-05-29 05:30,0.265608
2025-05-29 05:45,0.256828
2025-05-29 06:00,0.215301
2025-05-29 06:15,0.285126
2025-05-29 06:30,0.399586
2025-05-29 06:45,0.390018
2025-05-29 07:00,0.193372
2025-05-29 07:15,0.237349
2025-05-29 07:30,0.26806
2025-05-29 07:45,0.828366
2025-05-29 08:00,0.371108
2025-05-29 08:15,0.497387
2025-05-29 08:30,0.401661
2025-05-29 08:45,0.343432
2025-05-29 09:00,0.112963
2025-05-29 09:15,0.128583
2025-05-29 09:30,0.128283
2025-05-29 09:45,0.098441
2025-05-29 10:00,0.366026
2025-05-29 10:15,0.341268
2025-05-29 10:30,0.076942
2025-05-29 10:45,0.085673
2025-05-29 11:00,0.165094
2025-05-29 11:15,0.264251
2025-05-29 11:30,0.106788
2025-05-29 11:45,0.113978
2025-05-29 12:00,0.12967
2025-05-29 12:15,0.071085
2025-05-29 12:30,0.070732
2025-05-29 12:45,0.084335
2025-05-29 13:00,0.052815
2025-05-29 13:15,0.094875
2025-05-29 13:30,0.03373
2025-05-29 13:45,0.272821
2025-05-29 14:00,0.045608
2025-05-29 14:15,0.026943
2025-05-29 14:30,0.057521
2025-05-29 14:45,0.063517
2025-05-29 15:00,0.03447
2025-05-29 15:15,0.028719
2025-05-29 15:30,0.035911
2025-05-29 15:45,0.408146
2025-05-29 16:00,0.418437
2025-05-29 16:15,0.049604
2025-05-29 16:30,0.027308
2025-05-29 16:45,0.033942
2025-05-29 17:00,0.085973
2025-05-29 17:15,0.052782
2025-05-29 17:30,0.034859
2025-05-29 17:45,0.010393
2025-05-29 18:00,0.028175
2025-05-29 18:15,0.012112
2025-05-29 18:30,0.021614
2025-05-29 18:45,0.009487
2025-05-29 19:00,0.03252
2025-05-29 19:15,0.004565
2025-05-29 19:30,0.003614
2025-05-29 19:45,0.008233
2025-05-29 20:00,0.011661
2025-05-29 20:15,0.014932
2025-05-29 20:30,0.041247
2025-05-29 20:45,0.017067
2025-05-29 21:00,0.037482
2025-05-29 21:15,0.024073
2025-05-29 21:30,0.016377
2025-05-29 21:45,0.026726
2025-05-29 22:00,0.017568
2025-05-29 22:15,0.021847
2025-05-29 22:30,0.02117
2025-05-29 22:45,0.072141
2025-05-29 23:00,0.055008
2025-05-29 23:15,0.041056
2025-05-29 23:30,0.089132
2025-05-29 23:45,0.074281
2025-05-30 00:00,0.14131
2025-05-30 00:15,0.204823
2025-05-30 00:30,0.144824
2025-05-30 00:45,0.242236
2025-05-30 01:00,0.334237
2025-05-30 01:15,0.612692
2025-05-30 01:30,0.279303
2025-05-30 01:45,0.327734
2025-05-30 02:00,0.158483
2025-05-30 02:15,0.228305
2025-05-30 02:30,0.150576
2025-05-30 02:45,0.135277
2025-05-30 03:00,0.167301
2025-05-30 03:15,0.193772
2025-05-30 03:30,0.152154
2025-05-30 03:45,0.142143
2025-05-30 04:00,0.147595
2025-05-30 04:15,0.218731
2025-05-30 04:30,0.232705
2025-05-30 04:45,0.303661
2025-05-30 05:00,0.304616
2025-05-30 05:15,0.352669
2025-05-30 05:30,0.19307
2025-05-30 05:45,0.315615
2025-05-30 06:00,0.346755
2025-05-30 06:15,0.509912
2025-05-30 06:30,0.460313
2025-05-30 06:45,0.180985
2025-05-30 07:00,0.227727
2025-05-30 07:15,0.212915
2025-05-30 07:30,0.192564
2025-05-30 07:45,0.24238
2025-05-30 08:00,0.240543
2025-05-30 08:15,0.629226
2025-05-30 08:30,0.889557
2025-05-30 08:45,0.370993
2025-05-30 09:00,0.121804
2025-05-30 09:15,0.087091
2025-05-30 09:30,0.055258
2025-05-30 09:45,0.241933
2025-05-30 10:00,0.145288
2025-05-30 10:15,0.060616
2025-05-30 10:30,0.048421
2025-05-30 10:45,0.086431
2025-05-30 11:00,0.0576
2025-05-30 11:15,0.071231
2025-05-30 11:30,0.093324
2025-05-30 11:45,0.047504
2025-05-30 12:00,0.052197
2025-05-30 12:15,0.127736
2025-05-30 12:30,0.057861
2025-05-30 12:45,0.090737
2025-05-30 13:00,0.060136
2025-05-30 13:15,0.01964
2025-05-30 13:30,0.05244
2025-05-30 13:45,0.057255
2025-05-30 14:00,0.106549
2025-05-30 14:15,0.099731
2025-05-30 14:30,0.031962
2025-05-30 14:45,0.188041
2025-05-30 15:00,0.028022
2025-05-30 15:15,0.04392
2025-05-30 15:30,0.019858
2025-05-30 15:45,0.013068
2025-05-30 16:00,0.019087
2025-05-30 16:15,0.014592
2025-05-30 16:30,0.028298
2025-05-30 16:45,0.035961
2025-05-30 17:00,0.014204
2025-05-30 17:15,0.032909
2025-05-30 17:30,0.047622
2025-05-30 17:45,0.040213
2025-05-30 18:00,0.067225
2025-05-30 18:15,0.009541
2025-05-30 18:30,0.017254
2025-05-30 18:45,0.003087
2025-05-30 19:00,0.016532
2025-05-30 19:15,0.026306
2025-05-30 19:30,0.005033
2025-05-30 19:45,0.008668
2025-05-30 20:00,0.017828
2025-05-30 20:15,0.00505
2025-05-30 20:30,0.005079
2025-05-30 20:45,0.005743
2025-05-30 21:00,0.007142
2025-05-30 21:15,0.014253
2025-05-30 21:30,0.01661
2025-05-30 21:45,0.00333
2025-05-30 22:00,0.002799
2025-05-30 22:15,0.011952
2025-05-30 22:30,0.023956
2025-05-30 22:45,0.018152
2025-05-30 23:00,0.017504
2025-05-30 23:15,0.048209
2025-05-30 23:30,0.03161
2025-05-30 23:45,0.045499
2025-05-31 00:00,0.024061
2025-05-31 00:15,0.033619
2025-05-31 00:30,0.012136
2025-05-31 00:45,0.026351
2025-05-31 01:00,0.014023
2025-05-31 01:15,0.02524
2025-05-31 01:30,0.033036
2025-05-31 01:45,0.063396
2025-05-31 02:00,0.023177
2025-05-31 02:15,0.037183
2025-05-31 02:30,0.020949
2025-05-31 02:45,0.106469
2025-05-31 03:00,0.114954
2025-05-31 03:15,0.028278
2025-05-31 03:30,0.061296
2025-05-31 03:45,0.02614
2025-05-31 04:00,0.024641
2025-05-31 04:15,0.037025
2025-05-31 04:30,0.101914
2025-05-31 04:45,0.096478
2025-05-31 05:00,0.367154
2025-05-31 05:15,0.378627
2025-05-31 05:30,0.304622
2025-05-31 05:45,0.124288
2025-05-31 06:00,0.091813
2025-05-31 06:15,0.078883
2025-05-31 06:30,0.071564
2025-05-31 06:45,0.041165
2025-05-31 07:00,0.026045
2025-05-31 07:15,0.131719
2025-05-31 07:30,0.917886
2025-05-31 07:45,0.070326
2025-05-31 08:00,0.034143
2025-05-31 08:15,0.045205
2025-05-31 08:30,0.059041
2025-05-31 08:45,0.201841
2025-05-31 09:00,0.09164
2025-05-31 09:15,0.131937
2025-05-31 09:30,0.208223
2025-05-31 09:45,0.043424
2025-05-31 10:00,0.152538
2025-05-31 10:15,0.053806
2025-05-31 10:30,0.06573
2025-05-31 10:45,0.034028
2025-05-31 11:00,0.02385
2025-05-31 11:15,0.034996
2025-05-31 11:30,0.043393
2025-05-31 11:45,0.026242
2025-05-31 12:00,0.031732
2025-05-31 12:15,0.024419
2025-05-31 12:30,0.031035
2025-05-31 12:45,0.016789
2025-05-31 13:00,0.063817
2025-05-31 13:15,0.071223
2025-05-31 13:30,0.076544
2025-05-31 13:45,0.027917
2025-05-31 14:00,0.027531
2025-05-31 14:15,0.025299
2025-05-31 14:30,0.029876
2025-05-31 14:45,0.029619
2025-05-31 15:00,0.026345
2025-05-31 15:15,0.044254
2025-05-31 15:30,0.066058
2025-05-31 15:45,0.047052
2025-05-31 16:00,0.025678
2025-05-31 16:15,0.035592
2025-05-31 16:30,0.059435
2025-05-31 16:45,0.031275
2025-05-31 17:00,0.045138
2025-05-31 17:15,0.029619
2025-05-31 17:30,0.036616
2025-05-31 17:45,0.04294
2025-05-31 18:00,0.081767
2025-05-31 18:15,0.059763
2025-05-31 18:30,0.097101
2025-05-31 18:45,0.045135
2025-05-31 19:00,0.050475
2025-05-31 19:15,0.049781
2025-05-31 19:30,0.032465
2025-05-31 19:45,0.064188
2025-05-31 20:00,0.022075
2025-05-31 20:15,0.011418
2025-05-31 20:30,0.038216
2025-05-31 20:45,0.023493
2025-05-31 21:00,0.032939
2025-05-31 21:15,0.040386
2025-05-31 21:30,0.045104
2025-05-31 21:45,0.042657
2025-05-31 22:00,0.036483
2025-05-31 22:15,0.037766
2025-05-31 22:30,0.020287
2025-05-31 22:45,0.033424
2025-05-31 23:00,0.040011
2025-05-31 23:15,0.045325
2025-05-31 23:30,0.032288
2025-05-31 23:45,0.037158
2025-06-01 00:00,0.048191
2025-06-01 00:15,0.064231
2025-06-01 00:30,0.066448
2025-06-01 00:45,0.060746
2025-06-01 01:00,0.068523
2025-06-01 01:15,0.050102
2025-06-01 01:30,0.089004
2025-06-01 01:45,0.077604
2025-06-01 02:00,0.034996
2025-06-01 02:15,0.038127
2025-06-01 02:30,0.034484
2025-06-01 02:45,0.095844
2025-06-01 03:00,0.107654
2025-06-01 03:15,0.057604
2025-06-01 03:30,0.054006
2025-06-01 03:45,0.037421
2025-06-01 04:00,0.047055
2025-06-01 04:15,0.045758
2025-06-01 04:30,0.062013
2025-06-01 04:45,0.063173
2025-06-01 05:00,0.178804
2025-06-01 05:15,0.129218
2025-06-01 05:30,0.072514
2025-06-01 05:45,0.096938
2025-06-01 06:00,0.091041
2025-06-01 06:15,0.068286
2025-06-01 06:30,0.065147
2025-06-01 06:45,0.085858
2025-06-01 07:00,0.128538
2025-06-01 07:15,0.071824
2025-06-01 07:30,0.055531
2025-06-01 07:45,0.140577
2025-06-01 08:00,0.122324
2025-06-01 08:15,0.121191
2025-06-01 08:30,0.108303
2025-06-01 08:45,0.131704
2025-06-01 09:00,0.242009
2025-06-01 09:15,0.090835
2025-06-01 09:30,0.108236
2025-06-01 09:45,0.0632
2025-06-01 10:00,0.093538
2025-06-01 10:15,0.192925
2025-06-01 10:30,0.160025
2025-06-01 10:45,0.045509
2025-06-01 11:00,0.120162
2025-06-01 11:15,0.05863
2025-06-01 11:30,0.151865
2025-06-01 11:45,0.122971
2025-06-01 12:00,0.133397
2025-06-01 12:15,0.055809
2025-06-01 12:30,0.056697
2025-06-01 12:45,0.126082
2025-06-01 13:00,0.101205
2025-06-01 13:15,0.073089
2025-06-01 13:30,0.079123
2025-06-01 13:45,0.085971
2025-06-01 14:00,0.105614
2025-06-01 14:15,0.120761
2025-06-01 14:30,0.123852
2025-06-01 14:45,0.088201
2025-06-01 15:00,0.075139
2025-06-01 15:15,0.048408
2025-06-01 15:30,0.059113
2025-06-01 15:45,0.078141
2025-06-01 16:00,0.081609
2025-06-01 16:15,0.06484
2025-06-01 16:30,0.093275
2025-06-01 16:45,0.051592
2025-06-01 17:00,0.062568
2025-06-01 17:15,0.048226
2025-06-01 17:30,0.061516
2025-06-01 17:45,0.022799
2025-06-01 18:00,0.085906
2025-06-01 18:15,0.045616
2025-06-01 18:30,0.06268
2025-06-01 18:45,0.034504
2025-06-01 19:00,0.0697
2025-06-01 19:15,0.063422
2025-06-01 19:30,0.089004
2025-06-01 19:45,0.040579
2025-06-01 20:00,0.236892
2025-06-01 20:15,0.076036
2025-06-01 20:30,0.18658
2025-06-01 20:45,0.026147
2025-06-01 21:00,0.056733
2025-06-01 21:15,0.064777
2025-06-01 21:30,0.160781
2025-06-01 21:45,0.075595
2025-06-01 22:00,0.051262
2025-06-01 22:15,0.222255
2025-06-01 22:30,0.070773
2025-06-01 22:45,0.062543
2025-06-01 23:00,0.05345
2025-06-01 23:15,0.113729
2025-06-01 23:30,0.081599
2025-06-01 23:45,0.134242
2025-06-02 00:00,0.268495
2025-06-02 00:15,0.309186
2025-06-02 00:30,0.26809
2025-06-02 00:45,0.266132
2025-06-02 01:00,0.736921
2025-06-02 01:15,0.315728
2025-06-02 01:30,0.43191
2025-06-02 01:45,0.375208
2025-06-02 02:00,0.416458
2025-06-02 02:15,0.448179
2025-06-02 02:30,0.350139
2025-06-02 02:45,0.304774
2025-06-02 03:00,0.191438
2025-06-02 03:15,0.237697
2025-06-02 03:30,0.256588
2025-06-02 03:45,0.294038
2025-06-02 04:00,0.664563
2025-06-02 04:15,0.331497
2025-06-02 04:30,0.231194
2025-06-02 04:45,0.356245
2025-06-02 05:00,0.326592
2025-06-02 05:15,0.262848
2025-06-02 05:30,0.268245
2025-06-02 05:45,0.479286
2025-06-02 06:00,0.631198
2025-06-02 06:15,0.434491
2025-06-02 06:30,0.712058
2025-06-02 06:45,0.55529
2025-06-02 07:00,0.533864
2025-06-02 07:15,0.374459
2025-06-02 07:30,0.428044
2025-06-02 07:45,0.405178
2025-06-02 08:00,0.287435
2025-06-02 08:15,0.461815
2025-06-02 08:30,0.866783
2025-06-02 08:45,0.794403
2025-06-02 09:00,0.842686
2025-06-02 09:15,0.769512
2025-06-02 09:30,0.344705
2025-06-02 09:45,0.115442
2025-06-02 10:00,0.087531
2025-06-02 10:15,0.20923
2025-06-02 10:30,0.352741
2025-06-02 10:45,0.924592
2025-06-02 11:00,0.130513
2025-06-02 11:15,0.208251
2025-06-02 11:30,0.098048
2025-06-02 11:45,0.048426
2025-06-02 12:00,0.181434
2025-06-02 12:15,0.12466
2025-06-02 12:30,0.089888
2025-06-02 12:45,0.076163
2025-06-02 13:00,0.135328
2025-06-02 13:15,0.068061
2025-06-02 13:30,0.085608
2025-06-02 13:45,0.060629
2025-06-02 14:00,0.056067
2025-06-02 14:15,0.054783
2025-06-02 14:30,0.031427
2025-06-02 14:45,0.041394
2025-06-02 15:00,0.07597
2025-06-02 15:15,0.07094
2025-06-02 15:30,0.041342
2025-06-02 15:45,0.032872
2025-06-02 16:00,0.068412
2025-06-02 16:15,0.038305
2025-06-02 16:30,0.184188
2025-06-02 16:45,0.130336
2025-06-02 17:00,0.037598
2025-06-02 17:15,0.041213
2025-06-02 17:30,0.039107
2025-06-02 17:45,0.048424
2025-06-02 18:00,0.049671
2025-06-02 18:15,0.031787
2025-06-02 18:30,0.029877
2025-06-02 18:45,0.033678
2025-06-02 19:00,0.03908
2025-06-02 19:15,0.05008
2025-06-02 19:30,0.020202
2025-06-02 19:45,0.026559
2025-06-02 20:00,0.085307
2025-06-02 20:15,0.024243
2025-06-02 20:30,0.045977
2025-06-02 20:45,0.027913
2025-06-02 21:00,0.026118
2025-06-02 21:15,0.036081
2025-06-02 21:30,0.044839
2025-06-02 21:45,0.044697
2025-06-02 22:00,0.03442
2025-06-02 22:15,0.026318
2025-06-02 22:30,0.034827
2025-06-02 22:45,0.02839
2025-06-02 23:00,0.032987
2025-06-02 23:15,0.030749
2025-06-02 23:30,0.029108
2025-06-02 23:45,0.039654
2025-06-03 00:00,0.027471
2025-06-03 00:15,0.03889
2025-06-03 00:30,0.070254
2025-06-03 00:45,0.067378
2025-06-03 01:00,0.069749
2025-06-03 01:15,0.070697
2025-06-03 01:30,0.100093
2025-06-03 01:45,0.116471
2025-06-03 02:00,0.136344
2025-06-03 02:15,0.16063
2025-06-03 02:30,0.124147
2025-06-03 02:45,0.109111
2025-06-03 03:00,0.268412
2025-06-03 03:15,0.139386
2025-06-03 03:30,0.072833
2025-06-03 03:45,0.180513
2025-06-03 04:00,0.160194
2025-06-03 04:15,0.265352
2025-06-03 04:30,0.22725
2025-06-03 04:45,0.106802
2025-06-03 05:00,0.088672
2025-06-03 05:15,0.128804
2025-06-03 05:30,0.129832
2025-06-03 05:45,0.177496
2025-06-03 06:00,0.134251
2025-06-03 06:15,0.205044
2025-06-03 06:30,0.128562
2025-06-03 06:45,0.104217
2025-06-03 07:00,0.187616
2025-06-03 07:15,0.12565
2025-06-03 07:30,0.210018
2025-06-03 07:45,0.291163
2025-06-03 08:00,0.370872
2025-06-03 08:15,0.319948
2025-06-03 08:30,0.20842
2025-06-03 08:45,0.233992
2025-06-03 09:00,0.207237
2025-06-03 09:15,0.41394
2025-06-03 09:30,0.307784
2025-06-03 09:45,0.108441
2025-06-03 10:00,0.159463
2025-06-03 10:15,0.082117
2025-06-03 10:30,0.186768
2025-06-03 10:45,0.220492
2025-06-03 11:00,0.090837
2025-06-03 11:15,0.070922
2025-06-03 11:30,0.071929
2025-06-03 11:45,0.149368
2025-06-03 12:00,0.11294
2025-06-03 12:15,0.200656
2025-06-03 12:30,0.131624
2025-06-03 12:45,0.115893
2025-06-03 13:00,0.151833
2025-06-03 13:15,0.086299
2025-06-03 13:30,0.13141
2025-06-03 13:45,0.148355
2025-06-03 14:00,0.126493
2025-06-03 14:15,0.05912
2025-06-03 14:30,0.125571
2025-06-03 14:45,0.108836
2025-06-03 15:00,0.068002
2025-06-03 15:15,0.073506
2025-06-03 15:30,0.141517
2025-06-03 15:45,0.262933
2025-06-03 16:00,0.073416
2025-06-03 16:15,0.045722
2025-06-03 16:30,0.072281
2025-06-03 16:45,0.075247
2025-06-03 17:00,0.121379
2025-06-03 17:15,0.169362
2025-06-03 17:30,0.194716
2025-06-03 17:45,0.117644
2025-06-03 18:00,0.075223
2025-06-03 18:15,0.060269
2025-06-03 18:30,0.030298
2025-06-03 18:45,0.022791
2025-06-03 19:00,0.031912
2025-06-03 19:15,0.069586
2025-06-03 19:30,0.045179
2025-06-03 19:45,0.026686
2025-06-03 20:00,0.037582
2025-06-03 20:15,0.054132
2025-06-03 20:30,0.048771
2025-06-03 20:45,0.019179
2025-06-03 21:00,0.03173
2025-06-03 21:15,0.053206
2025-06-03 21:30,0.036483
2025-06-03 21:45,0.051119
2025-06-03 22:00,0.042634
2025-06-03 22:15,0.033906
2025-06-03 22:30,0.031594
2025-06-03 22:45,0.053199
2025-06-03 23:00,0.071109
2025-06-03 23:15,0.131948
2025-06-03 23:30,0.196195
2025-06-03 23:45,0.391869
2025-06-04 00:00,0.45042
2025-06-04 00:00,0.086052
2025-06-04 00:15,0.041115
2025-06-04 00:30,0.037769
2025-06-04 00:45,0.05065
2025-06-04 01:00,0.075256
2025-06-04 01:15,0.128983
2025-06-04 01:30,0.121488
2025-06-04 01:45,0.106719
2025-06-04 02:00,0.103795
2025-06-04 02:15,0.104448
2025-06-04 02:30,0.086123
2025-06-04 02:45,0.041895
2025-06-04 03:00,0.037491
2025-06-04 03:15,0.030594
2025-06-04 03:30,0.037573
2025-06-04 03:45,0.06337
2025-06-04 04:00,0.046527
2025-06-04 04:15,0.206989
2025-06-04 04:30,0.152643
2025-06-04 04:45,0.271178
2025-06-04 05:00,0.354274
2025-06-04 05:15,0.853278
2025-06-04 05:30,0.995876
2025-06-04 05:45,0.526202
2025-06-04 06:00,0.701113
2025-06-04 06:15,0.194621
2025-06-04 06:30,0.137247
2025-06-04 06:45,0.107277
2025-06-04 07:00,0.134194
2025-06-04 07:15,0.145719
2025-06-04 07:30,0.069248
2025-06-04 07:45,0.056656
2025-06-04 08:00,0.053801
2025-06-04 08:15,0.04991
2025-06-04 08:30,0.053214
2025-06-04 08:45,0.034251
2025-06-04 09:00,0.039862
2025-06-04 09:15,0.049582
2025-06-04 09:30,0.069854
2025-06-04 09:45,0.045209
2025-06-04 10:00,0.043091
2025-06-04 10:15,0.032212
2025-06-04 10:30,0.034049
2025-06-04 10:45,0.06195
2025-06-04 11:00,0.031369
2025-06-04 11:15,0.023998
2025-06-04 11:30,0.030491
2025-06-04 11:45,0.046345
2025-06-04 12:00,0.025579
2025-06-04 12:15,0.035803
2025-06-04 12:30,0.057723
2025-06-04 12:45,0.022418
2025-06-04 13:00,0.059743
2025-06-04 13:15,0.03653
2025-06-04 13:30,0.094084
2025-06-04 13:45,0.033939
2025-06-04 14:00,0.013553
2025-06-04 14:15,0.022411
2025-06-04 14:30,0.01116
2025-06-04 14:45,0.007652
2025-06-04 15:00,0.010323
2025-06-04 15:15,0.012324
2025-06-04 15:30,0.012876
2025-06-04 15:45,0.010598
2025-06-04 16:00,0.027836
2025-06-04 16:15,0.008563
2025-06-04 16:30,0.014783
2025-06-04 16:45,0.010086
2025-06-04 17:00,0.014252
2025-06-04 17:15,0.010363
2025-06-04 17:30,0.021623
2025-06-04 17:45,0.018693
2025-06-04 18:00,0.02323
2025-06-04 18:15,0.014943
2025-06-04 18:30,0.014419
2025-06-04 18:45,0.006335
2025-06-04 19:00,0.0049
2025-06-04 19:15,0.006528
2025-06-04 19:30,0.005756
2025-06-04 19:45,0.007134
2025-06-04 20:00,0.01163
2025-06-04 20:15,0.011466
2025-06-04 20:30,0.007951
2025-06-04 20:45,0.013866
2025-06-04 21:00,0.016918
2025-06-04 21:15,0.011569
2025-06-04 21:30,0.012219
2025-06-04 21:45,0.005154
2025-06-04 22:00,0.01677
2025-06-04 22:15,0.007581
2025-06-04 22:30,0.008838
2025-06-04 22:45,0.008616
2025-06-04 23:00,0.007221
2025-06-04 23:15,0.013233
2025-06-04 23:30,0.023902
2025-06-04 23:45,0.03182
2025-06-05 00:00,0.047976
2025-06-05 00:15,0.026514
2025-06-05 00:30,0.0438
2025-06-05 00:45,0.065885
2025-06-05 01:00,0.124153
2025-06-05 01:15,0.078166
2025-06-05 01:30,0.041476
2025-06-05 01:45,0.059567
2025-06-05 02:00,0.100863
2025-06-05 02:15,0.057975
2025-06-05 02:30,0.04657
2025-06-05 02:45,0.054285
2025-06-05 03:00,0.02986
2025-06-05 03:15,0.05517
2025-06-05 03:30,0.064526
2025-06-05 03:45,0.074563
2025-06-05 04:00,0.061759
2025-06-05 04:15,0.058382
2025-06-05 04:30,0.047122
2025-06-05 04:45,0.063231
2025-06-05 05:00,0.063877
2025-06-05 05:15,0.065344
2025-06-05 05:30,0.066962
2025-06-05 05:45,0.05107
2025-06-05 06:00,0.051228
2025-06-05 06:15,0.050291
2025-06-05 06:30,0.091729
2025-06-05 06:45,0.064954
2025-06-05 07:00,0.069264
2025-06-05 07:15,0.122051
2025-06-05 07:30,0.042015
2025-06-05 07:45,0.084505
2025-06-05 08:00,0.054222
2025-06-05 08:15,0.069812
2025-06-05 08:30,0.107292
2025-06-05 08:45,0.05066
2025-06-05 09:00,0.055907
2025-06-05 09:15,0.068143
2025-06-05 09:30,0.038474
2025-06-05 09:45,0.04532
2025-06-05 10:00,0.036361
2025-06-05 10:15,0.043128
2025-06-05 10:30,0.022111
2025-06-05 10:45,0.023651
2025-06-05 11:00,0.024352
2025-06-05 11:15,0.023229
2025-06-05 11:30,0.019225
2025-06-05 11:45,0.016673
2025-06-05 12:00,0.016855
2025-06-05 12:15,0.028679
2025-06-05 12:30,0.022599
2025-06-05 12:45,0.030534
2025-06-05 13:00,0.031615
2025-06-05 13:15,0.047143
2025-06-05 13:30,0.025872
2025-06-05 13:45,0.013991
2025-06-05 14:00,0.009039
2025-06-05 14:15,0.012633
2025-06-05 14:30,0.006475
2025-06-05 14:45,0.096012
2025-06-05 15:00,0.013496
2025-06-05 15:15,0.026919
2025-06-05 15:30,0.059985
2025-06-05 15:45,0.008128
2025-06-05 16:00,0.004562
2025-06-05 16:15,0.022471
2025-06-05 16:30,0.015314
2025-06-05 16:45,0.015123
2025-06-05 17:00,0.017859
2025-06-05 17:15,0.007732
2025-06-05 17:30,0.015016
2025-06-05 17:45,0.009453
2025-06-05 18:00,0.016295
2025-06-05 18:15,0.008177
2025-06-05 18:30,0.004345
2025-06-05 18:45,0.016382
2025-06-05 19:00,0.009061
2025-06-05 19:15,0.013604
2025-06-05 19:30,0.007539
2025-06-05 19:45,0.005816
2025-06-05 20:00,0.004078
2025-06-05 20:15,0.004693
2025-06-05 20:30,0.014047
2025-06-05 20:45,0.006208
2025-06-05 21:00,0.00642
2025-06-05 21:15,0.007361
2025-06-05 21:30,0.010897
2025-06-05 21:45,0.004484
2025-06-05 22:00,0.002602
2025-06-05 22:15,0.003242
2025-06-05 22:30,0.008052
2025-06-05 22:45,0.002798
2025-06-05 23:00,0.008567
2025-06-05 23:15,0.007263
2025-06-05 23:30,0.013982
2025-06-05 23:45,0.008623
2025-06-06 00:00,0.008241
2025-06-06 00:15,0.011093
2025-06-06 00:30,0.010995
2025-06-06 00:45,0.004255
2025-06-06 01:00,0.012008
2025-06-06 01:15,0.00637
2025-06-06 01:30,0.010337
2025-06-06 01:45,0.011654
2025-06-06 02:00,0.009897
2025-06-06 02:15,0.011505
2025-06-06 02:30,0.007504
2025-06-06 02:45,0.009508
2025-06-06 03:00,0.011247
2025-06-06 03:15,0.017033
2025-06-06 03:30,0.019336
2025-06-06 03:45,0.007993
2025-06-06 04:00,0.014795
2025-06-06 04:15,0.018293
2025-06-06 04:30,0.016158
2025-06-06 04:45,0.011903
2025-06-06 05:00,0.0256
2025-06-06 05:15,0.0214
2025-06-06 05:30,0.017819
2025-06-06 05:45,0.023161
2025-06-06 06:00,0.020254
2025-06-06 06:15,0.019952
2025-06-06 06:30,0.02526
2025-06-06 06:45,0.009861
2025-06-06 07:00,0.030509
2025-06-06 07:15,0.023544
2025-06-06 07:30,0.02381
2025-06-06 07:45,0.018479
2025-06-06 08:00,0.027453
2025-06-06 08:15,0.036321
2025-06-06 08:30,0.021326
2025-06-06 08:45,0.020972
2025-06-06 09:00,0.035909
2025-06-06 09:15,0.054645
2025-06-06 09:30,0.02815
2025-06-06 09:45,0.020964
2025-06-06 10:00,0.014124
2025-06-06 10:15,0.032052
2025-06-06 10:30,0.015356
2025-06-06 10:45,0.019122
2025-06-06 11:00,0.019911
2025-06-06 11:15,0.022838
2025-06-06 11:30,0.024825
2025-06-06 11:45,0.012801
2025-06-06 12:00,0.019026
2025-06-06 12:15,0.016605
2025-06-06 12:30,0.01993
2025-06-06 12:45,0.021891
2025-06-06 13:00,0.030146
2025-06-06 13:15,0.036449
2025-06-06 13:30,0.02778
2025-06-06 13:45,0.00889
2025-06-06 14:00,0.014077
2025-06-06 14:15,0.01002
2025-06-06 14:30,0.01069
2025-06-06 14:45,0.01906
2025-06-06 15:00,0.012585
2025-06-06 15:15,0.061798
2025-06-06 15:30,0.014459
2025-06-06 15:45,0.013293
2025-06-06 16:00,0.008658
2025-06-06 16:15,0.008763
2025-06-06 16:30,0.016407
2025-06-06 16:45,0.008755
2025-06-06 17:00,0.017636
2025-06-06 17:15,0.007472
2025-06-06 17:30,0.012612
2025-06-06 17:45,0.007379
2025-06-06 18:00,0.019412
2025-06-06 18:15,0.010787
2025-06-06 18:30,0.015341
2025-06-06 18:45,0.006433
2025-06-06 19:00,0.015361
2025-06-06 19:15,0.004957
2025-06-06 19:30,0.003208
2025-06-06 19:45,0.007075
2025-06-06 20:00,0.006962
2025-06-06 20:15,0.042924
2025-06-06 20:30,0.206216
2025-06-06 20:45,0.022681
2025-06-06 21:00,0.008233
2025-06-06 21:15,0.010128
2025-06-06 21:30,0.004782
2025-06-06 21:45,0.007837
2025-06-06 22:00,0.012239
2025-06-06 22:15,0.009828
2025-06-06 22:30,0.009386
2025-06-06 22:45,0.007046
2025-06-06 23:00,0.005003
2025-06-06 23:15,0.016886
2025-06-06 23:30,0.01125
2025-06-06 23:45,0.008446
2025-06-07 00:00,0.005588
2025-06-07 00:15,0.013531
2025-06-07 00:30,0.008778
2025-06-07 00:45,0.015247
2025-06-07 01:00,0.01036
2025-06-07 01:15,0.008508
2025-06-07 01:30,0.009687
2025-06-07 01:45,0.012279
2025-06-07 02:00,0.008707
2025-06-07 02:15,0.011847
2025-06-07 02:30,0.01562
2025-06-07 02:45,0.013173
2025-06-07 03:00,0.007976
2025-06-07 03:15,0.011409
2025-06-07 03:30,0.008271
2025-06-07 03:45,0.010311
2025-06-07 04:00,0.009286
2025-06-07 04:15,0.012242
2025-06-07 04:30,0.010648
2025-06-07 04:45,0.026922
2025-06-07 05:00,0.01501
2025-06-07 05:15,0.013923
2025-06-07 05:30,0.015231
2025-06-07 05:45,0.019168
2025-06-07 06:00,0.01757
2025-06-07 06:15,0.015908
2025-06-07 06:30,0.01879
2025-06-07 06:45,0.026449
2025-06-07 07:00,0.015508
2025-06-07 07:15,0.021696
2025-06-07 07:30,0.036936
2025-06-07 07:45,0.020532
2025-06-07 08:00,0.019501
2025-06-07 08:15,0.038986
2025-06-07 08:30,0.025502
2025-06-07 08:45,0.037081
2025-06-07 09:00,0.013977
2025-06-07 09:15,0.049503
2025-06-07 09:30,0.024885
2025-06-07 09:45,0.07552
2025-06-07 10:00,0.015073
2025-06-07 10:15,0.018718
2025-06-07 10:30,0.026843
2025-06-07 10:45,0.026037
2025-06-07 11:00,0.020876
2025-06-07 11:15,0.013552
2025-06-07 11:30,0.01757
2025-06-07 11:45,0.011916
2025-06-07 12:00,0.019487
2025-06-07 12:15,0.023162
2025-06-07 12:30,0.020237
2025-06-07 12:45,0.01328
2025-06-07 13:00,0.031025
2025-06-07 13:15,0.020925
2025-06-07 13:30,0.017963
2025-06-07 13:45,0.012518
2025-06-07 14:00,0.017772
2025-06-07 14:15,0.017613
2025-06-07 14:30,0.017474
2025-06-07 14:45,0.013991
2025-06-07 15:00,0.01364
2025-06-07 15:15,0.012156
2025-06-07 15:30,0.014851
2025-06-07 15:45,0.011157
2025-06-07 16:00,0.013041
2025-06-07 16:15,0.028139
2025-06-07 16:30,0.009222
2025-06-07 16:45,0.010975
2025-06-07 17:00,0.012903
2025-06-07 17:15,0.017688
2025-06-07 17:30,0.043607
2025-06-07 17:45,0.007634
2025-06-07 18:00,0.012438
2025-06-07 18:15,0.01078
2025-06-07 18:30,0.012536
2025-06-07 18:45,0.008953
2025-06-07 19:00,0.002829
2025-06-07 19:15,0.012478
2025-06-07 19:30,0.009446
2025-06-07 19:45,0.005412
2025-06-07 20:00,0.008855
2025-06-07 20:15,0.014241
2025-06-07 20:30,0.007052
2025-06-07 20:45,0.004547
2025-06-07 21:00,0.068841
2025-06-07 21:15,0.014046
2025-06-07 21:30,0.018222
2025-06-07 21:45,0.01953
2025-06-07 22:00,0.012767
2025-06-07 22:15,0.02973
2025-06-07 22:30,0.010964
2025-06-07 22:45,0.006671
2025-06-07 23:00,0.00482
2025-06-07 23:15,0.007609
2025-06-07 23:30,0.006674
2025-06-07 23:45,0.007994
2025-06-08 00:00,0.011505
2025-06-08 00:15,0.004054
2025-06-08 00:30,0.006367
2025-06-08 00:45,0.007288
2025-06-08 01:00,0.011523
2025-06-08 01:15,0.007816
2025-06-08 01:30,0.006062
2025-06-08 01:45,0.015994
2025-06-08 02:00,0.016557
2025-06-08 02:15,0.008201
2025-06-08 02:30,0.010971
2025-06-08 02:45,0.009104
2025-06-08 03:00,0.009835
2025-06-08 03:15,0.008359
2025-06-08 03:30,0.016258
2025-06-08 03:45,0.015508
2025-06-08 04:00,0.013397
2025-06-08 04:15,0.009145
2025-06-08 04:30,0.009656
2025-06-08 04:45,0.009644
2025-06-08 05:00,0.021153
2025-06-08 05:15,0.012289
2025-06-08 05:30,0.025051
2025-06-08 05:45,0.024256
2025-06-08 06:00,0.027065
2025-06-08 06:15,0.014137
2025-06-08 06:30,0.021101
2025-06-08 06:45,0.01859
2025-06-08 07:00,0.021698
2025-06-08 07:15,0.056584
2025-06-08 07:30,0.110759
2025-06-08 07:45,0.033655
2025-06-08 08:00,0.127474
2025-06-08 08:15,0.01783
2025-06-08 08:30,0.018199
2025-06-08 08:45,0.021761
2025-06-08 09:00,0.015616
2025-06-08 09:15,0.025819
2025-06-08 09:30,0.018464
2025-06-08 09:45,0.012559
2025-06-08 10:00,0.015836
2025-06-08 10:15,0.016665
2025-06-08 10:30,0.050872
2025-06-08 10:45,0.0262
2025-06-08 11:00,0.034869
2025-06-08 11:15,0.01307
2025-06-08 11:30,0.011262
2025-06-08 11:45,0.024473
2025-06-08 12:00,0.069757
2025-06-08 12:15,0.019234
2025-06-08 12:30,0.038689
2025-06-08 12:45,0.101003
2025-06-08 13:00,0.016238
2025-06-08 13:15,0.035455
2025-06-08 13:30,0.016603
2025-06-08 13:45,0.009249
2025-06-08 14:00,0.015899
2025-06-08 14:15,0.020453
2025-06-08 14:30,0.032724
2025-06-08 14:45,0.039076
2025-06-08 15:00,0.00925
2025-06-08 15:15,0.021023
2025-06-08 15:30,0.010016
2025-06-08 15:45,0.035377
2025-06-08 16:00,0.147873
2025-06-08 16:15,0.162575
2025-06-08 16:30,0.015494
2025-06-08 16:45,0.014293
2025-06-08 17:00,0.011415
2025-06-08 17:15,0.015753
2025-06-08 17:30,0.008034
2025-06-08 17:45,0.00862
2025-06-08 18:00,0.025032
2025-06-08 18:15,0.012982
2025-06-08 18:30,0.012998
2025-06-08 18:45,0.00561
2025-06-08 19:00,0.009097
2025-06-08 19:15,0.01738
2025-06-08 19:30,0.011165
2025-06-08 19:45,0.009262
2025-06-08 20:00,0.005187
2025-06-08 20:15,0.015311
2025-06-08 20:30,0.005531
2025-06-08 20:45,0.002115
2025-06-08 21:00,0.007274
2025-06-08 21:15,0.00458
2025-06-08 21:30,0.017702
2025-06-08 21:45,0.004976
2025-06-08 22:00,0.004255
2025-06-08 22:15,0.005303
2025-06-08 22:30,0.014988
2025-06-08 22:45,0.007347
2025-06-08 23:00,0.010911
2025-06-08 23:15,0.031603
2025-06-08 23:30,0.020547
2025-06-08 23:45,0.033149
2025-06-09 00:00,0.062643
2025-06-09 00:15,0.044097
2025-06-09 00:30,0.032358
2025-06-09 00:45,0.044869
2025-06-09 01:00,0.070172
2025-06-09 01:15,0.050743
2025-06-09 01:30,0.139577
2025-06-09 01:45,0.088254
2025-06-09 02:00,0.071534
2025-06-09 02:15,0.137596
2025-06-09 02:30,0.039482
2025-06-09 02:45,0.027616
2025-06-09 03:00,0.042247
2025-06-09 03:15,0.02836
2025-06-09 03:30,0.025188
2025-06-09 03:45,0.035169
2025-06-09 04:00,0.064339
2025-06-09 04:15,0.053565
2025-06-09 04:30,0.123364
2025-06-09 04:45,0.064527
2025-06-09 05:00,0.102771
2025-06-09 05:15,0.033571
2025-06-09 05:30,0.065609
2025-06-09 05:45,0.081811
2025-06-09 06:00,0.054111
2025-06-09 06:15,0.059402
2025-06-09 06:30,0.072804
2025-06-09 06:45,0.06852
2025-06-09 07:00,0.064911
2025-06-09 07:15,0.088065
2025-06-09 07:30,0.064211
2025-06-09 07:45,0.058534
2025-06-09 08:00,0.062754
2025-06-09 08:15,0.057631
2025-06-09 08:30,0.064919
2025-06-09 08:45,0.075244
2025-06-09 09:00,0.103133
2025-06-09 09:15,0.026647
2025-06-09 09:30,0.034098
2025-06-09 09:45,0.019908
2025-06-09 10:00,0.109018
2025-06-09 10:15,0.020055
2025-06-09 10:30,0.034641
2025-06-09 10:45,0.039451
2025-06-09 11:00,0.051319
2025-06-09 11:15,0.071089
2025-06-09 11:30,0.034126
2025-06-09 11:45,0.013757
2025-06-09 12:00,0.036367
2025-06-09 12:15,0.021955
2025-06-09 12:30,0.028366
2025-06-09 12:45,0.024142
2025-06-09 13:00,0.014874
2025-06-09 13:15,0.007675
2025-06-09 13:30,0.009787
2025-06-09 13:45,0.009442
2025-06-09 14:00,0.014516
2025-06-09 14:15,0.020313
2025-06-09 14:30,0.029851
2025-06-09 14:45,0.02065
2025-06-09 15:00,0.014679
2025-06-09 15:15,0.011902
2025-06-09 15:30,0.009581
2025-06-09 15:45,0.01587
2025-06-09 16:00,0.008137
2025-06-09 16:15,0.012464
2025-06-09 16:30,0.005343
2025-06-09 16:45,0.005124
2025-06-09 17:00,0.008548
2025-06-09 17:15,0.001651
2025-06-09 17:30,0.012753
2025-06-09 17:45,0.006477
2025-06-09 18:00,0.007507
2025-06-09 18:15,0.006533
2025-06-09 18:30,0.003809
2025-06-09 18:45,0.002025
2025-06-09 19:00,0.010234
2025-06-09 19:15,0.008089
2025-06-09 19:30,0.018513
2025-06-09 19:45,0.010103
2025-06-09 20:00,0.007183
2025-06-09 20:15,0.003141
2025-06-09 20:30,0.003893
2025-06-09 20:45,0.001923
2025-06-09 21:00,0.003986
2025-06-09 21:15,0.006458
2025-06-09 21:30,0.003764
2025-06-09 21:45,0.001525
2025-06-09 22:00,0.007124
2025-06-09 22:15,0.001371
2025-06-09 22:30,0.008491
2025-06-09 22:45,0.009719
2025-06-09 23:00,0.013997
2025-06-09 23:15,0.01101
2025-06-09 23:30,0.011754
2025-06-09 23:45,0.02357
2025-06-10 00:00,0.042491
2025-06-10 00:15,0.050003
2025-06-10 00:30,0.035569
2025-06-10 00:45,0.038365
2025-06-10 01:00,0.185322
2025-06-10 01:15,0.281836
2025-06-10 01:30,0.13627
2025-06-10 01:45,0.054049
2025-06-10 02:00,0.069886
2025-06-10 02:15,0.09532
2025-06-10 02:30,0.032268
2025-06-10 02:45,0.065327
2025-06-10 03:00,0.031252
2025-06-10 03:15,0.029441
2025-06-10 03:30,0.046019
2025-06-10 03:45,0.057244
2025-06-10 04:00,0.05864
2025-06-10 04:15,0.083274
2025-06-10 04:30,0.08171
2025-06-10 04:45,0.344839
2025-06-10 05:00,1.0
2025-06-10 05:15,0.913096
2025-06-10 05:30,0.238218
2025-06-10 05:45,0.111039
2025-06-10 06:00,0.934786
2025-06-10 06:15,0.077093
2025-06-10 06:30,0.218987
2025-06-10 06:45,0.378518
2025-06-10 07:00,0.12883
2025-06-10 07:15,0.318728
2025-06-10 07:30,0.102617
2025-06-10 07:45,0.07473
2025-06-10 08:00,0.066217
2025-06-10 08:15,0.066933
2025-06-10 08:30,0.065113
2025-06-10 08:45,0.131951
2025-06-10 09:00,0.056828
2025-06-10 09:15,0.074526
2025-06-10 09:30,0.095903
2025-06-10 09:45,0.077191
2025-06-10 10:00,0.09585
2025-06-10 10:15,0.02542
2025-06-10 10:30,0.02745
2025-06-10 10:45,0.038922
2025-06-10 11:00,0.042698
2025-06-10 11:15,0.018058
2025-06-10 11:30,0.020482
2025-06-10 11:45,0.034399
2025-06-10 12:00,0.023081
2025-06-10 12:15,0.027117
2025-06-10 12:30,0.030215
2025-06-10 12:45,0.020492
2025-06-10 13:00,0.036896
2025-06-10 13:15,0.032746
2025-06-10 13:30,0.022947
2025-06-10 13:45,0.025258
2025-06-10 14:00,0.023092
2025-06-10 14:15,0.016285
2025-06-10 14:30,0.035389
2025-06-10 14:45,0.040388
2025-06-10 15:00,0.027297
2025-06-10 15:15,0.026201
2025-06-10 15:30,0.01509
2025-06-10 15:45,0.014413
2025-06-10 16:00,0.498719
2025-06-10 16:15,0.351925
2025-06-10 16:30,0.330879
2025-06-10 16:45,0.007669
2025-06-10 17:00,0.018666
2025-06-10 17:15,0.007182
2025-06-10 17:30,0.010906
2025-06-10 17:45,0.030746
2025-06-10 18:00,0.026083
2025-06-10 18:15,0.007087
2025-06-10 18:30,0.007998
2025-06-10 18:45,0.016079
2025-06-10 19:00,0.00633
2025-06-10 19:15,0.010118
2025-06-10 19:30,0.062064
2025-06-10 19:45,0.050756
2025-06-10 20:00,0.055546
2025-06-10 20:15,0.006649
2025-06-10 20:30,0.004133
2025-06-10 20:45,0.010095
2025-06-10 21:00,0.012825
2025-06-10 21:15,0.015144
2025-06-10 21:30,0.01991
2025-06-10 21:45,0.010043
2025-06-10 22:00,0.006436
2025-06-10 22:15,0.008482
2025-06-10 22:30,0.006832
2025-06-10 22:45,0.008941
2025-06-10 23:00,0.048249
2025-06-10 23:15,0.020606
2025-06-10 23:30,0.035213
2025-06-10 23:45,0.053371
2025-06-11 00:00,0.05431
2025-06-11 00:00,0.14682
2025-06-11 00:15,0.268917
2025-06-11 00:30,0.148295
2025-06-11 00:45,0.136648
2025-06-11 01:00,0.237716
2025-06-11 01:15,0.163462
2025-06-11 01:30,0.224214
2025-06-11 01:45,0.26928
2025-06-11 02:00,0.343967
2025-06-11 02:15,0.185218
2025-06-11 02:30,0.171938
2025-06-11 02:45,0.09302
2025-06-11 03:00,0.177573
2025-06-11 03:15,0.160553
2025-06-11 03:30,0.177796
2025-06-11 03:45,0.162226
2025-06-11 04:00,0.131794
2025-06-11 04:15,0.217283
2025-06-11 04:30,0.258062
2025-06-11 04:45,0.254687
2025-06-11 05:00,0.686304
2025-06-11 05:15,0.145134
2025-06-11 05:30,0.135807
2025-06-11 05:45,0.128559
2025-06-11 06:00,0.21551
2025-06-11 06:15,0.193366
2025-06-11 06:30,0.145489
2025-06-11 06:45,0.147883
2025-06-11 07:00,0.204895
2025-06-11 07:15,0.172793
2025-06-11 07:30,0.211374
2025-06-11 07:45,0.650446
2025-06-11 08:00,0.308342
2025-06-11 08:15,0.303643
2025-06-11 08:30,0.183662
2025-06-11 08:45,0.116961
2025-06-11 09:00,0.106135
2025-06-11 09:15,0.093962
2025-06-11 09:30,0.062353
2025-06-11 09:45,0.163589
2025-06-11 10:00,0.159788
2025-06-11 10:15,0.177236
2025-06-11 10:30,0.366344
2025-06-11 10:45,0.257939
2025-06-11 11:00,0.098908
2025-06-11 11:15,0.078602
2025-06-11 11:30,0.096081
2025-06-11 11:45,0.119936
2025-06-11 12:00,0.088309
2025-06-11 12:15,0.102102
2025-06-11 12:30,0.071336
2025-06-11 12:45,0.142959
2025-06-11 13:00,0.054035
2025-06-11 13:15,0.048502
2025-06-11 13:30,0.053588
2025-06-11 13:45,0.288979
2025-06-11 14:00,0.081228
2025-06-11 14:15,0.093462
2025-06-11 14:30,0.111909
2025-06-11 14:45,0.046894
2025-06-11 15:00,0.137048
2025-06-11 15:15,0.054987
2025-06-11 15:30,0.070944
2025-06-11 15:45,0.072766
2025-06-11 16:00,0.042907
2025-06-11 16:15,0.03918
2025-06-11 16:30,0.074385
2025-06-11 16:45,0.048087
2025-06-11 17:00,0.042187
2025-06-11 17:15,0.009893
2025-06-11 17:30,0.026841
2025-06-11 17:45,0.032948
2025-06-11 18:00,0.039801
2025-06-11 18:15,0.014791
2025-06-11 18:30,0.130483
2025-06-11 18:45,0.013603
2025-06-11 19:00,0.019306
2025-06-11 19:15,0.015784
2025-06-11 19:30,0.091194
2025-06-11 19:45,0.064217
2025-06-11 20:00,0.010454
2025-06-11 20:15,0.026087
2025-06-11 20:30,0.036036
2025-06-11 20:45,0.035406
2025-06-11 21:00,0.057652
2025-06-11 21:15,0.04022
2025-06-11 21:30,0.042245
2025-06-11 21:45,0.032354
2025-06-11 22:00,0.024415
2025-06-11 22:15,0.012943
2025-06-11 22:30,0.035258
2025-06-11 22:45,0.041644
2025-06-11 23:00,0.036131
2025-06-11 23:15,0.036378
2025-06-11 23:30,0.067048
2025-06-11 23:45,0.084381
2025-06-12 00:00,0.146935
2025-06-12 00:15,0.103324
2025-06-12 00:30,0.167101
2025-06-12 00:45,0.14546
2025-06-12 01:00,0.154266
2025-06-12 01:15,0.1034
2025-06-12 01:30,0.136602
2025-06-12 01:45,0.122072
2025-06-12 02:00,0.146313
2025-06-12 02:15,0.121809
2025-06-12 02:30,0.122397
2025-06-12 02:45,0.056824
2025-06-12 03:00,0.095449
2025-06-12 03:15,0.173922
2025-06-12 03:30,0.10337
2025-06-12 03:45,0.057541
2025-06-12 04:00,0.123153
2025-06-12 04:15,0.124272
2025-06-12 04:30,0.096307
2025-06-12 04:45,0.134475
2025-06-12 05:00,0.155931
2025-06-12 05:15,0.177975
2025-06-12 05:30,0.205046
2025-06-12 05:45,0.259734
2025-06-12 06:00,0.144921
2025-06-12 06:15,0.112613
2025-06-12 06:30,0.37255
2025-06-12 06:45,0.328013
2025-06-12 07:00,0.176647
2025-06-12 07:15,0.179648
2025-06-12 07:30,0.356506
2025-06-12 07:45,0.329055
2025-06-12 08:00,0.119095
2025-06-12 08:15,0.19074
2025-06-12 08:30,0.121939
2025-06-12 08:45,0.140493
2025-06-12 09:00,0.076991
2025-06-12 09:15,0.05282
2025-06-12 09:30,0.055085
2025-06-12 09:45,0.048091
2025-06-12 10:00,0.070831
2025-06-12 10:15,0.246654
2025-06-12 10:30,0.053748
2025-06-12 10:45,0.209732
2025-06-12 11:00,0.376347
2025-06-12 11:15,0.127082
2025-06-12 11:30,0.026786
2025-06-12 11:45,0.039508
2025-06-12 12:00,0.068097
2025-06-12 12:15,0.084257
2025-06-12 12:30,0.048045
2025-06-12 12:45,0.067665
2025-06-12 13:00,0.027635
2025-06-12 13:15,0.033599
2025-06-12 13:30,0.09458
2025-06-12 13:45,0.087899
2025-06-12 14:00,0.030612
2025-06-12 14:15,0.038372
2025-06-12 14:30,0.059176
2025-06-12 14:45,0.033461
2025-06-12 15:00,0.048174
2025-06-12 15:15,0.044045
2025-06-12 15:30,0.0427
2025-06-12 15:45,0.050473
2025-06-12 16:00,0.026799
2025-06-12 16:15,0.025817
2025-06-12 16:30,0.028492
2025-06-12 16:45,0.027282
2025-06-12 17:00,0.017459
2025-06-12 17:15,0.011051
2025-06-12 17:30,0.014327
2025-06-12 17:45,0.013315
2025-06-12 18:00,0.027255
2025-06-12 18:15,0.031572
2025-06-12 18:30,0.007474
2025-06-12 18:45,0.007333
2025-06-12 19:00,0.008721
2025-06-12 19:15,0.030604
2025-06-12 19:30,0.012274
2025-06-12 19:45,0.00728
2025-06-12 20:00,0.015407
2025-06-12 20:15,0.008374
2025-06-12 20:30,0.017467
2025-06-12 20:45,0.015018
2025-06-12 21:00,0.017487
2025-06-12 21:15,0.009368
2025-06-12 21:30,0.043267
2025-06-12 21:45,0.038106
2025-06-12 22:00,0.014225
2025-06-12 22:15,0.006987
2025-06-12 22:30,0.004911
2025-06-12 22:45,0.021955
2025-06-12 23:00,0.021104
2025-06-12 23:15,0.026541
2025-06-12 23:30,0.023942
2025-06-12 23:45,0.05747
2025-06-13 00:00,0.086672
2025-06-13 00:15,0.129067
2025-06-13 00:30,0.166112
2025-06-13 00:45,0.092425
2025-06-13 01:00,0.173034
2025-06-13 01:15,0.136252
2025-06-13 01:30,0.106728
2025-06-13 01:45,0.109349
2025-06-13 02:00,0.170109
2025-06-13 02:15,0.097865
2025-06-13 02:30,0.074838
2025-06-13 02:45,0.074103
2025-06-13 03:00,0.096249
2025-06-13 03:15,0.071466
2025-06-13 03:30,0.092666
2025-06-13 03:45,0.064108
2025-06-13 04:00,0.062245
2025-06-13 04:15,0.164931
2025-06-13 04:30,0.249212
2025-06-13 04:45,0.27414
2025-06-13 05:00,0.255533
2025-06-13 05:15,0.105178
2025-06-13 05:30,0.161177
2025-06-13 05:45,0.145198
2025-06-13 06:00,0.099163
2025-06-13 06:15,0.203511
2025-06-13 06:30,0.150566
2025-06-13 06:45,0.08242
2025-06-13 07:00,0.14994
2025-06-13 07:15,0.205544
2025-06-13 07:30,0.182196
2025-06-13 07:45,0.235631
2025-06-13 08:00,0.22314
2025-06-13 08:15,0.085461
2025-06-13 08:30,0.222384
2025-06-13 08:45,0.321831
2025-06-13 09:00,0.067293
2025-06-13 09:15,0.071406
2025-06-13 09:30,0.041236
2025-06-13 09:45,0.123304
2025-06-13 10:00,0.138953
2025-06-13 10:15,0.039931
2025-06-13 10:30,0.032147
2025-06-13 10:45,0.033562
2025-06-13 11:00,0.040387
2025-06-13 11:15,0.070114
2025-06-13 11:30,0.13664
2025-06-13 11:45,0.31956
2025-06-13 12:00,0.246978
2025-06-13 12:15,0.167224
2025-06-13 12:30,0.078021
2025-06-13 12:45,0.064091
2025-06-13 13:00,0.024614
2025-06-13 13:15,0.027165
2025-06-13 13:30,0.068293
2025-06-13 13:45,0.016696
2025-06-13 14:00,0.006417
2025-06-13 14:15,0.033216
2025-06-13 14:30,0.012739
2025-06-13 14:45,0.011488
2025-06-13 15:00,0.01596
2025-06-13 15:15,0.024682
2025-06-13 15:30,0.010605
2025-06-13 15:45,0.010711
2025-06-13 16:00,0.019716
2025-06-13 16:15,0.056236
2025-06-13 16:30,0.049274
2025-06-13 16:45,0.053751
2025-06-13 17:00,0.044272
2025-06-13 17:15,0.030614
2025-06-13 17:30,0.022745
2025-06-13 17:45,0.00574
2025-06-13 18:00,0.018968
2025-06-13 18:15,0.026283
2025-06-13 18:30,0.003813
2025-06-13 18:45,0.002153
2025-06-13 19:00,0.003574
2025-06-13 19:15,0.001825
2025-06-13 19:30,0.003424
2025-06-13 19:45,0.009778
2025-06-13 20:00,0.00887
2025-06-13 20:15,0.000989
2025-06-13 20:30,0.020927
2025-06-13 20:45,0.012436
2025-06-13 21:00,0.013147
2025-06-13 21:15,0.000209
2025-06-13 21:30,0.017646
2025-06-13 21:45,0.023631
2025-06-13 22:00,0.005928
2025-06-13 22:15,0.00031
2025-06-13 22:30,0.005334
2025-06-13 22:45,0.006614
2025-06-13 23:00,0.001804
2025-06-13 23:15,0.003019
2025-06-13 23:30,0.004545
2025-06-13 23:45,0.006159
2025-06-14 00:00,0.011545
2025-06-14 00:15,0.024485
2025-06-14 00:30,0.016243
2025-06-14 00:45,0.012444
2025-06-14 01:00,0.023811
2025-06-14 01:15,0.013451
2025-06-14 01:30,0.008489
2025-06-14 01:45,0.044739
2025-06-14 02:00,0.013177
2025-06-14 02:15,0.014248
2025-06-14 02:30,0.022481
2025-06-14 02:45,0.03194
2025-06-14 03:00,0.022438
2025-06-14 03:15,0.017255
2025-06-14 03:30,0.036164
2025-06-14 03:45,0.043944
2025-06-14 04:00,0.048103
2025-06-14 04:15,0.043273
2025-06-14 04:30,0.030291
2025-06-14 04:45,0.05383
2025-06-14 05:00,0.025362
2025-06-14 05:15,0.033407
2025-06-14 05:30,0.041423
2025-06-14 05:45,0.050851
2025-06-14 06:00,0.037723
2025-06-14 06:15,0.058775
2025-06-14 06:30,0.062324
2025-06-14 06:45,0.031673
2025-06-14 07:00,0.060736
2025-06-14 07:15,0.056336
2025-06-14 07:30,0.06423
2025-06-14 07:45,0.062955
2025-06-14 08:00,0.040722
2025-06-14 08:15,0.077023
2025-06-14 08:30,0.034269
2025-06-14 08:45,0.220031
2025-06-14 09:00,0.331848
2025-06-14 09:15,0.031515
2025-06-14 09:30,0.031685
2025-06-14 09:45,0.16753
2025-06-14 10:00,0.206558
2025-06-14 10:15,0.199053
2025-06-14 10:30,0.114032
2025-06-14 10:45,0.009863
2025-06-14 11:00,0.013402
2025-06-14 11:15,0.039153
2025-06-14 11:30,0.024106
2025-06-14 11:45,0.033227
2025-06-14 12:00,0.027316
2025-06-14 12:15,0.055956
2025-06-14 12:30,0.100124
2025-06-14 12:45,0.040608
2025-06-14 13:00,0.045764
2025-06-14 13:15,0.060692
2025-06-14 13:30,0.065152
2025-06-14 13:45,0.050856
2025-06-14 14:00,0.031075
2025-06-14 14:15,0.021314
2025-06-14 14:30,0.034953
2025-06-14 14:45,0.069644
2025-06-14 15:00,0.172034
2025-06-14 15:15,0.02512
2025-06-14 15:30,0.020975
2025-06-14 15:45,0.013837
2025-06-14 16:00,0.008414
2025-06-14 16:15,0.00127
2025-06-14 16:30,0.011098
2025-06-14 16:45,0.006618
2025-06-14 17:00,0.006584
2025-06-14 17:15,0.007699
2025-06-14 17:30,0.008471
2025-06-14 17:45,0.01135
2025-06-14 18:00,0.016107
2025-06-14 18:15,0.01302
2025-06-14 18:30,0.008829
2025-06-14 18:45,0.011132
2025-06-14 19:00,0.004323
2025-06-14 19:15,0.004547
2025-06-14 19:30,0.000398
2025-06-14 19:45,0.013966
2025-06-14 20:00,0.012101
2025-06-14 20:15,0.007892
2025-06-14 20:30,0.011715
2025-06-14 20:45,0.004085
2025-06-14 21:00,0.001337
2025-06-14 21:15,0.0027
2025-06-14 21:30,0.002678
2025-06-14 21:45,0.00085
2025-06-14 22:00,0.001717
2025-06-14 22:15,0.002844
2025-06-14 22:30,0.003904
2025-06-14 22:45,0.00948
2025-06-14 23:00,0.000983
2025-06-14 23:15,0.007601
2025-06-14 23:30,0.00464
2025-06-14 23:45,0.003912
2025-06-15 00:00,0.003042
2025-06-15 00:15,0.061337
2025-06-15 00:30,0.056146
2025-06-15 00:45,0.12575
2025-06-15 01:00,0.008376
2025-06-15 01:15,0.00666
2025-06-15 01:30,0.022915
2025-06-15 01:45,0.01189
2025-06-15 02:00,0.018951
2025-06-15 02:15,0.021118
2025-06-15 02:30,0.027124
2025-06-15 02:45,0.006332
2025-06-15 03:00,0.013879
2025-06-15 03:15,0.011771
2025-06-15 03:30,0.02252
2025-06-15 03:45,0.014998
2025-06-15 04:00,0.019897
2025-06-15 04:15,0.035285
2025-06-15 04:30,0.045193
2025-06-15 04:45,0.042062
2025-06-15 05:00,0.01883
2025-06-15 05:15,0.187138
2025-06-15 05:30,0.230701
2025-06-15 05:45,0.148486
2025-06-15 06:00,0.281559
2025-06-15 06:15,0.152853
2025-06-15 06:30,0.129368
2025-06-15 06:45,0.192091
2025-06-15 07:00,0.075155
2025-06-15 07:15,0.115835
2025-06-15 07:30,0.087125
2025-06-15 07:45,0.075594
2025-06-15 08:00,0.036794
2025-06-15 08:15,0.039169
2025-06-15 08:30,0.042213
2025-06-15 08:45,0.061171
2025-06-15 09:00,0.320294
2025-06-15 09:15,0.24608
2025-06-15 09:30,0.159479
2025-06-15 09:45,0.042109
2025-06-15 10:00,0.033312
2025-06-15 10:15,0.03699
2025-06-15 10:30,0.036189
2025-06-15 10:45,0.039203
2025-06-15 11:00,0.035975
2025-06-15 11:15,0.041068
2025-06-15 11:30,0.061501
2025-06-15 11:45,0.413617
2025-06-15 12:00,0.534811
2025-06-15 12:15,0.204547
2025-06-15 12:30,0.061984
2025-06-15 12:45,0.08122
2025-06-15 13:00,0.067786
2025-06-15 13:15,0.026959
2025-06-15 13:30,0.174399
2025-06-15 13:45,0.04623
2025-06-15 14:00,0.059109
2025-06-15 14:15,0.026369
2025-06-15 14:30,0.107946
2025-06-15 14:45,0.206641
2025-06-15 15:00,0.328019
2025-06-15 15:15,0.180882
2025-06-15 15:30,0.038165
2025-06-15 15:45,0.046626
2025-06-15 16:00,0.061136
2025-06-15 16:15,0.042617
2025-06-15 16:30,0.034733
2025-06-15 16:45,0.009657
2025-06-15 17:00,0.009953
2025-06-15 17:15,0.002054
2025-06-15 17:30,0.076026
2025-06-15 17:45,0.022648
2025-06-15 18:00,0.092334
2025-06-15 18:15,0.052395
2025-06-15 18:30,0.064782
2025-06-15 18:45,0.060324
2025-06-15 19:00,0.052169
2025-06-15 19:15,0.070436
2025-06-15 19:30,0.005219
2025-06-15 19:45,0.002479
2025-06-15 20:00,0.001503
2025-06-15 20:15,0.001529
2025-06-15 20:30,0.00559
2025-06-15 20:45,0.004963
2025-06-15 21:00,0.003666
2025-06-15 21:15,0.004187
2025-06-15 21:30,0.010904
2025-06-15 21:45,0.002529
2025-06-15 22:00,0.006597
2025-06-15 22:15,0.013234
2025-06-15 22:30,0.007422
2025-06-15 22:45,0.005588
2025-06-15 23:00,0.019361
2025-06-15 23:15,0.041237
2025-06-15 23:30,0.05493
2025-06-15 23:45,0.139375
2025-06-16 00:00,0.11325
2025-06-16 00:15,0.318543
2025-06-16 00:30,0.087783
2025-06-16 00:45,0.159616
2025-06-16 01:00,0.146925
2025-06-16 01:15,0.199399
2025-06-16 01:30,0.108489
2025-06-16 01:45,0.106072
2025-06-16 02:00,0.177069
2025-06-16 02:15,0.119177
2025-06-16 02:30,0.25209
2025-06-16 02:45,0.07771
2025-06-16 03:00,0.118976
2025-06-16 03:15,0.105793
2025-06-16 03:30,0.270214
2025-06-16 03:45,0.272129
2025-06-16 04:00,0.324511
2025-06-16 04:15,0.220795
2025-06-16 04:30,0.281193
2025-06-16 04:45,0.411921
2025-06-16 05:00,0.175678
2025-06-16 05:15,0.296628
2025-06-16 05:30,0.286684
2025-06-16 05:45,0.294896
2025-06-16 06:00,0.116772
2025-06-16 06:15,0.125263
2025-06-16 06:30,0.174887
2025-06-16 06:45,0.124424
2025-06-16 07:00,0.162809
2025-06-16 07:15,0.178781
2025-06-16 07:30,0.201748
2025-06-16 07:45,0.14971
2025-06-16 08:00,0.159348
2025-06-16 08:15,0.285189
2025-06-16 08:30,0.529632
2025-06-16 08:45,0.136425
2025-06-16 09:00,0.344946
2025-06-16 09:15,0.68157
2025-06-16 09:30,0.279117
2025-06-16 09:45,0.50359
2025-06-16 10:00,0.221071
2025-06-16 10:15,0.122217
2025-06-16 10:30,0.05349
2025-06-16 10:45,0.131762
2025-06-16 11:00,0.127268
2025-06-16 11:15,0.157799
2025-06-16 11:30,0.074796
2025-06-16 11:45,0.034813
2025-06-16 12:00,0.758433
2025-06-16 12:15,0.312183
2025-06-16 12:30,0.200504
2025-06-16 12:45,0.116174
2025-06-16 13:00,0.024819
2025-06-16 13:15,0.038961
2025-06-16 13:30,0.059149
2025-06-16 13:45,0.038556
2025-06-16 14:00,0.118466
2025-06-16 14:15,0.041354
2025-06-16 14:30,0.03587
2025-06-16 14:45,0.032521
2025-06-16 15:00,0.022448
2025-06-16 15:15,0.020848
2025-06-16 15:30,0.028429
2025-06-16 15:45,0.034004
2025-06-16 16:00,0.074058
2025-06-16 16:15,0.052481
2025-06-16 16:30,0.022482
2025-06-16 16:45,0.033056
2025-06-16 17:00,0.022815
2025-06-16 17:15,0.027142
2025-06-16 17:30,0.013346
2025-06-16 17:45,0.024194
2025-06-16 18:00,0.021097
2025-06-16 18:15,0.070618
2025-06-16 18:30,0.102838
2025-06-16 18:45,0.126302
2025-06-16 19:00,0.14296
2025-06-16 19:15,0.022085
2025-06-16 19:30,0.032913
2025-06-16 19:45,0.02443
2025-06-16 20:00,0.017536
2025-06-16 20:15,0.007862
2025-06-16 20:30,0.018473
2025-06-16 20:45,0.000386
2025-06-16 21:00,0.00879
2025-06-16 21:15,0.009097
2025-06-16 21:30,0.019388
2025-06-16 21:45,0.006751
2025-06-16 22:00,0.012548
2025-06-16 22:15,0.007571
2025-06-16 22:30,0.01771
2025-06-16 22:45,0.045123
2025-06-16 23:00,0.021552
2025-06-16 23:15,0.018746
2025-06-16 23:30,0.035868
2025-06-16 23:45,0.072046
2025-06-17 00:00,0.130644
2025-06-17 00:15,0.107251
2025-06-17 00:30,0.605836
2025-06-17 00:45,0.817731
2025-06-17 01:00,0.153109
2025-06-17 01:15,0.413725
2025-06-17 01:30,0.135666
2025-06-17 01:45,0.101884
2025-06-17 02:00,0.540209
2025-06-17 02:15,0.16843
2025-06-17 02:30,0.198733
2025-06-17 02:45,0.084186
2025-06-17 03:00,0.076984
2025-06-17 03:15,0.151991
2025-06-17 03:30,0.064735
2025-06-17 03:45,0.119965
2025-06-17 04:00,0.109567
2025-06-17 04:15,0.172019
2025-06-17 04:30,0.181556
2025-06-17 04:45,0.229544
2025-06-17 05:00,0.999859
2025-06-17 05:15,0.599107
2025-06-17 05:30,0.217804
2025-06-17 05:45,0.674621
2025-06-17 06:00,0.670773
2025-06-17 06:15,1.0
2025-06-17 06:30,0.362622
2025-06-17 06:45,0.320291
2025-06-17 07:00,0.136047
2025-06-17 07:15,0.429331
2025-06-17 07:30,0.338955
2025-06-17 07:45,0.150803
2025-06-17 08:00,0.14967
2025-06-17 08:15,0.149307
2025-06-17 08:30,0.137618
2025-06-17 08:45,0.084313
2025-06-17 09:00,0.12764
2025-06-17 09:15,0.121034
2025-06-17 09:30,0.255437
2025-06-17 09:45,0.234231
2025-06-17 10:00,0.131929
2025-06-17 10:15,0.106265
2025-06-17 10:30,0.278843
2025-06-17 10:45,0.048921
2025-06-17 11:00,0.064728
2025-06-17 11:15,0.041981
2025-06-17 11:30,0.039248
2025-06-17 11:45,0.079904
2025-06-17 12:00,0.063411
2025-06-17 12:15,0.044661
2025-06-17 12:30,0.08887
2025-06-17 12:45,0.045261
2025-06-17 13:00,0.039954
2025-06-17 13:15,0.052796
2025-06-17 13:30,0.046071
2025-06-17 13:45,0.066759
2025-06-17 14:00,0.024316
2025-06-17 14:15,0.03817
2025-06-17 14:30,0.019614
2025-06-17 14:45,0.059595
2025-06-17 15:00,0.02768
2025-06-17 15:15,0.03308
2025-06-17 15:30,0.020777
2025-06-17 15:45,0.024251
2025-06-17 16:00,0.037008
2025-06-17 16:15,0.056035
2025-06-17 16:30,0.032972
2025-06-17 16:45,0.019764
2025-06-17 17:00,0.013165
2025-06-17 17:15,0.01259
2025-06-17 17:30,0.053486
2025-06-17 17:45,0.013922
2025-06-17 18:00,0.02191
2025-06-17 18:15,0.01365
2025-06-17 18:30,0.013318
2025-06-17 18:45,0.009294
2025-06-17 19:00,0.014385
2025-06-17 19:15,0.011571
2025-06-17 19:30,0.016379
2025-06-17 19:45,0.055485
2025-06-17 20:00,0.049284
2025-06-17 20:15,0.01148
2025-06-17 20:30,0.064185
2025-06-17 20:45,0.053176
2025-06-17 21:00,0.009535
2025-06-17 21:15,0.014841
2025-06-17 21:30,0.048237
2025-06-17 21:45,0.005584
2025-06-17 22:00,0.04873
2025-06-17 22:15,0.020504
2025-06-17 22:30,0.029985
2025-06-17 22:45,0.019293
2025-06-17 23:00,0.020534
2025-06-17 23:15,0.025977
2025-06-17 23:30,0.038764
2025-06-17 23:45,0.077688
2025-06-18 00:00,0.098113
2025-06-18 00:00,0.062278
2025-06-18 00:15,0.076442
2025-06-18 00:30,0.305616
2025-06-18 00:45,0.07479
2025-06-18 01:00,0.108069
2025-06-18 01:15,0.096334
2025-06-18 01:30,0.188979
2025-06-18 01:45,0.449665
2025-06-18 02:00,0.164361
2025-06-18 02:15,0.108042
2025-06-18 02:30,0.084055
2025-06-18 02:45,0.026684
2025-06-18 03:00,0.086358
2025-06-18 03:15,0.257274
2025-06-18 03:30,0.279648
2025-06-18 03:45,0.102296
2025-06-18 04:00,0.062169
2025-06-18 04:15,0.128397
2025-06-18 04:30,0.089786
2025-06-18 04:45,0.104604
2025-06-18 05:00,0.070831
2025-06-18 05:15,0.115821
2025-06-18 05:30,0.266151
2025-06-18 05:45,0.418279
2025-06-18 06:00,0.309919
2025-06-18 06:15,0.060606
2025-06-18 06:30,0.052371
2025-06-18 06:45,0.100755
2025-06-18 07:00,0.119371
2025-06-18 07:15,0.066471
2025-06-18 07:30,0.097969
2025-06-18 07:45,0.132897
2025-06-18 08:00,0.078373
2025-06-18 08:15,0.104842
2025-06-18 08:30,0.093789
2025-06-18 08:45,0.079385
2025-06-18 09:00,0.048579
2025-06-18 09:15,0.030918
2025-06-18 09:30,0.025396
2025-06-18 09:45,0.029189
2025-06-18 10:00,0.020795
2025-06-18 10:15,0.038486
2025-06-18 10:30,0.04128
2025-06-18 10:45,0.037613
2025-06-18 11:00,0.023602
2025-06-18 11:15,0.069971
2025-06-18 11:30,0.099806
2025-06-18 11:45,0.117653
2025-06-18 12:00,0.027377
2025-06-18 12:15,0.030034
2025-06-18 12:30,0.031762
2025-06-18 12:45,0.023138
2025-06-18 13:00,0.02774
2025-06-18 13:15,0.042218
2025-06-18 13:30,0.032524
2025-06-18 13:45,0.047264
2025-06-18 14:00,0.139587
2025-06-18 14:15,0.057543
2025-06-18 14:30,0.018383
2025-06-18 14:45,0.028537
2025-06-18 15:00,0.02593
2025-06-18 15:15,0.032451
2025-06-18 15:30,0.176239
2025-06-18 15:45,0.023455
2025-06-18 16:00,0.010319
2025-06-18 16:15,0.024251
2025-06-18 16:30,0.022565
2025-06-18 16:45,0.008681
2025-06-18 17:00,0.046807
2025-06-18 17:15,0.027278
2025-06-18 17:30,0.02086
2025-06-18 17:45,0.030183
2025-06-18 18:00,0.02241
2025-06-18 18:15,0.015624
2025-06-18 18:30,0.010365
2025-06-18 18:45,0.009383
2025-06-18 19:00,0.004989
2025-06-18 19:15,0.021061
2025-06-18 19:30,0.007342
2025-06-18 19:45,0.010697
2025-06-18 20:00,0.014727
2025-06-18 20:15,0.014074
2025-06-18 20:30,0.013945
2025-06-18 20:45,0.006046
2025-06-18 21:00,0.009838
2025-06-18 21:15,0.009721
2025-06-18 21:30,0.012358
2025-06-18 21:45,0.006735
2025-06-18 22:00,0.056981
2025-06-18 22:15,0.008217
2025-06-18 22:30,0.006217
2025-06-18 22:45,0.012314
2025-06-18 23:00,0.02853
2025-06-18 23:15,0.033675
2025-06-18 23:30,0.033034
2025-06-18 23:45,0.03457
2025-06-19 00:00,0.082506
2025-06-19 00:15,0.087083
2025-06-19 00:30,0.108793
2025-06-19 00:45,0.098161
2025-06-19 01:00,0.123492
2025-06-19 01:15,0.108324
2025-06-19 01:30,0.103947
2025-06-19 01:45,0.083801
2025-06-19 02:00,0.08989
2025-06-19 02:15,0.100212
2025-06-19 02:30,0.096417
2025-06-19 02:45,0.05713
2025-06-19 03:00,0.064567
2025-06-19 03:15,0.05033
2025-06-19 03:30,0.048816
2025-06-19 03:45,0.043113
2025-06-19 04:00,0.090915
2025-06-19 04:15,0.107748
2025-06-19 04:30,0.101707
2025-06-19 04:45,0.547499
2025-06-19 05:00,0.064338
2025-06-19 05:15,0.113139
2025-06-19 05:30,0.098321
2025-06-19 05:45,0.118979
2025-06-19 06:00,0.093878
2025-06-19 06:15,0.12212
2025-06-19 06:30,0.072445
2025-06-19 06:45,0.094868
2025-06-19 07:00,0.063067
2025-06-19 07:15,0.040095
2025-06-19 07:30,0.144689
2025-06-19 07:45,0.090911
2025-06-19 08:00,0.09383
2025-06-19 08:15,0.169203
2025-06-19 08:30,0.072025
2025-06-19 08:45,0.067573
2025-06-19 09:00,0.172489
2025-06-19 09:15,0.156697
2025-06-19 09:30,0.178427
2025-06-19 09:45,0.093694
2025-06-19 10:00,0.244493
2025-06-19 10:15,0.032332
2025-06-19 10:30,0.051606
2025-06-19 10:45,0.031708
2025-06-19 11:00,0.068867
2025-06-19 11:15,0.056649
2025-06-19 11:30,0.059566
2025-06-19 11:45,0.048671
2025-06-19 12:00,0.046677
2025-06-19 12:15,0.089223
2025-06-19 12:30,0.159314
2025-06-19 12:45,0.136834
2025-06-19 13:00,0.042938
2025-06-19 13:15,0.039195
2025-06-19 13:30,0.030823
2025-06-19 13:45,0.027199
2025-06-19 14:00,0.977687
2025-06-19 14:15,0.034106
2025-06-19 14:30,0.024177
2025-06-19 14:45,0.067788
2025-06-19 15:00,0.02646
2025-06-19 15:15,0.011606
2025-06-19 15:30,0.009512
2025-06-19 15:45,0.030715
2025-06-19 16:00,0.026756
2025-06-19 16:15,0.013587
2025-06-19 16:30,0.010088
2025-06-19 16:45,0.119148
2025-06-19 17:00,0.022191
2025-06-19 17:15,0.01997
2025-06-19 17:30,0.136431
2025-06-19 17:45,0.0067
2025-06-19 18:00,0.053955
2025-06-19 18:15,0.013645
2025-06-19 18:30,0.040585
2025-06-19 18:45,0.01515
2025-06-19 19:00,0.015691
2025-06-19 19:15,0.010946
2025-06-19 19:30,0.009947
2025-06-19 19:45,0.007247
2025-06-19 20:00,0.016689
2025-06-19 20:15,0.013693
2025-06-19 20:30,0.016803
2025-06-19 20:45,0.01069
2025-06-19 21:00,0.006743
2025-06-19 21:15,0.013435
2025-06-19 21:30,0.011409
2025-06-19 21:45,0.018853
2025-06-19 22:00,0.016715
2025-06-19 22:15,0.021436
2025-06-19 22:30,0.011736
2025-06-19 22:45,0.018781
2025-06-19 23:00,0.020809
2025-06-19 23:15,0.019264
2025-06-19 23:30,0.023588
2025-06-19 23:45,0.029298
2025-06-20 00:00,0.836952
2025-06-20 00:15,0.072743
2025-06-20 00:30,0.101142
2025-06-20 00:45,0.107251
2025-06-20 01:00,0.364343
2025-06-20 01:15,0.28978
2025-06-20 01:30,0.125706
2025-06-20 01:45,0.088883
2025-06-20 02:00,0.800011
2025-06-20 02:15,0.634453
2025-06-20 02:30,0.05653
2025-06-20 02:45,0.070994
2025-06-20 03:00,0.062644
2025-06-20 03:15,0.150328
2025-06-20 03:30,0.151955
2025-06-20 03:45,0.120904
2025-06-20 04:00,0.063037
2025-06-20 04:15,0.063
2025-06-20 04:30,0.085611
2025-06-20 04:45,0.065983
2025-06-20 05:00,0.104756
2025-06-20 05:15,0.138267
2025-06-20 05:30,0.186963
2025-06-20 05:45,0.097563
2025-06-20 06:00,0.089669
2025-06-20 06:15,0.181387
2025-06-20 06:30,0.610774
2025-06-20 06:45,0.596865
2025-06-20 07:00,0.139122
2025-06-20 07:15,0.268663
2025-06-20 07:30,0.102237
2025-06-20 07:45,0.116047
2025-06-20 08:00,0.075054
2025-06-20 08:15,0.082567
2025-06-20 08:30,0.082072
2025-06-20 08:45,0.045148
2025-06-20 09:00,0.045329
2025-06-20 09:15,0.021096
2025-06-20 09:30,0.037545
2025-06-20 09:45,0.016558
2025-06-20 10:00,0.012381
2025-06-20 10:15,0.032022
2025-06-20 10:30,0.044744
2025-06-20 10:45,0.02419
2025-06-20 11:00,0.022759
2025-06-20 11:15,0.054317
2025-06-20 11:30,0.055232
2025-06-20 11:45,0.021216
2025-06-20 12:00,0.021517
2025-06-20 12:15,0.031275
2025-06-20 12:30,0.017395
2025-06-20 12:45,0.014416
2025-06-20 13:00,0.017693
2025-06-20 13:15,0.008322
2025-06-20 13:30,0.007223
2025-06-20 13:45,0.021366
2025-06-20 14:00,0.016237
2025-06-20 14:15,0.025733
2025-06-20 14:30,0.025791
2025-06-20 14:45,0.01531
2025-06-20 15:00,0.02071
2025-06-20 15:15,0.01687
2025-06-20 15:30,0.013472
2025-06-20 15:45,0.024584
2025-06-20 16:00,0.011902
2025-06-20 16:15,0.008265
2025-06-20 16:30,0.008009
2025-06-20 16:45,0.010919
2025-06-20 17:00,0.00835
2025-06-20 17:15,0.007038
2025-06-20 17:30,0.01735
2025-06-20 17:45,0.006851
2025-06-20 18:00,0.028393
2025-06-20 18:15,0.00587
2025-06-20 18:30,0.006553
2025-06-20 18:45,0.032053
2025-06-20 19:00,0.011781
2025-06-20 19:15,0.008095
2025-06-20 19:30,0.007959
2025-06-20 19:45,0.008998
2025-06-20 20:00,0.005542
2025-06-20 20:15,0.005582
2025-06-20 20:30,0.007038
2025-06-20 20:45,0.008502
2025-06-20 21:00,0.01362
2025-06-20 21:15,0.005543
2025-06-20 21:30,0.004846
2025-06-20 21:45,0.004193
2025-06-20 22:00,0.0196
2025-06-20 22:15,0.004269
2025-06-20 22:30,0.007018
2025-06-20 22:45,0.006057
2025-06-20 23:00,0.013536
2025-06-20 23:15,0.01088
2025-06-20 23:30,0.007234
2025-06-20 23:45,0.009515
2025-06-21 00:00,0.015379
2025-06-21 00:15,0.012587
2025-06-21 00:30,0.013358
2025-06-21 00:45,0.008868
2025-06-21 01:00,0.015838
2025-06-21 01:15,0.013514
2025-06-21 01:30,0.007117
2025-06-21 01:45,0.010449
2025-06-21 02:00,0.015086
2025-06-21 02:15,0.010587
2025-06-21 02:30,0.022049
2025-06-21 02:45,0.0304
2025-06-21 03:00,0.019292
2025-06-21 03:15,0.02001
2025-06-21 03:30,0.016007
2025-06-21 03:45,0.023123
2025-06-21 04:00,0.017786
2025-06-21 04:15,0.03193
2025-06-21 04:30,0.046749
2025-06-21 04:45,0.060074
2025-06-21 05:00,0.031105
2025-06-21 05:15,0.045977
2025-06-21 05:30,0.027965
2025-06-21 05:45,0.027944
2025-06-21 06:00,0.02475
2025-06-21 06:15,0.021738
2025-06-21 06:30,0.01418
2025-06-21 06:45,0.038266
2025-06-21 07:00,0.040755
2025-06-21 07:15,0.034229
2025-06-21 07:30,0.025025
2025-06-21 07:45,0.024453
2025-06-21 08:00,0.025523
2025-06-21 08:15,0.031636
2025-06-21 08:30,0.018262
2025-06-21 08:45,0.018165
2025-06-21 09:00,0.027267
2025-06-21 09:15,0.031856
2025-06-21 09:30,0.046308
2025-06-21 09:45,0.077747
2025-06-21 10:00,0.072812
2025-06-21 10:15,0.030846
2025-06-21 10:30,0.020651
2025-06-21 10:45,0.011003
2025-06-21 11:00,0.046508
2025-06-21 11:15,1.0
2025-06-21 11:30,0.025812
2025-06-21 11:45,0.18999
2025-06-21 12:00,0.24136
2025-06-21 12:15,0.217582
2025-06-21 12:30,0.237027
2025-06-21 12:45,0.301309
2025-06-21 13:00,0.159785
2025-06-21 13:15,0.041399
2025-06-21 13:30,0.029762
2025-06-21 13:45,0.027635
2025-06-21 14:00,0.03289
2025-06-21 14:15,0.032085
2025-06-21 14:30,0.064694
2025-06-21 14:45,0.021912
2025-06-21 15:00,0.023417
2025-06-21 15:15,0.03209
2025-06-21 15:30,0.012111
2025-06-21 15:45,0.014405
2025-06-21 16:00,0.028963
2025-06-21 16:15,0.038204
2025-06-21 16:30,0.033
2025-06-21 16:45,0.009147
2025-06-21 17:00,0.022529
2025-06-21 17:15,0.016586
2025-06-21 17:30,0.008525
2025-06-21 17:45,0.007143
2025-06-21 18:00,0.025894
2025-06-21 18:15,0.005415
2025-06-21 18:30,0.008595
2025-06-21 18:45,0.006206
2025-06-21 19:00,0.016378
2025-06-21 19:15,0.018199
2025-06-21 19:30,0.004806
2025-06-21 19:45,0.004913
2025-06-21 20:00,0.009153
2025-06-21 20:15,0.012535
2025-06-21 20:30,0.009302
2025-06-21 20:45,0.015795
2025-06-21 21:00,0.00569
2025-06-21 21:15,0.0313
2025-06-21 21:30,0.00428
2025-06-21 21:45,0.009976
2025-06-21 22:00,0.010953
2025-06-21 22:15,0.012974
2025-06-21 22:30,0.007012
2025-06-21 22:45,0.004373
2025-06-21 23:00,0.005736
2025-06-21 23:15,0.03077
2025-06-21 23:30,0.010185
2025-06-21 23:45,0.021447
2025-06-22 00:00,0.004755
2025-06-22 00:15,0.007356
2025-06-22 00:30,0.007747
2025-06-22 00:45,0.013226
2025-06-22 01:00,0.008079
2025-06-22 01:15,0.0221
2025-06-22 01:30,0.017016
2025-06-22 01:45,0.007167
2025-06-22 02:00,0.021431
2025-06-22 02:15,0.012943
2025-06-22 02:30,0.020161
2025-06-22 02:45,0.024807
2025-06-22 03:00,0.005843
2025-06-22 03:15,0.014307
2025-06-22 03:30,0.043424
2025-06-22 03:45,0.016499
2025-06-22 04:00,0.011893
2025-06-22 04:15,0.011148
2025-06-22 04:30,0.012762
2025-06-22 04:45,0.021208
2025-06-22 05:00,0.021609
2025-06-22 05:15,0.025007
2025-06-22 05:30,0.02002
2025-06-22 05:45,0.036827
2025-06-22 06:00,0.034723
2025-06-22 06:15,0.027397
2025-06-22 06:30,0.028226
2025-06-22 06:45,0.031627
2025-06-22 07:00,0.033375
2025-06-22 07:15,0.027632
2025-06-22 07:30,0.020751
2025-06-22 07:45,0.036579
2025-06-22 08:00,0.042267
2025-06-22 08:15,0.023562
2025-06-22 08:30,0.038066
2025-06-22 08:45,0.024901
2025-06-22 09:00,0.021564
2025-06-22 09:15,0.021186
2025-06-22 09:30,0.013308
2025-06-22 09:45,0.025835
2025-06-22 10:00,0.02208
2025-06-22 10:15,0.015139
2025-06-22 10:30,0.044432
2025-06-22 10:45,0.006839
2025-06-22 11:00,0.103904
2025-06-22 11:15,0.037776
2025-06-22 11:30,0.017547
2025-06-22 11:45,0.052815
2025-06-22 12:00,0.031912
2025-06-22 12:15,0.049837
2025-06-22 12:30,0.032154
2025-06-22 12:45,0.018295
2025-06-22 13:00,0.021875
2025-06-22 13:15,0.021097
2025-06-22 13:30,0.025587
2025-06-22 13:45,0.028559
2025-06-22 14:00,0.014686
2025-06-22 14:15,0.014321
2025-06-22 14:30,0.016113
2025-06-22 14:45,0.025919
2025-06-22 15:00,0.010139
2025-06-22 15:15,0.037449
2025-06-22 15:30,0.017761
2025-06-22 15:45,0.058003
2025-06-22 16:00,0.010505
2025-06-22 16:15,0.040571
2025-06-22 16:30,0.024547
2025-06-22 16:45,0.010386
2025-06-22 17:00,0.035814
2025-06-22 17:15,0.040046
2025-06-22 17:30,0.018102
2025-06-22 17:45,0.012739
2025-06-22 18:00,0.010623
2025-06-22 18:15,0.004286
2025-06-22 18:30,0.01109
2025-06-22 18:45,0.013489
2025-06-22 19:00,0.049112
2025-06-22 19:15,0.010438
2025-06-22 19:30,0.028864
2025-06-22 19:45,0.024643
2025-06-22 20:00,0.013995
2025-06-22 20:15,0.024355
2025-06-22 20:30,0.00823
2025-06-22 20:45,0.005743
2025-06-22 21:00,0.017484
2025-06-22 21:15,0.006378
2025-06-22 21:30,0.005248
2025-06-22 21:45,0.011336
2025-06-22 22:00,0.007141
2025-06-22 22:15,0.006002
2025-06-22 22:30,0.008982
2025-06-22 22:45,0.012516
2025-06-22 23:00,0.003154
2025-06-22 23:15,0.039008
2025-06-22 23:30,0.023009
2025-06-22 23:45,0.021434
2025-06-23 00:00,0.060705
2025-06-23 00:15,0.061158
2025-06-23 00:30,0.137138
2025-06-23 00:45,0.066888
2025-06-23 01:00,0.11383
2025-06-23 01:15,0.083479
2025-06-23 01:30,0.100595
2025-06-23 01:45,0.108882
2025-06-23 02:00,0.057716
2025-06-23 02:15,0.08603
2025-06-23 02:30,0.054269
2025-06-23 02:45,0.080591
2025-06-23 03:00,0.035728
2025-06-23 03:15,0.041782
2025-06-23 03:30,0.049509
2025-06-23 03:45,0.048984
2025-06-23 04:00,0.097312
2025-06-23 04:15,0.05244
2025-06-23 04:30,0.06687
2025-06-23 04:45,0.098528
2025-06-23 05:00,0.084622
2025-06-23 05:15,0.07553
2025-06-23 05:30,0.095846
2025-06-23 05:45,0.052895
2025-06-23 06:00,0.074342
2025-06-23 06:15,0.061993
2025-06-23 06:30,0.078568
2025-06-23 06:45,0.063848
2025-06-23 07:00,0.082892
2025-06-23 07:15,0.054631
2025-06-23 07:30,0.064861
2025-06-23 07:45,0.181649
2025-06-23 08:00,0.111762
2025-06-23 08:15,0.084309
2025-06-23 08:30,0.152828
2025-06-23 08:45,0.123665
2025-06-23 09:00,0.09527
2025-06-23 09:15,0.037985
2025-06-23 09:30,0.029235
2025-06-23 09:45,0.095499
2025-06-23 10:00,0.0854
2025-06-23 10:15,0.033088
2025-06-23 10:30,0.056922
2025-06-23 10:45,0.008621
2025-06-23 11:00,0.036188
2025-06-23 11:15,0.015262
2025-06-23 11:30,0.031404
2025-06-23 11:45,0.020539
2025-06-23 12:00,0.031229
2025-06-23 12:15,0.022552
2025-06-23 12:30,0.035221
2025-06-23 12:45,0.018863
2025-06-23 13:00,0.024028
2025-06-23 13:15,0.073925
2025-06-23 13:30,0.015965
2025-06-23 13:45,0.009215
2025-06-23 14:00,0.0057
2025-06-23 14:15,0.009426
2025-06-23 14:30,0.010716
2025-06-23 14:45,0.016555
2025-06-23 15:00,0.004802
2025-06-23 15:15,0.004853
2025-06-23 15:30,0.002682
2025-06-23 15:45,0.002649
2025-06-23 16:00,0.003236
2025-06-23 16:15,0.002703
2025-06-23 16:30,0.005521
2025-06-23 16:45,0.010425
2025-06-23 17:00,0.016611
2025-06-23 17:15,0.022253
2025-06-23 17:30,0.02017
2025-06-23 17:45,0.007428
2025-06-23 18:00,0.036325
2025-06-23 18:15,0.035133
2025-06-23 18:30,0.011244
2025-06-23 18:45,0.009431
2025-06-23 19:00,0.017711
2025-06-23 19:15,0.010922
2025-06-23 19:30,0.00742
2025-06-23 19:45,0.02615
2025-06-23 20:00,0.097267
2025-06-23 20:15,0.103048
2025-06-23 20:30,0.059028
2025-06-23 20:45,0.046921
2025-06-23 21:00,0.033819
2025-06-23 21:15,0.014169
2025-06-23 21:30,0.028145
2025-06-23 21:45,0.004938
2025-06-23 22:00,0.050503
2025-06-23 22:15,0.014461
2025-06-23 22:30,0.010104
2025-06-23 22:45,0.007689
2025-06-23 23:00,0.026138
2025-06-23 23:15,0.015729
2025-06-23 23:30,0.035072
2025-06-23 23:45,0.09355
2025-06-24 00:00,0.091195
2025-06-24 00:15,0.065929
2025-06-24 00:30,0.066934
2025-06-24 00:45,0.078938
2025-06-24 01:00,0.066097
2025-06-24 01:15,0.094511
2025-06-24 01:30,0.06903
2025-06-24 01:45,0.048005
2025-06-24 02:00,0.099166
2025-06-24 02:15,0.087634
2025-06-24 02:30,0.077083
2025-06-24 02:45,0.148436
2025-06-24 03:00,0.102756
2025-06-24 03:15,0.11351
2025-06-24 03:30,0.143815
2025-06-24 03:45,0.05143
2025-06-24 04:00,0.077548
2025-06-24 04:15,0.06379
2025-06-24 04:30,0.060802
2025-06-24 04:45,0.055101
2025-06-24 05:00,0.085453
2025-06-24 05:15,0.09102
2025-06-24 05:30,0.064038
2025-06-24 05:45,0.079933
2025-06-24 06:00,0.066033
2025-06-24 06:15,0.067883
2025-06-24 06:30,0.041794
2025-06-24 06:45,0.074223
2025-06-24 07:00,0.071496
2025-06-24 07:15,0.097233
2025-06-24 07:30,0.064301
2025-06-24 07:45,0.067038
2025-06-24 08:00,0.050955
2025-06-24 08:15,0.067255
2025-06-24 08:30,0.049904
2025-06-24 08:45,0.043695
2025-06-24 09:00,0.024468
2025-06-24 09:15,0.040525
2025-06-24 09:30,0.098598
2025-06-24 09:45,0.0476
2025-06-24 10:00,0.028623
2025-06-24 10:15,0.0486
2025-06-24 10:30,0.034273
2025-06-24 10:45,0.036028
2025-06-24 11:00,0.099177
2025-06-24 11:15,0.162287
2025-06-24 11:30,0.06794
2025-06-24 11:45,0.236186
2025-06-24 12:00,0.029063
2025-06-24 12:15,0.022916
2025-06-24 12:30,0.013957
2025-06-24 12:45,0.014319
2025-06-24 13:00,0.019609
2025-06-24 13:15,0.012805
2025-06-24 13:30,0.003527
2025-06-24 13:45,0.014629
2025-06-24 14:00,0.010549
2025-06-24 14:15,0.008682
2025-06-24 14:30,0.005618
2025-06-24 14:45,0.004065
2025-06-24 15:00,0.007208
2025-06-24 15:15,0.023891
2025-06-24 15:30,0.014582
2025-06-24 15:45,0.006503
2025-06-24 16:00,0.005088
2025-06-24 16:15,0.005617
2025-06-24 16:30,0.003288
2025-06-24 16:45,0.003988
2025-06-24 17:00,0.004625
2025-06-24 17:15,0.002797
2025-06-24 17:30,0.003984
2025-06-24 17:45,0.003681
2025-06-24 18:00,0.020929
2025-06-24 18:15,0.002732
2025-06-24 18:30,0.001118
2025-06-24 18:45,0.003745
2025-06-24 19:00,0.005413
2025-06-24 19:15,0.004145
2025-06-24 19:30,0.005201
2025-06-24 19:45,0.000863
2025-06-24 20:00,0.000101
2025-06-24 20:15,0.003104
2025-06-24 20:30,0.002644
2025-06-24 20:45,0.000783
2025-06-24 21:00,0.003614
2025-06-24 21:15,0.004021
2025-06-24 21:30,0.002626
2025-06-24 21:45,0.004562
2025-06-24 22:00,0.004899
2025-06-24 22:15,0.01295
2025-06-24 22:30,0.000783
2025-06-24 22:45,0.005787
2025-06-24 23:00,0.016319
2025-06-24 23:15,0.058345
2025-06-24 23:30,0.024714
2025-06-24 23:45,0.049838
2025-06-25 00:00,0.047042
2025-06-25 00:00,0.023393
2025-06-25 00:15,0.039921
2025-06-25 00:30,0.049362
2025-06-25 00:45,0.030131
2025-06-25 01:00,0.035399
2025-06-25 01:15,0.032069
2025-06-25 01:30,0.031854
2025-06-25 01:45,0.032487
2025-06-25 02:00,0.032369
2025-06-25 02:15,0.068664
2025-06-25 02:30,0.046526
2025-06-25 02:45,0.027287
2025-06-25 03:00,0.019736
2025-06-25 03:15,0.055789
2025-06-25 03:30,0.037716
2025-06-25 03:45,0.038828
2025-06-25 04:00,0.026317
2025-06-25 04:15,0.038187
2025-06-25 04:30,0.045218
2025-06-25 04:45,0.027427
2025-06-25 05:00,0.024544
2025-06-25 05:15,0.039032
2025-06-25 05:30,0.039613
2025-06-25 05:45,0.118213
2025-06-25 06:00,0.032311
2025-06-25 06:15,0.046408
2025-06-25 06:30,0.047599
2025-06-25 06:45,0.058466
2025-06-25 07:00,0.032133
2025-06-25 07:15,0.053719
2025-06-25 07:30,0.032412
2025-06-25 07:45,0.035779
2025-06-25 08:00,0.090363
2025-06-25 08:15,0.035953
2025-06-25 08:30,0.040184
2025-06-25 08:45,0.069595
2025-06-25 09:00,0.068112
2025-06-25 09:15,0.016333
2025-06-25 09:30,0.021194
2025-06-25 09:45,0.089041
2025-06-25 10:00,0.019849
2025-06-25 10:15,0.01702
2025-06-25 10:30,0.011191
2025-06-25 10:45,0.014832
2025-06-25 11:00,0.008304
2025-06-25 11:15,0.007952
2025-06-25 11:30,0.017693
2025-06-25 11:45,0.013525
2025-06-25 12:00,0.009477
2025-06-25 12:15,0.026372
2025-06-25 12:30,0.020664
2025-06-25 12:45,0.022008
2025-06-25 13:00,0.029626
2025-06-25 13:15,0.011923
2025-06-25 13:30,0.002343
2025-06-25 13:45,0.005175
2025-06-25 14:00,0.004412
2025-06-25 14:15,0.004974
2025-06-25 14:30,0.006494
2025-06-25 14:45,0.003545
2025-06-25 15:00,0.006604
2025-06-25 15:15,0.279408
2025-06-25 15:30,0.46249
2025-06-25 15:45,0.266031
2025-06-25 16:00,0.218686
2025-06-25 16:15,0.575128
2025-06-25 16:30,0.115326
2025-06-25 16:45,0.000783
2025-06-25 17:00,0.001555
2025-06-25 17:15,0.002265
2025-06-25 17:30,0.001708
2025-06-25 17:45,0.006106
2025-06-25 18:00,0.007668
2025-06-25 18:15,0.0217
2025-06-25 18:30,0.002202
2025-06-25 18:45,0.001022
2025-06-25 19:00,0.002455
2025-06-25 19:15,0.011244
2025-06-25 19:30,0.002604
2025-06-25 19:45,0.000154
2025-06-25 20:00,0.002219
2025-06-25 20:15,0.000579
2025-06-25 20:30,0.000645
2025-06-25 20:45,0.002484
2025-06-25 21:00,0.000436
2025-06-25 21:15,0.001534
2025-06-25 21:30,0.000629
2025-06-25 21:45,0.000493
2025-06-25 22:00,0.003551
2025-06-25 22:15,0.003859
2025-06-25 22:30,0.001758
2025-06-25 22:45,0.003566
2025-06-25 23:00,0.092188
2025-06-25 23:15,0.012392
2025-06-25 23:30,0.013405
2025-06-25 23:45,0.020269
2025-06-26 00:00,0.024513
2025-06-26 00:15,0.03969
2025-06-26 00:30,0.046193
2025-06-26 00:45,0.022287
2025-06-26 01:00,0.029493
2025-06-26 01:15,0.028602
2025-06-26 01:30,0.023029
2025-06-26 01:45,0.033863
2025-06-26 02:00,0.452054
2025-06-26 02:15,0.052817
2025-06-26 02:30,0.016855
2025-06-26 02:45,0.016901
2025-06-26 03:00,0.011591
2025-06-26 03:15,0.003898
2025-06-26 03:30,0.020824
2025-06-26 03:45,0.015477
2025-06-26 04:00,0.02455
2025-06-26 04:15,0.044469
2025-06-26 04:30,0.038636
2025-06-26 04:45,0.030606
2025-06-26 05:00,0.021171
2025-06-26 05:15,0.02802
2025-06-26 05:30,0.040722
2025-06-26 05:45,0.088382
2025-06-26 06:00,0.047753
2025-06-26 06:15,0.037063
2025-06-26 06:30,0.075053
2025-06-26 06:45,0.037596
2025-06-26 07:00,0.039237
2025-06-26 07:15,0.039346
2025-06-26 07:30,0.051102
2025-06-26 07:45,0.039061
2025-06-26 08:00,0.095155
2025-06-26 08:15,0.037306
2025-06-26 08:30,0.026983
2025-06-26 08:45,0.034979
2025-06-26 09:00,0.079338
2025-06-26 09:15,0.015615
2025-06-26 09:30,0.017929
2025-06-26 09:45,0.023071
2025-06-26 10:00,0.025082
2025-06-26 10:15,0.014896
2025-06-26 10:30,0.037039
2025-06-26 10:45,0.024466
2025-06-26 11:00,0.031314
2025-06-26 11:15,0.007716
2025-06-26 11:30,0.008756
2025-06-26 11:45,0.00721
2025-06-26 12:00,0.159997
2025-06-26 12:15,0.434516
2025-06-26 12:30,0.250767
2025-06-26 12:45,0.005578
2025-06-26 13:00,1.0
2025-06-26 13:15,0.836052
2025-06-26 13:30,0.25973
2025-06-26 13:45,0.081228
2025-06-26 14:00,0.006321
2025-06-26 14:15,0.007495
2025-06-26 14:30,0.001456
2025-06-26 14:45,0.003326
2025-06-26 15:00,0.006702
2025-06-26 15:15,0.235951
2025-06-26 15:30,0.02022
2025-06-26 15:45,0.010356
2025-06-26 16:00,0.011358
2025-06-26 16:15,0.004128
2025-06-26 16:30,0.004286
2025-06-26 16:45,0.006518
2025-06-26 17:00,0.008376
2025-06-26 17:15,0.014519
2025-06-26 17:30,0.00849
2025-06-26 17:45,0.003759
2025-06-26 18:00,0.048388
2025-06-26 18:15,0.000504
2025-06-26 18:30,0.002596
2025-06-26 18:45,0.04061
2025-06-26 19:00,0.000855
2025-06-26 19:15,0.00252
2025-06-26 19:30,0.001022
2025-06-26 19:45,0.011221
2025-06-26 20:00,0.01599
2025-06-26 20:15,0.009158
2025-06-26 20:30,0.007774
2025-06-26 20:45,0.00409
2025-06-26 21:00,0.001438
2025-06-26 21:15,0.000813
2025-06-26 21:30,0.000261
2025-06-26 21:45,0.001715
2025-06-26 22:00,0.002778
2025-06-26 22:15,0.001877
2025-06-26 22:30,0.007857
2025-06-26 22:45,0.006737
2025-06-26 23:00,0.004701
2025-06-26 23:15,0.004115
2025-06-26 23:30,0.00571
2025-06-26 23:45,0.015499
2025-06-27 00:00,0.036194
2025-06-27 00:15,0.058651
2025-06-27 00:30,0.162536
2025-06-27 00:45,0.039206
2025-06-27 01:00,0.037706
2025-06-27 01:15,0.026848
2025-06-27 01:30,0.020783
2025-06-27 01:45,0.027552
2025-06-27 02:00,0.038806
2025-06-27 02:15,0.020995
2025-06-27 02:30,0.032087
2025-06-27 02:45,0.029283
2025-06-27 03:00,0.022592
2025-06-27 03:15,0.021698
2025-06-27 03:30,0.045717
2025-06-27 03:45,0.031267
2025-06-27 04:00,0.021315
2025-06-27 04:15,0.028648
2025-06-27 04:30,0.051798
2025-06-27 04:45,0.064423
2025-06-27 05:00,0.047308
2025-06-27 05:15,0.031276
2025-06-27 05:30,0.036652
2025-06-27 05:45,0.030617
2025-06-27 06:00,0.032402
2025-06-27 06:15,0.030048
2025-06-27 06:30,0.030253
2025-06-27 06:45,0.034762
2025-06-27 07:00,0.029169
2025-06-27 07:15,0.034161
2025-06-27 07:30,0.028703
2025-06-27 07:45,0.021658
2025-06-27 08:00,0.036101
2025-06-27 08:15,0.0406
2025-06-27 08:30,0.023143
2025-06-27 08:45,0.023223
2025-06-27 09:00,0.014394
2025-06-27 09:15,0.023923
2025-06-27 09:30,0.010109
2025-06-27 09:45,0.008427
2025-06-27 10:00,0.004438
2025-06-27 10:15,0.010484
2025-06-27 10:30,0.011086
2025-06-27 10:45,0.013286
2025-06-27 11:00,0.007214
2025-06-27 11:15,0.019186
2025-06-27 11:30,0.014892
2025-06-27 11:45,0.019431
2025-06-27 12:00,0.035596
2025-06-27 12:15,0.013745
2025-06-27 12:30,0.009123
2025-06-27 12:45,0.007194
2025-06-27 13:00,0.020513
2025-06-27 13:15,0.012306
2025-06-27 13:30,0.004854
2025-06-27 13:45,0.029244
2025-06-27 14:00,0.003674
2025-06-27 14:15,0.001129
2025-06-27 14:30,0.007615
2025-06-27 14:45,0.002205
2025-06-27 15:00,0.003928
2025-06-27 15:15,0.002804
2025-06-27 15:30,0.002054
2025-06-27 15:45,0.001184
2025-06-27 16:00,0.001641
2025-06-27 16:15,0.001069
2025-06-27 16:30,0.000594
2025-06-27 16:45,0.001737
2025-06-27 17:00,0.002982
2025-06-27 17:15,0.001191
2025-06-27 17:30,0.001431
2025-06-27 17:45,0.000457
2025-06-27 18:00,0.00476
2025-06-27 18:15,0.000507
2025-06-27 18:30,0.003174
2025-06-27 18:45,0.001783
2025-06-27 19:00,0.001481
2025-06-27 19:15,0.001048
2025-06-27 19:30,0.000174
2025-06-27 19:45,0.00206
2025-06-27 20:00,0.000825
2025-06-27 20:15,0.002061
2025-06-27 20:30,0.001817
2025-06-27 20:45,0.00041
2025-06-27 21:00,0.003415
2025-06-27 21:15,0.000457
2025-06-27 21:30,0.002458
2025-06-27 21:45,0.0003
2025-06-27 22:00,0.001596
2025-06-27 22:15,0.002711
2025-06-27 22:30,0.005029
2025-06-27 22:45,0.001345
2025-06-27 23:00,0.002726
2025-06-27 23:15,0.000871
2025-06-27 23:30,0.001631
2025-06-27 23:45,0.005833
2025-06-28 00:00,0.038972
2025-06-28 00:15,0.007864
2025-06-28 00:30,0.004711
2025-06-28 00:45,0.001754
2025-06-28 01:00,0.004711
2025-06-28 01:15,0.013695
2025-06-28 01:30,0.002501
2025-06-28 01:45,0.003563
2025-06-28 02:00,0.007072
2025-06-28 02:15,0.002935
2025-06-28 02:30,0.001816
2025-06-28 02:45,0.002434
2025-06-28 03:00,0.00288
2025-06-28 03:15,0.009246
2025-06-28 03:30,0.005873
2025-06-28 03:45,0.004675
2025-06-28 04:00,0.013778
2025-06-28 04:15,0.004991
2025-06-28 04:30,0.003126
2025-06-28 04:45,0.007833
2025-06-28 05:00,0.003603
2025-06-28 05:15,0.006364
2025-06-28 05:30,0.007877
2025-06-28 05:45,0.002883
2025-06-28 06:00,0.005367
2025-06-28 06:15,0.00919
2025-06-28 06:30,0.006432
2025-06-28 06:45,0.009985
2025-06-28 07:00,0.004518
2025-06-28 07:15,0.004479
2025-06-28 07:30,0.005302
2025-06-28 07:45,0.040255
2025-06-28 08:00,0.007116
2025-06-28 08:15,0.007081
2025-06-28 08:30,0.004568
2025-06-28 08:45,0.004528
2025-06-28 09:00,0.004874
2025-06-28 09:15,0.011083
2025-06-28 09:30,0.004789
2025-06-28 09:45,0.004606
2025-06-28 10:00,0.007855
2025-06-28 10:15,0.007402
2025-06-28 10:30,0.003459
2025-06-28 10:45,0.017592
2025-06-28 11:00,0.005988
2025-06-28 11:15,0.039887
2025-06-28 11:30,0.005428
2025-06-28 11:45,0.005983
2025-06-28 12:00,0.002934
2025-06-28 12:15,0.005984
2025-06-28 12:30,0.136779
2025-06-28 12:45,0.416557
2025-06-28 13:00,0.12723
2025-06-28 13:15,0.165014
2025-06-28 13:30,0.199238
2025-06-28 13:45,0.125775
2025-06-28 14:00,0.003499
2025-06-28 14:15,0.003732
2025-06-28 14:30,0.003734
2025-06-28 14:45,0.001565
2025-06-28 15:00,0.000967
2025-06-28 15:15,0.001592
2025-06-28 15:30,0.002464
2025-06-28 15:45,0.003468
2025-06-28 16:00,0.001884
2025-06-28 16:15,0.010371
2025-06-28 16:30,0.001895
2025-06-28 16:45,0.000796
2025-06-28 17:00,0.001748
2025-06-28 17:15,0.001155
2025-06-28 17:30,0.002336
2025-06-28 17:45,0.000726
2025-06-28 18:00,0.006555
2025-06-28 18:15,0.003615
2025-06-28 18:30,0.004618
2025-06-28 18:45,0.000188
2025-06-28 19:00,0.000492
2025-06-28 19:15,0.000653
2025-06-28 19:30,0.001346
2025-06-28 19:45,0.000687
2025-06-28 20:00,0.000113
2025-06-28 20:15,0.000755
2025-06-28 20:30,0.000528
2025-06-28 20:45,0.000302
2025-06-28 21:00,0.001331
2025-06-28 21:15,0.002787
2025-06-28 21:30,0.000845
2025-06-28 21:45,0.004738
2025-06-28 22:00,0.000354
2025-06-28 22:15,0.001501
2025-06-28 22:30,0.000742
2025-06-28 22:45,0.002691
2025-06-28 23:00,0.002707
2025-06-28 23:15,0.001846
2025-06-28 23:30,0.002676
2025-06-28 23:45,0.002214
2025-06-29 00:00,0.001729
2025-06-29 00:15,0.003548
2025-06-29 00:30,0.005958
2025-06-29 00:45,0.000836
2025-06-29 01:00,0.000578
2025-06-29 01:15,0.004765
2025-06-29 01:30,0.000868
2025-06-29 01:45,0.001213
2025-06-29 02:00,0.002823
2025-06-29 02:15,0.005038
2025-06-29 02:30,0.004234
2025-06-29 02:45,0.004713
2025-06-29 03:00,0.00334
2025-06-29 03:15,0.003426
2025-06-29 03:30,0.003379
2025-06-29 03:45,0.005541
2025-06-29 04:00,0.006781
2025-06-29 04:15,0.00404
2025-06-29 04:30,0.007848
2025-06-29 04:45,0.007325
2025-06-29 05:00,0.003601
2025-06-29 05:15,0.006993
2025-06-29 05:30,0.007717
2025-06-29 05:45,0.007561
2025-06-29 06:00,0.009525
2025-06-29 06:15,0.023887
2025-06-29 06:30,0.086687
2025-06-29 06:45,0.111522
2025-06-29 07:00,0.106278
2025-06-29 07:15,0.099349
2025-06-29 07:30,0.00709
2025-06-29 07:45,0.005618
2025-06-29 08:00,0.004683
2025-06-29 08:15,0.009269
2025-06-29 08:30,0.005832
2025-06-29 08:45,0.004917
2025-06-29 09:00,0.014079
2025-06-29 09:15,0.008512
2025-06-29 09:30,0.00943
2025-06-29 09:45,0.00777
2025-06-29 10:00,0.016353
2025-06-29 10:15,0.010028
2025-06-29 10:30,0.010143
2025-06-29 10:45,0.008831
2025-06-29 11:00,0.011043
2025-06-29 11:15,0.038936
2025-06-29 11:30,0.008674
2025-06-29 11:45,0.006595
2025-06-29 12:00,0.011446
2025-06-29 12:15,0.008632
2025-06-29 12:30,0.010676
2025-06-29 12:45,0.003901
2025-06-29 13:00,0.005836
2025-06-29 13:15,0.00578
2025-06-29 13:30,0.006589
2025-06-29 13:45,0.058
2025-06-29 14:00,0.005591
2025-06-29 14:15,0.004
2025-06-29 14:30,0.104464
2025-06-29 14:45,0.010773
2025-06-29 15:00,0.002114
2025-06-29 15:15,0.002121
2025-06-29 15:30,0.003454
2025-06-29 15:45,0.003487
2025-06-29 16:00,0.002052
2025-06-29 16:15,0.002776
2025-06-29 16:30,0.007603
2025-06-29 16:45,0.002167
2025-06-29 17:00,0.003029
2025-06-29 17:15,0.001817
2025-06-29 17:30,0.002129
2025-06-29 17:45,0.002606
2025-06-29 18:00,0.002931
2025-06-29 18:15,0.001812
2025-06-29 18:30,0.003036
2025-06-29 18:45,0.0171
2025-06-29 19:00,0.007593
2025-06-29 19:15,0.000244
2025-06-29 19:30,0.001359
2025-06-29 19:45,0.002023
2025-06-29 20:00,0.00166
2025-06-29 20:15,0.000776
2025-06-29 20:30,0.000224
2025-06-29 20:45,0.003211
2025-06-29 21:00,0.002262
2025-06-29 21:15,0.001762
2025-06-29 21:30,0.005108
2025-06-29 21:45,0.001131
2025-06-29 22:00,0.000475
2025-06-29 22:15,0.001242
2025-06-29 22:30,0.001825
2025-06-29 22:45,0.002248
2025-06-29 23:00,0.00427
2025-06-29 23:15,0.004137
2025-06-29 23:30,0.01239
2025-06-29 23:45,0.016738
2025-06-30 00:00,0.158191
2025-06-30 00:15,0.033228
2025-06-30 00:30,0.016499
2025-06-30 00:45,0.027979
2025-06-30 01:00,0.0389
2025-06-30 01:15,0.034262
2025-06-30 01:30,0.036304
2025-06-30 01:45,0.036033
2025-06-30 02:00,0.031387
2025-06-30 02:15,0.066553
2025-06-30 02:30,0.0349
2025-06-30 02:45,0.035138
2025-06-30 03:00,0.03975
2025-06-30 03:15,0.024505
2025-06-30 03:30,0.020608
2025-06-30 03:45,0.031974
2025-06-30 04:00,0.029241
2025-06-30 04:15,0.028606
2025-06-30 04:30,0.031238
2025-06-30 04:45,0.125279
2025-06-30 05:00,0.035749
2025-06-30 05:15,0.037044
2025-06-30 05:30,0.045895
2025-06-30 05:45,0.045649
2025-06-30 06:00,0.048635
2025-06-30 06:15,0.05036
2025-06-30 06:30,0.050464
2025-06-30 06:45,0.078994
2025-06-30 07:00,0.048283
2025-06-30 07:15,0.056001
2025-06-30 07:30,0.055786
2025-06-30 07:45,0.04369
2025-06-30 08:00,0.04698
2025-06-30 08:15,0.028719
2025-06-30 08:30,0.030713
2025-06-30 08:45,0.025298
2025-06-30 09:00,0.026102
2025-06-30 09:15,0.028995
2025-06-30 09:30,0.027333
2025-06-30 09:45,0.017758
2025-06-30 10:00,0.017176
2025-06-30 10:15,0.07832
2025-06-30 10:30,0.113767
2025-06-30 10:45,0.038396
2025-06-30 11:00,0.011391
2025-06-30 11:15,0.010664
2025-06-30 11:30,0.006633
2025-06-30 11:45,0.033043
2025-06-30 12:00,0.012045
2025-06-30 12:15,0.009755
2025-06-30 12:30,0.004742
2025-06-30 12:45,0.015442
2025-06-30 13:00,0.01073
2025-06-30 13:15,0.011846
2025-06-30 13:30,0.021777
2025-06-30 13:45,0.008656
2025-06-30 14:00,0.009309
2025-06-30 14:15,0.008483
2025-06-30 14:30,0.007129
2025-06-30 14:45,0.005058
2025-06-30 15:00,0.006485
2025-06-30 15:15,0.009341
2025-06-30 15:30,0.017592
2025-06-30 15:45,0.012837
2025-06-30 16:00,0.021256
2025-06-30 16:15,0.003884
2025-06-30 16:30,0.002055
2025-06-30 16:45,0.002273
2025-06-30 17:00,0.001213
2025-06-30 17:15,0.000934
2025-06-30 17:30,0.384563
2025-06-30 17:45,0.078628
2025-06-30 18:00,0.003163
2025-06-30 18:15,0.00205
2025-06-30 18:30,0.001247
2025-06-30 18:45,0.001179
2025-06-30 19:00,0.004121
2025-06-30 19:15,0.001574
2025-06-30 19:30,0.000442
2025-06-30 19:45,0.002738
2025-06-30 20:00,0.000556
2025-06-30 20:15,0.001112
2025-06-30 20:30,0.001962
2025-06-30 20:45,0.00168
2025-06-30 21:00,0.002321
2025-06-30 21:15,0.002281
2025-06-30 21:30,0.003559
2025-06-30 21:45,0.007369
2025-06-30 22:00,0.005926
2025-06-30 22:15,0.009798
2025-06-30 22:30,0.01055
2025-06-30 22:45,0.014105
2025-06-30 23:00,0.005384
2025-06-30 23:15,0.003323
2025-06-30 23:30,0.006568
2025-06-30 23:45,0.009008
2025-07-01 00:00,0.024867
2025-07-01 00:15,0.03381
2025-07-01 00:30,0.021818
2025-07-01 00:45,0.042938
2025-07-01 01:00,0.058752
2025-07-01 01:15,0.059282
2025-07-01 01:30,0.053322
2025-07-01 01:45,0.049269
2025-07-01 02:00,0.028627
2025-07-01 02:15,0.034603
2025-07-01 02:30,0.033402
2025-07-01 02:45,0.022721
2025-07-01 03:00,0.016193
2025-07-01 03:15,0.018176
2025-07-01 03:30,0.049512
2025-07-01 03:45,0.023152
2025-07-01 04:00,0.019074
2025-07-01 04:15,0.037757
2025-07-01 04:30,0.042491
2025-07-01 04:45,0.062134
2025-07-01 05:00,0.070921
2025-07-01 05:15,0.06363
2025-07-01 05:30,0.030417
2025-07-01 05:45,0.045658
2025-07-01 06:00,0.046286
2025-07-01 06:15,0.081809
2025-07-01 06:30,0.040434
2025-07-01 06:45,0.038667
2025-07-01 07:00,0.052642
2025-07-01 07:15,0.087588
2025-07-01 07:30,0.042644
2025-07-01 07:45,0.047908
2025-07-01 08:00,0.055016
2025-07-01 08:15,0.032122
2025-07-01 08:30,0.036886
2025-07-01 08:45,0.031378
2025-07-01 09:00,0.044734
2025-07-01 09:15,0.013302
2025-07-01 09:30,0.022879
2025-07-01 09:45,0.053786
2025-07-01 10:00,0.026091
2025-07-01 10:15,0.018106
2025-07-01 10:30,0.015672
2025-07-01 10:45,0.018128
2025-07-01 11:00,0.014505
2025-07-01 11:15,0.016983
2025-07-01 11:30,0.013613
2025-07-01 11:45,0.0256
2025-07-01 12:00,0.011523
2025-07-01 12:15,0.016379
2025-07-01 12:30,0.006176
2025-07-01 12:45,0.005984
2025-07-01 13:00,0.014236
2025-07-01 13:15,0.008709
2025-07-01 13:30,0.006215
2025-07-01 13:45,0.003608
2025-07-01 14:00,0.004525
2025-07-01 14:15,0.003792
2025-07-01 14:30,0.006187
2025-07-01 14:45,0.002432
2025-07-01 15:00,0.004868
2025-07-01 15:15,0.005858
2025-07-01 15:30,0.001064
2025-07-01 15:45,0.001892
2025-07-01 16:00,0.002361
2025-07-01 16:15,0.001865
2025-07-01 16:30,0.001082
2025-07-01 16:45,0.0029
2025-07-01 17:00,0.004715
2025-07-01 17:15,0.006263
2025-07-01 17:30,0.001702
2025-07-01 17:45,0.004785
2025-07-01 18:00,0.011436
2025-07-01 18:15,0.001846
2025-07-01 18:30,0.002759
2025-07-01 18:45,0.000425
2025-07-01 19:00,0.000988
2025-07-01 19:15,0.000662
2025-07-01 19:30,0.000642
2025-07-01 19:45,0.000691
2025-07-01 20:00,0.003937
2025-07-01 20:15,0.002843
2025-07-01 20:30,0.000281
2025-07-01 20:45,0.002293
2025-07-01 21:00,0.001651
2025-07-01 21:15,0.000751
2025-07-01 21:30,0.002494
2025-07-01 21:45,0.001356
2025-07-01 22:00,0.00223
2025-07-01 22:15,0.001865
2025-07-01 22:30,0.002896
2025-07-01 22:45,0.007856
2025-07-01 23:00,0.006733
2025-07-01 23:15,0.006141
2025-07-01 23:30,0.0096
2025-07-01 23:45,0.016027
2025-07-02 00:00,0.022705
2025-07-02 00:00,0.04616
2025-07-02 00:15,0.042628
2025-07-02 00:30,0.062967
2025-07-02 00:45,0.208123
2025-07-02 01:00,0.057737
2025-07-02 01:15,0.053156
2025-07-02 01:30,0.055777
2025-07-02 01:45,0.057932
2025-07-02 02:00,0.124154
2025-07-02 02:15,0.117305
2025-07-02 02:30,0.035699
2025-07-02 02:45,0.026617
2025-07-02 03:00,0.022034
2025-07-02 03:15,0.028693
2025-07-02 03:30,0.050367
2025-07-02 03:45,0.076235
2025-07-02 04:00,0.047887
2025-07-02 04:15,0.091496
2025-07-02 04:30,0.072593
2025-07-02 04:45,0.100751
2025-07-02 05:00,0.068814
2025-07-02 05:15,0.051223
2025-07-02 05:30,0.07456
2025-07-02 05:45,0.097253
2025-07-02 06:00,0.062246
2025-07-02 06:15,0.122014
2025-07-02 06:30,0.055255
2025-07-02 06:45,0.091743
2025-07-02 07:00,0.107488
2025-07-02 07:15,0.094366
2025-07-02 07:30,0.12692
2025-07-02 07:45,0.141015
2025-07-02 08:00,0.086239
2025-07-02 08:15,0.056249
2025-07-02 08:30,0.075477
2025-07-02 08:45,0.075421
2025-07-02 09:00,0.064077
2025-07-02 09:15,0.05749
2025-07-02 09:30,0.048734
2025-07-02 09:45,0.02862
2025-07-02 10:00,0.027329
2025-07-02 10:15,0.033065
2025-07-02 10:30,0.0283
2025-07-02 10:45,0.037185
2025-07-02 11:00,0.063118
2025-07-02 11:15,0.046633
2025-07-02 11:30,0.011527
2025-07-02 11:45,0.021044
2025-07-02 12:00,0.028986
2025-07-02 12:15,0.031629
2025-07-02 12:30,0.015596
2025-07-02 12:45,0.035968
2025-07-02 13:00,0.008437
2025-07-02 13:15,0.010504
2025-07-02 13:30,0.013192
2025-07-02 13:45,0.018201
2025-07-02 14:00,0.01065
2025-07-02 14:15,0.008303
2025-07-02 14:30,0.00859
2025-07-02 14:45,0.008331
2025-07-02 15:00,0.010904
2025-07-02 15:15,0.007762
2025-07-02 15:30,0.005551
2025-07-02 15:45,0.006855
2025-07-02 16:00,0.004628
2025-07-02 16:15,0.005118
2025-07-02 16:30,0.021906
2025-07-02 16:45,0.009697
2025-07-02 17:00,0.005738
2025-07-02 17:15,0.006136
2025-07-02 17:30,0.002052
2025-07-02 17:45,0.001275
2025-07-02 18:00,0.010041
2025-07-02 18:15,0.003643
2025-07-02 18:30,0.006867
2025-07-02 18:45,0.002168
2025-07-02 19:00,0.005448
2025-07-02 19:15,0.00315
2025-07-02 19:30,0.007226
2025-07-02 19:45,0.012245
2025-07-02 20:00,0.00159
2025-07-02 20:15,0.002808
2025-07-02 20:30,0.000568
2025-07-02 20:45,0.001932
2025-07-02 21:00,0.001227
2025-07-02 21:15,0.006006
2025-07-02 21:30,0.006703
2025-07-02 21:45,0.002684
2025-07-02 22:00,0.001864
2025-07-02 22:15,0.007721
2025-07-02 22:30,0.003358
2025-07-02 22:45,0.017896
2025-07-02 23:00,0.012045
2025-07-02 23:15,0.017668
2025-07-02 23:30,0.019205
2025-07-02 23:45,0.057956
2025-07-03 00:00,0.03146
2025-07-03 00:15,0.054014
2025-07-03 00:30,0.031758
2025-07-03 00:45,0.044048
2025-07-03 01:00,0.061708
2025-07-03 01:15,0.079554
2025-07-03 01:30,0.031898
2025-07-03 01:45,0.058165
2025-07-03 02:00,0.059071
2025-07-03 02:15,0.034048
2025-07-03 02:30,0.038849
2025-07-03 02:45,0.050844
2025-07-03 03:00,0.133175
2025-07-03 03:15,0.043994
2025-07-03 03:30,0.040405
2025-07-03 03:45,0.108084
2025-07-03 04:00,0.069155
2025-07-03 04:15,0.05782
2025-07-03 04:30,0.068158
2025-07-03 04:45,0.067332
2025-07-03 05:00,0.065364
2025-07-03 05:15,0.035127
2025-07-03 05:30,0.075753
2025-07-03 05:45,0.0997
2025-07-03 06:00,0.073834
2025-07-03 06:15,0.069187
2025-07-03 06:30,0.085218
2025-07-03 06:45,0.039312
2025-07-03 07:00,0.043871
2025-07-03 07:15,0.114305
2025-07-03 07:30,0.060557
2025-07-03 07:45,0.054052
2025-07-03 08:00,0.08381
2025-07-03 08:15,0.055834
2025-07-03 08:30,0.067539
2025-07-03 08:45,0.074436
2025-07-03 09:00,0.060434
2025-07-03 09:15,0.165067
2025-07-03 09:30,0.030242
2025-07-03 09:45,0.041084
2025-07-03 10:00,0.031169
2025-07-03 10:15,0.013462
2025-07-03 10:30,0.023452
2025-07-03 10:45,0.022953
2025-07-03 11:00,0.018936
2025-07-03 11:15,0.011878
2025-07-03 11:30,0.013328
2025-07-03 11:45,0.017629
2025-07-03 12:00,0.017181
2025-07-03 12:15,0.032237
2025-07-03 12:30,0.024842
2025-07-03 12:45,0.017366
2025-07-03 13:00,0.026642
2025-07-03 13:15,0.039617
2025-07-03 13:30,0.051877
2025-07-03 13:45,0.022526
2025-07-03 14:00,0.006275
2025-07-03 14:15,0.005641
2025-07-03 14:30,0.018466
2025-07-03 14:45,0.005715
2025-07-03 15:00,0.013386
2025-07-03 15:15,0.005903
2025-07-03 15:30,0.004952
2025-07-03 15:45,0.003184
2025-07-03 16:00,0.002551
2025-07-03 16:15,0.01011
2025-07-03 16:30,0.005546
2025-07-03 16:45,0.004704
2025-07-03 17:00,0.012793
2025-07-03 17:15,0.006553
2025-07-03 17:30,0.024395
2025-07-03 17:45,0.00348
2025-07-03 18:00,0.010235
2025-07-03 18:15,0.003301
2025-07-03 18:30,0.007441
2025-07-03 18:45,0.006716
2025-07-03 19:00,0.005147
2025-07-03 19:15,0.012139
2025-07-03 19:30,0.00059
2025-07-03 19:45,0.001435
2025-07-03 20:00,0.008783
2025-07-03 20:15,0.013216
2025-07-03 20:30,0.016434
2025-07-03 20:45,0.001486
2025-07-03 21:00,0.005711
2025-07-03 21:15,0.001435
2025-07-03 21:30,0.012152
2025-07-03 21:45,0.001133
2025-07-03 22:00,0.002094
2025-07-03 22:15,0.006692
2025-07-03 22:30,0.020208
2025-07-03 22:45,0.003846
2025-07-03 23:00,0.006745
2025-07-03 23:15,0.009885
2025-07-03 23:30,0.009317
2025-07-03 23:45,0.025974
2025-07-04 00:00,0.121288
2025-07-04 00:15,0.330856
2025-07-04 00:30,0.028078
2025-07-04 00:45,0.043827
2025-07-04 01:00,0.048864
2025-07-04 01:15,0.073634
2025-07-04 01:30,0.056261
2025-07-04 01:45,0.030896
2025-07-04 02:00,0.068945
2025-07-04 02:15,0.061373
2025-07-04 02:30,0.059058
2025-07-04 02:45,0.028324
2025-07-04 03:00,0.022163
2025-07-04 03:15,0.029814
2025-07-04 03:30,0.027763
2025-07-04 03:45,0.023923
2025-07-04 04:00,0.143043
2025-07-04 04:15,0.070805
2025-07-04 04:30,0.060797
2025-07-04 04:45,0.09012
2025-07-04 05:00,0.056296
2025-07-04 05:15,0.026054
2025-07-04 05:30,0.049345
2025-07-04 05:45,0.055116
2025-07-04 06:00,0.071068
2025-07-04 06:15,0.071761
2025-07-04 06:30,0.066544
2025-07-04 06:45,0.05728
2025-07-04 07:00,0.074588
2025-07-04 07:15,0.076998
2025-07-04 07:30,0.108644
2025-07-04 07:45,0.052408
2025-07-04 08:00,0.100546
2025-07-04 08:15,0.091787
2025-07-04 08:30,0.057916
2025-07-04 08:45,0.041112
2025-07-04 09:00,0.043918
2025-07-04 09:15,0.051874
2025-07-04 09:30,0.061648
2025-07-04 09:45,0.054998
2025-07-04 10:00,0.03941
2025-07-04 10:15,0.044981
2025-07-04 10:30,0.042136
2025-07-04 10:45,1.0
2025-07-04 11:00,0.018854
2025-07-04 11:15,0.005276
2025-07-04 11:30,0.003442
2025-07-04 11:45,0.010067
2025-07-04 12:00,0.008223
2025-07-04 12:15,0.031665
2025-07-04 12:30,0.063307
2025-07-04 12:45,0.077827
2025-07-04 13:00,0.053499
2025-07-04 13:15,0.012882
2025-07-04 13:30,0.013198
2025-07-04 13:45,0.006232
2025-07-04 14:00,0.003907
2025-07-04 14:15,0.011896
2025-07-04 14:30,0.004319
2025-07-04 14:45,0.004292
2025-07-04 15:00,0.008123
2025-07-04 15:15,0.005012
2025-07-04 15:30,0.008537
2025-07-04 15:45,0.003468
2025-07-04 16:00,0.014161
2025-07-04 16:15,0.00209
2025-07-04 16:30,0.004871
2025-07-04 16:45,0.006122
2025-07-04 17:00,0.001241
2025-07-04 17:15,0.002713
2025-07-04 17:30,0.008375
2025-07-04 17:45,0.000766
2025-07-04 18:00,0.013144
2025-07-04 18:15,0.006858
2025-07-04 18:30,0.002281
2025-07-04 18:45,0.002721
2025-07-04 19:00,0.004961
2025-07-04 19:15,0.013983
2025-07-04 19:30,0.004062
2025-07-04 19:45,0.004012
2025-07-04 20:00,0.002497
2025-07-04 20:15,0.007295
2025-07-04 20:30,0.002126
2025-07-04 20:45,0.000868
2025-07-04 21:00,0.003885
2025-07-04 21:15,5.6e-05
2025-07-04 21:30,0.000943
2025-07-04 21:45,0.001125
2025-07-04 22:00,0.000236
2025-07-04 22:15,0.004747
2025-07-04 22:30,0.000151
2025-07-04 22:45,0.001682
2025-07-04 23:00,0.001462
2025-07-04 23:15,0.01151
2025-07-04 23:30,0.005432
2025-07-04 23:45,0.031719
2025-07-05 00:00,0.011787
2025-07-05 00:15,0.023311
2025-07-05 00:30,0.044651
2025-07-05 00:45,0.015703
2025-07-05 01:00,0.007946
2025-07-05 01:15,0.008897
2025-07-05 01:30,0.004953
2025-07-05 01:45,0.009846
2025-07-05 02:00,0.014962
2025-07-05 02:15,0.029578
2025-07-05 02:30,0.017092
2025-07-05 02:45,0.014702
2025-07-05 03:00,0.005473
2025-07-05 03:15,0.010356
2025-07-05 03:30,0.019031
2025-07-05 03:45,0.012214
2025-07-05 04:00,0.063847
2025-07-05 04:15,0.032509
2025-07-05 04:30,0.013801
2025-07-05 04:45,0.026264
2025-07-05 05:00,0.017544
2025-07-05 05:15,0.010775
2025-07-05 05:30,0.017295
2025-07-05 05:45,0.040023
2025-07-05 06:00,0.025037
2025-07-05 06:15,0.031124
2025-07-05 06:30,0.01104
2025-07-05 06:45,0.017272
2025-07-05 07:00,0.009057
2025-07-05 07:15,0.01096
2025-07-05 07:30,0.006581
2025-07-05 07:45,0.004125
2025-07-05 08:00,0.019055
2025-07-05 08:15,0.016722
2025-07-05 08:30,0.033346
2025-07-05 08:45,0.01242
2025-07-05 09:00,0.008998
2025-07-05 09:15,0.019601
2025-07-05 09:30,0.01326
2025-07-05 09:45,0.040244
2025-07-05 10:00,0.02448
2025-07-05 10:15,0.014947
2025-07-05 10:30,0.021946
2025-07-05 10:45,0.01267
2025-07-05 11:00,0.032622
2025-07-05 11:15,0.030673
2025-07-05 11:30,0.015089
2025-07-05 11:45,0.030593
2025-07-05 12:00,0.020473
2025-07-05 12:15,0.015712
2025-07-05 12:30,0.023511
2025-07-05 12:45,0.025097
2025-07-05 13:00,0.019419
2025-07-05 13:15,0.011128
2025-07-05 13:30,0.009635
2025-07-05 13:45,0.010064
2025-07-05 14:00,0.006349
2025-07-05 14:15,0.012051
2025-07-05 14:30,0.00975
2025-07-05 14:45,0.00417
2025-07-05 15:00,0.017717
2025-07-05 15:15,0.056384
2025-07-05 15:30,0.006772
2025-07-05 15:45,0.032119
2025-07-05 16:00,0.005885
2025-07-05 16:15,0.007087
2025-07-05 16:30,0.004654
2025-07-05 16:45,0.009463
2025-07-05 17:00,0.006811
2025-07-05 17:15,0.002389
2025-07-05 17:30,0.007522
2025-07-05 17:45,0.002963
2025-07-05 18:00,0.01526
2025-07-05 18:15,0.001411
2025-07-05 18:30,0.006288
2025-07-05 18:45,0.000867
2025-07-05 19:00,0.0022
2025-07-05 19:15,0.005241
2025-07-05 19:30,0.003892
2025-07-05 19:45,0.002704
2025-07-05 20:00,0.005609
2025-07-05 20:15,0.002132
2025-07-05 20:30,0.005661
2025-07-05 20:45,0.0008
2025-07-05 21:00,0.006493
2025-07-05 21:15,0.006591
2025-07-05 21:30,0.006276
2025-07-05 21:45,0.002795
2025-07-05 22:00,0.002249
2025-07-05 22:15,0.001862
2025-07-05 22:30,0.001716
2025-07-05 22:45,0.007998
2025-07-05 23:00,0.002575
2025-07-05 23:15,0.002811
2025-07-05 23:30,0.008201
2025-07-05 23:45,0.0079
2025-07-06 00:00,0.003682
2025-07-06 00:15,0.000898
2025-07-06 00:30,0.004027
2025-07-06 00:45,0.003702
2025-07-06 01:00,0.008648
2025-07-06 01:15,0.006232
2025-07-06 01:30,0.005373
2025-07-06 01:45,0.00279
2025-07-06 02:00,0.006112
2025-07-06 02:15,0.014498
2025-07-06 02:30,0.008631
2025-07-06 02:45,0.007241
2025-07-06 03:00,0.014782
2025-07-06 03:15,0.028053
2025-07-06 03:30,0.013118
2025-07-06 03:45,0.025814
2025-07-06 04:00,0.014269
2025-07-06 04:15,0.013592
2025-07-06 04:30,0.005789
2025-07-06 04:45,0.016882
2025-07-06 05:00,0.02204
2025-07-06 05:15,0.011153
2025-07-06 05:30,0.019406
2025-07-06 05:45,0.043695
2025-07-06 06:00,0.012101
2025-07-06 06:15,0.043729
2025-07-06 06:30,0.018956
2025-07-06 06:45,0.012338
2025-07-06 07:00,0.076231
2025-07-06 07:15,0.120003
2025-07-06 07:30,0.085917
2025-07-06 07:45,0.039604
2025-07-06 08:00,0.02143
2025-07-06 08:15,0.028384
2025-07-06 08:30,0.008329
2025-07-06 08:45,0.019213
2025-07-06 09:00,0.037714
2025-07-06 09:15,0.041879
2025-07-06 09:30,0.011234
2025-07-06 09:45,0.014802
2025-07-06 10:00,0.008022
2025-07-06 10:15,0.012659
2025-07-06 10:30,0.019152
2025-07-06 10:45,0.011431
2025-07-06 11:00,0.011959
2025-07-06 11:15,0.016549
2025-07-06 11:30,0.011966
2025-07-06 11:45,0.014721
2025-07-06 12:00,0.12687
2025-07-06 12:15,0.015943
2025-07-06 12:30,0.016739
2025-07-06 12:45,0.012814
2025-07-06 13:00,0.017309
2025-07-06 13:15,0.006995
2025-07-06 13:30,0.009264
2025-07-06 13:45,0.018437
2025-07-06 14:00,0.018928
2025-07-06 14:15,0.022974
2025-07-06 14:30,0.012986
2025-07-06 14:45,0.007612
2025-07-06 15:00,0.012105
2025-07-06 15:15,0.008859
2025-07-06 15:30,0.012518
2025-07-06 15:45,0.00937
2025-07-06 16:00,0.008791
2025-07-06 16:15,0.009665
2025-07-06 16:30,0.010051
2025-07-06 16:45,0.007177
2025-07-06 17:00,0.006232
2025-07-06 17:15,0.012943
2025-07-06 17:30,0.00805
2025-07-06 17:45,0.006272
2025-07-06 18:00,0.015749
2025-07-06 18:15,0.064752
2025-07-06 18:30,0.005013
2025-07-06 18:45,0.002117
2025-07-06 19:00,0.010629
2025-07-06 19:15,0.004534
2025-07-06 19:30,0.006644
2025-07-06 19:45,0.004023
2025-07-06 20:00,0.001281
2025-07-06 20:15,0.023702
2025-07-06 20:30,0.003824
2025-07-06 20:45,0.00721
2025-07-06 21:00,0.003522
2025-07-06 21:15,0.014509
2025-07-06 21:30,0.003776
2025-07-06 21:45,0.009077
2025-07-06 22:00,0.010714
2025-07-06 22:15,0.006326
2025-07-06 22:30,0.004791
2025-07-06 22:45,0.004743
2025-07-06 23:00,0.005664
2025-07-06 23:15,0.01264
2025-07-06 23:30,0.016614
2025-07-06 23:45,0.031215
2025-07-07 00:00,0.058119
2025-07-07 00:15,0.075971
2025-07-07 00:30,0.068056
2025-07-07 00:45,0.038214
2025-07-07 01:00,0.058983
2025-07-07 01:15,0.056101
2025-07-07 01:30,0.05833
2025-07-07 01:45,0.134999
2025-07-07 02:00,0.069206
2025-07-07 02:15,0.083148
2025-07-07 02:30,0.082089
2025-07-07 02:45,0.067863
2025-07-07 03:00,0.035317
2025-07-07 03:15,0.062854
2025-07-07 03:30,0.094159
2025-07-07 03:45,0.053446
2025-07-07 04:00,0.05146
2025-07-07 04:15,0.056729
2025-07-07 04:30,0.073045
2025-07-07 04:45,0.123475
2025-07-07 05:00,0.520623
2025-07-07 05:15,0.149889
2025-07-07 05:30,0.0945
2025-07-07 05:45,0.133274
2025-07-07 06:00,0.108762
2025-07-07 06:15,0.106306
2025-07-07 06:30,0.11132
2025-07-07 06:45,0.157703
2025-07-07 07:00,0.106965
2025-07-07 07:15,0.119372
2025-07-07 07:30,0.155925
2025-07-07 07:45,0.12502
2025-07-07 08:00,0.180715
2025-07-07 08:15,0.123974
2025-07-07 08:30,0.063149
2025-07-07 08:45,0.053521
2025-07-07 09:00,0.056145
2025-07-07 09:15,0.044012
2025-07-07 09:30,0.067937
2025-07-07 09:45,0.239347
2025-07-07 10:00,0.055773
2025-07-07 10:15,0.048529
2025-07-07 10:30,0.134164
2025-07-07 10:45,0.038141
2025-07-07 11:00,0.167267
2025-07-07 11:15,0.389672
2025-07-07 11:30,0.116747
2025-07-07 11:45,0.058944
2025-07-07 12:00,0.023084
2025-07-07 12:15,0.018271
2025-07-07 12:30,0.028326
2025-07-07 12:45,0.019232
2025-07-07 13:00,0.031576
2025-07-07 13:15,0.020873
2025-07-07 13:30,0.016487
2025-07-07 13:45,0.030716
2025-07-07 14:00,0.016142
2025-07-07 14:15,0.018045
2025-07-07 14:30,0.010846
2025-07-07 14:45,0.009993
2025-07-07 15:00,0.008874
2025-07-07 15:15,0.00751
2025-07-07 15:30,0.017091
2025-07-07 15:45,0.008346
2025-07-07 16:00,0.006228
2025-07-07 16:15,0.025808
2025-07-07 16:30,0.003174
2025-07-07 16:45,0.001679
2025-07-07 17:00,0.007143
2025-07-07 17:15,0.001013
2025-07-07 17:30,0.004254
2025-07-07 17:45,0.001779
2025-07-07 18:00,0.025902
2025-07-07 18:15,0.004691
2025-07-07 18:30,0.003328
2025-07-07 18:45,0.001004
2025-07-07 19:00,0.002017
2025-07-07 19:15,0.002973
2025-07-07 19:30,0.002808
2025-07-07 19:45,0.005142
2025-07-07 20:00,0.001681
2025-07-07 20:15,0.006152
2025-07-07 20:30,0.004327
2025-07-07 20:45,0.004568
2025-07-07 21:00,0.001434
2025-07-07 21:15,0.00241
2025-07-07 21:30,0.004733
2025-07-07 21:45,0.003313
2025-07-07 22:00,0.004085
2025-07-07 22:15,0.010166
2025-07-07 22:30,0.014859
2025-07-07 22:45,0.006896
2025-07-07 23:00,0.011353
2025-07-07 23:15,0.008649
2025-07-07 23:30,0.020582
2025-07-07 23:45,0.026847
2025-07-08 00:00,0.062923
2025-07-08 00:15,0.056687
2025-07-08 00:30,0.046743
2025-07-08 00:45,0.053863
2025-07-08 01:00,0.083609
2025-07-08 01:15,0.111969
2025-07-08 01:30,0.07886
2025-07-08 01:45,0.061544
2025-07-08 02:00,0.085157
2025-07-08 02:15,0.085725
2025-07-08 02:30,0.080315
2025-07-08 02:45,0.064438
2025-07-08 03:00,0.035105
2025-07-08 03:15,0.192875
2025-07-08 03:30,0.061782
2025-07-08 03:45,0.044404
2025-07-08 04:00,0.172538
2025-07-08 04:15,0.068941
2025-07-08 04:30,0.094986
2025-07-08 04:45,0.084472
2025-07-08 05:00,0.358268
2025-07-08 05:15,0.136719
2025-07-08 05:30,0.097293
2025-07-08 05:45,0.094396
2025-07-08 06:00,0.113581
2025-07-08 06:15,0.100916
2025-07-08 06:30,0.165145
2025-07-08 06:45,0.089224
2025-07-08 07:00,0.258455
2025-07-08 07:15,0.133482
2025-07-08 07:30,0.103213
2025-07-08 07:45,0.078669
2025-07-08 08:00,0.13169
2025-07-08 08:15,0.406305
2025-07-08 08:30,0.323089
2025-07-08 08:45,0.066033
2025-07-08 09:00,0.035815
2025-07-08 09:15,0.024074
2025-07-08 09:30,0.051981
2025-07-08 09:45,0.045257
2025-07-08 10:00,0.040579
2025-07-08 10:15,0.104272
2025-07-08 10:30,0.041679
2025-07-08 10:45,0.050647
2025-07-08 11:00,0.026053
2025-07-08 11:15,0.030828
2025-07-08 11:30,0.050122
2025-07-08 11:45,0.056977
2025-07-08 12:00,0.218874
2025-07-08 12:15,0.047109
2025-07-08 12:30,0.231524
2025-07-08 12:45,0.039862
2025-07-08 13:00,0.069733
2025-07-08 13:15,0.015014
2025-07-08 13:30,0.028569
2025-07-08 13:45,0.019952
2025-07-08 14:00,0.022181
2025-07-08 14:15,0.033274
2025-07-08 14:30,0.020266
2025-07-08 14:45,0.020929
2025-07-08 15:00,0.015652
2025-07-08 15:15,0.025246
2025-07-08 15:30,0.014195
2025-07-08 15:45,0.010115
2025-07-08 16:00,0.012569
2025-07-08 16:15,0.012758
2025-07-08 16:30,0.120498
2025-07-08 16:45,0.009339
2025-07-08 17:00,0.050224
2025-07-08 17:15,0.009742
2025-07-08 17:30,0.015381
2025-07-08 17:45,0.012624
2025-07-08 18:00,0.030057
2025-07-08 18:15,0.195801
2025-07-08 18:30,0.333498
2025-07-08 18:45,0.271956
2025-07-08 19:00,0.261226
2025-07-08 19:15,0.225383
2025-07-08 19:30,0.240535
2025-07-08 19:45,0.246133
2025-07-08 20:00,0.290018
2025-07-08 20:15,0.217889
2025-07-08 20:30,0.28102
2025-07-08 20:45,0.087004
2025-07-08 21:00,0.022476
2025-07-08 21:15,0.00991
2025-07-08 21:30,0.008264
2025-07-08 21:45,0.012382
2025-07-08 22:00,0.016207
2025-07-08 22:15,0.010919
2025-07-08 22:30,0.011673
2025-07-08 22:45,0.00825
2025-07-08 23:00,0.018183
2025-07-08 23:15,0.030295
2025-07-08 23:30,0.009876
2025-07-08 23:45,0.026157
2025-07-09 00:00,0.082246
2025-07-09 00:00,0.056829
2025-07-09 00:15,0.141438
2025-07-09 00:30,0.107686
2025-07-09 00:45,0.05372
2025-07-09 01:00,0.052107
2025-07-09 01:15,0.059343
2025-07-09 01:30,0.04483
2025-07-09 01:45,0.071197
2025-07-09 02:00,0.096196
2025-07-09 02:15,0.087501
2025-07-09 02:30,0.061281
2025-07-09 02:45,0.04136
2025-07-09 03:00,0.146569
2025-07-09 03:15,0.253398
2025-07-09 03:30,0.181081
2025-07-09 03:45,0.212627
2025-07-09 04:00,0.228606
2025-07-09 04:15,0.223479
2025-07-09 04:30,0.229423
2025-07-09 04:45,0.061041
2025-07-09 05:00,0.059133
2025-07-09 05:15,0.048309
2025-07-09 05:30,0.075273
2025-07-09 05:45,0.104469
2025-07-09 06:00,0.069603
2025-07-09 06:15,0.062313
2025-07-09 06:30,0.057051
2025-07-09 06:45,0.070931
2025-07-09 07:00,0.093999
2025-07-09 07:15,0.046278
2025-07-09 07:30,0.046331
2025-07-09 07:45,0.042967
2025-07-09 08:00,0.066117
2025-07-09 08:15,0.046311
2025-07-09 08:30,0.045608
2025-07-09 08:45,0.04123
2025-07-09 09:00,0.021433
2025-07-09 09:15,0.082016
2025-07-09 09:30,0.020208
2025-07-09 09:45,0.014428
2025-07-09 10:00,0.017282
2025-07-09 10:15,0.032197
2025-07-09 10:30,0.041113
2025-07-09 10:45,0.053904
2025-07-09 11:00,0.038361
2025-07-09 11:15,0.012258
2025-07-09 11:30,0.012501
2025-07-09 11:45,0.022497
2025-07-09 12:00,0.021802
2025-07-09 12:15,0.022024
2025-07-09 12:30,0.017646
2025-07-09 12:45,0.049725
2025-07-09 13:00,0.145397
2025-07-09 13:15,0.022714
2025-07-09 13:30,0.006444
2025-07-09 13:45,0.008719
2025-07-09 14:00,0.010911
2025-07-09 14:15,0.002768
2025-07-09 14:30,0.009835
2025-07-09 14:45,0.007081
2025-07-09 15:00,0.006806
2025-07-09 15:15,0.003786
2025-07-09 15:30,0.003568
2025-07-09 15:45,0.030096
2025-07-09 16:00,0.00042
2025-07-09 16:15,0.011132
2025-07-09 16:30,0.009388
2025-07-09 16:45,0.00576
2025-07-09 17:00,0.006849
2025-07-09 17:15,0.001116
2025-07-09 17:30,0.01428
2025-07-09 17:45,0.004084
2025-07-09 18:00,0.012197
2025-07-09 18:15,0.005526
2025-07-09 18:30,0.005564
2025-07-09 18:45,0.000373
2025-07-09 19:00,0.000468
2025-07-09 19:15,0.005387
2025-07-09 19:30,0.001871
2025-07-09 19:45,0.001843
2025-07-09 20:00,0.000713
2025-07-09 20:15,0.004209
2025-07-09 20:30,0.003492
2025-07-09 20:45,0.000505
2025-07-09 21:00,0.001777
2025-07-09 21:15,0.00141
2025-07-09 21:30,0.005462
2025-07-09 21:45,0.000727
2025-07-09 22:00,0.004554
2025-07-09 22:15,0.005275
2025-07-09 22:30,0.001851
2025-07-09 22:45,0.004869
2025-07-09 23:00,0.002814
2025-07-09 23:15,0.005463
2025-07-09 23:30,0.016914
2025-07-09 23:45,0.014627
2025-07-10 00:00,0.049234
2025-07-10 00:15,0.042584
2025-07-10 00:30,0.038823
2025-07-10 00:45,0.048871
2025-07-10 01:00,0.046924
2025-07-10 01:15,0.066582
2025-07-10 01:30,0.063066
2025-07-10 01:45,0.076266
2025-07-10 02:00,0.159481
2025-07-10 02:15,0.154955
2025-07-10 02:30,0.193367
2025-07-10 02:45,0.202793
2025-07-10 03:00,0.087014
2025-07-10 03:15,0.111288
2025-07-10 03:30,0.131943
2025-07-10 03:45,0.086194
2025-07-10 04:00,0.097763
2025-07-10 04:15,0.176118
2025-07-10 04:30,0.161305
2025-07-10 04:45,0.072197
2025-07-10 05:00,0.221732
2025-07-10 05:15,0.126153
2025-07-10 05:30,0.060143
2025-07-10 05:45,0.061188
2025-07-10 06:00,0.062264
2025-07-10 06:15,0.045076
2025-07-10 06:30,0.052865
2025-07-10 06:45,0.062988
2025-07-10 07:00,0.067719
2025-07-10 07:15,0.050102
2025-07-10 07:30,0.055986
2025-07-10 07:45,0.035781
2025-07-10 08:00,0.054425
2025-07-10 08:15,0.052467
2025-07-10 08:30,0.032135
2025-07-10 08:45,0.030602
2025-07-10 09:00,0.034622
2025-07-10 09:15,0.025671
2025-07-10 09:30,0.013579
2025-07-10 09:45,0.009613
2025-07-10 10:00,0.0244
2025-07-10 10:15,0.018706
2025-07-10 10:30,0.008279
2025-07-10 10:45,0.016402
2025-07-10 11:00,0.013253
2025-07-10 11:15,0.012577
2025-07-10 11:30,0.017252
2025-07-10 11:45,0.028579
2025-07-10 12:00,0.149495
2025-07-10 12:15,0.119727
2025-07-10 12:30,0.015602
2025-07-10 12:45,0.025191
2025-07-10 13:00,0.023369
2025-07-10 13:15,0.013284
2025-07-10 13:30,0.022806
2025-07-10 13:45,0.018033
2025-07-10 14:00,0.025776
2025-07-10 14:15,0.01179
2025-07-10 14:30,0.003222
2025-07-10 14:45,0.005212
2025-07-10 15:00,0.009319
2025-07-10 15:15,0.005198
2025-07-10 15:30,0.005569
2025-07-10 15:45,0.003718
2025-07-10 16:00,0.001902
2025-07-10 16:15,0.33385
2025-07-10 16:30,0.004399
2025-07-10 16:45,0.006583
2025-07-10 17:00,0.001117
2025-07-10 17:15,0.003964
2025-07-10 17:30,0.007772
2025-07-10 17:45,0.014381
2025-07-10 18:00,0.009899
2025-07-10 18:15,0.003832
2025-07-10 18:30,0.002428
2025-07-10 18:45,0.002154
2025-07-10 19:00,0.003046
2025-07-10 19:15,0.000914
2025-07-10 19:30,0.003883
2025-07-10 19:45,0.008971
2025-07-10 20:00,0.001886
2025-07-10 20:15,0.001456
2025-07-10 20:30,0.003682
2025-07-10 20:45,0.006762
2025-07-10 21:00,0.007711
2025-07-10 21:15,0.001191
2025-07-10 21:30,0.00626
2025-07-10 21:45,0.000563
2025-07-10 22:00,0.00338
2025-07-10 22:15,0.015502
2025-07-10 22:30,0.005886
2025-07-10 22:45,0.012083
2025-07-10 23:00,0.010047
2025-07-10 23:15,0.01088
2025-07-10 23:30,0.011629
2025-07-10 23:45,0.024204
2025-07-11 00:00,0.03335
2025-07-11 00:15,0.040794
2025-07-11 00:30,0.033198
2025-07-11 00:45,0.085602
2025-07-11 01:00,0.063145
2025-07-11 01:15,0.084337
2025-07-11 01:30,0.040333
2025-07-11 01:45,0.110084
2025-07-11 02:00,0.037365
2025-07-11 02:15,0.043771
2025-07-11 02:30,0.088348
2025-07-11 02:45,0.021959
2025-07-11 03:00,0.058113
2025-07-11 03:15,0.033536
2025-07-11 03:30,0.017429
2025-07-11 03:45,0.03038
2025-07-11 04:00,0.045652
2025-07-11 04:15,0.096249
2025-07-11 04:30,0.111247
2025-07-11 04:45,0.119698
2025-07-11 05:00,0.041056
2025-07-11 05:15,0.074266
2025-07-11 05:30,0.156082
2025-07-11 05:45,0.026822
2025-07-11 06:00,0.135118
2025-07-11 06:15,0.031766
2025-07-11 06:30,0.149881
2025-07-11 06:45,0.090203
2025-07-11 07:00,0.065397
2025-07-11 07:15,0.06082
2025-07-11 07:30,0.04433
2025-07-11 07:45,0.033659
2025-07-11 08:00,0.055174
2025-07-11 08:15,0.036892
2025-07-11 08:30,0.023301
2025-07-11 08:45,0.024522
2025-07-11 09:00,0.022346
2025-07-11 09:15,0.03338
2025-07-11 09:30,0.019476
2025-07-11 09:45,0.0274
2025-07-11 10:00,0.040752
2025-07-11 10:15,0.084646
2025-07-11 10:30,0.011754
2025-07-11 10:45,0.015281
2025-07-11 11:00,0.009364
2025-07-11 11:15,0.015031
2025-07-11 11:30,0.009135
2025-07-11 11:45,0.003994
2025-07-11 12:00,0.007168
2025-07-11 12:15,0.011418
2025-07-11 12:30,0.012556
2025-07-11 12:45,0.008035
2025-07-11 13:00,0.006625
2025-07-11 13:15,0.012991
2025-07-11 13:30,0.009032
2025-07-11 13:45,0.004536
2025-07-11 14:00,0.007376
2025-07-11 14:15,0.01097
2025-07-11 14:30,0.003034
2025-07-11 14:45,0.008914
2025-07-11 15:00,0.003153
2025-07-11 15:15,0.00631
2025-07-11 15:30,0.007676
2025-07-11 15:45,0.006096
2025-07-11 16:00,0.003444
2025-07-11 16:15,0.005373
2025-07-11 16:30,0.002528
2025-07-11 16:45,0.001414
2025-07-11 17:00,0.00875
2025-07-11 17:15,0.006738
2025-07-11 17:30,0.002772
2025-07-11 17:45,0.002295
2025-07-11 18:00,0.008148
2025-07-11 18:15,0.001134
2025-07-11 18:30,0.00312
2025-07-11 18:45,0.006392
2025-07-11 19:00,0.002688
2025-07-11 19:15,0.003334
2025-07-11 19:30,0.000768
2025-07-11 19:45,0.000744
2025-07-11 20:00,0.002452
2025-07-11 20:15,6.4e-05
2025-07-11 20:30,0.001431
2025-07-11 20:45,0.000687
2025-07-11 21:00,0.000874
2025-07-11 21:15,0.001913
2025-07-11 21:30,0.002409
2025-07-11 21:45,0.000758
2025-07-11 22:00,0.002866
2025-07-11 22:15,0.003056
2025-07-11 22:30,0.005096
2025-07-11 22:45,0.009662
2025-07-11 23:00,0.002638
2025-07-11 23:15,0.005037
2025-07-11 23:30,0.000678
2025-07-11 23:45,0.005724
2025-07-12 00:00,0.003523
2025-07-12 00:15,0.045749
2025-07-12 00:30,0.020651
2025-07-12 00:45,0.01295
2025-07-12 01:00,0.017771
2025-07-12 01:15,0.016686
2025-07-12 01:30,0.022398
2025-07-12 01:45,0.0085
2025-07-12 02:00,0.024608
2025-07-12 02:15,0.018564
2025-07-12 02:30,0.005587
2025-07-12 02:45,0.02194
2025-07-12 03:00,0.024651
2025-07-12 03:15,0.01439
2025-07-12 03:30,0.011851
2025-07-12 03:45,0.012136
2025-07-12 04:00,0.00998
2025-07-12 04:15,0.022861
2025-07-12 04:30,0.012188
2025-07-12 04:45,0.009652
2025-07-12 05:00,0.00783
2025-07-12 05:15,0.0097
2025-07-12 05:30,0.01062
2025-07-12 05:45,0.154425
2025-07-12 06:00,0.062316
2025-07-12 06:15,0.052019
2025-07-12 06:30,0.051714
2025-07-12 06:45,0.035363
2025-07-12 07:00,0.05066
2025-07-12 07:15,0.037478
2025-07-12 07:30,0.023382
2025-07-12 07:45,0.009661
2025-07-12 08:00,0.00642
2025-07-12 08:15,0.010423
2025-07-12 08:30,0.005376
2025-07-12 08:45,0.004519
2025-07-12 09:00,0.010259
2025-07-12 09:15,0.018492
2025-07-12 09:30,0.022714
2025-07-12 09:45,0.05078
2025-07-12 10:00,0.054474
2025-07-12 10:15,0.048862
2025-07-12 10:30,0.050095
2025-07-12 10:45,0.037526
2025-07-12 11:00,0.036248
2025-07-12 11:15,0.005576
2025-07-12 11:30,0.007178
2025-07-12 11:45,0.009665
2025-07-12 12:00,0.029086
2025-07-12 12:15,0.035853
2025-07-12 12:30,0.031535
2025-07-12 12:45,0.04971
2025-07-12 13:00,0.016472
2025-07-12 13:15,0.008036
2025-07-12 13:30,0.004036
2025-07-12 13:45,0.005796
2025-07-12 14:00,0.003168
2025-07-12 14:15,0.169999
2025-07-12 14:30,0.006516
2025-07-12 14:45,0.081752
2025-07-12 15:00,0.002511
2025-07-12 15:15,0.009939
2025-07-12 15:30,0.027118
2025-07-12 15:45,0.021531
2025-07-12 16:00,0.023639
2025-07-12 16:15,0.014043
2025-07-12 16:30,0.003471
2025-07-12 16:45,0.001054
2025-07-12 17:00,0.003383
2025-07-12 17:15,0.003096
2025-07-12 17:30,0.000589
2025-07-12 17:45,0.000629
2025-07-12 18:00,0.012615
2025-07-12 18:15,0.001956
2025-07-12 18:30,0.002472
2025-07-12 18:45,0.003733
2025-07-12 19:00,0.001269
2025-07-12 19:15,0.002139
2025-07-12 19:30,0.001659
2025-07-12 19:45,0.001492
2025-07-12 20:00,0.00129
2025-07-12 20:15,0.001991
2025-07-12 20:30,0.001019
2025-07-12 20:45,0.000789
2025-07-12 21:00,0.001281
2025-07-12 21:15,0.000649
2025-07-12 21:30,0.00141
2025-07-12 21:45,0.001606
2025-07-12 22:00,0.000983
2025-07-12 22:15,0.007325
2025-07-12 22:30,0.018438
2025-07-12 22:45,0.003935
2025-07-12 23:00,0.004514
2025-07-12 23:15,0.00188
2025-07-12 23:30,0.006421
2025-07-12 23:45,0.005636
2025-07-13 00:00,0.006432
2025-07-13 00:15,0.009171
2025-07-13 00:30,0.002696
2025-07-13 00:45,0.002611
2025-07-13 01:00,0.000532
2025-07-13 01:15,0.003268
2025-07-13 01:30,0.002879
2025-07-13 01:45,0.002188
2025-07-13 02:00,0.002339
2025-07-13 02:15,0.00827
2025-07-13 02:30,0.00203
2025-07-13 02:45,0.002627
2025-07-13 03:00,0.004824
2025-07-13 03:15,0.019601
2025-07-13 03:30,0.003481
2025-07-13 03:45,0.006251
2025-07-13 04:00,0.0087
2025-07-13 04:15,0.006202
2025-07-13 04:30,0.010806
2025-07-13 04:45,0.004663
2025-07-13 05:00,0.010859
2025-07-13 05:15,0.01444
2025-07-13 05:30,0.009359
2025-07-13 05:45,0.083657
2025-07-13 06:00,0.019904
2025-07-13 06:15,0.018848
2025-07-13 06:30,0.089857
2025-07-13 06:45,0.014785
2025-07-13 07:00,0.022169
2025-07-13 07:15,0.018056
2025-07-13 07:30,0.007184
2025-07-13 07:45,0.017249
2025-07-13 08:00,0.015484
2025-07-13 08:15,0.010458
2025-07-13 08:30,0.004659
2025-07-13 08:45,0.00553
2025-07-13 09:00,0.017508
2025-07-13 09:15,0.009445
2025-07-13 09:30,0.006134
2025-07-13 09:45,0.006082
2025-07-13 10:00,0.00534
2025-07-13 10:15,0.004977
2025-07-13 10:30,0.009238
2025-07-13 10:45,0.026157
2025-07-13 11:00,0.01516
2025-07-13 11:15,0.006299
2025-07-13 11:30,0.007693
2025-07-13 11:45,0.013312
2025-07-13 12:00,0.014519
2025-07-13 12:15,0.008694
2025-07-13 12:30,0.017792
2025-07-13 12:45,0.037601
2025-07-13 13:00,0.031094
2025-07-13 13:15,0.024008
2025-07-13 13:30,0.010748
2025-07-13 13:45,0.004128
2025-07-13 14:00,0.004421
2025-07-13 14:15,0.006619
2025-07-13 14:30,0.006155
2025-07-13 14:45,0.007347
2025-07-13 15:00,0.004873
2025-07-13 15:15,0.00349
2025-07-13 15:30,0.001842
2025-07-13 15:45,0.00741
2025-07-13 16:00,0.004276
2025-07-13 16:15,0.003089
2025-07-13 16:30,0.006762
2025-07-13 16:45,0.002396
2025-07-13 17:00,0.004551
2025-07-13 17:15,0.002057
2025-07-13 17:30,0.002707
2025-07-13 17:45,0.00049
2025-07-13 18:00,0.007457
2025-07-13 18:15,0.003814
2025-07-13 18:30,0.004381
2025-07-13 18:45,0.008895
2025-07-13 19:00,0.017341
2025-07-13 19:15,0.009382
2025-07-13 19:30,0.009751
2025-07-13 19:45,0.013975
2025-07-13 20:00,0.000937
2025-07-13 20:15,0.002046
2025-07-13 20:30,0.002711
2025-07-13 20:45,0.001281
2025-07-13 21:00,0.002278
2025-07-13 21:15,0.000382
2025-07-13 21:30,0.001745
2025-07-13 21:45,0.00307
2025-07-13 22:00,0.042934
2025-07-13 22:15,0.003225
2025-07-13 22:30,0.001001
2025-07-13 22:45,0.00969
2025-07-13 23:00,0.00682
2025-07-13 23:15,0.004307
2025-07-13 23:30,0.012217
2025-07-13 23:45,0.014052
2025-07-14 00:00,0.03901
2025-07-14 00:15,0.023274
2025-07-14 00:30,0.053531
2025-07-14 00:45,0.04872
2025-07-14 01:00,0.02542
2025-07-14 01:15,0.030174
2025-07-14 01:30,0.031445
2025-07-14 01:45,0.023225
2025-07-14 02:00,0.036657
2025-07-14 02:15,0.029399
2025-07-14 02:30,0.042566
2025-07-14 02:45,0.032785
2025-07-14 03:00,0.031814
2025-07-14 03:15,0.034156
2025-07-14 03:30,0.01806
2025-07-14 03:45,0.026237
2025-07-14 04:00,0.035157
2025-07-14 04:15,0.032374
2025-07-14 04:30,0.044931
2025-07-14 04:45,0.041204
2025-07-14 05:00,0.05609
2025-07-14 05:15,0.060771
2025-07-14 05:30,0.028908
2025-07-14 05:45,0.040739
2025-07-14 06:00,0.029394
2025-07-14 06:15,0.025595
2025-07-14 06:30,0.079473
2025-07-14 06:45,0.087126
2025-07-14 07:00,0.06795
2025-07-14 07:15,0.079417
2025-07-14 07:30,0.093802
2025-07-14 07:45,0.058326
2025-07-14 08:00,0.070932
2025-07-14 08:15,0.106984
2025-07-14 08:30,0.109491
2025-07-14 08:45,0.056536
2025-07-14 09:00,0.11881
2025-07-14 09:15,0.144365
2025-07-14 09:30,0.063257
2025-07-14 09:45,0.068406
2025-07-14 10:00,0.075828
2025-07-14 10:15,0.05925
2025-07-14 10:30,0.025556
2025-07-14 10:45,0.255354
2025-07-14 11:00,1.0
2025-07-14 11:15,0.618835
2025-07-14 11:30,0.053078
2025-07-14 11:45,0.031707
2025-07-14 12:00,0.030301
2025-07-14 12:15,0.015703
2025-07-14 12:30,0.099235
2025-07-14 12:45,0.0173
2025-07-14 13:00,0.018039
2025-07-14 13:15,0.011099
2025-07-14 13:30,0.016938
2025-07-14 13:45,0.013898
2025-07-14 14:00,0.015474
2025-07-14 14:15,0.009313
2025-07-14 14:30,0.004926
2025-07-14 14:45,0.00318
2025-07-14 15:00,0.002835
2025-07-14 15:15,0.042673
2025-07-14 15:30,0.036763
2025-07-14 15:45,0.013233
2025-07-14 16:00,0.045824
2025-07-14 16:15,0.021951
2025-07-14 16:30,0.01627
2025-07-14 16:45,0.002738
2025-07-14 17:00,0.002751
2025-07-14 17:15,0.003317
2025-07-14 17:30,0.004
2025-07-14 17:45,0.000362
2025-07-14 18:00,0.001675
2025-07-14 18:15,0.001924
2025-07-14 18:30,0.002094
2025-07-14 18:45,0.004005
2025-07-14 19:00,0.00267
2025-07-14 19:15,0.004421
2025-07-14 19:30,0.005761
2025-07-14 19:45,0.001898
2025-07-14 20:00,0.00275
2025-07-14 20:15,0.001516
2025-07-14 20:30,0.001408
2025-07-14 20:45,0.00172
2025-07-14 21:00,0.011238
2025-07-14 21:15,0.008146
2025-07-14 21:30,0.000731
2025-07-14 21:45,0.002415
2025-07-14 22:00,0.001033
2025-07-14 22:15,0.002558
2025-07-14 22:30,0.00149
2025-07-14 22:45,0.010468
2025-07-14 23:00,0.018142
2025-07-14 23:15,0.007567
2025-07-14 23:30,0.011914
2025-07-14 23:45,0.027071
2025-07-15 00:00,0.025995
2025-07-15 00:15,0.061463
2025-07-15 00:30,0.044276
2025-07-15 00:45,0.076996
2025-07-15 01:00,0.160404
2025-07-15 01:15,0.043554
2025-07-15 01:30,0.041192
2025-07-15 01:45,0.044608
2025-07-15 02:00,0.043157
2025-07-15 02:15,0.045974
2025-07-15 02:30,0.034891
2025-07-15 02:45,0.02734
2025-07-15 03:00,0.03394
2025-07-15 03:15,0.020846
2025-07-15 03:30,0.034905
2025-07-15 03:45,0.035958
2025-07-15 04:00,0.042351
2025-07-15 04:15,0.061437
2025-07-15 04:30,0.064787
2025-07-15 04:45,0.119081
2025-07-15 05:00,0.055201
2025-07-15 05:15,0.099029
2025-07-15 05:30,0.065966
2025-07-15 05:45,0.064543
2025-07-15 06:00,0.054743
2025-07-15 06:15,0.076773
2025-07-15 06:30,0.106196
2025-07-15 06:45,0.187281
2025-07-15 07:00,0.052899
2025-07-15 07:15,0.053692
2025-07-15 07:30,0.077255
2025-07-15 07:45,0.068111
2025-07-15 08:00,0.044908
2025-07-15 08:15,0.04871
2025-07-15 08:30,0.060804
2025-07-15 08:45,0.035792
2025-07-15 09:00,0.040418
2025-07-15 09:15,0.03351
2025-07-15 09:30,0.021967
2025-07-15 09:45,0.021666
2025-07-15 10:00,0.012979
2025-07-15 10:15,0.026039
2025-07-15 10:30,0.060789
2025-07-15 10:45,0.013487
2025-07-15 11:00,0.01618
2025-07-15 11:15,0.016773
2025-07-15 11:30,0.034247
2025-07-15 11:45,0.015809
2025-07-15 12:00,0.02217
2025-07-15 12:15,0.010231
2025-07-15 12:30,0.008104
2025-07-15 12:45,0.012357
2025-07-15 13:00,0.012101
2025-07-15 13:15,0.098708
2025-07-15 13:30,0.078954
2025-07-15 13:45,0.030224
2025-07-15 14:00,0.100191
2025-07-15 14:15,0.002781
2025-07-15 14:30,0.00491
2025-07-15 14:45,0.001983
2025-07-15 15:00,0.003823
2025-07-15 15:15,0.015988
2025-07-15 15:30,0.008405
2025-07-15 15:45,0.001811
2025-07-15 16:00,0.004102
2025-07-15 16:15,0.006628
2025-07-15 16:30,0.006995
2025-07-15 16:45,0.001989
2025-07-15 17:00,0.01871
2025-07-15 17:15,0.001562
2025-07-15 17:30,0.00072
2025-07-15 17:45,0.002285
2025-07-15 18:00,0.007338
2025-07-15 18:15,0.003315
2025-07-15 18:30,0.000525
2025-07-15 18:45,0.000605
2025-07-15 19:00,0.005837
2025-07-15 19:15,0.009228
2025-07-15 19:30,0.000378
2025-07-15 19:45,0.00143
2025-07-15 20:00,0.000172
2025-07-15 20:15,0.002029
2025-07-15 20:30,0.004029
2025-07-15 20:45,0.000138
2025-07-15 21:00,0.00153
2025-07-15 21:15,0.003523
2025-07-15 21:30,0.001574
2025-07-15 21:45,0.002006
2025-07-15 22:00,0.005151
2025-07-15 22:15,0.005626
2025-07-15 22:30,0.003602
2025-07-15 22:45,0.013318
2025-07-15 23:00,0.002469
2025-07-15 23:15,0.00709
2025-07-15 23:30,0.007307
2025-07-15 23:45,0.028538
2025-07-16 00:00,0.028454
2025-07-16 00:00,0.043724
2025-07-16 00:15,0.065142
2025-07-16 00:30,0.095653
2025-07-16 00:45,0.048602
2025-07-16 01:00,0.057465
2025-07-16 01:15,0.07258
2025-07-16 01:30,0.07141
2025-07-16 01:45,0.070991
2025-07-16 02:00,0.069149
2025-07-16 02:15,0.067735
2025-07-16 02:30,0.055763
2025-07-16 02:45,0.062346
2025-07-16 03:00,0.048917
2025-07-16 03:15,0.057976
2025-07-16 03:30,0.0204
2025-07-16 03:45,0.090588
2025-07-16 04:00,0.327472
2025-07-16 04:15,0.106459
2025-07-16 04:30,0.06115
2025-07-16 04:45,0.075916
2025-07-16 05:00,0.139989
2025-07-16 05:15,0.089785
2025-07-16 05:30,0.060544
2025-07-16 05:45,0.102463
2025-07-16 06:00,0.095424
2025-07-16 06:15,0.07678
2025-07-16 06:30,0.06655
2025-07-16 06:45,0.068473
2025-07-16 07:00,0.118306
2025-07-16 07:15,0.177065
2025-07-16 07:30,0.056495
2025-07-16 07:45,0.059333
2025-07-16 08:00,0.169027
2025-07-16 08:15,0.084221
2025-07-16 08:30,0.142661
2025-07-16 08:45,0.185277
2025-07-16 09:00,0.146274
2025-07-16 09:15,0.062698
2025-07-16 09:30,0.096
2025-07-16 09:45,0.028178
2025-07-16 10:00,0.127927
2025-07-16 10:15,0.11887
2025-07-16 10:30,0.030651
2025-07-16 10:45,0.012275
2025-07-16 11:00,0.025684
2025-07-16 11:15,0.018099
2025-07-16 11:30,0.053893
2025-07-16 11:45,0.080024
2025-07-16 12:00,0.026222
2025-07-16 12:15,0.046135
2025-07-16 12:30,0.030285
2025-07-16 12:45,0.044397
2025-07-16 13:00,0.02078
2025-07-16 13:15,0.049711
2025-07-16 13:30,0.020602
2025-07-16 13:45,0.022673
2025-07-16 14:00,0.012163
2025-07-16 14:15,0.007979
2025-07-16 14:30,0.015413
2025-07-16 14:45,0.019288
2025-07-16 15:00,0.021279
2025-07-16 15:15,0.043191
2025-07-16 15:30,0.034724
2025-07-16 15:45,0.007412
2025-07-16 16:00,0.045174
2025-07-16 16:15,0.022739
2025-07-16 16:30,0.04191
2025-07-16 16:45,0.003203
2025-07-16 17:00,0.008781
2025-07-16 17:15,0.006928
2025-07-16 17:30,0.001841
2025-07-16 17:45,0.001987
2025-07-16 18:00,0.014402
2025-07-16 18:15,0.002061
2025-07-16 18:30,0.003373
2025-07-16 18:45,0.001187
2025-07-16 19:00,0.004112
2025-07-16 19:15,0.022999
2025-07-16 19:30,0.015058
2025-07-16 19:45,0.024715
2025-07-16 20:00,0.02452
2025-07-16 20:15,0.021428
2025-07-16 20:30,0.003895
2025-07-16 20:45,0.000242
2025-07-16 21:00,0.003471
2025-07-16 21:15,0.006326
2025-07-16 21:30,0.002545
2025-07-16 21:45,0.001621
2025-07-16 22:00,0.006556
2025-07-16 22:15,0.001629
2025-07-16 22:30,0.003856
2025-07-16 22:45,0.004789
2025-07-16 23:00,0.015401
2025-07-16 23:15,0.015523
2025-07-16 23:30,0.011149
2025-07-16 23:45,0.027523
2025-07-17 00:00,0.054521
2025-07-17 00:15,0.049344
2025-07-17 00:30,0.059106
2025-07-17 00:45,0.231942
2025-07-17 01:00,0.134142
2025-07-17 01:15,0.06123
2025-07-17 01:30,0.058984
2025-07-17 01:45,0.107889
2025-07-17 02:00,0.090241
2025-07-17 02:15,0.077523
2025-07-17 02:30,0.066558
2025-07-17 02:45,0.070742
2025-07-17 03:00,0.064237
2025-07-17 03:15,0.064905
2025-07-17 03:30,0.035354
2025-07-17 03:45,0.053213
2025-07-17 04:00,0.072041
2025-07-17 04:15,0.076676
2025-07-17 04:30,0.089815
2025-07-17 04:45,0.079014
2025-07-17 05:00,0.118859
2025-07-17 05:15,0.107521
2025-07-17 05:30,0.09477
2025-07-17 05:45,0.111908
2025-07-17 06:00,0.17347
2025-07-17 06:15,0.151433
2025-07-17 06:30,0.167984
2025-07-17 06:45,0.068449
2025-07-17 07:00,0.14289
2025-07-17 07:15,0.073376
2025-07-17 07:30,0.070482
2025-07-17 07:45,0.08189
2025-07-17 08:00,0.071056
2025-07-17 08:15,0.063667
2025-07-17 08:30,0.047732
2025-07-17 08:45,0.066057
2025-07-17 09:00,0.074317
2025-07-17 09:15,0.053516
2025-07-17 09:30,0.028065
2025-07-17 09:45,0.024756
2025-07-17 10:00,0.605593
2025-07-17 10:15,1.0
2025-07-17 10:30,0.04711
2025-07-17 10:45,0.029343
2025-07-17 11:00,0.031834
2025-07-17 11:15,0.028939
2025-07-17 11:30,0.011577
2025-07-17 11:45,0.012384
2025-07-17 12:00,0.016441
2025-07-17 12:15,0.00648
2025-07-17 12:30,0.008667
2025-07-17 12:45,0.012213
2025-07-17 13:00,0.015677
2025-07-17 13:15,0.009822
2025-07-17 13:30,0.054095
2025-07-17 13:45,0.010062
2025-07-17 14:00,0.035366
2025-07-17 14:15,0.006801
2025-07-17 14:30,0.002674
2025-07-17 14:45,0.013716
2025-07-17 15:00,0.004485
2025-07-17 15:15,0.018191
2025-07-17 15:30,0.007623
2025-07-17 15:45,0.026659
2025-07-17 16:00,0.009623
2025-07-17 16:15,0.066264
2025-07-17 16:30,0.006844
2025-07-17 16:45,0.014272
2025-07-17 17:00,0.003488
2025-07-17 17:15,0.009329
2025-07-17 17:30,0.019102
2025-07-17 17:45,0.018188
2025-07-17 18:00,0.002676
2025-07-17 18:15,0.001204
2025-07-17 18:30,0.003357
2025-07-17 18:45,0.006091
2025-07-17 19:00,0.005529
2025-07-17 19:15,0.001782
2025-07-17 19:30,0.002712
2025-07-17 19:45,0.001408
2025-07-17 20:00,0.002234
2025-07-17 20:15,0.002996
2025-07-17 20:30,0.006905
2025-07-17 20:45,0.001921
2025-07-17 21:00,0.002976
2025-07-17 21:15,0.001478
2025-07-17 21:30,0.003139
2025-07-17 21:45,0.004119
2025-07-17 22:00,0.00571
2025-07-17 22:15,0.017224
2025-07-17 22:30,0.005509
2025-07-17 22:45,0.00749
2025-07-17 23:00,0.012266
2025-07-17 23:15,0.01733
2025-07-17 23:30,0.008874
2025-07-17 23:45,0.038645
2025-07-18 00:00,0.153877
2025-07-18 00:15,0.050842
2025-07-18 00:30,0.107614
2025-07-18 00:45,0.050348
2025-07-18 01:00,0.073655
2025-07-18 01:15,0.059775
2025-07-18 01:30,0.07949
2025-07-18 01:45,0.075822
2025-07-18 02:00,0.094502
2025-07-18 02:15,0.10715
2025-07-18 02:30,0.039301
2025-07-18 02:45,0.026188
2025-07-18 03:00,0.064129
2025-07-18 03:15,0.029183
2025-07-18 03:30,0.036954
2025-07-18 03:45,0.062228
2025-07-18 04:00,0.068072
2025-07-18 04:15,0.096089
2025-07-18 04:30,0.064939
2025-07-18 04:45,0.076487
2025-07-18 05:00,0.060419
2025-07-18 05:15,0.083511
2025-07-18 05:30,0.063861
2025-07-18 05:45,0.102903
2025-07-18 06:00,0.103992
2025-07-18 06:15,0.099526
2025-07-18 06:30,0.098876
2025-07-18 06:45,0.068036
2025-07-18 07:00,0.046711
2025-07-18 07:15,0.108383
2025-07-18 07:30,0.475458
2025-07-18 07:45,0.354769
2025-07-18 08:00,0.072643
2025-07-18 08:15,0.115751
2025-07-18 08:30,0.06901
2025-07-18 08:45,0.047206
2025-07-18 09:00,0.028494
2025-07-18 09:15,0.018967
2025-07-18 09:30,0.023129
2025-07-18 09:45,0.02629
2025-07-18 10:00,0.024697
2025-07-18 10:15,0.041732
2025-07-18 10:30,0.035033
2025-07-18 10:45,0.018151
2025-07-18 11:00,0.020678
2025-07-18 11:15,0.016991
2025-07-18 11:30,0.031426
2025-07-18 11:45,0.036346
2025-07-18 12:00,0.107691
2025-07-18 12:15,0.017009
2025-07-18 12:30,0.037801
2025-07-18 12:45,0.033562
2025-07-18 13:00,0.029153
2025-07-18 13:15,0.02209
2025-07-18 13:30,0.023329
2025-07-18 13:45,0.016749
2025-07-18 14:00,0.007881
2025-07-18 14:15,0.029555
2025-07-18 14:30,0.016988
2025-07-18 14:45,0.020476
2025-07-18 15:00,0.012294
2025-07-18 15:15,0.040531
2025-07-18 15:30,0.008006
2025-07-18 15:45,0.009161
2025-07-18 16:00,0.001759
2025-07-18 16:15,0.008443
2025-07-18 16:30,0.002146
2025-07-18 16:45,0.005066
2025-07-18 17:00,0.00943
2025-07-18 17:15,0.001321
2025-07-18 17:30,0.001271
2025-07-18 17:45,0.001073
2025-07-18 18:00,0.026714
2025-07-18 18:15,0.003414
2025-07-18 18:30,0.001581
2025-07-18 18:45,0.002671
2025-07-18 19:00,0.002122
2025-07-18 19:15,0.004153
2025-07-18 19:30,0.006185
2025-07-18 19:45,0.002005
2025-07-18 20:00,0.002085
2025-07-18 20:15,0.004716
2025-07-18 20:30,0.00191
2025-07-18 20:45,0.019311
2025-07-18 21:00,0.006652
2025-07-18 21:15,0.005139
2025-07-18 21:30,0.000936
2025-07-18 21:45,0.001238
2025-07-18 22:00,0.000293
2025-07-18 22:15,0.000295
2025-07-18 22:30,0.001179
2025-07-18 22:45,0.003087
2025-07-18 23:00,0.041393
2025-07-18 23:15,0.014551
2025-07-18 23:30,0.004813
2025-07-18 23:45,0.008999
2025-07-19 00:00,0.00941
2025-07-19 00:15,0.056932
2025-07-19 00:30,0.023944
2025-07-19 00:45,0.004585
2025-07-19 01:00,0.005485
2025-07-19 01:15,0.023346
2025-07-19 01:30,0.036433
2025-07-19 01:45,0.064239
2025-07-19 02:00,0.037187
2025-07-19 02:15,0.020883
2025-07-19 02:30,0.032349
2025-07-19 02:45,0.011931
2025-07-19 03:00,0.013126
2025-07-19 03:15,0.003843
2025-07-19 03:30,0.012025
2025-07-19 03:45,0.01131
2025-07-19 04:00,0.030391
2025-07-19 04:15,0.009821
2025-07-19 04:30,0.035134
2025-07-19 04:45,0.070067
2025-07-19 05:00,0.029574
2025-07-19 05:15,0.022128
2025-07-19 05:30,0.052961
2025-07-19 05:45,0.032941
2025-07-19 06:00,0.015284
2025-07-19 06:15,0.016605
2025-07-19 06:30,0.050311
2025-07-19 06:45,0.057347
2025-07-19 07:00,0.037784
2025-07-19 07:15,0.031542
2025-07-19 07:30,0.083306
2025-07-19 07:45,0.071917
2025-07-19 08:00,0.032005
2025-07-19 08:15,0.03466
2025-07-19 08:30,0.035237
2025-07-19 08:45,0.013226
2025-07-19 09:00,0.010035
2025-07-19 09:15,0.019151
2025-07-19 09:30,0.003195
2025-07-19 09:45,0.015697
2025-07-19 10:00,0.032884
2025-07-19 10:15,0.02633
2025-07-19 10:30,0.018488
2025-07-19 10:45,0.129007
2025-07-19 11:00,0.019482
2025-07-19 11:15,0.009348
2025-07-19 11:30,0.017026
2025-07-19 11:45,0.007851
2025-07-19 12:00,0.010888
2025-07-19 12:15,0.01329
2025-07-19 12:30,0.001539
2025-07-19 12:45,0.015389
2025-07-19 13:00,0.012015
2025-07-19 13:15,0.007461
2025-07-19 13:30,0.024159
2025-07-19 13:45,0.017338
2025-07-19 14:00,0.017057
2025-07-19 14:15,0.055516
2025-07-19 14:30,0.00926
2025-07-19 14:45,0.020612
2025-07-19 15:00,0.019471
2025-07-19 15:15,0.016138
2025-07-19 15:30,0.004836
2025-07-19 15:45,0.001398
2025-07-19 16:00,0.019132
2025-07-19 16:15,0.004067
2025-07-19 16:30,0.024122
2025-07-19 16:45,0.036706
2025-07-19 17:00,0.001524
2025-07-19 17:15,0.003726
2025-07-19 17:30,0.002658
2025-07-19 17:45,0.002862
2025-07-19 18:00,0.020888
2025-07-19 18:15,0.000504
2025-07-19 18:30,0.004442
2025-07-19 18:45,0.000198
2025-07-19 19:00,0.00345
2025-07-19 19:15,0.001887
2025-07-19 19:30,0.001237
2025-07-19 19:45,0.000301
2025-07-19 20:00,0.000147
2025-07-19 20:15,0.000312
2025-07-19 20:30,0.001725
2025-07-19 20:45,0.00088
2025-07-19 21:00,0.000516
2025-07-19 21:15,0.000211
2025-07-19 21:30,0.000116
2025-07-19 21:45,0.00038
2025-07-19 22:00,0.001069
2025-07-19 22:15,0.004096
2025-07-19 22:30,0.001505
2025-07-19 22:45,0.000611
2025-07-19 23:00,0.00038
2025-07-19 23:15,0.001581
2025-07-19 23:30,0.000964
2025-07-19 23:45,0.020546
2025-07-20 00:00,0.001445
2025-07-20 00:15,0.000411
2025-07-20 00:30,0.000965
2025-07-20 00:45,0.002337
2025-07-20 01:00,0.006541
2025-07-20 01:15,0.009965
2025-07-20 01:30,0.00914
2025-07-20 01:45,0.001592
2025-07-20 02:00,0.006366
2025-07-20 02:15,0.009031
2025-07-20 02:30,0.03199
2025-07-20 02:45,0.003307
2025-07-20 03:00,0.031756
2025-07-20 03:15,0.037253
2025-07-20 03:30,0.005125
2025-07-20 03:45,0.187425
2025-07-20 04:00,0.1209
2025-07-20 04:15,0.043302
2025-07-20 04:30,0.005712
2025-07-20 04:45,0.008981
2025-07-20 05:00,0.008
2025-07-20 05:15,0.001883
2025-07-20 05:30,0.013747
2025-07-20 05:45,0.068131
2025-07-20 06:00,0.014196
2025-07-20 06:15,0.017869
2025-07-20 06:30,0.027116
2025-07-20 06:45,0.029546
2025-07-20 07:00,0.016144
2025-07-20 07:15,0.023109
2025-07-20 07:30,0.009898
2025-07-20 07:45,0.021684
2025-07-20 08:00,0.031355
2025-07-20 08:15,0.058315
2025-07-20 08:30,0.036794
2025-07-20 08:45,0.020046
2025-07-20 09:00,0.024778
2025-07-20 09:15,0.023649
2025-07-20 09:30,0.026384
2025-07-20 09:45,0.121323
2025-07-20 10:00,0.149979
2025-07-20 10:15,0.084087
2025-07-20 10:30,0.007505
2025-07-20 10:45,0.015727
2025-07-20 11:00,0.019062
2025-07-20 11:15,0.06528
2025-07-20 11:30,0.0184
2025-07-20 11:45,0.04866
2025-07-20 12:00,0.029008
2025-07-20 12:15,0.09911
2025-07-20 12:30,0.033122
2025-07-20 12:45,0.011533
2025-07-20 13:00,0.00796
2025-07-20 13:15,0.01062
2025-07-20 13:30,0.005277
2025-07-20 13:45,0.004201
2025-07-20 14:00,0.039022
2025-07-20 14:15,0.009922
2025-07-20 14:30,0.001854
2025-07-20 14:45,0.00339
2025-07-20 15:00,0.00303
2025-07-20 15:15,0.005494
2025-07-20 15:30,0.002091
2025-07-20 15:45,0.004236
2025-07-20 16:00,0.00442
2025-07-20 16:15,0.005775
2025-07-20 16:30,0.019118
2025-07-20 16:45,0.003087
2025-07-20 17:00,0.004369
2025-07-20 17:15,0.029626
2025-07-20 17:30,0.000498
2025-07-20 17:45,0.003894
2025-07-20 18:00,0.021982
2025-07-20 18:15,0.00087
2025-07-20 18:30,0.000706
2025-07-20 18:45,0.001416
2025-07-20 19:00,0.011238
2025-07-20 19:15,0.001965
2025-07-20 19:30,0.006526
2025-07-20 19:45,0.003106
2025-07-20 20:00,0.000693
2025-07-20 20:15,0.000688
2025-07-20 20:30,0.00063
2025-07-20 20:45,0.000556
2025-07-20 21:00,0.003195
2025-07-20 21:15,0.001476
2025-07-20 21:30,0.001006
2025-07-20 21:45,0.007641
2025-07-20 22:00,0.002609
2025-07-20 22:15,0.003214
2025-07-20 22:30,0.01166
2025-07-20 22:45,0.007807
2025-07-20 23:00,0.000684
2025-07-20 23:15,0.008823
2025-07-20 23:30,0.01631
2025-07-20 23:45,0.043026
2025-07-21 00:00,0.056423
2025-07-21 00:15,0.079079
2025-07-21 00:30,0.048864
2025-07-21 00:45,0.043001
2025-07-21 01:00,0.045599
2025-07-21 01:15,0.082794
2025-07-21 01:30,0.107619
2025-07-21 01:45,0.113772
2025-07-21 02:00,0.089937
2025-07-21 02:15,0.076803
2025-07-21 02:30,0.088329
2025-07-21 02:45,0.051906
2025-07-21 03:00,0.049206
2025-07-21 03:15,0.074054
2025-07-21 03:30,0.109071
2025-07-21 03:45,0.130913
2025-07-21 04:00,0.130673
2025-07-21 04:15,0.17707
2025-07-21 04:30,0.100148
2025-07-21 04:45,0.080739
2025-07-21 05:00,0.097499
2025-07-21 05:15,0.130988
2025-07-21 05:30,0.086379
2025-07-21 05:45,0.099831
2025-07-21 06:00,0.069548
2025-07-21 06:15,0.070076
2025-07-21 06:30,0.126202
2025-07-21 06:45,0.10512
2025-07-21 07:00,0.073691
2025-07-21 07:15,0.086963
2025-07-21 07:30,0.125078
2025-07-21 07:45,0.0672
2025-07-21 08:00,0.085911
2025-07-21 08:15,0.057712
2025-07-21 08:30,0.065735
2025-07-21 08:45,0.100545
2025-07-21 09:00,0.066442
2025-07-21 09:15,0.045135
2025-07-21 09:30,0.120128
2025-07-21 09:45,0.057167
2025-07-21 10:00,0.054811
2025-07-21 10:15,0.082802
2025-07-21 10:30,0.053481
2025-07-21 10:45,0.028157
2025-07-21 11:00,0.028316
2025-07-21 11:15,0.12347
2025-07-21 11:30,0.030394
2025-07-21 11:45,0.020183
2025-07-21 12:00,0.025615
2025-07-21 12:15,0.009293
2025-07-21 12:30,0.010734
2025-07-21 12:45,0.016901
2025-07-21 13:00,0.020753
2025-07-21 13:15,0.011626
2025-07-21 13:30,0.006342
2025-07-21 13:45,0.006329
2025-07-21 14:00,0.012264
2025-07-21 14:15,0.009329
2025-07-21 14:30,0.00497
2025-07-21 14:45,0.016279
2025-07-21 15:00,0.015706
2025-07-21 15:15,0.007548
2025-07-21 15:30,0.004666
2025-07-21 15:45,0.02045
2025-07-21 16:00,0.019745
2025-07-21 16:15,0.005705
2025-07-21 16:30,0.005198
2025-07-21 16:45,0.002856
2025-07-21 17:00,0.001761
2025-07-21 17:15,0.013011
2025-07-21 17:30,0.013353
2025-07-21 17:45,0.005422
2025-07-21 18:00,0.011051
2025-07-21 18:15,0.007302
2025-07-21 18:30,0.079228
2025-07-21 18:45,0.00989
2025-07-21 19:00,0.00868
2025-07-21 19:15,0.002141
2025-07-21 19:30,0.005481
2025-07-21 19:45,0.002358
2025-07-21 20:00,0.002423
2025-07-21 20:15,0.0006
2025-07-21 20:30,0.006537
2025-07-21 20:45,0.001636
2025-07-21 21:00,0.000648
2025-07-21 21:15,0.005017
2025-07-21 21:30,0.002645
2025-07-21 21:45,0.001617
2025-07-21 22:00,0.005879
2025-07-21 22:15,0.005634
2025-07-21 22:30,0.016221
2025-07-21 22:45,0.020214
2025-07-21 23:00,0.01349
2025-07-21 23:15,0.009686
2025-07-21 23:30,0.015124
2025-07-21 23:45,0.03011
2025-07-22 00:00,0.084918
2025-07-22 00:15,0.140123
2025-07-22 00:30,0.121665
2025-07-22 00:45,0.062274
2025-07-22 01:00,0.058529
2025-07-22 01:15,0.059244
2025-07-22 01:30,0.106033
2025-07-22 01:45,0.118641
2025-07-22 02:00,0.106218
2025-07-22 02:15,0.095734
2025-07-22 02:30,0.098257
2025-07-22 02:45,0.036227
2025-07-22 03:00,0.028344
2025-07-22 03:15,0.042731
2025-07-22 03:30,0.047825
2025-07-22 03:45,0.064503
2025-07-22 04:00,0.145777
2025-07-22 04:15,0.105494
2025-07-22 04:30,0.145585
2025-07-22 04:45,0.089847
2025-07-22 05:00,0.170308
2025-07-22 05:15,0.136912
2025-07-22 05:30,0.113684
2025-07-22 05:45,0.079301
2025-07-22 06:00,0.073799
2025-07-22 06:15,0.131443
2025-07-22 06:30,0.092198
2025-07-22 06:45,0.111082
2025-07-22 07:00,0.071908
2025-07-22 07:15,0.050575
2025-07-22 07:30,0.086506
2025-07-22 07:45,0.117697
2025-07-22 08:00,0.081647
2025-07-22 08:15,0.119868
2025-07-22 08:30,0.120161
2025-07-22 08:45,0.089075
2025-07-22 09:00,0.024578
2025-07-22 09:15,0.071168
2025-07-22 09:30,0.08463
2025-07-22 09:45,0.076
2025-07-22 10:00,0.105977
2025-07-22 10:15,0.041036
2025-07-22 10:30,0.07088
2025-07-22 10:45,0.073874
2025-07-22 11:00,0.062022
2025-07-22 11:15,0.035572
2025-07-22 11:30,0.027192
2025-07-22 11:45,0.027175
2025-07-22 12:00,0.027042
2025-07-22 12:15,0.050756
2025-07-22 12:30,0.051651
2025-07-22 12:45,0.025441
2025-07-22 13:00,0.022526
2025-07-22 13:15,0.01519
2025-07-22 13:30,0.017999
2025-07-22 13:45,0.01159
2025-07-22 14:00,0.009064
2025-07-22 14:15,0.010772
2025-07-22 14:30,0.013868
2025-07-22 14:45,0.011565
2025-07-22 15:00,0.030796
2025-07-22 15:15,0.045391
2025-07-22 15:30,0.014228
2025-07-22 15:45,0.005099
2025-07-22 16:00,0.005736
2025-07-22 16:15,0.003889
2025-07-22 16:30,0.00875
2025-07-22 16:45,0.004859
2025-07-22 17:00,0.00701
2025-07-22 17:15,0.003495
2025-07-22 17:30,0.002783
2025-07-22 17:45,0.005814
2025-07-22 18:00,0.010163
2025-07-22 18:15,0.001124
2025-07-22 18:30,0.006632
2025-07-22 18:45,0.000523
2025-07-22 19:00,0.000678
2025-07-22 19:15,0.004979
2025-07-22 19:30,0.00439
2025-07-22 19:45,0.003301
2025-07-22 20:00,0.002063
2025-07-22 20:15,0.006098
2025-07-22 20:30,0.005817
2025-07-22 20:45,0.001585
2025-07-22 21:00,0.001114
2025-07-22 21:15,0.001448
2025-07-22 21:30,0.005865
2025-07-22 21:45,0.001153
2025-07-22 22:00,0.007054
2025-07-22 22:15,0.003362
2025-07-22 22:30,0.005833
2025-07-22 22:45,0.00348
2025-07-22 23:00,0.00779
2025-07-22 23:15,0.015269
2025-07-22 23:30,0.031402
2025-07-22 23:45,0.067469
2025-07-23 00:00,0.109416
2025-07-23 00:00,0.082649
2025-07-23 00:15,0.051025
2025-07-23 00:30,0.062085
2025-07-23 00:45,0.068854
2025-07-23 01:00,0.05138
2025-07-23 01:15,0.065189
2025-07-23 01:30,0.076224
2025-07-23 01:45,0.090897
2025-07-23 02:00,0.064945
2025-07-23 02:15,0.139811
2025-07-23 02:30,0.099015
2025-07-23 02:45,0.032393
2025-07-23 03:00,0.027896
2025-07-23 03:15,0.048307
2025-07-23 03:30,0.040011
2025-07-23 03:45,0.040016
2025-07-23 04:00,0.046288
2025-07-23 04:15,0.055731
2025-07-23 04:30,0.060835
2025-07-23 04:45,0.098715
2025-07-23 05:00,0.081639
2025-07-23 05:15,0.089074
2025-07-23 05:30,0.049641
2025-07-23 05:45,0.038387
2025-07-23 06:00,0.070802
2025-07-23 06:15,0.079071
2025-07-23 06:30,0.082803
2025-07-23 06:45,0.052265
2025-07-23 07:00,0.109455
2025-07-23 07:15,0.081291
2025-07-23 07:30,0.055043
2025-07-23 07:45,0.089221
2025-07-23 08:00,0.076007
2025-07-23 08:15,0.033659
2025-07-23 08:30,0.036947
2025-07-23 08:45,0.042734
2025-07-23 09:00,0.029965
2025-07-23 09:15,0.01808
2025-07-23 09:30,0.022724
2025-07-23 09:45,0.030996
2025-07-23 10:00,0.055363
2025-07-23 10:15,0.046796
2025-07-23 10:30,0.039746
2025-07-23 10:45,0.044085
2025-07-23 11:00,0.043023
2025-07-23 11:15,0.017861
2025-07-23 11:30,0.023963
2025-07-23 11:45,0.026077
2025-07-23 12:00,0.034056
2025-07-23 12:15,0.032487
2025-07-23 12:30,0.007771
2025-07-23 12:45,0.011583
2025-07-23 13:00,0.012388
2025-07-23 13:15,0.008446
2025-07-23 13:30,0.007028
2025-07-23 13:45,0.003992
2025-07-23 14:00,0.006967
2025-07-23 14:15,0.015433
2025-07-23 14:30,0.011961
2025-07-23 14:45,0.006003
2025-07-23 15:00,0.005913
2025-07-23 15:15,0.015467
2025-07-23 15:30,0.015568
2025-07-23 15:45,0.084899
2025-07-23 16:00,0.014111
2025-07-23 16:15,0.0136
2025-07-23 16:30,0.014316
2025-07-23 16:45,0.008273
2025-07-23 17:00,0.006764
2025-07-23 17:15,0.005022
2025-07-23 17:30,0.006514
2025-07-23 17:45,0.007981
2025-07-23 18:00,0.027391
2025-07-23 18:15,0.011322
2025-07-23 18:30,0.013801
2025-07-23 18:45,0.009683
2025-07-23 19:00,0.007258
2025-07-23 19:15,0.002799
2025-07-23 19:30,0.014662
2025-07-23 19:45,0.014304
2025-07-23 20:00,0.007648
2025-07-23 20:15,0.005847
2025-07-23 20:30,0.00791
2025-07-23 20:45,0.007614
2025-07-23 21:00,0.007133
2025-07-23 21:15,0.007626
2025-07-23 21:30,0.009057
2025-07-23 21:45,0.003499
2025-07-23 22:00,0.0044
2025-07-23 22:15,0.007869
2025-07-23 22:30,0.009458
2025-07-23 22:45,0.031785
2025-07-23 23:00,0.020578
2025-07-23 23:15,0.025064
2025-07-23 23:30,0.029298
2025-07-23 23:45,0.018433
2025-07-24 00:00,0.030555
2025-07-24 00:15,0.048224
2025-07-24 00:30,0.035802
2025-07-24 00:45,0.029994
2025-07-24 01:00,0.068623
2025-07-24 01:15,0.155745
2025-07-24 01:30,0.067987
2025-07-24 01:45,0.082608
2025-07-24 02:00,0.178534
2025-07-24 02:15,0.173407
2025-07-24 02:30,0.034863
2025-07-24 02:45,0.036892
2025-07-24 03:00,0.019069
2025-07-24 03:15,0.022326
2025-07-24 03:30,0.023607
2025-07-24 03:45,0.017348
2025-07-24 04:00,0.137202
2025-07-24 04:15,0.150056
2025-07-24 04:30,0.090842
2025-07-24 04:45,0.078152
2025-07-24 05:00,0.11736
2025-07-24 05:15,0.122025
2025-07-24 05:30,0.115583
2025-07-24 05:45,0.097927
2025-07-24 06:00,0.211103
2025-07-24 06:15,0.155085
2025-07-24 06:30,0.213209
2025-07-24 06:45,0.117668
2025-07-24 07:00,0.063912
2025-07-24 07:15,0.05797
2025-07-24 07:30,0.05397
2025-07-24 07:45,0.070231
2025-07-24 08:00,0.057704
2025-07-24 08:15,0.102705
2025-07-24 08:30,0.052327
2025-07-24 08:45,0.042526
2025-07-24 09:00,0.059648
2025-07-24 09:15,0.032245
2025-07-24 09:30,0.057947
2025-07-24 09:45,0.025035
2025-07-24 10:00,0.020666
2025-07-24 10:15,0.03187
2025-07-24 10:30,0.036982
2025-07-24 10:45,0.036858
2025-07-24 11:00,0.038549
2025-07-24 11:15,0.016647
2025-07-24 11:30,0.024124
2025-07-24 11:45,0.022342
2025-07-24 12:00,0.008452
2025-07-24 12:15,0.009403
2025-07-24 12:30,0.017147
2025-07-24 12:45,0.015767
2025-07-24 13:00,0.004915
2025-07-24 13:15,0.013929
2025-07-24 13:30,0.008142
2025-07-24 13:45,0.012788
2025-07-24 14:00,0.006389
2025-07-24 14:15,0.004692
2025-07-24 14:30,0.038456
2025-07-24 14:45,0.003847
2025-07-24 15:00,0.013263
2025-07-24 15:15,0.040204
2025-07-24 15:30,0.003351
2025-07-24 15:45,0.005133
2025-07-24 16:00,0.002118
2025-07-24 16:15,0.005031
2025-07-24 16:30,0.005059
2025-07-24 16:45,0.006837
2025-07-24 17:00,0.027232
2025-07-24 17:15,0.608566
2025-07-24 17:30,0.050306
2025-07-24 17:45,0.039077
2025-07-24 18:00,0.006163
2025-07-24 18:15,0.057514
2025-07-24 18:30,0.001838
2025-07-24 18:45,0.001134
2025-07-24 19:00,0.002122
2025-07-24 19:15,0.002912
2025-07-24 19:30,0.001582
2025-07-24 19:45,0.001041
2025-07-24 20:00,0.000274
2025-07-24 20:15,0.001461
2025-07-24 20:30,0.002862
2025-07-24 20:45,0.002187
2025-07-24 21:00,0.001298
2025-07-24 21:15,0.001602
2025-07-24 21:30,0.000894
2025-07-24 21:45,0.002274
2025-07-24 22:00,0.002716
2025-07-24 22:15,0.001101
2025-07-24 22:30,0.003014
2025-07-24 22:45,0.01089
2025-07-24 23:00,0.011583
2025-07-24 23:15,0.012087
2025-07-24 23:30,0.01759
2025-07-24 23:45,0.028585
2025-07-25 00:00,0.068863
2025-07-25 00:15,0.08722
2025-07-25 00:30,0.075944
2025-07-25 00:45,0.099085
2025-07-25 01:00,0.053989
2025-07-25 01:15,0.033275
2025-07-25 01:30,0.112111
2025-07-25 01:45,0.068593
2025-07-25 02:00,0.053936
2025-07-25 02:15,0.030282
2025-07-25 02:30,0.042814
2025-07-25 02:45,0.031701
2025-07-25 03:00,0.021911
2025-07-25 03:15,0.015422
2025-07-25 03:30,0.014626
2025-07-25 03:45,0.025912
2025-07-25 04:00,0.066919
2025-07-25 04:15,0.09631
2025-07-25 04:30,0.040431
2025-07-25 04:45,0.092149
2025-07-25 05:00,0.15961
2025-07-25 05:15,0.168616
2025-07-25 05:30,0.148159
2025-07-25 05:45,0.155035
2025-07-25 06:00,0.07345
2025-07-25 06:15,0.10655
2025-07-25 06:30,0.061251
2025-07-25 06:45,0.098328
2025-07-25 07:00,0.084769
2025-07-25 07:15,0.042316
2025-07-25 07:30,0.051636
2025-07-25 07:45,0.148572
2025-07-25 08:00,0.080541
2025-07-25 08:15,0.052061
2025-07-25 08:30,0.073275
2025-07-25 08:45,0.04686
2025-07-25 09:00,0.067626
2025-07-25 09:15,0.060247
2025-07-25 09:30,0.040209
2025-07-25 09:45,0.022924
2025-07-25 10:00,0.05779
2025-07-25 10:15,0.03844
2025-07-25 10:30,0.035899
2025-07-25 10:45,0.005023
2025-07-25 11:00,0.029668
2025-07-25 11:15,0.02119
2025-07-25 11:30,0.032779
2025-07-25 11:45,0.023211
2025-07-25 12:00,0.016829
2025-07-25 12:15,0.012134
2025-07-25 12:30,0.009532
2025-07-25 12:45,0.005127
2025-07-25 13:00,0.013633
2025-07-25 13:15,0.02893
2025-07-25 13:30,0.002665
2025-07-25 13:45,0.006979
2025-07-25 14:00,0.015629
2025-07-25 14:15,0.002173
2025-07-25 14:30,0.006743
2025-07-25 14:45,0.010059
2025-07-25 15:00,0.017484
2025-07-25 15:15,0.003356
2025-07-25 15:30,0.013495
2025-07-25 15:45,0.006558
2025-07-25 16:00,0.002102
2025-07-25 16:15,0.007765
2025-07-25 16:30,0.004668
2025-07-25 16:45,0.005602
2025-07-25 17:00,0.002855
2025-07-25 17:15,0.002897
2025-07-25 17:30,0.005155
2025-07-25 17:45,0.001896
2025-07-25 18:00,0.006966
2025-07-25 18:15,0.000227
2025-07-25 18:30,0.001662
2025-07-25 18:45,0.001439
2025-07-25 19:00,0.00053
2025-07-25 19:15,0.001882
2025-07-25 19:30,0.003949
2025-07-25 19:45,0.000341
2025-07-25 20:00,0.000318
2025-07-25 20:15,9.5e-05
2025-07-25 20:30,0.005129
2025-07-25 20:45,0.007746
2025-07-25 21:00,0.000759
2025-07-25 21:15,0.003383
2025-07-25 21:30,0.000211
2025-07-25 21:45,0.002445
2025-07-25 22:00,0.00202
2025-07-25 22:15,0.000355
2025-07-25 22:30,0.006987
2025-07-25 22:45,0.00618
2025-07-25 23:00,0.007312
2025-07-25 23:15,0.013015
2025-07-25 23:30,0.005702
2025-07-25 23:45,0.001758
2025-07-26 00:00,0.001607
2025-07-26 00:15,0.003478
2025-07-26 00:30,0.023708
2025-07-26 00:45,0.010489
2025-07-26 01:00,0.002846
2025-07-26 01:15,0.007702
2025-07-26 01:30,0.015701
2025-07-26 01:45,0.014963
2025-07-26 02:00,0.017731
2025-07-26 02:15,0.023727
2025-07-26 02:30,0.021069
2025-07-26 02:45,0.003131
2025-07-26 03:00,0.036837
2025-07-26 03:15,0.017368
2025-07-26 03:30,0.007271
2025-07-26 03:45,0.012329
2025-07-26 04:00,0.020285
2025-07-26 04:15,0.043855
2025-07-26 04:30,0.025934
2025-07-26 04:45,0.013151
2025-07-26 05:00,0.023163
2025-07-26 05:15,0.024351
2025-07-26 05:30,0.0131
2025-07-26 05:45,0.014861
2025-07-26 06:00,0.019767
2025-07-26 06:15,0.019318
2025-07-26 06:30,0.038082
2025-07-26 06:45,0.051568
2025-07-26 07:00,0.02529
2025-07-26 07:15,0.013339
2025-07-26 07:30,0.009659
2025-07-26 07:45,0.043038
2025-07-26 08:00,0.02297
2025-07-26 08:15,0.02881
2025-07-26 08:30,0.048079
2025-07-26 08:45,0.042902
2025-07-26 09:00,0.010769
2025-07-26 09:15,0.015228
2025-07-26 09:30,0.065809
2025-07-26 09:45,0.004469
2025-07-26 10:00,0.019287
2025-07-26 10:15,0.013041
2025-07-26 10:30,0.021517
2025-07-26 10:45,0.010967
2025-07-26 11:00,0.006905
2025-07-26 11:15,0.015581
2025-07-26 11:30,0.034624
2025-07-26 11:45,0.027869
2025-07-26 12:00,0.173369
2025-07-26 12:15,0.163784
2025-07-26 12:30,0.38386
2025-07-26 12:45,0.085263
2025-07-26 13:00,0.029904
2025-07-26 13:15,0.004005
2025-07-26 13:30,0.006728
2025-07-26 13:45,0.213542
2025-07-26 14:00,0.013064
2025-07-26 14:15,0.159419
2025-07-26 14:30,0.016235
2025-07-26 14:45,0.025725
2025-07-26 15:00,0.003942
2025-07-26 15:15,0.002277
2025-07-26 15:30,0.001799
2025-07-26 15:45,0.002729
2025-07-26 16:00,0.00162
2025-07-26 16:15,0.007054
2025-07-26 16:30,0.011988
2025-07-26 16:45,0.004299
2025-07-26 17:00,0.007883
2025-07-26 17:15,0.007669
2025-07-26 17:30,0.014425
2025-07-26 17:45,0.009704
2025-07-26 18:00,0.021118
2025-07-26 18:15,0.008608
2025-07-26 18:30,0.001675
2025-07-26 18:45,0.003287
2025-07-26 19:00,0.005265
2025-07-26 19:15,0.015299
2025-07-26 19:30,0.001458
2025-07-26 19:45,0.003051
2025-07-26 20:00,0.000712
2025-07-26 20:15,0.002386
2025-07-26 20:30,0.000674
2025-07-26 20:45,0.000979
2025-07-26 21:00,0.000614
2025-07-26 21:15,0.001221
2025-07-26 21:30,0.004541
2025-07-26 21:45,0.000538
2025-07-26 22:00,0.001014
2025-07-26 22:15,0.001401
2025-07-26 22:30,0.010051
2025-07-26 22:45,0.00307
2025-07-26 23:00,0.002951
2025-07-26 23:15,0.001621
2025-07-26 23:30,0.00317
2025-07-26 23:45,0.002591
2025-07-27 00:00,0.002525
2025-07-27 00:15,0.001312
2025-07-27 00:30,0.006566
2025-07-27 00:45,0.006051
2025-07-27 01:00,0.003531
2025-07-27 01:15,0.007979
2025-07-27 01:30,0.003313
2025-07-27 01:45,0.011719
2025-07-27 02:00,0.003556
2025-07-27 02:15,0.01748
2025-07-27 02:30,0.007045
2025-07-27 02:45,0.00297
2025-07-27 03:00,0.00059
2025-07-27 03:15,0.007173
2025-07-27 03:30,0.010807
2025-07-27 03:45,0.007946
2025-07-27 04:00,0.006317
2025-07-27 04:15,0.016011
2025-07-27 04:30,0.025694
2025-07-27 04:45,0.0199
2025-07-27 05:00,0.031602
2025-07-27 05:15,0.024647
2025-07-27 05:30,0.036846
2025-07-27 05:45,0.013593
2025-07-27 06:00,0.018221
2025-07-27 06:15,0.033467
2025-07-27 06:30,0.031441
2025-07-27 06:45,0.029298
2025-07-27 07:00,0.027766
2025-07-27 07:15,0.037363
2025-07-27 07:30,0.029225
2025-07-27 07:45,0.043343
2025-07-27 08:00,0.058041
2025-07-27 08:15,0.023677
2025-07-27 08:30,0.025735
2025-07-27 08:45,0.023617
2025-07-27 09:00,0.023686
2025-07-27 09:15,0.017763
2025-07-27 09:30,0.030151
2025-07-27 09:45,0.089875
2025-07-27 10:00,0.112648
2025-07-27 10:15,0.034127
2025-07-27 10:30,0.008589
2025-07-27 10:45,0.008774
2025-07-27 11:00,0.007723
2025-07-27 11:15,0.004024
2025-07-27 11:30,0.013077
2025-07-27 11:45,0.014927
2025-07-27 12:00,0.009547
2025-07-27 12:15,0.012076
2025-07-27 12:30,0.009467
2025-07-27 12:45,0.027804
2025-07-27 13:00,0.029507
2025-07-27 13:15,0.010728
2025-07-27 13:30,0.035145
2025-07-27 13:45,0.01141
2025-07-27 14:00,0.005929
2025-07-27 14:15,0.011871
2025-07-27 14:30,0.008347
2025-07-27 14:45,0.010439
2025-07-27 15:00,0.025386
2025-07-27 15:15,0.015242
2025-07-27 15:30,0.006599
2025-07-27 15:45,0.003699
2025-07-27 16:00,0.00195
2025-07-27 16:15,0.004256
2025-07-27 16:30,0.011177
2025-07-27 16:45,0.005619
2025-07-27 17:00,0.013972
2025-07-27 17:15,0.015004
2025-07-27 17:30,0.006692
2025-07-27 17:45,0.006798
2025-07-27 18:00,0.024876
2025-07-27 18:15,0.013661
2025-07-27 18:30,0.015946
2025-07-27 18:45,0.004788
2025-07-27 19:00,0.036184
2025-07-27 19:15,0.001527
2025-07-27 19:30,0.003387
2025-07-27 19:45,0.002523
2025-07-27 20:00,0.00312
2025-07-27 20:15,0.003494
2025-07-27 20:30,0.002704
2025-07-27 20:45,0.005798
2025-07-27 21:00,0.00167
2025-07-27 21:15,0.001295
2025-07-27 21:30,0.0
2025-07-27 21:45,0.003369
2025-07-27 22:00,0.000354
2025-07-27 22:15,0.015169
2025-07-27 22:30,0.000686
2025-07-27 22:45,0.005477
2025-07-27 23:00,0.004944
2025-07-27 23:15,0.016836
2025-07-27 23:30,0.032611
2025-07-27 23:45,0.022233
2025-07-28 00:00,0.053146
2025-07-28 00:15,0.051729
2025-07-28 00:30,0.061143
2025-07-28 00:45,0.254167
2025-07-28 01:00,0.194715
2025-07-28 01:15,0.077127
2025-07-28 01:30,0.052986
2025-07-28 01:45,0.068759
2025-07-28 02:00,0.115247
2025-07-28 02:15,0.062956
2025-07-28 02:30,0.052226
2025-07-28 02:45,0.030602
2025-07-28 03:00,0.023365
2025-07-28 03:15,0.028416
2025-07-28 03:30,0.017074
2025-07-28 03:45,0.035699
2025-07-28 04:00,0.151389
2025-07-28 04:15,0.074131
2025-07-28 04:30,0.063069
2025-07-28 04:45,0.076762
2025-07-28 05:00,0.057601
2025-07-28 05:15,0.088859
2025-07-28 05:30,0.111305
2025-07-28 05:45,0.15279
2025-07-28 06:00,0.112776
2025-07-28 06:15,0.069814
2025-07-28 06:30,0.094577
2025-07-28 06:45,0.081542
2025-07-28 07:00,0.067275
2025-07-28 07:15,1.0
2025-07-28 07:30,0.495908
2025-07-28 07:45,0.0763
2025-07-28 08:00,0.066516
2025-07-28 08:15,0.064041
2025-07-28 08:30,0.218193
2025-07-28 08:45,0.119177
2025-07-28 09:00,0.0298
2025-07-28 09:15,0.042242
2025-07-28 09:30,0.019136
2025-07-28 09:45,0.026595
2025-07-28 10:00,0.027275
2025-07-28 10:15,0.070601
2025-07-28 10:30,0.07105
2025-07-28 10:45,0.040622
2025-07-28 11:00,0.035647
2025-07-28 11:15,0.036883
2025-07-28 11:30,0.089115
2025-07-28 11:45,0.04891
2025-07-28 12:00,0.022386
2025-07-28 12:15,0.078263
2025-07-28 12:30,0.015189
2025-07-28 12:45,0.01159
2025-07-28 13:00,0.007965
2025-07-28 13:15,0.019176
2025-07-28 13:30,0.039221
2025-07-28 13:45,0.0149
2025-07-28 14:00,0.007696
2025-07-28 14:15,0.006595
2025-07-28 14:30,0.009286
2025-07-28 14:45,0.01304
2025-07-28 15:00,0.020658
2025-07-28 15:15,0.011295
2025-07-28 15:30,0.004926
2025-07-28 15:45,0.01002
2025-07-28 16:00,0.012626
2025-07-28 16:15,0.020802
2025-07-28 16:30,0.003872
2025-07-28 16:45,0.004967
2025-07-28 17:00,0.002901
2025-07-28 17:15,0.012192
2025-07-28 17:30,0.006597
2025-07-28 17:45,0.006721
2025-07-28 18:00,0.01447
2025-07-28 18:15,0.009506
2025-07-28 18:30,0.001009
2025-07-28 18:45,0.003229
2025-07-28 19:00,0.004308
2025-07-28 19:15,0.002187
2025-07-28 19:30,0.004817
2025-07-28 19:45,0.01104
2025-07-28 20:00,0.013554
2025-07-28 20:15,0.004798
2025-07-28 20:30,0.006974
2025-07-28 20:45,0.001831
2025-07-28 21:00,0.001796
2025-07-28 21:15,0.003155
2025-07-28 21:30,0.00306
2025-07-28 21:45,0.005651
2025-07-28 22:00,0.057448
2025-07-28 22:15,0.001365
2025-07-28 22:30,0.002345
2025-07-28 22:45,0.006637
2025-07-28 23:00,0.016855
2025-07-28 23:15,0.016574
2025-07-28 23:30,0.00681
2025-07-28 23:45,0.021343
2025-07-29 00:00,0.035336
2025-07-29 00:15,0.032011
2025-07-29 00:30,0.033957
2025-07-29 00:45,0.057146
2025-07-29 01:00,0.045389
2025-07-29 01:15,0.109454
2025-07-29 01:30,0.041342
2025-07-29 01:45,0.067651
2025-07-29 02:00,0.080371
2025-07-29 02:15,0.100356
2025-07-29 02:30,0.056404
2025-07-29 02:45,0.04547
2025-07-29 03:00,0.030516
2025-07-29 03:15,0.042808
2025-07-29 03:30,0.027547
2025-07-29 03:45,0.046518
2025-07-29 04:00,0.077725
2025-07-29 04:15,0.132382
2025-07-29 04:30,0.124185
2025-07-29 04:45,0.083307
2025-07-29 05:00,0.110529
2025-07-29 05:15,0.071726
2025-07-29 05:30,0.057926
2025-07-29 05:45,0.079185
2025-07-29 06:00,0.087086
2025-07-29 06:15,0.080858
2025-07-29 06:30,0.092405
2025-07-29 06:45,0.068428
2025-07-29 07:00,0.054147
2025-07-29 07:15,0.056323
2025-07-29 07:30,0.043627
2025-07-29 07:45,0.072283
2025-07-29 08:00,0.078236
2025-07-29 08:15,0.045937
2025-07-29 08:30,0.026996
2025-07-29 08:45,0.041949
2025-07-29 09:00,0.018636
2025-07-29 09:15,0.02995
2025-07-29 09:30,0.035294
2025-07-29 09:45,0.05687
2025-07-29 10:00,0.064505
2025-07-29 10:15,0.084449
2025-07-29 10:30,0.117087
2025-07-29 10:45,0.060955
2025-07-29 11:00,0.027826
2025-07-29 11:15,0.043871
2025-07-29 11:30,0.041386
2025-07-29 11:45,0.03275
2025-07-29 12:00,0.015368
2025-07-29 12:15,0.01932
2025-07-29 12:30,0.02251
2025-07-29 12:45,0.031974
2025-07-29 13:00,0.01492
2025-07-29 13:15,0.130553
2025-07-29 13:30,0.006898
2025-07-29 13:45,0.036444
2025-07-29 14:00,0.015737
2025-07-29 14:15,0.012188
2025-07-29 14:30,0.046497
2025-07-29 14:45,0.017839
2025-07-29 15:00,0.009958
2025-07-29 15:15,0.018841
2025-07-29 15:30,0.018443
2025-07-29 15:45,0.004931
2025-07-29 16:00,0.015477
2025-07-29 16:15,0.014898
2025-07-29 16:30,0.014472
2025-07-29 16:45,0.005881
2025-07-29 17:00,0.021018
2025-07-29 17:15,0.030468
2025-07-29 17:30,0.016739
2025-07-29 17:45,0.008831
2025-07-29 18:00,0.020219
2025-07-29 18:15,0.017895
2025-07-29 18:30,0.001403
2025-07-29 18:45,0.005765
2025-07-29 19:00,0.075444
2025-07-29 19:15,0.024812
2025-07-29 19:30,0.007451
2025-07-29 19:45,0.01064
2025-07-29 20:00,0.006079
2025-07-29 20:15,0.027123
2025-07-29 20:30,0.015921
2025-07-29 20:45,0.054919
2025-07-29 21:00,0.004614
2025-07-29 21:15,0.004633
2025-07-29 21:30,0.009402
2025-07-29 21:45,0.003975
2025-07-29 22:00,0.004608
2025-07-29 22:15,0.005617
2025-07-29 22:30,0.003809
2025-07-29 22:45,0.011075
2025-07-29 23:00,0.016329
2025-07-29 23:15,0.028505
2025-07-29 23:30,0.040156
2025-07-29 23:45,0.031338
2025-07-30 00:00,0.078522
2025-07-30 00:00,0.137999
2025-07-30 00:15,0.088766
2025-07-30 00:30,0.148198
2025-07-30 00:45,0.104898
2025-07-30 01:00,0.086765
2025-07-30 01:15,0.129286
2025-07-30 01:30,0.087427
2025-07-30 01:45,0.135178
2025-07-30 02:00,0.174908
2025-07-30 02:15,0.071098
2025-07-30 02:30,0.05214
2025-07-30 02:45,0.040894
2025-07-30 03:00,0.038317
2025-07-30 03:15,0.05062
2025-07-30 03:30,0.055517
2025-07-30 03:45,0.105786
2025-07-30 04:00,0.291389
2025-07-30 04:15,0.204486
2025-07-30 04:30,0.294898
2025-07-30 04:45,0.347386
2025-07-30 05:00,0.321639
2025-07-30 05:15,0.245278
2025-07-30 05:30,0.181866
2025-07-30 05:45,0.215625
2025-07-30 06:00,0.157327
2025-07-30 06:15,0.092824
2025-07-30 06:30,0.13054
2025-07-30 06:45,0.120279
2025-07-30 07:00,0.116624
2025-07-30 07:15,0.113457
2025-07-30 07:30,0.125035
2025-07-30 07:45,0.102491
2025-07-30 08:00,0.129743
2025-07-30 08:15,0.105835
2025-07-30 08:30,0.08337
2025-07-30 08:45,0.11385
2025-07-30 09:00,0.124314
2025-07-30 09:15,0.03936
2025-07-30 09:30,0.048909
2025-07-30 09:45,0.033313
2025-07-30 10:00,0.140889
2025-07-30 10:15,0.084051
2025-07-30 10:30,0.023515
2025-07-30 10:45,0.076797
2025-07-30 11:00,0.028386
2025-07-30 11:15,0.037343
2025-07-30 11:30,0.044326
2025-07-30 11:45,0.055654
2025-07-30 12:00,0.065382
2025-07-30 12:15,0.163075
2025-07-30 12:30,0.053242
2025-07-30 12:45,0.033727
2025-07-30 13:00,0.018047
2025-07-30 13:15,0.036913
2025-07-30 13:30,0.02333
2025-07-30 13:45,0.168064
2025-07-30 14:00,0.174267
2025-07-30 14:15,0.197642
2025-07-30 14:30,0.009425
2025-07-30 14:45,0.011249
2025-07-30 15:00,0.010339
2025-07-30 15:15,0.017056
2025-07-30 15:30,0.009875
2025-07-30 15:45,0.014834
2025-07-30 16:00,0.048705
2025-07-30 16:15,0.048223
2025-07-30 16:30,0.003849
2025-07-30 16:45,0.024711
2025-07-30 17:00,0.034249
2025-07-30 17:15,0.161794
2025-07-30 17:30,0.021189
2025-07-30 17:45,0.002421
2025-07-30 18:00,0.020518
2025-07-30 18:15,0.087214
2025-07-30 18:30,0.031679
2025-07-30 18:45,0.033943
2025-07-30 19:00,0.00487
2025-07-30 19:15,0.013909
2025-07-30 19:30,0.008653
2025-07-30 19:45,0.003796
2025-07-30 20:00,0.00065
2025-07-30 20:15,0.016454
2025-07-30 20:30,0.005501
2025-07-30 20:45,0.004775
2025-07-30 21:00,0.005334
2025-07-30 21:15,0.004209
2025-07-30 21:30,0.021912
2025-07-30 21:45,0.001644
2025-07-30 22:00,0.017703
2025-07-30 22:15,0.016025
2025-07-30 22:30,0.012234
2025-07-30 22:45,0.013632
2025-07-30 23:00,0.021039
2025-07-30 23:15,0.027413
2025-07-30 23:30,0.030385
2025-07-30 23:45,0.047619
2025-07-31 00:00,0.056874
2025-07-31 00:15,0.094089
2025-07-31 00:30,0.087504
2025-07-31 00:45,0.097099
2025-07-31 01:00,0.227493
2025-07-31 01:15,0.114827
2025-07-31 01:30,0.081019
2025-07-31 01:45,0.081247
2025-07-31 02:00,0.09285
2025-07-31 02:15,0.150487
2025-07-31 02:30,0.271674
2025-07-31 02:45,0.040914
2025-07-31 03:00,0.528705
2025-07-31 03:15,0.098616
2025-07-31 03:30,0.055184
2025-07-31 03:45,0.217375
2025-07-31 04:00,0.227571
2025-07-31 04:15,0.24765
2025-07-31 04:30,0.213072
2025-07-31 04:45,0.33635
2025-07-31 05:00,0.327471
2025-07-31 05:15,0.254327
2025-07-31 05:30,0.320061
2025-07-31 05:45,0.353888
2025-07-31 06:00,0.298333
2025-07-31 06:15,0.182035
2025-07-31 06:30,0.237221
2025-07-31 06:45,0.087283
2025-07-31 07:00,0.187641
2025-07-31 07:15,0.119753
2025-07-31 07:30,0.175465
2025-07-31 07:45,0.111899
2025-07-31 08:00,0.160347
2025-07-31 08:15,0.129362
2025-07-31 08:30,0.101274
2025-07-31 08:45,0.181383
2025-07-31 09:00,0.143528
2025-07-31 09:15,0.073367
2025-07-31 09:30,0.052491
2025-07-31 09:45,0.070965
2025-07-31 10:00,0.078228
2025-07-31 10:15,0.089325
2025-07-31 10:30,0.016325
2025-07-31 10:45,0.035083
2025-07-31 11:00,0.027521
2025-07-31 11:15,0.031695
2025-07-31 11:30,0.245261
2025-07-31 11:45,0.07409
2025-07-31 12:00,0.027851
2025-07-31 12:15,0.040907
2025-07-31 12:30,0.128404
2025-07-31 12:45,0.037524
2025-07-31 13:00,0.03365
2025-07-31 13:15,0.072718
2025-07-31 13:30,0.043694
2025-07-31 13:45,0.03938
2025-07-31 14:00,0.029332
2025-07-31 14:15,0.153135
2025-07-31 14:30,0.014961
2025-07-31 14:45,0.052767
2025-07-31 15:00,0.088367
2025-07-31 15:15,0.087073
2025-07-31 15:30,0.065344
2025-07-31 15:45,0.09657
2025-07-31 16:00,0.025867
2025-07-31 16:15,0.011498
2025-07-31 16:30,0.019359
2025-07-31 16:45,0.016046
2025-07-31 17:00,0.011013
2025-07-31 17:15,0.032863
2025-07-31 17:30,0.023967
2025-07-31 17:45,0.002635
2025-07-31 18:00,0.012072
2025-07-31 18:15,0.000795
2025-07-31 18:30,0.003665
2025-07-31 18:45,0.001539
2025-07-31 19:00,0.003579
2025-07-31 19:15,0.000926
2025-07-31 19:30,0.00879
2025-07-31 19:45,0.010874
2025-07-31 20:00,0.001067
2025-07-31 20:15,0.000122
2025-07-31 20:30,0.011771
2025-07-31 20:45,0.003943
2025-07-31 21:00,0.007852
2025-07-31 21:15,0.000302
2025-07-31 21:30,0.009292
2025-07-31 21:45,0.003393
2025-07-31 22:00,0.044114
2025-07-31 22:15,0.032259
2025-07-31 22:30,0.009786
2025-07-31 22:45,0.013383
2025-07-31 23:00,0.015553
2025-07-31 23:15,0.061044
2025-07-31 23:30,0.025892
2025-07-31 23:45,0.077042
2025-08-01 00:00,0.067582
2025-08-01 00:15,0.076418
2025-08-01 00:30,0.038178
2025-08-01 00:45,0.082269
2025-08-01 01:00,0.07688
2025-08-01 01:15,0.304598
2025-08-01 01:30,0.177097
2025-08-01 01:45,0.221478
2025-08-01 02:00,0.08986
2025-08-01 02:15,0.118176
2025-08-01 02:30,0.294685
2025-08-01 02:45,0.062029
2025-08-01 03:00,0.052039
2025-08-01 03:15,0.039427
2025-08-01 03:30,0.069684
2025-08-01 03:45,0.05972
2025-08-01 04:00,0.087328
2025-08-01 04:15,0.076661
2025-08-01 04:30,0.10965
2025-08-01 04:45,0.205819
2025-08-01 05:00,0.175999
2025-08-01 05:15,0.216737
2025-08-01 05:30,0.334608
2025-08-01 05:45,0.331067
2025-08-01 06:00,0.192753
2025-08-01 06:15,0.444148
2025-08-01 06:30,0.083778
2025-08-01 06:45,0.076163
2025-08-01 07:00,0.097644
2025-08-01 07:15,0.144752
2025-08-01 07:30,0.069296
2025-08-01 07:45,0.047856
2025-08-01 08:00,0.201052
2025-08-01 08:15,0.202335
2025-08-01 08:30,0.072779
2025-08-01 08:45,0.068266
2025-08-01 09:00,0.039778
2025-08-01 09:15,0.033814
2025-08-01 09:30,0.019009
2025-08-01 09:45,0.028279
2025-08-01 10:00,0.035287
2025-08-01 10:15,0.009245
2025-08-01 10:30,0.020863
2025-08-01 10:45,0.065994
2025-08-01 11:00,0.038555
2025-08-01 11:15,0.019813
2025-08-01 11:30,0.040285
2025-08-01 11:45,0.052297
2025-08-01 12:00,0.032957
2025-08-01 12:15,0.06398
2025-08-01 12:30,0.053401
2025-08-01 12:45,0.119431
2025-08-01 13:00,0.024669
2025-08-01 13:15,0.014989
2025-08-01 13:30,0.019064
2025-08-01 13:45,0.017839
2025-08-01 14:00,0.138268
2025-08-01 14:15,0.055944
2025-08-01 14:30,0.026761
2025-08-01 14:45,0.015277
2025-08-01 15:00,0.011206
2025-08-01 15:15,0.007601
2025-08-01 15:30,0.005069
2025-08-01 15:45,0.007011
2025-08-01 16:00,0.005859
2025-08-01 16:15,8.1e-05
2025-08-01 16:30,0.016173
2025-08-01 16:45,0.023103
2025-08-01 17:00,0.002349
2025-08-01 17:15,0.004594
2025-08-01 17:30,0.00195
2025-08-01 17:45,0.005187
2025-08-01 18:00,0.027517
2025-08-01 18:15,0.026222
2025-08-01 18:30,0.000751
2025-08-01 18:45,0.001592
2025-08-01 19:00,0.00199
2025-08-01 19:15,0.010618
2025-08-01 19:30,0.00196
2025-08-01 19:45,0.002776
2025-08-01 20:00,0.003458
2025-08-01 20:15,0.028717
2025-08-01 20:30,0.003061
2025-08-01 20:45,0.013137
2025-08-01 21:00,0.000557
2025-08-01 21:15,0.002356
2025-08-01 21:30,0.005709
2025-08-01 21:45,0.02757
2025-08-01 22:00,0.00216
2025-08-01 22:15,0.019945
2025-08-01 22:30,0.004354
2025-08-01 22:45,0.010097
2025-08-01 23:00,0.007357
2025-08-01 23:15,0.010657
2025-08-01 23:30,0.005544
2025-08-01 23:45,0.002546
2025-08-02 00:00,0.007685
2025-08-02 00:15,0.014413
2025-08-02 00:30,0.01154
2025-08-02 00:45,0.033366
2025-08-02 01:00,0.016083
2025-08-02 01:15,0.015369
2025-08-02 01:30,0.015137
2025-08-02 01:45,0.008617
2025-08-02 02:00,0.026424
2025-08-02 02:15,0.042175
2025-08-02 02:30,0.022159
2025-08-02 02:45,0.009824
2025-08-02 03:00,0.006759
2025-08-02 03:15,0.0595
2025-08-02 03:30,0.108945
2025-08-02 03:45,0.01345
2025-08-02 04:00,0.016504
2025-08-02 04:15,0.009891
2025-08-02 04:30,0.023409
2025-08-02 04:45,0.023794
2025-08-02 05:00,0.028464
2025-08-02 05:15,0.205968
2025-08-02 05:30,0.050457
2025-08-02 05:45,0.085315
2025-08-02 06:00,0.029782
2025-08-02 06:15,0.022609
2025-08-02 06:30,0.018466
2025-08-02 06:45,0.014551
2025-08-02 07:00,0.066295
2025-08-02 07:15,0.035623
2025-08-02 07:30,0.034831
2025-08-02 07:45,0.024748
2025-08-02 08:00,0.038027
2025-08-02 08:15,0.074336
2025-08-02 08:30,0.045941
2025-08-02 08:45,0.114607
2025-08-02 09:00,0.029976
2025-08-02 09:15,0.05483
2025-08-02 09:30,0.037437
2025-08-02 09:45,0.130374
2025-08-02 10:00,0.020261
2025-08-02 10:15,0.02419
2025-08-02 10:30,0.014027
2025-08-02 10:45,0.022398
2025-08-02 11:00,0.012027
2025-08-02 11:15,0.009447
2025-08-02 11:30,0.012488
2025-08-02 11:45,0.026594
2025-08-02 12:00,0.026506
2025-08-02 12:15,0.014329
2025-08-02 12:30,0.040787
2025-08-02 12:45,0.008784
2025-08-02 13:00,0.010029
2025-08-02 13:15,0.016098
2025-08-02 13:30,0.007666
2025-08-02 13:45,0.019663
2025-08-02 14:00,0.004389
2025-08-02 14:15,0.004495
2025-08-02 14:30,0.005232
2025-08-02 14:45,0.002689
2025-08-02 15:00,0.009277
2025-08-02 15:15,0.001803
2025-08-02 15:30,0.004787
2025-08-02 15:45,0.004211
2025-08-02 16:00,0.009973
2025-08-02 16:15,0.010393
2025-08-02 16:30,0.008544
2025-08-02 16:45,0.006527
2025-08-02 17:00,0.004372
2025-08-02 17:15,0.00114
2025-08-02 17:30,0.005691
2025-08-02 17:45,0.007212
2025-08-02 18:00,0.02022
2025-08-02 18:15,0.006517
2025-08-02 18:30,0.003067
2025-08-02 18:45,0.001033
2025-08-02 19:00,0.010216
2025-08-02 19:15,0.002939
2025-08-02 19:30,0.000201
2025-08-02 19:45,0.010171
2025-08-02 20:00,0.007433
2025-08-02 20:15,0.000888
2025-08-02 20:30,0.000702
2025-08-02 20:45,0.00217
2025-08-02 21:00,0.000205
2025-08-02 21:15,0.001913
2025-08-02 21:30,0.000118
2025-08-02 21:45,0.000105
2025-08-02 22:00,0.004986
2025-08-02 22:15,0.000262
2025-08-02 22:30,0.022357
2025-08-02 22:45,0.002847
2025-08-02 23:00,0.007755
2025-08-02 23:15,0.008276
2025-08-02 23:30,0.001622
2025-08-02 23:45,0.003085
2025-08-03 00:00,0.00671
2025-08-03 00:15,0.007058
2025-08-03 00:30,0.017485
2025-08-03 00:45,0.031895
2025-08-03 01:00,0.004645
2025-08-03 01:15,0.008957
2025-08-03 01:30,0.000357
2025-08-03 01:45,0.064414
2025-08-03 02:00,0.061945
2025-08-03 02:15,0.032454
2025-08-03 02:30,0.018022
2025-08-03 02:45,0.02791
2025-08-03 03:00,0.007845
2025-08-03 03:15,0.022698
2025-08-03 03:30,0.003825
2025-08-03 03:45,0.022441
2025-08-03 04:00,0.030346
2025-08-03 04:15,0.008928
2025-08-03 04:30,0.033297
2025-08-03 04:45,0.054711
2025-08-03 05:00,0.011103
2025-08-03 05:15,0.028357
2025-08-03 05:30,0.065613
2025-08-03 05:45,0.094109
2025-08-03 06:00,0.070563
2025-08-03 06:15,0.068913
2025-08-03 06:30,0.032432
2025-08-03 06:45,0.029381
2025-08-03 07:00,0.035376
2025-08-03 07:15,0.030632
2025-08-03 07:30,0.038591
2025-08-03 07:45,0.05911
2025-08-03 08:00,0.075214
2025-08-03 08:15,0.043719
2025-08-03 08:30,0.013122
2025-08-03 08:45,0.027441
2025-08-03 09:00,0.019595
2025-08-03 09:15,0.033799
2025-08-03 09:30,0.021187
2025-08-03 09:45,0.01294
2025-08-03 10:00,0.013295
2025-08-03 10:15,0.005651
2025-08-03 10:30,0.041482
2025-08-03 10:45,0.037335
2025-08-03 11:00,0.022355
2025-08-03 11:15,0.054489
2025-08-03 11:30,0.061947
2025-08-03 11:45,0.066635
2025-08-03 12:00,0.081936
2025-08-03 12:15,0.166
2025-08-03 12:30,0.111755
2025-08-03 12:45,0.033607
2025-08-03 13:00,0.03242
2025-08-03 13:15,0.008563
2025-08-03 13:30,0.003242
2025-08-03 13:45,0.01156
2025-08-03 14:00,0.012674
2025-08-03 14:15,0.009909
2025-08-03 14:30,0.006138
2025-08-03 14:45,0.003951
2025-08-03 15:00,0.004752
2025-08-03 15:15,0.002792
2025-08-03 15:30,0.044976
2025-08-03 15:45,0.015032
2025-08-03 16:00,0.005801
2025-08-03 16:15,0.005741
2025-08-03 16:30,0.017097
2025-08-03 16:45,0.003533
2025-08-03 17:00,0.119046
2025-08-03 17:15,0.017322
2025-08-03 17:30,0.007956
2025-08-03 17:45,0.002002
2025-08-03 18:00,0.009947
2025-08-03 18:15,0.003051
2025-08-03 18:30,0.003726
2025-08-03 18:45,0.000393
2025-08-03 19:00,0.015176
2025-08-03 19:15,0.002694
2025-08-03 19:30,0.000209
2025-08-03 19:45,0.000512
2025-08-03 20:00,0.000411
2025-08-03 20:15,0.001806
2025-08-03 20:30,0.00165
2025-08-03 20:45,0.005878
2025-08-03 21:00,0.002569
2025-08-03 21:15,0.000574
2025-08-03 21:30,0.002448
2025-08-03 21:45,0.001489
2025-08-03 22:00,0.010141
2025-08-03 22:15,0.072237
2025-08-03 22:30,0.008074
2025-08-03 22:45,0.009469
2025-08-03 23:00,0.018629
2025-08-03 23:15,0.015533
2025-08-03 23:30,0.046317
2025-08-03 23:45,0.039243
2025-08-04 00:00,0.073968
2025-08-04 00:15,0.068196
2025-08-04 00:30,0.143885
2025-08-04 00:45,0.112348
2025-08-04 01:00,0.195054
2025-08-04 01:15,0.107174
2025-08-04 01:30,0.108168
2025-08-04 01:45,0.074145
2025-08-04 02:00,0.20422
2025-08-04 02:15,0.076626
2025-08-04 02:30,0.081539
2025-08-04 02:45,0.059997
2025-08-04 03:00,0.045709
2025-08-04 03:15,0.039757
2025-08-04 03:30,0.048215
2025-08-04 03:45,0.084698
2025-08-04 04:00,0.092122
2025-08-04 04:15,0.097425
2025-08-04 04:30,0.098335
2025-08-04 04:45,0.11394
2025-08-04 05:00,0.188034
2025-08-04 05:15,0.145308
2025-08-04 05:30,0.113224
2025-08-04 05:45,0.060264
2025-08-04 06:00,0.264181
2025-08-04 06:15,0.155426
2025-08-04 06:30,0.404492
2025-08-04 06:45,0.182117
2025-08-04 07:00,0.106651
2025-08-04 07:15,0.085609
2025-08-04 07:30,0.109499
2025-08-04 07:45,0.108029
2025-08-04 08:00,0.159703
2025-08-04 08:15,0.323269
2025-08-04 08:30,0.161253
2025-08-04 08:45,0.386676
2025-08-04 09:00,0.195996
2025-08-04 09:15,0.043987
2025-08-04 09:30,0.070124
2025-08-04 09:45,0.032041
2025-08-04 10:00,0.023891
2025-08-04 10:15,0.024267
2025-08-04 10:30,0.02111
2025-08-04 10:45,0.026524
2025-08-04 11:00,0.029545
2025-08-04 11:15,0.025176
2025-08-04 11:30,0.035432
2025-08-04 11:45,0.037873
2025-08-04 12:00,0.0234
2025-08-04 12:15,0.023726
2025-08-04 12:30,0.014634
2025-08-04 12:45,0.01195
2025-08-04 13:00,0.037994
2025-08-04 13:15,0.014866
2025-08-04 13:30,0.033672
2025-08-04 13:45,0.012485
2025-08-04 14:00,0.009799
2025-08-04 14:15,0.015296
2025-08-04 14:30,0.002822
2025-08-04 14:45,0.031189
2025-08-04 15:00,0.006613
2025-08-04 15:15,0.008863
2025-08-04 15:30,0.004583
2025-08-04 15:45,0.002284
2025-08-04 16:00,0.006953
2025-08-04 16:15,0.012661
2025-08-04 16:30,0.016825
2025-08-04 16:45,0.030204
2025-08-04 17:00,0.008871
2025-08-04 17:15,0.006242
2025-08-04 17:30,0.000348
2025-08-04 17:45,0.002715
2025-08-04 18:00,0.011186
2025-08-04 18:15,0.001106
2025-08-04 18:30,0.001721
2025-08-04 18:45,0.004696
2025-08-04 19:00,0.000312
2025-08-04 19:15,0.008328
2025-08-04 19:30,0.002025
2025-08-04 19:45,0.00021
2025-08-04 20:00,0.009536
2025-08-04 20:15,0.001656
2025-08-04 20:30,0.009358
2025-08-04 20:45,0.000219
2025-08-04 21:00,0.00865
2025-08-04 21:15,0.012127
2025-08-04 21:30,0.007176
2025-08-04 21:45,0.000798
2025-08-04 22:00,0.003093
2025-08-04 22:15,0.011757
2025-08-04 22:30,0.010025
2025-08-04 22:45,0.024645
2025-08-04 23:00,0.031067
2025-08-04 23:15,0.035566
2025-08-04 23:30,0.035714
2025-08-04 23:45,0.083695
2025-08-05 00:00,0.096018
2025-08-05 00:15,0.09623
2025-08-05 00:30,0.10102
2025-08-05 00:45,0.161791
2025-08-05 01:00,0.260828
2025-08-05 01:15,0.125653
2025-08-05 01:30,0.060135
2025-08-05 01:45,0.086268
2025-08-05 02:00,0.088913
2025-08-05 02:15,0.153462
2025-08-05 02:30,0.12784
2025-08-05 02:45,0.05235
2025-08-05 03:00,0.037433
2025-08-05 03:15,0.044148
2025-08-05 03:30,0.054906
2025-08-05 03:45,0.065543
2025-08-05 04:00,0.122498
2025-08-05 04:15,0.071345
2025-08-05 04:30,0.149505
2025-08-05 04:45,0.076468
2025-08-05 05:00,0.169651
2025-08-05 05:15,0.164553
2025-08-05 05:30,0.085482
2025-08-05 05:45,0.060643
2025-08-05 06:00,0.079583
2025-08-05 06:15,0.076439
2025-08-05 06:30,0.095964
2025-08-05 06:45,0.113983
2025-08-05 07:00,0.100462
2025-08-05 07:15,0.118375
2025-08-05 07:30,0.195132
2025-08-05 07:45,0.193197
2025-08-05 08:00,0.133888
2025-08-05 08:15,0.096899
2025-08-05 08:30,0.096195
2025-08-05 08:45,0.110298
2025-08-05 09:00,0.060019
2025-08-05 09:15,0.115006
2025-08-05 09:30,0.052081
2025-08-05 09:45,0.023776
2025-08-05 10:00,0.061637
2025-08-05 10:15,0.070919
2025-08-05 10:30,0.027255
2025-08-05 10:45,0.097904
2025-08-05 11:00,0.037003
2025-08-05 11:15,0.022343
2025-08-05 11:30,0.033883
2025-08-05 11:45,0.043909
2025-08-05 12:00,0.017345
2025-08-05 12:15,0.019578
2025-08-05 12:30,0.024194
2025-08-05 12:45,0.130401
2025-08-05 13:00,0.428966
2025-08-05 13:15,1.0
2025-08-05 13:30,0.024899
2025-08-05 13:45,0.020704
2025-08-05 14:00,0.017768
2025-08-05 14:15,0.011893
2025-08-05 14:30,0.021693
2025-08-05 14:45,0.009982
2025-08-05 15:00,0.017117
2025-08-05 15:15,0.075843
2025-08-05 15:30,0.006753
2025-08-05 15:45,0.056826
2025-08-05 16:00,0.014715
2025-08-05 16:15,0.003197
2025-08-05 16:30,0.004686
2025-08-05 16:45,0.003136
2025-08-05 17:00,0.007822
2025-08-05 17:15,0.013869
2025-08-05 17:30,0.008268
2025-08-05 17:45,0.006114
2025-08-05 18:00,0.018298
2025-08-05 18:15,0.008955
2025-08-05 18:30,0.004498
2025-08-05 18:45,0.015607
2025-08-05 19:00,0.004111
2025-08-05 19:15,0.006838
2025-08-05 19:30,0.001669
2025-08-05 19:45,0.001355
2025-08-05 20:00,0.00163
2025-08-05 20:15,0.003864
2025-08-05 20:30,0.000905
2025-08-05 20:45,0.00496
2025-08-05 21:00,0.006128
2025-08-05 21:15,0.003864
2025-08-05 21:30,0.0026
2025-08-05 21:45,0.008895
2025-08-05 22:00,0.003587
2025-08-05 22:15,0.003357
2025-08-05 22:30,0.00748
2025-08-05 22:45,0.012807
2025-08-05 23:00,0.031222
2025-08-05 23:15,0.023261
2025-08-05 23:30,0.027585
2025-08-05 23:45,0.083055
2025-08-06 00:00,0.073495
2025-08-06 00:00,0.032792
2025-08-06 00:15,0.042064
2025-08-06 00:30,0.2479
2025-08-06 00:45,0.052618
2025-08-06 01:00,0.040199
2025-08-06 01:15,0.051856
2025-08-06 01:30,0.084148
2025-08-06 01:45,0.065484
2025-08-06 02:00,0.043942
2025-08-06 02:15,0.031577
2025-08-06 02:30,0.044307
2025-08-06 02:45,0.017609
2025-08-06 03:00,0.015462
2025-08-06 03:15,0.016874
2025-08-06 03:30,0.014318
2025-08-06 03:45,0.035605
2025-08-06 04:00,0.087719
2025-08-06 04:15,0.07533
2025-08-06 04:30,0.100255
2025-08-06 04:45,0.083874
2025-08-06 05:00,0.091979
2025-08-06 05:15,0.120805
2025-08-06 05:30,0.059861
2025-08-06 05:45,0.062872
2025-08-06 06:00,0.077515
2025-08-06 06:15,0.125328
2025-08-06 06:30,0.038744
2025-08-06 06:45,0.123864
2025-08-06 07:00,0.091178
2025-08-06 07:15,0.416596
2025-08-06 07:30,0.041896
2025-08-06 07:45,0.046267
2025-08-06 08:00,0.060068
2025-08-06 08:15,0.049943
2025-08-06 08:30,0.068389
2025-08-06 08:45,0.074054
2025-08-06 09:00,0.08124
2025-08-06 09:15,0.011277
2025-08-06 09:30,0.025636
2025-08-06 09:45,0.017791
2025-08-06 10:00,0.009498
2025-08-06 10:15,0.017735
2025-08-06 10:30,0.011187
2025-08-06 10:45,0.018012
2025-08-06 11:00,0.008746
2025-08-06 11:15,0.021539
2025-08-06 11:30,0.025566
2025-08-06 11:45,0.029242
2025-08-06 12:00,0.040186
2025-08-06 12:15,0.012843
2025-08-06 12:30,0.005346
2025-08-06 12:45,0.059136
2025-08-06 13:00,0.005774
2025-08-06 13:15,0.005985
2025-08-06 13:30,0.009032
2025-08-06 13:45,0.005259
2025-08-06 14:00,0.004206
2025-08-06 14:15,0.007119
2025-08-06 14:30,0.006253
2025-08-06 14:45,0.003694
2025-08-06 15:00,0.005699
2025-08-06 15:15,0.014201
2025-08-06 15:30,0.006132
2025-08-06 15:45,0.005636
2025-08-06 16:00,0.004217
2025-08-06 16:15,0.003886
2025-08-06 16:30,0.007185
2025-08-06 16:45,0.001719
2025-08-06 17:00,0.001081
2025-08-06 17:15,0.007945
2025-08-06 17:30,0.011238
2025-08-06 17:45,0.002167
2025-08-06 18:00,0.005393
2025-08-06 18:15,0.00393
2025-08-06 18:30,0.00404
2025-08-06 18:45,0.002812
2025-08-06 19:00,0.001166
2025-08-06 19:15,0.005461
2025-08-06 19:30,0.001357
2025-08-06 19:45,0.007008
2025-08-06 20:00,0.000779
2025-08-06 20:15,0.003195
2025-08-06 20:30,0.000812
2025-08-06 20:45,0.001748
2025-08-06 21:00,0.000972
2025-08-06 21:15,0.003966
2025-08-06 21:30,0.001358
2025-08-06 21:45,0.001451
2025-08-06 22:00,0.000724
2025-08-06 22:15,0.004988
2025-08-06 22:30,0.005673
2025-08-06 22:45,0.010787
2025-08-06 23:00,0.008851
2025-08-06 23:15,0.016357
2025-08-06 23:30,0.01704
2025-08-06 23:45,0.031833
2025-08-07 00:00,0.043429
2025-08-07 00:15,0.02939
2025-08-07 00:30,0.059227
2025-08-07 00:45,0.066211
2025-08-07 01:00,0.092874
2025-08-07 01:15,0.08588
2025-08-07 01:30,0.085834
2025-08-07 01:45,0.082977
2025-08-07 02:00,0.06198
2025-08-07 02:15,0.044234
2025-08-07 02:30,0.072536
2025-08-07 02:45,0.032862
2025-08-07 03:00,0.02096
2025-08-07 03:15,0.040121
2025-08-07 03:30,0.021196
2025-08-07 03:45,0.02238
2025-08-07 04:00,0.03496
2025-08-07 04:15,0.033955
2025-08-07 04:30,0.055781
2025-08-07 04:45,0.086464
2025-08-07 05:00,0.049623
2025-08-07 05:15,0.042652
2025-08-07 05:30,0.175611
2025-08-07 05:45,0.063738
2025-08-07 06:00,0.062528
2025-08-07 06:15,0.037616
2025-08-07 06:30,0.044464
2025-08-07 06:45,0.0758
2025-08-07 07:00,0.535146
2025-08-07 07:15,0.231334
2025-08-07 07:30,0.102849
2025-08-07 07:45,0.129655
2025-08-07 08:00,0.733287
2025-08-07 08:15,1.0
2025-08-07 08:30,0.297241
2025-08-07 08:45,0.071377
2025-08-07 09:00,0.014295
2025-08-07 09:15,0.009496
2025-08-07 09:30,0.011975
2025-08-07 09:45,0.009189
2025-08-07 10:00,0.06908
2025-08-07 10:15,0.023188
2025-08-07 10:30,0.02036
2025-08-07 10:45,0.041419
2025-08-07 11:00,0.013136
2025-08-07 11:15,0.015055
2025-08-07 11:30,0.009145
2025-08-07 11:45,0.013847
2025-08-07 12:00,0.014602
2025-08-07 12:15,0.01239
2025-08-07 12:30,0.009762
2025-08-07 12:45,0.012414
2025-08-07 13:00,0.013387
2025-08-07 13:15,0.011466
2025-08-07 13:30,0.011759
2025-08-07 13:45,0.008384
2025-08-07 14:00,0.002659
2025-08-07 14:15,0.007878
2025-08-07 14:30,0.003839
2025-08-07 14:45,0.008055
2025-08-07 15:00,0.008224
2025-08-07 15:15,0.003431
2025-08-07 15:30,0.003271
2025-08-07 15:45,0.019725
2025-08-07 16:00,0.022583
2025-08-07 16:15,0.012703
2025-08-07 16:30,0.006059
2025-08-07 16:45,0.008279
2025-08-07 17:00,0.00482
2025-08-07 17:15,0.013934
2025-08-07 17:30,0.003014
2025-08-07 17:45,0.001347
2025-08-07 18:00,0.005492
2025-08-07 18:15,0.03723
2025-08-07 18:30,0.02674
2025-08-07 18:45,0.011327
2025-08-07 19:00,0.005611
2025-08-07 19:15,0.005109
2025-08-07 19:30,0.011841
2025-08-07 19:45,0.012551
2025-08-07 20:00,0.024543
2025-08-07 20:15,0.011816
2025-08-07 20:30,0.012867
2025-08-07 20:45,0.004166
2025-08-07 21:00,0.002617
2025-08-07 21:15,0.003841
2025-08-07 21:30,0.004239
2025-08-07 21:45,0.002172
2025-08-07 22:00,0.001018
2025-08-07 22:15,0.014504
2025-08-07 22:30,0.002352
2025-08-07 22:45,0.025355
2025-08-07 23:00,0.055385
2025-08-07 23:15,0.099572
2025-08-07 23:30,0.017357
2025-08-07 23:45,0.1952
2025-08-08 00:00,0.15147
2025-08-08 00:15,0.077411
2025-08-08 00:30,0.02416
2025-08-08 00:45,0.048761
2025-08-08 01:00,0.031921
2025-08-08 01:15,0.081405
2025-08-08 01:30,0.039173
2025-08-08 01:45,0.057195
2025-08-08 02:00,0.039
2025-08-08 02:15,0.03312
2025-08-08 02:30,0.039255
2025-08-08 02:45,0.048086
2025-08-08 03:00,0.050465
2025-08-08 03:15,0.043857
2025-08-08 03:30,0.050112
2025-08-08 03:45,0.025038
2025-08-08 04:00,0.036423
2025-08-08 04:15,0.081581
2025-08-08 04:30,0.070503
2025-08-08 04:45,0.08272
2025-08-08 05:00,0.044029
2025-08-08 05:15,0.604346
2025-08-08 05:30,0.651728
2025-08-08 05:45,0.077418
2025-08-08 06:00,0.180162
2025-08-08 06:15,0.056143
2025-08-08 06:30,0.062877
2025-08-08 06:45,0.057911
2025-08-08 07:00,0.034015
2025-08-08 07:15,0.035309
2025-08-08 07:30,0.042888
2025-08-08 07:45,0.201678
2025-08-08 08:00,0.036746
2025-08-08 08:15,0.059331
2025-08-08 08:30,0.076228
2025-08-08 08:45,0.020505
2025-08-08 09:00,0.017103
2025-08-08 09:15,0.032796
2025-08-08 09:30,0.029611
2025-08-08 09:45,0.021819
2025-08-08 10:00,0.021096
2025-08-08 10:15,0.024915
2025-08-08 10:30,0.055726
2025-08-08 10:45,0.07342
2025-08-08 11:00,0.020108
2025-08-08 11:15,0.027796
2025-08-08 11:30,0.010149
2025-08-08 11:45,0.006073
2025-08-08 12:00,0.005768
2025-08-08 12:15,0.009542
2025-08-08 12:30,0.008886
2025-08-08 12:45,0.00677
2025-08-08 13:00,0.003348
2025-08-08 13:15,0.01313
2025-08-08 13:30,0.001363
2025-08-08 13:45,0.002951
2025-08-08 14:00,0.006128
2025-08-08 14:15,0.004232
2025-08-08 14:30,0.001392
2025-08-08 14:45,0.005143
2025-08-08 15:00,0.015386
2025-08-08 15:15,0.006861
2025-08-08 15:30,0.005895
2025-08-08 15:45,0.000305
2025-08-08 16:00,0.001625
2025-08-08 16:15,0.0016
2025-08-08 16:30,0.000673
2025-08-08 16:45,0.001966
2025-08-08 17:00,0.000405
2025-08-08 17:15,0.003579
2025-08-08 17:30,0.001404
2025-08-08 17:45,0.00032
2025-08-08 18:00,0.000157
2025-08-08 18:15,0.003564
2025-08-08 18:30,0.000172
2025-08-08 18:45,2.9e-05
2025-08-08 19:00,2.6e-05
2025-08-08 19:15,0.003664
2025-08-08 19:30,0.002469
2025-08-08 19:45,0.000137
2025-08-08 20:00,0.000985
2025-08-08 20:15,0.004228
2025-08-08 20:30,0.000701
2025-08-08 20:45,0.001046
2025-08-08 21:00,0.000413
2025-08-08 21:15,0.003033
2025-08-08 21:30,0.000501
2025-08-08 21:45,0.004535
2025-08-08 22:00,0.012592
2025-08-08 22:15,0.002112
2025-08-08 22:30,0.000111
2025-08-08 22:45,0.000617
2025-08-08 23:00,0.000549
2025-08-08 23:15,0.004851
2025-08-08 23:30,0.007079
2025-08-08 23:45,0.012653
2025-08-09 00:00,0.006453
2025-08-09 00:15,0.009204
2025-08-09 00:30,0.006247
2025-08-09 00:45,0.008047
2025-08-09 01:00,0.003771
2025-08-09 01:15,0.006609
2025-08-09 01:30,0.010706
2025-08-09 01:45,0.004034
2025-08-09 02:00,0.003174
2025-08-09 02:15,0.013621
2025-08-09 02:30,0.00306
2025-08-09 02:45,0.007694
2025-08-09 03:00,0.024432
2025-08-09 03:15,0.07028
2025-08-09 03:30,0.008774
2025-08-09 03:45,0.041006
2025-08-09 04:00,0.030774
2025-08-09 04:15,0.012157
2025-08-09 04:30,0.0135
2025-08-09 04:45,0.019965
2025-08-09 05:00,0.013391
2025-08-09 05:15,0.031527
2025-08-09 05:30,0.024797
2025-08-09 05:45,0.040754
2025-08-09 06:00,0.032628
2025-08-09 06:15,0.04042
2025-08-09 06:30,0.0197
2025-08-09 06:45,0.018856
2025-08-09 07:00,0.018546
2025-08-09 07:15,0.0113
2025-08-09 07:30,0.013445
2025-08-09 07:45,0.018752
2025-08-09 08:00,0.015516
2025-08-09 08:15,0.005616
2025-08-09 08:30,0.005741
2025-08-09 08:45,0.005312
2025-08-09 09:00,0.006304
2025-08-09 09:15,0.01004
2025-08-09 09:30,0.037629
2025-08-09 09:45,0.044223
2025-08-09 10:00,0.129878
2025-08-09 10:15,0.030247
2025-08-09 10:30,0.002529
2025-08-09 10:45,0.034886
2025-08-09 11:00,0.009762
2025-08-09 11:15,0.013055
2025-08-09 11:30,0.007729
2025-08-09 11:45,0.00419
2025-08-09 12:00,0.005073
2025-08-09 12:15,0.011813
2025-08-09 12:30,0.003302
2025-08-09 12:45,0.008826
2025-08-09 13:00,0.009459
2025-08-09 13:15,0.014708
2025-08-09 13:30,0.000725
2025-08-09 13:45,0.014285
2025-08-09 14:00,0.001027
2025-08-09 14:15,0.003485
2025-08-09 14:30,0.000675
2025-08-09 14:45,0.01972
2025-08-09 15:00,0.000541
2025-08-09 15:15,0.001123
2025-08-09 15:30,0.000716
2025-08-09 15:45,0.020924
2025-08-09 16:00,0.016402
2025-08-09 16:15,0.00862
2025-08-09 16:30,0.001244
2025-08-09 16:45,0.002474
2025-08-09 17:00,0.001849
2025-08-09 17:15,0.000499
2025-08-09 17:30,0.000796
2025-08-09 17:45,5.8e-05
2025-08-09 18:00,0.000735
2025-08-09 18:15,0.001634
2025-08-09 18:30,0.001787
2025-08-09 18:45,5.8e-05
2025-08-09 19:00,0.000416
2025-08-09 19:15,9.5e-05
2025-08-09 19:30,4.7e-05
2025-08-09 19:45,0.000424
2025-08-09 20:00,0.000134
2025-08-09 20:15,0.000569
2025-08-09 20:30,0.000148
2025-08-09 20:45,0.000217
2025-08-09 21:00,0.000393
2025-08-09 21:15,0.003059
2025-08-09 21:30,0.001406
2025-08-09 21:45,0.001391
2025-08-09 22:00,0.004004
2025-08-09 22:15,0.013797
2025-08-09 22:30,0.005647
2025-08-09 22:45,0.000818
2025-08-09 23:00,0.000375
2025-08-09 23:15,0.001361
2025-08-09 23:30,0.001145
2025-08-09 23:45,0.005858
2025-08-10 00:00,0.009461
2025-08-10 00:15,0.004198
2025-08-10 00:30,0.004832
2025-08-10 00:45,0.018455
2025-08-10 01:00,0.003445
2025-08-10 01:15,0.008502
2025-08-10 01:30,0.009011
2025-08-10 01:45,0.010052
2025-08-10 02:00,0.007454
2025-08-10 02:15,0.00477
2025-08-10 02:30,0.003473
2025-08-10 02:45,0.000595
2025-08-10 03:00,0.002979
2025-08-10 03:15,0.00349
2025-08-10 03:30,0.007612
2025-08-10 03:45,0.002694
2025-08-10 04:00,0.003509
2025-08-10 04:15,0.007626
2025-08-10 04:30,0.002521
2025-08-10 04:45,0.01082
2025-08-10 05:00,0.001921
2025-08-10 05:15,0.006221
2025-08-10 05:30,0.023619
2025-08-10 05:45,0.035115
2025-08-10 06:00,0.022695
2025-08-10 06:15,0.01717
2025-08-10 06:30,0.022389
2025-08-10 06:45,0.046313
2025-08-10 07:00,0.011156
2025-08-10 07:15,0.008177
2025-08-10 07:30,0.009877
2025-08-10 07:45,0.010941
2025-08-10 08:00,0.012666
2025-08-10 08:15,0.011476
2025-08-10 08:30,0.012886
2025-08-10 08:45,0.011894
2025-08-10 09:00,0.020389
2025-08-10 09:15,0.02225
2025-08-10 09:30,0.007186
2025-08-10 09:45,0.006255
2025-08-10 10:00,0.017294
2025-08-10 10:15,0.016926
2025-08-10 10:30,0.00489
2025-08-10 10:45,0.104264
2025-08-10 11:00,0.103401
2025-08-10 11:15,0.036155
2025-08-10 11:30,0.006685
2025-08-10 11:45,0.023339
2025-08-10 12:00,0.002772
2025-08-10 12:15,0.009161
2025-08-10 12:30,0.003413
2025-08-10 12:45,0.004136
2025-08-10 13:00,0.009706
2025-08-10 13:15,0.006393
2025-08-10 13:30,0.008847
2025-08-10 13:45,0.011713
2025-08-10 14:00,0.021077
2025-08-10 14:15,0.013622
2025-08-10 14:30,0.007776
2025-08-10 14:45,0.014439
2025-08-10 15:00,0.008274
2025-08-10 15:15,0.00804
2025-08-10 15:30,0.002269
2025-08-10 15:45,0.000904
2025-08-10 16:00,0.001308
2025-08-10 16:15,0.00135
2025-08-10 16:30,0.00326
2025-08-10 16:45,0.001169
2025-08-10 17:00,0.007142
2025-08-10 17:15,0.003151
2025-08-10 17:30,0.005382
2025-08-10 17:45,0.00625
2025-08-10 18:00,0.002711
2025-08-10 18:15,0.003635
2025-08-10 18:30,0.001286
2025-08-10 18:45,0.000726
2025-08-10 19:00,0.003139
2025-08-10 19:15,0.005526
2025-08-10 19:30,0.000161
2025-08-10 19:45,0.006154
2025-08-10 20:00,0.000712
2025-08-10 20:15,0.001359
2025-08-10 20:30,0.000157
2025-08-10 20:45,0.000698
2025-08-10 21:00,0.00127
2025-08-10 21:15,0.005367
2025-08-10 21:30,0.001566
2025-08-10 21:45,0.000477
2025-08-10 22:00,0.000535
2025-08-10 22:15,0.004107
2025-08-10 22:30,0.00145
2025-08-10 22:45,0.00634
2025-08-10 23:00,0.00426
2025-08-10 23:15,0.006335
2025-08-10 23:30,0.007511
2025-08-10 23:45,0.100686
2025-08-11 00:00,0.047815
2025-08-11 00:15,0.079926
2025-08-11 00:30,0.077851
2025-08-11 00:45,0.045424
2025-08-11 01:00,0.132035
2025-08-11 01:15,0.118662
2025-08-11 01:30,0.058396
2025-08-11 01:45,0.048535
2025-08-11 02:00,0.040664
2025-08-11 02:15,0.033335
2025-08-11 02:30,0.078127
2025-08-11 02:45,0.024003
2025-08-11 03:00,0.081448
2025-08-11 03:15,0.025199
2025-08-11 03:30,0.085139
2025-08-11 03:45,0.026956
2025-08-11 04:00,0.028802
2025-08-11 04:15,0.030971
2025-08-11 04:30,0.081496
2025-08-11 04:45,0.318327
2025-08-11 05:00,0.141692
2025-08-11 05:15,0.060274
2025-08-11 05:30,0.216365
2025-08-11 05:45,0.050344
2025-08-11 06:00,0.063035
2025-08-11 06:15,0.031961
2025-08-11 06:30,0.204684
2025-08-11 06:45,0.054434
2025-08-11 07:00,0.059184
2025-08-11 07:15,0.0475
2025-08-11 07:30,0.047639
2025-08-11 07:45,0.045131
2025-08-11 08:00,0.041456
2025-08-11 08:15,0.055571
2025-08-11 08:30,0.449674
2025-08-11 08:45,0.040293
2025-08-11 09:00,0.040687
2025-08-11 09:15,0.047261
2025-08-11 09:30,0.166126
2025-08-11 09:45,0.019775
2025-08-11 10:00,0.010869
2025-08-11 10:15,0.012636
2025-08-11 10:30,0.006171
2025-08-11 10:45,0.074865
2025-08-11 11:00,0.012715
2025-08-11 11:15,0.01245
2025-08-11 11:30,0.004372
2025-08-11 11:45,0.010317
2025-08-11 12:00,0.010566
2025-08-11 12:15,0.035224
2025-08-11 12:30,0.007511
2025-08-11 12:45,0.022341
2025-08-11 13:00,0.154847
2025-08-11 13:15,0.010395
2025-08-11 13:30,0.006489
2025-08-11 13:45,0.005308
2025-08-11 14:00,0.007851
2025-08-11 14:15,0.006544
2025-08-11 14:30,0.011718
2025-08-11 14:45,0.014527
2025-08-11 15:00,0.009175
2025-08-11 15:15,0.008557
2025-08-11 15:30,0.004884
2025-08-11 15:45,0.005098
2025-08-11 16:00,0.005822
2025-08-11 16:15,0.004947
2025-08-11 16:30,0.0095
2025-08-11 16:45,0.006744
2025-08-11 17:00,0.00389
2025-08-11 17:15,0.027559
2025-08-11 17:30,0.031112
2025-08-11 17:45,0.005051
2025-08-11 18:00,0.010235
2025-08-11 18:15,0.005648
2025-08-11 18:30,0.003772
2025-08-11 18:45,0.00401
2025-08-11 19:00,0.006236
2025-08-11 19:15,0.003645
2025-08-11 19:30,0.004057
2025-08-11 19:45,0.003568
2025-08-11 20:00,0.006307
2025-08-11 20:15,0.006536
2025-08-11 20:30,0.00704
2025-08-11 20:45,0.006882
2025-08-11 21:00,0.008583
2025-08-11 21:15,0.007384
2025-08-11 21:30,0.005202
2025-08-11 21:45,0.008946
2025-08-11 22:00,0.00491
2025-08-11 22:15,0.008278
2025-08-11 22:30,0.019364
2025-08-11 22:45,0.008086
2025-08-11 23:00,0.005047
2025-08-11 23:15,0.02022
2025-08-11 23:30,0.019773
2025-08-11 23:45,0.019586
2025-08-12 00:00,0.032102
2025-08-12 00:15,0.047154
2025-08-12 00:30,0.048664
2025-08-12 00:45,0.064727
2025-08-12 01:00,0.040583
2025-08-12 01:15,0.028821
2025-08-12 01:30,0.024713
2025-08-12 01:45,0.039314
2025-08-12 02:00,0.028739
2025-08-12 02:15,0.047323
2025-08-12 02:30,0.041788
2025-08-12 02:45,0.025013
2025-08-12 03:00,0.047963
2025-08-12 03:15,0.030315
2025-08-12 03:30,0.02832
2025-08-12 03:45,0.022584
2025-08-12 04:00,0.031917
2025-08-12 04:15,0.043907
2025-08-12 04:30,0.216023
2025-08-12 04:45,0.045073
2025-08-12 05:00,0.041881
2025-08-12 05:15,0.039907
2025-08-12 05:30,0.154692
2025-08-12 05:45,0.123966
2025-08-12 06:00,0.068086
2025-08-12 06:15,0.051256
2025-08-12 06:30,0.047984
2025-08-12 06:45,0.17177
2025-08-12 07:00,0.059849
2025-08-12 07:15,0.331994
2025-08-12 07:30,0.128129
2025-08-12 07:45,0.04213
2025-08-12 08:00,0.034984
2025-08-12 08:15,0.044261
2025-08-12 08:30,0.037559
2025-08-12 08:45,0.030716
2025-08-12 09:00,0.030315
2025-08-12 09:15,0.051139
2025-08-12 09:30,0.017489
2025-08-12 09:45,0.01938
2025-08-12 10:00,0.009689
2025-08-12 10:15,0.010595
2025-08-12 10:30,0.008688
2025-08-12 10:45,0.007216
2025-08-12 11:00,0.017968
2025-08-12 11:15,0.019019
2025-08-12 11:30,0.008789
2025-08-12 11:45,0.010557
2025-08-12 12:00,0.005624
2025-08-12 12:15,0.018788
2025-08-12 12:30,0.024137
2025-08-12 12:45,0.00465
2025-08-12 13:00,0.010837
2025-08-12 13:15,0.014067
2025-08-12 13:30,0.01744
2025-08-12 13:45,0.035298
2025-08-12 14:00,0.022536
2025-08-12 14:15,0.03762
2025-08-12 14:30,0.01548
2025-08-12 14:45,0.050384
2025-08-12 15:00,0.071651
2025-08-12 15:15,0.027222
2025-08-12 15:30,0.008893
2025-08-12 15:45,0.005375
2025-08-12 16:00,0.008868
2025-08-12 16:15,0.012093
2025-08-12 16:30,0.01053
2025-08-12 16:45,0.009087
2025-08-12 17:00,0.080308
2025-08-12 17:15,0.056626
2025-08-12 17:30,0.008523
2025-08-12 17:45,0.012955
2025-08-12 18:00,0.014554
2025-08-12 18:15,0.011876
2025-08-12 18:30,0.003974
2025-08-12 18:45,0.011323
2025-08-12 19:00,0.009495
2025-08-12 19:15,0.011804
2025-08-12 19:30,0.011563
2025-08-12 19:45,0.007468
2025-08-12 20:00,0.011412
2025-08-12 20:15,0.003855
2025-08-12 20:30,0.004829
2025-08-12 20:45,0.002457
2025-08-12 21:00,0.001279
2025-08-12 21:15,0.007089
2025-08-12 21:30,0.0081
2025-08-12 21:45,0.006123
2025-08-12 22:00,0.00484
2025-08-12 22:15,0.010404
2025-08-12 22:30,0.010926
2025-08-12 22:45,0.01332
2025-08-12 23:00,0.013225
2025-08-12 23:15,0.016997
2025-08-12 23:30,0.08601
2025-08-12 23:45,0.064758
2025-08-13 00:00,0.101538
2025-08-13 00:00,0.583898
2025-08-13 00:15,0.476552
2025-08-13 00:30,0.235014
2025-08-13 00:45,0.372227
2025-08-13 01:00,0.27917
2025-08-13 01:15,0.791461
2025-08-13 01:30,0.416949
2025-08-13 01:45,0.25567
2025-08-13 02:00,0.32491
2025-08-13 02:15,0.367934
2025-08-13 02:30,0.171157
2025-08-13 02:45,0.262712
2025-08-13 03:00,0.238339
2025-08-13 03:15,0.377021
2025-08-13 03:30,0.367778
2025-08-13 03:45,0.253184
2025-08-13 04:00,0.365649
2025-08-13 04:15,0.273135
2025-08-13 04:30,0.412449
2025-08-13 04:45,0.510908
2025-08-13 05:00,0.448236
2025-08-13 05:15,0.593302
2025-08-13 05:30,0.325121
2025-08-13 05:45,0.550932
2025-08-13 06:00,0.689847
2025-08-13 06:15,0.445878
2025-08-13 06:30,0.518945
2025-08-13 06:45,0.251466
2025-08-13 07:00,0.345611
2025-08-13 07:15,0.23133
2025-08-13 07:30,0.294426
2025-08-13 07:45,0.396909
2025-08-13 08:00,0.343002
2025-08-13 08:15,0.248189
2025-08-13 08:30,0.264886
2025-08-13 08:45,0.221701
2025-08-13 09:00,0.157592
2025-08-13 09:15,0.176893
2025-08-13 09:30,0.196388
2025-08-13 09:45,0.157417
2025-08-13 10:00,0.262074
2025-08-13 10:15,0.414439
2025-08-13 10:30,0.438875
2025-08-13 10:45,0.199636
2025-08-13 11:00,0.121087
2025-08-13 11:15,0.077337
2025-08-13 11:30,0.08952
2025-08-13 11:45,0.099384
2025-08-13 12:00,0.078144
2025-08-13 12:15,0.06002
2025-08-13 12:30,0.083047
2025-08-13 12:45,0.068924
2025-08-13 13:00,0.101524
2025-08-13 13:15,0.065607
2025-08-13 13:30,0.053828
2025-08-13 13:45,0.093505
2025-08-13 14:00,0.075155
2025-08-13 14:15,0.075627
2025-08-13 14:30,0.087169
2025-08-13 14:45,0.072039
2025-08-13 15:00,0.041225
2025-08-13 15:15,0.386573
2025-08-13 15:30,0.112367
2025-08-13 15:45,0.059445
2025-08-13 16:00,0.040381
2025-08-13 16:15,0.051232
2025-08-13 16:30,0.08463
2025-08-13 16:45,0.061858
2025-08-13 17:00,0.043452
2025-08-13 17:15,0.045912
2025-08-13 17:30,0.033754
2025-08-13 17:45,0.032209
2025-08-13 18:00,0.070733
2025-08-13 18:15,0.023532
2025-08-13 18:30,0.098921
2025-08-13 18:45,0.025907
2025-08-13 19:00,0.032516
2025-08-13 19:15,0.030047
2025-08-13 19:30,0.021784
2025-08-13 19:45,0.025664
2025-08-13 20:00,0.047898
2025-08-13 20:15,0.047768
2025-08-13 20:30,0.059466
2025-08-13 20:45,0.040374
2025-08-13 21:00,0.028545
2025-08-13 21:15,0.034899
2025-08-13 21:30,0.054615
2025-08-13 21:45,0.046245
2025-08-13 22:00,0.061098
2025-08-13 22:15,0.079285
2025-08-13 22:30,0.050043
2025-08-13 22:45,0.049484
2025-08-13 23:00,0.0616
2025-08-13 23:15,0.089256
2025-08-13 23:30,0.133285
2025-08-13 23:45,0.304579
2025-08-14 00:00,0.239948
2025-08-14 00:15,0.187783
2025-08-14 00:30,0.329502
2025-08-14 00:45,0.363902
2025-08-14 01:00,0.262459
2025-08-14 01:15,0.273188
2025-08-14 01:30,0.485347
2025-08-14 01:45,0.305606
2025-08-14 02:00,0.378405
2025-08-14 02:15,0.234063
2025-08-14 02:30,0.315604
2025-08-14 02:45,0.201914
2025-08-14 03:00,0.241568
2025-08-14 03:15,0.402831
2025-08-14 03:30,0.3385
2025-08-14 03:45,0.40424
2025-08-14 04:00,0.167648
2025-08-14 04:15,0.295579
2025-08-14 04:30,0.513219
2025-08-14 04:45,0.600658
2025-08-14 05:00,0.463486
2025-08-14 05:15,0.338271
2025-08-14 05:30,0.293538
2025-08-14 05:45,0.503654
2025-08-14 06:00,0.492287
2025-08-14 06:15,0.271206
2025-08-14 06:30,0.310161
2025-08-14 06:45,0.261154
2025-08-14 07:00,0.283162
2025-08-14 07:15,0.489259
2025-08-14 07:30,0.289536
2025-08-14 07:45,0.253157
2025-08-14 08:00,0.227787
2025-08-14 08:15,0.374965
2025-08-14 08:30,0.32454
2025-08-14 08:45,0.133448
2025-08-14 09:00,0.180905
2025-08-14 09:15,0.149522
2025-08-14 09:30,0.088303
2025-08-14 09:45,0.054528
2025-08-14 10:00,0.033829
2025-08-14 10:15,0.049196
2025-08-14 10:30,0.025947
2025-08-14 10:45,0.032352
2025-08-14 11:00,0.031152
2025-08-14 11:15,0.117754
2025-08-14 11:30,0.062205
2025-08-14 11:45,0.084883
2025-08-14 12:00,0.066052
2025-08-14 12:15,0.094075
2025-08-14 12:30,0.187406
2025-08-14 12:45,0.135197
2025-08-14 13:00,0.181052
2025-08-14 13:15,0.035749
2025-08-14 13:30,0.108896
2025-08-14 13:45,0.024605
2025-08-14 14:00,0.011638
2025-08-14 14:15,0.013613
2025-08-14 14:30,0.011948
2025-08-14 14:45,0.040092
2025-08-14 15:00,0.005517
2025-08-14 15:15,0.048636
2025-08-14 15:30,0.02376
2025-08-14 15:45,0.004375
2025-08-14 16:00,0.008179
2025-08-14 16:15,0.017681
2025-08-14 16:30,0.0047
2025-08-14 16:45,0.026004
2025-08-14 17:00,0.012889
2025-08-14 17:15,0.034658
2025-08-14 17:30,0.066906
2025-08-14 17:45,0.037185
2025-08-14 18:00,0.012727
2025-08-14 18:15,0.220888
2025-08-14 18:30,0.011536
2025-08-14 18:45,0.070523
2025-08-14 19:00,0.009917
2025-08-14 19:15,0.012869
2025-08-14 19:30,0.004093
2025-08-14 19:45,0.011827
2025-08-14 20:00,0.004216
2025-08-14 20:15,0.020235
2025-08-14 20:30,0.023448
2025-08-14 20:45,0.004384
2025-08-14 21:00,0.003721
2025-08-14 21:15,0.008843
2025-08-14 21:30,0.008947
2025-08-14 21:45,0.00411
2025-08-14 22:00,0.00626
2025-08-14 22:15,0.170929
2025-08-14 22:30,0.450857
2025-08-14 22:45,0.087623
2025-08-14 23:00,0.06546
2025-08-14 23:15,1.0
2025-08-14 23:30,0.643645
2025-08-14 23:45,0.01172
2025-08-15 00:00,0.020653
2025-08-15 00:15,0.277731
2025-08-15 00:30,0.051865
2025-08-15 00:45,0.08964
2025-08-15 01:00,0.032723
2025-08-15 01:15,0.035278
2025-08-15 01:30,0.05917
2025-08-15 01:45,0.117507
2025-08-15 02:00,0.027265
2025-08-15 02:15,0.090437
2025-08-15 02:30,0.532079
2025-08-15 02:45,0.026957
2025-08-15 03:00,0.031919
2025-08-15 03:15,0.04235
2025-08-15 03:30,0.025426
2025-08-15 03:45,0.035287
2025-08-15 04:00,0.053508
2025-08-15 04:15,0.148183
2025-08-15 04:30,0.031896
2025-08-15 04:45,0.090879
2025-08-15 05:00,0.048196
2025-08-15 05:15,0.132323
2025-08-15 05:30,0.053262
2025-08-15 05:45,0.061543
2025-08-15 06:00,0.257259
2025-08-15 06:15,0.1692
2025-08-15 06:30,0.297004
2025-08-15 06:45,0.174844
2025-08-15 07:00,0.085778
2025-08-15 07:15,0.132039
2025-08-15 07:30,0.142522
2025-08-15 07:45,0.206021
2025-08-15 08:00,0.050672
2025-08-15 08:15,0.034531
2025-08-15 08:30,0.08379
2025-08-15 08:45,0.087665
2025-08-15 09:00,0.114909
2025-08-15 09:15,0.094613
2025-08-15 09:30,0.049935
2025-08-15 09:45,0.04491
2025-08-15 10:00,0.049978
2025-08-15 10:15,0.025331
2025-08-15 10:30,0.018139
2025-08-15 10:45,0.067726
2025-08-15 11:00,0.067476
2025-08-15 11:15,0.059171
2025-08-15 11:30,0.012371
2025-08-15 11:45,0.030614
2025-08-15 12:00,0.096946
2025-08-15 12:15,0.033393
2025-08-15 12:30,0.019171
2025-08-15 12:45,0.017682
2025-08-15 13:00,0.102552
2025-08-15 13:15,0.021856
2025-08-15 13:30,0.007203
2025-08-15 13:45,0.013733
2025-08-15 14:00,0.00938
2025-08-15 14:15,0.015745
2025-08-15 14:30,0.006403
2025-08-15 14:45,0.005164
2025-08-15 15:00,0.01329
2025-08-15 15:15,0.015975
2025-08-15 15:30,0.083521
2025-08-15 15:45,0.037403
2025-08-15 16:00,0.007968
2025-08-15 16:15,0.018899
2025-08-15 16:30,0.033711
2025-08-15 16:45,0.018423
2025-08-15 17:00,0.024022
2025-08-15 17:15,0.049787
2025-08-15 17:30,0.020826
2025-08-15 17:45,0.051896
2025-08-15 18:00,0.067729
2025-08-15 18:15,0.044622
2025-08-15 18:30,0.051509
2025-08-15 18:45,0.078244
2025-08-15 19:00,0.0664
2025-08-15 19:15,0.056429
2025-08-15 19:30,0.045729
2025-08-15 19:45,0.053796
2025-08-15 20:00,0.037827
2025-08-15 20:15,0.014586
2025-08-15 20:30,0.002937
2025-08-15 20:45,0.006893
2025-08-15 21:00,0.004128
2025-08-15 21:15,0.011509
2025-08-15 21:30,0.001508
2025-08-15 21:45,0.007872
2025-08-15 22:00,0.010904
2025-08-15 22:15,0.021846
2025-08-15 22:30,0.00991
2025-08-15 22:45,0.002253
2025-08-15 23:00,0.01191
2025-08-15 23:15,0.107345
2025-08-15 23:30,0.0874
2025-08-15 23:45,0.016267
2025-08-16 00:00,0.009524
2025-08-16 00:15,0.049845
2025-08-16 00:30,0.025927
2025-08-16 00:45,0.019987
2025-08-16 01:00,0.01845
2025-08-16 01:15,0.033098
2025-08-16 01:30,0.019956
2025-08-16 01:45,0.21799
2025-08-16 02:00,0.107511
2025-08-16 02:15,0.133429
2025-08-16 02:30,0.07354
2025-08-16 02:45,0.088504
2025-08-16 03:00,0.686256
2025-08-16 03:15,0.218863
2025-08-16 03:30,0.042474
2025-08-16 03:45,0.019717
2025-08-16 04:00,0.039544
2025-08-16 04:15,0.220381
2025-08-16 04:30,0.035758
2025-08-16 04:45,0.047866
2025-08-16 05:00,0.069396
2025-08-16 05:15,0.094585
2025-08-16 05:30,0.108664
2025-08-16 05:45,0.028385
2025-08-16 06:00,0.050638
2025-08-16 06:15,0.148096
2025-08-16 06:30,0.044893
2025-08-16 06:45,0.064708
2025-08-16 07:00,0.135752
2025-08-16 07:15,0.098392
2025-08-16 07:30,0.057296
2025-08-16 07:45,0.075323
2025-08-16 08:00,0.09431
2025-08-16 08:15,0.345218
2025-08-16 08:30,0.060369
2025-08-16 08:45,0.114767
2025-08-16 09:00,0.11171
2025-08-16 09:15,0.073425
2025-08-16 09:30,0.064273
2025-08-16 09:45,0.262269
2025-08-16 10:00,0.079333
2025-08-16 10:15,0.054025
2025-08-16 10:30,0.034376
2025-08-16 10:45,0.009296
2025-08-16 11:00,0.055876
2025-08-16 11:15,0.018006
2025-08-16 11:30,0.020908
2025-08-16 11:45,0.020692
2025-08-16 12:00,0.211866
2025-08-16 12:15,0.028538
2025-08-16 12:30,0.059867
2025-08-16 12:45,0.136534
2025-08-16 13:00,0.102161
2025-08-16 13:15,0.188927
2025-08-16 13:30,0.047066
2025-08-16 13:45,0.03735
2025-08-16 14:00,0.0317
2025-08-16 14:15,0.136244
2025-08-16 14:30,0.179936
2025-08-16 14:45,0.026093
2025-08-16 15:00,0.11851
2025-08-16 15:15,0.034011
2025-08-16 15:30,0.007299
2025-08-16 15:45,0.016915
2025-08-16 16:00,0.009474
2025-08-16 16:15,0.00795
2025-08-16 16:30,0.008839
2025-08-16 16:45,0.005717
2025-08-16 17:00,0.022788
2025-08-16 17:15,0.008777
2025-08-16 17:30,0.027411
2025-08-16 17:45,0.018431
2025-08-16 18:00,0.069798
2025-08-16 18:15,0.15019
2025-08-16 18:30,0.003039
2025-08-16 18:45,0.001692
2025-08-16 19:00,0.318279
2025-08-16 19:15,0.041411
2025-08-16 19:30,0.087944
2025-08-16 19:45,0.059506
2025-08-16 20:00,0.000773
2025-08-16 20:15,0.046774
2025-08-16 20:30,0.055218
2025-08-16 20:45,0.005643
2025-08-16 21:00,0.002768
2025-08-16 21:15,0.008062
2025-08-16 21:30,0.005888
2025-08-16 21:45,0.005262
2025-08-16 22:00,0.009502
2025-08-16 22:15,0.02775
2025-08-16 22:30,0.006975
2025-08-16 22:45,0.106059
2025-08-16 23:00,0.441929
2025-08-16 23:15,0.026658
2025-08-16 23:30,0.020304
2025-08-16 23:45,0.076828
2025-08-17 00:00,0.373777
2025-08-17 00:15,0.541305
2025-08-17 00:30,0.506406
2025-08-17 00:45,0.160088
2025-08-17 01:00,0.107393
2025-08-17 01:15,0.096185
2025-08-17 01:30,0.121205
2025-08-17 01:45,0.21329
2025-08-17 02:00,0.462299
2025-08-17 02:15,0.594411
2025-08-17 02:30,0.241747
2025-08-17 02:45,0.026438
2025-08-17 03:00,0.026855
2025-08-17 03:15,0.110333
2025-08-17 03:30,0.043634
2025-08-17 03:45,0.555692
2025-08-17 04:00,0.046041
2025-08-17 04:15,0.08622
2025-08-17 04:30,0.075502
2025-08-17 04:45,0.068197
2025-08-17 05:00,0.001196
2025-08-17 05:15,0.010774
2025-08-17 05:30,0.018791
2025-08-17 05:45,0.029065
2025-08-17 06:00,0.037089
2025-08-17 06:15,0.013753
2025-08-17 06:30,0.041305
2025-08-17 06:45,0.08665
2025-08-17 07:00,0.225942
2025-08-17 07:15,0.183019
2025-08-17 07:30,0.062437
2025-08-17 07:45,0.035859
2025-08-17 08:00,0.141921
2025-08-17 08:15,0.095458
2025-08-17 08:30,0.108656
2025-08-17 08:45,0.14717
2025-08-17 09:00,0.140783
2025-08-17 09:15,0.075636
2025-08-17 09:30,0.025385
2025-08-17 09:45,0.045788
2025-08-17 10:00,0.154456
2025-08-17 10:15,0.145753
2025-08-17 10:30,0.08582
2025-08-17 10:45,0.018472
2025-08-17 11:00,0.013706
2025-08-17 11:15,0.044981
2025-08-17 11:30,0.047892
2025-08-17 11:45,0.037406
2025-08-17 12:00,0.031109
2025-08-17 12:15,0.068741
2025-08-17 12:30,0.055699
2025-08-17 12:45,0.215859
2025-08-17 13:00,0.080726
2025-08-17 13:15,0.049928
2025-08-17 13:30,0.028718
2025-08-17 13:45,0.005001
2025-08-17 14:00,0.037974
2025-08-17 14:15,0.035299
2025-08-17 14:30,0.009531
2025-08-17 14:45,0.035906
2025-08-17 15:00,0.107189
2025-08-17 15:15,0.028089
2025-08-17 15:30,0.008249
2025-08-17 15:45,0.01603
2025-08-17 16:00,0.003808
2025-08-17 16:15,0.033853
2025-08-17 16:30,0.032059
2025-08-17 16:45,0.007405
2025-08-17 17:00,0.010371
2025-08-17 17:15,0.005079
2025-08-17 17:30,0.00498
2025-08-17 17:45,0.003458
2025-08-17 18:00,0.031239
2025-08-17 18:15,0.001759
2025-08-17 18:30,0.009054
2025-08-17 18:45,0.005951
2025-08-17 19:00,0.007271
2025-08-17 19:15,0.012142
2025-08-17 19:30,0.011462
2025-08-17 19:45,0.007596
2025-08-17 20:00,0.004863
2025-08-17 20:15,0.001362
2025-08-17 20:30,0.002756
2025-08-17 20:45,0.01895
2025-08-17 21:00,0.009412
2025-08-17 21:15,0.004968
2025-08-17 21:30,0.070522
2025-08-17 21:45,0.029763
2025-08-17 22:00,0.049342
2025-08-17 22:15,0.020527
2025-08-17 22:30,0.022701
2025-08-17 22:45,0.027238
2025-08-17 23:00,0.05183
2025-08-17 23:15,0.030596
2025-08-17 23:30,0.103931
2025-08-17 23:45,0.142511
2025-08-18 00:00,0.293491
2025-08-18 00:15,0.374402
2025-08-18 00:30,0.300901
2025-08-18 00:45,0.472231
2025-08-18 01:00,0.263272
2025-08-18 01:15,0.377756
2025-08-18 01:30,0.611849
2025-08-18 01:45,0.935413
2025-08-18 02:00,0.300624
2025-08-18 02:15,0.310401
2025-08-18 02:30,0.379677
2025-08-18 02:45,0.261037
2025-08-18 03:00,0.233553
2025-08-18 03:15,0.110273
2025-08-18 03:30,0.201868
2025-08-18 03:45,0.180809
2025-08-18 04:00,0.249395
2025-08-18 04:15,0.257945
2025-08-18 04:30,0.248841
2025-08-18 04:45,0.211438
2025-08-18 05:00,0.436722
2025-08-18 05:15,0.420176
2025-08-18 05:30,0.22537
2025-08-18 05:45,0.368654
2025-08-18 06:00,0.329822
2025-08-18 06:15,0.239772
2025-08-18 06:30,0.512343
2025-08-18 06:45,0.307183
2025-08-18 07:00,0.283145
2025-08-18 07:15,0.365775
2025-08-18 07:30,0.265926
2025-08-18 07:45,0.439792
2025-08-18 08:00,0.370256
2025-08-18 08:15,0.584756
2025-08-18 08:30,0.350822
2025-08-18 08:45,0.397952
2025-08-18 09:00,0.203116
2025-08-18 09:15,0.187669
2025-08-18 09:30,0.196142
2025-08-18 09:45,0.309554
2025-08-18 10:00,0.458306
2025-08-18 10:15,0.185502
2025-08-18 10:30,0.052751
2025-08-18 10:45,0.098158
2025-08-18 11:00,0.103556
2025-08-18 11:15,0.111775
2025-08-18 11:30,0.312997
2025-08-18 11:45,0.836329
2025-08-18 12:00,0.223743
2025-08-18 12:15,0.083041
2025-08-18 12:30,0.059361
2025-08-18 12:45,0.172823
2025-08-18 13:00,0.218621
2025-08-18 13:15,0.460252
2025-08-18 13:30,0.053237
2025-08-18 13:45,0.066455
2025-08-18 14:00,0.03667
2025-08-18 14:15,0.047186
2025-08-18 14:30,0.053747
2025-08-18 14:45,0.02209
2025-08-18 15:00,0.016999
2025-08-18 15:15,0.029556
2025-08-18 15:30,0.013577
2025-08-18 15:45,0.006457
2025-08-18 16:00,0.006657
2025-08-18 16:15,0.012497
2025-08-18 16:30,0.050545
2025-08-18 16:45,0.01187
2025-08-18 17:00,0.027023
2025-08-18 17:15,0.037507
2025-08-18 17:30,0.011468
2025-08-18 17:45,0.028285
2025-08-18 18:00,0.034536
2025-08-18 18:15,0.002357
2025-08-18 18:30,0.024007
2025-08-18 18:45,0.005078
2025-08-18 19:00,0.003991
2025-08-18 19:15,0.005867
2025-08-18 19:30,0.011822
2025-08-18 19:45,0.005213
2025-08-18 20:00,0.023262
2025-08-18 20:15,0.008712
2025-08-18 20:30,0.005108
2025-08-18 20:45,0.040514
2025-08-18 21:00,0.045306
2025-08-18 21:15,0.019045
2025-08-18 21:30,0.020828
2025-08-18 21:45,0.006634
2025-08-18 22:00,0.016307
2025-08-18 22:15,0.012903
2025-08-18 22:30,0.025418
2025-08-18 22:45,0.184769
2025-08-18 23:00,0.507512
2025-08-18 23:15,0.074961
2025-08-18 23:30,0.075399
2025-08-18 23:45,0.147397
2025-08-19 00:00,0.237499
2025-08-19 00:15,0.287864
2025-08-19 00:30,0.192707
2025-08-19 00:45,0.188732
2025-08-19 01:00,0.324197
2025-08-19 01:15,0.343205
2025-08-19 01:30,0.293567
2025-08-19 01:45,0.286267
2025-08-19 02:00,0.45523
2025-08-19 02:15,0.24571
2025-08-19 02:30,0.435783
2025-08-19 02:45,0.342396
2025-08-19 03:00,0.952882
2025-08-19 03:15,0.218653
2025-08-19 03:30,0.144791
2025-08-19 03:45,0.160284
2025-08-19 04:00,0.29134
2025-08-19 04:15,0.334457
2025-08-19 04:30,0.468678
2025-08-19 04:45,0.789254
2025-08-19 05:00,0.813102
2025-08-19 05:15,0.581686
2025-08-19 05:30,0.291773
2025-08-19 05:45,0.386931
2025-08-19 06:00,0.483898
2025-08-19 06:15,0.468201
2025-08-19 06:30,0.428805
2025-08-19 06:45,0.273268
2025-08-19 07:00,0.364438
2025-08-19 07:15,0.337413
2025-08-19 07:30,0.212559
2025-08-19 07:45,0.234479
2025-08-19 08:00,0.193465
2025-08-19 08:15,0.306967
2025-08-19 08:30,0.233272
2025-08-19 08:45,0.359125
2025-08-19 09:00,0.115288
2025-08-19 09:15,0.131015
2025-08-19 09:30,0.112123
2025-08-19 09:45,0.194962
2025-08-19 10:00,0.15157
2025-08-19 10:15,0.25506
2025-08-19 10:30,0.185577
2025-08-19 10:45,0.349109
2025-08-19 11:00,0.166754
2025-08-19 11:15,0.167198
2025-08-19 11:30,0.188496
2025-08-19 11:45,0.198263
2025-08-19 12:00,0.101356
2025-08-19 12:15,0.043812
2025-08-19 12:30,0.047233
2025-08-19 12:45,0.073805
2025-08-19 13:00,0.279139
2025-08-19 13:15,0.267151
2025-08-19 13:30,0.065916
2025-08-19 13:45,0.036386
2025-08-19 14:00,0.093242
2025-08-19 14:15,0.056151
2025-08-19 14:30,0.070189
2025-08-19 14:45,0.022461
2025-08-19 15:00,0.037118
2025-08-19 15:15,0.20516
2025-08-19 15:30,0.09601
2025-08-19 15:45,0.021358
2025-08-19 16:00,0.025252
2025-08-19 16:15,0.019179
2025-08-19 16:30,0.018246
2025-08-19 16:45,0.006044
2025-08-19 17:00,0.010646
2025-08-19 17:15,0.011353
2025-08-19 17:30,0.00565
2025-08-19 17:45,0.040299
2025-08-19 18:00,0.052697
2025-08-19 18:15,0.021664
2025-08-19 18:30,0.006447
2025-08-19 18:45,0.024521
2025-08-19 19:00,0.02876
2025-08-19 19:15,0.011083
2025-08-19 19:30,0.06208
2025-08-19 19:45,0.069327
2025-08-19 20:00,0.145629
2025-08-19 20:15,0.080258
2025-08-19 20:30,0.051142
2025-08-19 20:45,0.111698
2025-08-19 21:00,0.029539
2025-08-19 21:15,0.005848
2025-08-19 21:30,0.009052
2025-08-19 21:45,0.03583
2025-08-19 22:00,0.025272
2025-08-19 22:15,0.004694
2025-08-19 22:30,0.009144
2025-08-19 22:45,0.019936
2025-08-19 23:00,0.046052
2025-08-19 23:15,0.057015
2025-08-19 23:30,0.08481
2025-08-19 23:45,0.244405
2025-08-20 00:00,0.269269
2025-08-20 00:00,0.136275
2025-08-20 00:15,0.117778
2025-08-20 00:30,0.320379
2025-08-20 00:45,0.1028
2025-08-20 01:00,0.849299
2025-08-20 01:15,0.171011
2025-08-20 01:30,0.178733
2025-08-20 01:45,0.301822
2025-08-20 02:00,0.198825
2025-08-20 02:15,0.299269
2025-08-20 02:30,0.23103
2025-08-20 02:45,0.125723
2025-08-20 03:00,0.064875
2025-08-20 03:15,0.125462
2025-08-20 03:30,0.227187
2025-08-20 03:45,0.09225
2025-08-20 04:00,0.167218
2025-08-20 04:15,0.127213
2025-08-20 04:30,0.132023
2025-08-20 04:45,0.289289
2025-08-20 05:00,0.149682
2025-08-20 05:15,0.311781
2025-08-20 05:30,0.209467
2025-08-20 05:45,0.228353
2025-08-20 06:00,0.188303
2025-08-20 06:15,0.205669
2025-08-20 06:30,0.137721
2025-08-20 06:45,0.22052
2025-08-20 07:00,0.182171
2025-08-20 07:15,0.35581
2025-08-20 07:30,0.152591
2025-08-20 07:45,0.204623
2025-08-20 08:00,0.1678
2025-08-20 08:15,0.122939
2025-08-20 08:30,0.094616
2025-08-20 08:45,0.095245
2025-08-20 09:00,0.051765
2025-08-20 09:15,0.120118
2025-08-20 09:30,0.051492
2025-08-20 09:45,0.020072
2025-08-20 10:00,0.018144
2025-08-20 10:15,0.081051
2025-08-20 10:30,0.028755
2025-08-20 10:45,0.032163
2025-08-20 11:00,0.060218
2025-08-20 11:15,0.041194
2025-08-20 11:30,0.038637
2025-08-20 11:45,0.054777
2025-08-20 12:00,0.053287
2025-08-20 12:15,0.042881
2025-08-20 12:30,0.027453
2025-08-20 12:45,0.033547
2025-08-20 13:00,0.023316
2025-08-20 13:15,0.025972
2025-08-20 13:30,0.06393
2025-08-20 13:45,0.065006
2025-08-20 14:00,0.049606
2025-08-20 14:15,0.022132
2025-08-20 14:30,0.263406
2025-08-20 14:45,0.140198
2025-08-20 15:00,0.010176
2025-08-20 15:15,0.013635
2025-08-20 15:30,0.023702
2025-08-20 15:45,0.009417
2025-08-20 16:00,0.027382
2025-08-20 16:15,0.052553
2025-08-20 16:30,0.015812
2025-08-20 16:45,0.029607
2025-08-20 17:00,0.008457
2025-08-20 17:15,0.006547
2025-08-20 17:30,0.004672
2025-08-20 17:45,0.002585
2025-08-20 18:00,0.013925
2025-08-20 18:15,0.004674
2025-08-20 18:30,0.00565
2025-08-20 18:45,0.005467
2025-08-20 19:00,0.007093
2025-08-20 19:15,0.004905
2025-08-20 19:30,0.001641
2025-08-20 19:45,0.003807
2025-08-20 20:00,0.008927
2025-08-20 20:15,0.00415
2025-08-20 20:30,0.005958
2025-08-20 20:45,0.003371
2025-08-20 21:00,0.010053
2025-08-20 21:15,0.013486
2025-08-20 21:30,0.003395
2025-08-20 21:45,0.002423
2025-08-20 22:00,0.003298
2025-08-20 22:15,0.002922
2025-08-20 22:30,0.007232
2025-08-20 22:45,0.021316
2025-08-20 23:00,0.018078
2025-08-20 23:15,0.020398
2025-08-20 23:30,0.048435
2025-08-20 23:45,0.110824
2025-08-21 00:00,0.133936
2025-08-21 00:15,0.249958
2025-08-21 00:30,0.170914
2025-08-21 00:45,0.08244
2025-08-21 01:00,0.270489
2025-08-21 01:15,0.194978
2025-08-21 01:30,0.254412
2025-08-21 01:45,0.12585
2025-08-21 02:00,0.118929
2025-08-21 02:15,0.12699
2025-08-21 02:30,0.143123
2025-08-21 02:45,0.038145
2025-08-21 03:00,0.121353
2025-08-21 03:15,0.115455
2025-08-21 03:30,0.057851
2025-08-21 03:45,0.150768
2025-08-21 04:00,0.078436
2025-08-21 04:15,0.080475
2025-08-21 04:30,0.170875
2025-08-21 04:45,0.151638
2025-08-21 05:00,0.167778
2025-08-21 05:15,0.125335
2025-08-21 05:30,0.112349
2025-08-21 05:45,0.129147
2025-08-21 06:00,0.096044
2025-08-21 06:15,0.133424
2025-08-21 06:30,0.176003
2025-08-21 06:45,0.241455
2025-08-21 07:00,0.141479
2025-08-21 07:15,0.429731
2025-08-21 07:30,0.136543
2025-08-21 07:45,0.122328
2025-08-21 08:00,0.128304
2025-08-21 08:15,0.08879
2025-08-21 08:30,0.291533
2025-08-21 08:45,0.141186
2025-08-21 09:00,0.109755
2025-08-21 09:15,0.105974
2025-08-21 09:30,0.062672
2025-08-21 09:45,0.039678
2025-08-21 10:00,0.047858
2025-08-21 10:15,0.235673
2025-08-21 10:30,0.48157
2025-08-21 10:45,0.196884
2025-08-21 11:00,0.134206
2025-08-21 11:15,0.133294
2025-08-21 11:30,0.050413
2025-08-21 11:45,0.012651
2025-08-21 12:00,0.016869
2025-08-21 12:15,0.024552
2025-08-21 12:30,0.057243
2025-08-21 12:45,0.101843
2025-08-21 13:00,0.028057
2025-08-21 13:15,0.026103
2025-08-21 13:30,0.037621
2025-08-21 13:45,0.016321
2025-08-21 14:00,0.090803
2025-08-21 14:15,0.152305
2025-08-21 14:30,0.024158
2025-08-21 14:45,0.030866
2025-08-21 15:00,0.11382
2025-08-21 15:15,0.323434
2025-08-21 15:30,0.022588
2025-08-21 15:45,0.006804
2025-08-21 16:00,0.007697
2025-08-21 16:15,0.007436
2025-08-21 16:30,0.003926
2025-08-21 16:45,0.003784
2025-08-21 17:00,0.007419
2025-08-21 17:15,0.069421
2025-08-21 17:30,0.011225
2025-08-21 17:45,0.00268
2025-08-21 18:00,0.174461
2025-08-21 18:15,0.034923
2025-08-21 18:30,0.047838
2025-08-21 18:45,0.00545
2025-08-21 19:00,0.012169
2025-08-21 19:15,0.001178
2025-08-21 19:30,0.022769
2025-08-21 19:45,0.012526
2025-08-21 20:00,0.013869
2025-08-21 20:15,0.007004
2025-08-21 20:30,0.017741
2025-08-21 20:45,0.002096
2025-08-21 21:00,0.004925
2025-08-21 21:15,0.005084
2025-08-21 21:30,0.002056
2025-08-21 21:45,0.001948
2025-08-21 22:00,0.012433
2025-08-21 22:15,0.009816
2025-08-21 22:30,0.023784
2025-08-21 22:45,0.065093
2025-08-21 23:00,0.039755
2025-08-21 23:15,0.0255
2025-08-21 23:30,0.024106
2025-08-21 23:45,0.058673
2025-08-22 00:00,0.086884
2025-08-22 00:15,0.07852
2025-08-22 00:30,0.098965
2025-08-22 00:45,0.106192
2025-08-22 01:00,0.119676
2025-08-22 01:15,0.077519
2025-08-22 01:30,0.084142
2025-08-22 01:45,0.093378
2025-08-22 02:00,0.104983
2025-08-22 02:15,0.108725
2025-08-22 02:30,0.079561
2025-08-22 02:45,0.113019
2025-08-22 03:00,0.095114
2025-08-22 03:15,0.097136
2025-08-22 03:30,0.203405
2025-08-22 03:45,0.149011
2025-08-22 04:00,0.114704
2025-08-22 04:15,0.101199
2025-08-22 04:30,0.168051
2025-08-22 04:45,0.145183
2025-08-22 05:00,0.17737
2025-08-22 05:15,0.187357
2025-08-22 05:30,0.250696
2025-08-22 05:45,0.315669
2025-08-22 06:00,0.216889
2025-08-22 06:15,0.176596
2025-08-22 06:30,0.179929
2025-08-22 06:45,0.206635
2025-08-22 07:00,1.0
2025-08-22 07:15,0.215212
2025-08-22 07:30,0.161404
2025-08-22 07:45,0.193194
2025-08-22 08:00,0.097047
2025-08-22 08:15,0.152062
2025-08-22 08:30,0.047974
2025-08-22 08:45,0.066253
2025-08-22 09:00,0.155468
2025-08-22 09:15,0.029208
2025-08-22 09:30,0.56132
2025-08-22 09:45,0.032091
2025-08-22 10:00,0.074076
2025-08-22 10:15,0.016044
2025-08-22 10:30,0.022165
2025-08-22 10:45,0.172268
2025-08-22 11:00,0.133043
2025-08-22 11:15,0.026457
2025-08-22 11:30,0.035681
2025-08-22 11:45,0.023646
2025-08-22 12:00,0.05245
2025-08-22 12:15,0.031953
2025-08-22 12:30,0.317903
2025-08-22 12:45,0.083739
2025-08-22 13:00,0.175212
2025-08-22 13:15,0.326766
2025-08-22 13:30,0.042961
2025-08-22 13:45,0.00634
2025-08-22 14:00,0.176076
2025-08-22 14:15,0.017731
2025-08-22 14:30,0.006049
2025-08-22 14:45,0.012629
2025-08-22 15:00,0.024442
2025-08-22 15:15,0.009675
2025-08-22 15:30,0.018081
2025-08-22 15:45,0.020416
2025-08-22 16:00,0.019077
2025-08-22 16:15,0.020756
2025-08-22 16:30,0.008267
2025-08-22 16:45,0.005399
2025-08-22 17:00,0.004503
2025-08-22 17:15,0.051206
2025-08-22 17:30,0.006021
2025-08-22 17:45,0.004567
2025-08-22 18:00,0.01876
2025-08-22 18:15,0.016224
2025-08-22 18:30,0.008568
2025-08-22 18:45,0.00197
2025-08-22 19:00,0.001617
2025-08-22 19:15,0.00123
2025-08-22 19:30,0.204192
2025-08-22 19:45,0.019393
2025-08-22 20:00,0.020688
2025-08-22 20:15,0.001198
2025-08-22 20:30,0.002415
2025-08-22 20:45,0.007598
2025-08-22 21:00,0.013029
2025-08-22 21:15,0.004332
2025-08-22 21:30,0.00547
2025-08-22 21:45,0.009972
2025-08-22 22:00,0.008322
2025-08-22 22:15,0.005545
2025-08-22 22:30,0.004726
2025-08-22 22:45,0.003726
2025-08-22 23:00,0.015063
2025-08-22 23:15,0.038705
2025-08-22 23:30,0.018338
2025-08-22 23:45,0.0046
2025-08-23 00:00,0.023081
2025-08-23 00:15,0.105103
2025-08-23 00:30,0.029984
2025-08-23 00:45,0.015385
2025-08-23 01:00,0.037922
2025-08-23 01:15,0.015054
2025-08-23 01:30,0.015879
2025-08-23 01:45,0.035153
2025-08-23 02:00,0.054632
2025-08-23 02:15,0.054289
2025-08-23 02:30,0.090275
2025-08-23 02:45,0.013975
2025-08-23 03:00,0.01499
2025-08-23 03:15,0.046236
2025-08-23 03:30,0.060142
2025-08-23 03:45,0.058412
2025-08-23 04:00,0.085829
2025-08-23 04:15,0.074693
2025-08-23 04:30,0.083638
2025-08-23 04:45,0.163706
2025-08-23 05:00,0.185948
2025-08-23 05:15,0.052242
2025-08-23 05:30,0.043751
2025-08-23 05:45,0.056858
2025-08-23 06:00,0.056241
2025-08-23 06:15,0.08584
2025-08-23 06:30,0.191017
2025-08-23 06:45,0.045059
2025-08-23 07:00,0.049252
2025-08-23 07:15,0.033202
2025-08-23 07:30,0.03258
2025-08-23 07:45,0.027249
2025-08-23 08:00,0.024966
2025-08-23 08:15,0.030592
2025-08-23 08:30,0.029456
2025-08-23 08:45,0.047347
2025-08-23 09:00,0.176587
2025-08-23 09:15,0.148723
2025-08-23 09:30,0.049473
2025-08-23 09:45,0.041094
2025-08-23 10:00,0.039568
2025-08-23 10:15,0.053111
2025-08-23 10:30,0.016353
2025-08-23 10:45,0.085842
2025-08-23 11:00,0.022442
2025-08-23 11:15,0.024246
2025-08-23 11:30,0.246108
2025-08-23 11:45,0.044288
2025-08-23 12:00,0.017138
2025-08-23 12:15,0.03676
2025-08-23 12:30,0.023851
2025-08-23 12:45,0.008834
2025-08-23 13:00,0.05507
2025-08-23 13:15,0.204104
2025-08-23 13:30,0.344477
2025-08-23 13:45,0.021634
2025-08-23 14:00,0.009457
2025-08-23 14:15,0.013494
2025-08-23 14:30,0.008435
2025-08-23 14:45,0.016259
2025-08-23 15:00,0.011763
2025-08-23 15:15,0.027702
2025-08-23 15:30,0.013942
2025-08-23 15:45,0.028206
2025-08-23 16:00,0.012126
2025-08-23 16:15,0.010938
2025-08-23 16:30,0.005116
2025-08-23 16:45,0.0036
2025-08-23 17:00,0.025315
2025-08-23 17:15,0.021535
2025-08-23 17:30,0.030886
2025-08-23 17:45,0.00819
2025-08-23 18:00,0.013859
2025-08-23 18:15,0.006171
2025-08-23 18:30,0.00719
2025-08-23 18:45,0.005424
2025-08-23 19:00,0.003156
2025-08-23 19:15,0.008207
2025-08-23 19:30,0.004952
2025-08-23 19:45,0.008794
2025-08-23 20:00,0.012129
2025-08-23 20:15,0.003718
2025-08-23 20:30,0.010543
2025-08-23 20:45,0.006055
2025-08-23 21:00,0.007182
2025-08-23 21:15,0.008683
2025-08-23 21:30,0.00995
2025-08-23 21:45,0.006119
2025-08-23 22:00,0.020071
2025-08-23 22:15,0.021974
2025-08-23 22:30,0.00723
2025-08-23 22:45,0.0264
2025-08-23 23:00,0.006986
2025-08-23 23:15,0.054572
2025-08-23 23:30,0.01987
2025-08-23 23:45,0.271924
2025-08-24 00:00,0.041001
2025-08-24 00:15,0.032417
2025-08-24 00:30,0.011711
2025-08-24 00:45,0.021127
2025-08-24 01:00,0.008904
2025-08-24 01:15,0.010983
2025-08-24 01:30,0.011465
2025-08-24 01:45,0.011294
2025-08-24 02:00,0.028315
2025-08-24 02:15,0.013476
2025-08-24 02:30,0.007302
2025-08-24 02:45,0.061838
2025-08-24 03:00,0.009075
2025-08-24 03:15,0.032253
2025-08-24 03:30,0.045097
2025-08-24 03:45,0.069729
2025-08-24 04:00,0.057541
2025-08-24 04:15,0.038246
2025-08-24 04:30,0.02427
2025-08-24 04:45,0.028808
2025-08-24 05:00,0.026677
2025-08-24 05:15,0.038144
2025-08-24 05:30,0.049719
2025-08-24 05:45,0.055049
2025-08-24 06:00,0.049286
2025-08-24 06:15,0.053586
2025-08-24 06:30,0.101162
2025-08-24 06:45,0.05528
2025-08-24 07:00,0.087177
2025-08-24 07:15,0.052596
2025-08-24 07:30,0.075942
2025-08-24 07:45,0.072657
2025-08-24 08:00,0.026972
2025-08-24 08:15,0.055552
2025-08-24 08:30,0.043538
2025-08-24 08:45,0.032223
2025-08-24 09:00,0.087611
2025-08-24 09:15,0.053617
2025-08-24 09:30,0.026295
2025-08-24 09:45,0.023163
2025-08-24 10:00,0.03043
2025-08-24 10:15,0.035913
2025-08-24 10:30,0.028433
2025-08-24 10:45,0.048332
2025-08-24 11:00,0.022413
2025-08-24 11:15,0.019773
2025-08-24 11:30,0.039347
2025-08-24 11:45,0.103815
2025-08-24 12:00,0.094915
2025-08-24 12:15,0.120491
2025-08-24 12:30,0.040202
2025-08-24 12:45,0.03898
2025-08-24 13:00,0.028241
2025-08-24 13:15,0.093494
2025-08-24 13:30,0.029306
2025-08-24 13:45,0.05433
2025-08-24 14:00,0.009011
2025-08-24 14:15,0.021872
2025-08-24 14:30,0.01597
2025-08-24 14:45,0.020778
2025-08-24 15:00,0.020922
2025-08-24 15:15,0.007589
2025-08-24 15:30,0.008637
2025-08-24 15:45,0.006942
2025-08-24 16:00,0.003438
2025-08-24 16:15,0.007363
2025-08-24 16:30,0.007918
2025-08-24 16:45,0.043642
2025-08-24 17:00,0.029272
2025-08-24 17:15,0.024631
2025-08-24 17:30,0.015552
2025-08-24 17:45,0.025093
2025-08-24 18:00,0.033084
2025-08-24 18:15,0.003564
2025-08-24 18:30,0.005511
2025-08-24 18:45,0.004886
2025-08-24 19:00,0.004424
2025-08-24 19:15,0.006811
2025-08-24 19:30,0.003047
2025-08-24 19:45,0.00149
2025-08-24 20:00,0.001376
2025-08-24 20:15,0.009527
2025-08-24 20:30,0.008857
2025-08-24 20:45,0.005441
2025-08-24 21:00,0.006497
2025-08-24 21:15,0.003046
2025-08-24 21:30,0.007046
2025-08-24 21:45,0.165434
2025-08-24 22:00,0.156774
2025-08-24 22:15,0.012303
2025-08-24 22:30,0.007185
2025-08-24 22:45,0.030137
2025-08-24 23:00,0.040366
2025-08-24 23:15,0.017813
2025-08-24 23:30,0.072849
2025-08-24 23:45,0.444281
2025-08-25 00:00,0.194368
2025-08-25 00:15,0.08891
2025-08-25 00:30,0.14424
2025-08-25 00:45,0.186377
2025-08-25 01:00,0.288437
2025-08-25 01:15,0.226322
2025-08-25 01:30,0.265248
2025-08-25 01:45,0.303924
2025-08-25 02:00,0.292559
2025-08-25 02:15,0.273281
2025-08-25 02:30,0.08701
2025-08-25 02:45,0.283629
2025-08-25 03:00,0.063559
2025-08-25 03:15,0.140606
2025-08-25 03:30,0.139647
2025-08-25 03:45,0.62685
2025-08-25 04:00,0.261248
2025-08-25 04:15,0.177909
2025-08-25 04:30,0.252474
2025-08-25 04:45,0.304246
2025-08-25 05:00,0.241454
2025-08-25 05:15,0.145155
2025-08-25 05:30,0.19888
2025-08-25 05:45,0.116761
2025-08-25 06:00,0.27217
2025-08-25 06:15,0.129772
2025-08-25 06:30,0.172953
2025-08-25 06:45,0.235998
2025-08-25 07:00,0.294179
2025-08-25 07:15,0.302757
2025-08-25 07:30,0.230152
2025-08-25 07:45,0.200385
2025-08-25 08:00,0.194423
2025-08-25 08:15,0.166299
2025-08-25 08:30,0.322563
2025-08-25 08:45,0.270446
2025-08-25 09:00,0.225141
2025-08-25 09:15,0.216422
2025-08-25 09:30,0.280294
2025-08-25 09:45,0.098649
2025-08-25 10:00,0.104553
2025-08-25 10:15,0.072611
2025-08-25 10:30,0.10797
2025-08-25 10:45,0.048236
2025-08-25 11:00,0.074451
2025-08-25 11:15,0.072738
2025-08-25 11:30,0.111314
2025-08-25 11:45,0.066951
2025-08-25 12:00,0.070906
2025-08-25 12:15,0.070027
2025-08-25 12:30,0.053264
2025-08-25 12:45,0.06062
2025-08-25 13:00,0.025893
2025-08-25 13:15,0.026178
2025-08-25 13:30,0.013198
2025-08-25 13:45,0.031007
2025-08-25 14:00,0.03133
2025-08-25 14:15,0.024148
2025-08-25 14:30,0.016422
2025-08-25 14:45,0.024881
2025-08-25 15:00,0.043658
2025-08-25 15:15,0.052793
2025-08-25 15:30,0.033664
2025-08-25 15:45,0.027811
2025-08-25 16:00,0.041405
2025-08-25 16:15,0.00987
2025-08-25 16:30,0.053374
2025-08-25 16:45,0.034466
2025-08-25 17:00,0.00565
2025-08-25 17:15,0.004676
2025-08-25 17:30,0.010953
2025-08-25 17:45,0.006968
2025-08-25 18:00,0.015426
2025-08-25 18:15,0.003127
2025-08-25 18:30,0.041144
2025-08-25 18:45,0.099989
2025-08-25 19:00,0.031227
2025-08-25 19:15,0.020234
2025-08-25 19:30,0.022358
2025-08-25 19:45,0.005341
2025-08-25 20:00,0.006286
2025-08-25 20:15,0.01274
2025-08-25 20:30,0.007065
2025-08-25 20:45,0.016512
2025-08-25 21:00,0.006904
2025-08-25 21:15,0.010531
2025-08-25 21:30,0.194619
2025-08-25 21:45,0.154114
2025-08-25 22:00,0.005511
2025-08-25 22:15,0.01187
2025-08-25 22:30,0.006396
2025-08-25 22:45,0.014472
2025-08-25 23:00,0.02259
2025-08-25 23:15,0.025461
2025-08-25 23:30,0.071288
2025-08-25 23:45,0.211576
2025-08-26 00:00,0.148616
2025-08-26 00:15,0.168404
2025-08-26 00:30,0.16441
2025-08-26 00:45,0.088826
2025-08-26 01:00,0.129555
2025-08-26 01:15,0.152975
2025-08-26 01:30,0.146751
2025-08-26 01:45,0.162868
2025-08-26 02:00,0.143994
2025-08-26 02:15,0.08908
2025-08-26 02:30,0.09338
2025-08-26 02:45,0.121191
2025-08-26 03:00,0.075584
2025-08-26 03:15,0.102061
2025-08-26 03:30,0.076755
2025-08-26 03:45,0.077175
2025-08-26 04:00,0.131669
2025-08-26 04:15,0.179245
2025-08-26 04:30,0.123478
2025-08-26 04:45,0.109368
2025-08-26 05:00,0.093047
2025-08-26 05:15,0.14666
2025-08-26 05:30,0.167932
2025-08-26 05:45,0.122418
2025-08-26 06:00,0.170109
2025-08-26 06:15,0.116087
2025-08-26 06:30,0.147592
2025-08-26 06:45,0.144667
2025-08-26 07:00,0.119668
2025-08-26 07:15,0.147709
2025-08-26 07:30,0.16
2025-08-26 07:45,0.154382
2025-08-26 08:00,0.139806
2025-08-26 08:15,0.391845
2025-08-26 08:30,0.155671
2025-08-26 08:45,0.229339
2025-08-26 09:00,0.081315
2025-08-26 09:15,0.100124
2025-08-26 09:30,0.140358
2025-08-26 09:45,0.057492
2025-08-26 10:00,0.119397
2025-08-26 10:15,0.080189
2025-08-26 10:30,0.041082
2025-08-26 10:45,0.056494
2025-08-26 11:00,0.052848
2025-08-26 11:15,0.052185
2025-08-26 11:30,0.050116
2025-08-26 11:45,0.057854
2025-08-26 12:00,0.035446
2025-08-26 12:15,0.035821
2025-08-26 12:30,0.053898
2025-08-26 12:45,0.035719
2025-08-26 13:00,0.006606
2025-08-26 13:15,0.043144
2025-08-26 13:30,0.045549
2025-08-26 13:45,0.029693
2025-08-26 14:00,0.040332
2025-08-26 14:15,0.012082
2025-08-26 14:30,0.027602
2025-08-26 14:45,0.012433
2025-08-26 15:00,0.011459
2025-08-26 15:15,0.00666
2025-08-26 15:30,0.014427
2025-08-26 15:45,0.010155
2025-08-26 16:00,0.016689
2025-08-26 16:15,0.015445
2025-08-26 16:30,0.012523
2025-08-26 16:45,0.006382
2025-08-26 17:00,0.004499
2025-08-26 17:15,0.005587
2025-08-26 17:30,0.012717
2025-08-26 17:45,0.011468
2025-08-26 18:00,0.030122
2025-08-26 18:15,0.002304
2025-08-26 18:30,0.007229
2025-08-26 18:45,0.00858
2025-08-26 19:00,0.006843
2025-08-26 19:15,0.002797
2025-08-26 19:30,0.011127
2025-08-26 19:45,0.01268
2025-08-26 20:00,0.006352
2025-08-26 20:15,0.005426
2025-08-26 20:30,0.007288
2025-08-26 20:45,0.00365
2025-08-26 21:00,0.001403
2025-08-26 21:15,0.007689
2025-08-26 21:30,0.012006
2025-08-26 21:45,0.015197
2025-08-26 22:00,0.015917
2025-08-26 22:15,0.004632
2025-08-26 22:30,0.010039
2025-08-26 22:45,0.039426
2025-08-26 23:00,0.068855
2025-08-26 23:15,0.028451
2025-08-26 23:30,0.044943
2025-08-26 23:45,0.095227
2025-08-27 00:00,0.131936
2025-08-27 00:00,0.161182
2025-08-27 00:15,0.219017
2025-08-27 00:30,0.392182
2025-08-27 00:45,0.270705
2025-08-27 01:00,0.138638
2025-08-27 01:15,0.174897
2025-08-27 01:30,0.20653
2025-08-27 01:45,0.164599
2025-08-27 02:00,0.164067
2025-08-27 02:15,0.164066
2025-08-27 02:30,0.083297
2025-08-27 02:45,0.069677
2025-08-27 03:00,0.102217
2025-08-27 03:15,0.303666
2025-08-27 03:30,0.329157
2025-08-27 03:45,0.482595
2025-08-27 04:00,0.247683
2025-08-27 04:15,0.123025
2025-08-27 04:30,0.329182
2025-08-27 04:45,0.229183
2025-08-27 05:00,0.145383
2025-08-27 05:15,0.383138
2025-08-27 05:30,0.469784
2025-08-27 05:45,0.218528
2025-08-27 06:00,0.223438
2025-08-27 06:15,0.15759
2025-08-27 06:30,0.183928
2025-08-27 06:45,0.852244
2025-08-27 07:00,0.195401
2025-08-27 07:15,0.199191
2025-08-27 07:30,0.130788
2025-08-27 07:45,0.205436
2025-08-27 08:00,0.220257
2025-08-27 08:15,0.214257
2025-08-27 08:30,0.2279
2025-08-27 08:45,0.106278
2025-08-27 09:00,0.124754
2025-08-27 09:15,0.128097
2025-08-27 09:30,0.066577
2025-08-27 09:45,0.165727
2025-08-27 10:00,0.112518
2025-08-27 10:15,0.093033
2025-08-27 10:30,0.088015
2025-08-27 10:45,0.046374
2025-08-27 11:00,0.051821
2025-08-27 11:15,0.109269
2025-08-27 11:30,0.080586
2025-08-27 11:45,0.106288
2025-08-27 12:00,0.147809
2025-08-27 12:15,0.039387
2025-08-27 12:30,0.0468
2025-08-27 12:45,0.078684
2025-08-27 13:00,0.023689
2025-08-27 13:15,0.030022
2025-08-27 13:30,0.055316
2025-08-27 13:45,0.032214
2025-08-27 14:00,0.067858
2025-08-27 14:15,0.031934
2025-08-27 14:30,0.027967
2025-08-27 14:45,0.023243
2025-08-27 15:00,0.052102
2025-08-27 15:15,0.043518
2025-08-27 15:30,0.021167
2025-08-27 15:45,0.056112
2025-08-27 16:00,0.03592
2025-08-27 16:15,0.061058
2025-08-27 16:30,0.163453
2025-08-27 16:45,0.051165
2025-08-27 17:00,0.043874
2025-08-27 17:15,0.023625
2025-08-27 17:30,0.031764
2025-08-27 17:45,0.027581
2025-08-27 18:00,0.027266
2025-08-27 18:15,0.013284
2025-08-27 18:30,0.015153
2025-08-27 18:45,0.006224
2025-08-27 19:00,0.016511
2025-08-27 19:15,0.013111
2025-08-27 19:30,0.014383
2025-08-27 19:45,0.021025
2025-08-27 20:00,0.009517
2025-08-27 20:15,0.010517
2025-08-27 20:30,0.017956
2025-08-27 20:45,0.007359
2025-08-27 21:00,0.013773
2025-08-27 21:15,0.020931
2025-08-27 21:30,0.016069
2025-08-27 21:45,0.012148
2025-08-27 22:00,0.010833
2025-08-27 22:15,0.006431
2025-08-27 22:30,0.097932
2025-08-27 22:45,0.02576
2025-08-27 23:00,0.059303
2025-08-27 23:15,0.121612
2025-08-27 23:30,0.06937
2025-08-27 23:45,0.083255
2025-08-28 00:00,0.13945
2025-08-28 00:15,0.132065
2025-08-28 00:30,0.135255
2025-08-28 00:45,0.105772
2025-08-28 01:00,0.155621
2025-08-28 01:15,0.094465
2025-08-28 01:30,0.159484
2025-08-28 01:45,0.213124
2025-08-28 02:00,0.118953
2025-08-28 02:15,0.176574
2025-08-28 02:30,0.206032
2025-08-28 02:45,0.111856
2025-08-28 03:00,0.071736
2025-08-28 03:15,0.084118
2025-08-28 03:30,0.113214
2025-08-28 03:45,0.099369
2025-08-28 04:00,0.15964
2025-08-28 04:15,0.168534
2025-08-28 04:30,0.214128
2025-08-28 04:45,0.227414
2025-08-28 05:00,0.211437
2025-08-28 05:15,0.166422
2025-08-28 05:30,0.168512
2025-08-28 05:45,0.193803
2025-08-28 06:00,0.152361
2025-08-28 06:15,0.151375
2025-08-28 06:30,0.235257
2025-08-28 06:45,0.210797
2025-08-28 07:00,0.197409
2025-08-28 07:15,0.25153
2025-08-28 07:30,0.186302
2025-08-28 07:45,0.244466
2025-08-28 08:00,0.3554
2025-08-28 08:15,0.175188
2025-08-28 08:30,0.14495
2025-08-28 08:45,0.169922
2025-08-28 09:00,0.159488
2025-08-28 09:15,0.100428
2025-08-28 09:30,0.180697
2025-08-28 09:45,0.182815
2025-08-28 10:00,0.097827
2025-08-28 10:15,0.187574
2025-08-28 10:30,0.080376
2025-08-28 10:45,0.156154
2025-08-28 11:00,0.048831
2025-08-28 11:15,0.138146
2025-08-28 11:30,0.179914
2025-08-28 11:45,0.063165
2025-08-28 12:00,0.051874
2025-08-28 12:15,0.038926
2025-08-28 12:30,0.021014
2025-08-28 12:45,0.030348
2025-08-28 13:00,0.039365
2025-08-28 13:15,0.035094
2025-08-28 13:30,0.080157
2025-08-28 13:45,0.075337
2025-08-28 14:00,0.035143
2025-08-28 14:15,0.026142
2025-08-28 14:30,0.136834
2025-08-28 14:45,0.01119
2025-08-28 15:00,0.044803
2025-08-28 15:15,0.032235
2025-08-28 15:30,0.063508
2025-08-28 15:45,0.046429
2025-08-28 16:00,0.03335
2025-08-28 16:15,0.02787
2025-08-28 16:30,0.032113
2025-08-28 16:45,0.010916
2025-08-28 17:00,0.013427
2025-08-28 17:15,0.008017
2025-08-28 17:30,0.024548
2025-08-28 17:45,0.011772
2025-08-28 18:00,0.017752
2025-08-28 18:15,0.005901
2025-08-28 18:30,0.020249
2025-08-28 18:45,0.00678
2025-08-28 19:00,0.02062
2025-08-28 19:15,0.009119
2025-08-28 19:30,0.011323
2025-08-28 19:45,0.005331
2025-08-28 20:00,0.045268
2025-08-28 20:15,0.055553
2025-08-28 20:30,0.020843
2025-08-28 20:45,0.005422
2025-08-28 21:00,0.011371
2025-08-28 21:15,0.009574
2025-08-28 21:30,0.027935
2025-08-28 21:45,0.003954
2025-08-28 22:00,0.001654
2025-08-28 22:15,0.01752
2025-08-28 22:30,0.030477
2025-08-28 22:45,0.066265
2025-08-28 23:00,0.02864
2025-08-28 23:15,0.031555
2025-08-28 23:30,0.045729
2025-08-28 23:45,0.073867
2025-08-29 00:00,0.416729
2025-08-29 00:15,0.774489
2025-08-29 00:30,0.105789
2025-08-29 00:45,0.123833
2025-08-29 01:00,0.366141
2025-08-29 01:15,0.394006
2025-08-29 01:30,0.734713
2025-08-29 01:45,0.185935
2025-08-29 02:00,0.092191
2025-08-29 02:15,0.167097
2025-08-29 02:30,0.071513
2025-08-29 02:45,0.070498
2025-08-29 03:00,0.070467
2025-08-29 03:15,0.045102
2025-08-29 03:30,0.039679
2025-08-29 03:45,0.12859
2025-08-29 04:00,0.166343
2025-08-29 04:15,0.131703
2025-08-29 04:30,0.145405
2025-08-29 04:45,0.114605
2025-08-29 05:00,0.09864
2025-08-29 05:15,0.127017
2025-08-29 05:30,0.172062
2025-08-29 05:45,0.159785
2025-08-29 06:00,0.187158
2025-08-29 06:15,0.213955
2025-08-29 06:30,0.212299
2025-08-29 06:45,0.156156
2025-08-29 07:00,0.13089
2025-08-29 07:15,0.07196
2025-08-29 07:30,0.151901
2025-08-29 07:45,0.389996
2025-08-29 08:00,0.143553
2025-08-29 08:15,0.127057
2025-08-29 08:30,0.127282
2025-08-29 08:45,0.089967
2025-08-29 09:00,0.064985
2025-08-29 09:15,0.134151
2025-08-29 09:30,0.06347
2025-08-29 09:45,0.039199
2025-08-29 10:00,0.087688
2025-08-29 10:15,0.163685
2025-08-29 10:30,0.1132
2025-08-29 10:45,0.050537
2025-08-29 11:00,0.055748
2025-08-29 11:15,0.054416
2025-08-29 11:30,0.247473
2025-08-29 11:45,0.030852
2025-08-29 12:00,0.049883
2025-08-29 12:15,0.085934
2025-08-29 12:30,0.084139
2025-08-29 12:45,0.027725
2025-08-29 13:00,0.041385
2025-08-29 13:15,0.04364
2025-08-29 13:30,0.076665
2025-08-29 13:45,0.041788
2025-08-29 14:00,0.018914
2025-08-29 14:15,0.048718
2025-08-29 14:30,0.044502
2025-08-29 14:45,0.013105
2025-08-29 15:00,0.02882
2025-08-29 15:15,0.052861
2025-08-29 15:30,0.038345
2025-08-29 15:45,0.105496
2025-08-29 16:00,0.0389
2025-08-29 16:15,0.052382
2025-08-29 16:30,0.064183
2025-08-29 16:45,0.01
2025-08-29 17:00,0.003254
2025-08-29 17:15,0.00688
2025-08-29 17:30,0.016028
2025-08-29 17:45,0.006078
2025-08-29 18:00,0.045162
2025-08-29 18:15,0.090293
2025-08-29 18:30,0.041691
2025-08-29 18:45,0.012197
2025-08-29 19:00,0.031935
2025-08-29 19:15,0.057646
2025-08-29 19:30,0.03461
2025-08-29 19:45,0.023822
2025-08-29 20:00,0.005016
2025-08-29 20:15,0.009289
2025-08-29 20:30,0.008567
2025-08-29 20:45,0.007714
2025-08-29 21:00,0.005222
2025-08-29 21:15,0.003111
2025-08-29 21:30,0.009485
2025-08-29 21:45,0.002478
2025-08-29 22:00,0.006926
2025-08-29 22:15,0.005668
2025-08-29 22:30,0.005911
2025-08-29 22:45,0.03842
2025-08-29 23:00,0.100464
2025-08-29 23:15,0.038515
2025-08-29 23:30,0.015916
2025-08-29 23:45,0.017782
2025-08-30 00:00,0.027137
2025-08-30 00:15,0.011463
2025-08-30 00:30,0.048722
2025-08-30 00:45,0.023731
2025-08-30 01:00,0.03567
2025-08-30 01:15,0.010965
2025-08-30 01:30,0.0201
2025-08-30 01:45,0.022159
2025-08-30 02:00,0.012988
2025-08-30 02:15,0.040972
2025-08-30 02:30,0.057748
2025-08-30 02:45,0.090343
2025-08-30 03:00,0.059181
2025-08-30 03:15,0.030388
2025-08-30 03:30,0.036395
2025-08-30 03:45,0.024012
2025-08-30 04:00,0.055365
2025-08-30 04:15,0.0909
2025-08-30 04:30,0.030329
2025-08-30 04:45,0.037531
2025-08-30 05:00,0.063015
2025-08-30 05:15,0.047897
2025-08-30 05:30,0.047169
2025-08-30 05:45,0.036664
2025-08-30 06:00,0.040837
2025-08-30 06:15,0.048491
2025-08-30 06:30,0.20414
2025-08-30 06:45,0.082597
2025-08-30 07:00,0.072174
2025-08-30 07:15,0.06732
2025-08-30 07:30,0.046711
2025-08-30 07:45,0.066821
2025-08-30 08:00,0.064547
2025-08-30 08:15,0.158473
2025-08-30 08:30,0.134407
2025-08-30 08:45,0.048451
2025-08-30 09:00,0.070441
2025-08-30 09:15,0.01458
2025-08-30 09:30,0.03244
2025-08-30 09:45,0.035644
2025-08-30 10:00,0.034178
2025-08-30 10:15,0.022333
2025-08-30 10:30,0.023278
2025-08-30 10:45,0.032972
2025-08-30 11:00,0.031307
2025-08-30 11:15,0.015237
2025-08-30 11:30,0.044537
2025-08-30 11:45,0.068734
2025-08-30 12:00,0.085537
2025-08-30 12:15,0.029596
2025-08-30 12:30,0.027001
2025-08-30 12:45,0.017363
2025-08-30 13:00,0.010958
2025-08-30 13:15,0.006923
2025-08-30 13:30,0.008123
2025-08-30 13:45,0.008778
2025-08-30 14:00,0.013881
2025-08-30 14:15,0.006252
2025-08-30 14:30,0.005993
2025-08-30 14:45,0.012411
2025-08-30 15:00,0.007244
2025-08-30 15:15,0.024492
2025-08-30 15:30,0.056748
2025-08-30 15:45,0.033201
2025-08-30 16:00,0.028504
2025-08-30 16:15,0.007862
2025-08-30 16:30,0.056531
2025-08-30 16:45,0.008625
2025-08-30 17:00,0.016973
2025-08-30 17:15,0.00304
2025-08-30 17:30,0.004983
2025-08-30 17:45,0.002185
2025-08-30 18:00,0.065528
2025-08-30 18:15,0.063164
2025-08-30 18:30,0.06621
2025-08-30 18:45,0.095728
2025-08-30 19:00,0.003221
2025-08-30 19:15,0.017947
2025-08-30 19:30,0.014446
2025-08-30 19:45,0.005377
2025-08-30 20:00,0.004795
2025-08-30 20:15,0.003896
2025-08-30 20:30,0.006752
2025-08-30 20:45,0.003895
2025-08-30 21:00,0.003413
2025-08-30 21:15,0.002147
2025-08-30 21:30,0.002128
2025-08-30 21:45,0.003239
2025-08-30 22:00,0.013952
2025-08-30 22:15,0.007336
2025-08-30 22:30,0.022252
2025-08-30 22:45,0.267086
2025-08-30 23:00,0.196762
2025-08-30 23:15,0.026115
2025-08-30 23:30,0.017802
2025-08-30 23:45,0.020357
2025-08-31 00:00,0.043328
2025-08-31 00:15,0.036598
2025-08-31 00:30,0.080583
2025-08-31 00:45,0.027893
2025-08-31 01:00,0.035783
2025-08-31 01:15,0.020124
2025-08-31 01:30,0.013997
2025-08-31 01:45,0.014575
2025-08-31 02:00,0.030618
2025-08-31 02:15,0.026915
2025-08-31 02:30,0.041642
2025-08-31 02:45,0.043468
2025-08-31 03:00,0.057552
2025-08-31 03:15,0.07693
2025-08-31 03:30,0.187359
2025-08-31 03:45,0.071889
2025-08-31 04:00,0.089456
2025-08-31 04:15,0.061208
2025-08-31 04:30,0.107727
2025-08-31 04:45,0.05762
2025-08-31 05:00,0.036448
2025-08-31 05:15,0.048339
2025-08-31 05:30,0.04079
2025-08-31 05:45,0.050927
2025-08-31 06:00,0.05316
2025-08-31 06:15,0.068291
2025-08-31 06:30,0.18593
2025-08-31 06:45,0.0378
2025-08-31 07:00,0.039766
2025-08-31 07:15,0.054875
2025-08-31 07:30,0.104341
2025-08-31 07:45,0.04775
2025-08-31 08:00,0.086102
2025-08-31 08:15,0.033131
2025-08-31 08:30,0.102398
2025-08-31 08:45,0.126141
2025-08-31 09:00,0.040718
2025-08-31 09:15,0.062919
2025-08-31 09:30,0.029922
2025-08-31 09:45,0.086933
2025-08-31 10:00,0.043869
2025-08-31 10:15,0.09174
2025-08-31 10:30,0.09554
2025-08-31 10:45,0.303924
2025-08-31 11:00,0.18521
2025-08-31 11:15,0.067784
2025-08-31 11:30,0.095284
2025-08-31 11:45,0.117358
2025-08-31 12:00,0.075718
2025-08-31 12:15,0.025203
2025-08-31 12:30,0.09281
2025-08-31 12:45,0.025092
2025-08-31 13:00,0.027459
2025-08-31 13:15,0.04105
2025-08-31 13:30,0.132179
2025-08-31 13:45,0.039287
2025-08-31 14:00,0.07695
2025-08-31 14:15,0.030096
2025-08-31 14:30,0.02183
2025-08-31 14:45,0.037307
2025-08-31 15:00,0.036926
2025-08-31 15:15,0.017528
2025-08-31 15:30,0.019375
2025-08-31 15:45,0.014001
2025-08-31 16:00,0.059532
2025-08-31 16:15,0.018783
2025-08-31 16:30,0.03605
2025-08-31 16:45,0.03431
2025-08-31 17:00,0.024139
2025-08-31 17:15,0.025738
2025-08-31 17:30,0.015128
2025-08-31 17:45,0.025081
2025-08-31 18:00,0.028355
2025-08-31 18:15,0.020542
2025-08-31 18:30,0.002087
2025-08-31 18:45,0.001743
2025-08-31 19:00,0.001545
2025-08-31 19:15,0.006447
2025-08-31 19:30,0.005139
2025-08-31 19:45,0.008545
2025-08-31 20:00,0.004695
2025-08-31 20:15,0.005089
2025-08-31 20:30,0.005704
2025-08-31 20:45,0.007886
2025-08-31 21:00,0.007135
2025-08-31 21:15,0.005617
2025-08-31 21:30,0.012747
2025-08-31 21:45,0.010741
2025-08-31 22:00,0.005884
2025-08-31 22:15,0.011113
2025-08-31 22:30,0.011156
2025-08-31 22:45,0.01783
2025-08-31 23:00,0.098104
2025-08-31 23:15,0.152855
2025-08-31 23:30,0.075229
2025-08-31 23:45,0.10274
2025-09-01 00:00,0.153878
2025-09-01 00:15,0.152986
2025-09-01 00:30,0.152141
2025-09-01 00:45,0.130665
2025-09-01 01:00,0.189159
2025-09-01 01:15,0.361282
2025-09-01 01:30,0.286123
2025-09-01 01:45,0.182194
2025-09-01 02:00,0.199714
2025-09-01 02:15,0.272276
2025-09-01 02:30,0.840932
2025-09-01 02:45,0.084156
2025-09-01 03:00,0.106151
2025-09-01 03:15,0.119092
2025-09-01 03:30,0.304182
2025-09-01 03:45,0.184839
2025-09-01 04:00,0.203061
2025-09-01 04:15,0.186309
2025-09-01 04:30,0.437545
2025-09-01 04:45,0.173393
2025-09-01 05:00,0.731438
2025-09-01 05:15,0.657181
2025-09-01 05:30,0.20253
2025-09-01 05:45,0.198673
2025-09-01 06:00,0.150827
2025-09-01 06:15,0.348886
2025-09-01 06:30,0.23842
2025-09-01 06:45,0.285921
2025-09-01 07:00,0.265985
2025-09-01 07:15,0.206547
2025-09-01 07:30,0.313318
2025-09-01 07:45,0.281383
2025-09-01 08:00,0.208494
2025-09-01 08:15,0.304469
2025-09-01 08:30,0.25085
2025-09-01 08:45,0.218471
2025-09-01 09:00,0.238009
2025-09-01 09:15,0.313773
2025-09-01 09:30,0.127721
2025-09-01 09:45,0.088928
2025-09-01 10:00,0.087791
2025-09-01 10:15,0.197808
2025-09-01 10:30,0.10868
2025-09-01 10:45,0.148756
2025-09-01 11:00,0.077623
2025-09-01 11:15,0.037792
2025-09-01 11:30,0.048866
2025-09-01 11:45,0.042416
2025-09-01 12:00,0.179458
2025-09-01 12:15,0.043111
2025-09-01 12:30,0.159384
2025-09-01 12:45,0.038996
2025-09-01 13:00,0.032027
2025-09-01 13:15,0.057287
2025-09-01 13:30,0.070621
2025-09-01 13:45,0.041839
2025-09-01 14:00,0.035092
2025-09-01 14:15,0.02457
2025-09-01 14:30,0.017761
2025-09-01 14:45,0.052066
2025-09-01 15:00,0.014547
2025-09-01 15:15,0.011273
2025-09-01 15:30,0.012509
2025-09-01 15:45,0.003899
2025-09-01 16:00,0.015556
2025-09-01 16:15,0.023541
2025-09-01 16:30,0.01142
2025-09-01 16:45,0.008567
2025-09-01 17:00,0.028551
2025-09-01 17:15,0.012003
2025-09-01 17:30,0.006983
2025-09-01 17:45,0.008638
2025-09-01 18:00,0.008349
2025-09-01 18:15,0.002599
2025-09-01 18:30,0.005803
2025-09-01 18:45,0.004115
2025-09-01 19:00,0.022731
2025-09-01 19:15,0.005803
2025-09-01 19:30,0.005266
2025-09-01 19:45,0.002777
2025-09-01 20:00,0.01945
2025-09-01 20:15,0.002408
2025-09-01 20:30,0.040321
2025-09-01 20:45,0.004205
2025-09-01 21:00,0.012462
2025-09-01 21:15,0.003642
2025-09-01 21:30,0.009935
2025-09-01 21:45,0.004818
2025-09-01 22:00,0.017278
2025-09-01 22:15,0.262935
2025-09-01 22:30,0.132213
2025-09-01 22:45,0.062088
2025-09-01 23:00,0.053219
2025-09-01 23:15,0.037301
2025-09-01 23:30,0.02501
2025-09-01 23:45,0.094296
2025-09-02 00:00,0.112479
2025-09-02 00:15,0.13682
2025-09-02 00:30,0.151671
2025-09-02 00:45,0.279543
2025-09-02 01:00,0.214791
2025-09-02 01:15,0.245081
2025-09-02 01:30,1.0
2025-09-02 01:45,0.255295
2025-09-02 02:00,0.182963
2025-09-02 02:15,0.353789
2025-09-02 02:30,0.453645
2025-09-02 02:45,0.413696
2025-09-02 03:00,0.103193
2025-09-02 03:15,0.118869
2025-09-02 03:30,0.146311
2025-09-02 03:45,0.37934
2025-09-02 04:00,0.40228
2025-09-02 04:15,0.27519
2025-09-02 04:30,0.409106
2025-09-02 04:45,0.401565
2025-09-02 05:00,0.406694
2025-09-02 05:15,0.50248
2025-09-02 05:30,0.508594
2025-09-02 05:45,0.57301
2025-09-02 06:00,0.444788
2025-09-02 06:15,0.769959
2025-09-02 06:30,0.544654
2025-09-02 06:45,0.408143
2025-09-02 07:00,0.264238
2025-09-02 07:15,0.289332
2025-09-02 07:30,0.485445
2025-09-02 07:45,0.205146
2025-09-02 08:00,0.227493
2025-09-02 08:15,0.223545
2025-09-02 08:30,0.184627
2025-09-02 08:45,0.22828
2025-09-02 09:00,0.213306
2025-09-02 09:15,0.111853
2025-09-02 09:30,0.131948
2025-09-02 09:45,0.199551
2025-09-02 10:00,0.216582
2025-09-02 10:15,0.126624
2025-09-02 10:30,0.111696
2025-09-02 10:45,0.062999
2025-09-02 11:00,0.08774
2025-09-02 11:15,0.078233
2025-09-02 11:30,0.086852
2025-09-02 11:45,0.050649
2025-09-02 12:00,0.099382
2025-09-02 12:15,0.063146
2025-09-02 12:30,0.082986
2025-09-02 12:45,0.077701
2025-09-02 13:00,0.126078
2025-09-02 13:15,0.091596
2025-09-02 13:30,0.069118
2025-09-02 13:45,0.056096
2025-09-02 14:00,0.033821
2025-09-02 14:15,0.018987
2025-09-02 14:30,0.022531
2025-09-02 14:45,0.018397
2025-09-02 15:00,0.019136
2025-09-02 15:15,0.014196
2025-09-02 15:30,0.014573
2025-09-02 15:45,0.02317
2025-09-02 16:00,0.017772
2025-09-02 16:15,0.008638
2025-09-02 16:30,0.032406
2025-09-02 16:45,0.008517
2025-09-02 17:00,0.028891
2025-09-02 17:15,0.00816
2025-09-02 17:30,0.03747
2025-09-02 17:45,0.034902
2025-09-02 18:00,0.07219
2025-09-02 18:15,0.011346
2025-09-02 18:30,0.019549
2025-09-02 18:45,0.001418
2025-09-02 19:00,0.016061
2025-09-02 19:15,0.016062
2025-09-02 19:30,0.007195
2025-09-02 19:45,0.014401
2025-09-02 20:00,0.03222
2025-09-02 20:15,0.005184
2025-09-02 20:30,0.008818
2025-09-02 20:45,0.020762
2025-09-02 21:00,0.00866
2025-09-02 21:15,0.004659
2025-09-02 21:30,0.011991
2025-09-02 21:45,0.00601
2025-09-02 22:00,0.011983
2025-09-02 22:15,0.132682
2025-09-02 22:30,0.033159
2025-09-02 22:45,0.020198
2025-09-02 23:00,0.045265
2025-09-02 23:15,0.046378
2025-09-02 23:30,0.033725
2025-09-02 23:45,0.199151
2025-09-03 00:00,0.151909
2025-09-03 00:00,0.072357
2025-09-03 00:15,0.075995
2025-09-03 00:30,0.112025
2025-09-03 00:45,0.099584
2025-09-03 01:00,0.10005
2025-09-03 01:15,0.099527
2025-09-03 01:30,0.106034
2025-09-03 01:45,0.210425
2025-09-03 02:00,0.46253
2025-09-03 02:15,0.142321
2025-09-03 02:30,0.0703
2025-09-03 02:45,0.049907
2025-09-03 03:00,0.026338
2025-09-03 03:15,0.040549
2025-09-03 03:30,0.052924
2025-09-03 03:45,0.055582
2025-09-03 04:00,0.076477
2025-09-03 04:15,0.108822
2025-09-03 04:30,0.1047
2025-09-03 04:45,0.087323
2025-09-03 05:00,0.163232
2025-09-03 05:15,0.122836
2025-09-03 05:30,0.152231
2025-09-03 05:45,0.142589
2025-09-03 06:00,0.130523
2025-09-03 06:15,0.112991
2025-09-03 06:30,0.105446
2025-09-03 06:45,0.215364
2025-09-03 07:00,0.164783
2025-09-03 07:15,0.110814
2025-09-03 07:30,0.111012
2025-09-03 07:45,0.072904
2025-09-03 08:00,0.092504
2025-09-03 08:15,0.070418
2025-09-03 08:30,0.077289
2025-09-03 08:45,0.098365
2025-09-03 09:00,0.079742
2025-09-03 09:15,0.074174
2025-09-03 09:30,0.048885
2025-09-03 09:45,0.093594
2025-09-03 10:00,0.072885
2025-09-03 10:15,0.101526
2025-09-03 10:30,0.091001
2025-09-03 10:45,0.085952
2025-09-03 11:00,0.069101
2025-09-03 11:15,0.050966
2025-09-03 11:30,0.027096
2025-09-03 11:45,0.029171
2025-09-03 12:00,0.030431
2025-09-03 12:15,0.023176
2025-09-03 12:30,0.065008
2025-09-03 12:45,0.05417
2025-09-03 13:00,0.096761
2025-09-03 13:15,0.066086
2025-09-03 13:30,0.035681
2025-09-03 13:45,0.031306
2025-09-03 14:00,0.031125
2025-09-03 14:15,0.010116
2025-09-03 14:30,0.033284
2025-09-03 14:45,0.007669
2025-09-03 15:00,0.006151
2025-09-03 15:15,0.015358
2025-09-03 15:30,0.006302
2025-09-03 15:45,0.017779
2025-09-03 16:00,0.03168
2025-09-03 16:15,0.009604
2025-09-03 16:30,0.02679
2025-09-03 16:45,0.009564
2025-09-03 17:00,0.01549
2025-09-03 17:15,0.007818
2025-09-03 17:30,0.015795
2025-09-03 17:45,0.001642
2025-09-03 18:00,0.010339
2025-09-03 18:15,0.003898
2025-09-03 18:30,0.005869
2025-09-03 18:45,0.00544
2025-09-03 19:00,0.001609
2025-09-03 19:15,0.006162
2025-09-03 19:30,0.008658
2025-09-03 19:45,0.014522
2025-09-03 20:00,0.006242
2025-09-03 20:15,0.00189
2025-09-03 20:30,0.000984
2025-09-03 20:45,0.00384
2025-09-03 21:00,0.003359
2025-09-03 21:15,0.00152
2025-09-03 21:30,0.007028
2025-09-03 21:45,0.0014
2025-09-03 22:00,0.007166
2025-09-03 22:15,0.016471
2025-09-03 22:30,0.013367
2025-09-03 22:45,0.008867
2025-09-03 23:00,0.014423
2025-09-03 23:15,0.0153
2025-09-03 23:30,0.018404
2025-09-03 23:45,0.040299
2025-09-04 00:00,0.05632
2025-09-04 00:15,0.110237
2025-09-04 00:30,0.149649
2025-09-04 00:45,0.079719
2025-09-04 01:00,0.071608
2025-09-04 01:15,0.066336
2025-09-04 01:30,0.108146
2025-09-04 01:45,0.117303
2025-09-04 02:00,0.110225
2025-09-04 02:15,0.062907
2025-09-04 02:30,0.169475
2025-09-04 02:45,0.102556
2025-09-04 03:00,0.071519
2025-09-04 03:15,0.08465
2025-09-04 03:30,0.077854
2025-09-04 03:45,0.109011
2025-09-04 04:00,0.094521
2025-09-04 04:15,0.094257
2025-09-04 04:30,0.366542
2025-09-04 04:45,0.095589
2025-09-04 05:00,0.06926
2025-09-04 05:15,0.050041
2025-09-04 05:30,0.085465
2025-09-04 05:45,0.105406
2025-09-04 06:00,0.129321
2025-09-04 06:15,0.081257
2025-09-04 06:30,0.099485
2025-09-04 06:45,0.093424
2025-09-04 07:00,0.078376
2025-09-04 07:15,0.159875
2025-09-04 07:30,0.200549
2025-09-04 07:45,0.16665
2025-09-04 08:00,0.08312
2025-09-04 08:15,0.096548
2025-09-04 08:30,0.073328
2025-09-04 08:45,0.09503
2025-09-04 09:00,0.067901
2025-09-04 09:15,0.198711
2025-09-04 09:30,0.032557
2025-09-04 09:45,0.069754
2025-09-04 10:00,0.13808
2025-09-04 10:15,0.113906
2025-09-04 10:30,0.084058
2025-09-04 10:45,0.051519
2025-09-04 11:00,0.010851
2025-09-04 11:15,0.025079
2025-09-04 11:30,0.023407
2025-09-04 11:45,0.012975
2025-09-04 12:00,0.023513
2025-09-04 12:15,0.023845
2025-09-04 12:30,0.010606
2025-09-04 12:45,0.028028
2025-09-04 13:00,0.013609
2025-09-04 13:15,0.014518
2025-09-04 13:30,0.007264
2025-09-04 13:45,0.011742
2025-09-04 14:00,0.019913
2025-09-04 14:15,0.032534
2025-09-04 14:30,0.010949
2025-09-04 14:45,0.067265
2025-09-04 15:00,0.007793
2025-09-04 15:15,0.00355
2025-09-04 15:30,0.007384
2025-09-04 15:45,0.014968
2025-09-04 16:00,0.00944
2025-09-04 16:15,0.024586
2025-09-04 16:30,0.019362
2025-09-04 16:45,0.006712
2025-09-04 17:00,0.014221
2025-09-04 17:15,0.004087
2025-09-04 17:30,0.003348
2025-09-04 17:45,0.003995
2025-09-04 18:00,0.022276
2025-09-04 18:15,0.001128
2025-09-04 18:30,0.006477
2025-09-04 18:45,0.003476
2025-09-04 19:00,0.002148
2025-09-04 19:15,0.002337
2025-09-04 19:30,0.000916
2025-09-04 19:45,0.002072
2025-09-04 20:00,0.001294
2025-09-04 20:15,0.007304
2025-09-04 20:30,0.007738
2025-09-04 20:45,0.003715
2025-09-04 21:00,0.005764
2025-09-04 21:15,0.002373
2025-09-04 21:30,0.010573
2025-09-04 21:45,0.003555
2025-09-04 22:00,0.010745
2025-09-04 22:15,0.007782
2025-09-04 22:30,0.003047
2025-09-04 22:45,0.040775
2025-09-04 23:00,0.021021
2025-09-04 23:15,0.026252
2025-09-04 23:30,0.040644
2025-09-04 23:45,0.043504
2025-09-05 00:00,0.054767
2025-09-05 00:15,0.066328
2025-09-05 00:30,0.0995
2025-09-05 00:45,0.071979
2025-09-05 01:00,0.095249
2025-09-05 01:15,0.155212
2025-09-05 01:30,0.069776
2025-09-05 01:45,0.078485
2025-09-05 02:00,0.090954
2025-09-05 02:15,0.111798
2025-09-05 02:30,0.078285
2025-09-05 02:45,0.046569
2025-09-05 03:00,0.024536
2025-09-05 03:15,0.067699
2025-09-05 03:30,0.101088
2025-09-05 03:45,0.180067
2025-09-05 04:00,0.141498
2025-09-05 04:15,0.062307
2025-09-05 04:30,0.083998
2025-09-05 04:45,0.092578
2025-09-05 05:00,0.062628
2025-09-05 05:15,0.089929
2025-09-05 05:30,0.15853
2025-09-05 05:45,0.125238
2025-09-05 06:00,1.0
2025-09-05 06:15,0.064691
2025-09-05 06:30,0.079169
2025-09-05 06:45,0.064157
2025-09-05 07:00,0.066348
2025-09-05 07:15,0.20137
2025-09-05 07:30,0.09306
2025-09-05 07:45,0.106768
2025-09-05 08:00,0.072414
2025-09-05 08:15,0.095278
2025-09-05 08:30,0.093525
2025-09-05 08:45,0.102098
2025-09-05 09:00,0.082922
2025-09-05 09:15,0.067126
2025-09-05 09:30,0.083327
2025-09-05 09:45,0.02286
2025-09-05 10:00,0.155932
2025-09-05 10:15,0.065306
2025-09-05 10:30,0.038553
2025-09-05 10:45,0.018948
2025-09-05 11:00,0.024465
2025-09-05 11:15,0.049425
2025-09-05 11:30,0.055329
2025-09-05 11:45,0.019986
2025-09-05 12:00,0.023041
2025-09-05 12:15,0.016009
2025-09-05 12:30,0.012424
2025-09-05 12:45,0.011483
2025-09-05 13:00,0.013331
2025-09-05 13:15,0.008318
2025-09-05 13:30,0.031326
2025-09-05 13:45,0.017935
2025-09-05 14:00,0.021042
2025-09-05 14:15,0.010166
2025-09-05 14:30,0.010032
2025-09-05 14:45,0.006351
2025-09-05 15:00,0.006857
2025-09-05 15:15,0.005442
2025-09-05 15:30,0.009884
2025-09-05 15:45,0.00264
2025-09-05 16:00,0.002133
2025-09-05 16:15,0.007388
2025-09-05 16:30,0.002033
2025-09-05 16:45,0.013187
2025-09-05 17:00,0.003529
2025-09-05 17:15,0.002863
2025-09-05 17:30,0.007824
2025-09-05 17:45,0.00403
2025-09-05 18:00,0.023358
2025-09-05 18:15,0.006176
2025-09-05 18:30,0.001296
2025-09-05 18:45,0.001026
2025-09-05 19:00,0.003072
2025-09-05 19:15,0.002982
2025-09-05 19:30,0.001185
2025-09-05 19:45,0.001794
2025-09-05 20:00,0.007188
2025-09-05 20:15,0.003106
2025-09-05 20:30,0.002042
2025-09-05 20:45,0.00059
2025-09-05 21:00,0.003565
2025-09-05 21:15,0.003192
2025-09-05 21:30,0.002091
2025-09-05 21:45,0.005974
2025-09-05 22:00,0.005878
2025-09-05 22:15,0.00285
2025-09-05 22:30,0.008568
2025-09-05 22:45,0.00625
2025-09-05 23:00,0.004386
2025-09-05 23:15,0.004999
2025-09-05 23:30,0.008591
2025-09-05 23:45,0.001724
2025-09-06 00:00,0.031523
2025-09-06 00:15,0.008505
2025-09-06 00:30,0.002144
2025-09-06 00:45,0.017216
2025-09-06 01:00,0.007935
2025-09-06 01:15,0.0468
2025-09-06 01:30,0.00678
2025-09-06 01:45,0.015136
2025-09-06 02:00,0.008468
2025-09-06 02:15,0.012172
2025-09-06 02:30,0.008538
2025-09-06 02:45,0.009115
2025-09-06 03:00,0.025237
2025-09-06 03:15,0.005589
2025-09-06 03:30,0.014964
2025-09-06 03:45,0.022449
2025-09-06 04:00,0.031263
2025-09-06 04:15,0.023838
2025-09-06 04:30,0.027356
2025-09-06 04:45,0.045257
2025-09-06 05:00,0.026585
2025-09-06 05:15,0.066298
2025-09-06 05:30,0.066235
2025-09-06 05:45,0.043938
2025-09-06 06:00,0.016337
2025-09-06 06:15,0.025669
2025-09-06 06:30,0.023871
2025-09-06 06:45,0.016747
2025-09-06 07:00,0.049597
2025-09-06 07:15,0.086555
2025-09-06 07:30,0.049241
2025-09-06 07:45,0.063918
2025-09-06 08:00,0.076639
2025-09-06 08:15,0.069473
2025-09-06 08:30,0.020096
2025-09-06 08:45,0.044245
2025-09-06 09:00,0.026877
2025-09-06 09:15,0.036762
2025-09-06 09:30,0.023262
2025-09-06 09:45,0.014915
2025-09-06 10:00,0.028548
2025-09-06 10:15,0.015802
2025-09-06 10:30,0.01847
2025-09-06 10:45,0.031131
2025-09-06 11:00,0.00523
2025-09-06 11:15,0.030071
2025-09-06 11:30,0.029972
2025-09-06 11:45,0.015079
2025-09-06 12:00,0.00993
2025-09-06 12:15,0.008767
2025-09-06 12:30,0.007604
2025-09-06 12:45,0.029617
2025-09-06 13:00,0.03451
2025-09-06 13:15,0.015303
2025-09-06 13:30,0.012348
2025-09-06 13:45,0.008593
2025-09-06 14:00,0.006289
2025-09-06 14:15,0.007792
2025-09-06 14:30,0.008903
2025-09-06 14:45,0.001913
2025-09-06 15:00,0.005255
2025-09-06 15:15,0.054668
2025-09-06 15:30,0.019684
2025-09-06 15:45,0.004677
2025-09-06 16:00,0.007365
2025-09-06 16:15,0.002436
2025-09-06 16:30,0.003095
2025-09-06 16:45,0.001578
2025-09-06 17:00,0.003223
2025-09-06 17:15,0.008271
2025-09-06 17:30,0.001711
2025-09-06 17:45,0.022079
2025-09-06 18:00,0.016569
2025-09-06 18:15,0.006432
2025-09-06 18:30,0.004651
2025-09-06 18:45,0.018833
2025-09-06 19:00,0.001979
2025-09-06 19:15,0.020833
2025-09-06 19:30,0.006066
2025-09-06 19:45,7.5e-05
2025-09-06 20:00,0.002979
2025-09-06 20:15,0.002233
2025-09-06 20:30,0.004532
2025-09-06 20:45,0.003612
2025-09-06 21:00,0.002147
2025-09-06 21:15,0.00113
2025-09-06 21:30,0.005232
2025-09-06 21:45,0.000779
2025-09-06 22:00,0.005292
2025-09-06 22:15,0.002223
2025-09-06 22:30,0.001352
2025-09-06 22:45,0.005993
2025-09-06 23:00,0.008248
2025-09-06 23:15,0.004416
2025-09-06 23:30,0.027207
2025-09-06 23:45,0.104988
2025-09-07 00:00,0.003097
2025-09-07 00:15,0.004389
2025-09-07 00:30,0.003287
2025-09-07 00:45,0.00595
2025-09-07 01:00,0.006206
2025-09-07 01:15,0.010654
2025-09-07 01:30,0.022152
2025-09-07 01:45,0.006861
2025-09-07 02:00,0.021306
2025-09-07 02:15,0.005436
2025-09-07 02:30,0.014601
2025-09-07 02:45,0.015989
2025-09-07 03:00,0.01838
2025-09-07 03:15,0.009171
2025-09-07 03:30,0.007107
2025-09-07 03:45,0.011582
2025-09-07 04:00,0.01106
2025-09-07 04:15,0.01461
2025-09-07 04:30,0.007394
2025-09-07 04:45,0.010579
2025-09-07 05:00,0.029709
2025-09-07 05:15,0.040415
2025-09-07 05:30,0.026458
2025-09-07 05:45,0.014197
2025-09-07 06:00,0.023434
2025-09-07 06:15,0.047828
2025-09-07 06:30,0.028838
2025-09-07 06:45,0.074073
2025-09-07 07:00,0.02927
2025-09-07 07:15,0.038321
2025-09-07 07:30,0.050657
2025-09-07 07:45,0.077742
2025-09-07 08:00,0.026172
2025-09-07 08:15,0.026186
2025-09-07 08:30,0.0294
2025-09-07 08:45,0.032091
2025-09-07 09:00,0.040075
2025-09-07 09:15,0.035745
2025-09-07 09:30,0.012397
2025-09-07 09:45,0.014929
2025-09-07 10:00,0.059478
2025-09-07 10:15,0.024899
2025-09-07 10:30,0.275842
2025-09-07 10:45,0.120504
2025-09-07 11:00,0.061339
2025-09-07 11:15,0.058348
2025-09-07 11:30,0.042365
2025-09-07 11:45,0.024186
2025-09-07 12:00,0.014349
2025-09-07 12:15,0.017191
2025-09-07 12:30,0.018754
2025-09-07 12:45,0.077402
2025-09-07 13:00,0.015972
2025-09-07 13:15,0.017318
2025-09-07 13:30,0.011935
2025-09-07 13:45,0.034441
2025-09-07 14:00,0.034211
2025-09-07 14:15,0.013545
2025-09-07 14:30,0.035525
2025-09-07 14:45,0.012161
2025-09-07 15:00,0.014487
2025-09-07 15:15,0.007722
2025-09-07 15:30,0.005732
2025-09-07 15:45,0.006309
2025-09-07 16:00,0.014908
2025-09-07 16:15,0.007401
2025-09-07 16:30,0.009522
2025-09-07 16:45,0.006306
2025-09-07 17:00,0.009963
2025-09-07 17:15,0.00696
2025-09-07 17:30,0.005716
2025-09-07 17:45,0.008232
2025-09-07 18:00,0.011883
2025-09-07 18:15,0.004001
2025-09-07 18:30,0.00238
2025-09-07 18:45,0.002063
2025-09-07 19:00,0.0041
2025-09-07 19:15,0.00404
2025-09-07 19:30,0.002729
2025-09-07 19:45,0.005331
2025-09-07 20:00,0.004528
2025-09-07 20:15,0.004624
2025-09-07 20:30,0.003611
2025-09-07 20:45,0.001344
2025-09-07 21:00,0.009298
2025-09-07 21:15,0.005148
2025-09-07 21:30,0.001351
2025-09-07 21:45,0.001165
2025-09-07 22:00,0.009743
2025-09-07 22:15,0.008476
2025-09-07 22:30,0.00759
2025-09-07 22:45,0.027536
2025-09-07 23:00,0.01632
2025-09-07 23:15,0.013979
2025-09-07 23:30,0.043541
2025-09-07 23:45,0.194252
2025-09-08 00:00,0.104824
2025-09-08 00:15,0.116383
2025-09-08 00:30,0.197964
2025-09-08 00:45,0.096157
2025-09-08 01:00,0.6505
2025-09-08 01:15,0.207769
2025-09-08 01:30,0.300234
2025-09-08 01:45,0.131139
2025-09-08 02:00,0.123835
2025-09-08 02:15,0.141407
2025-09-08 02:30,0.071198
2025-09-08 02:45,0.126285
2025-09-08 03:00,0.11194
2025-09-08 03:15,0.056567
2025-09-08 03:30,0.065738
2025-09-08 03:45,0.11252
2025-09-08 04:00,0.074388
2025-09-08 04:15,0.107383
2025-09-08 04:30,0.117838
2025-09-08 04:45,0.098091
2025-09-08 05:00,0.127814
2025-09-08 05:15,0.145155
2025-09-08 05:30,0.162835
2025-09-08 05:45,0.11289
2025-09-08 06:00,0.154698
2025-09-08 06:15,0.106296
2025-09-08 06:30,0.098816
2025-09-08 06:45,0.121911
2025-09-08 07:00,0.106632
2025-09-08 07:15,0.102864
2025-09-08 07:30,0.093798
2025-09-08 07:45,0.099825
2025-09-08 08:00,0.117265
2025-09-08 08:15,0.11915
2025-09-08 08:30,0.094699
2025-09-08 08:45,0.055067
2025-09-08 09:00,0.08534
2025-09-08 09:15,0.20074
2025-09-08 09:30,0.051186
2025-09-08 09:45,0.034219
2025-09-08 10:00,0.036554
2025-09-08 10:15,0.038795
2025-09-08 10:30,0.040108
2025-09-08 10:45,0.035732
2025-09-08 11:00,0.02544
2025-09-08 11:15,0.017497
2025-09-08 11:30,0.022482
2025-09-08 11:45,0.041987
2025-09-08 12:00,0.02378
2025-09-08 12:15,0.032765
2025-09-08 12:30,0.014507
2025-09-08 12:45,0.01458
2025-09-08 13:00,0.024331
2025-09-08 13:15,0.038937
2025-09-08 13:30,0.021458
2025-09-08 13:45,0.01887
2025-09-08 14:00,0.012978
2025-09-08 14:15,0.013375
2025-09-08 14:30,0.010277
2025-09-08 14:45,0.006181
2025-09-08 15:00,0.014417
2025-09-08 15:15,0.009248
2025-09-08 15:30,0.018906
2025-09-08 15:45,0.007465
2025-09-08 16:00,0.008218
2025-09-08 16:15,0.009313
2025-09-08 16:30,0.010164
2025-09-08 16:45,0.008709
2025-09-08 17:00,0.003764
2025-09-08 17:15,0.003909
2025-09-08 17:30,0.002292
2025-09-08 17:45,0.003137
2025-09-08 18:00,0.011029
2025-09-08 18:15,0.002394
2025-09-08 18:30,0.001923
2025-09-08 18:45,0.001067
2025-09-08 19:00,0.006907
2025-09-08 19:15,0.007933
2025-09-08 19:30,0.006281
2025-09-08 19:45,0.000882
2025-09-08 20:00,0.004898
2025-09-08 20:15,0.000952
2025-09-08 20:30,0.010063
2025-09-08 20:45,0.002882
2025-09-08 21:00,0.003411
2025-09-08 21:15,0.004785
2025-09-08 21:30,0.002531
2025-09-08 21:45,0.00164
2025-09-08 22:00,0.009891
2025-09-08 22:15,0.004923
2025-09-08 22:30,0.011913
2025-09-08 22:45,0.018397
2025-09-08 23:00,0.033967
2025-09-08 23:15,0.035358
2025-09-08 23:30,0.040732
2025-09-08 23:45,0.052078
2025-09-09 00:00,0.086518
2025-09-09 00:15,0.0648
2025-09-09 00:30,0.068514
2025-09-09 00:45,0.149831
2025-09-09 01:00,0.092325
2025-09-09 01:15,0.110329
2025-09-09 01:30,0.080217
2025-09-09 01:45,0.087796
2025-09-09 02:00,0.067798
2025-09-09 02:15,0.072637
2025-09-09 02:30,0.06059
2025-09-09 02:45,0.069973
2025-09-09 03:00,0.03903
2025-09-09 03:15,0.055083
2025-09-09 03:30,0.12437
2025-09-09 03:45,0.245409
2025-09-09 04:00,0.519487
2025-09-09 04:15,0.570759
2025-09-09 04:30,0.16371
2025-09-09 04:45,0.164837
2025-09-09 05:00,0.123469
2025-09-09 05:15,0.211754
2025-09-09 05:30,0.364134
2025-09-09 05:45,0.10662
2025-09-09 06:00,0.128242
2025-09-09 06:15,0.122526
2025-09-09 06:30,0.094539
2025-09-09 06:45,0.074129
2025-09-09 07:00,0.078619
2025-09-09 07:15,0.152177
2025-09-09 07:30,0.095747
2025-09-09 07:45,0.20333
2025-09-09 08:00,0.140909
2025-09-09 08:15,0.193156
2025-09-09 08:30,0.477116
2025-09-09 08:45,0.327098
2025-09-09 09:00,0.200903
2025-09-09 09:15,0.099931
2025-09-09 09:30,0.087778
2025-09-09 09:45,0.073072
2025-09-09 10:00,0.136309
2025-09-09 10:15,0.069454
2025-09-09 10:30,0.062189
2025-09-09 10:45,0.05791
2025-09-09 11:00,0.056741
2025-09-09 11:15,0.048097
2025-09-09 11:30,0.073029
2025-09-09 11:45,0.056615
2025-09-09 12:00,0.039376
2025-09-09 12:15,0.043475
2025-09-09 12:30,0.030757
2025-09-09 12:45,0.030108
2025-09-09 13:00,0.031014
2025-09-09 13:15,0.019696
2025-09-09 13:30,0.017271
2025-09-09 13:45,0.026052
2025-09-09 14:00,0.045837
2025-09-09 14:15,0.057643
2025-09-09 14:30,0.020167
2025-09-09 14:45,0.019029
2025-09-09 15:00,0.022046
2025-09-09 15:15,0.001972
2025-09-09 15:30,0.050084
2025-09-09 15:45,0.027544
2025-09-09 16:00,0.008719
2025-09-09 16:15,0.00553
2025-09-09 16:30,0.015773
2025-09-09 16:45,0.009238
2025-09-09 17:00,0.026384
2025-09-09 17:15,0.010094
2025-09-09 17:30,0.004335
2025-09-09 17:45,0.006355
2025-09-09 18:00,0.012055
2025-09-09 18:15,0.001569
2025-09-09 18:30,0.000319
2025-09-09 18:45,0.001687
2025-09-09 19:00,0.010899
2025-09-09 19:15,0.002904
2025-09-09 19:30,0.015043
2025-09-09 19:45,0.00791
2025-09-09 20:00,0.004284
2025-09-09 20:15,0.002695
2025-09-09 20:30,0.005748
2025-09-09 20:45,0.005721
2025-09-09 21:00,0.004368
2025-09-09 21:15,0.002994
2025-09-09 21:30,0.003893
2025-09-09 21:45,0.005696
2025-09-09 22:00,0.006723
2025-09-09 22:15,0.007239
2025-09-09 22:30,0.011028
2025-09-09 22:45,0.020496
2025-09-09 23:00,0.006111
2025-09-09 23:15,0.008928
2025-09-09 23:30,0.031709
2025-09-09 23:45,0.11727
2025-09-10 00:00,0.094964
2025-09-10 00:00,0.10684
2025-09-10 00:15,0.296209
2025-09-10 00:30,0.286573
2025-09-10 00:45,0.134658
2025-09-10 01:00,0.163995
2025-09-10 01:15,0.124326
2025-09-10 01:30,0.189814
2025-09-10 01:45,0.165643
2025-09-10 02:00,0.207663
2025-09-10 02:15,0.178218
2025-09-10 02:30,0.148991
2025-09-10 02:45,0.114826
2025-09-10 03:00,0.050039
2025-09-10 03:15,0.322187
2025-09-10 03:30,0.243392
2025-09-10 03:45,0.1515
2025-09-10 04:00,0.190513
2025-09-10 04:15,0.241204
2025-09-10 04:30,0.345136
2025-09-10 04:45,0.344223
2025-09-10 05:00,0.209438
2025-09-10 05:15,0.157794
2025-09-10 05:30,0.267348
2025-09-10 05:45,0.322807
2025-09-10 06:00,0.105723
2025-09-10 06:15,0.148082
2025-09-10 06:30,0.29031
2025-09-10 06:45,0.474098
2025-09-10 07:00,0.173058
2025-09-10 07:15,0.225946
2025-09-10 07:30,0.323728
2025-09-10 07:45,0.264665
2025-09-10 08:00,0.223321
2025-09-10 08:15,0.244265
2025-09-10 08:30,0.209623
2025-09-10 08:45,0.243684
2025-09-10 09:00,0.089278
2025-09-10 09:15,0.044102
2025-09-10 09:30,0.050432
2025-09-10 09:45,0.057227
2025-09-10 10:00,0.066491
2025-09-10 10:15,0.036596
2025-09-10 10:30,0.039919
2025-09-10 10:45,0.059969
2025-09-10 11:00,0.041339
2025-09-10 11:15,0.032156
2025-09-10 11:30,0.041666
2025-09-10 11:45,0.059035
2025-09-10 12:00,0.038655
2025-09-10 12:15,0.043809
2025-09-10 12:30,0.070862
2025-09-10 12:45,0.025535
2025-09-10 13:00,0.028078
2025-09-10 13:15,0.020311
2025-09-10 13:30,0.017804
2025-09-10 13:45,0.040636
2025-09-10 14:00,0.01827
2025-09-10 14:15,0.027815
2025-09-10 14:30,0.022644
2025-09-10 14:45,0.021166
2025-09-10 15:00,0.013703
2025-09-10 15:15,0.047302
2025-09-10 15:30,0.014049
2025-09-10 15:45,0.01427
2025-09-10 16:00,0.027204
2025-09-10 16:15,0.036877
2025-09-10 16:30,0.020984
2025-09-10 16:45,0.03424
2025-09-10 17:00,0.031848
2025-09-10 17:15,0.002751
2025-09-10 17:30,0.008113
2025-09-10 17:45,0.014047
2025-09-10 18:00,0.028582
2025-09-10 18:15,0.005709
2025-09-10 18:30,0.011073
2025-09-10 18:45,0.00378
2025-09-10 19:00,0.003027
2025-09-10 19:15,0.00284
2025-09-10 19:30,0.003729
2025-09-10 19:45,0.070785
2025-09-10 20:00,0.004904
2025-09-10 20:15,0.003626
2025-09-10 20:30,0.003094
2025-09-10 20:45,0.002367
2025-09-10 21:00,0.031731
2025-09-10 21:15,0.088014
2025-09-10 21:30,0.02315
2025-09-10 21:45,0.007176
2025-09-10 22:00,0.010228
2025-09-10 22:15,0.001209
2025-09-10 22:30,0.019424
2025-09-10 22:45,0.230316
2025-09-10 23:00,0.091079
2025-09-10 23:15,0.025054
2025-09-10 23:30,0.035874
2025-09-10 23:45,0.102112
2025-09-11 00:00,0.143542
2025-09-11 00:15,0.233203
2025-09-11 00:30,0.145721
2025-09-11 00:45,0.327703
2025-09-11 01:00,0.252542
2025-09-11 01:15,0.144143
2025-09-11 01:30,0.311612
2025-09-11 01:45,0.343112
2025-09-11 02:00,0.0845
2025-09-11 02:15,0.102205
2025-09-11 02:30,0.089855
2025-09-11 02:45,0.074671
2025-09-11 03:00,0.076766
2025-09-11 03:15,0.101457
2025-09-11 03:30,0.067619
2025-09-11 03:45,0.080564
2025-09-11 04:00,0.178844
2025-09-11 04:15,0.874281
2025-09-11 04:30,0.174962
2025-09-11 04:45,0.219136
2025-09-11 05:00,0.171542
2025-09-11 05:15,0.159499
2025-09-11 05:30,0.124108
2025-09-11 05:45,0.122361
2025-09-11 06:00,0.113942
2025-09-11 06:15,0.123776
2025-09-11 06:30,0.178509
2025-09-11 06:45,0.128213
2025-09-11 07:00,0.110959
2025-09-11 07:15,0.135025
2025-09-11 07:30,0.191191
2025-09-11 07:45,0.192867
2025-09-11 08:00,0.104043
2025-09-11 08:15,0.146677
2025-09-11 08:30,0.168806
2025-09-11 08:45,0.214137
2025-09-11 09:00,0.103502
2025-09-11 09:15,0.068814
2025-09-11 09:30,0.115934
2025-09-11 09:45,0.135363
2025-09-11 10:00,0.069722
2025-09-11 10:15,0.097112
2025-09-11 10:30,0.034609
2025-09-11 10:45,0.046216
2025-09-11 11:00,0.059857
2025-09-11 11:15,0.041218
2025-09-11 11:30,0.0438
2025-09-11 11:45,0.027296
2025-09-11 12:00,0.030504
2025-09-11 12:15,0.037637
2025-09-11 12:30,0.0314
2025-09-11 12:45,0.02432
2025-09-11 13:00,0.022624
2025-09-11 13:15,0.12166
2025-09-11 13:30,0.030375
2025-09-11 13:45,0.015469
2025-09-11 14:00,0.025829
2025-09-11 14:15,0.015587
2025-09-11 14:30,0.029684
2025-09-11 14:45,0.029062
2025-09-11 15:00,0.015643
2025-09-11 15:15,0.036282
2025-09-11 15:30,0.017774
2025-09-11 15:45,0.007197
2025-09-11 16:00,0.011924
2025-09-11 16:15,0.008418
2025-09-11 16:30,0.020285
2025-09-11 16:45,0.01143
2025-09-11 17:00,0.010093
2025-09-11 17:15,0.008121
2025-09-11 17:30,0.011978
2025-09-11 17:45,0.00845
2025-09-11 18:00,0.018455
2025-09-11 18:15,0.006933
2025-09-11 18:30,0.00672
2025-09-11 18:45,0.01412
2025-09-11 19:00,0.005509
2025-09-11 19:15,0.004495
2025-09-11 19:30,0.004666
2025-09-11 19:45,0.006173
2025-09-11 20:00,0.005439
2025-09-11 20:15,0.006468
2025-09-11 20:30,0.026182
2025-09-11 20:45,0.004475
2025-09-11 21:00,0.010294
2025-09-11 21:15,0.001533
2025-09-11 21:30,0.005774
2025-09-11 21:45,0.002925
2025-09-11 22:00,0.004372
2025-09-11 22:15,0.000861
2025-09-11 22:30,0.005601
2025-09-11 22:45,0.0112
2025-09-11 23:00,0.007347
2025-09-11 23:15,0.02675
2025-09-11 23:30,0.024865
2025-09-11 23:45,0.047494
2025-09-12 00:00,0.083248
2025-09-12 00:15,0.089078
2025-09-12 00:30,0.129159
2025-09-12 00:45,0.20991
2025-09-12 01:00,0.310007
2025-09-12 01:15,0.228404
2025-09-12 01:30,0.23198
2025-09-12 01:45,0.197237
2025-09-12 02:00,0.110343
2025-09-12 02:15,0.121718
2025-09-12 02:30,0.131837
2025-09-12 02:45,0.150484
2025-09-12 03:00,0.044286
2025-09-12 03:15,0.057292
2025-09-12 03:30,0.18944
2025-09-12 03:45,0.079035
2025-09-12 04:00,0.200457
2025-09-12 04:15,0.129931
2025-09-12 04:30,0.088571
2025-09-12 04:45,0.083094
2025-09-12 05:00,0.168859
2025-09-12 05:15,0.120313
2025-09-12 05:30,0.091365
2025-09-12 05:45,0.096697
2025-09-12 06:00,0.144039
2025-09-12 06:15,0.101228
2025-09-12 06:30,0.181659
2025-09-12 06:45,0.122915
2025-09-12 07:00,0.131484
2025-09-12 07:15,0.188002
2025-09-12 07:30,0.099944
2025-09-12 07:45,0.091627
2025-09-12 08:00,0.206916
2025-09-12 08:15,0.247962
2025-09-12 08:30,0.054721
2025-09-12 08:45,0.103754
2025-09-12 09:00,0.053937
2025-09-12 09:15,0.038027
2025-09-12 09:30,0.056708
2025-09-12 09:45,0.085856
2025-09-12 10:00,0.121849
2025-09-12 10:15,0.047838
2025-09-12 10:30,0.025745
2025-09-12 10:45,0.016579
2025-09-12 11:00,0.015535
2025-09-12 11:15,0.008604
2025-09-12 11:30,0.017785
2025-09-12 11:45,0.008266
2025-09-12 12:00,0.01612
2025-09-12 12:15,0.020618
2025-09-12 12:30,0.016968
2025-09-12 12:45,0.013736
2025-09-12 13:00,0.010542
2025-09-12 13:15,0.010115
2025-09-12 13:30,0.048047
2025-09-12 13:45,0.029406
2025-09-12 14:00,0.056223
2025-09-12 14:15,0.010645
2025-09-12 14:30,0.01567
2025-09-12 14:45,0.00162
2025-09-12 15:00,0.001271
2025-09-12 15:15,0.005715
2025-09-12 15:30,0.023608
2025-09-12 15:45,0.007196
2025-09-12 16:00,0.049483
2025-09-12 16:15,0.015737
2025-09-12 16:30,0.01229
2025-09-12 16:45,0.026964
2025-09-12 17:00,0.002495
2025-09-12 17:15,0.001238
2025-09-12 17:30,0.009122
2025-09-12 17:45,0.004667
2025-09-12 18:00,0.01076
2025-09-12 18:15,0.001799
2025-09-12 18:30,0.005302
2025-09-12 18:45,0.004066
2025-09-12 19:00,0.001735
2025-09-12 19:15,0.00163
2025-09-12 19:30,0.034231
2025-09-12 19:45,0.052056
2025-09-12 20:00,0.002364
2025-09-12 20:15,0.000921
2025-09-12 20:30,0.00258
2025-09-12 20:45,0.000691
2025-09-12 21:00,0.004159
2025-09-12 21:15,0.001624
2025-09-12 21:30,0.003088
2025-09-12 21:45,0.003986
2025-09-12 22:00,0.003221
2025-09-12 22:15,0.003894
2025-09-12 22:30,0.005258
2025-09-12 22:45,0.008028
2025-09-12 23:00,0.003453
2025-09-12 23:15,0.006065
2025-09-12 23:30,0.016009
2025-09-12 23:45,0.026276
2025-09-13 00:00,0.026103
2025-09-13 00:15,0.061667
2025-09-13 00:30,0.039112
2025-09-13 00:45,0.035679
2025-09-13 01:00,0.010186
2025-09-13 01:15,0.0052
2025-09-13 01:30,0.024393
2025-09-13 01:45,0.017187
2025-09-13 02:00,0.024654
2025-09-13 02:15,0.042897
2025-09-13 02:30,0.039823
2025-09-13 02:45,0.028019
2025-09-13 03:00,0.006791
2025-09-13 03:15,0.014073
2025-09-13 03:30,0.028395
2025-09-13 03:45,0.030548
2025-09-13 04:00,0.035155
2025-09-13 04:15,0.025303
2025-09-13 04:30,0.018429
2025-09-13 04:45,0.030297
2025-09-13 05:00,0.022628
2025-09-13 05:15,0.035804
2025-09-13 05:30,0.016702
2025-09-13 05:45,0.022917
2025-09-13 06:00,0.017837
2025-09-13 06:15,0.016949
2025-09-13 06:30,0.040068
2025-09-13 06:45,0.026224
2025-09-13 07:00,0.027036
2025-09-13 07:15,0.022118
2025-09-13 07:30,0.024049
2025-09-13 07:45,0.02785
2025-09-13 08:00,0.042072
2025-09-13 08:15,0.057435
2025-09-13 08:30,0.020541
2025-09-13 08:45,0.03325
2025-09-13 09:00,0.042955
2025-09-13 09:15,0.02871
2025-09-13 09:30,0.038774
2025-09-13 09:45,0.020394
2025-09-13 10:00,0.018043
2025-09-13 10:15,0.00989
2025-09-13 10:30,0.053474
2025-09-13 10:45,0.037609
2025-09-13 11:00,0.029866
2025-09-13 11:15,0.034776
2025-09-13 11:30,0.029438
2025-09-13 11:45,0.016931
2025-09-13 12:00,0.00972
2025-09-13 12:15,0.014417
2025-09-13 12:30,0.01891
2025-09-13 12:45,0.02163
2025-09-13 13:00,0.006483
2025-09-13 13:15,0.042053
2025-09-13 13:30,0.015235
2025-09-13 13:45,0.016633
2025-09-13 14:00,0.012758
2025-09-13 14:15,0.006367
2025-09-13 14:30,0.009485
2025-09-13 14:45,0.009421
2025-09-13 15:00,0.018448
2025-09-13 15:15,0.007473
2025-09-13 15:30,0.013923
2025-09-13 15:45,0.007611
2025-09-13 16:00,0.011108
2025-09-13 16:15,0.005155
2025-09-13 16:30,0.003091
2025-09-13 16:45,0.003638
2025-09-13 17:00,0.017511
2025-09-13 17:15,0.015798
2025-09-13 17:30,0.008003
2025-09-13 17:45,0.006208
2025-09-13 18:00,0.020361
2025-09-13 18:15,0.005169
2025-09-13 18:30,0.007128
2025-09-13 18:45,0.003957
2025-09-13 19:00,0.003861
2025-09-13 19:15,0.003034
2025-09-13 19:30,0.002364
2025-09-13 19:45,0.002086
2025-09-13 20:00,0.004992
2025-09-13 20:15,0.005468
2025-09-13 20:30,0.005921
2025-09-13 20:45,0.006395
2025-09-13 21:00,0.006286
2025-09-13 21:15,0.008821
2025-09-13 21:30,0.005281
2025-09-13 21:45,0.015275
2025-09-13 22:00,0.017295
2025-09-13 22:15,0.003092
2025-09-13 22:30,0.015178
2025-09-13 22:45,0.021949
2025-09-13 23:00,0.014485
2025-09-13 23:15,0.002346
2025-09-13 23:30,0.008612
2025-09-13 23:45,0.015182
2025-09-14 00:00,0.124989
2025-09-14 00:15,0.030574
2025-09-14 00:30,0.020525
2025-09-14 00:45,0.005278
2025-09-14 01:00,0.031612
2025-09-14 01:15,0.050753
2025-09-14 01:30,0.012361
2025-09-14 01:45,0.009829
2025-09-14 02:00,0.019849
2025-09-14 02:15,0.02061
2025-09-14 02:30,0.017284
2025-09-14 02:45,0.004859
2025-09-14 03:00,0.005746
2025-09-14 03:15,0.004987
2025-09-14 03:30,0.021385
2025-09-14 03:45,0.018357
2025-09-14 04:00,0.027109
2025-09-14 04:15,0.030335
2025-09-14 04:30,0.023938
2025-09-14 04:45,0.016845
2025-09-14 05:00,0.027857
2025-09-14 05:15,0.030149
2025-09-14 05:30,0.040139
2025-09-14 05:45,0.018252
2025-09-14 06:00,0.037531
2025-09-14 06:15,0.063209
2025-09-14 06:30,0.061598
2025-09-14 06:45,0.026206
2025-09-14 07:00,0.048627
2025-09-14 07:15,0.029694
2025-09-14 07:30,0.044303
2025-09-14 07:45,0.058338
2025-09-14 08:00,0.058769
2025-09-14 08:15,0.038498
2025-09-14 08:30,0.039094
2025-09-14 08:45,0.057494
2025-09-14 09:00,0.035611
2025-09-14 09:15,0.047926
2025-09-14 09:30,0.042883
2025-09-14 09:45,0.020538
2025-09-14 10:00,0.047405
2025-09-14 10:15,0.025078
2025-09-14 10:30,0.027304
2025-09-14 10:45,0.013565
2025-09-14 11:00,0.018734
2025-09-14 11:15,0.019107
2025-09-14 11:30,0.025155
2025-09-14 11:45,0.034145
2025-09-14 12:00,0.047221
2025-09-14 12:15,0.036472
2025-09-14 12:30,0.025443
2025-09-14 12:45,0.022405
2025-09-14 13:00,0.018388
2025-09-14 13:15,0.018611
2025-09-14 13:30,0.014932
2025-09-14 13:45,0.021079
2025-09-14 14:00,0.01731
2025-09-14 14:15,0.041057
2025-09-14 14:30,0.026357
2025-09-14 14:45,0.016221
2025-09-14 15:00,0.016913
2025-09-14 15:15,0.022542
2025-09-14 15:30,0.006559
2025-09-14 15:45,0.013544
2025-09-14 16:00,0.001545
2025-09-14 16:15,0.005074
2025-09-14 16:30,0.012163
2025-09-14 16:45,0.013326
2025-09-14 17:00,0.00407
2025-09-14 17:15,0.012994
2025-09-14 17:30,0.009685
2025-09-14 17:45,0.012761
2025-09-14 18:00,0.015175
2025-09-14 18:15,0.008322
2025-09-14 18:30,0.012644
2025-09-14 18:45,0.003374
2025-09-14 19:00,0.016017
2025-09-14 19:15,0.022949
2025-09-14 19:30,0.004589
2025-09-14 19:45,0.002426
2025-09-14 20:00,0.002626
2025-09-14 20:15,0.004663
2025-09-14 20:30,0.003275
2025-09-14 20:45,0.00337
2025-09-14 21:00,0.005013
2025-09-14 21:15,0.011399
2025-09-14 21:30,0.008048
2025-09-14 21:45,0.018265
2025-09-14 22:00,0.004031
2025-09-14 22:15,0.003676
2025-09-14 22:30,0.012703
2025-09-14 22:45,0.135474
2025-09-14 23:00,0.006805
2025-09-14 23:15,0.109616
2025-09-14 23:30,0.054617
2025-09-14 23:45,0.055807
2025-09-15 00:00,0.079886
2025-09-15 00:15,0.101518
2025-09-15 00:30,0.100437
2025-09-15 00:45,0.122779
2025-09-15 01:00,0.237639
2025-09-15 01:15,0.148735
2025-09-15 01:30,0.144851
2025-09-15 01:45,0.122419
2025-09-15 02:00,0.107434
2025-09-15 02:15,0.109677
2025-09-15 02:30,0.109805
2025-09-15 02:45,0.222273
2025-09-15 03:00,0.077476
2025-09-15 03:15,0.129898
2025-09-15 03:30,0.126251
2025-09-15 03:45,0.336046
2025-09-15 04:00,0.080803
2025-09-15 04:15,0.128846
2025-09-15 04:30,0.149816
2025-09-15 04:45,0.241661
2025-09-15 05:00,0.322803
2025-09-15 05:15,0.193111
2025-09-15 05:30,0.25855
2025-09-15 05:45,0.191866
2025-09-15 06:00,0.135075
2025-09-15 06:15,0.123821
2025-09-15 06:30,0.152744
2025-09-15 06:45,0.177806
2025-09-15 07:00,0.152795
2025-09-15 07:15,0.367476
2025-09-15 07:30,0.187883
2025-09-15 07:45,0.268424
2025-09-15 08:00,0.173465
2025-09-15 08:15,0.126816
2025-09-15 08:30,0.458485
2025-09-15 08:45,0.363263
2025-09-15 09:00,0.255879
2025-09-15 09:15,0.25757
2025-09-15 09:30,0.280692
2025-09-15 09:45,0.093009
2025-09-15 10:00,0.095098
2025-09-15 10:15,0.095419
2025-09-15 10:30,0.390495
2025-09-15 10:45,0.075929
2025-09-15 11:00,0.063139
2025-09-15 11:15,0.316023
2025-09-15 11:30,0.054365
2025-09-15 11:45,0.059537
2025-09-15 12:00,0.053098
2025-09-15 12:15,0.02682
2025-09-15 12:30,0.036941
2025-09-15 12:45,0.038256
2025-09-15 13:00,0.038311
2025-09-15 13:15,0.074376
2025-09-15 13:30,0.030171
2025-09-15 13:45,0.024243
2025-09-15 14:00,0.041142
2025-09-15 14:15,0.026469
2025-09-15 14:30,0.053817
2025-09-15 14:45,0.033203
2025-09-15 15:00,0.011584
2025-09-15 15:15,0.031445
2025-09-15 15:30,0.016724
2025-09-15 15:45,0.013094
2025-09-15 16:00,0.011135
2025-09-15 16:15,0.01937
2025-09-15 16:30,0.007005
2025-09-15 16:45,0.025139
2025-09-15 17:00,0.004381
2025-09-15 17:15,0.006816
2025-09-15 17:30,0.00496
2025-09-15 17:45,0.008327
2025-09-15 18:00,0.019035
2025-09-15 18:15,0.005634
2025-09-15 18:30,0.006557
2025-09-15 18:45,0.005082
2025-09-15 19:00,0.007177
2025-09-15 19:15,0.001362
2025-09-15 19:30,0.003587
2025-09-15 19:45,0.00387
2025-09-15 20:00,0.008587
2025-09-15 20:15,0.002525
2025-09-15 20:30,0.008119
2025-09-15 20:45,0.00243
2025-09-15 21:00,0.002426
2025-09-15 21:15,0.005418
2025-09-15 21:30,0.002135
2025-09-15 21:45,0.00295
2025-09-15 22:00,0.008141
2025-09-15 22:15,0.011568
2025-09-15 22:30,0.010393
2025-09-15 22:45,0.00963
2025-09-15 23:00,0.021011
2025-09-15 23:15,0.029257
2025-09-15 23:30,0.041031
2025-09-15 23:45,0.301136
2025-09-16 00:00,0.110216
2025-09-16 00:15,0.825209
2025-09-16 00:30,0.182081
2025-09-16 00:45,0.240125
2025-09-16 01:00,0.302702
2025-09-16 01:15,1.0
2025-09-16 01:30,0.186824
2025-09-16 01:45,0.139169
2025-09-16 02:00,0.148121
2025-09-16 02:15,0.12903
2025-09-16 02:30,0.096351
2025-09-16 02:45,0.147186
2025-09-16 03:00,0.083459
2025-09-16 03:15,0.069093
2025-09-16 03:30,0.101241
2025-09-16 03:45,0.249849
2025-09-16 04:00,0.552302
2025-09-16 04:15,0.22905
2025-09-16 04:30,0.296599
2025-09-16 04:45,0.311453
2025-09-16 05:00,0.159514
2025-09-16 05:15,0.15528
2025-09-16 05:30,0.202449
2025-09-16 05:45,0.204222
2025-09-16 06:00,0.136112
2025-09-16 06:15,0.280663
2025-09-16 06:30,0.266593
2025-09-16 06:45,0.248288
2025-09-16 07:00,0.292724
2025-09-16 07:15,0.281229
2025-09-16 07:30,0.327379
2025-09-16 07:45,0.209402
2025-09-16 08:00,0.167185
2025-09-16 08:15,0.145133
2025-09-16 08:30,0.132938
2025-09-16 08:45,0.118265
2025-09-16 09:00,0.13046
2025-09-16 09:15,0.101111
2025-09-16 09:30,0.103156
2025-09-16 09:45,0.076139
2025-09-16 10:00,0.083907
2025-09-16 10:15,0.07488
2025-09-16 10:30,0.075835
2025-09-16 10:45,0.045727
2025-09-16 11:00,0.110326
2025-09-16 11:15,0.038234
2025-09-16 11:30,0.025476
2025-09-16 11:45,0.055493
2025-09-16 12:00,0.077089
2025-09-16 12:15,0.024785
2025-09-16 12:30,0.05018
2025-09-16 12:45,0.102035
2025-09-16 13:00,0.035725
2025-09-16 13:15,0.021371
2025-09-16 13:30,0.043177
2025-09-16 13:45,0.033825
2025-09-16 14:00,0.012965
2025-09-16 14:15,0.016153
2025-09-16 14:30,0.021098
2025-09-16 14:45,0.050129
2025-09-16 15:00,0.021212
2025-09-16 15:15,0.011539
2025-09-16 15:30,0.025318
2025-09-16 15:45,0.080051
2025-09-16 16:00,0.011664
2025-09-16 16:15,0.018079
2025-09-16 16:30,0.010983
2025-09-16 16:45,0.010533
2025-09-16 17:00,0.018299
2025-09-16 17:15,0.007422
2025-09-16 17:30,0.008679
2025-09-16 17:45,0.023365
2025-09-16 18:00,0.022461
2025-09-16 18:15,0.034634
2025-09-16 18:30,0.008513
2025-09-16 18:45,0.00673
2025-09-16 19:00,0.004293
2025-09-16 19:15,0.003846
2025-09-16 19:30,0.004761
2025-09-16 19:45,0.005015
2025-09-16 20:00,0.003908
2025-09-16 20:15,0.003769
2025-09-16 20:30,0.002851
2025-09-16 20:45,0.003119
2025-09-16 21:00,0.00613
2025-09-16 21:15,0.003104
2025-09-16 21:30,0.00275
2025-09-16 21:45,0.003988
2025-09-16 22:00,0.006016
2025-09-16 22:15,0.011084
2025-09-16 22:30,0.012502
2025-09-16 22:45,0.026061
2025-09-16 23:00,0.017495
2025-09-16 23:15,0.018153
2025-09-16 23:30,0.043006
2025-09-16 23:45,0.060514
2025-09-17 00:00,0.07118
2025-09-17 00:00,0.058944
2025-09-17 00:15,0.082326
2025-09-17 00:30,0.188941
2025-09-17 00:45,0.141821
2025-09-17 01:00,0.160209
2025-09-17 01:15,0.092652
2025-09-17 01:30,0.162015
2025-09-17 01:45,0.076587
2025-09-17 02:00,0.106883
2025-09-17 02:15,0.084744
2025-09-17 02:30,0.118876
2025-09-17 02:45,0.08494
2025-09-17 03:00,0.106282
2025-09-17 03:15,0.244391
2025-09-17 03:30,0.346066
2025-09-17 03:45,0.183212
2025-09-17 04:00,0.253713
2025-09-17 04:15,0.367239
2025-09-17 04:30,0.238053
2025-09-17 04:45,0.180779
2025-09-17 05:00,0.138425
2025-09-17 05:15,0.119183
2025-09-17 05:30,0.148326
2025-09-17 05:45,0.141549
2025-09-17 06:00,0.152279
2025-09-17 06:15,0.099504
2025-09-17 06:30,0.103656
2025-09-17 06:45,0.129228
2025-09-17 07:00,0.143435
2025-09-17 07:15,0.109293
2025-09-17 07:30,0.154597
2025-09-17 07:45,0.277972
2025-09-17 08:00,0.130361
2025-09-17 08:15,0.099653
2025-09-17 08:30,0.116047
2025-09-17 08:45,0.711158
2025-09-17 09:00,0.507233
2025-09-17 09:15,0.149372
2025-09-17 09:30,0.071351
2025-09-17 09:45,0.073959
2025-09-17 10:00,0.072463
2025-09-17 10:15,0.055566
2025-09-17 10:30,0.044036
2025-09-17 10:45,0.070656
2025-09-17 11:00,0.076893
2025-09-17 11:15,0.089333
2025-09-17 11:30,0.040026
2025-09-17 11:45,0.043038
2025-09-17 12:00,0.049773
2025-09-17 12:15,0.042794
2025-09-17 12:30,0.032417
2025-09-17 12:45,0.019883
2025-09-17 13:00,0.035944
2025-09-17 13:15,0.027215
2025-09-17 13:30,0.045839
2025-09-17 13:45,0.021008
2025-09-17 14:00,0.031614
2025-09-17 14:15,0.011308
2025-09-17 14:30,0.01376
2025-09-17 14:45,0.03088
2025-09-17 15:00,0.014866
2025-09-17 15:15,0.014274
2025-09-17 15:30,0.011876
2025-09-17 15:45,0.009532
2025-09-17 16:00,0.006463
2025-09-17 16:15,0.010052
2025-09-17 16:30,0.008407
2025-09-17 16:45,0.009271
2025-09-17 17:00,0.003746
2025-09-17 17:15,0.010158
2025-09-17 17:30,0.00534
2025-09-17 17:45,0.0042
2025-09-17 18:00,0.014438
2025-09-17 18:15,0.008096
2025-09-17 18:30,0.005517
2025-09-17 18:45,0.00294
2025-09-17 19:00,0.006231
2025-09-17 19:15,0.001704
2025-09-17 19:30,0.004157
2025-09-17 19:45,0.00511
2025-09-17 20:00,0.003614
2025-09-17 20:15,0.005839
2025-09-17 20:30,0.005906
2025-09-17 20:45,0.00378
2025-09-17 21:00,0.008196
2025-09-17 21:15,0.004833
2025-09-17 21:30,0.002872
2025-09-17 21:45,0.007627
2025-09-17 22:00,0.015378
2025-09-17 22:15,0.004038
2025-09-17 22:30,0.017772
2025-09-17 22:45,0.012395
2025-09-17 23:00,0.019072
2025-09-17 23:15,0.018759
2025-09-17 23:30,0.030864
2025-09-17 23:45,0.031552
2025-09-18 00:00,0.264401
2025-09-18 00:15,0.379776
2025-09-18 00:30,0.052039
2025-09-18 00:45,0.109484
2025-09-18 01:00,0.097602
2025-09-18 01:15,0.098613
2025-09-18 01:30,0.092967
2025-09-18 01:45,0.12361
2025-09-18 02:00,0.096627
2025-09-18 02:15,0.088426
2025-09-18 02:30,0.09976
2025-09-18 02:45,0.080113
2025-09-18 03:00,0.076477
2025-09-18 03:15,0.077753
2025-09-18 03:30,0.061702
2025-09-18 03:45,0.248744
2025-09-18 04:00,0.089031
2025-09-18 04:15,0.1293
2025-09-18 04:30,0.327922
2025-09-18 04:45,0.822078
2025-09-18 05:00,0.253567
2025-09-18 05:15,0.142057
2025-09-18 05:30,0.173748
2025-09-18 05:45,0.171137
2025-09-18 06:00,0.193714
2025-09-18 06:15,0.109944
2025-09-18 06:30,0.242791
2025-09-18 06:45,0.13556
2025-09-18 07:00,0.228027
2025-09-18 07:15,0.156768
2025-09-18 07:30,0.18688
2025-09-18 07:45,0.234436
2025-09-18 08:00,0.186707
2025-09-18 08:15,0.125349
2025-09-18 08:30,0.276502
2025-09-18 08:45,0.081468
2025-09-18 09:00,0.062355
2025-09-18 09:15,0.046857
2025-09-18 09:30,0.054554
2025-09-18 09:45,0.060186
2025-09-18 10:00,0.167359
2025-09-18 10:15,1.0
2025-09-18 10:30,0.094874
2025-09-18 10:45,0.05028
2025-09-18 11:00,0.029602
2025-09-18 11:15,0.080308
2025-09-18 11:30,0.03624
2025-09-18 11:45,0.058713
2025-09-18 12:00,0.050051
2025-09-18 12:15,0.093796
2025-09-18 12:30,0.088023
2025-09-18 12:45,0.111139
2025-09-18 13:00,0.196664
2025-09-18 13:15,0.160825
2025-09-18 13:30,0.02666
2025-09-18 13:45,0.021714
2025-09-18 14:00,0.021626
2025-09-18 14:15,0.052577
2025-09-18 14:30,0.02601
2025-09-18 14:45,0.021525
2025-09-18 15:00,0.014053
2025-09-18 15:15,0.008618
2025-09-18 15:30,0.009012
2025-09-18 15:45,0.01
2025-09-18 16:00,0.011098
2025-09-18 16:15,0.016277
2025-09-18 16:30,0.003821
2025-09-18 16:45,0.006757
2025-09-18 17:00,0.007361
2025-09-18 17:15,0.011234
2025-09-18 17:30,0.00223
2025-09-18 17:45,0.005166
2025-09-18 18:00,0.013023
2025-09-18 18:15,0.004178
2025-09-18 18:30,0.006109
2025-09-18 18:45,0.00408
2025-09-18 19:00,0.003624
2025-09-18 19:15,0.003251
2025-09-18 19:30,0.002569
2025-09-18 19:45,0.001074
2025-09-18 20:00,0.002501
2025-09-18 20:15,0.00745
2025-09-18 20:30,0.012935
2025-09-18 20:45,0.003745
2025-09-18 21:00,0.002611
2025-09-18 21:15,0.004602
2025-09-18 21:30,0.002531
2025-09-18 21:45,0.005066
2025-09-18 22:00,0.000633
2025-09-18 22:15,0.002044
2025-09-18 22:30,0.00827
2025-09-18 22:45,0.028008
2025-09-18 23:00,0.030325
2025-09-18 23:15,0.031862
2025-09-18 23:30,0.02689
2025-09-18 23:45,0.043304
2025-09-19 00:00,0.064254
2025-09-19 00:15,0.138075
2025-09-19 00:30,0.077352
2025-09-19 00:45,0.104217
2025-09-19 01:00,0.100197
2025-09-19 01:15,0.117537
2025-09-19 01:30,0.09045
2025-09-19 01:45,0.173935
2025-09-19 02:00,0.312896
2025-09-19 02:15,0.097936
2025-09-19 02:30,0.043917
2025-09-19 02:45,0.04967
2025-09-19 03:00,0.066882
2025-09-19 03:15,0.615283
2025-09-19 03:30,0.040464
2025-09-19 03:45,0.038407
2025-09-19 04:00,0.071074
2025-09-19 04:15,0.076672
2025-09-19 04:30,0.16438
2025-09-19 04:45,0.576552
2025-09-19 05:00,0.097025
2025-09-19 05:15,0.06244
2025-09-19 05:30,0.071086
2025-09-19 05:45,0.105227
2025-09-19 06:00,0.070776
2025-09-19 06:15,0.076928
2025-09-19 06:30,0.101054
2025-09-19 06:45,0.099867
2025-09-19 07:00,0.092737
2025-09-19 07:15,0.081387
2025-09-19 07:30,0.097368
2025-09-19 07:45,0.060917
2025-09-19 08:00,0.082059
2025-09-19 08:15,0.047116
2025-09-19 08:30,0.067491
2025-09-19 08:45,0.076558
2025-09-19 09:00,0.076013
2025-09-19 09:15,0.06308
2025-09-19 09:30,0.048599
2025-09-19 09:45,0.151298
2025-09-19 10:00,0.103963
2025-09-19 10:15,0.094316
2025-09-19 10:30,0.024773
2025-09-19 10:45,0.017315
2025-09-19 11:00,0.019613
2025-09-19 11:15,0.02411
2025-09-19 11:30,0.065782
2025-09-19 11:45,0.048766
2025-09-19 12:00,0.011051
2025-09-19 12:15,0.015298
2025-09-19 12:30,0.009908
2025-09-19 12:45,0.014583
2025-09-19 13:00,0.009451
2025-09-19 13:15,0.018674
2025-09-19 13:30,0.01108
2025-09-19 13:45,0.01616
2025-09-19 14:00,0.011015
2025-09-19 14:15,0.011578
2025-09-19 14:30,0.011863
2025-09-19 14:45,0.013215
2025-09-19 15:00,0.005094
2025-09-19 15:15,0.003081
2025-09-19 15:30,0.002716
2025-09-19 15:45,0.017097
2025-09-19 16:00,0.005037
2025-09-19 16:15,0.005759
2025-09-19 16:30,0.005726
2025-09-19 16:45,0.006974
2025-09-19 17:00,0.005773
2025-09-19 17:15,0.00343
2025-09-19 17:30,0.014365
2025-09-19 17:45,0.005356
2025-09-19 18:00,0.010698
2025-09-19 18:15,0.004377
2025-09-19 18:30,0.004983
2025-09-19 18:45,0.003405
2025-09-19 19:00,0.007618
2025-09-19 19:15,0.000296
2025-09-19 19:30,0.001319
2025-09-19 19:45,0.004587
2025-09-19 20:00,0.001931
2025-09-19 20:15,0.00355
2025-09-19 20:30,0.007236
2025-09-19 20:45,0.005276
2025-09-19 21:00,0.005449
2025-09-19 21:15,0.005074
2025-09-19 21:30,0.001897
2025-09-19 21:45,0.000716
2025-09-19 22:00,0.004216
2025-09-19 22:15,0.003573
2025-09-19 22:30,0.013873
2025-09-19 22:45,0.019007
2025-09-19 23:00,0.01368
2025-09-19 23:15,0.008774
2025-09-19 23:30,0.012974
2025-09-19 23:45,0.00862
2025-09-20 00:00,0.020537
2025-09-20 00:15,0.017303
2025-09-20 00:30,0.015733
2025-09-20 00:45,0.009782
2025-09-20 01:00,0.013698
2025-09-20 01:15,0.023424
2025-09-20 01:30,0.158852
2025-09-20 01:45,0.09657
2025-09-20 02:00,0.009854
2025-09-20 02:15,0.015217
2025-09-20 02:30,0.008079
2025-09-20 02:45,0.015824
2025-09-20 03:00,0.011921
2025-09-20 03:15,0.016687
2025-09-20 03:30,0.021936
2025-09-20 03:45,0.01624
2025-09-20 04:00,0.021741
2025-09-20 04:15,0.011421
2025-09-20 04:30,0.010043
2025-09-20 04:45,0.026
2025-09-20 05:00,0.020026
2025-09-20 05:15,0.026353
2025-09-20 05:30,0.039725
2025-09-20 05:45,0.058052
2025-09-20 06:00,0.03146
2025-09-20 06:15,0.018591
2025-09-20 06:30,0.025552
2025-09-20 06:45,0.026773
2025-09-20 07:00,0.035133
2025-09-20 07:15,0.053278
2025-09-20 07:30,0.049298
2025-09-20 07:45,0.035802
2025-09-20 08:00,0.041097
2025-09-20 08:15,0.127147
2025-09-20 08:30,0.031397
2025-09-20 08:45,0.014207
2025-09-20 09:00,0.027025
2025-09-20 09:15,0.020223
2025-09-20 09:30,0.015729
2025-09-20 09:45,0.02595
2025-09-20 10:00,0.019868
2025-09-20 10:15,0.009665
2025-09-20 10:30,0.02035
2025-09-20 10:45,0.023642
2025-09-20 11:00,0.013833
2025-09-20 11:15,0.023092
2025-09-20 11:30,0.0076
2025-09-20 11:45,0.03337
2025-09-20 12:00,0.045435
2025-09-20 12:15,0.010108
2025-09-20 12:30,0.01506
2025-09-20 12:45,0.019699
2025-09-20 13:00,0.007645
2025-09-20 13:15,0.008299
2025-09-20 13:30,0.044707
2025-09-20 13:45,0.007093
2025-09-20 14:00,0.010487
2025-09-20 14:15,0.027319
2025-09-20 14:30,0.013632
2025-09-20 14:45,0.022205
2025-09-20 15:00,0.003943
2025-09-20 15:15,0.009702
2025-09-20 15:30,0.011479
2025-09-20 15:45,0.003615
2025-09-20 16:00,0.01166
2025-09-20 16:15,0.049436
2025-09-20 16:30,0.015257
2025-09-20 16:45,0.012486
2025-09-20 17:00,0.011118
2025-09-20 17:15,0.00874
2025-09-20 17:30,0.01105
2025-09-20 17:45,0.010233
2025-09-20 18:00,0.011078
2025-09-20 18:15,0.003823
2025-09-20 18:30,0.006173
2025-09-20 18:45,0.007066
2025-09-20 19:00,0.005017
2025-09-20 19:15,0.003229
2025-09-20 19:30,0.001154
2025-09-20 19:45,0.00092
2025-09-20 20:00,0.002958
2025-09-20 20:15,0.002277
2025-09-20 20:30,0.001302
2025-09-20 20:45,0.014786
2025-09-20 21:00,0.027853
2025-09-20 21:15,0.005272
2025-09-20 21:30,0.003329
2025-09-20 21:45,0.000645
2025-09-20 22:00,0.004738
2025-09-20 22:15,0.001267
2025-09-20 22:30,0.0026
2025-09-20 22:45,0.004024
2025-09-20 23:00,0.00068
2025-09-20 23:15,0.03383
2025-09-20 23:30,0.024244
2025-09-20 23:45,0.004999
2025-09-21 00:00,0.008462
2025-09-21 00:15,0.006816
2025-09-21 00:30,0.004651
2025-09-21 00:45,0.050137
2025-09-21 01:00,0.055076
2025-09-21 01:15,0.043893
2025-09-21 01:30,0.109949
2025-09-21 01:45,0.051668
2025-09-21 02:00,0.016759
2025-09-21 02:15,0.021399
2025-09-21 02:30,0.008081
2025-09-21 02:45,0.008678
2025-09-21 03:00,0.016867
2025-09-21 03:15,0.006769
2025-09-21 03:30,0.003205
2025-09-21 03:45,0.01648
2025-09-21 04:00,0.011594
2025-09-21 04:15,0.02127
2025-09-21 04:30,0.039108
2025-09-21 04:45,0.043044
2025-09-21 05:00,0.036116
2025-09-21 05:15,0.040168
2025-09-21 05:30,0.013511
2025-09-21 05:45,0.009091
2025-09-21 06:00,0.021649
2025-09-21 06:15,0.025451
2025-09-21 06:30,0.122566
2025-09-21 06:45,0.061288
2025-09-21 07:00,0.04675
2025-09-21 07:15,0.015659
2025-09-21 07:30,0.016989
2025-09-21 07:45,0.026183
2025-09-21 08:00,0.026547
2025-09-21 08:15,0.017488
2025-09-21 08:30,0.016334
2025-09-21 08:45,0.034634
2025-09-21 09:00,0.021504
2025-09-21 09:15,0.02392
2025-09-21 09:30,0.039215
2025-09-21 09:45,0.039777
2025-09-21 10:00,0.026442
2025-09-21 10:15,0.021567
2025-09-21 10:30,0.027629
2025-09-21 10:45,0.027002
2025-09-21 11:00,0.021717
2025-09-21 11:15,0.025163
2025-09-21 11:30,0.013351
2025-09-21 11:45,0.028388
2025-09-21 12:00,0.023539
2025-09-21 12:15,0.023619
2025-09-21 12:30,0.033932
2025-09-21 12:45,0.021519
2025-09-21 13:00,0.023204
2025-09-21 13:15,0.013366
2025-09-21 13:30,0.011099
2025-09-21 13:45,0.020708
2025-09-21 14:00,0.011867
2025-09-21 14:15,0.01047
2025-09-21 14:30,0.010641
2025-09-21 14:45,0.017685
2025-09-21 15:00,0.022178
2025-09-21 15:15,0.027841
2025-09-21 15:30,0.00904
2025-09-21 15:45,0.014908
2025-09-21 16:00,0.01024
2025-09-21 16:15,0.005082
2025-09-21 16:30,0.010591
2025-09-21 16:45,0.008087
2025-09-21 17:00,0.008152
2025-09-21 17:15,0.010429
2025-09-21 17:30,0.008475
2025-09-21 17:45,0.007664
2025-09-21 18:00,0.013687
2025-09-21 18:15,0.012863
2025-09-21 18:30,0.002456
2025-09-21 18:45,0.005503
2025-09-21 19:00,0.002116
2025-09-21 19:15,0.002952
2025-09-21 19:30,0.001025
2025-09-21 19:45,0.007607
2025-09-21 20:00,0.00468
2025-09-21 20:15,0.004788
2025-09-21 20:30,0.020608
2025-09-21 20:45,0.00131
2025-09-21 21:00,0.001135
2025-09-21 21:15,0.002719
2025-09-21 21:30,0.000764
2025-09-21 21:45,0.00527
2025-09-21 22:00,0.004562
2025-09-21 22:15,0.008185
2025-09-21 22:30,0.007783
2025-09-21 22:45,0.021258
2025-09-21 23:00,0.01104
2025-09-21 23:15,0.019642
2025-09-21 23:30,0.036845
2025-09-21 23:45,0.05332
2025-09-22 00:00,0.077942
2025-09-22 00:15,0.088095
2025-09-22 00:30,0.082564
2025-09-22 00:45,0.175052
2025-09-22 01:00,0.275923
2025-09-22 01:15,0.180389
2025-09-22 01:30,0.328801
2025-09-22 01:45,0.109627
2025-09-22 02:00,0.112023
2025-09-22 02:15,0.125731
2025-09-22 02:30,0.103443
2025-09-22 02:45,0.073337
2025-09-22 03:00,0.074576
2025-09-22 03:15,0.114684
2025-09-22 03:30,0.081577
2025-09-22 03:45,0.224827
2025-09-22 04:00,0.14842
2025-09-22 04:15,0.137633
2025-09-22 04:30,0.21135
2025-09-22 04:45,0.223846
2025-09-22 05:00,0.22933
2025-09-22 05:15,0.312512
2025-09-22 05:30,0.310581
2025-09-22 05:45,0.136254
2025-09-22 06:00,0.110685
2025-09-22 06:15,0.106183
2025-09-22 06:30,0.132213
2025-09-22 06:45,0.13769
2025-09-22 07:00,0.114316
2025-09-22 07:15,0.143279
2025-09-22 07:30,0.122615
2025-09-22 07:45,0.142597
2025-09-22 08:00,0.144644
2025-09-22 08:15,0.087397
2025-09-22 08:30,0.099508
2025-09-22 08:45,0.305258
2025-09-22 09:00,0.045995
2025-09-22 09:15,0.067229
2025-09-22 09:30,0.05746
2025-09-22 09:45,0.034993
2025-09-22 10:00,0.047275
2025-09-22 10:15,0.046821
2025-09-22 10:30,0.027321
2025-09-22 10:45,0.063149
2025-09-22 11:00,0.106566
2025-09-22 11:15,0.068284
2025-09-22 11:30,0.061287
2025-09-22 11:45,0.062026
2025-09-22 12:00,0.128282
2025-09-22 12:15,0.118409
2025-09-22 12:30,0.057744
2025-09-22 12:45,0.060215
2025-09-22 13:00,0.02606
2025-09-22 13:15,0.023082
2025-09-22 13:30,0.024047
2025-09-22 13:45,0.019038
2025-09-22 14:00,0.026763
2025-09-22 14:15,0.019493
2025-09-22 14:30,0.023983
2025-09-22 14:45,0.017336
2025-09-22 15:00,0.013446
2025-09-22 15:15,0.023599
2025-09-22 15:30,0.031115
2025-09-22 15:45,0.009464
2025-09-22 16:00,0.016308
2025-09-22 16:15,0.020088
2025-09-22 16:30,0.018908
2025-09-22 16:45,0.056635
2025-09-22 17:00,0.011123
2025-09-22 17:15,0.012875
2025-09-22 17:30,0.00493
2025-09-22 17:45,0.005527
2025-09-22 18:00,0.014878
2025-09-22 18:15,0.003197
2025-09-22 18:30,0.005671
2025-09-22 18:45,0.011005
2025-09-22 19:00,0.00975
2025-09-22 19:15,0.003001
2025-09-22 19:30,0.000982
2025-09-22 19:45,0.003623
2025-09-22 20:00,0.004006
2025-09-22 20:15,0.00322
2025-09-22 20:30,0.007498
2025-09-22 20:45,0.005376
2025-09-22 21:00,0.00294
2025-09-22 21:15,0.002868
2025-09-22 21:30,0.00264
2025-09-22 21:45,0.004499
2025-09-22 22:00,0.005305
2025-09-22 22:15,0.003812
2025-09-22 22:30,0.007313
2025-09-22 22:45,0.006484
2025-09-22 23:00,0.035677
2025-09-22 23:15,0.040283
2025-09-22 23:30,0.025124
2025-09-22 23:45,0.134271
2025-09-23 00:00,0.134067
2025-09-23 00:15,0.067895
2025-09-23 00:30,0.100374
2025-09-23 00:45,0.245209
2025-09-23 01:00,0.225933
2025-09-23 01:15,0.110726
2025-09-23 01:30,0.125051
2025-09-23 01:45,0.112277
2025-09-23 02:00,0.150834
2025-09-23 02:15,0.087271
2025-09-23 02:30,0.103749
2025-09-23 02:45,0.068273
2025-09-23 03:00,0.046302
2025-09-23 03:15,0.051767
2025-09-23 03:30,0.070283
2025-09-23 03:45,0.069077
2025-09-23 04:00,0.309902
2025-09-23 04:15,0.116707
2025-09-23 04:30,0.111717
2025-09-23 04:45,0.09968
2025-09-23 05:00,0.157841
2025-09-23 05:15,0.106087
2025-09-23 05:30,0.088462
2025-09-23 05:45,0.118229
2025-09-23 06:00,0.093076
2025-09-23 06:15,0.093606
2025-09-23 06:30,0.066794
2025-09-23 06:45,0.109248
2025-09-23 07:00,0.101882
2025-09-23 07:15,0.097393
2025-09-23 07:30,0.108032
2025-09-23 07:45,0.070104
2025-09-23 08:00,0.125206
2025-09-23 08:15,0.083849
2025-09-23 08:30,0.066447
2025-09-23 08:45,0.107914
2025-09-23 09:00,0.083411
2025-09-23 09:15,0.1233
2025-09-23 09:30,0.121392
2025-09-23 09:45,0.070296
2025-09-23 10:00,0.060886
2025-09-23 10:15,0.044876
2025-09-23 10:30,0.04405
2025-09-23 10:45,0.053679
2025-09-23 11:00,0.057862
2025-09-23 11:15,0.037674
2025-09-23 11:30,0.023338
2025-09-23 11:45,0.030225
2025-09-23 12:00,0.047393
2025-09-23 12:15,0.046656
2025-09-23 12:30,0.036611
2025-09-23 12:45,0.040185
2025-09-23 13:00,0.015591
2025-09-23 13:15,0.026602
2025-09-23 13:30,0.026118
2025-09-23 13:45,0.054678
2025-09-23 14:00,0.027147
2025-09-23 14:15,0.040621
2025-09-23 14:30,0.016492
2025-09-23 14:45,0.026033
2025-09-23 15:00,0.011019
2025-09-23 15:15,0.009823
2025-09-23 15:30,0.014406
2025-09-23 15:45,0.061433
2025-09-23 16:00,0.018871
2025-09-23 16:15,0.011737
2025-09-23 16:30,0.004749
2025-09-23 16:45,0.002527
2025-09-23 17:00,0.011599
2025-09-23 17:15,0.006496
2025-09-23 17:30,0.006901
2025-09-23 17:45,0.007424
2025-09-23 18:00,0.019416
2025-09-23 18:15,0.0045
2025-09-23 18:30,0.015093
2025-09-23 18:45,0.007959
2025-09-23 19:00,0.004278
2025-09-23 19:15,0.008124
2025-09-23 19:30,0.003522
2025-09-23 19:45,0.0021
2025-09-23 20:00,0.007058
2025-09-23 20:15,0.001781
2025-09-23 20:30,0.006361
2025-09-23 20:45,0.002872
2025-09-23 21:00,0.014721
2025-09-23 21:15,0.008012
2025-09-23 21:30,0.006709
2025-09-23 21:45,0.004117
2025-09-23 22:00,0.003417
2025-09-23 22:15,0.01145
2025-09-23 22:30,0.038752
2025-09-23 22:45,0.01406
2025-09-23 23:00,0.017188
2025-09-23 23:15,0.011914
2025-09-23 23:30,0.028486
2025-09-23 23:45,0.064394
2025-09-24 00:00,0.073818
2025-09-24 00:00,0.026744
2025-09-24 00:15,0.028797
2025-09-24 00:30,0.020713
2025-09-24 00:45,0.030579
2025-09-24 01:00,0.041795
2025-09-24 01:15,0.042768
2025-09-24 01:30,0.033689
2025-09-24 01:45,0.032
2025-09-24 02:00,0.037216
2025-09-24 02:15,0.053474
2025-09-24 02:30,0.021889
2025-09-24 02:45,0.028304
2025-09-24 03:00,0.025219
2025-09-24 03:15,0.027161
2025-09-24 03:30,0.05328
2025-09-24 03:45,0.042024
2025-09-24 04:00,0.059538
2025-09-24 04:15,0.05079
2025-09-24 04:30,0.031332
2025-09-24 04:45,0.032282
2025-09-24 05:00,0.11359
2025-09-24 05:15,0.037491
2025-09-24 05:30,0.06344
2025-09-24 05:45,0.045264
2025-09-24 06:00,0.034251
2025-09-24 06:15,0.040716
2025-09-24 06:30,0.056695
2025-09-24 06:45,0.03672
2025-09-24 07:00,0.027788
2025-09-24 07:15,0.087367
2025-09-24 07:30,0.038949
2025-09-24 07:45,0.037223
2025-09-24 08:00,0.047829
2025-09-24 08:15,0.06291
2025-09-24 08:30,0.039252
2025-09-24 08:45,0.025028
2025-09-24 09:00,0.022187
2025-09-24 09:15,0.027698
2025-09-24 09:30,0.033313
2025-09-24 09:45,0.013772
2025-09-24 10:00,0.014598
2025-09-24 10:15,0.009099
2025-09-24 10:30,0.015339
2025-09-24 10:45,0.023324
2025-09-24 11:00,0.016257
2025-09-24 11:15,0.01169
2025-09-24 11:30,0.004819
2025-09-24 11:45,0.011106
2025-09-24 12:00,0.0096
2025-09-24 12:15,0.010489
2025-09-24 12:30,0.00614
2025-09-24 12:45,0.012589
2025-09-24 13:00,0.008441
2025-09-24 13:15,0.013024
2025-09-24 13:30,0.015371
2025-09-24 13:45,0.017933
2025-09-24 14:00,0.010264
2025-09-24 14:15,0.00652
2025-09-24 14:30,0.009591
2025-09-24 14:45,0.008043
2025-09-24 15:00,0.045013
2025-09-24 15:15,0.006162
2025-09-24 15:30,0.003141
2025-09-24 15:45,0.003517
2025-09-24 16:00,0.007246
2025-09-24 16:15,0.002178
2025-09-24 16:30,0.004128
2025-09-24 16:45,0.002914
2025-09-24 17:00,0.007992
2025-09-24 17:15,0.005019
2025-09-24 17:30,0.007789
2025-09-24 17:45,0.005601
2025-09-24 18:00,0.007508
2025-09-24 18:15,0.003715
2025-09-24 18:30,0.004777
2025-09-24 18:45,0.004336
2025-09-24 19:00,0.007165
2025-09-24 19:15,0.007764
2025-09-24 19:30,0.004003
2025-09-24 19:45,0.002938
2025-09-24 20:00,0.001218
2025-09-24 20:15,0.00313
2025-09-24 20:30,0.007662
2025-09-24 20:45,0.001199
2025-09-24 21:00,0.00316
2025-09-24 21:15,0.003581
2025-09-24 21:30,0.005131
2025-09-24 21:45,0.002372
2025-09-24 22:00,0.002851
2025-09-24 22:15,0.001962
2025-09-24 22:30,0.013798
2025-09-24 22:45,0.01855
2025-09-24 23:00,0.007875
2025-09-24 23:15,0.007146
2025-09-24 23:30,0.010635
2025-09-24 23:45,0.018237
2025-09-25 00:00,0.025562
2025-09-25 00:15,0.028398
2025-09-25 00:30,0.036494
2025-09-25 00:45,0.032241
2025-09-25 01:00,0.045147
2025-09-25 01:15,0.262342
2025-09-25 01:30,0.937565
2025-09-25 01:45,1.0
2025-09-25 02:00,0.499179
2025-09-25 02:15,0.04056
2025-09-25 02:30,0.036647
2025-09-25 02:45,0.022894
2025-09-25 03:00,0.025761
2025-09-25 03:15,0.028614
2025-09-25 03:30,0.112334
2025-09-25 03:45,0.044788
2025-09-25 04:00,0.030792
2025-09-25 04:15,0.042591
2025-09-25 04:30,0.035385
2025-09-25 04:45,0.035931
2025-09-25 05:00,0.052765
2025-09-25 05:15,0.045777
2025-09-25 05:30,0.053262
2025-09-25 05:45,0.03309
2025-09-25 06:00,0.03424
2025-09-25 06:15,0.034251
2025-09-25 06:30,0.036341
2025-09-25 06:45,0.033961
2025-09-25 07:00,0.044941
2025-09-25 07:15,0.046949
2025-09-25 07:30,0.041256
2025-09-25 07:45,0.036274
2025-09-25 08:00,0.043763
2025-09-25 08:15,0.053222
2025-09-25 08:30,0.05994
2025-09-25 08:45,0.028521
2025-09-25 09:00,0.024531
2025-09-25 09:15,0.016938
2025-09-25 09:30,0.040085
2025-09-25 09:45,0.016405
2025-09-25 10:00,0.023511
2025-09-25 10:15,0.014021
2025-09-25 10:30,0.013587
2025-09-25 10:45,0.01626
2025-09-25 11:00,0.010621
2025-09-25 11:15,0.018191
2025-09-25 11:30,0.012157
2025-09-25 11:45,0.00925
2025-09-25 12:00,0.013849
2025-09-25 12:15,0.012725
2025-09-25 12:30,0.010322
2025-09-25 12:45,0.00808
2025-09-25 13:00,0.009014
2025-09-25 13:15,0.005732
2025-09-25 13:30,0.00969
2025-09-25 13:45,0.009889
2025-09-25 14:00,0.007985
2025-09-25 14:15,0.006128
2025-09-25 14:30,0.004846
2025-09-25 14:45,0.002784
2025-09-25 15:00,0.004375
2025-09-25 15:15,0.002867
2025-09-25 15:30,0.002329
2025-09-25 15:45,0.002171
2025-09-25 16:00,0.004733
2025-09-25 16:15,0.006052
2025-09-25 16:30,0.008156
2025-09-25 16:45,0.007637
2025-09-25 17:00,0.004143
2025-09-25 17:15,0.00469
2025-09-25 17:30,0.005878
2025-09-25 17:45,0.004407
2025-09-25 18:00,0.007457
2025-09-25 18:15,0.00563
2025-09-25 18:30,0.006601
2025-09-25 18:45,0.002135
2025-09-25 19:00,0.002156
2025-09-25 19:15,0.003458
2025-09-25 19:30,0.00295
2025-09-25 19:45,0.001973
2025-09-25 20:00,0.00201
2025-09-25 20:15,0.002163
2025-09-25 20:30,0.005415
2025-09-25 20:45,0.002647
2025-09-25 21:00,0.00219
2025-09-25 21:15,0.000962
2025-09-25 21:30,0.002286
2025-09-25 21:45,0.002178
2025-09-25 22:00,0.00331
2025-09-25 22:15,0.001799
2025-09-25 22:30,0.002379
2025-09-25 22:45,0.009595
2025-09-25 23:00,0.005566
2025-09-25 23:15,0.003829
2025-09-25 23:30,0.008002
2025-09-25 23:45,0.011649
2025-09-26 00:00,0.02664
2025-09-26 00:15,0.024013
2025-09-26 00:30,0.030479
2025-09-26 00:45,0.06151
2025-09-26 01:00,0.080471
2025-09-26 01:15,0.042178
2025-09-26 01:30,0.069059
2025-09-26 01:45,0.074625
2025-09-26 02:00,0.037832
2025-09-26 02:15,0.037631
2025-09-26 02:30,0.035327
2025-09-26 02:45,0.048057
2025-09-26 03:00,0.075925
2025-09-26 03:15,0.0217
2025-09-26 03:30,0.024659
2025-09-26 03:45,0.035983
2025-09-26 04:00,0.034129
2025-09-26 04:15,0.026533
2025-09-26 04:30,0.034258
2025-09-26 04:45,0.043331
2025-09-26 05:00,0.021938
2025-09-26 05:15,0.022963
2025-09-26 05:30,0.03337
2025-09-26 05:45,0.028164
2025-09-26 06:00,0.037132
2025-09-26 06:15,0.037239
2025-09-26 06:30,0.067329
2025-09-26 06:45,0.061865
2025-09-26 07:00,0.043002
2025-09-26 07:15,0.027621
2025-09-26 07:30,0.02872
2025-09-26 07:45,0.032609
2025-09-26 08:00,0.03738
2025-09-26 08:15,0.040595
2025-09-26 08:30,0.088504
2025-09-26 08:45,0.030606
2025-09-26 09:00,0.018558
2025-09-26 09:15,0.017205
2025-09-26 09:30,0.016891
2025-09-26 09:45,0.022015
2025-09-26 10:00,0.028686
2025-09-26 10:15,0.024336
2025-09-26 10:30,0.014916
2025-09-26 10:45,0.017057
2025-09-26 11:00,0.020723
2025-09-26 11:15,0.023511
2025-09-26 11:30,0.02783
2025-09-26 11:45,0.011889
2025-09-26 12:00,0.012992
2025-09-26 12:15,0.008593
2025-09-26 12:30,0.021539
2025-09-26 12:45,0.007284
2025-09-26 13:00,0.0079
2025-09-26 13:15,0.005381
2025-09-26 13:30,0.007727
2025-09-26 13:45,0.009994
2025-09-26 14:00,0.012968
2025-09-26 14:15,0.012922
2025-09-26 14:30,0.014221
2025-09-26 14:45,0.006412
2025-09-26 15:00,0.006074
2025-09-26 15:15,0.009143
2025-09-26 15:30,0.009514
2025-09-26 15:45,0.003765
2025-09-26 16:00,0.003132
2025-09-26 16:15,0.005176
2025-09-26 16:30,0.005409
2025-09-26 16:45,0.008274
2025-09-26 17:00,0.005653
2025-09-26 17:15,0.004873
2025-09-26 17:30,0.008169
2025-09-26 17:45,0.005372
2025-09-26 18:00,0.007016
2025-09-26 18:15,0.002499
2025-09-26 18:30,0.007059
2025-09-26 18:45,0.006989
2025-09-26 19:00,0.006184
2025-09-26 19:15,0.006466
2025-09-26 19:30,0.00481
2025-09-26 19:45,0.00636
2025-09-26 20:00,0.003273
2025-09-26 20:15,0.003343
2025-09-26 20:30,0.033107
2025-09-26 20:45,0.016443
2025-09-26 21:00,0.003097
2025-09-26 21:15,0.004676
2025-09-26 21:30,0.005294
2025-09-26 21:45,0.005045
2025-09-26 22:00,0.003964
2025-09-26 22:15,0.003782
2025-09-26 22:30,0.010835
2025-09-26 22:45,0.004756
2025-09-26 23:00,0.004384
2025-09-26 23:15,0.002969
2025-09-26 23:30,0.005065
2025-09-26 23:45,0.005796
2025-09-27 00:00,0.014509
2025-09-27 00:15,0.003895
2025-09-27 00:30,0.003663
2025-09-27 00:45,0.035425
2025-09-27 01:00,0.022382
2025-09-27 01:15,0.013237
2025-09-27 01:30,0.00514
2025-09-27 01:45,0.009057
2025-09-27 02:00,0.011845
2025-09-27 02:15,0.015835
2025-09-27 02:30,0.007927
2025-09-27 02:45,0.009992
2025-09-27 03:00,0.0088
2025-09-27 03:15,0.011487
2025-09-27 03:30,0.009453
2025-09-27 03:45,0.00901
2025-09-27 04:00,0.013175
2025-09-27 04:15,0.007581
2025-09-27 04:30,0.009935
2025-09-27 04:45,0.00595
2025-09-27 05:00,0.007325
2025-09-27 05:15,0.009729
2025-09-27 05:30,0.006025
2025-09-27 05:45,0.013769
2025-09-27 06:00,0.007678
2025-09-27 06:15,0.01071
2025-09-27 06:30,0.009896
2025-09-27 06:45,0.014056
2025-09-27 07:00,0.008135
2025-09-27 07:15,0.016169
2025-09-27 07:30,0.015988
2025-09-27 07:45,0.020089
2025-09-27 08:00,0.019524
2025-09-27 08:15,0.017644
2025-09-27 08:30,0.018776
2025-09-27 08:45,0.013314
2025-09-27 09:00,0.007797
2025-09-27 09:15,0.013788
2025-09-27 09:30,0.0082
2025-09-27 09:45,0.006853
2025-09-27 10:00,0.021277
2025-09-27 10:15,0.033685
2025-09-27 10:30,0.012309
2025-09-27 10:45,0.023031
2025-09-27 11:00,0.013929
2025-09-27 11:15,0.010647
2025-09-27 11:30,0.01213
2025-09-27 11:45,0.011833
2025-09-27 12:00,0.009684
2025-09-27 12:15,0.009311
2025-09-27 12:30,0.007888
2025-09-27 12:45,0.009525
2025-09-27 13:00,0.008605
2025-09-27 13:15,0.006556
2025-09-27 13:30,0.010206
2025-09-27 13:45,0.016457
2025-09-27 14:00,0.007374
2025-09-27 14:15,0.007774
2025-09-27 14:30,0.017794
2025-09-27 14:45,0.010774
2025-09-27 15:00,0.014035
2025-09-27 15:15,0.013792
2025-09-27 15:30,0.022746
2025-09-27 15:45,0.00961
2025-09-27 16:00,0.009095
2025-09-27 16:15,0.007174
2025-09-27 16:30,0.008055
2025-09-27 16:45,0.013973
2025-09-27 17:00,0.008447
2025-09-27 17:15,0.014713
2025-09-27 17:30,0.008598
2025-09-27 17:45,0.004388
2025-09-27 18:00,0.010591
2025-09-27 18:15,0.004505
2025-09-27 18:30,0.005981
2025-09-27 18:45,0.006832
2025-09-27 19:00,0.007687
2025-09-27 19:15,0.005453
2025-09-27 19:30,0.005904
2025-09-27 19:45,0.008839
2025-09-27 20:00,0.005052
2025-09-27 20:15,0.002747
2025-09-27 20:30,0.00412
2025-09-27 20:45,0.001855
2025-09-27 21:00,0.005346
2025-09-27 21:15,0.004743
2025-09-27 21:30,0.004767
2025-09-27 21:45,0.005043
2025-09-27 22:00,0.003464
2025-09-27 22:15,0.004918
2025-09-27 22:30,0.00479
2025-09-27 22:45,0.005562
2025-09-27 23:00,0.007356
2025-09-27 23:15,0.004018
2025-09-27 23:30,0.002877
2025-09-27 23:45,0.019483
2025-09-28 00:00,0.004177
2025-09-28 00:15,0.002562
2025-09-28 00:30,0.014423
2025-09-28 00:45,0.006557
2025-09-28 01:00,0.004841
2025-09-28 01:15,0.004063
2025-09-28 01:30,0.002447
2025-09-28 01:45,0.002892
2025-09-28 02:00,0.031238
2025-09-28 02:15,0.003563
2025-09-28 02:30,0.002581
2025-09-28 02:45,0.006602
2025-09-28 03:00,0.013576
2025-09-28 03:15,0.006437
2025-09-28 03:30,0.005733
2025-09-28 03:45,0.004573
2025-09-28 04:00,0.021679
2025-09-28 04:15,0.015284
2025-09-28 04:30,0.049367
2025-09-28 04:45,0.007274
2025-09-28 05:00,0.005152
2025-09-28 05:15,0.007093
2025-09-28 05:30,0.011974
2025-09-28 05:45,0.00598
2025-09-28 06:00,0.006629
2025-09-28 06:15,0.010995
2025-09-28 06:30,0.007054
2025-09-28 06:45,0.007648
2025-09-28 07:00,0.00776
2025-09-28 07:15,0.014758
2025-09-28 07:30,0.007496
2025-09-28 07:45,0.009213
2025-09-28 08:00,0.005717
2025-09-28 08:15,0.007501
2025-09-28 08:30,0.007459
2025-09-28 08:45,0.017425
2025-09-28 09:00,0.011064
2025-09-28 09:15,0.006864
2025-09-28 09:30,0.010363
2025-09-28 09:45,0.014963
2025-09-28 10:00,0.004665
2025-09-28 10:15,0.0039
2025-09-28 10:30,0.012583
2025-09-28 10:45,0.00663
2025-09-28 11:00,0.020229
2025-09-28 11:15,0.022995
2025-09-28 11:30,0.006445
2025-09-28 11:45,0.008916
2025-09-28 12:00,0.010242
2025-09-28 12:15,0.006204
2025-09-28 12:30,0.00952
2025-09-28 12:45,0.020099
2025-09-28 13:00,0.01969
2025-09-28 13:15,0.018308
2025-09-28 13:30,0.011877
2025-09-28 13:45,0.008298
2025-09-28 14:00,0.008666
2025-09-28 14:15,0.018627
2025-09-28 14:30,0.009238
2025-09-28 14:45,0.010419
2025-09-28 15:00,0.011505
2025-09-28 15:15,0.004957
2025-09-28 15:30,0.009956
2025-09-28 15:45,0.002757
2025-09-28 16:00,0.002112
2025-09-28 16:15,0.001636
2025-09-28 16:30,0.002887
2025-09-28 16:45,0.000921
2025-09-28 17:00,0.001489
2025-09-28 17:15,0.002067
2025-09-28 17:30,0.003326
2025-09-28 17:45,0.016196
2025-09-28 18:00,0.003698
2025-09-28 18:15,0.001262
2025-09-28 18:30,0.00097
2025-09-28 18:45,0.001503
2025-09-28 19:00,0.002266
2025-09-28 19:15,0.001235
2025-09-28 19:30,0.002754
2025-09-28 19:45,0.001146
2025-09-28 20:00,0.001098
2025-09-28 20:15,0.003451
2025-09-28 20:30,0.004249
2025-09-28 20:45,0.005338
2025-09-28 21:00,0.002783
2025-09-28 21:15,0.002713
2025-09-28 21:30,0.002337
2025-09-28 21:45,0.017536
2025-09-28 22:00,0.005106
2025-09-28 22:15,0.006806
2025-09-28 22:30,0.002788
2025-09-28 22:45,0.004347
2025-09-28 23:00,0.005642
2025-09-28 23:15,0.010848
2025-09-28 23:30,0.011492
2025-09-28 23:45,0.024408
2025-09-29 00:00,0.026181
2025-09-29 00:15,0.086614
2025-09-29 00:30,0.110137
2025-09-29 00:45,0.055168
2025-09-29 01:00,0.154949
2025-09-29 01:15,0.062724
2025-09-29 01:30,0.040545
2025-09-29 01:45,0.051255
2025-09-29 02:00,0.058106
2025-09-29 02:15,0.049046
2025-09-29 02:30,0.03353
2025-09-29 02:45,0.028635
2025-09-29 03:00,0.031965
2025-09-29 03:15,0.027583
2025-09-29 03:30,0.021938
2025-09-29 03:45,0.030454
2025-09-29 04:00,0.071958
2025-09-29 04:15,0.04491
2025-09-29 04:30,0.039396
2025-09-29 04:45,0.074077
2025-09-29 05:00,0.077797
2025-09-29 05:15,0.086842
2025-09-29 05:30,0.061198
2025-09-29 05:45,0.041739
2025-09-29 06:00,0.046048
2025-09-29 06:15,0.049635
2025-09-29 06:30,0.077376
2025-09-29 06:45,0.041907
2025-09-29 07:00,0.045751
2025-09-29 07:15,0.046029
2025-09-29 07:30,0.063361
2025-09-29 07:45,0.060641
2025-09-29 08:00,0.125554
2025-09-29 08:15,0.055407
2025-09-29 08:30,0.075303
2025-09-29 08:45,0.09057
2025-09-29 09:00,0.048554
2025-09-29 09:15,0.023062
2025-09-29 09:30,0.188377
2025-09-29 09:45,0.044654
2025-09-29 10:00,0.024252
2025-09-29 10:15,0.010985
2025-09-29 10:30,0.018737
2025-09-29 10:45,0.022442
2025-09-29 11:00,0.016168
2025-09-29 11:15,0.112772
2025-09-29 11:30,0.016882
2025-09-29 11:45,0.025287
2025-09-29 12:00,0.027602
2025-09-29 12:15,0.019388
2025-09-29 12:30,0.019391
2025-09-29 12:45,0.019495
2025-09-29 13:00,0.018037
2025-09-29 13:15,0.011867
2025-09-29 13:30,0.017566
2025-09-29 13:45,0.0125
2025-09-29 14:00,0.011263
2025-09-29 14:15,0.018242
2025-09-29 14:30,0.01923
2025-09-29 14:45,0.010723
2025-09-29 15:00,0.014252
2025-09-29 15:15,0.014558
2025-09-29 15:30,0.012165
2025-09-29 15:45,0.012527
2025-09-29 16:00,0.012509
2025-09-29 16:15,0.013867
2025-09-29 16:30,0.005786
2025-09-29 16:45,0.030683
2025-09-29 17:00,0.035378
2025-09-29 17:15,0.006228
2025-09-29 17:30,0.001861
2025-09-29 17:45,0.002674
2025-09-29 18:00,0.006382
2025-09-29 18:15,0.004784
2025-09-29 18:30,0.001949
2025-09-29 18:45,0.003177
2025-09-29 19:00,0.002643
2025-09-29 19:15,0.003722
2025-09-29 19:30,0.005108
2025-09-29 19:45,0.004953
2025-09-29 20:00,0.00154
2025-09-29 20:15,0.002327
2025-09-29 20:30,0.001421
2025-09-29 20:45,0.001068
2025-09-29 21:00,0.001093
2025-09-29 21:15,0.001257
2025-09-29 21:30,0.000355
2025-09-29 21:45,0.002113
2025-09-29 22:00,0.001885
2025-09-29 22:15,0.001331
2025-09-29 22:30,0.00528
2025-09-29 22:45,0.004723
2025-09-29 23:00,0.00575
2025-09-29 23:15,0.005898
2025-09-29 23:30,0.008253
2025-09-29 23:45,0.031015
2025-09-30 00:00,0.074773
2025-09-30 00:15,0.029244
2025-09-30 00:30,0.041117
2025-09-30 00:45,0.04034
2025-09-30 01:00,0.032885
2025-09-30 01:15,0.060754
2025-09-30 01:30,0.059509
2025-09-30 01:45,0.060476
2025-09-30 02:00,0.047899
2025-09-30 02:15,0.05069
2025-09-30 02:30,0.0539
2025-09-30 02:45,0.033623
2025-09-30 03:00,0.017742
2025-09-30 03:15,0.020541
2025-09-30 03:30,0.074546
2025-09-30 03:45,0.041729
2025-09-30 04:00,0.174569
2025-09-30 04:15,0.100694
2025-09-30 04:30,0.072749
2025-09-30 04:45,0.040734
2025-09-30 05:00,0.056806
2025-09-30 05:15,0.053972
2025-09-30 05:30,0.062272
2025-09-30 05:45,0.058243
2025-09-30 06:00,0.092515
2025-09-30 06:15,0.067526
2025-09-30 06:30,0.036137
2025-09-30 06:45,0.039181
2025-09-30 07:00,0.048849
2025-09-30 07:15,0.065716
2025-09-30 07:30,0.106026
2025-09-30 07:45,0.041877
2025-09-30 08:00,0.055578
2025-09-30 08:15,0.122158
2025-09-30 08:30,0.056241
2025-09-30 08:45,0.058977
2025-09-30 09:00,0.028671
2025-09-30 09:15,0.01683
2025-09-30 09:30,0.03461
2025-09-30 09:45,0.017478
2025-09-30 10:00,0.021166
2025-09-30 10:15,0.054971
2025-09-30 10:30,0.05879
2025-09-30 10:45,0.061238
2025-09-30 11:00,0.012722
2025-09-30 11:15,0.023542
2025-09-30 11:30,0.020673
2025-09-30 11:45,0.022012
2025-09-30 12:00,0.007528
2025-09-30 12:15,0.010576
2025-09-30 12:30,0.033874
2025-09-30 12:45,0.053734
2025-09-30 13:00,0.024485
2025-09-30 13:15,0.065261
2025-09-30 13:30,0.013298
2025-09-30 13:45,0.015593
2025-09-30 14:00,0.013215
2025-09-30 14:15,0.008815
2025-09-30 14:30,0.013255
2025-09-30 14:45,0.002755
2025-09-30 15:00,0.015074
2025-09-30 15:15,0.008494
2025-09-30 15:30,0.004251
2025-09-30 15:45,0.006742
2025-09-30 16:00,0.017345
2025-09-30 16:15,0.01545
2025-09-30 16:30,0.010682
2025-09-30 16:45,0.004432
2025-09-30 17:00,0.005618
2025-09-30 17:15,0.002045
2025-09-30 17:30,0.008403
2025-09-30 17:45,0.002482
2025-09-30 18:00,0.008884
2025-09-30 18:15,0.005841
2025-09-30 18:30,0.014627
2025-09-30 18:45,0.004116
2025-09-30 19:00,0.014071
2025-09-30 19:15,0.001798
2025-09-30 19:30,0.0036
2025-09-30 19:45,0.00925
2025-09-30 20:00,0.001344
2025-09-30 20:15,0.007404
2025-09-30 20:30,0.008734
2025-09-30 20:45,0.006335
2025-09-30 21:00,0.007241
2025-09-30 21:15,0.003762
2025-09-30 21:30,0.002744
2025-09-30 21:45,0.002533
2025-09-30 22:00,0.00349
2025-09-30 22:15,0.002906
2025-09-30 22:30,0.005455
2025-09-30 22:45,0.00202
2025-09-30 23:00,0.003283
2025-09-30 23:15,0.010315
2025-09-30 23:30,0.005913
2025-09-30 23:45,0.018226
2025-10-01 00:00,0.033492
2025-10-01 00:00,0.177408
2025-10-01 00:15,0.118057
2025-10-01 00:30,0.150934
2025-10-01 00:45,0.261673
2025-10-01 01:00,0.652661
2025-10-01 01:15,0.200018
2025-10-01 01:30,0.227244
2025-10-01 01:45,0.199575
2025-10-01 02:00,0.201805
2025-10-01 02:15,0.203789
2025-10-01 02:30,0.286104
2025-10-01 02:45,0.233727
2025-10-01 03:00,0.142651
2025-10-01 03:15,0.096772
2025-10-01 03:30,0.092042
2025-10-01 03:45,0.158569
2025-10-01 04:00,0.323639
2025-10-01 04:15,0.443802
2025-10-01 04:30,0.291604
2025-10-01 04:45,0.293928
2025-10-01 05:00,0.220327
2025-10-01 05:15,0.455309
2025-10-01 05:30,0.337922
2025-10-01 05:45,0.272856
2025-10-01 06:00,0.212169
2025-10-01 06:15,0.214685
2025-10-01 06:30,0.203096
2025-10-01 06:45,0.188882
2025-10-01 07:00,0.187148
2025-10-01 07:15,0.225214
2025-10-01 07:30,0.288606
2025-10-01 07:45,0.22653
2025-10-01 08:00,0.274259
2025-10-01 08:15,0.340888
2025-10-01 08:30,0.382274
2025-10-01 08:45,0.23047
2025-10-01 09:00,0.097511
2025-10-01 09:15,0.162661
2025-10-01 09:30,0.1521
2025-10-01 09:45,0.114881
2025-10-01 10:00,0.126116
2025-10-01 10:15,0.069966
2025-10-01 10:30,0.060655
2025-10-01 10:45,0.133337
2025-10-01 11:00,0.062043
2025-10-01 11:15,0.079488
2025-10-01 11:30,0.092701
2025-10-01 11:45,0.118112
2025-10-01 12:00,0.064419
2025-10-01 12:15,0.203518
2025-10-01 12:30,0.090653
2025-10-01 12:45,0.048849
2025-10-01 13:00,0.066207
2025-10-01 13:15,0.070555
2025-10-01 13:30,0.031892
2025-10-01 13:45,0.038337
2025-10-01 14:00,0.036401
2025-10-01 14:15,0.01952
2025-10-01 14:30,0.034126
2025-10-01 14:45,0.103609
2025-10-01 15:00,0.019877
2025-10-01 15:15,0.026976
2025-10-01 15:30,0.041702
2025-10-01 15:45,0.068489
2025-10-01 16:00,0.016007
2025-10-01 16:15,0.042968
2025-10-01 16:30,0.055447
2025-10-01 16:45,0.007557
2025-10-01 17:00,0.008599
2025-10-01 17:15,0.015563
2025-10-01 17:30,0.069714
2025-10-01 17:45,0.009377
2025-10-01 18:00,0.039769
2025-10-01 18:15,0.032291
2025-10-01 18:30,0.019692
2025-10-01 18:45,0.057186
2025-10-01 19:00,0.059608
2025-10-01 19:15,0.020624
2025-10-01 19:30,0.024463
2025-10-01 19:45,0.008962
2025-10-01 20:00,0.004802
2025-10-01 20:15,0.018252
2025-10-01 20:30,0.029084
2025-10-01 20:45,0.008756
2025-10-01 21:00,0.024639
2025-10-01 21:15,0.012471
2025-10-01 21:30,0.008078
2025-10-01 21:45,0.022508
2025-10-01 22:00,0.008188
2025-10-01 22:15,0.010955
2025-10-01 22:30,0.021082
2025-10-01 22:45,0.039811
2025-10-01 23:00,0.049338
2025-10-01 23:15,0.067785
2025-10-01 23:30,0.391684
2025-10-01 23:45,0.353823
2025-10-02 00:00,0.464714
2025-10-02 00:15,0.303536
2025-10-02 00:30,0.137781
2025-10-02 00:45,0.378689
2025-10-02 01:00,0.321328
2025-10-02 01:15,1.0
2025-10-02 01:30,0.173923
2025-10-02 01:45,0.291679
2025-10-02 02:00,0.422883
2025-10-02 02:15,0.624545
2025-10-02 02:30,0.412097
2025-10-02 02:45,0.103272
2025-10-02 03:00,0.111062
2025-10-02 03:15,0.125659
2025-10-02 03:30,0.157084
2025-10-02 03:45,0.216018
2025-10-02 04:00,0.115645
2025-10-02 04:15,0.240751
2025-10-02 04:30,0.20536
2025-10-02 04:45,0.164209
2025-10-02 05:00,0.204976
2025-10-02 05:15,0.421731
2025-10-02 05:30,0.223517
2025-10-02 05:45,0.219796
2025-10-02 06:00,0.266668
2025-10-02 06:15,0.269512
2025-10-02 06:30,0.421469
2025-10-02 06:45,0.262821
2025-10-02 07:00,0.289025
2025-10-02 07:15,0.209216
2025-10-02 07:30,0.303975
2025-10-02 07:45,0.225111
2025-10-02 08:00,0.333742
2025-10-02 08:15,0.170256
2025-10-02 08:30,0.225168
2025-10-02 08:45,0.20812
2025-10-02 09:00,0.080535
2025-10-02 09:15,0.06559
2025-10-02 09:30,0.085336
2025-10-02 09:45,0.060603
2025-10-02 10:00,0.034654
2025-10-02 10:15,0.07784
2025-10-02 10:30,0.044651
2025-10-02 10:45,0.038273
2025-10-02 11:00,0.303857
2025-10-02 11:15,0.073092
2025-10-02 11:30,0.028566
2025-10-02 11:45,0.036761
2025-10-02 12:00,0.039921
2025-10-02 12:15,0.142892
2025-10-02 12:30,0.061995
2025-10-02 12:45,0.045886
2025-10-02 13:00,0.024262
2025-10-02 13:15,0.034209
2025-10-02 13:30,0.017944
2025-10-02 13:45,0.018984
2025-10-02 14:00,0.569647
2025-10-02 14:15,0.106135
2025-10-02 14:30,0.206568
2025-10-02 14:45,0.008981
2025-10-02 15:00,0.018314
2025-10-02 15:15,0.022839
2025-10-02 15:30,0.009936
2025-10-02 15:45,0.017684
2025-10-02 16:00,0.140497
2025-10-02 16:15,0.148701
2025-10-02 16:30,0.18759
2025-10-02 16:45,0.053153
2025-10-02 17:00,0.015895
2025-10-02 17:15,0.053796
2025-10-02 17:30,0.193335
2025-10-02 17:45,0.013675
2025-10-02 18:00,0.031529
2025-10-02 18:15,0.009944
2025-10-02 18:30,0.004028
2025-10-02 18:45,0.004053
2025-10-02 19:00,0.009219
2025-10-02 19:15,0.006777
2025-10-02 19:30,0.004919
2025-10-02 19:45,0.013666
2025-10-02 20:00,0.00407
2025-10-02 20:15,0.013004
2025-10-02 20:30,0.020342
2025-10-02 20:45,0.005867
2025-10-02 21:00,0.015363
2025-10-02 21:15,0.064587
2025-10-02 21:30,0.011175
2025-10-02 21:45,0.014295
2025-10-02 22:00,0.002587
2025-10-02 22:15,0.006048
2025-10-02 22:30,0.011717
2025-10-02 22:45,0.019165
2025-10-02 23:00,0.025687
2025-10-02 23:15,0.0547
2025-10-02 23:30,0.039534
2025-10-02 23:45,0.017704
2025-10-03 00:00,0.014916
2025-10-03 00:15,0.051799
2025-10-03 00:30,0.032077
2025-10-03 00:45,0.040299
2025-10-03 01:00,0.030769
2025-10-03 01:15,0.044866
2025-10-03 01:30,0.054918
2025-10-03 01:45,0.052868
2025-10-03 02:00,0.014614
2025-10-03 02:15,0.06825
2025-10-03 02:30,0.059808
2025-10-03 02:45,0.031201
2025-10-03 03:00,0.036828
2025-10-03 03:15,0.027938
2025-10-03 03:30,0.018884
2025-10-03 03:45,0.046148
2025-10-03 04:00,0.046008
2025-10-03 04:15,0.047026
2025-10-03 04:30,0.031185
2025-10-03 04:45,0.032253
2025-10-03 05:00,0.083149
2025-10-03 05:15,0.096234
2025-10-03 05:30,0.036806
2025-10-03 05:45,0.079938
2025-10-03 06:00,0.084628
2025-10-03 06:15,0.040172
2025-10-03 06:30,0.130024
2025-10-03 06:45,0.427729
2025-10-03 07:00,0.019237
2025-10-03 07:15,0.122103
2025-10-03 07:30,0.532257
2025-10-03 07:45,0.161663
2025-10-03 08:00,0.101
2025-10-03 08:15,0.10603
2025-10-03 08:30,0.090415
2025-10-03 08:45,0.082865
2025-10-03 09:00,0.044545
2025-10-03 09:15,0.211319
2025-10-03 09:30,0.089848
2025-10-03 09:45,0.071896
2025-10-03 10:00,0.022567
2025-10-03 10:15,0.02179
2025-10-03 10:30,0.191323
2025-10-03 10:45,0.031668
2025-10-03 11:00,0.044081
2025-10-03 11:15,0.260032
2025-10-03 11:30,0.022765
2025-10-03 11:45,0.032206
2025-10-03 12:00,0.047941
2025-10-03 12:15,0.08003
2025-10-03 12:30,0.040411
2025-10-03 12:45,0.114275
2025-10-03 13:00,0.030056
2025-10-03 13:15,0.051448
2025-10-03 13:30,0.191058
2025-10-03 13:45,0.025738
2025-10-03 14:00,0.03759
2025-10-03 14:15,0.044623
2025-10-03 14:30,0.028931
2025-10-03 14:45,0.178142
2025-10-03 15:00,0.040774
2025-10-03 15:15,0.043696
2025-10-03 15:30,0.015586
2025-10-03 15:45,0.348804
2025-10-03 16:00,0.016722
2025-10-03 16:15,0.020313
2025-10-03 16:30,0.033072
2025-10-03 16:45,0.023631
2025-10-03 17:00,0.224359
2025-10-03 17:15,0.30355
2025-10-03 17:30,0.031761
2025-10-03 17:45,0.011124
2025-10-03 18:00,0.022438
2025-10-03 18:15,0.021124
2025-10-03 18:30,0.005411
2025-10-03 18:45,0.008815
2025-10-03 19:00,0.005777
2025-10-03 19:15,0.010697
2025-10-03 19:30,0.004271
2025-10-03 19:45,0.002212
2025-10-03 20:00,0.029576
2025-10-03 20:15,0.00515
2025-10-03 20:30,0.012428
2025-10-03 20:45,0.0109
2025-10-03 21:00,0.009367
2025-10-03 21:15,0.015976
2025-10-03 21:30,0.023103
2025-10-03 21:45,0.008526
2025-10-03 22:00,0.007541
2025-10-03 22:15,0.014888
2025-10-03 22:30,0.006826
2025-10-03 22:45,0.005381
2025-10-03 23:00,0.008572
2025-10-03 23:15,0.014484
2025-10-03 23:30,0.009713
2025-10-03 23:45,0.025679
2025-10-04 00:00,0.013208
2025-10-04 00:15,0.090436
2025-10-04 00:30,0.016303
2025-10-04 00:45,0.019095
2025-10-04 01:00,0.007331
2025-10-04 01:15,0.010509
2025-10-04 01:30,0.760652
2025-10-04 01:45,0.407375
2025-10-04 02:00,0.034903
2025-10-04 02:15,0.050657
2025-10-04 02:30,0.021265
2025-10-04 02:45,0.004501
2025-10-04 03:00,0.040485
2025-10-04 03:15,0.018442
2025-10-04 03:30,0.114952
2025-10-04 03:45,0.007257
2025-10-04 04:00,0.025449
2025-10-04 04:15,0.015827
2025-10-04 04:30,0.016584
2025-10-04 04:45,0.018998
2025-10-04 05:00,0.012731
2025-10-04 05:15,0.053373
2025-10-04 05:30,0.033218
2025-10-04 05:45,0.017411
2025-10-04 06:00,0.020657
2025-10-04 06:15,0.054204
2025-10-04 06:30,0.068087
2025-10-04 06:45,0.031906
2025-10-04 07:00,0.033575
2025-10-04 07:15,0.051304
2025-10-04 07:30,0.027461
2025-10-04 07:45,0.046809
2025-10-04 08:00,0.052492
2025-10-04 08:15,0.076216
2025-10-04 08:30,0.07967
2025-10-04 08:45,0.103848
2025-10-04 09:00,0.046821
2025-10-04 09:15,0.024544
2025-10-04 09:30,0.020388
2025-10-04 09:45,0.031529
2025-10-04 10:00,0.074988
2025-10-04 10:15,0.037222
2025-10-04 10:30,0.02534
2025-10-04 10:45,0.018967
2025-10-04 11:00,0.018301
2025-10-04 11:15,0.025908
2025-10-04 11:30,0.010912
2025-10-04 11:45,0.027459
2025-10-04 12:00,0.084821
2025-10-04 12:15,0.161592
2025-10-04 12:30,0.031487
2025-10-04 12:45,0.043827
2025-10-04 13:00,0.072996
2025-10-04 13:15,0.062905
2025-10-04 13:30,0.008546
2025-10-04 13:45,0.038778
2025-10-04 14:00,0.014964
2025-10-04 14:15,0.020249
2025-10-04 14:30,0.00819
2025-10-04 14:45,0.024848
2025-10-04 15:00,0.043712
2025-10-04 15:15,0.025722
2025-10-04 15:30,0.019291
2025-10-04 15:45,0.016793
2025-10-04 16:00,0.009548
2025-10-04 16:15,0.005481
2025-10-04 16:30,0.00222
2025-10-04 16:45,0.014671
2025-10-04 17:00,0.008956
2025-10-04 17:15,0.006367
2025-10-04 17:30,0.006789
2025-10-04 17:45,0.009136
2025-10-04 18:00,0.019432
2025-10-04 18:15,0.005392
2025-10-04 18:30,0.000885
2025-10-04 18:45,0.003696
2025-10-04 19:00,0.005372
2025-10-04 19:15,0.008996
2025-10-04 19:30,0.002698
2025-10-04 19:45,0.002386
2025-10-04 20:00,0.003419
2025-10-04 20:15,0.007381
2025-10-04 20:30,0.052959
2025-10-04 20:45,0.006132
2025-10-04 21:00,0.011366
2025-10-04 21:15,0.005966
2025-10-04 21:30,0.004428
2025-10-04 21:45,0.004114
2025-10-04 22:00,0.010404
2025-10-04 22:15,0.008091
2025-10-04 22:30,0.002105
2025-10-04 22:45,0.013687
2025-10-04 23:00,0.011877
2025-10-04 23:15,0.013792
2025-10-04 23:30,0.007427
2025-10-04 23:45,0.0072
2025-10-05 00:00,0.017138
2025-10-05 00:15,0.011216
2025-10-05 00:30,0.018569
2025-10-05 00:45,0.04659
2025-10-05 01:00,0.023623
2025-10-05 01:15,0.036166
2025-10-05 01:30,0.010603
2025-10-05 01:45,0.012969
2025-10-05 02:00,0.096381
2025-10-05 02:15,0.074159
2025-10-05 02:30,0.004605
2025-10-05 02:45,0.032924
2025-10-05 03:00,0.016787
2025-10-05 03:15,0.015419
2025-10-05 03:30,0.022568
2025-10-05 03:45,0.023575
2025-10-05 04:00,0.040955
2025-10-05 04:15,0.019936
2025-10-05 04:30,0.021269
2025-10-05 04:45,0.011897
2025-10-05 05:00,0.045624
2025-10-05 05:15,0.022958
2025-10-05 05:30,0.017232
2025-10-05 05:45,0.022233
2025-10-05 06:00,0.01333
2025-10-05 06:15,0.02538
2025-10-05 06:30,0.012633
2025-10-05 06:45,0.039904
2025-10-05 07:00,0.019906
2025-10-05 07:15,0.043637
2025-10-05 07:30,0.035732
2025-10-05 07:45,0.014216
2025-10-05 08:00,0.028906
2025-10-05 08:15,0.039116
2025-10-05 08:30,0.011464
2025-10-05 08:45,0.009911
2025-10-05 09:00,0.022405
2025-10-05 09:15,0.033814
2025-10-05 09:30,0.029757
2025-10-05 09:45,0.023467
2025-10-05 10:00,0.010887
2025-10-05 10:15,0.018189
2025-10-05 10:30,0.013136
2025-10-05 10:45,0.009722
2025-10-05 11:00,0.006698
2025-10-05 11:15,0.016593
2025-10-05 11:30,0.008496
2025-10-05 11:45,0.013121
2025-10-05 12:00,0.015019
2025-10-05 12:15,0.016322
2025-10-05 12:30,0.010223
2025-10-05 12:45,0.034878
2025-10-05 13:00,0.014913
2025-10-05 13:15,0.017901
2025-10-05 13:30,0.020496
2025-10-05 13:45,0.012547
2025-10-05 14:00,0.017502
2025-10-05 14:15,0.031965
2025-10-05 14:30,0.017528
2025-10-05 14:45,0.026014
2025-10-05 15:00,0.037057
2025-10-05 15:15,0.023278
2025-10-05 15:30,0.014612
2025-10-05 15:45,0.008852
2025-10-05 16:00,0.009359
2025-10-05 16:15,0.008472
2025-10-05 16:30,0.004409
2025-10-05 16:45,0.006885
2025-10-05 17:00,0.017244
2025-10-05 17:15,0.014124
2025-10-05 17:30,0.001679
2025-10-05 17:45,0.011577
2025-10-05 18:00,0.024134
2025-10-05 18:15,0.001951
2025-10-05 18:30,0.012628
2025-10-05 18:45,0.006907
2025-10-05 19:00,0.005144
2025-10-05 19:15,0.000219
2025-10-05 19:30,0.005624
2025-10-05 19:45,0.003981
2025-10-05 20:00,0.007382
2025-10-05 20:15,0.002507
2025-10-05 20:30,0.000981
2025-10-05 20:45,0.006537
2025-10-05 21:00,0.005181
2025-10-05 21:15,0.015891
2025-10-05 21:30,0.002734
2025-10-05 21:45,0.001418
2025-10-05 22:00,0.012645
2025-10-05 22:15,0.017437
2025-10-05 22:30,0.013793
2025-10-05 22:45,0.009754
2025-10-05 23:00,0.013741
2025-10-05 23:15,0.024472
2025-10-05 23:30,0.001576
2025-10-05 23:45,0.002502
2025-10-06 00:00,0.008163
2025-10-06 00:15,0.017338
2025-10-06 00:30,0.007191
2025-10-06 00:45,0.008451
2025-10-06 01:00,0.008652
2025-10-06 01:15,0.026162
2025-10-06 01:30,0.024173
2025-10-06 01:45,0.00564
2025-10-06 02:00,0.030545
2025-10-06 02:15,0.04343
2025-10-06 02:30,0.077527
2025-10-06 02:45,0.115524
2025-10-06 03:00,0.30976
2025-10-06 03:15,0.299488
2025-10-06 03:30,0.137906
2025-10-06 03:45,0.124012
2025-10-06 04:00,0.07462
2025-10-06 04:15,0.027207
2025-10-06 04:30,0.032786
2025-10-06 04:45,0.020867
2025-10-06 05:00,0.066612
2025-10-06 05:15,0.045944
2025-10-06 05:30,0.045023
2025-10-06 05:45,0.03982
2025-10-06 06:00,0.032029
2025-10-06 06:15,0.033627
2025-10-06 06:30,0.020061
2025-10-06 06:45,0.079671
2025-10-06 07:00,0.031031
2025-10-06 07:15,0.038766
2025-10-06 07:30,0.017552
2025-10-06 07:45,0.069369
2025-10-06 08:00,0.014451
2025-10-06 08:15,0.054248
2025-10-06 08:30,0.023658
2025-10-06 08:45,0.025948
2025-10-06 09:00,0.07158
2025-10-06 09:15,0.044934
2025-10-06 09:30,0.014739
2025-10-06 09:45,0.011888
2025-10-06 10:00,0.009449
2025-10-06 10:15,0.027993
2025-10-06 10:30,0.017763
2025-10-06 10:45,0.021986
2025-10-06 11:00,0.078994
2025-10-06 11:15,0.071826
2025-10-06 11:30,0.021452
2025-10-06 11:45,0.002932
2025-10-06 12:00,0.011949
2025-10-06 12:15,0.022826
2025-10-06 12:30,0.004148
2025-10-06 12:45,0.017702
2025-10-06 13:00,0.025428
2025-10-06 13:15,0.021442
2025-10-06 13:30,0.032783
2025-10-06 13:45,0.011507
2025-10-06 14:00,0.008356
2025-10-06 14:15,0.009717
2025-10-06 14:30,0.060576
2025-10-06 14:45,0.035393
2025-10-06 15:00,0.051637
2025-10-06 15:15,0.029722
2025-10-06 15:30,0.00812
2025-10-06 15:45,0.064215
2025-10-06 16:00,0.040714
2025-10-06 16:15,0.067482
2025-10-06 16:30,0.031017
2025-10-06 16:45,0.033072
2025-10-06 17:00,0.010434
2025-10-06 17:15,0.022394
2025-10-06 17:30,0.021232
2025-10-06 17:45,0.055845
2025-10-06 18:00,0.043275
2025-10-06 18:15,0.020159
2025-10-06 18:30,0.022752
2025-10-06 18:45,0.024214
2025-10-06 19:00,0.028468
2025-10-06 19:15,0.005762
2025-10-06 19:30,0.007055
2025-10-06 19:45,0.002511
2025-10-06 20:00,0.002277
2025-10-06 20:15,0.025236
2025-10-06 20:30,0.011669
2025-10-06 20:45,0.005344
2025-10-06 21:00,0.004478
2025-10-06 21:15,0.018334
2025-10-06 21:30,0.014387
2025-10-06 21:45,0.016456
2025-10-06 22:00,0.005605
2025-10-06 22:15,0.007388
2025-10-06 22:30,0.004381
2025-10-06 22:45,0.005632
2025-10-06 23:00,0.009667
2025-10-06 23:15,0.008399
2025-10-06 23:30,0.002094
2025-10-06 23:45,0.004553
2025-10-07 00:00,0.010694
2025-10-07 00:15,0.023463
2025-10-07 00:30,0.021691
2025-10-07 00:45,0.272379
2025-10-07 01:00,0.350903
2025-10-07 01:15,0.016222
2025-10-07 01:30,0.009053
2025-10-07 01:45,0.020292
2025-10-07 02:00,0.021744
2025-10-07 02:15,0.026648
2025-10-07 02:30,0.025866
2025-10-07 02:45,0.032409
2025-10-07 03:00,0.023925
2025-10-07 03:15,0.032658
2025-10-07 03:30,0.017321
2025-10-07 03:45,0.023593
2025-10-07 04:00,0.019777
2025-10-07 04:15,0.055063
2025-10-07 04:30,0.120688
2025-10-07 04:45,0.030648
2025-10-07 05:00,0.047194
2025-10-07 05:15,0.032952
2025-10-07 05:30,0.032042
2025-10-07 05:45,0.026557
2025-10-07 06:00,0.06545
2025-10-07 06:15,0.050522
2025-10-07 06:30,0.043084
2025-10-07 06:45,0.044046
2025-10-07 07:00,0.058132
2025-10-07 07:15,0.07016
2025-10-07 07:30,0.073886
2025-10-07 07:45,0.075566
2025-10-07 08:00,0.048892
2025-10-07 08:15,0.049151
2025-10-07 08:30,0.060223
2025-10-07 08:45,0.10435
2025-10-07 09:00,0.197366
2025-10-07 09:15,0.108101
2025-10-07 09:30,0.050449
2025-10-07 09:45,0.056982
2025-10-07 10:00,0.099696
2025-10-07 10:15,0.029621
2025-10-07 10:30,0.062514
2025-10-07 10:45,0.05354
2025-10-07 11:00,0.02467
2025-10-07 11:15,0.040631
2025-10-07 11:30,0.017153
2025-10-07 11:45,0.03201
2025-10-07 12:00,0.019098
2025-10-07 12:15,0.025118
2025-10-07 12:30,0.031286
2025-10-07 12:45,0.027989
2025-10-07 13:00,0.016997
2025-10-07 13:15,0.051243
2025-10-07 13:30,0.029282
2025-10-07 13:45,0.010624
2025-10-07 14:00,0.093345
2025-10-07 14:15,0.024096
2025-10-07 14:30,0.030929
2025-10-07 14:45,0.059413
2025-10-07 15:00,0.06934
2025-10-07 15:15,0.071339
2025-10-07 15:30,0.068974
2025-10-07 15:45,0.038881
2025-10-07 16:00,0.049632
2025-10-07 16:15,0.031236
2025-10-07 16:30,0.057769
2025-10-07 16:45,0.092121
2025-10-07 17:00,0.045257
2025-10-07 17:15,0.056102
2025-10-07 17:30,0.029696
2025-10-07 17:45,0.055968
2025-10-07 18:00,0.051746
2025-10-07 18:15,0.066028
2025-10-07 18:30,0.042852
2025-10-07 18:45,0.064385
2025-10-07 19:00,0.027402
2025-10-07 19:15,0.046323
2025-10-07 19:30,0.02566
2025-10-07 19:45,0.017788
2025-10-07 20:00,0.005092
2025-10-07 20:15,0.025757
2025-10-07 20:30,0.014073
2025-10-07 20:45,0.02314
2025-10-07 21:00,0.004563
2025-10-07 21:15,0.009289
2025-10-07 21:30,0.026114
2025-10-07 21:45,0.029053
2025-10-07 22:00,0.021663
2025-10-07 22:15,0.01666
2025-10-07 22:30,0.02347
2025-10-07 22:45,0.01654
2025-10-07 23:00,0.049401
2025-10-07 23:15,0.036139
2025-10-07 23:30,0.02839
2025-10-07 23:45,0.041847
2025-10-08 00:00,0.017534
2025-10-08 00:00,0.017952
2025-10-08 00:15,0.006752
2025-10-08 00:30,0.025866
2025-10-08 00:45,0.034622
2025-10-08 01:00,0.029186
2025-10-08 01:15,0.071444
2025-10-08 01:30,0.039275
2025-10-08 01:45,0.025612
2025-10-08 02:00,0.036974
2025-10-08 02:15,0.051182
2025-10-08 02:30,0.047118
2025-10-08 02:45,0.037028
2025-10-08 03:00,0.030063
2025-10-08 03:15,0.026465
2025-10-08 03:30,0.03675
2025-10-08 03:45,0.017533
2025-10-08 04:00,0.020099
2025-10-08 04:15,0.04132
2025-10-08 04:30,0.023349
2025-10-08 04:45,0.038649
2025-10-08 05:00,0.035642
2025-10-08 05:15,0.067254
2025-10-08 05:30,0.036005
2025-10-08 05:45,0.08874
2025-10-08 06:00,0.061848
2025-10-08 06:15,0.062492
2025-10-08 06:30,0.173641
2025-10-08 06:45,0.098751
2025-10-08 07:00,0.110701
2025-10-08 07:15,0.143092
2025-10-08 07:30,0.10753
2025-10-08 07:45,0.056847
2025-10-08 08:00,0.110355
2025-10-08 08:15,0.102929
2025-10-08 08:30,0.064177
2025-10-08 08:45,0.043617
2025-10-08 09:00,0.067225
2025-10-08 09:15,0.047747
2025-10-08 09:30,0.030864
2025-10-08 09:45,0.08704
2025-10-08 10:00,0.046549
2025-10-08 10:15,0.064177
2025-10-08 10:30,0.082201
2025-10-08 10:45,0.048921
2025-10-08 11:00,0.040387
2025-10-08 11:15,0.030043
2025-10-08 11:30,0.049421
2025-10-08 11:45,0.167648
2025-10-08 12:00,0.100398
2025-10-08 12:15,0.065627
2025-10-08 12:30,0.060931
2025-10-08 12:45,0.043918
2025-10-08 13:00,0.034001
2025-10-08 13:15,0.032232
2025-10-08 13:30,0.053461
2025-10-08 13:45,0.004236
2025-10-08 14:00,0.039128
2025-10-08 14:15,0.068186
2025-10-08 14:30,0.062826
2025-10-08 14:45,0.104108
2025-10-08 15:00,0.038066
2025-10-08 15:15,0.131805
2025-10-08 15:30,0.043468
2025-10-08 15:45,0.049833
2025-10-08 16:00,0.055141
2025-10-08 16:15,0.122162
2025-10-08 16:30,0.074405
2025-10-08 16:45,0.027532
2025-10-08 17:00,0.035241
2025-10-08 17:15,0.012535
2025-10-08 17:30,0.013816
2025-10-08 17:45,0.047501
2025-10-08 18:00,0.04338
2025-10-08 18:15,0.161278
2025-10-08 18:30,0.022014
2025-10-08 18:45,0.015917
2025-10-08 19:00,0.017026
2025-10-08 19:15,0.014758
2025-10-08 19:30,0.01142
2025-10-08 19:45,0.01797
2025-10-08 20:00,0.017163
2025-10-08 20:15,0.014022
2025-10-08 20:30,0.027141
2025-10-08 20:45,0.007012
2025-10-08 21:00,0.017973
2025-10-08 21:15,0.031842
2025-10-08 21:30,0.059457
2025-10-08 21:45,0.028345
2025-10-08 22:00,0.021897
2025-10-08 22:15,0.025687
2025-10-08 22:30,0.020744
2025-10-08 22:45,0.006682
2025-10-08 23:00,0.062381
2025-10-08 23:15,0.02867
2025-10-08 23:30,0.014893
2025-10-08 23:45,0.033846
2025-10-09 00:00,0.019416
2025-10-09 00:15,0.015693
2025-10-09 00:30,0.08604
2025-10-09 00:45,0.046036
2025-10-09 01:00,0.077141
2025-10-09 01:15,0.021141
2025-10-09 01:30,0.0422
2025-10-09 01:45,0.020799
2025-10-09 02:00,0.021902
2025-10-09 02:15,0.041605
2025-10-09 02:30,0.043569
2025-10-09 02:45,0.027614
2025-10-09 03:00,0.030582
2025-10-09 03:15,0.051895
2025-10-09 03:30,0.023119
2025-10-09 03:45,0.020985
2025-10-09 04:00,0.084924
2025-10-09 04:15,0.063031
2025-10-09 04:30,0.110263
2025-10-09 04:45,0.1079
2025-10-09 05:00,0.096909
2025-10-09 05:15,0.069305
2025-10-09 05:30,0.070396
2025-10-09 05:45,0.077686
2025-10-09 06:00,0.139051
2025-10-09 06:15,0.064678
2025-10-09 06:30,0.053887
2025-10-09 06:45,0.047621
2025-10-09 07:00,0.092086
2025-10-09 07:15,0.059796
2025-10-09 07:30,0.079799
2025-10-09 07:45,0.091788
2025-10-09 08:00,0.111154
2025-10-09 08:15,0.145048
2025-10-09 08:30,0.060127
2025-10-09 08:45,0.091032
2025-10-09 09:00,0.073255
2025-10-09 09:15,0.07579
2025-10-09 09:30,0.063089
2025-10-09 09:45,0.057159
2025-10-09 10:00,0.24009
2025-10-09 10:15,0.05459
2025-10-09 10:30,0.08635
2025-10-09 10:45,0.087473
2025-10-09 11:00,0.068417
2025-10-09 11:15,0.058878
2025-10-09 11:30,0.035312
2025-10-09 11:45,0.039481
2025-10-09 12:00,0.06999
2025-10-09 12:15,0.047618
2025-10-09 12:30,0.045411
2025-10-09 12:45,0.089182
2025-10-09 13:00,0.080488
2025-10-09 13:15,0.055828
2025-10-09 13:30,0.05186
2025-10-09 13:45,0.057586
2025-10-09 14:00,0.159251
2025-10-09 14:15,0.174397
2025-10-09 14:30,0.024134
2025-10-09 14:45,0.03231
2025-10-09 15:00,0.063311
2025-10-09 15:15,0.067135
2025-10-09 15:30,0.029314
2025-10-09 15:45,0.035632
2025-10-09 16:00,0.012422
2025-10-09 16:15,0.028446
2025-10-09 16:30,0.023307
2025-10-09 16:45,0.023
2025-10-09 17:00,0.025709
2025-10-09 17:15,0.026594
2025-10-09 17:30,0.021101
2025-10-09 17:45,0.013921
2025-10-09 18:00,0.049455
2025-10-09 18:15,0.036083
2025-10-09 18:30,0.007131
2025-10-09 18:45,0.037504
2025-10-09 19:00,0.02473
2025-10-09 19:15,0.027823
2025-10-09 19:30,0.016358
2025-10-09 19:45,0.01497
2025-10-09 20:00,0.020866
2025-10-09 20:15,0.043697
2025-10-09 20:30,0.023554
2025-10-09 20:45,0.006797
2025-10-09 21:00,0.018239
2025-10-09 21:15,0.017008
2025-10-09 21:30,0.026967
2025-10-09 21:45,0.037077
2025-10-09 22:00,0.022362
2025-10-09 22:15,0.018197
2025-10-09 22:30,0.132894
2025-10-09 22:45,0.076252
2025-10-09 23:00,0.11037
2025-10-09 23:15,0.198337
2025-10-09 23:30,0.191727
2025-10-09 23:45,0.184758
2025-10-10 00:00,0.167945
2025-10-10 00:15,0.142226
2025-10-10 00:30,0.132671
2025-10-10 00:45,0.22654
2025-10-10 01:00,0.233215
2025-10-10 01:15,0.17145
2025-10-10 01:30,0.201212
2025-10-10 01:45,0.457014
2025-10-10 02:00,0.220521
2025-10-10 02:15,0.409014
2025-10-10 02:30,0.413998
2025-10-10 02:45,0.555901
2025-10-10 03:00,0.745016
2025-10-10 03:15,0.544659
2025-10-10 03:30,0.59183
2025-10-10 03:45,0.472498
2025-10-10 04:00,0.146422
2025-10-10 04:15,0.241816
2025-10-10 04:30,0.121188
2025-10-10 04:45,0.134557
2025-10-10 05:00,0.186855
2025-10-10 05:15,0.183255
2025-10-10 05:30,0.217751
2025-10-10 05:45,0.254119
2025-10-10 06:00,0.412186
2025-10-10 06:15,0.282429
2025-10-10 06:30,0.247761
2025-10-10 06:45,0.365384
2025-10-10 07:00,0.570863
2025-10-10 07:15,0.507711
2025-10-10 07:30,0.349383
2025-10-10 07:45,0.400044
2025-10-10 08:00,0.225412
2025-10-10 08:15,0.147237
2025-10-10 08:30,0.381525
2025-10-10 08:45,0.127161
2025-10-10 09:00,0.256369
2025-10-10 09:15,0.251397
2025-10-10 09:30,0.191469
2025-10-10 09:45,0.040171
2025-10-10 10:00,0.049925
2025-10-10 10:15,0.097462
2025-10-10 10:30,0.048743
2025-10-10 10:45,0.093105
2025-10-10 11:00,0.123235
2025-10-10 11:15,0.114875
2025-10-10 11:30,0.115846
2025-10-10 11:45,0.055287
2025-10-10 12:00,0.055133
2025-10-10 12:15,0.120082
2025-10-10 12:30,0.068838
2025-10-10 12:45,0.075103
2025-10-10 13:00,0.102553
2025-10-10 13:15,0.058894
2025-10-10 13:30,0.099523
2025-10-10 13:45,0.12236
2025-10-10 14:00,0.068889
2025-10-10 14:15,0.072461
2025-10-10 14:30,0.030343
2025-10-10 14:45,0.041246
2025-10-10 15:00,0.104469
2025-10-10 15:15,0.040828
2025-10-10 15:30,0.014729
2025-10-10 15:45,0.030805
2025-10-10 16:00,0.104665
2025-10-10 16:15,0.013033
2025-10-10 16:30,0.004392
2025-10-10 16:45,0.021413
2025-10-10 17:00,0.018949
2025-10-10 17:15,0.025821
2025-10-10 17:30,0.028427
2025-10-10 17:45,0.011386
2025-10-10 18:00,0.018891
2025-10-10 18:15,0.038123
2025-10-10 18:30,0.030021
2025-10-10 18:45,0.013023
2025-10-10 19:00,0.057147
2025-10-10 19:15,0.017999
2025-10-10 19:30,0.012971
2025-10-10 19:45,0.009439
2025-10-10 20:00,0.008234
2025-10-10 20:15,0.00731
2025-10-10 20:30,0.002664
2025-10-10 20:45,0.003749
2025-10-10 21:00,0.006384
2025-10-10 21:15,0.011765
2025-10-10 21:30,0.006963
2025-10-10 21:45,0.007227
2025-10-10 22:00,0.00692
2025-10-10 22:15,0.004942
2025-10-10 22:30,0.007693
2025-10-10 22:45,0.011053
2025-10-10 23:00,0.00523
2025-10-10 23:15,0.020517
2025-10-10 23:30,0.038278
2025-10-10 23:45,0.061289
2025-10-11 00:00,0.053393
2025-10-11 00:15,0.020939
2025-10-11 00:30,0.015475
2025-10-11 00:45,0.021317
2025-10-11 01:00,0.023367
2025-10-11 01:15,0.026298
2025-10-11 01:30,0.037752
2025-10-11 01:45,0.018078
2025-10-11 02:00,0.026807
2025-10-11 02:15,0.051046
2025-10-11 02:30,0.018412
2025-10-11 02:45,0.028752
2025-10-11 03:00,0.016961
2025-10-11 03:15,0.038491
2025-10-11 03:30,0.027823
2025-10-11 03:45,0.02844
2025-10-11 04:00,0.040554
2025-10-11 04:15,0.040091
2025-10-11 04:30,0.041469
2025-10-11 04:45,0.031026
2025-10-11 05:00,0.043251
2025-10-11 05:15,0.078077
2025-10-11 05:30,0.064455
2025-10-11 05:45,0.061606
2025-10-11 06:00,0.048506
2025-10-11 06:15,0.096183
2025-10-11 06:30,0.075855
2025-10-11 06:45,0.092362
2025-10-11 07:00,0.127589
2025-10-11 07:15,0.084248
2025-10-11 07:30,0.084527
2025-10-11 07:45,0.076489
2025-10-11 08:00,0.060816
2025-10-11 08:15,0.083237
2025-10-11 08:30,0.051988
2025-10-11 08:45,0.109442
2025-10-11 09:00,0.08581
2025-10-11 09:15,0.0728
2025-10-11 09:30,0.041816
2025-10-11 09:45,0.046743
2025-10-11 10:00,0.032938
2025-10-11 10:15,0.096857
2025-10-11 10:30,0.0406
2025-10-11 10:45,0.038816
2025-10-11 11:00,0.056485
2025-10-11 11:15,0.091259
2025-10-11 11:30,0.037517
2025-10-11 11:45,0.094839
2025-10-11 12:00,0.178897
2025-10-11 12:15,0.240654
2025-10-11 12:30,0.132138
2025-10-11 12:45,0.196644
2025-10-11 13:00,0.062656
2025-10-11 13:15,0.080608
2025-10-11 13:30,0.03558
2025-10-11 13:45,0.08977
2025-10-11 14:00,0.025466
2025-10-11 14:15,0.069868
2025-10-11 14:30,0.061529
2025-10-11 14:45,0.023019
2025-10-11 15:00,0.025948
2025-10-11 15:15,0.027656
2025-10-11 15:30,0.043824
2025-10-11 15:45,0.025323
2025-10-11 16:00,0.038762
2025-10-11 16:15,0.065828
2025-10-11 16:30,0.032609
2025-10-11 16:45,0.017712
2025-10-11 17:00,0.01227
2025-10-11 17:15,0.016181
2025-10-11 17:30,0.049708
2025-10-11 17:45,0.047991
2025-10-11 18:00,0.038965
2025-10-11 18:15,0.019913
2025-10-11 18:30,0.007765
2025-10-11 18:45,0.016966
2025-10-11 19:00,0.012553
2025-10-11 19:15,0.00385
2025-10-11 19:30,0.007226
2025-10-11 19:45,0.015008
2025-10-11 20:00,0.050594
2025-10-11 20:15,0.034997
2025-10-11 20:30,0.019955
2025-10-11 20:45,0.018281
2025-10-11 21:00,0.007807
2025-10-11 21:15,0.009598
2025-10-11 21:30,0.005967
2025-10-11 21:45,0.008925
2025-10-11 22:00,0.006805
2025-10-11 22:15,0.021442
2025-10-11 22:30,0.014694
2025-10-11 22:45,0.00436
2025-10-11 23:00,0.017675
2025-10-11 23:15,0.04282
2025-10-11 23:30,0.018395
2025-10-11 23:45,0.038097
2025-10-12 00:00,0.044665
2025-10-12 00:15,0.06023
2025-10-12 00:30,0.039294
2025-10-12 00:45,0.305584
2025-10-12 01:00,0.039346
2025-10-12 01:15,0.046935
2025-10-12 01:30,0.018372
2025-10-12 01:45,0.024761
2025-10-12 02:00,0.052747
2025-10-12 02:15,0.045538
2025-10-12 02:30,0.02812
2025-10-12 02:45,0.033276
2025-10-12 03:00,0.027903
2025-10-12 03:15,0.021075
2025-10-12 03:30,0.050143
2025-10-12 03:45,0.025463
2025-10-12 04:00,0.049852
2025-10-12 04:15,0.07338
2025-10-12 04:30,0.04853
2025-10-12 04:45,0.039585
2025-10-12 05:00,0.021809
2025-10-12 05:15,0.043606
2025-10-12 05:30,0.208974
2025-10-12 05:45,0.095899
2025-10-12 06:00,0.094542
2025-10-12 06:15,0.040384
2025-10-12 06:30,0.068826
2025-10-12 06:45,0.192696
2025-10-12 07:00,0.095351
2025-10-12 07:15,0.096495
2025-10-12 07:30,0.067802
2025-10-12 07:45,0.081974
2025-10-12 08:00,0.044696
2025-10-12 08:15,0.133298
2025-10-12 08:30,0.100619
2025-10-12 08:45,0.08266
2025-10-12 09:00,0.049556
2025-10-12 09:15,0.070381
2025-10-12 09:30,0.057067
2025-10-12 09:45,0.067305
2025-10-12 10:00,0.068275
2025-10-12 10:15,0.034978
2025-10-12 10:30,0.037134
2025-10-12 10:45,0.055104
2025-10-12 11:00,0.051065
2025-10-12 11:15,0.093459
2025-10-12 11:30,0.056947
2025-10-12 11:45,0.068161
2025-10-12 12:00,0.100178
2025-10-12 12:15,0.068361
2025-10-12 12:30,0.070124
2025-10-12 12:45,0.042059
2025-10-12 13:00,0.032535
2025-10-12 13:15,0.039712
2025-10-12 13:30,0.094375
2025-10-12 13:45,0.048101
2025-10-12 14:00,0.034907
2025-10-12 14:15,0.068947
2025-10-12 14:30,0.084142
2025-10-12 14:45,0.023295
2025-10-12 15:00,0.043724
2025-10-12 15:15,0.051562
2025-10-12 15:30,0.051815
2025-10-12 15:45,0.054457
2025-10-12 16:00,0.033224
2025-10-12 16:15,0.215112
2025-10-12 16:30,0.082156
2025-10-12 16:45,0.058053
2025-10-12 17:00,0.024352
2025-10-12 17:15,0.024205
2025-10-12 17:30,0.093182
2025-10-12 17:45,0.03379
2025-10-12 18:00,0.097922
2025-10-12 18:15,0.053548
2025-10-12 18:30,0.04868
2025-10-12 18:45,0.016715
2025-10-12 19:00,0.009022
2025-10-12 19:15,0.019302
2025-10-12 19:30,0.028497
2025-10-12 19:45,0.007895
2025-10-12 20:00,0.012793
2025-10-12 20:15,0.060873
2025-10-12 20:30,0.026973
2025-10-12 20:45,0.015471
2025-10-12 21:00,0.010548
2025-10-12 21:15,0.017462
2025-10-12 21:30,0.011641
2025-10-12 21:45,0.023797
2025-10-12 22:00,0.012841
2025-10-12 22:15,0.036215
2025-10-12 22:30,0.078951
2025-10-12 22:45,0.071105
2025-10-12 23:00,0.056
2025-10-12 23:15,0.05906
2025-10-12 23:30,0.029917
2025-10-12 23:45,0.192675
2025-10-13 00:00,0.403848
2025-10-13 00:15,0.212409
2025-10-13 00:30,0.284106
2025-10-13 00:45,0.814713
2025-10-13 01:00,0.414311
2025-10-13 01:15,0.218102
2025-10-13 01:30,0.35312
2025-10-13 01:45,0.62102
2025-10-13 02:00,0.471008
2025-10-13 02:15,0.401004
2025-10-13 02:30,0.319539
2025-10-13 02:45,0.211457
2025-10-13 03:00,0.194355
2025-10-13 03:15,0.119259
2025-10-13 03:30,0.256552
2025-10-13 03:45,0.186374
2025-10-13 04:00,0.262651
2025-10-13 04:15,0.2292
2025-10-13 04:30,0.511541
2025-10-13 04:45,0.272398
2025-10-13 05:00,0.362835
2025-10-13 05:15,0.40254
2025-10-13 05:30,0.390274
2025-10-13 05:45,0.29734
2025-10-13 06:00,0.32837
2025-10-13 06:15,0.275154
2025-10-13 06:30,0.505252
2025-10-13 06:45,1.0
2025-10-13 07:00,0.600847
2025-10-13 07:15,0.277597
2025-10-13 07:30,0.227922
2025-10-13 07:45,0.398882
2025-10-13 08:00,0.275896
2025-10-13 08:15,0.29077
2025-10-13 08:30,0.315517
2025-10-13 08:45,0.443353
2025-10-13 09:00,0.282304
2025-10-13 09:15,0.155202
2025-10-13 09:30,0.42563
2025-10-13 09:45,0.474497
2025-10-13 10:00,0.162158
2025-10-13 10:15,0.209505
2025-10-13 10:30,0.211428
2025-10-13 10:45,0.15062
2025-10-13 11:00,0.133507
2025-10-13 11:15,0.120007
2025-10-13 11:30,0.092431
2025-10-13 11:45,0.092995
2025-10-13 12:00,0.145003
2025-10-13 12:15,0.14323
2025-10-13 12:30,0.125293
2025-10-13 12:45,0.153816
2025-10-13 13:00,0.125832
2025-10-13 13:15,0.130805
2025-10-13 13:30,0.140988
2025-10-13 13:45,0.162744
2025-10-13 14:00,0.089091
2025-10-13 14:15,0.061631
2025-10-13 14:30,0.055971
2025-10-13 14:45,0.071938
2025-10-13 15:00,0.119767
2025-10-13 15:15,0.138287
2025-10-13 15:30,0.107601
2025-10-13 15:45,0.044584
2025-10-13 16:00,0.040448
2025-10-13 16:15,0.053485
2025-10-13 16:30,0.027029
2025-10-13 16:45,0.007722
2025-10-13 17:00,0.015159
2025-10-13 17:15,0.022337
2025-10-13 17:30,0.036207
2025-10-13 17:45,0.014473
2025-10-13 18:00,0.021588
2025-10-13 18:15,0.020222
2025-10-13 18:30,0.019017
2025-10-13 18:45,0.026814
2025-10-13 19:00,0.055488
2025-10-13 19:15,0.021838
2025-10-13 19:30,0.039752
2025-10-13 19:45,0.022504
2025-10-13 20:00,0.027184
2025-10-13 20:15,0.027168
2025-10-13 20:30,0.056057
2025-10-13 20:45,0.103312
2025-10-13 21:00,0.074252
2025-10-13 21:15,0.025604
2025-10-13 21:30,0.066818
2025-10-13 21:45,0.023547
2025-10-13 22:00,0.015114
2025-10-13 22:15,0.028999
2025-10-13 22:30,0.08599
2025-10-13 22:45,0.077879
2025-10-13 23:00,0.038197
2025-10-13 23:15,0.039173
2025-10-13 23:30,0.047264
2025-10-13 23:45,0.120558
2025-10-14 00:00,0.09877
2025-10-14 00:15,0.143371
2025-10-14 00:30,0.622786
2025-10-14 00:45,0.685257
2025-10-14 01:00,0.481434
2025-10-14 01:15,0.361841
2025-10-14 01:30,0.237096
2025-10-14 01:45,0.293555
2025-10-14 02:00,0.532255
2025-10-14 02:15,0.228728
2025-10-14 02:30,0.185147
2025-10-14 02:45,0.501685
2025-10-14 03:00,0.220604
2025-10-14 03:15,0.180313
2025-10-14 03:30,0.115009
2025-10-14 03:45,0.066444
2025-10-14 04:00,0.231141
2025-10-14 04:15,0.372877
2025-10-14 04:30,0.232205
2025-10-14 04:45,0.26527
2025-10-14 05:00,0.222491
2025-10-14 05:15,0.300561
2025-10-14 05:30,0.351783
2025-10-14 05:45,0.478122
2025-10-14 06:00,0.458838
2025-10-14 06:15,0.343873
2025-10-14 06:30,0.498151
2025-10-14 06:45,0.364798
2025-10-14 07:00,0.262851
2025-10-14 07:15,0.54836
2025-10-14 07:30,0.397435
2025-10-14 07:45,0.286862
2025-10-14 08:00,0.243945
2025-10-14 08:15,0.276666
2025-10-14 08:30,0.242087
2025-10-14 08:45,0.217456
2025-10-14 09:00,0.192482
2025-10-14 09:15,0.396519
2025-10-14 09:30,0.379374
2025-10-14 09:45,0.248408
2025-10-14 10:00,0.29918
2025-10-14 10:15,0.107276
2025-10-14 10:30,0.095938
2025-10-14 10:45,0.205881
2025-10-14 11:00,0.139392
2025-10-14 11:15,0.134695
2025-10-14 11:30,0.161528
2025-10-14 11:45,0.126624
2025-10-14 12:00,0.290573
2025-10-14 12:15,0.08409
2025-10-14 12:30,0.08978
2025-10-14 12:45,0.153904
2025-10-14 13:00,0.057847
2025-10-14 13:15,0.09998
2025-10-14 13:30,0.114615
2025-10-14 13:45,0.203859
2025-10-14 14:00,0.237401
2025-10-14 14:15,0.076347
2025-10-14 14:30,0.072509
2025-10-14 14:45,0.104986
2025-10-14 15:00,0.067269
2025-10-14 15:15,0.083083
2025-10-14 15:30,0.075927
2025-10-14 15:45,0.067182
2025-10-14 16:00,0.039911
2025-10-14 16:15,0.040186
2025-10-14 16:30,0.022336
2025-10-14 16:45,0.014322
2025-10-14 17:00,0.016038
2025-10-14 17:15,0.029092
2025-10-14 17:30,0.026026
2025-10-14 17:45,0.033263
2025-10-14 18:00,0.043374
2025-10-14 18:15,0.012215
2025-10-14 18:30,0.010323
2025-10-14 18:45,0.014135
2025-10-14 19:00,0.031892
2025-10-14 19:15,0.010783
2025-10-14 19:30,0.046588
2025-10-14 19:45,0.045363
2025-10-14 20:00,0.040678
2025-10-14 20:15,0.05305
2025-10-14 20:30,0.107453
2025-10-14 20:45,0.042897
2025-10-14 21:00,0.039404
2025-10-14 21:15,0.018446
2025-10-14 21:30,0.034038
2025-10-14 21:45,0.033357
2025-10-14 22:00,0.036843
2025-10-14 22:15,0.026817
2025-10-14 22:30,0.045764
2025-10-14 22:45,0.018601
2025-10-14 23:00,0.021754
2025-10-14 23:15,0.049749
2025-10-14 23:30,0.093954
2025-10-14 23:45,0.30024
2025-10-15 00:00,0.142464
2025-10-15 00:00,0.098279
2025-10-15 00:15,0.125324
2025-10-15 00:30,0.337237
2025-10-15 00:45,0.225935
2025-10-15 01:00,0.18473
2025-10-15 01:15,0.197273
2025-10-15 01:30,0.146032
2025-10-15 01:45,0.176472
2025-10-15 02:00,0.165849
2025-10-15 02:15,0.247671
2025-10-15 02:30,0.152648
2025-10-15 02:45,0.150806
2025-10-15 03:00,0.136179
2025-10-15 03:15,0.072349
2025-10-15 03:30,0.099639
2025-10-15 03:45,0.154513
2025-10-15 04:00,0.1744
2025-10-15 04:15,0.18657
2025-10-15 04:30,0.180628
2025-10-15 04:45,0.242455
2025-10-15 05:00,0.214866
2025-10-15 05:15,0.246201
2025-10-15 05:30,0.179281
2025-10-15 05:45,0.299412
2025-10-15 06:00,0.306524
2025-10-15 06:15,0.240883
2025-10-15 06:30,0.323284
2025-10-15 06:45,0.248948
2025-10-15 07:00,0.181246
2025-10-15 07:15,0.234307
2025-10-15 07:30,0.165963
2025-10-15 07:45,0.31751
2025-10-15 08:00,0.216241
2025-10-15 08:15,0.251503
2025-10-15 08:30,0.221958
2025-10-15 08:45,0.162933
2025-10-15 09:00,0.140554
2025-10-15 09:15,0.109866
2025-10-15 09:30,0.088288
2025-10-15 09:45,0.075677
2025-10-15 10:00,0.080808
2025-10-15 10:15,0.10754
2025-10-15 10:30,0.045417
2025-10-15 10:45,0.086498
2025-10-15 11:00,0.07126
2025-10-15 11:15,0.081801
2025-10-15 11:30,0.178691
2025-10-15 11:45,0.127192
2025-10-15 12:00,0.057241
2025-10-15 12:15,0.075598
2025-10-15 12:30,0.050365
2025-10-15 12:45,0.058696
2025-10-15 13:00,0.072648
2025-10-15 13:15,0.051762
2025-10-15 13:30,0.233622
2025-10-15 13:45,0.068267
2025-10-15 14:00,0.038208
2025-10-15 14:15,0.054213
2025-10-15 14:30,0.066984
2025-10-15 14:45,0.108936
2025-10-15 15:00,0.070488
2025-10-15 15:15,0.053182
2025-10-15 15:30,0.041209
2025-10-15 15:45,0.047706
2025-10-15 16:00,0.098443
2025-10-15 16:15,0.0599
2025-10-15 16:30,0.084274
2025-10-15 16:45,0.028022
2025-10-15 17:00,0.024763
2025-10-15 17:15,0.036971
2025-10-15 17:30,0.0341
2025-10-15 17:45,0.031815
2025-10-15 18:00,0.0264
2025-10-15 18:15,0.02405
2025-10-15 18:30,0.016049
2025-10-15 18:45,0.01499
2025-10-15 19:00,0.032175
2025-10-15 19:15,0.035619
2025-10-15 19:30,0.026874
2025-10-15 19:45,0.044046
2025-10-15 20:00,0.008857
2025-10-15 20:15,0.009043
2025-10-15 20:30,0.01132
2025-10-15 20:45,0.011585
2025-10-15 21:00,0.005264
2025-10-15 21:15,0.006661
2025-10-15 21:30,0.007167
2025-10-15 21:45,0.022439
2025-10-15 22:00,0.008751
2025-10-15 22:15,0.020262
2025-10-15 22:30,0.00688
2025-10-15 22:45,0.0221
2025-10-15 23:00,0.012427
2025-10-15 23:15,0.06432
2025-10-15 23:30,0.08886
2025-10-15 23:45,0.052402
2025-10-16 00:00,0.094261
2025-10-16 00:15,0.162763
2025-10-16 00:30,0.279732
2025-10-16 00:45,0.115079
2025-10-16 01:00,0.32018
2025-10-16 01:15,0.176383
2025-10-16 01:30,0.167556
2025-10-16 01:45,0.302136
2025-10-16 02:00,0.165698
2025-10-16 02:15,0.500135
2025-10-16 02:30,0.118709
2025-10-16 02:45,0.084502
2025-10-16 03:00,0.084976
2025-10-16 03:15,0.116148
2025-10-16 03:30,0.096704
2025-10-16 03:45,0.091263
2025-10-16 04:00,0.127261
2025-10-16 04:15,0.14429
2025-10-16 04:30,0.19054
2025-10-16 04:45,0.125383
2025-10-16 05:00,0.177413
2025-10-16 05:15,0.154451
2025-10-16 05:30,0.248813
2025-10-16 05:45,0.2465
2025-10-16 06:00,0.215876
2025-10-16 06:15,0.188557
2025-10-16 06:30,0.579012
2025-10-16 06:45,0.203919
2025-10-16 07:00,0.189844
2025-10-16 07:15,0.203486
2025-10-16 07:30,0.199862
2025-10-16 07:45,0.148636
2025-10-16 08:00,0.211608
2025-10-16 08:15,0.279868
2025-10-16 08:30,0.24208
2025-10-16 08:45,0.40617
2025-10-16 09:00,0.193051
2025-10-16 09:15,0.235857
2025-10-16 09:30,0.20251
2025-10-16 09:45,0.210383
2025-10-16 10:00,0.142743
2025-10-16 10:15,0.155017
2025-10-16 10:30,0.127638
2025-10-16 10:45,0.072861
2025-10-16 11:00,0.037137
2025-10-16 11:15,0.076499
2025-10-16 11:30,0.09828
2025-10-16 11:45,0.067452
2025-10-16 12:00,0.080499
2025-10-16 12:15,0.060618
2025-10-16 12:30,0.069077
2025-10-16 12:45,0.078953
2025-10-16 13:00,0.064636
2025-10-16 13:15,0.075
2025-10-16 13:30,0.035822
2025-10-16 13:45,0.034986
2025-10-16 14:00,0.053466
2025-10-16 14:15,0.127168
2025-10-16 14:30,0.022902
2025-10-16 14:45,0.031786
2025-10-16 15:00,0.039886
2025-10-16 15:15,0.144122
2025-10-16 15:30,0.085835
2025-10-16 15:45,0.023888
2025-10-16 16:00,0.01994
2025-10-16 16:15,0.025331
2025-10-16 16:30,0.025327
2025-10-16 16:45,0.011889
2025-10-16 17:00,0.030438
2025-10-16 17:15,0.034118
2025-10-16 17:30,0.062759
2025-10-16 17:45,0.18711
2025-10-16 18:00,0.113425
2025-10-16 18:15,0.05801
2025-10-16 18:30,0.070162
2025-10-16 18:45,0.154238
2025-10-16 19:00,0.056142
2025-10-16 19:15,0.016562
2025-10-16 19:30,0.035487
2025-10-16 19:45,0.016207
2025-10-16 20:00,0.049107
2025-10-16 20:15,0.029329
2025-10-16 20:30,0.020999
2025-10-16 20:45,0.010509
2025-10-16 21:00,0.00681
2025-10-16 21:15,0.018685
2025-10-16 21:30,0.004079
2025-10-16 21:45,0.007319
2025-10-16 22:00,0.009782
2025-10-16 22:15,0.023518
2025-10-16 22:30,0.022266
2025-10-16 22:45,0.01766
2025-10-16 23:00,0.033304
2025-10-16 23:15,0.030211
2025-10-16 23:30,0.040077
2025-10-16 23:45,0.076132
2025-10-17 00:00,0.112166
2025-10-17 00:15,0.092811
2025-10-17 00:30,0.370527
2025-10-17 00:45,0.101016
2025-10-17 01:00,0.228766
2025-10-17 01:15,0.56965
2025-10-17 01:30,0.352381
2025-10-17 01:45,0.23056
2025-10-17 02:00,0.184629
2025-10-17 02:15,0.826181
2025-10-17 02:30,0.622752
2025-10-17 02:45,0.866166
2025-10-17 03:00,0.195737
2025-10-17 03:15,0.118485
2025-10-17 03:30,0.123489
2025-10-17 03:45,0.216682
2025-10-17 04:00,0.261472
2025-10-17 04:15,0.340492
2025-10-17 04:30,0.380766
2025-10-17 04:45,0.189464
2025-10-17 05:00,0.150329
2025-10-17 05:15,0.157787
2025-10-17 05:30,0.217093
2025-10-17 05:45,0.137975
2025-10-17 06:00,0.177031
2025-10-17 06:15,0.217712
2025-10-17 06:30,0.192105
2025-10-17 06:45,0.218762
2025-10-17 07:00,0.229545
2025-10-17 07:15,0.161296
2025-10-17 07:30,0.14507
2025-10-17 07:45,0.286275
2025-10-17 08:00,0.493726
2025-10-17 08:15,0.185236
2025-10-17 08:30,0.148063
2025-10-17 08:45,0.174225
2025-10-17 09:00,0.073232
2025-10-17 09:15,0.085761
2025-10-17 09:30,0.061926
2025-10-17 09:45,0.076374
2025-10-17 10:00,0.062064
2025-10-17 10:15,0.075293
2025-10-17 10:30,0.06293
2025-10-17 10:45,0.040568
2025-10-17 11:00,0.054678
2025-10-17 11:15,0.111553
2025-10-17 11:30,0.069648
2025-10-17 11:45,0.040676
2025-10-17 12:00,0.022723
2025-10-17 12:15,0.044159
2025-10-17 12:30,0.053377
2025-10-17 12:45,0.104979
2025-10-17 13:00,0.077902
2025-10-17 13:15,0.058626
2025-10-17 13:30,0.039503
2025-10-17 13:45,0.039824
2025-10-17 14:00,0.045079
2025-10-17 14:15,0.049909
2025-10-17 14:30,0.026468
2025-10-17 14:45,0.026885
2025-10-17 15:00,0.034243
2025-10-17 15:15,0.018455
2025-10-17 15:30,0.023043
2025-10-17 15:45,0.030263
2025-10-17 16:00,0.024433
2025-10-17 16:15,0.021813
2025-10-17 16:30,0.049158
2025-10-17 16:45,0.04641
2025-10-17 17:00,0.044273
2025-10-17 17:15,0.028273
2025-10-17 17:30,0.027
2025-10-17 17:45,0.01917
2025-10-17 18:00,0.041416
2025-10-17 18:15,0.027364
2025-10-17 18:30,0.038399
2025-10-17 18:45,0.029164
2025-10-17 19:00,0.024295
2025-10-17 19:15,0.01316
2025-10-17 19:30,0.032301
2025-10-17 19:45,0.027767
2025-10-17 20:00,0.011467
2025-10-17 20:15,0.013278
2025-10-17 20:30,0.023463
2025-10-17 20:45,0.01457
2025-10-17 21:00,0.013156
2025-10-17 21:15,0.002025
2025-10-17 21:30,0.005282
2025-10-17 21:45,0.013796
2025-10-17 22:00,0.020148
2025-10-17 22:15,0.009967
2025-10-17 22:30,0.010051
2025-10-17 22:45,0.006935
2025-10-17 23:00,0.016212
2025-10-17 23:15,0.014244
2025-10-17 23:30,0.028947
2025-10-17 23:45,0.016811
2025-10-18 00:00,0.011477
2025-10-18 00:15,0.014034
2025-10-18 00:30,0.023215
2025-10-18 00:45,0.019083
2025-10-18 01:00,0.123632
2025-10-18 01:15,0.046365
2025-10-18 01:30,0.025963
2025-10-18 01:45,0.035994
2025-10-18 02:00,0.230601
2025-10-18 02:15,0.023895
2025-10-18 02:30,0.074839
2025-10-18 02:45,0.03644
2025-10-18 03:00,0.039757
2025-10-18 03:15,0.01379
2025-10-18 03:30,0.024494
2025-10-18 03:45,0.116199
2025-10-18 04:00,0.038124
2025-10-18 04:15,0.031047
2025-10-18 04:30,0.037145
2025-10-18 04:45,0.058307
2025-10-18 05:00,0.12459
2025-10-18 05:15,0.050747
2025-10-18 05:30,0.052364
2025-10-18 05:45,0.069306
2025-10-18 06:00,0.121913
2025-10-18 06:15,0.06788
2025-10-18 06:30,0.062692
2025-10-18 06:45,0.078094
2025-10-18 07:00,0.099038
2025-10-18 07:15,0.129074
2025-10-18 07:30,0.111006
2025-10-18 07:45,0.065666
2025-10-18 08:00,0.054189
2025-10-18 08:15,0.055172
2025-10-18 08:30,0.077867
2025-10-18 08:45,0.086505
2025-10-18 09:00,0.120657
2025-10-18 09:15,0.058529
2025-10-18 09:30,0.081994
2025-10-18 09:45,0.043008
2025-10-18 10:00,0.049487
2025-10-18 10:15,0.05167
2025-10-18 10:30,0.042176
2025-10-18 10:45,0.041998
2025-10-18 11:00,0.048315
2025-10-18 11:15,0.062734
2025-10-18 11:30,0.116698
2025-10-18 11:45,0.140009
2025-10-18 12:00,0.145364
2025-10-18 12:15,0.027186
2025-10-18 12:30,0.046932
2025-10-18 12:45,0.061924
2025-10-18 13:00,0.067817
2025-10-18 13:15,0.108579
2025-10-18 13:30,0.104252
2025-10-18 13:45,0.020922
2025-10-18 14:00,0.00911
2025-10-18 14:15,0.035992
2025-10-18 14:30,0.060073
2025-10-18 14:45,0.04347
2025-10-18 15:00,0.018642
2025-10-18 15:15,0.010357
2025-10-18 15:30,0.022235
2025-10-18 15:45,0.023577
2025-10-18 16:00,0.043852
2025-10-18 16:15,0.036883
2025-10-18 16:30,0.032738
2025-10-18 16:45,0.02941
2025-10-18 17:00,0.019444
2025-10-18 17:15,0.036242
2025-10-18 17:30,0.034369
2025-10-18 17:45,0.053548
2025-10-18 18:00,0.019601
2025-10-18 18:15,0.016445
2025-10-18 18:30,0.022874
2025-10-18 18:45,0.036835
2025-10-18 19:00,0.027194
2025-10-18 19:15,0.044247
2025-10-18 19:30,0.012065
2025-10-18 19:45,0.022087
2025-10-18 20:00,0.011563
2025-10-18 20:15,0.030438
2025-10-18 20:30,0.014585
2025-10-18 20:45,0.006205
2025-10-18 21:00,0.042465
2025-10-18 21:15,0.020607
2025-10-18 21:30,0.036832
2025-10-18 21:45,0.039916
2025-10-18 22:00,0.001595
2025-10-18 22:15,0.005614
2025-10-18 22:30,0.01042
2025-10-18 22:45,0.01213
2025-10-18 23:00,0.023633
2025-10-18 23:15,0.017623
2025-10-18 23:30,0.008726
2025-10-18 23:45,0.008136
2025-10-19 00:00,0.013235
2025-10-19 00:15,0.017219
2025-10-19 00:30,0.010637
2025-10-19 00:45,0.009533
2025-10-19 01:00,0.005541
2025-10-19 01:15,0.012174
2025-10-19 01:30,0.012068
2025-10-19 01:45,0.018744
2025-10-19 02:00,0.042327
2025-10-19 02:15,0.023981
2025-10-19 02:30,0.26291
2025-10-19 02:45,0.04352
2025-10-19 03:00,0.030589
2025-10-19 03:15,0.038783
2025-10-19 03:30,0.062149
2025-10-19 03:45,0.03762
2025-10-19 04:00,0.052855
2025-10-19 04:15,0.057481
2025-10-19 04:30,0.098137
2025-10-19 04:45,0.095743
2025-10-19 05:00,0.078668
2025-10-19 05:15,0.062156
2025-10-19 05:30,0.066762
2025-10-19 05:45,0.03811
2025-10-19 06:00,0.133752
2025-10-19 06:15,0.205173
2025-10-19 06:30,0.077737
2025-10-19 06:45,0.165311
2025-10-19 07:00,0.08567
2025-10-19 07:15,0.121836
2025-10-19 07:30,0.068056
2025-10-19 07:45,0.077291
2025-10-19 08:00,0.079643
2025-10-19 08:15,0.064962
2025-10-19 08:30,0.05775
2025-10-19 08:45,0.041119
2025-10-19 09:00,0.045287
2025-10-19 09:15,0.063243
2025-10-19 09:30,0.058659
2025-10-19 09:45,0.037167
2025-10-19 10:00,0.060135
2025-10-19 10:15,0.060989
2025-10-19 10:30,0.05943
2025-10-19 10:45,0.055987
2025-10-19 11:00,0.067524
2025-10-19 11:15,0.078894
2025-10-19 11:30,0.113504
2025-10-19 11:45,0.086499
2025-10-19 12:00,0.076204
2025-10-19 12:15,0.030052
2025-10-19 12:30,0.061833
2025-10-19 12:45,0.171264
2025-10-19 13:00,0.074298
2025-10-19 13:15,0.04088
2025-10-19 13:30,0.049266
2025-10-19 13:45,0.027194
2025-10-19 14:00,0.027441
2025-10-19 14:15,0.042237
2025-10-19 14:30,0.048295
2025-10-19 14:45,0.057158
2025-10-19 15:00,0.040013
2025-10-19 15:15,0.044183
2025-10-19 15:30,0.024879
2025-10-19 15:45,0.023131
2025-10-19 16:00,0.052956
2025-10-19 16:15,0.046455
2025-10-19 16:30,0.062617
2025-10-19 16:45,0.085655
2025-10-19 17:00,0.069205
2025-10-19 17:15,0.033324
2025-10-19 17:30,0.06463
2025-10-19 17:45,0.054513
2025-10-19 18:00,0.011651
2025-10-19 18:15,0.007374
2025-10-19 18:30,0.008218
2025-10-19 18:45,0.003503
2025-10-19 19:00,0.038275
2025-10-19 19:15,0.054518
2025-10-19 19:30,0.019086
2025-10-19 19:45,0.009196
2025-10-19 20:00,0.017903
2025-10-19 20:15,0.030561
2025-10-19 20:30,0.026454
2025-10-19 20:45,0.008881
2025-10-19 21:00,0.004253
2025-10-19 21:15,0.020652
2025-10-19 21:30,0.019792
2025-10-19 21:45,0.015634
2025-10-19 22:00,0.037526
2025-10-19 22:15,0.007961
2025-10-19 22:30,0.028
2025-10-19 22:45,0.059149
2025-10-19 23:00,0.125682
2025-10-19 23:15,0.036737
2025-10-19 23:30,0.068912
2025-10-19 23:45,0.076328
2025-10-20 00:00,0.091836
2025-10-20 00:15,0.301773
2025-10-20 00:30,0.11455
2025-10-20 00:45,0.160243
2025-10-20 01:00,0.164524
2025-10-20 01:15,0.171401
2025-10-20 01:30,0.142978
2025-10-20 01:45,0.262004
2025-10-20 02:00,0.186881
2025-10-20 02:15,0.156687
2025-10-20 02:30,0.174901
2025-10-20 02:45,0.071731
2025-10-20 03:00,0.165157
2025-10-20 03:15,0.87546
2025-10-20 03:30,0.245925
2025-10-20 03:45,0.151518
2025-10-20 04:00,0.182679
2025-10-20 04:15,0.219981
2025-10-20 04:30,0.747075
2025-10-20 04:45,0.872943
2025-10-20 05:00,0.429937
2025-10-20 05:15,0.12013
2025-10-20 05:30,0.255347
2025-10-20 05:45,0.135513
2025-10-20 06:00,0.213646
2025-10-20 06:15,0.175162
2025-10-20 06:30,0.153352
2025-10-20 06:45,0.153741
2025-10-20 07:00,0.189231
2025-10-20 07:15,0.128044
2025-10-20 07:30,0.148709
2025-10-20 07:45,0.175313
2025-10-20 08:00,0.277637
2025-10-20 08:15,0.234395
2025-10-20 08:30,0.273853
2025-10-20 08:45,0.166012
2025-10-20 09:00,0.111804
2025-10-20 09:15,0.088601
2025-10-20 09:30,0.110516
2025-10-20 09:45,0.121898
2025-10-20 10:00,0.08591
2025-10-20 10:15,0.094614
2025-10-20 10:30,0.182793
2025-10-20 10:45,0.074192
2025-10-20 11:00,0.106297
2025-10-20 11:15,0.187441
2025-10-20 11:30,0.055271
2025-10-20 11:45,0.12881
2025-10-20 12:00,0.057084
2025-10-20 12:15,0.041441
2025-10-20 12:30,0.058695
2025-10-20 12:45,0.058463
2025-10-20 13:00,0.064767
2025-10-20 13:15,0.043455
2025-10-20 13:30,0.080961
2025-10-20 13:45,0.054671
2025-10-20 14:00,0.054963
2025-10-20 14:15,0.064264
2025-10-20 14:30,0.071056
2025-10-20 14:45,0.032699
2025-10-20 15:00,0.155469
2025-10-20 15:15,0.046212
2025-10-20 15:30,0.035753
2025-10-20 15:45,0.040021
2025-10-20 16:00,0.052553
2025-10-20 16:15,0.042326
2025-10-20 16:30,0.035384
2025-10-20 16:45,0.03037
2025-10-20 17:00,0.023585
2025-10-20 17:15,0.021172
2025-10-20 17:30,0.024455
2025-10-20 17:45,0.007943
2025-10-20 18:00,0.044918
2025-10-20 18:15,0.010308
2025-10-20 18:30,0.039768
2025-10-20 18:45,0.009673
2025-10-20 19:00,0.018486
2025-10-20 19:15,0.00778
2025-10-20 19:30,0.005575
2025-10-20 19:45,0.021029
2025-10-20 20:00,0.008004
2025-10-20 20:15,0.010528
2025-10-20 20:30,0.02089
2025-10-20 20:45,0.009667
2025-10-20 21:00,0.004376
2025-10-20 21:15,0.009168
2025-10-20 21:30,0.012265
2025-10-20 21:45,0.017294
2025-10-20 22:00,0.009892
2025-10-20 22:15,0.021619
2025-10-20 22:30,0.024297
2025-10-20 22:45,0.018119
2025-10-20 23:00,0.037325
2025-10-20 23:15,0.026682
2025-10-20 23:30,0.162303
2025-10-20 23:45,0.179998
2025-10-21 00:00,0.082636
2025-10-21 00:15,0.133502
2025-10-21 00:30,0.135728
2025-10-21 00:45,0.098791
2025-10-21 01:00,0.249199
2025-10-21 01:15,0.185108
2025-10-21 01:30,0.467882
2025-10-21 01:45,0.428922
2025-10-21 02:00,0.261648
2025-10-21 02:15,0.134184
2025-10-21 02:30,0.102148
2025-10-21 02:45,0.069939
2025-10-21 03:00,0.102999
2025-10-21 03:15,0.074301
2025-10-21 03:30,0.121385
2025-10-21 03:45,0.124133
2025-10-21 04:00,0.187327
2025-10-21 04:15,0.159346
2025-10-21 04:30,0.148911
2025-10-21 04:45,0.296
2025-10-21 05:00,0.218481
2025-10-21 05:15,1.0
2025-10-21 05:30,0.700619
2025-10-21 05:45,0.113612
2025-10-21 06:00,0.204232
2025-10-21 06:15,0.129894
2025-10-21 06:30,0.211982
2025-10-21 06:45,0.149201
2025-10-21 07:00,0.156242
2025-10-21 07:15,0.171161
2025-10-21 07:30,0.181654
2025-10-21 07:45,0.275146
2025-10-21 08:00,0.300928
2025-10-21 08:15,0.122632
2025-10-21 08:30,0.32857
2025-10-21 08:45,0.221254
2025-10-21 09:00,0.105305
2025-10-21 09:15,0.099302
2025-10-21 09:30,0.069964
2025-10-21 09:45,0.053415
2025-10-21 10:00,0.093084
2025-10-21 10:15,0.118653
2025-10-21 10:30,0.106984
2025-10-21 10:45,0.085248
2025-10-21 11:00,0.149542
2025-10-21 11:15,0.268618
2025-10-21 11:30,0.04919
2025-10-21 11:45,0.090366
2025-10-21 12:00,0.09948
2025-10-21 12:15,0.063391
2025-10-21 12:30,0.083743
2025-10-21 12:45,0.072241
2025-10-21 13:00,0.060386
2025-10-21 13:15,0.069263
2025-10-21 13:30,0.064397
2025-10-21 13:45,0.039538
2025-10-21 14:00,0.045726
2025-10-21 14:15,0.048381
2025-10-21 14:30,0.057123
2025-10-21 14:45,0.041689
2025-10-21 15:00,0.040346
2025-10-21 15:15,0.036791
2025-10-21 15:30,0.026964
2025-10-21 15:45,0.01166
2025-10-21 16:00,0.029065
2025-10-21 16:15,0.010172
2025-10-21 16:30,0.0268
2025-10-21 16:45,0.013123
2025-10-21 17:00,0.026588
2025-10-21 17:15,0.015016
2025-10-21 17:30,0.022617
2025-10-21 17:45,0.017059
2025-10-21 18:00,0.045854
2025-10-21 18:15,0.020162
2025-10-21 18:30,0.039036
2025-10-21 18:45,0.021186
2025-10-21 19:00,0.024911
2025-10-21 19:15,0.011276
2025-10-21 19:30,0.015011
2025-10-21 19:45,0.006902
2025-10-21 20:00,0.010326
2025-10-21 20:15,0.019294
2025-10-21 20:30,0.006651
2025-10-21 20:45,0.005555
2025-10-21 21:00,0.01081
2025-10-21 21:15,0.0147
2025-10-21 21:30,0.025845
2025-10-21 21:45,0.025055
2025-10-21 22:00,0.026739
2025-10-21 22:15,0.0173
2025-10-21 22:30,0.2322
2025-10-21 22:45,0.082225
2025-10-21 23:00,0.021747
2025-10-21 23:15,0.020682
2025-10-21 23:30,0.068043
2025-10-21 23:45,0.130224
2025-10-22 00:00,0.121686
2025-10-22 00:00,0.064956
2025-10-22 00:15,0.078512
2025-10-22 00:30,0.07581
2025-10-22 00:45,0.354801
2025-10-22 01:00,0.097312
2025-10-22 01:15,0.07994
2025-10-22 01:30,0.107729
2025-10-22 01:45,0.058299
2025-10-22 02:00,0.073071
2025-10-22 02:15,0.092602
2025-10-22 02:30,0.188698
2025-10-22 02:45,0.074257
2025-10-22 03:00,0.066262
2025-10-22 03:15,0.03566
2025-10-22 03:30,0.124685
2025-10-22 03:45,0.181655
2025-10-22 04:00,0.179601
2025-10-22 04:15,0.215143
2025-10-22 04:30,0.098485
2025-10-22 04:45,0.159189
2025-10-22 05:00,0.057273
2025-10-22 05:15,0.057859
2025-10-22 05:30,0.09095
2025-10-22 05:45,0.080475
2025-10-22 06:00,0.082666
2025-10-22 06:15,0.151016
2025-10-22 06:30,0.070131
2025-10-22 06:45,0.130961
2025-10-22 07:00,0.143759
2025-10-22 07:15,0.088533
2025-10-22 07:30,0.090308
2025-10-22 07:45,0.101585
2025-10-22 08:00,0.090757
2025-10-22 08:15,0.063386
2025-10-22 08:30,0.081009
2025-10-22 08:45,0.051719
2025-10-22 09:00,0.04862
2025-10-22 09:15,0.047825
2025-10-22 09:30,0.049832
2025-10-22 09:45,0.02731
2025-10-22 10:00,0.046333
2025-10-22 10:15,0.038009
2025-10-22 10:30,0.061587
2025-10-22 10:45,0.039526
2025-10-22 11:00,0.058572
2025-10-22 11:15,0.033651
2025-10-22 11:30,0.03142
2025-10-22 11:45,0.144357
2025-10-22 12:00,0.122973
2025-10-22 12:15,0.031514
2025-10-22 12:30,0.045519
2025-10-22 12:45,0.047001
2025-10-22 13:00,0.041003
2025-10-22 13:15,0.030373
2025-10-22 13:30,0.044933
2025-10-22 13:45,0.037921
2025-10-22 14:00,0.030614
2025-10-22 14:15,0.037647
2025-10-22 14:30,0.011648
2025-10-22 14:45,0.016173
2025-10-22 15:00,0.017184
2025-10-22 15:15,0.017558
2025-10-22 15:30,0.010349
2025-10-22 15:45,0.011756
2025-10-22 16:00,0.014971
2025-10-22 16:15,0.007109
2025-10-22 16:30,0.019897
2025-10-22 16:45,0.009665
2025-10-22 17:00,0.012738
2025-10-22 17:15,0.017349
2025-10-22 17:30,0.014432
2025-10-22 17:45,0.016746
2025-10-22 18:00,0.012058
2025-10-22 18:15,0.007808
2025-10-22 18:30,0.008154
2025-10-22 18:45,0.001695
2025-10-22 19:00,0.004143
2025-10-22 19:15,0.004385
2025-10-22 19:30,0.005944
2025-10-22 19:45,0.004149
2025-10-22 20:00,0.003829
2025-10-22 20:15,0.003919
2025-10-22 20:30,0.007682
2025-10-22 20:45,0.002092
2025-10-22 21:00,0.003508
2025-10-22 21:15,0.00726
2025-10-22 21:30,0.003307
2025-10-22 21:45,0.00551
2025-10-22 22:00,0.003804
2025-10-22 22:15,0.003074
2025-10-22 22:30,0.0058
2025-10-22 22:45,0.027779
2025-10-22 23:00,0.036866
2025-10-22 23:15,0.018677
2025-10-22 23:30,0.029297
2025-10-22 23:45,0.027729
2025-10-23 00:00,0.047082
2025-10-23 00:15,0.077076
2025-10-23 00:30,0.047828
2025-10-23 00:45,0.083272
2025-10-23 01:00,0.069316
2025-10-23 01:15,0.07267
2025-10-23 01:30,0.079771
2025-10-23 01:45,0.067108
2025-10-23 02:00,0.074468
2025-10-23 02:15,0.051186
2025-10-23 02:30,0.055899
2025-10-23 02:45,0.056349
2025-10-23 03:00,0.056002
2025-10-23 03:15,0.059393
2025-10-23 03:30,0.054443
2025-10-23 03:45,0.056964
2025-10-23 04:00,0.116879
2025-10-23 04:15,0.068765
2025-10-23 04:30,0.106911
2025-10-23 04:45,0.11334
2025-10-23 05:00,0.083828
2025-10-23 05:15,0.138165
2025-10-23 05:30,0.128149
2025-10-23 05:45,0.077621
2025-10-23 06:00,0.05796
2025-10-23 06:15,0.116529
2025-10-23 06:30,0.090129
2025-10-23 06:45,0.085703
2025-10-23 07:00,0.135167
2025-10-23 07:15,0.105254
2025-10-23 07:30,0.089069
2025-10-23 07:45,0.130698
2025-10-23 08:00,0.195767
2025-10-23 08:15,0.183323
2025-10-23 08:30,0.121771
2025-10-23 08:45,0.082805
2025-10-23 09:00,0.039464
2025-10-23 09:15,0.049255
2025-10-23 09:30,0.030788
2025-10-23 09:45,0.044417
2025-10-23 10:00,0.032626
2025-10-23 10:15,0.045278
2025-10-23 10:30,0.031648
2025-10-23 10:45,0.050714
2025-10-23 11:00,0.044312
2025-10-23 11:15,0.046281
2025-10-23 11:30,0.031332
2025-10-23 11:45,0.043488
2025-10-23 12:00,0.025973
2025-10-23 12:15,0.034218
2025-10-23 12:30,0.027416
2025-10-23 12:45,0.090187
2025-10-23 13:00,0.026022
2025-10-23 13:15,0.025081
2025-10-23 13:30,0.01895
2025-10-23 13:45,0.017374
2025-10-23 14:00,0.015496
2025-10-23 14:15,0.011727
2025-10-23 14:30,0.008968
2025-10-23 14:45,0.016256
2025-10-23 15:00,0.014104
2025-10-23 15:15,0.086546
2025-10-23 15:30,0.02153
2025-10-23 15:45,0.050556
2025-10-23 16:00,0.030238
2025-10-23 16:15,0.014809
2025-10-23 16:30,0.01685
2025-10-23 16:45,0.004518
2025-10-23 17:00,0.008801
2025-10-23 17:15,0.009498
2025-10-23 17:30,0.009561
2025-10-23 17:45,0.003671
2025-10-23 18:00,0.013165
2025-10-23 18:15,0.047306
2025-10-23 18:30,0.045283
2025-10-23 18:45,0.022518
2025-10-23 19:00,0.014415
2025-10-23 19:15,0.008761
2025-10-23 19:30,0.00154
2025-10-23 19:45,0.002755
2025-10-23 20:00,0.008779
2025-10-23 20:15,0.006312
2025-10-23 20:30,0.002778
2025-10-23 20:45,0.001464
2025-10-23 21:00,0.00378
2025-10-23 21:15,0.001643
2025-10-23 21:30,0.006077
2025-10-23 21:45,0.002075
2025-10-23 22:00,0.004946
2025-10-23 22:15,0.010235
2025-10-23 22:30,0.006032
2025-10-23 22:45,0.007726
2025-10-23 23:00,0.01314
2025-10-23 23:15,0.013719
2025-10-23 23:30,0.013082
2025-10-23 23:45,0.031061
2025-10-24 00:00,0.034282
2025-10-24 00:15,0.039298
2025-10-24 00:30,0.045987
2025-10-24 00:45,0.071119
2025-10-24 01:00,0.156703
2025-10-24 01:15,0.137123
2025-10-24 01:30,0.1204
2025-10-24 01:45,0.095076
2025-10-24 02:00,0.159445
2025-10-24 02:15,0.059758
2025-10-24 02:30,0.055428
2025-10-24 02:45,0.042826
2025-10-24 03:00,0.039565
2025-10-24 03:15,0.05346
2025-10-24 03:30,0.092301
2025-10-24 03:45,0.082184
2025-10-24 04:00,0.086258
2025-10-24 04:15,0.116448
2025-10-24 04:30,0.088701
2025-10-24 04:45,0.078618
2025-10-24 05:00,0.053166
2025-10-24 05:15,0.043553
2025-10-24 05:30,0.047343
2025-10-24 05:45,0.058952
2025-10-24 06:00,0.054305
2025-10-24 06:15,0.065904
2025-10-24 06:30,0.103642
2025-10-24 06:45,0.062904
2025-10-24 07:00,0.071456
2025-10-24 07:15,0.111804
2025-10-24 07:30,0.051137
2025-10-24 07:45,0.094436
2025-10-24 08:00,0.094764
2025-10-24 08:15,0.046285
2025-10-24 08:30,0.080063
2025-10-24 08:45,0.036444
2025-10-24 09:00,0.03144
2025-10-24 09:15,0.056916
2025-10-24 09:30,0.02672
2025-10-24 09:45,0.022025
2025-10-24 10:00,0.027562
2025-10-24 10:15,0.016793
2025-10-24 10:30,0.032918
2025-10-24 10:45,0.026023
2025-10-24 11:00,0.026126
2025-10-24 11:15,0.030024
2025-10-24 11:30,0.027422
2025-10-24 11:45,0.026626
2025-10-24 12:00,0.017171
2025-10-24 12:15,0.01801
2025-10-24 12:30,0.024529
2025-10-24 12:45,0.022354
2025-10-24 13:00,0.012935
2025-10-24 13:15,0.013902
2025-10-24 13:30,0.007044
2025-10-24 13:45,0.017621
2025-10-24 14:00,0.015846
2025-10-24 14:15,0.024475
2025-10-24 14:30,0.015613
2025-10-24 14:45,0.014265
2025-10-24 15:00,0.012309
2025-10-24 15:15,0.012718
2025-10-24 15:30,0.01351
2025-10-24 15:45,0.018601
2025-10-24 16:00,0.013775
2025-10-24 16:15,0.011728
2025-10-24 16:30,0.004584
2025-10-24 16:45,0.003803
2025-10-24 17:00,0.023622
2025-10-24 17:15,0.019199
2025-10-24 17:30,0.016705
2025-10-24 17:45,0.020279
2025-10-24 18:00,0.024774
2025-10-24 18:15,0.056588
2025-10-24 18:30,0.020696
2025-10-24 18:45,0.012894
2025-10-24 19:00,0.007155
2025-10-24 19:15,0.008999
2025-10-24 19:30,0.012206
2025-10-24 19:45,0.006303
2025-10-24 20:00,0.006066
2025-10-24 20:15,0.004196
2025-10-24 20:30,0.006915
2025-10-24 20:45,0.020951
2025-10-24 21:00,0.018535
2025-10-24 21:15,0.015544
2025-10-24 21:30,0.013504
2025-10-24 21:45,0.004171
2025-10-24 22:00,0.002374
2025-10-24 22:15,0.001166
2025-10-24 22:30,0.00584
2025-10-24 22:45,0.018647
2025-10-24 23:00,0.002297
2025-10-24 23:15,0.010314
2025-10-24 23:30,0.004733
2025-10-24 23:45,0.00313
2025-10-25 00:00,0.005537
2025-10-25 00:15,0.017526
2025-10-25 00:30,0.114988
2025-10-25 00:45,0.016478
2025-10-25 01:00,0.098169
2025-10-25 01:15,0.040638
2025-10-25 01:30,0.046031
2025-10-25 01:45,0.061467
2025-10-25 02:00,0.121675
2025-10-25 02:15,0.067884
2025-10-25 02:30,0.076065
2025-10-25 02:45,0.041858
2025-10-25 03:00,0.025419
2025-10-25 03:15,0.012449
2025-10-25 03:30,0.009713
2025-10-25 03:45,0.014949
2025-10-25 04:00,0.017408
2025-10-25 04:15,0.027142
2025-10-25 04:30,0.07261
2025-10-25 04:45,0.017718
2025-10-25 05:00,0.049696
2025-10-25 05:15,0.044552
2025-10-25 05:30,0.055382
2025-10-25 05:45,0.027065
2025-10-25 06:00,0.035361
2025-10-25 06:15,0.040711
2025-10-25 06:30,0.06978
2025-10-25 06:45,0.039569
2025-10-25 07:00,0.048086
2025-10-25 07:15,0.036076
2025-10-25 07:30,0.072135
2025-10-25 07:45,0.053212
2025-10-25 08:00,0.057157
2025-10-25 08:15,0.07046
2025-10-25 08:30,0.059279
2025-10-25 08:45,0.02256
2025-10-25 09:00,0.024846
2025-10-25 09:15,0.039904
2025-10-25 09:30,0.025745
2025-10-25 09:45,0.029445
2025-10-25 10:00,0.021622
2025-10-25 10:15,0.02994
2025-10-25 10:30,0.026636
2025-10-25 10:45,0.022674
2025-10-25 11:00,0.02808
2025-10-25 11:15,0.016512
2025-10-25 11:30,0.014384
2025-10-25 11:45,0.020911
2025-10-25 12:00,0.025842
2025-10-25 12:15,0.013735
2025-10-25 12:30,0.021079
2025-10-25 12:45,0.010255
2025-10-25 13:00,0.005603
2025-10-25 13:15,0.007389
2025-10-25 13:30,0.020026
2025-10-25 13:45,0.007997
2025-10-25 14:00,0.009671
2025-10-25 14:15,0.010019
2025-10-25 14:30,0.015211
2025-10-25 14:45,0.007441
2025-10-25 15:00,0.00922
2025-10-25 15:15,0.012109
2025-10-25 15:30,0.014504
2025-10-25 15:45,0.00608
2025-10-25 16:00,0.010467
2025-10-25 16:15,0.009405
2025-10-25 16:30,0.007471
2025-10-25 16:45,0.010656
2025-10-25 17:00,0.017936
2025-10-25 17:15,0.009785
2025-10-25 17:30,0.013426
2025-10-25 17:45,0.008425
2025-10-25 18:00,0.020427
2025-10-25 18:15,0.008381
2025-10-25 18:30,0.008856
2025-10-25 18:45,0.011808
2025-10-25 19:00,0.003718
2025-10-25 19:15,0.001469
2025-10-25 19:30,0.004556
2025-10-25 19:45,0.008265
2025-10-25 20:00,0.00152
2025-10-25 20:15,0.003763
2025-10-25 20:30,0.004143
2025-10-25 20:45,0.004476
2025-10-25 21:00,0.014452
2025-10-25 21:15,0.004367
2025-10-25 21:30,0.030112
2025-10-25 21:45,0.023575
2025-10-25 22:00,0.002597
2025-10-25 22:15,0.000742
2025-10-25 22:30,0.005577
2025-10-25 22:45,0.006164
2025-10-25 23:00,0.010489
2025-10-25 23:15,0.01303
2025-10-25 23:30,0.005128
2025-10-25 23:45,0.021792
2025-10-26 00:00,0.011919
2025-10-26 00:15,0.012077
2025-10-26 00:30,0.023593
2025-10-26 00:45,0.009372
2025-10-26 01:00,0.008984
2025-10-26 01:15,0.006177
2025-10-26 01:30,0.007444
2025-10-26 01:45,0.015742
2025-10-26 02:00,0.017158
2025-10-26 02:15,0.012774
2025-10-26 02:30,0.008132
2025-10-26 02:45,0.014348
2025-10-26 03:00,0.019261
2025-10-26 03:15,0.004455
2025-10-26 03:30,0.016941
2025-10-26 03:45,0.010386
2025-10-26 04:00,0.10191
2025-10-26 04:15,0.057519
2025-10-26 04:30,0.017848
2025-10-26 04:45,0.022872
2025-10-26 05:00,0.03096
2025-10-26 05:15,0.025185
2025-10-26 05:30,0.030284
2025-10-26 05:45,0.030107
2025-10-26 06:00,0.019172
2025-10-26 06:15,0.032563
2025-10-26 06:30,0.037245
2025-10-26 06:45,0.022359
2025-10-26 07:00,0.022502
2025-10-26 07:15,0.026499
2025-10-26 07:30,0.031083
2025-10-26 07:45,0.031644
2025-10-26 08:00,0.024438
2025-10-26 08:15,0.068172
2025-10-26 08:30,0.034441
2025-10-26 08:45,0.021101
2025-10-26 09:00,0.020082
2025-10-26 09:15,0.035207
2025-10-26 09:30,0.041214
2025-10-26 09:45,0.015419
2025-10-26 10:00,0.047115
2025-10-26 10:15,0.045536
2025-10-26 10:30,0.013459
2025-10-26 10:45,0.01049
2025-10-26 11:00,0.033715
2025-10-26 11:15,0.042295
2025-10-26 11:30,0.032471
2025-10-26 11:45,0.033642
2025-10-26 12:00,0.080997
2025-10-26 12:15,0.019665
2025-10-26 12:30,0.040744
2025-10-26 12:45,0.056732
2025-10-26 13:00,0.057399
2025-10-26 13:15,0.042289
2025-10-26 13:30,0.025106
2025-10-26 13:45,0.017165
2025-10-26 14:00,0.01949
2025-10-26 14:15,0.018084
2025-10-26 14:30,0.025922
2025-10-26 14:45,0.02088
2025-10-26 15:00,0.017448
2025-10-26 15:15,0.01878
2025-10-26 15:30,0.01589
2025-10-26 15:45,0.008681
2025-10-26 16:00,0.01499
2025-10-26 16:15,0.027403
2025-10-26 16:30,0.028098
2025-10-26 16:45,0.010651
2025-10-26 17:00,0.013302
2025-10-26 17:15,0.009745
2025-10-26 17:30,0.007251
2025-10-26 17:45,0.019364
2025-10-26 18:00,0.031693
2025-10-26 18:15,0.009938
2025-10-26 18:30,0.028542
2025-10-26 18:45,0.026056
2025-10-26 19:00,0.053531
2025-10-26 19:15,0.009851
2025-10-26 19:30,0.006629
2025-10-26 19:45,0.005359
2025-10-26 20:00,0.008022
2025-10-26 20:15,0.004605
2025-10-26 20:30,0.009963
2025-10-26 20:45,0.006234
2025-10-26 21:00,0.011165
2025-10-26 21:15,0.007285
2025-10-26 21:30,0.015072
2025-10-26 21:45,0.006229
2025-10-26 22:00,0.004963
2025-10-26 22:15,0.005977
2025-10-26 22:30,0.02928
2025-10-26 22:45,0.009411
2025-10-26 23:00,0.017443
2025-10-26 23:15,0.025844
2025-10-26 23:30,0.018205
2025-10-26 23:45,0.057369
2025-10-27 00:00,0.288888
2025-10-27 00:15,0.194642
2025-10-27 00:30,0.071912
2025-10-27 00:45,0.06197
2025-10-27 01:00,0.114829
2025-10-27 01:15,0.106287
2025-10-27 01:30,0.057867
2025-10-27 01:45,0.058583
2025-10-27 02:00,0.096426
2025-10-27 02:15,0.073787
2025-10-27 02:30,0.082876
2025-10-27 02:45,0.046761
2025-10-27 03:00,0.086311
2025-10-27 03:15,0.083841
2025-10-27 03:30,0.062163
2025-10-27 03:45,0.068754
2025-10-27 04:00,1.0
2025-10-27 04:15,0.37277
2025-10-27 04:30,0.123676
2025-10-27 04:45,0.091432
2025-10-27 05:00,0.139534
2025-10-27 05:15,0.072569
2025-10-27 05:30,0.144701
2025-10-27 05:45,0.080247
2025-10-27 06:00,0.109287
2025-10-27 06:15,0.082184
2025-10-27 06:30,0.113963
2025-10-27 06:45,0.084898
2025-10-27 07:00,0.085587
2025-10-27 07:15,0.078669
2025-10-27 07:30,0.086991
2025-10-27 07:45,0.132761
2025-10-27 08:00,0.098214
2025-10-27 08:15,0.089334
2025-10-27 08:30,0.133779
2025-10-27 08:45,0.157378
2025-10-27 09:00,0.266954
2025-10-27 09:15,0.064532
2025-10-27 09:30,0.058936
2025-10-27 09:45,0.057232
2025-10-27 10:00,0.058284
2025-10-27 10:15,0.066182
2025-10-27 10:30,0.047235
2025-10-27 10:45,0.047961
2025-10-27 11:00,0.064595
2025-10-27 11:15,0.056296
2025-10-27 11:30,0.137451
2025-10-27 11:45,0.090948
2025-10-27 12:00,0.047389
2025-10-27 12:15,0.07916
2025-10-27 12:30,0.063693
2025-10-27 12:45,0.041623
2025-10-27 13:00,0.023474
2025-10-27 13:15,0.039524
2025-10-27 13:30,0.045297
2025-10-27 13:45,0.120229
2025-10-27 14:00,0.050294
2025-10-27 14:15,0.024376
2025-10-27 14:30,0.020699
2025-10-27 14:45,0.019707
2025-10-27 15:00,0.085586
2025-10-27 15:15,0.018328
2025-10-27 15:30,0.013658
2025-10-27 15:45,0.013045
2025-10-27 16:00,0.020331
2025-10-27 16:15,0.023734
2025-10-27 16:30,0.038157
2025-10-27 16:45,0.031174
2025-10-27 17:00,0.024675
2025-10-27 17:15,0.020281
2025-10-27 17:30,0.018209
2025-10-27 17:45,0.015454
2025-10-27 18:00,0.011925
2025-10-27 18:15,0.01062
2025-10-27 18:30,0.01266
2025-10-27 18:45,0.019359
2025-10-27 19:00,0.015203
2025-10-27 19:15,0.012145
2025-10-27 19:30,0.009249
2025-10-27 19:45,0.003009
2025-10-27 20:00,0.007107
2025-10-27 20:15,0.014944
2025-10-27 20:30,0.009671
2025-10-27 20:45,0.011986
2025-10-27 21:00,0.00886
2025-10-27 21:15,0.006707
2025-10-27 21:30,0.014011
2025-10-27 21:45,0.008145
2025-10-27 22:00,0.007118
2025-10-27 22:15,0.024082
2025-10-27 22:30,0.089561
2025-10-27 22:45,0.022637
2025-10-27 23:00,0.019565
2025-10-27 23:15,0.02393
2025-10-27 23:30,0.021504
2025-10-27 23:45,0.030239
2025-10-28 00:00,0.055417
2025-10-28 00:15,0.058089
2025-10-28 00:30,0.085078
2025-10-28 00:45,0.225463
2025-10-28 01:00,0.057754
2025-10-28 01:15,0.176203
2025-10-28 01:30,0.083502
2025-10-28 01:45,0.082482
2025-10-28 02:00,0.080924
2025-10-28 02:15,0.117086
2025-10-28 02:30,0.064236
2025-10-28 02:45,0.063508
2025-10-28 03:00,0.058157
2025-10-28 03:15,0.046239
2025-10-28 03:30,0.091066
2025-10-28 03:45,0.063915
2025-10-28 04:00,0.057368
2025-10-28 04:15,0.049454
2025-10-28 04:30,0.108187
2025-10-28 04:45,0.183895
2025-10-28 05:00,0.128477
2025-10-28 05:15,0.081606
2025-10-28 05:30,0.065655
2025-10-28 05:45,0.100888
2025-10-28 06:00,0.071591
2025-10-28 06:15,0.118274
2025-10-28 06:30,0.097957
2025-10-28 06:45,0.081115
2025-10-28 07:00,0.114046
2025-10-28 07:15,0.076645
2025-10-28 07:30,0.090374
2025-10-28 07:45,0.149383
2025-10-28 08:00,0.086018
2025-10-28 08:15,0.092625
2025-10-28 08:30,0.083512
2025-10-28 08:45,0.08328
2025-10-28 09:00,0.060226
2025-10-28 09:15,0.047226
2025-10-28 09:30,0.039784
2025-10-28 09:45,0.039801
2025-10-28 10:00,0.032691
2025-10-28 10:15,0.029131
2025-10-28 10:30,0.095453
2025-10-28 10:45,0.02774
2025-10-28 11:00,0.058453
2025-10-28 11:15,0.042953
2025-10-28 11:30,0.040244
2025-10-28 11:45,0.056673
2025-10-28 12:00,0.103866
2025-10-28 12:15,0.061485
2025-10-28 12:30,0.058713
2025-10-28 12:45,0.050222
2025-10-28 13:00,0.02472
2025-10-28 13:15,0.037358
2025-10-28 13:30,0.030523
2025-10-28 13:45,0.019212
2025-10-28 14:00,0.032302
2025-10-28 14:15,0.025362
2025-10-28 14:30,0.018552
2025-10-28 14:45,0.02208
2025-10-28 15:00,0.017989
2025-10-28 15:15,0.012679
2025-10-28 15:30,0.040646
2025-10-28 15:45,0.040596
2025-10-28 16:00,0.021681
2025-10-28 16:15,0.031246
2025-10-28 16:30,0.01812
2025-10-28 16:45,0.01009
2025-10-28 17:00,0.014026
2025-10-28 17:15,0.012112
2025-10-28 17:30,0.007492
2025-10-28 17:45,0.005406
2025-10-28 18:00,0.034073
2025-10-28 18:15,0.063633
2025-10-28 18:30,0.014881
2025-10-28 18:45,0.019897
2025-10-28 19:00,0.009651
2025-10-28 19:15,0.015708
2025-10-28 19:30,0.003753
2025-10-28 19:45,0.00201
2025-10-28 20:00,0.003748
2025-10-28 20:15,0.005371
2025-10-28 20:30,0.011338
2025-10-28 20:45,0.008392
2025-10-28 21:00,0.0142
2025-10-28 21:15,0.004331
2025-10-28 21:30,0.027806
2025-10-28 21:45,0.021991
2025-10-28 22:00,0.003781
2025-10-28 22:15,0.00589
2025-10-28 22:30,0.004329
2025-10-28 22:45,0.010293
2025-10-28 23:00,0.006561
2025-10-28 23:15,0.029554
2025-10-28 23:30,0.028246
2025-10-28 23:45,0.034525
2025-10-29 00:00,0.067902
2025-10-29 00:00,0.04763
2025-10-29 00:15,0.046415
2025-10-29 00:30,0.191417
2025-10-29 00:45,0.142127
2025-10-29 01:00,0.094982
2025-10-29 01:15,0.065203
2025-10-29 01:30,0.192808
2025-10-29 01:45,0.122893
2025-10-29 02:00,0.053768
2025-10-29 02:15,0.075208
2025-10-29 02:30,0.032993
2025-10-29 02:45,0.044661
2025-10-29 03:00,0.053844
2025-10-29 03:15,0.067323
2025-10-29 03:30,0.092232
2025-10-29 03:45,0.104554
2025-10-29 04:00,0.086853
2025-10-29 04:15,0.082477
2025-10-29 04:30,0.092936
2025-10-29 04:45,0.079963
2025-10-29 05:00,0.11445
2025-10-29 05:15,0.107304
2025-10-29 05:30,0.053261
2025-10-29 05:45,0.109966
2025-10-29 06:00,0.067675
2025-10-29 06:15,0.081146
2025-10-29 06:30,0.055918
2025-10-29 06:45,0.03774
2025-10-29 07:00,0.063939
2025-10-29 07:15,0.060894
2025-10-29 07:30,0.06905
2025-10-29 07:45,0.082929
2025-10-29 08:00,0.072973
2025-10-29 08:15,0.061399
2025-10-29 08:30,0.060645
2025-10-29 08:45,0.075936
2025-10-29 09:00,0.037013
2025-10-29 09:15,0.025858
2025-10-29 09:30,0.031964
2025-10-29 09:45,0.079159
2025-10-29 10:00,0.071568
2025-10-29 10:15,0.051312
2025-10-29 10:30,0.027419
2025-10-29 10:45,0.024496
2025-10-29 11:00,0.02682
2025-10-29 11:15,0.03625
2025-10-29 11:30,0.02994
2025-10-29 11:45,0.071009
2025-10-29 12:00,0.053662
2025-10-29 12:15,0.051878
2025-10-29 12:30,0.028667
2025-10-29 12:45,0.018891
2025-10-29 13:00,0.033056
2025-10-29 13:15,0.032148
2025-10-29 13:30,0.019528
2025-10-29 13:45,0.016923
2025-10-29 14:00,0.026804
2025-10-29 14:15,0.015671
2025-10-29 14:30,0.018037
2025-10-29 14:45,0.027982
2025-10-29 15:00,0.038114
2025-10-29 15:15,0.025301
2025-10-29 15:30,0.028871
2025-10-29 15:45,0.024069
2025-10-29 16:00,0.050595
2025-10-29 16:15,0.021145
2025-10-29 16:30,0.014043
2025-10-29 16:45,0.012811
2025-10-29 17:00,0.016267
2025-10-29 17:15,0.004965
2025-10-29 17:30,0.010858
2025-10-29 17:45,0.010713
2025-10-29 18:00,0.016044
2025-10-29 18:15,0.013901
2025-10-29 18:30,0.006525
2025-10-29 18:45,0.003922
2025-10-29 19:00,0.015364
2025-10-29 19:15,0.004445
2025-10-29 19:30,0.005307
2025-10-29 19:45,0.008764
2025-10-29 20:00,0.005707
2025-10-29 20:15,0.003128
2025-10-29 20:30,0.004432
2025-10-29 20:45,0.005924
2025-10-29 21:00,0.005171
2025-10-29 21:15,0.010154
2025-10-29 21:30,0.00772
2025-10-29 21:45,0.008251
2025-10-29 22:00,0.007147
2025-10-29 22:15,0.005094
2025-10-29 22:30,0.012424
2025-10-29 22:45,0.004368
2025-10-29 23:00,0.007107
2025-10-29 23:15,0.013229
2025-10-29 23:30,0.015955
2025-10-29 23:45,0.026312
2025-10-30 00:00,0.033181
2025-10-30 00:15,0.108593
2025-10-30 00:30,0.056429
2025-10-30 00:45,0.187521
2025-10-30 01:00,0.034148
2025-10-30 01:15,0.035907
2025-10-30 01:30,0.073317
2025-10-30 01:45,0.052009
2025-10-30 02:00,0.037131
2025-10-30 02:15,0.059995
2025-10-30 02:30,0.042835
2025-10-30 02:45,0.036615
2025-10-30 03:00,0.026252
2025-10-30 03:15,0.040944
2025-10-30 03:30,0.042991
2025-10-30 03:45,0.028342
2025-10-30 04:00,0.066202
2025-10-30 04:15,0.057744
2025-10-30 04:30,0.062636
2025-10-30 04:45,0.049445
2025-10-30 05:00,0.099691
2025-10-30 05:15,0.057674
2025-10-30 05:30,0.064668
2025-10-30 05:45,0.06694
2025-10-30 06:00,0.05526
2025-10-30 06:15,0.092424
2025-10-30 06:30,0.080581
2025-10-30 06:45,0.064056
2025-10-30 07:00,0.05682
2025-10-30 07:15,0.060552
2025-10-30 07:30,0.050416
2025-10-30 07:45,0.049034
2025-10-30 08:00,0.069634
2025-10-30 08:15,0.063316
2025-10-30 08:30,0.11932
2025-10-30 08:45,0.037241
2025-10-30 09:00,0.029072
2025-10-30 09:15,0.051543
2025-10-30 09:30,0.016993
2025-10-30 09:45,0.023203
2025-10-30 10:00,0.035432
2025-10-30 10:15,0.031397
2025-10-30 10:30,0.042005
2025-10-30 10:45,0.043689
2025-10-30 11:00,0.047918
2025-10-30 11:15,0.05732
2025-10-30 11:30,0.044756
2025-10-30 11:45,0.029106
2025-10-30 12:00,0.035888
2025-10-30 12:15,0.029112
2025-10-30 12:30,0.024866
2025-10-30 12:45,0.023668
2025-10-30 13:00,0.019734
2025-10-30 13:15,0.02401
2025-10-30 13:30,0.01779
2025-10-30 13:45,0.022189
2025-10-30 14:00,0.027876
2025-10-30 14:15,0.027929
2025-10-30 14:30,0.017032
2025-10-30 14:45,0.009168
2025-10-30 15:00,0.01087
2025-10-30 15:15,0.053959
2025-10-30 15:30,0.00958
2025-10-30 15:45,0.02279
2025-10-30 16:00,0.01744
2025-10-30 16:15,0.01147
2025-10-30 16:30,0.018867
2025-10-30 16:45,0.018757
2025-10-30 17:00,0.01647
2025-10-30 17:15,0.060372
2025-10-30 17:30,0.058091
2025-10-30 17:45,0.028132
2025-10-30 18:00,0.012246
2025-10-30 18:15,0.01372
2025-10-30 18:30,0.008839
2025-10-30 18:45,0.004722
2025-10-30 19:00,0.004321
2025-10-30 19:15,0.00188
2025-10-30 19:30,0.005287
2025-10-30 19:45,0.014085
2025-10-30 20:00,0.004231
2025-10-30 20:15,0.00353
2025-10-30 20:30,0.013607
2025-10-30 20:45,0.007681
2025-10-30 21:00,0.006487
2025-10-30 21:15,0.006105
2025-10-30 21:30,0.002979
2025-10-30 21:45,0.005339
2025-10-30 22:00,0.004667
2025-10-30 22:15,0.007611
2025-10-30 22:30,0.004265
2025-10-30 22:45,0.01112
2025-10-30 23:00,0.02381
2025-10-30 23:15,0.00806
2025-10-30 23:30,0.012405
2025-10-30 23:45,0.017209
2025-10-31 00:00,0.022018
2025-10-31 00:15,0.024386
2025-10-31 00:30,0.026215
2025-10-31 00:45,0.045225
2025-10-31 01:00,0.049775
2025-10-31 01:15,0.226085
2025-10-31 01:30,0.040689
2025-10-31 01:45,0.050558
2025-10-31 02:00,1.0
2025-10-31 02:15,0.05525
2025-10-31 02:30,0.225136
2025-10-31 02:45,0.699317
2025-10-31 03:00,0.019293
2025-10-31 03:15,0.021703
2025-10-31 03:30,0.04954
2025-10-31 03:45,0.021355
2025-10-31 04:00,0.026637
2025-10-31 04:15,0.035931
2025-10-31 04:30,0.064726
2025-10-31 04:45,0.035951
2025-10-31 05:00,0.035616
2025-10-31 05:15,0.044497
2025-10-31 05:30,0.127469
2025-10-31 05:45,0.109517
2025-10-31 06:00,0.032955
2025-10-31 06:15,0.03316
2025-10-31 06:30,0.048029
2025-10-31 06:45,0.035866
2025-10-31 07:00,0.040748
2025-10-31 07:15,0.036014
2025-10-31 07:30,0.055644
2025-10-31 07:45,0.037318
2025-10-31 08:00,0.051016
2025-10-31 08:15,0.197531
2025-10-31 08:30,0.040442
2025-10-31 08:45,0.038255
2025-10-31 09:00,0.043579
2025-10-31 09:15,0.03719
2025-10-31 09:30,0.029808
2025-10-31 09:45,0.02769
2025-10-31 10:00,0.037996
2025-10-31 10:15,0.030364
2025-10-31 10:30,0.028165
2025-10-31 10:45,0.032403
2025-10-31 11:00,0.037804
2025-10-31 11:15,0.025088
2025-10-31 11:30,0.027287
2025-10-31 11:45,0.022994
2025-10-31 12:00,0.018951
2025-10-31 12:15,0.032865
2025-10-31 12:30,0.036257
2025-10-31 12:45,0.011777
2025-10-31 13:00,0.010277
2025-10-31 13:15,0.007104
2025-10-31 13:30,0.031851
2025-10-31 13:45,0.023842
2025-10-31 14:00,0.006009
2025-10-31 14:15,0.012092
2025-10-31 14:30,0.004917
2025-10-31 14:45,0.00824
2025-10-31 15:00,0.004872
2025-10-31 15:15,0.004875
2025-10-31 15:30,0.006846
2025-10-31 15:45,0.007768
2025-10-31 16:00,0.007678
2025-10-31 16:15,0.003388
2025-10-31 16:30,0.002692
2025-10-31 16:45,0.015134
2025-10-31 17:00,0.006603
2025-10-31 17:15,0.012739
2025-10-31 17:30,0.003234
2025-10-31 17:45,0.003581
2025-10-31 18:00,0.007809
2025-10-31 18:15,0.00131
2025-10-31 18:30,0.003821
2025-10-31 18:45,0.002822
2025-10-31 19:00,0.001702
2025-10-31 19:15,0.001644
2025-10-31 19:30,0.001056
2025-10-31 19:45,0.001474
2025-10-31 20:00,0.001663
2025-10-31 20:15,0.002608
2025-10-31 20:30,0.041027
2025-10-31 20:45,0.00422
2025-10-31 21:00,0.001262
2025-10-31 21:15,0.000845
2025-10-31 21:30,0.002739
2025-10-31 21:45,0.003857
2025-10-31 22:00,0.001685
2025-10-31 22:15,0.007144
2025-10-31 22:30,0.002766
2025-10-31 22:45,0.002422
2025-10-31 23:00,0.005422
2025-10-31 23:15,0.006214
2025-10-31 23:30,0.003808
2025-10-31 23:45,0.009903
2025-11-01 00:00,0.010323
2025-11-01 00:15,0.125282
2025-11-01 00:30,0.017657
2025-11-01 00:45,0.018922
2025-11-01 01:00,0.011718
2025-11-01 01:15,0.013553
2025-11-01 01:30,0.00802
2025-11-01 01:45,0.007158
2025-11-01 02:00,0.004155
2025-11-01 02:15,0.007445
2025-11-01 02:30,0.004955
2025-11-01 02:45,0.006223
2025-11-01 03:00,0.004582
2025-11-01 03:15,0.047385
2025-11-01 03:30,0.009995
2025-11-01 03:45,0.023634
2025-11-01 04:00,0.025351
2025-11-01 04:15,0.017327
2025-11-01 04:30,0.028309
2025-11-01 04:45,0.018145
2025-11-01 05:00,0.014731
2025-11-01 05:15,0.010082
2025-11-01 05:30,0.017038
2025-11-01 05:45,0.019351
2025-11-01 06:00,0.020918
2025-11-01 06:15,0.026036
2025-11-01 06:30,0.019003
2025-11-01 06:45,0.009197
2025-11-01 07:00,0.022097
2025-11-01 07:15,0.064055
2025-11-01 07:30,0.046939
2025-11-01 07:45,0.023535
2025-11-01 08:00,0.015453
2025-11-01 08:15,0.023473
2025-11-01 08:30,0.033571
2025-11-01 08:45,0.0244
2025-11-01 09:00,0.023322
2025-11-01 09:15,0.046486
2025-11-01 09:30,0.018968
2025-11-01 09:45,0.018096
2025-11-01 10:00,0.028811
2025-11-01 10:15,0.039863
2025-11-01 10:30,0.053935
2025-11-01 10:45,0.030074
2025-11-01 11:00,0.017012
2025-11-01 11:15,0.014709
2025-11-01 11:30,0.008356
2025-11-01 11:45,0.008443
2025-11-01 12:00,0.013496
2025-11-01 12:15,0.024815
2025-11-01 12:30,0.016556
2025-11-01 12:45,0.021528
2025-11-01 13:00,0.013736
2025-11-01 13:15,0.017408
2025-11-01 13:30,0.021025
2025-11-01 13:45,0.056031
2025-11-01 14:00,0.045237
2025-11-01 14:15,0.032795
2025-11-01 14:30,0.02026
2025-11-01 14:45,0.014523
2025-11-01 15:00,0.01156
2025-11-01 15:15,0.005895
2025-11-01 15:30,0.010121
2025-11-01 15:45,0.007937
2025-11-01 16:00,0.00778
2025-11-01 16:15,0.010463
2025-11-01 16:30,0.023414
2025-11-01 16:45,0.087199
2025-11-01 17:00,0.015158
2025-11-01 17:15,0.006413
2025-11-01 17:30,0.00454
2025-11-01 17:45,0.003357
2025-11-01 18:00,0.008992
2025-11-01 18:15,0.004579
2025-11-01 18:30,0.005173
2025-11-01 18:45,0.002893
2025-11-01 19:00,0.003505
2025-11-01 19:15,0.002888
2025-11-01 19:30,0.003835
2025-11-01 19:45,0.001732
2025-11-01 20:00,0.001523
2025-11-01 20:15,0.250134
2025-11-01 20:30,0.000952
2025-11-01 20:45,0.001522
2025-11-01 21:00,0.005359
2025-11-01 21:15,0.005274
2025-11-01 21:30,0.004118
2025-11-01 21:45,0.003227
2025-11-01 22:00,0.005223
2025-11-01 22:15,0.001807
2025-11-01 22:30,0.002189
2025-11-01 22:45,0.000152
2025-11-01 23:00,0.001443
2025-11-01 23:15,0.001093
2025-11-01 23:30,0.001364
2025-11-01 23:45,0.000699
2025-11-02 00:00,0.003586
2025-11-02 00:15,0.005653
2025-11-02 00:30,0.010375
2025-11-02 00:45,0.026381
2025-11-02 01:00,0.041482
2025-11-02 01:15,0.006509
2025-11-02 01:30,0.006211
2025-11-02 01:45,0.00852
2025-11-02 02:00,0.00375
2025-11-02 02:15,0.004132
2025-11-02 02:30,0.00992
2025-11-02 02:45,0.005565
2025-11-02 03:00,0.010345
2025-11-02 03:15,0.006079
2025-11-02 03:30,0.007432
2025-11-02 03:45,0.010272
2025-11-02 04:00,0.011704
2025-11-02 04:15,0.013475
2025-11-02 04:30,0.011028
2025-11-02 04:45,0.011491
2025-11-02 05:00,0.013791
2025-11-02 05:15,0.010833
2025-11-02 05:30,0.015048
2025-11-02 05:45,0.025648
2025-11-02 06:00,0.016926
2025-11-02 06:15,0.022176
2025-11-02 06:30,0.015931
2025-11-02 06:45,0.017284
2025-11-02 07:00,0.010631
2025-11-02 07:15,0.021383
2025-11-02 07:30,0.016155
2025-11-02 07:45,0.014378
2025-11-02 08:00,0.02098
2025-11-02 08:15,0.012666
2025-11-02 08:30,0.016723
2025-11-02 08:45,0.018934
2025-11-02 09:00,0.02727
2025-11-02 09:15,0.024132
2025-11-02 09:30,0.053999
2025-11-02 09:45,0.035518
2025-11-02 10:00,0.018897
2025-11-02 10:15,0.02179
2025-11-02 10:30,0.032813
2025-11-02 10:45,0.026437
2025-11-02 11:00,0.01918
2025-11-02 11:15,0.023753
2025-11-02 11:30,0.074
2025-11-02 11:45,0.028005
2025-11-02 12:00,0.024731
2025-11-02 12:15,0.011431
2025-11-02 12:30,0.017027
2025-11-02 12:45,0.011962
2025-11-02 13:00,0.019961
2025-11-02 13:15,0.020314
2025-11-02 13:30,0.016459
2025-11-02 13:45,0.019695
2025-11-02 14:00,0.0362
2025-11-02 14:15,0.018888
2025-11-02 14:30,0.015041
2025-11-02 14:45,0.016526
2025-11-02 15:00,0.015353
2025-11-02 15:15,0.0173
2025-11-02 15:30,0.009769
2025-11-02 15:45,0.009858
2025-11-02 16:00,0.017316
2025-11-02 16:15,0.034299
2025-11-02 16:30,0.035428
2025-11-02 16:45,0.025732
2025-11-02 17:00,0.015143
2025-11-02 17:15,0.021756
2025-11-02 17:30,0.019188
2025-11-02 17:45,0.020733
2025-11-02 18:00,0.021486
2025-11-02 18:15,0.016531
2025-11-02 18:30,0.013163
2025-11-02 18:45,0.011462
2025-11-02 19:00,0.007384
2025-11-02 19:15,0.012668
2025-11-02 19:30,0.013553
2025-11-02 19:45,0.009141
2025-11-02 20:00,0.008358
2025-11-02 20:15,0.006794
2025-11-02 20:30,0.009264
2025-11-02 20:45,0.012734
2025-11-02 21:00,0.011092
2025-11-02 21:15,0.008605
2025-11-02 21:30,0.006231
2025-11-02 21:45,0.007616
2025-11-02 22:00,0.014773
2025-11-02 22:15,0.005537
2025-11-02 22:30,0.004559
2025-11-02 22:45,0.00279
2025-11-02 23:00,0.010003
2025-11-02 23:15,0.005519
2025-11-02 23:30,0.016667
2025-11-02 23:45,0.027015
2025-11-03 00:00,0.036294
2025-11-03 00:15,0.048956
2025-11-03 00:30,0.054367
2025-11-03 00:45,0.080301
2025-11-03 01:00,0.148454
2025-11-03 01:15,0.382162
2025-11-03 01:30,0.071825
2025-11-03 01:45,0.129005
2025-11-03 02:00,0.046583
2025-11-03 02:15,0.067964
2025-11-03 02:30,0.039289
2025-11-03 02:45,0.034035
2025-11-03 03:00,0.038267
2025-11-03 03:15,0.039294
2025-11-03 03:30,0.073952
2025-11-03 03:45,0.072356
2025-11-03 04:00,0.047554
2025-11-03 04:15,0.080975
2025-11-03 04:30,0.104054
2025-11-03 04:45,0.060574
2025-11-03 05:00,0.067452
2025-11-03 05:15,0.14858
2025-11-03 05:30,0.062544
2025-11-03 05:45,0.082469
2025-11-03 06:00,0.076234
2025-11-03 06:15,0.076345
2025-11-03 06:30,0.109955
2025-11-03 06:45,0.063464
2025-11-03 07:00,0.050537
2025-11-03 07:15,0.068951
2025-11-03 07:30,0.066629
2025-11-03 07:45,0.080409
2025-11-03 08:00,0.09669
2025-11-03 08:15,0.122141
2025-11-03 08:30,0.109047
2025-11-03 08:45,0.117133
2025-11-03 09:00,0.060316
2025-11-03 09:15,0.06974
2025-11-03 09:30,0.043605
2025-11-03 09:45,0.034761
2025-11-03 10:00,0.040629
2025-11-03 10:15,0.027889
2025-11-03 10:30,0.0326
2025-11-03 10:45,0.030482
2025-11-03 11:00,0.028549
2025-11-03 11:15,0.040399
2025-11-03 11:30,0.025144
2025-11-03 11:45,0.034844
2025-11-03 12:00,0.045367
2025-11-03 12:15,0.031889
2025-11-03 12:30,0.042547
2025-11-03 12:45,0.058825
2025-11-03 13:00,0.031289
2025-11-03 13:15,0.049618
2025-11-03 13:30,0.039404
2025-11-03 13:45,0.031762
2025-11-03 14:00,0.026572
2025-11-03 14:15,0.024614
2025-11-03 14:30,0.018825
2025-11-03 14:45,0.019145
2025-11-03 15:00,0.01578
2025-11-03 15:15,0.011473
2025-11-03 15:30,0.015827
2025-11-03 15:45,0.030942
2025-11-03 16:00,0.012386
2025-11-03 16:15,0.052825
2025-11-03 16:30,0.014029
2025-11-03 16:45,0.017389
2025-11-03 17:00,0.010401
2025-11-03 17:15,0.022247
2025-11-03 17:30,0.009909
2025-11-03 17:45,0.014312
2025-11-03 18:00,0.019823
2025-11-03 18:15,0.00895
2025-11-03 18:30,0.011027
2025-11-03 18:45,0.015862
2025-11-03 19:00,0.018051
2025-11-03 19:15,0.008564
2025-11-03 19:30,0.013387
2025-11-03 19:45,0.01597
2025-11-03 20:00,0.005576
2025-11-03 20:15,0.00761
2025-11-03 20:30,0.012992
2025-11-03 20:45,0.010036
2025-11-03 21:00,0.011206
2025-11-03 21:15,0.007997
2025-11-03 21:30,0.00822
2025-11-03 21:45,0.01188
2025-11-03 22:00,0.010374
2025-11-03 22:15,0.006374
2025-11-03 22:30,0.009008
2025-11-03 22:45,0.015772
2025-11-03 23:00,0.010754
2025-11-03 23:15,0.023109
2025-11-03 23:30,0.015966
2025-11-03 23:45,0.040499
2025-11-04 00:00,0.030844
2025-11-04 00:15,0.044668
2025-11-04 00:30,0.049582
2025-11-04 00:45,0.043196
2025-11-04 01:00,0.05565
2025-11-04 01:15,0.068019
2025-11-04 01:30,0.055984
2025-11-04 01:45,0.073931
2025-11-04 02:00,0.097942
2025-11-04 02:15,0.365355
2025-11-04 02:30,0.175193
2025-11-04 02:45,0.792678
2025-11-04 03:00,0.134051
2025-11-04 03:15,0.068994
2025-11-04 03:30,0.051998
2025-11-04 03:45,0.043672
2025-11-04 04:00,0.053577
2025-11-04 04:15,0.051596
2025-11-04 04:30,0.074597
2025-11-04 04:45,0.116194
2025-11-04 05:00,0.065188
2025-11-04 05:15,0.070534
2025-11-04 05:30,0.098922
2025-11-04 05:45,0.087766
2025-11-04 06:00,0.082606
2025-11-04 06:15,0.046495
2025-11-04 06:30,0.12457
2025-11-04 06:45,0.110566
2025-11-04 07:00,0.087922
2025-11-04 07:15,0.050243
2025-11-04 07:30,0.357999
2025-11-04 07:45,0.05795
2025-11-04 08:00,0.103579
2025-11-04 08:15,0.139323
2025-11-04 08:30,0.079485
2025-11-04 08:45,0.052455
2025-11-04 09:00,0.035546
2025-11-04 09:15,0.077519
2025-11-04 09:30,0.190216
2025-11-04 09:45,0.042238
2025-11-04 10:00,0.043059
2025-11-04 10:15,0.180861
2025-11-04 10:30,0.038071
2025-11-04 10:45,0.188996
2025-11-04 11:00,0.026693
2025-11-04 11:15,0.026497
2025-11-04 11:30,0.032133
2025-11-04 11:45,0.033483
2025-11-04 12:00,0.046991
2025-11-04 12:15,0.038569
2025-11-04 12:30,0.042284
2025-11-04 12:45,0.045877
2025-11-04 13:00,0.039508
2025-11-04 13:15,0.03982
2025-11-04 13:30,0.044383
2025-11-04 13:45,0.034454
2025-11-04 14:00,0.020986
2025-11-04 14:15,0.024393
2025-11-04 14:30,0.03065
2025-11-04 14:45,0.054615
2025-11-04 15:00,0.025551
2025-11-04 15:15,0.027644
2025-11-04 15:30,0.025487
2025-11-04 15:45,0.03177
2025-11-04 16:00,0.041671
2025-11-04 16:15,0.020963
2025-11-04 16:30,0.027628
2025-11-04 16:45,0.029425
2025-11-04 17:00,0.021653
2025-11-04 17:15,0.028733
2025-11-04 17:30,0.0357
2025-11-04 17:45,0.044379
2025-11-04 18:00,0.040553
2025-11-04 18:15,0.033506
2025-11-04 18:30,0.022252
2025-11-04 18:45,0.026862
2025-11-04 19:00,0.036755
2025-11-04 19:15,0.033091
2025-11-04 19:30,0.017938
2025-11-04 19:45,0.01319
2025-11-04 20:00,0.014514
2025-11-04 20:15,0.022544
2025-11-04 20:30,0.012544
2025-11-04 20:45,0.009728
2025-11-04 21:00,0.007601
2025-11-04 21:15,0.012284
2025-11-04 21:30,0.011524
2025-11-04 21:45,0.01412
2025-11-04 22:00,0.012602
2025-11-04 22:15,0.018662
2025-11-04 22:30,0.034028
2025-11-04 22:45,0.019867
2025-11-04 23:00,0.02285
2025-11-04 23:15,0.014256
2025-11-04 23:30,0.022424
2025-11-04 23:45,0.052081
2025-11-05 00:00,0.04016
2025-11-05 00:00,0.173626
2025-11-05 00:15,0.189443
2025-11-05 00:30,0.160998
2025-11-05 00:45,0.352327
2025-11-05 01:00,0.493132
2025-11-05 01:15,0.439377
2025-11-05 01:30,0.183611
2025-11-05 01:45,0.32174
2025-11-05 02:00,0.256645
2025-11-05 02:15,0.212236
2025-11-05 02:30,0.512333
2025-11-05 02:45,0.340137
2025-11-05 03:00,0.773931
2025-11-05 03:15,0.15953
2025-11-05 03:30,0.110535
2025-11-05 03:45,0.327308
2025-11-05 04:00,0.301135
2025-11-05 04:15,0.308604
2025-11-05 04:30,0.30715
2025-11-05 04:45,0.305455
2025-11-05 05:00,0.259072
2025-11-05 05:15,0.376815
2025-11-05 05:30,0.283319
2025-11-05 05:45,0.321803
2025-11-05 06:00,0.574197
2025-11-05 06:15,0.285128
2025-11-05 06:30,0.314019
2025-11-05 06:45,0.289983
2025-11-05 07:00,0.293883
2025-11-05 07:15,0.412473
2025-11-05 07:30,0.288207
2025-11-05 07:45,0.422443
2025-11-05 08:00,0.401063
2025-11-05 08:15,0.327327
2025-11-05 08:30,0.277365
2025-11-05 08:45,0.389054
2025-11-05 09:00,0.331642
2025-11-05 09:15,0.230026
2025-11-05 09:30,0.154455
2025-11-05 09:45,0.149284
2025-11-05 10:00,0.283427
2025-11-05 10:15,0.165005
2025-11-05 10:30,0.131896
2025-11-05 10:45,0.206202
2025-11-05 11:00,0.181218
2025-11-05 11:15,0.164003
2025-11-05 11:30,0.157783
2025-11-05 11:45,0.17516
2025-11-05 12:00,0.148667
2025-11-05 12:15,0.183985
2025-11-05 12:30,0.313593
2025-11-05 12:45,0.263451
2025-11-05 13:00,0.186993
2025-11-05 13:15,0.175609
2025-11-05 13:30,0.226495
2025-11-05 13:45,0.109355
2025-11-05 14:00,0.165003
2025-11-05 14:15,0.156059
2025-11-05 14:30,0.10311
2025-11-05 14:45,0.081904
2025-11-05 15:00,0.059482
2025-11-05 15:15,0.051767
2025-11-05 15:30,0.043177
2025-11-05 15:45,0.044741
2025-11-05 16:00,0.044021
2025-11-05 16:15,0.050414
2025-11-05 16:30,0.093735
2025-11-05 16:45,0.091426
2025-11-05 17:00,0.052685
2025-11-05 17:15,0.040466
2025-11-05 17:30,0.03135
2025-11-05 17:45,0.033072
2025-11-05 18:00,0.170781
2025-11-05 18:15,0.066775
2025-11-05 18:30,0.018667
2025-11-05 18:45,0.040388
2025-11-05 19:00,0.055139
2025-11-05 19:15,0.041956
2025-11-05 19:30,0.045005
2025-11-05 19:45,0.055968
2025-11-05 20:00,0.067681
2025-11-05 20:15,0.080586
2025-11-05 20:30,0.064355
2025-11-05 20:45,0.059003
2025-11-05 21:00,0.055161
2025-11-05 21:15,0.052264
2025-11-05 21:30,0.046794
2025-11-05 21:45,0.056854
2025-11-05 22:00,0.090846
2025-11-05 22:15,0.097141
2025-11-05 22:30,0.113537
2025-11-05 22:45,0.073002
2025-11-05 23:00,0.075781
2025-11-05 23:15,0.092412
2025-11-05 23:30,0.11898
2025-11-05 23:45,0.123941
2025-11-06 00:00,0.196246
2025-11-06 00:15,0.327597
2025-11-06 00:30,0.49024
2025-11-06 00:45,0.527394
2025-11-06 01:00,0.324095
2025-11-06 01:15,0.4181
2025-11-06 01:30,0.339812
2025-11-06 01:45,0.334956
2025-11-06 02:00,0.251308
2025-11-06 02:15,0.254189
2025-11-06 02:30,0.298238
2025-11-06 02:45,0.328416
2025-11-06 03:00,0.259283
2025-11-06 03:15,0.267409
2025-11-06 03:30,0.339867
2025-11-06 03:45,0.247498
2025-11-06 04:00,0.334928
2025-11-06 04:15,0.284032
2025-11-06 04:30,0.243603
2025-11-06 04:45,0.300509
2025-11-06 05:00,0.377685
2025-11-06 05:15,0.247015
2025-11-06 05:30,0.268654
2025-11-06 05:45,0.337362
2025-11-06 06:00,0.328737
2025-11-06 06:15,0.330045
2025-11-06 06:30,0.263318
2025-11-06 06:45,0.300836
2025-11-06 07:00,0.380422
2025-11-06 07:15,0.396682
2025-11-06 07:30,0.246981
2025-11-06 07:45,0.289072
2025-11-06 08:00,0.256771
2025-11-06 08:15,0.225367
2025-11-06 08:30,0.35934
2025-11-06 08:45,0.522553
2025-11-06 09:00,0.575774
2025-11-06 09:15,0.191559
2025-11-06 09:30,0.119753
2025-11-06 09:45,0.16172
2025-11-06 10:00,0.120286
2025-11-06 10:15,0.187827
2025-11-06 10:30,0.22517
2025-11-06 10:45,0.190016
2025-11-06 11:00,0.097421
2025-11-06 11:15,0.134647
2025-11-06 11:30,0.129558
2025-11-06 11:45,0.127699
2025-11-06 12:00,0.087143
2025-11-06 12:15,0.180368
2025-11-06 12:30,0.089068
2025-11-06 12:45,0.142127
2025-11-06 13:00,0.091753
2025-11-06 13:15,0.09268
2025-11-06 13:30,0.106655
2025-11-06 13:45,0.179126
2025-11-06 14:00,0.079745
2025-11-06 14:15,0.050679
2025-11-06 14:30,0.071043
2025-11-06 14:45,0.01689
2025-11-06 15:00,0.193433
2025-11-06 15:15,0.064034
2025-11-06 15:30,0.038876
2025-11-06 15:45,0.05544
2025-11-06 16:00,0.055944
2025-11-06 16:15,0.051489
2025-11-06 16:30,0.061524
2025-11-06 16:45,0.052108
2025-11-06 17:00,0.029753
2025-11-06 17:15,0.021555
2025-11-06 17:30,0.076929
2025-11-06 17:45,0.025038
2025-11-06 18:00,0.066506
2025-11-06 18:15,0.029843
2025-11-06 18:30,0.183864
2025-11-06 18:45,0.026168
2025-11-06 19:00,0.018781
2025-11-06 19:15,0.011418
2025-11-06 19:30,0.010151
2025-11-06 19:45,0.024991
2025-11-06 20:00,0.012965
2025-11-06 20:15,0.010236
2025-11-06 20:30,0.017087
2025-11-06 20:45,0.006115
2025-11-06 21:00,0.114654
2025-11-06 21:15,0.114627
2025-11-06 21:30,0.153175
2025-11-06 21:45,0.175556
2025-11-06 22:00,0.078841
2025-11-06 22:15,0.015105
2025-11-06 22:30,0.034337
2025-11-06 22:45,0.030811
2025-11-06 23:00,0.058974
2025-11-06 23:15,0.036274
2025-11-06 23:30,0.056636
2025-11-06 23:45,0.041209
2025-11-07 00:00,0.12401
2025-11-07 00:15,0.123447
2025-11-07 00:30,0.255523
2025-11-07 00:45,0.144922
2025-11-07 01:00,0.166936
2025-11-07 01:15,0.243033
2025-11-07 01:30,0.248325
2025-11-07 01:45,0.299387
2025-11-07 02:00,0.220643
2025-11-07 02:15,0.238532
2025-11-07 02:30,0.201967
2025-11-07 02:45,0.158876
2025-11-07 03:00,0.113456
2025-11-07 03:15,0.114085
2025-11-07 03:30,0.287702
2025-11-07 03:45,0.187225
2025-11-07 04:00,0.35217
2025-11-07 04:15,0.334404
2025-11-07 04:30,0.140051
2025-11-07 04:45,0.435394
2025-11-07 05:00,0.486991
2025-11-07 05:15,0.326946
2025-11-07 05:30,0.458904
2025-11-07 05:45,0.159141
2025-11-07 06:00,0.152066
2025-11-07 06:15,0.283752
2025-11-07 06:30,0.455457
2025-11-07 06:45,0.291906
2025-11-07 07:00,0.344754
2025-11-07 07:15,0.115099
2025-11-07 07:30,0.225817
2025-11-07 07:45,0.12409
2025-11-07 08:00,0.116048
2025-11-07 08:15,0.221038
2025-11-07 08:30,0.174384
2025-11-07 08:45,0.166793
2025-11-07 09:00,0.091478
2025-11-07 09:15,0.146954
2025-11-07 09:30,0.104619
2025-11-07 09:45,0.172751
2025-11-07 10:00,0.089921
2025-11-07 10:15,0.059626
2025-11-07 10:30,0.16615
2025-11-07 10:45,0.140361
2025-11-07 11:00,0.110736
2025-11-07 11:15,0.054161
2025-11-07 11:30,0.059288
2025-11-07 11:45,0.123076
2025-11-07 12:00,0.266783
2025-11-07 12:15,0.196828
2025-11-07 12:30,0.065004
2025-11-07 12:45,0.068621
2025-11-07 13:00,0.08499
2025-11-07 13:15,0.093107
2025-11-07 13:30,0.086894
2025-11-07 13:45,0.053994
2025-11-07 14:00,0.042863
2025-11-07 14:15,0.048908
2025-11-07 14:30,0.032391
2025-11-07 14:45,0.048617
2025-11-07 15:00,0.054663
2025-11-07 15:15,0.054912
2025-11-07 15:30,0.076534
2025-11-07 15:45,0.058815
2025-11-07 16:00,0.050174
2025-11-07 16:15,0.053917
2025-11-07 16:30,0.025051
2025-11-07 16:45,0.020887
2025-11-07 17:00,0.0369
2025-11-07 17:15,0.062378
2025-11-07 17:30,0.024627
2025-11-07 17:45,0.038057
2025-11-07 18:00,0.018773
2025-11-07 18:15,0.011937
2025-11-07 18:30,0.03238
2025-11-07 18:45,0.0268
2025-11-07 19:00,0.076378
2025-11-07 19:15,0.015933
2025-11-07 19:30,0.02399
2025-11-07 19:45,0.023454
2025-11-07 20:00,0.067
2025-11-07 20:15,0.045709
2025-11-07 20:30,0.012903
2025-11-07 20:45,0.006415
2025-11-07 21:00,0.010637
2025-11-07 21:15,0.006894
2025-11-07 21:30,0.029035
2025-11-07 21:45,0.00907
2025-11-07 22:00,0.002769
2025-11-07 22:15,0.007649
2025-11-07 22:30,0.003767
2025-11-07 22:45,0.015317
2025-11-07 23:00,0.005189
2025-11-07 23:15,0.016327
2025-11-07 23:30,0.0167
2025-11-07 23:45,0.012037
2025-11-08 00:00,0.038322
2025-11-08 00:15,0.031472
2025-11-08 00:30,0.026925
2025-11-08 00:45,0.049266
2025-11-08 01:00,0.056779
2025-11-08 01:15,0.027305
2025-11-08 01:30,0.098654
2025-11-08 01:45,0.226124
2025-11-08 02:00,0.299387
2025-11-08 02:15,0.028356
2025-11-08 02:30,0.024704
2025-11-08 02:45,0.029726
2025-11-08 03:00,0.044033
2025-11-08 03:15,0.011542
2025-11-08 03:30,0.022485
2025-11-08 03:45,0.020953
2025-11-08 04:00,0.048772
2025-11-08 04:15,0.062921
2025-11-08 04:30,0.030523
2025-11-08 04:45,0.041064
2025-11-08 05:00,0.064272
2025-11-08 05:15,0.146443
2025-11-08 05:30,0.134122
2025-11-08 05:45,0.107062
2025-11-08 06:00,0.032192
2025-11-08 06:15,0.047907
2025-11-08 06:30,0.046925
2025-11-08 06:45,0.040757
2025-11-08 07:00,0.188969
2025-11-08 07:15,0.122999
2025-11-08 07:30,0.074271
2025-11-08 07:45,0.117953
2025-11-08 08:00,0.069158
2025-11-08 08:15,0.047178
2025-11-08 08:30,0.044098
2025-11-08 08:45,0.029992
2025-11-08 09:00,0.037607
2025-11-08 09:15,0.029829
2025-11-08 09:30,0.025869
2025-11-08 09:45,0.037567
2025-11-08 10:00,0.049174
2025-11-08 10:15,0.035455
2025-11-08 10:30,0.022639
2025-11-08 10:45,0.019277
2025-11-08 11:00,0.035231
2025-11-08 11:15,0.05067
2025-11-08 11:30,0.017236
2025-11-08 11:45,0.017847
2025-11-08 12:00,0.029287
2025-11-08 12:15,0.053397
2025-11-08 12:30,0.033108
2025-11-08 12:45,0.029363
2025-11-08 13:00,0.027681
2025-11-08 13:15,0.028238
2025-11-08 13:30,0.04496
2025-11-08 13:45,0.040362
2025-11-08 14:00,0.054992
2025-11-08 14:15,0.094604
2025-11-08 14:30,0.075495
2025-11-08 14:45,0.098476
2025-11-08 15:00,0.101104
2025-11-08 15:15,0.077341
2025-11-08 15:30,0.027981
2025-11-08 15:45,0.02306
2025-11-08 16:00,0.053094
2025-11-08 16:15,0.084414
2025-11-08 16:30,0.104056
2025-11-08 16:45,0.145932
2025-11-08 17:00,0.077002
2025-11-08 17:15,0.043074
2025-11-08 17:30,0.009211
2025-11-08 17:45,0.019548
2025-11-08 18:00,0.050768
2025-11-08 18:15,0.022061
2025-11-08 18:30,0.036818
2025-11-08 18:45,0.031535
2025-11-08 19:00,0.022455
2025-11-08 19:15,0.007807
2025-11-08 19:30,0.003947
2025-11-08 19:45,0.011133
2025-11-08 20:00,0.005093
2025-11-08 20:15,0.001428
2025-11-08 20:30,0.007008
2025-11-08 20:45,0.006046
2025-11-08 21:00,0.014872
2025-11-08 21:15,0.001599
2025-11-08 21:30,0.004413
2025-11-08 21:45,0.036656
2025-11-08 22:00,0.006892
2025-11-08 22:15,0.002671
2025-11-08 22:30,0.004795
2025-11-08 22:45,0.003026
2025-11-08 23:00,0.004614
2025-11-08 23:15,0.04333
2025-11-08 23:30,0.008729
2025-11-08 23:45,0.119571
2025-11-09 00:00,0.051321
2025-11-09 00:15,0.033214
2025-11-09 00:30,0.240945
2025-11-09 00:45,0.017244
2025-11-09 01:00,0.02123
2025-11-09 01:15,0.039955
2025-11-09 01:30,0.03132
2025-11-09 01:45,0.029177
2025-11-09 02:00,0.026619
2025-11-09 02:15,0.069504
2025-11-09 02:30,0.033119
2025-11-09 02:45,0.021974
2025-11-09 03:00,0.025459
2025-11-09 03:15,0.037418
2025-11-09 03:30,0.047436
2025-11-09 03:45,0.013094
2025-11-09 04:00,0.068822
2025-11-09 04:15,0.072328
2025-11-09 04:30,0.042049
2025-11-09 04:45,0.141196
2025-11-09 05:00,0.215091
2025-11-09 05:15,0.051043
2025-11-09 05:30,0.08629
2025-11-09 05:45,0.050336
2025-11-09 06:00,0.197758
2025-11-09 06:15,0.099166
2025-11-09 06:30,0.062208
2025-11-09 06:45,0.081284
2025-11-09 07:00,0.076331
2025-11-09 07:15,0.090025
2025-11-09 07:30,0.067831
2025-11-09 07:45,0.116869
2025-11-09 08:00,0.061658
2025-11-09 08:15,0.107628
2025-11-09 08:30,0.133142
2025-11-09 08:45,0.098358
2025-11-09 09:00,0.053661
2025-11-09 09:15,0.026419
2025-11-09 09:30,0.111195
2025-11-09 09:45,0.109847
2025-11-09 10:00,0.035227
2025-11-09 10:15,0.050501
2025-11-09 10:30,0.067351
2025-11-09 10:45,0.080865
2025-11-09 11:00,0.093131
2025-11-09 11:15,0.040634
2025-11-09 11:30,0.084837
2025-11-09 11:45,0.066598
2025-11-09 12:00,0.086241
2025-11-09 12:15,0.092919
2025-11-09 12:30,0.165233
2025-11-09 12:45,0.036737
2025-11-09 13:00,0.034934
2025-11-09 13:15,0.052728
2025-11-09 13:30,0.032057
2025-11-09 13:45,0.054423
2025-11-09 14:00,0.053143
2025-11-09 14:15,0.034681
2025-11-09 14:30,0.043511
2025-11-09 14:45,0.019436
2025-11-09 15:00,0.072315
2025-11-09 15:15,0.053297
2025-11-09 15:30,0.057487
2025-11-09 15:45,0.066423
2025-11-09 16:00,0.030245
2025-11-09 16:15,0.037212
2025-11-09 16:30,0.025867
2025-11-09 16:45,0.064036
2025-11-09 17:00,0.047324
2025-11-09 17:15,0.02844
2025-11-09 17:30,0.022588
2025-11-09 17:45,0.019582
2025-11-09 18:00,0.028346
2025-11-09 18:15,0.031132
2025-11-09 18:30,0.009926
2025-11-09 18:45,0.008
2025-11-09 19:00,0.011113
2025-11-09 19:15,0.032273
2025-11-09 19:30,0.006533
2025-11-09 19:45,0.032869
2025-11-09 20:00,0.000896
2025-11-09 20:15,0.003447
2025-11-09 20:30,0.000668
2025-11-09 20:45,0.002969
2025-11-09 21:00,0.006834
2025-11-09 21:15,0.002424
2025-11-09 21:30,0.008212
2025-11-09 21:45,0.018082
2025-11-09 22:00,0.011739
2025-11-09 22:15,0.003071
2025-11-09 22:30,0.021064
2025-11-09 22:45,0.011753
2025-11-09 23:00,0.020927
2025-11-09 23:15,0.025819
2025-11-09 23:30,0.024978
2025-11-09 23:45,0.110395
2025-11-10 00:00,0.12584
2025-11-10 00:15,0.233585
2025-11-10 00:30,0.307112
2025-11-10 00:45,0.486097
2025-11-10 01:00,0.15748
2025-11-10 01:15,0.151765
2025-11-10 01:30,0.227784
2025-11-10 01:45,0.292947
2025-11-10 02:00,0.371981
2025-11-10 02:15,0.286263
2025-11-10 02:30,0.221072
2025-11-10 02:45,0.18136
2025-11-10 03:00,0.221312
2025-11-10 03:15,0.121248
2025-11-10 03:30,0.200703
2025-11-10 03:45,0.182669
2025-11-10 04:00,0.285745
2025-11-10 04:15,0.262562
2025-11-10 04:30,0.288842
2025-11-10 04:45,0.235371
2025-11-10 05:00,0.273658
2025-11-10 05:15,0.259231
2025-11-10 05:30,0.249288
2025-11-10 05:45,0.307673
2025-11-10 06:00,0.574616
2025-11-10 06:15,0.328998
2025-11-10 06:30,0.379149
2025-11-10 06:45,0.225458
2025-11-10 07:00,0.304806
2025-11-10 07:15,0.246778
2025-11-10 07:30,0.795767
2025-11-10 07:45,0.206344
2025-11-10 08:00,0.250604
2025-11-10 08:15,0.372107
2025-11-10 08:30,0.410076
2025-11-10 08:45,0.402352
2025-11-10 09:00,0.22014
2025-11-10 09:15,0.244536
2025-11-10 09:30,0.334663
2025-11-10 09:45,0.190849
2025-11-10 10:00,0.117946
2025-11-10 10:15,0.080846
2025-11-10 10:30,0.062231
2025-11-10 10:45,0.093483
2025-11-10 11:00,0.097154
2025-11-10 11:15,0.16739
2025-11-10 11:30,0.116973
2025-11-10 11:45,0.080281
2025-11-10 12:00,0.099155
2025-11-10 12:15,0.110566
2025-11-10 12:30,0.121959
2025-11-10 12:45,0.089053
2025-11-10 13:00,0.101755
2025-11-10 13:15,0.067421
2025-11-10 13:30,0.050666
2025-11-10 13:45,0.152942
2025-11-10 14:00,0.052517
2025-11-10 14:15,0.093808
2025-11-10 14:30,0.066144
2025-11-10 14:45,0.048422
2025-11-10 15:00,0.061314
2025-11-10 15:15,0.058519
2025-11-10 15:30,0.06183
2025-11-10 15:45,0.048754
2025-11-10 16:00,0.027028
2025-11-10 16:15,0.042804
2025-11-10 16:30,0.068388
2025-11-10 16:45,0.042659
2025-11-10 17:00,0.038517
2025-11-10 17:15,0.020576
2025-11-10 17:30,0.033068
2025-11-10 17:45,0.033503
2025-11-10 18:00,0.043187
2025-11-10 18:15,0.045919
2025-11-10 18:30,0.017831
2025-11-10 18:45,0.008187
2025-11-10 19:00,0.010761
2025-11-10 19:15,0.019231
2025-11-10 19:30,0.006747
2025-11-10 19:45,0.007436
2025-11-10 20:00,0.005543
2025-11-10 20:15,0.007568
2025-11-10 20:30,0.016602
2025-11-10 20:45,0.005682
2025-11-10 21:00,0.005236
2025-11-10 21:15,0.009596
2025-11-10 21:30,0.007874
2025-11-10 21:45,0.013329
2025-11-10 22:00,0.005504
2025-11-10 22:15,0.023928
2025-11-10 22:30,0.046645
2025-11-10 22:45,0.111699
2025-11-10 23:00,0.520539
2025-11-10 23:15,0.247355
2025-11-10 23:30,0.041222
2025-11-10 23:45,0.09163
2025-11-11 00:00,0.177631
2025-11-11 00:15,0.199909
2025-11-11 00:30,0.149438
2025-11-11 00:45,0.22226
2025-11-11 01:00,0.243129
2025-11-11 01:15,0.239498
2025-11-11 01:30,0.208059
2025-11-11 01:45,0.213289
2025-11-11 02:00,0.338258
2025-11-11 02:15,0.204608
2025-11-11 02:30,0.712317
2025-11-11 02:45,0.494059
2025-11-11 03:00,0.139483
2025-11-11 03:15,0.127417
2025-11-11 03:30,0.274594
2025-11-11 03:45,0.166135
2025-11-11 04:00,0.372456
2025-11-11 04:15,0.381027
2025-11-11 04:30,0.279216
2025-11-11 04:45,0.27857
2025-11-11 05:00,0.359612
2025-11-11 05:15,0.318352
2025-11-11 05:30,0.229413
2025-11-11 05:45,0.224309
2025-11-11 06:00,0.220871
2025-11-11 06:15,0.2842
2025-11-11 06:30,0.38169
2025-11-11 06:45,0.431858
2025-11-11 07:00,0.259904
2025-11-11 07:15,0.367735
2025-11-11 07:30,0.276262
2025-11-11 07:45,0.74419
2025-11-11 08:00,0.334789
2025-11-11 08:15,0.273751
2025-11-11 08:30,0.260315
2025-11-11 08:45,0.209204
2025-11-11 09:00,0.131752
2025-11-11 09:15,0.237671
2025-11-11 09:30,0.252046
2025-11-11 09:45,0.125448
2025-11-11 10:00,0.197968
2025-11-11 10:15,0.057861
2025-11-11 10:30,0.137849
2025-11-11 10:45,0.112149
2025-11-11 11:00,0.121638
2025-11-11 11:15,0.271067
2025-11-11 11:30,0.22371
2025-11-11 11:45,0.135743
2025-11-11 12:00,0.120484
2025-11-11 12:15,0.073305
2025-11-11 12:30,0.10005
2025-11-11 12:45,0.134227
2025-11-11 13:00,0.162448
2025-11-11 13:15,0.14438
2025-11-11 13:30,0.516581
2025-11-11 13:45,0.048316
2025-11-11 14:00,0.09082
2025-11-11 14:15,0.169185
2025-11-11 14:30,1.0
2025-11-11 14:45,0.252019
2025-11-11 15:00,0.098357
2025-11-11 15:15,0.158527
2025-11-11 15:30,0.272978
2025-11-11 15:45,0.0748
2025-11-11 16:00,0.114903
2025-11-11 16:15,0.11194
2025-11-11 16:30,0.060114
2025-11-11 16:45,0.071623
2025-11-11 17:00,0.076332
2025-11-11 17:15,0.058263
2025-11-11 17:30,0.066254
2025-11-11 17:45,0.033651
2025-11-11 18:00,0.10952
2025-11-11 18:15,0.092216
2025-11-11 18:30,0.022083
2025-11-11 18:45,0.027441
2025-11-11 19:00,0.018508
2025-11-11 19:15,0.00942
2025-11-11 19:30,0.010334
2025-11-11 19:45,0.014388
2025-11-11 20:00,0.021023
2025-11-11 20:15,0.006673
2025-11-11 20:30,0.010352
2025-11-11 20:45,0.020228
2025-11-11 21:00,0.107757
2025-11-11 21:15,0.204934
2025-11-11 21:30,0.417981
2025-11-11 21:45,0.524536
2025-11-11 22:00,0.237315
2025-11-11 22:15,0.048551
2025-11-11 22:30,0.037823
2025-11-11 22:45,0.037836
2025-11-11 23:00,0.035375
2025-11-11 23:15,0.034709
2025-11-11 23:30,0.045086
2025-11-11 23:45,0.087007
2025-11-12 00:00,0.170043
2025-11-12 00:00,0.105734
2025-11-12 00:15,0.161958
2025-11-12 00:30,0.103895
2025-11-12 00:45,0.154504
2025-11-12 01:00,0.445633
2025-11-12 01:15,0.210226
2025-11-12 01:30,0.344787
2025-11-12 01:45,0.469733
2025-11-12 02:00,1.0
2025-11-12 02:15,0.586837
2025-11-12 02:30,0.4328
2025-11-12 02:45,0.385965
2025-11-12 03:00,0.342423
2025-11-12 03:15,0.183132
2025-11-12 03:30,0.238457
2025-11-12 03:45,0.37624
2025-11-12 04:00,0.376887
2025-11-12 04:15,0.277643
2025-11-12 04:30,0.31624
2025-11-12 04:45,0.378956
2025-11-12 05:00,0.543786
2025-11-12 05:15,0.310863
2025-11-12 05:30,0.452403
2025-11-12 05:45,0.362786
2025-11-12 06:00,0.445557
2025-11-12 06:15,0.237223
2025-11-12 06:30,0.381465
2025-11-12 06:45,0.368115
2025-11-12 07:00,0.410499
2025-11-12 07:15,0.392253
2025-11-12 07:30,0.564585
2025-11-12 07:45,0.209304
2025-11-12 08:00,0.342369
2025-11-12 08:15,0.16816
2025-11-12 08:30,0.206922
2025-11-12 08:45,0.351437
2025-11-12 09:00,0.459239
2025-11-12 09:15,0.250528
2025-11-12 09:30,0.595117
2025-11-12 09:45,0.519884
2025-11-12 10:00,0.470522
2025-11-12 10:15,0.171473
2025-11-12 10:30,0.315924
2025-11-12 10:45,0.353889
2025-11-12 11:00,0.283998
2025-11-12 11:15,0.192749
2025-11-12 11:30,0.391284
2025-11-12 11:45,0.354168
2025-11-12 12:00,0.263427
2025-11-12 12:15,0.176272
2025-11-12 12:30,0.295202
2025-11-12 12:45,0.249346
2025-11-12 13:00,0.076046
2025-11-12 13:15,0.365996
2025-11-12 13:30,0.220129
2025-11-12 13:45,0.057614
2025-11-12 14:00,0.278763
2025-11-12 14:15,0.3191
2025-11-12 14:30,0.052017
2025-11-12 14:45,0.244747
2025-11-12 15:00,0.276175
2025-11-12 15:15,0.03918
2025-11-12 15:30,0.268309
2025-11-12 15:45,0.233368
2025-11-12 16:00,0.249227
2025-11-12 16:15,0.075064
2025-11-12 16:30,0.267258
2025-11-12 16:45,0.327233
2025-11-12 17:00,0.245805
2025-11-12 17:15,0.128329
2025-11-12 17:30,0.318554
2025-11-12 17:45,0.262053
2025-11-12 18:00,0.282168
2025-11-12 18:15,0.021107
2025-11-12 18:30,0.228866
2025-11-12 18:45,0.239239
2025-11-12 19:00,0.241293
2025-11-12 19:15,0.050509
2025-11-12 19:30,0.269627
2025-11-12 19:45,0.232876
2025-11-12 20:00,0.265088
2025-11-12 20:15,0.094421
2025-11-12 20:30,0.158558
2025-11-12 20:45,0.276331
2025-11-12 21:00,0.268497
2025-11-12 21:15,0.102321
2025-11-12 21:30,0.152681
2025-11-12 21:45,0.229295
2025-11-12 22:00,0.182088
2025-11-12 22:15,0.141109
2025-11-12 22:30,0.092019
2025-11-12 22:45,0.270537
2025-11-12 23:00,0.309534
2025-11-12 23:15,0.247388
2025-11-12 23:30,0.02592
2025-11-12 23:45,0.347875
2025-11-13 00:00,0.340822
2025-11-13 00:15,0.276469
2025-11-13 00:30,0.228864
2025-11-13 00:45,0.363561
2025-11-13 01:00,0.322413
2025-11-13 01:15,0.310053
2025-11-13 01:30,0.19652
2025-11-13 01:45,0.3505
2025-11-13 02:00,0.354344
2025-11-13 02:15,0.387076
2025-11-13 02:30,0.090129
2025-11-13 02:45,0.270422
2025-11-13 03:00,0.529305
2025-11-13 03:15,0.66802
2025-11-13 03:30,0.118531
2025-11-13 03:45,0.342206
2025-11-13 04:00,0.337882
2025-11-13 04:15,0.374907
2025-11-13 04:30,0.186363
2025-11-13 04:45,0.39826
2025-11-13 05:00,0.38331
2025-11-13 05:15,0.558008
2025-11-13 05:30,0.237782
2025-11-13 05:45,0.380474
2025-11-13 06:00,0.341902
2025-11-13 06:15,0.432575
2025-11-13 06:30,0.152003
2025-11-13 06:45,0.376579
2025-11-13 07:00,0.372138
2025-11-13 07:15,0.348662
2025-11-13 07:30,0.16496
2025-11-13 07:45,0.614363
2025-11-13 08:00,0.352871
2025-11-13 08:15,0.317446
2025-11-13 08:30,0.148704
2025-11-13 08:45,0.273211
2025-11-13 09:00,0.270385
2025-11-13 09:15,0.323348
2025-11-13 09:30,0.221911
2025-11-13 09:45,0.311177
2025-11-13 10:00,0.390502
2025-11-13 10:15,0.298356
2025-11-13 10:30,0.146052
2025-11-13 10:45,0.19239
2025-11-13 11:00,0.253962
2025-11-13 11:15,0.324449
2025-11-13 11:30,0.174654
2025-11-13 11:45,0.264709
2025-11-13 12:00,0.326796
2025-11-13 12:15,0.298039
2025-11-13 12:30,0.143403
2025-11-13 12:45,0.301495
2025-11-13 13:00,0.312954
2025-11-13 13:15,0.259946
2025-11-13 13:30,0.065473
2025-11-13 13:45,0.278009
2025-11-13 14:00,0.275955
2025-11-13 14:15,0.375638
2025-11-13 14:30,0.083318
2025-11-13 14:45,0.202321
2025-11-13 15:00,0.23805
2025-11-13 15:15,0.248981
2025-11-13 15:30,0.033492
2025-11-13 15:45,0.231256
2025-11-13 16:00,0.203567
2025-11-13 16:15,0.208354
2025-11-13 16:30,0.018898
2025-11-13 16:45,0.263319
2025-11-13 17:00,0.248875
2025-11-13 17:15,0.209511
2025-11-13 17:30,0.067565
2025-11-13 17:45,0.208705
2025-11-13 18:00,0.211317
2025-11-13 18:15,0.173569
2025-11-13 18:30,0.070886
2025-11-13 18:45,0.137954
2025-11-13 19:00,0.199065
2025-11-13 19:15,0.230092
2025-11-13 19:30,0.081835
2025-11-13 19:45,0.133041
2025-11-13 20:00,0.156042
2025-11-13 20:15,0.213191
2025-11-13 20:30,0.159236
2025-11-13 20:45,0.08641
2025-11-13 21:00,0.193362
2025-11-13 21:15,0.181849
2025-11-13 21:30,0.201813
2025-11-13 21:45,0.009961
2025-11-13 22:00,0.206324
2025-11-13 22:15,0.194608
2025-11-13 22:30,0.183712
2025-11-13 22:45,0.01126
2025-11-13 23:00,0.214514
2025-11-13 23:15,0.245605
2025-11-13 23:30,0.213975
2025-11-13 23:45,0.133096
2025-11-14 00:00,0.27091
2025-11-14 00:15,0.292502
2025-11-14 00:30,0.353703
2025-11-14 00:45,0.067767
2025-11-14 01:00,0.323458
2025-11-14 01:15,0.3235
2025-11-14 01:30,0.387481
2025-11-14 01:45,0.187012
2025-11-14 02:00,0.35025
2025-11-14 02:15,0.399274
2025-11-14 02:30,0.333752
2025-11-14 02:45,0.182757
2025-11-14 03:00,0.177557
2025-11-14 03:15,0.41737
2025-11-14 03:30,0.299133
2025-11-14 03:45,0.173956
2025-11-14 04:00,0.380676
2025-11-14 04:15,0.502734
2025-11-14 04:30,0.573783
2025-11-14 04:45,0.177923
2025-11-14 05:00,0.526927
2025-11-14 05:15,0.358328
2025-11-14 05:30,0.382729
2025-11-14 05:45,0.203587
2025-11-14 06:00,0.486077
2025-11-14 06:15,0.398471
2025-11-14 06:30,0.591194
2025-11-14 06:45,0.339562
2025-11-14 07:00,0.254369
2025-11-14 07:15,0.418308
2025-11-14 07:30,0.330766
2025-11-14 07:45,0.212426
2025-11-14 08:00,0.284239
2025-11-14 08:15,0.371038
2025-11-14 08:30,0.321071
2025-11-14 08:45,0.220484
2025-11-14 09:00,0.274202
2025-11-14 09:15,0.294717
2025-11-14 09:30,0.258599
2025-11-14 09:45,0.179078
2025-11-14 10:00,0.192971
2025-11-14 10:15,0.313655
2025-11-14 10:30,0.290187
2025-11-14 10:45,0.255796
2025-11-14 11:00,0.111889
2025-11-14 11:15,0.264483
2025-11-14 11:30,0.455617
2025-11-14 11:45,0.269348
2025-11-14 12:00,0.088811
2025-11-14 12:15,0.217243
2025-11-14 12:30,0.283328
2025-11-14 12:45,0.156849
2025-11-14 13:00,0.154314
2025-11-14 13:15,0.235938
2025-11-14 13:30,0.249897
2025-11-14 13:45,0.114954
2025-11-14 14:00,0.236603
2025-11-14 14:15,0.315854
2025-11-14 14:30,0.260793
2025-11-14 14:45,0.055555
2025-11-14 15:00,0.132801
2025-11-14 15:15,0.189953
2025-11-14 15:30,0.210361
2025-11-14 15:45,0.142133
2025-11-14 16:00,0.210265
2025-11-14 16:15,0.235265
2025-11-14 16:30,0.183783
2025-11-14 16:45,0.086863
2025-11-14 17:00,0.12332
2025-11-14 17:15,0.157722
2025-11-14 17:30,0.20283
2025-11-14 17:45,0.163868
2025-11-14 18:00,0.071132
2025-11-14 18:15,0.157855
2025-11-14 18:30,0.20931
2025-11-14 18:45,0.178356
2025-11-14 19:00,0.002918
2025-11-14 19:15,0.170934
2025-11-14 19:30,0.200065
2025-11-14 19:45,0.362087
2025-11-14 20:00,0.018009
2025-11-14 20:15,0.198313
2025-11-14 20:30,0.194178
2025-11-14 20:45,0.223815
2025-11-14 21:00,0.000805
2025-11-14 21:15,0.186798
2025-11-14 21:30,0.182309
2025-11-14 21:45,0.194802
2025-11-14 22:00,0.074367
2025-11-14 22:15,0.124955
2025-11-14 22:30,0.193049
2025-11-14 22:45,0.205516
2025-11-14 23:00,0.152834
2025-11-14 23:15,0.06404
2025-11-14 23:30,0.227475
2025-11-14 23:45,0.271876
2025-11-15 00:00,0.233425
2025-11-15 00:15,0.00849
2025-11-15 00:30,0.227423
2025-11-15 00:45,0.240444
2025-11-15 01:00,0.214083
2025-11-15 01:15,0.02839
2025-11-15 01:30,0.216838
2025-11-15 01:45,0.279158
2025-11-15 02:00,0.273524
2025-11-15 02:15,0.015567
2025-11-15 02:30,0.173407
2025-11-15 02:45,0.162306
2025-11-15 03:00,0.281755
2025-11-15 03:15,0.007903
2025-11-15 03:30,0.191092
2025-11-15 03:45,0.211652
2025-11-15 04:00,0.280699
2025-11-15 04:15,0.06813
2025-11-15 04:30,0.228699
2025-11-15 04:45,0.245725
2025-11-15 05:00,0.232623
2025-11-15 05:15,0.046378
2025-11-15 05:30,0.231258
2025-11-15 05:45,0.318796
2025-11-15 06:00,0.238502
2025-11-15 06:15,0.056284
2025-11-15 06:30,0.416004
2025-11-15 06:45,0.234912
2025-11-15 07:00,0.268181
2025-11-15 07:15,0.06196
2025-11-15 07:30,0.383979
2025-11-15 07:45,0.290872
2025-11-15 08:00,0.221068
2025-11-15 08:15,0.086376
2025-11-15 08:30,0.245458
2025-11-15 08:45,0.225691
2025-11-15 09:00,0.224106
2025-11-15 09:15,0.055954
2025-11-15 09:30,0.226737
2025-11-15 09:45,0.305012
2025-11-15 10:00,0.239579
2025-11-15 10:15,0.032531
2025-11-15 10:30,0.217808
2025-11-15 10:45,0.282522
2025-11-15 11:00,0.288967
2025-11-15 11:15,0.054386
2025-11-15 11:30,0.356535
2025-11-15 11:45,0.292664
2025-11-15 12:00,0.244581
2025-11-15 12:15,0.083222
2025-11-15 12:30,0.260698
2025-11-15 12:45,0.308979
2025-11-15 13:00,0.297126
2025-11-15 13:15,0.105797
2025-11-15 13:30,0.259922
2025-11-15 13:45,0.244614
2025-11-15 14:00,0.244857
2025-11-15 14:15,0.087766
2025-11-15 14:30,0.293473
2025-11-15 14:45,0.251364
2025-11-15 15:00,0.254964
2025-11-15 15:15,0.060164
2025-11-15 15:30,0.266097
2025-11-15 15:45,0.205332
2025-11-15 16:00,0.203222
2025-11-15 16:15,0.114768
2025-11-15 16:30,0.174071
2025-11-15 16:45,0.187872
2025-11-15 17:00,0.220436
2025-11-15 17:15,0.089856
2025-11-15 17:30,0.137397
2025-11-15 17:45,0.192693
2025-11-15 18:00,0.346131
2025-11-15 18:15,0.121279
2025-11-15 18:30,0.108294
2025-11-15 18:45,0.188546
2025-11-15 19:00,0.265028
2025-11-15 19:15,0.208064
2025-11-15 19:30,0.026905
2025-11-15 19:45,0.453673
2025-11-15 20:00,0.188484
2025-11-15 20:15,0.20185
2025-11-15 20:30,0.046285
2025-11-15 20:45,0.199425
2025-11-15 21:00,0.264736
2025-11-15 21:15,0.213579
2025-11-15 21:30,0.073844
2025-11-15 21:45,0.27192
2025-11-15 22:00,0.197174
2025-11-15 22:15,0.219166
2025-11-15 22:30,0.132207
2025-11-15 22:45,0.280593
2025-11-15 23:00,0.341897
2025-11-15 23:15,0.20991
2025-11-15 23:30,0.084557
2025-11-15 23:45,0.138918
2025-11-16 00:00,0.204711
2025-11-16 00:15,0.189105
2025-11-16 00:30,0.10147
2025-11-16 00:45,0.203563
2025-11-16 01:00,0.375137
2025-11-16 01:15,0.219729
2025-11-16 01:30,0.128949
2025-11-16 01:45,0.155571
2025-11-16 02:00,0.220813
2025-11-16 02:15,0.220793
2025-11-16 02:30,0.179939
2025-11-16 02:45,0.082141
2025-11-16 03:00,0.217891
2025-11-16 03:15,0.22537
2025-11-16 03:30,0.260889
2025-11-16 03:45,0.138644
2025-11-16 04:00,0.273725
2025-11-16 04:15,0.256236
2025-11-16 04:30,0.200833
2025-11-16 04:45,0.089391
2025-11-16 05:00,0.238985
2025-11-16 05:15,0.355028
2025-11-16 05:30,0.415764
2025-11-16 05:45,0.150459
2025-11-16 06:00,0.360595
2025-11-16 06:15,0.288602
2025-11-16 06:30,0.481778
2025-11-16 06:45,0.103479
2025-11-16 07:00,0.241399
2025-11-16 07:15,0.256163
2025-11-16 07:30,0.251167
2025-11-16 07:45,0.133684
2025-11-16 08:00,0.29453
2025-11-16 08:15,0.358061
2025-11-16 08:30,0.255465
2025-11-16 08:45,0.054927
2025-11-16 09:00,0.435709
2025-11-16 09:15,0.232149
2025-11-16 09:30,0.258199
2025-11-16 09:45,0.094592
2025-11-16 10:00,0.282948
2025-11-16 10:15,0.266308
2025-11-16 10:30,0.27745
2025-11-16 10:45,0.082296
2025-11-16 11:00,0.31238
2025-11-16 11:15,0.271747
2025-11-16 11:30,0.283143
2025-11-16 11:45,0.100078
2025-11-16 12:00,0.290916
2025-11-16 12:15,0.343732
2025-11-16 12:30,0.27112
2025-11-16 12:45,0.05731
2025-11-16 13:00,0.260034
2025-11-16 13:15,0.256473
2025-11-16 13:30,0.286884
2025-11-16 13:45,0.073976
2025-11-16 14:00,0.455245
2025-11-16 14:15,0.403644
2025-11-16 14:30,0.244505
2025-11-16 14:45,0.060921
2025-11-16 15:00,0.229385
2025-11-16 15:15,0.238084
2025-11-16 15:30,0.212617
2025-11-16 15:45,0.077358
2025-11-16 16:00,0.241936
2025-11-16 16:15,0.202912
2025-11-16 16:30,0.240382
2025-11-16 16:45,0.093597
2025-11-16 17:00,0.25462
2025-11-16 17:15,0.262374
2025-11-16 17:30,0.263843
2025-11-16 17:45,0.072985
2025-11-16 18:00,0.278777
2025-11-16 18:15,0.276668
2025-11-16 18:30,0.309036
2025-11-16 18:45,0.127837
2025-11-16 19:00,0.202745
2025-11-16 19:15,0.220515
2025-11-16 19:30,0.32777
2025-11-16 19:45,0.115723
2025-11-16 20:00,0.172889
2025-11-16 20:15,0.210166
2025-11-16 20:30,0.271387
2025-11-16 20:45,0.074398
2025-11-16 21:00,0.133696
2025-11-16 21:15,0.217308
2025-11-16 21:30,0.225578
2025-11-16 21:45,0.183779
2025-11-16 22:00,0.087633
2025-11-16 22:15,0.208236
2025-11-16 22:30,0.293362
2025-11-16 22:45,0.250036
2025-11-16 23:00,0.034951
2025-11-16 23:15,0.2412
2025-11-16 23:30,0.331952
2025-11-16 23:45,0.476329
2025-11-17 00:00,0.116049
2025-11-17 00:15,0.257702
2025-11-17 00:30,0.348759
2025-11-17 00:45,0.359596
2025-11-17 01:00,0.160553
2025-11-17 01:15,0.383194
2025-11-17 01:30,0.488412
2025-11-17 01:45,0.708228
2025-11-17 02:00,0.186934
2025-11-17 02:15,0.383945
2025-11-17 02:30,0.346979
2025-11-17 02:45,0.339217
2025-11-17 03:00,0.1103
2025-11-17 03:15,0.31777
2025-11-17 03:30,0.350378
2025-11-17 03:45,0.424687
2025-11-17 04:00,0.146278
2025-11-17 04:15,0.430375
2025-11-17 04:30,0.355912
2025-11-17 04:45,0.37042
2025-11-17 05:00,0.310381
2025-11-17 05:15,0.421839
2025-11-17 05:30,0.514944
2025-11-17 05:45,0.66795
2025-11-17 06:00,0.212404
2025-11-17 06:15,0.713005
2025-11-17 06:30,0.436401
2025-11-17 06:45,0.396013
2025-11-17 07:00,0.247223
2025-11-17 07:15,0.345504
2025-11-17 07:30,0.375295
2025-11-17 07:45,0.568857
2025-11-17 08:00,0.204503
2025-11-17 08:15,0.497994
2025-11-17 08:30,0.41123
2025-11-17 08:45,0.283468
2025-11-17 09:00,0.109896
2025-11-17 09:15,0.464404
2025-11-17 09:30,0.364191
2025-11-17 09:45,0.288899
2025-11-17 10:00,0.161491
2025-11-17 10:15,0.417859
2025-11-17 10:30,0.304814
2025-11-17 10:45,0.321895
2025-11-17 11:00,0.163464
2025-11-17 11:15,0.245879
2025-11-17 11:30,0.288176
2025-11-17 11:45,0.291975
2025-11-17 12:00,0.264796
2025-11-17 12:15,0.203953
2025-11-17 12:30,0.293204
2025-11-17 12:45,0.245865
2025-11-17 13:00,0.11897
2025-11-17 13:15,0.193328
2025-11-17 13:30,0.21573
2025-11-17 13:45,0.274651
2025-11-17 14:00,0.099144
2025-11-17 14:15,0.163852
2025-11-17 14:30,0.224559
2025-11-17 14:45,0.231109
2025-11-17 15:00,0.134411
2025-11-17 15:15,0.129373
2025-11-17 15:30,0.217971
2025-11-17 15:45,0.213089
2025-11-17 16:00,0.089883
2025-11-17 16:15,0.210174
2025-11-17 16:30,0.226324
2025-11-17 16:45,0.212827
2025-11-17 17:00,0.063542
2025-11-17 17:15,0.159438
2025-11-17 17:30,0.20079
2025-11-17 17:45,0.184645
2025-11-17 18:00,0.11391
2025-11-17 18:15,0.23228
2025-11-17 18:30,0.192082
2025-11-17 18:45,0.220046
2025-11-17 19:00,0.070084
2025-11-17 19:15,0.129658
2025-11-17 19:30,0.18001
2025-11-17 19:45,0.211715
2025-11-17 20:00,0.187517
2025-11-17 20:15,0.076435
2025-11-17 20:30,0.221098
2025-11-17 20:45,0.186343
2025-11-17 21:00,0.202428
2025-11-17 21:15,0.013619
2025-11-17 21:30,0.205003
2025-11-17 21:45,0.208362
2025-11-17 22:00,0.246127
2025-11-17 22:15,0.014183
2025-11-17 22:30,0.214055
2025-11-17 22:45,0.210602
2025-11-17 23:00,0.23455
2025-11-17 23:15,0.03803
2025-11-17 23:30,0.256305
2025-11-17 23:45,0.297729
2025-11-18 00:00,0.33473
2025-11-18 00:15,0.088204
2025-11-18 00:30,0.34094
2025-11-18 00:45,0.315134
2025-11-18 01:00,0.376691
2025-11-18 01:15,0.203617
2025-11-18 01:30,0.3825
2025-11-18 01:45,0.382384
2025-11-18 02:00,0.383453
2025-11-18 02:15,0.17833
2025-11-18 02:30,0.323304
2025-11-18 02:45,0.262159
2025-11-18 03:00,0.523239
2025-11-18 03:15,0.158294
2025-11-18 03:30,0.29777
2025-11-18 03:45,0.330253
2025-11-18 04:00,0.334009
2025-11-18 04:15,0.141186
2025-11-18 04:30,0.394407
2025-11-18 04:45,0.417578
2025-11-18 05:00,0.468804
2025-11-18 05:15,0.242465
2025-11-18 05:30,0.429138
2025-11-18 05:45,0.523496
2025-11-18 06:00,0.39851
2025-11-18 06:15,0.200987
2025-11-18 06:30,0.521913
2025-11-18 06:45,0.474832
2025-11-18 07:00,0.403321
2025-11-18 07:15,0.54477
2025-11-18 07:30,0.518891
2025-11-18 07:45,0.356986
2025-11-18 08:00,0.408503
2025-11-18 08:15,0.160745
2025-11-18 08:30,0.343941
2025-11-18 08:45,0.481097
2025-11-18 09:00,0.450944
2025-11-18 09:15,0.099578
2025-11-18 09:30,0.400835
2025-11-18 09:45,0.514924
2025-11-18 10:00,0.246008
2025-11-18 10:15,0.079825
2025-11-18 10:30,0.288555
2025-11-18 10:45,0.269455
2025-11-18 11:00,0.252022
2025-11-18 11:15,0.130028
2025-11-18 11:30,0.314926
2025-11-18 11:45,0.292888
2025-11-18 12:00,0.38188
2025-11-18 12:15,0.042307
2025-11-18 12:30,0.259506
2025-11-18 12:45,0.244385
2025-11-18 13:00,0.266173
2025-11-18 13:15,0.060422
2025-11-18 13:30,0.284938
2025-11-18 13:45,0.224439
2025-11-18 14:00,0.229609
2025-11-18 14:15,0.087253
2025-11-18 14:30,0.22565
2025-11-18 14:45,0.226802
2025-11-18 15:00,0.87063
2025-11-18 15:15,0.112611
2025-11-18 15:30,0.129041
2025-11-18 15:45,0.21266
2025-11-18 16:00,0.194563
2025-11-18 16:15,0.091884
2025-11-18 16:30,0.128444
2025-11-18 16:45,0.177855
2025-11-18 17:00,0.329464
2025-11-18 17:15,0.112348
2025-11-18 17:30,0.146125
2025-11-18 17:45,0.267421
2025-11-18 18:00,0.245833
2025-11-18 18:15,0.31503
2025-11-18 18:30,0.011474
2025-11-18 18:45,0.214169
2025-11-18 19:00,0.226711
2025-11-18 19:15,0.233551
2025-11-18 19:30,0.049017
2025-11-18 19:45,0.197578
2025-11-18 20:00,0.24953
2025-11-18 20:15,0.215642
2025-11-18 20:30,0.004966
2025-11-18 20:45,0.189938
2025-11-18 21:00,0.199802
2025-11-18 21:15,0.281997
2025-11-18 21:30,0.094513
2025-11-18 21:45,0.120625
2025-11-18 22:00,0.214827
2025-11-18 22:15,0.191821
2025-11-18 22:30,0.012129
2025-11-18 22:45,0.209754
2025-11-18 23:00,0.205038
2025-11-18 23:15,0.236281
2025-11-18 23:30,0.065079
2025-11-18 23:45,0.23264
2025-11-19 00:00,0.519969
2025-11-19 00:00,0.341375
2025-11-19 00:15,0.242096
2025-11-19 00:30,0.24705
2025-11-19 00:45,0.324766
2025-11-19 01:00,0.817285
2025-11-19 01:15,0.312488
2025-11-19 01:30,0.289067
2025-11-19 01:45,0.115562
2025-11-19 02:00,0.30215
2025-11-19 02:15,0.234409
2025-11-19 02:30,0.208251
2025-11-19 02:45,0.091884
2025-11-19 03:00,0.214466
2025-11-19 03:15,0.2822
2025-11-19 03:30,0.401653
2025-11-19 03:45,0.13542
2025-11-19 04:00,0.32919
2025-11-19 04:15,0.224494
2025-11-19 04:30,0.302308
2025-11-19 04:45,0.124621
2025-11-19 05:00,0.334815
2025-11-19 05:15,0.334805
2025-11-19 05:30,0.368629
2025-11-19 05:45,0.153415
2025-11-19 06:00,0.302065
2025-11-19 06:15,0.245795
2025-11-19 06:30,0.237483
2025-11-19 06:45,0.119229
2025-11-19 07:00,0.265467
2025-11-19 07:15,0.312968
2025-11-19 07:30,0.237523
2025-11-19 07:45,0.134509
2025-11-19 08:00,0.278788
2025-11-19 08:15,0.300809
2025-11-19 08:30,0.293934
2025-11-19 08:45,0.133185
2025-11-19 09:00,0.252124
2025-11-19 09:15,0.275286
2025-11-19 09:30,0.226397
2025-11-19 09:45,0.077297
2025-11-19 10:00,0.113584
2025-11-19 10:15,0.169607
2025-11-19 10:30,0.208886
2025-11-19 10:45,0.127002
2025-11-19 11:00,0.131358
2025-11-19 11:15,0.238588
2025-11-19 11:30,0.191633
2025-11-19 11:45,0.13211
2025-11-19 12:00,0.119968
2025-11-19 12:15,0.160379
2025-11-19 12:30,0.181564
2025-11-19 12:45,0.1121
2025-11-19 13:00,0.150826
2025-11-19 13:15,0.168824
2025-11-19 13:30,0.241707
2025-11-19 13:45,0.081073
2025-11-19 14:00,0.137227
2025-11-19 14:15,0.138634
2025-11-19 14:30,0.140199
2025-11-19 14:45,0.118467
2025-11-19 15:00,0.074172
2025-11-19 15:15,0.139562
2025-11-19 15:30,0.222002
2025-11-19 15:45,0.20869
2025-11-19 16:00,0.040527
2025-11-19 16:15,0.170366
2025-11-19 16:30,0.150883
2025-11-19 16:45,0.152192
2025-11-19 17:00,0.018426
2025-11-19 17:15,0.15743
2025-11-19 17:30,0.193853
2025-11-19 17:45,0.122561
2025-11-19 18:00,0.041542
2025-11-19 18:15,0.141311
2025-11-19 18:30,0.162055
2025-11-19 18:45,0.171766
2025-11-19 19:00,0.065957
2025-11-19 19:15,0.099363
2025-11-19 19:30,0.128515
2025-11-19 19:45,0.129226
2025-11-19 20:00,0.046601
2025-11-19 20:15,0.078846
2025-11-19 20:30,0.142661
2025-11-19 20:45,0.181731
2025-11-19 21:00,0.085979
2025-11-19 21:15,0.104532
2025-11-19 21:30,0.13323
2025-11-19 21:45,0.140972
2025-11-19 22:00,0.085848
2025-11-19 22:15,0.063025
2025-11-19 22:30,0.160467
2025-11-19 22:45,0.190789
2025-11-19 23:00,0.15226
2025-11-19 23:15,0.015795
2025-11-19 23:30,0.159135
2025-11-19 23:45,0.170505
2025-11-20 00:00,0.187563
2025-11-20 00:15,0.056342
2025-11-20 00:30,0.235662
2025-11-20 00:45,0.405273
2025-11-20 01:00,0.668151
2025-11-20 01:15,0.390455
2025-11-20 01:30,0.129531
2025-11-20 01:45,0.230288
2025-11-20 02:00,0.251675
2025-11-20 02:15,0.242465
2025-11-20 02:30,0.074639
2025-11-20 02:45,0.24089
2025-11-20 03:00,0.227261
2025-11-20 03:15,0.220329
2025-11-20 03:30,0.178103
2025-11-20 03:45,0.261331
2025-11-20 04:00,0.315895
2025-11-20 04:15,0.354163
2025-11-20 04:30,0.116479
2025-11-20 04:45,0.255983
2025-11-20 05:00,0.259579
2025-11-20 05:15,0.246512
2025-11-20 05:30,0.180111
2025-11-20 05:45,0.291226
2025-11-20 06:00,0.256083
2025-11-20 06:15,0.292897
2025-11-20 06:30,0.15328
2025-11-20 06:45,0.256829
2025-11-20 07:00,0.274867
2025-11-20 07:15,0.582217
2025-11-20 07:30,0.655816
2025-11-20 07:45,0.53029
2025-11-20 08:00,0.458752
2025-11-20 08:15,0.53741
2025-11-20 08:30,0.308706
2025-11-20 08:45,0.354086
2025-11-20 09:00,0.218395
2025-11-20 09:15,0.214925
2025-11-20 09:30,0.057295
2025-11-20 09:45,0.199333
2025-11-20 10:00,0.205665
2025-11-20 10:15,0.169844
2025-11-20 10:30,0.045222
2025-11-20 10:45,0.171286
2025-11-20 11:00,0.175691
2025-11-20 11:15,0.149473
2025-11-20 11:30,0.06508
2025-11-20 11:45,0.191492
2025-11-20 12:00,0.193617
2025-11-20 12:15,0.162981
2025-11-20 12:30,0.035646
2025-11-20 12:45,0.151709
2025-11-20 13:00,0.176814
2025-11-20 13:15,0.184633
2025-11-20 13:30,0.046054
2025-11-20 13:45,0.172781
2025-11-20 14:00,0.153907
2025-11-20 14:15,0.203294
2025-11-20 14:30,0.070495
2025-11-20 14:45,0.140387
2025-11-20 15:00,0.149875
2025-11-20 15:15,0.152091
2025-11-20 15:30,0.059302
2025-11-20 15:45,0.100181
2025-11-20 16:00,0.164431
2025-11-20 16:15,0.147305
2025-11-20 16:30,0.055596
2025-11-20 16:45,0.140677
2025-11-20 17:00,0.162667
2025-11-20 17:15,0.149828
2025-11-20 17:30,0.158771
2025-11-20 17:45,0.023789
2025-11-20 18:00,0.155304
2025-11-20 18:15,0.136981
2025-11-20 18:30,0.118937
2025-11-20 18:45,0.004178
2025-11-20 19:00,0.117268
2025-11-20 19:15,0.129135
2025-11-20 19:30,0.116121
2025-11-20 19:45,0.009636
2025-11-20 20:00,0.129648
2025-11-20 20:15,0.152209
2025-11-20 20:30,0.12554
2025-11-20 20:45,0.035563
2025-11-20 21:00,0.083857
2025-11-20 21:15,0.138725
2025-11-20 21:30,0.125301
2025-11-20 21:45,0.050259
2025-11-20 22:00,0.094533
2025-11-20 22:15,0.124135
2025-11-20 22:30,0.157469
2025-11-20 22:45,0.056527
2025-11-20 23:00,0.065214
2025-11-20 23:15,0.13195
2025-11-20 23:30,0.143616
2025-11-20 23:45,0.156432
2025-11-21 00:00,0.046212
2025-11-21 00:15,0.173123
2025-11-21 00:30,0.745478
2025-11-21 00:45,0.29717
2025-11-21 01:00,0.118773
2025-11-21 01:15,0.355645
2025-11-21 01:30,0.342217
2025-11-21 01:45,0.274919
2025-11-21 02:00,0.089746
2025-11-21 02:15,0.403012
2025-11-21 02:30,0.282156
2025-11-21 02:45,0.237339
2025-11-21 03:00,0.125752
2025-11-21 03:15,0.214027
2025-11-21 03:30,0.190786
2025-11-21 03:45,0.246269
2025-11-21 04:00,0.119836
2025-11-21 04:15,0.271282
2025-11-21 04:30,0.304433
2025-11-21 04:45,0.282119
2025-11-21 05:00,0.265748
2025-11-21 05:15,0.413795
2025-11-21 05:30,0.363523
2025-11-21 05:45,0.225541
2025-11-21 06:00,0.224195
2025-11-21 06:15,0.389048
2025-11-21 06:30,0.231403
2025-11-21 06:45,0.53746
2025-11-21 07:00,0.32506
2025-11-21 07:15,1.0
2025-11-21 07:30,0.386826
2025-11-21 07:45,0.240849
2025-11-21 08:00,0.078754
2025-11-21 08:15,0.324187
2025-11-21 08:30,0.33038
2025-11-21 08:45,0.277581
2025-11-21 09:00,0.107201
2025-11-21 09:15,0.227936
2025-11-21 09:30,0.181345
2025-11-21 09:45,0.193961
2025-11-21 10:00,0.048409
2025-11-21 10:15,0.164436
2025-11-21 10:30,0.222696
2025-11-21 10:45,0.190846
2025-11-21 11:00,0.088503
2025-11-21 11:15,0.124635
2025-11-21 11:30,0.153508
2025-11-21 11:45,0.170151
2025-11-21 12:00,0.100752
2025-11-21 12:15,0.110902
2025-11-21 12:30,0.167148
2025-11-21 12:45,0.167801
2025-11-21 13:00,0.098061
2025-11-21 13:15,0.114803
2025-11-21 13:30,0.163255
2025-11-21 13:45,0.175758
2025-11-21 14:00,0.108911
2025-11-21 14:15,0.149522
2025-11-21 14:30,0.148706
2025-11-21 14:45,0.14425
2025-11-21 15:00,0.088307
2025-11-21 15:15,0.177776
2025-11-21 15:30,0.137404
2025-11-21 15:45,0.150202
2025-11-21 16:00,0.059688
2025-11-21 16:15,0.108279
2025-11-21 16:30,0.14626
2025-11-21 16:45,0.145907
2025-11-21 17:00,0.073204
2025-11-21 17:15,0.085364
2025-11-21 17:30,0.148439
2025-11-21 17:45,0.138389
2025-11-21 18:00,0.177809
2025-11-21 18:15,0.03214
2025-11-21 18:30,0.176996
2025-11-21 18:45,0.149139
2025-11-21 19:00,0.160508
2025-11-21 19:15,0.035366
2025-11-21 19:30,0.152322
2025-11-21 19:45,0.132193
2025-11-21 20:00,0.239826
2025-11-21 20:15,0.031517
2025-11-21 20:30,0.161774
2025-11-21 20:45,0.147735
2025-11-21 21:00,0.147264
2025-11-21 21:15,0.134996
2025-11-21 21:30,0.144355
2025-11-21 21:45,0.158054
2025-11-21 22:00,0.157775
2025-11-21 22:15,0.058935
2025-11-21 22:30,0.100164
2025-11-21 22:45,0.147164
2025-11-21 23:00,0.164104
2025-11-21 23:15,0.194592
2025-11-21 23:30,0.033045
2025-11-21 23:45,0.143624
2025-11-22 00:00,0.141735
2025-11-22 00:15,0.239574
2025-11-22 00:30,0.193711
2025-11-22 00:45,0.295876
2025-11-22 01:00,0.162622
2025-11-22 01:15,0.18098
2025-11-22 01:30,0.0224
2025-11-22 01:45,0.143014
2025-11-22 02:00,0.168669
2025-11-22 02:15,0.143923
2025-11-22 02:30,0.039506
2025-11-22 02:45,0.151693
2025-11-22 03:00,0.135832
2025-11-22 03:15,0.151623
2025-11-22 03:30,0.028236
2025-11-22 03:45,0.176672
2025-11-22 04:00,0.156597
2025-11-22 04:15,0.184634
2025-11-22 04:30,0.036401
2025-11-22 04:45,0.158565
2025-11-22 05:00,0.191507
2025-11-22 05:15,0.323263
2025-11-22 05:30,0.202954
2025-11-22 05:45,0.17972
2025-11-22 06:00,0.245379
2025-11-22 06:15,0.175551
2025-11-22 06:30,0.150216
2025-11-22 06:45,0.150779
2025-11-22 07:00,0.155218
2025-11-22 07:15,0.182242
2025-11-22 07:30,0.039769
2025-11-22 07:45,0.196258
2025-11-22 08:00,0.199376
2025-11-22 08:15,0.211769
2025-11-22 08:30,0.097794
2025-11-22 08:45,0.177271
2025-11-22 09:00,0.17898
2025-11-22 09:15,0.15151
2025-11-22 09:30,0.042194
2025-11-22 09:45,0.152971
2025-11-22 10:00,0.136059
2025-11-22 10:15,0.136342
2025-11-22 10:30,0.051198
2025-11-22 10:45,0.123937
2025-11-22 11:00,0.171448
2025-11-22 11:15,0.14361
2025-11-22 11:30,0.068352
2025-11-22 11:45,0.101899
2025-11-22 12:00,0.186567
2025-11-22 12:15,0.161028
2025-11-22 12:30,0.053413
2025-11-22 12:45,0.113203
2025-11-22 13:00,0.15297
2025-11-22 13:15,0.144846
2025-11-22 13:30,0.120509
2025-11-22 13:45,0.105447
2025-11-22 14:00,0.143424
2025-11-22 14:15,0.149716
2025-11-22 14:30,0.122128
2025-11-22 14:45,0.040517
2025-11-22 15:00,0.138505
2025-11-22 15:15,0.111899
2025-11-22 15:30,0.156459
2025-11-22 15:45,0.010801
2025-11-22 16:00,0.149411
2025-11-22 16:15,0.135479
2025-11-22 16:30,0.143538
2025-11-22 16:45,0.007171
2025-11-22 17:00,0.134295
2025-11-22 17:15,0.107801
2025-11-22 17:30,0.135789
2025-11-22 17:45,0.020421
2025-11-22 18:00,0.166775
2025-11-22 18:15,0.162505
2025-11-22 18:30,0.117768
2025-11-22 18:45,0.006527
2025-11-22 19:00,0.135702
2025-11-22 19:15,0.126029
2025-11-22 19:30,0.150757
2025-11-22 19:45,0.029792
2025-11-22 20:00,0.100317
2025-11-22 20:15,0.144073
2025-11-22 20:30,0.127965
2025-11-22 20:45,0.066373
2025-11-22 21:00,0.061474
2025-11-22 21:15,0.135476
2025-11-22 21:30,0.135096
2025-11-22 21:45,0.135464
2025-11-22 22:00,0.020168
2025-11-22 22:15,0.121331
2025-11-22 22:30,0.129063
2025-11-22 22:45,0.129527
2025-11-22 23:00,0.012646
2025-11-22 23:15,0.115858
2025-11-22 23:30,0.150233
2025-11-22 23:45,0.153833
2025-11-23 00:00,0.026647
2025-11-23 00:15,0.192429
2025-11-23 00:30,0.119197
2025-11-23 00:45,0.131687
2025-11-23 01:00,0.04093
2025-11-23 01:15,0.097571
2025-11-23 01:30,0.145917
2025-11-23 01:45,0.174854
2025-11-23 02:00,0.166123
2025-11-23 02:15,0.21484
2025-11-23 02:30,0.142695
2025-11-23 02:45,0.174448
2025-11-23 03:00,0.113473
2025-11-23 03:15,0.1161
2025-11-23 03:30,0.146627
2025-11-23 03:45,0.148503
2025-11-23 04:00,0.133767
2025-11-23 04:15,0.058008
2025-11-23 04:30,0.170977
2025-11-23 04:45,0.1551
2025-11-23 05:00,0.161779
2025-11-23 05:15,0.022156
2025-11-23 05:30,0.141349
2025-11-23 05:45,0.179816
2025-11-23 06:00,0.24809
2025-11-23 06:15,0.110175
2025-11-23 06:30,0.266618
2025-11-23 06:45,0.191595
2025-11-23 07:00,0.240768
2025-11-23 07:15,0.046985
2025-11-23 07:30,0.174664
2025-11-23 07:45,0.163211
2025-11-23 08:00,0.163309
2025-11-23 08:15,0.052412
2025-11-23 08:30,0.187308
2025-11-23 08:45,0.145951
2025-11-23 09:00,0.153475
2025-11-23 09:15,0.035553
2025-11-23 09:30,0.163436
2025-11-23 09:45,0.155826
2025-11-23 10:00,0.146901
2025-11-23 10:15,0.07279
2025-11-23 10:30,0.208869
2025-11-23 10:45,0.204741
2025-11-23 11:00,0.289696
2025-11-23 11:15,0.040263
2025-11-23 11:30,0.161071
2025-11-23 11:45,0.234859
2025-11-23 12:00,0.222965
2025-11-23 12:15,0.08282
2025-11-23 12:30,0.228053
2025-11-23 12:45,0.320898
2025-11-23 13:00,0.155575
2025-11-23 13:15,0.102708
2025-11-23 13:30,0.150086
2025-11-23 13:45,0.175608
2025-11-23 14:00,0.206859
2025-11-23 14:15,0.172166
2025-11-23 14:30,0.265149
2025-11-23 14:45,0.151568
2025-11-23 15:00,0.21788
2025-11-23 15:15,0.098577
2025-11-23 15:30,0.05896
2025-11-23 15:45,0.127025
2025-11-23 16:00,0.188022
2025-11-23 16:15,0.232987
2025-11-23 16:30,0.022578
2025-11-23 16:45,0.152444
2025-11-23 17:00,0.119233
2025-11-23 17:15,0.130998
2025-11-23 17:30,0.00853
2025-11-23 17:45,0.096096
2025-11-23 18:00,0.129794
2025-11-23 18:15,0.129316
2025-11-23 18:30,0.014021
2025-11-23 18:45,0.192439
2025-11-23 19:00,0.199135
2025-11-23 19:15,0.117893
2025-11-23 19:30,0.010426
2025-11-23 19:45,0.121634
2025-11-23 20:00,0.141733
2025-11-23 20:15,0.142263
2025-11-23 20:30,0.053765
2025-11-23 20:45,0.090147
2025-11-23 21:00,0.188764
2025-11-23 21:15,0.150907
2025-11-23 21:30,0.113293
2025-11-23 21:45,0.03793
2025-11-23 22:00,0.161013
2025-11-23 22:15,0.175966
2025-11-23 22:30,0.190649
2025-11-23 22:45,0.039793
2025-11-23 23:00,0.160305
2025-11-23 23:15,0.154805
2025-11-23 23:30,0.182607
2025-11-23 23:45,0.072784
2025-11-24 00:00,0.267074
2025-11-24 00:15,0.147065
2025-11-24 00:30,0.234906
2025-11-24 00:45,0.254894
2025-11-24 01:00,0.243809
2025-11-24 01:15,0.089205
2025-11-24 01:30,0.257439
2025-11-24 01:45,0.34164
2025-11-24 02:00,0.330004
2025-11-24 02:15,0.104982
2025-11-24 02:30,0.275808
2025-11-24 02:45,0.26123
2025-11-24 03:00,0.243227
2025-11-24 03:15,0.096562
2025-11-24 03:30,0.202118
2025-11-24 03:45,0.201682
2025-11-24 04:00,0.319312
2025-11-24 04:15,0.094595
2025-11-24 04:30,0.291738
2025-11-24 04:45,0.534694
2025-11-24 05:00,0.421347
2025-11-24 05:15,0.328072
2025-11-24 05:30,0.868748
2025-11-24 05:45,0.413205
2025-11-24 06:00,0.525368
2025-11-24 06:15,0.30317
2025-11-24 06:30,0.421161
2025-11-24 06:45,0.446334
2025-11-24 07:00,0.425723
2025-11-24 07:15,0.285311
2025-11-24 07:30,0.255972
2025-11-24 07:45,0.313107
2025-11-24 08:00,0.353081
2025-11-24 08:15,0.110659
2025-11-24 08:30,0.248632
2025-11-24 08:45,0.322642
2025-11-24 09:00,0.23275
2025-11-24 09:15,0.112968
2025-11-24 09:30,0.155694
2025-11-24 09:45,0.34288
2025-11-24 10:00,0.498209
2025-11-24 10:15,0.245442
2025-11-24 10:30,0.128623
2025-11-24 10:45,0.212867
2025-11-24 11:00,0.261608
2025-11-24 11:15,0.158447
2025-11-24 11:30,0.062288
2025-11-24 11:45,0.142602
2025-11-24 12:00,0.194343
2025-11-24 12:15,0.135714
2025-11-24 12:30,0.128088
2025-11-24 12:45,0.144017
2025-11-24 13:00,0.143101
2025-11-24 13:15,0.09974
2025-11-24 13:30,0.105995
2025-11-24 13:45,0.156985
2025-11-24 14:00,0.180332
2025-11-24 14:15,0.173207
2025-11-24 14:30,0.05496
2025-11-24 14:45,0.148262
2025-11-24 15:00,0.133823
2025-11-24 15:15,0.197424
2025-11-24 15:30,0.011503
2025-11-24 15:45,0.145068
2025-11-24 16:00,0.134784
2025-11-24 16:15,0.121594
2025-11-24 16:30,0.018219
2025-11-24 16:45,0.163769
2025-11-24 17:00,0.155967
2025-11-24 17:15,0.153779
2025-11-24 17:30,0.022914
2025-11-24 17:45,0.125805
2025-11-24 18:00,0.126198
2025-11-24 18:15,0.149833
2025-11-24 18:30,0.042768
2025-11-24 18:45,0.115279
2025-11-24 19:00,0.13973
2025-11-24 19:15,0.124098
2025-11-24 19:30,0.05376
2025-11-24 19:45,0.081976
2025-11-24 20:00,0.153035
2025-11-24 20:15,0.149918
2025-11-24 20:30,0.116856
2025-11-24 20:45,0.01136
2025-11-24 21:00,0.142317
2025-11-24 21:15,0.140367
2025-11-24 21:30,0.141622
2025-11-24 21:45,0.011533
2025-11-24 22:00,0.126499
2025-11-24 22:15,0.163691
2025-11-24 22:30,0.184691
2025-11-24 22:45,0.091473
2025-11-24 23:00,0.169445
2025-11-24 23:15,0.160001
2025-11-24 23:30,0.189009
2025-11-24 23:45,0.195265
2025-11-25 00:00,0.169343
2025-11-25 00:15,0.258937
2025-11-25 00:30,0.233564
2025-11-25 00:45,0.1985
2025-11-25 01:00,0.203193
2025-11-25 01:15,0.228107
2025-11-25 01:30,0.608919
2025-11-25 01:45,0.276266
2025-11-25 02:00,0.172462
2025-11-25 02:15,0.255042
2025-11-25 02:30,0.253177
2025-11-25 02:45,0.211127
2025-11-25 03:00,0.111307
2025-11-25 03:15,0.272848
2025-11-25 03:30,0.235192
2025-11-25 03:45,0.345959
2025-11-25 04:00,0.137942
2025-11-25 04:15,0.477762
2025-11-25 04:30,0.305694
2025-11-25 04:45,0.292584
2025-11-25 05:00,0.113325
2025-11-25 05:15,0.227101
2025-11-25 05:30,0.253107
2025-11-25 05:45,0.317243
2025-11-25 06:00,0.154593
2025-11-25 06:15,0.250914
2025-11-25 06:30,0.25258
2025-11-25 06:45,0.221109
2025-11-25 07:00,0.124995
2025-11-25 07:15,0.586704
2025-11-25 07:30,0.440572
2025-11-25 07:45,0.277354
2025-11-25 08:00,0.188759
2025-11-25 08:15,0.177648
2025-11-25 08:30,0.266168
2025-11-25 08:45,0.233369
2025-11-25 09:00,0.122474
2025-11-25 09:15,0.14012
2025-11-25 09:30,0.212578
2025-11-25 09:45,0.201824
2025-11-25 10:00,0.097521
2025-11-25 10:15,0.116516
2025-11-25 10:30,0.224285
2025-11-25 10:45,0.187258
2025-11-25 11:00,0.111749
2025-11-25 11:15,0.136909
2025-11-25 11:30,0.183703
2025-11-25 11:45,0.192699
2025-11-25 12:00,0.096489
2025-11-25 12:15,0.147526
2025-11-25 12:30,0.231729
2025-11-25 12:45,0.155197
2025-11-25 13:00,0.107703
2025-11-25 13:15,0.126887
2025-11-25 13:30,0.155017
2025-11-25 13:45,0.164265
2025-11-25 14:00,0.106748
2025-11-25 14:15,0.127847
2025-11-25 14:30,0.170584
2025-11-25 14:45,0.168272
2025-11-25 15:00,0.107812
2025-11-25 15:15,0.110635
2025-11-25 15:30,0.124629
2025-11-25 15:45,0.139681
2025-11-25 16:00,0.124253
2025-11-25 16:15,0.078333
2025-11-25 16:30,0.127443
2025-11-25 16:45,0.15687
2025-11-25 17:00,0.166075
2025-11-25 17:15,0.038492
2025-11-25 17:30,0.161173
2025-11-25 17:45,0.161069
2025-11-25 18:00,0.160948
2025-11-25 18:15,0.034053
2025-11-25 18:30,0.137037
2025-11-25 18:45,0.215952
2025-11-25 19:00,0.339971
2025-11-25 19:15,0.018855
2025-11-25 19:30,0.132658
2025-11-25 19:45,0.123343
2025-11-25 20:00,0.154542
2025-11-25 20:15,0.026258
2025-11-25 20:30,0.096168
2025-11-25 20:45,0.137637
2025-11-25 21:00,0.122929
2025-11-25 21:15,0.068325
2025-11-25 21:30,0.146258
2025-11-25 21:45,0.200481
2025-11-25 22:00,0.151634
2025-11-25 22:15,0.069473
2025-11-25 22:30,0.096438
2025-11-25 22:45,0.14569
2025-11-25 23:00,0.145652
2025-11-25 23:15,0.108064
2025-11-25 23:30,0.083525
2025-11-25 23:45,0.499425
2025-11-26 00:00,0.267557
2025-11-26 00:00,0.161058
2025-11-26 00:15,0.143401
2025-11-26 00:30,0.08565
2025-11-26 00:45,0.142725
2025-11-26 01:00,0.163353
2025-11-26 01:15,0.214421
2025-11-26 01:30,0.052121
2025-11-26 01:45,0.124675
2025-11-26 02:00,0.14373
2025-11-26 02:15,0.169494
2025-11-26 02:30,0.057171
2025-11-26 02:45,0.125537
2025-11-26 03:00,0.142391
2025-11-26 03:15,0.123688
2025-11-26 03:30,0.048443
2025-11-26 03:45,0.126437
2025-11-26 04:00,0.141118
2025-11-26 04:15,0.160557
2025-11-26 04:30,0.062076
2025-11-26 04:45,0.148516
2025-11-26 05:00,0.154752
2025-11-26 05:15,0.140767
2025-11-26 05:30,0.175355
2025-11-26 05:45,0.227512
2025-11-26 06:00,0.150034
2025-11-26 06:15,0.120803
2025-11-26 06:30,0.127874
2025-11-26 06:45,0.152846
2025-11-26 07:00,0.21078
2025-11-26 07:15,0.188318
2025-11-26 07:30,0.118134
2025-11-26 07:45,0.164408
2025-11-26 08:00,0.156791
2025-11-26 08:15,0.138759
2025-11-26 08:30,0.105383
2025-11-26 08:45,0.154541
2025-11-26 09:00,0.119116
2025-11-26 09:15,0.092905
2025-11-26 09:30,0.063687
2025-11-26 09:45,0.147786
2025-11-26 10:00,0.130474
2025-11-26 10:15,0.113651
2025-11-26 10:30,0.046627
2025-11-26 10:45,0.117306
2025-11-26 11:00,0.115831
2025-11-26 11:15,0.114561
2025-11-26 11:30,0.056854
2025-11-26 11:45,0.12739
2025-11-26 12:00,0.112672
2025-11-26 12:15,0.148668
2025-11-26 12:30,0.051832
2025-11-26 12:45,0.185092
2025-11-26 13:00,0.113706
2025-11-26 13:15,0.110089
2025-11-26 13:30,0.040489
2025-11-26 13:45,0.108355
2025-11-26 14:00,0.115122
2025-11-26 14:15,0.076488
2025-11-26 14:30,0.019807
2025-11-26 14:45,0.081942
2025-11-26 15:00,0.095886
2025-11-26 15:15,0.09806
2025-11-26 15:30,0.010684
2025-11-26 15:45,0.127944
2025-11-26 16:00,0.09775
2025-11-26 16:15,0.073538
2025-11-26 16:30,0.015695
2025-11-26 16:45,0.091907
2025-11-26 17:00,0.094434
2025-11-26 17:15,0.097898
2025-11-26 17:30,0.043639
2025-11-26 17:45,0.056852
2025-11-26 18:00,0.096926
2025-11-26 18:15,0.115676
2025-11-26 18:30,0.09965
2025-11-26 18:45,0.051191
2025-11-26 19:00,0.083163
2025-11-26 19:15,0.075575
2025-11-26 19:30,0.040446
2025-11-26 19:45,0.048876
2025-11-26 20:00,0.092196
2025-11-26 20:15,0.080392
2025-11-26 20:30,0.082845
2025-11-26 20:45,0.014592
2025-11-26 21:00,0.094634
2025-11-26 21:15,0.072104
2025-11-26 21:30,0.097279
2025-11-26 21:45,0.02456
2025-11-26 22:00,0.076703
2025-11-26 22:15,0.081131
2025-11-26 22:30,0.141817
2025-11-26 22:45,0.006845
2025-11-26 23:00,0.105761
2025-11-26 23:15,0.087222
2025-11-26 23:30,0.102047
2025-11-26 23:45,0.041264
2025-11-27 00:00,0.129446
2025-11-27 00:15,0.388167
2025-11-27 00:30,0.18534
2025-11-27 00:45,0.066173
2025-11-27 01:00,0.138337
2025-11-27 01:15,0.132251
2025-11-27 01:30,0.193368
2025-11-27 01:45,0.213413
2025-11-27 02:00,0.148497
2025-11-27 02:15,0.141545
2025-11-27 02:30,0.172597
2025-11-27 02:45,0.118673
2025-11-27 03:00,0.094472
2025-11-27 03:15,0.144178
2025-11-27 03:30,0.086604
2025-11-27 03:45,0.15017
2025-11-27 04:00,0.149185
2025-11-27 04:15,0.205877
2025-11-27 04:30,0.13434
2025-11-27 04:45,0.24815
2025-11-27 05:00,0.300713
2025-11-27 05:15,0.313729
2025-11-27 05:30,0.20036
2025-11-27 05:45,0.254478
2025-11-27 06:00,0.153182
2025-11-27 06:15,0.156312
2025-11-27 06:30,0.082879
2025-11-27 06:45,0.122046
2025-11-27 07:00,0.182171
2025-11-27 07:15,0.149211
2025-11-27 07:30,0.105707
2025-11-27 07:45,0.160606
2025-11-27 08:00,0.144232
2025-11-27 08:15,0.148631
2025-11-27 08:30,0.132923
2025-11-27 08:45,0.11148
2025-11-27 09:00,0.119211
2025-11-27 09:15,0.108399
2025-11-27 09:30,0.076186
2025-11-27 09:45,0.09924
2025-11-27 10:00,0.178495
2025-11-27 10:15,0.191855
2025-11-27 10:30,0.09369
2025-11-27 10:45,0.036843
2025-11-27 11:00,0.094341
2025-11-27 11:15,0.088915
2025-11-27 11:30,0.082386
2025-11-27 11:45,0.029176
2025-11-27 12:00,0.104424
2025-11-27 12:15,0.101278
2025-11-27 12:30,0.098481
2025-11-27 12:45,0.088301
2025-11-27 13:00,0.114109
2025-11-27 13:15,0.095237
2025-11-27 13:30,0.105319
2025-11-27 13:45,0.035898
2025-11-27 14:00,0.070601
2025-11-27 14:15,0.101181
2025-11-27 14:30,0.096618
2025-11-27 14:45,0.013856
2025-11-27 15:00,0.116435
2025-11-27 15:15,0.10051
2025-11-27 15:30,0.079263
2025-11-27 15:45,0.013305
2025-11-27 16:00,0.08382
2025-11-27 16:15,0.058848
2025-11-27 16:30,0.065312
2025-11-27 16:45,0.008941
2025-11-27 17:00,0.068241
2025-11-27 17:15,0.083562
2025-11-27 17:30,0.108475
2025-11-27 17:45,0.013499
2025-11-27 18:00,0.085061
2025-11-27 18:15,0.193923
2025-11-27 18:30,0.173178
2025-11-27 18:45,0.002527
2025-11-27 19:00,0.070838
2025-11-27 19:15,0.082517
2025-11-27 19:30,0.075649
2025-11-27 19:45,0.02844
2025-11-27 20:00,0.050382
2025-11-27 20:15,0.090723
2025-11-27 20:30,0.09181
2025-11-27 20:45,0.054312
2025-11-27 21:00,0.07612
2025-11-27 21:15,0.098661
2025-11-27 21:30,0.138618
2025-11-27 21:45,0.083333
2025-11-27 22:00,0.004911
2025-11-27 22:15,0.093185
2025-11-27 22:30,0.090267
2025-11-27 22:45,0.118662
2025-11-27 23:00,0.012598
2025-11-27 23:15,0.079146
2025-11-27 23:30,0.089684
2025-11-27 23:45,0.093649
2025-11-28 00:00,0.023256
2025-11-28 00:15,0.145081
2025-11-28 00:30,0.125888
2025-11-28 00:45,0.147983
2025-11-28 01:00,0.033037
2025-11-28 01:15,0.117436
2025-11-28 01:30,0.148037
2025-11-28 01:45,0.175848
2025-11-28 02:00,0.247318
2025-11-28 02:15,0.506876
2025-11-28 02:30,0.130298
2025-11-28 02:45,0.130025
2025-11-28 03:00,0.032271
2025-11-28 03:15,0.121729
2025-11-28 03:30,0.109137
2025-11-28 03:45,0.136162
2025-11-28 04:00,0.232059
2025-11-28 04:15,0.177157
2025-11-28 04:30,0.155857
2025-11-28 04:45,0.319414
2025-11-28 05:00,0.554887
2025-11-28 05:15,0.515746
2025-11-28 05:30,0.121487
2025-11-28 05:45,0.116496
2025-11-28 06:00,0.05331
2025-11-28 06:15,0.174352
2025-11-28 06:30,0.151602
2025-11-28 06:45,0.151688
2025-11-28 07:00,0.055698
2025-11-28 07:15,0.172722
2025-11-28 07:30,0.207786
2025-11-28 07:45,0.118176
2025-11-28 08:00,0.098967
2025-11-28 08:15,0.134855
2025-11-28 08:30,0.140716
2025-11-28 08:45,0.122461
2025-11-28 09:00,0.023752
2025-11-28 09:15,0.1202
2025-11-28 09:30,0.103421
2025-11-28 09:45,0.11182
2025-11-28 10:00,0.060111
2025-11-28 10:15,0.087374
2025-11-28 10:30,0.090611
2025-11-28 10:45,0.09677
2025-11-28 11:00,0.049058
2025-11-28 11:15,0.059402
2025-11-28 11:30,0.111455
2025-11-28 11:45,0.100211
2025-11-28 12:00,0.041881
2025-11-28 12:15,0.069118
2025-11-28 12:30,0.09139
2025-11-28 12:45,0.101277
2025-11-28 13:00,0.043641
2025-11-28 13:15,0.05787
2025-11-28 13:30,0.123091
2025-11-28 13:45,0.079727
2025-11-28 14:00,0.03546
2025-11-28 14:15,0.053805
2025-11-28 14:30,0.090795
2025-11-28 14:45,0.077641
2025-11-28 15:00,0.048657
2025-11-28 15:15,0.067888
2025-11-28 15:30,0.081221
2025-11-28 15:45,0.107013
2025-11-28 16:00,0.030513
2025-11-28 16:15,0.060828
2025-11-28 16:30,0.106339
2025-11-28 16:45,0.082844
2025-11-28 17:00,0.051115
2025-11-28 17:15,0.029677
2025-11-28 17:30,0.091243
2025-11-28 17:45,0.082173
2025-11-28 18:00,0.098586
2025-11-28 18:15,0.005237
2025-11-28 18:30,0.113118
2025-11-28 18:45,0.097648
2025-11-28 19:00,0.080993
2025-11-28 19:15,0.012043
2025-11-28 19:30,0.077751
2025-11-28 19:45,0.079793
2025-11-28 20:00,0.082025
2025-11-28 20:15,0.028219
2025-11-28 20:30,0.078798
2025-11-28 20:45,0.091055
2025-11-28 21:00,0.082794
2025-11-28 21:15,0.032143
2025-11-28 21:30,0.05716
2025-11-28 21:45,0.10365
2025-11-28 22:00,0.081001
2025-11-28 22:15,0.060055
2025-11-28 22:30,0.031455
2025-11-28 22:45,0.085024
2025-11-28 23:00,0.080735
2025-11-28 23:15,0.082445
2025-11-28 23:30,0.009859
2025-11-28 23:45,0.102617
2025-11-29 00:00,0.094445
2025-11-29 00:15,0.083117
2025-11-29 00:30,0.010894
2025-11-29 00:45,0.084614
2025-11-29 01:00,0.162883
2025-11-29 01:15,0.136521
2025-11-29 01:30,0.018399
2025-11-29 01:45,0.0995
2025-11-29 02:00,0.094503
2025-11-29 02:15,0.092643
2025-11-29 02:30,0.014704
2025-11-29 02:45,0.096682
2025-11-29 03:00,0.1046
2025-11-29 03:15,0.09831
2025-11-29 03:30,0.024769
2025-11-29 03:45,0.090669
2025-11-29 04:00,0.100085
2025-11-29 04:15,0.128724
2025-11-29 04:30,0.042052
2025-11-29 04:45,0.128315
2025-11-29 05:00,0.132672
2025-11-29 05:15,0.122654
2025-11-29 05:30,0.055483
2025-11-29 05:45,0.082569
2025-11-29 06:00,0.096286
2025-11-29 06:15,0.120403
2025-11-29 06:30,0.0524
2025-11-29 06:45,0.072272
2025-11-29 07:00,0.120265
2025-11-29 07:15,0.111518
2025-11-29 07:30,0.06515
2025-11-29 07:45,0.070035
2025-11-29 08:00,0.098503
2025-11-29 08:15,0.118751
2025-11-29 08:30,0.092432
2025-11-29 08:45,0.068243
2025-11-29 09:00,0.112559
2025-11-29 09:15,0.10295
2025-11-29 09:30,0.045334
2025-11-29 09:45,0.070795
2025-11-29 10:00,0.095377
2025-11-29 10:15,0.098473
2025-11-29 10:30,0.041401
2025-11-29 10:45,0.081581
2025-11-29 11:00,0.095547
2025-11-29 11:15,0.139033
2025-11-29 11:30,0.095804
2025-11-29 11:45,0.016518
2025-11-29 12:00,0.098318
2025-11-29 12:15,0.091405
2025-11-29 12:30,0.163051
2025-11-29 12:45,0.015168
2025-11-29 13:00,0.100638
2025-11-29 13:15,0.125577
2025-11-29 13:30,0.098335
2025-11-29 13:45,0.0169
2025-11-29 14:00,0.089808
2025-11-29 14:15,0.090034
2025-11-29 14:30,0.109149
2025-11-29 14:45,0.007221
2025-11-29 15:00,0.124334
2025-11-29 15:15,0.126633
2025-11-29 15:30,0.09732
2025-11-29 15:45,0.010518
2025-11-29 16:00,0.081328
2025-11-29 16:15,0.09462
2025-11-29 16:30,0.094077
2025-11-29 16:45,0.016722
2025-11-29 17:00,0.146226
2025-11-29 17:15,0.080062
2025-11-29 17:30,0.08223
2025-11-29 17:45,0.013643
2025-11-29 18:00,0.100043
2025-11-29 18:15,0.084669
2025-11-29 18:30,0.088084
2025-11-29 18:45,0.016956
2025-11-29 19:00,0.099673
2025-11-29 19:15,0.096192
2025-11-29 19:30,0.095673
2025-11-29 19:45,0.043954
2025-11-29 20:00,0.055581
2025-11-29 20:15,0.086385
2025-11-29 20:30,0.094024
2025-11-29 20:45,0.054063
2025-11-29 21:00,0.057095
2025-11-29 21:15,0.088316
2025-11-29 21:30,0.102569
2025-11-29 21:45,0.082988
2025-11-29 22:00,0.009839
2025-11-29 22:15,0.088399
2025-11-29 22:30,0.093533
2025-11-29 22:45,0.111051
2025-11-29 23:00,0.009329
2025-11-29 23:15,0.080312
2025-11-29 23:30,0.0883
2025-11-29 23:45,0.08435
2025-11-30 00:00,0.02069
2025-11-30 00:15,0.109319
2025-11-30 00:30,0.107583
2025-11-30 00:45,0.087658
2025-11-30 01:00,0.018252
2025-11-30 01:15,0.057677
2025-11-30 01:30,0.094225
2025-11-30 01:45,0.084655
2025-11-30 02:00,0.053474
2025-11-30 02:15,0.165565
2025-11-30 02:30,0.141546
2025-11-30 02:45,0.082128
2025-11-30 03:00,0.035423
2025-11-30 03:15,0.053646
2025-11-30 03:30,0.098196
2025-11-30 03:45,0.113991
2025-11-30 04:00,0.04778
2025-11-30 04:15,0.074093
2025-11-30 04:30,0.108296
2025-11-30 04:45,0.113305
2025-11-30 05:00,0.062745
2025-11-30 05:15,0.06087
2025-11-30 05:30,0.117861
2025-11-30 05:45,0.100586
2025-11-30 06:00,0.056261
2025-11-30 06:15,0.067634
2025-11-30 06:30,0.094718
2025-11-30 06:45,0.101352
2025-11-30 07:00,0.084177
2025-11-30 07:15,0.058629
2025-11-30 07:30,0.115515
2025-11-30 07:45,0.117452
2025-11-30 08:00,0.108632
2025-11-30 08:15,0.048102
2025-11-30 08:30,0.140847
2025-11-30 08:45,0.134933
2025-11-30 09:00,0.119855
2025-11-30 09:15,0.033899
2025-11-30 09:30,0.103064
2025-11-30 09:45,0.161572
2025-11-30 10:00,0.14883
2025-11-30 10:15,0.040801
2025-11-30 10:30,0.092876
2025-11-30 10:45,0.10918
2025-11-30 11:00,0.113656
2025-11-30 11:15,0.016702
2025-11-30 11:30,0.083998
2025-11-30 11:45,0.119699
2025-11-30 12:00,0.103957
2025-11-30 12:15,0.020984
2025-11-30 12:30,0.083522
2025-11-30 12:45,0.106144
2025-11-30 13:00,0.118631
2025-11-30 13:15,0.028087
2025-11-30 13:30,0.115144
2025-11-30 13:45,0.100283
2025-11-30 14:00,0.102237
2025-11-30 14:15,0.011571
2025-11-30 14:30,0.0703
2025-11-30 14:45,0.093218
2025-11-30 15:00,0.091839
2025-11-30 15:15,0.042813
2025-11-30 15:30,0.085174
2025-11-30 15:45,0.162655
2025-11-30 16:00,0.094529
2025-11-30 16:15,0.013996
2025-11-30 16:30,0.096723
2025-11-30 16:45,0.092662
2025-11-30 17:00,0.07716
2025-11-30 17:15,0.031229
2025-11-30 17:30,0.078689
2025-11-30 17:45,0.085917
2025-11-30 18:00,0.091205
2025-11-30 18:15,0.034148
2025-11-30 18:30,0.053763
2025-11-30 18:45,0.091873
2025-11-30 19:00,0.09177
2025-11-30 19:15,0.030581
2025-11-30 19:30,0.047749
2025-11-30 19:45,0.077933
2025-11-30 20:00,0.083409
2025-11-30 20:15,0.080204
2025-11-30 20:30,0.003768
2025-11-30 20:45,0.087524
2025-11-30 21:00,0.106373
2025-11-30 21:15,0.084633
2025-11-30 21:30,0.004981
2025-11-30 21:45,0.070645
2025-11-30 22:00,0.079483
2025-11-30 22:15,0.081179
2025-11-30 22:30,0.009007
2025-11-30 22:45,0.076552
2025-11-30 23:00,0.090122
2025-11-30 23:15,0.1243
2025-11-30 23:30,0.086963
2025-11-30 23:45,0.131837
2025-12-01 00:00,0.122764
2025-12-01 00:15,0.19309
2025-12-01 00:30,0.158763
2025-12-01 00:45,0.096164
2025-12-01 01:00,0.126642
2025-12-01 01:15,0.134916
2025-12-01 01:30,0.110079
2025-12-01 01:45,0.09158
2025-12-01 02:00,0.167113
2025-12-01 02:15,0.133719
2025-12-01 02:30,0.189258
2025-12-01 02:45,0.074512
2025-12-01 03:00,0.12877
2025-12-01 03:15,0.131
2025-12-01 03:30,0.11078
2025-12-01 03:45,0.099171
2025-12-01 04:00,0.150138
2025-12-01 04:15,0.406614
2025-12-01 04:30,0.535609
2025-12-01 04:45,0.214443
2025-12-01 05:00,0.169843
2025-12-01 05:15,0.137757
2025-12-01 05:30,0.203803
2025-12-01 05:45,0.100488
2025-12-01 06:00,0.199315
2025-12-01 06:15,0.132349
2025-12-01 06:30,0.148532
2025-12-01 06:45,0.14483
2025-12-01 07:00,0.168784
2025-12-01 07:15,0.216228
2025-12-01 07:30,0.174607
2025-12-01 07:45,0.069667
2025-12-01 08:00,0.15616
2025-12-01 08:15,0.169925
2025-12-01 08:30,0.158064
2025-12-01 08:45,0.080617
2025-12-01 09:00,0.129055
2025-12-01 09:15,0.177828
2025-12-01 09:30,0.105025
2025-12-01 09:45,0.029582
2025-12-01 10:00,0.127937
2025-12-01 10:15,0.12115
2025-12-01 10:30,0.147408
2025-12-01 10:45,0.034071
2025-12-01 11:00,0.127298
2025-12-01 11:15,0.120496
2025-12-01 11:30,0.107128
2025-12-01 11:45,0.02797
2025-12-01 12:00,0.115216
2025-12-01 12:15,1.0
2025-12-01 12:30,0.359229
2025-12-01 12:45,0.045919
2025-12-01 13:00,0.113205
2025-12-01 13:15,0.093656
2025-12-01 13:30,0.087151
2025-12-01 13:45,0.038924
2025-12-01 14:00,0.083723
2025-12-01 14:15,0.129088
2025-12-01 14:30,0.051972
2025-12-01 14:45,0.104317
2025-12-01 15:00,0.098046
2025-12-01 15:15,0.104222
2025-12-01 15:30,0.037616
2025-12-01 15:45,0.075093
2025-12-01 16:00,0.087574
2025-12-01 16:15,0.098559
2025-12-01 16:30,0.039052
2025-12-01 16:45,0.065668
2025-12-01 17:00,0.084501
2025-12-01 17:15,0.089102
2025-12-01 17:30,0.074359
2025-12-01 17:45,0.027886
2025-12-01 18:00,0.083098
2025-12-01 18:15,0.117012
2025-12-01 18:30,0.077704
2025-12-01 18:45,0.012077
2025-12-01 19:00,0.081844
2025-12-01 19:15,0.089614
2025-12-01 19:30,0.090723
2025-12-01 19:45,0.006424
2025-12-01 20:00,0.087932
2025-12-01 20:15,0.072369
2025-12-01 20:30,0.089999
2025-12-01 20:45,0.003437
2025-12-01 21:00,0.080685
2025-12-01 21:15,0.0723
2025-12-01 21:30,0.067911
2025-12-01 21:45,0.02927
2025-12-01 22:00,0.051534
2025-12-01 22:15,0.08283
2025-12-01 22:30,0.084764
2025-12-01 22:45,0.064993
2025-12-01 23:00,0.060782
2025-12-01 23:15,0.099991
2025-12-01 23:30,0.087823
2025-12-01 23:45,0.054945
2025-12-02 00:00,0.098443
2025-12-02 00:15,0.267111
2025-12-02 00:30,0.24372
2025-12-02 00:45,0.11414
2025-12-02 01:00,0.128161
2025-12-02 01:15,0.180808
2025-12-02 01:30,0.161273
2025-12-02 01:45,0.08434
2025-12-02 02:00,0.101198
2025-12-02 02:15,0.139055
2025-12-02 02:30,0.162437
2025-12-02 02:45,0.076001
2025-12-02 03:00,0.102257
2025-12-02 03:15,0.111331
2025-12-02 03:30,0.120826
2025-12-02 03:45,0.107648
2025-12-02 04:00,0.124319
2025-12-02 04:15,0.136403
2025-12-02 04:30,0.165518
2025-12-02 04:45,0.093004
2025-12-02 05:00,0.291793
2025-12-02 05:15,0.170617
2025-12-02 05:30,0.222492
2025-12-02 05:45,0.096437
2025-12-02 06:00,0.132647
2025-12-02 06:15,0.142845
2025-12-02 06:30,0.180149
2025-12-02 06:45,0.115161
2025-12-02 07:00,0.103825
2025-12-02 07:15,0.158545
2025-12-02 07:30,0.196925
2025-12-02 07:45,0.091751
2025-12-02 08:00,0.13605
2025-12-02 08:15,0.146558
2025-12-02 08:30,0.205262
2025-12-02 08:45,0.113225
2025-12-02 09:00,0.212185
2025-12-02 09:15,0.197392
2025-12-02 09:30,0.117698
2025-12-02 09:45,0.049861
2025-12-02 10:00,0.073598
2025-12-02 10:15,0.136263
2025-12-02 10:30,0.101396
2025-12-02 10:45,0.071506
2025-12-02 11:00,0.084597
2025-12-02 11:15,0.114972
2025-12-02 11:30,0.100748
2025-12-02 11:45,0.059466
2025-12-02 12:00,0.085688
2025-12-02 12:15,0.100578
2025-12-02 12:30,0.107079
2025-12-02 12:45,0.04828
2025-12-02 13:00,0.07137
2025-12-02 13:15,0.097521
2025-12-02 13:30,0.098497
2025-12-02 13:45,0.113669
2025-12-02 14:00,0.078937
2025-12-02 14:15,0.109298
2025-12-02 14:30,0.088499
2025-12-02 14:45,0.045307
2025-12-02 15:00,0.048884
2025-12-02 15:15,0.094085
2025-12-02 15:30,0.095932
2025-12-02 15:45,0.03245
2025-12-02 16:00,0.062789
2025-12-02 16:15,0.099667
2025-12-02 16:30,0.114574
2025-12-02 16:45,0.075105
2025-12-02 17:00,0.035461
2025-12-02 17:15,0.111657
2025-12-02 17:30,0.16425
2025-12-02 17:45,0.080727
2025-12-02 18:00,0.014198
2025-12-02 18:15,0.089374
2025-12-02 18:30,0.112847
2025-12-02 18:45,0.096714
2025-12-02 19:00,0.010854
2025-12-02 19:15,0.081057
2025-12-02 19:30,0.090165
2025-12-02 19:45,0.073386
2025-12-02 20:00,0.005143
2025-12-02 20:15,0.088052
2025-12-02 20:30,0.123454
2025-12-02 20:45,0.094639
2025-12-02 21:00,0.059978
2025-12-02 21:15,0.076673
2025-12-02 21:30,0.204595
2025-12-02 21:45,0.171321
2025-12-02 22:00,0.080668
2025-12-02 22:15,0.131866
2025-12-02 22:30,0.111285
2025-12-02 22:45,0.090428
2025-12-02 23:00,0.065378
2025-12-02 23:15,0.021491
2025-12-02 23:30,0.081592
2025-12-02 23:45,0.104958
2025-12-03 00:00,0.119708
2025-12-03 00:00,0.157999
2025-12-03 00:15,0.105925
2025-12-03 00:30,0.314388
2025-12-03 00:45,0.246066
2025-12-03 01:00,0.268354
2025-12-03 01:15,0.246474
2025-12-03 01:30,0.183991
2025-12-03 01:45,0.206949
2025-12-03 02:00,0.184257
2025-12-03 02:15,0.240978
2025-12-03 02:30,0.316147
2025-12-03 02:45,0.198031
2025-12-03 03:00,0.125374
2025-12-03 03:15,0.071117
2025-12-03 03:30,0.20993
2025-12-03 03:45,0.221083
2025-12-03 04:00,0.155825
2025-12-03 04:15,0.070403
2025-12-03 04:30,0.190523
2025-12-03 04:45,0.316586
2025-12-03 05:00,0.437514
2025-12-03 05:15,0.195497
2025-12-03 05:30,0.269234
2025-12-03 05:45,0.21705
2025-12-03 06:00,0.347222
2025-12-03 06:15,0.395092
2025-12-03 06:30,0.306184
2025-12-03 06:45,0.304793
2025-12-03 07:00,0.220555
2025-12-03 07:15,0.277062
2025-12-03 07:30,0.367394
2025-12-03 07:45,0.435362
2025-12-03 08:00,0.180505
2025-12-03 08:15,0.2129
2025-12-03 08:30,0.176002
2025-12-03 08:45,0.224299
2025-12-03 09:00,0.281524
2025-12-03 09:15,0.313478
2025-12-03 09:30,0.179342
2025-12-03 09:45,0.18177
2025-12-03 10:00,0.136176
2025-12-03 10:15,0.095681
2025-12-03 10:30,0.146793
2025-12-03 10:45,0.157445
2025-12-03 11:00,0.122939
2025-12-03 11:15,0.079409
2025-12-03 11:30,0.166343
2025-12-03 11:45,0.184215
2025-12-03 12:00,0.145054
2025-12-03 12:15,0.057453
2025-12-03 12:30,0.168698
2025-12-03 12:45,0.205312
2025-12-03 13:00,0.116144
2025-12-03 13:15,0.095328
2025-12-03 13:30,0.144156
2025-12-03 13:45,0.223623
2025-12-03 14:00,0.124561
2025-12-03 14:15,0.097774
2025-12-03 14:30,0.170118
2025-12-03 14:45,0.115397
2025-12-03 15:00,0.137936
2025-12-03 15:15,0.025856
2025-12-03 15:30,0.122344
2025-12-03 15:45,0.126331
2025-12-03 16:00,0.191316
2025-12-03 16:15,0.017741
2025-12-03 16:30,0.132758
2025-12-03 16:45,0.140293
2025-12-03 17:00,0.134461
2025-12-03 17:15,0.014386
2025-12-03 17:30,0.130324
2025-12-03 17:45,0.114235
2025-12-03 18:00,0.135554
2025-12-03 18:15,0.016665
2025-12-03 18:30,0.124028
2025-12-03 18:45,0.139957
2025-12-03 19:00,0.158458
2025-12-03 19:15,0.015286
2025-12-03 19:30,0.126484
2025-12-03 19:45,0.129233
2025-12-03 20:00,0.114262
2025-12-03 20:15,0.042034
2025-12-03 20:30,0.063379
2025-12-03 20:45,0.099861
2025-12-03 21:00,0.13169
2025-12-03 21:15,0.047757
2025-12-03 21:30,0.059051
2025-12-03 21:45,0.113558
2025-12-03 22:00,0.113636
2025-12-03 22:15,0.111717
2025-12-03 22:30,0.010928
2025-12-03 22:45,0.155925
2025-12-03 23:00,0.10465
2025-12-03 23:15,0.14088
2025-12-03 23:30,0.024484
2025-12-03 23:45,0.14088
2025-12-04 00:00,0.162552
2025-12-04 00:15,0.163909
2025-12-04 00:30,0.090665
2025-12-04 00:45,0.189925
2025-12-04 01:00,0.21153
2025-12-04 01:15,0.22664
2025-12-04 01:30,0.208733
2025-12-04 01:45,0.550743
2025-12-04 02:00,0.454305
2025-12-04 02:15,0.326351
2025-12-04 02:30,0.146492
2025-12-04 02:45,0.193254
2025-12-04 03:00,0.230995
2025-12-04 03:15,0.187662
2025-12-04 03:30,0.09436
2025-12-04 03:45,0.213528
2025-12-04 04:00,0.229948
2025-12-04 04:15,0.460383
2025-12-04 04:30,0.088346
2025-12-04 04:45,0.217558
2025-12-04 05:00,0.259429
2025-12-04 05:15,0.268261
2025-12-04 05:30,0.174777
2025-12-04 05:45,0.261742
2025-12-04 06:00,0.224469
2025-12-04 06:15,0.691972
2025-12-04 06:30,0.259968
2025-12-04 06:45,0.218845
2025-12-04 07:00,0.245922
2025-12-04 07:15,0.22348
2025-12-04 07:30,0.146135
2025-12-04 07:45,0.152333
2025-12-04 08:00,0.192883
2025-12-04 08:15,0.295785
2025-12-04 08:30,0.120693
2025-12-04 08:45,0.127076
2025-12-04 09:00,0.157912
2025-12-04 09:15,0.136557
2025-12-04 09:30,0.140254
2025-12-04 09:45,0.157101
2025-12-04 10:00,0.216826
2025-12-04 10:15,0.12949
2025-12-04 10:30,0.094263
2025-12-04 10:45,0.096586
2025-12-04 11:00,0.186566
2025-12-04 11:15,0.135194
2025-12-04 11:30,0.075412
2025-12-04 11:45,0.101301
2025-12-04 12:00,0.113969
2025-12-04 12:15,0.118571
2025-12-04 12:30,0.162087
2025-12-04 12:45,0.039758
2025-12-04 13:00,0.161385
2025-12-04 13:15,0.127584
2025-12-04 13:30,0.131617
2025-12-04 13:45,0.108751
2025-12-04 14:00,0.136562
2025-12-04 14:15,0.112157
2025-12-04 14:30,0.122244
2025-12-04 14:45,0.071132
2025-12-04 15:00,0.084794
2025-12-04 15:15,0.104169
2025-12-04 15:30,0.112193
2025-12-04 15:45,0.036956
2025-12-04 16:00,0.08331
2025-12-04 16:15,0.12651
2025-12-04 16:30,0.154872
2025-12-04 16:45,0.076556
2025-12-04 17:00,0.071674
2025-12-04 17:15,0.105683
2025-12-04 17:30,0.110096
2025-12-04 17:45,0.052336
2025-12-04 18:00,0.071356
2025-12-04 18:15,0.104608
2025-12-04 18:30,0.112057
2025-12-04 18:45,0.038401
2025-12-04 19:00,0.055623
2025-12-04 19:15,0.117044
2025-12-04 19:30,0.116283
2025-12-04 19:45,0.08572
2025-12-04 20:00,0.02833
2025-12-04 20:15,0.096826
2025-12-04 20:30,0.095979
2025-12-04 20:45,0.119354
2025-12-04 21:00,0.01755
2025-12-04 21:15,0.11795
2025-12-04 21:30,0.115355
2025-12-04 21:45,0.120101
2025-12-04 22:00,0.018286
2025-12-04 22:15,0.131093
2025-12-04 22:30,0.112763
2025-12-04 22:45,0.093582
2025-12-04 23:00,0.043354
2025-12-04 23:15,0.094298
2025-12-04 23:30,0.163772
2025-12-04 23:45,0.131072
2025-12-05 00:00,0.037812
2025-12-05 00:15,0.181716
2025-12-05 00:30,0.171087
2025-12-05 00:45,0.183822
2025-12-05 01:00,0.110358
2025-12-05 01:15,0.146497
2025-12-05 01:30,0.222708
2025-12-05 01:45,0.21733
2025-12-05 02:00,0.191846
2025-12-05 02:15,0.170072
2025-12-05 02:30,1.0
2025-12-05 02:45,0.134677
2025-12-05 03:00,0.093257
2025-12-05 03:15,0.124596
2025-12-05 03:30,0.175462
2025-12-05 03:45,0.186867
2025-12-05 04:00,0.095505
2025-12-05 04:15,0.161284
2025-12-05 04:30,0.151324
2025-12-05 04:45,0.303512
2025-12-05 05:00,0.262926
2025-12-05 05:15,0.404008
2025-12-05 05:30,0.388061
2025-12-05 05:45,0.244303
2025-12-05 06:00,0.377971
2025-12-05 06:15,0.745299
2025-12-05 06:30,0.615797
2025-12-05 06:45,0.237019
2025-12-05 07:00,0.117877
2025-12-05 07:15,0.14134
2025-12-05 07:30,0.213953
2025-12-05 07:45,0.210132
2025-12-05 08:00,0.119607
2025-12-05 08:15,0.13569
2025-12-05 08:30,0.210438
2025-12-05 08:45,0.071432
2025-12-05 09:00,0.057518
2025-12-05 09:15,0.161163
2025-12-05 09:30,0.155078
2025-12-05 09:45,0.091884
2025-12-05 10:00,0.094892
2025-12-05 10:15,0.18352
2025-12-05 10:30,0.127693
2025-12-05 10:45,0.059116
2025-12-05 11:00,0.087294
2025-12-05 11:15,0.138723
2025-12-05 11:30,0.155675
2025-12-05 11:45,0.14867
2025-12-05 12:00,0.062814
2025-12-05 12:15,0.141927
2025-12-05 12:30,0.1291
2025-12-05 12:45,0.125449
2025-12-05 13:00,0.059225
2025-12-05 13:15,0.178477
2025-12-05 13:30,0.131473
2025-12-05 13:45,0.121123
2025-12-05 14:00,0.01485
2025-12-05 14:15,0.110422
2025-12-05 14:30,0.097707
2025-12-05 14:45,0.122832
2025-12-05 15:00,0.020274
2025-12-05 15:15,0.100487
2025-12-05 15:30,0.111685
2025-12-05 15:45,0.107089
2025-12-05 16:00,0.029172
2025-12-05 16:15,0.101393
2025-12-05 16:30,0.095215
2025-12-05 16:45,0.148965
2025-12-05 17:00,0.039148
2025-12-05 17:15,0.147778
2025-12-05 17:30,0.169308
2025-12-05 17:45,0.134128
2025-12-05 18:00,0.088704
2025-12-05 18:15,0.124291
2025-12-05 18:30,0.097189
2025-12-05 18:45,0.143099
2025-12-05 19:00,0.03902
2025-12-05 19:15,0.074909
2025-12-05 19:30,0.114936
2025-12-05 19:45,0.115474
2025-12-05 20:00,0.065289
2025-12-05 20:15,0.060689
2025-12-05 20:30,0.100612
2025-12-05 20:45,0.103219
2025-12-05 21:00,0.107452
2025-12-05 21:15,0.00656
2025-12-05 21:30,0.111067
2025-12-05 21:45,0.104058
2025-12-05 22:00,0.103785
2025-12-05 22:15,0.002674
2025-12-05 22:30,0.102105
2025-12-05 22:45,0.092392
2025-12-05 23:00,0.115704
2025-12-05 23:15,0.018884
2025-12-05 23:30,0.108609
2025-12-05 23:45,0.144106
2025-12-06 00:00,0.087812
2025-12-06 00:15,0.01874
2025-12-06 00:30,0.169423
2025-12-06 00:45,0.132579
2025-12-06 01:00,0.121577
2025-12-06 01:15,0.035758
2025-12-06 01:30,0.11745
2025-12-06 01:45,0.123681
2025-12-06 02:00,0.122471
2025-12-06 02:15,0.05261
2025-12-06 02:30,0.179461
2025-12-06 02:45,0.199433
2025-12-06 03:00,0.148884
2025-12-06 03:15,0.056129
2025-12-06 03:30,0.097907
2025-12-06 03:45,0.117052
2025-12-06 04:00,0.121208
2025-12-06 04:15,0.045278
2025-12-06 04:30,0.097335
2025-12-06 04:45,0.143655
2025-12-06 05:00,0.136798
2025-12-06 05:15,0.090139
2025-12-06 05:30,0.087406
2025-12-06 05:45,0.178751
2025-12-06 06:00,0.135353
2025-12-06 06:15,0.153462
2025-12-06 06:30,0.066389
2025-12-06 06:45,0.12569
2025-12-06 07:00,0.178905
2025-12-06 07:15,0.141866
2025-12-06 07:30,0.05358
2025-12-06 07:45,0.151394
2025-12-06 08:00,0.19777
2025-12-06 08:15,0.166897
2025-12-06 08:30,0.068175
2025-12-06 08:45,0.13498
2025-12-06 09:00,0.202264
2025-12-06 09:15,0.153793
2025-12-06 09:30,0.049535
2025-12-06 09:45,0.138318
2025-12-06 10:00,0.217154
2025-12-06 10:15,0.211962
2025-12-06 10:30,0.080139
2025-12-06 10:45,0.154212
2025-12-06 11:00,0.160529
2025-12-06 11:15,0.136185
2025-12-06 11:30,0.048336
2025-12-06 11:45,0.150327
2025-12-06 12:00,0.143585
2025-12-06 12:15,0.134481
2025-12-06 12:30,0.125687
2025-12-06 12:45,0.028776
2025-12-06 13:00,0.175691
2025-12-06 13:15,0.12178
2025-12-06 13:30,0.116933
2025-12-06 13:45,0.034088
2025-12-06 14:00,0.126093
2025-12-06 14:15,0.190855
2025-12-06 14:30,0.123428
2025-12-06 14:45,0.043029
2025-12-06 15:00,0.138974
2025-12-06 15:15,0.113973
2025-12-06 15:30,0.106411
2025-12-06 15:45,0.051953
2025-12-06 16:00,0.065968
2025-12-06 16:15,0.161066
2025-12-06 16:30,0.10462
2025-12-06 16:45,0.043324
2025-12-06 17:00,0.082658
2025-12-06 17:15,0.101915
2025-12-06 17:30,0.108208
2025-12-06 17:45,0.048991
2025-12-06 18:00,0.071891
2025-12-06 18:15,0.091322
2025-12-06 18:30,0.116951
2025-12-06 18:45,0.10783
2025-12-06 19:00,0.014821
2025-12-06 19:15,0.10975
2025-12-06 19:30,0.098178
2025-12-06 19:45,0.10646
2025-12-06 20:00,0.014789
2025-12-06 20:15,0.12231
2025-12-06 20:30,0.102485
2025-12-06 20:45,0.103125
2025-12-06 21:00,0.027801
2025-12-06 21:15,0.087533
2025-12-06 21:30,0.273825
2025-12-06 21:45,0.295464
2025-12-06 22:00,0.215857
2025-12-06 22:15,0.22436
2025-12-06 22:30,0.223343
2025-12-06 22:45,0.142328
2025-12-06 23:00,0.050932
2025-12-06 23:15,0.074388
2025-12-06 23:30,0.101713
2025-12-06 23:45,0.102006
2025-12-07 00:00,0.082723
2025-12-07 00:15,0.058599
2025-12-07 00:30,0.107333
2025-12-07 00:45,0.149229
2025-12-07 01:00,0.108949
2025-12-07 01:15,0.029518
2025-12-07 01:30,0.118888
2025-12-07 01:45,0.108784
2025-12-07 02:00,0.11064
2025-12-07 02:15,0.007759
2025-12-07 02:30,0.11032
2025-12-07 02:45,0.138004
2025-12-07 03:00,0.116558
2025-12-07 03:15,0.025965
2025-12-07 03:30,0.117162
2025-12-07 03:45,0.127885
2025-12-07 04:00,0.116225
2025-12-07 04:15,0.120614
2025-12-07 04:30,0.029965
2025-12-07 04:45,0.129396
2025-12-07 05:00,0.132746
2025-12-07 05:15,0.123408
2025-12-07 05:30,0.031737
2025-12-07 05:45,0.12618
2025-12-07 06:00,0.155793
2025-12-07 06:15,0.145542
2025-12-07 06:30,0.02753
2025-12-07 06:45,0.150394
2025-12-07 07:00,0.167969
2025-12-07 07:15,0.170065
2025-12-07 07:30,0.164153
2025-12-07 07:45,0.739877
2025-12-07 08:00,0.12593
2025-12-07 08:15,0.143894
2025-12-07 08:30,0.041698
2025-12-07 08:45,0.151144
2025-12-07 09:00,0.130134
2025-12-07 09:15,0.180742
2025-12-07 09:30,0.095884
2025-12-07 09:45,0.13678
2025-12-07 10:00,0.135902
2025-12-07 10:15,0.11091
2025-12-07 10:30,0.027411
2025-12-07 10:45,0.130947
2025-12-07 11:00,0.149769
2025-12-07 11:15,0.143973
2025-12-07 11:30,0.037335
2025-12-07 11:45,0.135618
2025-12-07 12:00,0.149168
2025-12-07 12:15,0.120969
2025-12-07 12:30,0.035156
2025-12-07 12:45,0.132761
2025-12-07 13:00,0.130928
2025-12-07 13:15,0.123781
2025-12-07 13:30,0.019463
2025-12-07 13:45,0.123607
2025-12-07 14:00,0.149456
2025-12-07 14:15,0.166692
2025-12-07 14:30,0.065328
2025-12-07 14:45,0.135456
2025-12-07 15:00,0.147929
2025-12-07 15:15,0.124375
2025-12-07 15:30,0.056988
2025-12-07 15:45,0.086742
2025-12-07 16:00,0.106343
2025-12-07 16:15,0.104169
2025-12-07 16:30,0.071612
2025-12-07 16:45,0.095003
2025-12-07 17:00,0.130359
2025-12-07 17:15,0.111247
2025-12-07 17:30,0.048739
2025-12-07 17:45,0.075397
2025-12-07 18:00,0.113545
2025-12-07 18:15,0.117496
2025-12-07 18:30,0.06438
2025-12-07 18:45,0.075715
2025-12-07 19:00,0.107494
2025-12-07 19:15,0.115472
2025-12-07 19:30,0.123151
2025-12-07 19:45,0.018514
2025-12-07 20:00,0.118421
2025-12-07 20:15,0.154575
2025-12-07 20:30,0.15066
2025-12-07 20:45,0.002522
2025-12-07 21:00,0.130057
2025-12-07 21:15,0.117486
2025-12-07 21:30,0.106275
2025-12-07 21:45,0.009011
2025-12-07 22:00,0.122582
2025-12-07 22:15,0.1181
2025-12-07 22:30,0.120087
2025-12-07 22:45,0.020157
2025-12-07 23:00,0.163992
2025-12-07 23:15,0.156111
2025-12-07 23:30,0.154359
2025-12-07 23:45,0.083453
2025-12-08 00:00,0.198269
2025-12-08 00:15,0.1839
2025-12-08 00:30,0.198499
2025-12-08 00:45,0.118364
2025-12-08 01:00,0.228989
2025-12-08 01:15,0.211908
2025-12-08 01:30,0.196499
2025-12-08 01:45,0.090138
2025-12-08 02:00,0.223562
2025-12-08 02:15,0.200781
2025-12-08 02:30,0.192258
2025-12-08 02:45,0.04792
2025-12-08 03:00,0.158321
2025-12-08 03:15,0.181692
2025-12-08 03:30,0.236402
2025-12-08 03:45,0.204691
2025-12-08 04:00,0.276291
2025-12-08 04:15,0.212316
2025-12-08 04:30,0.87864
2025-12-08 04:45,0.168096
2025-12-08 05:00,0.197819
2025-12-08 05:15,0.227607
2025-12-08 05:30,0.221876
2025-12-08 05:45,0.136776
2025-12-08 06:00,0.269977
2025-12-08 06:15,0.323357
2025-12-08 06:30,0.217643
2025-12-08 06:45,0.136879
2025-12-08 07:00,0.249511
2025-12-08 07:15,0.252021
2025-12-08 07:30,0.223104
2025-12-08 07:45,0.176983
2025-12-08 08:00,0.206174
2025-12-08 08:15,0.252505
2025-12-08 08:30,0.3032
2025-12-08 08:45,0.218725
2025-12-08 09:00,0.127756
2025-12-08 09:15,0.172202
2025-12-08 09:30,0.148662
2025-12-08 09:45,0.075837
2025-12-08 10:00,0.110617
2025-12-08 10:15,0.13862
2025-12-08 10:30,0.157052
2025-12-08 10:45,0.133762
2025-12-08 11:00,0.092024
2025-12-08 11:15,0.198344
2025-12-08 11:30,0.155546
2025-12-08 11:45,0.127079
2025-12-08 12:00,0.060605
2025-12-08 12:15,0.139039
2025-12-08 12:30,0.124418
2025-12-08 12:45,0.173488
2025-12-08 13:00,0.058598
2025-12-08 13:15,0.168598
2025-12-08 13:30,0.197951
2025-12-08 13:45,0.172417
2025-12-08 14:00,0.057343
2025-12-08 14:15,0.116103
2025-12-08 14:30,0.14684
2025-12-08 14:45,0.104834
2025-12-08 15:00,0.030448
2025-12-08 15:15,0.146979
2025-12-08 15:30,0.11481
2025-12-08 15:45,0.11159
2025-12-08 16:00,0.02158
2025-12-08 16:15,0.114529
2025-12-08 16:30,0.122639
2025-12-08 16:45,0.117934
2025-12-08 17:00,0.010495
2025-12-08 17:15,0.123763
2025-12-08 17:30,0.144508
2025-12-08 17:45,0.117525
2025-12-08 18:00,0.014775
2025-12-08 18:15,0.114448
2025-12-08 18:30,0.1209
2025-12-08 18:45,0.104808
2025-12-08 19:00,0.02421
2025-12-08 19:15,0.10494
2025-12-08 19:30,0.113781
2025-12-08 19:45,0.119768
2025-12-08 20:00,0.062657
2025-12-08 20:15,0.075951
2025-12-08 20:30,0.099343
2025-12-08 20:45,0.146596
2025-12-08 21:00,0.057923
2025-12-08 21:15,0.081469
2025-12-08 21:30,0.111451
2025-12-08 21:45,0.1169
2025-12-08 22:00,0.103665
2025-12-08 22:15,0.009478
2025-12-08 22:30,0.210666
2025-12-08 22:45,0.168449
2025-12-08 23:00,0.121724
2025-12-08 23:15,0.068459
2025-12-08 23:30,0.1309
2025-12-08 23:45,0.181491
2025-12-09 00:00,0.219762
2025-12-09 00:15,0.105669
2025-12-09 00:30,0.242472
2025-12-09 00:45,0.334898
2025-12-09 01:00,0.33003
2025-12-09 01:15,0.073821
2025-12-09 01:30,0.298919
2025-12-09 01:45,0.190551
2025-12-09 02:00,0.237185
2025-12-09 02:15,0.104901
2025-12-09 02:30,0.262486
2025-12-09 02:45,0.247361
2025-12-09 03:00,0.231799
2025-12-09 03:15,0.159959
2025-12-09 03:30,0.13223
2025-12-09 03:45,0.2024
2025-12-09 04:00,0.28352
2025-12-09 04:15,0.22596
2025-12-09 04:30,0.146839
2025-12-09 04:45,0.232818
2025-12-09 05:00,0.194771
2025-12-09 05:15,0.210306
2025-12-09 05:30,0.144018
2025-12-09 05:45,0.267261
2025-12-09 06:00,0.220377
2025-12-09 06:15,0.235443
2025-12-09 06:30,0.216802
2025-12-09 06:45,0.212164
2025-12-09 07:00,0.288166
2025-12-09 07:15,0.229975
2025-12-09 07:30,0.292942
2025-12-09 07:45,0.365648
2025-12-09 08:00,0.299165
2025-12-09 08:15,0.340555
2025-12-09 08:30,0.16052
2025-12-09 08:45,0.198744
2025-12-09 09:00,0.157258
2025-12-09 09:15,0.313071
2025-12-09 09:30,0.05675
2025-12-09 09:45,0.2712
2025-12-09 10:00,0.258906
2025-12-09 10:15,0.170225
2025-12-09 10:30,0.088943
2025-12-09 10:45,0.130705
2025-12-09 11:00,0.217996
2025-12-09 11:15,0.139825
2025-12-09 11:30,0.086305
2025-12-09 11:45,0.133765
2025-12-09 12:00,0.164406
2025-12-09 12:15,0.152066
2025-12-09 12:30,0.036533
2025-12-09 12:45,0.133299
2025-12-09 13:00,0.138111
2025-12-09 13:15,0.135
2025-12-09 13:30,0.030438
2025-12-09 13:45,0.140409
2025-12-09 14:00,0.19048
2025-12-09 14:15,0.113432
2025-12-09 14:30,0.041919
2025-12-09 14:45,0.112883
2025-12-09 15:00,0.111968
2025-12-09 15:15,0.132969
2025-12-09 15:30,0.020561
2025-12-09 15:45,0.141209
2025-12-09 16:00,0.11351
2025-12-09 16:15,0.103069
2025-12-09 16:30,0.016045
2025-12-09 16:45,0.133958
2025-12-09 17:00,0.146751
2025-12-09 17:15,0.102843
2025-12-09 17:30,0.022203
2025-12-09 17:45,0.158021
2025-12-09 18:00,0.197241
2025-12-09 18:15,0.117253
2025-12-09 18:30,0.023593
2025-12-09 18:45,0.096592
2025-12-09 19:00,0.101682
2025-12-09 19:15,0.1297
2025-12-09 19:30,0.038305
2025-12-09 19:45,0.08087
2025-12-09 20:00,0.115582
2025-12-09 20:15,0.123288
2025-12-09 20:30,0.038543
2025-12-09 20:45,0.063755
2025-12-09 21:00,0.096812
2025-12-09 21:15,0.114759
2025-12-09 21:30,0.053796
2025-12-09 21:45,0.053795
2025-12-09 22:00,0.109251
2025-12-09 22:15,0.227489
2025-12-09 22:30,0.251028
2025-12-09 22:45,0.169824
2025-12-09 23:00,0.328835
2025-12-09 23:15,0.269118
2025-12-09 23:30,0.137668
2025-12-09 23:45,0.029432
2025-12-10 00:00,0.202186
2025-12-10 00:00,0.253474
2025-12-10 00:15,0.275576
2025-12-10 00:30,0.291494
2025-12-10 00:45,0.116441
2025-12-10 01:00,0.321679
2025-12-10 01:15,0.331261
2025-12-10 01:30,0.282866
2025-12-10 01:45,0.09598
2025-12-10 02:00,0.27719
2025-12-10 02:15,0.232154
2025-12-10 02:30,0.226157
2025-12-10 02:45,0.169347
2025-12-10 03:00,0.1806
2025-12-10 03:15,0.260436
2025-12-10 03:30,0.120684
2025-12-10 03:45,0.163107
2025-12-10 04:00,0.21198
2025-12-10 04:15,0.274357
2025-12-10 04:30,0.188607
2025-12-10 04:45,0.29168
2025-12-10 05:00,0.260528
2025-12-10 05:15,0.353516
2025-12-10 05:30,0.21441
2025-12-10 05:45,0.376256
2025-12-10 06:00,0.342563
2025-12-10 06:15,0.302407
2025-12-10 06:30,0.212013
2025-12-10 06:45,0.161694
2025-12-10 07:00,0.223623
2025-12-10 07:15,0.344615
2025-12-10 07:30,0.167189
2025-12-10 07:45,0.179412
2025-12-10 08:00,0.205567
2025-12-10 08:15,0.251722
2025-12-10 08:30,0.154693
2025-12-10 08:45,0.180685
2025-12-10 09:00,0.227253
2025-12-10 09:15,0.307042
2025-12-10 09:30,0.168184
2025-12-10 09:45,0.216258
2025-12-10 10:00,0.207851
2025-12-10 10:15,0.172365
2025-12-10 10:30,0.275279
2025-12-10 10:45,0.147
2025-12-10 11:00,0.217499
2025-12-10 11:15,0.217276
2025-12-10 11:30,0.187378
2025-12-10 11:45,0.080647
2025-12-10 12:00,0.161389
2025-12-10 12:15,0.217785
2025-12-10 12:30,0.179563
2025-12-10 12:45,0.059802
2025-12-10 13:00,0.186154
2025-12-10 13:15,0.16388
2025-12-10 13:30,0.151846
2025-12-10 13:45,0.028757
2025-12-10 14:00,0.226729
2025-12-10 14:15,0.222796
2025-12-10 14:30,0.175312
2025-12-10 14:45,0.019142
2025-12-10 15:00,0.167287
2025-12-10 15:15,0.158654
2025-12-10 15:30,0.167464
2025-12-10 15:45,0.031993
2025-12-10 16:00,0.190291
2025-12-10 16:15,1.0
2025-12-10 16:30,0.160311
2025-12-10 16:45,0.027879
2025-12-10 17:00,0.135641
2025-12-10 17:15,0.137015
2025-12-10 17:30,0.150183
2025-12-10 17:45,0.023217
2025-12-10 18:00,0.141513
2025-12-10 18:15,0.120055
2025-12-10 18:30,0.158645
2025-12-10 18:45,0.008674
2025-12-10 19:00,0.24898
2025-12-10 19:15,0.137901
2025-12-10 19:30,0.152127
2025-12-10 19:45,0.012365
2025-12-10 20:00,0.109744
2025-12-10 20:15,0.17246
2025-12-10 20:30,0.171298
2025-12-10 20:45,0.040837
2025-12-10 21:00,0.125593
2025-12-10 21:15,0.154804
2025-12-10 21:30,0.14295
2025-12-10 21:45,0.066071
2025-12-10 22:00,0.100351
2025-12-10 22:15,0.145221
2025-12-10 22:30,0.216349
2025-12-10 22:45,0.071407
2025-12-10 23:00,0.098557
2025-12-10 23:15,0.158468
2025-12-10 23:30,0.1753
2025-12-10 23:45,0.087122
2025-12-11 00:00,0.155474
2025-12-11 00:15,0.221637
2025-12-11 00:30,0.33523
2025-12-11 00:45,0.1922
2025-12-11 01:00,0.186849
2025-12-11 01:15,0.274951
2025-12-11 01:30,0.283196
2025-12-11 01:45,0.21143
2025-12-11 02:00,0.150649
2025-12-11 02:15,0.250109
2025-12-11 02:30,0.211188
2025-12-11 02:45,0.15726
2025-12-11 03:00,0.093817
2025-12-11 03:15,0.204926
2025-12-11 03:30,0.214086
2025-12-11 03:45,0.166729
2025-12-11 04:00,0.324145
2025-12-11 04:15,0.286383
2025-12-11 04:30,0.245075
2025-12-11 04:45,0.207394
2025-12-11 05:00,0.267593
2025-12-11 05:15,0.27615
2025-12-11 05:30,0.275313
2025-12-11 05:45,0.193636
2025-12-11 06:00,0.219086
2025-12-11 06:15,0.265936
2025-12-11 06:30,0.276195
2025-12-11 06:45,0.326317
2025-12-11 07:00,0.274649
2025-12-11 07:15,0.306531
2025-12-11 07:30,0.405988
2025-12-11 07:45,0.544353
2025-12-11 08:00,0.196689
2025-12-11 08:15,0.269705
2025-12-11 08:30,0.20893
2025-12-11 08:45,0.107807
2025-12-11 09:00,0.135727
2025-12-11 09:15,0.17142
2025-12-11 09:30,0.1769
2025-12-11 09:45,0.150044
2025-12-11 10:00,0.14564
2025-12-11 10:15,0.235173
2025-12-11 10:30,0.198749
2025-12-11 10:45,0.108319
2025-12-11 11:00,0.229511
2025-12-11 11:15,0.23177
2025-12-11 11:30,0.247941
2025-12-11 11:45,0.115694
2025-12-11 12:00,0.194053
2025-12-11 12:15,0.177833
2025-12-11 12:30,0.235376
2025-12-11 12:45,0.105858
2025-12-11 13:00,0.142774
2025-12-11 13:15,0.161888
2025-12-11 13:30,0.175525
2025-12-11 13:45,0.093068
2025-12-11 14:00,0.163016
2025-12-11 14:15,0.192789
2025-12-11 14:30,0.173818
2025-12-11 14:45,0.076449
2025-12-11 15:00,0.099889
2025-12-11 15:15,0.168648
2025-12-11 15:30,0.150864
2025-12-11 15:45,0.102271
2025-12-11 16:00,0.11338
2025-12-11 16:15,0.152982
2025-12-11 16:30,0.186113
2025-12-11 16:45,0.084702
2025-12-11 17:00,0.139148
2025-12-11 17:15,0.157631
2025-12-11 17:30,0.198295
2025-12-11 17:45,0.109248
2025-12-11 18:00,0.167082
2025-12-11 18:15,0.177971
2025-12-11 18:30,0.138176
2025-12-11 18:45,0.14053
2025-12-11 19:00,0.011991
2025-12-11 19:15,0.128553
2025-12-11 19:30,0.151314
2025-12-11 19:45,0.138391
2025-12-11 20:00,0.01724
2025-12-11 20:15,0.136566
2025-12-11 20:30,0.188232
2025-12-11 20:45,0.146923
2025-12-11 21:00,0.042183
2025-12-11 21:15,0.080419
2025-12-11 21:30,0.126592
2025-12-11 21:45,0.13812
2025-12-11 22:00,0.083075
2025-12-11 22:15,0.072078
2025-12-11 22:30,0.143233
2025-12-11 22:45,0.182602
2025-12-11 23:00,0.1278
2025-12-11 23:15,0.088304
2025-12-11 23:30,0.266936
2025-12-11 23:45,0.286086
2025-12-12 00:00,0.158002
2025-12-12 00:15,0.127571
2025-12-12 00:30,0.169633
2025-12-12 00:45,0.237067
2025-12-12 01:00,0.133888
2025-12-12 01:15,0.182253
2025-12-12 01:30,0.219922
2025-12-12 01:45,0.240441
2025-12-12 02:00,0.134326
2025-12-12 02:15,0.234833
2025-12-12 02:30,0.352241
2025-12-12 02:45,0.273456
2025-12-12 03:00,0.099615
2025-12-12 03:15,0.147584
2025-12-12 03:30,0.19335
2025-12-12 03:45,0.179292
2025-12-12 04:00,0.123892
2025-12-12 04:15,0.181552
2025-12-12 04:30,0.299638
2025-12-12 04:45,0.219678
2025-12-12 05:00,0.172675
2025-12-12 05:15,0.179047
2025-12-12 05:30,0.26466
2025-12-12 05:45,0.201406
2025-12-12 06:00,0.147232
2025-12-12 06:15,0.198676
2025-12-12 06:30,0.23963
2025-12-12 06:45,0.241168
2025-12-12 07:00,0.278518
2025-12-12 07:15,0.19279
2025-12-12 07:30,0.230969
2025-12-12 07:45,0.220378
2025-12-12 08:00,0.129396
2025-12-12 08:15,0.165681
2025-12-12 08:30,0.526926
2025-12-12 08:45,0.214799
2025-12-12 09:00,0.108678
2025-12-12 09:15,0.122686
2025-12-12 09:30,0.187198
2025-12-12 09:45,0.169794
2025-12-12 10:00,0.134472
2025-12-12 10:15,0.190322
2025-12-12 10:30,0.235915
2025-12-12 10:45,0.19246
2025-12-12 11:00,0.068075
2025-12-12 11:15,0.10043
2025-12-12 11:30,0.198499
2025-12-12 11:45,0.271769
2025-12-12 12:00,0.120925
2025-12-12 12:15,0.126158
2025-12-12 12:30,0.225366
2025-12-12 12:45,0.161079
2025-12-12 13:00,0.112736
2025-12-12 13:15,0.060227
2025-12-12 13:30,0.178485
2025-12-12 13:45,0.169312
2025-12-12 14:00,0.153502
2025-12-12 14:15,0.088194
2025-12-12 14:30,0.142578
2025-12-12 14:45,0.169408
2025-12-12 15:00,0.044482
2025-12-12 15:15,0.126257
2025-12-12 15:30,0.138064
2025-12-12 15:45,0.160954
2025-12-12 16:00,0.146959
2025-12-12 16:15,0.121701
2025-12-12 16:30,0.128595
2025-12-12 16:45,0.173645
2025-12-12 17:00,0.107945
2025-12-12 17:15,0.065015
2025-12-12 17:30,0.163042
2025-12-12 17:45,0.127435
2025-12-12 18:00,0.132737
2025-12-12 18:15,0.008813
2025-12-12 18:30,0.133855
2025-12-12 18:45,0.118565
2025-12-12 19:00,0.149473
2025-12-12 19:15,0.036924
2025-12-12 19:30,0.369561
2025-12-12 19:45,0.146839
2025-12-12 20:00,0.16395
2025-12-12 20:15,0.025594
2025-12-12 20:30,0.123672
2025-12-12 20:45,0.130335
2025-12-12 21:00,0.15409
2025-12-12 21:15,0.077463
2025-12-12 21:30,0.08989
2025-12-12 21:45,0.130636
2025-12-12 22:00,0.140763
2025-12-12 22:15,0.065003
2025-12-12 22:30,0.148424
2025-12-12 22:45,0.189794
2025-12-12 23:00,0.166494
2025-12-12 23:15,0.06215
2025-12-12 23:30,0.115079
2025-12-12 23:45,0.16417
2025-12-13 00:00,0.168772
2025-12-13 00:15,0.18517
2025-12-13 00:30,0.114808
2025-12-13 00:45,0.157399
2025-12-13 01:00,0.140792
2025-12-13 01:15,0.08449
2025-12-13 01:30,0.101476
2025-12-13 01:45,0.172753
2025-12-13 02:00,0.192896
2025-12-13 02:15,0.147335
2025-12-13 02:30,0.054141
2025-12-13 02:45,0.172855
2025-12-13 03:00,0.205745
2025-12-13 03:15,0.174333
2025-12-13 03:30,0.038294
2025-12-13 03:45,0.192846
2025-12-13 04:00,0.191216
2025-12-13 04:15,0.288313
2025-12-13 04:30,0.036384
2025-12-13 04:45,0.194542
2025-12-13 05:00,0.208262
2025-12-13 05:15,0.259335
2025-12-13 05:30,0.061087
2025-12-13 05:45,0.17955
2025-12-13 06:00,0.17583
2025-12-13 06:15,0.216347
2025-12-13 06:30,0.079831
2025-12-13 06:45,0.20044
2025-12-13 07:00,0.211269
2025-12-13 07:15,0.266277
2025-12-13 07:30,0.040911
2025-12-13 07:45,0.222334
2025-12-13 08:00,0.180068
2025-12-13 08:15,0.185622
2025-12-13 08:30,0.118771
2025-12-13 08:45,0.1856
2025-12-13 09:00,0.158367
2025-12-13 09:15,0.182927
2025-12-13 09:30,0.025151
2025-12-13 09:45,0.176556
2025-12-13 10:00,0.153612
2025-12-13 10:15,0.182325
2025-12-13 10:30,0.055417
2025-12-13 10:45,0.179701
2025-12-13 11:00,0.181668
2025-12-13 11:15,0.169025
2025-12-13 11:30,0.064619
2025-12-13 11:45,0.232439
2025-12-13 12:00,0.188272
2025-12-13 12:15,0.211464
2025-12-13 12:30,0.027139
2025-12-13 12:45,0.163836
2025-12-13 13:00,0.143045
2025-12-13 13:15,0.183094
2025-12-13 13:30,0.038013
2025-12-13 13:45,0.183183
2025-12-13 14:00,0.133022
2025-12-13 14:15,0.147155
2025-12-13 14:30,0.141552
2025-12-13 14:45,0.203288
2025-12-13 15:00,0.192891
2025-12-13 15:15,0.135679
2025-12-13 15:30,0.089369
2025-12-13 15:45,0.098847
2025-12-13 16:00,0.13924
2025-12-13 16:15,0.158356
2025-12-13 16:30,0.067854
2025-12-13 16:45,0.111106
2025-12-13 17:00,0.154117
2025-12-13 17:15,0.14122
2025-12-13 17:30,0.069357
2025-12-13 17:45,0.11186
2025-12-13 18:00,0.20983
2025-12-13 18:15,0.133011
2025-12-13 18:30,0.145471
2025-12-13 18:45,0.021342
2025-12-13 19:00,0.13986
2025-12-13 19:15,0.142586
2025-12-13 19:30,0.13739
2025-12-13 19:45,0.026848
2025-12-13 20:00,0.127159
2025-12-13 20:15,0.126951
2025-12-13 20:30,0.167139
2025-12-13 20:45,0.007807
2025-12-13 21:00,0.167964
2025-12-13 21:15,0.141827
2025-12-13 21:30,0.133514
2025-12-13 21:45,0.063363
2025-12-13 22:00,0.109816
2025-12-13 22:15,0.174778
2025-12-13 22:30,0.161876
2025-12-13 22:45,0.061216
2025-12-13 23:00,0.113788
2025-12-13 23:15,0.138414
2025-12-13 23:30,0.150266
2025-12-13 23:45,0.14022
2025-12-14 00:00,0.217414
2025-12-14 00:15,0.166943
2025-12-14 00:30,0.150865
2025-12-14 00:45,0.103739
2025-12-14 01:00,0.07446
2025-12-14 01:15,0.150558
2025-12-14 01:30,0.203726
2025-12-14 01:45,0.146835
2025-12-14 02:00,0.092614
2025-12-14 02:15,0.131514
2025-12-14 02:30,0.159021
2025-12-14 02:45,0.1805
2025-12-14 03:00,0.070667
2025-12-14 03:15,0.172963
2025-12-14 03:30,0.290519
2025-12-14 03:45,0.280113
2025-12-14 04:00,0.037066
2025-12-14 04:15,0.171835
2025-12-14 04:30,0.228591
2025-12-14 04:45,0.18693
2025-12-14 05:00,0.087888
2025-12-14 05:15,0.17032
2025-12-14 05:30,0.171972
2025-12-14 05:45,0.159939
2025-12-14 06:00,0.041157
2025-12-14 06:15,0.176504
2025-12-14 06:30,0.191304
2025-12-14 06:45,0.217161
2025-12-14 07:00,0.040044
2025-12-14 07:15,0.199472
2025-12-14 07:30,0.168239
2025-12-14 07:45,0.189366
2025-12-14 08:00,0.057126
2025-12-14 08:15,0.202545
2025-12-14 08:30,0.251639
2025-12-14 08:45,0.181847
2025-12-14 09:00,0.04448
2025-12-14 09:15,0.167522
2025-12-14 09:30,0.157518
2025-12-14 09:45,0.183693
2025-12-14 10:00,0.039689
2025-12-14 10:15,0.180442
2025-12-14 10:30,0.178501
2025-12-14 10:45,0.213007
2025-12-14 11:00,0.053092
2025-12-14 11:15,0.200691
2025-12-14 11:30,0.195621
2025-12-14 11:45,0.199428
2025-12-14 12:00,0.102118
2025-12-14 12:15,0.183404
2025-12-14 12:30,0.1935
2025-12-14 12:45,0.286051
2025-12-14 13:00,0.075473
2025-12-14 13:15,0.122256
2025-12-14 13:30,0.176245
2025-12-14 13:45,0.150804
2025-12-14 14:00,0.064754
2025-12-14 14:15,0.177674
2025-12-14 14:30,0.157648
2025-12-14 14:45,0.134865
2025-12-14 15:00,0.082266
2025-12-14 15:15,0.10902
2025-12-14 15:30,0.159101
2025-12-14 15:45,0.134197
2025-12-14 16:00,0.074614
2025-12-14 16:15,0.077443
2025-12-14 16:30,0.159016
2025-12-14 16:45,0.149189
2025-12-14 17:00,0.099808
2025-12-14 17:15,0.101451
2025-12-14 17:30,0.13424
2025-12-14 17:45,0.141558
2025-12-14 18:00,0.076003
2025-12-14 18:15,0.107041
2025-12-14 18:30,0.15319
2025-12-14 18:45,0.17018
2025-12-14 19:00,0.130073
2025-12-14 19:15,0.0111
2025-12-14 19:30,0.129475
2025-12-14 19:45,0.128235
2025-12-14 20:00,0.130019
2025-12-14 20:15,0.010791
2025-12-14 20:30,0.116262
2025-12-14 20:45,0.163366
2025-12-14 21:00,0.161243
2025-12-14 21:15,0.024113
2025-12-14 21:30,0.128338
2025-12-14 21:45,0.155799
2025-12-14 22:00,0.183035
2025-12-14 22:15,0.078741
2025-12-14 22:30,0.10495
2025-12-14 22:45,0.234076
2025-12-14 23:00,0.159537
2025-12-14 23:15,0.110728
2025-12-14 23:30,0.127959
2025-12-14 23:45,0.18541
2025-12-15 00:00,0.23213
2025-12-15 00:15,0.115582
2025-12-15 00:30,0.200275
2025-12-15 00:45,0.247894
2025-12-15 01:00,0.15317
2025-12-15 01:15,0.210848
2025-12-15 01:30,0.220122
2025-12-15 01:45,0.805755
2025-12-15 02:00,0.118988
2025-12-15 02:15,0.254606
2025-12-15 02:30,0.201125
2025-12-15 02:45,0.159116
2025-12-15 03:00,0.065735
2025-12-15 03:15,0.183388
2025-12-15 03:30,0.198329
2025-12-15 03:45,0.268241
2025-12-15 04:00,0.074528
2025-12-15 04:15,0.227491
2025-12-15 04:30,0.254972
2025-12-15 04:45,0.272873
2025-12-15 05:00,0.194788
2025-12-15 05:15,0.266704
2025-12-15 05:30,0.262685
2025-12-15 05:45,0.344814
2025-12-15 06:00,0.212855
2025-12-15 06:15,0.310573
2025-12-15 06:30,0.274509
2025-12-15 06:45,0.311087
2025-12-15 07:00,0.138557
2025-12-15 07:15,0.24586
2025-12-15 07:30,0.288641
2025-12-15 07:45,0.1995
2025-12-15 08:00,0.167252
2025-12-15 08:15,0.207082
2025-12-15 08:30,0.258611
2025-12-15 08:45,0.267375
2025-12-15 09:00,0.117036
2025-12-15 09:15,0.194874
2025-12-15 09:30,0.216473
2025-12-15 09:45,0.183957
2025-12-15 10:00,0.052329
2025-12-15 10:15,0.127518
2025-12-15 10:30,0.157201
2025-12-15 10:45,0.163899
2025-12-15 11:00,0.081014
2025-12-15 11:15,0.137032
2025-12-15 11:30,0.152876
2025-12-15 11:45,0.206057
2025-12-15 12:00,0.283816
2025-12-15 12:15,0.179393
2025-12-15 12:30,0.14709
2025-12-15 12:45,0.217387
2025-12-15 13:00,0.088629
2025-12-15 13:15,0.200856
2025-12-15 13:30,0.173393
2025-12-15 13:45,0.173816
2025-12-15 14:00,0.367275
2025-12-15 14:15,0.151716
2025-12-15 14:30,0.166807
2025-12-15 14:45,0.195973
2025-12-15 15:00,0.081826
2025-12-15 15:15,0.135287
2025-12-15 15:30,0.204173
2025-12-15 15:45,0.230784
2025-12-15 16:00,0.051962
2025-12-15 16:15,0.111602
2025-12-15 16:30,0.12786
2025-12-15 16:45,0.16014
2025-12-15 17:00,0.076161
2025-12-15 17:15,0.085406
2025-12-15 17:30,0.129899
2025-12-15 17:45,0.152018
2025-12-15 18:00,0.17904
2025-12-15 18:15,0.009745
2025-12-15 18:30,0.171422
2025-12-15 18:45,0.181927
2025-12-15 19:00,0.144092
2025-12-15 19:15,0.021871
2025-12-15 19:30,0.148758
2025-12-15 19:45,0.132381
2025-12-15 20:00,0.142632
2025-12-15 20:15,0.006586
2025-12-15 20:30,0.147046
2025-12-15 20:45,0.150414
2025-12-15 21:00,0.142666
2025-12-15 21:15,0.060498
2025-12-15 21:30,0.08895
2025-12-15 21:45,0.200106
2025-12-15 22:00,0.147832
2025-12-15 22:15,0.068204
2025-12-15 22:30,0.152948
2025-12-15 22:45,0.138219
2025-12-15 23:00,0.144572
2025-12-15 23:15,0.062663
2025-12-15 23:30,0.135079
2025-12-15 23:45,0.194594
2025-12-16 00:00,0.263171
2025-12-16 00:15,0.134187
2025-12-16 00:30,0.161395
2025-12-16 00:45,0.381465
2025-12-16 01:00,0.198262
2025-12-16 01:15,0.14145
2025-12-16 01:30,0.216876
2025-12-16 01:45,0.387561
2025-12-16 02:00,0.32706
2025-12-16 02:15,0.238195
2025-12-16 02:30,0.367615
2025-12-16 02:45,0.389239
2025-12-16 03:00,0.41294
2025-12-16 03:15,0.331302
2025-12-16 03:30,0.350398
2025-12-16 03:45,0.433725
2025-12-16 04:00,0.474886
2025-12-16 04:15,0.148881
2025-12-16 04:30,0.184286
2025-12-16 04:45,0.37672
2025-12-16 05:00,0.268808
2025-12-16 05:15,0.193887
2025-12-16 05:30,0.263313
2025-12-16 05:45,0.245687
2025-12-16 06:00,0.205958
2025-12-16 06:15,0.15775
2025-12-16 06:30,0.191869
2025-12-16 06:45,0.259325
2025-12-16 07:00,0.257675
2025-12-16 07:15,0.148389
2025-12-16 07:30,0.205493
2025-12-16 07:45,0.345862
2025-12-16 08:00,0.342205
2025-12-16 08:15,0.261851
2025-12-16 08:30,0.166701
2025-12-16 08:45,0.374215
2025-12-16 09:00,0.207693
2025-12-16 09:15,0.249871
2025-12-16 09:30,0.036108
2025-12-16 09:45,0.190272
2025-12-16 10:00,0.201598
2025-12-16 10:15,0.17888
2025-12-16 10:30,0.038267
2025-12-16 10:45,0.231443
2025-12-16 11:00,0.176203
2025-12-16 11:15,0.202485
2025-12-16 11:30,0.064626
2025-12-16 11:45,0.610704
2025-12-16 12:00,0.178623
2025-12-16 12:15,0.186302
2025-12-16 12:30,0.079948
2025-12-16 12:45,0.111098
2025-12-16 13:00,0.161004
2025-12-16 13:15,0.181831
2025-12-16 13:30,0.086128
2025-12-16 13:45,0.111386
2025-12-16 14:00,0.167111
2025-12-16 14:15,0.173146
2025-12-16 14:30,0.064563
2025-12-16 14:45,0.111448
2025-12-16 15:00,0.14958
2025-12-16 15:15,0.15861
2025-12-16 15:30,0.064853
2025-12-16 15:45,0.09565
2025-12-16 16:00,0.165542
2025-12-16 16:15,0.135565
2025-12-16 16:30,0.075862
2025-12-16 16:45,0.092447
2025-12-16 17:00,0.13715
2025-12-16 17:15,0.139159
2025-12-16 17:30,0.064599
2025-12-16 17:45,0.104797
2025-12-16 18:00,0.138523
2025-12-16 18:15,0.133098
2025-12-16 18:30,0.086915
2025-12-16 18:45,0.019046
2025-12-16 19:00,0.081371
2025-12-16 19:15,0.144808
2025-12-16 19:30,0.133918
2025-12-16 19:45,0.010989
2025-12-16 20:00,0.114808
2025-12-16 20:15,0.152696
2025-12-16 20:30,0.128036
2025-12-16 20:45,0.006772
2025-12-16 21:00,0.124348
2025-12-16 21:15,0.138706
2025-12-16 21:30,0.150445
2025-12-16 21:45,0.013629
2025-12-16 22:00,0.168388
2025-12-16 22:15,0.224072
2025-12-16 22:30,0.180161
2025-12-16 22:45,0.023942
2025-12-16 23:00,0.243575
2025-12-16 23:15,0.183288
2025-12-16 23:30,0.145383
2025-12-16 23:45,0.050629
2025-12-17 00:00,0.574694
2025-12-17 00:00,0.314798
2025-12-17 00:15,0.120992
2025-12-17 00:30,0.117292
2025-12-17 00:45,0.054095
2025-12-17 01:00,0.111091
2025-12-17 01:15,0.119254
2025-12-17 01:30,0.129098
2025-12-17 01:45,0.046825
2025-12-17 02:00,0.150336
2025-12-17 02:15,0.121999
2025-12-17 02:30,0.096052
2025-12-17 02:45,0.055609
2025-12-17 03:00,0.141237
2025-12-17 03:15,0.088989
2025-12-17 03:30,0.104259
2025-12-17 03:45,0.036067
2025-12-17 04:00,0.122986
2025-12-17 04:15,0.168157
2025-12-17 04:30,0.102756
2025-12-17 04:45,0.082772
2025-12-17 05:00,0.127113
2025-12-17 05:15,0.157035
2025-12-17 05:30,0.127832
2025-12-17 05:45,0.051176
2025-12-17 06:00,0.130836
2025-12-17 06:15,0.13304
2025-12-17 06:30,0.132873
2025-12-17 06:45,0.104853
2025-12-17 07:00,0.152553
2025-12-17 07:15,0.126766
2025-12-17 07:30,0.123999
2025-12-17 07:45,0.057422
2025-12-17 08:00,0.163678
2025-12-17 08:15,0.134807
2025-12-17 08:30,0.114328
2025-12-17 08:45,0.060252
2025-12-17 09:00,0.115241
2025-12-17 09:15,0.151986
2025-12-17 09:30,0.145127
2025-12-17 09:45,0.040041
2025-12-17 10:00,0.095587
2025-12-17 10:15,0.110766
2025-12-17 10:30,0.116158
2025-12-17 10:45,0.831278
2025-12-17 11:00,1.0
2025-12-17 11:15,0.868541
2025-12-17 11:30,0.549899
2025-12-17 11:45,0.340501
2025-12-17 12:00,0.258111
2025-12-17 12:15,0.152066
2025-12-17 12:30,0.13932
2025-12-17 12:45,0.043995
2025-12-17 13:00,0.112233
2025-12-17 13:15,0.114428
2025-12-17 13:30,0.102681
2025-12-17 13:45,0.062229
2025-12-17 14:00,0.097936
2025-12-17 14:15,0.07645
2025-12-17 14:30,0.0764
2025-12-17 14:45,0.027094
2025-12-17 15:00,0.079594
2025-12-17 15:15,0.087435
2025-12-17 15:30,0.079446
2025-12-17 15:45,0.036111
2025-12-17 16:00,0.051062
2025-12-17 16:15,0.070235
2025-12-17 16:30,0.072699
2025-12-17 16:45,0.034438
2025-12-17 17:00,0.052702
2025-12-17 17:15,0.065067
2025-12-17 17:30,0.105696
2025-12-17 17:45,0.045511
2025-12-17 18:00,0.056746
2025-12-17 18:15,0.094331
2025-12-17 18:30,0.091029
2025-12-17 18:45,0.03084
2025-12-17 19:00,0.05707
2025-12-17 19:15,0.109374
2025-12-17 19:30,0.077133
2025-12-17 19:45,0.026704
2025-12-17 20:00,0.043879
2025-12-17 20:15,0.081207
2025-12-17 20:30,0.07963
2025-12-17 20:45,0.072108
2025-12-17 21:00,0.005765
2025-12-17 21:15,0.08098
2025-12-17 21:30,0.088047
2025-12-17 21:45,0.085543
2025-12-17 22:00,0.009493
2025-12-17 22:15,0.073109
2025-12-17 22:30,0.09451
2025-12-17 22:45,0.193804
2025-12-17 23:00,0.122609
2025-12-17 23:15,0.194552
2025-12-17 23:30,0.204369
2025-12-17 23:45,0.231349
2025-12-18 00:00,0.157484
2025-12-18 00:15,0.223503
2025-12-18 00:30,0.231291
2025-12-18 00:45,0.324916
2025-12-18 01:00,0.095006
2025-12-18 01:15,0.129792
2025-12-18 01:30,0.143411
2025-12-18 01:45,0.127125
2025-12-18 02:00,0.080211
2025-12-18 02:15,0.095455
2025-12-18 02:30,0.112202
2025-12-18 02:45,0.111478
2025-12-18 03:00,0.053761
2025-12-18 03:15,0.097024
2025-12-18 03:30,0.117763
2025-12-18 03:45,0.124503
2025-12-18 04:00,0.080872
2025-12-18 04:15,0.100243
2025-12-18 04:30,0.136681
2025-12-18 04:45,0.148504
2025-12-18 05:00,0.094853
2025-12-18 05:15,0.098031
2025-12-18 05:30,0.121081
2025-12-18 05:45,0.147546
2025-12-18 06:00,0.13342
2025-12-18 06:15,0.100037
2025-12-18 06:30,0.0963
2025-12-18 06:45,0.12851
2025-12-18 07:00,0.07913
2025-12-18 07:15,0.072296
2025-12-18 07:30,0.152408
2025-12-18 07:45,0.107578
2025-12-18 08:00,0.099141
2025-12-18 08:15,0.143058
2025-12-18 08:30,0.180372
2025-12-18 08:45,0.130107
2025-12-18 09:00,0.066184
2025-12-18 09:15,0.051785
2025-12-18 09:30,0.078693
2025-12-18 09:45,0.13717
2025-12-18 10:00,0.117331
2025-12-18 10:15,0.055216
2025-12-18 10:30,0.058876
2025-12-18 10:45,0.081242
2025-12-18 11:00,0.073125
2025-12-18 11:15,0.042179
2025-12-18 11:30,0.113942
2025-12-18 11:45,0.08304
2025-12-18 12:00,0.054396
2025-12-18 12:15,0.033966
2025-12-18 12:30,0.071493
2025-12-18 12:45,0.083457
2025-12-18 13:00,0.063235
2025-12-18 13:15,0.046758
2025-12-18 13:30,0.080286
2025-12-18 13:45,0.091389
2025-12-18 14:00,0.079666
2025-12-18 14:15,0.0302
2025-12-18 14:30,0.101393
2025-12-18 14:45,0.110165
2025-12-18 15:00,0.070464
2025-12-18 15:15,0.025131
2025-12-18 15:30,0.071118
2025-12-18 15:45,0.060073
2025-12-18 16:00,0.060727
2025-12-18 16:15,0.012196
2025-12-18 16:30,0.077302
2025-12-18 16:45,0.074157
2025-12-18 17:00,0.080972
2025-12-18 17:15,0.002189
2025-12-18 17:30,0.060108
2025-12-18 17:45,0.073304
2025-12-18 18:00,0.07404
2025-12-18 18:15,0.00242
2025-12-18 18:30,0.054286
2025-12-18 18:45,0.085022
2025-12-18 19:00,0.066719
2025-12-18 19:15,0.01431
2025-12-18 19:30,0.055034
2025-12-18 19:45,0.07311
2025-12-18 20:00,0.066224
2025-12-18 20:15,0.024998
2025-12-18 20:30,0.039954
2025-12-18 20:45,0.075954
2025-12-18 21:00,0.0881
2025-12-18 21:15,0.055393
2025-12-18 21:30,0.058511
2025-12-18 21:45,0.092707
2025-12-18 22:00,0.071603
2025-12-18 22:15,0.075948
2025-12-18 22:30,0.007449
2025-12-18 22:45,0.065856
2025-12-18 23:00,0.083565
2025-12-18 23:15,0.08549
2025-12-18 23:30,0.007745
2025-12-18 23:45,0.086241
2025-12-19 00:00,0.096445
2025-12-19 00:15,0.103336
2025-12-19 00:30,0.032535
2025-12-19 00:45,0.091438
2025-12-19 01:00,0.10414
2025-12-19 01:15,0.119199
2025-12-19 01:30,0.046965
2025-12-19 01:45,0.175596
2025-12-19 02:00,0.112046
2025-12-19 02:15,0.146041
2025-12-19 02:30,0.067874
2025-12-19 02:45,0.144397
2025-12-19 03:00,0.143751
2025-12-19 03:15,0.13332
2025-12-19 03:30,0.062106
2025-12-19 03:45,0.153545
2025-12-19 04:00,0.101425
2025-12-19 04:15,0.102075
2025-12-19 04:30,0.136488
2025-12-19 04:45,0.16514
2025-12-19 05:00,0.235478
2025-12-19 05:15,0.151827
2025-12-19 05:30,0.069808
2025-12-19 05:45,0.101431
2025-12-19 06:00,0.1218
2025-12-19 06:15,0.181541
2025-12-19 06:30,0.117119
2025-12-19 06:45,0.083008
2025-12-19 07:00,0.149339
2025-12-19 07:15,0.144475
2025-12-19 07:30,0.090954
2025-12-19 07:45,0.082714
2025-12-19 08:00,0.126017
2025-12-19 08:15,0.132347
2025-12-19 08:30,0.109334
2025-12-19 08:45,0.107661
2025-12-19 09:00,0.127175
2025-12-19 09:15,0.102409
2025-12-19 09:30,0.048199
2025-12-19 09:45,0.083344
2025-12-19 10:00,0.122796
2025-12-19 10:15,0.126113
2025-12-19 10:30,0.05126
2025-12-19 10:45,0.07422
2025-12-19 11:00,0.166614
2025-12-19 11:15,0.160798
2025-12-19 11:30,0.084899
2025-12-19 11:45,0.0295
2025-12-19 12:00,0.083637
2025-12-19 12:15,0.092712
2025-12-19 12:30,0.090706
2025-12-19 12:45,0.02376
2025-12-19 13:00,0.122303
2025-12-19 13:15,0.102649
2025-12-19 13:30,0.085972
2025-12-19 13:45,0.011717
2025-12-19 14:00,0.095161
2025-12-19 14:15,0.117844
2025-12-19 14:30,0.088254
2025-12-19 14:45,0.015416
2025-12-19 15:00,0.123324
2025-12-19 15:15,0.151726
2025-12-19 15:30,0.121684
2025-12-19 15:45,0.008798
2025-12-19 16:00,0.060415
2025-12-19 16:15,0.091924
2025-12-19 16:30,0.088729
2025-12-19 16:45,0.047619
2025-12-19 17:00,0.059036
2025-12-19 17:15,0.093061
2025-12-19 17:30,0.0797
2025-12-19 17:45,0.035499
2025-12-19 18:00,0.053418
2025-12-19 18:15,0.060378
2025-12-19 18:30,0.065827
2025-12-19 18:45,0.023861
2025-12-19 19:00,0.045156
2025-12-19 19:15,0.084214
2025-12-19 19:30,0.064252
2025-12-19 19:45,0.079594
2025-12-19 20:00,0.001284
2025-12-19 20:15,0.072899
2025-12-19 20:30,0.076586
2025-12-19 20:45,0.074294
2025-12-19 21:00,0.010556
2025-12-19 21:15,0.085685
2025-12-19 21:30,0.073906
2025-12-19 21:45,0.07828
2025-12-19 22:00,0.026046
2025-12-19 22:15,0.072293
2025-12-19 22:30,0.084545
2025-12-19 22:45,0.085955
2025-12-19 23:00,0.033005
2025-12-19 23:15,0.051343
2025-12-19 23:30,0.087527
2025-12-19 23:45,0.0826
2025-12-20 00:00,0.053937
2025-12-20 00:15,0.051235
2025-12-20 00:30,0.082513
2025-12-20 00:45,0.073116
2025-12-20 01:00,0.031544
2025-12-20 01:15,0.061702
2025-12-20 01:30,0.066224
2025-12-20 01:45,0.076742
2025-12-20 02:00,0.032182
2025-12-20 02:15,0.048165
2025-12-20 02:30,0.070516
2025-12-20 02:45,0.084431
2025-12-20 03:00,0.064043
2025-12-20 03:15,0.019161
2025-12-20 03:30,0.089117
2025-12-20 03:45,0.095693
2025-12-20 04:00,0.084181
2025-12-20 04:15,0.017419
2025-12-20 04:30,0.090584
2025-12-20 04:45,0.076415
2025-12-20 05:00,0.124376
2025-12-20 05:15,0.044833
2025-12-20 05:30,0.127867
2025-12-20 05:45,0.105607
2025-12-20 06:00,0.138184
2025-12-20 06:15,0.010402
2025-12-20 06:30,0.095921
2025-12-20 06:45,0.070751
2025-12-20 07:00,0.085965
2025-12-20 07:15,0.122188
2025-12-20 07:30,0.132503
2025-12-20 07:45,0.092172
2025-12-20 08:00,0.114058
2025-12-20 08:15,0.135552
2025-12-20 08:30,0.012932
2025-12-20 08:45,0.119205
2025-12-20 09:00,0.087687
2025-12-20 09:15,0.097937
2025-12-20 09:30,0.003079
2025-12-20 09:45,0.083559
2025-12-20 10:00,0.083562
2025-12-20 10:15,0.099823
2025-12-20 10:30,0.00904
2025-12-20 10:45,0.086838
2025-12-20 11:00,0.089701
2025-12-20 11:15,0.08007
2025-12-20 11:30,0.020669
2025-12-20 11:45,0.074548
2025-12-20 12:00,0.086616
2025-12-20 12:15,0.088567
2025-12-20 12:30,0.003162
2025-12-20 12:45,0.082922
2025-12-20 13:00,0.092725
2025-12-20 13:15,0.101684
2025-12-20 13:30,0.002816
2025-12-20 13:45,0.087416
2025-12-20 14:00,0.088756
2025-12-20 14:15,0.078759
2025-12-20 14:30,0.015387
2025-12-20 14:45,0.062736
2025-12-20 15:00,0.080225
2025-12-20 15:15,0.06997
2025-12-20 15:30,0.023941
2025-12-20 15:45,0.070008
2025-12-20 16:00,0.070293
2025-12-20 16:15,0.070475
2025-12-20 16:30,0.031656
2025-12-20 16:45,0.047026
2025-12-20 17:00,0.059219
2025-12-20 17:15,0.070988
2025-12-20 17:30,0.036138
2025-12-20 17:45,0.047884
2025-12-20 18:00,0.090702
2025-12-20 18:15,0.080533
2025-12-20 18:30,0.051957
2025-12-20 18:45,0.019264
2025-12-20 19:00,0.071705
2025-12-20 19:15,0.064281
2025-12-20 19:30,0.068733
2025-12-20 19:45,0.034887
2025-12-20 20:00,0.094288
2025-12-20 20:15,0.079316
2025-12-20 20:30,0.066874
2025-12-20 20:45,0.000846
2025-12-20 21:00,0.069953
2025-12-20 21:15,0.070763
2025-12-20 21:30,0.079289
2025-12-20 21:45,0.017798
2025-12-20 22:00,0.051509
2025-12-20 22:15,0.072803
2025-12-20 22:30,0.098888
2025-12-20 22:45,0.032502
2025-12-20 23:00,0.065517
2025-12-20 23:15,0.052084
2025-12-20 23:30,0.114383
2025-12-20 23:45,0.079704
2025-12-21 00:00,0.029417
2025-12-21 00:15,0.044431
2025-12-21 00:30,0.073345
2025-12-21 00:45,0.090329
2025-12-21 01:00,0.06463
2025-12-21 01:15,0.045927
2025-12-21 01:30,0.078084
2025-12-21 01:45,0.073585
2025-12-21 02:00,0.040859
2025-12-21 02:15,0.038572
2025-12-21 02:30,0.08722
2025-12-21 02:45,0.092685
2025-12-21 03:00,0.08138
2025-12-21 03:15,0.02039
2025-12-21 03:30,0.072434
2025-12-21 03:45,0.081479
2025-12-21 04:00,0.127976
2025-12-21 04:15,0.013913
2025-12-21 04:30,0.097406
2025-12-21 04:45,0.099316
2025-12-21 05:00,0.086034
2025-12-21 05:15,0.01101
2025-12-21 05:30,0.078835
2025-12-21 05:45,0.084425
2025-12-21 06:00,0.102326
2025-12-21 06:15,0.064513
2025-12-21 06:30,0.127148
2025-12-21 06:45,0.083455
2025-12-21 07:00,0.109859
2025-12-21 07:15,0.021638
2025-12-21 07:30,0.100158
2025-12-21 07:45,0.107013
2025-12-21 08:00,0.096295
2025-12-21 08:15,0.019286
2025-12-21 08:30,0.097749
2025-12-21 08:45,0.100066
2025-12-21 09:00,0.377115
2025-12-21 09:15,0.052123
2025-12-21 09:30,0.144191
2025-12-21 09:45,0.135996
2025-12-21 10:00,0.11084
2025-12-21 10:15,0.019737
2025-12-21 10:30,0.124072
2025-12-21 10:45,0.100715
2025-12-21 11:00,0.092689
2025-12-21 11:15,0.015456
2025-12-21 11:30,0.083491
2025-12-21 11:45,0.102342
2025-12-21 12:00,0.099353
2025-12-21 12:15,0.01443
2025-12-21 12:30,0.071436
2025-12-21 12:45,0.105484
2025-12-21 13:00,0.069825
2025-12-21 13:15,0.008648
2025-12-21 13:30,0.073308
2025-12-21 13:45,0.080884
2025-12-21 14:00,0.09243
2025-12-21 14:15,0.011103
2025-12-21 14:30,0.066292
2025-12-21 14:45,0.08017
2025-12-21 15:00,0.072569
2025-12-21 15:15,0.048636
2025-12-21 15:30,0.053616
2025-12-21 15:45,0.074618
2025-12-21 16:00,0.072532
2025-12-21 16:15,0.039362
2025-12-21 16:30,0.048209
2025-12-21 16:45,0.065683
2025-12-21 17:00,0.066018
2025-12-21 17:15,0.02473
2025-12-21 17:30,0.040915
2025-12-21 17:45,0.097864
2025-12-21 18:00,0.074004
2025-12-21 18:15,0.064846
2025-12-21 18:30,0.002577
2025-12-21 18:45,0.067502
2025-12-21 19:00,0.059922
2025-12-21 19:15,0.074395
2025-12-21 19:30,0.003001
2025-12-21 19:45,0.069867
2025-12-21 20:00,0.081689
2025-12-21 20:15,0.072452
2025-12-21 20:30,0.004235
2025-12-21 20:45,0.078407
2025-12-21 21:00,0.08636
2025-12-21 21:15,0.071913
2025-12-21 21:30,0.021246
2025-12-21 21:45,0.064044
2025-12-21 22:00,0.083742
2025-12-21 22:15,0.094356
2025-12-21 22:30,0.029117
2025-12-21 22:45,0.038084
2025-12-21 23:00,0.092505
2025-12-21 23:15,0.078892
2025-12-21 23:30,0.058841
2025-12-21 23:45,0.057806
2025-12-22 00:00,0.097757
2025-12-22 00:15,0.108249
2025-12-22 00:30,0.202369
2025-12-22 00:45,0.04311
2025-12-22 01:00,0.128581
2025-12-22 01:15,0.12278
2025-12-22 01:30,0.127634
2025-12-22 01:45,0.072315
2025-12-22 02:00,0.11826
2025-12-22 02:15,0.154698
2025-12-22 02:30,0.187733
2025-12-22 02:45,0.142288
2025-12-22 03:00,0.199845
2025-12-22 03:15,0.201495
2025-12-22 03:30,0.357904
2025-12-22 03:45,0.145773
2025-12-22 04:00,0.216648
2025-12-22 04:15,0.221377
2025-12-22 04:30,0.224439
2025-12-22 04:45,0.140306
2025-12-22 05:00,0.138157
2025-12-22 05:15,0.131331
2025-12-22 05:30,0.157851
2025-12-22 05:45,0.040319
2025-12-22 06:00,0.121624
2025-12-22 06:15,0.120231
2025-12-22 06:30,0.11894
2025-12-22 06:45,0.066703
2025-12-22 07:00,0.088145
2025-12-22 07:15,0.1074
2025-12-22 07:30,0.281421
2025-12-22 07:45,0.188246
2025-12-22 08:00,0.089443
2025-12-22 08:15,0.140778
2025-12-22 08:30,0.245307
2025-12-22 08:45,0.104772
2025-12-22 09:00,0.097336
2025-12-22 09:15,0.105737
2025-12-22 09:30,0.093649
2025-12-22 09:45,0.07259
2025-12-22 10:00,0.042888
2025-12-22 10:15,0.142781
2025-12-22 10:30,0.084897
2025-12-22 10:45,0.133029
2025-12-22 11:00,0.043343
2025-12-22 11:15,0.096429
2025-12-22 11:30,0.090638
2025-12-22 11:45,0.091103
2025-12-22 12:00,0.02057
2025-12-22 12:15,0.129655
2025-12-22 12:30,0.101811
2025-12-22 12:45,0.092353
2025-12-22 13:00,0.016805
2025-12-22 13:15,0.150058
2025-12-22 13:30,0.09209
2025-12-22 13:45,0.097077
2025-12-22 14:00,0.016676
2025-12-22 14:15,0.082594
2025-12-22 14:30,0.075961
2025-12-22 14:45,0.069993
2025-12-22 15:00,0.007668
2025-12-22 15:15,0.077018
2025-12-22 15:30,0.07536
2025-12-22 15:45,0.095723
2025-12-22 16:00,0.035638
2025-12-22 16:15,0.03851
2025-12-22 16:30,0.069068
2025-12-22 16:45,0.145885
2025-12-22 17:00,0.031085
2025-12-22 17:15,0.050082
2025-12-22 17:30,0.08065
2025-12-22 17:45,0.076291
2025-12-22 18:00,0.108253
2025-12-22 18:15,0.015191
2025-12-22 18:30,0.096583
2025-12-22 18:45,0.066137
2025-12-22 19:00,0.071939
2025-12-22 19:15,0.001664
2025-12-22 19:30,0.069926
2025-12-22 19:45,0.081114
2025-12-22 20:00,0.065804
2025-12-22 20:15,0.003236
2025-12-22 20:30,0.076957
2025-12-22 20:45,0.089406
2025-12-22 21:00,0.067061
2025-12-22 21:15,0.053434
2025-12-22 21:30,0.048902
2025-12-22 21:45,0.076873
2025-12-22 22:00,0.075305
2025-12-22 22:15,0.03075
2025-12-22 22:30,0.045403
2025-12-22 22:45,0.089794
2025-12-22 23:00,0.08322
2025-12-22 23:15,0.077579
2025-12-22 23:30,0.019192
2025-12-22 23:45,0.101789
2025-12-23 00:00,0.098191
2025-12-23 00:15,0.162472
2025-12-23 00:30,0.052478
2025-12-23 00:45,0.204839
2025-12-23 01:00,0.157732
2025-12-23 01:15,0.130972
2025-12-23 01:30,0.07114
2025-12-23 01:45,0.189982
2025-12-23 02:00,0.106904
2025-12-23 02:15,0.140832
2025-12-23 02:30,0.02717
2025-12-23 02:45,0.100216
2025-12-23 03:00,0.141461
2025-12-23 03:15,0.091178
2025-12-23 03:30,0.022088
2025-12-23 03:45,0.122011
2025-12-23 04:00,0.112511
2025-12-23 04:15,0.15248
2025-12-23 04:30,0.081007
2025-12-23 04:45,0.101364
2025-12-23 05:00,0.127235
2025-12-23 05:15,0.144343
2025-12-23 05:30,0.16821
2025-12-23 05:45,0.154828
2025-12-23 06:00,0.163718
2025-12-23 06:15,0.213675
2025-12-23 06:30,0.110414
2025-12-23 06:45,0.121629
2025-12-23 07:00,0.149021
2025-12-23 07:15,0.142306
2025-12-23 07:30,0.137738
2025-12-23 07:45,0.107544
2025-12-23 08:00,0.152133
2025-12-23 08:15,0.118592
2025-12-23 08:30,0.094253
2025-12-23 08:45,0.110044
2025-12-23 09:00,0.172111
2025-12-23 09:15,0.230537
2025-12-23 09:30,0.082501
2025-12-23 09:45,0.046335
2025-12-23 10:00,0.090736
2025-12-23 10:15,0.077205
2025-12-23 10:30,0.091156
2025-12-23 10:45,0.012268
2025-12-23 11:00,0.092789
2025-12-23 11:15,0.09916
2025-12-23 11:30,0.080452
2025-12-23 11:45,0.013909
2025-12-23 12:00,0.09282
2025-12-23 12:15,0.086653
2025-12-23 12:30,0.096611
2025-12-23 12:45,0.011788
2025-12-23 13:00,0.07299
2025-12-23 13:15,0.076261
2025-12-23 13:30,0.06955
2025-12-23 13:45,0.011614
2025-12-23 14:00,0.090304
2025-12-23 14:15,0.076364
2025-12-23 14:30,0.077608
2025-12-23 14:45,0.01046
2025-12-23 15:00,0.078497
2025-12-23 15:15,0.097644
2025-12-23 15:30,0.0757
2025-12-23 15:45,0.019339
2025-12-23 16:00,0.102013
2025-12-23 16:15,0.089114
2025-12-23 16:30,0.075166
2025-12-23 16:45,0.00541
2025-12-23 17:00,0.059527
2025-12-23 17:15,0.059729
2025-12-23 17:30,0.068375
2025-12-23 17:45,0.021897
2025-12-23 18:00,0.041447
2025-12-23 18:15,0.069894
2025-12-23 18:30,0.065
2025-12-23 18:45,0.026918
2025-12-23 19:00,0.048122
2025-12-23 19:15,0.081555
2025-12-23 19:30,0.065667
2025-12-23 19:45,0.05306
2025-12-23 20:00,0.021592
2025-12-23 20:15,0.067802
2025-12-23 20:30,0.081014
2025-12-23 20:45,0.07986
2025-12-23 21:00,0.007886
2025-12-23 21:15,0.080152
2025-12-23 21:30,0.073683
2025-12-23 21:45,0.087921
2025-12-23 22:00,0.006924
2025-12-23 22:15,0.09127
2025-12-23 22:30,0.080102
2025-12-23 22:45,0.071202
2025-12-23 23:00,0.004575
2025-12-23 23:15,0.084775
2025-12-23 23:30,0.076429
2025-12-23 23:45,0.097851
2025-12-24 00:00,0.052137
2025-12-24 00:00,0.116626
2025-12-24 00:15,0.166406
2025-12-24 00:30,0.283603
2025-12-24 00:45,0.299485
2025-12-24 01:00,0.195869
2025-12-24 01:15,0.201916
2025-12-24 01:30,0.263099
2025-12-24 01:45,0.24911
2025-12-24 02:00,0.232484
2025-12-24 02:15,0.158001
2025-12-24 02:30,0.228321
2025-12-24 02:45,0.219782
2025-12-24 03:00,0.286808
2025-12-24 03:15,0.052094
2025-12-24 03:30,0.238261
2025-12-24 03:45,0.253533
2025-12-24 04:00,0.358336
2025-12-24 04:15,0.135962
2025-12-24 04:30,0.408827
2025-12-24 04:45,0.280526
2025-12-24 05:00,0.284142
2025-12-24 05:15,0.087082
2025-12-24 05:30,0.26029
2025-12-24 05:45,0.228937
2025-12-24 06:00,0.322216
2025-12-24 06:15,0.213369
2025-12-24 06:30,0.290285
2025-12-24 06:45,0.317237
2025-12-24 07:00,0.332276
2025-12-24 07:15,0.175542
2025-12-24 07:30,0.283603
2025-12-24 07:45,0.332243
2025-12-24 08:00,0.39751
2025-12-24 08:15,0.261318
2025-12-24 08:30,0.158221
2025-12-24 08:45,0.256758
2025-12-24 09:00,0.206625
2025-12-24 09:15,0.162563
2025-12-24 09:30,0.104076
2025-12-24 09:45,0.344965
2025-12-24 10:00,0.283996
2025-12-24 10:15,0.178984
2025-12-24 10:30,0.054343
2025-12-24 10:45,0.179637
2025-12-24 11:00,0.225753
2025-12-24 11:15,0.211164
2025-12-24 11:30,0.013282
2025-12-24 11:45,0.188107
2025-12-24 12:00,0.200134
2025-12-24 12:15,0.175596
2025-12-24 12:30,0.016135
2025-12-24 12:45,0.195722
2025-12-24 13:00,0.215972
2025-12-24 13:15,0.161825
2025-12-24 13:30,0.092994
2025-12-24 13:45,0.203317
2025-12-24 14:00,0.186702
2025-12-24 14:15,0.142497
2025-12-24 14:30,0.033547
2025-12-24 14:45,0.184997
2025-12-24 15:00,0.180212
2025-12-24 15:15,0.154006
2025-12-24 15:30,0.007694
2025-12-24 15:45,0.15567
2025-12-24 16:00,0.262715
2025-12-24 16:15,0.23538
2025-12-24 16:30,0.097252
2025-12-24 16:45,0.15156
2025-12-24 17:00,0.15686
2025-12-24 17:15,0.169327
2025-12-24 17:30,0.030566
2025-12-24 17:45,0.144571
2025-12-24 18:00,0.189622
2025-12-24 18:15,0.164388
2025-12-24 18:30,0.05838
2025-12-24 18:45,0.114093
2025-12-24 19:00,0.168227
2025-12-24 19:15,0.170181
2025-12-24 19:30,0.068535
2025-12-24 19:45,0.100718
2025-12-24 20:00,0.187416
2025-12-24 20:15,0.160124
2025-12-24 20:30,0.184864
2025-12-24 20:45,0.003399
2025-12-24 21:00,0.17832
2025-12-24 21:15,0.173621
2025-12-24 21:30,0.156758
2025-12-24 21:45,0.009536
2025-12-24 22:00,0.180167
2025-12-24 22:15,0.169112
2025-12-24 22:30,0.150582
2025-12-24 22:45,0.008769
2025-12-24 23:00,0.19189
2025-12-24 23:15,0.1852
2025-12-24 23:30,0.187864
2025-12-24 23:45,0.057812
2025-12-25 00:00,0.142928
2025-12-25 00:15,0.19347
2025-12-25 00:30,0.186428
2025-12-25 00:45,0.079105
2025-12-25 01:00,0.110356
2025-12-25 01:15,0.167088
2025-12-25 01:30,0.177103
2025-12-25 01:45,0.128429
2025-12-25 02:00,0.134539
2025-12-25 02:15,0.169929
2025-12-25 02:30,0.177956
2025-12-25 02:45,0.122751
2025-12-25 03:00,0.068989
2025-12-25 03:15,0.148507
2025-12-25 03:30,0.154752
2025-12-25 03:45,0.14924
2025-12-25 04:00,0.021437
2025-12-25 04:15,0.192299
2025-12-25 04:30,0.182923
2025-12-25 04:45,0.173034
2025-12-25 05:00,0.119551
2025-12-25 05:15,0.403652
2025-12-25 05:30,0.316289
2025-12-25 05:45,0.187768
2025-12-25 06:00,0.028673
2025-12-25 06:15,0.212931
2025-12-25 06:30,0.164507
2025-12-25 06:45,0.155448
2025-12-25 07:00,0.05655
2025-12-25 07:15,0.166529
2025-12-25 07:30,0.157113
2025-12-25 07:45,0.229254
2025-12-25 08:00,0.044732
2025-12-25 08:15,0.186397
2025-12-25 08:30,0.212866
2025-12-25 08:45,0.170088
2025-12-25 09:00,0.036997
2025-12-25 09:15,0.397758
2025-12-25 09:30,0.626316
2025-12-25 09:45,0.596263
2025-12-25 10:00,0.34307
2025-12-25 10:15,0.407797
2025-12-25 10:30,0.505027
2025-12-25 10:45,0.358282
2025-12-25 11:00,0.050984
2025-12-25 11:15,0.190406
2025-12-25 11:30,0.239723
2025-12-25 11:45,0.194133
2025-12-25 12:00,0.032589
2025-12-25 12:15,0.180264
2025-12-25 12:30,0.199436
2025-12-25 12:45,0.18087
2025-12-25 13:00,0.043673
2025-12-25 13:15,0.226306
2025-12-25 13:30,0.192922
2025-12-25 13:45,0.261822
2025-12-25 14:00,0.009801
2025-12-25 14:15,0.18708
2025-12-25 14:30,0.160578
2025-12-25 14:45,0.176717
2025-12-25 15:00,0.027037
2025-12-25 15:15,0.192644
2025-12-25 15:30,0.17713
2025-12-25 15:45,0.190982
2025-12-25 16:00,0.031333
2025-12-25 16:15,0.162358
2025-12-25 16:30,0.18251
2025-12-25 16:45,0.159627
2025-12-25 17:00,0.073141
2025-12-25 17:15,0.110496
2025-12-25 17:30,0.152901
2025-12-25 17:45,0.162992
2025-12-25 18:00,0.077134
2025-12-25 18:15,0.133328
2025-12-25 18:30,0.143569
2025-12-25 18:45,0.151792
2025-12-25 19:00,0.173776
2025-12-25 19:15,0.002801
2025-12-25 19:30,0.142557
2025-12-25 19:45,0.142673
2025-12-25 20:00,0.206794
2025-12-25 20:15,0.000464
2025-12-25 20:30,0.179769
2025-12-25 20:45,0.149953
2025-12-25 21:00,0.149888
2025-12-25 21:15,0.002179
2025-12-25 21:30,0.186898
2025-12-25 21:45,0.186754
2025-12-25 22:00,0.16802
2025-12-25 22:15,0.098132
2025-12-25 22:30,0.105904
2025-12-25 22:45,0.138296
2025-12-25 23:00,0.167759
2025-12-25 23:15,0.091344
2025-12-25 23:30,0.112878
2025-12-25 23:45,0.234316
2025-12-26 00:00,0.247098
2025-12-26 00:15,0.336092
2025-12-26 00:30,0.248826
2025-12-26 00:45,0.240408
2025-12-26 01:00,0.238543
2025-12-26 01:15,0.244539
2025-12-26 01:30,0.313401
2025-12-26 01:45,0.342116
2025-12-26 02:00,0.264566
2025-12-26 02:15,0.142045
2025-12-26 02:30,0.179267
2025-12-26 02:45,0.256183
2025-12-26 03:00,0.234362
2025-12-26 03:15,0.23195
2025-12-26 03:30,0.064518
2025-12-26 03:45,0.22853
2025-12-26 04:00,0.324569
2025-12-26 04:15,0.322886
2025-12-26 04:30,0.108786
2025-12-26 04:45,0.294708
2025-12-26 05:00,0.243027
2025-12-26 05:15,0.267024
2025-12-26 05:30,0.248742
2025-12-26 05:45,0.43341
2025-12-26 06:00,0.391255
2025-12-26 06:15,0.657265
2025-12-26 06:30,0.229756
2025-12-26 06:45,0.22714
2025-12-26 07:00,0.304797
2025-12-26 07:15,0.456649
2025-12-26 07:30,0.128962
2025-12-26 07:45,0.23154
2025-12-26 08:00,0.215382
2025-12-26 08:15,0.217443
2025-12-26 08:30,0.064999
2025-12-26 08:45,0.189353
2025-12-26 09:00,0.26555
2025-12-26 09:15,0.176269
2025-12-26 09:30,1.0
2025-12-26 09:45,0.216732
2025-12-26 10:00,0.183383
2025-12-26 10:15,0.184379
2025-12-26 10:30,0.02407
2025-12-26 10:45,0.174616
2025-12-26 11:00,0.236763
2025-12-26 11:15,0.19332
2025-12-26 11:30,0.014333
2025-12-26 11:45,0.183803
2025-12-26 12:00,0.202166
2025-12-26 12:15,0.202438
2025-12-26 12:30,0.014362
2025-12-26 12:45,0.145134
2025-12-26 13:00,0.151074
2025-12-26 13:15,0.193155
2025-12-26 13:30,0.01783
2025-12-26 13:45,0.163413
2025-12-26 14:00,0.172414
2025-12-26 14:15,0.217334
2025-12-26 14:30,0.009442
2025-12-26 14:45,0.142469
2025-12-26 15:00,0.191879
2025-12-26 15:15,0.153831
2025-12-26 15:30,0.002354
2025-12-26 15:45,0.180019
2025-12-26 16:00,0.162109
2025-12-26 16:15,0.179019
2025-12-26 16:30,0.087289
2025-12-26 16:45,0.1215
2025-12-26 17:00,0.142487
2025-12-26 17:15,0.185923
2025-12-26 17:30,0.121746
2025-12-26 17:45,0.109568
2025-12-26 18:00,0.160842
2025-12-26 18:15,0.142642
2025-12-26 18:30,0.109129
2025-12-26 18:45,0.046242
2025-12-26 19:00,0.149093
2025-12-26 19:15,0.179146
2025-12-26 19:30,0.152087
2025-12-26 19:45,0.00551
2025-12-26 20:00,0.157387
2025-12-26 20:15,0.126547
2025-12-26 20:30,0.156675
2025-12-26 20:45,0.008001
2025-12-26 21:00,0.190695
2025-12-26 21:15,0.1787
2025-12-26 21:30,0.167128
2025-12-26 21:45,0.309534
2025-12-26 22:00,0.00892
2025-12-26 22:15,0.15721
2025-12-26 22:30,0.144884
2025-12-26 22:45,0.161106
2025-12-26 23:00,0.002801
2025-12-26 23:15,0.170349
2025-12-26 23:30,0.18539
2025-12-26 23:45,0.166273
2025-12-27 00:00,0.071559
2025-12-27 00:15,0.119231
2025-12-27 00:30,0.149214
2025-12-27 00:45,0.155765
2025-12-27 01:00,0.074174
2025-12-27 01:15,0.15247
2025-12-27 01:30,0.151525
2025-12-27 01:45,0.162413
2025-12-27 02:00,0.05337
2025-12-27 02:15,0.133701
2025-12-27 02:30,0.256127
2025-12-27 02:45,0.231171
2025-12-27 03:00,0.086928
2025-12-27 03:15,0.129046
2025-12-27 03:30,0.202381
2025-12-27 03:45,0.158391
2025-12-27 04:00,0.076861
2025-12-27 04:15,0.106825
2025-12-27 04:30,0.170823
2025-12-27 04:45,0.195568
2025-12-27 05:00,0.105695
2025-12-27 05:15,0.133987
2025-12-27 05:30,0.224964
2025-12-27 05:45,0.324207
2025-12-27 06:00,0.173789
2025-12-27 06:15,0.041955
2025-12-27 06:30,0.181035
2025-12-27 06:45,0.170445
2025-12-27 07:00,0.182837
2025-12-27 07:15,0.056716
2025-12-27 07:30,0.18096
2025-12-27 07:45,0.195823
2025-12-27 08:00,0.156181
2025-12-27 08:15,0.048371
2025-12-27 08:30,0.187208
2025-12-27 08:45,0.201755
2025-12-27 09:00,0.155859
2025-12-27 09:15,0.036528
2025-12-27 09:30,0.177444
2025-12-27 09:45,0.204885
2025-12-27 10:00,0.164166
2025-12-27 10:15,0.088198
2025-12-27 10:30,0.195513
2025-12-27 10:45,0.181477
2025-12-27 11:00,0.192314
2025-12-27 11:15,0.024125
2025-12-27 11:30,0.183109
2025-12-27 11:45,0.172817
2025-12-27 12:00,0.155502
2025-12-27 12:15,0.01079
2025-12-27 12:30,0.166408
2025-12-27 12:45,0.164127
2025-12-27 13:00,0.175597
2025-12-27 13:15,0.016159
2025-12-27 13:30,0.221092
2025-12-27 13:45,0.218196
2025-12-27 14:00,0.285712
2025-12-27 14:15,0.073133
2025-12-27 14:30,0.157515
2025-12-27 14:45,0.170182
2025-12-27 15:00,0.164097
2025-12-27 15:15,0.03399
2025-12-27 15:30,0.149651
2025-12-27 15:45,0.13881
2025-12-27 16:00,0.148484
2025-12-27 16:15,0.013223
2025-12-27 16:30,0.129351
2025-12-27 16:45,0.144539
2025-12-27 17:00,0.163206
2025-12-27 17:15,0.008071
2025-12-27 17:30,0.43871
2025-12-27 17:45,0.320655
2025-12-27 18:00,0.196657
2025-12-27 18:15,0.060473
2025-12-27 18:30,0.111303
2025-12-27 18:45,0.150153
2025-12-27 19:00,0.161466
2025-12-27 19:15,0.066746
2025-12-27 19:30,0.09033
2025-12-27 19:45,0.15916
2025-12-27 20:00,0.144169
2025-12-27 20:15,0.167997
2025-12-27 20:30,0.007157
2025-12-27 20:45,0.181002
2025-12-27 21:00,0.17323
2025-12-27 21:15,0.165995
2025-12-27 21:30,0.006062
2025-12-27 21:45,0.171848
2025-12-27 22:00,0.157353
2025-12-27 22:15,0.164929
2025-12-27 22:30,0.030955
2025-12-27 22:45,0.147587
2025-12-27 23:00,0.159245
2025-12-27 23:15,0.182818
2025-12-27 23:30,0.051912
2025-12-27 23:45,0.131258
2025-12-28 00:00,0.153919
2025-12-28 00:15,0.185201
2025-12-28 00:30,0.199323
2025-12-28 00:45,0.216529
2025-12-28 01:00,0.255952
2025-12-28 01:15,0.261554
2025-12-28 01:30,0.256271
2025-12-28 01:45,0.038138
2025-12-28 02:00,0.279385
2025-12-28 02:15,0.177628
2025-12-28 02:30,0.217404
2025-12-28 02:45,0.044881
2025-12-28 03:00,0.176519
2025-12-28 03:15,0.204627
2025-12-28 03:30,0.171567
2025-12-28 03:45,0.051292
2025-12-28 04:00,0.221816
2025-12-28 04:15,0.16669
2025-12-28 04:30,0.218324
2025-12-28 04:45,0.006895
2025-12-28 05:00,0.186147
2025-12-28 05:15,0.180445
2025-12-28 05:30,0.173579
2025-12-28 05:45,0.016801
2025-12-28 06:00,0.192249
2025-12-28 06:15,0.215884
2025-12-28 06:30,0.212011
2025-12-28 06:45,0.054687
2025-12-28 07:00,0.224152
2025-12-28 07:15,0.184186
2025-12-28 07:30,0.224897
2025-12-28 07:45,0.044295
2025-12-28 08:00,0.236518
2025-12-28 08:15,0.155766
2025-12-28 08:30,0.166511
2025-12-28 08:45,0.496017
2025-12-28 09:00,0.436564
2025-12-28 09:15,0.19249
2025-12-28 09:30,0.227245
2025-12-28 09:45,0.034967
2025-12-28 10:00,0.182139
2025-12-28 10:15,0.188767
2025-12-28 10:30,0.225718
2025-12-28 10:45,0.067966
2025-12-28 11:00,0.159037
2025-12-28 11:15,0.250739
2025-12-28 11:30,0.292626
2025-12-28 11:45,0.150356
2025-12-28 12:00,0.141252
2025-12-28 12:15,0.209076
2025-12-28 12:30,0.195804
2025-12-28 12:45,0.094923
2025-12-28 13:00,0.140284
2025-12-28 13:15,0.193353
2025-12-28 13:30,0.160667
2025-12-28 13:45,0.069847
2025-12-28 14:00,0.126839
2025-12-28 14:15,0.169491
2025-12-28 14:30,0.205751
2025-12-28 14:45,0.119692
2025-12-28 15:00,0.083354
2025-12-28 15:15,0.178733
2025-12-28 15:30,0.176174
2025-12-28 15:45,0.118123
2025-12-28 16:00,0.02401
2025-12-28 16:15,0.159601
2025-12-28 16:30,0.133336
2025-12-28 16:45,0.145234
2025-12-28 17:00,0.004052
2025-12-28 17:15,0.162965
2025-12-28 17:30,0.147178
2025-12-28 17:45,0.166149
2025-12-28 18:00,0.005321
2025-12-28 18:15,0.13234
2025-12-28 18:30,0.154629
2025-12-28 18:45,0.159184
2025-12-28 19:00,0.007686
2025-12-28 19:15,0.153386
2025-12-28 19:30,0.140578
2025-12-28 19:45,0.163908
2025-12-28 20:00,0.071447
2025-12-28 20:15,0.088882
2025-12-28 20:30,0.141841
2025-12-28 20:45,0.163651
2025-12-28 21:00,0.064495
2025-12-28 21:15,0.10168
2025-12-28 21:30,0.166912
2025-12-28 21:45,0.164101
2025-12-28 22:00,0.177396
2025-12-28 22:15,0.021928
2025-12-28 22:30,0.15917
2025-12-28 22:45,0.154073
2025-12-28 23:00,0.177557
2025-12-28 23:15,0.036625
2025-12-28 23:30,0.19562
2025-12-28 23:45,0.225313
2025-12-29 00:00,0.183512
2025-12-29 00:15,0.05434
2025-12-29 00:30,0.234648
2025-12-29 00:45,0.302885
2025-12-29 01:00,0.232896
2025-12-29 01:15,0.1036
2025-12-29 01:30,0.254987
2025-12-29 01:45,0.267111
2025-12-29 02:00,0.229406
2025-12-29 02:15,0.096048
2025-12-29 02:30,0.260526
2025-12-29 02:45,0.267765
2025-12-29 03:00,0.241533
2025-12-29 03:15,0.122636
2025-12-29 03:30,0.184667
2025-12-29 03:45,0.247537
2025-12-29 04:00,0.229506
2025-12-29 04:15,0.107224
2025-12-29 04:30,0.29909
2025-12-29 04:45,0.250447
2025-12-29 05:00,0.318184
2025-12-29 05:15,0.09647
2025-12-29 05:30,0.296048
2025-12-29 05:45,0.267054
2025-12-29 06:00,0.417263
2025-12-29 06:15,0.11769
2025-12-29 06:30,0.284079
2025-12-29 06:45,0.283591
2025-12-29 07:00,0.32941
2025-12-29 07:15,0.127254
2025-12-29 07:30,0.225802
2025-12-29 07:45,0.26256
2025-12-29 08:00,0.266181
2025-12-29 08:15,0.12887
2025-12-29 08:30,0.309762
2025-12-29 08:45,0.23115
2025-12-29 09:00,0.22524
2025-12-29 09:15,0.105174
2025-12-29 09:30,0.285877
2025-12-29 09:45,0.251771
2025-12-29 10:00,0.255145
2025-12-29 10:15,0.065988
2025-12-29 10:30,0.306593
2025-12-29 10:45,0.339759
2025-12-29 11:00,0.256627
2025-12-29 11:15,0.164523
2025-12-29 11:30,0.216169
2025-12-29 11:45,0.195111
2025-12-29 12:00,0.189278
2025-12-29 12:15,0.026793
2025-12-29 12:30,0.243133
2025-12-29 12:45,0.228126
2025-12-29 13:00,0.196988
2025-12-29 13:15,0.028013
2025-12-29 13:30,0.125412
2025-12-29 13:45,0.218808
2025-12-29 14:00,0.158676
2025-12-29 14:15,0.004382
2025-12-29 14:30,0.169377
2025-12-29 14:45,0.166316
2025-12-29 15:00,0.206096
2025-12-29 15:15,0.057103
2025-12-29 15:30,0.147999
2025-12-29 15:45,0.157102
2025-12-29 16:00,0.150467
2025-12-29 16:15,0.054794
2025-12-29 16:30,0.090054
2025-12-29 16:45,0.164413
2025-12-29 17:00,0.166479
2025-12-29 17:15,0.0537
2025-12-29 17:30,0.091684
2025-12-29 17:45,0.111133
2025-12-29 18:00,0.25441
2025-12-29 18:15,0.171616
2025-12-29 18:30,0.056145
2025-12-29 18:45,0.174287
2025-12-29 19:00,0.156165
2025-12-29 19:15,0.125478
2025-12-29 19:30,0.005987
2025-12-29 19:45,0.160628
2025-12-29 20:00,0.309989
2025-12-29 20:15,0.140313
2025-12-29 20:30,0.007295
2025-12-29 20:45,0.134611
2025-12-29 21:00,0.165271
2025-12-29 21:15,0.14512
2025-12-29 21:30,0.061359
2025-12-29 21:45,0.10643
2025-12-29 22:00,0.15895
2025-12-29 22:15,0.15859
2025-12-29 22:30,0.057016
2025-12-29 22:45,0.11813
2025-12-29 23:00,0.162701
2025-12-29 23:15,0.166155
2025-12-29 23:30,0.081243
2025-12-29 23:45,0.10084
2025-12-30 00:00,0.281881
2025-12-30 00:15,0.268647
2025-12-30 00:30,0.182504
2025-12-30 00:45,0.085187
2025-12-30 01:00,0.263266
2025-12-30 01:15,0.279738
2025-12-30 01:30,0.270981
2025-12-30 01:45,0.126319
2025-12-30 02:00,0.255319
2025-12-30 02:15,0.240524
2025-12-30 02:30,0.315148
2025-12-30 02:45,0.044123
2025-12-30 03:00,0.213515
2025-12-30 03:15,0.41606
2025-12-30 03:30,0.284436
2025-12-30 03:45,0.071832
2025-12-30 04:00,0.318603
2025-12-30 04:15,0.337615
2025-12-30 04:30,0.4759
2025-12-30 04:45,0.154792
2025-12-30 05:00,0.518275
2025-12-30 05:15,0.465518
2025-12-30 05:30,0.393751
2025-12-30 05:45,0.172252
2025-12-30 06:00,0.328043
2025-12-30 06:15,0.081542
2025-12-30 06:30,0.134428
2025-12-30 06:45,0.316457
2025-12-30 07:00,0.130995
2025-12-30 07:15,0.230455
2025-12-30 07:30,0.108888
2025-12-30 07:45,0.10735
2025-12-30 08:00,0.141657
2025-12-30 08:15,0.13194
2025-12-30 08:30,0.080309
2025-12-30 08:45,0.069982
2025-12-30 09:00,0.062972
2025-12-30 09:15,0.043256
2025-12-30 09:30,0.06798
2025-12-30 09:45,0.02266
2025-12-30 10:00,0.133221
2025-12-30 10:15,0.095587
2025-12-30 10:30,0.045937
2025-12-30 10:45,0.050213
2025-12-30 11:00,0.107582
2025-12-30 11:15,0.084169
2025-12-30 11:30,0.086373
2025-12-30 11:45,0.088584
2025-12-30 12:00,0.145597
2025-12-30 12:15,0.033196
2025-12-30 12:30,0.03288
2025-12-30 12:45,0.110851
2025-12-30 13:00,0.016614
2025-12-30 13:15,0.02072
2025-12-30 13:30,0.012653
2025-12-30 13:45,0.042962
2025-12-30 14:00,0.0532
2025-12-30 14:15,0.025415
2025-12-30 14:30,0.012742
2025-12-30 14:45,0.01188
2025-12-30 15:00,0.007505
2025-12-30 15:15,0.022216
2025-12-30 15:30,0.02965
2025-12-30 15:45,0.010909
2025-12-30 16:00,0.00579
2025-12-30 16:15,0.002367
2025-12-30 16:30,0.003052
2025-12-30 16:45,0.004751
2025-12-30 17:00,0.001209
2025-12-30 17:15,0.002137
2025-12-30 17:30,0.008608
2025-12-30 17:45,0.004149
2025-12-30 18:00,0.022674
2025-12-30 18:15,0.011125
2025-12-30 18:30,0.015214
2025-12-30 18:45,0.010401
2025-12-30 19:00,0.00112
2025-12-30 19:15,0.007781
2025-12-30 19:30,0.006299
2025-12-30 19:45,0.010421
2025-12-30 20:00,0.005371
2025-12-30 20:15,0.005074
2025-12-30 20:30,0.005985
2025-12-30 20:45,0.007052
2025-12-30 21:00,0.003988
2025-12-30 21:15,0.008495
2025-12-30 21:30,0.017615
2025-12-30 21:45,0.007993
2025-12-30 22:00,0.004645
2025-12-30 22:15,0.016806
2025-12-30 22:30,0.003223
2025-12-30 22:45,0.005131
2025-12-30 23:00,0.020495
2025-12-30 23:15,0.028165
2025-12-30 23:30,0.014069
2025-12-30 23:45,0.397047
2025-12-31 00:00,0.292567
2025-12-31 00:00,0.981687
2025-12-31 00:15,0.163264
2025-12-31 00:30,0.175824
2025-12-31 00:45,0.555202
2025-12-31 01:00,0.327564
2025-12-31 01:15,0.321943
2025-12-31 01:30,0.240928
2025-12-31 01:45,0.201301
2025-12-31 02:00,0.331548
2025-12-31 02:15,0.321997
2025-12-31 02:30,0.38617
2025-12-31 02:45,0.22624
2025-12-31 03:00,0.155195
2025-12-31 03:15,0.767378
2025-12-31 03:30,1.0
2025-12-31 03:45,0.170262
2025-12-31 04:00,0.231259
2025-12-31 04:15,0.3136
2025-12-31 04:30,0.259645
2025-12-31 04:45,0.438629
2025-12-31 05:00,0.503666
2025-12-31 05:15,0.375994
2025-12-31 05:30,0.333231
2025-12-31 05:45,0.57428
2025-12-31 06:00,0.378661
2025-12-31 06:15,0.546976
2025-12-31 06:30,0.224661
2025-12-31 06:45,0.208892
2025-12-31 07:00,0.310642
2025-12-31 07:15,0.233991
2025-12-31 07:30,0.713257
2025-12-31 07:45,0.49537
2025-12-31 08:00,0.978327
2025-12-31 08:15,0.200755
2025-12-31 08:30,0.453344
2025-12-31 08:45,0.122165
2025-12-31 09:00,0.09956
2025-12-31 09:15,0.127184
2025-12-31 09:30,0.130112
2025-12-31 09:45,0.093119
2025-12-31 10:00,0.15728
2025-12-31 10:15,0.26881
2025-12-31 10:30,0.186368
2025-12-31 10:45,0.326872
2025-12-31 11:00,0.185798
2025-12-31 11:15,0.072114
2025-12-31 11:30,0.438661
2025-12-31 11:45,0.156411
2025-12-31 12:00,0.087303
2025-12-31 12:15,0.110965
2025-12-31 12:30,0.059489
2025-12-31 12:45,0.070015
2025-12-31 13:00,0.066486
2025-12-31 13:15,0.110931
2025-12-31 13:30,0.117677
2025-12-31 13:45,0.054576
2025-12-31 14:00,0.041912
2025-12-31 14:15,0.033913
2025-12-31 14:30,0.112484
2025-12-31 14:45,0.103791
2025-12-31 15:00,0.112656
2025-12-31 15:15,0.018448
2025-12-31 15:30,0.020275
2025-12-31 15:45,0.021497
2025-12-31 16:00,0.097053
2025-12-31 16:15,0.014867
2025-12-31 16:30,0.022019
2025-12-31 16:45,0.007744
2025-12-31 17:00,0.010221
2025-12-31 17:15,0.035651
2025-12-31 17:30,0.018879
2025-12-31 17:45,0.035719
2025-12-31 18:00,0.046225
2025-12-31 18:15,0.010627
2025-12-31 18:30,0.02588
2025-12-31 18:45,0.056182
2025-12-31 19:00,0.00603
2025-12-31 19:15,0.011933
2025-12-31 19:30,0.031937
2025-12-31 19:45,0.03903
2025-12-31 20:00,0.017079
2025-12-31 20:15,0.022226
2025-12-31 20:30,0.027366
2025-12-31 20:45,0.026259
2025-12-31 21:00,0.032577
2025-12-31 21:15,0.011954
2025-12-31 21:30,0.018094
2025-12-31 21:45,0.024067
2025-12-31 22:00,0.150039
2025-12-31 22:15,0.087684
2025-12-31 22:30,0.116914
2025-12-31 22:45,0.01061
2025-12-31 23:00,0.012239
2025-12-31 23:15,0.00368
2025-12-31 23:30,0.016447
2025-12-31 23:45,0.001768
