timestamp,value
2025-01-01 00:00,0.703471
2025-01-01 00:15,0.710508
2025-01-01 00:30,0.709933
2025-01-01 00:45,0.697216
2025-01-01 01:00,0.735534
2025-01-01 01:15,0.735681
2025-01-01 01:30,0.754262
2025-01-01 01:45,0.70368
2025-01-01 02:00,0.66779
2025-01-01 02:15,0.673767
2025-01-01 02:30,0.69306
2025-01-01 02:45,0.678227
2025-01-01 03:00,0.603995
2025-01-01 03:15,0.594165
2025-01-01 03:30,0.576147
2025-01-01 03:45,0.605079
2025-01-01 04:00,0.492062
2025-01-01 04:15,0.511116
2025-01-01 04:30,0.534087
2025-01-01 04:45,0.510121
2025-01-01 05:00,0.560235
2025-01-01 05:15,0.505066
2025-01-01 05:30,0.544648
2025-01-01 05:45,0.530025
2025-01-01 06:00,0.554178
2025-01-01 06:15,0.498045
2025-01-01 06:30,0.47295
2025-01-01 06:45,0.405732
2025-01-01 07:00,0.392702
2025-01-01 07:15,0.385988
2025-01-01 07:30,0.376184
2025-01-01 07:45,0.317175
2025-01-01 08:00,0.320186
2025-01-01 08:15,0.295049
2025-01-01 08:30,0.261925
2025-01-01 08:45,0.268051
2025-01-01 09:00,0.249045
2025-01-01 09:15,0.243541
2025-01-01 09:30,0.233302
2025-01-01 09:45,0.233733
2025-01-01 10:00,0.224514
2025-01-01 10:15,0.264861
2025-01-01 10:30,0.234966
2025-01-01 10:45,0.227722
2025-01-01 11:00,0.233736
2025-01-01 11:15,0.25308
2025-01-01 11:30,0.258024
2025-01-01 11:45,0.294911
2025-01-01 12:00,0.288098
2025-01-01 12:15,0.322253
2025-01-01 12:30,0.317535
2025-01-01 12:45,0.337252
2025-01-01 13:00,0.392297
2025-01-01 13:15,0.437506
2025-01-01 13:30,0.436515
2025-01-01 13:45,0.458283
2025-01-01 14:00,0.485416
2025-01-01 14:15,0.443139
2025-01-01 14:30,0.505164
2025-01-01 14:45,0.581269
2025-01-01 15:00,0.674121
2025-01-01 15:15,0.560684
2025-01-01 15:30,0.568108
2025-01-01 15:45,0.581853
2025-01-01 16:00,0.676771
2025-01-01 16:15,0.758717
2025-01-01 16:30,0.821702
2025-01-01 16:45,0.754785
2025-01-01 17:00,0.763132
2025-01-01 17:15,0.745437
2025-01-01 17:30,0.791612
2025-01-01 17:45,0.809584
2025-01-01 18:00,0.789319
2025-01-01 18:15,0.765369
2025-01-01 18:30,0.742027
2025-01-01 18:45,0.729675
2025-01-01 19:00,0.752838
2025-01-01 19:15,0.730387
2025-01-01 19:30,0.747367
2025-01-01 19:45,0.736458
2025-01-01 20:00,0.731132
2025-01-01 20:15,0.708699
2025-01-01 20:30,0.741569
2025-01-01 20:45,0.780049
2025-01-01 21:00,0.766668
2025-01-01 21:15,0.786243
2025-01-01 21:30,0.791995
2025-01-01 21:45,0.826267
2025-01-01 22:00,0.70099
2025-01-01 22:15,0.737261
2025-01-01 22:30,0.718457
2025-01-01 22:45,0.697888
2025-01-01 23:00,0.754475
2025-01-01 23:15,0.841021
2025-01-01 23:30,0.804783
2025-01-01 23:45,0.847358
2025-01-02 00:00,0.852791
2025-01-02 00:15,0.850107
2025-01-02 00:30,0.876993
2025-01-02 00:45,0.884747
2025-01-02 01:00,0.881658
2025-01-02 01:15,0.870101
2025-01-02 01:30,0.759729
2025-01-02 01:45,0.777354
2025-01-02 02:00,0.801655
2025-01-02 02:15,0.784871
2025-01-02 02:30,0.800995
2025-01-02 02:45,0.796745
2025-01-02 03:00,0.790636
2025-01-02 03:15,0.746591
2025-01-02 03:30,0.706168
2025-01-02 03:45,0.728047
2025-01-02 04:00,0.637088
2025-01-02 04:15,0.641395
2025-01-02 04:30,0.619243
2025-01-02 04:45,0.609696
2025-01-02 05:00,0.613928
2025-01-02 05:15,0.603151
2025-01-02 05:30,0.555054
2025-01-02 05:45,0.531611
2025-01-02 06:00,0.448706
2025-01-02 06:15,0.448575
2025-01-02 06:30,0.436896
2025-01-02 06:45,0.412574
2025-01-02 07:00,0.418102
2025-01-02 07:15,0.405091
2025-01-02 07:30,0.373426
2025-01-02 07:45,0.378627
2025-01-02 08:00,0.31258
2025-01-02 08:15,0.301832
2025-01-02 08:30,0.261664
2025-01-02 08:45,0.278524
2025-01-02 09:00,0.268434
2025-01-02 09:15,0.275467
2025-01-02 09:30,0.284136
2025-01-02 09:45,0.258037
2025-01-02 10:00,0.262905
2025-01-02 10:15,0.284341
2025-01-02 10:30,0.289199
2025-01-02 10:45,0.275983
2025-01-02 11:00,0.32392
2025-01-02 11:15,0.326534
2025-01-02 11:30,0.361943
2025-01-02 11:45,0.380132
2025-01-02 12:00,0.402688
2025-01-02 12:15,0.489276
2025-01-02 12:30,0.497362
2025-01-02 12:45,0.517709
2025-01-02 13:00,0.534567
2025-01-02 13:15,0.552027
2025-01-02 13:30,0.53615
2025-01-02 13:45,0.513759
2025-01-02 14:00,0.573631
2025-01-02 14:15,0.582818
2025-01-02 14:30,0.57064
2025-01-02 14:45,0.629809
2025-01-02 15:00,0.641531
2025-01-02 15:15,0.662638
2025-01-02 15:30,0.614162
2025-01-02 15:45,0.618453
2025-01-02 16:00,0.604578
2025-01-02 16:15,0.612419
2025-01-02 16:30,0.65139
2025-01-02 16:45,0.661672
2025-01-02 17:00,0.747504
2025-01-02 17:15,0.677904
2025-01-02 17:30,0.740936
2025-01-02 17:45,0.703396
2025-01-02 18:00,0.679746
2025-01-02 18:15,0.653577
2025-01-02 18:30,0.659039
2025-01-02 18:45,0.718491
2025-01-02 19:00,0.767582
2025-01-02 19:15,0.730714
2025-01-02 19:30,0.747156
2025-01-02 19:45,0.750991
2025-01-02 20:00,0.759574
2025-01-02 20:15,0.724354
2025-01-02 20:30,0.722868
2025-01-02 20:45,0.711462
2025-01-02 21:00,0.70168
2025-01-02 21:15,0.706035
2025-01-02 21:30,0.668582
2025-01-02 21:45,0.719979
2025-01-02 22:00,0.777335
2025-01-02 22:15,0.742821
2025-01-02 22:30,0.700371
2025-01-02 22:45,0.698623
2025-01-02 23:00,0.735443
2025-01-02 23:15,0.802685
2025-01-02 23:30,0.85894
2025-01-02 23:45,1.0
2025-01-03 00:00,0.943857
2025-01-03 00:15,0.9313
2025-01-03 00:30,0.943072
2025-01-03 00:45,0.925821
2025-01-03 01:00,0.962318
2025-01-03 01:15,0.948094
2025-01-03 01:30,0.949934
2025-01-03 01:45,0.900268
2025-01-03 02:00,0.958905
2025-01-03 02:15,0.920936
2025-01-03 02:30,0.931765
2025-01-03 02:45,0.930913
2025-01-03 03:00,0.892081
2025-01-03 03:15,0.880807
2025-01-03 03:30,0.794299
2025-01-03 03:45,0.769863
2025-01-03 04:00,0.732154
2025-01-03 04:15,0.68164
2025-01-03 04:30,0.658313
2025-01-03 04:45,0.627492
2025-01-03 05:00,0.611783
2025-01-03 05:15,0.571389
2025-01-03 05:30,0.563742
2025-01-03 05:45,0.558989
2025-01-03 06:00,0.49952
2025-01-03 06:15,0.436104
2025-01-03 06:30,0.42643
2025-01-03 06:45,0.398354
2025-01-03 07:00,0.371056
2025-01-03 07:15,0.365358
2025-01-03 07:30,0.389941
2025-01-03 07:45,0.335192
2025-01-03 08:00,0.324489
2025-01-03 08:15,0.309251
2025-01-03 08:30,0.293344
2025-01-03 08:45,0.278804
2025-01-03 09:00,0.268234
2025-01-03 09:15,0.262497
2025-01-03 09:30,0.272574
2025-01-03 09:45,0.241841
2025-01-03 10:00,0.278099
2025-01-03 10:15,0.274347
2025-01-03 10:30,0.294363
2025-01-03 10:45,0.332169
2025-01-03 11:00,0.347325
2025-01-03 11:15,0.359644
2025-01-03 11:30,0.404212
2025-01-03 11:45,0.402075
2025-01-03 12:00,0.467383
2025-01-03 12:15,0.440471
2025-01-03 12:30,0.468868
2025-01-03 12:45,0.52621
2025-01-03 13:00,0.531261
2025-01-03 13:15,0.537897
2025-01-03 13:30,0.526626
2025-01-03 13:45,0.528315
2025-01-03 14:00,0.550065
2025-01-03 14:15,0.569338
2025-01-03 14:30,0.608507
2025-01-03 14:45,0.598305
2025-01-03 15:00,0.605521
2025-01-03 15:15,0.613957
2025-01-03 15:30,0.562826
2025-01-03 15:45,0.672849
2025-01-03 16:00,0.684913
2025-01-03 16:15,0.655045
2025-01-03 16:30,0.671532
2025-01-03 16:45,0.655983
2025-01-03 17:00,0.649851
2025-01-03 17:15,0.640634
2025-01-03 17:30,0.678117
2025-01-03 17:45,0.66176
2025-01-03 18:00,0.673179
2025-01-03 18:15,0.641151
2025-01-03 18:30,0.677406
2025-01-03 18:45,0.706463
2025-01-03 19:00,0.677273
2025-01-03 19:15,0.651947
2025-01-03 19:30,0.727698
2025-01-03 19:45,0.721492
2025-01-03 20:00,0.765802
2025-01-03 20:15,0.748822
2025-01-03 20:30,0.773212
2025-01-03 20:45,0.774089
2025-01-03 21:00,0.766538
2025-01-03 21:15,0.839728
2025-01-03 21:30,0.851629
2025-01-03 21:45,0.877226
2025-01-03 22:00,0.787849
2025-01-03 22:15,0.750357
2025-01-03 22:30,0.816342
2025-01-03 22:45,0.798255
2025-01-03 23:00,0.810877
2025-01-03 23:15,0.787521
2025-01-03 23:30,0.824325
2025-01-03 23:45,0.774998
2025-01-04 00:00,0.803625
2025-01-04 00:15,0.801923
2025-01-04 00:30,0.799527
2025-01-04 00:45,0.831417
2025-01-04 01:00,0.881965
2025-01-04 01:15,0.879185
2025-01-04 01:30,0.873834
2025-01-04 01:45,0.863373
2025-01-04 02:00,0.905838
2025-01-04 02:15,0.886907
2025-01-04 02:30,0.898046
2025-01-04 02:45,0.833229
2025-01-04 03:00,0.754773
2025-01-04 03:15,0.773623
2025-01-04 03:30,0.759448
2025-01-04 03:45,0.734568
2025-01-04 04:00,0.660133
2025-01-04 04:15,0.645
2025-01-04 04:30,0.658669
2025-01-04 04:45,0.654585
2025-01-04 05:00,0.668666
2025-01-04 05:15,0.617596
2025-01-04 05:30,0.625075
2025-01-04 05:45,0.557494
2025-01-04 06:00,0.515181
2025-01-04 06:15,0.501782
2025-01-04 06:30,0.513101
2025-01-04 06:45,0.41468
2025-01-04 07:00,0.356429
2025-01-04 07:15,0.339029
2025-01-04 07:30,0.313315
2025-01-04 07:45,0.29339
2025-01-04 08:00,0.283892
2025-01-04 08:15,0.288402
2025-01-04 08:30,0.259881
2025-01-04 08:45,0.310576
2025-01-04 09:00,0.273246
2025-01-04 09:15,0.27029
2025-01-04 09:30,0.2769
2025-01-04 09:45,0.255475
2025-01-04 10:00,0.260419
2025-01-04 10:15,0.291827
2025-01-04 10:30,0.275856
2025-01-04 10:45,0.274466
2025-01-04 11:00,0.316209
2025-01-04 11:15,0.338696
2025-01-04 11:30,0.335268
2025-01-04 11:45,0.342421
2025-01-04 12:00,0.363136
2025-01-04 12:15,0.39367
2025-01-04 12:30,0.394664
2025-01-04 12:45,0.451181
2025-01-04 13:00,0.467771
2025-01-04 13:15,0.493247
2025-01-04 13:30,0.49659
2025-01-04 13:45,0.54284
2025-01-04 14:00,0.519646
2025-01-04 14:15,0.547666
2025-01-04 14:30,0.53481
2025-01-04 14:45,0.553342
2025-01-04 15:00,0.555003
2025-01-04 15:15,0.570798
2025-01-04 15:30,0.645821
2025-01-04 15:45,0.634801
2025-01-04 16:00,0.676739
2025-01-04 16:15,0.712969
2025-01-04 16:30,0.692592
2025-01-04 16:45,0.757815
2025-01-04 17:00,0.691476
2025-01-04 17:15,0.746722
2025-01-04 17:30,0.761365
2025-01-04 17:45,0.749754
2025-01-04 18:00,0.77506
2025-01-04 18:15,0.733099
2025-01-04 18:30,0.687283
2025-01-04 18:45,0.680891
2025-01-04 19:00,0.729313
2025-01-04 19:15,0.749299
2025-01-04 19:30,0.754898
2025-01-04 19:45,0.817685
2025-01-04 20:00,0.687647
2025-01-04 20:15,0.678481
2025-01-04 20:30,0.740234
2025-01-04 20:45,0.761766
2025-01-04 21:00,0.771278
2025-01-04 21:15,0.684066
2025-01-04 21:30,0.672901
2025-01-04 21:45,0.663478
2025-01-04 22:00,0.623823
2025-01-04 22:15,0.787
2025-01-04 22:30,0.729404
2025-01-04 22:45,0.714756
2025-01-04 23:00,0.757335
2025-01-04 23:15,0.765096
2025-01-04 23:30,0.765953
2025-01-04 23:45,0.823774
2025-01-05 00:00,0.842365
2025-01-05 00:15,0.847801
2025-01-05 00:30,0.924075
2025-01-05 00:45,0.799909
2025-01-05 01:00,0.826711
2025-01-05 01:15,0.805322
2025-01-05 01:30,0.814804
2025-01-05 01:45,0.903012
2025-01-05 02:00,0.890396
2025-01-05 02:15,0.938453
2025-01-05 02:30,0.947681
2025-01-05 02:45,0.885487
2025-01-05 03:00,0.807219
2025-01-05 03:15,0.778335
2025-01-05 03:30,0.814127
2025-01-05 03:45,0.819587
2025-01-05 04:00,0.890225
2025-01-05 04:15,0.863724
2025-01-05 04:30,0.750608
2025-01-05 04:45,0.605884
2025-01-05 05:00,0.626317
2025-01-05 05:15,0.582941
2025-01-05 05:30,0.560116
2025-01-05 05:45,0.532302
2025-01-05 06:00,0.509292
2025-01-05 06:15,0.476324
2025-01-05 06:30,0.417428
2025-01-05 06:45,0.397034
2025-01-05 07:00,0.378481
2025-01-05 07:15,0.360312
2025-01-05 07:30,0.371376
2025-01-05 07:45,0.320158
2025-01-05 08:00,0.335731
2025-01-05 08:15,0.291302
2025-01-05 08:30,0.279806
2025-01-05 08:45,0.258129
2025-01-05 09:00,0.256455
2025-01-05 09:15,0.263067
2025-01-05 09:30,0.243592
2025-01-05 09:45,0.25268
2025-01-05 10:00,0.273863
2025-01-05 10:15,0.269222
2025-01-05 10:30,0.253813
2025-01-05 10:45,0.278748
2025-01-05 11:00,0.300626
2025-01-05 11:15,0.308066
2025-01-05 11:30,0.358089
2025-01-05 11:45,0.381762
2025-01-05 12:00,0.404602
2025-01-05 12:15,0.398656
2025-01-05 12:30,0.427698
2025-01-05 12:45,0.431764
2025-01-05 13:00,0.487809
2025-01-05 13:15,0.517695
2025-01-05 13:30,0.48451
2025-01-05 13:45,0.497551
2025-01-05 14:00,0.517181
2025-01-05 14:15,0.516355
2025-01-05 14:30,0.519867
2025-01-05 14:45,0.570235
2025-01-05 15:00,0.599192
2025-01-05 15:15,0.576021
2025-01-05 15:30,0.584222
2025-01-05 15:45,0.597596
2025-01-05 16:00,0.626216
2025-01-05 16:15,0.620927
2025-01-05 16:30,0.664503
2025-01-05 16:45,0.662393
2025-01-05 17:00,0.683026
2025-01-05 17:15,0.68729
2025-01-05 17:30,0.764808
2025-01-05 17:45,0.692557
2025-01-05 18:00,0.713375
2025-01-05 18:15,0.698224
2025-01-05 18:30,0.786017
2025-01-05 18:45,0.668398
2025-01-05 19:00,0.689876
2025-01-05 19:15,0.745999
2025-01-05 19:30,0.712582
2025-01-05 19:45,0.733188
2025-01-05 20:00,0.704768
2025-01-05 20:15,0.701597
2025-01-05 20:30,0.732181
2025-01-05 20:45,0.773744
2025-01-05 21:00,0.738159
2025-01-05 21:15,0.712076
2025-01-05 21:30,0.798207
2025-01-05 21:45,0.812812
2025-01-05 22:00,0.812628
2025-01-05 22:15,0.781705
2025-01-05 22:30,0.761077
2025-01-05 22:45,0.730011
2025-01-05 23:00,0.782917
2025-01-05 23:15,0.805704
2025-01-05 23:30,0.826264
2025-01-05 23:45,0.848156
2025-01-06 00:00,0.905916
2025-01-06 00:15,0.895203
2025-01-06 00:30,0.889607
2025-01-06 00:45,0.874589
2025-01-06 01:00,0.901126
2025-01-06 01:15,0.966791
2025-01-06 01:30,0.931055
2025-01-06 01:45,0.928686
2025-01-06 02:00,0.897199
2025-01-06 02:15,0.988462
2025-01-06 02:30,0.935643
2025-01-06 02:45,0.812352
2025-01-06 03:00,0.854947
2025-01-06 03:15,0.764004
2025-01-06 03:30,0.750996
2025-01-06 03:45,0.730832
2025-01-06 04:00,0.709984
2025-01-06 04:15,0.65795
2025-01-06 04:30,0.673903
2025-01-06 04:45,0.58815
2025-01-06 05:00,0.546182
2025-01-06 05:15,0.496878
2025-01-06 05:30,0.444798
2025-01-06 05:45,0.415867
2025-01-06 06:00,0.371204
2025-01-06 06:15,0.349897
2025-01-06 06:30,0.346827
2025-01-06 06:45,0.339214
2025-01-06 07:00,0.314912
2025-01-06 07:15,0.285652
2025-01-06 07:30,0.277162
2025-01-06 07:45,0.273649
2025-01-06 08:00,0.255046
2025-01-06 08:15,0.255472
2025-01-06 08:30,0.233122
2025-01-06 08:45,0.219878
2025-01-06 09:00,0.245294
2025-01-06 09:15,0.241369
2025-01-06 09:30,0.259682
2025-01-06 09:45,0.286554
2025-01-06 10:00,0.276289
2025-01-06 10:15,0.295113
2025-01-06 10:30,0.310739
2025-01-06 10:45,0.316719
2025-01-06 11:00,0.380109
2025-01-06 11:15,0.401143
2025-01-06 11:30,0.435733
2025-01-06 11:45,0.425368
2025-01-06 12:00,0.436763
2025-01-06 12:15,0.452469
2025-01-06 12:30,0.482048
2025-01-06 12:45,0.470867
2025-01-06 13:00,0.495281
2025-01-06 13:15,0.461776
2025-01-06 13:30,0.503514
2025-01-06 13:45,0.477807
2025-01-06 14:00,0.52155
2025-01-06 14:15,0.53836
2025-01-06 14:30,0.539186
2025-01-06 14:45,0.562043
2025-01-06 15:00,0.534698
2025-01-06 15:15,0.522836
2025-01-06 15:30,0.536013
2025-01-06 15:45,0.545125
2025-01-06 16:00,0.498327
2025-01-06 16:15,0.501927
2025-01-06 16:30,0.525905
2025-01-06 16:45,0.509623
2025-01-06 17:00,0.558555
2025-01-06 17:15,0.573219
2025-01-06 17:30,0.614325
2025-01-06 17:45,0.621329
2025-01-06 18:00,0.684893
2025-01-06 18:15,0.699978
2025-01-06 18:30,0.747702
2025-01-06 18:45,0.724961
2025-01-06 19:00,0.580927
2025-01-06 19:15,0.562275
2025-01-06 19:30,0.579026
2025-01-06 19:45,0.809194
2025-01-06 20:00,0.851281
2025-01-06 20:15,0.757266
2025-01-06 20:30,0.707778
2025-01-06 20:45,0.711981
2025-01-06 21:00,0.716814
2025-01-06 21:15,0.64079
2025-01-06 21:30,0.57638
2025-01-06 21:45,0.572301
2025-01-06 22:00,0.608803
2025-01-06 22:15,0.573401
2025-01-06 22:30,0.579582
2025-01-06 22:45,0.631023
2025-01-06 23:00,0.604812
2025-01-06 23:15,0.593523
2025-01-06 23:30,0.64019
2025-01-06 23:45,0.717527
2025-01-07 00:00,0.743622
2025-01-07 00:15,0.709731
2025-01-07 00:30,0.711286
2025-01-07 00:45,0.770318
2025-01-07 01:00,0.84207
2025-01-07 01:15,0.792304
2025-01-07 01:30,0.806621
2025-01-07 01:45,0.793469
2025-01-07 02:00,0.786786
2025-01-07 02:15,0.800218
2025-01-07 02:30,0.742101
2025-01-07 02:45,0.678441
2025-01-07 03:00,0.64419
2025-01-07 03:15,0.621784
2025-01-07 03:30,0.594884
2025-01-07 03:45,0.546011
2025-01-07 04:00,0.488868
2025-01-07 04:15,0.460781
2025-01-07 04:30,0.421926
2025-01-07 04:45,0.388831
2025-01-07 05:00,0.391551
2025-01-07 05:15,0.366242
2025-01-07 05:30,0.356927
2025-01-07 05:45,0.347516
2025-01-07 06:00,0.293996
2025-01-07 06:15,0.266447
2025-01-07 06:30,0.287226
2025-01-07 06:45,0.261501
2025-01-07 07:00,0.273975
2025-01-07 07:15,0.25074
2025-01-07 07:30,0.220692
2025-01-07 07:45,0.245694
2025-01-07 08:00,0.24041
2025-01-07 08:15,0.212441
2025-01-07 08:30,0.190313
2025-01-07 08:45,0.177565
2025-01-07 09:00,0.180599
2025-01-07 09:15,0.195905
2025-01-07 09:30,0.197259
2025-01-07 09:45,0.20914
2025-01-07 10:00,0.248027
2025-01-07 10:15,0.25409
2025-01-07 10:30,0.247386
2025-01-07 10:45,0.275963
2025-01-07 11:00,0.289265
2025-01-07 11:15,0.293672
2025-01-07 11:30,0.297449
2025-01-07 11:45,0.320762
2025-01-07 12:00,0.355578
2025-01-07 12:15,0.36454
2025-01-07 12:30,0.379385
2025-01-07 12:45,0.397756
2025-01-07 13:00,0.420619
2025-01-07 13:15,0.419651
2025-01-07 13:30,0.413991
2025-01-07 13:45,0.475471
2025-01-07 14:00,0.466364
2025-01-07 14:15,0.472504
2025-01-07 14:30,0.482921
2025-01-07 14:45,0.461099
2025-01-07 15:00,0.490307
2025-01-07 15:15,0.461782
2025-01-07 15:30,0.427545
2025-01-07 15:45,0.448029
2025-01-07 16:00,0.329931
2025-01-07 16:15,0.351747
2025-01-07 16:30,0.458564
2025-01-07 16:45,0.484584
2025-01-07 17:00,0.511527
2025-01-07 17:15,0.522373
2025-01-07 17:30,0.525632
2025-01-07 17:45,0.500787
2025-01-07 18:00,0.504213
2025-01-07 18:15,0.52257
2025-01-07 18:30,0.58536
2025-01-07 18:45,0.52608
2025-01-07 19:00,0.528782
2025-01-07 19:15,0.537378
2025-01-07 19:30,0.565702
2025-01-07 19:45,0.549572
2025-01-07 20:00,0.583668
2025-01-07 20:15,0.579545
2025-01-07 20:30,0.555659
2025-01-07 20:45,0.599188
2025-01-07 21:00,0.566639
2025-01-07 21:15,0.578413
2025-01-07 21:30,0.551057
2025-01-07 21:45,0.06612
2025-01-07 22:00,0.0
2025-01-07 22:15,0.0
2025-01-07 22:30,0.0
2025-01-07 22:45,0.0
2025-01-07 23:00,0.0
2025-01-07 23:15,0.0
2025-01-07 23:30,0.0
2025-01-07 23:45,0.0
2025-01-08 00:00,0.0
2025-01-08 00:00,0.0
2025-01-08 00:15,0.0
2025-01-08 00:30,0.314668
2025-01-08 00:45,0.595403
2025-01-08 01:00,0.597758
2025-01-08 01:15,0.586723
2025-01-08 01:30,0.570126
2025-01-08 01:45,0.551283
2025-01-08 02:00,0.525419
2025-01-08 02:15,0.53898
2025-01-08 02:30,0.529246
2025-01-08 02:45,0.567157
2025-01-08 03:00,0.54564
2025-01-08 03:15,0.514575
2025-01-08 03:30,0.461693
2025-01-08 03:45,0.488387
2025-01-08 04:00,0.436788
2025-01-08 04:15,0.463451
2025-01-08 04:30,0.398947
2025-01-08 04:45,0.386936
2025-01-08 05:00,0.349705
2025-01-08 05:15,0.339721
2025-01-08 05:30,0.341576
2025-01-08 05:45,0.317358
2025-01-08 06:00,0.271063
2025-01-08 06:15,0.272739
2025-01-08 06:30,0.290449
2025-01-08 06:45,0.246704
2025-01-08 07:00,0.212979
2025-01-08 07:15,0.210115
2025-01-08 07:30,0.212779
2025-01-08 07:45,0.172017
2025-01-08 08:00,0.182947
2025-01-08 08:15,0.167312
2025-01-08 08:30,0.172834
2025-01-08 08:45,0.1792
2025-01-08 09:00,0.172186
2025-01-08 09:15,0.18525
2025-01-08 09:30,0.189066
2025-01-08 09:45,0.204659
2025-01-08 10:00,0.209208
2025-01-08 10:15,0.22356
2025-01-08 10:30,0.214534
2025-01-08 10:45,0.247234
2025-01-08 11:00,0.244545
2025-01-08 11:15,0.290659
2025-01-08 11:30,0.278133
2025-01-08 11:45,0.288037
2025-01-08 12:00,0.306444
2025-01-08 12:15,0.335007
2025-01-08 12:30,0.323569
2025-01-08 12:45,0.339099
2025-01-08 13:00,0.370632
2025-01-08 13:15,0.350642
2025-01-08 13:30,0.364188
2025-01-08 13:45,0.361925
2025-01-08 14:00,0.377874
2025-01-08 14:15,0.418238
2025-01-08 14:30,0.363985
2025-01-08 14:45,0.401154
2025-01-08 15:00,0.371023
2025-01-08 15:15,0.407219
2025-01-08 15:30,0.401818
2025-01-08 15:45,0.401449
2025-01-08 16:00,0.365238
2025-01-08 16:15,0.401911
2025-01-08 16:30,0.377319
2025-01-08 16:45,0.41304
2025-01-08 17:00,0.39089
2025-01-08 17:15,0.44593
2025-01-08 17:30,0.458778
2025-01-08 17:45,0.478318
2025-01-08 18:00,0.46992
2025-01-08 18:15,0.46897
2025-01-08 18:30,0.457794
2025-01-08 18:45,0.486938
2025-01-08 19:00,0.540114
2025-01-08 19:15,0.546916
2025-01-08 19:30,0.557075
2025-01-08 19:45,0.543644
2025-01-08 20:00,0.574332
2025-01-08 20:15,0.581325
2025-01-08 20:30,0.568154
2025-01-08 20:45,0.584423
2025-01-08 21:00,0.500897
2025-01-08 21:15,0.458377
2025-01-08 21:30,0.498373
2025-01-08 21:45,0.490041
2025-01-08 22:00,0.486835
2025-01-08 22:15,0.487644
2025-01-08 22:30,0.468408
2025-01-08 22:45,0.465906
2025-01-08 23:00,0.492018
2025-01-08 23:15,0.518744
2025-01-08 23:30,0.52379
2025-01-08 23:45,0.531316
2025-01-09 00:00,0.574286
2025-01-09 00:15,0.532164
2025-01-09 00:30,0.592248
2025-01-09 00:45,0.579815
2025-01-09 01:00,0.594815
2025-01-09 01:15,0.585507
2025-01-09 01:30,0.580051
2025-01-09 01:45,0.626374
2025-01-09 02:00,0.568347
2025-01-09 02:15,0.55906
2025-01-09 02:30,0.568708
2025-01-09 02:45,0.52327
2025-01-09 03:00,0.425491
2025-01-09 03:15,0.4868
2025-01-09 03:30,0.399113
2025-01-09 03:45,0.394283
2025-01-09 04:00,0.503073
2025-01-09 04:15,0.429337
2025-01-09 04:30,0.364447
2025-01-09 04:45,0.340144
2025-01-09 05:00,0.301493
2025-01-09 05:15,0.270095
2025-01-09 05:30,0.259018
2025-01-09 05:45,0.261434
2025-01-09 06:00,0.228421
2025-01-09 06:15,0.203988
2025-01-09 06:30,0.208812
2025-01-09 06:45,0.197336
2025-01-09 07:00,0.193461
2025-01-09 07:15,0.18558
2025-01-09 07:30,0.180691
2025-01-09 07:45,0.206641
2025-01-09 08:00,0.207161
2025-01-09 08:15,0.205943
2025-01-09 08:30,0.201711
2025-01-09 08:45,0.204411
2025-01-09 09:00,0.186179
2025-01-09 09:15,0.167828
2025-01-09 09:30,0.186125
2025-01-09 09:45,0.191884
2025-01-09 10:00,0.213536
2025-01-09 10:15,0.229993
2025-01-09 10:30,0.228011
2025-01-09 10:45,0.232735
2025-01-09 11:00,0.254463
2025-01-09 11:15,0.271997
2025-01-09 11:30,0.344088
2025-01-09 11:45,0.330834
2025-01-09 12:00,0.326251
2025-01-09 12:15,0.315879
2025-01-09 12:30,0.319732
2025-01-09 12:45,0.327402
2025-01-09 13:00,0.354661
2025-01-09 13:15,0.404803
2025-01-09 13:30,0.411309
2025-01-09 13:45,0.394644
2025-01-09 14:00,0.366984
2025-01-09 14:15,0.421312
2025-01-09 14:30,0.434775
2025-01-09 14:45,0.455358
2025-01-09 15:00,0.416635
2025-01-09 15:15,0.459406
2025-01-09 15:30,0.392423
2025-01-09 15:45,0.429799
2025-01-09 16:00,0.407201
2025-01-09 16:15,0.372836
2025-01-09 16:30,0.409059
2025-01-09 16:45,0.433719
2025-01-09 17:00,0.436337
2025-01-09 17:15,0.460685
2025-01-09 17:30,0.491546
2025-01-09 17:45,0.520813
2025-01-09 18:00,0.46925
2025-01-09 18:15,0.467211
2025-01-09 18:30,0.522947
2025-01-09 18:45,0.480493
2025-01-09 19:00,0.532639
2025-01-09 19:15,0.563416
2025-01-09 19:30,0.551484
2025-01-09 19:45,0.526536
2025-01-09 20:00,0.532963
2025-01-09 20:15,0.558481
2025-01-09 20:30,0.5646
2025-01-09 20:45,0.547049
2025-01-09 21:00,0.471337
2025-01-09 21:15,0.414863
2025-01-09 21:30,0.461553
2025-01-09 21:45,0.487926
2025-01-09 22:00,0.458878
2025-01-09 22:15,0.493954
2025-01-09 22:30,0.460494
2025-01-09 22:45,0.468703
2025-01-09 23:00,0.459028
2025-01-09 23:15,0.494086
2025-01-09 23:30,0.532968
2025-01-09 23:45,0.538498
2025-01-10 00:00,0.520959
2025-01-10 00:15,0.525091
2025-01-10 00:30,0.549322
2025-01-10 00:45,0.562883
2025-01-10 01:00,0.582992
2025-01-10 01:15,0.62188
2025-01-10 01:30,0.624001
2025-01-10 01:45,0.60048
2025-01-10 02:00,0.550424
2025-01-10 02:15,0.562526
2025-01-10 02:30,0.539607
2025-01-10 02:45,0.514405
2025-01-10 03:00,0.481498
2025-01-10 03:15,0.453847
2025-01-10 03:30,0.452432
2025-01-10 03:45,0.420905
2025-01-10 04:00,0.41403
2025-01-10 04:15,0.366318
2025-01-10 04:30,0.337777
2025-01-10 04:45,0.326662
2025-01-10 05:00,0.31846
2025-01-10 05:15,0.303667
2025-01-10 05:30,0.286768
2025-01-10 05:45,0.298404
2025-01-10 06:00,0.31681
2025-01-10 06:15,0.285289
2025-01-10 06:30,0.247531
2025-01-10 06:45,0.166514
2025-01-10 07:00,0.134466
2025-01-10 07:15,0.14988
2025-01-10 07:30,0.149946
2025-01-10 07:45,0.159115
2025-01-10 08:00,0.128414
2025-01-10 08:15,0.145712
2025-01-10 08:30,0.151863
2025-01-10 08:45,0.147618
2025-01-10 09:00,0.159149
2025-01-10 09:15,0.164622
2025-01-10 09:30,0.148457
2025-01-10 09:45,0.170114
2025-01-10 10:00,0.18698
2025-01-10 10:15,0.231537
2025-01-10 10:30,0.187026
2025-01-10 10:45,0.240186
2025-01-10 11:00,0.258913
2025-01-10 11:15,0.268212
2025-01-10 11:30,0.239576
2025-01-10 11:45,0.281104
2025-01-10 12:00,0.282531
2025-01-10 12:15,0.298765
2025-01-10 12:30,0.270104
2025-01-10 12:45,0.292592
2025-01-10 13:00,0.31189
2025-01-10 13:15,0.316654
2025-01-10 13:30,0.363218
2025-01-10 13:45,0.379265
2025-01-10 14:00,0.386124
2025-01-10 14:15,0.403189
2025-01-10 14:30,0.376198
2025-01-10 14:45,0.375265
2025-01-10 15:00,0.352906
2025-01-10 15:15,0.338707
2025-01-10 15:30,0.352738
2025-01-10 15:45,0.370723
2025-01-10 16:00,0.355774
2025-01-10 16:15,0.389834
2025-01-10 16:30,0.427211
2025-01-10 16:45,0.553945
2025-01-10 17:00,0.413693
2025-01-10 17:15,0.392356
2025-01-10 17:30,0.487703
2025-01-10 17:45,0.473803
2025-01-10 18:00,0.49218
2025-01-10 18:15,0.538333
2025-01-10 18:30,0.519576
2025-01-10 18:45,0.527332
2025-01-10 19:00,0.523725
2025-01-10 19:15,0.510888
2025-01-10 19:30,0.509734
2025-01-10 19:45,0.524776
2025-01-10 20:00,0.570432
2025-01-10 20:15,0.526024
2025-01-10 20:30,0.470187
2025-01-10 20:45,0.502562
2025-01-10 21:00,0.50657
2025-01-10 21:15,0.516983
2025-01-10 21:30,0.446597
2025-01-10 21:45,0.487717
2025-01-10 22:00,0.459799
2025-01-10 22:15,0.44914
2025-01-10 22:30,0.456295
2025-01-10 22:45,0.520214
2025-01-10 23:00,0.501934
2025-01-10 23:15,0.536845
2025-01-10 23:30,0.507549
2025-01-10 23:45,0.516696
2025-01-11 00:00,0.536695
2025-01-11 00:15,0.59236
2025-01-11 00:30,0.547277
2025-01-11 00:45,0.689375
2025-01-11 01:00,0.776046
2025-01-11 01:15,0.649073
2025-01-11 01:30,0.65064
2025-01-11 01:45,0.637658
2025-01-11 02:00,0.610579
2025-01-11 02:15,0.64605
2025-01-11 02:30,0.608317
2025-01-11 02:45,0.521244
2025-01-11 03:00,0.506495
2025-01-11 03:15,0.503046
2025-01-11 03:30,0.497365
2025-01-11 03:45,0.492614
2025-01-11 04:00,0.458884
2025-01-11 04:15,0.464491
2025-01-11 04:30,0.388549
2025-01-11 04:45,0.356587
2025-01-11 05:00,0.354536
2025-01-11 05:15,0.334656
2025-01-11 05:30,0.300121
2025-01-11 05:45,0.281543
2025-01-11 06:00,0.280729
2025-01-11 06:15,0.282575
2025-01-11 06:30,0.243403
2025-01-11 06:45,0.231132
2025-01-11 07:00,0.223591
2025-01-11 07:15,0.246831
2025-01-11 07:30,0.239137
2025-01-11 07:45,0.220705
2025-01-11 08:00,0.212268
2025-01-11 08:15,0.205538
2025-01-11 08:30,0.206122
2025-01-11 08:45,0.189623
2025-01-11 09:00,0.185454
2025-01-11 09:15,0.196013
2025-01-11 09:30,0.195531
2025-01-11 09:45,0.194841
2025-01-11 10:00,0.20242
2025-01-11 10:15,0.220422
2025-01-11 10:30,0.226229
2025-01-11 10:45,0.239864
2025-01-11 11:00,0.265385
2025-01-11 11:15,0.272998
2025-01-11 11:30,0.290724
2025-01-11 11:45,0.306843
2025-01-11 12:00,0.340563
2025-01-11 12:15,0.339138
2025-01-11 12:30,0.371845
2025-01-11 12:45,0.361139
2025-01-11 13:00,0.391504
2025-01-11 13:15,0.408007
2025-01-11 13:30,0.402751
2025-01-11 13:45,0.395052
2025-01-11 14:00,0.411948
2025-01-11 14:15,0.433542
2025-01-11 14:30,0.456206
2025-01-11 14:45,0.464821
2025-01-11 15:00,0.474634
2025-01-11 15:15,0.487215
2025-01-11 15:30,0.51308
2025-01-11 15:45,0.514402
2025-01-11 16:00,0.548638
2025-01-11 16:15,0.49874
2025-01-11 16:30,0.510717
2025-01-11 16:45,0.498891
2025-01-11 17:00,0.549372
2025-01-11 17:15,0.554635
2025-01-11 17:30,0.547484
2025-01-11 17:45,0.582498
2025-01-11 18:00,0.555959
2025-01-11 18:15,0.548451
2025-01-11 18:30,0.553363
2025-01-11 18:45,0.591901
2025-01-11 19:00,0.561636
2025-01-11 19:15,0.576904
2025-01-11 19:30,0.600859
2025-01-11 19:45,0.595391
2025-01-11 20:00,0.543485
2025-01-11 20:15,0.554481
2025-01-11 20:30,0.601436
2025-01-11 20:45,0.610992
2025-01-11 21:00,0.594548
2025-01-11 21:15,0.541529
2025-01-11 21:30,0.568529
2025-01-11 21:45,0.525477
2025-01-11 22:00,0.525669
2025-01-11 22:15,0.508809
2025-01-11 22:30,0.530893
2025-01-11 22:45,0.555187
2025-01-11 23:00,0.555112
2025-01-11 23:15,0.545006
2025-01-11 23:30,0.602053
2025-01-11 23:45,0.537509
2025-01-12 00:00,0.574239
2025-01-12 00:15,0.58547
2025-01-12 00:30,0.614758
2025-01-12 00:45,0.633629
2025-01-12 01:00,0.69389
2025-01-12 01:15,0.640987
2025-01-12 01:30,0.647287
2025-01-12 01:45,0.65412
2025-01-12 02:00,0.686968
2025-01-12 02:15,0.66063
2025-01-12 02:30,0.637859
2025-01-12 02:45,0.644059
2025-01-12 03:00,0.65033
2025-01-12 03:15,0.598517
2025-01-12 03:30,0.582444
2025-01-12 03:45,0.577461
2025-01-12 04:00,0.488919
2025-01-12 04:15,0.47176
2025-01-12 04:30,0.484553
2025-01-12 04:45,0.433465
2025-01-12 05:00,0.384546
2025-01-12 05:15,0.344615
2025-01-12 05:30,0.359093
2025-01-12 05:45,0.361786
2025-01-12 06:00,0.344647
2025-01-12 06:15,0.32666
2025-01-12 06:30,0.305135
2025-01-12 06:45,0.264993
2025-01-12 07:00,0.273632
2025-01-12 07:15,0.232965
2025-01-12 07:30,0.228831
2025-01-12 07:45,0.228381
2025-01-12 08:00,0.230311
2025-01-12 08:15,0.219907
2025-01-12 08:30,0.229778
2025-01-12 08:45,0.198539
2025-01-12 09:00,0.204616
2025-01-12 09:15,0.210752
2025-01-12 09:30,0.211721
2025-01-12 09:45,0.202296
2025-01-12 10:00,0.209124
2025-01-12 10:15,0.203111
2025-01-12 10:30,0.22437
2025-01-12 10:45,0.222888
2025-01-12 11:00,0.248197
2025-01-12 11:15,0.272134
2025-01-12 11:30,0.293135
2025-01-12 11:45,0.309922
2025-01-12 12:00,0.328824
2025-01-12 12:15,0.32987
2025-01-12 12:30,0.364489
2025-01-12 12:45,0.400941
2025-01-12 13:00,0.409149
2025-01-12 13:15,0.420066
2025-01-12 13:30,0.415469
2025-01-12 13:45,0.428279
2025-01-12 14:00,0.46075
2025-01-12 14:15,0.439548
2025-01-12 14:30,0.487502
2025-01-12 14:45,0.534126
2025-01-12 15:00,0.665576
2025-01-12 15:15,0.594041
2025-01-12 15:30,0.556835
2025-01-12 15:45,0.539322
2025-01-12 16:00,0.54322
2025-01-12 16:15,0.560005
2025-01-12 16:30,0.608123
2025-01-12 16:45,0.599906
2025-01-12 17:00,0.588421
2025-01-12 17:15,0.602929
2025-01-12 17:30,0.596449
2025-01-12 17:45,0.614836
2025-01-12 18:00,0.582164
2025-01-12 18:15,0.570028
2025-01-12 18:30,0.646223
2025-01-12 18:45,0.648841
2025-01-12 19:00,0.781465
2025-01-12 19:15,0.849919
2025-01-12 19:30,0.940245
2025-01-12 19:45,0.91477
2025-01-12 20:00,0.856567
2025-01-12 20:15,0.879488
2025-01-12 20:30,0.96327
2025-01-12 20:45,1.0
2025-01-12 21:00,0.886051
2025-01-12 21:15,0.683389
2025-01-12 21:30,0.646778
2025-01-12 21:45,0.65328
2025-01-12 22:00,0.642949
2025-01-12 22:15,0.626486
2025-01-12 22:30,0.619111
2025-01-12 22:45,0.641346
2025-01-12 23:00,0.625945
2025-01-12 23:15,0.589092
2025-01-12 23:30,0.605801
2025-01-12 23:45,0.629638
2025-01-13 00:00,0.731164
2025-01-13 00:15,0.729574
2025-01-13 00:30,0.721004
2025-01-13 00:45,0.851794
2025-01-13 01:00,0.844998
2025-01-13 01:15,0.704664
2025-01-13 01:30,0.666937
2025-01-13 01:45,0.687844
2025-01-13 02:00,0.720656
2025-01-13 02:15,0.678934
2025-01-13 02:30,0.652478
2025-01-13 02:45,0.630152
2025-01-13 03:00,0.581887
2025-01-13 03:15,0.566008
2025-01-13 03:30,0.522715
2025-01-13 03:45,0.561383
2025-01-13 04:00,0.464026
2025-01-13 04:15,0.435638
2025-01-13 04:30,0.405254
2025-01-13 04:45,0.415732
2025-01-13 05:00,0.510481
2025-01-13 05:15,0.47301
2025-01-13 05:30,0.295933
2025-01-13 05:45,0.281827
2025-01-13 06:00,0.276671
2025-01-13 06:15,0.265125
2025-01-13 06:30,0.249968
2025-01-13 06:45,0.236736
2025-01-13 07:00,0.229149
2025-01-13 07:15,0.212373
2025-01-13 07:30,0.208696
2025-01-13 07:45,0.181384
2025-01-13 08:00,0.175237
2025-01-13 08:15,0.18505
2025-01-13 08:30,0.178755
2025-01-13 08:45,0.183296
2025-01-13 09:00,0.193853
2025-01-13 09:15,0.192047
2025-01-13 09:30,0.19633
2025-01-13 09:45,0.209653
2025-01-13 10:00,0.224374
2025-01-13 10:15,0.215047
2025-01-13 10:30,0.233318
2025-01-13 10:45,0.244243
2025-01-13 11:00,0.295825
2025-01-13 11:15,0.293275
2025-01-13 11:30,0.297907
2025-01-13 11:45,0.306971
2025-01-13 12:00,0.326746
2025-01-13 12:15,0.34276
2025-01-13 12:30,0.401883
2025-01-13 12:45,0.433247
2025-01-13 13:00,0.434445
2025-01-13 13:15,0.41428
2025-01-13 13:30,0.447862
2025-01-13 13:45,0.460437
2025-01-13 14:00,0.441843
2025-01-13 14:15,0.384227
2025-01-13 14:30,0.381542
2025-01-13 14:45,0.409305
2025-01-13 15:00,0.406188
2025-01-13 15:15,0.417523
2025-01-13 15:30,0.450807
2025-01-13 15:45,0.444241
2025-01-13 16:00,0.466378
2025-01-13 16:15,0.453503
2025-01-13 16:30,0.444074
2025-01-13 16:45,0.460136
2025-01-13 17:00,0.429766
2025-01-13 17:15,0.460171
2025-01-13 17:30,0.509292
2025-01-13 17:45,0.467211
2025-01-13 18:00,0.464057
2025-01-13 18:15,0.515468
2025-01-13 18:30,0.557361
2025-01-13 18:45,0.509152
2025-01-13 19:00,0.504403
2025-01-13 19:15,0.536923
2025-01-13 19:30,0.604543
2025-01-13 19:45,0.510717
2025-01-13 20:00,0.624537
2025-01-13 20:15,0.646173
2025-01-13 20:30,0.50786
2025-01-13 20:45,0.501847
2025-01-13 21:00,0.502573
2025-01-13 21:15,0.44748
2025-01-13 21:30,0.435381
2025-01-13 21:45,0.453893
2025-01-13 22:00,0.483309
2025-01-13 22:15,0.499234
2025-01-13 22:30,0.480342
2025-01-13 22:45,0.491196
2025-01-13 23:00,0.548425
2025-01-13 23:15,0.516869
2025-01-13 23:30,0.614658
2025-01-13 23:45,0.652591
2025-01-14 00:00,0.679115
2025-01-14 00:15,0.687713
2025-01-14 00:30,0.619716
2025-01-14 00:45,0.659545
2025-01-14 01:00,0.6509
2025-01-14 01:15,0.691911
2025-01-14 01:30,0.69685
2025-01-14 01:45,0.67414
2025-01-14 02:00,0.655655
2025-01-14 02:15,0.63653
2025-01-14 02:30,0.598261
2025-01-14 02:45,0.569192
2025-01-14 03:00,0.554247
2025-01-14 03:15,0.54205
2025-01-14 03:30,0.494191
2025-01-14 03:45,0.475154
2025-01-14 04:00,0.452387
2025-01-14 04:15,0.418274
2025-01-14 04:30,0.383964
2025-01-14 04:45,0.342954
2025-01-14 05:00,0.348762
2025-01-14 05:15,0.310813
2025-01-14 05:30,0.278035
2025-01-14 05:45,0.270074
2025-01-14 06:00,0.268062
2025-01-14 06:15,0.251301
2025-01-14 06:30,0.255607
2025-01-14 06:45,0.267162
2025-01-14 07:00,0.242152
2025-01-14 07:15,0.236339
2025-01-14 07:30,0.219849
2025-01-14 07:45,0.209599
2025-01-14 08:00,0.211421
2025-01-14 08:15,0.18928
2025-01-14 08:30,0.195283
2025-01-14 08:45,0.194484
2025-01-14 09:00,0.186001
2025-01-14 09:15,0.18942
2025-01-14 09:30,0.391096
2025-01-14 09:45,0.411888
2025-01-14 10:00,0.408346
2025-01-14 10:15,0.501262
2025-01-14 10:30,0.348431
2025-01-14 10:45,0.33896
2025-01-14 11:00,0.359727
2025-01-14 11:15,0.376317
2025-01-14 11:30,0.359127
2025-01-14 11:45,0.410841
2025-01-14 12:00,0.414929
2025-01-14 12:15,0.441558
2025-01-14 12:30,0.517684
2025-01-14 12:45,0.650307
2025-01-14 13:00,0.61938
2025-01-14 13:15,0.478495
2025-01-14 13:30,0.435628
2025-01-14 13:45,0.346869
2025-01-14 14:00,0.382875
2025-01-14 14:15,0.420557
2025-01-14 14:30,0.554498
2025-01-14 14:45,0.51228
2025-01-14 15:00,0.475329
2025-01-14 15:15,0.432045
2025-01-14 15:30,0.418242
2025-01-14 15:45,0.472975
2025-01-14 16:00,0.550526
2025-01-14 16:15,0.516268
2025-01-14 16:30,0.472513
2025-01-14 16:45,0.480239
2025-01-14 17:00,0.517351
2025-01-14 17:15,0.546071
2025-01-14 17:30,0.555617
2025-01-14 17:45,0.562241
2025-01-14 18:00,0.559864
2025-01-14 18:15,0.597836
2025-01-14 18:30,0.564457
2025-01-14 18:45,0.586449
2025-01-14 19:00,0.643434
2025-01-14 19:15,0.555676
2025-01-14 19:30,0.601232
2025-01-14 19:45,0.605201
2025-01-14 20:00,0.585361
2025-01-14 20:15,0.615439
2025-01-14 20:30,0.627618
2025-01-14 20:45,0.609427
2025-01-14 21:00,0.61994
2025-01-14 21:15,0.62974
2025-01-14 21:30,0.651396
2025-01-14 21:45,0.606787
2025-01-14 22:00,0.693215
2025-01-14 22:15,0.69554
2025-01-14 22:30,0.707151
2025-01-14 22:45,0.70871
2025-01-14 23:00,0.688449
2025-01-14 23:15,0.793065
2025-01-14 23:30,0.758519
2025-01-14 23:45,0.769511
2025-01-15 00:00,0.837964
2025-01-15 00:00,0.941829
2025-01-15 00:15,0.781073
2025-01-15 00:30,0.757058
2025-01-15 00:45,0.798104
2025-01-15 01:00,0.845807
2025-01-15 01:15,0.866898
2025-01-15 01:30,0.811786
2025-01-15 01:45,0.784258
2025-01-15 02:00,0.754375
2025-01-15 02:15,0.736466
2025-01-15 02:30,0.636074
2025-01-15 02:45,0.618497
2025-01-15 03:00,0.590382
2025-01-15 03:15,0.516403
2025-01-15 03:30,0.519531
2025-01-15 03:45,0.514456
2025-01-15 04:00,0.466511
2025-01-15 04:15,0.40554
2025-01-15 04:30,0.357513
2025-01-15 04:45,0.374025
2025-01-15 05:00,0.405362
2025-01-15 05:15,0.390653
2025-01-15 05:30,0.38885
2025-01-15 05:45,0.361501
2025-01-15 06:00,0.34305
2025-01-15 06:15,0.316816
2025-01-15 06:30,0.274747
2025-01-15 06:45,0.228952
2025-01-15 07:00,0.208133
2025-01-15 07:15,0.215802
2025-01-15 07:30,0.195932
2025-01-15 07:45,0.2054
2025-01-15 08:00,0.224122
2025-01-15 08:15,0.210564
2025-01-15 08:30,0.195969
2025-01-15 08:45,0.212732
2025-01-15 09:00,0.201842
2025-01-15 09:15,0.217936
2025-01-15 09:30,0.283404
2025-01-15 09:45,0.285388
2025-01-15 10:00,0.253567
2025-01-15 10:15,0.260989
2025-01-15 10:30,0.267271
2025-01-15 10:45,0.28852
2025-01-15 11:00,0.314631
2025-01-15 11:15,0.306351
2025-01-15 11:30,0.33477
2025-01-15 11:45,0.352099
2025-01-15 12:00,0.389595
2025-01-15 12:15,0.374064
2025-01-15 12:30,0.377861
2025-01-15 12:45,0.377851
2025-01-15 13:00,0.407158
2025-01-15 13:15,0.414416
2025-01-15 13:30,0.420373
2025-01-15 13:45,0.430408
2025-01-15 14:00,0.446477
2025-01-15 14:15,0.45403
2025-01-15 14:30,0.439541
2025-01-15 14:45,0.434071
2025-01-15 15:00,0.426644
2025-01-15 15:15,0.411193
2025-01-15 15:30,0.42141
2025-01-15 15:45,0.460645
2025-01-15 16:00,0.445638
2025-01-15 16:15,0.435957
2025-01-15 16:30,0.426757
2025-01-15 16:45,0.408545
2025-01-15 17:00,0.42336
2025-01-15 17:15,0.440832
2025-01-15 17:30,0.486721
2025-01-15 17:45,0.461517
2025-01-15 18:00,0.554182
2025-01-15 18:15,0.525515
2025-01-15 18:30,0.535249
2025-01-15 18:45,0.553119
2025-01-15 19:00,0.538477
2025-01-15 19:15,0.523962
2025-01-15 19:30,0.57191
2025-01-15 19:45,0.561081
2025-01-15 20:00,0.612033
2025-01-15 20:15,0.62085
2025-01-15 20:30,0.633782
2025-01-15 20:45,0.625857
2025-01-15 21:00,0.591953
2025-01-15 21:15,0.654476
2025-01-15 21:30,0.648051
2025-01-15 21:45,0.663165
2025-01-15 22:00,0.566304
2025-01-15 22:15,0.60243
2025-01-15 22:30,0.61099
2025-01-15 22:45,0.564445
2025-01-15 23:00,0.602273
2025-01-15 23:15,0.634258
2025-01-15 23:30,0.642363
2025-01-15 23:45,0.641036
2025-01-16 00:00,0.721963
2025-01-16 00:15,0.735286
2025-01-16 00:30,0.731144
2025-01-16 00:45,0.7599
2025-01-16 01:00,0.668596
2025-01-16 01:15,0.6779
2025-01-16 01:30,0.702436
2025-01-16 01:45,0.743584
2025-01-16 02:00,0.663447
2025-01-16 02:15,0.660122
2025-01-16 02:30,0.63433
2025-01-16 02:45,0.623396
2025-01-16 03:00,0.587069
2025-01-16 03:15,0.537426
2025-01-16 03:30,0.521363
2025-01-16 03:45,0.449716
2025-01-16 04:00,0.427976
2025-01-16 04:15,0.428673
2025-01-16 04:30,0.390347
2025-01-16 04:45,0.399113
2025-01-16 05:00,0.378218
2025-01-16 05:15,0.342433
2025-01-16 05:30,0.3461
2025-01-16 05:45,0.302501
2025-01-16 06:00,0.292817
2025-01-16 06:15,0.292778
2025-01-16 06:30,0.278474
2025-01-16 06:45,0.269142
2025-01-16 07:00,0.241293
2025-01-16 07:15,0.276588
2025-01-16 07:30,0.23621
2025-01-16 07:45,0.214154
2025-01-16 08:00,0.231352
2025-01-16 08:15,0.217956
2025-01-16 08:30,0.228807
2025-01-16 08:45,0.217709
2025-01-16 09:00,0.206556
2025-01-16 09:15,0.213625
2025-01-16 09:30,0.226814
2025-01-16 09:45,0.224876
2025-01-16 10:00,0.257215
2025-01-16 10:15,0.27388
2025-01-16 10:30,0.305056
2025-01-16 10:45,0.306838
2025-01-16 11:00,0.349292
2025-01-16 11:15,0.388352
2025-01-16 11:30,0.389034
2025-01-16 11:45,0.411935
2025-01-16 12:00,0.414442
2025-01-16 12:15,0.460657
2025-01-16 12:30,0.447684
2025-01-16 12:45,0.439007
2025-01-16 13:00,0.443611
2025-01-16 13:15,0.450971
2025-01-16 13:30,0.420484
2025-01-16 13:45,0.414921
2025-01-16 14:00,0.440649
2025-01-16 14:15,0.490324
2025-01-16 14:30,0.462043
2025-01-16 14:45,0.53526
2025-01-16 15:00,0.550444
2025-01-16 15:15,0.53737
2025-01-16 15:30,0.624924
2025-01-16 15:45,0.513662
2025-01-16 16:00,0.536031
2025-01-16 16:15,0.498268
2025-01-16 16:30,0.523869
2025-01-16 16:45,0.5086
2025-01-16 17:00,0.531719
2025-01-16 17:15,0.621178
2025-01-16 17:30,0.595466
2025-01-16 17:45,0.56461
2025-01-16 18:00,0.55847
2025-01-16 18:15,0.552152
2025-01-16 18:30,0.558846
2025-01-16 18:45,0.540991
2025-01-16 19:00,0.573272
2025-01-16 19:15,0.592978
2025-01-16 19:30,0.600712
2025-01-16 19:45,0.583525
2025-01-16 20:00,0.602496
2025-01-16 20:15,0.587614
2025-01-16 20:30,0.611514
2025-01-16 20:45,0.651229
2025-01-16 21:00,0.645824
2025-01-16 21:15,0.65957
2025-01-16 21:30,0.610387
2025-01-16 21:45,0.608938
2025-01-16 22:00,0.607607
2025-01-16 22:15,0.615947
2025-01-16 22:30,0.651208
2025-01-16 22:45,0.656372
2025-01-16 23:00,0.642953
2025-01-16 23:15,0.599352
2025-01-16 23:30,0.614698
2025-01-16 23:45,0.60684
2025-01-17 00:00,0.64415
2025-01-17 00:15,0.664604
2025-01-17 00:30,0.708679
2025-01-17 00:45,0.691595
2025-01-17 01:00,0.680738
2025-01-17 01:15,0.714995
2025-01-17 01:30,0.697904
2025-01-17 01:45,0.69428
2025-01-17 02:00,0.680224
2025-01-17 02:15,0.707642
2025-01-17 02:30,0.642043
2025-01-17 02:45,0.607569
2025-01-17 03:00,0.522635
2025-01-17 03:15,0.600658
2025-01-17 03:30,0.523221
2025-01-17 03:45,0.48507
2025-01-17 04:00,0.443195
2025-01-17 04:15,0.45195
2025-01-17 04:30,0.411229
2025-01-17 04:45,0.396767
2025-01-17 05:00,0.378298
2025-01-17 05:15,0.370697
2025-01-17 05:30,0.341299
2025-01-17 05:45,0.323428
2025-01-17 06:00,0.286502
2025-01-17 06:15,0.274736
2025-01-17 06:30,0.294012
2025-01-17 06:45,0.269533
2025-01-17 07:00,0.236809
2025-01-17 07:15,0.217905
2025-01-17 07:30,0.213684
2025-01-17 07:45,0.220738
2025-01-17 08:00,0.200357
2025-01-17 08:15,0.203154
2025-01-17 08:30,0.184502
2025-01-17 08:45,0.199964
2025-01-17 09:00,0.201441
2025-01-17 09:15,0.206042
2025-01-17 09:30,0.241276
2025-01-17 09:45,0.234797
2025-01-17 10:00,0.242305
2025-01-17 10:15,0.268218
2025-01-17 10:30,0.269716
2025-01-17 10:45,0.289555
2025-01-17 11:00,0.274294
2025-01-17 11:15,0.323013
2025-01-17 11:30,0.337167
2025-01-17 11:45,0.355331
2025-01-17 12:00,0.396719
2025-01-17 12:15,0.387863
2025-01-17 12:30,0.367
2025-01-17 12:45,0.380924
2025-01-17 13:00,0.401668
2025-01-17 13:15,0.417346
2025-01-17 13:30,0.413892
2025-01-17 13:45,0.465215
2025-01-17 14:00,0.530785
2025-01-17 14:15,0.418708
2025-01-17 14:30,0.385483
2025-01-17 14:45,0.437632
2025-01-17 15:00,0.408532
2025-01-17 15:15,0.46727
2025-01-17 15:30,0.433342
2025-01-17 15:45,0.431318
2025-01-17 16:00,0.424152
2025-01-17 16:15,0.436299
2025-01-17 16:30,0.446118
2025-01-17 16:45,0.468298
2025-01-17 17:00,0.438133
2025-01-17 17:15,0.504799
2025-01-17 17:30,0.479163
2025-01-17 17:45,0.490207
2025-01-17 18:00,0.501089
2025-01-17 18:15,0.524064
2025-01-17 18:30,0.478153
2025-01-17 18:45,0.479061
2025-01-17 19:00,0.489381
2025-01-17 19:15,0.524762
2025-01-17 19:30,0.514775
2025-01-17 19:45,0.515291
2025-01-17 20:00,0.527141
2025-01-17 20:15,0.483541
2025-01-17 20:30,0.480425
2025-01-17 20:45,0.477524
2025-01-17 21:00,0.472586
2025-01-17 21:15,0.50686
2025-01-17 21:30,0.496299
2025-01-17 21:45,0.561879
2025-01-17 22:00,0.521031
2025-01-17 22:15,0.547059
2025-01-17 22:30,0.563745
2025-01-17 22:45,0.56068
2025-01-17 23:00,0.589613
2025-01-17 23:15,0.630886
2025-01-17 23:30,0.655816
2025-01-17 23:45,0.611546
2025-01-18 00:00,0.639628
2025-01-18 00:15,0.700482
2025-01-18 00:30,0.647778
2025-01-18 00:45,0.669048
2025-01-18 01:00,0.695096
2025-01-18 01:15,0.718205
2025-01-18 01:30,0.665238
2025-01-18 01:45,0.683346
2025-01-18 02:00,0.676839
2025-01-18 02:15,0.699397
2025-01-18 02:30,0.599394
2025-01-18 02:45,0.627445
2025-01-18 03:00,0.647665
2025-01-18 03:15,0.595631
2025-01-18 03:30,0.533021
2025-01-18 03:45,0.588452
2025-01-18 04:00,0.595566
2025-01-18 04:15,0.502822
2025-01-18 04:30,0.454833
2025-01-18 04:45,0.430084
2025-01-18 05:00,0.406153
2025-01-18 05:15,0.377445
2025-01-18 05:30,0.367372
2025-01-18 05:45,0.373035
2025-01-18 06:00,0.314203
2025-01-18 06:15,0.279654
2025-01-18 06:30,0.269677
2025-01-18 06:45,0.268759
2025-01-18 07:00,0.282457
2025-01-18 07:15,0.240429
2025-01-18 07:30,0.236054
2025-01-18 07:45,0.246146
2025-01-18 08:00,0.24712
2025-01-18 08:15,0.203631
2025-01-18 08:30,0.20733
2025-01-18 08:45,0.214072
2025-01-18 09:00,0.209495
2025-01-18 09:15,0.20497
2025-01-18 09:30,0.210908
2025-01-18 09:45,0.205351
2025-01-18 10:00,0.211219
2025-01-18 10:15,0.212008
2025-01-18 10:30,0.265865
2025-01-18 10:45,0.238568
2025-01-18 11:00,0.322071
2025-01-18 11:15,0.38249
2025-01-18 11:30,0.343903
2025-01-18 11:45,0.354908
2025-01-18 12:00,0.39461
2025-01-18 12:15,0.379819
2025-01-18 12:30,0.404168
2025-01-18 12:45,0.432034
2025-01-18 13:00,0.4508
2025-01-18 13:15,0.458839
2025-01-18 13:30,0.490061
2025-01-18 13:45,0.517243
2025-01-18 14:00,0.494178
2025-01-18 14:15,0.478618
2025-01-18 14:30,0.464226
2025-01-18 14:45,0.483125
2025-01-18 15:00,0.52386
2025-01-18 15:15,0.587534
2025-01-18 15:30,0.581273
2025-01-18 15:45,0.62934
2025-01-18 16:00,0.61834
2025-01-18 16:15,0.561288
2025-01-18 16:30,0.600103
2025-01-18 16:45,0.635606
2025-01-18 17:00,0.715215
2025-01-18 17:15,0.646449
2025-01-18 17:30,0.686597
2025-01-18 17:45,0.723518
2025-01-18 18:00,0.693257
2025-01-18 18:15,0.758311
2025-01-18 18:30,0.699388
2025-01-18 18:45,0.638155
2025-01-18 19:00,0.695766
2025-01-18 19:15,0.690962
2025-01-18 19:30,0.671468
2025-01-18 19:45,0.615676
2025-01-18 20:00,0.655109
2025-01-18 20:15,0.588077
2025-01-18 20:30,0.74821
2025-01-18 20:45,0.688501
2025-01-18 21:00,0.621802
2025-01-18 21:15,0.616246
2025-01-18 21:30,0.611837
2025-01-18 21:45,0.610843
2025-01-18 22:00,0.512931
2025-01-18 22:15,0.502639
2025-01-18 22:30,0.518202
2025-01-18 22:45,0.515114
2025-01-18 23:00,0.516426
2025-01-18 23:15,0.544723
2025-01-18 23:30,0.563198
2025-01-18 23:45,0.611599
2025-01-19 00:00,0.650837
2025-01-19 00:15,0.620609
2025-01-19 00:30,0.647725
2025-01-19 00:45,0.641049
2025-01-19 01:00,0.688561
2025-01-19 01:15,0.519075
2025-01-19 01:30,0.399023
2025-01-19 01:45,0.401194
2025-01-19 02:00,0.41225
2025-01-19 02:15,0.507526
2025-01-19 02:30,0.552127
2025-01-19 02:45,0.586693
2025-01-19 03:00,0.59148
2025-01-19 03:15,0.572989
2025-01-19 03:30,0.56773
2025-01-19 03:45,0.554228
2025-01-19 04:00,0.487685
2025-01-19 04:15,0.508082
2025-01-19 04:30,0.493193
2025-01-19 04:45,0.445024
2025-01-19 05:00,0.45126
2025-01-19 05:15,0.4033
2025-01-19 05:30,0.37518
2025-01-19 05:45,0.415313
2025-01-19 06:00,0.344585
2025-01-19 06:15,0.307101
2025-01-19 06:30,0.260538
2025-01-19 06:45,0.302938
2025-01-19 07:00,0.257431
2025-01-19 07:15,0.255975
2025-01-19 07:30,0.239595
2025-01-19 07:45,0.230992
2025-01-19 08:00,0.22771
2025-01-19 08:15,0.231187
2025-01-19 08:30,0.228884
2025-01-19 08:45,0.206294
2025-01-19 09:00,0.202583
2025-01-19 09:15,0.188563
2025-01-19 09:30,0.189737
2025-01-19 09:45,0.190568
2025-01-19 10:00,0.269579
2025-01-19 10:15,0.21558
2025-01-19 10:30,0.228842
2025-01-19 10:45,0.231894
2025-01-19 11:00,0.299131
2025-01-19 11:15,0.294663
2025-01-19 11:30,0.346141
2025-01-19 11:45,0.365896
2025-01-19 12:00,0.400631
2025-01-19 12:15,0.410951
2025-01-19 12:30,0.412565
2025-01-19 12:45,0.426396
2025-01-19 13:00,0.45251
2025-01-19 13:15,0.581072
2025-01-19 13:30,0.490007
2025-01-19 13:45,0.477413
2025-01-19 14:00,0.532346
2025-01-19 14:15,0.556968
2025-01-19 14:30,0.576325
2025-01-19 14:45,0.578901
2025-01-19 15:00,0.574754
2025-01-19 15:15,0.592199
2025-01-19 15:30,0.666594
2025-01-19 15:45,0.644512
2025-01-19 16:00,0.634216
2025-01-19 16:15,0.665735
2025-01-19 16:30,0.660338
2025-01-19 16:45,0.755971
2025-01-19 17:00,0.782938
2025-01-19 17:15,0.735071
2025-01-19 17:30,0.69457
2025-01-19 17:45,0.578893
2025-01-19 18:00,0.589613
2025-01-19 18:15,0.600092
2025-01-19 18:30,0.627165
2025-01-19 18:45,0.623619
2025-01-19 19:00,0.59055
2025-01-19 19:15,0.634025
2025-01-19 19:30,0.655873
2025-01-19 19:45,0.70574
2025-01-19 20:00,0.721678
2025-01-19 20:15,0.646971
2025-01-19 20:30,0.675411
2025-01-19 20:45,0.690027
2025-01-19 21:00,0.628059
2025-01-19 21:15,0.629715
2025-01-19 21:30,0.652916
2025-01-19 21:45,0.710036
2025-01-19 22:00,0.639308
2025-01-19 22:15,0.648374
2025-01-19 22:30,0.653554
2025-01-19 22:45,0.763328
2025-01-19 23:00,0.7559
2025-01-19 23:15,0.673418
2025-01-19 23:30,0.781461
2025-01-19 23:45,0.768021
2025-01-20 00:00,0.81683
2025-01-20 00:15,0.819284
2025-01-20 00:30,0.803626
2025-01-20 00:45,0.850698
2025-01-20 01:00,0.883083
2025-01-20 01:15,0.922321
2025-01-20 01:30,0.914518
2025-01-20 01:45,1.0
2025-01-20 02:00,0.94677
2025-01-20 02:15,0.901489
2025-01-20 02:30,0.875001
2025-01-20 02:45,0.840478
2025-01-20 03:00,0.746886
2025-01-20 03:15,0.733313
2025-01-20 03:30,0.659671
2025-01-20 03:45,0.605502
2025-01-20 04:00,0.567444
2025-01-20 04:15,0.535759
2025-01-20 04:30,0.468586
2025-01-20 04:45,0.45116
2025-01-20 05:00,0.448576
2025-01-20 05:15,0.393128
2025-01-20 05:30,0.387843
2025-01-20 05:45,0.364911
2025-01-20 06:00,0.362907
2025-01-20 06:15,0.321931
2025-01-20 06:30,0.32002
2025-01-20 06:45,0.317874
2025-01-20 07:00,0.284571
2025-01-20 07:15,0.276338
2025-01-20 07:30,0.252629
2025-01-20 07:45,0.264741
2025-01-20 08:00,0.247677
2025-01-20 08:15,0.246632
2025-01-20 08:30,0.24478
2025-01-20 08:45,0.252506
2025-01-20 09:00,0.255282
2025-01-20 09:15,0.270072
2025-01-20 09:30,0.266964
2025-01-20 09:45,0.281928
2025-01-20 10:00,0.303995
2025-01-20 10:15,0.303455
2025-01-20 10:30,0.324174
2025-01-20 10:45,0.328329
2025-01-20 11:00,0.357462
2025-01-20 11:15,0.387967
2025-01-20 11:30,0.408827
2025-01-20 11:45,0.399929
2025-01-20 12:00,0.412565
2025-01-20 12:15,0.020431
2025-01-20 12:30,0.426392
2025-01-20 12:45,0.506129
2025-01-20 13:00,0.448936
2025-01-20 13:15,0.442508
2025-01-20 13:30,0.490085
2025-01-20 13:45,0.456878
2025-01-20 14:00,0.472281
2025-01-20 14:15,0.471233
2025-01-20 14:30,0.452221
2025-01-20 14:45,0.520906
2025-01-20 15:00,0.552035
2025-01-20 15:15,0.491886
2025-01-20 15:30,0.505328
2025-01-20 15:45,0.533504
2025-01-20 16:00,0.503861
2025-01-20 16:15,0.566443
2025-01-20 16:30,0.540008
2025-01-20 16:45,0.564762
2025-01-20 17:00,0.556302
2025-01-20 17:15,0.579003
2025-01-20 17:30,0.63509
2025-01-20 17:45,0.61036
2025-01-20 18:00,0.636614
2025-01-20 18:15,0.58628
2025-01-20 18:30,0.615643
2025-01-20 18:45,0.674767
2025-01-20 19:00,0.667868
2025-01-20 19:15,0.690766
2025-01-20 19:30,0.638845
2025-01-20 19:45,0.680649
2025-01-20 20:00,0.682901
2025-01-20 20:15,0.653487
2025-01-20 20:30,0.633273
2025-01-20 20:45,0.664794
2025-01-20 21:00,0.647192
2025-01-20 21:15,0.603806
2025-01-20 21:30,0.62328
2025-01-20 21:45,0.656666
2025-01-20 22:00,0.622942
2025-01-20 22:15,0.617365
2025-01-20 22:30,0.614325
2025-01-20 22:45,0.676468
2025-01-20 23:00,0.728556
2025-01-20 23:15,0.745947
2025-01-20 23:30,0.747952
2025-01-20 23:45,0.763157
2025-01-21 00:00,0.82058
2025-01-21 00:15,0.850131
2025-01-21 00:30,0.855761
2025-01-21 00:45,0.934465
2025-01-21 01:00,0.891134
2025-01-21 01:15,0.935599
2025-01-21 01:30,0.882814
2025-01-21 01:45,0.846934
2025-01-21 02:00,0.814057
2025-01-21 02:15,0.778189
2025-01-21 02:30,0.752531
2025-01-21 02:45,0.784602
2025-01-21 03:00,0.67296
2025-01-21 03:15,0.655156
2025-01-21 03:30,0.589843
2025-01-21 03:45,0.586422
2025-01-21 04:00,0.520966
2025-01-21 04:15,0.474547
2025-01-21 04:30,0.450233
2025-01-21 04:45,0.419465
2025-01-21 05:00,0.381615
2025-01-21 05:15,0.364521
2025-01-21 05:30,0.324089
2025-01-21 05:45,0.335836
2025-01-21 06:00,0.305665
2025-01-21 06:15,0.311268
2025-01-21 06:30,0.286777
2025-01-21 06:45,0.265751
2025-01-21 07:00,0.266798
2025-01-21 07:15,0.256696
2025-01-21 07:30,0.246619
2025-01-21 07:45,0.253869
2025-01-21 08:00,0.25785
2025-01-21 08:15,0.252845
2025-01-21 08:30,0.259072
2025-01-21 08:45,0.253566
2025-01-21 09:00,0.267347
2025-01-21 09:15,0.253343
2025-01-21 09:30,0.266298
2025-01-21 09:45,0.271282
2025-01-21 10:00,0.287853
2025-01-21 10:15,0.304437
2025-01-21 10:30,0.305778
2025-01-21 10:45,0.343389
2025-01-21 11:00,0.365538
2025-01-21 11:15,0.391464
2025-01-21 11:30,0.438417
2025-01-21 11:45,0.465921
2025-01-21 12:00,0.403889
2025-01-21 12:15,0.494038
2025-01-21 12:30,0.494149
2025-01-21 12:45,0.503988
2025-01-21 13:00,0.500602
2025-01-21 13:15,0.484779
2025-01-21 13:30,0.421283
2025-01-21 13:45,0.49358
2025-01-21 14:00,0.494946
2025-01-21 14:15,0.480862
2025-01-21 14:30,0.498219
2025-01-21 14:45,0.484489
2025-01-21 15:00,0.496909
2025-01-21 15:15,0.499146
2025-01-21 15:30,0.530744
2025-01-21 15:45,0.504806
2025-01-21 16:00,0.531821
2025-01-21 16:15,0.507302
2025-01-21 16:30,0.516416
2025-01-21 16:45,0.531465
2025-01-21 17:00,0.536918
2025-01-21 17:15,0.539446
2025-01-21 17:30,0.559002
2025-01-21 17:45,0.560905
2025-01-21 18:00,0.586752
2025-01-21 18:15,0.580765
2025-01-21 18:30,0.60377
2025-01-21 18:45,0.617565
2025-01-21 19:00,0.678162
2025-01-21 19:15,0.668002
2025-01-21 19:30,0.634126
2025-01-21 19:45,0.690184
2025-01-21 20:00,0.713678
2025-01-21 20:15,0.722561
2025-01-21 20:30,0.769081
2025-01-21 20:45,0.779173
2025-01-21 21:00,0.80334
2025-01-21 21:15,0.814194
2025-01-21 21:30,0.866797
2025-01-21 21:45,0.789211
2025-01-21 22:00,0.647967
2025-01-21 22:15,0.622355
2025-01-21 22:30,0.61543
2025-01-21 22:45,0.706017
2025-01-21 23:00,0.683558
2025-01-21 23:15,0.659616
2025-01-21 23:30,0.681473
2025-01-21 23:45,0.696352
2025-01-22 00:00,0.769554
2025-01-22 00:00,0.787998
2025-01-22 00:15,0.777532
2025-01-22 00:30,0.811494
2025-01-22 00:45,0.870337
2025-01-22 01:00,1.0
2025-01-22 01:15,0.993293
2025-01-22 01:30,0.960958
2025-01-22 01:45,0.856071
2025-01-22 02:00,0.844881
2025-01-22 02:15,0.85399
2025-01-22 02:30,0.867073
2025-01-22 02:45,0.853625
2025-01-22 03:00,0.824703
2025-01-22 03:15,0.78502
2025-01-22 03:30,0.65801
2025-01-22 03:45,0.613328
2025-01-22 04:00,0.602907
2025-01-22 04:15,0.557142
2025-01-22 04:30,0.556323
2025-01-22 04:45,0.543759
2025-01-22 05:00,0.514405
2025-01-22 05:15,0.44527
2025-01-22 05:30,0.495559
2025-01-22 05:45,0.4264
2025-01-22 06:00,0.384986
2025-01-22 06:15,0.376485
2025-01-22 06:30,0.32966
2025-01-22 06:45,0.302985
2025-01-22 07:00,0.323197
2025-01-22 07:15,0.293105
2025-01-22 07:30,0.291745
2025-01-22 07:45,0.285217
2025-01-22 08:00,0.287713
2025-01-22 08:15,0.258945
2025-01-22 08:30,0.270493
2025-01-22 08:45,0.245419
2025-01-22 09:00,0.258311
2025-01-22 09:15,0.279371
2025-01-22 09:30,0.275432
2025-01-22 09:45,0.297761
2025-01-22 10:00,0.317551
2025-01-22 10:15,0.327936
2025-01-22 10:30,0.331992
2025-01-22 10:45,0.37915
2025-01-22 11:00,0.406186
2025-01-22 11:15,0.41504
2025-01-22 11:30,0.45807
2025-01-22 11:45,0.453082
2025-01-22 12:00,0.500688
2025-01-22 12:15,0.49486
2025-01-22 12:30,0.472309
2025-01-22 12:45,0.480012
2025-01-22 13:00,0.484431
2025-01-22 13:15,0.47407
2025-01-22 13:30,0.498428
2025-01-22 13:45,0.51138
2025-01-22 14:00,0.465947
2025-01-22 14:15,0.493333
2025-01-22 14:30,0.483409
2025-01-22 14:45,0.520591
2025-01-22 15:00,0.517841
2025-01-22 15:15,0.549534
2025-01-22 15:30,0.621052
2025-01-22 15:45,0.642986
2025-01-22 16:00,0.609114
2025-01-22 16:15,0.673435
2025-01-22 16:30,0.648044
2025-01-22 16:45,0.583969
2025-01-22 17:00,0.592956
2025-01-22 17:15,0.641161
2025-01-22 17:30,0.716696
2025-01-22 17:45,0.713202
2025-01-22 18:00,0.688945
2025-01-22 18:15,0.688921
2025-01-22 18:30,0.670838
2025-01-22 18:45,0.683877
2025-01-22 19:00,0.66444
2025-01-22 19:15,0.694358
2025-01-22 19:30,0.619414
2025-01-22 19:45,0.475879
2025-01-22 20:00,0.562185
2025-01-22 20:15,0.748207
2025-01-22 20:30,0.623836
2025-01-22 20:45,0.591884
2025-01-22 21:00,0.823224
2025-01-22 21:15,0.779684
2025-01-22 21:30,0.881182
2025-01-22 21:45,0.912962
2025-01-22 22:00,0.872177
2025-01-22 22:15,0.739875
2025-01-22 22:30,0.769501
2025-01-22 22:45,0.766182
2025-01-22 23:00,0.764716
2025-01-22 23:15,0.727617
2025-01-22 23:30,0.817324
2025-01-22 23:45,0.839427
2025-01-23 00:00,0.861338
2025-01-23 00:15,0.874619
2025-01-23 00:30,0.923314
2025-01-23 00:45,0.867238
2025-01-23 01:00,0.931552
2025-01-23 01:15,0.922706
2025-01-23 01:30,0.92887
2025-01-23 01:45,0.963026
2025-01-23 02:00,0.913969
2025-01-23 02:15,0.875102
2025-01-23 02:30,0.850747
2025-01-23 02:45,0.79503
2025-01-23 03:00,0.747761
2025-01-23 03:15,0.659094
2025-01-23 03:30,0.615807
2025-01-23 03:45,0.612616
2025-01-23 04:00,0.539614
2025-01-23 04:15,0.500824
2025-01-23 04:30,0.508511
2025-01-23 04:45,0.470642
2025-01-23 05:00,0.462517
2025-01-23 05:15,0.435365
2025-01-23 05:30,0.38687
2025-01-23 05:45,0.365203
2025-01-23 06:00,0.365336
2025-01-23 06:15,0.32922
2025-01-23 06:30,0.337063
2025-01-23 06:45,0.304994
2025-01-23 07:00,0.294822
2025-01-23 07:15,0.272293
2025-01-23 07:30,0.286263
2025-01-23 07:45,0.242222
2025-01-23 08:00,0.266735
2025-01-23 08:15,0.282563
2025-01-23 08:30,0.261867
2025-01-23 08:45,0.242575
2025-01-23 09:00,0.260582
2025-01-23 09:15,0.260741
2025-01-23 09:30,0.294625
2025-01-23 09:45,0.336131
2025-01-23 10:00,0.340182
2025-01-23 10:15,0.315307
2025-01-23 10:30,0.339947
2025-01-23 10:45,0.377434
2025-01-23 11:00,0.383082
2025-01-23 11:15,0.386469
2025-01-23 11:30,0.402153
2025-01-23 11:45,0.444298
2025-01-23 12:00,0.465439
2025-01-23 12:15,0.463307
2025-01-23 12:30,0.468056
2025-01-23 12:45,0.472693
2025-01-23 13:00,0.479732
2025-01-23 13:15,0.509426
2025-01-23 13:30,0.527379
2025-01-23 13:45,0.497528
2025-01-23 14:00,0.526023
2025-01-23 14:15,0.518137
2025-01-23 14:30,0.508605
2025-01-23 14:45,0.522048
2025-01-23 15:00,0.559854
2025-01-23 15:15,0.505301
2025-01-23 15:30,0.551586
2025-01-23 15:45,0.524092
2025-01-23 16:00,0.496281
2025-01-23 16:15,0.498264
2025-01-23 16:30,0.510006
2025-01-23 16:45,0.593012
2025-01-23 17:00,0.601609
2025-01-23 17:15,0.553958
2025-01-23 17:30,0.644627
2025-01-23 17:45,0.589515
2025-01-23 18:00,0.615517
2025-01-23 18:15,0.614208
2025-01-23 18:30,0.601161
2025-01-23 18:45,0.634482
2025-01-23 19:00,0.656908
2025-01-23 19:15,0.666793
2025-01-23 19:30,0.699246
2025-01-23 19:45,0.642727
2025-01-23 20:00,0.746565
2025-01-23 20:15,0.763478
2025-01-23 20:30,0.715158
2025-01-23 20:45,0.697258
2025-01-23 21:00,0.696537
2025-01-23 21:15,0.728369
2025-01-23 21:30,0.690686
2025-01-23 21:45,0.768566
2025-01-23 22:00,0.806893
2025-01-23 22:15,0.710682
2025-01-23 22:30,0.750342
2025-01-23 22:45,0.689882
2025-01-23 23:00,0.676868
2025-01-23 23:15,0.743513
2025-01-23 23:30,0.754649
2025-01-23 23:45,0.807321
2025-01-24 00:00,0.867108
2025-01-24 00:15,0.856468
2025-01-24 00:30,0.835378
2025-01-24 00:45,0.824828
2025-01-24 01:00,0.931413
2025-01-24 01:15,0.914871
2025-01-24 01:30,0.85593
2025-01-24 01:45,0.829586
2025-01-24 02:00,0.843514
2025-01-24 02:15,0.786463
2025-01-24 02:30,0.787482
2025-01-24 02:45,0.746182
2025-01-24 03:00,0.695645
2025-01-24 03:15,0.624355
2025-01-24 03:30,0.532647
2025-01-24 03:45,0.549701
2025-01-24 04:00,0.524161
2025-01-24 04:15,0.504193
2025-01-24 04:30,0.440979
2025-01-24 04:45,0.41264
2025-01-24 05:00,0.356462
2025-01-24 05:15,0.340024
2025-01-24 05:30,0.319017
2025-01-24 05:45,0.306666
2025-01-24 06:00,0.291078
2025-01-24 06:15,0.289241
2025-01-24 06:30,0.277045
2025-01-24 06:45,0.263772
2025-01-24 07:00,0.251433
2025-01-24 07:15,0.251372
2025-01-24 07:30,0.239788
2025-01-24 07:45,0.271684
2025-01-24 08:00,0.251912
2025-01-24 08:15,0.252257
2025-01-24 08:30,0.235052
2025-01-24 08:45,0.224306
2025-01-24 09:00,0.228421
2025-01-24 09:15,0.249397
2025-01-24 09:30,0.266658
2025-01-24 09:45,0.263837
2025-01-24 10:00,0.280556
2025-01-24 10:15,0.330214
2025-01-24 10:30,0.105708
2025-01-24 10:45,0.360693
2025-01-24 11:00,0.339715
2025-01-24 11:15,0.386249
2025-01-24 11:30,0.394299
2025-01-24 11:45,0.422623
2025-01-24 12:00,0.411097
2025-01-24 12:15,0.42269
2025-01-24 12:30,0.418118
2025-01-24 12:45,0.407138
2025-01-24 13:00,0.455729
2025-01-24 13:15,0.445786
2025-01-24 13:30,0.436777
2025-01-24 13:45,0.449039
2025-01-24 14:00,0.434022
2025-01-24 14:15,0.434796
2025-01-24 14:30,0.450273
2025-01-24 14:45,0.492582
2025-01-24 15:00,0.500343
2025-01-24 15:15,0.458559
2025-01-24 15:30,0.481891
2025-01-24 15:45,0.479164
2025-01-24 16:00,0.462118
2025-01-24 16:15,0.491243
2025-01-24 16:30,0.516713
2025-01-24 16:45,0.509856
2025-01-24 17:00,0.470871
2025-01-24 17:15,0.551521
2025-01-24 17:30,0.557787
2025-01-24 17:45,0.573753
2025-01-24 18:00,0.534181
2025-01-24 18:15,0.584236
2025-01-24 18:30,0.545204
2025-01-24 18:45,0.635062
2025-01-24 19:00,0.595626
2025-01-24 19:15,0.585882
2025-01-24 19:30,0.595049
2025-01-24 19:45,0.617864
2025-01-24 20:00,0.577335
2025-01-24 20:15,0.657527
2025-01-24 20:30,0.626527
2025-01-24 20:45,0.659176
2025-01-24 21:00,0.588304
2025-01-24 21:15,0.585236
2025-01-24 21:30,0.580725
2025-01-24 21:45,0.612926
2025-01-24 22:00,0.559478
2025-01-24 22:15,0.592772
2025-01-24 22:30,0.609848
2025-01-24 22:45,0.59337
2025-01-24 23:00,0.564398
2025-01-24 23:15,0.597052
2025-01-24 23:30,0.610645
2025-01-24 23:45,0.659877
2025-01-25 00:00,0.670764
2025-01-25 00:15,0.754413
2025-01-25 00:30,0.715875
2025-01-25 00:45,0.688736
2025-01-25 01:00,0.715183
2025-01-25 01:15,0.668291
2025-01-25 01:30,0.711554
2025-01-25 01:45,0.698743
2025-01-25 02:00,0.709256
2025-01-25 02:15,0.664421
2025-01-25 02:30,0.684164
2025-01-25 02:45,0.688621
2025-01-25 03:00,0.661776
2025-01-25 03:15,0.664269
2025-01-25 03:30,0.621843
2025-01-25 03:45,0.572199
2025-01-25 04:00,0.520573
2025-01-25 04:15,0.545091
2025-01-25 04:30,0.49446
2025-01-25 04:45,0.483272
2025-01-25 05:00,0.46648
2025-01-25 05:15,0.461886
2025-01-25 05:30,0.399614
2025-01-25 05:45,0.366109
2025-01-25 06:00,0.355457
2025-01-25 06:15,0.300259
2025-01-25 06:30,0.302333
2025-01-25 06:45,0.29282
2025-01-25 07:00,0.284015
2025-01-25 07:15,0.267774
2025-01-25 07:30,0.251163
2025-01-25 07:45,0.249658
2025-01-25 08:00,0.237503
2025-01-25 08:15,0.244755
2025-01-25 08:30,0.238635
2025-01-25 08:45,0.244439
2025-01-25 09:00,0.261273
2025-01-25 09:15,0.246889
2025-01-25 09:30,0.252679
2025-01-25 09:45,0.24003
2025-01-25 10:00,0.252612
2025-01-25 10:15,0.268986
2025-01-25 10:30,0.288962
2025-01-25 10:45,0.305979
2025-01-25 11:00,0.329006
2025-01-25 11:15,0.322454
2025-01-25 11:30,0.352579
2025-01-25 11:45,0.399059
2025-01-25 12:00,0.429256
2025-01-25 12:15,0.419391
2025-01-25 12:30,0.46048
2025-01-25 12:45,0.439463
2025-01-25 13:00,0.468155
2025-01-25 13:15,0.492361
2025-01-25 13:30,0.563895
2025-01-25 13:45,0.521656
2025-01-25 14:00,0.549153
2025-01-25 14:15,0.530966
2025-01-25 14:30,0.550619
2025-01-25 14:45,0.543042
2025-01-25 15:00,0.535132
2025-01-25 15:15,0.571436
2025-01-25 15:30,0.568605
2025-01-25 15:45,0.572874
2025-01-25 16:00,0.556275
2025-01-25 16:15,0.510222
2025-01-25 16:30,0.521989
2025-01-25 16:45,0.53672
2025-01-25 17:00,0.550916
2025-01-25 17:15,0.590961
2025-01-25 17:30,0.68279
2025-01-25 17:45,0.715568
2025-01-25 18:00,0.679573
2025-01-25 18:15,0.619604
2025-01-25 18:30,0.624236
2025-01-25 18:45,0.605951
2025-01-25 19:00,0.626245
2025-01-25 19:15,0.62302
2025-01-25 19:30,0.646444
2025-01-25 19:45,0.622324
2025-01-25 20:00,0.665076
2025-01-25 20:15,0.642004
2025-01-25 20:30,0.658845
2025-01-25 20:45,0.676605
2025-01-25 21:00,0.664859
2025-01-25 21:15,0.633912
2025-01-25 21:30,0.664935
2025-01-25 21:45,0.689579
2025-01-25 22:00,0.656051
2025-01-25 22:15,0.57353
2025-01-25 22:30,0.579434
2025-01-25 22:45,0.581918
2025-01-25 23:00,0.577987
2025-01-25 23:15,0.588305
2025-01-25 23:30,0.599686
2025-01-25 23:45,0.614016
2025-01-26 00:00,0.613463
2025-01-26 00:15,0.608432
2025-01-26 00:30,0.650884
2025-01-26 00:45,0.669949
2025-01-26 01:00,0.693973
2025-01-26 01:15,0.723905
2025-01-26 01:30,0.686604
2025-01-26 01:45,0.694582
2025-01-26 02:00,0.737073
2025-01-26 02:15,0.785707
2025-01-26 02:30,0.746947
2025-01-26 02:45,0.742138
2025-01-26 03:00,0.777718
2025-01-26 03:15,0.72881
2025-01-26 03:30,0.655745
2025-01-26 03:45,0.616566
2025-01-26 04:00,0.569203
2025-01-26 04:15,0.533076
2025-01-26 04:30,0.495623
2025-01-26 04:45,0.53042
2025-01-26 05:00,0.508
2025-01-26 05:15,0.480813
2025-01-26 05:30,0.399073
2025-01-26 05:45,0.397413
2025-01-26 06:00,0.388683
2025-01-26 06:15,0.38653
2025-01-26 06:30,0.349428
2025-01-26 06:45,0.334923
2025-01-26 07:00,0.321438
2025-01-26 07:15,0.299808
2025-01-26 07:30,0.282331
2025-01-26 07:45,0.279866
2025-01-26 08:00,0.268526
2025-01-26 08:15,0.174308
2025-01-26 08:30,0.126714
2025-01-26 08:45,0.248506
2025-01-26 09:00,0.253941
2025-01-26 09:15,0.243145
2025-01-26 09:30,0.249703
2025-01-26 09:45,0.248715
2025-01-26 10:00,0.254797
2025-01-26 10:15,0.273445
2025-01-26 10:30,0.255704
2025-01-26 10:45,0.313471
2025-01-26 11:00,0.365085
2025-01-26 11:15,0.349949
2025-01-26 11:30,0.379817
2025-01-26 11:45,0.389749
2025-01-26 12:00,0.430115
2025-01-26 12:15,0.421353
2025-01-26 12:30,0.44408
2025-01-26 12:45,0.441556
2025-01-26 13:00,0.498058
2025-01-26 13:15,0.511154
2025-01-26 13:30,0.529762
2025-01-26 13:45,0.550416
2025-01-26 14:00,0.588435
2025-01-26 14:15,0.593574
2025-01-26 14:30,0.569675
2025-01-26 14:45,0.613522
2025-01-26 15:00,0.689016
2025-01-26 15:15,0.63976
2025-01-26 15:30,0.610832
2025-01-26 15:45,0.629029
2025-01-26 16:00,0.663462
2025-01-26 16:15,0.721557
2025-01-26 16:30,0.646073
2025-01-26 16:45,0.629942
2025-01-26 17:00,0.646627
2025-01-26 17:15,0.648466
2025-01-26 17:30,0.662754
2025-01-26 17:45,0.682365
2025-01-26 18:00,0.742742
2025-01-26 18:15,0.71176
2025-01-26 18:30,0.71135
2025-01-26 18:45,0.735325
2025-01-26 19:00,0.756788
2025-01-26 19:15,0.730998
2025-01-26 19:30,0.74821
2025-01-26 19:45,0.737121
2025-01-26 20:00,0.781305
2025-01-26 20:15,0.828749
2025-01-26 20:30,0.794477
2025-01-26 20:45,0.802438
2025-01-26 21:00,0.797816
2025-01-26 21:15,0.807217
2025-01-26 21:30,0.835316
2025-01-26 21:45,0.811393
2025-01-26 22:00,0.71599
2025-01-26 22:15,0.740208
2025-01-26 22:30,0.750957
2025-01-26 22:45,0.711449
2025-01-26 23:00,0.716269
2025-01-26 23:15,0.71053
2025-01-26 23:30,0.727606
2025-01-26 23:45,0.726569
2025-01-27 00:00,0.778306
2025-01-27 00:15,0.79798
2025-01-27 00:30,0.815816
2025-01-27 00:45,0.900926
2025-01-27 01:00,0.922608
2025-01-27 01:15,0.875142
2025-01-27 01:30,0.860338
2025-01-27 01:45,0.861165
2025-01-27 02:00,0.790151
2025-01-27 02:15,0.793723
2025-01-27 02:30,0.782629
2025-01-27 02:45,0.735869
2025-01-27 03:00,0.678288
2025-01-27 03:15,0.664503
2025-01-27 03:30,0.653058
2025-01-27 03:45,0.584041
2025-01-27 04:00,0.573543
2025-01-27 04:15,0.541402
2025-01-27 04:30,0.499491
2025-01-27 04:45,0.460521
2025-01-27 05:00,0.453766
2025-01-27 05:15,0.423756
2025-01-27 05:30,0.381468
2025-01-27 05:45,0.354389
2025-01-27 06:00,0.331765
2025-01-27 06:15,0.314909
2025-01-27 06:30,0.319403
2025-01-27 06:45,0.305255
2025-01-27 07:00,0.273192
2025-01-27 07:15,0.281246
2025-01-27 07:30,0.246247
2025-01-27 07:45,0.248633
2025-01-27 08:00,0.229814
2025-01-27 08:15,0.23452
2025-01-27 08:30,0.24041
2025-01-27 08:45,0.248295
2025-01-27 09:00,0.238712
2025-01-27 09:15,0.246122
2025-01-27 09:30,0.260617
2025-01-27 09:45,0.26274
2025-01-27 10:00,0.268231
2025-01-27 10:15,0.297728
2025-01-27 10:30,0.297729
2025-01-27 10:45,0.284501
2025-01-27 11:00,0.31809
2025-01-27 11:15,0.343031
2025-01-27 11:30,0.338285
2025-01-27 11:45,0.367639
2025-01-27 12:00,0.419161
2025-01-27 12:15,0.403443
2025-01-27 12:30,0.39942
2025-01-27 12:45,0.412839
2025-01-27 13:00,0.412632
2025-01-27 13:15,0.447061
2025-01-27 13:30,0.432549
2025-01-27 13:45,0.417526
2025-01-27 14:00,0.405834
2025-01-27 14:15,0.439661
2025-01-27 14:30,0.416278
2025-01-27 14:45,0.432224
2025-01-27 15:00,0.443713
2025-01-27 15:15,0.435457
2025-01-27 15:30,0.473936
2025-01-27 15:45,0.508711
2025-01-27 16:00,0.490763
2025-01-27 16:15,0.490015
2025-01-27 16:30,0.472696
2025-01-27 16:45,0.507112
2025-01-27 17:00,0.493932
2025-01-27 17:15,0.54503
2025-01-27 17:30,0.582374
2025-01-27 17:45,0.60373
2025-01-27 18:00,0.558932
2025-01-27 18:15,0.563145
2025-01-27 18:30,0.596702
2025-01-27 18:45,0.593822
2025-01-27 19:00,0.601689
2025-01-27 19:15,0.667997
2025-01-27 19:30,0.633225
2025-01-27 19:45,0.681559
2025-01-27 20:00,0.648497
2025-01-27 20:15,0.63294
2025-01-27 20:30,0.610475
2025-01-27 20:45,0.66288
2025-01-27 21:00,0.602314
2025-01-27 21:15,0.601894
2025-01-27 21:30,0.588203
2025-01-27 21:45,0.621984
2025-01-27 22:00,0.662111
2025-01-27 22:15,0.637071
2025-01-27 22:30,0.609237
2025-01-27 22:45,0.615524
2025-01-27 23:00,0.641589
2025-01-27 23:15,0.671948
2025-01-27 23:30,0.6718
2025-01-27 23:45,0.737119
2025-01-28 00:00,0.783067
2025-01-28 00:15,0.813396
2025-01-28 00:30,0.829286
2025-01-28 00:45,0.850394
2025-01-28 01:00,0.841296
2025-01-28 01:15,0.798074
2025-01-28 01:30,0.754343
2025-01-28 01:45,0.787338
2025-01-28 02:00,0.744008
2025-01-28 02:15,0.700819
2025-01-28 02:30,0.714481
2025-01-28 02:45,0.717041
2025-01-28 03:00,0.65451
2025-01-28 03:15,0.607798
2025-01-28 03:30,0.571137
2025-01-28 03:45,0.590433
2025-01-28 04:00,0.532108
2025-01-28 04:15,0.532832
2025-01-28 04:30,0.462797
2025-01-28 04:45,0.444663
2025-01-28 05:00,0.401973
2025-01-28 05:15,0.402278
2025-01-28 05:30,0.354088
2025-01-28 05:45,0.354921
2025-01-28 06:00,0.347947
2025-01-28 06:15,0.323943
2025-01-28 06:30,0.284774
2025-01-28 06:45,0.258969
2025-01-28 07:00,0.232642
2025-01-28 07:15,0.214619
2025-01-28 07:30,0.223861
2025-01-28 07:45,0.19368
2025-01-28 08:00,0.000804
2025-01-28 08:15,0.176434
2025-01-28 08:30,0.195716
2025-01-28 08:45,0.186372
2025-01-28 09:00,0.223333
2025-01-28 09:15,0.216226
2025-01-28 09:30,0.251239
2025-01-28 09:45,0.285604
2025-01-28 10:00,0.286371
2025-01-28 10:15,0.289805
2025-01-28 10:30,0.310499
2025-01-28 10:45,0.361712
2025-01-28 11:00,0.411015
2025-01-28 11:15,0.40064
2025-01-28 11:30,0.403665
2025-01-28 11:45,0.427847
2025-01-28 12:00,0.438971
2025-01-28 12:15,0.452918
2025-01-28 12:30,0.448526
2025-01-28 12:45,0.441962
2025-01-28 13:00,0.462342
2025-01-28 13:15,0.441013
2025-01-28 13:30,0.47396
2025-01-28 13:45,0.486613
2025-01-28 14:00,0.452868
2025-01-28 14:15,0.460521
2025-01-28 14:30,0.465362
2025-01-28 14:45,0.430756
2025-01-28 15:00,0.49054
2025-01-28 15:15,0.533182
2025-01-28 15:30,0.649703
2025-01-28 15:45,0.66629
2025-01-28 16:00,0.573942
2025-01-28 16:15,0.55291
2025-01-28 16:30,0.551031
2025-01-28 16:45,0.521092
2025-01-28 17:00,0.531915
2025-01-28 17:15,0.570587
2025-01-28 17:30,0.57325
2025-01-28 17:45,0.541358
2025-01-28 18:00,0.554134
2025-01-28 18:15,0.560626
2025-01-28 18:30,0.574687
2025-01-28 18:45,0.554726
2025-01-28 19:00,0.584103
2025-01-28 19:15,0.67418
2025-01-28 19:30,0.599841
2025-01-28 19:45,0.628234
2025-01-28 20:00,0.603153
2025-01-28 20:15,0.574067
2025-01-28 20:30,0.522945
2025-01-28 20:45,0.554108
2025-01-28 21:00,0.559638
2025-01-28 21:15,0.593389
2025-01-28 21:30,0.587051
2025-01-28 21:45,0.625241
2025-01-28 22:00,0.629603
2025-01-28 22:15,0.624487
2025-01-28 22:30,0.633019
2025-01-28 22:45,0.63719
2025-01-28 23:00,0.641662
2025-01-28 23:15,0.601634
2025-01-28 23:30,0.675442
2025-01-28 23:45,0.685132
2025-01-29 00:00,0.787303
2025-01-29 00:00,0.452117
2025-01-29 00:15,0.433681
2025-01-29 00:30,0.456352
2025-01-29 00:45,0.457148
2025-01-29 01:00,0.476781
2025-01-29 01:15,0.472306
2025-01-29 01:30,0.45058
2025-01-29 01:45,0.463992
2025-01-29 02:00,0.444558
2025-01-29 02:15,0.447676
2025-01-29 02:30,0.4688
2025-01-29 02:45,0.402253
2025-01-29 03:00,0.382008
2025-01-29 03:15,0.372559
2025-01-29 03:30,0.367976
2025-01-29 03:45,0.363121
2025-01-29 04:00,0.343301
2025-01-29 04:15,0.297229
2025-01-29 04:30,0.262857
2025-01-29 04:45,0.269907
2025-01-29 05:00,0.245899
2025-01-29 05:15,0.218844
2025-01-29 05:30,0.216803
2025-01-29 05:45,0.193888
2025-01-29 06:00,0.193928
2025-01-29 06:15,0.183914
2025-01-29 06:30,0.17654
2025-01-29 06:45,0.155563
2025-01-29 07:00,0.155165
2025-01-29 07:15,0.121957
2025-01-29 07:30,0.12453
2025-01-29 07:45,0.116886
2025-01-29 08:00,0.113942
2025-01-29 08:15,0.117218
2025-01-29 08:30,0.130373
2025-01-29 08:45,0.118752
2025-01-29 09:00,0.135549
2025-01-29 09:15,0.144712
2025-01-29 09:30,0.162903
2025-01-29 09:45,0.155958
2025-01-29 10:00,0.211573
2025-01-29 10:15,0.1933
2025-01-29 10:30,0.189029
2025-01-29 10:45,0.191012
2025-01-29 11:00,0.194686
2025-01-29 11:15,0.206229
2025-01-29 11:30,0.226292
2025-01-29 11:45,0.223773
2025-01-29 12:00,0.24232
2025-01-29 12:15,0.241757
2025-01-29 12:30,0.246131
2025-01-29 12:45,0.243805
2025-01-29 13:00,0.245548
2025-01-29 13:15,0.238253
2025-01-29 13:30,0.260966
2025-01-29 13:45,0.248915
2025-01-29 14:00,0.253968
2025-01-29 14:15,0.274047
2025-01-29 14:30,0.316502
2025-01-29 14:45,0.253232
2025-01-29 15:00,0.274674
2025-01-29 15:15,0.291639
2025-01-29 15:30,0.264126
2025-01-29 15:45,0.250421
2025-01-29 16:00,0.284107
2025-01-29 16:15,0.28712
2025-01-29 16:30,0.257924
2025-01-29 16:45,0.271475
2025-01-29 17:00,0.295421
2025-01-29 17:15,0.322164
2025-01-29 17:30,0.334874
2025-01-29 17:45,0.317981
2025-01-29 18:00,0.322772
2025-01-29 18:15,0.270567
2025-01-29 18:30,0.304468
2025-01-29 18:45,0.303032
2025-01-29 19:00,0.332856
2025-01-29 19:15,0.338692
2025-01-29 19:30,0.346579
2025-01-29 19:45,0.382084
2025-01-29 20:00,0.423825
2025-01-29 20:15,0.437128
2025-01-29 20:30,0.426244
2025-01-29 20:45,0.408369
2025-01-29 21:00,0.383856
2025-01-29 21:15,0.430734
2025-01-29 21:30,0.422316
2025-01-29 21:45,0.433195
2025-01-29 22:00,0.364911
2025-01-29 22:15,0.378813
2025-01-29 22:30,0.382125
2025-01-29 22:45,0.392311
2025-01-29 23:00,0.400405
2025-01-29 23:15,0.375768
2025-01-29 23:30,0.391842
2025-01-29 23:45,0.395024
2025-01-30 00:00,0.396702
2025-01-30 00:15,0.413548
2025-01-30 00:30,0.425654
2025-01-30 00:45,0.445406
2025-01-30 01:00,0.429866
2025-01-30 01:15,0.42093
2025-01-30 01:30,0.413689
2025-01-30 01:45,0.44398
2025-01-30 02:00,0.460438
2025-01-30 02:15,0.441344
2025-01-30 02:30,0.46735
2025-01-30 02:45,0.444446
2025-01-30 03:00,0.368687
2025-01-30 03:15,0.395324
2025-01-30 03:30,0.350038
2025-01-30 03:45,0.334776
2025-01-30 04:00,0.284378
2025-01-30 04:15,0.264189
2025-01-30 04:30,0.268454
2025-01-30 04:45,0.250117
2025-01-30 05:00,0.226287
2025-01-30 05:15,0.203099
2025-01-30 05:30,0.214857
2025-01-30 05:45,0.20468
2025-01-30 06:00,0.170086
2025-01-30 06:15,0.166676
2025-01-30 06:30,0.165753
2025-01-30 06:45,0.148569
2025-01-30 07:00,0.130611
2025-01-30 07:15,0.131945
2025-01-30 07:30,0.130629
2025-01-30 07:45,0.121609
2025-01-30 08:00,0.119723
2025-01-30 08:15,0.121027
2025-01-30 08:30,0.125477
2025-01-30 08:45,0.122471
2025-01-30 09:00,0.126837
2025-01-30 09:15,0.131281
2025-01-30 09:30,0.147595
2025-01-30 09:45,0.182628
2025-01-30 10:00,0.167222
2025-01-30 10:15,0.213899
2025-01-30 10:30,0.215578
2025-01-30 10:45,0.202734
2025-01-30 11:00,0.21273
2025-01-30 11:15,0.206527
2025-01-30 11:30,0.210185
2025-01-30 11:45,0.232571
2025-01-30 12:00,0.250044
2025-01-30 12:15,0.241693
2025-01-30 12:30,0.237964
2025-01-30 12:45,0.267697
2025-01-30 13:00,0.263263
2025-01-30 13:15,0.271493
2025-01-30 13:30,0.263833
2025-01-30 13:45,0.271235
2025-01-30 14:00,0.280096
2025-01-30 14:15,0.278408
2025-01-30 14:30,0.282338
2025-01-30 14:45,0.284337
2025-01-30 15:00,0.282536
2025-01-30 15:15,0.295932
2025-01-30 15:30,0.28538
2025-01-30 15:45,0.289756
2025-01-30 16:00,0.297215
2025-01-30 16:15,0.28964
2025-01-30 16:30,0.291745
2025-01-30 16:45,0.2864
2025-01-30 17:00,0.290508
2025-01-30 17:15,0.289097
2025-01-30 17:30,0.31155
2025-01-30 17:45,0.298271
2025-01-30 18:00,0.311358
2025-01-30 18:15,0.299227
2025-01-30 18:30,0.336178
2025-01-30 18:45,0.329126
2025-01-30 19:00,0.32475
2025-01-30 19:15,0.337166
2025-01-30 19:30,0.363294
2025-01-30 19:45,0.316958
2025-01-30 20:00,0.346289
2025-01-30 20:15,0.348567
2025-01-30 20:30,0.367066
2025-01-30 20:45,0.379547
2025-01-30 21:00,0.368981
2025-01-30 21:15,0.370598
2025-01-30 21:30,0.394043
2025-01-30 21:45,0.366893
2025-01-30 22:00,0.351427
2025-01-30 22:15,0.330235
2025-01-30 22:30,0.334028
2025-01-30 22:45,0.335195
2025-01-30 23:00,0.338288
2025-01-30 23:15,0.333191
2025-01-30 23:30,0.365013
2025-01-30 23:45,0.402869
2025-01-31 00:00,0.383811
2025-01-31 00:15,0.399877
2025-01-31 00:30,0.407541
2025-01-31 00:45,0.40747
2025-01-31 01:00,0.423782
2025-01-31 01:15,0.412092
2025-01-31 01:30,0.429799
2025-01-31 01:45,0.388831
2025-01-31 02:00,0.417626
2025-01-31 02:15,0.380493
2025-01-31 02:30,0.378765
2025-01-31 02:45,0.352138
2025-01-31 03:00,0.357761
2025-01-31 03:15,0.320613
2025-01-31 03:30,0.319408
2025-01-31 03:45,0.288201
2025-01-31 04:00,0.282487
2025-01-31 04:15,0.266196
2025-01-31 04:30,0.275182
2025-01-31 04:45,0.234707
2025-01-31 05:00,0.257814
2025-01-31 05:15,0.229652
2025-01-31 05:30,0.21233
2025-01-31 05:45,0.188789
2025-01-31 06:00,0.182465
2025-01-31 06:15,0.175082
2025-01-31 06:30,0.163786
2025-01-31 06:45,0.143263
2025-01-31 07:00,0.148036
2025-01-31 07:15,0.136469
2025-01-31 07:30,0.139818
2025-01-31 07:45,0.137792
2025-01-31 08:00,0.17957
2025-01-31 08:15,0.123829
2025-01-31 08:30,0.127986
2025-01-31 08:45,0.131652
2025-01-31 09:00,0.138165
2025-01-31 09:15,0.144496
2025-01-31 09:30,0.20815
2025-01-31 09:45,0.246248
2025-01-31 10:00,0.236619
2025-01-31 10:15,0.293159
2025-01-31 10:30,0.290538
2025-01-31 10:45,0.221953
2025-01-31 11:00,0.237443
2025-01-31 11:15,0.272521
2025-01-31 11:30,0.267067
2025-01-31 11:45,0.257277
2025-01-31 12:00,0.259083
2025-01-31 12:15,0.318749
2025-01-31 12:30,0.29067
2025-01-31 12:45,0.300243
2025-01-31 13:00,0.341755
2025-01-31 13:15,0.326335
2025-01-31 13:30,0.295046
2025-01-31 13:45,0.294284
2025-01-31 14:00,0.306761
2025-01-31 14:15,0.381724
2025-01-31 14:30,0.297964
2025-01-31 14:45,0.302562
2025-01-31 15:00,0.309078
2025-01-31 15:15,0.299391
2025-01-31 15:30,0.313282
2025-01-31 15:45,0.303119
2025-01-31 16:00,0.29288
2025-01-31 16:15,0.321195
2025-01-31 16:30,0.282482
2025-01-31 16:45,0.29962
2025-01-31 17:00,0.309614
2025-01-31 17:15,0.357484
2025-01-31 17:30,0.327735
2025-01-31 17:45,0.355616
2025-01-31 18:00,0.344646
2025-01-31 18:15,0.389464
2025-01-31 18:30,0.389996
2025-01-31 18:45,0.401338
2025-01-31 19:00,0.384924
2025-01-31 19:15,0.39946
2025-01-31 19:30,0.410758
2025-01-31 19:45,0.43628
2025-01-31 20:00,0.427752
2025-01-31 20:15,0.399908
2025-01-31 20:30,0.364191
2025-01-31 20:45,0.365165
2025-01-31 21:00,0.374099
2025-01-31 21:15,0.380934
2025-01-31 21:30,0.34176
2025-01-31 21:45,0.326781
2025-01-31 22:00,0.375275
2025-01-31 22:15,0.415722
2025-01-31 22:30,0.335811
2025-01-31 22:45,0.362536
2025-01-31 23:00,0.362346
2025-01-31 23:15,0.366874
2025-01-31 23:30,0.397593
2025-01-31 23:45,0.441521
2025-02-01 00:00,0.436923
2025-02-01 00:15,0.432891
2025-02-01 00:30,0.407561
2025-02-01 00:45,0.460036
2025-02-01 01:00,0.431409
2025-02-01 01:15,0.419485
2025-02-01 01:30,0.474936
2025-02-01 01:45,0.450027
2025-02-01 02:00,0.475757
2025-02-01 02:15,0.45167
2025-02-01 02:30,0.408603
2025-02-01 02:45,0.408602
2025-02-01 03:00,0.412505
2025-02-01 03:15,0.409343
2025-02-01 03:30,0.397378
2025-02-01 03:45,0.368111
2025-02-01 04:00,0.336491
2025-02-01 04:15,0.325869
2025-02-01 04:30,0.270972
2025-02-01 04:45,0.302706
2025-02-01 05:00,0.251627
2025-02-01 05:15,0.245336
2025-02-01 05:30,0.241218
2025-02-01 05:45,0.260438
2025-02-01 06:00,0.260687
2025-02-01 06:15,0.24432
2025-02-01 06:30,0.203644
2025-02-01 06:45,0.185538
2025-02-01 07:00,0.176801
2025-02-01 07:15,0.18412
2025-02-01 07:30,0.147516
2025-02-01 07:45,0.156484
2025-02-01 08:00,0.139289
2025-02-01 08:15,0.160385
2025-02-01 08:30,0.147785
2025-02-01 08:45,0.163244
2025-02-01 09:00,0.157979
2025-02-01 09:15,0.1493
2025-02-01 09:30,0.15099
2025-02-01 09:45,0.150483
2025-02-01 10:00,0.146195
2025-02-01 10:15,0.151571
2025-02-01 10:30,0.173104
2025-02-01 10:45,0.179832
2025-02-01 11:00,0.186466
2025-02-01 11:15,0.209951
2025-02-01 11:30,0.220685
2025-02-01 11:45,0.238721
2025-02-01 12:00,0.252133
2025-02-01 12:15,0.259706
2025-02-01 12:30,0.251618
2025-02-01 12:45,0.288328
2025-02-01 13:00,0.29896
2025-02-01 13:15,0.316881
2025-02-01 13:30,0.300108
2025-02-01 13:45,0.29662
2025-02-01 14:00,0.288155
2025-02-01 14:15,0.298989
2025-02-01 14:30,0.31563
2025-02-01 14:45,0.344564
2025-02-01 15:00,0.346434
2025-02-01 15:15,0.319997
2025-02-01 15:30,0.318342
2025-02-01 15:45,0.329666
2025-02-01 16:00,0.35241
2025-02-01 16:15,0.371493
2025-02-01 16:30,0.379016
2025-02-01 16:45,0.410068
2025-02-01 17:00,0.351542
2025-02-01 17:15,0.351592
2025-02-01 17:30,0.342234
2025-02-01 17:45,0.35675
2025-02-01 18:00,0.374852
2025-02-01 18:15,0.390936
2025-02-01 18:30,0.366059
2025-02-01 18:45,0.367354
2025-02-01 19:00,0.391266
2025-02-01 19:15,0.403234
2025-02-01 19:30,0.377362
2025-02-01 19:45,0.356029
2025-02-01 20:00,0.409656
2025-02-01 20:15,0.408912
2025-02-01 20:30,0.38484
2025-02-01 20:45,0.384521
2025-02-01 21:00,0.369416
2025-02-01 21:15,0.40825
2025-02-01 21:30,0.385467
2025-02-01 21:45,0.426199
2025-02-01 22:00,0.415099
2025-02-01 22:15,0.36544
2025-02-01 22:30,0.346454
2025-02-01 22:45,0.373543
2025-02-01 23:00,0.35404
2025-02-01 23:15,0.414515
2025-02-01 23:30,0.396761
2025-02-01 23:45,0.424393
2025-02-02 00:00,0.427982
2025-02-02 00:15,0.413638
2025-02-02 00:30,0.410932
2025-02-02 00:45,0.413538
2025-02-02 01:00,0.412657
2025-02-02 01:15,0.435669
2025-02-02 01:30,0.442932
2025-02-02 01:45,0.462108
2025-02-02 02:00,0.466063
2025-02-02 02:15,0.432865
2025-02-02 02:30,0.437836
2025-02-02 02:45,0.415734
2025-02-02 03:00,0.397436
2025-02-02 03:15,0.41176
2025-02-02 03:30,0.38541
2025-02-02 03:45,0.338156
2025-02-02 04:00,0.323039
2025-02-02 04:15,0.313786
2025-02-02 04:30,0.30256
2025-02-02 04:45,0.306984
2025-02-02 05:00,0.296059
2025-02-02 05:15,0.252857
2025-02-02 05:30,0.243239
2025-02-02 05:45,0.221966
2025-02-02 06:00,0.234491
2025-02-02 06:15,0.18526
2025-02-02 06:30,0.179579
2025-02-02 06:45,0.156213
2025-02-02 07:00,0.161156
2025-02-02 07:15,0.146514
2025-02-02 07:30,0.148461
2025-02-02 07:45,0.133256
2025-02-02 08:00,0.128144
2025-02-02 08:15,0.131455
2025-02-02 08:30,0.127913
2025-02-02 08:45,0.122286
2025-02-02 09:00,0.131415
2025-02-02 09:15,0.118869
2025-02-02 09:30,0.136925
2025-02-02 09:45,0.123737
2025-02-02 10:00,0.126136
2025-02-02 10:15,0.136623
2025-02-02 10:30,0.144203
2025-02-02 10:45,0.137054
2025-02-02 11:00,0.155838
2025-02-02 11:15,0.187846
2025-02-02 11:30,0.21195
2025-02-02 11:45,0.226274
2025-02-02 12:00,0.249429
2025-02-02 12:15,0.231755
2025-02-02 12:30,0.25681
2025-02-02 12:45,0.279871
2025-02-02 13:00,0.330403
2025-02-02 13:15,0.314805
2025-02-02 13:30,0.355805
2025-02-02 13:45,0.354011
2025-02-02 14:00,0.366802
2025-02-02 14:15,0.368547
2025-02-02 14:30,0.417229
2025-02-02 14:45,0.417011
2025-02-02 15:00,0.432949
2025-02-02 15:15,0.390285
2025-02-02 15:30,0.376192
2025-02-02 15:45,0.371589
2025-02-02 16:00,0.371914
2025-02-02 16:15,0.371995
2025-02-02 16:30,0.377571
2025-02-02 16:45,0.353809
2025-02-02 17:00,0.378971
2025-02-02 17:15,0.399214
2025-02-02 17:30,0.403831
2025-02-02 17:45,0.396839
2025-02-02 18:00,0.38459
2025-02-02 18:15,0.35658
2025-02-02 18:30,0.378337
2025-02-02 18:45,0.380807
2025-02-02 19:00,0.408207
2025-02-02 19:15,0.443978
2025-02-02 19:30,0.425864
2025-02-02 19:45,0.393174
2025-02-02 20:00,0.385959
2025-02-02 20:15,0.418894
2025-02-02 20:30,0.43486
2025-02-02 20:45,0.434071
2025-02-02 21:00,0.508051
2025-02-02 21:15,0.421854
2025-02-02 21:30,0.411501
2025-02-02 21:45,0.401684
2025-02-02 22:00,0.434867
2025-02-02 22:15,0.419656
2025-02-02 22:30,0.436089
2025-02-02 22:45,0.497371
2025-02-02 23:00,0.450195
2025-02-02 23:15,0.41933
2025-02-02 23:30,0.435807
2025-02-02 23:45,0.429047
2025-02-03 00:00,0.429222
2025-02-03 00:15,0.456133
2025-02-03 00:30,0.455681
2025-02-03 00:45,0.453715
2025-02-03 01:00,0.477891
2025-02-03 01:15,0.476667
2025-02-03 01:30,0.483056
2025-02-03 01:45,0.467606
2025-02-03 02:00,0.451762
2025-02-03 02:15,0.452518
2025-02-03 02:30,0.44326
2025-02-03 02:45,0.436402
2025-02-03 03:00,0.435839
2025-02-03 03:15,0.405696
2025-02-03 03:30,0.409332
2025-02-03 03:45,0.375305
2025-02-03 04:00,0.354398
2025-02-03 04:15,0.340531
2025-02-03 04:30,0.300217
2025-02-03 04:45,0.284219
2025-02-03 05:00,0.266031
2025-02-03 05:15,0.265259
2025-02-03 05:30,0.237338
2025-02-03 05:45,0.22146
2025-02-03 06:00,0.19342
2025-02-03 06:15,0.190763
2025-02-03 06:30,0.175679
2025-02-03 06:45,0.163536
2025-02-03 07:00,0.172923
2025-02-03 07:15,0.160572
2025-02-03 07:30,0.149593
2025-02-03 07:45,0.143389
2025-02-03 08:00,0.142983
2025-02-03 08:15,0.150641
2025-02-03 08:30,0.160925
2025-02-03 08:45,0.152998
2025-02-03 09:00,0.136576
2025-02-03 09:15,0.151875
2025-02-03 09:30,0.148507
2025-02-03 09:45,0.159547
2025-02-03 10:00,0.16637
2025-02-03 10:15,0.187005
2025-02-03 10:30,0.193578
2025-02-03 10:45,0.19023
2025-02-03 11:00,0.204614
2025-02-03 11:15,0.233739
2025-02-03 11:30,0.241391
2025-02-03 11:45,0.251681
2025-02-03 12:00,0.261488
2025-02-03 12:15,0.257512
2025-02-03 12:30,0.242847
2025-02-03 12:45,0.254522
2025-02-03 13:00,0.271987
2025-02-03 13:15,0.275396
2025-02-03 13:30,0.267651
2025-02-03 13:45,0.279269
2025-02-03 14:00,0.286453
2025-02-03 14:15,0.273187
2025-02-03 14:30,0.282837
2025-02-03 14:45,0.280552
2025-02-03 15:00,0.294287
2025-02-03 15:15,0.273646
2025-02-03 15:30,0.288983
2025-02-03 15:45,0.289809
2025-02-03 16:00,0.30022
2025-02-03 16:15,0.298846
2025-02-03 16:30,0.299326
2025-02-03 16:45,0.29708
2025-02-03 17:00,0.286685
2025-02-03 17:15,0.304057
2025-02-03 17:30,0.329145
2025-02-03 17:45,0.329116
2025-02-03 18:00,0.32238
2025-02-03 18:15,0.318272
2025-02-03 18:30,0.334748
2025-02-03 18:45,0.334853
2025-02-03 19:00,0.368755
2025-02-03 19:15,0.409885
2025-02-03 19:30,0.40833
2025-02-03 19:45,0.376185
2025-02-03 20:00,0.383459
2025-02-03 20:15,0.353573
2025-02-03 20:30,0.375854
2025-02-03 20:45,0.384886
2025-02-03 21:00,0.347712
2025-02-03 21:15,0.354145
2025-02-03 21:30,0.359763
2025-02-03 21:45,0.382503
2025-02-03 22:00,0.364863
2025-02-03 22:15,0.391119
2025-02-03 22:30,0.404985
2025-02-03 22:45,0.456799
2025-02-03 23:00,0.463292
2025-02-03 23:15,0.525412
2025-02-03 23:30,0.549652
2025-02-03 23:45,0.63925
2025-02-04 00:00,0.657414
2025-02-04 00:15,0.683113
2025-02-04 00:30,0.589751
2025-02-04 00:45,0.566402
2025-02-04 01:00,0.570837
2025-02-04 01:15,0.564312
2025-02-04 01:30,0.535337
2025-02-04 01:45,0.56307
2025-02-04 02:00,0.801716
2025-02-04 02:15,1.0
2025-02-04 02:30,0.790272
2025-02-04 02:45,0.737846
2025-02-04 03:00,0.891617
2025-02-04 03:15,0.960694
2025-02-04 03:30,0.694948
2025-02-04 03:45,0.870802
2025-02-04 04:00,0.656148
2025-02-04 04:15,0.679364
2025-02-04 04:30,0.62341
2025-02-04 04:45,0.605109
2025-02-04 05:00,0.644372
2025-02-04 05:15,0.428246
2025-02-04 05:30,0.240719
2025-02-04 05:45,0.20903
2025-02-04 06:00,0.175485
2025-02-04 06:15,0.173198
2025-02-04 06:30,0.168272
2025-02-04 06:45,0.173485
2025-02-04 07:00,0.142904
2025-02-04 07:15,0.143471
2025-02-04 07:30,0.137803
2025-02-04 07:45,0.128829
2025-02-04 08:00,0.119292
2025-02-04 08:15,0.117053
2025-02-04 08:30,0.116093
2025-02-04 08:45,0.124105
2025-02-04 09:00,0.120429
2025-02-04 09:15,0.134124
2025-02-04 09:30,0.16127
2025-02-04 09:45,0.159507
2025-02-04 10:00,0.17817
2025-02-04 10:15,0.195463
2025-02-04 10:30,0.201657
2025-02-04 10:45,0.199862
2025-02-04 11:00,0.193824
2025-02-04 11:15,0.206872
2025-02-04 11:30,0.211951
2025-02-04 11:45,0.215862
2025-02-04 12:00,0.228291
2025-02-04 12:15,0.219077
2025-02-04 12:30,0.221808
2025-02-04 12:45,0.238148
2025-02-04 13:00,0.24132
2025-02-04 13:15,0.239823
2025-02-04 13:30,0.231089
2025-02-04 13:45,0.232519
2025-02-04 14:00,0.232259
2025-02-04 14:15,0.230101
2025-02-04 14:30,0.230841
2025-02-04 14:45,0.240192
2025-02-04 15:00,0.24589
2025-02-04 15:15,0.26669
2025-02-04 15:30,0.253797
2025-02-04 15:45,0.265349
2025-02-04 16:00,0.276247
2025-02-04 16:15,0.265425
2025-02-04 16:30,0.273094
2025-02-04 16:45,0.277478
2025-02-04 17:00,0.33482
2025-02-04 17:15,0.350691
2025-02-04 17:30,0.304726
2025-02-04 17:45,0.3291
2025-02-04 18:00,0.321287
2025-02-04 18:15,0.320365
2025-02-04 18:30,0.330743
2025-02-04 18:45,0.323168
2025-02-04 19:00,0.329961
2025-02-04 19:15,0.336276
2025-02-04 19:30,0.328016
2025-02-04 19:45,0.350533
2025-02-04 20:00,0.338159
2025-02-04 20:15,0.362913
2025-02-04 20:30,0.340338
2025-02-04 20:45,0.324167
2025-02-04 21:00,0.329649
2025-02-04 21:15,0.333267
2025-02-04 21:30,0.323362
2025-02-04 21:45,0.314
2025-02-04 22:00,0.329075
2025-02-04 22:15,0.329218
2025-02-04 22:30,0.356394
2025-02-04 22:45,0.401483
2025-02-04 23:00,0.395042
2025-02-04 23:15,0.451903
2025-02-04 23:30,0.505832
2025-02-04 23:45,0.584428
2025-02-05 00:00,0.674196
2025-02-05 00:00,0.575287
2025-02-05 00:15,0.575986
2025-02-05 00:30,0.682192
2025-02-05 00:45,0.66218
2025-02-05 01:00,0.722762
2025-02-05 01:15,0.773488
2025-02-05 01:30,0.815182
2025-02-05 01:45,0.677834
2025-02-05 02:00,0.731706
2025-02-05 02:15,0.738184
2025-02-05 02:30,0.678976
2025-02-05 02:45,0.78039
2025-02-05 03:00,0.938124
2025-02-05 03:15,0.908073
2025-02-05 03:30,0.827989
2025-02-05 03:45,0.494663
2025-02-05 04:00,0.284295
2025-02-05 04:15,0.259932
2025-02-05 04:30,0.253839
2025-02-05 04:45,0.260273
2025-02-05 05:00,0.240589
2025-02-05 05:15,0.215142
2025-02-05 05:30,0.197395
2025-02-05 05:45,0.18197
2025-02-05 06:00,0.172086
2025-02-05 06:15,0.166991
2025-02-05 06:30,0.159665
2025-02-05 06:45,0.149958
2025-02-05 07:00,0.137018
2025-02-05 07:15,0.123879
2025-02-05 07:30,0.131048
2025-02-05 07:45,0.138011
2025-02-05 08:00,0.15019
2025-02-05 08:15,0.151342
2025-02-05 08:30,0.14394
2025-02-05 08:45,0.1283
2025-02-05 09:00,0.126951
2025-02-05 09:15,0.12206
2025-02-05 09:30,0.135783
2025-02-05 09:45,0.156664
2025-02-05 10:00,0.164575
2025-02-05 10:15,0.176448
2025-02-05 10:30,0.174099
2025-02-05 10:45,0.176846
2025-02-05 11:00,0.199622
2025-02-05 11:15,0.190322
2025-02-05 11:30,0.187803
2025-02-05 11:45,0.20865
2025-02-05 12:00,0.218546
2025-02-05 12:15,0.225161
2025-02-05 12:30,0.225838
2025-02-05 12:45,0.217725
2025-02-05 13:00,0.238124
2025-02-05 13:15,0.227849
2025-02-05 13:30,0.226049
2025-02-05 13:45,0.224912
2025-02-05 14:00,0.232669
2025-02-05 14:15,0.238963
2025-02-05 14:30,0.231173
2025-02-05 14:45,0.259571
2025-02-05 15:00,0.25968
2025-02-05 15:15,0.264481
2025-02-05 15:30,0.269736
2025-02-05 15:45,0.269165
2025-02-05 16:00,0.293504
2025-02-05 16:15,0.265433
2025-02-05 16:30,0.268711
2025-02-05 16:45,0.250162
2025-02-05 17:00,0.278234
2025-02-05 17:15,0.254319
2025-02-05 17:30,0.271706
2025-02-05 17:45,0.302582
2025-02-05 18:00,0.297166
2025-02-05 18:15,0.309217
2025-02-05 18:30,0.29772
2025-02-05 18:45,0.30942
2025-02-05 19:00,0.331518
2025-02-05 19:15,0.369509
2025-02-05 19:30,0.365904
2025-02-05 19:45,0.332397
2025-02-05 20:00,0.356917
2025-02-05 20:15,0.363147
2025-02-05 20:30,0.350377
2025-02-05 20:45,0.323965
2025-02-05 21:00,0.33183
2025-02-05 21:15,0.354184
2025-02-05 21:30,0.369983
2025-02-05 21:45,0.398793
2025-02-05 22:00,0.385326
2025-02-05 22:15,0.356267
2025-02-05 22:30,0.374412
2025-02-05 22:45,0.4007
2025-02-05 23:00,0.43979
2025-02-05 23:15,0.45416
2025-02-05 23:30,0.455358
2025-02-05 23:45,0.459492
2025-02-06 00:00,0.643862
2025-02-06 00:15,0.783786
2025-02-06 00:30,0.696904
2025-02-06 00:45,0.818697
2025-02-06 01:00,0.974337
2025-02-06 01:15,0.93531
2025-02-06 01:30,0.780565
2025-02-06 01:45,1.0
2025-02-06 02:00,0.85728
2025-02-06 02:15,0.769393
2025-02-06 02:30,0.922231
2025-02-06 02:45,0.934978
2025-02-06 03:00,0.80969
2025-02-06 03:15,0.798712
2025-02-06 03:30,0.94089
2025-02-06 03:45,0.873135
2025-02-06 04:00,0.915876
2025-02-06 04:15,0.675931
2025-02-06 04:30,0.497775
2025-02-06 04:45,0.742399
2025-02-06 05:00,0.59269
2025-02-06 05:15,0.376602
2025-02-06 05:30,0.227099
2025-02-06 05:45,0.239682
2025-02-06 06:00,0.195536
2025-02-06 06:15,0.187872
2025-02-06 06:30,0.181125
2025-02-06 06:45,0.154166
2025-02-06 07:00,0.140435
2025-02-06 07:15,0.130142
2025-02-06 07:30,0.12505
2025-02-06 07:45,0.108976
2025-02-06 08:00,0.119828
2025-02-06 08:15,0.120324
2025-02-06 08:30,0.116522
2025-02-06 08:45,0.114533
2025-02-06 09:00,0.123433
2025-02-06 09:15,0.139999
2025-02-06 09:30,0.142091
2025-02-06 09:45,0.141015
2025-02-06 10:00,0.170097
2025-02-06 10:15,0.185351
2025-02-06 10:30,0.207353
2025-02-06 10:45,0.196603
2025-02-06 11:00,0.216001
2025-02-06 11:15,0.213158
2025-02-06 11:30,0.233222
2025-02-06 11:45,0.261469
2025-02-06 12:00,0.284208
2025-02-06 12:15,0.263796
2025-02-06 12:30,0.268891
2025-02-06 12:45,0.250504
2025-02-06 13:00,0.254098
2025-02-06 13:15,0.258138
2025-02-06 13:30,0.286319
2025-02-06 13:45,0.271211
2025-02-06 14:00,0.312072
2025-02-06 14:15,0.287648
2025-02-06 14:30,0.280801
2025-02-06 14:45,0.279956
2025-02-06 15:00,0.268682
2025-02-06 15:15,0.271331
2025-02-06 15:30,0.286044
2025-02-06 15:45,0.255662
2025-02-06 16:00,0.253164
2025-02-06 16:15,0.272636
2025-02-06 16:30,0.256306
2025-02-06 16:45,0.27106
2025-02-06 17:00,0.264042
2025-02-06 17:15,0.273504
2025-02-06 17:30,0.285734
2025-02-06 17:45,0.309162
2025-02-06 18:00,0.318396
2025-02-06 18:15,0.317635
2025-02-06 18:30,0.300112
2025-02-06 18:45,0.305043
2025-02-06 19:00,0.329455
2025-02-06 19:15,0.350577
2025-02-06 19:30,0.347535
2025-02-06 19:45,0.343956
2025-02-06 20:00,0.327418
2025-02-06 20:15,0.334112
2025-02-06 20:30,0.352609
2025-02-06 20:45,0.358346
2025-02-06 21:00,0.356577
2025-02-06 21:15,0.337881
2025-02-06 21:30,0.341687
2025-02-06 21:45,0.346772
2025-02-06 22:00,0.278583
2025-02-06 22:15,0.286975
2025-02-06 22:30,0.326412
2025-02-06 22:45,0.329156
2025-02-06 23:00,0.300921
2025-02-06 23:15,0.300406
2025-02-06 23:30,0.358959
2025-02-06 23:45,0.395804
2025-02-07 00:00,0.406391
2025-02-07 00:15,0.4256
2025-02-07 00:30,0.419308
2025-02-07 00:45,0.471946
2025-02-07 01:00,0.54756
2025-02-07 01:15,0.502674
2025-02-07 01:30,0.491405
2025-02-07 01:45,0.459311
2025-02-07 02:00,0.476683
2025-02-07 02:15,0.483971
2025-02-07 02:30,0.450373
2025-02-07 02:45,0.442706
2025-02-07 03:00,0.41304
2025-02-07 03:15,0.396485
2025-02-07 03:30,0.381499
2025-02-07 03:45,0.336389
2025-02-07 04:00,0.324356
2025-02-07 04:15,0.312018
2025-02-07 04:30,0.271612
2025-02-07 04:45,0.254143
2025-02-07 05:00,0.241337
2025-02-07 05:15,0.222843
2025-02-07 05:30,0.206092
2025-02-07 05:45,0.188556
2025-02-07 06:00,0.165616
2025-02-07 06:15,0.153353
2025-02-07 06:30,0.158283
2025-02-07 06:45,0.156953
2025-02-07 07:00,0.140519
2025-02-07 07:15,0.134528
2025-02-07 07:30,0.143138
2025-02-07 07:45,0.136424
2025-02-07 08:00,0.147001
2025-02-07 08:15,0.149004
2025-02-07 08:30,0.145911
2025-02-07 08:45,0.146631
2025-02-07 09:00,0.146316
2025-02-07 09:15,0.14962
2025-02-07 09:30,0.153406
2025-02-07 09:45,0.145339
2025-02-07 10:00,0.148819
2025-02-07 10:15,0.174994
2025-02-07 10:30,0.18968
2025-02-07 10:45,0.183239
2025-02-07 11:00,0.198882
2025-02-07 11:15,0.195318
2025-02-07 11:30,0.211793
2025-02-07 11:45,0.22997
2025-02-07 12:00,0.211154
2025-02-07 12:15,0.229764
2025-02-07 12:30,0.234174
2025-02-07 12:45,0.235211
2025-02-07 13:00,0.247674
2025-02-07 13:15,0.245133
2025-02-07 13:30,0.238059
2025-02-07 13:45,0.246266
2025-02-07 14:00,0.254481
2025-02-07 14:15,0.247952
2025-02-07 14:30,0.254693
2025-02-07 14:45,0.251985
2025-02-07 15:00,0.250381
2025-02-07 15:15,0.28178
2025-02-07 15:30,0.282322
2025-02-07 15:45,0.27101
2025-02-07 16:00,0.280084
2025-02-07 16:15,0.274165
2025-02-07 16:30,0.262699
2025-02-07 16:45,0.252952
2025-02-07 17:00,0.29611
2025-02-07 17:15,0.308059
2025-02-07 17:30,0.302206
2025-02-07 17:45,0.303317
2025-02-07 18:00,0.313425
2025-02-07 18:15,0.293944
2025-02-07 18:30,0.302368
2025-02-07 18:45,0.324368
2025-02-07 19:00,0.33468
2025-02-07 19:15,0.335148
2025-02-07 19:30,0.35259
2025-02-07 19:45,0.34163
2025-02-07 20:00,0.360757
2025-02-07 20:15,0.341785
2025-02-07 20:30,0.335918
2025-02-07 20:45,0.327874
2025-02-07 21:00,0.33091
2025-02-07 21:15,0.330214
2025-02-07 21:30,0.357829
2025-02-07 21:45,0.37447
2025-02-07 22:00,0.416663
2025-02-07 22:15,0.390777
2025-02-07 22:30,0.40485
2025-02-07 22:45,0.434046
2025-02-07 23:00,0.367898
2025-02-07 23:15,0.380098
2025-02-07 23:30,0.547671
2025-02-07 23:45,0.758243
2025-02-08 00:00,0.72833
2025-02-08 00:15,0.751987
2025-02-08 00:30,0.637638
2025-02-08 00:45,0.74666
2025-02-08 01:00,0.754469
2025-02-08 01:15,0.776469
2025-02-08 01:30,0.7574
2025-02-08 01:45,0.736423
2025-02-08 02:00,0.855111
2025-02-08 02:15,0.647612
2025-02-08 02:30,0.009805
2025-02-08 02:45,0.699712
2025-02-08 03:00,0.601404
2025-02-08 03:15,0.785712
2025-02-08 03:30,0.641152
2025-02-08 03:45,0.711246
2025-02-08 04:00,0.749056
2025-02-08 04:15,0.745353
2025-02-08 04:30,0.584825
2025-02-08 04:45,0.708412
2025-02-08 05:00,0.709352
2025-02-08 05:15,0.65835
2025-02-08 05:30,0.530708
2025-02-08 05:45,0.594823
2025-02-08 06:00,0.570678
2025-02-08 06:15,0.410162
2025-02-08 06:30,0.578942
2025-02-08 06:45,0.410046
2025-02-08 07:00,0.46566
2025-02-08 07:15,0.509497
2025-02-08 07:30,0.393119
2025-02-08 07:45,0.27214
2025-02-08 08:00,0.203751
2025-02-08 08:15,0.216732
2025-02-08 08:30,0.192
2025-02-08 08:45,0.179563
2025-02-08 09:00,0.174122
2025-02-08 09:15,0.161794
2025-02-08 09:30,0.145396
2025-02-08 09:45,0.151119
2025-02-08 10:00,0.151364
2025-02-08 10:15,0.154997
2025-02-08 10:30,0.15371
2025-02-08 10:45,0.171662
2025-02-08 11:00,0.182101
2025-02-08 11:15,0.195194
2025-02-08 11:30,0.208421
2025-02-08 11:45,0.221303
2025-02-08 12:00,0.24877
2025-02-08 12:15,0.247785
2025-02-08 12:30,0.24365
2025-02-08 12:45,0.246664
2025-02-08 13:00,0.243275
2025-02-08 13:15,0.259561
2025-02-08 13:30,0.250894
2025-02-08 13:45,0.288723
2025-02-08 14:00,0.281124
2025-02-08 14:15,0.295492
2025-02-08 14:30,0.312929
2025-02-08 14:45,0.329337
2025-02-08 15:00,0.307378
2025-02-08 15:15,0.321939
2025-02-08 15:30,0.304402
2025-02-08 15:45,0.31373
2025-02-08 16:00,0.339732
2025-02-08 16:15,0.356014
2025-02-08 16:30,0.362419
2025-02-08 16:45,0.353089
2025-02-08 17:00,0.369808
2025-02-08 17:15,0.372746
2025-02-08 17:30,0.416737
2025-02-08 17:45,0.380061
2025-02-08 18:00,0.356127
2025-02-08 18:15,0.327104
2025-02-08 18:30,0.346269
2025-02-08 18:45,0.326739
2025-02-08 19:00,0.317973
2025-02-08 19:15,0.327763
2025-02-08 19:30,0.332811
2025-02-08 19:45,0.334289
2025-02-08 20:00,0.369086
2025-02-08 20:15,0.394246
2025-02-08 20:30,0.418005
2025-02-08 20:45,0.408157
2025-02-08 21:00,0.364171
2025-02-08 21:15,0.366771
2025-02-08 21:30,0.402994
2025-02-08 21:45,0.398017
2025-02-08 22:00,0.337238
2025-02-08 22:15,0.338937
2025-02-08 22:30,0.360201
2025-02-08 22:45,0.334463
2025-02-08 23:00,0.327249
2025-02-08 23:15,0.33102
2025-02-08 23:30,0.38159
2025-02-08 23:45,0.367895
2025-02-09 00:00,0.360669
2025-02-09 00:15,0.3676
2025-02-09 00:30,0.379852
2025-02-09 00:45,0.37637
2025-02-09 01:00,0.383229
2025-02-09 01:15,0.407871
2025-02-09 01:30,0.41597
2025-02-09 01:45,0.388833
2025-02-09 02:00,0.410995
2025-02-09 02:15,0.419106
2025-02-09 02:30,0.421383
2025-02-09 02:45,0.410626
2025-02-09 03:00,0.40158
2025-02-09 03:15,0.402204
2025-02-09 03:30,0.386476
2025-02-09 03:45,0.366228
2025-02-09 04:00,0.390319
2025-02-09 04:15,0.378691
2025-02-09 04:30,0.308948
2025-02-09 04:45,0.299923
2025-02-09 05:00,0.280764
2025-02-09 05:15,0.258967
2025-02-09 05:30,0.250397
2025-02-09 05:45,0.233718
2025-02-09 06:00,0.230255
2025-02-09 06:15,0.195439
2025-02-09 06:30,0.202405
2025-02-09 06:45,0.168003
2025-02-09 07:00,0.17718
2025-02-09 07:15,0.164505
2025-02-09 07:30,0.155675
2025-02-09 07:45,0.151389
2025-02-09 08:00,0.164526
2025-02-09 08:15,0.143805
2025-02-09 08:30,0.144848
2025-02-09 08:45,0.128185
2025-02-09 09:00,0.129465
2025-02-09 09:15,0.115943
2025-02-09 09:30,0.132946
2025-02-09 09:45,0.125383
2025-02-09 10:00,0.128791
2025-02-09 10:15,0.136673
2025-02-09 10:30,0.160727
2025-02-09 10:45,0.157798
2025-02-09 11:00,0.183671
2025-02-09 11:15,0.194175
2025-02-09 11:30,0.207892
2025-02-09 11:45,0.212567
2025-02-09 12:00,0.220566
2025-02-09 12:15,0.228787
2025-02-09 12:30,0.234275
2025-02-09 12:45,0.249414
2025-02-09 13:00,0.258222
2025-02-09 13:15,0.275291
2025-02-09 13:30,0.294615
2025-02-09 13:45,0.281882
2025-02-09 14:00,0.29886
2025-02-09 14:15,0.293648
2025-02-09 14:30,0.307495
2025-02-09 14:45,0.311855
2025-02-09 15:00,0.334282
2025-02-09 15:15,0.335461
2025-02-09 15:30,0.328269
2025-02-09 15:45,0.319199
2025-02-09 16:00,0.303777
2025-02-09 16:15,0.333222
2025-02-09 16:30,0.349869
2025-02-09 16:45,0.361181
2025-02-09 17:00,0.363983
2025-02-09 17:15,0.362082
2025-02-09 17:30,0.406427
2025-02-09 17:45,0.384699
2025-02-09 18:00,0.372534
2025-02-09 18:15,0.386132
2025-02-09 18:30,0.419481
2025-02-09 18:45,0.380368
2025-02-09 19:00,0.370109
2025-02-09 19:15,0.383131
2025-02-09 19:30,0.386503
2025-02-09 19:45,0.392183
2025-02-09 20:00,0.419071
2025-02-09 20:15,0.418876
2025-02-09 20:30,0.41694
2025-02-09 20:45,0.398163
2025-02-09 21:00,0.439161
2025-02-09 21:15,0.457178
2025-02-09 21:30,0.456646
2025-02-09 21:45,0.461956
2025-02-09 22:00,0.417496
2025-02-09 22:15,0.384595
2025-02-09 22:30,0.385119
2025-02-09 22:45,0.382984
2025-02-09 23:00,0.396386
2025-02-09 23:15,0.398703
2025-02-09 23:30,0.415803
2025-02-09 23:45,0.434943
2025-02-10 00:00,0.451844
2025-02-10 00:15,0.422525
2025-02-10 00:30,0.410556
2025-02-10 00:45,0.441262
2025-02-10 01:00,0.442377
2025-02-10 01:15,0.47193
2025-02-10 01:30,0.501748
2025-02-10 01:45,0.49573
2025-02-10 02:00,0.497656
2025-02-10 02:15,0.474293
2025-02-10 02:30,0.448154
2025-02-10 02:45,0.414681
2025-02-10 03:00,0.390473
2025-02-10 03:15,0.380253
2025-02-10 03:30,0.340792
2025-02-10 03:45,0.315761
2025-02-10 04:00,0.284361
2025-02-10 04:15,0.264433
2025-02-10 04:30,0.256214
2025-02-10 04:45,0.241142
2025-02-10 05:00,0.206155
2025-02-10 05:15,0.217214
2025-02-10 05:30,0.192282
2025-02-10 05:45,0.194018
2025-02-10 06:00,0.217503
2025-02-10 06:15,0.161296
2025-02-10 06:30,0.138295
2025-02-10 06:45,0.140772
2025-02-10 07:00,0.144252
2025-02-10 07:15,0.135782
2025-02-10 07:30,0.12909
2025-02-10 07:45,0.119848
2025-02-10 08:00,0.121057
2025-02-10 08:15,0.123158
2025-02-10 08:30,0.119015
2025-02-10 08:45,0.124485
2025-02-10 09:00,0.116081
2025-02-10 09:15,0.121849
2025-02-10 09:30,0.125559
2025-02-10 09:45,0.132449
2025-02-10 10:00,0.138221
2025-02-10 10:15,0.150563
2025-02-10 10:30,0.184008
2025-02-10 10:45,0.182255
2025-02-10 11:00,0.193413
2025-02-10 11:15,0.22728
2025-02-10 11:30,0.193424
2025-02-10 11:45,0.219034
2025-02-10 12:00,0.221451
2025-02-10 12:15,0.229807
2025-02-10 12:30,0.227103
2025-02-10 12:45,0.253692
2025-02-10 13:00,0.224943
2025-02-10 13:15,0.239427
2025-02-10 13:30,0.238611
2025-02-10 13:45,0.227591
2025-02-10 14:00,0.241245
2025-02-10 14:15,0.239021
2025-02-10 14:30,0.224984
2025-02-10 14:45,0.267793
2025-02-10 15:00,0.243838
2025-02-10 15:15,0.264104
2025-02-10 15:30,0.266599
2025-02-10 15:45,0.259486
2025-02-10 16:00,0.249091
2025-02-10 16:15,0.247891
2025-02-10 16:30,0.262121
2025-02-10 16:45,0.27986
2025-02-10 17:00,0.278025
2025-02-10 17:15,0.298558
2025-02-10 17:30,0.293551
2025-02-10 17:45,0.289735
2025-02-10 18:00,0.319423
2025-02-10 18:15,0.300334
2025-02-10 18:30,0.318279
2025-02-10 18:45,0.329549
2025-02-10 19:00,0.327093
2025-02-10 19:15,0.306757
2025-02-10 19:30,0.304419
2025-02-10 19:45,0.325986
2025-02-10 20:00,0.31586
2025-02-10 20:15,0.36097
2025-02-10 20:30,0.308988
2025-02-10 20:45,0.305739
2025-02-10 21:00,0.282358
2025-02-10 21:15,0.297415
2025-02-10 21:30,0.316003
2025-02-10 21:45,0.343658
2025-02-10 22:00,0.317179
2025-02-10 22:15,0.314504
2025-02-10 22:30,0.347854
2025-02-10 22:45,0.363429
2025-02-10 23:00,0.335346
2025-02-10 23:15,0.336407
2025-02-10 23:30,0.367111
2025-02-10 23:45,0.353781
2025-02-11 00:00,0.410642
2025-02-11 00:15,0.376034
2025-02-11 00:30,0.411776
2025-02-11 00:45,0.467602
2025-02-11 01:00,0.477589
2025-02-11 01:15,0.446067
2025-02-11 01:30,0.380763
2025-02-11 01:45,0.447616
2025-02-11 02:00,0.418143
2025-02-11 02:15,0.373494
2025-02-11 02:30,0.371566
2025-02-11 02:45,0.365768
2025-02-11 03:00,0.35844
2025-02-11 03:15,0.400718
2025-02-11 03:30,0.335889
2025-02-11 03:45,0.30484
2025-02-11 04:00,0.307639
2025-02-11 04:15,0.281892
2025-02-11 04:30,0.256436
2025-02-11 04:45,0.223416
2025-02-11 05:00,0.217279
2025-02-11 05:15,0.19954
2025-02-11 05:30,0.178924
2025-02-11 05:45,0.176116
2025-02-11 06:00,0.163824
2025-02-11 06:15,0.151685
2025-02-11 06:30,0.133922
2025-02-11 06:45,0.140204
2025-02-11 07:00,0.138453
2025-02-11 07:15,0.128289
2025-02-11 07:30,0.124757
2025-02-11 07:45,0.122385
2025-02-11 08:00,0.120372
2025-02-11 08:15,0.113378
2025-02-11 08:30,0.109484
2025-02-11 08:45,0.124583
2025-02-11 09:00,0.118879
2025-02-11 09:15,0.128092
2025-02-11 09:30,0.14442
2025-02-11 09:45,0.171195
2025-02-11 10:00,0.17767
2025-02-11 10:15,0.183573
2025-02-11 10:30,0.175271
2025-02-11 10:45,0.167379
2025-02-11 11:00,0.182814
2025-02-11 11:15,0.185009
2025-02-11 11:30,0.200388
2025-02-11 11:45,0.231177
2025-02-11 12:00,0.247459
2025-02-11 12:15,0.257729
2025-02-11 12:30,0.27893
2025-02-11 12:45,0.280119
2025-02-11 13:00,0.250295
2025-02-11 13:15,0.275967
2025-02-11 13:30,0.284508
2025-02-11 13:45,0.275599
2025-02-11 14:00,0.282747
2025-02-11 14:15,0.239677
2025-02-11 14:30,0.248657
2025-02-11 14:45,0.258696
2025-02-11 15:00,0.27072
2025-02-11 15:15,0.239403
2025-02-11 15:30,0.264636
2025-02-11 15:45,0.266401
2025-02-11 16:00,0.265721
2025-02-11 16:15,0.248232
2025-02-11 16:30,0.246263
2025-02-11 16:45,0.254296
2025-02-11 17:00,0.2836
2025-02-11 17:15,0.292029
2025-02-11 17:30,0.287512
2025-02-11 17:45,0.279622
2025-02-11 18:00,0.300901
2025-02-11 18:15,0.293912
2025-02-11 18:30,0.301529
2025-02-11 18:45,0.311643
2025-02-11 19:00,0.361868
2025-02-11 19:15,0.349047
2025-02-11 19:30,0.345389
2025-02-11 19:45,0.329923
2025-02-11 20:00,0.361875
2025-02-11 20:15,0.36697
2025-02-11 20:30,0.34414
2025-02-11 20:45,0.343557
2025-02-11 21:00,0.277352
2025-02-11 21:15,0.265486
2025-02-11 21:30,0.296534
2025-02-11 21:45,0.345851
2025-02-11 22:00,0.365108
2025-02-11 22:15,0.349525
2025-02-11 22:30,0.296223
2025-02-11 22:45,0.314641
2025-02-11 23:00,0.332661
2025-02-11 23:15,0.33374
2025-02-11 23:30,0.352302
2025-02-11 23:45,0.343368
2025-02-12 00:00,0.382607
2025-02-12 00:00,0.827998
2025-02-12 00:15,0.84844
2025-02-12 00:30,0.847639
2025-02-12 00:45,0.756071
2025-02-12 01:00,0.7925
2025-02-12 01:15,0.876481
2025-02-12 01:30,0.94904
2025-02-12 01:45,0.939442
2025-02-12 02:00,0.844239
2025-02-12 02:15,0.801416
2025-02-12 02:30,0.783569
2025-02-12 02:45,0.767384
2025-02-12 03:00,0.773665
2025-02-12 03:15,0.741943
2025-02-12 03:30,0.729021
2025-02-12 03:45,0.622819
2025-02-12 04:00,0.606634
2025-02-12 04:15,0.519182
2025-02-12 04:30,0.519959
2025-02-12 04:45,0.478859
2025-02-12 05:00,0.464241
2025-02-12 05:15,0.41414
2025-02-12 05:30,0.38948
2025-02-12 05:45,0.339513
2025-02-12 06:00,0.368496
2025-02-12 06:15,0.333723
2025-02-12 06:30,0.326565
2025-02-12 06:45,0.283893
2025-02-12 07:00,0.306845
2025-02-12 07:15,0.286056
2025-02-12 07:30,0.26724
2025-02-12 07:45,0.257346
2025-02-12 08:00,0.269896
2025-02-12 08:15,0.266347
2025-02-12 08:30,0.237696
2025-02-12 08:45,0.222215
2025-02-12 09:00,0.253837
2025-02-12 09:15,0.262124
2025-02-12 09:30,0.285989
2025-02-12 09:45,0.316676
2025-02-12 10:00,0.298732
2025-02-12 10:15,0.348719
2025-02-12 10:30,0.398207
2025-02-12 10:45,0.397063
2025-02-12 11:00,0.446868
2025-02-12 11:15,0.405379
2025-02-12 11:30,0.418268
2025-02-12 11:45,0.451229
2025-02-12 12:00,0.458566
2025-02-12 12:15,0.432906
2025-02-12 12:30,0.441647
2025-02-12 12:45,0.473483
2025-02-12 13:00,0.466933
2025-02-12 13:15,0.432641
2025-02-12 13:30,0.4467
2025-02-12 13:45,0.489965
2025-02-12 14:00,0.502297
2025-02-12 14:15,0.477074
2025-02-12 14:30,0.477649
2025-02-12 14:45,0.489742
2025-02-12 15:00,0.487476
2025-02-12 15:15,0.487561
2025-02-12 15:30,0.509929
2025-02-12 15:45,0.547504
2025-02-12 16:00,0.548661
2025-02-12 16:15,0.539626
2025-02-12 16:30,0.539119
2025-02-12 16:45,0.527929
2025-02-12 17:00,0.513962
2025-02-12 17:15,0.534206
2025-02-12 17:30,0.546594
2025-02-12 17:45,0.544343
2025-02-12 18:00,0.552533
2025-02-12 18:15,0.554499
2025-02-12 18:30,0.614398
2025-02-12 18:45,0.728528
2025-02-12 19:00,0.687229
2025-02-12 19:15,0.714779
2025-02-12 19:30,0.718632
2025-02-12 19:45,0.715895
2025-02-12 20:00,0.692635
2025-02-12 20:15,0.793964
2025-02-12 20:30,0.712379
2025-02-12 20:45,0.697553
2025-02-12 21:00,0.644191
2025-02-12 21:15,0.695632
2025-02-12 21:30,0.683871
2025-02-12 21:45,0.712789
2025-02-12 22:00,0.678628
2025-02-12 22:15,0.653311
2025-02-12 22:30,0.628442
2025-02-12 22:45,0.71324
2025-02-12 23:00,0.688409
2025-02-12 23:15,0.701643
2025-02-12 23:30,0.746568
2025-02-12 23:45,0.718776
2025-02-13 00:00,0.786632
2025-02-13 00:15,0.78761
2025-02-13 00:30,0.763399
2025-02-13 00:45,0.810705
2025-02-13 01:00,0.889122
2025-02-13 01:15,0.863635
2025-02-13 01:30,0.825676
2025-02-13 01:45,0.847726
2025-02-13 02:00,0.890011
2025-02-13 02:15,0.87106
2025-02-13 02:30,0.854904
2025-02-13 02:45,0.854206
2025-02-13 03:00,0.786296
2025-02-13 03:15,0.719779
2025-02-13 03:30,0.694695
2025-02-13 03:45,0.627502
2025-02-13 04:00,0.641841
2025-02-13 04:15,0.602923
2025-02-13 04:30,0.551931
2025-02-13 04:45,0.496836
2025-02-13 05:00,0.431515
2025-02-13 05:15,0.427313
2025-02-13 05:30,0.408318
2025-02-13 05:45,0.348985
2025-02-13 06:00,0.345823
2025-02-13 06:15,0.300864
2025-02-13 06:30,0.319407
2025-02-13 06:45,0.280063
2025-02-13 07:00,0.307295
2025-02-13 07:15,0.308469
2025-02-13 07:30,0.253242
2025-02-13 07:45,0.245646
2025-02-13 08:00,0.257353
2025-02-13 08:15,0.249672
2025-02-13 08:30,0.257484
2025-02-13 08:45,0.228014
2025-02-13 09:00,0.228997
2025-02-13 09:15,0.241795
2025-02-13 09:30,0.293471
2025-02-13 09:45,0.294086
2025-02-13 10:00,0.296619
2025-02-13 10:15,0.336145
2025-02-13 10:30,0.425951
2025-02-13 10:45,0.3874
2025-02-13 11:00,0.428088
2025-02-13 11:15,0.404499
2025-02-13 11:30,0.46792
2025-02-13 11:45,0.519043
2025-02-13 12:00,0.507359
2025-02-13 12:15,0.478934
2025-02-13 12:30,0.494425
2025-02-13 12:45,0.605462
2025-02-13 13:00,0.546373
2025-02-13 13:15,0.535034
2025-02-13 13:30,0.563169
2025-02-13 13:45,0.53274
2025-02-13 14:00,0.553735
2025-02-13 14:15,0.398835
2025-02-13 14:30,0.455318
2025-02-13 14:45,0.482516
2025-02-13 15:00,0.441024
2025-02-13 15:15,0.454763
2025-02-13 15:30,0.629523
2025-02-13 15:45,0.499916
2025-02-13 16:00,0.546774
2025-02-13 16:15,0.501677
2025-02-13 16:30,0.5266
2025-02-13 16:45,0.546356
2025-02-13 17:00,0.600004
2025-02-13 17:15,0.592835
2025-02-13 17:30,0.566741
2025-02-13 17:45,0.575023
2025-02-13 18:00,0.682736
2025-02-13 18:15,0.682514
2025-02-13 18:30,0.708495
2025-02-13 18:45,0.751137
2025-02-13 19:00,0.679054
2025-02-13 19:15,0.657445
2025-02-13 19:30,0.658511
2025-02-13 19:45,0.652892
2025-02-13 20:00,0.698584
2025-02-13 20:15,0.645947
2025-02-13 20:30,0.675487
2025-02-13 20:45,0.669539
2025-02-13 21:00,0.69776
2025-02-13 21:15,0.69765
2025-02-13 21:30,0.691435
2025-02-13 21:45,0.64537
2025-02-13 22:00,0.673443
2025-02-13 22:15,0.641388
2025-02-13 22:30,0.71527
2025-02-13 22:45,0.693547
2025-02-13 23:00,0.677212
2025-02-13 23:15,0.754148
2025-02-13 23:30,0.839313
2025-02-13 23:45,0.748708
2025-02-14 00:00,0.817226
2025-02-14 00:15,0.735744
2025-02-14 00:30,0.753975
2025-02-14 00:45,0.708341
2025-02-14 01:00,0.789515
2025-02-14 01:15,0.877994
2025-02-14 01:30,0.785133
2025-02-14 01:45,0.823864
2025-02-14 02:00,0.821168
2025-02-14 02:15,0.786445
2025-02-14 02:30,0.682204
2025-02-14 02:45,0.765418
2025-02-14 03:00,0.723803
2025-02-14 03:15,0.682684
2025-02-14 03:30,0.633266
2025-02-14 03:45,0.592656
2025-02-14 04:00,0.545053
2025-02-14 04:15,0.530692
2025-02-14 04:30,0.503321
2025-02-14 04:45,0.445122
2025-02-14 05:00,0.426693
2025-02-14 05:15,0.415405
2025-02-14 05:30,0.398019
2025-02-14 05:45,0.360231
2025-02-14 06:00,0.379601
2025-02-14 06:15,0.347285
2025-02-14 06:30,0.302074
2025-02-14 06:45,0.292796
2025-02-14 07:00,0.320585
2025-02-14 07:15,0.276675
2025-02-14 07:30,0.266027
2025-02-14 07:45,0.243749
2025-02-14 08:00,0.215064
2025-02-14 08:15,0.218353
2025-02-14 08:30,0.2079
2025-02-14 08:45,0.237816
2025-02-14 09:00,0.232107
2025-02-14 09:15,0.266579
2025-02-14 09:30,0.259097
2025-02-14 09:45,0.283316
2025-02-14 10:00,0.304688
2025-02-14 10:15,0.327641
2025-02-14 10:30,0.345787
2025-02-14 10:45,0.369489
2025-02-14 11:00,0.401616
2025-02-14 11:15,0.427
2025-02-14 11:30,0.441221
2025-02-14 11:45,0.439762
2025-02-14 12:00,0.460538
2025-02-14 12:15,0.472647
2025-02-14 12:30,0.519006
2025-02-14 12:45,0.446698
2025-02-14 13:00,0.485969
2025-02-14 13:15,0.450782
2025-02-14 13:30,0.433901
2025-02-14 13:45,0.439173
2025-02-14 14:00,0.479348
2025-02-14 14:15,0.484848
2025-02-14 14:30,0.451464
2025-02-14 14:45,0.477948
2025-02-14 15:00,0.461013
2025-02-14 15:15,0.465393
2025-02-14 15:30,0.488259
2025-02-14 15:45,0.603584
2025-02-14 16:00,0.520824
2025-02-14 16:15,0.506694
2025-02-14 16:30,0.503758
2025-02-14 16:45,0.529851
2025-02-14 17:00,0.489642
2025-02-14 17:15,0.578423
2025-02-14 17:30,0.59376
2025-02-14 17:45,0.548037
2025-02-14 18:00,0.572622
2025-02-14 18:15,0.623279
2025-02-14 18:30,0.675461
2025-02-14 18:45,0.601255
2025-02-14 19:00,0.631997
2025-02-14 19:15,0.67616
2025-02-14 19:30,0.631682
2025-02-14 19:45,0.639065
2025-02-14 20:00,0.652008
2025-02-14 20:15,0.674214
2025-02-14 20:30,0.603958
2025-02-14 20:45,0.603109
2025-02-14 21:00,0.607163
2025-02-14 21:15,0.628904
2025-02-14 21:30,0.658957
2025-02-14 21:45,0.608907
2025-02-14 22:00,0.638224
2025-02-14 22:15,0.683803
2025-02-14 22:30,0.671882
2025-02-14 22:45,0.666155
2025-02-14 23:00,0.622772
2025-02-14 23:15,0.616017
2025-02-14 23:30,0.642464
2025-02-14 23:45,0.762919
2025-02-15 00:00,0.768433
2025-02-15 00:15,0.749788
2025-02-15 00:30,0.800556
2025-02-15 00:45,0.748011
2025-02-15 01:00,0.794255
2025-02-15 01:15,0.879018
2025-02-15 01:30,0.844306
2025-02-15 01:45,0.822131
2025-02-15 02:00,0.768684
2025-02-15 02:15,0.719694
2025-02-15 02:30,0.724587
2025-02-15 02:45,0.749747
2025-02-15 03:00,0.710625
2025-02-15 03:15,0.669199
2025-02-15 03:30,0.633164
2025-02-15 03:45,0.568562
2025-02-15 04:00,0.599598
2025-02-15 04:15,0.579691
2025-02-15 04:30,0.541617
2025-02-15 04:45,0.549538
2025-02-15 05:00,0.537368
2025-02-15 05:15,0.496811
2025-02-15 05:30,0.485624
2025-02-15 05:45,0.43806
2025-02-15 06:00,0.387319
2025-02-15 06:15,0.331772
2025-02-15 06:30,0.323528
2025-02-15 06:45,0.32605
2025-02-15 07:00,0.316464
2025-02-15 07:15,0.317518
2025-02-15 07:30,0.272516
2025-02-15 07:45,0.254834
2025-02-15 08:00,0.239839
2025-02-15 08:15,0.247849
2025-02-15 08:30,0.241104
2025-02-15 08:45,0.257923
2025-02-15 09:00,0.221818
2025-02-15 09:15,0.256016
2025-02-15 09:30,0.251468
2025-02-15 09:45,0.286846
2025-02-15 10:00,0.305926
2025-02-15 10:15,0.301059
2025-02-15 10:30,0.286088
2025-02-15 10:45,0.31036
2025-02-15 11:00,0.330402
2025-02-15 11:15,0.390103
2025-02-15 11:30,0.41448
2025-02-15 11:45,0.413925
2025-02-15 12:00,0.476128
2025-02-15 12:15,0.43928
2025-02-15 12:30,0.543449
2025-02-15 12:45,0.501523
2025-02-15 13:00,0.497504
2025-02-15 13:15,0.506939
2025-02-15 13:30,0.494353
2025-02-15 13:45,0.524119
2025-02-15 14:00,0.608921
2025-02-15 14:15,0.582876
2025-02-15 14:30,0.63939
2025-02-15 14:45,0.577877
2025-02-15 15:00,0.570656
2025-02-15 15:15,0.74053
2025-02-15 15:30,0.672029
2025-02-15 15:45,0.655415
2025-02-15 16:00,0.6677
2025-02-15 16:15,0.627955
2025-02-15 16:30,0.685678
2025-02-15 16:45,0.720491
2025-02-15 17:00,0.723855
2025-02-15 17:15,0.724882
2025-02-15 17:30,0.726169
2025-02-15 17:45,0.704926
2025-02-15 18:00,0.779751
2025-02-15 18:15,0.747822
2025-02-15 18:30,0.722798
2025-02-15 18:45,0.702724
2025-02-15 19:00,0.75369
2025-02-15 19:15,0.7858
2025-02-15 19:30,0.72218
2025-02-15 19:45,0.77771
2025-02-15 20:00,0.818926
2025-02-15 20:15,0.775333
2025-02-15 20:30,0.804269
2025-02-15 20:45,0.729182
2025-02-15 21:00,0.725104
2025-02-15 21:15,0.664839
2025-02-15 21:30,0.747088
2025-02-15 21:45,0.756492
2025-02-15 22:00,0.746264
2025-02-15 22:15,0.760631
2025-02-15 22:30,0.7754
2025-02-15 22:45,0.796364
2025-02-15 23:00,0.846074
2025-02-15 23:15,0.84379
2025-02-15 23:30,0.784897
2025-02-15 23:45,0.786615
2025-02-16 00:00,0.778778
2025-02-16 00:15,0.836438
2025-02-16 00:30,0.816598
2025-02-16 00:45,0.842839
2025-02-16 01:00,0.894168
2025-02-16 01:15,0.914132
2025-02-16 01:30,0.852112
2025-02-16 01:45,0.865585
2025-02-16 02:00,0.91785
2025-02-16 02:15,0.875472
2025-02-16 02:30,0.905444
2025-02-16 02:45,0.903153
2025-02-16 03:00,0.820508
2025-02-16 03:15,0.751329
2025-02-16 03:30,0.74885
2025-02-16 03:45,0.702431
2025-02-16 04:00,0.696722
2025-02-16 04:15,0.680661
2025-02-16 04:30,0.617938
2025-02-16 04:45,0.65292
2025-02-16 05:00,0.539073
2025-02-16 05:15,0.37757
2025-02-16 05:30,0.333782
2025-02-16 05:45,0.35655
2025-02-16 06:00,0.364594
2025-02-16 06:15,0.336393
2025-02-16 06:30,0.318635
2025-02-16 06:45,0.28152
2025-02-16 07:00,0.299137
2025-02-16 07:15,0.293
2025-02-16 07:30,0.286789
2025-02-16 07:45,0.237781
2025-02-16 08:00,0.243719
2025-02-16 08:15,0.262352
2025-02-16 08:30,0.223462
2025-02-16 08:45,0.220708
2025-02-16 09:00,0.240307
2025-02-16 09:15,0.214988
2025-02-16 09:30,0.216293
2025-02-16 09:45,0.223465
2025-02-16 10:00,0.236933
2025-02-16 10:15,0.248545
2025-02-16 10:30,0.285034
2025-02-16 10:45,0.310498
2025-02-16 11:00,0.339681
2025-02-16 11:15,0.385936
2025-02-16 11:30,0.395437
2025-02-16 11:45,0.438144
2025-02-16 12:00,0.510698
2025-02-16 12:15,0.47839
2025-02-16 12:30,0.515832
2025-02-16 12:45,0.58762
2025-02-16 13:00,0.54958
2025-02-16 13:15,0.585834
2025-02-16 13:30,0.60354
2025-02-16 13:45,0.645145
2025-02-16 14:00,0.681089
2025-02-16 14:15,0.68025
2025-02-16 14:30,0.673045
2025-02-16 14:45,0.759275
2025-02-16 15:00,0.784378
2025-02-16 15:15,0.667052
2025-02-16 15:30,0.688189
2025-02-16 15:45,0.691906
2025-02-16 16:00,0.719403
2025-02-16 16:15,0.727033
2025-02-16 16:30,0.789378
2025-02-16 16:45,0.774315
2025-02-16 17:00,0.773579
2025-02-16 17:15,0.782051
2025-02-16 17:30,0.795136
2025-02-16 17:45,0.745954
2025-02-16 18:00,0.709018
2025-02-16 18:15,0.686156
2025-02-16 18:30,0.696697
2025-02-16 18:45,0.727425
2025-02-16 19:00,0.761863
2025-02-16 19:15,0.713296
2025-02-16 19:30,0.757598
2025-02-16 19:45,0.739064
2025-02-16 20:00,0.750786
2025-02-16 20:15,0.812449
2025-02-16 20:30,0.804396
2025-02-16 20:45,0.8043
2025-02-16 21:00,0.816779
2025-02-16 21:15,0.755175
2025-02-16 21:30,0.734234
2025-02-16 21:45,0.733865
2025-02-16 22:00,0.713557
2025-02-16 22:15,0.679552
2025-02-16 22:30,0.720222
2025-02-16 22:45,0.709095
2025-02-16 23:00,0.797821
2025-02-16 23:15,0.792918
2025-02-16 23:30,0.814111
2025-02-16 23:45,0.841598
2025-02-17 00:00,0.816783
2025-02-17 00:15,0.832163
2025-02-17 00:30,0.849672
2025-02-17 00:45,0.862338
2025-02-17 01:00,0.915166
2025-02-17 01:15,0.943903
2025-02-17 01:30,1.0
2025-02-17 01:45,0.952482
2025-02-17 02:00,0.919268
2025-02-17 02:15,0.850918
2025-02-17 02:30,0.917754
2025-02-17 02:45,0.839143
2025-02-17 03:00,0.765841
2025-02-17 03:15,0.812736
2025-02-17 03:30,0.728846
2025-02-17 03:45,0.634363
2025-02-17 04:00,0.622813
2025-02-17 04:15,0.554048
2025-02-17 04:30,0.514305
2025-02-17 04:45,0.552844
2025-02-17 05:00,0.466017
2025-02-17 05:15,0.447223
2025-02-17 05:30,0.394578
2025-02-17 05:45,0.377065
2025-02-17 06:00,0.359758
2025-02-17 06:15,0.312478
2025-02-17 06:30,0.313754
2025-02-17 06:45,0.2892
2025-02-17 07:00,0.28055
2025-02-17 07:15,0.284273
2025-02-17 07:30,0.247701
2025-02-17 07:45,0.226476
2025-02-17 08:00,0.275392
2025-02-17 08:15,0.247194
2025-02-17 08:30,0.257375
2025-02-17 08:45,0.234839
2025-02-17 09:00,0.283093
2025-02-17 09:15,0.2703
2025-02-17 09:30,0.274002
2025-02-17 09:45,0.314663
2025-02-17 10:00,0.300813
2025-02-17 10:15,0.340076
2025-02-17 10:30,0.344289
2025-02-17 10:45,0.356387
2025-02-17 11:00,0.374326
2025-02-17 11:15,0.421452
2025-02-17 11:30,0.454081
2025-02-17 11:45,0.438844
2025-02-17 12:00,0.45706
2025-02-17 12:15,0.486205
2025-02-17 12:30,0.49188
2025-02-17 12:45,0.48989
2025-02-17 13:00,0.508382
2025-02-17 13:15,0.514034
2025-02-17 13:30,0.521458
2025-02-17 13:45,0.593246
2025-02-17 14:00,0.66002
2025-02-17 14:15,0.64061
2025-02-17 14:30,0.534304
2025-02-17 14:45,0.528641
2025-02-17 15:00,0.560883
2025-02-17 15:15,0.592954
2025-02-17 15:30,0.600639
2025-02-17 15:45,0.598795
2025-02-17 16:00,0.574867
2025-02-17 16:15,0.716952
2025-02-17 16:30,0.673697
2025-02-17 16:45,0.563344
2025-02-17 17:00,0.671994
2025-02-17 17:15,0.682869
2025-02-17 17:30,0.674955
2025-02-17 17:45,0.659894
2025-02-17 18:00,0.672254
2025-02-17 18:15,0.665713
2025-02-17 18:30,0.710682
2025-02-17 18:45,0.725144
2025-02-17 19:00,0.667402
2025-02-17 19:15,0.795859
2025-02-17 19:30,0.77692
2025-02-17 19:45,0.82314
2025-02-17 20:00,0.89932
2025-02-17 20:15,0.89078
2025-02-17 20:30,0.895543
2025-02-17 20:45,0.855253
2025-02-17 21:00,0.811121
2025-02-17 21:15,0.846979
2025-02-17 21:30,0.886407
2025-02-17 21:45,0.947445
2025-02-17 22:00,0.817174
2025-02-17 22:15,0.793977
2025-02-17 22:30,0.777514
2025-02-17 22:45,0.835883
2025-02-17 23:00,0.907358
2025-02-17 23:15,0.907997
2025-02-17 23:30,0.796143
2025-02-17 23:45,0.894537
2025-02-18 00:00,0.89723
2025-02-18 00:15,0.898135
2025-02-18 00:30,0.9402
2025-02-18 00:45,0.887943
2025-02-18 01:00,0.926072
2025-02-18 01:15,0.934467
2025-02-18 01:30,0.926423
2025-02-18 01:45,0.883851
2025-02-18 02:00,0.890882
2025-02-18 02:15,0.855171
2025-02-18 02:30,0.825788
2025-02-18 02:45,0.829265
2025-02-18 03:00,0.761357
2025-02-18 03:15,0.745493
2025-02-18 03:30,0.704376
2025-02-18 03:45,0.6306
2025-02-18 04:00,0.610318
2025-02-18 04:15,0.57449
2025-02-18 04:30,0.506264
2025-02-18 04:45,0.491538
2025-02-18 05:00,0.466624
2025-02-18 05:15,0.413667
2025-02-18 05:30,0.408292
2025-02-18 05:45,0.392064
2025-02-18 06:00,0.329481
2025-02-18 06:15,0.314455
2025-02-18 06:30,0.292998
2025-02-18 06:45,0.300169
2025-02-18 07:00,0.309273
2025-02-18 07:15,0.283153
2025-02-18 07:30,0.296481
2025-02-18 07:45,0.26404
2025-02-18 08:00,0.262591
2025-02-18 08:15,0.247502
2025-02-18 08:30,0.28262
2025-02-18 08:45,0.260393
2025-02-18 09:00,0.280443
2025-02-18 09:15,0.261684
2025-02-18 09:30,0.30799
2025-02-18 09:45,0.315167
2025-02-18 10:00,0.337064
2025-02-18 10:15,0.335146
2025-02-18 10:30,0.363794
2025-02-18 10:45,0.4053
2025-02-18 11:00,0.432956
2025-02-18 11:15,0.431148
2025-02-18 11:30,0.470854
2025-02-18 11:45,0.444683
2025-02-18 12:00,0.489078
2025-02-18 12:15,0.511641
2025-02-18 12:30,0.51111
2025-02-18 12:45,0.539058
2025-02-18 13:00,0.531918
2025-02-18 13:15,0.520381
2025-02-18 13:30,0.546787
2025-02-18 13:45,0.507202
2025-02-18 14:00,0.526213
2025-02-18 14:15,0.535843
2025-02-18 14:30,0.496792
2025-02-18 14:45,0.522311
2025-02-18 15:00,0.482177
2025-02-18 15:15,0.507242
2025-02-18 15:30,0.530669
2025-02-18 15:45,0.599652
2025-02-18 16:00,0.551072
2025-02-18 16:15,0.593347
2025-02-18 16:30,0.575317
2025-02-18 16:45,0.541348
2025-02-18 17:00,0.575627
2025-02-18 17:15,0.636203
2025-02-18 17:30,0.717953
2025-02-18 17:45,0.645767
2025-02-18 18:00,0.67313
2025-02-18 18:15,0.641843
2025-02-18 18:30,0.703903
2025-02-18 18:45,0.673645
2025-02-18 19:00,0.695705
2025-02-18 19:15,0.772852
2025-02-18 19:30,0.703238
2025-02-18 19:45,0.708211
2025-02-18 20:00,0.64584
2025-02-18 20:15,0.683046
2025-02-18 20:30,0.728579
2025-02-18 20:45,0.70999
2025-02-18 21:00,0.726421
2025-02-18 21:15,0.716923
2025-02-18 21:30,0.642452
2025-02-18 21:45,0.709989
2025-02-18 22:00,0.727132
2025-02-18 22:15,0.750873
2025-02-18 22:30,0.763385
2025-02-18 22:45,0.739967
2025-02-18 23:00,0.747408
2025-02-18 23:15,0.784673
2025-02-18 23:30,0.788412
2025-02-18 23:45,0.893721
2025-02-19 00:00,0.854738
2025-02-19 00:00,0.661136
2025-02-19 00:15,0.677537
2025-02-19 00:30,0.690025
2025-02-19 00:45,0.662247
2025-02-19 01:00,0.710444
2025-02-19 01:15,0.689679
2025-02-19 01:30,0.726107
2025-02-19 01:45,0.760877
2025-02-19 02:00,0.732699
2025-02-19 02:15,0.663024
2025-02-19 02:30,0.645063
2025-02-19 02:45,0.633488
2025-02-19 03:00,0.582855
2025-02-19 03:15,0.556292
2025-02-19 03:30,0.552332
2025-02-19 03:45,0.539494
2025-02-19 04:00,0.506748
2025-02-19 04:15,0.506793
2025-02-19 04:30,0.460607
2025-02-19 04:45,0.406255
2025-02-19 05:00,0.377953
2025-02-19 05:15,0.349446
2025-02-19 05:30,0.3623
2025-02-19 05:45,0.316294
2025-02-19 06:00,0.299086
2025-02-19 06:15,0.274826
2025-02-19 06:30,0.243784
2025-02-19 06:45,0.222661
2025-02-19 07:00,0.218494
2025-02-19 07:15,0.217676
2025-02-19 07:30,0.212875
2025-02-19 07:45,0.198014
2025-02-19 08:00,0.178841
2025-02-19 08:15,0.220584
2025-02-19 08:30,0.178636
2025-02-19 08:45,0.182936
2025-02-19 09:00,0.195298
2025-02-19 09:15,0.200923
2025-02-19 09:30,0.220591
2025-02-19 09:45,0.232512
2025-02-19 10:00,0.270203
2025-02-19 10:15,0.336947
2025-02-19 10:30,0.30792
2025-02-19 10:45,0.37033
2025-02-19 11:00,0.3913
2025-02-19 11:15,0.453078
2025-02-19 11:30,0.43722
2025-02-19 11:45,0.502035
2025-02-19 12:00,0.581123
2025-02-19 12:15,0.61081
2025-02-19 12:30,0.624907
2025-02-19 12:45,0.612744
2025-02-19 13:00,0.554683
2025-02-19 13:15,0.526259
2025-02-19 13:30,0.502173
2025-02-19 13:45,0.478744
2025-02-19 14:00,0.499957
2025-02-19 14:15,0.495255
2025-02-19 14:30,0.469032
2025-02-19 14:45,0.468962
2025-02-19 15:00,0.454466
2025-02-19 15:15,0.497107
2025-02-19 15:30,0.503413
2025-02-19 15:45,0.498867
2025-02-19 16:00,0.467563
2025-02-19 16:15,0.471584
2025-02-19 16:30,0.501593
2025-02-19 16:45,0.465668
2025-02-19 17:00,0.495207
2025-02-19 17:15,0.545662
2025-02-19 17:30,0.54857
2025-02-19 17:45,0.562904
2025-02-19 18:00,0.553915
2025-02-19 18:15,0.563166
2025-02-19 18:30,0.551329
2025-02-19 18:45,0.567292
2025-02-19 19:00,0.583841
2025-02-19 19:15,0.640611
2025-02-19 19:30,0.617097
2025-02-19 19:45,0.615562
2025-02-19 20:00,0.620817
2025-02-19 20:15,0.646369
2025-02-19 20:30,0.655297
2025-02-19 20:45,0.598939
2025-02-19 21:00,0.61615
2025-02-19 21:15,0.639436
2025-02-19 21:30,0.691313
2025-02-19 21:45,0.625711
2025-02-19 22:00,0.652722
2025-02-19 22:15,0.621339
2025-02-19 22:30,0.61361
2025-02-19 22:45,0.574037
2025-02-19 23:00,0.572253
2025-02-19 23:15,0.590613
2025-02-19 23:30,0.5726
2025-02-19 23:45,0.612753
2025-02-20 00:00,0.601215
2025-02-20 00:15,0.586408
2025-02-20 00:30,0.592173
2025-02-20 00:45,0.641347
2025-02-20 01:00,0.636564
2025-02-20 01:15,0.638047
2025-02-20 01:30,0.719449
2025-02-20 01:45,0.727453
2025-02-20 02:00,0.65077
2025-02-20 02:15,0.65129
2025-02-20 02:30,0.63356
2025-02-20 02:45,0.607915
2025-02-20 03:00,0.55756
2025-02-20 03:15,0.567998
2025-02-20 03:30,0.528277
2025-02-20 03:45,0.490834
2025-02-20 04:00,0.489624
2025-02-20 04:15,0.451475
2025-02-20 04:30,0.393608
2025-02-20 04:45,0.449168
2025-02-20 05:00,0.385535
2025-02-20 05:15,0.339679
2025-02-20 05:30,0.322113
2025-02-20 05:45,0.308119
2025-02-20 06:00,0.302341
2025-02-20 06:15,0.277932
2025-02-20 06:30,0.261759
2025-02-20 06:45,0.267101
2025-02-20 07:00,0.294819
2025-02-20 07:15,0.238184
2025-02-20 07:30,0.251918
2025-02-20 07:45,0.233293
2025-02-20 08:00,0.234328
2025-02-20 08:15,0.212936
2025-02-20 08:30,0.24157
2025-02-20 08:45,0.227675
2025-02-20 09:00,0.227289
2025-02-20 09:15,0.244641
2025-02-20 09:30,0.274129
2025-02-20 09:45,0.284015
2025-02-20 10:00,0.250649
2025-02-20 10:15,0.281671
2025-02-20 10:30,0.298597
2025-02-20 10:45,0.333847
2025-02-20 11:00,0.457578
2025-02-20 11:15,0.368418
2025-02-20 11:30,0.421678
2025-02-20 11:45,0.411181
2025-02-20 12:00,0.448297
2025-02-20 12:15,0.480869
2025-02-20 12:30,0.477006
2025-02-20 12:45,0.486453
2025-02-20 13:00,0.442456
2025-02-20 13:15,0.445958
2025-02-20 13:30,0.437321
2025-02-20 13:45,0.489496
2025-02-20 14:00,0.466163
2025-02-20 14:15,0.440756
2025-02-20 14:30,0.461506
2025-02-20 14:45,0.515861
2025-02-20 15:00,0.444681
2025-02-20 15:15,0.425158
2025-02-20 15:30,0.454084
2025-02-20 15:45,0.453318
2025-02-20 16:00,0.495075
2025-02-20 16:15,0.487897
2025-02-20 16:30,0.482843
2025-02-20 16:45,0.485298
2025-02-20 17:00,0.441842
2025-02-20 17:15,0.478728
2025-02-20 17:30,0.498842
2025-02-20 17:45,0.566057
2025-02-20 18:00,0.51999
2025-02-20 18:15,0.536086
2025-02-20 18:30,0.567484
2025-02-20 18:45,0.556164
2025-02-20 19:00,0.529774
2025-02-20 19:15,0.521548
2025-02-20 19:30,0.570873
2025-02-20 19:45,0.562332
2025-02-20 20:00,0.594382
2025-02-20 20:15,0.629048
2025-02-20 20:30,0.585925
2025-02-20 20:45,0.570154
2025-02-20 21:00,0.531215
2025-02-20 21:15,0.524226
2025-02-20 21:30,0.543455
2025-02-20 21:45,0.531286
2025-02-20 22:00,0.552467
2025-02-20 22:15,0.553435
2025-02-20 22:30,0.558027
2025-02-20 22:45,0.530153
2025-02-20 23:00,0.576885
2025-02-20 23:15,0.544714
2025-02-20 23:30,0.554498
2025-02-20 23:45,0.615488
2025-02-21 00:00,0.606392
2025-02-21 00:15,0.623016
2025-02-21 00:30,0.622567
2025-02-21 00:45,0.627928
2025-02-21 01:00,0.646509
2025-02-21 01:15,0.634219
2025-02-21 01:30,0.64845
2025-02-21 01:45,0.668529
2025-02-21 02:00,0.640151
2025-02-21 02:15,0.629119
2025-02-21 02:30,0.637818
2025-02-21 02:45,0.658801
2025-02-21 03:00,0.572582
2025-02-21 03:15,0.485691
2025-02-21 03:30,0.483936
2025-02-21 03:45,0.461837
2025-02-21 04:00,0.4369
2025-02-21 04:15,0.422495
2025-02-21 04:30,0.39836
2025-02-21 04:45,0.40525
2025-02-21 05:00,0.36489
2025-02-21 05:15,0.310844
2025-02-21 05:30,0.28292
2025-02-21 05:45,0.268793
2025-02-21 06:00,0.280868
2025-02-21 06:15,0.29409
2025-02-21 06:30,0.270771
2025-02-21 06:45,0.237949
2025-02-21 07:00,0.261239
2025-02-21 07:15,0.434849
2025-02-21 07:30,0.489134
2025-02-21 07:45,0.691318
2025-02-21 08:00,0.69464
2025-02-21 08:15,0.552143
2025-02-21 08:30,0.577492
2025-02-21 08:45,0.526035
2025-02-21 09:00,0.370279
2025-02-21 09:15,0.387368
2025-02-21 09:30,0.327381
2025-02-21 09:45,0.337224
2025-02-21 10:00,0.376059
2025-02-21 10:15,0.421618
2025-02-21 10:30,0.449485
2025-02-21 10:45,0.417847
2025-02-21 11:00,0.44132
2025-02-21 11:15,0.514905
2025-02-21 11:30,0.55358
2025-02-21 11:45,0.499032
2025-02-21 12:00,0.498652
2025-02-21 12:15,0.463751
2025-02-21 12:30,0.478721
2025-02-21 12:45,0.579565
2025-02-21 13:00,0.619791
2025-02-21 13:15,0.515299
2025-02-21 13:30,0.492512
2025-02-21 13:45,0.473496
2025-02-21 14:00,0.484873
2025-02-21 14:15,0.52325
2025-02-21 14:30,0.509185
2025-02-21 14:45,0.502226
2025-02-21 15:00,0.659356
2025-02-21 15:15,0.645114
2025-02-21 15:30,0.594028
2025-02-21 15:45,0.564838
2025-02-21 16:00,0.537855
2025-02-21 16:15,0.719752
2025-02-21 16:30,0.737445
2025-02-21 16:45,0.631246
2025-02-21 17:00,0.46045
2025-02-21 17:15,0.518573
2025-02-21 17:30,0.621763
2025-02-21 17:45,0.780242
2025-02-21 18:00,0.745294
2025-02-21 18:15,0.81257
2025-02-21 18:30,0.89859
2025-02-21 18:45,1.0
2025-02-21 19:00,0.841361
2025-02-21 19:15,0.778332
2025-02-21 19:30,0.727508
2025-02-21 19:45,0.616268
2025-02-21 20:00,0.665007
2025-02-21 20:15,0.724879
2025-02-21 20:30,0.677913
2025-02-21 20:45,0.593632
2025-02-21 21:00,0.630814
2025-02-21 21:15,0.626317
2025-02-21 21:30,0.707721
2025-02-21 21:45,0.648712
2025-02-21 22:00,0.610919
2025-02-21 22:15,0.614083
2025-02-21 22:30,0.63965
2025-02-21 22:45,0.712997
2025-02-21 23:00,0.735548
2025-02-21 23:15,0.645214
2025-02-21 23:30,0.642685
2025-02-21 23:45,0.725965
2025-02-22 00:00,0.764329
2025-02-22 00:15,0.672322
2025-02-22 00:30,0.66243
2025-02-22 00:45,0.71488
2025-02-22 01:00,0.793662
2025-02-22 01:15,0.614972
2025-02-22 01:30,0.647452
2025-02-22 01:45,0.774143
2025-02-22 02:00,0.822941
2025-02-22 02:15,0.731022
2025-02-22 02:30,0.745272
2025-02-22 02:45,0.691603
2025-02-22 03:00,0.651442
2025-02-22 03:15,0.690511
2025-02-22 03:30,0.629065
2025-02-22 03:45,0.578882
2025-02-22 04:00,0.558401
2025-02-22 04:15,0.591541
2025-02-22 04:30,0.522107
2025-02-22 04:45,0.538528
2025-02-22 05:00,0.433629
2025-02-22 05:15,0.435375
2025-02-22 05:30,0.42243
2025-02-22 05:45,0.441259
2025-02-22 06:00,0.324619
2025-02-22 06:15,0.333779
2025-02-22 06:30,0.294176
2025-02-22 06:45,0.281235
2025-02-22 07:00,0.262868
2025-02-22 07:15,0.262154
2025-02-22 07:30,0.23934
2025-02-22 07:45,0.2119
2025-02-22 08:00,0.202085
2025-02-22 08:15,0.206505
2025-02-22 08:30,0.211889
2025-02-22 08:45,0.233507
2025-02-22 09:00,0.2317
2025-02-22 09:15,0.236069
2025-02-22 09:30,0.211613
2025-02-22 09:45,0.217374
2025-02-22 10:00,0.237751
2025-02-22 10:15,0.227899
2025-02-22 10:30,0.24972
2025-02-22 10:45,0.278695
2025-02-22 11:00,0.358591
2025-02-22 11:15,0.398788
2025-02-22 11:30,0.436155
2025-02-22 11:45,0.410231
2025-02-22 12:00,0.394731
2025-02-22 12:15,0.494165
2025-02-22 12:30,0.515476
2025-02-22 12:45,0.499749
2025-02-22 13:00,0.525279
2025-02-22 13:15,0.502329
2025-02-22 13:30,0.547329
2025-02-22 13:45,0.550338
2025-02-22 14:00,0.523538
2025-02-22 14:15,0.549929
2025-02-22 14:30,0.523399
2025-02-22 14:45,0.511172
2025-02-22 15:00,0.579168
2025-02-22 15:15,0.602788
2025-02-22 15:30,0.546104
2025-02-22 15:45,0.544051
2025-02-22 16:00,0.506857
2025-02-22 16:15,0.508196
2025-02-22 16:30,0.577885
2025-02-22 16:45,0.559653
2025-02-22 17:00,0.626462
2025-02-22 17:15,0.517173
2025-02-22 17:30,0.536022
2025-02-22 17:45,0.524566
2025-02-22 18:00,0.526429
2025-02-22 18:15,0.567966
2025-02-22 18:30,0.551457
2025-02-22 18:45,0.571596
2025-02-22 19:00,0.607561
2025-02-22 19:15,0.619493
2025-02-22 19:30,0.654193
2025-02-22 19:45,0.618032
2025-02-22 20:00,0.649827
2025-02-22 20:15,0.717926
2025-02-22 20:30,0.700771
2025-02-22 20:45,0.656491
2025-02-22 21:00,0.67236
2025-02-22 21:15,0.698476
2025-02-22 21:30,0.723712
2025-02-22 21:45,0.651343
2025-02-22 22:00,0.626731
2025-02-22 22:15,0.711021
2025-02-22 22:30,0.64567
2025-02-22 22:45,0.681616
2025-02-22 23:00,0.704039
2025-02-22 23:15,0.63357
2025-02-22 23:30,0.647676
2025-02-22 23:45,0.803674
2025-02-23 00:00,0.642095
2025-02-23 00:15,0.664466
2025-02-23 00:30,0.720197
2025-02-23 00:45,0.787818
2025-02-23 01:00,0.80178
2025-02-23 01:15,0.784314
2025-02-23 01:30,0.785489
2025-02-23 01:45,0.656498
2025-02-23 02:00,0.663147
2025-02-23 02:15,0.659364
2025-02-23 02:30,0.644066
2025-02-23 02:45,0.599475
2025-02-23 03:00,0.604624
2025-02-23 03:15,0.668875
2025-02-23 03:30,0.626704
2025-02-23 03:45,0.593639
2025-02-23 04:00,0.568449
2025-02-23 04:15,0.52232
2025-02-23 04:30,0.537982
2025-02-23 04:45,0.455439
2025-02-23 05:00,0.452713
2025-02-23 05:15,0.416116
2025-02-23 05:30,0.379667
2025-02-23 05:45,0.426892
2025-02-23 06:00,0.416747
2025-02-23 06:15,0.340736
2025-02-23 06:30,0.301262
2025-02-23 06:45,0.301076
2025-02-23 07:00,0.283691
2025-02-23 07:15,0.277222
2025-02-23 07:30,0.278459
2025-02-23 07:45,0.248145
2025-02-23 08:00,0.241323
2025-02-23 08:15,0.244053
2025-02-23 08:30,0.232434
2025-02-23 08:45,0.228445
2025-02-23 09:00,0.236504
2025-02-23 09:15,0.256258
2025-02-23 09:30,0.230223
2025-02-23 09:45,0.215149
2025-02-23 10:00,0.232551
2025-02-23 10:15,0.249231
2025-02-23 10:30,0.281443
2025-02-23 10:45,0.272261
2025-02-23 11:00,0.288603
2025-02-23 11:15,0.335739
2025-02-23 11:30,0.339366
2025-02-23 11:45,0.361356
2025-02-23 12:00,0.396537
2025-02-23 12:15,0.444374
2025-02-23 12:30,0.423339
2025-02-23 12:45,0.432203
2025-02-23 13:00,0.45031
2025-02-23 13:15,0.503192
2025-02-23 13:30,0.534515
2025-02-23 13:45,0.474453
2025-02-23 14:00,0.489313
2025-02-23 14:15,0.499553
2025-02-23 14:30,0.597196
2025-02-23 14:45,0.686854
2025-02-23 15:00,0.724434
2025-02-23 15:15,0.627799
2025-02-23 15:30,0.623919
2025-02-23 15:45,0.670073
2025-02-23 16:00,0.673154
2025-02-23 16:15,0.712786
2025-02-23 16:30,0.714115
2025-02-23 16:45,0.69914
2025-02-23 17:00,0.75162
2025-02-23 17:15,0.705969
2025-02-23 17:30,0.645016
2025-02-23 17:45,0.629721
2025-02-23 18:00,0.611102
2025-02-23 18:15,0.60837
2025-02-23 18:30,0.634729
2025-02-23 18:45,0.595032
2025-02-23 19:00,0.641232
2025-02-23 19:15,0.647048
2025-02-23 19:30,0.683772
2025-02-23 19:45,0.697379
2025-02-23 20:00,0.736045
2025-02-23 20:15,0.80932
2025-02-23 20:30,0.763705
2025-02-23 20:45,0.746608
2025-02-23 21:00,0.854741
2025-02-23 21:15,0.815755
2025-02-23 21:30,0.722447
2025-02-23 21:45,0.69493
2025-02-23 22:00,0.705637
2025-02-23 22:15,0.751839
2025-02-23 22:30,0.679293
2025-02-23 22:45,0.687993
2025-02-23 23:00,0.583649
2025-02-23 23:15,0.706536
2025-02-23 23:30,0.686125
2025-02-23 23:45,0.726532
2025-02-24 00:00,0.885078
2025-02-24 00:15,0.922621
2025-02-24 00:30,0.889659
2025-02-24 00:45,0.923118
2025-02-24 01:00,0.787687
2025-02-24 01:15,0.884525
2025-02-24 01:30,0.813335
2025-02-24 01:45,0.766639
2025-02-24 02:00,0.645823
2025-02-24 02:15,0.735394
2025-02-24 02:30,0.730384
2025-02-24 02:45,0.743335
2025-02-24 03:00,0.520691
2025-02-24 03:15,0.018725
2025-02-24 03:30,0.682373
2025-02-24 03:45,0.215747
2025-02-24 04:00,0.662208
2025-02-24 04:15,0.58138
2025-02-24 04:30,0.520685
2025-02-24 04:45,0.454541
2025-02-24 05:00,0.384983
2025-02-24 05:15,0.380009
2025-02-24 05:30,0.347501
2025-02-24 05:45,0.309175
2025-02-24 06:00,0.30814
2025-02-24 06:15,0.293556
2025-02-24 06:30,0.265568
2025-02-24 06:45,0.260215
2025-02-24 07:00,0.260588
2025-02-24 07:15,0.239218
2025-02-24 07:30,0.248464
2025-02-24 07:45,0.220955
2025-02-24 08:00,0.220049
2025-02-24 08:15,0.219272
2025-02-24 08:30,0.212913
2025-02-24 08:45,0.229569
2025-02-24 09:00,0.207562
2025-02-24 09:15,0.221792
2025-02-24 09:30,0.252621
2025-02-24 09:45,0.241953
2025-02-24 10:00,0.255974
2025-02-24 10:15,0.267147
2025-02-24 10:30,0.309529
2025-02-24 10:45,0.308393
2025-02-24 11:00,0.338513
2025-02-24 11:15,0.414939
2025-02-24 11:30,0.39153
2025-02-24 11:45,0.429624
2025-02-24 12:00,0.448519
2025-02-24 12:15,0.438708
2025-02-24 12:30,0.497256
2025-02-24 12:45,0.481178
2025-02-24 13:00,0.5252
2025-02-24 13:15,0.520129
2025-02-24 13:30,0.597335
2025-02-24 13:45,0.569885
2025-02-24 14:00,0.506229
2025-02-24 14:15,0.542778
2025-02-24 14:30,0.523495
2025-02-24 14:45,0.547431
2025-02-24 15:00,0.530188
2025-02-24 15:15,0.59316
2025-02-24 15:30,0.522941
2025-02-24 15:45,0.584598
2025-02-24 16:00,0.528568
2025-02-24 16:15,0.552417
2025-02-24 16:30,0.594378
2025-02-24 16:45,0.584869
2025-02-24 17:00,0.61067
2025-02-24 17:15,0.633605
2025-02-24 17:30,0.554728
2025-02-24 17:45,0.563288
2025-02-24 18:00,0.606911
2025-02-24 18:15,0.591727
2025-02-24 18:30,0.578774
2025-02-24 18:45,0.693272
2025-02-24 19:00,0.566161
2025-02-24 19:15,0.551349
2025-02-24 19:30,0.605672
2025-02-24 19:45,0.562074
2025-02-24 20:00,0.624907
2025-02-24 20:15,0.573615
2025-02-24 20:30,0.58202
2025-02-24 20:45,0.551124
2025-02-24 21:00,0.553948
2025-02-24 21:15,0.50106
2025-02-24 21:30,0.580993
2025-02-24 21:45,0.527478
2025-02-24 22:00,0.556029
2025-02-24 22:15,0.499956
2025-02-24 22:30,0.514444
2025-02-24 22:45,0.581531
2025-02-24 23:00,0.528002
2025-02-24 23:15,0.549216
2025-02-24 23:30,0.597228
2025-02-24 23:45,0.62604
2025-02-25 00:00,0.688494
2025-02-25 00:15,0.852094
2025-02-25 00:30,0.767604
2025-02-25 00:45,0.775593
2025-02-25 01:00,0.770058
2025-02-25 01:15,0.738733
2025-02-25 01:30,0.736203
2025-02-25 01:45,0.701017
2025-02-25 02:00,0.682883
2025-02-25 02:15,0.716715
2025-02-25 02:30,0.728273
2025-02-25 02:45,0.651685
2025-02-25 03:00,0.618915
2025-02-25 03:15,0.605785
2025-02-25 03:30,0.507495
2025-02-25 03:45,0.500424
2025-02-25 04:00,0.45261
2025-02-25 04:15,0.402891
2025-02-25 04:30,0.392163
2025-02-25 04:45,0.390724
2025-02-25 05:00,0.350008
2025-02-25 05:15,0.320333
2025-02-25 05:30,0.2908
2025-02-25 05:45,0.288955
2025-02-25 06:00,0.276661
2025-02-25 06:15,0.263633
2025-02-25 06:30,0.227044
2025-02-25 06:45,0.212136
2025-02-25 07:00,0.225956
2025-02-25 07:15,0.191633
2025-02-25 07:30,0.210388
2025-02-25 07:45,0.199058
2025-02-25 08:00,0.212457
2025-02-25 08:15,0.181282
2025-02-25 08:30,0.185479
2025-02-25 08:45,0.200905
2025-02-25 09:00,0.203374
2025-02-25 09:15,0.20726
2025-02-25 09:30,0.232828
2025-02-25 09:45,0.23883
2025-02-25 10:00,0.267148
2025-02-25 10:15,0.263366
2025-02-25 10:30,0.286538
2025-02-25 10:45,0.300257
2025-02-25 11:00,0.341242
2025-02-25 11:15,0.389174
2025-02-25 11:30,0.343935
2025-02-25 11:45,0.364217
2025-02-25 12:00,0.401606
2025-02-25 12:15,0.387011
2025-02-25 12:30,0.397744
2025-02-25 12:45,0.408609
2025-02-25 13:00,0.379736
2025-02-25 13:15,0.379146
2025-02-25 13:30,0.401658
2025-02-25 13:45,0.454648
2025-02-25 14:00,0.415792
2025-02-25 14:15,0.442066
2025-02-25 14:30,0.434491
2025-02-25 14:45,0.405855
2025-02-25 15:00,0.405789
2025-02-25 15:15,0.457584
2025-02-25 15:30,0.435177
2025-02-25 15:45,0.429235
2025-02-25 16:00,0.429215
2025-02-25 16:15,0.40993
2025-02-25 16:30,0.424102
2025-02-25 16:45,0.483912
2025-02-25 17:00,0.476969
2025-02-25 17:15,0.440242
2025-02-25 17:30,0.470079
2025-02-25 17:45,0.50413
2025-02-25 18:00,0.477589
2025-02-25 18:15,0.483212
2025-02-25 18:30,0.522931
2025-02-25 18:45,0.517486
2025-02-25 19:00,0.572021
2025-02-25 19:15,0.562231
2025-02-25 19:30,0.613594
2025-02-25 19:45,0.675701
2025-02-25 20:00,0.592004
2025-02-25 20:15,0.576946
2025-02-25 20:30,0.632289
2025-02-25 20:45,0.579013
2025-02-25 21:00,0.642148
2025-02-25 21:15,0.575642
2025-02-25 21:30,0.662294
2025-02-25 21:45,0.694127
2025-02-25 22:00,0.685788
2025-02-25 22:15,0.646763
2025-02-25 22:30,0.669965
2025-02-25 22:45,0.592778
2025-02-25 23:00,0.62641
2025-02-25 23:15,0.66843
2025-02-25 23:30,0.625715
2025-02-25 23:45,0.617318
2025-02-26 00:00,0.672436
2025-02-26 00:00,0.61034
2025-02-26 00:15,0.715574
2025-02-26 00:30,0.730715
2025-02-26 00:45,0.738366
2025-02-26 01:00,0.818478
2025-02-26 01:15,0.740106
2025-02-26 01:30,0.756066
2025-02-26 01:45,0.810347
2025-02-26 02:00,0.675354
2025-02-26 02:15,0.678452
2025-02-26 02:30,0.638796
2025-02-26 02:45,0.637402
2025-02-26 03:00,0.574829
2025-02-26 03:15,0.559679
2025-02-26 03:30,0.593307
2025-02-26 03:45,0.50991
2025-02-26 04:00,0.523322
2025-02-26 04:15,0.494089
2025-02-26 04:30,0.431054
2025-02-26 04:45,0.419763
2025-02-26 05:00,0.414375
2025-02-26 05:15,0.341189
2025-02-26 05:30,0.291755
2025-02-26 05:45,0.295074
2025-02-26 06:00,0.279491
2025-02-26 06:15,0.242133
2025-02-26 06:30,0.243445
2025-02-26 06:45,0.221589
2025-02-26 07:00,0.214704
2025-02-26 07:15,0.198591
2025-02-26 07:30,0.189652
2025-02-26 07:45,0.19106
2025-02-26 08:00,0.188849
2025-02-26 08:15,0.178172
2025-02-26 08:30,0.19083
2025-02-26 08:45,0.184864
2025-02-26 09:00,0.170645
2025-02-26 09:15,0.201093
2025-02-26 09:30,0.209527
2025-02-26 09:45,0.2133
2025-02-26 10:00,0.234634
2025-02-26 10:15,0.231674
2025-02-26 10:30,0.284527
2025-02-26 10:45,0.313312
2025-02-26 11:00,0.344404
2025-02-26 11:15,0.324801
2025-02-26 11:30,0.362867
2025-02-26 11:45,0.406912
2025-02-26 12:00,0.341482
2025-02-26 12:15,0.368245
2025-02-26 12:30,0.387862
2025-02-26 12:45,0.370197
2025-02-26 13:00,0.377252
2025-02-26 13:15,0.374306
2025-02-26 13:30,0.375222
2025-02-26 13:45,0.348145
2025-02-26 14:00,0.369089
2025-02-26 14:15,0.412209
2025-02-26 14:30,0.412183
2025-02-26 14:45,0.355063
2025-02-26 15:00,0.342348
2025-02-26 15:15,0.342576
2025-02-26 15:30,0.373933
2025-02-26 15:45,0.413101
2025-02-26 16:00,0.350234
2025-02-26 16:15,0.385802
2025-02-26 16:30,0.357012
2025-02-26 16:45,0.38545
2025-02-26 17:00,0.358371
2025-02-26 17:15,0.393545
2025-02-26 17:30,0.412542
2025-02-26 17:45,0.440776
2025-02-26 18:00,0.439681
2025-02-26 18:15,0.380787
2025-02-26 18:30,0.42405
2025-02-26 18:45,0.468634
2025-02-26 19:00,0.467153
2025-02-26 19:15,0.487071
2025-02-26 19:30,0.471695
2025-02-26 19:45,0.456488
2025-02-26 20:00,0.450394
2025-02-26 20:15,0.455125
2025-02-26 20:30,0.484929
2025-02-26 20:45,0.489169
2025-02-26 21:00,0.557551
2025-02-26 21:15,0.548838
2025-02-26 21:30,0.551277
2025-02-26 21:45,0.533116
2025-02-26 22:00,0.54153
2025-02-26 22:15,0.505744
2025-02-26 22:30,0.480729
2025-02-26 22:45,0.471922
2025-02-26 23:00,0.493939
2025-02-26 23:15,0.504835
2025-02-26 23:30,0.485873
2025-02-26 23:45,0.562576
2025-02-27 00:00,0.537389
2025-02-27 00:15,0.620246
2025-02-27 00:30,0.611774
2025-02-27 00:45,0.666767
2025-02-27 01:00,0.609736
2025-02-27 01:15,0.569651
2025-02-27 01:30,0.603627
2025-02-27 01:45,0.579913
2025-02-27 02:00,0.592367
2025-02-27 02:15,0.557839
2025-02-27 02:30,0.589282
2025-02-27 02:45,0.555617
2025-02-27 03:00,0.516246
2025-02-27 03:15,0.492788
2025-02-27 03:30,0.459593
2025-02-27 03:45,0.468867
2025-02-27 04:00,0.461815
2025-02-27 04:15,0.371145
2025-02-27 04:30,0.347505
2025-02-27 04:45,0.349127
2025-02-27 05:00,0.322134
2025-02-27 05:15,0.329195
2025-02-27 05:30,0.272928
2025-02-27 05:45,0.283952
2025-02-27 06:00,0.264447
2025-02-27 06:15,0.214065
2025-02-27 06:30,0.218353
2025-02-27 06:45,0.213168
2025-02-27 07:00,0.204681
2025-02-27 07:15,0.206963
2025-02-27 07:30,0.199147
2025-02-27 07:45,0.19636
2025-02-27 08:00,0.172202
2025-02-27 08:15,0.184096
2025-02-27 08:30,0.168505
2025-02-27 08:45,0.185738
2025-02-27 09:00,0.179141
2025-02-27 09:15,0.203054
2025-02-27 09:30,0.213575
2025-02-27 09:45,0.22441
2025-02-27 10:00,0.266009
2025-02-27 10:15,0.237633
2025-02-27 10:30,0.27206
2025-02-27 10:45,0.294069
2025-02-27 11:00,0.281626
2025-02-27 11:15,0.293431
2025-02-27 11:30,0.311339
2025-02-27 11:45,0.355754
2025-02-27 12:00,0.383118
2025-02-27 12:15,0.360487
2025-02-27 12:30,0.390844
2025-02-27 12:45,0.36722
2025-02-27 13:00,0.349467
2025-02-27 13:15,0.370507
2025-02-27 13:30,0.392328
2025-02-27 13:45,0.371049
2025-02-27 14:00,0.38307
2025-02-27 14:15,0.374942
2025-02-27 14:30,0.347095
2025-02-27 14:45,0.360237
2025-02-27 15:00,0.369674
2025-02-27 15:15,0.348655
2025-02-27 15:30,0.401455
2025-02-27 15:45,0.381243
2025-02-27 16:00,0.366792
2025-02-27 16:15,0.354708
2025-02-27 16:30,0.353758
2025-02-27 16:45,0.390664
2025-02-27 17:00,0.416008
2025-02-27 17:15,0.438435
2025-02-27 17:30,0.422523
2025-02-27 17:45,0.442386
2025-02-27 18:00,0.493338
2025-02-27 18:15,0.444641
2025-02-27 18:30,0.455014
2025-02-27 18:45,0.443098
2025-02-27 19:00,0.462515
2025-02-27 19:15,0.420457
2025-02-27 19:30,0.422672
2025-02-27 19:45,0.505766
2025-02-27 20:00,0.487681
2025-02-27 20:15,0.469442
2025-02-27 20:30,0.445238
2025-02-27 20:45,0.461169
2025-02-27 21:00,0.484076
2025-02-27 21:15,0.470594
2025-02-27 21:30,0.50354
2025-02-27 21:45,0.466934
2025-02-27 22:00,0.442272
2025-02-27 22:15,0.413736
2025-02-27 22:30,0.433512
2025-02-27 22:45,0.444718
2025-02-27 23:00,0.475304
2025-02-27 23:15,0.484782
2025-02-27 23:30,0.500862
2025-02-27 23:45,0.563399
2025-02-28 00:00,0.509488
2025-02-28 00:15,0.626114
2025-02-28 00:30,0.670845
2025-02-28 00:45,0.553925
2025-02-28 01:00,0.590274
2025-02-28 01:15,0.558251
2025-02-28 01:30,0.548202
2025-02-28 01:45,0.64757
2025-02-28 02:00,0.646279
2025-02-28 02:15,0.614398
2025-02-28 02:30,0.590934
2025-02-28 02:45,0.56075
2025-02-28 03:00,0.535608
2025-02-28 03:15,0.475997
2025-02-28 03:30,0.427027
2025-02-28 03:45,0.449475
2025-02-28 04:00,0.416986
2025-02-28 04:15,0.354458
2025-02-28 04:30,0.338156
2025-02-28 04:45,0.384788
2025-02-28 05:00,0.356133
2025-02-28 05:15,0.314821
2025-02-28 05:30,0.285403
2025-02-28 05:45,0.270073
2025-02-28 06:00,0.150248
2025-02-28 06:15,0.109836
2025-02-28 06:30,0.207904
2025-02-28 06:45,0.228584
2025-02-28 07:00,0.239043
2025-02-28 07:15,0.193425
2025-02-28 07:30,0.178354
2025-02-28 07:45,0.181293
2025-02-28 08:00,0.160587
2025-02-28 08:15,0.157117
2025-02-28 08:30,0.172706
2025-02-28 08:45,0.169946
2025-02-28 09:00,0.171269
2025-02-28 09:15,0.199328
2025-02-28 09:30,0.195882
2025-02-28 09:45,0.196927
2025-02-28 10:00,0.229267
2025-02-28 10:15,0.247574
2025-02-28 10:30,0.248941
2025-02-28 10:45,0.254643
2025-02-28 11:00,0.269079
2025-02-28 11:15,0.269557
2025-02-28 11:30,0.276571
2025-02-28 11:45,0.288395
2025-02-28 12:00,0.28959
2025-02-28 12:15,0.331836
2025-02-28 12:30,0.315015
2025-02-28 12:45,0.335575
2025-02-28 13:00,0.356544
2025-02-28 13:15,0.360194
2025-02-28 13:30,0.339299
2025-02-28 13:45,0.324226
2025-02-28 14:00,0.318422
2025-02-28 14:15,0.342853
2025-02-28 14:30,0.32977
2025-02-28 14:45,0.365675
2025-02-28 15:00,0.39941
2025-02-28 15:15,0.380157
2025-02-28 15:30,0.324789
2025-02-28 15:45,0.371683
2025-02-28 16:00,0.386196
2025-02-28 16:15,0.369827
2025-02-28 16:30,0.385328
2025-02-28 16:45,0.433253
2025-02-28 17:00,0.456414
2025-02-28 17:15,0.448632
2025-02-28 17:30,0.443095
2025-02-28 17:45,0.434729
2025-02-28 18:00,0.451711
2025-02-28 18:15,0.458011
2025-02-28 18:30,0.417548
2025-02-28 18:45,0.428672
2025-02-28 19:00,0.433401
2025-02-28 19:15,0.439267
2025-02-28 19:30,0.425635
2025-02-28 19:45,0.415361
2025-02-28 20:00,0.444358
2025-02-28 20:15,0.399393
2025-02-28 20:30,0.45497
2025-02-28 20:45,0.456045
2025-02-28 21:00,0.487556
2025-02-28 21:15,0.574484
2025-02-28 21:30,0.508667
2025-02-28 21:45,0.474948
2025-02-28 22:00,0.474476
2025-02-28 22:15,0.452997
2025-02-28 22:30,0.445769
2025-02-28 22:45,0.506679
2025-02-28 23:00,0.560198
2025-02-28 23:15,0.61018
2025-02-28 23:30,0.645182
2025-02-28 23:45,0.694203
2025-03-01 00:00,0.735018
2025-03-01 00:15,0.73591
2025-03-01 00:30,0.656545
2025-03-01 00:45,0.625499
2025-03-01 01:00,0.557182
2025-03-01 01:15,0.569841
2025-03-01 01:30,0.598381
2025-03-01 01:45,0.597369
2025-03-01 02:00,0.561174
2025-03-01 02:15,0.584357
2025-03-01 02:30,0.549114
2025-03-01 02:45,0.53441
2025-03-01 03:00,0.554188
2025-03-01 03:15,0.521664
2025-03-01 03:30,0.484759
2025-03-01 03:45,0.463043
2025-03-01 04:00,0.476747
2025-03-01 04:15,0.436502
2025-03-01 04:30,0.384772
2025-03-01 04:45,0.369281
2025-03-01 05:00,0.41375
2025-03-01 05:15,0.387543
2025-03-01 05:30,0.380011
2025-03-01 05:45,0.297499
2025-03-01 06:00,0.297099
2025-03-01 06:15,0.290052
2025-03-01 06:30,0.274423
2025-03-01 06:45,0.257053
2025-03-01 07:00,0.255286
2025-03-01 07:15,0.227737
2025-03-01 07:30,0.221275
2025-03-01 07:45,0.19134
2025-03-01 08:00,0.203937
2025-03-01 08:15,0.190821
2025-03-01 08:30,0.19982
2025-03-01 08:45,0.198102
2025-03-01 09:00,0.19776
2025-03-01 09:15,0.186009
2025-03-01 09:30,0.191265
2025-03-01 09:45,0.21417
2025-03-01 10:00,0.223786
2025-03-01 10:15,0.270169
2025-03-01 10:30,0.259075
2025-03-01 10:45,0.265181
2025-03-01 11:00,0.292477
2025-03-01 11:15,0.294648
2025-03-01 11:30,0.330184
2025-03-01 11:45,0.365223
2025-03-01 12:00,0.318158
2025-03-01 12:15,0.324848
2025-03-01 12:30,0.351547
2025-03-01 12:45,0.318049
2025-03-01 13:00,0.368688
2025-03-01 13:15,0.411707
2025-03-01 13:30,0.43191
2025-03-01 13:45,0.370304
2025-03-01 14:00,0.38594
2025-03-01 14:15,0.394989
2025-03-01 14:30,0.469495
2025-03-01 14:45,0.420921
2025-03-01 15:00,0.396539
2025-03-01 15:15,0.389733
2025-03-01 15:30,0.434041
2025-03-01 15:45,0.458148
2025-03-01 16:00,0.480572
2025-03-01 16:15,0.402084
2025-03-01 16:30,0.402492
2025-03-01 16:45,0.412915
2025-03-01 17:00,0.497111
2025-03-01 17:15,0.483537
2025-03-01 17:30,0.486205
2025-03-01 17:45,0.533483
2025-03-01 18:00,0.534567
2025-03-01 18:15,0.549301
2025-03-01 18:30,0.5493
2025-03-01 18:45,0.581444
2025-03-01 19:00,0.549441
2025-03-01 19:15,0.583983
2025-03-01 19:30,0.634051
2025-03-01 19:45,0.610595
2025-03-01 20:00,0.592526
2025-03-01 20:15,0.543362
2025-03-01 20:30,0.56258
2025-03-01 20:45,0.580541
2025-03-01 21:00,0.602685
2025-03-01 21:15,0.560399
2025-03-01 21:30,0.610915
2025-03-01 21:45,0.586207
2025-03-01 22:00,0.524455
2025-03-01 22:15,0.554388
2025-03-01 22:30,0.543594
2025-03-01 22:45,0.489836
2025-03-01 23:00,0.47892
2025-03-01 23:15,0.509845
2025-03-01 23:30,0.523489
2025-03-01 23:45,0.575778
2025-03-02 00:00,0.628454
2025-03-02 00:15,0.696485
2025-03-02 00:30,0.62605
2025-03-02 00:45,0.719993
2025-03-02 01:00,0.675475
2025-03-02 01:15,0.632133
2025-03-02 01:30,0.652239
2025-03-02 01:45,0.637611
2025-03-02 02:00,0.611967
2025-03-02 02:15,0.58957
2025-03-02 02:30,0.682128
2025-03-02 02:45,0.595671
2025-03-02 03:00,0.591013
2025-03-02 03:15,0.533243
2025-03-02 03:30,0.522996
2025-03-02 03:45,0.499577
2025-03-02 04:00,0.49772
2025-03-02 04:15,0.456319
2025-03-02 04:30,0.433034
2025-03-02 04:45,0.400986
2025-03-02 05:00,0.410192
2025-03-02 05:15,0.397163
2025-03-02 05:30,0.366159
2025-03-02 05:45,0.273793
2025-03-02 06:00,0.278536
2025-03-02 06:15,0.30136
2025-03-02 06:30,0.277771
2025-03-02 06:45,0.234111
2025-03-02 07:00,0.226752
2025-03-02 07:15,0.235522
2025-03-02 07:30,0.214758
2025-03-02 07:45,0.234703
2025-03-02 08:00,0.227832
2025-03-02 08:15,0.205683
2025-03-02 08:30,0.208516
2025-03-02 08:45,0.180001
2025-03-02 09:00,0.181365
2025-03-02 09:15,0.181081
2025-03-02 09:30,0.186212
2025-03-02 09:45,0.200655
2025-03-02 10:00,0.202601
2025-03-02 10:15,0.191523
2025-03-02 10:30,0.20774
2025-03-02 10:45,0.225383
2025-03-02 11:00,0.254891
2025-03-02 11:15,0.277761
2025-03-02 11:30,0.282651
2025-03-02 11:45,0.280317
2025-03-02 12:00,0.324215
2025-03-02 12:15,0.315056
2025-03-02 12:30,0.356118
2025-03-02 12:45,0.314947
2025-03-02 13:00,0.33166
2025-03-02 13:15,0.339555
2025-03-02 13:30,0.40793
2025-03-02 13:45,0.417106
2025-03-02 14:00,0.400093
2025-03-02 14:15,0.423637
2025-03-02 14:30,0.442414
2025-03-02 14:45,0.472161
2025-03-02 15:00,0.530514
2025-03-02 15:15,0.567642
2025-03-02 15:30,0.568687
2025-03-02 15:45,0.616866
2025-03-02 16:00,0.659567
2025-03-02 16:15,0.801061
2025-03-02 16:30,0.719843
2025-03-02 16:45,0.716429
2025-03-02 17:00,0.770273
2025-03-02 17:15,0.744606
2025-03-02 17:30,0.686129
2025-03-02 17:45,0.704471
2025-03-02 18:00,0.693662
2025-03-02 18:15,0.651585
2025-03-02 18:30,0.631668
2025-03-02 18:45,0.670514
2025-03-02 19:00,0.698803
2025-03-02 19:15,0.737899
2025-03-02 19:30,0.667807
2025-03-02 19:45,0.630164
2025-03-02 20:00,0.592691
2025-03-02 20:15,0.53049
2025-03-02 20:30,0.501906
2025-03-02 20:45,0.426733
2025-03-02 21:00,0.54209
2025-03-02 21:15,0.532654
2025-03-02 21:30,0.56564
2025-03-02 21:45,0.597132
2025-03-02 22:00,0.540937
2025-03-02 22:15,0.578894
2025-03-02 22:30,0.594565
2025-03-02 22:45,0.632944
2025-03-02 23:00,0.68149
2025-03-02 23:15,0.651717
2025-03-02 23:30,0.644013
2025-03-02 23:45,0.754185
2025-03-03 00:00,0.683566
2025-03-03 00:15,0.722833
2025-03-03 00:30,0.768293
2025-03-03 00:45,0.646937
2025-03-03 01:00,0.662026
2025-03-03 01:15,0.688538
2025-03-03 01:30,0.663617
2025-03-03 01:45,0.645124
2025-03-03 02:00,0.635422
2025-03-03 02:15,0.603369
2025-03-03 02:30,0.586275
2025-03-03 02:45,0.637313
2025-03-03 03:00,0.601609
2025-03-03 03:15,0.62088
2025-03-03 03:30,0.615699
2025-03-03 03:45,0.564605
2025-03-03 04:00,0.527597
2025-03-03 04:15,0.484639
2025-03-03 04:30,0.44475
2025-03-03 04:45,0.417566
2025-03-03 05:00,0.362615
2025-03-03 05:15,0.362231
2025-03-03 05:30,0.342009
2025-03-03 05:45,0.305447
2025-03-03 06:00,0.332903
2025-03-03 06:15,0.28266
2025-03-03 06:30,0.269183
2025-03-03 06:45,0.254569
2025-03-03 07:00,0.240067
2025-03-03 07:15,0.241067
2025-03-03 07:30,0.260562
2025-03-03 07:45,0.206614
2025-03-03 08:00,0.217258
2025-03-03 08:15,0.231849
2025-03-03 08:30,0.207442
2025-03-03 08:45,0.22474
2025-03-03 09:00,0.181885
2025-03-03 09:15,0.208106
2025-03-03 09:30,0.21014
2025-03-03 09:45,0.198602
2025-03-03 10:00,0.236287
2025-03-03 10:15,0.247225
2025-03-03 10:30,0.24549
2025-03-03 10:45,0.260876
2025-03-03 11:00,0.283791
2025-03-03 11:15,0.316528
2025-03-03 11:30,0.327522
2025-03-03 11:45,0.348147
2025-03-03 12:00,0.340354
2025-03-03 12:15,0.390163
2025-03-03 12:30,0.382211
2025-03-03 12:45,0.406921
2025-03-03 13:00,0.434008
2025-03-03 13:15,0.403358
2025-03-03 13:30,0.423709
2025-03-03 13:45,0.262551
2025-03-03 14:00,0.450107
2025-03-03 14:15,0.462527
2025-03-03 14:30,0.465326
2025-03-03 14:45,0.48159
2025-03-03 15:00,0.506557
2025-03-03 15:15,0.524776
2025-03-03 15:30,0.478074
2025-03-03 15:45,0.546298
2025-03-03 16:00,0.539251
2025-03-03 16:15,0.507534
2025-03-03 16:30,0.504333
2025-03-03 16:45,0.520741
2025-03-03 17:00,0.505451
2025-03-03 17:15,0.523501
2025-03-03 17:30,0.516855
2025-03-03 17:45,0.536372
2025-03-03 18:00,0.603916
2025-03-03 18:15,0.608981
2025-03-03 18:30,0.656649
2025-03-03 18:45,0.637573
2025-03-03 19:00,0.653325
2025-03-03 19:15,0.638102
2025-03-03 19:30,0.703683
2025-03-03 19:45,0.71044
2025-03-03 20:00,0.681615
2025-03-03 20:15,0.720047
2025-03-03 20:30,0.705708
2025-03-03 20:45,0.708265
2025-03-03 21:00,0.692313
2025-03-03 21:15,0.78974
2025-03-03 21:30,0.741122
2025-03-03 21:45,0.758181
2025-03-03 22:00,0.712822
2025-03-03 22:15,0.632104
2025-03-03 22:30,0.600929
2025-03-03 22:45,0.632882
2025-03-03 23:00,0.663147
2025-03-03 23:15,0.652304
2025-03-03 23:30,0.784152
2025-03-03 23:45,0.665275
2025-03-04 00:00,0.719891
2025-03-04 00:15,0.78837
2025-03-04 00:30,0.813348
2025-03-04 00:45,0.852541
2025-03-04 01:00,0.771963
2025-03-04 01:15,0.705104
2025-03-04 01:30,0.729836
2025-03-04 01:45,0.764279
2025-03-04 02:00,0.732591
2025-03-04 02:15,0.712593
2025-03-04 02:30,0.672482
2025-03-04 02:45,0.604073
2025-03-04 03:00,0.659234
2025-03-04 03:15,0.610536
2025-03-04 03:30,0.579695
2025-03-04 03:45,0.555894
2025-03-04 04:00,0.503138
2025-03-04 04:15,0.472986
2025-03-04 04:30,0.452162
2025-03-04 04:45,0.402875
2025-03-04 05:00,0.404205
2025-03-04 05:15,0.373837
2025-03-04 05:30,0.340478
2025-03-04 05:45,0.324679
2025-03-04 06:00,0.317534
2025-03-04 06:15,0.311671
2025-03-04 06:30,0.282934
2025-03-04 06:45,0.282722
2025-03-04 07:00,0.257104
2025-03-04 07:15,0.23176
2025-03-04 07:30,0.231309
2025-03-04 07:45,0.225099
2025-03-04 08:00,0.196655
2025-03-04 08:15,0.215167
2025-03-04 08:30,0.197417
2025-03-04 08:45,0.198843
2025-03-04 09:00,0.204421
2025-03-04 09:15,0.209855
2025-03-04 09:30,0.232215
2025-03-04 09:45,0.22261
2025-03-04 10:00,0.265599
2025-03-04 10:15,0.246846
2025-03-04 10:30,0.268278
2025-03-04 10:45,0.273053
2025-03-04 11:00,0.316904
2025-03-04 11:15,0.3281
2025-03-04 11:30,0.351319
2025-03-04 11:45,0.345123
2025-03-04 12:00,0.392727
2025-03-04 12:15,0.390681
2025-03-04 12:30,0.416952
2025-03-04 12:45,0.470153
2025-03-04 13:00,0.504872
2025-03-04 13:15,0.487569
2025-03-04 13:30,0.439059
2025-03-04 13:45,0.446803
2025-03-04 14:00,0.443387
2025-03-04 14:15,0.440024
2025-03-04 14:30,0.450546
2025-03-04 14:45,0.461657
2025-03-04 15:00,0.468308
2025-03-04 15:15,0.4437
2025-03-04 15:30,0.441691
2025-03-04 15:45,0.448569
2025-03-04 16:00,0.455615
2025-03-04 16:15,0.411834
2025-03-04 16:30,0.412653
2025-03-04 16:45,0.415935
2025-03-04 17:00,0.448376
2025-03-04 17:15,0.441671
2025-03-04 17:30,0.474246
2025-03-04 17:45,0.494329
2025-03-04 18:00,0.47665
2025-03-04 18:15,0.468919
2025-03-04 18:30,0.483961
2025-03-04 18:45,0.529887
2025-03-04 19:00,0.500544
2025-03-04 19:15,0.55078
2025-03-04 19:30,0.530803
2025-03-04 19:45,0.500204
2025-03-04 20:00,0.547836
2025-03-04 20:15,0.61228
2025-03-04 20:30,0.615195
2025-03-04 20:45,0.575242
2025-03-04 21:00,0.58337
2025-03-04 21:15,0.576129
2025-03-04 21:30,0.57545
2025-03-04 21:45,0.601463
2025-03-04 22:00,0.653188
2025-03-04 22:15,0.686689
2025-03-04 22:30,0.67285
2025-03-04 22:45,0.773047
2025-03-04 23:00,0.776303
2025-03-04 23:15,0.010787
2025-03-04 23:30,0.996783
2025-03-04 23:45,0.967082
2025-03-05 00:00,1.0
2025-03-05 00:00,0.969096
2025-03-05 00:15,0.962228
2025-03-05 00:30,1.0
2025-03-05 00:45,0.964897
2025-03-05 01:00,0.95135
2025-03-05 01:15,0.932979
2025-03-05 01:30,0.982088
2025-03-05 01:45,0.945061
2025-03-05 02:00,0.962568
2025-03-05 02:15,0.847548
2025-03-05 02:30,0.850504
2025-03-05 02:45,0.641943
2025-03-05 03:00,0.61576
2025-03-05 03:15,0.586686
2025-03-05 03:30,0.600697
2025-03-05 03:45,0.643856
2025-03-05 04:00,0.557857
2025-03-05 04:15,0.516695
2025-03-05 04:30,0.443069
2025-03-05 04:45,0.374503
2025-03-05 05:00,0.361589
2025-03-05 05:15,0.350531
2025-03-05 05:30,0.351682
2025-03-05 05:45,0.339674
2025-03-05 06:00,0.33975
2025-03-05 06:15,0.336198
2025-03-05 06:30,0.338439
2025-03-05 06:45,0.313211
2025-03-05 07:00,0.289192
2025-03-05 07:15,0.277731
2025-03-05 07:30,0.257535
2025-03-05 07:45,0.241442
2025-03-05 08:00,0.24884
2025-03-05 08:15,0.234655
2025-03-05 08:30,0.180758
2025-03-05 08:45,0.203777
2025-03-05 09:00,0.221127
2025-03-05 09:15,0.239608
2025-03-05 09:30,0.199042
2025-03-05 09:45,0.204816
2025-03-05 10:00,0.220661
2025-03-05 10:15,0.282548
2025-03-05 10:30,0.330281
2025-03-05 10:45,0.251572
2025-03-05 11:00,0.267689
2025-03-05 11:15,0.292451
2025-03-05 11:30,0.307453
2025-03-05 11:45,0.311697
2025-03-05 12:00,0.356766
2025-03-05 12:15,0.356446
2025-03-05 12:30,0.371456
2025-03-05 12:45,0.362065
2025-03-05 13:00,0.367582
2025-03-05 13:15,0.388761
2025-03-05 13:30,0.379984
2025-03-05 13:45,0.399991
2025-03-05 14:00,0.434777
2025-03-05 14:15,0.416774
2025-03-05 14:30,0.410706
2025-03-05 14:45,0.420206
2025-03-05 15:00,0.441777
2025-03-05 15:15,0.406272
2025-03-05 15:30,0.401846
2025-03-05 15:45,0.410234
2025-03-05 16:00,0.43547
2025-03-05 16:15,0.503768
2025-03-05 16:30,0.456027
2025-03-05 16:45,0.458831
2025-03-05 17:00,0.441093
2025-03-05 17:15,0.469961
2025-03-05 17:30,0.481979
2025-03-05 17:45,0.482396
2025-03-05 18:00,0.474038
2025-03-05 18:15,0.516889
2025-03-05 18:30,0.510065
2025-03-05 18:45,0.530143
2025-03-05 19:00,0.509405
2025-03-05 19:15,0.494793
2025-03-05 19:30,0.480383
2025-03-05 19:45,0.479283
2025-03-05 20:00,0.508097
2025-03-05 20:15,0.561875
2025-03-05 20:30,0.531072
2025-03-05 20:45,0.543599
2025-03-05 21:00,0.516302
2025-03-05 21:15,0.532338
2025-03-05 21:30,0.566903
2025-03-05 21:45,0.591498
2025-03-05 22:00,0.535974
2025-03-05 22:15,0.529531
2025-03-05 22:30,0.548536
2025-03-05 22:45,0.645027
2025-03-05 23:00,0.582988
2025-03-05 23:15,0.535524
2025-03-05 23:30,0.537969
2025-03-05 23:45,0.593073
2025-03-06 00:00,0.717037
2025-03-06 00:15,0.756689
2025-03-06 00:30,0.738299
2025-03-06 00:45,0.803049
2025-03-06 01:00,0.778148
2025-03-06 01:15,0.75569
2025-03-06 01:30,0.701313
2025-03-06 01:45,0.693956
2025-03-06 02:00,0.678512
2025-03-06 02:15,0.704192
2025-03-06 02:30,0.606279
2025-03-06 02:45,0.591341
2025-03-06 03:00,0.65788
2025-03-06 03:15,0.671233
2025-03-06 03:30,0.557898
2025-03-06 03:45,0.539837
2025-03-06 04:00,0.501537
2025-03-06 04:15,0.451205
2025-03-06 04:30,0.465244
2025-03-06 04:45,0.431146
2025-03-06 05:00,0.448088
2025-03-06 05:15,0.368939
2025-03-06 05:30,0.360554
2025-03-06 05:45,0.314961
2025-03-06 06:00,0.295521
2025-03-06 06:15,0.310656
2025-03-06 06:30,0.265899
2025-03-06 06:45,0.265757
2025-03-06 07:00,0.256183
2025-03-06 07:15,0.234425
2025-03-06 07:30,0.243234
2025-03-06 07:45,0.234957
2025-03-06 08:00,0.211724
2025-03-06 08:15,0.204912
2025-03-06 08:30,0.209336
2025-03-06 08:45,0.20262
2025-03-06 09:00,0.204244
2025-03-06 09:15,0.194104
2025-03-06 09:30,0.224345
2025-03-06 09:45,0.221316
2025-03-06 10:00,0.248686
2025-03-06 10:15,0.247726
2025-03-06 10:30,0.257622
2025-03-06 10:45,0.271887
2025-03-06 11:00,0.308178
2025-03-06 11:15,0.321434
2025-03-06 11:30,0.33109
2025-03-06 11:45,0.33582
2025-03-06 12:00,0.389277
2025-03-06 12:15,0.398405
2025-03-06 12:30,0.387754
2025-03-06 12:45,0.408967
2025-03-06 13:00,0.435151
2025-03-06 13:15,0.4647
2025-03-06 13:30,0.405257
2025-03-06 13:45,0.405151
2025-03-06 14:00,0.428183
2025-03-06 14:15,0.41005
2025-03-06 14:30,0.430672
2025-03-06 14:45,0.410033
2025-03-06 15:00,0.415644
2025-03-06 15:15,0.443443
2025-03-06 15:30,0.402783
2025-03-06 15:45,0.406858
2025-03-06 16:00,0.394111
2025-03-06 16:15,0.431964
2025-03-06 16:30,0.463462
2025-03-06 16:45,0.486376
2025-03-06 17:00,0.460178
2025-03-06 17:15,0.482116
2025-03-06 17:30,0.508016
2025-03-06 17:45,0.497824
2025-03-06 18:00,0.493032
2025-03-06 18:15,0.45932
2025-03-06 18:30,0.506862
2025-03-06 18:45,0.497874
2025-03-06 19:00,0.443602
2025-03-06 19:15,0.430586
2025-03-06 19:30,0.504643
2025-03-06 19:45,0.499378
2025-03-06 20:00,0.47695
2025-03-06 20:15,0.431221
2025-03-06 20:30,0.41994
2025-03-06 20:45,0.414456
2025-03-06 21:00,0.438538
2025-03-06 21:15,0.462901
2025-03-06 21:30,0.395098
2025-03-06 21:45,0.443788
2025-03-06 22:00,0.478364
2025-03-06 22:15,0.50338
2025-03-06 22:30,0.473322
2025-03-06 22:45,0.449984
2025-03-06 23:00,0.51964
2025-03-06 23:15,0.527281
2025-03-06 23:30,0.551129
2025-03-06 23:45,0.598436
2025-03-07 00:00,0.661439
2025-03-07 00:15,0.769321
2025-03-07 00:30,0.801378
2025-03-07 00:45,0.776592
2025-03-07 01:00,0.780878
2025-03-07 01:15,0.771794
2025-03-07 01:30,0.754474
2025-03-07 01:45,0.67746
2025-03-07 02:00,0.685587
2025-03-07 02:15,0.708001
2025-03-07 02:30,0.652498
2025-03-07 02:45,0.635462
2025-03-07 03:00,0.720191
2025-03-07 03:15,0.604153
2025-03-07 03:30,0.609115
2025-03-07 03:45,0.623969
2025-03-07 04:00,0.558213
2025-03-07 04:15,0.553918
2025-03-07 04:30,0.558193
2025-03-07 04:45,0.235222
2025-03-07 05:00,0.408943
2025-03-07 05:15,0.348178
2025-03-07 05:30,0.346771
2025-03-07 05:45,0.350978
2025-03-07 06:00,0.313861
2025-03-07 06:15,0.287757
2025-03-07 06:30,0.288055
2025-03-07 06:45,0.271116
2025-03-07 07:00,0.276846
2025-03-07 07:15,0.244543
2025-03-07 07:30,0.209429
2025-03-07 07:45,0.223122
2025-03-07 08:00,0.193036
2025-03-07 08:15,0.203791
2025-03-07 08:30,0.195883
2025-03-07 08:45,0.23272
2025-03-07 09:00,0.226303
2025-03-07 09:15,0.206711
2025-03-07 09:30,0.214424
2025-03-07 09:45,0.231203
2025-03-07 10:00,0.223594
2025-03-07 10:15,0.234049
2025-03-07 10:30,0.25253
2025-03-07 10:45,0.260283
2025-03-07 11:00,0.304529
2025-03-07 11:15,0.304249
2025-03-07 11:30,0.357847
2025-03-07 11:45,0.377368
2025-03-07 12:00,0.384403
2025-03-07 12:15,0.376892
2025-03-07 12:30,0.38459
2025-03-07 12:45,0.403822
2025-03-07 13:00,0.386857
2025-03-07 13:15,0.396315
2025-03-07 13:30,0.396766
2025-03-07 13:45,0.434331
2025-03-07 14:00,0.404244
2025-03-07 14:15,0.292859
2025-03-07 14:30,0.405376
2025-03-07 14:45,0.414259
2025-03-07 15:00,0.478131
2025-03-07 15:15,0.41101
2025-03-07 15:30,0.425407
2025-03-07 15:45,0.454379
2025-03-07 16:00,0.476509
2025-03-07 16:15,0.457344
2025-03-07 16:30,0.449408
2025-03-07 16:45,0.487839
2025-03-07 17:00,0.481024
2025-03-07 17:15,0.485805
2025-03-07 17:30,0.440676
2025-03-07 17:45,0.470916
2025-03-07 18:00,0.515938
2025-03-07 18:15,0.494734
2025-03-07 18:30,0.475156
2025-03-07 18:45,0.517657
2025-03-07 19:00,0.485968
2025-03-07 19:15,0.484156
2025-03-07 19:30,0.472549
2025-03-07 19:45,0.479036
2025-03-07 20:00,0.504893
2025-03-07 20:15,0.449027
2025-03-07 20:30,0.44456
2025-03-07 20:45,0.474472
2025-03-07 21:00,0.446863
2025-03-07 21:15,0.44584
2025-03-07 21:30,0.446141
2025-03-07 21:45,0.463609
2025-03-07 22:00,0.440568
2025-03-07 22:15,0.43392
2025-03-07 22:30,0.438252
2025-03-07 22:45,0.4456
2025-03-07 23:00,0.464836
2025-03-07 23:15,0.489883
2025-03-07 23:30,0.57947
2025-03-07 23:45,0.567262
2025-03-08 00:00,0.591056
2025-03-08 00:15,0.659941
2025-03-08 00:30,0.570886
2025-03-08 00:45,0.524125
2025-03-08 01:00,0.629087
2025-03-08 01:15,0.563612
2025-03-08 01:30,0.549914
2025-03-08 01:45,0.57737
2025-03-08 02:00,0.541813
2025-03-08 02:15,0.514215
2025-03-08 02:30,0.545655
2025-03-08 02:45,0.501095
2025-03-08 03:00,0.553735
2025-03-08 03:15,0.508597
2025-03-08 03:30,0.525203
2025-03-08 03:45,0.602949
2025-03-08 04:00,0.441565
2025-03-08 04:15,0.455771
2025-03-08 04:30,0.456048
2025-03-08 04:45,0.376792
2025-03-08 05:00,0.396306
2025-03-08 05:15,0.33013
2025-03-08 05:30,0.302586
2025-03-08 05:45,0.332358
2025-03-08 06:00,0.315211
2025-03-08 06:15,0.280153
2025-03-08 06:30,0.275516
2025-03-08 06:45,0.237835
2025-03-08 07:00,0.241588
2025-03-08 07:15,0.217557
2025-03-08 07:30,0.250972
2025-03-08 07:45,0.209687
2025-03-08 08:00,0.198274
2025-03-08 08:15,0.185656
2025-03-08 08:30,0.166087
2025-03-08 08:45,0.18145
2025-03-08 09:00,0.168831
2025-03-08 09:15,0.184537
2025-03-08 09:30,0.205765
2025-03-08 09:45,0.208437
2025-03-08 10:00,0.208024
2025-03-08 10:15,0.208802
2025-03-08 10:30,0.206507
2025-03-08 10:45,0.217305
2025-03-08 11:00,0.229488
2025-03-08 11:15,0.243078
2025-03-08 11:30,0.249756
2025-03-08 11:45,0.255728
2025-03-08 12:00,0.268195
2025-03-08 12:15,0.309474
2025-03-08 12:30,0.300512
2025-03-08 12:45,0.317112
2025-03-08 13:00,0.320135
2025-03-08 13:15,0.325012
2025-03-08 13:30,0.330039
2025-03-08 13:45,0.376535
2025-03-08 14:00,0.388012
2025-03-08 14:15,0.389606
2025-03-08 14:30,0.346098
2025-03-08 14:45,0.341779
2025-03-08 15:00,0.347837
2025-03-08 15:15,0.323214
2025-03-08 15:30,0.367055
2025-03-08 15:45,0.361906
2025-03-08 16:00,0.346468
2025-03-08 16:15,0.359176
2025-03-08 16:30,0.388311
2025-03-08 16:45,0.385018
2025-03-08 17:00,0.388634
2025-03-08 17:15,0.416449
2025-03-08 17:30,0.427171
2025-03-08 17:45,0.455512
2025-03-08 18:00,0.464366
2025-03-08 18:15,0.416495
2025-03-08 18:30,0.413524
2025-03-08 18:45,0.436273
2025-03-08 19:00,0.453452
2025-03-08 19:15,0.500831
2025-03-08 19:30,0.519488
2025-03-08 19:45,0.541457
2025-03-08 20:00,0.608471
2025-03-08 20:15,0.455186
2025-03-08 20:30,0.446931
2025-03-08 20:45,0.462586
2025-03-08 21:00,0.445444
2025-03-08 21:15,0.430203
2025-03-08 21:30,0.436752
2025-03-08 21:45,0.417616
2025-03-08 22:00,0.438203
2025-03-08 22:15,0.45499
2025-03-08 22:30,0.466943
2025-03-08 22:45,0.475216
2025-03-08 23:00,0.525652
2025-03-08 23:15,0.468646
2025-03-08 23:30,0.463123
2025-03-08 23:45,0.474397
2025-03-09 00:00,0.540074
2025-03-09 00:15,0.527607
2025-03-09 00:30,0.6343
2025-03-09 00:45,0.709763
2025-03-09 01:00,0.688475
2025-03-09 01:15,0.69667
2025-03-09 01:30,0.66168
2025-03-09 01:45,0.723924
2025-03-09 02:00,0.777748
2025-03-09 02:15,0.63839
2025-03-09 02:30,0.657703
2025-03-09 02:45,0.651334
2025-03-09 03:00,0.653982
2025-03-09 03:15,0.739444
2025-03-09 03:30,0.590291
2025-03-09 03:45,0.584314
2025-03-09 04:00,0.540444
2025-03-09 04:15,0.526784
2025-03-09 04:30,0.474338
2025-03-09 04:45,0.459853
2025-03-09 05:00,0.429275
2025-03-09 05:15,0.432643
2025-03-09 05:30,0.471664
2025-03-09 05:45,0.401605
2025-03-09 06:00,0.348838
2025-03-09 06:15,0.33745
2025-03-09 06:30,0.309119
2025-03-09 06:45,0.336048
2025-03-09 07:00,0.280799
2025-03-09 07:15,0.261267
2025-03-09 07:30,0.224831
2025-03-09 07:45,0.211319
2025-03-09 08:00,0.201312
2025-03-09 08:15,0.199163
2025-03-09 08:30,0.195435
2025-03-09 08:45,0.190951
2025-03-09 09:00,0.19025
2025-03-09 09:15,0.184666
2025-03-09 09:30,0.173752
2025-03-09 09:45,0.174733
2025-03-09 10:00,0.213992
2025-03-09 10:15,0.215845
2025-03-09 10:30,0.204931
2025-03-09 10:45,0.219435
2025-03-09 11:00,0.225574
2025-03-09 11:15,0.265484
2025-03-09 11:30,0.285914
2025-03-09 11:45,0.268853
2025-03-09 12:00,0.280987
2025-03-09 12:15,0.30709
2025-03-09 12:30,0.276986
2025-03-09 12:45,0.314833
2025-03-09 13:00,0.357286
2025-03-09 13:15,0.369869
2025-03-09 13:30,0.389219
2025-03-09 13:45,0.401054
2025-03-09 14:00,0.42832
2025-03-09 14:15,0.407712
2025-03-09 14:30,0.399447
2025-03-09 14:45,0.429433
2025-03-09 15:00,0.420331
2025-03-09 15:15,0.435816
2025-03-09 15:30,0.429661
2025-03-09 15:45,0.442765
2025-03-09 16:00,0.442073
2025-03-09 16:15,0.462191
2025-03-09 16:30,0.481499
2025-03-09 16:45,0.48084
2025-03-09 17:00,0.452405
2025-03-09 17:15,0.409768
2025-03-09 17:30,0.451314
2025-03-09 17:45,0.447038
2025-03-09 18:00,0.466556
2025-03-09 18:15,0.476184
2025-03-09 18:30,0.489203
2025-03-09 18:45,0.472407
2025-03-09 19:00,0.512015
2025-03-09 19:15,0.520722
2025-03-09 19:30,0.473191
2025-03-09 19:45,0.491073
2025-03-09 20:00,0.487645
2025-03-09 20:15,0.567076
2025-03-09 20:30,0.641527
2025-03-09 20:45,0.493991
2025-03-09 21:00,0.534086
2025-03-09 21:15,0.552801
2025-03-09 21:30,0.548691
2025-03-09 21:45,0.49916
2025-03-09 22:00,0.542826
2025-03-09 22:15,0.523679
2025-03-09 22:30,0.581188
2025-03-09 22:45,0.54354
2025-03-09 23:00,0.494628
2025-03-09 23:15,0.552368
2025-03-09 23:30,0.512325
2025-03-09 23:45,0.503334
2025-03-10 00:00,0.570276
2025-03-10 00:15,0.584822
2025-03-10 00:30,0.664978
2025-03-10 00:45,0.590817
2025-03-10 01:00,0.599793
2025-03-10 01:15,0.610053
2025-03-10 01:30,0.613547
2025-03-10 01:45,0.583078
2025-03-10 02:00,0.63186
2025-03-10 02:15,0.600352
2025-03-10 02:30,0.573747
2025-03-10 02:45,0.549403
2025-03-10 03:00,0.577509
2025-03-10 03:15,0.551263
2025-03-10 03:30,0.576825
2025-03-10 03:45,0.506872
2025-03-10 04:00,0.470607
2025-03-10 04:15,0.435172
2025-03-10 04:30,0.423547
2025-03-10 04:45,0.455028
2025-03-10 05:00,0.328719
2025-03-10 05:15,0.335909
2025-03-10 05:30,0.302165
2025-03-10 05:45,0.28495
2025-03-10 06:00,0.274733
2025-03-10 06:15,0.27168
2025-03-10 06:30,0.281861
2025-03-10 06:45,0.235393
2025-03-10 07:00,0.195702
2025-03-10 07:15,0.199074
2025-03-10 07:30,0.202566
2025-03-10 07:45,0.187336
2025-03-10 08:00,0.187054
2025-03-10 08:15,0.178045
2025-03-10 08:30,0.187572
2025-03-10 08:45,0.193223
2025-03-10 09:00,0.203645
2025-03-10 09:15,0.200787
2025-03-10 09:30,0.224611
2025-03-10 09:45,0.217498
2025-03-10 10:00,0.222346
2025-03-10 10:15,0.228469
2025-03-10 10:30,0.254431
2025-03-10 10:45,0.252899
2025-03-10 11:00,0.283069
2025-03-10 11:15,0.301426
2025-03-10 11:30,0.308992
2025-03-10 11:45,0.312117
2025-03-10 12:00,0.327151
2025-03-10 12:15,0.324752
2025-03-10 12:30,0.310061
2025-03-10 12:45,0.32123
2025-03-10 13:00,0.313991
2025-03-10 13:15,0.321228
2025-03-10 13:30,0.327956
2025-03-10 13:45,0.302277
2025-03-10 14:00,0.316064
2025-03-10 14:15,0.304516
2025-03-10 14:30,0.326781
2025-03-10 14:45,0.308888
2025-03-10 15:00,0.306037
2025-03-10 15:15,0.312443
2025-03-10 15:30,0.321145
2025-03-10 15:45,0.306123
2025-03-10 16:00,0.321761
2025-03-10 16:15,0.314925
2025-03-10 16:30,0.328257
2025-03-10 16:45,0.335911
2025-03-10 17:00,0.332557
2025-03-10 17:15,0.360155
2025-03-10 17:30,0.353157
2025-03-10 17:45,0.374014
2025-03-10 18:00,0.433455
2025-03-10 18:15,0.425015
2025-03-10 18:30,0.469501
2025-03-10 18:45,0.404838
2025-03-10 19:00,0.427242
2025-03-10 19:15,0.428994
2025-03-10 19:30,0.431799
2025-03-10 19:45,0.449737
2025-03-10 20:00,0.525841
2025-03-10 20:15,0.48411
2025-03-10 20:30,0.467716
2025-03-10 20:45,0.402691
2025-03-10 21:00,0.421834
2025-03-10 21:15,0.450646
2025-03-10 21:30,0.478831
2025-03-10 21:45,0.488927
2025-03-10 22:00,0.48287
2025-03-10 22:15,0.495639
2025-03-10 22:30,0.503183
2025-03-10 22:45,0.531197
2025-03-10 23:00,0.473284
2025-03-10 23:15,0.514182
2025-03-10 23:30,0.509872
2025-03-10 23:45,0.50877
2025-03-11 00:00,0.555409
2025-03-11 00:15,0.580415
2025-03-11 00:30,0.594186
2025-03-11 00:45,0.583959
2025-03-11 01:00,0.61703
2025-03-11 01:15,0.681692
2025-03-11 01:30,0.696561
2025-03-11 01:45,0.674214
2025-03-11 02:00,0.579843
2025-03-11 02:15,0.567993
2025-03-11 02:30,0.560161
2025-03-11 02:45,0.592474
2025-03-11 03:00,0.533236
2025-03-11 03:15,0.569782
2025-03-11 03:30,0.590641
2025-03-11 03:45,0.516218
2025-03-11 04:00,0.51894
2025-03-11 04:15,0.430817
2025-03-11 04:30,0.384324
2025-03-11 04:45,0.394401
2025-03-11 05:00,0.363209
2025-03-11 05:15,0.356217
2025-03-11 05:30,0.320875
2025-03-11 05:45,0.283189
2025-03-11 06:00,0.263914
2025-03-11 06:15,0.258514
2025-03-11 06:30,0.254335
2025-03-11 06:45,0.219874
2025-03-11 07:00,0.216421
2025-03-11 07:15,0.190168
2025-03-11 07:30,0.192937
2025-03-11 07:45,0.186082
2025-03-11 08:00,0.19574
2025-03-11 08:15,0.235273
2025-03-11 08:30,0.26855
2025-03-11 08:45,0.291122
2025-03-11 09:00,0.279241
2025-03-11 09:15,0.233767
2025-03-11 09:30,0.245015
2025-03-11 09:45,0.237405
2025-03-11 10:00,0.250418
2025-03-11 10:15,0.276094
2025-03-11 10:30,0.28863
2025-03-11 10:45,0.29942
2025-03-11 11:00,0.303721
2025-03-11 11:15,0.31644
2025-03-11 11:30,0.317155
2025-03-11 11:45,0.350982
2025-03-11 12:00,0.353557
2025-03-11 12:15,0.344073
2025-03-11 12:30,0.328442
2025-03-11 12:45,0.348127
2025-03-11 13:00,0.399082
2025-03-11 13:15,0.419479
2025-03-11 13:30,0.385211
2025-03-11 13:45,0.40233
2025-03-11 14:00,0.415116
2025-03-11 14:15,0.394402
2025-03-11 14:30,0.327069
2025-03-11 14:45,0.321413
2025-03-11 15:00,0.338148
2025-03-11 15:15,0.378576
2025-03-11 15:30,0.353218
2025-03-11 15:45,0.387579
2025-03-11 16:00,0.379391
2025-03-11 16:15,0.380825
2025-03-11 16:30,0.439
2025-03-11 16:45,0.421159
2025-03-11 17:00,0.440019
2025-03-11 17:15,0.437065
2025-03-11 17:30,0.484828
2025-03-11 17:45,0.481544
2025-03-11 18:00,0.443177
2025-03-11 18:15,0.491545
2025-03-11 18:30,0.497058
2025-03-11 18:45,0.516839
2025-03-11 19:00,0.532849
2025-03-11 19:15,0.577134
2025-03-11 19:30,0.537331
2025-03-11 19:45,0.478968
2025-03-11 20:00,0.519258
2025-03-11 20:15,0.563766
2025-03-11 20:30,0.517719
2025-03-11 20:45,0.506499
2025-03-11 21:00,0.522886
2025-03-11 21:15,0.576293
2025-03-11 21:30,0.566909
2025-03-11 21:45,0.607172
2025-03-11 22:00,0.652981
2025-03-11 22:15,0.61074
2025-03-11 22:30,0.614771
2025-03-11 22:45,0.515731
2025-03-11 23:00,0.634185
2025-03-11 23:15,0.64189
2025-03-11 23:30,0.611149
2025-03-11 23:45,0.627145
2025-03-12 00:00,0.778612
2025-03-12 00:00,1.0
2025-03-12 00:15,0.923046
2025-03-12 00:30,0.946791
2025-03-12 00:45,0.863605
2025-03-12 01:00,0.867832
2025-03-12 01:15,0.838799
2025-03-12 01:30,0.790368
2025-03-12 01:45,0.748899
2025-03-12 02:00,0.783376
2025-03-12 02:15,0.781871
2025-03-12 02:30,0.654606
2025-03-12 02:45,0.631161
2025-03-12 03:00,0.808709
2025-03-12 03:15,0.728716
2025-03-12 03:30,0.59912
2025-03-12 03:45,0.661094
2025-03-12 04:00,0.623031
2025-03-12 04:15,0.623642
2025-03-12 04:30,0.527643
2025-03-12 04:45,0.487316
2025-03-12 05:00,0.443771
2025-03-12 05:15,0.40432
2025-03-12 05:30,0.402475
2025-03-12 05:45,0.397518
2025-03-12 06:00,0.314375
2025-03-12 06:15,0.308107
2025-03-12 06:30,0.288921
2025-03-12 06:45,0.313506
2025-03-12 07:00,0.287945
2025-03-12 07:15,0.25564
2025-03-12 07:30,0.234984
2025-03-12 07:45,0.232475
2025-03-12 08:00,0.222264
2025-03-12 08:15,0.213648
2025-03-12 08:30,0.230467
2025-03-12 08:45,0.232868
2025-03-12 09:00,0.253442
2025-03-12 09:15,0.288465
2025-03-12 09:30,0.270209
2025-03-12 09:45,0.246556
2025-03-12 10:00,0.224657
2025-03-12 10:15,0.270838
2025-03-12 10:30,0.308616
2025-03-12 10:45,0.370283
2025-03-12 11:00,0.38999
2025-03-12 11:15,0.404697
2025-03-12 11:30,0.404926
2025-03-12 11:45,0.423235
2025-03-12 12:00,0.425999
2025-03-12 12:15,0.47093
2025-03-12 12:30,0.446073
2025-03-12 12:45,0.44306
2025-03-12 13:00,0.414345
2025-03-12 13:15,0.456311
2025-03-12 13:30,0.444035
2025-03-12 13:45,0.446638
2025-03-12 14:00,0.443446
2025-03-12 14:15,0.445783
2025-03-12 14:30,0.427324
2025-03-12 14:45,0.462642
2025-03-12 15:00,0.542629
2025-03-12 15:15,0.490885
2025-03-12 15:30,0.473001
2025-03-12 15:45,0.55044
2025-03-12 16:00,0.528235
2025-03-12 16:15,0.519493
2025-03-12 16:30,0.502707
2025-03-12 16:45,0.507266
2025-03-12 17:00,0.510672
2025-03-12 17:15,0.537622
2025-03-12 17:30,0.613714
2025-03-12 17:45,0.602088
2025-03-12 18:00,0.557478
2025-03-12 18:15,0.544864
2025-03-12 18:30,0.495173
2025-03-12 18:45,0.505001
2025-03-12 19:00,0.627698
2025-03-12 19:15,0.593334
2025-03-12 19:30,0.565203
2025-03-12 19:45,0.6041
2025-03-12 20:00,0.677512
2025-03-12 20:15,0.708156
2025-03-12 20:30,0.653587
2025-03-12 20:45,0.610578
2025-03-12 21:00,0.67826
2025-03-12 21:15,0.67385
2025-03-12 21:30,0.678989
2025-03-12 21:45,0.70987
2025-03-12 22:00,0.748817
2025-03-12 22:15,0.763782
2025-03-12 22:30,0.819329
2025-03-12 22:45,0.739476
2025-03-12 23:00,0.662642
2025-03-12 23:15,0.634143
2025-03-12 23:30,0.656172
2025-03-12 23:45,0.665769
2025-03-13 00:00,0.750231
2025-03-13 00:15,0.795738
2025-03-13 00:30,0.757749
2025-03-13 00:45,0.776017
2025-03-13 01:00,0.772843
2025-03-13 01:15,0.836832
2025-03-13 01:30,0.817162
2025-03-13 01:45,0.777268
2025-03-13 02:00,0.839654
2025-03-13 02:15,0.773879
2025-03-13 02:30,0.71027
2025-03-13 02:45,0.721692
2025-03-13 03:00,0.656407
2025-03-13 03:15,0.696439
2025-03-13 03:30,0.621376
2025-03-13 03:45,0.630643
2025-03-13 04:00,0.545003
2025-03-13 04:15,0.4756
2025-03-13 04:30,0.47034
2025-03-13 04:45,0.406642
2025-03-13 05:00,0.406885
2025-03-13 05:15,0.396929
2025-03-13 05:30,0.36302
2025-03-13 05:45,0.38042
2025-03-13 06:00,0.367399
2025-03-13 06:15,0.320647
2025-03-13 06:30,0.324343
2025-03-13 06:45,0.295208
2025-03-13 07:00,0.28684
2025-03-13 07:15,0.256977
2025-03-13 07:30,0.277148
2025-03-13 07:45,0.24532
2025-03-13 08:00,0.222239
2025-03-13 08:15,0.230011
2025-03-13 08:30,0.229117
2025-03-13 08:45,0.248536
2025-03-13 09:00,0.233944
2025-03-13 09:15,0.228529
2025-03-13 09:30,0.250603
2025-03-13 09:45,0.274636
2025-03-13 10:00,0.299167
2025-03-13 10:15,0.336345
2025-03-13 10:30,0.330521
2025-03-13 10:45,0.333177
2025-03-13 11:00,0.367098
2025-03-13 11:15,0.370764
2025-03-13 11:30,0.395243
2025-03-13 11:45,0.431323
2025-03-13 12:00,0.4379
2025-03-13 12:15,0.458104
2025-03-13 12:30,0.502863
2025-03-13 12:45,0.471021
2025-03-13 13:00,0.435822
2025-03-13 13:15,0.393577
2025-03-13 13:30,0.435393
2025-03-13 13:45,0.443964
2025-03-13 14:00,0.456809
2025-03-13 14:15,0.46842
2025-03-13 14:30,0.45102
2025-03-13 14:45,0.509689
2025-03-13 15:00,0.470902
2025-03-13 15:15,0.473536
2025-03-13 15:30,0.569534
2025-03-13 15:45,0.483364
2025-03-13 16:00,0.46974
2025-03-13 16:15,0.475202
2025-03-13 16:30,0.488288
2025-03-13 16:45,0.474079
2025-03-13 17:00,0.457416
2025-03-13 17:15,0.504457
2025-03-13 17:30,0.518748
2025-03-13 17:45,0.56992
2025-03-13 18:00,0.59559
2025-03-13 18:15,0.572709
2025-03-13 18:30,0.584475
2025-03-13 18:45,0.582632
2025-03-13 19:00,0.638861
2025-03-13 19:15,0.684911
2025-03-13 19:30,0.695967
2025-03-13 19:45,0.684677
2025-03-13 20:00,0.632935
2025-03-13 20:15,0.619057
2025-03-13 20:30,0.770003
2025-03-13 20:45,0.659953
2025-03-13 21:00,0.589359
2025-03-13 21:15,0.643191
2025-03-13 21:30,0.663049
2025-03-13 21:45,0.618024
2025-03-13 22:00,0.642021
2025-03-13 22:15,0.606968
2025-03-13 22:30,0.661365
2025-03-13 22:45,0.637006
2025-03-13 23:00,0.653332
2025-03-13 23:15,0.680344
2025-03-13 23:30,0.78677
2025-03-13 23:45,0.722811
2025-03-14 00:00,0.732012
2025-03-14 00:15,0.719248
2025-03-14 00:30,0.747388
2025-03-14 00:45,0.782131
2025-03-14 01:00,0.863837
2025-03-14 01:15,0.84443
2025-03-14 01:30,0.840295
2025-03-14 01:45,0.862633
2025-03-14 02:00,0.788289
2025-03-14 02:15,0.823297
2025-03-14 02:30,0.816927
2025-03-14 02:45,0.797666
2025-03-14 03:00,0.746426
2025-03-14 03:15,0.656778
2025-03-14 03:30,0.646081
2025-03-14 03:45,0.647746
2025-03-14 04:00,0.570708
2025-03-14 04:15,0.559355
2025-03-14 04:30,0.536502
2025-03-14 04:45,0.468455
2025-03-14 05:00,0.452639
2025-03-14 05:15,0.411772
2025-03-14 05:30,0.388068
2025-03-14 05:45,0.394699
2025-03-14 06:00,0.366884
2025-03-14 06:15,0.388585
2025-03-14 06:30,0.338914
2025-03-14 06:45,0.301821
2025-03-14 07:00,0.2667
2025-03-14 07:15,0.249354
2025-03-14 07:30,0.253083
2025-03-14 07:45,0.272065
2025-03-14 08:00,0.254173
2025-03-14 08:15,0.244913
2025-03-14 08:30,0.236942
2025-03-14 08:45,0.258298
2025-03-14 09:00,0.238097
2025-03-14 09:15,0.239327
2025-03-14 09:30,0.243178
2025-03-14 09:45,0.301183
2025-03-14 10:00,0.2756
2025-03-14 10:15,0.286259
2025-03-14 10:30,0.320888
2025-03-14 10:45,0.335967
2025-03-14 11:00,0.364315
2025-03-14 11:15,0.336497
2025-03-14 11:30,0.382821
2025-03-14 11:45,0.414138
2025-03-14 12:00,0.412943
2025-03-14 12:15,0.451956
2025-03-14 12:30,0.416465
2025-03-14 12:45,0.485787
2025-03-14 13:00,0.44802
2025-03-14 13:15,0.471117
2025-03-14 13:30,0.473471
2025-03-14 13:45,0.466266
2025-03-14 14:00,0.430741
2025-03-14 14:15,0.490014
2025-03-14 14:30,0.45333
2025-03-14 14:45,0.496487
2025-03-14 15:00,0.43942
2025-03-14 15:15,0.433745
2025-03-14 15:30,0.473947
2025-03-14 15:45,0.418302
2025-03-14 16:00,0.474294
2025-03-14 16:15,0.460067
2025-03-14 16:30,0.468715
2025-03-14 16:45,0.506255
2025-03-14 17:00,0.55762
2025-03-14 17:15,0.5721
2025-03-14 17:30,0.546422
2025-03-14 17:45,0.568737
2025-03-14 18:00,0.579746
2025-03-14 18:15,0.607066
2025-03-14 18:30,0.653752
2025-03-14 18:45,0.682241
2025-03-14 19:00,0.702486
2025-03-14 19:15,0.677704
2025-03-14 19:30,0.676183
2025-03-14 19:45,0.594147
2025-03-14 20:00,0.630733
2025-03-14 20:15,0.67078
2025-03-14 20:30,0.675922
2025-03-14 20:45,0.660061
2025-03-14 21:00,0.637976
2025-03-14 21:15,0.60852
2025-03-14 21:30,0.594742
2025-03-14 21:45,0.627103
2025-03-14 22:00,0.679516
2025-03-14 22:15,0.648156
2025-03-14 22:30,0.725776
2025-03-14 22:45,0.814271
2025-03-14 23:00,0.668422
2025-03-14 23:15,0.686151
2025-03-14 23:30,0.600182
2025-03-14 23:45,0.668134
2025-03-15 00:00,0.683253
2025-03-15 00:15,0.716951
2025-03-15 00:30,0.760978
2025-03-15 00:45,0.738365
2025-03-15 01:00,0.750087
2025-03-15 01:15,0.823004
2025-03-15 01:30,0.934744
2025-03-15 01:45,0.839074
2025-03-15 02:00,0.809271
2025-03-15 02:15,0.762924
2025-03-15 02:30,0.770181
2025-03-15 02:45,0.710191
2025-03-15 03:00,0.786762
2025-03-15 03:15,0.708548
2025-03-15 03:30,0.735064
2025-03-15 03:45,0.618775
2025-03-15 04:00,0.666343
2025-03-15 04:15,0.618797
2025-03-15 04:30,0.558376
2025-03-15 04:45,0.583023
2025-03-15 05:00,0.499738
2025-03-15 05:15,0.498405
2025-03-15 05:30,0.487692
2025-03-15 05:45,0.42417
2025-03-15 06:00,0.377222
2025-03-15 06:15,0.375106
2025-03-15 06:30,0.337367
2025-03-15 06:45,0.308877
2025-03-15 07:00,0.304883
2025-03-15 07:15,0.277722
2025-03-15 07:30,0.277188
2025-03-15 07:45,0.265413
2025-03-15 08:00,0.243692
2025-03-15 08:15,0.258038
2025-03-15 08:30,0.23192
2025-03-15 08:45,0.24294
2025-03-15 09:00,0.270519
2025-03-15 09:15,0.218104
2025-03-15 09:30,0.249625
2025-03-15 09:45,0.25467
2025-03-15 10:00,0.27602
2025-03-15 10:15,0.283653
2025-03-15 10:30,0.309508
2025-03-15 10:45,0.345235
2025-03-15 11:00,0.400985
2025-03-15 11:15,0.379196
2025-03-15 11:30,0.431793
2025-03-15 11:45,0.439637
2025-03-15 12:00,0.522846
2025-03-15 12:15,0.552435
2025-03-15 12:30,0.506687
2025-03-15 12:45,0.551145
2025-03-15 13:00,0.558181
2025-03-15 13:15,0.534239
2025-03-15 13:30,0.550872
2025-03-15 13:45,0.535074
2025-03-15 14:00,0.514608
2025-03-15 14:15,0.499147
2025-03-15 14:30,0.512283
2025-03-15 14:45,0.514158
2025-03-15 15:00,0.556836
2025-03-15 15:15,0.537215
2025-03-15 15:30,0.563529
2025-03-15 15:45,0.562869
2025-03-15 16:00,0.597752
2025-03-15 16:15,0.528281
2025-03-15 16:30,0.522786
2025-03-15 16:45,0.560655
2025-03-15 17:00,0.553599
2025-03-15 17:15,0.601014
2025-03-15 17:30,0.664229
2025-03-15 17:45,0.676804
2025-03-15 18:00,0.761851
2025-03-15 18:15,0.669898
2025-03-15 18:30,0.656701
2025-03-15 18:45,0.712541
2025-03-15 19:00,0.742574
2025-03-15 19:15,0.686474
2025-03-15 19:30,0.605589
2025-03-15 19:45,0.635784
2025-03-15 20:00,0.653858
2025-03-15 20:15,0.610264
2025-03-15 20:30,0.624217
2025-03-15 20:45,0.598066
2025-03-15 21:00,0.645502
2025-03-15 21:15,0.62498
2025-03-15 21:30,0.605268
2025-03-15 21:45,0.654155
2025-03-15 22:00,0.746706
2025-03-15 22:15,0.69571
2025-03-15 22:30,0.584172
2025-03-15 22:45,0.608457
2025-03-15 23:00,0.675918
2025-03-15 23:15,0.712253
2025-03-15 23:30,0.731089
2025-03-15 23:45,0.686475
2025-03-16 00:00,0.686035
2025-03-16 00:15,0.759247
2025-03-16 00:30,0.702994
2025-03-16 00:45,0.748912
2025-03-16 01:00,0.789212
2025-03-16 01:15,0.77926
2025-03-16 01:30,0.716423
2025-03-16 01:45,0.777812
2025-03-16 02:00,0.764845
2025-03-16 02:15,0.768905
2025-03-16 02:30,0.830999
2025-03-16 02:45,0.868733
2025-03-16 03:00,0.724218
2025-03-16 03:15,0.718625
2025-03-16 03:30,0.730392
2025-03-16 03:45,0.775182
2025-03-16 04:00,0.711463
2025-03-16 04:15,0.595123
2025-03-16 04:30,0.574924
2025-03-16 04:45,0.56196
2025-03-16 05:00,0.552879
2025-03-16 05:15,0.492513
2025-03-16 05:30,0.509762
2025-03-16 05:45,0.475292
2025-03-16 06:00,0.434107
2025-03-16 06:15,0.376052
2025-03-16 06:30,0.349355
2025-03-16 06:45,0.358637
2025-03-16 07:00,0.335847
2025-03-16 07:15,0.330272
2025-03-16 07:30,0.323517
2025-03-16 07:45,0.301655
2025-03-16 08:00,0.272491
2025-03-16 08:15,0.268588
2025-03-16 08:30,0.25164
2025-03-16 08:45,0.245065
2025-03-16 09:00,0.277362
2025-03-16 09:15,0.250316
2025-03-16 09:30,0.259005
2025-03-16 09:45,0.278107
2025-03-16 10:00,0.272879
2025-03-16 10:15,0.280626
2025-03-16 10:30,0.297856
2025-03-16 10:45,0.299503
2025-03-16 11:00,0.330385
2025-03-16 11:15,0.323697
2025-03-16 11:30,0.409361
2025-03-16 11:45,0.40224
2025-03-16 12:00,0.478346
2025-03-16 12:15,0.529527
2025-03-16 12:30,0.486696
2025-03-16 12:45,0.552464
2025-03-16 13:00,0.539572
2025-03-16 13:15,0.5301
2025-03-16 13:30,0.621675
2025-03-16 13:45,0.599289
2025-03-16 14:00,0.572853
2025-03-16 14:15,0.57238
2025-03-16 14:30,0.622049
2025-03-16 14:45,0.624981
2025-03-16 15:00,0.679591
2025-03-16 15:15,0.646253
2025-03-16 15:30,0.6245
2025-03-16 15:45,0.687138
2025-03-16 16:00,0.692878
2025-03-16 16:15,0.650543
2025-03-16 16:30,0.704257
2025-03-16 16:45,0.688484
2025-03-16 17:00,0.656892
2025-03-16 17:15,0.688403
2025-03-16 17:30,0.736492
2025-03-16 17:45,0.694909
2025-03-16 18:00,0.708238
2025-03-16 18:15,0.658248
2025-03-16 18:30,0.643998
2025-03-16 18:45,0.68412
2025-03-16 19:00,0.70454
2025-03-16 19:15,0.715903
2025-03-16 19:30,0.69805
2025-03-16 19:45,0.73342
2025-03-16 20:00,0.767025
2025-03-16 20:15,0.775142
2025-03-16 20:30,0.808262
2025-03-16 20:45,0.842725
2025-03-16 21:00,0.806099
2025-03-16 21:15,0.847481
2025-03-16 21:30,0.855935
2025-03-16 21:45,0.906097
2025-03-16 22:00,0.810497
2025-03-16 22:15,0.727648
2025-03-16 22:30,0.775638
2025-03-16 22:45,0.815511
2025-03-16 23:00,0.724043
2025-03-16 23:15,0.726013
2025-03-16 23:30,0.749772
2025-03-16 23:45,0.717128
2025-03-17 00:00,0.787411
2025-03-17 00:15,0.806862
2025-03-17 00:30,0.774691
2025-03-17 00:45,0.834327
2025-03-17 01:00,0.865581
2025-03-17 01:15,0.816184
2025-03-17 01:30,0.794762
2025-03-17 01:45,0.795744
2025-03-17 02:00,0.836019
2025-03-17 02:15,0.752374
2025-03-17 02:30,0.726629
2025-03-17 02:45,0.740264
2025-03-17 03:00,0.606113
2025-03-17 03:15,0.610306
2025-03-17 03:30,0.593742
2025-03-17 03:45,0.547318
2025-03-17 04:00,0.542722
2025-03-17 04:15,0.533613
2025-03-17 04:30,0.510148
2025-03-17 04:45,0.482101
2025-03-17 05:00,0.469482
2025-03-17 05:15,0.435316
2025-03-17 05:30,0.342981
2025-03-17 05:45,0.35261
2025-03-17 06:00,0.375322
2025-03-17 06:15,0.319344
2025-03-17 06:30,0.267573
2025-03-17 06:45,0.268434
2025-03-17 07:00,0.244959
2025-03-17 07:15,0.265047
2025-03-17 07:30,0.245254
2025-03-17 07:45,0.240872
2025-03-17 08:00,0.23226
2025-03-17 08:15,0.231787
2025-03-17 08:30,0.225793
2025-03-17 08:45,0.246653
2025-03-17 09:00,0.276698
2025-03-17 09:15,0.290687
2025-03-17 09:30,0.247844
2025-03-17 09:45,0.273469
2025-03-17 10:00,0.315915
2025-03-17 10:15,0.298208
2025-03-17 10:30,0.318056
2025-03-17 10:45,0.332583
2025-03-17 11:00,0.350121
2025-03-17 11:15,0.367759
2025-03-17 11:30,0.381307
2025-03-17 11:45,0.377722
2025-03-17 12:00,0.389059
2025-03-17 12:15,0.371602
2025-03-17 12:30,0.410149
2025-03-17 12:45,0.415819
2025-03-17 13:00,0.412942
2025-03-17 13:15,0.444505
2025-03-17 13:30,0.46021
2025-03-17 13:45,0.498024
2025-03-17 14:00,0.445537
2025-03-17 14:15,0.45927
2025-03-17 14:30,0.4071
2025-03-17 14:45,0.469169
2025-03-17 15:00,0.498719
2025-03-17 15:15,0.519615
2025-03-17 15:30,0.522204
2025-03-17 15:45,0.610224
2025-03-17 16:00,0.503596
2025-03-17 16:15,0.508025
2025-03-17 16:30,0.66415
2025-03-17 16:45,0.567624
2025-03-17 17:00,0.547272
2025-03-17 17:15,0.460664
2025-03-17 17:30,0.454796
2025-03-17 17:45,0.525709
2025-03-17 18:00,0.490949
2025-03-17 18:15,0.492885
2025-03-17 18:30,0.500432
2025-03-17 18:45,0.514083
2025-03-17 19:00,0.507668
2025-03-17 19:15,0.505538
2025-03-17 19:30,0.485971
2025-03-17 19:45,0.579274
2025-03-17 20:00,0.594206
2025-03-17 20:15,0.568836
2025-03-17 20:30,0.622632
2025-03-17 20:45,0.562753
2025-03-17 21:00,0.525619
2025-03-17 21:15,0.52364
2025-03-17 21:30,0.55432
2025-03-17 21:45,0.589094
2025-03-17 22:00,0.580486
2025-03-17 22:15,0.597909
2025-03-17 22:30,0.548492
2025-03-17 22:45,0.544578
2025-03-17 23:00,0.564392
2025-03-17 23:15,0.596927
2025-03-17 23:30,0.658974
2025-03-17 23:45,0.675339
2025-03-18 00:00,0.738226
2025-03-18 00:15,0.724117
2025-03-18 00:30,0.762586
2025-03-18 00:45,0.723286
2025-03-18 01:00,0.741948
2025-03-18 01:15,0.739357
2025-03-18 01:30,0.715077
2025-03-18 01:45,0.818889
2025-03-18 02:00,0.807449
2025-03-18 02:15,0.765765
2025-03-18 02:30,0.68308
2025-03-18 02:45,0.713488
2025-03-18 03:00,0.63735
2025-03-18 03:15,0.628015
2025-03-18 03:30,0.575907
2025-03-18 03:45,0.558177
2025-03-18 04:00,0.522977
2025-03-18 04:15,0.511395
2025-03-18 04:30,0.464801
2025-03-18 04:45,0.428908
2025-03-18 05:00,0.38392
2025-03-18 05:15,0.363797
2025-03-18 05:30,0.392737
2025-03-18 05:45,0.324145
2025-03-18 06:00,0.304154
2025-03-18 06:15,0.272881
2025-03-18 06:30,0.278744
2025-03-18 06:45,0.255627
2025-03-18 07:00,0.238759
2025-03-18 07:15,0.233466
2025-03-18 07:30,0.233387
2025-03-18 07:45,0.252714
2025-03-18 08:00,0.235094
2025-03-18 08:15,0.234074
2025-03-18 08:30,0.222152
2025-03-18 08:45,0.213824
2025-03-18 09:00,0.232913
2025-03-18 09:15,0.256105
2025-03-18 09:30,0.258608
2025-03-18 09:45,0.268195
2025-03-18 10:00,0.313015
2025-03-18 10:15,0.313477
2025-03-18 10:30,0.315524
2025-03-18 10:45,0.326843
2025-03-18 11:00,0.364824
2025-03-18 11:15,0.372623
2025-03-18 11:30,0.407502
2025-03-18 11:45,0.432808
2025-03-18 12:00,0.471849
2025-03-18 12:15,0.47247
2025-03-18 12:30,0.540274
2025-03-18 12:45,0.498013
2025-03-18 13:00,0.451315
2025-03-18 13:15,0.433758
2025-03-18 13:30,0.431715
2025-03-18 13:45,0.41714
2025-03-18 14:00,0.433575
2025-03-18 14:15,0.455586
2025-03-18 14:30,0.452115
2025-03-18 14:45,0.478464
2025-03-18 15:00,0.489175
2025-03-18 15:15,0.492682
2025-03-18 15:30,0.501205
2025-03-18 15:45,0.527503
2025-03-18 16:00,0.458651
2025-03-18 16:15,0.47366
2025-03-18 16:30,0.448906
2025-03-18 16:45,0.480672
2025-03-18 17:00,0.486511
2025-03-18 17:15,0.506897
2025-03-18 17:30,0.53959
2025-03-18 17:45,0.542939
2025-03-18 18:00,0.512807
2025-03-18 18:15,0.500182
2025-03-18 18:30,0.534346
2025-03-18 18:45,0.538642
2025-03-18 19:00,0.559254
2025-03-18 19:15,0.579185
2025-03-18 19:30,0.593119
2025-03-18 19:45,0.595938
2025-03-18 20:00,0.561964
2025-03-18 20:15,0.5727
2025-03-18 20:30,0.577394
2025-03-18 20:45,0.580636
2025-03-18 21:00,0.586214
2025-03-18 21:15,0.55421
2025-03-18 21:30,0.554635
2025-03-18 21:45,0.683963
2025-03-18 22:00,0.609064
2025-03-18 22:15,0.638723
2025-03-18 22:30,0.605784
2025-03-18 22:45,0.589636
2025-03-18 23:00,0.616833
2025-03-18 23:15,0.630178
2025-03-18 23:30,0.615032
2025-03-18 23:45,0.670675
2025-03-19 00:00,0.688885
2025-03-19 00:00,0.510629
2025-03-19 00:15,0.52182
2025-03-19 00:30,0.522548
2025-03-19 00:45,0.506052
2025-03-19 01:00,0.550192
2025-03-19 01:15,0.614017
2025-03-19 01:30,0.553781
2025-03-19 01:45,0.529978
2025-03-19 02:00,0.535627
2025-03-19 02:15,0.537726
2025-03-19 02:30,0.564187
2025-03-19 02:45,0.514142
2025-03-19 03:00,0.470898
2025-03-19 03:15,0.507882
2025-03-19 03:30,0.534585
2025-03-19 03:45,0.406803
2025-03-19 04:00,0.419885
2025-03-19 04:15,0.352794
2025-03-19 04:30,0.295753
2025-03-19 04:45,0.338747
2025-03-19 05:00,0.295618
2025-03-19 05:15,0.257459
2025-03-19 05:30,0.228167
2025-03-19 05:45,0.214746
2025-03-19 06:00,0.225273
2025-03-19 06:15,0.197146
2025-03-19 06:30,0.189371
2025-03-19 06:45,0.177439
2025-03-19 07:00,0.158242
2025-03-19 07:15,0.184663
2025-03-19 07:30,0.154832
2025-03-19 07:45,0.158413
2025-03-19 08:00,0.155994
2025-03-19 08:15,0.166756
2025-03-19 08:30,0.16383
2025-03-19 08:45,0.151026
2025-03-19 09:00,0.16912
2025-03-19 09:15,0.183328
2025-03-19 09:30,0.1895
2025-03-19 09:45,0.202626
2025-03-19 10:00,0.209283
2025-03-19 10:15,0.239057
2025-03-19 10:30,0.221027
2025-03-19 10:45,0.247802
2025-03-19 11:00,0.237284
2025-03-19 11:15,0.272789
2025-03-19 11:30,0.277657
2025-03-19 11:45,0.293996
2025-03-19 12:00,0.32055
2025-03-19 12:15,0.313687
2025-03-19 12:30,0.316723
2025-03-19 12:45,0.333142
2025-03-19 13:00,0.336265
2025-03-19 13:15,0.339896
2025-03-19 13:30,0.328026
2025-03-19 13:45,0.318406
2025-03-19 14:00,0.324449
2025-03-19 14:15,0.398373
2025-03-19 14:30,0.355429
2025-03-19 14:45,0.336835
2025-03-19 15:00,0.326852
2025-03-19 15:15,0.355337
2025-03-19 15:30,0.359172
2025-03-19 15:45,0.366034
2025-03-19 16:00,0.403546
2025-03-19 16:15,0.387975
2025-03-19 16:30,0.384521
2025-03-19 16:45,0.401877
2025-03-19 17:00,0.403595
2025-03-19 17:15,0.432836
2025-03-19 17:30,0.447489
2025-03-19 17:45,0.444146
2025-03-19 18:00,0.455739
2025-03-19 18:15,0.428726
2025-03-19 18:30,0.461911
2025-03-19 18:45,0.47791
2025-03-19 19:00,0.509831
2025-03-19 19:15,0.466039
2025-03-19 19:30,0.482841
2025-03-19 19:45,0.534498
2025-03-19 20:00,0.531527
2025-03-19 20:15,0.498898
2025-03-19 20:30,0.460676
2025-03-19 20:45,0.513226
2025-03-19 21:00,0.470633
2025-03-19 21:15,0.520541
2025-03-19 21:30,0.56405
2025-03-19 21:45,0.496702
2025-03-19 22:00,0.511462
2025-03-19 22:15,0.52976
2025-03-19 22:30,0.540718
2025-03-19 22:45,0.536843
2025-03-19 23:00,0.491072
2025-03-19 23:15,0.482827
2025-03-19 23:30,0.508001
2025-03-19 23:45,0.552802
2025-03-20 00:00,0.563057
2025-03-20 00:15,0.578349
2025-03-20 00:30,0.578521
2025-03-20 00:45,0.585519
2025-03-20 01:00,0.582835
2025-03-20 01:15,0.559652
2025-03-20 01:30,0.568622
2025-03-20 01:45,0.585492
2025-03-20 02:00,0.628079
2025-03-20 02:15,0.611817
2025-03-20 02:30,0.591585
2025-03-20 02:45,0.566805
2025-03-20 03:00,0.553021
2025-03-20 03:15,0.465866
2025-03-20 03:30,0.428957
2025-03-20 03:45,0.398974
2025-03-20 04:00,0.410016
2025-03-20 04:15,0.373779
2025-03-20 04:30,0.339781
2025-03-20 04:45,0.296126
2025-03-20 05:00,0.292344
2025-03-20 05:15,0.277018
2025-03-20 05:30,0.238239
2025-03-20 05:45,0.214548
2025-03-20 06:00,0.215694
2025-03-20 06:15,0.199913
2025-03-20 06:30,0.19414
2025-03-20 06:45,0.202412
2025-03-20 07:00,0.178898
2025-03-20 07:15,0.182769
2025-03-20 07:30,0.161491
2025-03-20 07:45,0.157752
2025-03-20 08:00,0.170625
2025-03-20 08:15,0.175767
2025-03-20 08:30,0.155659
2025-03-20 08:45,0.164958
2025-03-20 09:00,0.174332
2025-03-20 09:15,0.183748
2025-03-20 09:30,0.203954
2025-03-20 09:45,0.213008
2025-03-20 10:00,0.238165
2025-03-20 10:15,0.257942
2025-03-20 10:30,0.260163
2025-03-20 10:45,0.280803
2025-03-20 11:00,0.273387
2025-03-20 11:15,0.280426
2025-03-20 11:30,0.276976
2025-03-20 11:45,0.290032
2025-03-20 12:00,0.327682
2025-03-20 12:15,0.369176
2025-03-20 12:30,0.337749
2025-03-20 12:45,0.331025
2025-03-20 13:00,0.369714
2025-03-20 13:15,0.334635
2025-03-20 13:30,0.316434
2025-03-20 13:45,0.351299
2025-03-20 14:00,0.361796
2025-03-20 14:15,0.358077
2025-03-20 14:30,0.337377
2025-03-20 14:45,0.344014
2025-03-20 15:00,0.337321
2025-03-20 15:15,0.3333
2025-03-20 15:30,0.323965
2025-03-20 15:45,0.342884
2025-03-20 16:00,0.363326
2025-03-20 16:15,0.369571
2025-03-20 16:30,0.391171
2025-03-20 16:45,0.427618
2025-03-20 17:00,0.431938
2025-03-20 17:15,0.387371
2025-03-20 17:30,0.409448
2025-03-20 17:45,0.423587
2025-03-20 18:00,0.44666
2025-03-20 18:15,0.411819
2025-03-20 18:30,0.429941
2025-03-20 18:45,0.432006
2025-03-20 19:00,0.418389
2025-03-20 19:15,0.458488
2025-03-20 19:30,0.429128
2025-03-20 19:45,0.457072
2025-03-20 20:00,0.471278
2025-03-20 20:15,0.4768
2025-03-20 20:30,0.459745
2025-03-20 20:45,0.471534
2025-03-20 21:00,0.480326
2025-03-20 21:15,0.47204
2025-03-20 21:30,0.502368
2025-03-20 21:45,0.523502
2025-03-20 22:00,0.484989
2025-03-20 22:15,0.476607
2025-03-20 22:30,0.468961
2025-03-20 22:45,0.451471
2025-03-20 23:00,0.548139
2025-03-20 23:15,0.52128
2025-03-20 23:30,0.570415
2025-03-20 23:45,0.604277
2025-03-21 00:00,0.565775
2025-03-21 00:15,0.576012
2025-03-21 00:30,0.550819
2025-03-21 00:45,0.575367
2025-03-21 01:00,0.64116
2025-03-21 01:15,0.660527
2025-03-21 01:30,0.601348
2025-03-21 01:45,0.670748
2025-03-21 02:00,0.608786
2025-03-21 02:15,0.700051
2025-03-21 02:30,0.665719
2025-03-21 02:45,0.653623
2025-03-21 03:00,0.579907
2025-03-21 03:15,0.552534
2025-03-21 03:30,0.525512
2025-03-21 03:45,0.487854
2025-03-21 04:00,0.479841
2025-03-21 04:15,0.439541
2025-03-21 04:30,0.43255
2025-03-21 04:45,0.369855
2025-03-21 05:00,0.358432
2025-03-21 05:15,0.325242
2025-03-21 05:30,0.282345
2025-03-21 05:45,0.301994
2025-03-21 06:00,0.271236
2025-03-21 06:15,0.25839
2025-03-21 06:30,0.232596
2025-03-21 06:45,0.228762
2025-03-21 07:00,0.207249
2025-03-21 07:15,0.19928
2025-03-21 07:30,0.21837
2025-03-21 07:45,0.20715
2025-03-21 08:00,0.197934
2025-03-21 08:15,0.182641
2025-03-21 08:30,0.182021
2025-03-21 08:45,0.188474
2025-03-21 09:00,0.174859
2025-03-21 09:15,0.198229
2025-03-21 09:30,0.193809
2025-03-21 09:45,0.194413
2025-03-21 10:00,0.220655
2025-03-21 10:15,0.229841
2025-03-21 10:30,0.229791
2025-03-21 10:45,0.293686
2025-03-21 11:00,0.293786
2025-03-21 11:15,0.293597
2025-03-21 11:30,0.29797
2025-03-21 11:45,0.354206
2025-03-21 12:00,0.3605
2025-03-21 12:15,0.365171
2025-03-21 12:30,0.359395
2025-03-21 12:45,0.375948
2025-03-21 13:00,0.351796
2025-03-21 13:15,0.348914
2025-03-21 13:30,0.373973
2025-03-21 13:45,0.403468
2025-03-21 14:00,0.365957
2025-03-21 14:15,0.405031
2025-03-21 14:30,0.385985
2025-03-21 14:45,0.417093
2025-03-21 15:00,0.399401
2025-03-21 15:15,0.463238
2025-03-21 15:30,0.449906
2025-03-21 15:45,0.448995
2025-03-21 16:00,0.406021
2025-03-21 16:15,0.393557
2025-03-21 16:30,0.446753
2025-03-21 16:45,0.456241
2025-03-21 17:00,0.428263
2025-03-21 17:15,0.482062
2025-03-21 17:30,0.540877
2025-03-21 17:45,0.538985
2025-03-21 18:00,0.601963
2025-03-21 18:15,0.596784
2025-03-21 18:30,0.543271
2025-03-21 18:45,0.548851
2025-03-21 19:00,0.598771
2025-03-21 19:15,0.607023
2025-03-21 19:30,0.647479
2025-03-21 19:45,0.564251
2025-03-21 20:00,0.594924
2025-03-21 20:15,0.631883
2025-03-21 20:30,0.626445
2025-03-21 20:45,0.546184
2025-03-21 21:00,0.612987
2025-03-21 21:15,0.553811
2025-03-21 21:30,0.58051
2025-03-21 21:45,0.453851
2025-03-21 22:00,0.43472
2025-03-21 22:15,0.416067
2025-03-21 22:30,0.468263
2025-03-21 22:45,0.467102
2025-03-21 23:00,0.517416
2025-03-21 23:15,0.650627
2025-03-21 23:30,0.740885
2025-03-21 23:45,0.670399
2025-03-22 00:00,0.779718
2025-03-22 00:15,0.820482
2025-03-22 00:30,0.892489
2025-03-22 00:45,0.903382
2025-03-22 01:00,0.698527
2025-03-22 01:15,0.65465
2025-03-22 01:30,0.746031
2025-03-22 01:45,0.618665
2025-03-22 02:00,0.797107
2025-03-22 02:15,0.680534
2025-03-22 02:30,0.773994
2025-03-22 02:45,0.587433
2025-03-22 03:00,0.753268
2025-03-22 03:15,0.917383
2025-03-22 03:30,0.779688
2025-03-22 03:45,0.817272
2025-03-22 04:00,0.645702
2025-03-22 04:15,0.655145
2025-03-22 04:30,0.751423
2025-03-22 04:45,0.652382
2025-03-22 05:00,0.630623
2025-03-22 05:15,0.743268
2025-03-22 05:30,0.654228
2025-03-22 05:45,0.498064
2025-03-22 06:00,0.376098
2025-03-22 06:15,0.349277
2025-03-22 06:30,0.343334
2025-03-22 06:45,0.276242
2025-03-22 07:00,0.279051
2025-03-22 07:15,0.263711
2025-03-22 07:30,0.26458
2025-03-22 07:45,0.242965
2025-03-22 08:00,0.238593
2025-03-22 08:15,0.214917
2025-03-22 08:30,0.227868
2025-03-22 08:45,0.220674
2025-03-22 09:00,0.212225
2025-03-22 09:15,0.19658
2025-03-22 09:30,0.206741
2025-03-22 09:45,0.238411
2025-03-22 10:00,0.251383
2025-03-22 10:15,0.255125
2025-03-22 10:30,0.274408
2025-03-22 10:45,0.285904
2025-03-22 11:00,0.297809
2025-03-22 11:15,0.29442
2025-03-22 11:30,0.319113
2025-03-22 11:45,0.317513
2025-03-22 12:00,0.345943
2025-03-22 12:15,0.401187
2025-03-22 12:30,0.361812
2025-03-22 12:45,0.379163
2025-03-22 13:00,0.381353
2025-03-22 13:15,0.437941
2025-03-22 13:30,0.507666
2025-03-22 13:45,0.46085
2025-03-22 14:00,0.384026
2025-03-22 14:15,0.436646
2025-03-22 14:30,0.420789
2025-03-22 14:45,0.45844
2025-03-22 15:00,0.436727
2025-03-22 15:15,0.440911
2025-03-22 15:30,0.460066
2025-03-22 15:45,0.432853
2025-03-22 16:00,0.449838
2025-03-22 16:15,0.435795
2025-03-22 16:30,0.456332
2025-03-22 16:45,0.437866
2025-03-22 17:00,0.410034
2025-03-22 17:15,0.477764
2025-03-22 17:30,0.461354
2025-03-22 17:45,0.47951
2025-03-22 18:00,0.525087
2025-03-22 18:15,0.513269
2025-03-22 18:30,0.532784
2025-03-22 18:45,0.4786
2025-03-22 19:00,0.527078
2025-03-22 19:15,0.557676
2025-03-22 19:30,0.611024
2025-03-22 19:45,0.524747
2025-03-22 20:00,0.488348
2025-03-22 20:15,0.491532
2025-03-22 20:30,0.46085
2025-03-22 20:45,0.451509
2025-03-22 21:00,0.462122
2025-03-22 21:15,0.499491
2025-03-22 21:30,0.504765
2025-03-22 21:45,0.526017
2025-03-22 22:00,0.472264
2025-03-22 22:15,0.475848
2025-03-22 22:30,0.45927
2025-03-22 22:45,0.486642
2025-03-22 23:00,0.498297
2025-03-22 23:15,0.514913
2025-03-22 23:30,0.554691
2025-03-22 23:45,0.604056
2025-03-23 00:00,0.675931
2025-03-23 00:15,0.744284
2025-03-23 00:30,0.717858
2025-03-23 00:45,0.715028
2025-03-23 01:00,0.624169
2025-03-23 01:15,0.55222
2025-03-23 01:30,0.567522
2025-03-23 01:45,0.565045
2025-03-23 02:00,0.595333
2025-03-23 02:15,0.552904
2025-03-23 02:30,0.608141
2025-03-23 02:45,0.587163
2025-03-23 03:00,0.624418
2025-03-23 03:15,0.582176
2025-03-23 03:30,0.495165
2025-03-23 03:45,0.47131
2025-03-23 04:00,0.488261
2025-03-23 04:15,0.424283
2025-03-23 04:30,0.401666
2025-03-23 04:45,0.410516
2025-03-23 05:00,0.403456
2025-03-23 05:15,0.362485
2025-03-23 05:30,0.37758
2025-03-23 05:45,0.34458
2025-03-23 06:00,0.330313
2025-03-23 06:15,0.299044
2025-03-23 06:30,0.310838
2025-03-23 06:45,0.290063
2025-03-23 07:00,0.294264
2025-03-23 07:15,0.262816
2025-03-23 07:30,0.23888
2025-03-23 07:45,0.235129
2025-03-23 08:00,0.234172
2025-03-23 08:15,0.238214
2025-03-23 08:30,0.235392
2025-03-23 08:45,0.209619
2025-03-23 09:00,0.21584
2025-03-23 09:15,0.191097
2025-03-23 09:30,0.196787
2025-03-23 09:45,0.206934
2025-03-23 10:00,0.207646
2025-03-23 10:15,0.212862
2025-03-23 10:30,0.261771
2025-03-23 10:45,0.23346
2025-03-23 11:00,0.25422
2025-03-23 11:15,0.301712
2025-03-23 11:30,0.316532
2025-03-23 11:45,0.313619
2025-03-23 12:00,0.350138
2025-03-23 12:15,0.395527
2025-03-23 12:30,0.377742
2025-03-23 12:45,0.37283
2025-03-23 13:00,0.442534
2025-03-23 13:15,0.443289
2025-03-23 13:30,0.430382
2025-03-23 13:45,0.427587
2025-03-23 14:00,0.424943
2025-03-23 14:15,0.393889
2025-03-23 14:30,0.396149
2025-03-23 14:45,0.407904
2025-03-23 15:00,0.402783
2025-03-23 15:15,0.429951
2025-03-23 15:30,0.438586
2025-03-23 15:45,0.442476
2025-03-23 16:00,0.438706
2025-03-23 16:15,0.502292
2025-03-23 16:30,0.483061
2025-03-23 16:45,0.499396
2025-03-23 17:00,0.49009
2025-03-23 17:15,0.509968
2025-03-23 17:30,0.531424
2025-03-23 17:45,0.561252
2025-03-23 18:00,0.525781
2025-03-23 18:15,0.513046
2025-03-23 18:30,0.515972
2025-03-23 18:45,0.535704
2025-03-23 19:00,0.524064
2025-03-23 19:15,0.560044
2025-03-23 19:30,0.575681
2025-03-23 19:45,0.567486
2025-03-23 20:00,0.576043
2025-03-23 20:15,0.554402
2025-03-23 20:30,0.544256
2025-03-23 20:45,0.565878
2025-03-23 21:00,0.60373
2025-03-23 21:15,0.617321
2025-03-23 21:30,0.5735
2025-03-23 21:45,0.604559
2025-03-23 22:00,0.662569
2025-03-23 22:15,0.607092
2025-03-23 22:30,0.59328
2025-03-23 22:45,0.525252
2025-03-23 23:00,0.562368
2025-03-23 23:15,0.600197
2025-03-23 23:30,0.632477
2025-03-23 23:45,0.659289
2025-03-24 00:00,0.685314
2025-03-24 00:15,0.722305
2025-03-24 00:30,0.74012
2025-03-24 00:45,0.75029
2025-03-24 01:00,0.696661
2025-03-24 01:15,0.691407
2025-03-24 01:30,0.58857
2025-03-24 01:45,0.66833
2025-03-24 02:00,0.596166
2025-03-24 02:15,0.572997
2025-03-24 02:30,0.562314
2025-03-24 02:45,0.556178
2025-03-24 03:00,0.501797
2025-03-24 03:15,0.489737
2025-03-24 03:30,0.437276
2025-03-24 03:45,0.385167
2025-03-24 04:00,0.376508
2025-03-24 04:15,0.406583
2025-03-24 04:30,0.341805
2025-03-24 04:45,0.348011
2025-03-24 05:00,0.311105
2025-03-24 05:15,0.302495
2025-03-24 05:30,0.270154
2025-03-24 05:45,0.262797
2025-03-24 06:00,0.253177
2025-03-24 06:15,0.221291
2025-03-24 06:30,0.224478
2025-03-24 06:45,0.198846
2025-03-24 07:00,0.184596
2025-03-24 07:15,0.189245
2025-03-24 07:30,0.203444
2025-03-24 07:45,0.194227
2025-03-24 08:00,0.183744
2025-03-24 08:15,0.171848
2025-03-24 08:30,0.155558
2025-03-24 08:45,0.182112
2025-03-24 09:00,0.176535
2025-03-24 09:15,0.189303
2025-03-24 09:30,0.23802
2025-03-24 09:45,0.219937
2025-03-24 10:00,0.258498
2025-03-24 10:15,0.243456
2025-03-24 10:30,0.276073
2025-03-24 10:45,0.292423
2025-03-24 11:00,0.4231
2025-03-24 11:15,0.417669
2025-03-24 11:30,0.393722
2025-03-24 11:45,0.372873
2025-03-24 12:00,0.366568
2025-03-24 12:15,0.382114
2025-03-24 12:30,0.390738
2025-03-24 12:45,0.375705
2025-03-24 13:00,0.360762
2025-03-24 13:15,0.361969
2025-03-24 13:30,0.40477
2025-03-24 13:45,0.400102
2025-03-24 14:00,0.368972
2025-03-24 14:15,0.353341
2025-03-24 14:30,0.365226
2025-03-24 14:45,0.357486
2025-03-24 15:00,0.34985
2025-03-24 15:15,0.360416
2025-03-24 15:30,0.392818
2025-03-24 15:45,0.374774
2025-03-24 16:00,0.374818
2025-03-24 16:15,0.387089
2025-03-24 16:30,0.363972
2025-03-24 16:45,0.370789
2025-03-24 17:00,0.392588
2025-03-24 17:15,0.420807
2025-03-24 17:30,0.424651
2025-03-24 17:45,0.459124
2025-03-24 18:00,0.48718
2025-03-24 18:15,0.49423
2025-03-24 18:30,0.51063
2025-03-24 18:45,0.501136
2025-03-24 19:00,0.474456
2025-03-24 19:15,0.511324
2025-03-24 19:30,0.458581
2025-03-24 19:45,0.472563
2025-03-24 20:00,0.460206
2025-03-24 20:15,0.535064
2025-03-24 20:30,0.502719
2025-03-24 20:45,0.462068
2025-03-24 21:00,0.451623
2025-03-24 21:15,0.486545
2025-03-24 21:30,0.463501
2025-03-24 21:45,0.51703
2025-03-24 22:00,0.492415
2025-03-24 22:15,0.461275
2025-03-24 22:30,0.494054
2025-03-24 22:45,0.522928
2025-03-24 23:00,0.555212
2025-03-24 23:15,0.61034
2025-03-24 23:30,0.645616
2025-03-24 23:45,0.648011
2025-03-25 00:00,0.780138
2025-03-25 00:15,0.80075
2025-03-25 00:30,0.958058
2025-03-25 00:45,1.0
2025-03-25 01:00,0.772315
2025-03-25 01:15,0.689876
2025-03-25 01:30,0.668224
2025-03-25 01:45,0.699855
2025-03-25 02:00,0.696592
2025-03-25 02:15,0.674429
2025-03-25 02:30,0.714039
2025-03-25 02:45,0.635718
2025-03-25 03:00,0.567262
2025-03-25 03:15,0.526934
2025-03-25 03:30,0.530444
2025-03-25 03:45,0.501376
2025-03-25 04:00,0.48014
2025-03-25 04:15,0.47297
2025-03-25 04:30,0.434874
2025-03-25 04:45,0.407908
2025-03-25 05:00,0.412459
2025-03-25 05:15,0.365604
2025-03-25 05:30,0.324531
2025-03-25 05:45,0.259761
2025-03-25 06:00,0.274142
2025-03-25 06:15,0.282807
2025-03-25 06:30,0.230549
2025-03-25 06:45,0.213973
2025-03-25 07:00,0.219154
2025-03-25 07:15,0.193119
2025-03-25 07:30,0.186679
2025-03-25 07:45,0.185557
2025-03-25 08:00,0.162484
2025-03-25 08:15,0.211622
2025-03-25 08:30,0.252499
2025-03-25 08:45,0.274409
2025-03-25 09:00,0.211049
2025-03-25 09:15,0.196065
2025-03-25 09:30,0.211348
2025-03-25 09:45,0.212753
2025-03-25 10:00,0.257505
2025-03-25 10:15,0.254036
2025-03-25 10:30,0.27447
2025-03-25 10:45,0.296728
2025-03-25 11:00,0.313819
2025-03-25 11:15,0.355909
2025-03-25 11:30,0.378112
2025-03-25 11:45,0.402103
2025-03-25 12:00,0.517927
2025-03-25 12:15,0.473965
2025-03-25 12:30,0.42071
2025-03-25 12:45,0.392746
2025-03-25 13:00,0.405135
2025-03-25 13:15,0.38394
2025-03-25 13:30,0.413359
2025-03-25 13:45,0.446904
2025-03-25 14:00,0.430866
2025-03-25 14:15,0.425668
2025-03-25 14:30,0.380138
2025-03-25 14:45,0.392723
2025-03-25 15:00,0.433383
2025-03-25 15:15,0.414757
2025-03-25 15:30,0.480626
2025-03-25 15:45,0.377615
2025-03-25 16:00,0.471565
2025-03-25 16:15,0.497059
2025-03-25 16:30,0.437514
2025-03-25 16:45,0.442504
2025-03-25 17:00,0.527546
2025-03-25 17:15,0.471516
2025-03-25 17:30,0.505766
2025-03-25 17:45,0.499824
2025-03-25 18:00,0.486942
2025-03-25 18:15,0.484508
2025-03-25 18:30,0.500433
2025-03-25 18:45,0.470185
2025-03-25 19:00,0.496078
2025-03-25 19:15,0.510779
2025-03-25 19:30,0.534523
2025-03-25 19:45,0.504801
2025-03-25 20:00,0.482183
2025-03-25 20:15,0.553279
2025-03-25 20:30,0.537278
2025-03-25 20:45,0.493185
2025-03-25 21:00,0.46182
2025-03-25 21:15,0.461907
2025-03-25 21:30,0.46512
2025-03-25 21:45,0.469007
2025-03-25 22:00,0.446459
2025-03-25 22:15,0.53302
2025-03-25 22:30,0.498183
2025-03-25 22:45,0.534009
2025-03-25 23:00,0.579839
2025-03-25 23:15,0.584763
2025-03-25 23:30,0.59947
2025-03-25 23:45,0.668753
2025-03-26 00:00,0.769341
2025-03-26 00:00,0.872486
2025-03-26 00:15,0.997678
2025-03-26 00:30,0.996263
2025-03-26 00:45,0.944298
2025-03-26 01:00,0.937285
2025-03-26 01:15,0.917293
2025-03-26 01:30,1.0
2025-03-26 01:45,0.888046
2025-03-26 02:00,0.737515
2025-03-26 02:15,0.682714
2025-03-26 02:30,0.756332
2025-03-26 02:45,0.678792
2025-03-26 03:00,0.646885
2025-03-26 03:15,0.630273
2025-03-26 03:30,0.579597
2025-03-26 03:45,0.59437
2025-03-26 04:00,0.504363
2025-03-26 04:15,0.46027
2025-03-26 04:30,0.444271
2025-03-26 04:45,0.406022
2025-03-26 05:00,0.37616
2025-03-26 05:15,0.361938
2025-03-26 05:30,0.348897
2025-03-26 05:45,0.317293
2025-03-26 06:00,0.291598
2025-03-26 06:15,0.288996
2025-03-26 06:30,0.256332
2025-03-26 06:45,0.231596
2025-03-26 07:00,0.254471
2025-03-26 07:15,0.214454
2025-03-26 07:30,0.225195
2025-03-26 07:45,0.208543
2025-03-26 08:00,0.223667
2025-03-26 08:15,0.205705
2025-03-26 08:30,0.205845
2025-03-26 08:45,0.218135
2025-03-26 09:00,0.212079
2025-03-26 09:15,0.223834
2025-03-26 09:30,0.263247
2025-03-26 09:45,0.247148
2025-03-26 10:00,0.263875
2025-03-26 10:15,0.266618
2025-03-26 10:30,0.296183
2025-03-26 10:45,0.314378
2025-03-26 11:00,0.368939
2025-03-26 11:15,0.365275
2025-03-26 11:30,0.377629
2025-03-26 11:45,0.40895
2025-03-26 12:00,0.434115
2025-03-26 12:15,0.504068
2025-03-26 12:30,0.512696
2025-03-26 12:45,0.525487
2025-03-26 13:00,0.489721
2025-03-26 13:15,0.448359
2025-03-26 13:30,0.463829
2025-03-26 13:45,0.443452
2025-03-26 14:00,0.50146
2025-03-26 14:15,0.452817
2025-03-26 14:30,0.460675
2025-03-26 14:45,0.445351
2025-03-26 15:00,0.457891
2025-03-26 15:15,0.428395
2025-03-26 15:30,0.459826
2025-03-26 15:45,0.46612
2025-03-26 16:00,0.455303
2025-03-26 16:15,0.459079
2025-03-26 16:30,0.465728
2025-03-26 16:45,0.516139
2025-03-26 17:00,0.445761
2025-03-26 17:15,0.455577
2025-03-26 17:30,0.478542
2025-03-26 17:45,0.51021
2025-03-26 18:00,0.562416
2025-03-26 18:15,0.52485
2025-03-26 18:30,0.547642
2025-03-26 18:45,0.512322
2025-03-26 19:00,0.549239
2025-03-26 19:15,0.53335
2025-03-26 19:30,0.510489
2025-03-26 19:45,0.510595
2025-03-26 20:00,0.560038
2025-03-26 20:15,0.532673
2025-03-26 20:30,0.598016
2025-03-26 20:45,0.547582
2025-03-26 21:00,0.543367
2025-03-26 21:15,0.53436
2025-03-26 21:30,0.537288
2025-03-26 21:45,0.526177
2025-03-26 22:00,0.492788
2025-03-26 22:15,0.497458
2025-03-26 22:30,0.541934
2025-03-26 22:45,0.593025
2025-03-26 23:00,0.591194
2025-03-26 23:15,0.61604
2025-03-26 23:30,0.634841
2025-03-26 23:45,0.623415
2025-03-27 00:00,0.705998
2025-03-27 00:15,0.814864
2025-03-27 00:30,0.800965
2025-03-27 00:45,0.800366
2025-03-27 01:00,0.741571
2025-03-27 01:15,0.74815
2025-03-27 01:30,0.720653
2025-03-27 01:45,0.748544
2025-03-27 02:00,0.683038
2025-03-27 02:15,0.638529
2025-03-27 02:30,0.603765
2025-03-27 02:45,0.58993
2025-03-27 03:00,0.606975
2025-03-27 03:15,0.647633
2025-03-27 03:30,0.562856
2025-03-27 03:45,0.516216
2025-03-27 04:00,0.495134
2025-03-27 04:15,0.47824
2025-03-27 04:30,0.459181
2025-03-27 04:45,0.3842
2025-03-27 05:00,0.377351
2025-03-27 05:15,0.359284
2025-03-27 05:30,0.32661
2025-03-27 05:45,0.292836
2025-03-27 06:00,0.310588
2025-03-27 06:15,0.267358
2025-03-27 06:30,0.248944
2025-03-27 06:45,0.226154
2025-03-27 07:00,0.236647
2025-03-27 07:15,0.225095
2025-03-27 07:30,0.230231
2025-03-27 07:45,0.234086
2025-03-27 08:00,0.231349
2025-03-27 08:15,0.218365
2025-03-27 08:30,0.228095
2025-03-27 08:45,0.21498
2025-03-27 09:00,0.229545
2025-03-27 09:15,0.251753
2025-03-27 09:30,0.245248
2025-03-27 09:45,0.237167
2025-03-27 10:00,0.295989
2025-03-27 10:15,0.290828
2025-03-27 10:30,0.300459
2025-03-27 10:45,0.322242
2025-03-27 11:00,0.360088
2025-03-27 11:15,0.386158
2025-03-27 11:30,0.399999
2025-03-27 11:45,0.365022
2025-03-27 12:00,0.360602
2025-03-27 12:15,0.356132
2025-03-27 12:30,0.439203
2025-03-27 12:45,0.423733
2025-03-27 13:00,0.428181
2025-03-27 13:15,0.426995
2025-03-27 13:30,0.423584
2025-03-27 13:45,0.407018
2025-03-27 14:00,0.448083
2025-03-27 14:15,0.427354
2025-03-27 14:30,0.416295
2025-03-27 14:45,0.472628
2025-03-27 15:00,0.424171
2025-03-27 15:15,0.437939
2025-03-27 15:30,0.430808
2025-03-27 15:45,0.435416
2025-03-27 16:00,0.412868
2025-03-27 16:15,0.407365
2025-03-27 16:30,0.430339
2025-03-27 16:45,0.456981
2025-03-27 17:00,0.457891
2025-03-27 17:15,0.476738
2025-03-27 17:30,0.491152
2025-03-27 17:45,0.54341
2025-03-27 18:00,0.586645
2025-03-27 18:15,0.596454
2025-03-27 18:30,0.521787
2025-03-27 18:45,0.502433
2025-03-27 19:00,0.576027
2025-03-27 19:15,0.59453
2025-03-27 19:30,0.562692
2025-03-27 19:45,0.559492
2025-03-27 20:00,0.559315
2025-03-27 20:15,0.607577
2025-03-27 20:30,0.606221
2025-03-27 20:45,0.613239
2025-03-27 21:00,0.582543
2025-03-27 21:15,0.58868
2025-03-27 21:30,0.667261
2025-03-27 21:45,0.623648
2025-03-27 22:00,0.574446
2025-03-27 22:15,0.567026
2025-03-27 22:30,0.545077
2025-03-27 22:45,0.558549
2025-03-27 23:00,0.635003
2025-03-27 23:15,0.602473
2025-03-27 23:30,0.647771
2025-03-27 23:45,0.655527
2025-03-28 00:00,0.767455
2025-03-28 00:15,0.90929
2025-03-28 00:30,0.89968
2025-03-28 00:45,0.824223
2025-03-28 01:00,0.836344
2025-03-28 01:15,0.758585
2025-03-28 01:30,0.756142
2025-03-28 01:45,0.703469
2025-03-28 02:00,0.739924
2025-03-28 02:15,0.704523
2025-03-28 02:30,0.648833
2025-03-28 02:45,0.701077
2025-03-28 03:00,0.621055
2025-03-28 03:15,0.612914
2025-03-28 03:30,0.564679
2025-03-28 03:45,0.561584
2025-03-28 04:00,0.540972
2025-03-28 04:15,0.498003
2025-03-28 04:30,0.457648
2025-03-28 04:45,0.420271
2025-03-28 05:00,0.358278
2025-03-28 05:15,0.337137
2025-03-28 05:30,0.302977
2025-03-28 05:45,0.328025
2025-03-28 06:00,0.307675
2025-03-28 06:15,0.290089
2025-03-28 06:30,0.284828
2025-03-28 06:45,0.2756
2025-03-28 07:00,0.253795
2025-03-28 07:15,0.261626
2025-03-28 07:30,0.225535
2025-03-28 07:45,0.219318
2025-03-28 08:00,0.202639
2025-03-28 08:15,0.206861
2025-03-28 08:30,0.198804
2025-03-28 08:45,0.203373
2025-03-28 09:00,0.221747
2025-03-28 09:15,0.226021
2025-03-28 09:30,0.235387
2025-03-28 09:45,0.245703
2025-03-28 10:00,0.283805
2025-03-28 10:15,0.285073
2025-03-28 10:30,0.330412
2025-03-28 10:45,0.331833
2025-03-28 11:00,0.371478
2025-03-28 11:15,0.38116
2025-03-28 11:30,0.417665
2025-03-28 11:45,0.390387
2025-03-28 12:00,0.424261
2025-03-28 12:15,0.439813
2025-03-28 12:30,0.46383
2025-03-28 12:45,0.446253
2025-03-28 13:00,0.472123
2025-03-28 13:15,0.472044
2025-03-28 13:30,0.433496
2025-03-28 13:45,0.505274
2025-03-28 14:00,0.448842
2025-03-28 14:15,0.466455
2025-03-28 14:30,0.515061
2025-03-28 14:45,0.434018
2025-03-28 15:00,0.471834
2025-03-28 15:15,0.453302
2025-03-28 15:30,0.463934
2025-03-28 15:45,0.429861
2025-03-28 16:00,0.428344
2025-03-28 16:15,0.428124
2025-03-28 16:30,0.422642
2025-03-28 16:45,0.425926
2025-03-28 17:00,0.462094
2025-03-28 17:15,0.48286
2025-03-28 17:30,0.480272
2025-03-28 17:45,0.461042
2025-03-28 18:00,0.487374
2025-03-28 18:15,0.499116
2025-03-28 18:30,0.51098
2025-03-28 18:45,0.507385
2025-03-28 19:00,0.500815
2025-03-28 19:15,0.473074
2025-03-28 19:30,0.544531
2025-03-28 19:45,0.533418
2025-03-28 20:00,0.560196
2025-03-28 20:15,0.592855
2025-03-28 20:30,0.56996
2025-03-28 20:45,0.561214
2025-03-28 21:00,0.534774
2025-03-28 21:15,0.507308
2025-03-28 21:30,0.560076
2025-03-28 21:45,0.482294
2025-03-28 22:00,0.534022
2025-03-28 22:15,0.525009
2025-03-28 22:30,0.521556
2025-03-28 22:45,0.509575
2025-03-28 23:00,0.503747
2025-03-28 23:15,0.527987
2025-03-28 23:30,0.573888
2025-03-28 23:45,0.603824
2025-03-29 00:00,0.678242
2025-03-29 00:15,0.715964
2025-03-29 00:30,0.794315
2025-03-29 00:45,0.738084
2025-03-29 01:00,0.70737
2025-03-29 01:15,0.737396
2025-03-29 01:30,0.689609
2025-03-29 01:45,0.705547
2025-03-29 02:00,0.740077
2025-03-29 02:15,0.704869
2025-03-29 02:30,0.642206
2025-03-29 02:45,0.628357
2025-03-29 03:00,0.633856
2025-03-29 03:15,0.635561
2025-03-29 03:30,0.632242
2025-03-29 03:45,0.575523
2025-03-29 04:00,0.58306
2025-03-29 04:15,0.534962
2025-03-29 04:30,0.451271
2025-03-29 04:45,0.474952
2025-03-29 05:00,0.412234
2025-03-29 05:15,0.374915
2025-03-29 05:30,0.361604
2025-03-29 05:45,0.387252
2025-03-29 06:00,0.344789
2025-03-29 06:15,0.315333
2025-03-29 06:30,0.289901
2025-03-29 06:45,0.269476
2025-03-29 07:00,0.282688
2025-03-29 07:15,0.28391
2025-03-29 07:30,0.262999
2025-03-29 07:45,0.242745
2025-03-29 08:00,0.226699
2025-03-29 08:15,0.214458
2025-03-29 08:30,0.210034
2025-03-29 08:45,0.212835
2025-03-29 09:00,0.211517
2025-03-29 09:15,0.220505
2025-03-29 09:30,0.219566
2025-03-29 09:45,0.230927
2025-03-29 10:00,0.25103
2025-03-29 10:15,0.268831
2025-03-29 10:30,0.277855
2025-03-29 10:45,0.316608
2025-03-29 11:00,0.342165
2025-03-29 11:15,0.374593
2025-03-29 11:30,0.414216
2025-03-29 11:45,0.381865
2025-03-29 12:00,0.36623
2025-03-29 12:15,0.375094
2025-03-29 12:30,0.394171
2025-03-29 12:45,0.385855
2025-03-29 13:00,0.402837
2025-03-29 13:15,0.476886
2025-03-29 13:30,0.509697
2025-03-29 13:45,0.408158
2025-03-29 14:00,0.435197
2025-03-29 14:15,0.425339
2025-03-29 14:30,0.428241
2025-03-29 14:45,0.464981
2025-03-29 15:00,0.451736
2025-03-29 15:15,0.470315
2025-03-29 15:30,0.468752
2025-03-29 15:45,0.455093
2025-03-29 16:00,0.45721
2025-03-29 16:15,0.458074
2025-03-29 16:30,0.503095
2025-03-29 16:45,0.465658
2025-03-29 17:00,0.491331
2025-03-29 17:15,0.487364
2025-03-29 17:30,0.497171
2025-03-29 17:45,0.50808
2025-03-29 18:00,0.509312
2025-03-29 18:15,0.558649
2025-03-29 18:30,0.552401
2025-03-29 18:45,0.524934
2025-03-29 19:00,0.562298
2025-03-29 19:15,0.570831
2025-03-29 19:30,0.572488
2025-03-29 19:45,0.541813
2025-03-29 20:00,0.542458
2025-03-29 20:15,0.585376
2025-03-29 20:30,0.517548
2025-03-29 20:45,0.529724
2025-03-29 21:00,0.568796
2025-03-29 21:15,0.564328
2025-03-29 21:30,0.58184
2025-03-29 21:45,0.55911
2025-03-29 22:00,0.54002
2025-03-29 22:15,0.478274
2025-03-29 22:30,0.531785
2025-03-29 22:45,0.547802
2025-03-29 23:00,0.52034
2025-03-29 23:15,0.552913
2025-03-29 23:30,0.615187
2025-03-29 23:45,0.668564
2025-03-30 00:00,0.671276
2025-03-30 00:15,0.790488
2025-03-30 00:30,0.719574
2025-03-30 00:45,0.678492
2025-03-30 01:00,0.721675
2025-03-30 01:15,0.672804
2025-03-30 01:30,0.717803
2025-03-30 01:45,0.721621
2025-03-30 02:00,0.660854
2025-03-30 02:15,0.658892
2025-03-30 02:30,0.607884
2025-03-30 02:45,0.608387
2025-03-30 03:00,0.586742
2025-03-30 03:15,0.614186
2025-03-30 03:30,0.583406
2025-03-30 03:45,0.518417
2025-03-30 04:00,0.512321
2025-03-30 04:15,0.467097
2025-03-30 04:30,0.456739
2025-03-30 04:45,0.421391
2025-03-30 05:00,0.388959
2025-03-30 05:15,0.377144
2025-03-30 05:30,0.348266
2025-03-30 05:45,0.347997
2025-03-30 06:00,0.340997
2025-03-30 06:15,0.315011
2025-03-30 06:30,0.274581
2025-03-30 06:45,0.261412
2025-03-30 07:00,0.262867
2025-03-30 07:15,0.248408
2025-03-30 07:30,0.235627
2025-03-30 07:45,0.215361
2025-03-30 08:00,0.22244
2025-03-30 08:15,0.226763
2025-03-30 08:30,0.195828
2025-03-30 08:45,0.188519
2025-03-30 09:00,0.186072
2025-03-30 09:15,0.187152
2025-03-30 09:30,0.182783
2025-03-30 09:45,0.199219
2025-03-30 10:00,0.210083
2025-03-30 10:15,0.219751
2025-03-30 10:30,0.232783
2025-03-30 10:45,0.270389
2025-03-30 11:00,0.322239
2025-03-30 11:15,0.323428
2025-03-30 11:30,0.358739
2025-03-30 11:45,0.363863
2025-03-30 12:00,0.371855
2025-03-30 12:15,0.366618
2025-03-30 12:30,0.401505
2025-03-30 12:45,0.403626
2025-03-30 13:00,0.44123
2025-03-30 13:15,0.474094
2025-03-30 13:30,0.516308
2025-03-30 13:45,0.531068
2025-03-30 14:00,0.53845
2025-03-30 14:15,0.53209
2025-03-30 14:30,0.534387
2025-03-30 14:45,0.557944
2025-03-30 15:00,0.567867
2025-03-30 15:15,0.577907
2025-03-30 15:30,0.54762
2025-03-30 15:45,0.570164
2025-03-30 16:00,0.561582
2025-03-30 16:15,0.510299
2025-03-30 16:30,0.512686
2025-03-30 16:45,0.511409
2025-03-30 17:00,0.482961
2025-03-30 17:15,0.529913
2025-03-30 17:30,0.539588
2025-03-30 17:45,0.550936
2025-03-30 18:00,0.567991
2025-03-30 18:15,0.532736
2025-03-30 18:30,0.536965
2025-03-30 18:45,0.53734
2025-03-30 19:00,0.569523
2025-03-30 19:15,0.575925
2025-03-30 19:30,0.580648
2025-03-30 19:45,0.597011
2025-03-30 20:00,0.61483
2025-03-30 20:15,0.590942
2025-03-30 20:30,0.575541
2025-03-30 20:45,0.588396
2025-03-30 21:00,0.625899
2025-03-30 21:15,0.60056
2025-03-30 21:30,0.602851
2025-03-30 21:45,0.549245
2025-03-30 22:00,0.550244
2025-03-30 22:15,0.586892
2025-03-30 22:30,0.580119
2025-03-30 22:45,0.549407
2025-03-30 23:00,0.541787
2025-03-30 23:15,0.602676
2025-03-30 23:30,0.660048
2025-03-30 23:45,0.679569
2025-03-31 00:00,0.74232
2025-03-31 00:15,0.725949
2025-03-31 00:30,0.813338
2025-03-31 00:45,0.768231
2025-03-31 01:00,0.722016
2025-03-31 01:15,0.712292
2025-03-31 01:30,0.717074
2025-03-31 01:45,0.698524
2025-03-31 02:00,0.685349
2025-03-31 02:15,0.630195
2025-03-31 02:30,0.645463
2025-03-31 02:45,0.618976
2025-03-31 03:00,0.620115
2025-03-31 03:15,0.531066
2025-03-31 03:30,0.507994
2025-03-31 03:45,0.513892
2025-03-31 04:00,0.461958
2025-03-31 04:15,0.464188
2025-03-31 04:30,0.402472
2025-03-31 04:45,0.400411
2025-03-31 05:00,0.346303
2025-03-31 05:15,0.360269
2025-03-31 05:30,0.337007
2025-03-31 05:45,0.291594
2025-03-31 06:00,0.29648
2025-03-31 06:15,0.302995
2025-03-31 06:30,0.252592
2025-03-31 06:45,0.226371
2025-03-31 07:00,0.218681
2025-03-31 07:15,0.222689
2025-03-31 07:30,0.210879
2025-03-31 07:45,0.20321
2025-03-31 08:00,0.21415
2025-03-31 08:15,0.204532
2025-03-31 08:30,0.198775
2025-03-31 08:45,0.197725
2025-03-31 09:00,0.196571
2025-03-31 09:15,0.217005
2025-03-31 09:30,0.226705
2025-03-31 09:45,0.247364
2025-03-31 10:00,0.291253
2025-03-31 10:15,0.282875
2025-03-31 10:30,0.291359
2025-03-31 10:45,0.325772
2025-03-31 11:00,0.381362
2025-03-31 11:15,0.376907
2025-03-31 11:30,0.383289
2025-03-31 11:45,0.393514
2025-03-31 12:00,0.397795
2025-03-31 12:15,0.432391
2025-03-31 12:30,0.423999
2025-03-31 12:45,0.419459
2025-03-31 13:00,0.408044
2025-03-31 13:15,0.431024
2025-03-31 13:30,0.510905
2025-03-31 13:45,0.528659
2025-03-31 14:00,0.477531
2025-03-31 14:15,0.480455
2025-03-31 14:30,0.458079
2025-03-31 14:45,0.485209
2025-03-31 15:00,0.450486
2025-03-31 15:15,0.430683
2025-03-31 15:30,0.443573
2025-03-31 15:45,0.431198
2025-03-31 16:00,0.412443
2025-03-31 16:15,0.44789
2025-03-31 16:30,0.404961
2025-03-31 16:45,0.410252
2025-03-31 17:00,0.39493
2025-03-31 17:15,0.482726
2025-03-31 17:30,0.46992
2025-03-31 17:45,0.454905
2025-03-31 18:00,0.478673
2025-03-31 18:15,0.515274
2025-03-31 18:30,0.512826
2025-03-31 18:45,0.532931
2025-03-31 19:00,0.58595
2025-03-31 19:15,0.51948
2025-03-31 19:30,0.534909
2025-03-31 19:45,0.546235
2025-03-31 20:00,0.510061
2025-03-31 20:15,0.50652
2025-03-31 20:30,0.518064
2025-03-31 20:45,0.54133
2025-03-31 21:00,0.51302
2025-03-31 21:15,0.553616
2025-03-31 21:30,0.520263
2025-03-31 21:45,0.50454
2025-03-31 22:00,0.538886
2025-03-31 22:15,0.516977
2025-03-31 22:30,0.565525
2025-03-31 22:45,0.557925
2025-03-31 23:00,0.551408
2025-03-31 23:15,0.591159
2025-03-31 23:30,0.663088
2025-03-31 23:45,0.670219
2025-04-01 00:00,0.769478
2025-04-01 00:15,0.82789
2025-04-01 00:30,0.87112
2025-04-01 00:45,0.725071
2025-04-01 01:00,0.784429
2025-04-01 01:15,0.743124
2025-04-01 01:30,0.690395
2025-04-01 01:45,0.720104
2025-04-01 02:00,0.700601
2025-04-01 02:15,0.67597
2025-04-01 02:30,0.656258
2025-04-01 02:45,0.622044
2025-04-01 03:00,0.612631
2025-04-01 03:15,0.56394
2025-04-01 03:30,0.508151
2025-04-01 03:45,0.485186
2025-04-01 04:00,0.461293
2025-04-01 04:15,0.494362
2025-04-01 04:30,0.396029
2025-04-01 04:45,0.372482
2025-04-01 05:00,0.343597
2025-04-01 05:15,0.323632
2025-04-01 05:30,0.312758
2025-04-01 05:45,0.290418
2025-04-01 06:00,0.276786
2025-04-01 06:15,0.258254
2025-04-01 06:30,0.243903
2025-04-01 06:45,0.237716
2025-04-01 07:00,0.226772
2025-04-01 07:15,0.22126
2025-04-01 07:30,0.226661
2025-04-01 07:45,0.214037
2025-04-01 08:00,0.204815
2025-04-01 08:15,0.219914
2025-04-01 08:30,0.231
2025-04-01 08:45,0.242739
2025-04-01 09:00,0.232719
2025-04-01 09:15,0.232117
2025-04-01 09:30,0.256081
2025-04-01 09:45,0.255445
2025-04-01 10:00,0.289414
2025-04-01 10:15,0.317645
2025-04-01 10:30,0.330369
2025-04-01 10:45,0.340441
2025-04-01 11:00,0.359827
2025-04-01 11:15,0.369777
2025-04-01 11:30,0.396903
2025-04-01 11:45,0.414632
2025-04-01 12:00,0.427521
2025-04-01 12:15,0.443116
2025-04-01 12:30,0.428657
2025-04-01 12:45,0.42603
2025-04-01 13:00,0.417081
2025-04-01 13:15,0.43193
2025-04-01 13:30,0.454359
2025-04-01 13:45,0.435395
2025-04-01 14:00,0.439271
2025-04-01 14:15,0.44438
2025-04-01 14:30,0.440552
2025-04-01 14:45,0.449037
2025-04-01 15:00,0.546665
2025-04-01 15:15,0.471069
2025-04-01 15:30,0.450218
2025-04-01 15:45,0.486241
2025-04-01 16:00,0.458374
2025-04-01 16:15,0.431194
2025-04-01 16:30,0.445046
2025-04-01 16:45,0.444916
2025-04-01 17:00,0.49709
2025-04-01 17:15,0.486117
2025-04-01 17:30,0.50135
2025-04-01 17:45,0.528819
2025-04-01 18:00,0.52302
2025-04-01 18:15,0.508452
2025-04-01 18:30,0.583315
2025-04-01 18:45,0.583129
2025-04-01 19:00,0.542188
2025-04-01 19:15,0.477035
2025-04-01 19:30,0.517157
2025-04-01 19:45,0.550147
2025-04-01 20:00,0.555417
2025-04-01 20:15,0.583573
2025-04-01 20:30,0.559828
2025-04-01 20:45,0.570528
2025-04-01 21:00,0.580291
2025-04-01 21:15,0.644355
2025-04-01 21:30,0.627721
2025-04-01 21:45,0.648045
2025-04-01 22:00,0.6736
2025-04-01 22:15,0.523594
2025-04-01 22:30,0.535913
2025-04-01 22:45,0.590711
2025-04-01 23:00,0.586508
2025-04-01 23:15,0.582847
2025-04-01 23:30,0.596894
2025-04-01 23:45,0.650097
2025-04-02 00:00,0.730085
2025-04-02 00:00,0.736771
2025-04-02 00:15,0.776516
2025-04-02 00:30,0.736917
2025-04-02 00:45,0.728865
2025-04-02 01:00,0.769531
2025-04-02 01:15,0.764448
2025-04-02 01:30,0.716221
2025-04-02 01:45,0.781212
2025-04-02 02:00,0.665683
2025-04-02 02:15,0.668874
2025-04-02 02:30,0.645442
2025-04-02 02:45,0.622165
2025-04-02 03:00,0.585104
2025-04-02 03:15,0.587473
2025-04-02 03:30,0.600385
2025-04-02 03:45,0.555493
2025-04-02 04:00,0.522294
2025-04-02 04:15,0.46391
2025-04-02 04:30,0.436297
2025-04-02 04:45,0.397606
2025-04-02 05:00,0.368398
2025-04-02 05:15,0.360781
2025-04-02 05:30,0.351566
2025-04-02 05:45,0.308102
2025-04-02 06:00,0.29794
2025-04-02 06:15,0.289999
2025-04-02 06:30,0.288764
2025-04-02 06:45,0.25434
2025-04-02 07:00,0.244852
2025-04-02 07:15,0.234304
2025-04-02 07:30,0.218361
2025-04-02 07:45,0.222732
2025-04-02 08:00,0.215698
2025-04-02 08:15,0.221505
2025-04-02 08:30,0.231686
2025-04-02 08:45,0.209082
2025-04-02 09:00,0.210243
2025-04-02 09:15,0.239879
2025-04-02 09:30,0.260757
2025-04-02 09:45,0.247647
2025-04-02 10:00,0.272674
2025-04-02 10:15,0.285822
2025-04-02 10:30,0.294993
2025-04-02 10:45,0.32133
2025-04-02 11:00,0.346232
2025-04-02 11:15,0.396205
2025-04-02 11:30,0.378828
2025-04-02 11:45,0.407064
2025-04-02 12:00,0.41564
2025-04-02 12:15,0.408294
2025-04-02 12:30,0.423393
2025-04-02 12:45,0.413213
2025-04-02 13:00,0.405525
2025-04-02 13:15,0.420939
2025-04-02 13:30,0.420842
2025-04-02 13:45,0.405203
2025-04-02 14:00,0.449351
2025-04-02 14:15,0.436428
2025-04-02 14:30,0.418549
2025-04-02 14:45,0.436439
2025-04-02 15:00,0.440459
2025-04-02 15:15,0.450355
2025-04-02 15:30,0.449788
2025-04-02 15:45,0.410175
2025-04-02 16:00,0.429301
2025-04-02 16:15,0.430501
2025-04-02 16:30,0.427796
2025-04-02 16:45,0.427226
2025-04-02 17:00,0.431845
2025-04-02 17:15,0.449652
2025-04-02 17:30,0.476244
2025-04-02 17:45,0.490229
2025-04-02 18:00,0.543799
2025-04-02 18:15,0.503844
2025-04-02 18:30,0.589467
2025-04-02 18:45,0.650503
2025-04-02 19:00,0.568375
2025-04-02 19:15,0.540123
2025-04-02 19:30,0.60895
2025-04-02 19:45,0.604707
2025-04-02 20:00,0.661781
2025-04-02 20:15,0.614267
2025-04-02 20:30,0.617653
2025-04-02 20:45,0.609551
2025-04-02 21:00,0.622056
2025-04-02 21:15,0.585308
2025-04-02 21:30,0.521688
2025-04-02 21:45,0.534681
2025-04-02 22:00,0.602255
2025-04-02 22:15,0.550341
2025-04-02 22:30,0.61157
2025-04-02 22:45,0.666465
2025-04-02 23:00,0.637054
2025-04-02 23:15,0.641297
2025-04-02 23:30,0.642717
2025-04-02 23:45,0.671973
2025-04-03 00:00,0.766786
2025-04-03 00:15,0.755976
2025-04-03 00:30,0.881148
2025-04-03 00:45,0.839179
2025-04-03 01:00,0.774988
2025-04-03 01:15,0.688093
2025-04-03 01:30,0.74417
2025-04-03 01:45,0.684899
2025-04-03 02:00,0.655222
2025-04-03 02:15,0.631439
2025-04-03 02:30,0.590203
2025-04-03 02:45,0.569446
2025-04-03 03:00,0.575731
2025-04-03 03:15,0.535985
2025-04-03 03:30,0.516249
2025-04-03 03:45,0.487624
2025-04-03 04:00,0.426999
2025-04-03 04:15,0.430844
2025-04-03 04:30,0.438418
2025-04-03 04:45,0.385088
2025-04-03 05:00,0.329667
2025-04-03 05:15,0.316666
2025-04-03 05:30,0.293413
2025-04-03 05:45,0.294508
2025-04-03 06:00,0.284065
2025-04-03 06:15,0.266323
2025-04-03 06:30,0.243907
2025-04-03 06:45,0.237459
2025-04-03 07:00,0.212973
2025-04-03 07:15,0.212068
2025-04-03 07:30,0.209796
2025-04-03 07:45,0.20729
2025-04-03 08:00,0.229645
2025-04-03 08:15,0.200839
2025-04-03 08:30,0.205157
2025-04-03 08:45,0.206373
2025-04-03 09:00,0.25499
2025-04-03 09:15,0.216958
2025-04-03 09:30,0.228496
2025-04-03 09:45,0.257396
2025-04-03 10:00,0.296142
2025-04-03 10:15,0.333261
2025-04-03 10:30,0.358525
2025-04-03 10:45,0.42026
2025-04-03 11:00,0.398474
2025-04-03 11:15,0.414673
2025-04-03 11:30,0.415872
2025-04-03 11:45,0.427285
2025-04-03 12:00,0.40001
2025-04-03 12:15,0.399134
2025-04-03 12:30,0.412626
2025-04-03 12:45,0.423603
2025-04-03 13:00,0.434351
2025-04-03 13:15,0.458536
2025-04-03 13:30,0.462536
2025-04-03 13:45,0.44318
2025-04-03 14:00,0.463732
2025-04-03 14:15,0.419932
2025-04-03 14:30,0.44223
2025-04-03 14:45,0.44823
2025-04-03 15:00,0.416274
2025-04-03 15:15,0.484549
2025-04-03 15:30,0.507547
2025-04-03 15:45,0.545861
2025-04-03 16:00,0.449078
2025-04-03 16:15,0.469957
2025-04-03 16:30,0.478121
2025-04-03 16:45,0.47813
2025-04-03 17:00,0.442766
2025-04-03 17:15,0.489552
2025-04-03 17:30,0.493741
2025-04-03 17:45,0.487401
2025-04-03 18:00,0.540399
2025-04-03 18:15,0.502021
2025-04-03 18:30,0.531203
2025-04-03 18:45,0.530694
2025-04-03 19:00,0.579254
2025-04-03 19:15,0.637115
2025-04-03 19:30,0.545637
2025-04-03 19:45,0.533346
2025-04-03 20:00,0.508925
2025-04-03 20:15,0.56106
2025-04-03 20:30,0.543648
2025-04-03 20:45,0.511659
2025-04-03 21:00,0.518312
2025-04-03 21:15,0.565986
2025-04-03 21:30,0.541126
2025-04-03 21:45,0.51384
2025-04-03 22:00,0.529337
2025-04-03 22:15,0.537748
2025-04-03 22:30,0.513066
2025-04-03 22:45,0.538151
2025-04-03 23:00,0.588063
2025-04-03 23:15,0.570849
2025-04-03 23:30,0.630128
2025-04-03 23:45,0.662164
2025-04-04 00:00,0.791261
2025-04-04 00:15,0.893998
2025-04-04 00:30,0.82263
2025-04-04 00:45,0.810435
2025-04-04 01:00,0.812579
2025-04-04 01:15,0.71997
2025-04-04 01:30,0.639863
2025-04-04 01:45,0.686727
2025-04-04 02:00,0.667242
2025-04-04 02:15,0.65691
2025-04-04 02:30,0.644438
2025-04-04 02:45,0.629086
2025-04-04 03:00,0.541889
2025-04-04 03:15,0.511057
2025-04-04 03:30,0.497809
2025-04-04 03:45,0.481473
2025-04-04 04:00,0.428572
2025-04-04 04:15,0.4493
2025-04-04 04:30,0.408288
2025-04-04 04:45,0.385748
2025-04-04 05:00,0.362729
2025-04-04 05:15,0.349006
2025-04-04 05:30,0.311626
2025-04-04 05:45,0.319613
2025-04-04 06:00,0.304798
2025-04-04 06:15,0.282043
2025-04-04 06:30,0.262697
2025-04-04 06:45,0.266002
2025-04-04 07:00,0.245743
2025-04-04 07:15,0.249917
2025-04-04 07:30,0.252964
2025-04-04 07:45,0.222602
2025-04-04 08:00,0.21628
2025-04-04 08:15,0.218632
2025-04-04 08:30,0.220526
2025-04-04 08:45,0.212574
2025-04-04 09:00,0.235794
2025-04-04 09:15,0.257924
2025-04-04 09:30,0.249591
2025-04-04 09:45,0.251516
2025-04-04 10:00,0.287788
2025-04-04 10:15,0.30305
2025-04-04 10:30,0.377227
2025-04-04 10:45,0.370225
2025-04-04 11:00,0.369658
2025-04-04 11:15,0.399091
2025-04-04 11:30,0.435143
2025-04-04 11:45,0.43499
2025-04-04 12:00,0.470902
2025-04-04 12:15,0.478395
2025-04-04 12:30,0.482426
2025-04-04 12:45,0.500845
2025-04-04 13:00,0.442006
2025-04-04 13:15,0.455819
2025-04-04 13:30,0.453651
2025-04-04 13:45,0.456184
2025-04-04 14:00,0.459674
2025-04-04 14:15,0.459314
2025-04-04 14:30,0.43647
2025-04-04 14:45,0.425547
2025-04-04 15:00,0.405353
2025-04-04 15:15,0.420411
2025-04-04 15:30,0.424001
2025-04-04 15:45,0.404037
2025-04-04 16:00,0.419765
2025-04-04 16:15,0.416841
2025-04-04 16:30,0.414857
2025-04-04 16:45,0.433078
2025-04-04 17:00,0.421725
2025-04-04 17:15,0.502914
2025-04-04 17:30,0.515482
2025-04-04 17:45,0.551411
2025-04-04 18:00,0.558742
2025-04-04 18:15,0.501719
2025-04-04 18:30,0.51261
2025-04-04 18:45,0.493523
2025-04-04 19:00,0.489199
2025-04-04 19:15,0.509858
2025-04-04 19:30,0.537417
2025-04-04 19:45,0.551039
2025-04-04 20:00,0.50707
2025-04-04 20:15,0.502704
2025-04-04 20:30,0.528077
2025-04-04 20:45,0.500505
2025-04-04 21:00,0.47889
2025-04-04 21:15,0.486295
2025-04-04 21:30,0.569175
2025-04-04 21:45,0.521159
2025-04-04 22:00,0.509586
2025-04-04 22:15,0.50896
2025-04-04 22:30,0.507134
2025-04-04 22:45,0.558955
2025-04-04 23:00,0.591476
2025-04-04 23:15,0.619838
2025-04-04 23:30,0.650989
2025-04-04 23:45,0.657338
2025-04-05 00:00,0.668186
2025-04-05 00:15,0.779082
2025-04-05 00:30,0.811984
2025-04-05 00:45,0.740239
2025-04-05 01:00,0.763986
2025-04-05 01:15,0.743812
2025-04-05 01:30,0.698697
2025-04-05 01:45,0.676642
2025-04-05 02:00,0.653596
2025-04-05 02:15,0.658182
2025-04-05 02:30,0.751923
2025-04-05 02:45,0.661043
2025-04-05 03:00,0.639729
2025-04-05 03:15,0.602449
2025-04-05 03:30,0.562303
2025-04-05 03:45,0.536163
2025-04-05 04:00,0.529551
2025-04-05 04:15,0.498287
2025-04-05 04:30,0.481558
2025-04-05 04:45,0.422323
2025-04-05 05:00,0.382331
2025-04-05 05:15,0.391333
2025-04-05 05:30,0.350279
2025-04-05 05:45,0.30571
2025-04-05 06:00,0.30937
2025-04-05 06:15,0.294232
2025-04-05 06:30,0.294225
2025-04-05 06:45,0.278665
2025-04-05 07:00,0.26195
2025-04-05 07:15,0.250483
2025-04-05 07:30,0.225529
2025-04-05 07:45,0.221146
2025-04-05 08:00,0.221073
2025-04-05 08:15,0.207167
2025-04-05 08:30,0.203793
2025-04-05 08:45,0.190837
2025-04-05 09:00,0.220216
2025-04-05 09:15,0.222749
2025-04-05 09:30,0.245389
2025-04-05 09:45,0.24055
2025-04-05 10:00,0.245642
2025-04-05 10:15,0.280648
2025-04-05 10:30,0.290307
2025-04-05 10:45,0.293789
2025-04-05 11:00,0.344205
2025-04-05 11:15,0.341857
2025-04-05 11:30,0.339933
2025-04-05 11:45,0.383527
2025-04-05 12:00,0.429704
2025-04-05 12:15,0.504082
2025-04-05 12:30,0.452385
2025-04-05 12:45,0.459143
2025-04-05 13:00,0.438196
2025-04-05 13:15,0.443382
2025-04-05 13:30,0.447098
2025-04-05 13:45,0.494959
2025-04-05 14:00,0.471351
2025-04-05 14:15,0.500483
2025-04-05 14:30,0.536337
2025-04-05 14:45,0.541281
2025-04-05 15:00,0.519816
2025-04-05 15:15,0.50341
2025-04-05 15:30,0.606885
2025-04-05 15:45,0.593313
2025-04-05 16:00,0.582964
2025-04-05 16:15,0.564969
2025-04-05 16:30,0.525082
2025-04-05 16:45,0.562907
2025-04-05 17:00,0.531818
2025-04-05 17:15,0.541534
2025-04-05 17:30,0.576332
2025-04-05 17:45,0.512424
2025-04-05 18:00,0.516481
2025-04-05 18:15,0.589804
2025-04-05 18:30,0.552639
2025-04-05 18:45,0.533992
2025-04-05 19:00,0.589793
2025-04-05 19:15,0.607861
2025-04-05 19:30,0.60066
2025-04-05 19:45,0.573445
2025-04-05 20:00,0.578136
2025-04-05 20:15,0.594451
2025-04-05 20:30,0.689417
2025-04-05 20:45,0.621012
2025-04-05 21:00,0.566216
2025-04-05 21:15,0.54802
2025-04-05 21:30,0.557225
2025-04-05 21:45,0.579458
2025-04-05 22:00,0.54807
2025-04-05 22:15,0.52214
2025-04-05 22:30,0.550885
2025-04-05 22:45,0.551876
2025-04-05 23:00,0.55293
2025-04-05 23:15,0.60444
2025-04-05 23:30,0.626438
2025-04-05 23:45,0.670481
2025-04-06 00:00,0.68468
2025-04-06 00:15,0.756934
2025-04-06 00:30,0.747693
2025-04-06 00:45,0.809474
2025-04-06 01:00,0.819762
2025-04-06 01:15,0.934939
2025-04-06 01:30,0.930223
2025-04-06 01:45,0.860269
2025-04-06 02:00,0.886588
2025-04-06 02:15,0.888369
2025-04-06 02:30,0.919776
2025-04-06 02:45,1.0
2025-04-06 03:00,0.878948
2025-04-06 03:15,0.892189
2025-04-06 03:30,0.822771
2025-04-06 03:45,0.718615
2025-04-06 04:00,0.770746
2025-04-06 04:15,0.806995
2025-04-06 04:30,0.675041
2025-04-06 04:45,0.636656
2025-04-06 05:00,0.692075
2025-04-06 05:15,0.616309
2025-04-06 05:30,0.600073
2025-04-06 05:45,0.561677
2025-04-06 06:00,0.556534
2025-04-06 06:15,0.526814
2025-04-06 06:30,0.462185
2025-04-06 06:45,0.473394
2025-04-06 07:00,0.477292
2025-04-06 07:15,0.353116
2025-04-06 07:30,0.304064
2025-04-06 07:45,0.289044
2025-04-06 08:00,0.273413
2025-04-06 08:15,0.250518
2025-04-06 08:30,0.253003
2025-04-06 08:45,0.248945
2025-04-06 09:00,0.233213
2025-04-06 09:15,0.222655
2025-04-06 09:30,0.22442
2025-04-06 09:45,0.223677
2025-04-06 10:00,0.260612
2025-04-06 10:15,0.28223
2025-04-06 10:30,0.285053
2025-04-06 10:45,0.259092
2025-04-06 11:00,0.292942
2025-04-06 11:15,0.349381
2025-04-06 11:30,0.336074
2025-04-06 11:45,0.334541
2025-04-06 12:00,0.378695
2025-04-06 12:15,0.389043
2025-04-06 12:30,0.402575
2025-04-06 12:45,0.427738
2025-04-06 13:00,0.445669
2025-04-06 13:15,0.457416
2025-04-06 13:30,0.506959
2025-04-06 13:45,0.558453
2025-04-06 14:00,0.596658
2025-04-06 14:15,0.589138
2025-04-06 14:30,0.623317
2025-04-06 14:45,0.560238
2025-04-06 15:00,0.503438
2025-04-06 15:15,0.519627
2025-04-06 15:30,0.557034
2025-04-06 15:45,0.650555
2025-04-06 16:00,0.592907
2025-04-06 16:15,0.555867
2025-04-06 16:30,0.589589
2025-04-06 16:45,0.559932
2025-04-06 17:00,0.587985
2025-04-06 17:15,0.640589
2025-04-06 17:30,0.604762
2025-04-06 17:45,0.581966
2025-04-06 18:00,0.552366
2025-04-06 18:15,0.546352
2025-04-06 18:30,0.554437
2025-04-06 18:45,0.57772
2025-04-06 19:00,0.630589
2025-04-06 19:15,0.670044
2025-04-06 19:30,0.641459
2025-04-06 19:45,0.595717
2025-04-06 20:00,0.638039
2025-04-06 20:15,0.616635
2025-04-06 20:30,0.682009
2025-04-06 20:45,0.686164
2025-04-06 21:00,0.66324
2025-04-06 21:15,0.631209
2025-04-06 21:30,0.689078
2025-04-06 21:45,0.646247
2025-04-06 22:00,0.609231
2025-04-06 22:15,0.615236
2025-04-06 22:30,0.566619
2025-04-06 22:45,0.570717
2025-04-06 23:00,0.619234
2025-04-06 23:15,0.650287
2025-04-06 23:30,0.712045
2025-04-06 23:45,0.663035
2025-04-07 00:00,0.658111
2025-04-07 00:15,0.679291
2025-04-07 00:30,0.733024
2025-04-07 00:45,0.733731
2025-04-07 01:00,0.684229
2025-04-07 01:15,0.729906
2025-04-07 01:30,0.873987
2025-04-07 01:45,0.721994
2025-04-07 02:00,0.680163
2025-04-07 02:15,0.696629
2025-04-07 02:30,0.633354
2025-04-07 02:45,0.691846
2025-04-07 03:00,0.551106
2025-04-07 03:15,0.540929
2025-04-07 03:30,0.548048
2025-04-07 03:45,0.514987
2025-04-07 04:00,0.445733
2025-04-07 04:15,0.440349
2025-04-07 04:30,0.407927
2025-04-07 04:45,0.38755
2025-04-07 05:00,0.369443
2025-04-07 05:15,0.360989
2025-04-07 05:30,0.350389
2025-04-07 05:45,0.302164
2025-04-07 06:00,0.305015
2025-04-07 06:15,0.28627
2025-04-07 06:30,0.279095
2025-04-07 06:45,0.236436
2025-04-07 07:00,0.228879
2025-04-07 07:15,0.256202
2025-04-07 07:30,0.226574
2025-04-07 07:45,0.207366
2025-04-07 08:00,0.19421
2025-04-07 08:15,0.213479
2025-04-07 08:30,0.212118
2025-04-07 08:45,0.198446
2025-04-07 09:00,0.211704
2025-04-07 09:15,0.224613
2025-04-07 09:30,0.267359
2025-04-07 09:45,0.255763
2025-04-07 10:00,0.304992
2025-04-07 10:15,0.296229
2025-04-07 10:30,0.278121
2025-04-07 10:45,0.320905
2025-04-07 11:00,0.330144
2025-04-07 11:15,0.341674
2025-04-07 11:30,0.367765
2025-04-07 11:45,0.376819
2025-04-07 12:00,0.415035
2025-04-07 12:15,0.399624
2025-04-07 12:30,0.437286
2025-04-07 12:45,0.455865
2025-04-07 13:00,0.408808
2025-04-07 13:15,0.408074
2025-04-07 13:30,0.441337
2025-04-07 13:45,0.466568
2025-04-07 14:00,0.455554
2025-04-07 14:15,0.448564
2025-04-07 14:30,0.462965
2025-04-07 14:45,0.501597
2025-04-07 15:00,0.500061
2025-04-07 15:15,0.473028
2025-04-07 15:30,0.509073
2025-04-07 15:45,0.477551
2025-04-07 16:00,0.517682
2025-04-07 16:15,0.43419
2025-04-07 16:30,0.390053
2025-04-07 16:45,0.421784
2025-04-07 17:00,0.416519
2025-04-07 17:15,0.425028
2025-04-07 17:30,0.45591
2025-04-07 17:45,0.458825
2025-04-07 18:00,0.465287
2025-04-07 18:15,0.485376
2025-04-07 18:30,0.500721
2025-04-07 18:45,0.487331
2025-04-07 19:00,0.487871
2025-04-07 19:15,0.512214
2025-04-07 19:30,0.49174
2025-04-07 19:45,0.479978
2025-04-07 20:00,0.536416
2025-04-07 20:15,0.516143
2025-04-07 20:30,0.507971
2025-04-07 20:45,0.49973
2025-04-07 21:00,0.494629
2025-04-07 21:15,0.47324
2025-04-07 21:30,0.499777
2025-04-07 21:45,0.477903
2025-04-07 22:00,0.493903
2025-04-07 22:15,0.521848
2025-04-07 22:30,0.532578
2025-04-07 22:45,0.56151
2025-04-07 23:00,0.598297
2025-04-07 23:15,0.629891
2025-04-07 23:30,0.640499
2025-04-07 23:45,0.690275
2025-04-08 00:00,0.771973
2025-04-08 00:15,0.798486
2025-04-08 00:30,0.815318
2025-04-08 00:45,0.803902
2025-04-08 01:00,0.811323
2025-04-08 01:15,0.757724
2025-04-08 01:30,0.765445
2025-04-08 01:45,0.782962
2025-04-08 02:00,0.75329
2025-04-08 02:15,0.720504
2025-04-08 02:30,0.686589
2025-04-08 02:45,0.596457
2025-04-08 03:00,0.544854
2025-04-08 03:15,0.505308
2025-04-08 03:30,0.523837
2025-04-08 03:45,0.486779
2025-04-08 04:00,0.478587
2025-04-08 04:15,0.419901
2025-04-08 04:30,0.393184
2025-04-08 04:45,0.367655
2025-04-08 05:00,0.335798
2025-04-08 05:15,0.305728
2025-04-08 05:30,0.296304
2025-04-08 05:45,0.252271
2025-04-08 06:00,0.24632
2025-04-08 06:15,0.235758
2025-04-08 06:30,0.213394
2025-04-08 06:45,0.21105
2025-04-08 07:00,0.21107
2025-04-08 07:15,0.202186
2025-04-08 07:30,0.20588
2025-04-08 07:45,0.211757
2025-04-08 08:00,0.202409
2025-04-08 08:15,0.201141
2025-04-08 08:30,0.239991
2025-04-08 08:45,0.265822
2025-04-08 09:00,0.273439
2025-04-08 09:15,0.259711
2025-04-08 09:30,0.305397
2025-04-08 09:45,0.266143
2025-04-08 10:00,0.275551
2025-04-08 10:15,0.302251
2025-04-08 10:30,0.326074
2025-04-08 10:45,0.317664
2025-04-08 11:00,0.36549
2025-04-08 11:15,0.334793
2025-04-08 11:30,0.396609
2025-04-08 11:45,0.379503
2025-04-08 12:00,0.424438
2025-04-08 12:15,0.439932
2025-04-08 12:30,0.442718
2025-04-08 12:45,0.425497
2025-04-08 13:00,0.427263
2025-04-08 13:15,0.437699
2025-04-08 13:30,0.437642
2025-04-08 13:45,0.419095
2025-04-08 14:00,0.402905
2025-04-08 14:15,0.385471
2025-04-08 14:30,0.436655
2025-04-08 14:45,0.376492
2025-04-08 15:00,0.397475
2025-04-08 15:15,0.39136
2025-04-08 15:30,0.426539
2025-04-08 15:45,0.410333
2025-04-08 16:00,0.39548
2025-04-08 16:15,0.372167
2025-04-08 16:30,0.39821
2025-04-08 16:45,0.44709
2025-04-08 17:00,0.489155
2025-04-08 17:15,0.563673
2025-04-08 17:30,0.517398
2025-04-08 17:45,0.480812
2025-04-08 18:00,0.51184
2025-04-08 18:15,0.522519
2025-04-08 18:30,0.539318
2025-04-08 18:45,0.567563
2025-04-08 19:00,0.598982
2025-04-08 19:15,0.600706
2025-04-08 19:30,0.594051
2025-04-08 19:45,0.615649
2025-04-08 20:00,0.676214
2025-04-08 20:15,0.727792
2025-04-08 20:30,0.712456
2025-04-08 20:45,0.701985
2025-04-08 21:00,0.660953
2025-04-08 21:15,0.651982
2025-04-08 21:30,0.640431
2025-04-08 21:45,0.636297
2025-04-08 22:00,0.734122
2025-04-08 22:15,0.641863
2025-04-08 22:30,0.715944
2025-04-08 22:45,0.702884
2025-04-08 23:00,0.692615
2025-04-08 23:15,0.664207
2025-04-08 23:30,0.664632
2025-04-08 23:45,0.731599
2025-04-09 00:00,0.795852
2025-04-09 00:00,0.819915
2025-04-09 00:15,0.869946
2025-04-09 00:30,0.866392
2025-04-09 00:45,0.976498
2025-04-09 01:00,1.0
2025-04-09 01:15,0.859419
2025-04-09 01:30,0.799138
2025-04-09 01:45,0.783658
2025-04-09 02:00,0.767523
2025-04-09 02:15,0.641114
2025-04-09 02:30,0.629459
2025-04-09 02:45,0.616338
2025-04-09 03:00,0.633369
2025-04-09 03:15,0.581877
2025-04-09 03:30,0.626254
2025-04-09 03:45,0.503658
2025-04-09 04:00,0.487502
2025-04-09 04:15,0.438843
2025-04-09 04:30,0.440664
2025-04-09 04:45,0.42411
2025-04-09 05:00,0.376701
2025-04-09 05:15,0.339185
2025-04-09 05:30,0.309679
2025-04-09 05:45,0.325741
2025-04-09 06:00,0.279842
2025-04-09 06:15,0.256463
2025-04-09 06:30,0.248444
2025-04-09 06:45,0.224307
2025-04-09 07:00,0.209114
2025-04-09 07:15,0.187443
2025-04-09 07:30,0.193244
2025-04-09 07:45,0.165364
2025-04-09 08:00,0.154944
2025-04-09 08:15,0.172384
2025-04-09 08:30,0.165287
2025-04-09 08:45,0.184951
2025-04-09 09:00,0.21431
2025-04-09 09:15,0.207094
2025-04-09 09:30,0.228892
2025-04-09 09:45,0.230119
2025-04-09 10:00,0.285604
2025-04-09 10:15,0.305245
2025-04-09 10:30,0.329196
2025-04-09 10:45,0.324948
2025-04-09 11:00,0.340932
2025-04-09 11:15,0.388556
2025-04-09 11:30,0.381789
2025-04-09 11:45,0.455618
2025-04-09 12:00,0.424584
2025-04-09 12:15,0.481489
2025-04-09 12:30,0.485874
2025-04-09 12:45,0.446498
2025-04-09 13:00,0.474249
2025-04-09 13:15,0.441392
2025-04-09 13:30,0.417547
2025-04-09 13:45,0.455741
2025-04-09 14:00,0.477804
2025-04-09 14:15,0.461694
2025-04-09 14:30,0.402953
2025-04-09 14:45,0.380542
2025-04-09 15:00,0.394312
2025-04-09 15:15,0.422175
2025-04-09 15:30,0.423582
2025-04-09 15:45,0.462012
2025-04-09 16:00,0.434203
2025-04-09 16:15,0.40367
2025-04-09 16:30,0.4047
2025-04-09 16:45,0.430665
2025-04-09 17:00,0.427318
2025-04-09 17:15,0.449888
2025-04-09 17:30,0.489901
2025-04-09 17:45,0.511034
2025-04-09 18:00,0.512776
2025-04-09 18:15,0.507971
2025-04-09 18:30,0.539644
2025-04-09 18:45,0.547964
2025-04-09 19:00,0.64485
2025-04-09 19:15,0.696566
2025-04-09 19:30,0.662619
2025-04-09 19:45,0.63679
2025-04-09 20:00,0.70129
2025-04-09 20:15,0.728389
2025-04-09 20:30,0.719327
2025-04-09 20:45,0.668011
2025-04-09 21:00,0.67548
2025-04-09 21:15,0.56988
2025-04-09 21:30,0.558481
2025-04-09 21:45,0.558393
2025-04-09 22:00,0.545553
2025-04-09 22:15,0.55777
2025-04-09 22:30,0.606017
2025-04-09 22:45,0.581679
2025-04-09 23:00,0.626942
2025-04-09 23:15,0.648718
2025-04-09 23:30,0.664701
2025-04-09 23:45,0.695791
2025-04-10 00:00,0.750438
2025-04-10 00:15,0.885189
2025-04-10 00:30,0.979075
2025-04-10 00:45,0.842901
2025-04-10 01:00,0.827369
2025-04-10 01:15,0.935556
2025-04-10 01:30,0.85475
2025-04-10 01:45,0.768958
2025-04-10 02:00,0.808265
2025-04-10 02:15,0.720051
2025-04-10 02:30,0.69269
2025-04-10 02:45,0.682244
2025-04-10 03:00,0.621947
2025-04-10 03:15,0.591658
2025-04-10 03:30,0.542938
2025-04-10 03:45,0.506453
2025-04-10 04:00,0.482577
2025-04-10 04:15,0.499586
2025-04-10 04:30,0.459198
2025-04-10 04:45,0.420206
2025-04-10 05:00,0.36767
2025-04-10 05:15,0.358217
2025-04-10 05:30,0.350378
2025-04-10 05:45,0.305097
2025-04-10 06:00,0.290558
2025-04-10 06:15,0.27418
2025-04-10 06:30,0.268976
2025-04-10 06:45,0.254794
2025-04-10 07:00,0.225283
2025-04-10 07:15,0.227792
2025-04-10 07:30,0.204693
2025-04-10 07:45,0.202514
2025-04-10 08:00,0.223532
2025-04-10 08:15,0.195579
2025-04-10 08:30,0.201738
2025-04-10 08:45,0.212819
2025-04-10 09:00,0.211094
2025-04-10 09:15,0.21437
2025-04-10 09:30,0.236811
2025-04-10 09:45,0.273788
2025-04-10 10:00,0.324745
2025-04-10 10:15,0.324319
2025-04-10 10:30,0.331374
2025-04-10 10:45,0.34779
2025-04-10 11:00,0.375845
2025-04-10 11:15,0.375607
2025-04-10 11:30,0.378878
2025-04-10 11:45,0.428945
2025-04-10 12:00,0.445078
2025-04-10 12:15,0.42889
2025-04-10 12:30,0.408232
2025-04-10 12:45,0.39195
2025-04-10 13:00,0.415996
2025-04-10 13:15,0.417164
2025-04-10 13:30,0.436616
2025-04-10 13:45,0.419784
2025-04-10 14:00,0.439137
2025-04-10 14:15,0.423728
2025-04-10 14:30,0.41894
2025-04-10 14:45,0.4303
2025-04-10 15:00,0.422986
2025-04-10 15:15,0.426697
2025-04-10 15:30,0.411243
2025-04-10 15:45,0.400581
2025-04-10 16:00,0.412057
2025-04-10 16:15,0.435742
2025-04-10 16:30,0.480272
2025-04-10 16:45,0.476383
2025-04-10 17:00,0.474901
2025-04-10 17:15,0.476338
2025-04-10 17:30,0.464468
2025-04-10 17:45,0.537779
2025-04-10 18:00,0.513013
2025-04-10 18:15,0.511183
2025-04-10 18:30,0.574179
2025-04-10 18:45,0.593392
2025-04-10 19:00,0.623881
2025-04-10 19:15,0.595968
2025-04-10 19:30,0.608374
2025-04-10 19:45,0.649797
2025-04-10 20:00,0.644209
2025-04-10 20:15,0.596847
2025-04-10 20:30,0.587812
2025-04-10 20:45,0.562886
2025-04-10 21:00,0.53872
2025-04-10 21:15,0.505441
2025-04-10 21:30,0.531209
2025-04-10 21:45,0.507168
2025-04-10 22:00,0.573142
2025-04-10 22:15,0.594634
2025-04-10 22:30,0.640429
2025-04-10 22:45,0.644543
2025-04-10 23:00,0.626528
2025-04-10 23:15,0.64176
2025-04-10 23:30,0.573702
2025-04-10 23:45,0.639674
2025-04-11 00:00,0.70337
2025-04-11 00:15,0.758652
2025-04-11 00:30,0.742741
2025-04-11 00:45,0.859007
2025-04-11 01:00,0.727709
2025-04-11 01:15,0.780236
2025-04-11 01:30,0.694479
2025-04-11 01:45,0.715081
2025-04-11 02:00,0.70983
2025-04-11 02:15,0.734666
2025-04-11 02:30,0.72847
2025-04-11 02:45,0.598156
2025-04-11 03:00,0.667238
2025-04-11 03:15,0.632402
2025-04-11 03:30,0.663524
2025-04-11 03:45,0.591359
2025-04-11 04:00,0.53899
2025-04-11 04:15,0.474648
2025-04-11 04:30,0.419809
2025-04-11 04:45,0.418198
2025-04-11 05:00,0.442616
2025-04-11 05:15,0.378478
2025-04-11 05:30,0.33694
2025-04-11 05:45,0.293804
2025-04-11 06:00,0.287496
2025-04-11 06:15,0.31342
2025-04-11 06:30,0.290912
2025-04-11 06:45,0.268697
2025-04-11 07:00,0.256916
2025-04-11 07:15,0.233412
2025-04-11 07:30,0.205678
2025-04-11 07:45,0.175253
2025-04-11 08:00,0.170686
2025-04-11 08:15,0.190927
2025-04-11 08:30,0.200387
2025-04-11 08:45,0.195856
2025-04-11 09:00,0.246846
2025-04-11 09:15,0.26176
2025-04-11 09:30,0.274527
2025-04-11 09:45,0.293005
2025-04-11 10:00,0.303847
2025-04-11 10:15,0.316859
2025-04-11 10:30,0.310369
2025-04-11 10:45,0.339337
2025-04-11 11:00,0.376347
2025-04-11 11:15,0.407218
2025-04-11 11:30,0.501023
2025-04-11 11:45,0.411145
2025-04-11 12:00,0.440891
2025-04-11 12:15,0.434633
2025-04-11 12:30,0.42287
2025-04-11 12:45,0.461217
2025-04-11 13:00,0.409011
2025-04-11 13:15,0.400192
2025-04-11 13:30,0.430301
2025-04-11 13:45,0.433383
2025-04-11 14:00,0.314584
2025-04-11 14:15,0.317308
2025-04-11 14:30,0.422806
2025-04-11 14:45,0.455581
2025-04-11 15:00,0.461325
2025-04-11 15:15,0.484496
2025-04-11 15:30,0.447408
2025-04-11 15:45,0.433412
2025-04-11 16:00,0.411889
2025-04-11 16:15,0.427872
2025-04-11 16:30,0.483274
2025-04-11 16:45,0.486934
2025-04-11 17:00,0.444759
2025-04-11 17:15,0.464814
2025-04-11 17:30,0.471173
2025-04-11 17:45,0.475058
2025-04-11 18:00,0.470813
2025-04-11 18:15,0.488562
2025-04-11 18:30,0.510173
2025-04-11 18:45,0.561933
2025-04-11 19:00,0.587798
2025-04-11 19:15,0.553654
2025-04-11 19:30,0.518553
2025-04-11 19:45,0.550518
2025-04-11 20:00,0.553892
2025-04-11 20:15,0.546227
2025-04-11 20:30,0.519193
2025-04-11 20:45,0.527088
2025-04-11 21:00,0.513942
2025-04-11 21:15,0.535509
2025-04-11 21:30,0.575834
2025-04-11 21:45,0.576844
2025-04-11 22:00,0.514022
2025-04-11 22:15,0.514598
2025-04-11 22:30,0.54862
2025-04-11 22:45,0.539051
2025-04-11 23:00,0.529205
2025-04-11 23:15,0.573542
2025-04-11 23:30,0.601382
2025-04-11 23:45,0.652862
2025-04-12 00:00,0.742959
2025-04-12 00:15,0.790267
2025-04-12 00:30,0.77035
2025-04-12 00:45,0.800156
2025-04-12 01:00,0.726414
2025-04-12 01:15,0.655988
2025-04-12 01:30,0.642155
2025-04-12 01:45,0.63922
2025-04-12 02:00,0.655062
2025-04-12 02:15,0.649987
2025-04-12 02:30,0.63691
2025-04-12 02:45,0.6096
2025-04-12 03:00,0.579109
2025-04-12 03:15,0.565791
2025-04-12 03:30,0.599209
2025-04-12 03:45,0.547824
2025-04-12 04:00,0.513646
2025-04-12 04:15,0.486416
2025-04-12 04:30,0.433177
2025-04-12 04:45,0.383391
2025-04-12 05:00,0.380547
2025-04-12 05:15,0.345834
2025-04-12 05:30,0.338214
2025-04-12 05:45,0.319364
2025-04-12 06:00,0.298034
2025-04-12 06:15,0.328019
2025-04-12 06:30,0.302394
2025-04-12 06:45,0.303873
2025-04-12 07:00,0.253526
2025-04-12 07:15,0.229149
2025-04-12 07:30,0.219387
2025-04-12 07:45,0.209365
2025-04-12 08:00,0.209916
2025-04-12 08:15,0.235903
2025-04-12 08:30,0.238513
2025-04-12 08:45,0.185014
2025-04-12 09:00,0.172778
2025-04-12 09:15,0.193375
2025-04-12 09:30,0.19565
2025-04-12 09:45,0.2082
2025-04-12 10:00,0.225768
2025-04-12 10:15,0.253023
2025-04-12 10:30,0.258839
2025-04-12 10:45,0.294932
2025-04-12 11:00,0.305423
2025-04-12 11:15,0.323594
2025-04-12 11:30,0.349244
2025-04-12 11:45,0.384935
2025-04-12 12:00,0.370661
2025-04-12 12:15,0.384899
2025-04-12 12:30,0.385244
2025-04-12 12:45,0.403781
2025-04-12 13:00,0.459787
2025-04-12 13:15,0.448425
2025-04-12 13:30,0.442202
2025-04-12 13:45,0.44282
2025-04-12 14:00,0.441625
2025-04-12 14:15,0.441749
2025-04-12 14:30,0.474475
2025-04-12 14:45,0.46298
2025-04-12 15:00,0.448175
2025-04-12 15:15,0.455816
2025-04-12 15:30,0.474839
2025-04-12 15:45,0.472532
2025-04-12 16:00,0.523861
2025-04-12 16:15,0.533885
2025-04-12 16:30,0.529258
2025-04-12 16:45,0.476619
2025-04-12 17:00,0.507125
2025-04-12 17:15,0.503612
2025-04-12 17:30,0.515422
2025-04-12 17:45,0.555944
2025-04-12 18:00,0.519544
2025-04-12 18:15,0.526105
2025-04-12 18:30,0.554345
2025-04-12 18:45,0.535976
2025-04-12 19:00,0.59499
2025-04-12 19:15,0.603687
2025-04-12 19:30,0.639717
2025-04-12 19:45,0.638992
2025-04-12 20:00,0.636459
2025-04-12 20:15,0.626251
2025-04-12 20:30,0.609163
2025-04-12 20:45,0.624754
2025-04-12 21:00,0.5807
2025-04-12 21:15,0.588554
2025-04-12 21:30,0.660113
2025-04-12 21:45,0.60293
2025-04-12 22:00,0.588624
2025-04-12 22:15,0.578997
2025-04-12 22:30,0.57386
2025-04-12 22:45,0.532377
2025-04-12 23:00,0.538101
2025-04-12 23:15,0.587608
2025-04-12 23:30,0.575754
2025-04-12 23:45,0.599499
2025-04-13 00:00,0.720324
2025-04-13 00:15,0.729785
2025-04-13 00:30,0.694765
2025-04-13 00:45,0.756586
2025-04-13 01:00,0.796191
2025-04-13 01:15,0.769071
2025-04-13 01:30,0.739229
2025-04-13 01:45,0.752333
2025-04-13 02:00,0.719293
2025-04-13 02:15,0.756801
2025-04-13 02:30,0.735605
2025-04-13 02:45,0.766835
2025-04-13 03:00,0.697079
2025-04-13 03:15,0.660916
2025-04-13 03:30,0.644251
2025-04-13 03:45,0.571247
2025-04-13 04:00,0.57884
2025-04-13 04:15,0.565509
2025-04-13 04:30,0.533396
2025-04-13 04:45,0.523875
2025-04-13 05:00,0.463211
2025-04-13 05:15,0.425394
2025-04-13 05:30,0.423043
2025-04-13 05:45,0.388869
2025-04-13 06:00,0.349231
2025-04-13 06:15,0.313747
2025-04-13 06:30,0.296406
2025-04-13 06:45,0.274065
2025-04-13 07:00,0.262631
2025-04-13 07:15,0.240643
2025-04-13 07:30,0.256427
2025-04-13 07:45,0.248177
2025-04-13 08:00,0.224449
2025-04-13 08:15,0.237745
2025-04-13 08:30,0.255061
2025-04-13 08:45,0.256411
2025-04-13 09:00,0.24947
2025-04-13 09:15,0.198396
2025-04-13 09:30,0.205334
2025-04-13 09:45,0.242885
2025-04-13 10:00,0.221163
2025-04-13 10:15,0.221499
2025-04-13 10:30,0.244058
2025-04-13 10:45,0.303785
2025-04-13 11:00,0.314118
2025-04-13 11:15,0.333042
2025-04-13 11:30,0.368224
2025-04-13 11:45,0.353293
2025-04-13 12:00,0.404913
2025-04-13 12:15,0.423333
2025-04-13 12:30,0.392033
2025-04-13 12:45,0.415985
2025-04-13 13:00,0.44571
2025-04-13 13:15,0.495167
2025-04-13 13:30,0.48426
2025-04-13 13:45,0.515727
2025-04-13 14:00,0.555026
2025-04-13 14:15,0.572666
2025-04-13 14:30,0.598786
2025-04-13 14:45,0.622427
2025-04-13 15:00,0.693507
2025-04-13 15:15,0.658222
2025-04-13 15:30,0.628295
2025-04-13 15:45,0.613281
2025-04-13 16:00,0.591151
2025-04-13 16:15,0.554766
2025-04-13 16:30,0.617644
2025-04-13 16:45,0.568847
2025-04-13 17:00,0.579445
2025-04-13 17:15,0.597208
2025-04-13 17:30,0.534906
2025-04-13 17:45,0.571115
2025-04-13 18:00,0.557511
2025-04-13 18:15,0.565365
2025-04-13 18:30,0.630562
2025-04-13 18:45,0.657346
2025-04-13 19:00,0.653631
2025-04-13 19:15,0.631578
2025-04-13 19:30,0.604064
2025-04-13 19:45,0.583398
2025-04-13 20:00,0.637822
2025-04-13 20:15,0.610661
2025-04-13 20:30,0.653176
2025-04-13 20:45,0.63622
2025-04-13 21:00,0.666603
2025-04-13 21:15,0.68615
2025-04-13 21:30,0.713213
2025-04-13 21:45,0.675545
2025-04-13 22:00,0.639288
2025-04-13 22:15,0.615517
2025-04-13 22:30,0.566662
2025-04-13 22:45,0.544479
2025-04-13 23:00,0.569099
2025-04-13 23:15,0.617427
2025-04-13 23:30,0.605975
2025-04-13 23:45,0.623625
2025-04-14 00:00,0.705729
2025-04-14 00:15,0.816295
2025-04-14 00:30,0.765089
2025-04-14 00:45,0.765747
2025-04-14 01:00,0.738125
2025-04-14 01:15,0.72763
2025-04-14 01:30,0.674191
2025-04-14 01:45,0.694072
2025-04-14 02:00,0.69594
2025-04-14 02:15,0.645068
2025-04-14 02:30,0.648149
2025-04-14 02:45,0.609197
2025-04-14 03:00,0.632241
2025-04-14 03:15,0.591852
2025-04-14 03:30,0.563764
2025-04-14 03:45,0.526896
2025-04-14 04:00,0.541629
2025-04-14 04:15,0.458974
2025-04-14 04:30,0.458076
2025-04-14 04:45,0.449955
2025-04-14 05:00,0.431025
2025-04-14 05:15,0.355152
2025-04-14 05:30,0.351046
2025-04-14 05:45,0.341284
2025-04-14 06:00,0.309984
2025-04-14 06:15,0.294802
2025-04-14 06:30,0.269156
2025-04-14 06:45,0.257824
2025-04-14 07:00,0.25573
2025-04-14 07:15,0.236335
2025-04-14 07:30,0.244199
2025-04-14 07:45,0.21633
2025-04-14 08:00,0.233566
2025-04-14 08:15,0.200093
2025-04-14 08:30,0.193593
2025-04-14 08:45,0.200863
2025-04-14 09:00,0.21049
2025-04-14 09:15,0.21845
2025-04-14 09:30,0.229277
2025-04-14 09:45,0.243676
2025-04-14 10:00,0.260399
2025-04-14 10:15,0.292172
2025-04-14 10:30,0.340725
2025-04-14 10:45,0.357927
2025-04-14 11:00,0.335862
2025-04-14 11:15,0.388117
2025-04-14 11:30,0.379146
2025-04-14 11:45,0.396323
2025-04-14 12:00,0.4078
2025-04-14 12:15,0.42205
2025-04-14 12:30,0.43642
2025-04-14 12:45,0.443527
2025-04-14 13:00,0.442538
2025-04-14 13:15,0.451067
2025-04-14 13:30,0.495528
2025-04-14 13:45,0.457469
2025-04-14 14:00,0.452478
2025-04-14 14:15,0.42454
2025-04-14 14:30,0.418757
2025-04-14 14:45,0.414202
2025-04-14 15:00,0.43324
2025-04-14 15:15,0.425208
2025-04-14 15:30,0.446979
2025-04-14 15:45,0.408166
2025-04-14 16:00,0.396588
2025-04-14 16:15,0.429431
2025-04-14 16:30,0.444369
2025-04-14 16:45,0.457458
2025-04-14 17:00,0.486192
2025-04-14 17:15,0.48368
2025-04-14 17:30,0.491806
2025-04-14 17:45,0.505985
2025-04-14 18:00,0.543186
2025-04-14 18:15,0.527483
2025-04-14 18:30,0.538829
2025-04-14 18:45,0.537101
2025-04-14 19:00,0.5655
2025-04-14 19:15,0.630091
2025-04-14 19:30,0.624687
2025-04-14 19:45,0.578601
2025-04-14 20:00,0.573835
2025-04-14 20:15,0.548721
2025-04-14 20:30,0.556228
2025-04-14 20:45,0.528623
2025-04-14 21:00,0.529796
2025-04-14 21:15,0.538639
2025-04-14 21:30,0.537205
2025-04-14 21:45,0.519547
2025-04-14 22:00,0.521997
2025-04-14 22:15,0.493576
2025-04-14 22:30,0.555577
2025-04-14 22:45,0.604776
2025-04-14 23:00,0.617591
2025-04-14 23:15,0.727729
2025-04-14 23:30,0.784587
2025-04-14 23:45,0.824259
2025-04-15 00:00,0.831974
2025-04-15 00:15,0.865626
2025-04-15 00:30,0.890813
2025-04-15 00:45,0.886942
2025-04-15 01:00,0.818406
2025-04-15 01:15,0.763778
2025-04-15 01:30,0.86502
2025-04-15 01:45,0.770322
2025-04-15 02:00,0.740372
2025-04-15 02:15,0.731796
2025-04-15 02:30,0.783364
2025-04-15 02:45,0.6859
2025-04-15 03:00,0.672071
2025-04-15 03:15,0.618835
2025-04-15 03:30,0.581745
2025-04-15 03:45,0.536582
2025-04-15 04:00,0.490434
2025-04-15 04:15,0.446704
2025-04-15 04:30,0.441031
2025-04-15 04:45,0.420774
2025-04-15 05:00,0.377741
2025-04-15 05:15,0.331903
2025-04-15 05:30,0.321216
2025-04-15 05:45,0.313498
2025-04-15 06:00,0.287678
2025-04-15 06:15,0.278727
2025-04-15 06:30,0.251885
2025-04-15 06:45,0.261056
2025-04-15 07:00,0.251201
2025-04-15 07:15,0.250318
2025-04-15 07:30,0.207224
2025-04-15 07:45,0.225935
2025-04-15 08:00,0.205161
2025-04-15 08:15,0.208553
2025-04-15 08:30,0.204206
2025-04-15 08:45,0.20875
2025-04-15 09:00,0.240568
2025-04-15 09:15,0.240623
2025-04-15 09:30,0.238047
2025-04-15 09:45,0.2559
2025-04-15 10:00,0.292661
2025-04-15 10:15,0.349167
2025-04-15 10:30,0.356833
2025-04-15 10:45,0.377416
2025-04-15 11:00,0.374288
2025-04-15 11:15,0.389215
2025-04-15 11:30,0.369359
2025-04-15 11:45,0.361155
2025-04-15 12:00,0.408936
2025-04-15 12:15,0.420658
2025-04-15 12:30,0.427266
2025-04-15 12:45,0.455138
2025-04-15 13:00,0.436147
2025-04-15 13:15,0.467348
2025-04-15 13:30,0.447587
2025-04-15 13:45,0.480815
2025-04-15 14:00,0.434763
2025-04-15 14:15,0.447695
2025-04-15 14:30,0.438227
2025-04-15 14:45,0.462852
2025-04-15 15:00,0.456303
2025-04-15 15:15,0.470922
2025-04-15 15:30,0.484857
2025-04-15 15:45,0.51219
2025-04-15 16:00,0.475257
2025-04-15 16:15,0.494013
2025-04-15 16:30,0.471761
2025-04-15 16:45,0.490032
2025-04-15 17:00,0.565715
2025-04-15 17:15,0.583088
2025-04-15 17:30,0.571845
2025-04-15 17:45,0.530161
2025-04-15 18:00,0.536431
2025-04-15 18:15,0.563052
2025-04-15 18:30,0.573374
2025-04-15 18:45,0.627033
2025-04-15 19:00,0.678264
2025-04-15 19:15,0.701971
2025-04-15 19:30,0.695012
2025-04-15 19:45,0.713435
2025-04-15 20:00,0.727079
2025-04-15 20:15,0.659437
2025-04-15 20:30,0.684694
2025-04-15 20:45,0.627122
2025-04-15 21:00,0.57882
2025-04-15 21:15,0.538276
2025-04-15 21:30,0.504283
2025-04-15 21:45,0.506789
2025-04-15 22:00,0.568039
2025-04-15 22:15,0.537527
2025-04-15 22:30,0.504499
2025-04-15 22:45,0.51643
2025-04-15 23:00,0.563385
2025-04-15 23:15,0.604495
2025-04-15 23:30,0.676871
2025-04-15 23:45,0.719248
2025-04-16 00:00,0.755867
2025-04-16 00:00,0.712705
2025-04-16 00:15,0.7616
2025-04-16 00:30,0.858582
2025-04-16 00:45,0.810711
2025-04-16 01:00,0.801435
2025-04-16 01:15,0.732608
2025-04-16 01:30,0.724676
2025-04-16 01:45,0.738211
2025-04-16 02:00,0.788508
2025-04-16 02:15,0.727431
2025-04-16 02:30,0.701593
2025-04-16 02:45,0.650072
2025-04-16 03:00,0.60292
2025-04-16 03:15,0.705448
2025-04-16 03:30,0.60097
2025-04-16 03:45,0.612813
2025-04-16 04:00,0.535237
2025-04-16 04:15,0.553284
2025-04-16 04:30,0.49907
2025-04-16 04:45,0.475981
2025-04-16 05:00,0.382934
2025-04-16 05:15,0.326502
2025-04-16 05:30,0.341133
2025-04-16 05:45,0.280453
2025-04-16 06:00,0.28501
2025-04-16 06:15,0.25761
2025-04-16 06:30,0.301796
2025-04-16 06:45,0.243746
2025-04-16 07:00,0.2495
2025-04-16 07:15,0.232785
2025-04-16 07:30,0.243493
2025-04-16 07:45,0.215711
2025-04-16 08:00,0.195572
2025-04-16 08:15,0.217554
2025-04-16 08:30,0.205545
2025-04-16 08:45,0.212826
2025-04-16 09:00,0.215839
2025-04-16 09:15,0.243811
2025-04-16 09:30,0.268569
2025-04-16 09:45,0.267486
2025-04-16 10:00,0.280279
2025-04-16 10:15,0.29788
2025-04-16 10:30,0.317118
2025-04-16 10:45,0.324919
2025-04-16 11:00,0.339712
2025-04-16 11:15,0.365045
2025-04-16 11:30,0.367383
2025-04-16 11:45,0.387943
2025-04-16 12:00,0.361394
2025-04-16 12:15,0.38997
2025-04-16 12:30,0.489295
2025-04-16 12:45,0.438288
2025-04-16 13:00,0.445814
2025-04-16 13:15,0.435885
2025-04-16 13:30,0.429888
2025-04-16 13:45,0.472214
2025-04-16 14:00,0.479064
2025-04-16 14:15,0.460185
2025-04-16 14:30,0.545036
2025-04-16 14:45,0.691365
2025-04-16 15:00,0.521586
2025-04-16 15:15,0.538174
2025-04-16 15:30,0.531545
2025-04-16 15:45,0.583328
2025-04-16 16:00,0.607848
2025-04-16 16:15,0.588021
2025-04-16 16:30,0.569932
2025-04-16 16:45,0.567841
2025-04-16 17:00,0.572557
2025-04-16 17:15,0.656676
2025-04-16 17:30,0.634176
2025-04-16 17:45,0.65968
2025-04-16 18:00,0.749675
2025-04-16 18:15,0.708411
2025-04-16 18:30,0.650533
2025-04-16 18:45,0.613669
2025-04-16 19:00,0.63744
2025-04-16 19:15,0.640769
2025-04-16 19:30,0.711243
2025-04-16 19:45,0.681825
2025-04-16 20:00,0.665992
2025-04-16 20:15,0.665124
2025-04-16 20:30,0.674996
2025-04-16 20:45,0.673993
2025-04-16 21:00,0.604969
2025-04-16 21:15,0.542363
2025-04-16 21:30,0.550043
2025-04-16 21:45,0.536847
2025-04-16 22:00,0.551255
2025-04-16 22:15,0.537345
2025-04-16 22:30,0.540709
2025-04-16 22:45,0.542563
2025-04-16 23:00,0.620798
2025-04-16 23:15,0.595458
2025-04-16 23:30,0.647866
2025-04-16 23:45,0.866254
2025-04-17 00:00,0.925837
2025-04-17 00:15,1.0
2025-04-17 00:30,0.964194
2025-04-17 00:45,0.983551
2025-04-17 01:00,0.924266
2025-04-17 01:15,0.849627
2025-04-17 01:30,0.833627
2025-04-17 01:45,0.763751
2025-04-17 02:00,0.759073
2025-04-17 02:15,0.789145
2025-04-17 02:30,0.775839
2025-04-17 02:45,0.741667
2025-04-17 03:00,0.779571
2025-04-17 03:15,0.642629
2025-04-17 03:30,0.617691
2025-04-17 03:45,0.612223
2025-04-17 04:00,0.539498
2025-04-17 04:15,0.500429
2025-04-17 04:30,0.505041
2025-04-17 04:45,0.454856
2025-04-17 05:00,0.409383
2025-04-17 05:15,0.402651
2025-04-17 05:30,0.381199
2025-04-17 05:45,0.321293
2025-04-17 06:00,0.300319
2025-04-17 06:15,0.284092
2025-04-17 06:30,0.285788
2025-04-17 06:45,0.260973
2025-04-17 07:00,0.25235
2025-04-17 07:15,0.219556
2025-04-17 07:30,0.224435
2025-04-17 07:45,0.220576
2025-04-17 08:00,0.219536
2025-04-17 08:15,0.219192
2025-04-17 08:30,0.233865
2025-04-17 08:45,0.219081
2025-04-17 09:00,0.224689
2025-04-17 09:15,0.220178
2025-04-17 09:30,0.246891
2025-04-17 09:45,0.236283
2025-04-17 10:00,0.272951
2025-04-17 10:15,0.297209
2025-04-17 10:30,0.328018
2025-04-17 10:45,0.368211
2025-04-17 11:00,0.399965
2025-04-17 11:15,0.458836
2025-04-17 11:30,0.501142
2025-04-17 11:45,0.492577
2025-04-17 12:00,0.565624
2025-04-17 12:15,0.632015
2025-04-17 12:30,0.636359
2025-04-17 12:45,0.60188
2025-04-17 13:00,0.638348
2025-04-17 13:15,0.591473
2025-04-17 13:30,0.536238
2025-04-17 13:45,0.519867
2025-04-17 14:00,0.572514
2025-04-17 14:15,0.56764
2025-04-17 14:30,0.552327
2025-04-17 14:45,0.539965
2025-04-17 15:00,0.59498
2025-04-17 15:15,0.57796
2025-04-17 15:30,0.537232
2025-04-17 15:45,0.54001
2025-04-17 16:00,0.569255
2025-04-17 16:15,0.622345
2025-04-17 16:30,0.639252
2025-04-17 16:45,0.686723
2025-04-17 17:00,0.604239
2025-04-17 17:15,0.62185
2025-04-17 17:30,0.594414
2025-04-17 17:45,0.618637
2025-04-17 18:00,0.646748
2025-04-17 18:15,0.610813
2025-04-17 18:30,0.587108
2025-04-17 18:45,0.585994
2025-04-17 19:00,0.610596
2025-04-17 19:15,0.649967
2025-04-17 19:30,0.575641
2025-04-17 19:45,0.583122
2025-04-17 20:00,0.559655
2025-04-17 20:15,0.575043
2025-04-17 20:30,0.564017
2025-04-17 20:45,0.572563
2025-04-17 21:00,0.543674
2025-04-17 21:15,0.58291
2025-04-17 21:30,0.55913
2025-04-17 21:45,0.523718
2025-04-17 22:00,0.503213
2025-04-17 22:15,0.535714
2025-04-17 22:30,0.511047
2025-04-17 22:45,0.520278
2025-04-17 23:00,0.585069
2025-04-17 23:15,0.596493
2025-04-17 23:30,0.623752
2025-04-17 23:45,0.703355
2025-04-18 00:00,0.807542
2025-04-18 00:15,0.866646
2025-04-18 00:30,0.952094
2025-04-18 00:45,0.842196
2025-04-18 01:00,0.86714
2025-04-18 01:15,0.735705
2025-04-18 01:30,0.734268
2025-04-18 01:45,0.75899
2025-04-18 02:00,0.735069
2025-04-18 02:15,0.680819
2025-04-18 02:30,0.67447
2025-04-18 02:45,0.697814
2025-04-18 03:00,0.703027
2025-04-18 03:15,0.70293
2025-04-18 03:30,0.711732
2025-04-18 03:45,0.598288
2025-04-18 04:00,0.573724
2025-04-18 04:15,0.532296
2025-04-18 04:30,0.508929
2025-04-18 04:45,0.473009
2025-04-18 05:00,0.420645
2025-04-18 05:15,0.409317
2025-04-18 05:30,0.380474
2025-04-18 05:45,0.394087
2025-04-18 06:00,0.36911
2025-04-18 06:15,0.340029
2025-04-18 06:30,0.346314
2025-04-18 06:45,0.304266
2025-04-18 07:00,0.280394
2025-04-18 07:15,0.250757
2025-04-18 07:30,0.271845
2025-04-18 07:45,0.231896
2025-04-18 08:00,0.229586
2025-04-18 08:15,0.221518
2025-04-18 08:30,0.231575
2025-04-18 08:45,0.241326
2025-04-18 09:00,0.272752
2025-04-18 09:15,0.254892
2025-04-18 09:30,0.233674
2025-04-18 09:45,0.229671
2025-04-18 10:00,0.237308
2025-04-18 10:15,0.242054
2025-04-18 10:30,0.262438
2025-04-18 10:45,0.271638
2025-04-18 11:00,0.323696
2025-04-18 11:15,0.360862
2025-04-18 11:30,0.398126
2025-04-18 11:45,0.369868
2025-04-18 12:00,0.414026
2025-04-18 12:15,0.44497
2025-04-18 12:30,0.442353
2025-04-18 12:45,0.466597
2025-04-18 13:00,0.515466
2025-04-18 13:15,0.543034
2025-04-18 13:30,0.534293
2025-04-18 13:45,0.548788
2025-04-18 14:00,0.582388
2025-04-18 14:15,0.578262
2025-04-18 14:30,0.565061
2025-04-18 14:45,0.571951
2025-04-18 15:00,0.566764
2025-04-18 15:15,0.581698
2025-04-18 15:30,0.587809
2025-04-18 15:45,0.649494
2025-04-18 16:00,0.690976
2025-04-18 16:15,0.727323
2025-04-18 16:30,0.597709
2025-04-18 16:45,0.564236
2025-04-18 17:00,0.601983
2025-04-18 17:15,0.657654
2025-04-18 17:30,0.625688
2025-04-18 17:45,0.624043
2025-04-18 18:00,0.628803
2025-04-18 18:15,0.5844
2025-04-18 18:30,0.672645
2025-04-18 18:45,0.663789
2025-04-18 19:00,0.624305
2025-04-18 19:15,0.604657
2025-04-18 19:30,0.63748
2025-04-18 19:45,0.643743
2025-04-18 20:00,0.622384
2025-04-18 20:15,0.631271
2025-04-18 20:30,0.650615
2025-04-18 20:45,0.638059
2025-04-18 21:00,0.587266
2025-04-18 21:15,0.599048
2025-04-18 21:30,0.634731
2025-04-18 21:45,0.557729
2025-04-18 22:00,0.554572
2025-04-18 22:15,0.549744
2025-04-18 22:30,0.543367
2025-04-18 22:45,0.571119
2025-04-18 23:00,0.544559
2025-04-18 23:15,0.570008
2025-04-18 23:30,0.650672
2025-04-18 23:45,0.641618
2025-04-19 00:00,0.748673
2025-04-19 00:15,0.775869
2025-04-19 00:30,0.841911
2025-04-19 00:45,0.797482
2025-04-19 01:00,0.765922
2025-04-19 01:15,0.768137
2025-04-19 01:30,0.745416
2025-04-19 01:45,0.734301
2025-04-19 02:00,0.714615
2025-04-19 02:15,0.752775
2025-04-19 02:30,0.696059
2025-04-19 02:45,0.65234
2025-04-19 03:00,0.658738
2025-04-19 03:15,0.594959
2025-04-19 03:30,0.632918
2025-04-19 03:45,0.587627
2025-04-19 04:00,0.617585
2025-04-19 04:15,0.507112
2025-04-19 04:30,0.484937
2025-04-19 04:45,0.461607
2025-04-19 05:00,0.462081
2025-04-19 05:15,0.418198
2025-04-19 05:30,0.375185
2025-04-19 05:45,0.366125
2025-04-19 06:00,0.364225
2025-04-19 06:15,0.320078
2025-04-19 06:30,0.310511
2025-04-19 06:45,0.304368
2025-04-19 07:00,0.282726
2025-04-19 07:15,0.278268
2025-04-19 07:30,0.263041
2025-04-19 07:45,0.262853
2025-04-19 08:00,0.252534
2025-04-19 08:15,0.248947
2025-04-19 08:30,0.246496
2025-04-19 08:45,0.209932
2025-04-19 09:00,0.242948
2025-04-19 09:15,0.234428
2025-04-19 09:30,0.236222
2025-04-19 09:45,0.228039
2025-04-19 10:00,0.258848
2025-04-19 10:15,0.26928
2025-04-19 10:30,0.278754
2025-04-19 10:45,0.290638
2025-04-19 11:00,0.300012
2025-04-19 11:15,0.327374
2025-04-19 11:30,0.34353
2025-04-19 11:45,0.384319
2025-04-19 12:00,0.385151
2025-04-19 12:15,0.378011
2025-04-19 12:30,0.38342
2025-04-19 12:45,0.39767
2025-04-19 13:00,0.400189
2025-04-19 13:15,0.414905
2025-04-19 13:30,0.414684
2025-04-19 13:45,0.413155
2025-04-19 14:00,0.447765
2025-04-19 14:15,0.501197
2025-04-19 14:30,0.499117
2025-04-19 14:45,0.498662
2025-04-19 15:00,0.476561
2025-04-19 15:15,0.469377
2025-04-19 15:30,0.47084
2025-04-19 15:45,0.490794
2025-04-19 16:00,0.521156
2025-04-19 16:15,0.509952
2025-04-19 16:30,0.479986
2025-04-19 16:45,0.512545
2025-04-19 17:00,0.51012
2025-04-19 17:15,0.521001
2025-04-19 17:30,0.550554
2025-04-19 17:45,0.55913
2025-04-19 18:00,0.592415
2025-04-19 18:15,0.575775
2025-04-19 18:30,0.532871
2025-04-19 18:45,0.562435
2025-04-19 19:00,0.564868
2025-04-19 19:15,0.569386
2025-04-19 19:30,0.588994
2025-04-19 19:45,0.572069
2025-04-19 20:00,0.549107
2025-04-19 20:15,0.555045
2025-04-19 20:30,0.565538
2025-04-19 20:45,0.57358
2025-04-19 21:00,0.557712
2025-04-19 21:15,0.595257
2025-04-19 21:30,0.604539
2025-04-19 21:45,0.577211
2025-04-19 22:00,0.571262
2025-04-19 22:15,0.558356
2025-04-19 22:30,0.568019
2025-04-19 22:45,0.618322
2025-04-19 23:00,0.55086
2025-04-19 23:15,0.578684
2025-04-19 23:30,0.586067
2025-04-19 23:45,0.641373
2025-04-20 00:00,0.80546
2025-04-20 00:15,0.920491
2025-04-20 00:30,0.860458
2025-04-20 00:45,0.865826
2025-04-20 01:00,0.803143
2025-04-20 01:15,0.773763
2025-04-20 01:30,0.77885
2025-04-20 01:45,0.696208
2025-04-20 02:00,0.695157
2025-04-20 02:15,0.725321
2025-04-20 02:30,0.727092
2025-04-20 02:45,0.66051
2025-04-20 03:00,0.606425
2025-04-20 03:15,0.609496
2025-04-20 03:30,0.638368
2025-04-20 03:45,0.637617
2025-04-20 04:00,0.560151
2025-04-20 04:15,0.524072
2025-04-20 04:30,0.525863
2025-04-20 04:45,0.486798
2025-04-20 05:00,0.439366
2025-04-20 05:15,0.447592
2025-04-20 05:30,0.40037
2025-04-20 05:45,0.374081
2025-04-20 06:00,0.349512
2025-04-20 06:15,0.334848
2025-04-20 06:30,0.28289
2025-04-20 06:45,0.285547
2025-04-20 07:00,0.270069
2025-04-20 07:15,0.268512
2025-04-20 07:30,0.254644
2025-04-20 07:45,0.228261
2025-04-20 08:00,0.229818
2025-04-20 08:15,0.241785
2025-04-20 08:30,0.231327
2025-04-20 08:45,0.214724
2025-04-20 09:00,0.202868
2025-04-20 09:15,0.219501
2025-04-20 09:30,0.215176
2025-04-20 09:45,0.219456
2025-04-20 10:00,0.229925
2025-04-20 10:15,0.246479
2025-04-20 10:30,0.262916
2025-04-20 10:45,0.254828
2025-04-20 11:00,0.297764
2025-04-20 11:15,0.300267
2025-04-20 11:30,0.329972
2025-04-20 11:45,0.341639
2025-04-20 12:00,0.350983
2025-04-20 12:15,0.347244
2025-04-20 12:30,0.367629
2025-04-20 12:45,0.419871
2025-04-20 13:00,0.425331
2025-04-20 13:15,0.458509
2025-04-20 13:30,0.454947
2025-04-20 13:45,0.465163
2025-04-20 14:00,0.473486
2025-04-20 14:15,0.468222
2025-04-20 14:30,0.467075
2025-04-20 14:45,0.493446
2025-04-20 15:00,0.495194
2025-04-20 15:15,0.509175
2025-04-20 15:30,0.511314
2025-04-20 15:45,0.530493
2025-04-20 16:00,0.536754
2025-04-20 16:15,0.578118
2025-04-20 16:30,0.579714
2025-04-20 16:45,0.603692
2025-04-20 17:00,0.670091
2025-04-20 17:15,0.725664
2025-04-20 17:30,0.778833
2025-04-20 17:45,0.740476
2025-04-20 18:00,0.72658
2025-04-20 18:15,0.696744
2025-04-20 18:30,0.678801
2025-04-20 18:45,0.648226
2025-04-20 19:00,0.653802
2025-04-20 19:15,0.654625
2025-04-20 19:30,0.65922
2025-04-20 19:45,0.681954
2025-04-20 20:00,0.694421
2025-04-20 20:15,0.642613
2025-04-20 20:30,0.680131
2025-04-20 20:45,0.705563
2025-04-20 21:00,0.558035
2025-04-20 21:15,0.520516
2025-04-20 21:30,0.540695
2025-04-20 21:45,0.56466
2025-04-20 22:00,0.554306
2025-04-20 22:15,0.558122
2025-04-20 22:30,0.523874
2025-04-20 22:45,0.544312
2025-04-20 23:00,0.546315
2025-04-20 23:15,0.561119
2025-04-20 23:30,0.590773
2025-04-20 23:45,0.66638
2025-04-21 00:00,0.696655
2025-04-21 00:15,0.793415
2025-04-21 00:30,0.711665
2025-04-21 00:45,0.710089
2025-04-21 01:00,0.679634
2025-04-21 01:15,0.727684
2025-04-21 01:30,0.718993
2025-04-21 01:45,0.724395
2025-04-21 02:00,0.724332
2025-04-21 02:15,0.755829
2025-04-21 02:30,0.672598
2025-04-21 02:45,0.6524
2025-04-21 03:00,0.650928
2025-04-21 03:15,0.668139
2025-04-21 03:30,0.599748
2025-04-21 03:45,0.58303
2025-04-21 04:00,0.540876
2025-04-21 04:15,0.522231
2025-04-21 04:30,0.482182
2025-04-21 04:45,0.484934
2025-04-21 05:00,0.448554
2025-04-21 05:15,0.431333
2025-04-21 05:30,0.407942
2025-04-21 05:45,0.450111
2025-04-21 06:00,0.370745
2025-04-21 06:15,0.337534
2025-04-21 06:30,0.314117
2025-04-21 06:45,0.29742
2025-04-21 07:00,0.271962
2025-04-21 07:15,0.276338
2025-04-21 07:30,0.258801
2025-04-21 07:45,0.234307
2025-04-21 08:00,0.231651
2025-04-21 08:15,0.230516
2025-04-21 08:30,0.244101
2025-04-21 08:45,0.217113
2025-04-21 09:00,0.214688
2025-04-21 09:15,0.208421
2025-04-21 09:30,0.21719
2025-04-21 09:45,0.233351
2025-04-21 10:00,0.239511
2025-04-21 10:15,0.235996
2025-04-21 10:30,0.269618
2025-04-21 10:45,0.313411
2025-04-21 11:00,0.320366
2025-04-21 11:15,0.318297
2025-04-21 11:30,0.343371
2025-04-21 11:45,0.37118
2025-04-21 12:00,0.353854
2025-04-21 12:15,0.405776
2025-04-21 12:30,0.404439
2025-04-21 12:45,0.408147
2025-04-21 13:00,0.431936
2025-04-21 13:15,0.43458
2025-04-21 13:30,0.455564
2025-04-21 13:45,0.446708
2025-04-21 14:00,0.472963
2025-04-21 14:15,0.503433
2025-04-21 14:30,0.509342
2025-04-21 14:45,0.52805
2025-04-21 15:00,0.518162
2025-04-21 15:15,0.580064
2025-04-21 15:30,0.601795
2025-04-21 15:45,0.654907
2025-04-21 16:00,0.644307
2025-04-21 16:15,0.620977
2025-04-21 16:30,0.624361
2025-04-21 16:45,0.634608
2025-04-21 17:00,0.63941
2025-04-21 17:15,0.615254
2025-04-21 17:30,0.586953
2025-04-21 17:45,0.5728
2025-04-21 18:00,0.564911
2025-04-21 18:15,0.604741
2025-04-21 18:30,0.638188
2025-04-21 18:45,0.630839
2025-04-21 19:00,0.62368
2025-04-21 19:15,0.65776
2025-04-21 19:30,0.619205
2025-04-21 19:45,0.589492
2025-04-21 20:00,0.61332
2025-04-21 20:15,0.617816
2025-04-21 20:30,0.637694
2025-04-21 20:45,0.667063
2025-04-21 21:00,0.597832
2025-04-21 21:15,0.607166
2025-04-21 21:30,0.574991
2025-04-21 21:45,0.627619
2025-04-21 22:00,0.581321
2025-04-21 22:15,0.602829
2025-04-21 22:30,0.568323
2025-04-21 22:45,0.631694
2025-04-21 23:00,0.622208
2025-04-21 23:15,0.628774
2025-04-21 23:30,0.705915
2025-04-21 23:45,0.655712
2025-04-22 00:00,0.779306
2025-04-22 00:15,0.91412
2025-04-22 00:30,0.898762
2025-04-22 00:45,0.874266
2025-04-22 01:00,0.891518
2025-04-22 01:15,0.76017
2025-04-22 01:30,0.863497
2025-04-22 01:45,0.764642
2025-04-22 02:00,0.770201
2025-04-22 02:15,0.781024
2025-04-22 02:30,0.72291
2025-04-22 02:45,0.726219
2025-04-22 03:00,0.679405
2025-04-22 03:15,0.608667
2025-04-22 03:30,0.584266
2025-04-22 03:45,0.601694
2025-04-22 04:00,0.686672
2025-04-22 04:15,0.600561
2025-04-22 04:30,0.562981
2025-04-22 04:45,0.461655
2025-04-22 05:00,0.433232
2025-04-22 05:15,0.381726
2025-04-22 05:30,0.347579
2025-04-22 05:45,0.350059
2025-04-22 06:00,0.337503
2025-04-22 06:15,0.305587
2025-04-22 06:30,0.34192
2025-04-22 06:45,0.325001
2025-04-22 07:00,0.315388
2025-04-22 07:15,0.289294
2025-04-22 07:30,0.253666
2025-04-22 07:45,0.234596
2025-04-22 08:00,0.221107
2025-04-22 08:15,0.288314
2025-04-22 08:30,0.258815
2025-04-22 08:45,0.265325
2025-04-22 09:00,0.240481
2025-04-22 09:15,0.259984
2025-04-22 09:30,0.253367
2025-04-22 09:45,0.275551
2025-04-22 10:00,0.291389
2025-04-22 10:15,0.304265
2025-04-22 10:30,0.311149
2025-04-22 10:45,0.351253
2025-04-22 11:00,0.37796
2025-04-22 11:15,0.406755
2025-04-22 11:30,0.432442
2025-04-22 11:45,0.442329
2025-04-22 12:00,0.47123
2025-04-22 12:15,0.482207
2025-04-22 12:30,0.454456
2025-04-22 12:45,0.482077
2025-04-22 13:00,0.476065
2025-04-22 13:15,0.478822
2025-04-22 13:30,0.470755
2025-04-22 13:45,0.500099
2025-04-22 14:00,0.494814
2025-04-22 14:15,0.543861
2025-04-22 14:30,0.521289
2025-04-22 14:45,0.515672
2025-04-22 15:00,0.489154
2025-04-22 15:15,0.540683
2025-04-22 15:30,0.453659
2025-04-22 15:45,0.457622
2025-04-22 16:00,0.507636
2025-04-22 16:15,0.501929
2025-04-22 16:30,0.582556
2025-04-22 16:45,0.601281
2025-04-22 17:00,0.550459
2025-04-22 17:15,0.571565
2025-04-22 17:30,0.60297
2025-04-22 17:45,0.546235
2025-04-22 18:00,0.59324
2025-04-22 18:15,0.571583
2025-04-22 18:30,0.606165
2025-04-22 18:45,0.565966
2025-04-22 19:00,0.552019
2025-04-22 19:15,0.550065
2025-04-22 19:30,0.621602
2025-04-22 19:45,0.58484
2025-04-22 20:00,0.591326
2025-04-22 20:15,0.562708
2025-04-22 20:30,0.616515
2025-04-22 20:45,0.64025
2025-04-22 21:00,0.621002
2025-04-22 21:15,0.580045
2025-04-22 21:30,0.568079
2025-04-22 21:45,0.564442
2025-04-22 22:00,0.562839
2025-04-22 22:15,0.533669
2025-04-22 22:30,0.572446
2025-04-22 22:45,0.577395
2025-04-22 23:00,0.6521
2025-04-22 23:15,0.654287
2025-04-22 23:30,0.701535
2025-04-22 23:45,0.851371
2025-04-23 00:00,0.865615
2025-04-23 00:00,0.932072
2025-04-23 00:15,1.0
2025-04-23 00:30,0.981032
2025-04-23 00:45,0.943222
2025-04-23 01:00,0.929192
2025-04-23 01:15,0.914545
2025-04-23 01:30,0.920118
2025-04-23 01:45,0.843016
2025-04-23 02:00,0.845073
2025-04-23 02:15,0.835303
2025-04-23 02:30,0.792008
2025-04-23 02:45,0.781016
2025-04-23 03:00,0.743375
2025-04-23 03:15,0.733977
2025-04-23 03:30,0.684234
2025-04-23 03:45,0.692394
2025-04-23 04:00,0.642257
2025-04-23 04:15,0.617929
2025-04-23 04:30,0.584425
2025-04-23 04:45,0.508866
2025-04-23 05:00,0.45952
2025-04-23 05:15,0.430663
2025-04-23 05:30,0.393313
2025-04-23 05:45,0.390221
2025-04-23 06:00,0.357396
2025-04-23 06:15,0.350273
2025-04-23 06:30,0.321653
2025-04-23 06:45,0.277817
2025-04-23 07:00,0.26135
2025-04-23 07:15,0.285248
2025-04-23 07:30,0.263968
2025-04-23 07:45,0.255205
2025-04-23 08:00,0.275242
2025-04-23 08:15,0.261118
2025-04-23 08:30,0.258843
2025-04-23 08:45,0.253398
2025-04-23 09:00,0.242111
2025-04-23 09:15,0.262596
2025-04-23 09:30,0.258989
2025-04-23 09:45,0.276737
2025-04-23 10:00,0.297211
2025-04-23 10:15,0.303997
2025-04-23 10:30,0.342608
2025-04-23 10:45,0.371735
2025-04-23 11:00,0.383155
2025-04-23 11:15,0.371385
2025-04-23 11:30,0.390303
2025-04-23 11:45,0.421977
2025-04-23 12:00,0.428498
2025-04-23 12:15,0.453282
2025-04-23 12:30,0.447244
2025-04-23 12:45,0.474434
2025-04-23 13:00,0.460715
2025-04-23 13:15,0.459418
2025-04-23 13:30,0.498673
2025-04-23 13:45,0.517202
2025-04-23 14:00,0.500531
2025-04-23 14:15,0.480535
2025-04-23 14:30,0.459457
2025-04-23 14:45,0.473432
2025-04-23 15:00,0.487099
2025-04-23 15:15,0.459147
2025-04-23 15:30,0.452861
2025-04-23 15:45,0.475024
2025-04-23 16:00,0.488128
2025-04-23 16:15,0.550315
2025-04-23 16:30,0.549159
2025-04-23 16:45,0.536377
2025-04-23 17:00,0.560636
2025-04-23 17:15,0.563207
2025-04-23 17:30,0.623336
2025-04-23 17:45,0.633967
2025-04-23 18:00,0.569924
2025-04-23 18:15,0.571602
2025-04-23 18:30,0.61864
2025-04-23 18:45,0.667837
2025-04-23 19:00,0.589146
2025-04-23 19:15,0.612903
2025-04-23 19:30,0.646183
2025-04-23 19:45,0.668859
2025-04-23 20:00,0.676258
2025-04-23 20:15,0.649265
2025-04-23 20:30,0.63457
2025-04-23 20:45,0.64494
2025-04-23 21:00,0.68577
2025-04-23 21:15,0.593193
2025-04-23 21:30,0.601203
2025-04-23 21:45,0.619668
2025-04-23 22:00,0.692954
2025-04-23 22:15,0.590352
2025-04-23 22:30,0.608911
2025-04-23 22:45,0.583424
2025-04-23 23:00,0.574652
2025-04-23 23:15,0.591089
2025-04-23 23:30,0.647575
2025-04-23 23:45,0.631778
2025-04-24 00:00,0.764877
2025-04-24 00:15,0.803865
2025-04-24 00:30,0.815322
2025-04-24 00:45,0.788963
2025-04-24 01:00,0.737425
2025-04-24 01:15,0.732548
2025-04-24 01:30,0.717439
2025-04-24 01:45,0.761242
2025-04-24 02:00,0.763302
2025-04-24 02:15,0.760745
2025-04-24 02:30,0.676007
2025-04-24 02:45,0.688124
2025-04-24 03:00,0.586297
2025-04-24 03:15,0.599736
2025-04-24 03:30,0.581427
2025-04-24 03:45,0.593281
2025-04-24 04:00,0.542771
2025-04-24 04:15,0.515937
2025-04-24 04:30,0.509317
2025-04-24 04:45,0.459967
2025-04-24 05:00,0.415695
2025-04-24 05:15,0.387154
2025-04-24 05:30,0.355481
2025-04-24 05:45,0.358985
2025-04-24 06:00,0.336624
2025-04-24 06:15,0.300043
2025-04-24 06:30,0.273529
2025-04-24 06:45,0.260375
2025-04-24 07:00,0.25292
2025-04-24 07:15,0.244539
2025-04-24 07:30,0.237689
2025-04-24 07:45,0.243707
2025-04-24 08:00,0.219677
2025-04-24 08:15,0.218532
2025-04-24 08:30,0.2101
2025-04-24 08:45,0.201626
2025-04-24 09:00,0.186869
2025-04-24 09:15,0.200551
2025-04-24 09:30,0.21795
2025-04-24 09:45,0.223639
2025-04-24 10:00,0.245406
2025-04-24 10:15,0.275777
2025-04-24 10:30,0.32424
2025-04-24 10:45,0.350795
2025-04-24 11:00,0.373086
2025-04-24 11:15,0.400743
2025-04-24 11:30,0.412678
2025-04-24 11:45,0.414151
2025-04-24 12:00,0.401027
2025-04-24 12:15,0.40885
2025-04-24 12:30,0.445476
2025-04-24 12:45,0.479015
2025-04-24 13:00,0.454221
2025-04-24 13:15,0.461774
2025-04-24 13:30,0.467065
2025-04-24 13:45,0.454097
2025-04-24 14:00,0.451869
2025-04-24 14:15,0.487461
2025-04-24 14:30,0.495516
2025-04-24 14:45,0.466519
2025-04-24 15:00,0.476359
2025-04-24 15:15,0.485796
2025-04-24 15:30,0.502847
2025-04-24 15:45,0.544131
2025-04-24 16:00,0.514019
2025-04-24 16:15,0.490664
2025-04-24 16:30,0.510954
2025-04-24 16:45,0.523747
2025-04-24 17:00,0.530823
2025-04-24 17:15,0.530294
2025-04-24 17:30,0.545848
2025-04-24 17:45,0.536155
2025-04-24 18:00,0.527782
2025-04-24 18:15,0.530342
2025-04-24 18:30,0.540935
2025-04-24 18:45,0.606957
2025-04-24 19:00,0.5518
2025-04-24 19:15,0.540022
2025-04-24 19:30,0.586639
2025-04-24 19:45,0.554289
2025-04-24 20:00,0.59318
2025-04-24 20:15,0.602486
2025-04-24 20:30,0.64777
2025-04-24 20:45,0.666333
2025-04-24 21:00,0.585201
2025-04-24 21:15,0.523926
2025-04-24 21:30,0.525757
2025-04-24 21:45,0.5351
2025-04-24 22:00,0.566982
2025-04-24 22:15,0.582951
2025-04-24 22:30,0.65979
2025-04-24 22:45,0.626291
2025-04-24 23:00,0.639795
2025-04-24 23:15,0.651347
2025-04-24 23:30,0.674465
2025-04-24 23:45,0.678262
2025-04-25 00:00,0.876281
2025-04-25 00:15,0.930493
2025-04-25 00:30,0.903601
2025-04-25 00:45,0.888308
2025-04-25 01:00,0.845127
2025-04-25 01:15,0.836058
2025-04-25 01:30,0.831095
2025-04-25 01:45,0.747848
2025-04-25 02:00,0.73712
2025-04-25 02:15,0.709509
2025-04-25 02:30,0.750054
2025-04-25 02:45,0.741172
2025-04-25 03:00,0.732782
2025-04-25 03:15,0.69231
2025-04-25 03:30,0.747042
2025-04-25 03:45,0.644018
2025-04-25 04:00,0.648797
2025-04-25 04:15,0.539919
2025-04-25 04:30,0.537047
2025-04-25 04:45,0.499868
2025-04-25 05:00,0.461531
2025-04-25 05:15,0.410829
2025-04-25 05:30,0.385118
2025-04-25 05:45,0.360375
2025-04-25 06:00,0.35564
2025-04-25 06:15,0.334603
2025-04-25 06:30,0.413152
2025-04-25 06:45,0.287891
2025-04-25 07:00,0.30028
2025-04-25 07:15,0.334841
2025-04-25 07:30,0.29094
2025-04-25 07:45,0.252386
2025-04-25 08:00,0.24582
2025-04-25 08:15,0.23914
2025-04-25 08:30,0.248088
2025-04-25 08:45,0.233963
2025-04-25 09:00,0.216061
2025-04-25 09:15,0.235339
2025-04-25 09:30,0.243668
2025-04-25 09:45,0.266476
2025-04-25 10:00,0.270787
2025-04-25 10:15,0.299076
2025-04-25 10:30,0.317187
2025-04-25 10:45,0.337699
2025-04-25 11:00,0.355648
2025-04-25 11:15,0.390402
2025-04-25 11:30,0.383115
2025-04-25 11:45,0.401106
2025-04-25 12:00,0.407598
2025-04-25 12:15,0.417358
2025-04-25 12:30,0.448522
2025-04-25 12:45,0.417845
2025-04-25 13:00,0.425899
2025-04-25 13:15,0.442199
2025-04-25 13:30,0.478702
2025-04-25 13:45,0.472821
2025-04-25 14:00,0.48123
2025-04-25 14:15,0.458115
2025-04-25 14:30,0.513699
2025-04-25 14:45,0.464322
2025-04-25 15:00,0.471251
2025-04-25 15:15,0.492342
2025-04-25 15:30,0.472239
2025-04-25 15:45,0.475359
2025-04-25 16:00,0.492138
2025-04-25 16:15,0.569489
2025-04-25 16:30,0.538461
2025-04-25 16:45,0.547508
2025-04-25 17:00,0.536186
2025-04-25 17:15,0.579009
2025-04-25 17:30,0.585994
2025-04-25 17:45,0.610218
2025-04-25 18:00,0.614667
2025-04-25 18:15,0.557415
2025-04-25 18:30,0.545762
2025-04-25 18:45,0.572465
2025-04-25 19:00,0.596109
2025-04-25 19:15,0.593428
2025-04-25 19:30,0.543723
2025-04-25 19:45,0.526588
2025-04-25 20:00,0.494118
2025-04-25 20:15,0.507006
2025-04-25 20:30,0.543037
2025-04-25 20:45,0.526714
2025-04-25 21:00,0.490254
2025-04-25 21:15,0.463553
2025-04-25 21:30,0.509149
2025-04-25 21:45,0.515134
2025-04-25 22:00,0.490129
2025-04-25 22:15,0.509949
2025-04-25 22:30,0.511058
2025-04-25 22:45,0.534973
2025-04-25 23:00,0.502543
2025-04-25 23:15,0.486804
2025-04-25 23:30,0.499933
2025-04-25 23:45,0.580187
2025-04-26 00:00,0.676845
2025-04-26 00:15,0.760545
2025-04-26 00:30,0.714352
2025-04-26 00:45,0.745365
2025-04-26 01:00,0.766672
2025-04-26 01:15,0.695533
2025-04-26 01:30,0.678141
2025-04-26 01:45,0.746064
2025-04-26 02:00,0.704423
2025-04-26 02:15,0.695743
2025-04-26 02:30,0.651132
2025-04-26 02:45,0.662199
2025-04-26 03:00,0.619081
2025-04-26 03:15,0.64806
2025-04-26 03:30,0.672182
2025-04-26 03:45,0.621682
2025-04-26 04:00,0.594996
2025-04-26 04:15,0.641297
2025-04-26 04:30,0.576648
2025-04-26 04:45,0.551454
2025-04-26 05:00,0.44063
2025-04-26 05:15,0.385243
2025-04-26 05:30,0.390316
2025-04-26 05:45,0.367903
2025-04-26 06:00,0.351807
2025-04-26 06:15,0.309903
2025-04-26 06:30,0.293443
2025-04-26 06:45,0.288669
2025-04-26 07:00,0.297718
2025-04-26 07:15,0.262362
2025-04-26 07:30,0.233977
2025-04-26 07:45,0.251348
2025-04-26 08:00,0.251
2025-04-26 08:15,0.224603
2025-04-26 08:30,0.207924
2025-04-26 08:45,0.217504
2025-04-26 09:00,0.217018
2025-04-26 09:15,0.20655
2025-04-26 09:30,0.205948
2025-04-26 09:45,0.234695
2025-04-26 10:00,0.233331
2025-04-26 10:15,0.256818
2025-04-26 10:30,0.253016
2025-04-26 10:45,0.275727
2025-04-26 11:00,0.292869
2025-04-26 11:15,0.306271
2025-04-26 11:30,0.318249
2025-04-26 11:45,0.342683
2025-04-26 12:00,0.35133
2025-04-26 12:15,0.400886
2025-04-26 12:30,0.382734
2025-04-26 12:45,0.378539
2025-04-26 13:00,0.41779
2025-04-26 13:15,0.480621
2025-04-26 13:30,0.448389
2025-04-26 13:45,0.42184
2025-04-26 14:00,0.437365
2025-04-26 14:15,0.545217
2025-04-26 14:30,0.504615
2025-04-26 14:45,0.45597
2025-04-26 15:00,0.458926
2025-04-26 15:15,0.469866
2025-04-26 15:30,0.423105
2025-04-26 15:45,0.425338
2025-04-26 16:00,0.480961
2025-04-26 16:15,0.486427
2025-04-26 16:30,0.487205
2025-04-26 16:45,0.490459
2025-04-26 17:00,0.523362
2025-04-26 17:15,0.536206
2025-04-26 17:30,0.533649
2025-04-26 17:45,0.530666
2025-04-26 18:00,0.59185
2025-04-26 18:15,0.580192
2025-04-26 18:30,0.565895
2025-04-26 18:45,0.520307
2025-04-26 19:00,0.516553
2025-04-26 19:15,0.545587
2025-04-26 19:30,0.547167
2025-04-26 19:45,0.56681
2025-04-26 20:00,0.651547
2025-04-26 20:15,0.630834
2025-04-26 20:30,0.704383
2025-04-26 20:45,0.677987
2025-04-26 21:00,0.688272
2025-04-26 21:15,0.756956
2025-04-26 21:30,0.722604
2025-04-26 21:45,0.809015
2025-04-26 22:00,0.764529
2025-04-26 22:15,0.773524
2025-04-26 22:30,0.779334
2025-04-26 22:45,0.635654
2025-04-26 23:00,0.594907
2025-04-26 23:15,0.590108
2025-04-26 23:30,0.623074
2025-04-26 23:45,0.633847
2025-04-27 00:00,0.744287
2025-04-27 00:15,0.755471
2025-04-27 00:30,0.782875
2025-04-27 00:45,0.780779
2025-04-27 01:00,0.788604
2025-04-27 01:15,0.780873
2025-04-27 01:30,0.708837
2025-04-27 01:45,0.700793
2025-04-27 02:00,0.745095
2025-04-27 02:15,0.724672
2025-04-27 02:30,0.68854
2025-04-27 02:45,0.666838
2025-04-27 03:00,0.67114
2025-04-27 03:15,0.7017
2025-04-27 03:30,0.658864
2025-04-27 03:45,0.685881
2025-04-27 04:00,0.597583
2025-04-27 04:15,0.528689
2025-04-27 04:30,0.483144
2025-04-27 04:45,0.436316
2025-04-27 05:00,0.512506
2025-04-27 05:15,0.495288
2025-04-27 05:30,0.504034
2025-04-27 05:45,0.43047
2025-04-27 06:00,0.353283
2025-04-27 06:15,0.359475
2025-04-27 06:30,0.357911
2025-04-27 06:45,0.354115
2025-04-27 07:00,0.336993
2025-04-27 07:15,0.365788
2025-04-27 07:30,0.306235
2025-04-27 07:45,0.276199
2025-04-27 08:00,0.288915
2025-04-27 08:15,0.270665
2025-04-27 08:30,0.215843
2025-04-27 08:45,0.188134
2025-04-27 09:00,0.199686
2025-04-27 09:15,0.203427
2025-04-27 09:30,0.222261
2025-04-27 09:45,0.200669
2025-04-27 10:00,0.224872
2025-04-27 10:15,0.235798
2025-04-27 10:30,0.241478
2025-04-27 10:45,0.249177
2025-04-27 11:00,0.295489
2025-04-27 11:15,0.315627
2025-04-27 11:30,0.340465
2025-04-27 11:45,0.342886
2025-04-27 12:00,0.359402
2025-04-27 12:15,0.390134
2025-04-27 12:30,0.411497
2025-04-27 12:45,0.437364
2025-04-27 13:00,0.457694
2025-04-27 13:15,0.462275
2025-04-27 13:30,0.501073
2025-04-27 13:45,0.575251
2025-04-27 14:00,0.604316
2025-04-27 14:15,0.638115
2025-04-27 14:30,0.604799
2025-04-27 14:45,0.517218
2025-04-27 15:00,0.587106
2025-04-27 15:15,0.540102
2025-04-27 15:30,0.555897
2025-04-27 15:45,0.57773
2025-04-27 16:00,0.608655
2025-04-27 16:15,0.571861
2025-04-27 16:30,0.618315
2025-04-27 16:45,0.626548
2025-04-27 17:00,0.68551
2025-04-27 17:15,0.659829
2025-04-27 17:30,0.637383
2025-04-27 17:45,0.663883
2025-04-27 18:00,0.641304
2025-04-27 18:15,0.674762
2025-04-27 18:30,0.627896
2025-04-27 18:45,0.643391
2025-04-27 19:00,0.655912
2025-04-27 19:15,0.656693
2025-04-27 19:30,0.677443
2025-04-27 19:45,0.674141
2025-04-27 20:00,0.667066
2025-04-27 20:15,0.598897
2025-04-27 20:30,0.596458
2025-04-27 20:45,0.576859
2025-04-27 21:00,0.689191
2025-04-27 21:15,0.754045
2025-04-27 21:30,0.770902
2025-04-27 21:45,0.702749
2025-04-27 22:00,0.692282
2025-04-27 22:15,0.706398
2025-04-27 22:30,0.630386
2025-04-27 22:45,0.660303
2025-04-27 23:00,0.636879
2025-04-27 23:15,0.681773
2025-04-27 23:30,0.659559
2025-04-27 23:45,0.680886
2025-04-28 00:00,0.785481
2025-04-28 00:15,0.772801
2025-04-28 00:30,0.807573
2025-04-28 00:45,0.74626
2025-04-28 01:00,0.771711
2025-04-28 01:15,0.798778
2025-04-28 01:30,0.782713
2025-04-28 01:45,0.730468
2025-04-28 02:00,0.749693
2025-04-28 02:15,0.749711
2025-04-28 02:30,0.708553
2025-04-28 02:45,0.685347
2025-04-28 03:00,0.768225
2025-04-28 03:15,0.728815
2025-04-28 03:30,0.603266
2025-04-28 03:45,0.562407
2025-04-28 04:00,0.51721
2025-04-28 04:15,0.457392
2025-04-28 04:30,0.45652
2025-04-28 04:45,0.429343
2025-04-28 05:00,0.398509
2025-04-28 05:15,0.441295
2025-04-28 05:30,0.391307
2025-04-28 05:45,0.365812
2025-04-28 06:00,0.360408
2025-04-28 06:15,0.318113
2025-04-28 06:30,0.346934
2025-04-28 06:45,0.295004
2025-04-28 07:00,0.306741
2025-04-28 07:15,0.288376
2025-04-28 07:30,0.235286
2025-04-28 07:45,0.245327
2025-04-28 08:00,0.282932
2025-04-28 08:15,0.273004
2025-04-28 08:30,0.261666
2025-04-28 08:45,0.235978
2025-04-28 09:00,0.26219
2025-04-28 09:15,0.248725
2025-04-28 09:30,0.240173
2025-04-28 09:45,0.252791
2025-04-28 10:00,0.277506
2025-04-28 10:15,0.314448
2025-04-28 10:30,0.330569
2025-04-28 10:45,0.366421
2025-04-28 11:00,0.408044
2025-04-28 11:15,0.41862
2025-04-28 11:30,0.417409
2025-04-28 11:45,0.428841
2025-04-28 12:00,0.514535
2025-04-28 12:15,0.443341
2025-04-28 12:30,0.460811
2025-04-28 12:45,0.457461
2025-04-28 13:00,0.468233
2025-04-28 13:15,0.431273
2025-04-28 13:30,0.438498
2025-04-28 13:45,0.429034
2025-04-28 14:00,0.45922
2025-04-28 14:15,0.488658
2025-04-28 14:30,0.449166
2025-04-28 14:45,0.459847
2025-04-28 15:00,0.487648
2025-04-28 15:15,0.489315
2025-04-28 15:30,0.518831
2025-04-28 15:45,0.45726
2025-04-28 16:00,0.519283
2025-04-28 16:15,0.483849
2025-04-28 16:30,0.475176
2025-04-28 16:45,0.482203
2025-04-28 17:00,0.455249
2025-04-28 17:15,0.450646
2025-04-28 17:30,0.467487
2025-04-28 17:45,0.495665
2025-04-28 18:00,0.501615
2025-04-28 18:15,0.503221
2025-04-28 18:30,0.488118
2025-04-28 18:45,0.500927
2025-04-28 19:00,0.520158
2025-04-28 19:15,0.530109
2025-04-28 19:30,0.533033
2025-04-28 19:45,0.55515
2025-04-28 20:00,0.55466
2025-04-28 20:15,0.580808
2025-04-28 20:30,0.574136
2025-04-28 20:45,0.568934
2025-04-28 21:00,0.556204
2025-04-28 21:15,0.554636
2025-04-28 21:30,0.526736
2025-04-28 21:45,0.55047
2025-04-28 22:00,0.529182
2025-04-28 22:15,0.56446
2025-04-28 22:30,0.579243
2025-04-28 22:45,0.542062
2025-04-28 23:00,0.544753
2025-04-28 23:15,0.65759
2025-04-28 23:30,0.701986
2025-04-28 23:45,0.700699
2025-04-29 00:00,0.882318
2025-04-29 00:15,0.820532
2025-04-29 00:30,0.857995
2025-04-29 00:45,0.933513
2025-04-29 01:00,0.827922
2025-04-29 01:15,0.769933
2025-04-29 01:30,0.731487
2025-04-29 01:45,0.752571
2025-04-29 02:00,0.732808
2025-04-29 02:15,0.728392
2025-04-29 02:30,0.730206
2025-04-29 02:45,0.667448
2025-04-29 03:00,0.680394
2025-04-29 03:15,0.635212
2025-04-29 03:30,0.67539
2025-04-29 03:45,0.648944
2025-04-29 04:00,0.598739
2025-04-29 04:15,0.576496
2025-04-29 04:30,0.561221
2025-04-29 04:45,0.45903
2025-04-29 05:00,0.419029
2025-04-29 05:15,0.388943
2025-04-29 05:30,0.376681
2025-04-29 05:45,0.346118
2025-04-29 06:00,0.346052
2025-04-29 06:15,0.323373
2025-04-29 06:30,0.299966
2025-04-29 06:45,0.249919
2025-04-29 07:00,0.248884
2025-04-29 07:15,0.259766
2025-04-29 07:30,0.222126
2025-04-29 07:45,0.206709
2025-04-29 08:00,0.210259
2025-04-29 08:15,0.210649
2025-04-29 08:30,0.216452
2025-04-29 08:45,0.217238
2025-04-29 09:00,0.219959
2025-04-29 09:15,0.211197
2025-04-29 09:30,0.234292
2025-04-29 09:45,0.238585
2025-04-29 10:00,0.288232
2025-04-29 10:15,0.308809
2025-04-29 10:30,0.325028
2025-04-29 10:45,0.3529
2025-04-29 11:00,0.355517
2025-04-29 11:15,0.436037
2025-04-29 11:30,0.38014
2025-04-29 11:45,0.408233
2025-04-29 12:00,0.426553
2025-04-29 12:15,0.479905
2025-04-29 12:30,0.497976
2025-04-29 12:45,0.46654
2025-04-29 13:00,0.474877
2025-04-29 13:15,0.42253
2025-04-29 13:30,0.419855
2025-04-29 13:45,0.414558
2025-04-29 14:00,0.39612
2025-04-29 14:15,0.435202
2025-04-29 14:30,0.415611
2025-04-29 14:45,0.422826
2025-04-29 15:00,0.439485
2025-04-29 15:15,0.432616
2025-04-29 15:30,0.42936
2025-04-29 15:45,0.439146
2025-04-29 16:00,0.524171
2025-04-29 16:15,0.488623
2025-04-29 16:30,0.469438
2025-04-29 16:45,0.43839
2025-04-29 17:00,0.52862
2025-04-29 17:15,0.486852
2025-04-29 17:30,0.487364
2025-04-29 17:45,0.539788
2025-04-29 18:00,0.569799
2025-04-29 18:15,0.572936
2025-04-29 18:30,0.576817
2025-04-29 18:45,0.527874
2025-04-29 19:00,0.524994
2025-04-29 19:15,0.559435
2025-04-29 19:30,0.422623
2025-04-29 19:45,0.395932
2025-04-29 20:00,0.402893
2025-04-29 20:15,0.449663
2025-04-29 20:30,0.635393
2025-04-29 20:45,0.551211
2025-04-29 21:00,0.519257
2025-04-29 21:15,0.507235
2025-04-29 21:30,0.530732
2025-04-29 21:45,0.509323
2025-04-29 22:00,0.566209
2025-04-29 22:15,0.567684
2025-04-29 22:30,0.56388
2025-04-29 22:45,0.615723
2025-04-29 23:00,0.632433
2025-04-29 23:15,0.611552
2025-04-29 23:30,0.619676
2025-04-29 23:45,0.684532
2025-04-30 00:00,0.836449
2025-04-30 00:00,0.794317
2025-04-30 00:15,0.845739
2025-04-30 00:30,0.826235
2025-04-30 00:45,0.82717
2025-04-30 01:00,0.813041
2025-04-30 01:15,0.747668
2025-04-30 01:30,0.726089
2025-04-30 01:45,0.710328
2025-04-30 02:00,0.718089
2025-04-30 02:15,0.69932
2025-04-30 02:30,0.721139
2025-04-30 02:45,0.672885
2025-04-30 03:00,0.635618
2025-04-30 03:15,0.606206
2025-04-30 03:30,0.579295
2025-04-30 03:45,0.551219
2025-04-30 04:00,0.5376
2025-04-30 04:15,0.477469
2025-04-30 04:30,0.466778
2025-04-30 04:45,0.419631
2025-04-30 05:00,0.409584
2025-04-30 05:15,0.370657
2025-04-30 05:30,0.38635
2025-04-30 05:45,0.33701
2025-04-30 06:00,0.313143
2025-04-30 06:15,0.275743
2025-04-30 06:30,0.285622
2025-04-30 06:45,0.248936
2025-04-30 07:00,0.252639
2025-04-30 07:15,0.218772
2025-04-30 07:30,0.217426
2025-04-30 07:45,0.210104
2025-04-30 08:00,0.220571
2025-04-30 08:15,0.199724
2025-04-30 08:30,0.205139
2025-04-30 08:45,0.224464
2025-04-30 09:00,0.2477
2025-04-30 09:15,0.246794
2025-04-30 09:30,0.262917
2025-04-30 09:45,0.24229
2025-04-30 10:00,0.25883
2025-04-30 10:15,0.276472
2025-04-30 10:30,0.328767
2025-04-30 10:45,0.372326
2025-04-30 11:00,0.363732
2025-04-30 11:15,0.420947
2025-04-30 11:30,0.414585
2025-04-30 11:45,0.417524
2025-04-30 12:00,0.418574
2025-04-30 12:15,0.414603
2025-04-30 12:30,0.410435
2025-04-30 12:45,0.41499
2025-04-30 13:00,0.389593
2025-04-30 13:15,0.383573
2025-04-30 13:30,0.394144
2025-04-30 13:45,0.377107
2025-04-30 14:00,0.388718
2025-04-30 14:15,0.415421
2025-04-30 14:30,0.388105
2025-04-30 14:45,0.371999
2025-04-30 15:00,0.441372
2025-04-30 15:15,0.429424
2025-04-30 15:30,0.397269
2025-04-30 15:45,0.436245
2025-04-30 16:00,0.412723
2025-04-30 16:15,0.401501
2025-04-30 16:30,0.415705
2025-04-30 16:45,0.434506
2025-04-30 17:00,0.429834
2025-04-30 17:15,0.433832
2025-04-30 17:30,0.491706
2025-04-30 17:45,0.508166
2025-04-30 18:00,0.465339
2025-04-30 18:15,0.486564
2025-04-30 18:30,0.525556
2025-04-30 18:45,0.547307
2025-04-30 19:00,0.557867
2025-04-30 19:15,0.593943
2025-04-30 19:30,0.565531
2025-04-30 19:45,0.605863
2025-04-30 20:00,0.633794
2025-04-30 20:15,0.684135
2025-04-30 20:30,0.632916
2025-04-30 20:45,0.612133
2025-04-30 21:00,0.492544
2025-04-30 21:15,0.358483
2025-04-30 21:30,0.458504
2025-04-30 21:45,0.52265
2025-04-30 22:00,0.49827
2025-04-30 22:15,0.484221
2025-04-30 22:30,0.510141
2025-04-30 22:45,0.536464
2025-04-30 23:00,0.513745
2025-04-30 23:15,0.543497
2025-04-30 23:30,0.646632
2025-04-30 23:45,0.702536
2025-05-01 00:00,0.855362
2025-05-01 00:15,0.818527
2025-05-01 00:30,0.839544
2025-05-01 00:45,0.865469
2025-05-01 01:00,0.840863
2025-05-01 01:15,0.790943
2025-05-01 01:30,0.746966
2025-05-01 01:45,0.761776
2025-05-01 02:00,0.687373
2025-05-01 02:15,0.683209
2025-05-01 02:30,0.659467
2025-05-01 02:45,0.691972
2025-05-01 03:00,0.627899
2025-05-01 03:15,0.625908
2025-05-01 03:30,0.554406
2025-05-01 03:45,0.521217
2025-05-01 04:00,0.532961
2025-05-01 04:15,0.531185
2025-05-01 04:30,0.593125
2025-05-01 04:45,0.515062
2025-05-01 05:00,0.416911
2025-05-01 05:15,0.411338
2025-05-01 05:30,0.385074
2025-05-01 05:45,0.339912
2025-05-01 06:00,0.342138
2025-05-01 06:15,0.313914
2025-05-01 06:30,0.288377
2025-05-01 06:45,0.273453
2025-05-01 07:00,0.254242
2025-05-01 07:15,0.235653
2025-05-01 07:30,0.229394
2025-05-01 07:45,0.231193
2025-05-01 08:00,0.215116
2025-05-01 08:15,0.220707
2025-05-01 08:30,0.213456
2025-05-01 08:45,0.228488
2025-05-01 09:00,0.202912
2025-05-01 09:15,0.206883
2025-05-01 09:30,0.219215
2025-05-01 09:45,0.217764
2025-05-01 10:00,0.258976
2025-05-01 10:15,0.25264
2025-05-01 10:30,0.278514
2025-05-01 10:45,0.309195
2025-05-01 11:00,0.301675
2025-05-01 11:15,0.317821
2025-05-01 11:30,0.358152
2025-05-01 11:45,0.363332
2025-05-01 12:00,0.353591
2025-05-01 12:15,0.39234
2025-05-01 12:30,0.422155
2025-05-01 12:45,0.408374
2025-05-01 13:00,0.445386
2025-05-01 13:15,0.416704
2025-05-01 13:30,0.435103
2025-05-01 13:45,0.442165
2025-05-01 14:00,0.458275
2025-05-01 14:15,0.460526
2025-05-01 14:30,0.504946
2025-05-01 14:45,0.454582
2025-05-01 15:00,0.528404
2025-05-01 15:15,0.588262
2025-05-01 15:30,0.620589
2025-05-01 15:45,0.593976
2025-05-01 16:00,0.528065
2025-05-01 16:15,0.508309
2025-05-01 16:30,0.531217
2025-05-01 16:45,0.518299
2025-05-01 17:00,0.606187
2025-05-01 17:15,0.663589
2025-05-01 17:30,0.565442
2025-05-01 17:45,0.53862
2025-05-01 18:00,0.45446
2025-05-01 18:15,0.381484
2025-05-01 18:30,0.578435
2025-05-01 18:45,0.580539
2025-05-01 19:00,0.571744
2025-05-01 19:15,0.571279
2025-05-01 19:30,0.561728
2025-05-01 19:45,0.580027
2025-05-01 20:00,0.613621
2025-05-01 20:15,0.602345
2025-05-01 20:30,0.584271
2025-05-01 20:45,0.622454
2025-05-01 21:00,0.610499
2025-05-01 21:15,0.582316
2025-05-01 21:30,0.596356
2025-05-01 21:45,0.562882
2025-05-01 22:00,0.582224
2025-05-01 22:15,0.661131
2025-05-01 22:30,0.627329
2025-05-01 22:45,0.67471
2025-05-01 23:00,0.650378
2025-05-01 23:15,0.618541
2025-05-01 23:30,0.624282
2025-05-01 23:45,0.662395
2025-05-02 00:00,0.786606
2025-05-02 00:15,0.829399
2025-05-02 00:30,0.686916
2025-05-02 00:45,0.692242
2025-05-02 01:00,0.725699
2025-05-02 01:15,0.785311
2025-05-02 01:30,0.690595
2025-05-02 01:45,0.735876
2025-05-02 02:00,0.740012
2025-05-02 02:15,0.694833
2025-05-02 02:30,0.732323
2025-05-02 02:45,0.664309
2025-05-02 03:00,0.684605
2025-05-02 03:15,0.722438
2025-05-02 03:30,0.650533
2025-05-02 03:45,0.635593
2025-05-02 04:00,0.590947
2025-05-02 04:15,0.586262
2025-05-02 04:30,0.538474
2025-05-02 04:45,0.47557
2025-05-02 05:00,0.5067
2025-05-02 05:15,0.419709
2025-05-02 05:30,0.429112
2025-05-02 05:45,0.355238
2025-05-02 06:00,0.370924
2025-05-02 06:15,0.560771
2025-05-02 06:30,0.60846
2025-05-02 06:45,0.701298
2025-05-02 07:00,0.641061
2025-05-02 07:15,0.352709
2025-05-02 07:30,0.321128
2025-05-02 07:45,0.288704
2025-05-02 08:00,0.266878
2025-05-02 08:15,0.252122
2025-05-02 08:30,0.249593
2025-05-02 08:45,0.260086
2025-05-02 09:00,0.237878
2025-05-02 09:15,0.263964
2025-05-02 09:30,0.360114
2025-05-02 09:45,0.282037
2025-05-02 10:00,0.241448
2025-05-02 10:15,0.292388
2025-05-02 10:30,0.377069
2025-05-02 10:45,0.486469
2025-05-02 11:00,0.494436
2025-05-02 11:15,0.441472
2025-05-02 11:30,0.561741
2025-05-02 11:45,0.591176
2025-05-02 12:00,0.627178
2025-05-02 12:15,0.574795
2025-05-02 12:30,0.676008
2025-05-02 12:45,0.818111
2025-05-02 13:00,0.718692
2025-05-02 13:15,0.614087
2025-05-02 13:30,0.666499
2025-05-02 13:45,0.656395
2025-05-02 14:00,0.616072
2025-05-02 14:15,0.768607
2025-05-02 14:30,0.787626
2025-05-02 14:45,0.67337
2025-05-02 15:00,0.684815
2025-05-02 15:15,0.661196
2025-05-02 15:30,0.68788
2025-05-02 15:45,0.725043
2025-05-02 16:00,0.709274
2025-05-02 16:15,0.625114
2025-05-02 16:30,0.587303
2025-05-02 16:45,0.635995
2025-05-02 17:00,0.699234
2025-05-02 17:15,0.660962
2025-05-02 17:30,0.726001
2025-05-02 17:45,0.78601
2025-05-02 18:00,0.647069
2025-05-02 18:15,0.571246
2025-05-02 18:30,0.58382
2025-05-02 18:45,0.562908
2025-05-02 19:00,0.676198
2025-05-02 19:15,0.705607
2025-05-02 19:30,0.667615
2025-05-02 19:45,0.585834
2025-05-02 20:00,0.578625
2025-05-02 20:15,0.552037
2025-05-02 20:30,0.671597
2025-05-02 20:45,0.684882
2025-05-02 21:00,0.663581
2025-05-02 21:15,0.688057
2025-05-02 21:30,0.63093
2025-05-02 21:45,0.634263
2025-05-02 22:00,0.770646
2025-05-02 22:15,0.711357
2025-05-02 22:30,0.753048
2025-05-02 22:45,0.743758
2025-05-02 23:00,0.79216
2025-05-02 23:15,0.838879
2025-05-02 23:30,0.696784
2025-05-02 23:45,0.702933
2025-05-03 00:00,0.799994
2025-05-03 00:15,0.824228
2025-05-03 00:30,0.981218
2025-05-03 00:45,1.0
2025-05-03 01:00,0.970639
2025-05-03 01:15,0.923798
2025-05-03 01:30,0.961368
2025-05-03 01:45,0.939669
2025-05-03 02:00,0.859066
2025-05-03 02:15,0.763049
2025-05-03 02:30,0.721469
2025-05-03 02:45,0.68498
2025-05-03 03:00,0.706698
2025-05-03 03:15,0.807677
2025-05-03 03:30,0.757469
2025-05-03 03:45,0.683292
2025-05-03 04:00,0.594518
2025-05-03 04:15,0.572009
2025-05-03 04:30,0.522312
2025-05-03 04:45,0.54814
2025-05-03 05:00,0.492151
2025-05-03 05:15,0.549422
2025-05-03 05:30,0.54026
2025-05-03 05:45,0.415907
2025-05-03 06:00,0.372519
2025-05-03 06:15,0.388341
2025-05-03 06:30,0.336997
2025-05-03 06:45,0.345427
2025-05-03 07:00,0.299056
2025-05-03 07:15,0.278518
2025-05-03 07:30,0.239819
2025-05-03 07:45,0.231231
2025-05-03 08:00,0.224181
2025-05-03 08:15,0.204366
2025-05-03 08:30,0.202127
2025-05-03 08:45,0.197179
2025-05-03 09:00,0.195792
2025-05-03 09:15,0.196626
2025-05-03 09:30,0.209978
2025-05-03 09:45,0.216738
2025-05-03 10:00,0.214743
2025-05-03 10:15,0.26108
2025-05-03 10:30,0.249821
2025-05-03 10:45,0.277758
2025-05-03 11:00,0.315133
2025-05-03 11:15,0.338273
2025-05-03 11:30,0.390983
2025-05-03 11:45,0.394599
2025-05-03 12:00,0.413615
2025-05-03 12:15,0.439066
2025-05-03 12:30,0.407321
2025-05-03 12:45,0.415128
2025-05-03 13:00,0.428571
2025-05-03 13:15,0.431454
2025-05-03 13:30,0.429401
2025-05-03 13:45,0.426712
2025-05-03 14:00,0.482588
2025-05-03 14:15,0.457263
2025-05-03 14:30,0.521618
2025-05-03 14:45,0.554418
2025-05-03 15:00,0.522943
2025-05-03 15:15,0.49678
2025-05-03 15:30,0.476256
2025-05-03 15:45,0.53626
2025-05-03 16:00,0.52165
2025-05-03 16:15,0.514293
2025-05-03 16:30,0.572991
2025-05-03 16:45,0.566588
2025-05-03 17:00,0.550116
2025-05-03 17:15,0.529113
2025-05-03 17:30,0.530367
2025-05-03 17:45,0.514394
2025-05-03 18:00,0.497342
2025-05-03 18:15,0.569088
2025-05-03 18:30,0.541839
2025-05-03 18:45,0.575657
2025-05-03 19:00,0.662854
2025-05-03 19:15,0.627548
2025-05-03 19:30,0.681305
2025-05-03 19:45,0.663382
2025-05-03 20:00,0.690128
2025-05-03 20:15,0.657832
2025-05-03 20:30,0.600076
2025-05-03 20:45,0.575925
2025-05-03 21:00,0.591339
2025-05-03 21:15,0.619286
2025-05-03 21:30,0.596736
2025-05-03 21:45,0.571757
2025-05-03 22:00,0.583968
2025-05-03 22:15,0.660393
2025-05-03 22:30,0.605361
2025-05-03 22:45,0.610043
2025-05-03 23:00,0.571841
2025-05-03 23:15,0.592638
2025-05-03 23:30,0.653782
2025-05-03 23:45,0.721453
2025-05-04 00:00,0.731407
2025-05-04 00:15,0.837126
2025-05-04 00:30,0.738934
2025-05-04 00:45,0.682556
2025-05-04 01:00,0.735218
2025-05-04 01:15,0.754104
2025-05-04 01:30,0.768392
2025-05-04 01:45,0.781364
2025-05-04 02:00,0.763955
2025-05-04 02:15,0.70925
2025-05-04 02:30,0.698983
2025-05-04 02:45,0.662254
2025-05-04 03:00,0.653331
2025-05-04 03:15,0.688896
2025-05-04 03:30,0.637703
2025-05-04 03:45,0.707816
2025-05-04 04:00,0.6016
2025-05-04 04:15,0.644766
2025-05-04 04:30,0.532101
2025-05-04 04:45,0.491101
2025-05-04 05:00,0.46204
2025-05-04 05:15,0.401946
2025-05-04 05:30,0.386849
2025-05-04 05:45,0.377929
2025-05-04 06:00,0.343965
2025-05-04 06:15,0.329167
2025-05-04 06:30,0.30743
2025-05-04 06:45,0.290165
2025-05-04 07:00,0.297044
2025-05-04 07:15,0.260302
2025-05-04 07:30,0.244878
2025-05-04 07:45,0.238234
2025-05-04 08:00,0.226169
2025-05-04 08:15,0.234752
2025-05-04 08:30,0.218354
2025-05-04 08:45,0.223501
2025-05-04 09:00,0.207911
2025-05-04 09:15,0.217489
2025-05-04 09:30,0.209567
2025-05-04 09:45,0.207923
2025-05-04 10:00,0.215496
2025-05-04 10:15,0.216767
2025-05-04 10:30,0.253807
2025-05-04 10:45,0.257638
2025-05-04 11:00,0.284019
2025-05-04 11:15,0.296237
2025-05-04 11:30,0.342963
2025-05-04 11:45,0.322549
2025-05-04 12:00,0.363309
2025-05-04 12:15,0.392267
2025-05-04 12:30,0.395284
2025-05-04 12:45,0.428972
2025-05-04 13:00,0.488996
2025-05-04 13:15,0.489264
2025-05-04 13:30,0.500961
2025-05-04 13:45,0.525704
2025-05-04 14:00,0.52755
2025-05-04 14:15,0.485218
2025-05-04 14:30,0.49723
2025-05-04 14:45,0.467884
2025-05-04 15:00,0.4778
2025-05-04 15:15,0.486581
2025-05-04 15:30,0.497509
2025-05-04 15:45,0.505342
2025-05-04 16:00,0.501175
2025-05-04 16:15,0.491396
2025-05-04 16:30,0.514541
2025-05-04 16:45,0.475738
2025-05-04 17:00,0.480295
2025-05-04 17:15,0.497703
2025-05-04 17:30,0.525755
2025-05-04 17:45,0.550766
2025-05-04 18:00,0.603063
2025-05-04 18:15,0.599672
2025-05-04 18:30,0.609059
2025-05-04 18:45,0.67237
2025-05-04 19:00,0.683806
2025-05-04 19:15,0.690261
2025-05-04 19:30,0.681349
2025-05-04 19:45,0.688468
2025-05-04 20:00,0.750063
2025-05-04 20:15,0.746754
2025-05-04 20:30,0.71785
2025-05-04 20:45,0.729247
2025-05-04 21:00,0.759057
2025-05-04 21:15,0.768178
2025-05-04 21:30,0.737097
2025-05-04 21:45,0.681718
2025-05-04 22:00,0.647028
2025-05-04 22:15,0.621248
2025-05-04 22:30,0.650612
2025-05-04 22:45,0.694251
2025-05-04 23:00,0.75887
2025-05-04 23:15,0.724484
2025-05-04 23:30,0.778985
2025-05-04 23:45,0.735696
2025-05-05 00:00,0.861547
2025-05-05 00:15,0.809895
2025-05-05 00:30,0.729045
2025-05-05 00:45,0.764934
2025-05-05 01:00,0.87223
2025-05-05 01:15,0.891564
2025-05-05 01:30,0.831602
2025-05-05 01:45,0.795156
2025-05-05 02:00,0.819858
2025-05-05 02:15,0.784093
2025-05-05 02:30,0.760077
2025-05-05 02:45,0.714716
2025-05-05 03:00,0.701799
2025-05-05 03:15,0.569
2025-05-05 03:30,0.553986
2025-05-05 03:45,0.51427
2025-05-05 04:00,0.504262
2025-05-05 04:15,0.462579
2025-05-05 04:30,0.419065
2025-05-05 04:45,0.408889
2025-05-05 05:00,0.360776
2025-05-05 05:15,0.332366
2025-05-05 05:30,0.296078
2025-05-05 05:45,0.28868
2025-05-05 06:00,0.27754
2025-05-05 06:15,0.276322
2025-05-05 06:30,0.26025
2025-05-05 06:45,0.23173
2025-05-05 07:00,0.241899
2025-05-05 07:15,0.226353
2025-05-05 07:30,0.229495
2025-05-05 07:45,0.211734
2025-05-05 08:00,0.217373
2025-05-05 08:15,0.212365
2025-05-05 08:30,0.208107
2025-05-05 08:45,0.189064
2025-05-05 09:00,0.198921
2025-05-05 09:15,0.21664
2025-05-05 09:30,0.225545
2025-05-05 09:45,0.240701
2025-05-05 10:00,0.24268
2025-05-05 10:15,0.269201
2025-05-05 10:30,0.291005
2025-05-05 10:45,0.339491
2025-05-05 11:00,0.345156
2025-05-05 11:15,0.356292
2025-05-05 11:30,0.349985
2025-05-05 11:45,0.367675
2025-05-05 12:00,0.421103
2025-05-05 12:15,0.382806
2025-05-05 12:30,0.400928
2025-05-05 12:45,0.386146
2025-05-05 13:00,0.383906
2025-05-05 13:15,0.391827
2025-05-05 13:30,0.381584
2025-05-05 13:45,0.359862
2025-05-05 14:00,0.409984
2025-05-05 14:15,0.394482
2025-05-05 14:30,0.406079
2025-05-05 14:45,0.387976
2025-05-05 15:00,0.419111
2025-05-05 15:15,0.442478
2025-05-05 15:30,0.43554
2025-05-05 15:45,0.420115
2025-05-05 16:00,0.473419
2025-05-05 16:15,0.465445
2025-05-05 16:30,0.41736
2025-05-05 16:45,0.405265
2025-05-05 17:00,0.415753
2025-05-05 17:15,0.466133
2025-05-05 17:30,0.463529
2025-05-05 17:45,0.480174
2025-05-05 18:00,0.453871
2025-05-05 18:15,0.484815
2025-05-05 18:30,0.458379
2025-05-05 18:45,0.500888
2025-05-05 19:00,0.503577
2025-05-05 19:15,0.491168
2025-05-05 19:30,0.524219
2025-05-05 19:45,0.5218
2025-05-05 20:00,0.505795
2025-05-05 20:15,0.515598
2025-05-05 20:30,0.522957
2025-05-05 20:45,0.4696
2025-05-05 21:00,0.449382
2025-05-05 21:15,0.552122
2025-05-05 21:30,0.549585
2025-05-05 21:45,0.515405
2025-05-05 22:00,0.485079
2025-05-05 22:15,0.504406
2025-05-05 22:30,0.493084
2025-05-05 22:45,0.538906
2025-05-05 23:00,0.53257
2025-05-05 23:15,0.592615
2025-05-05 23:30,0.62542
2025-05-05 23:45,0.635129
2025-05-06 00:00,0.745269
2025-05-06 00:15,0.773357
2025-05-06 00:30,0.765736
2025-05-06 00:45,0.785084
2025-05-06 01:00,0.769975
2025-05-06 01:15,0.755726
2025-05-06 01:30,0.785748
2025-05-06 01:45,0.730369
2025-05-06 02:00,0.781755
2025-05-06 02:15,0.755287
2025-05-06 02:30,0.70236
2025-05-06 02:45,0.667532
2025-05-06 03:00,0.660042
2025-05-06 03:15,0.723588
2025-05-06 03:30,0.716234
2025-05-06 03:45,0.619014
2025-05-06 04:00,0.524249
2025-05-06 04:15,0.476947
2025-05-06 04:30,0.435889
2025-05-06 04:45,0.412044
2025-05-06 05:00,0.448803
2025-05-06 05:15,0.357078
2025-05-06 05:30,0.327835
2025-05-06 05:45,0.321995
2025-05-06 06:00,0.293269
2025-05-06 06:15,0.268747
2025-05-06 06:30,0.291644
2025-05-06 06:45,0.268796
2025-05-06 07:00,0.246404
2025-05-06 07:15,0.234592
2025-05-06 07:30,0.202362
2025-05-06 07:45,0.232937
2025-05-06 08:00,0.211792
2025-05-06 08:15,0.235022
2025-05-06 08:30,0.206246
2025-05-06 08:45,0.194193
2025-05-06 09:00,0.206916
2025-05-06 09:15,0.208412
2025-05-06 09:30,0.242897
2025-05-06 09:45,0.218085
2025-05-06 10:00,0.249793
2025-05-06 10:15,0.288325
2025-05-06 10:30,0.314757
2025-05-06 10:45,0.308449
2025-05-06 11:00,0.333527
2025-05-06 11:15,0.344417
2025-05-06 11:30,0.36938
2025-05-06 11:45,0.344668
2025-05-06 12:00,0.394536
2025-05-06 12:15,0.382543
2025-05-06 12:30,0.385245
2025-05-06 12:45,0.410548
2025-05-06 13:00,0.351922
2025-05-06 13:15,0.346543
2025-05-06 13:30,0.336459
2025-05-06 13:45,0.343767
2025-05-06 14:00,0.361018
2025-05-06 14:15,0.367464
2025-05-06 14:30,0.340677
2025-05-06 14:45,0.341121
2025-05-06 15:00,0.358102
2025-05-06 15:15,0.383358
2025-05-06 15:30,0.387001
2025-05-06 15:45,0.384251
2025-05-06 16:00,0.411949
2025-05-06 16:15,0.394813
2025-05-06 16:30,0.405791
2025-05-06 16:45,0.435092
2025-05-06 17:00,0.455599
2025-05-06 17:15,0.474721
2025-05-06 17:30,0.489892
2025-05-06 17:45,0.451208
2025-05-06 18:00,0.50559
2025-05-06 18:15,0.515367
2025-05-06 18:30,0.525062
2025-05-06 18:45,0.582491
2025-05-06 19:00,0.6557
2025-05-06 19:15,0.633202
2025-05-06 19:30,0.61648
2025-05-06 19:45,0.543304
2025-05-06 20:00,0.576809
2025-05-06 20:15,0.631491
2025-05-06 20:30,0.625898
2025-05-06 20:45,0.685957
2025-05-06 21:00,0.671646
2025-05-06 21:15,0.703306
2025-05-06 21:30,0.666342
2025-05-06 21:45,0.54437
2025-05-06 22:00,0.568462
2025-05-06 22:15,0.510381
2025-05-06 22:30,0.551486
2025-05-06 22:45,0.540748
2025-05-06 23:00,0.620741
2025-05-06 23:15,0.634176
2025-05-06 23:30,0.63296
2025-05-06 23:45,0.680717
2025-05-07 00:00,0.863191
2025-05-07 00:00,0.880361
2025-05-07 00:15,0.802586
2025-05-07 00:30,0.802651
2025-05-07 00:45,0.912425
2025-05-07 01:00,0.878608
2025-05-07 01:15,0.858856
2025-05-07 01:30,0.838674
2025-05-07 01:45,0.856468
2025-05-07 02:00,0.821893
2025-05-07 02:15,0.820178
2025-05-07 02:30,0.788224
2025-05-07 02:45,0.813276
2025-05-07 03:00,0.747227
2025-05-07 03:15,0.692004
2025-05-07 03:30,0.69102
2025-05-07 03:45,0.632455
2025-05-07 04:00,0.56571
2025-05-07 04:15,0.516718
2025-05-07 04:30,0.500238
2025-05-07 04:45,0.410844
2025-05-07 05:00,0.372907
2025-05-07 05:15,0.388304
2025-05-07 05:30,0.343975
2025-05-07 05:45,0.322983
2025-05-07 06:00,0.318893
2025-05-07 06:15,0.288857
2025-05-07 06:30,0.284
2025-05-07 06:45,0.245368
2025-05-07 07:00,0.237097
2025-05-07 07:15,0.225541
2025-05-07 07:30,0.223689
2025-05-07 07:45,0.230591
2025-05-07 08:00,0.216734
2025-05-07 08:15,0.207935
2025-05-07 08:30,0.209361
2025-05-07 08:45,0.207496
2025-05-07 09:00,0.216663
2025-05-07 09:15,0.233944
2025-05-07 09:30,0.241781
2025-05-07 09:45,0.250818
2025-05-07 10:00,0.268898
2025-05-07 10:15,0.324
2025-05-07 10:30,0.326984
2025-05-07 10:45,0.327437
2025-05-07 11:00,0.350118
2025-05-07 11:15,0.425448
2025-05-07 11:30,0.403813
2025-05-07 11:45,0.412253
2025-05-07 12:00,0.422818
2025-05-07 12:15,0.399631
2025-05-07 12:30,0.457609
2025-05-07 12:45,0.439173
2025-05-07 13:00,0.433162
2025-05-07 13:15,0.418694
2025-05-07 13:30,0.401458
2025-05-07 13:45,0.392289
2025-05-07 14:00,0.402731
2025-05-07 14:15,0.397278
2025-05-07 14:30,0.423023
2025-05-07 14:45,0.406006
2025-05-07 15:00,0.42385
2025-05-07 15:15,0.411211
2025-05-07 15:30,0.474938
2025-05-07 15:45,0.454573
2025-05-07 16:00,0.454185
2025-05-07 16:15,0.492443
2025-05-07 16:30,0.459032
2025-05-07 16:45,0.444379
2025-05-07 17:00,0.459289
2025-05-07 17:15,0.495838
2025-05-07 17:30,0.511197
2025-05-07 17:45,0.532663
2025-05-07 18:00,0.504486
2025-05-07 18:15,0.501724
2025-05-07 18:30,0.562631
2025-05-07 18:45,0.589943
2025-05-07 19:00,0.602114
2025-05-07 19:15,0.63068
2025-05-07 19:30,0.58812
2025-05-07 19:45,0.555505
2025-05-07 20:00,0.554745
2025-05-07 20:15,0.626766
2025-05-07 20:30,0.634724
2025-05-07 20:45,0.641711
2025-05-07 21:00,0.580655
2025-05-07 21:15,0.634012
2025-05-07 21:30,0.683379
2025-05-07 21:45,0.623934
2025-05-07 22:00,0.635005
2025-05-07 22:15,0.537598
2025-05-07 22:30,0.587956
2025-05-07 22:45,0.54932
2025-05-07 23:00,0.589434
2025-05-07 23:15,0.631812
2025-05-07 23:30,0.649622
2025-05-07 23:45,0.683905
2025-05-08 00:00,0.800211
2025-05-08 00:15,0.799849
2025-05-08 00:30,0.831816
2025-05-08 00:45,0.844735
2025-05-08 01:00,0.870187
2025-05-08 01:15,0.798172
2025-05-08 01:30,0.792562
2025-05-08 01:45,0.761116
2025-05-08 02:00,0.748476
2025-05-08 02:15,0.747953
2025-05-08 02:30,0.66119
2025-05-08 02:45,0.669679
2025-05-08 03:00,0.661753
2025-05-08 03:15,0.639174
2025-05-08 03:30,0.610731
2025-05-08 03:45,0.547474
2025-05-08 04:00,0.522828
2025-05-08 04:15,0.501554
2025-05-08 04:30,0.434313
2025-05-08 04:45,0.377956
2025-05-08 05:00,0.392527
2025-05-08 05:15,0.364488
2025-05-08 05:30,0.362416
2025-05-08 05:45,0.292293
2025-05-08 06:00,0.334426
2025-05-08 06:15,0.258808
2025-05-08 06:30,0.259441
2025-05-08 06:45,0.242279
2025-05-08 07:00,0.236046
2025-05-08 07:15,0.229997
2025-05-08 07:30,0.233626
2025-05-08 07:45,0.194135
2025-05-08 08:00,0.211912
2025-05-08 08:15,0.186432
2025-05-08 08:30,0.199243
2025-05-08 08:45,0.228801
2025-05-08 09:00,0.223639
2025-05-08 09:15,0.248391
2025-05-08 09:30,0.258898
2025-05-08 09:45,0.251197
2025-05-08 10:00,0.269921
2025-05-08 10:15,0.307452
2025-05-08 10:30,0.347171
2025-05-08 10:45,0.383739
2025-05-08 11:00,0.377056
2025-05-08 11:15,0.392462
2025-05-08 11:30,0.43476
2025-05-08 11:45,0.372325
2025-05-08 12:00,0.378749
2025-05-08 12:15,0.437519
2025-05-08 12:30,0.412578
2025-05-08 12:45,0.436674
2025-05-08 13:00,0.43974
2025-05-08 13:15,0.425091
2025-05-08 13:30,0.429766
2025-05-08 13:45,0.442279
2025-05-08 14:00,0.382977
2025-05-08 14:15,0.385312
2025-05-08 14:30,0.394435
2025-05-08 14:45,0.382125
2025-05-08 15:00,0.409113
2025-05-08 15:15,0.466486
2025-05-08 15:30,0.457753
2025-05-08 15:45,0.434669
2025-05-08 16:00,0.46527
2025-05-08 16:15,0.516527
2025-05-08 16:30,0.472884
2025-05-08 16:45,0.50941
2025-05-08 17:00,0.530012
2025-05-08 17:15,0.483171
2025-05-08 17:30,0.607895
2025-05-08 17:45,0.532094
2025-05-08 18:00,0.505125
2025-05-08 18:15,0.552917
2025-05-08 18:30,0.535743
2025-05-08 18:45,0.634685
2025-05-08 19:00,0.629853
2025-05-08 19:15,0.570333
2025-05-08 19:30,0.530727
2025-05-08 19:45,0.567473
2025-05-08 20:00,0.595535
2025-05-08 20:15,0.602751
2025-05-08 20:30,0.644999
2025-05-08 20:45,0.610249
2025-05-08 21:00,0.53397
2025-05-08 21:15,0.491545
2025-05-08 21:30,0.501828
2025-05-08 21:45,0.494742
2025-05-08 22:00,0.507766
2025-05-08 22:15,0.557438
2025-05-08 22:30,0.567787
2025-05-08 22:45,0.582465
2025-05-08 23:00,0.562882
2025-05-08 23:15,0.590419
2025-05-08 23:30,0.601854
2025-05-08 23:45,0.679926
2025-05-09 00:00,0.749122
2025-05-09 00:15,0.822746
2025-05-09 00:30,1.0
2025-05-09 00:45,0.901574
2025-05-09 01:00,0.896277
2025-05-09 01:15,0.88691
2025-05-09 01:30,0.936027
2025-05-09 01:45,0.777175
2025-05-09 02:00,0.74666
2025-05-09 02:15,0.763001
2025-05-09 02:30,0.832072
2025-05-09 02:45,0.703757
2025-05-09 03:00,0.591612
2025-05-09 03:15,0.57199
2025-05-09 03:30,0.501828
2025-05-09 03:45,0.518413
2025-05-09 04:00,0.480872
2025-05-09 04:15,0.424124
2025-05-09 04:30,0.389781
2025-05-09 04:45,0.381581
2025-05-09 05:00,0.342216
2025-05-09 05:15,0.329901
2025-05-09 05:30,0.315902
2025-05-09 05:45,0.298294
2025-05-09 06:00,0.305061
2025-05-09 06:15,0.277794
2025-05-09 06:30,0.271934
2025-05-09 06:45,0.255975
2025-05-09 07:00,0.249509
2025-05-09 07:15,0.23584
2025-05-09 07:30,0.234079
2025-05-09 07:45,0.214294
2025-05-09 08:00,0.220962
2025-05-09 08:15,0.216578
2025-05-09 08:30,0.194079
2025-05-09 08:45,0.210669
2025-05-09 09:00,0.210086
2025-05-09 09:15,0.250482
2025-05-09 09:30,0.259461
2025-05-09 09:45,0.276274
2025-05-09 10:00,0.298035
2025-05-09 10:15,0.291027
2025-05-09 10:30,0.326506
2025-05-09 10:45,0.351247
2025-05-09 11:00,0.365031
2025-05-09 11:15,0.415292
2025-05-09 11:30,0.399962
2025-05-09 11:45,0.408695
2025-05-09 12:00,0.425739
2025-05-09 12:15,0.404176
2025-05-09 12:30,0.419428
2025-05-09 12:45,0.414639
2025-05-09 13:00,0.441727
2025-05-09 13:15,0.433201
2025-05-09 13:30,0.405141
2025-05-09 13:45,0.39793
2025-05-09 14:00,0.412286
2025-05-09 14:15,0.447776
2025-05-09 14:30,0.397968
2025-05-09 14:45,0.396283
2025-05-09 15:00,0.407311
2025-05-09 15:15,0.416875
2025-05-09 15:30,0.420494
2025-05-09 15:45,0.443492
2025-05-09 16:00,0.483172
2025-05-09 16:15,0.479609
2025-05-09 16:30,0.482102
2025-05-09 16:45,0.504691
2025-05-09 17:00,0.479799
2025-05-09 17:15,0.527191
2025-05-09 17:30,0.502476
2025-05-09 17:45,0.540597
2025-05-09 18:00,0.586267
2025-05-09 18:15,0.546569
2025-05-09 18:30,0.677591
2025-05-09 18:45,0.621003
2025-05-09 19:00,0.633641
2025-05-09 19:15,0.563352
2025-05-09 19:30,0.601909
2025-05-09 19:45,0.618937
2025-05-09 20:00,0.591826
2025-05-09 20:15,0.572043
2025-05-09 20:30,0.535063
2025-05-09 20:45,0.568627
2025-05-09 21:00,0.576527
2025-05-09 21:15,0.536311
2025-05-09 21:30,0.517953
2025-05-09 21:45,0.531567
2025-05-09 22:00,0.504833
2025-05-09 22:15,0.521382
2025-05-09 22:30,0.544605
2025-05-09 22:45,0.508199
2025-05-09 23:00,0.505747
2025-05-09 23:15,0.504726
2025-05-09 23:30,0.545878
2025-05-09 23:45,0.591996
2025-05-10 00:00,0.7185
2025-05-10 00:15,0.694967
2025-05-10 00:30,0.732501
2025-05-10 00:45,0.693567
2025-05-10 01:00,0.714187
2025-05-10 01:15,0.616453
2025-05-10 01:30,0.631366
2025-05-10 01:45,0.640396
2025-05-10 02:00,0.657193
2025-05-10 02:15,0.658724
2025-05-10 02:30,0.62121
2025-05-10 02:45,0.605176
2025-05-10 03:00,0.580999
2025-05-10 03:15,0.559377
2025-05-10 03:30,0.549778
2025-05-10 03:45,0.538341
2025-05-10 04:00,0.498937
2025-05-10 04:15,0.461917
2025-05-10 04:30,0.488031
2025-05-10 04:45,0.448285
2025-05-10 05:00,0.481183
2025-05-10 05:15,0.50133
2025-05-10 05:30,0.433674
2025-05-10 05:45,0.39202
2025-05-10 06:00,0.350486
2025-05-10 06:15,0.298746
2025-05-10 06:30,0.279896
2025-05-10 06:45,0.262625
2025-05-10 07:00,0.236466
2025-05-10 07:15,0.236497
2025-05-10 07:30,0.220622
2025-05-10 07:45,0.22587
2025-05-10 08:00,0.235719
2025-05-10 08:15,0.225854
2025-05-10 08:30,0.227885
2025-05-10 08:45,0.257295
2025-05-10 09:00,0.190114
2025-05-10 09:15,0.208561
2025-05-10 09:30,0.220184
2025-05-10 09:45,0.235765
2025-05-10 10:00,0.231073
2025-05-10 10:15,0.259851
2025-05-10 10:30,0.311485
2025-05-10 10:45,0.305337
2025-05-10 11:00,0.336226
2025-05-10 11:15,0.349202
2025-05-10 11:30,0.325309
2025-05-10 11:45,0.354976
2025-05-10 12:00,0.385579
2025-05-10 12:15,0.360071
2025-05-10 12:30,0.351035
2025-05-10 12:45,0.38901
2025-05-10 13:00,0.382242
2025-05-10 13:15,0.421137
2025-05-10 13:30,0.487488
2025-05-10 13:45,0.4336
2025-05-10 14:00,0.428099
2025-05-10 14:15,0.440061
2025-05-10 14:30,0.436213
2025-05-10 14:45,0.442943
2025-05-10 15:00,0.428922
2025-05-10 15:15,0.43017
2025-05-10 15:30,0.472665
2025-05-10 15:45,0.441695
2025-05-10 16:00,0.436487
2025-05-10 16:15,0.435927
2025-05-10 16:30,0.506683
2025-05-10 16:45,0.518642
2025-05-10 17:00,0.519552
2025-05-10 17:15,0.525983
2025-05-10 17:30,0.546702
2025-05-10 17:45,0.572809
2025-05-10 18:00,0.599705
2025-05-10 18:15,0.583119
2025-05-10 18:30,0.515811
2025-05-10 18:45,0.486479
2025-05-10 19:00,0.504284
2025-05-10 19:15,0.514899
2025-05-10 19:30,0.522706
2025-05-10 19:45,0.503436
2025-05-10 20:00,0.536958
2025-05-10 20:15,0.502837
2025-05-10 20:30,0.52446
2025-05-10 20:45,0.496219
2025-05-10 21:00,0.526206
2025-05-10 21:15,0.51265
2025-05-10 21:30,0.474401
2025-05-10 21:45,0.517068
2025-05-10 22:00,0.551947
2025-05-10 22:15,0.573211
2025-05-10 22:30,0.53845
2025-05-10 22:45,0.599191
2025-05-10 23:00,0.520837
2025-05-10 23:15,0.536152
2025-05-10 23:30,0.535234
2025-05-10 23:45,0.642149
2025-05-11 00:00,0.769969
2025-05-11 00:15,0.767589
2025-05-11 00:30,0.708664
2025-05-11 00:45,0.739411
2025-05-11 01:00,0.772276
2025-05-11 01:15,0.700246
2025-05-11 01:30,0.716398
2025-05-11 01:45,0.749469
2025-05-11 02:00,0.745717
2025-05-11 02:15,0.712657
2025-05-11 02:30,0.736446
2025-05-11 02:45,0.728442
2025-05-11 03:00,0.71845
2025-05-11 03:15,0.711327
2025-05-11 03:30,0.664976
2025-05-11 03:45,0.631848
2025-05-11 04:00,0.650242
2025-05-11 04:15,0.598791
2025-05-11 04:30,0.584321
2025-05-11 04:45,0.575994
2025-05-11 05:00,0.484102
2025-05-11 05:15,0.472677
2025-05-11 05:30,0.432109
2025-05-11 05:45,0.349511
2025-05-11 06:00,0.335592
2025-05-11 06:15,0.309784
2025-05-11 06:30,0.319467
2025-05-11 06:45,0.303091
2025-05-11 07:00,0.258293
2025-05-11 07:15,0.243586
2025-05-11 07:30,0.3202
2025-05-11 07:45,0.340185
2025-05-11 08:00,0.288041
2025-05-11 08:15,0.236234
2025-05-11 08:30,0.208128
2025-05-11 08:45,0.199678
2025-05-11 09:00,0.18938
2025-05-11 09:15,0.229264
2025-05-11 09:30,0.21496
2025-05-11 09:45,0.220345
2025-05-11 10:00,0.239833
2025-05-11 10:15,0.239919
2025-05-11 10:30,0.287492
2025-05-11 10:45,0.275854
2025-05-11 11:00,0.303581
2025-05-11 11:15,0.327284
2025-05-11 11:30,0.335035
2025-05-11 11:45,0.390137
2025-05-11 12:00,0.376869
2025-05-11 12:15,0.379149
2025-05-11 12:30,0.400487
2025-05-11 12:45,0.436094
2025-05-11 13:00,0.455097
2025-05-11 13:15,0.475787
2025-05-11 13:30,0.529338
2025-05-11 13:45,0.480868
2025-05-11 14:00,0.502407
2025-05-11 14:15,0.623027
2025-05-11 14:30,0.690362
2025-05-11 14:45,0.715881
2025-05-11 15:00,0.680976
2025-05-11 15:15,0.693818
2025-05-11 15:30,0.683208
2025-05-11 15:45,0.705518
2025-05-11 16:00,0.687633
2025-05-11 16:15,0.616094
2025-05-11 16:30,0.617615
2025-05-11 16:45,0.580175
2025-05-11 17:00,0.571538
2025-05-11 17:15,0.561069
2025-05-11 17:30,0.550824
2025-05-11 17:45,0.540962
2025-05-11 18:00,0.566429
2025-05-11 18:15,0.595124
2025-05-11 18:30,0.586424
2025-05-11 18:45,0.670052
2025-05-11 19:00,0.630149
2025-05-11 19:15,0.639913
2025-05-11 19:30,0.629797
2025-05-11 19:45,0.618359
2025-05-11 20:00,0.655552
2025-05-11 20:15,0.625207
2025-05-11 20:30,0.634053
2025-05-11 20:45,0.684517
2025-05-11 21:00,0.645006
2025-05-11 21:15,0.70937
2025-05-11 21:30,0.701756
2025-05-11 21:45,0.708324
2025-05-11 22:00,0.694374
2025-05-11 22:15,0.638537
2025-05-11 22:30,0.628281
2025-05-11 22:45,0.632735
2025-05-11 23:00,0.722897
2025-05-11 23:15,0.601441
2025-05-11 23:30,0.64552
2025-05-11 23:45,0.715204
2025-05-12 00:00,0.766398
2025-05-12 00:15,0.849173
2025-05-12 00:30,0.886381
2025-05-12 00:45,0.806946
2025-05-12 01:00,0.794608
2025-05-12 01:15,0.758788
2025-05-12 01:30,0.734194
2025-05-12 01:45,0.785648
2025-05-12 02:00,0.772721
2025-05-12 02:15,0.751322
2025-05-12 02:30,0.749074
2025-05-12 02:45,0.624167
2025-05-12 03:00,0.631609
2025-05-12 03:15,0.623204
2025-05-12 03:30,0.609912
2025-05-12 03:45,0.550017
2025-05-12 04:00,0.542365
2025-05-12 04:15,0.508997
2025-05-12 04:30,0.459984
2025-05-12 04:45,0.404958
2025-05-12 05:00,0.384109
2025-05-12 05:15,0.354266
2025-05-12 05:30,0.363778
2025-05-12 05:45,0.335066
2025-05-12 06:00,0.306224
2025-05-12 06:15,0.26596
2025-05-12 06:30,0.247157
2025-05-12 06:45,0.230031
2025-05-12 07:00,0.226943
2025-05-12 07:15,0.209999
2025-05-12 07:30,0.215829
2025-05-12 07:45,0.235372
2025-05-12 08:00,0.227361
2025-05-12 08:15,0.217932
2025-05-12 08:30,0.204074
2025-05-12 08:45,0.218342
2025-05-12 09:00,0.25309
2025-05-12 09:15,0.248677
2025-05-12 09:30,0.249278
2025-05-12 09:45,0.244436
2025-05-12 10:00,0.273722
2025-05-12 10:15,0.299331
2025-05-12 10:30,0.33816
2025-05-12 10:45,0.348748
2025-05-12 11:00,0.351278
2025-05-12 11:15,0.410577
2025-05-12 11:30,0.47146
2025-05-12 11:45,0.478946
2025-05-12 12:00,0.440954
2025-05-12 12:15,0.456891
2025-05-12 12:30,0.472255
2025-05-12 12:45,0.449491
2025-05-12 13:00,0.427831
2025-05-12 13:15,0.444492
2025-05-12 13:30,0.437875
2025-05-12 13:45,0.433178
2025-05-12 14:00,0.427916
2025-05-12 14:15,0.407684
2025-05-12 14:30,0.443681
2025-05-12 14:45,0.436799
2025-05-12 15:00,0.419224
2025-05-12 15:15,0.461638
2025-05-12 15:30,0.441152
2025-05-12 15:45,0.468221
2025-05-12 16:00,0.498166
2025-05-12 16:15,0.48326
2025-05-12 16:30,0.492794
2025-05-12 16:45,0.522665
2025-05-12 17:00,0.485353
2025-05-12 17:15,0.509182
2025-05-12 17:30,0.531584
2025-05-12 17:45,0.545297
2025-05-12 18:00,0.544651
2025-05-12 18:15,0.537005
2025-05-12 18:30,0.594562
2025-05-12 18:45,0.584573
2025-05-12 19:00,0.569412
2025-05-12 19:15,0.577404
2025-05-12 19:30,0.607117
2025-05-12 19:45,0.562077
2025-05-12 20:00,0.578235
2025-05-12 20:15,0.569245
2025-05-12 20:30,0.548865
2025-05-12 20:45,0.557565
2025-05-12 21:00,0.580585
2025-05-12 21:15,0.591771
2025-05-12 21:30,0.593127
2025-05-12 21:45,0.532677
2025-05-12 22:00,0.572407
2025-05-12 22:15,0.560759
2025-05-12 22:30,0.609181
2025-05-12 22:45,0.599443
2025-05-12 23:00,0.633939
2025-05-12 23:15,0.649089
2025-05-12 23:30,0.674031
2025-05-12 23:45,0.706005
2025-05-13 00:00,0.81494
2025-05-13 00:15,0.9064
2025-05-13 00:30,0.967342
2025-05-13 00:45,0.904865
2025-05-13 01:00,0.90301
2025-05-13 01:15,0.865019
2025-05-13 01:30,0.867477
2025-05-13 01:45,0.801731
2025-05-13 02:00,0.769067
2025-05-13 02:15,0.783242
2025-05-13 02:30,0.760517
2025-05-13 02:45,0.69107
2025-05-13 03:00,0.701056
2025-05-13 03:15,0.638303
2025-05-13 03:30,0.592265
2025-05-13 03:45,0.565457
2025-05-13 04:00,0.535997
2025-05-13 04:15,0.51444
2025-05-13 04:30,0.477462
2025-05-13 04:45,0.4235
2025-05-13 05:00,0.393511
2025-05-13 05:15,0.348032
2025-05-13 05:30,0.312332
2025-05-13 05:45,0.312614
2025-05-13 06:00,0.275045
2025-05-13 06:15,0.245224
2025-05-13 06:30,0.245007
2025-05-13 06:45,0.250174
2025-05-13 07:00,0.225225
2025-05-13 07:15,0.207329
2025-05-13 07:30,0.192669
2025-05-13 07:45,0.207279
2025-05-13 08:00,0.201005
2025-05-13 08:15,0.208041
2025-05-13 08:30,0.199204
2025-05-13 08:45,0.219393
2025-05-13 09:00,0.216801
2025-05-13 09:15,0.235612
2025-05-13 09:30,0.25713
2025-05-13 09:45,0.248706
2025-05-13 10:00,0.280025
2025-05-13 10:15,0.301892
2025-05-13 10:30,0.327708
2025-05-13 10:45,0.377265
2025-05-13 11:00,0.400319
2025-05-13 11:15,0.394132
2025-05-13 11:30,0.409703
2025-05-13 11:45,0.386559
2025-05-13 12:00,0.416897
2025-05-13 12:15,0.403715
2025-05-13 12:30,0.419161
2025-05-13 12:45,0.446682
2025-05-13 13:00,0.416571
2025-05-13 13:15,0.446132
2025-05-13 13:30,0.39907
2025-05-13 13:45,0.408228
2025-05-13 14:00,0.383191
2025-05-13 14:15,0.420594
2025-05-13 14:30,0.391497
2025-05-13 14:45,0.368156
2025-05-13 15:00,0.420823
2025-05-13 15:15,0.42476
2025-05-13 15:30,0.443268
2025-05-13 15:45,0.410333
2025-05-13 16:00,0.44752
2025-05-13 16:15,0.455526
2025-05-13 16:30,0.482267
2025-05-13 16:45,0.50821
2025-05-13 17:00,0.491219
2025-05-13 17:15,0.454738
2025-05-13 17:30,0.474426
2025-05-13 17:45,0.529423
2025-05-13 18:00,0.562536
2025-05-13 18:15,0.542796
2025-05-13 18:30,0.564637
2025-05-13 18:45,0.55616
2025-05-13 19:00,0.563776
2025-05-13 19:15,0.582738
2025-05-13 19:30,0.514041
2025-05-13 19:45,0.52649
2025-05-13 20:00,0.494342
2025-05-13 20:15,0.50829
2025-05-13 20:30,0.58697
2025-05-13 20:45,0.506643
2025-05-13 21:00,0.515464
2025-05-13 21:15,0.48237
2025-05-13 21:30,0.520341
2025-05-13 21:45,0.472181
2025-05-13 22:00,0.455034
2025-05-13 22:15,0.491674
2025-05-13 22:30,0.544788
2025-05-13 22:45,0.563546
2025-05-13 23:00,0.559818
2025-05-13 23:15,0.601865
2025-05-13 23:30,0.597789
2025-05-13 23:45,0.654618
2025-05-14 00:00,0.849237
2025-05-14 00:00,0.86252
2025-05-14 00:15,0.886579
2025-05-14 00:30,1.0
2025-05-14 00:45,0.893899
2025-05-14 01:00,0.919478
2025-05-14 01:15,0.860224
2025-05-14 01:30,0.801001
2025-05-14 01:45,0.834387
2025-05-14 02:00,0.776978
2025-05-14 02:15,0.795878
2025-05-14 02:30,0.787951
2025-05-14 02:45,0.698561
2025-05-14 03:00,0.634203
2025-05-14 03:15,0.610295
2025-05-14 03:30,0.595426
2025-05-14 03:45,0.537719
2025-05-14 04:00,0.557658
2025-05-14 04:15,0.474989
2025-05-14 04:30,0.469216
2025-05-14 04:45,0.429351
2025-05-14 05:00,0.394435
2025-05-14 05:15,0.33553
2025-05-14 05:30,0.313497
2025-05-14 05:45,0.301416
2025-05-14 06:00,0.266137
2025-05-14 06:15,0.274257
2025-05-14 06:30,0.23441
2025-05-14 06:45,0.240346
2025-05-14 07:00,0.210831
2025-05-14 07:15,0.187771
2025-05-14 07:30,0.196002
2025-05-14 07:45,0.195243
2025-05-14 08:00,0.184769
2025-05-14 08:15,0.173936
2025-05-14 08:30,0.177397
2025-05-14 08:45,0.192714
2025-05-14 09:00,0.179555
2025-05-14 09:15,0.242708
2025-05-14 09:30,0.250782
2025-05-14 09:45,0.224205
2025-05-14 10:00,0.236238
2025-05-14 10:15,0.284017
2025-05-14 10:30,0.326433
2025-05-14 10:45,0.352896
2025-05-14 11:00,0.376189
2025-05-14 11:15,0.384637
2025-05-14 11:30,0.364206
2025-05-14 11:45,0.442248
2025-05-14 12:00,0.431193
2025-05-14 12:15,0.423672
2025-05-14 12:30,0.42259
2025-05-14 12:45,0.447325
2025-05-14 13:00,0.485276
2025-05-14 13:15,0.436212
2025-05-14 13:30,0.411308
2025-05-14 13:45,0.413023
2025-05-14 14:00,0.385999
2025-05-14 14:15,0.428258
2025-05-14 14:30,0.401022
2025-05-14 14:45,0.405707
2025-05-14 15:00,0.390157
2025-05-14 15:15,0.387216
2025-05-14 15:30,0.416587
2025-05-14 15:45,0.395973
2025-05-14 16:00,0.399672
2025-05-14 16:15,0.458952
2025-05-14 16:30,0.469346
2025-05-14 16:45,0.437534
2025-05-14 17:00,0.480713
2025-05-14 17:15,0.482595
2025-05-14 17:30,0.490605
2025-05-14 17:45,0.54469
2025-05-14 18:00,0.478893
2025-05-14 18:15,0.505577
2025-05-14 18:30,0.553369
2025-05-14 18:45,0.5925
2025-05-14 19:00,0.600029
2025-05-14 19:15,0.621689
2025-05-14 19:30,0.604162
2025-05-14 19:45,0.619943
2025-05-14 20:00,0.594591
2025-05-14 20:15,0.54044
2025-05-14 20:30,0.525123
2025-05-14 20:45,0.53042
2025-05-14 21:00,0.512201
2025-05-14 21:15,0.572833
2025-05-14 21:30,0.527889
2025-05-14 21:45,0.417298
2025-05-14 22:00,0.44558
2025-05-14 22:15,0.529892
2025-05-14 22:30,0.523508
2025-05-14 22:45,0.529174
2025-05-14 23:00,0.569959
2025-05-14 23:15,0.521301
2025-05-14 23:30,0.585879
2025-05-14 23:45,0.624745
2025-05-15 00:00,0.721943
2025-05-15 00:15,0.787913
2025-05-15 00:30,0.806778
2025-05-15 00:45,0.795491
2025-05-15 01:00,0.80019
2025-05-15 01:15,0.764424
2025-05-15 01:30,0.774895
2025-05-15 01:45,0.73798
2025-05-15 02:00,0.746028
2025-05-15 02:15,0.793937
2025-05-15 02:30,0.739277
2025-05-15 02:45,0.730667
2025-05-15 03:00,0.69698
2025-05-15 03:15,0.668556
2025-05-15 03:30,0.625073
2025-05-15 03:45,0.569662
2025-05-15 04:00,0.557837
2025-05-15 04:15,0.430209
2025-05-15 04:30,0.409351
2025-05-15 04:45,0.383144
2025-05-15 05:00,0.341178
2025-05-15 05:15,0.345703
2025-05-15 05:30,0.354145
2025-05-15 05:45,0.346789
2025-05-15 06:00,0.341099
2025-05-15 06:15,0.30906
2025-05-15 06:30,0.23055
2025-05-15 06:45,0.216651
2025-05-15 07:00,0.205329
2025-05-15 07:15,0.194486
2025-05-15 07:30,0.203013
2025-05-15 07:45,0.204446
2025-05-15 08:00,0.188924
2025-05-15 08:15,0.18621
2025-05-15 08:30,0.185177
2025-05-15 08:45,0.193456
2025-05-15 09:00,0.206664
2025-05-15 09:15,0.215386
2025-05-15 09:30,0.219086
2025-05-15 09:45,0.22754
2025-05-15 10:00,0.263084
2025-05-15 10:15,0.282993
2025-05-15 10:30,0.313272
2025-05-15 10:45,0.339864
2025-05-15 11:00,0.362916
2025-05-15 11:15,0.385184
2025-05-15 11:30,0.382946
2025-05-15 11:45,0.383392
2025-05-15 12:00,0.382639
2025-05-15 12:15,0.382414
2025-05-15 12:30,0.40522
2025-05-15 12:45,0.407838
2025-05-15 13:00,0.403276
2025-05-15 13:15,0.404155
2025-05-15 13:30,0.378446
2025-05-15 13:45,0.427699
2025-05-15 14:00,0.407564
2025-05-15 14:15,0.414522
2025-05-15 14:30,0.423917
2025-05-15 14:45,0.393717
2025-05-15 15:00,0.386122
2025-05-15 15:15,0.379933
2025-05-15 15:30,0.369185
2025-05-15 15:45,0.404104
2025-05-15 16:00,0.408043
2025-05-15 16:15,0.408635
2025-05-15 16:30,0.397926
2025-05-15 16:45,0.421685
2025-05-15 17:00,0.427635
2025-05-15 17:15,0.51502
2025-05-15 17:30,0.502386
2025-05-15 17:45,0.534689
2025-05-15 18:00,0.510004
2025-05-15 18:15,0.516664
2025-05-15 18:30,0.489693
2025-05-15 18:45,0.537452
2025-05-15 19:00,0.500748
2025-05-15 19:15,0.505224
2025-05-15 19:30,0.537473
2025-05-15 19:45,0.597911
2025-05-15 20:00,0.59686
2025-05-15 20:15,0.544393
2025-05-15 20:30,0.593152
2025-05-15 20:45,0.616963
2025-05-15 21:00,0.559538
2025-05-15 21:15,0.620912
2025-05-15 21:30,0.553162
2025-05-15 21:45,0.505252
2025-05-15 22:00,0.512491
2025-05-15 22:15,0.509522
2025-05-15 22:30,0.488496
2025-05-15 22:45,0.558171
2025-05-15 23:00,0.537471
2025-05-15 23:15,0.529248
2025-05-15 23:30,0.433074
2025-05-15 23:45,0.479493
2025-05-16 00:00,0.712141
2025-05-16 00:15,0.819234
2025-05-16 00:30,0.852366
2025-05-16 00:45,0.874294
2025-05-16 01:00,0.880352
2025-05-16 01:15,0.756354
2025-05-16 01:30,0.744495
2025-05-16 01:45,0.708021
2025-05-16 02:00,0.666137
2025-05-16 02:15,0.674243
2025-05-16 02:30,0.69053
2025-05-16 02:45,0.676946
2025-05-16 03:00,0.667073
2025-05-16 03:15,0.585062
2025-05-16 03:30,0.533411
2025-05-16 03:45,0.483363
2025-05-16 04:00,0.481832
2025-05-16 04:15,0.463422
2025-05-16 04:30,0.437777
2025-05-16 04:45,0.420621
2025-05-16 05:00,0.369684
2025-05-16 05:15,0.340331
2025-05-16 05:30,0.328302
2025-05-16 05:45,0.274215
2025-05-16 06:00,0.314651
2025-05-16 06:15,0.283933
2025-05-16 06:30,0.23158
2025-05-16 06:45,0.222117
2025-05-16 07:00,0.199979
2025-05-16 07:15,0.208256
2025-05-16 07:30,0.194372
2025-05-16 07:45,0.188511
2025-05-16 08:00,0.164221
2025-05-16 08:15,0.240024
2025-05-16 08:30,0.294127
2025-05-16 08:45,0.259022
2025-05-16 09:00,0.279937
2025-05-16 09:15,0.221628
2025-05-16 09:30,0.232945
2025-05-16 09:45,0.240459
2025-05-16 10:00,0.274965
2025-05-16 10:15,0.303564
2025-05-16 10:30,0.348198
2025-05-16 10:45,0.386275
2025-05-16 11:00,0.383396
2025-05-16 11:15,0.371825
2025-05-16 11:30,0.378289
2025-05-16 11:45,0.369294
2025-05-16 12:00,0.40417
2025-05-16 12:15,0.485654
2025-05-16 12:30,0.437145
2025-05-16 12:45,0.429795
2025-05-16 13:00,0.435318
2025-05-16 13:15,0.434406
2025-05-16 13:30,0.420715
2025-05-16 13:45,0.42438
2025-05-16 14:00,0.419386
2025-05-16 14:15,0.437539
2025-05-16 14:30,0.408479
2025-05-16 14:45,0.382189
2025-05-16 15:00,0.406562
2025-05-16 15:15,0.446005
2025-05-16 15:30,0.458633
2025-05-16 15:45,0.454716
2025-05-16 16:00,0.445297
2025-05-16 16:15,0.411711
2025-05-16 16:30,0.403167
2025-05-16 16:45,0.445695
2025-05-16 17:00,0.451258
2025-05-16 17:15,0.498884
2025-05-16 17:30,0.525661
2025-05-16 17:45,0.577153
2025-05-16 18:00,0.53781
2025-05-16 18:15,0.556587
2025-05-16 18:30,0.540732
2025-05-16 18:45,0.581138
2025-05-16 19:00,0.604798
2025-05-16 19:15,0.618592
2025-05-16 19:30,0.604711
2025-05-16 19:45,0.549055
2025-05-16 20:00,0.397971
2025-05-16 20:15,0.43776
2025-05-16 20:30,0.545465
2025-05-16 20:45,0.50144
2025-05-16 21:00,0.511458
2025-05-16 21:15,0.515531
2025-05-16 21:30,0.520045
2025-05-16 21:45,0.499695
2025-05-16 22:00,0.560954
2025-05-16 22:15,0.536642
2025-05-16 22:30,0.628314
2025-05-16 22:45,0.564239
2025-05-16 23:00,0.523255
2025-05-16 23:15,0.566983
2025-05-16 23:30,0.608331
2025-05-16 23:45,0.62841
2025-05-17 00:00,0.810021
2025-05-17 00:15,0.830822
2025-05-17 00:30,0.792042
2025-05-17 00:45,0.867903
2025-05-17 01:00,0.813162
2025-05-17 01:15,0.748811
2025-05-17 01:30,0.742095
2025-05-17 01:45,0.706639
2025-05-17 02:00,0.695569
2025-05-17 02:15,0.652285
2025-05-17 02:30,0.745305
2025-05-17 02:45,0.631334
2025-05-17 03:00,0.601528
2025-05-17 03:15,0.578588
2025-05-17 03:30,0.584345
2025-05-17 03:45,0.549687
2025-05-17 04:00,0.48281
2025-05-17 04:15,0.51551
2025-05-17 04:30,0.433506
2025-05-17 04:45,0.402981
2025-05-17 05:00,0.39591
2025-05-17 05:15,0.363227
2025-05-17 05:30,0.347731
2025-05-17 05:45,0.329673
2025-05-17 06:00,0.308685
2025-05-17 06:15,0.255968
2025-05-17 06:30,0.242825
2025-05-17 06:45,0.247327
2025-05-17 07:00,0.238335
2025-05-17 07:15,0.24299
2025-05-17 07:30,0.238889
2025-05-17 07:45,0.237584
2025-05-17 08:00,0.213638
2025-05-17 08:15,0.20073
2025-05-17 08:30,0.201544
2025-05-17 08:45,0.193501
2025-05-17 09:00,0.176504
2025-05-17 09:15,0.180864
2025-05-17 09:30,0.190185
2025-05-17 09:45,0.205525
2025-05-17 10:00,0.232852
2025-05-17 10:15,0.245708
2025-05-17 10:30,0.285429
2025-05-17 10:45,0.329914
2025-05-17 11:00,0.327296
2025-05-17 11:15,0.335059
2025-05-17 11:30,0.397408
2025-05-17 11:45,0.387336
2025-05-17 12:00,0.374374
2025-05-17 12:15,0.336172
2025-05-17 12:30,0.389671
2025-05-17 12:45,0.467227
2025-05-17 13:00,0.414999
2025-05-17 13:15,0.428588
2025-05-17 13:30,0.42106
2025-05-17 13:45,0.426765
2025-05-17 14:00,0.466943
2025-05-17 14:15,0.399825
2025-05-17 14:30,0.436297
2025-05-17 14:45,0.527747
2025-05-17 15:00,0.456678
2025-05-17 15:15,0.468399
2025-05-17 15:30,0.454591
2025-05-17 15:45,0.480665
2025-05-17 16:00,0.526575
2025-05-17 16:15,0.447583
2025-05-17 16:30,0.462665
2025-05-17 16:45,0.509364
2025-05-17 17:00,0.50245
2025-05-17 17:15,0.524588
2025-05-17 17:30,0.528374
2025-05-17 17:45,0.530437
2025-05-17 18:00,0.525968
2025-05-17 18:15,0.524535
2025-05-17 18:30,0.593882
2025-05-17 18:45,0.530035
2025-05-17 19:00,0.496627
2025-05-17 19:15,0.532531
2025-05-17 19:30,0.48973
2025-05-17 19:45,0.525749
2025-05-17 20:00,0.564561
2025-05-17 20:15,0.530987
2025-05-17 20:30,0.525913
2025-05-17 20:45,0.513647
2025-05-17 21:00,0.52119
2025-05-17 21:15,0.560704
2025-05-17 21:30,0.517238
2025-05-17 21:45,0.548815
2025-05-17 22:00,0.503733
2025-05-17 22:15,0.4522
2025-05-17 22:30,0.477431
2025-05-17 22:45,0.533947
2025-05-17 23:00,0.464685
2025-05-17 23:15,0.541685
2025-05-17 23:30,0.617892
2025-05-17 23:45,0.746299
2025-05-18 00:00,0.704857
2025-05-18 00:15,0.743451
2025-05-18 00:30,0.727011
2025-05-18 00:45,0.721025
2025-05-18 01:00,0.717727
2025-05-18 01:15,0.742887
2025-05-18 01:30,0.763275
2025-05-18 01:45,0.763601
2025-05-18 02:00,0.727286
2025-05-18 02:15,0.684956
2025-05-18 02:30,0.671775
2025-05-18 02:45,0.742533
2025-05-18 03:00,0.666646
2025-05-18 03:15,0.713829
2025-05-18 03:30,0.646356
2025-05-18 03:45,0.61552
2025-05-18 04:00,0.548647
2025-05-18 04:15,0.51266
2025-05-18 04:30,0.484268
2025-05-18 04:45,0.452174
2025-05-18 05:00,0.426975
2025-05-18 05:15,0.364168
2025-05-18 05:30,0.342813
2025-05-18 05:45,0.316903
2025-05-18 06:00,0.284611
2025-05-18 06:15,0.27764
2025-05-18 06:30,0.272535
2025-05-18 06:45,0.247073
2025-05-18 07:00,0.23656
2025-05-18 07:15,0.230639
2025-05-18 07:30,0.240367
2025-05-18 07:45,0.225199
2025-05-18 08:00,0.221208
2025-05-18 08:15,0.199481
2025-05-18 08:30,0.201005
2025-05-18 08:45,0.196187
2025-05-18 09:00,0.189641
2025-05-18 09:15,0.191484
2025-05-18 09:30,0.19979
2025-05-18 09:45,0.199499
2025-05-18 10:00,0.21124
2025-05-18 10:15,0.232433
2025-05-18 10:30,0.236968
2025-05-18 10:45,0.282945
2025-05-18 11:00,0.307478
2025-05-18 11:15,0.305393
2025-05-18 11:30,0.330726
2025-05-18 11:45,0.362036
2025-05-18 12:00,0.385337
2025-05-18 12:15,0.440815
2025-05-18 12:30,0.469583
2025-05-18 12:45,0.463012
2025-05-18 13:00,0.543189
2025-05-18 13:15,0.595101
2025-05-18 13:30,0.639346
2025-05-18 13:45,0.643931
2025-05-18 14:00,0.61478
2025-05-18 14:15,0.643451
2025-05-18 14:30,0.635473
2025-05-18 14:45,0.586549
2025-05-18 15:00,0.560651
2025-05-18 15:15,0.604593
2025-05-18 15:30,0.599539
2025-05-18 15:45,0.58424
2025-05-18 16:00,0.522571
2025-05-18 16:15,0.507166
2025-05-18 16:30,0.585126
2025-05-18 16:45,0.652458
2025-05-18 17:00,0.627365
2025-05-18 17:15,0.591181
2025-05-18 17:30,0.579583
2025-05-18 17:45,0.666321
2025-05-18 18:00,0.676277
2025-05-18 18:15,0.704345
2025-05-18 18:30,0.650735
2025-05-18 18:45,0.663351
2025-05-18 19:00,0.656051
2025-05-18 19:15,0.588701
2025-05-18 19:30,0.6628
2025-05-18 19:45,0.664923
2025-05-18 20:00,0.697718
2025-05-18 20:15,0.678444
2025-05-18 20:30,0.607888
2025-05-18 20:45,0.612983
2025-05-18 21:00,0.586533
2025-05-18 21:15,0.594113
2025-05-18 21:30,0.718357
2025-05-18 21:45,0.748203
2025-05-18 22:00,0.630576
2025-05-18 22:15,0.630412
2025-05-18 22:30,0.593555
2025-05-18 22:45,0.586215
2025-05-18 23:00,0.603536
2025-05-18 23:15,0.68421
2025-05-18 23:30,0.663669
2025-05-18 23:45,0.678045
2025-05-19 00:00,0.789395
2025-05-19 00:15,0.831521
2025-05-19 00:30,0.802559
2025-05-19 00:45,0.760164
2025-05-19 01:00,0.755521
2025-05-19 01:15,0.731691
2025-05-19 01:30,0.744375
2025-05-19 01:45,0.782512
2025-05-19 02:00,0.751819
2025-05-19 02:15,0.736969
2025-05-19 02:30,0.688696
2025-05-19 02:45,0.6246
2025-05-19 03:00,0.552062
2025-05-19 03:15,0.616598
2025-05-19 03:30,0.527959
2025-05-19 03:45,0.484996
2025-05-19 04:00,0.511679
2025-05-19 04:15,0.471849
2025-05-19 04:30,0.411666
2025-05-19 04:45,0.367088
2025-05-19 05:00,0.349526
2025-05-19 05:15,0.374212
2025-05-19 05:30,0.329936
2025-05-19 05:45,0.320081
2025-05-19 06:00,0.332022
2025-05-19 06:15,0.257985
2025-05-19 06:30,0.243169
2025-05-19 06:45,0.227041
2025-05-19 07:00,0.225129
2025-05-19 07:15,0.208115
2025-05-19 07:30,0.180122
2025-05-19 07:45,0.191593
2025-05-19 08:00,0.170255
2025-05-19 08:15,0.168262
2025-05-19 08:30,0.180616
2025-05-19 08:45,0.18112
2025-05-19 09:00,0.180127
2025-05-19 09:15,0.198011
2025-05-19 09:30,0.219674
2025-05-19 09:45,0.23353
2025-05-19 10:00,0.252753
2025-05-19 10:15,0.268374
2025-05-19 10:30,0.380798
2025-05-19 10:45,0.367447
2025-05-19 11:00,0.361566
2025-05-19 11:15,0.370171
2025-05-19 11:30,0.370939
2025-05-19 11:45,0.399137
2025-05-19 12:00,0.396971
2025-05-19 12:15,0.375347
2025-05-19 12:30,0.401904
2025-05-19 12:45,0.427198
2025-05-19 13:00,0.44903
2025-05-19 13:15,0.480256
2025-05-19 13:30,0.435999
2025-05-19 13:45,0.38743
2025-05-19 14:00,0.390832
2025-05-19 14:15,0.351792
2025-05-19 14:30,0.379541
2025-05-19 14:45,0.366023
2025-05-19 15:00,0.444225
2025-05-19 15:15,0.380301
2025-05-19 15:30,0.411615
2025-05-19 15:45,0.394353
2025-05-19 16:00,0.410184
2025-05-19 16:15,0.445701
2025-05-19 16:30,0.43662
2025-05-19 16:45,0.490082
2025-05-19 17:00,0.45374
2025-05-19 17:15,0.468873
2025-05-19 17:30,0.492256
2025-05-19 17:45,0.465482
2025-05-19 18:00,0.495141
2025-05-19 18:15,0.516464
2025-05-19 18:30,0.497033
2025-05-19 18:45,0.579066
2025-05-19 19:00,0.49721
2025-05-19 19:15,0.495756
2025-05-19 19:30,0.551086
2025-05-19 19:45,0.521403
2025-05-19 20:00,0.550732
2025-05-19 20:15,0.522081
2025-05-19 20:30,0.511258
2025-05-19 20:45,0.522722
2025-05-19 21:00,0.492056
2025-05-19 21:15,0.535862
2025-05-19 21:30,0.497563
2025-05-19 21:45,0.527931
2025-05-19 22:00,0.513303
2025-05-19 22:15,0.467756
2025-05-19 22:30,0.461322
2025-05-19 22:45,0.542891
2025-05-19 23:00,0.560062
2025-05-19 23:15,0.503326
2025-05-19 23:30,0.538183
2025-05-19 23:45,0.568988
2025-05-20 00:00,0.747182
2025-05-20 00:15,0.804479
2025-05-20 00:30,0.806723
2025-05-20 00:45,0.800902
2025-05-20 01:00,0.903716
2025-05-20 01:15,0.78986
2025-05-20 01:30,0.769676
2025-05-20 01:45,0.689138
2025-05-20 02:00,0.739962
2025-05-20 02:15,0.704568
2025-05-20 02:30,0.628604
2025-05-20 02:45,0.604227
2025-05-20 03:00,0.585865
2025-05-20 03:15,0.552123
2025-05-20 03:30,0.563532
2025-05-20 03:45,0.480666
2025-05-20 04:00,0.46178
2025-05-20 04:15,0.395719
2025-05-20 04:30,0.399998
2025-05-20 04:45,0.390017
2025-05-20 05:00,0.370184
2025-05-20 05:15,0.336363
2025-05-20 05:30,0.317844
2025-05-20 05:45,0.315956
2025-05-20 06:00,0.284704
2025-05-20 06:15,0.260973
2025-05-20 06:30,0.22073
2025-05-20 06:45,0.189249
2025-05-20 07:00,0.198076
2025-05-20 07:15,0.201014
2025-05-20 07:30,0.174178
2025-05-20 07:45,0.190228
2025-05-20 08:00,0.15516
2025-05-20 08:15,0.182366
2025-05-20 08:30,0.196027
2025-05-20 08:45,0.181681
2025-05-20 09:00,0.163642
2025-05-20 09:15,0.177102
2025-05-20 09:30,0.193438
2025-05-20 09:45,0.200005
2025-05-20 10:00,0.230521
2025-05-20 10:15,0.258663
2025-05-20 10:30,0.266981
2025-05-20 10:45,0.321222
2025-05-20 11:00,0.357339
2025-05-20 11:15,0.381431
2025-05-20 11:30,0.408403
2025-05-20 11:45,0.415199
2025-05-20 12:00,0.41147
2025-05-20 12:15,0.408385
2025-05-20 12:30,0.389887
2025-05-20 12:45,0.370542
2025-05-20 13:00,0.364258
2025-05-20 13:15,0.396638
2025-05-20 13:30,0.381656
2025-05-20 13:45,0.394029
2025-05-20 14:00,0.367763
2025-05-20 14:15,0.390126
2025-05-20 14:30,0.346964
2025-05-20 14:45,0.33778
2025-05-20 15:00,0.361739
2025-05-20 15:15,0.371421
2025-05-20 15:30,0.383239
2025-05-20 15:45,0.391227
2025-05-20 16:00,0.381812
2025-05-20 16:15,0.405012
2025-05-20 16:30,0.411701
2025-05-20 16:45,0.416308
2025-05-20 17:00,0.439607
2025-05-20 17:15,0.413065
2025-05-20 17:30,0.384497
2025-05-20 17:45,0.463288
2025-05-20 18:00,0.449278
2025-05-20 18:15,0.44836
2025-05-20 18:30,0.525175
2025-05-20 18:45,0.476484
2025-05-20 19:00,0.483812
2025-05-20 19:15,0.494281
2025-05-20 19:30,0.45504
2025-05-20 19:45,0.503512
2025-05-20 20:00,0.475626
2025-05-20 20:15,0.475663
2025-05-20 20:30,0.486787
2025-05-20 20:45,0.475278
2025-05-20 21:00,0.467228
2025-05-20 21:15,0.477543
2025-05-20 21:30,0.491193
2025-05-20 21:45,0.527977
2025-05-20 22:00,0.548363
2025-05-20 22:15,0.479272
2025-05-20 22:30,0.508989
2025-05-20 22:45,0.522057
2025-05-20 23:00,0.543651
2025-05-20 23:15,0.545422
2025-05-20 23:30,0.604817
2025-05-20 23:45,0.644318
2025-05-21 00:00,0.781431
2025-05-21 00:00,0.813851
2025-05-21 00:15,0.849646
2025-05-21 00:30,0.870294
2025-05-21 00:45,0.862013
2025-05-21 01:00,1.0
2025-05-21 01:15,0.839438
2025-05-21 01:30,0.72888
2025-05-21 01:45,0.782307
2025-05-21 02:00,0.787253
2025-05-21 02:15,0.791378
2025-05-21 02:30,0.762368
2025-05-21 02:45,0.73769
2025-05-21 03:00,0.625859
2025-05-21 03:15,0.55313
2025-05-21 03:30,0.583679
2025-05-21 03:45,0.542473
2025-05-21 04:00,0.492555
2025-05-21 04:15,0.4645
2025-05-21 04:30,0.424762
2025-05-21 04:45,0.413048
2025-05-21 05:00,0.477726
2025-05-21 05:15,0.433687
2025-05-21 05:30,0.406253
2025-05-21 05:45,0.308111
2025-05-21 06:00,0.316728
2025-05-21 06:15,0.282402
2025-05-21 06:30,0.258553
2025-05-21 06:45,0.245668
2025-05-21 07:00,0.228138
2025-05-21 07:15,0.188224
2025-05-21 07:30,0.190551
2025-05-21 07:45,0.177514
2025-05-21 08:00,0.201994
2025-05-21 08:15,0.196642
2025-05-21 08:30,0.191388
2025-05-21 08:45,0.204368
2025-05-21 09:00,0.220765
2025-05-21 09:15,0.209923
2025-05-21 09:30,0.214615
2025-05-21 09:45,0.217135
2025-05-21 10:00,0.249821
2025-05-21 10:15,0.289067
2025-05-21 10:30,0.346928
2025-05-21 10:45,0.375109
2025-05-21 11:00,0.422753
2025-05-21 11:15,0.402007
2025-05-21 11:30,0.37182
2025-05-21 11:45,0.392098
2025-05-21 12:00,0.41518
2025-05-21 12:15,0.438942
2025-05-21 12:30,0.431797
2025-05-21 12:45,0.430472
2025-05-21 13:00,0.419243
2025-05-21 13:15,0.393675
2025-05-21 13:30,0.406876
2025-05-21 13:45,0.378934
2025-05-21 14:00,0.377851
2025-05-21 14:15,0.362423
2025-05-21 14:30,0.374734
2025-05-21 14:45,0.35573
2025-05-21 15:00,0.362231
2025-05-21 15:15,0.357698
2025-05-21 15:30,0.369629
2025-05-21 15:45,0.376472
2025-05-21 16:00,0.365279
2025-05-21 16:15,0.368468
2025-05-21 16:30,0.382476
2025-05-21 16:45,0.362691
2025-05-21 17:00,0.378943
2025-05-21 17:15,0.440702
2025-05-21 17:30,0.448967
2025-05-21 17:45,0.481571
2025-05-21 18:00,0.435238
2025-05-21 18:15,0.444803
2025-05-21 18:30,0.477346
2025-05-21 18:45,0.505214
2025-05-21 19:00,0.550031
2025-05-21 19:15,0.611158
2025-05-21 19:30,0.599671
2025-05-21 19:45,0.648301
2025-05-21 20:00,0.574541
2025-05-21 20:15,0.530778
2025-05-21 20:30,0.528613
2025-05-21 20:45,0.541645
2025-05-21 21:00,0.549923
2025-05-21 21:15,0.558359
2025-05-21 21:30,0.586304
2025-05-21 21:45,0.603948
2025-05-21 22:00,0.535856
2025-05-21 22:15,0.54028
2025-05-21 22:30,0.616235
2025-05-21 22:45,0.628966
2025-05-21 23:00,0.678663
2025-05-21 23:15,0.762683
2025-05-21 23:30,0.675769
2025-05-21 23:45,0.726865
2025-05-22 00:00,0.784382
2025-05-22 00:15,0.900851
2025-05-22 00:30,0.9493
2025-05-22 00:45,0.882551
2025-05-22 01:00,0.876024
2025-05-22 01:15,0.787538
2025-05-22 01:30,0.799
2025-05-22 01:45,0.742434
2025-05-22 02:00,0.833954
2025-05-22 02:15,0.83131
2025-05-22 02:30,0.727735
2025-05-22 02:45,0.732336
2025-05-22 03:00,0.732541
2025-05-22 03:15,0.575899
2025-05-22 03:30,0.559092
2025-05-22 03:45,0.511232
2025-05-22 04:00,0.484104
2025-05-22 04:15,0.445495
2025-05-22 04:30,0.45992
2025-05-22 04:45,0.395511
2025-05-22 05:00,0.343311
2025-05-22 05:15,0.385996
2025-05-22 05:30,0.367747
2025-05-22 05:45,0.311673
2025-05-22 06:00,0.281072
2025-05-22 06:15,0.245033
2025-05-22 06:30,0.236068
2025-05-22 06:45,0.240789
2025-05-22 07:00,0.231513
2025-05-22 07:15,0.203126
2025-05-22 07:30,0.197154
2025-05-22 07:45,0.189678
2025-05-22 08:00,0.205206
2025-05-22 08:15,0.218821
2025-05-22 08:30,0.192253
2025-05-22 08:45,0.191771
2025-05-22 09:00,0.195518
2025-05-22 09:15,0.210945
2025-05-22 09:30,0.217278
2025-05-22 09:45,0.238644
2025-05-22 10:00,0.252449
2025-05-22 10:15,0.314938
2025-05-22 10:30,0.367763
2025-05-22 10:45,0.390231
2025-05-22 11:00,0.352285
2025-05-22 11:15,0.371061
2025-05-22 11:30,0.409158
2025-05-22 11:45,0.441933
2025-05-22 12:00,0.423443
2025-05-22 12:15,0.420373
2025-05-22 12:30,0.444259
2025-05-22 12:45,0.424418
2025-05-22 13:00,0.413001
2025-05-22 13:15,0.432379
2025-05-22 13:30,0.419643
2025-05-22 13:45,0.416679
2025-05-22 14:00,0.397094
2025-05-22 14:15,0.398942
2025-05-22 14:30,0.406229
2025-05-22 14:45,0.406105
2025-05-22 15:00,0.414354
2025-05-22 15:15,0.413976
2025-05-22 15:30,0.414835
2025-05-22 15:45,0.41509
2025-05-22 16:00,0.433514
2025-05-22 16:15,0.42608
2025-05-22 16:30,0.430448
2025-05-22 16:45,0.434892
2025-05-22 17:00,0.450065
2025-05-22 17:15,0.461647
2025-05-22 17:30,0.473174
2025-05-22 17:45,0.525096
2025-05-22 18:00,0.526855
2025-05-22 18:15,0.553575
2025-05-22 18:30,0.609722
2025-05-22 18:45,0.545053
2025-05-22 19:00,0.568446
2025-05-22 19:15,0.552795
2025-05-22 19:30,0.584756
2025-05-22 19:45,0.597941
2025-05-22 20:00,0.612082
2025-05-22 20:15,0.640282
2025-05-22 20:30,0.638004
2025-05-22 20:45,0.567373
2025-05-22 21:00,0.598586
2025-05-22 21:15,0.533124
2025-05-22 21:30,0.497321
2025-05-22 21:45,0.465324
2025-05-22 22:00,0.470965
2025-05-22 22:15,0.4921
2025-05-22 22:30,0.584108
2025-05-22 22:45,0.644231
2025-05-22 23:00,0.613045
2025-05-22 23:15,0.595667
2025-05-22 23:30,0.673887
2025-05-22 23:45,0.633545
2025-05-23 00:00,0.822457
2025-05-23 00:15,0.85091
2025-05-23 00:30,0.794317
2025-05-23 00:45,0.802099
2025-05-23 01:00,0.824265
2025-05-23 01:15,0.808016
2025-05-23 01:30,0.734039
2025-05-23 01:45,0.752045
2025-05-23 02:00,0.690499
2025-05-23 02:15,0.701466
2025-05-23 02:30,0.66443
2025-05-23 02:45,0.631549
2025-05-23 03:00,0.650997
2025-05-23 03:15,0.606954
2025-05-23 03:30,0.559365
2025-05-23 03:45,0.456723
2025-05-23 04:00,0.477241
2025-05-23 04:15,0.437627
2025-05-23 04:30,0.399123
2025-05-23 04:45,0.383715
2025-05-23 05:00,0.364754
2025-05-23 05:15,0.326121
2025-05-23 05:30,0.286717
2025-05-23 05:45,0.266791
2025-05-23 06:00,0.254193
2025-05-23 06:15,0.231401
2025-05-23 06:30,0.215922
2025-05-23 06:45,0.221176
2025-05-23 07:00,0.222322
2025-05-23 07:15,0.219211
2025-05-23 07:30,0.206394
2025-05-23 07:45,0.201521
2025-05-23 08:00,0.198836
2025-05-23 08:15,0.185107
2025-05-23 08:30,0.193575
2025-05-23 08:45,0.18036
2025-05-23 09:00,0.187924
2025-05-23 09:15,0.202619
2025-05-23 09:30,0.220666
2025-05-23 09:45,0.246835
2025-05-23 10:00,0.257149
2025-05-23 10:15,0.28235
2025-05-23 10:30,0.335846
2025-05-23 10:45,0.312739
2025-05-23 11:00,0.363115
2025-05-23 11:15,0.418635
2025-05-23 11:30,0.403652
2025-05-23 11:45,0.406451
2025-05-23 12:00,0.473787
2025-05-23 12:15,0.509697
2025-05-23 12:30,0.433249
2025-05-23 12:45,0.390511
2025-05-23 13:00,0.433637
2025-05-23 13:15,0.442319
2025-05-23 13:30,0.414621
2025-05-23 13:45,0.41205
2025-05-23 14:00,0.425062
2025-05-23 14:15,0.42176
2025-05-23 14:30,0.429111
2025-05-23 14:45,0.431097
2025-05-23 15:00,0.425927
2025-05-23 15:15,0.51355
2025-05-23 15:30,0.479452
2025-05-23 15:45,0.490649
2025-05-23 16:00,0.459923
2025-05-23 16:15,0.514279
2025-05-23 16:30,0.49549
2025-05-23 16:45,0.466412
2025-05-23 17:00,0.5174
2025-05-23 17:15,0.497984
2025-05-23 17:30,0.512655
2025-05-23 17:45,0.493765
2025-05-23 18:00,0.526378
2025-05-23 18:15,0.565528
2025-05-23 18:30,0.547523
2025-05-23 18:45,0.561197
2025-05-23 19:00,0.584643
2025-05-23 19:15,0.623851
2025-05-23 19:30,0.658454
2025-05-23 19:45,0.544489
2025-05-23 20:00,0.624035
2025-05-23 20:15,0.598847
2025-05-23 20:30,0.605595
2025-05-23 20:45,0.643223
2025-05-23 21:00,0.542637
2025-05-23 21:15,0.496709
2025-05-23 21:30,0.503806
2025-05-23 21:45,0.486746
2025-05-23 22:00,0.496414
2025-05-23 22:15,0.549928
2025-05-23 22:30,0.533744
2025-05-23 22:45,0.574042
2025-05-23 23:00,0.519067
2025-05-23 23:15,0.567585
2025-05-23 23:30,0.629663
2025-05-23 23:45,0.629516
2025-05-24 00:00,0.737487
2025-05-24 00:15,0.813579
2025-05-24 00:30,0.839015
2025-05-24 00:45,0.813114
2025-05-24 01:00,0.825629
2025-05-24 01:15,0.74022
2025-05-24 01:30,0.693986
2025-05-24 01:45,0.697266
2025-05-24 02:00,0.81356
2025-05-24 02:15,0.769438
2025-05-24 02:30,0.760255
2025-05-24 02:45,0.596913
2025-05-24 03:00,0.623336
2025-05-24 03:15,0.602954
2025-05-24 03:30,0.548982
2025-05-24 03:45,0.499109
2025-05-24 04:00,0.503203
2025-05-24 04:15,0.495709
2025-05-24 04:30,0.429272
2025-05-24 04:45,0.400516
2025-05-24 05:00,0.416368
2025-05-24 05:15,0.339233
2025-05-24 05:30,0.314309
2025-05-24 05:45,0.323694
2025-05-24 06:00,0.29662
2025-05-24 06:15,0.282555
2025-05-24 06:30,0.317773
2025-05-24 06:45,0.304923
2025-05-24 07:00,0.29894
2025-05-24 07:15,0.302777
2025-05-24 07:30,0.254061
2025-05-24 07:45,0.197779
2025-05-24 08:00,0.201312
2025-05-24 08:15,0.190552
2025-05-24 08:30,0.216181
2025-05-24 08:45,0.192554
2025-05-24 09:00,0.195125
2025-05-24 09:15,0.189905
2025-05-24 09:30,0.201269
2025-05-24 09:45,0.205309
2025-05-24 10:00,0.23866
2025-05-24 10:15,0.269588
2025-05-24 10:30,0.268477
2025-05-24 10:45,0.298489
2025-05-24 11:00,0.316919
2025-05-24 11:15,0.366134
2025-05-24 11:30,0.397332
2025-05-24 11:45,0.409435
2025-05-24 12:00,0.418071
2025-05-24 12:15,0.41271
2025-05-24 12:30,0.361745
2025-05-24 12:45,0.369893
2025-05-24 13:00,0.37108
2025-05-24 13:15,0.396805
2025-05-24 13:30,0.401099
2025-05-24 13:45,0.435288
2025-05-24 14:00,0.498273
2025-05-24 14:15,0.51896
2025-05-24 14:30,0.54307
2025-05-24 14:45,0.601545
2025-05-24 15:00,0.616589
2025-05-24 15:15,0.593975
2025-05-24 15:30,0.543977
2025-05-24 15:45,0.531883
2025-05-24 16:00,0.488383
2025-05-24 16:15,0.473172
2025-05-24 16:30,0.479217
2025-05-24 16:45,0.479079
2025-05-24 17:00,0.495618
2025-05-24 17:15,0.481329
2025-05-24 17:30,0.512673
2025-05-24 17:45,0.539163
2025-05-24 18:00,0.484381
2025-05-24 18:15,0.484152
2025-05-24 18:30,0.502397
2025-05-24 18:45,0.492928
2025-05-24 19:00,0.522881
2025-05-24 19:15,0.528194
2025-05-24 19:30,0.549029
2025-05-24 19:45,0.503321
2025-05-24 20:00,0.510972
2025-05-24 20:15,0.53006
2025-05-24 20:30,0.535624
2025-05-24 20:45,0.557234
2025-05-24 21:00,0.530225
2025-05-24 21:15,0.580209
2025-05-24 21:30,0.538452
2025-05-24 21:45,0.517694
2025-05-24 22:00,0.568711
2025-05-24 22:15,0.515604
2025-05-24 22:30,0.573593
2025-05-24 22:45,0.518336
2025-05-24 23:00,0.582674
2025-05-24 23:15,0.57034
2025-05-24 23:30,0.591338
2025-05-24 23:45,0.6412
2025-05-25 00:00,0.679969
2025-05-25 00:15,0.783139
2025-05-25 00:30,0.711861
2025-05-25 00:45,0.760428
2025-05-25 01:00,0.753236
2025-05-25 01:15,0.751179
2025-05-25 01:30,0.747092
2025-05-25 01:45,0.692121
2025-05-25 02:00,0.665998
2025-05-25 02:15,0.701806
2025-05-25 02:30,0.665745
2025-05-25 02:45,0.598846
2025-05-25 03:00,0.602432
2025-05-25 03:15,0.547787
2025-05-25 03:30,0.538733
2025-05-25 03:45,0.507542
2025-05-25 04:00,0.575219
2025-05-25 04:15,0.538299
2025-05-25 04:30,0.467315
2025-05-25 04:45,0.44202
2025-05-25 05:00,0.412972
2025-05-25 05:15,0.389274
2025-05-25 05:30,0.372147
2025-05-25 05:45,0.355986
2025-05-25 06:00,0.320446
2025-05-25 06:15,0.296474
2025-05-25 06:30,0.274012
2025-05-25 06:45,0.262803
2025-05-25 07:00,0.272786
2025-05-25 07:15,0.248746
2025-05-25 07:30,0.24202
2025-05-25 07:45,0.226988
2025-05-25 08:00,0.204279
2025-05-25 08:15,0.224591
2025-05-25 08:30,0.210908
2025-05-25 08:45,0.193856
2025-05-25 09:00,0.185214
2025-05-25 09:15,0.193086
2025-05-25 09:30,0.224127
2025-05-25 09:45,0.207884
2025-05-25 10:00,0.217715
2025-05-25 10:15,0.225789
2025-05-25 10:30,0.248655
2025-05-25 10:45,0.275252
2025-05-25 11:00,0.337882
2025-05-25 11:15,0.324911
2025-05-25 11:30,0.359327
2025-05-25 11:45,0.34229
2025-05-25 12:00,0.377699
2025-05-25 12:15,0.440134
2025-05-25 12:30,0.462449
2025-05-25 12:45,0.488626
2025-05-25 13:00,0.53935
2025-05-25 13:15,0.539495
2025-05-25 13:30,0.575885
2025-05-25 13:45,0.607249
2025-05-25 14:00,0.63485
2025-05-25 14:15,0.612604
2025-05-25 14:30,0.633983
2025-05-25 14:45,0.61316
2025-05-25 15:00,0.539387
2025-05-25 15:15,0.507995
2025-05-25 15:30,0.509004
2025-05-25 15:45,0.52037
2025-05-25 16:00,0.525747
2025-05-25 16:15,0.531673
2025-05-25 16:30,0.490284
2025-05-25 16:45,0.561733
2025-05-25 17:00,0.566926
2025-05-25 17:15,0.572304
2025-05-25 17:30,0.588686
2025-05-25 17:45,0.568498
2025-05-25 18:00,0.583115
2025-05-25 18:15,0.561036
2025-05-25 18:30,0.545703
2025-05-25 18:45,0.584391
2025-05-25 19:00,0.646805
2025-05-25 19:15,0.678447
2025-05-25 19:30,0.65246
2025-05-25 19:45,0.652889
2025-05-25 20:00,0.657031
2025-05-25 20:15,0.630596
2025-05-25 20:30,0.67698
2025-05-25 20:45,0.666276
2025-05-25 21:00,0.624277
2025-05-25 21:15,0.637398
2025-05-25 21:30,0.701273
2025-05-25 21:45,0.624734
2025-05-25 22:00,0.603504
2025-05-25 22:15,0.597182
2025-05-25 22:30,0.606921
2025-05-25 22:45,0.655087
2025-05-25 23:00,0.652774
2025-05-25 23:15,0.615542
2025-05-25 23:30,0.60514
2025-05-25 23:45,0.690483
2025-05-26 00:00,0.74795
2025-05-26 00:15,0.756067
2025-05-26 00:30,0.705302
2025-05-26 00:45,0.687215
2025-05-26 01:00,0.745703
2025-05-26 01:15,0.755245
2025-05-26 01:30,0.751899
2025-05-26 01:45,0.764639
2025-05-26 02:00,0.809867
2025-05-26 02:15,0.69542
2025-05-26 02:30,0.680379
2025-05-26 02:45,0.688001
2025-05-26 03:00,0.595511
2025-05-26 03:15,0.583038
2025-05-26 03:30,0.5112
2025-05-26 03:45,0.508206
2025-05-26 04:00,0.478315
2025-05-26 04:15,0.464876
2025-05-26 04:30,0.392526
2025-05-26 04:45,0.381318
2025-05-26 05:00,0.39933
2025-05-26 05:15,0.354699
2025-05-26 05:30,0.349555
2025-05-26 05:45,0.301749
2025-05-26 06:00,0.294405
2025-05-26 06:15,0.282001
2025-05-26 06:30,0.319843
2025-05-26 06:45,0.288613
2025-05-26 07:00,0.245363
2025-05-26 07:15,0.234061
2025-05-26 07:30,0.204349
2025-05-26 07:45,0.198488
2025-05-26 08:00,0.221392
2025-05-26 08:15,0.244089
2025-05-26 08:30,0.229471
2025-05-26 08:45,0.239073
2025-05-26 09:00,0.205505
2025-05-26 09:15,0.231865
2025-05-26 09:30,0.275788
2025-05-26 09:45,0.262907
2025-05-26 10:00,0.267288
2025-05-26 10:15,0.295497
2025-05-26 10:30,0.336431
2025-05-26 10:45,0.362028
2025-05-26 11:00,0.352811
2025-05-26 11:15,0.388983
2025-05-26 11:30,0.415414
2025-05-26 11:45,0.41454
2025-05-26 12:00,0.404005
2025-05-26 12:15,0.42681
2025-05-26 12:30,0.416232
2025-05-26 12:45,0.431671
2025-05-26 13:00,0.409915
2025-05-26 13:15,0.424764
2025-05-26 13:30,0.397737
2025-05-26 13:45,0.416489
2025-05-26 14:00,0.426271
2025-05-26 14:15,0.406674
2025-05-26 14:30,0.452258
2025-05-26 14:45,0.490438
2025-05-26 15:00,0.470662
2025-05-26 15:15,0.474491
2025-05-26 15:30,0.467391
2025-05-26 15:45,0.464971
2025-05-26 16:00,0.469653
2025-05-26 16:15,0.473883
2025-05-26 16:30,0.444461
2025-05-26 16:45,0.467751
2025-05-26 17:00,0.479683
2025-05-26 17:15,0.547376
2025-05-26 17:30,0.566652
2025-05-26 17:45,0.610884
2025-05-26 18:00,0.580253
2025-05-26 18:15,0.551327
2025-05-26 18:30,0.558866
2025-05-26 18:45,0.575838
2025-05-26 19:00,0.570777
2025-05-26 19:15,0.541699
2025-05-26 19:30,0.532137
2025-05-26 19:45,0.518587
2025-05-26 20:00,0.550137
2025-05-26 20:15,0.549684
2025-05-26 20:30,0.505124
2025-05-26 20:45,0.502656
2025-05-26 21:00,0.463215
2025-05-26 21:15,0.459913
2025-05-26 21:30,0.504697
2025-05-26 21:45,0.564255
2025-05-26 22:00,0.509215
2025-05-26 22:15,0.570654
2025-05-26 22:30,0.577592
2025-05-26 22:45,0.516976
2025-05-26 23:00,0.511337
2025-05-26 23:15,0.693579
2025-05-26 23:30,0.562235
2025-05-26 23:45,0.66347
2025-05-27 00:00,0.788012
2025-05-27 00:15,0.808622
2025-05-27 00:30,0.807386
2025-05-27 00:45,0.906065
2025-05-27 01:00,0.844672
2025-05-27 01:15,0.791099
2025-05-27 01:30,0.787291
2025-05-27 01:45,0.797448
2025-05-27 02:00,0.74524
2025-05-27 02:15,0.760508
2025-05-27 02:30,0.785532
2025-05-27 02:45,0.814448
2025-05-27 03:00,0.74529
2025-05-27 03:15,0.681095
2025-05-27 03:30,0.602613
2025-05-27 03:45,0.588134
2025-05-27 04:00,0.620994
2025-05-27 04:15,0.606534
2025-05-27 04:30,0.533783
2025-05-27 04:45,0.460068
2025-05-27 05:00,0.4012
2025-05-27 05:15,0.356514
2025-05-27 05:30,0.327345
2025-05-27 05:45,0.30177
2025-05-27 06:00,0.289802
2025-05-27 06:15,0.2656
2025-05-27 06:30,0.264949
2025-05-27 06:45,0.243458
2025-05-27 07:00,0.21434
2025-05-27 07:15,0.197467
2025-05-27 07:30,0.205165
2025-05-27 07:45,0.251304
2025-05-27 08:00,0.199741
2025-05-27 08:15,0.194253
2025-05-27 08:30,0.175875
2025-05-27 08:45,0.197465
2025-05-27 09:00,0.20079
2025-05-27 09:15,0.217809
2025-05-27 09:30,0.26086
2025-05-27 09:45,0.261194
2025-05-27 10:00,0.278809
2025-05-27 10:15,0.298436
2025-05-27 10:30,0.360521
2025-05-27 10:45,0.390985
2025-05-27 11:00,0.369972
2025-05-27 11:15,0.407832
2025-05-27 11:30,0.396855
2025-05-27 11:45,0.437366
2025-05-27 12:00,0.464985
2025-05-27 12:15,0.42509
2025-05-27 12:30,0.422142
2025-05-27 12:45,0.43836
2025-05-27 13:00,0.423778
2025-05-27 13:15,0.438454
2025-05-27 13:30,0.446508
2025-05-27 13:45,0.405064
2025-05-27 14:00,0.428052
2025-05-27 14:15,0.413425
2025-05-27 14:30,0.423199
2025-05-27 14:45,0.424078
2025-05-27 15:00,0.412197
2025-05-27 15:15,0.49946
2025-05-27 15:30,0.479239
2025-05-27 15:45,0.427718
2025-05-27 16:00,0.475012
2025-05-27 16:15,0.487792
2025-05-27 16:30,0.459488
2025-05-27 16:45,0.471942
2025-05-27 17:00,0.461072
2025-05-27 17:15,0.548282
2025-05-27 17:30,0.541105
2025-05-27 17:45,0.556445
2025-05-27 18:00,0.605054
2025-05-27 18:15,0.62167
2025-05-27 18:30,0.583599
2025-05-27 18:45,0.532867
2025-05-27 19:00,0.552343
2025-05-27 19:15,0.567774
2025-05-27 19:30,0.595368
2025-05-27 19:45,0.583112
2025-05-27 20:00,0.533371
2025-05-27 20:15,0.532322
2025-05-27 20:30,0.597723
2025-05-27 20:45,0.568182
2025-05-27 21:00,0.53538
2025-05-27 21:15,0.505545
2025-05-27 21:30,0.439664
2025-05-27 21:45,0.443495
2025-05-27 22:00,0.52028
2025-05-27 22:15,0.488348
2025-05-27 22:30,0.553698
2025-05-27 22:45,0.493461
2025-05-27 23:00,0.523986
2025-05-27 23:15,0.539157
2025-05-27 23:30,0.610141
2025-05-27 23:45,0.689341
2025-05-28 00:00,0.812784
2025-05-28 00:00,0.897746
2025-05-28 00:15,0.837074
2025-05-28 00:30,0.874516
2025-05-28 00:45,0.865894
2025-05-28 01:00,0.880331
2025-05-28 01:15,0.931754
2025-05-28 01:30,0.836989
2025-05-28 01:45,0.824097
2025-05-28 02:00,0.863423
2025-05-28 02:15,0.895985
2025-05-28 02:30,0.830485
2025-05-28 02:45,0.743402
2025-05-28 03:00,0.64299
2025-05-28 03:15,0.587109
2025-05-28 03:30,0.602507
2025-05-28 03:45,0.611059
2025-05-28 04:00,0.521795
2025-05-28 04:15,0.496098
2025-05-28 04:30,0.463472
2025-05-28 04:45,0.438063
2025-05-28 05:00,0.389014
2025-05-28 05:15,0.349987
2025-05-28 05:30,0.347168
2025-05-28 05:45,0.319936
2025-05-28 06:00,0.292852
2025-05-28 06:15,0.293765
2025-05-28 06:30,0.254994
2025-05-28 06:45,0.241446
2025-05-28 07:00,0.219305
2025-05-28 07:15,0.220164
2025-05-28 07:30,0.223079
2025-05-28 07:45,0.22269
2025-05-28 08:00,0.225881
2025-05-28 08:15,0.206546
2025-05-28 08:30,0.223087
2025-05-28 08:45,0.208313
2025-05-28 09:00,0.235501
2025-05-28 09:15,0.250515
2025-05-28 09:30,0.258032
2025-05-28 09:45,0.300162
2025-05-28 10:00,0.30096
2025-05-28 10:15,0.332441
2025-05-28 10:30,0.346359
2025-05-28 10:45,0.364873
2025-05-28 11:00,0.419286
2025-05-28 11:15,0.477857
2025-05-28 11:30,0.472006
2025-05-28 11:45,0.420108
2025-05-28 12:00,0.441077
2025-05-28 12:15,0.559324
2025-05-28 12:30,0.491782
2025-05-28 12:45,0.487527
2025-05-28 13:00,0.580818
2025-05-28 13:15,0.521108
2025-05-28 13:30,0.508279
2025-05-28 13:45,0.482711
2025-05-28 14:00,0.484197
2025-05-28 14:15,0.495118
2025-05-28 14:30,0.528643
2025-05-28 14:45,0.49348
2025-05-28 15:00,0.477686
2025-05-28 15:15,0.51171
2025-05-28 15:30,0.607305
2025-05-28 15:45,0.610066
2025-05-28 16:00,0.542597
2025-05-28 16:15,0.571514
2025-05-28 16:30,0.551572
2025-05-28 16:45,0.482847
2025-05-28 17:00,0.539003
2025-05-28 17:15,0.598415
2025-05-28 17:30,0.557241
2025-05-28 17:45,0.545735
2025-05-28 18:00,0.626787
2025-05-28 18:15,0.58804
2025-05-28 18:30,0.664701
2025-05-28 18:45,0.655731
2025-05-28 19:00,0.686361
2025-05-28 19:15,0.652402
2025-05-28 19:30,0.640543
2025-05-28 19:45,0.614235
2025-05-28 20:00,0.635757
2025-05-28 20:15,0.627749
2025-05-28 20:30,0.644048
2025-05-28 20:45,0.625495
2025-05-28 21:00,0.564382
2025-05-28 21:15,0.537618
2025-05-28 21:30,0.523463
2025-05-28 21:45,0.566389
2025-05-28 22:00,0.525351
2025-05-28 22:15,0.621207
2025-05-28 22:30,0.614166
2025-05-28 22:45,0.566998
2025-05-28 23:00,0.624781
2025-05-28 23:15,0.643037
2025-05-28 23:30,0.648995
2025-05-28 23:45,0.726618
2025-05-29 00:00,0.791359
2025-05-29 00:15,0.817511
2025-05-29 00:30,0.801354
2025-05-29 00:45,0.838778
2025-05-29 01:00,0.856944
2025-05-29 01:15,0.778515
2025-05-29 01:30,0.804009
2025-05-29 01:45,0.82443
2025-05-29 02:00,0.914826
2025-05-29 02:15,0.822322
2025-05-29 02:30,0.738348
2025-05-29 02:45,0.772909
2025-05-29 03:00,0.698826
2025-05-29 03:15,0.636546
2025-05-29 03:30,0.628249
2025-05-29 03:45,0.569297
2025-05-29 04:00,0.519684
2025-05-29 04:15,0.532302
2025-05-29 04:30,0.501761
2025-05-29 04:45,0.42958
2025-05-29 05:00,0.457602
2025-05-29 05:15,0.403811
2025-05-29 05:30,0.397251
2025-05-29 05:45,0.343576
2025-05-29 06:00,0.316919
2025-05-29 06:15,0.310988
2025-05-29 06:30,0.316029
2025-05-29 06:45,0.296768
2025-05-29 07:00,0.28416
2025-05-29 07:15,0.286794
2025-05-29 07:30,0.271324
2025-05-29 07:45,0.261875
2025-05-29 08:00,0.270836
2025-05-29 08:15,0.396111
2025-05-29 08:30,0.482937
2025-05-29 08:45,0.483124
2025-05-29 09:00,0.505063
2025-05-29 09:15,0.385614
2025-05-29 09:30,0.288132
2025-05-29 09:45,0.261838
2025-05-29 10:00,0.291306
2025-05-29 10:15,0.300798
2025-05-29 10:30,0.387586
2025-05-29 10:45,0.367151
2025-05-29 11:00,0.374543
2025-05-29 11:15,0.389248
2025-05-29 11:30,0.403322
2025-05-29 11:45,0.450327
2025-05-29 12:00,0.457873
2025-05-29 12:15,0.468776
2025-05-29 12:30,0.547417
2025-05-29 12:45,0.659831
2025-05-29 13:00,0.641895
2025-05-29 13:15,0.645815
2025-05-29 13:30,0.61342
2025-05-29 13:45,0.643877
2025-05-29 14:00,0.680872
2025-05-29 14:15,0.826275
2025-05-29 14:30,0.787877
2025-05-29 14:45,0.848374
2025-05-29 15:00,0.756272
2025-05-29 15:15,0.793332
2025-05-29 15:30,0.760503
2025-05-29 15:45,0.774202
2025-05-29 16:00,0.676492
2025-05-29 16:15,0.648526
2025-05-29 16:30,0.725872
2025-05-29 16:45,0.789281
2025-05-29 17:00,0.748762
2025-05-29 17:15,0.804072
2025-05-29 17:30,0.755078
2025-05-29 17:45,0.616224
2025-05-29 18:00,0.711149
2025-05-29 18:15,0.666152
2025-05-29 18:30,0.849915
2025-05-29 18:45,0.745979
2025-05-29 19:00,0.682841
2025-05-29 19:15,0.739009
2025-05-29 19:30,0.765701
2025-05-29 19:45,0.846275
2025-05-29 20:00,0.742889
2025-05-29 20:15,0.740679
2025-05-29 20:30,0.698948
2025-05-29 20:45,0.641559
2025-05-29 21:00,0.786687
2025-05-29 21:15,0.709163
2025-05-29 21:30,0.715624
2025-05-29 21:45,0.762264
2025-05-29 22:00,0.706669
2025-05-29 22:15,0.854211
2025-05-29 22:30,0.724695
2025-05-29 22:45,0.798158
2025-05-29 23:00,0.676182
2025-05-29 23:15,0.707969
2025-05-29 23:30,0.803047
2025-05-29 23:45,0.717273
2025-05-30 00:00,0.56936
2025-05-30 00:15,0.607673
2025-05-30 00:30,0.691091
2025-05-30 00:45,0.983424
2025-05-30 01:00,0.873615
2025-05-30 01:15,0.938075
2025-05-30 01:30,0.852242
2025-05-30 01:45,0.783314
2025-05-30 02:00,0.896872
2025-05-30 02:15,0.892543
2025-05-30 02:30,0.84124
2025-05-30 02:45,0.745203
2025-05-30 03:00,0.759957
2025-05-30 03:15,0.690684
2025-05-30 03:30,0.618299
2025-05-30 03:45,0.577622
2025-05-30 04:00,0.56443
2025-05-30 04:15,0.625699
2025-05-30 04:30,0.566664
2025-05-30 04:45,0.491386
2025-05-30 05:00,0.459907
2025-05-30 05:15,0.454462
2025-05-30 05:30,0.455684
2025-05-30 05:45,0.410455
2025-05-30 06:00,0.360313
2025-05-30 06:15,0.336511
2025-05-30 06:30,0.334552
2025-05-30 06:45,0.288956
2025-05-30 07:00,0.284119
2025-05-30 07:15,0.295549
2025-05-30 07:30,0.299012
2025-05-30 07:45,0.247282
2025-05-30 08:00,0.231889
2025-05-30 08:15,0.224496
2025-05-30 08:30,0.222907
2025-05-30 08:45,0.245459
2025-05-30 09:00,0.252617
2025-05-30 09:15,0.237794
2025-05-30 09:30,0.229722
2025-05-30 09:45,0.270918
2025-05-30 10:00,0.288982
2025-05-30 10:15,0.300299
2025-05-30 10:30,0.352448
2025-05-30 10:45,0.366751
2025-05-30 11:00,0.428877
2025-05-30 11:15,0.521441
2025-05-30 11:30,0.501727
2025-05-30 11:45,0.49342
2025-05-30 12:00,0.572349
2025-05-30 12:15,0.573013
2025-05-30 12:30,0.535516
2025-05-30 12:45,0.529477
2025-05-30 13:00,0.505306
2025-05-30 13:15,0.525479
2025-05-30 13:30,0.561097
2025-05-30 13:45,0.519274
2025-05-30 14:00,0.501273
2025-05-30 14:15,0.584624
2025-05-30 14:30,0.517965
2025-05-30 14:45,0.507712
2025-05-30 15:00,0.510668
2025-05-30 15:15,0.574888
2025-05-30 15:30,0.542279
2025-05-30 15:45,0.582243
2025-05-30 16:00,0.645934
2025-05-30 16:15,0.617681
2025-05-30 16:30,0.675091
2025-05-30 16:45,0.659161
2025-05-30 17:00,0.676582
2025-05-30 17:15,0.601345
2025-05-30 17:30,0.611338
2025-05-30 17:45,0.596608
2025-05-30 18:00,0.597539
2025-05-30 18:15,0.594167
2025-05-30 18:30,0.656838
2025-05-30 18:45,0.645161
2025-05-30 19:00,0.659965
2025-05-30 19:15,0.632598
2025-05-30 19:30,0.630235
2025-05-30 19:45,0.605748
2025-05-30 20:00,0.587336
2025-05-30 20:15,0.567875
2025-05-30 20:30,0.516214
2025-05-30 20:45,0.546279
2025-05-30 21:00,0.563355
2025-05-30 21:15,0.559197
2025-05-30 21:30,0.570445
2025-05-30 21:45,0.596707
2025-05-30 22:00,0.528044
2025-05-30 22:15,0.544352
2025-05-30 22:30,0.578698
2025-05-30 22:45,0.618985
2025-05-30 23:00,0.587436
2025-05-30 23:15,0.620893
2025-05-30 23:30,0.68929
2025-05-30 23:45,0.799981
2025-05-31 00:00,0.969029
2025-05-31 00:15,0.926605
2025-05-31 00:30,0.955047
2025-05-31 00:45,0.885043
2025-05-31 01:00,0.860114
2025-05-31 01:15,0.767321
2025-05-31 01:30,0.76862
2025-05-31 01:45,0.66498
2025-05-31 02:00,0.666626
2025-05-31 02:15,0.801445
2025-05-31 02:30,0.839916
2025-05-31 02:45,0.736965
2025-05-31 03:00,0.68231
2025-05-31 03:15,0.782779
2025-05-31 03:30,0.682215
2025-05-31 03:45,0.667432
2025-05-31 04:00,0.627567
2025-05-31 04:15,0.574068
2025-05-31 04:30,0.560625
2025-05-31 04:45,0.53372
2025-05-31 05:00,0.50373
2025-05-31 05:15,0.418149
2025-05-31 05:30,0.397913
2025-05-31 05:45,0.411627
2025-05-31 06:00,0.371359
2025-05-31 06:15,0.363959
2025-05-31 06:30,0.301153
2025-05-31 06:45,0.284175
2025-05-31 07:00,0.28577
2025-05-31 07:15,0.262243
2025-05-31 07:30,0.23008
2025-05-31 07:45,0.223573
2025-05-31 08:00,0.254411
2025-05-31 08:15,0.236499
2025-05-31 08:30,0.236612
2025-05-31 08:45,0.218008
2025-05-31 09:00,0.213054
2025-05-31 09:15,0.240596
2025-05-31 09:30,0.214111
2025-05-31 09:45,0.24096
2025-05-31 10:00,0.254886
2025-05-31 10:15,0.268862
2025-05-31 10:30,0.295153
2025-05-31 10:45,0.30515
2025-05-31 11:00,0.350397
2025-05-31 11:15,0.366298
2025-05-31 11:30,0.397424
2025-05-31 11:45,0.385502
2025-05-31 12:00,0.420498
2025-05-31 12:15,0.459418
2025-05-31 12:30,0.510483
2025-05-31 12:45,0.543941
2025-05-31 13:00,0.52528
2025-05-31 13:15,0.551723
2025-05-31 13:30,0.507227
2025-05-31 13:45,0.479408
2025-05-31 14:00,0.499367
2025-05-31 14:15,0.541519
2025-05-31 14:30,0.563817
2025-05-31 14:45,0.553532
2025-05-31 15:00,0.518923
2025-05-31 15:15,0.541672
2025-05-31 15:30,0.611363
2025-05-31 15:45,0.564928
2025-05-31 16:00,0.495597
2025-05-31 16:15,0.557027
2025-05-31 16:30,0.621877
2025-05-31 16:45,0.640945
2025-05-31 17:00,0.589137
2025-05-31 17:15,0.560935
2025-05-31 17:30,0.603366
2025-05-31 17:45,0.569675
2025-05-31 18:00,0.582638
2025-05-31 18:15,0.536343
2025-05-31 18:30,0.59744
2025-05-31 18:45,0.661702
2025-05-31 19:00,0.730998
2025-05-31 19:15,0.745815
2025-05-31 19:30,0.740315
2025-05-31 19:45,0.671803
2025-05-31 20:00,0.672738
2025-05-31 20:15,0.757143
2025-05-31 20:30,0.720664
2025-05-31 20:45,0.652084
2025-05-31 21:00,0.644092
2025-05-31 21:15,0.630841
2025-05-31 21:30,0.638991
2025-05-31 21:45,0.621304
2025-05-31 22:00,0.594625
2025-05-31 22:15,0.59878
2025-05-31 22:30,0.535068
2025-05-31 22:45,0.574508
2025-05-31 23:00,0.63344
2025-05-31 23:15,0.713102
2025-05-31 23:30,0.693541
2025-05-31 23:45,0.747873
2025-06-01 00:00,0.817366
2025-06-01 00:15,0.851345
2025-06-01 00:30,0.899024
2025-06-01 00:45,0.956975
2025-06-01 01:00,0.960406
2025-06-01 01:15,0.944014
2025-06-01 01:30,0.933761
2025-06-01 01:45,0.867988
2025-06-01 02:00,0.820635
2025-06-01 02:15,0.875832
2025-06-01 02:30,0.797003
2025-06-01 02:45,0.777778
2025-06-01 03:00,0.719455
2025-06-01 03:15,0.69354
2025-06-01 03:30,0.658545
2025-06-01 03:45,0.630524
2025-06-01 04:00,0.60347
2025-06-01 04:15,0.535079
2025-06-01 04:30,0.505485
2025-06-01 04:45,0.476938
2025-06-01 05:00,0.461922
2025-06-01 05:15,0.433092
2025-06-01 05:30,0.408248
2025-06-01 05:45,0.37713
2025-06-01 06:00,0.392409
2025-06-01 06:15,0.380509
2025-06-01 06:30,0.331553
2025-06-01 06:45,0.315402
2025-06-01 07:00,0.283441
2025-06-01 07:15,0.266381
2025-06-01 07:30,0.285752
2025-06-01 07:45,0.252573
2025-06-01 08:00,0.254201
2025-06-01 08:15,0.250703
2025-06-01 08:30,0.24074
2025-06-01 08:45,0.240883
2025-06-01 09:00,0.227252
2025-06-01 09:15,0.227277
2025-06-01 09:30,0.233477
2025-06-01 09:45,0.233233
2025-06-01 10:00,0.241075
2025-06-01 10:15,0.232081
2025-06-01 10:30,0.246231
2025-06-01 10:45,0.272893
2025-06-01 11:00,0.290829
2025-06-01 11:15,0.343432
2025-06-01 11:30,0.359059
2025-06-01 11:45,0.380929
2025-06-01 12:00,0.412944
2025-06-01 12:15,0.434702
2025-06-01 12:30,0.49003
2025-06-01 12:45,0.557512
2025-06-01 13:00,0.602596
2025-06-01 13:15,0.621182
2025-06-01 13:30,0.645145
2025-06-01 13:45,0.638425
2025-06-01 14:00,0.675199
2025-06-01 14:15,0.710204
2025-06-01 14:30,0.719961
2025-06-01 14:45,0.658943
2025-06-01 15:00,0.599985
2025-06-01 15:15,0.580883
2025-06-01 15:30,0.546225
2025-06-01 15:45,0.594497
2025-06-01 16:00,0.570894
2025-06-01 16:15,0.611526
2025-06-01 16:30,0.579242
2025-06-01 16:45,0.605246
2025-06-01 17:00,0.613949
2025-06-01 17:15,0.58512
2025-06-01 17:30,0.578233
2025-06-01 17:45,0.615314
2025-06-01 18:00,0.630445
2025-06-01 18:15,0.64111
2025-06-01 18:30,0.68091
2025-06-01 18:45,0.627912
2025-06-01 19:00,0.707613
2025-06-01 19:15,0.726615
2025-06-01 19:30,0.741428
2025-06-01 19:45,0.752592
2025-06-01 20:00,0.749499
2025-06-01 20:15,0.704557
2025-06-01 20:30,0.774393
2025-06-01 20:45,0.663451
2025-06-01 21:00,0.661119
2025-06-01 21:15,0.698845
2025-06-01 21:30,0.730625
2025-06-01 21:45,0.691747
2025-06-01 22:00,0.714253
2025-06-01 22:15,0.646248
2025-06-01 22:30,0.62962
2025-06-01 22:45,0.67781
2025-06-01 23:00,0.676672
2025-06-01 23:15,0.795833
2025-06-01 23:30,0.734241
2025-06-01 23:45,0.851091
2025-06-02 00:00,0.98537
2025-06-02 00:15,0.30805
2025-06-02 00:30,0.000856
2025-06-02 00:45,0.002245
2025-06-02 01:00,0.0038
2025-06-02 01:15,0.00281
2025-06-02 01:30,0.006954
2025-06-02 01:45,0.009231
2025-06-02 02:00,0.005343
2025-06-02 02:15,0.006282
2025-06-02 02:30,0.005043
2025-06-02 02:45,0.003606
2025-06-02 03:00,0.00272
2025-06-02 03:15,0.002528
2025-06-02 03:30,0.002739
2025-06-02 03:45,0.122942
2025-06-02 04:00,0.565697
2025-06-02 04:15,0.515209
2025-06-02 04:30,0.508003
2025-06-02 04:45,0.46258
2025-06-02 05:00,0.477133
2025-06-02 05:15,0.45179
2025-06-02 05:30,0.397351
2025-06-02 05:45,0.352514
2025-06-02 06:00,0.349812
2025-06-02 06:15,0.312645
2025-06-02 06:30,0.274958
2025-06-02 06:45,0.25264
2025-06-02 07:00,0.26207
2025-06-02 07:15,0.240942
2025-06-02 07:30,0.240408
2025-06-02 07:45,0.226778
2025-06-02 08:00,0.227323
2025-06-02 08:15,0.20885
2025-06-02 08:30,0.21213
2025-06-02 08:45,0.228214
2025-06-02 09:00,0.240131
2025-06-02 09:15,0.246042
2025-06-02 09:30,0.252711
2025-06-02 09:45,0.291172
2025-06-02 10:00,0.316067
2025-06-02 10:15,0.34724
2025-06-02 10:30,0.458763
2025-06-02 10:45,0.424214
2025-06-02 11:00,0.427387
2025-06-02 11:15,0.500762
2025-06-02 11:30,0.45598
2025-06-02 11:45,0.47371
2025-06-02 12:00,0.529942
2025-06-02 12:15,0.486896
2025-06-02 12:30,0.485199
2025-06-02 12:45,0.545933
2025-06-02 13:00,0.565071
2025-06-02 13:15,0.545896
2025-06-02 13:30,0.555397
2025-06-02 13:45,0.530803
2025-06-02 14:00,0.499324
2025-06-02 14:15,0.525804
2025-06-02 14:30,0.517124
2025-06-02 14:45,0.54882
2025-06-02 15:00,0.533886
2025-06-02 15:15,0.628123
2025-06-02 15:30,0.628762
2025-06-02 15:45,0.615458
2025-06-02 16:00,0.589746
2025-06-02 16:15,0.56345
2025-06-02 16:30,0.561948
2025-06-02 16:45,0.580157
2025-06-02 17:00,0.546418
2025-06-02 17:15,0.537523
2025-06-02 17:30,0.590674
2025-06-02 17:45,0.593767
2025-06-02 18:00,0.740421
2025-06-02 18:15,0.676421
2025-06-02 18:30,0.678599
2025-06-02 18:45,0.66783
2025-06-02 19:00,0.621219
2025-06-02 19:15,0.579443
2025-06-02 19:30,0.578652
2025-06-02 19:45,0.583294
2025-06-02 20:00,0.633381
2025-06-02 20:15,0.723718
2025-06-02 20:30,0.705018
2025-06-02 20:45,0.749729
2025-06-02 21:00,0.707456
2025-06-02 21:15,0.587269
2025-06-02 21:30,0.551277
2025-06-02 21:45,0.564998
2025-06-02 22:00,0.57654
2025-06-02 22:15,0.630961
2025-06-02 22:30,0.64524
2025-06-02 22:45,0.685164
2025-06-02 23:00,0.618864
2025-06-02 23:15,0.653065
2025-06-02 23:30,0.668907
2025-06-02 23:45,0.708938
2025-06-03 00:00,0.948976
2025-06-03 00:15,0.968799
2025-06-03 00:30,1.0
2025-06-03 00:45,0.952029
2025-06-03 01:00,0.885745
2025-06-03 01:15,0.860859
2025-06-03 01:30,0.85033
2025-06-03 01:45,0.817779
2025-06-03 02:00,0.841397
2025-06-03 02:15,0.805058
2025-06-03 02:30,0.850074
2025-06-03 02:45,0.716441
2025-06-03 03:00,0.761415
2025-06-03 03:15,0.742325
2025-06-03 03:30,0.794921
2025-06-03 03:45,0.79783
2025-06-03 04:00,0.672819
2025-06-03 04:15,0.60256
2025-06-03 04:30,0.52916
2025-06-03 04:45,0.541622
2025-06-03 05:00,0.450578
2025-06-03 05:15,0.403277
2025-06-03 05:30,0.400592
2025-06-03 05:45,0.350181
2025-06-03 06:00,0.35943
2025-06-03 06:15,0.32222
2025-06-03 06:30,0.311749
2025-06-03 06:45,0.288738
2025-06-03 07:00,0.278303
2025-06-03 07:15,0.267318
2025-06-03 07:30,0.254718
2025-06-03 07:45,0.277767
2025-06-03 08:00,0.276956
2025-06-03 08:15,0.296968
2025-06-03 08:30,0.275728
2025-06-03 08:45,0.248246
2025-06-03 09:00,0.258128
2025-06-03 09:15,0.253394
2025-06-03 09:30,0.272171
2025-06-03 09:45,0.250161
2025-06-03 10:00,0.293749
2025-06-03 10:15,0.311492
2025-06-03 10:30,0.395833
2025-06-03 10:45,0.401924
2025-06-03 11:00,0.4031
2025-06-03 11:15,0.426762
2025-06-03 11:30,0.466277
2025-06-03 11:45,0.51164
2025-06-03 12:00,0.504654
2025-06-03 12:15,0.527798
2025-06-03 12:30,0.534238
2025-06-03 12:45,0.565609
2025-06-03 13:00,0.598293
2025-06-03 13:15,0.54702
2025-06-03 13:30,0.527697
2025-06-03 13:45,0.51432
2025-06-03 14:00,0.581154
2025-06-03 14:15,0.5629
2025-06-03 14:30,0.554447
2025-06-03 14:45,0.524819
2025-06-03 15:00,0.523743
2025-06-03 15:15,0.547465
2025-06-03 15:30,0.553487
2025-06-03 15:45,0.548144
2025-06-03 16:00,0.573152
2025-06-03 16:15,0.655821
2025-06-03 16:30,0.607058
2025-06-03 16:45,0.608428
2025-06-03 17:00,0.649882
2025-06-03 17:15,0.692617
2025-06-03 17:30,0.649296
2025-06-03 17:45,0.674131
2025-06-03 18:00,0.699606
2025-06-03 18:15,0.688002
2025-06-03 18:30,0.680101
2025-06-03 18:45,0.667259
2025-06-03 19:00,0.735841
2025-06-03 19:15,0.681821
2025-06-03 19:30,0.620717
2025-06-03 19:45,0.614884
2025-06-03 20:00,0.685186
2025-06-03 20:15,0.677149
2025-06-03 20:30,0.67326
2025-06-03 20:45,0.605791
2025-06-03 21:00,0.605409
2025-06-03 21:15,0.559221
2025-06-03 21:30,0.560308
2025-06-03 21:45,0.670497
2025-06-03 22:00,0.447185
2025-06-03 22:15,0.555213
2025-06-03 22:30,0.661888
2025-06-03 22:45,0.628407
2025-06-03 23:00,0.609676
2025-06-03 23:15,0.600654
2025-06-03 23:30,0.707759
2025-06-03 23:45,0.761894
2025-06-04 00:00,0.904234
2025-06-04 00:00,0.603086
2025-06-04 00:15,0.652806
2025-06-04 00:30,0.661575
2025-06-04 00:45,0.68932
2025-06-04 01:00,0.68894
2025-06-04 01:15,0.630159
2025-06-04 01:30,0.600655
2025-06-04 01:45,0.598737
2025-06-04 02:00,0.573373
2025-06-04 02:15,0.544261
2025-06-04 02:30,0.589496
2025-06-04 02:45,0.553145
2025-06-04 03:00,0.467491
2025-06-04 03:15,0.464951
2025-06-04 03:30,0.437762
2025-06-04 03:45,0.398741
2025-06-04 04:00,0.373181
2025-06-04 04:15,0.352079
2025-06-04 04:30,0.311547
2025-06-04 04:45,0.303394
2025-06-04 05:00,0.283594
2025-06-04 05:15,0.261566
2025-06-04 05:30,0.246615
2025-06-04 05:45,0.213875
2025-06-04 06:00,0.203059
2025-06-04 06:15,0.195555
2025-06-04 06:30,0.179841
2025-06-04 06:45,0.167477
2025-06-04 07:00,0.155806
2025-06-04 07:15,0.157418
2025-06-04 07:30,0.153486
2025-06-04 07:45,0.147093
2025-06-04 08:00,0.144441
2025-06-04 08:15,0.13473
2025-06-04 08:30,0.151904
2025-06-04 08:45,0.133824
2025-06-04 09:00,0.142559
2025-06-04 09:15,0.168838
2025-06-04 09:30,0.169037
2025-06-04 09:45,0.171918
2025-06-04 10:00,0.186469
2025-06-04 10:15,0.21472
2025-06-04 10:30,0.263313
2025-06-04 10:45,0.256516
2025-06-04 11:00,0.292785
2025-06-04 11:15,0.301443
2025-06-04 11:30,0.304474
2025-06-04 11:45,0.301053
2025-06-04 12:00,0.305289
2025-06-04 12:15,0.361585
2025-06-04 12:30,0.327796
2025-06-04 12:45,0.34631
2025-06-04 13:00,0.358051
2025-06-04 13:15,0.375423
2025-06-04 13:30,0.365262
2025-06-04 13:45,0.386196
2025-06-04 14:00,0.359194
2025-06-04 14:15,0.355226
2025-06-04 14:30,0.377048
2025-06-04 14:45,0.364382
2025-06-04 15:00,0.329436
2025-06-04 15:15,0.344586
2025-06-04 15:30,0.394867
2025-06-04 15:45,0.371158
2025-06-04 16:00,0.377399
2025-06-04 16:15,0.382457
2025-06-04 16:30,0.409101
2025-06-04 16:45,0.43346
2025-06-04 17:00,0.426882
2025-06-04 17:15,0.416137
2025-06-04 17:30,0.429019
2025-06-04 17:45,0.481513
2025-06-04 18:00,0.488865
2025-06-04 18:15,0.458005
2025-06-04 18:30,0.466526
2025-06-04 18:45,0.443275
2025-06-04 19:00,0.455526
2025-06-04 19:15,0.47682
2025-06-04 19:30,0.436561
2025-06-04 19:45,0.468384
2025-06-04 20:00,0.468256
2025-06-04 20:15,0.457773
2025-06-04 20:30,0.416097
2025-06-04 20:45,0.407986
2025-06-04 21:00,0.408753
2025-06-04 21:15,0.388785
2025-06-04 21:30,0.386232
2025-06-04 21:45,0.394216
2025-06-04 22:00,0.378288
2025-06-04 22:15,0.365989
2025-06-04 22:30,0.380393
2025-06-04 22:45,0.391203
2025-06-04 23:00,0.445572
2025-06-04 23:15,0.519583
2025-06-04 23:30,0.546001
2025-06-04 23:45,0.554176
2025-06-05 00:00,0.599258
2025-06-05 00:15,0.611133
2025-06-05 00:30,0.684736
2025-06-05 00:45,0.668909
2025-06-05 01:00,0.647686
2025-06-05 01:15,0.606882
2025-06-05 01:30,0.649069
2025-06-05 01:45,0.642606
2025-06-05 02:00,0.616383
2025-06-05 02:15,0.658141
2025-06-05 02:30,0.631202
2025-06-05 02:45,0.589518
2025-06-05 03:00,0.518067
2025-06-05 03:15,0.495571
2025-06-05 03:30,0.468716
2025-06-05 03:45,0.460996
2025-06-05 04:00,0.439197
2025-06-05 04:15,0.338712
2025-06-05 04:30,0.352628
2025-06-05 04:45,0.327748
2025-06-05 05:00,0.307372
2025-06-05 05:15,0.274536
2025-06-05 05:30,0.252772
2025-06-05 05:45,0.230968
2025-06-05 06:00,0.216972
2025-06-05 06:15,0.209913
2025-06-05 06:30,0.18932
2025-06-05 06:45,0.178989
2025-06-05 07:00,0.163271
2025-06-05 07:15,0.162319
2025-06-05 07:30,0.146883
2025-06-05 07:45,0.16472
2025-06-05 08:00,0.135125
2025-06-05 08:15,0.124549
2025-06-05 08:30,0.125611
2025-06-05 08:45,0.135646
2025-06-05 09:00,0.153315
2025-06-05 09:15,0.183687
2025-06-05 09:30,0.160509
2025-06-05 09:45,0.168329
2025-06-05 10:00,0.191279
2025-06-05 10:15,0.258112
2025-06-05 10:30,0.285646
2025-06-05 10:45,0.25692
2025-06-05 11:00,0.32431
2025-06-05 11:15,0.32607
2025-06-05 11:30,0.396972
2025-06-05 11:45,0.343487
2025-06-05 12:00,0.359079
2025-06-05 12:15,0.364488
2025-06-05 12:30,0.393488
2025-06-05 12:45,0.362662
2025-06-05 13:00,0.365226
2025-06-05 13:15,0.363566
2025-06-05 13:30,0.344697
2025-06-05 13:45,0.385141
2025-06-05 14:00,0.356773
2025-06-05 14:15,0.363148
2025-06-05 14:30,0.359292
2025-06-05 14:45,0.344016
2025-06-05 15:00,0.397872
2025-06-05 15:15,0.407782
2025-06-05 15:30,0.411911
2025-06-05 15:45,0.422762
2025-06-05 16:00,0.41052
2025-06-05 16:15,0.373351
2025-06-05 16:30,0.402609
2025-06-05 16:45,0.419784
2025-06-05 17:00,0.429454
2025-06-05 17:15,0.431576
2025-06-05 17:30,0.456979
2025-06-05 17:45,0.475543
2025-06-05 18:00,0.432352
2025-06-05 18:15,0.451871
2025-06-05 18:30,0.455244
2025-06-05 18:45,0.455779
2025-06-05 19:00,0.458234
2025-06-05 19:15,0.451713
2025-06-05 19:30,0.438178
2025-06-05 19:45,0.479809
2025-06-05 20:00,0.466349
2025-06-05 20:15,0.469709
2025-06-05 20:30,0.441192
2025-06-05 20:45,0.503028
2025-06-05 21:00,0.484225
2025-06-05 21:15,0.427955
2025-06-05 21:30,0.395337
2025-06-05 21:45,0.384845
2025-06-05 22:00,0.39178
2025-06-05 22:15,0.399141
2025-06-05 22:30,0.407482
2025-06-05 22:45,0.434734
2025-06-05 23:00,0.488238
2025-06-05 23:15,0.520146
2025-06-05 23:30,0.591835
2025-06-05 23:45,0.605793
2025-06-06 00:00,0.68908
2025-06-06 00:15,0.730348
2025-06-06 00:30,0.700321
2025-06-06 00:45,0.738786
2025-06-06 01:00,0.752772
2025-06-06 01:15,0.628826
2025-06-06 01:30,0.637763
2025-06-06 01:45,0.598387
2025-06-06 02:00,0.613998
2025-06-06 02:15,0.595218
2025-06-06 02:30,0.56493
2025-06-06 02:45,0.480949
2025-06-06 03:00,0.48684
2025-06-06 03:15,0.485416
2025-06-06 03:30,0.428751
2025-06-06 03:45,0.41407
2025-06-06 04:00,0.351924
2025-06-06 04:15,0.382127
2025-06-06 04:30,0.357343
2025-06-06 04:45,0.303016
2025-06-06 05:00,0.259501
2025-06-06 05:15,0.225085
2025-06-06 05:30,0.241734
2025-06-06 05:45,0.209495
2025-06-06 06:00,0.221111
2025-06-06 06:15,0.211844
2025-06-06 06:30,0.20607
2025-06-06 06:45,0.193464
2025-06-06 07:00,0.182938
2025-06-06 07:15,0.196811
2025-06-06 07:30,0.150205
2025-06-06 07:45,0.138264
2025-06-06 08:00,0.156312
2025-06-06 08:15,0.150343
2025-06-06 08:30,0.157293
2025-06-06 08:45,0.143344
2025-06-06 09:00,0.157991
2025-06-06 09:15,0.164392
2025-06-06 09:30,0.176834
2025-06-06 09:45,0.185064
2025-06-06 10:00,0.212276
2025-06-06 10:15,0.221212
2025-06-06 10:30,0.25063
2025-06-06 10:45,0.258533
2025-06-06 11:00,0.281296
2025-06-06 11:15,0.283584
2025-06-06 11:30,0.309952
2025-06-06 11:45,0.321007
2025-06-06 12:00,0.319294
2025-06-06 12:15,0.352125
2025-06-06 12:30,0.337528
2025-06-06 12:45,0.36433
2025-06-06 13:00,0.359915
2025-06-06 13:15,0.368169
2025-06-06 13:30,0.345915
2025-06-06 13:45,0.357989
2025-06-06 14:00,0.34721
2025-06-06 14:15,0.388778
2025-06-06 14:30,0.354616
2025-06-06 14:45,0.380748
2025-06-06 15:00,0.415476
2025-06-06 15:15,0.409272
2025-06-06 15:30,0.349137
2025-06-06 15:45,0.349272
2025-06-06 16:00,0.366055
2025-06-06 16:15,0.383338
2025-06-06 16:30,0.377975
2025-06-06 16:45,0.408811
2025-06-06 17:00,0.445841
2025-06-06 17:15,0.422873
2025-06-06 17:30,0.413857
2025-06-06 17:45,0.420519
2025-06-06 18:00,0.402691
2025-06-06 18:15,0.438445
2025-06-06 18:30,0.445764
2025-06-06 18:45,0.463154
2025-06-06 19:00,0.437607
2025-06-06 19:15,0.470766
2025-06-06 19:30,0.442431
2025-06-06 19:45,0.425919
2025-06-06 20:00,0.44098
2025-06-06 20:15,0.411131
2025-06-06 20:30,0.438504
2025-06-06 20:45,0.453357
2025-06-06 21:00,0.460631
2025-06-06 21:15,0.449676
2025-06-06 21:30,0.421299
2025-06-06 21:45,0.432694
2025-06-06 22:00,0.448982
2025-06-06 22:15,0.45203
2025-06-06 22:30,0.465009
2025-06-06 22:45,0.463661
2025-06-06 23:00,0.443031
2025-06-06 23:15,0.46864
2025-06-06 23:30,0.574717
2025-06-06 23:45,0.571279
2025-06-07 00:00,0.635864
2025-06-07 00:15,0.649167
2025-06-07 00:30,0.674192
2025-06-07 00:45,0.635308
2025-06-07 01:00,0.6607
2025-06-07 01:15,0.644978
2025-06-07 01:30,0.650161
2025-06-07 01:45,0.557043
2025-06-07 02:00,0.518
2025-06-07 02:15,0.50591
2025-06-07 02:30,0.581124
2025-06-07 02:45,0.503724
2025-06-07 03:00,0.521576
2025-06-07 03:15,0.505846
2025-06-07 03:30,0.457664
2025-06-07 03:45,0.466735
2025-06-07 04:00,0.436304
2025-06-07 04:15,0.411977
2025-06-07 04:30,0.378533
2025-06-07 04:45,0.395246
2025-06-07 05:00,0.319252
2025-06-07 05:15,0.290699
2025-06-07 05:30,0.25451
2025-06-07 05:45,0.274108
2025-06-07 06:00,0.259747
2025-06-07 06:15,0.247016
2025-06-07 06:30,0.234273
2025-06-07 06:45,0.211362
2025-06-07 07:00,0.19235
2025-06-07 07:15,0.187668
2025-06-07 07:30,0.193043
2025-06-07 07:45,0.168079
2025-06-07 08:00,0.17219
2025-06-07 08:15,0.173919
2025-06-07 08:30,0.18099
2025-06-07 08:45,0.17092
2025-06-07 09:00,0.153116
2025-06-07 09:15,0.162207
2025-06-07 09:30,0.166117
2025-06-07 09:45,0.17696
2025-06-07 10:00,0.183482
2025-06-07 10:15,0.215658
2025-06-07 10:30,0.238108
2025-06-07 10:45,0.231785
2025-06-07 11:00,0.242468
2025-06-07 11:15,0.264668
2025-06-07 11:30,0.247202
2025-06-07 11:45,0.264962
2025-06-07 12:00,0.288017
2025-06-07 12:15,0.283064
2025-06-07 12:30,0.345866
2025-06-07 12:45,0.364144
2025-06-07 13:00,0.345923
2025-06-07 13:15,0.352397
2025-06-07 13:30,0.357593
2025-06-07 13:45,0.397164
2025-06-07 14:00,0.379707
2025-06-07 14:15,0.367018
2025-06-07 14:30,0.347773
2025-06-07 14:45,0.363554
2025-06-07 15:00,0.369324
2025-06-07 15:15,0.398754
2025-06-07 15:30,0.437031
2025-06-07 15:45,0.387315
2025-06-07 16:00,0.374408
2025-06-07 16:15,0.433314
2025-06-07 16:30,0.465964
2025-06-07 16:45,0.368658
2025-06-07 17:00,0.402686
2025-06-07 17:15,0.399438
2025-06-07 17:30,0.410564
2025-06-07 17:45,0.417738
2025-06-07 18:00,0.463987
2025-06-07 18:15,0.426153
2025-06-07 18:30,0.400303
2025-06-07 18:45,0.644188
2025-06-07 19:00,0.805223
2025-06-07 19:15,1.0
2025-06-07 19:30,0.951464
2025-06-07 19:45,0.78067
2025-06-07 20:00,0.703024
2025-06-07 20:15,0.756629
2025-06-07 20:30,0.734885
2025-06-07 20:45,0.636246
2025-06-07 21:00,0.62225
2025-06-07 21:15,0.532075
2025-06-07 21:30,0.596428
2025-06-07 21:45,0.525078
2025-06-07 22:00,0.521532
2025-06-07 22:15,0.577361
2025-06-07 22:30,0.581885
2025-06-07 22:45,0.521822
2025-06-07 23:00,0.598947
2025-06-07 23:15,0.606851
2025-06-07 23:30,0.526281
2025-06-07 23:45,0.576149
2025-06-08 00:00,0.634525
2025-06-08 00:15,0.727507
2025-06-08 00:30,0.663821
2025-06-08 00:45,0.711415
2025-06-08 01:00,0.72304
2025-06-08 01:15,0.66818
2025-06-08 01:30,0.657797
2025-06-08 01:45,0.706919
2025-06-08 02:00,0.747183
2025-06-08 02:15,0.6889
2025-06-08 02:30,0.725023
2025-06-08 02:45,0.698144
2025-06-08 03:00,0.65472
2025-06-08 03:15,0.612729
2025-06-08 03:30,0.594273
2025-06-08 03:45,0.595654
2025-06-08 04:00,0.554709
2025-06-08 04:15,0.504621
2025-06-08 04:30,0.490054
2025-06-08 04:45,0.46583
2025-06-08 05:00,0.367524
2025-06-08 05:15,0.346318
2025-06-08 05:30,0.330346
2025-06-08 05:45,0.333073
2025-06-08 06:00,0.303829
2025-06-08 06:15,0.28319
2025-06-08 06:30,0.261512
2025-06-08 06:45,0.265432
2025-06-08 07:00,0.255034
2025-06-08 07:15,0.242081
2025-06-08 07:30,0.218724
2025-06-08 07:45,0.196122
2025-06-08 08:00,0.210314
2025-06-08 08:15,0.217698
2025-06-08 08:30,0.226198
2025-06-08 08:45,0.215817
2025-06-08 09:00,0.178968
2025-06-08 09:15,0.169733
2025-06-08 09:30,0.158881
2025-06-08 09:45,0.168483
2025-06-08 10:00,0.166435
2025-06-08 10:15,0.19791
2025-06-08 10:30,0.215073
2025-06-08 10:45,0.232906
2025-06-08 11:00,0.227655
2025-06-08 11:15,0.259367
2025-06-08 11:30,0.286219
2025-06-08 11:45,0.304392
2025-06-08 12:00,0.335536
2025-06-08 12:15,0.317937
2025-06-08 12:30,0.364767
2025-06-08 12:45,0.357207
2025-06-08 13:00,0.400493
2025-06-08 13:15,0.45735
2025-06-08 13:30,0.443817
2025-06-08 13:45,0.466162
2025-06-08 14:00,0.447947
2025-06-08 14:15,0.558845
2025-06-08 14:30,0.58194
2025-06-08 14:45,0.516235
2025-06-08 15:00,0.492417
2025-06-08 15:15,0.523798
2025-06-08 15:30,0.481159
2025-06-08 15:45,0.466481
2025-06-08 16:00,0.443294
2025-06-08 16:15,0.4484
2025-06-08 16:30,0.47154
2025-06-08 16:45,0.456112
2025-06-08 17:00,0.511393
2025-06-08 17:15,0.541176
2025-06-08 17:30,0.491403
2025-06-08 17:45,0.540556
2025-06-08 18:00,0.520523
2025-06-08 18:15,0.535275
2025-06-08 18:30,0.549298
2025-06-08 18:45,0.619467
2025-06-08 19:00,0.641689
2025-06-08 19:15,0.659653
2025-06-08 19:30,0.580061
2025-06-08 19:45,0.551532
2025-06-08 20:00,0.578956
2025-06-08 20:15,0.637303
2025-06-08 20:30,0.613032
2025-06-08 20:45,0.542047
2025-06-08 21:00,0.557674
2025-06-08 21:15,0.55908
2025-06-08 21:30,0.582991
2025-06-08 21:45,0.503881
2025-06-08 22:00,0.483831
2025-06-08 22:15,0.511478
2025-06-08 22:30,0.538036
2025-06-08 22:45,0.477261
2025-06-08 23:00,0.514965
2025-06-08 23:15,0.46398
2025-06-08 23:30,0.475624
2025-06-08 23:45,0.549335
2025-06-09 00:00,0.678957
2025-06-09 00:15,0.670361
2025-06-09 00:30,0.698081
2025-06-09 00:45,0.681488
2025-06-09 01:00,0.641926
2025-06-09 01:15,0.668724
2025-06-09 01:30,0.605703
2025-06-09 01:45,0.604817
2025-06-09 02:00,0.614926
2025-06-09 02:15,0.61974
2025-06-09 02:30,0.569205
2025-06-09 02:45,0.523579
2025-06-09 03:00,0.491752
2025-06-09 03:15,0.494112
2025-06-09 03:30,0.440435
2025-06-09 03:45,0.410915
2025-06-09 04:00,0.380893
2025-06-09 04:15,0.409963
2025-06-09 04:30,0.382989
2025-06-09 04:45,0.352855
2025-06-09 05:00,0.349356
2025-06-09 05:15,0.321592
2025-06-09 05:30,0.33998
2025-06-09 05:45,0.305345
2025-06-09 06:00,0.256038
2025-06-09 06:15,0.239168
2025-06-09 06:30,0.236622
2025-06-09 06:45,0.213091
2025-06-09 07:00,0.222336
2025-06-09 07:15,0.209636
2025-06-09 07:30,0.191337
2025-06-09 07:45,0.243547
2025-06-09 08:00,0.168587
2025-06-09 08:15,0.160794
2025-06-09 08:30,0.164252
2025-06-09 08:45,0.170175
2025-06-09 09:00,0.172319
2025-06-09 09:15,0.176516
2025-06-09 09:30,0.177429
2025-06-09 09:45,0.172325
2025-06-09 10:00,0.188806
2025-06-09 10:15,0.215145
2025-06-09 10:30,0.269435
2025-06-09 10:45,0.250866
2025-06-09 11:00,0.299438
2025-06-09 11:15,0.324756
2025-06-09 11:30,0.347251
2025-06-09 11:45,0.3402
2025-06-09 12:00,0.348677
2025-06-09 12:15,0.351696
2025-06-09 12:30,0.328027
2025-06-09 12:45,0.35641
2025-06-09 13:00,0.421812
2025-06-09 13:15,0.400118
2025-06-09 13:30,0.360718
2025-06-09 13:45,0.374608
2025-06-09 14:00,0.370887
2025-06-09 14:15,0.383063
2025-06-09 14:30,0.39703
2025-06-09 14:45,0.359914
2025-06-09 15:00,0.388837
2025-06-09 15:15,0.411332
2025-06-09 15:30,0.421567
2025-06-09 15:45,0.440461
2025-06-09 16:00,0.431211
2025-06-09 16:15,0.442272
2025-06-09 16:30,0.444871
2025-06-09 16:45,0.517532
2025-06-09 17:00,0.46386
2025-06-09 17:15,0.483304
2025-06-09 17:30,0.509682
2025-06-09 17:45,0.499674
2025-06-09 18:00,0.476708
2025-06-09 18:15,0.488456
2025-06-09 18:30,0.454226
2025-06-09 18:45,0.46525
2025-06-09 19:00,0.471155
2025-06-09 19:15,0.426914
2025-06-09 19:30,0.386689
2025-06-09 19:45,0.405745
2025-06-09 20:00,0.41805
2025-06-09 20:15,0.447986
2025-06-09 20:30,0.403785
2025-06-09 20:45,0.418245
2025-06-09 21:00,0.398852
2025-06-09 21:15,0.367381
2025-06-09 21:30,0.385687
2025-06-09 21:45,0.417748
2025-06-09 22:00,0.417538
2025-06-09 22:15,0.40094
2025-06-09 22:30,0.398152
2025-06-09 22:45,0.480935
2025-06-09 23:00,0.437576
2025-06-09 23:15,0.4374
2025-06-09 23:30,0.491805
2025-06-09 23:45,0.541908
2025-06-10 00:00,0.707433
2025-06-10 00:15,0.751092
2025-06-10 00:30,0.79879
2025-06-10 00:45,0.76764
2025-06-10 01:00,0.763229
2025-06-10 01:15,0.679327
2025-06-10 01:30,0.642879
2025-06-10 01:45,0.632823
2025-06-10 02:00,0.57951
2025-06-10 02:15,0.584881
2025-06-10 02:30,0.559594
2025-06-10 02:45,0.527682
2025-06-10 03:00,0.533739
2025-06-10 03:15,0.520977
2025-06-10 03:30,0.477476
2025-06-10 03:45,0.417748
2025-06-10 04:00,0.427482
2025-06-10 04:15,0.387332
2025-06-10 04:30,0.385234
2025-06-10 04:45,0.328047
2025-06-10 05:00,0.311111
2025-06-10 05:15,0.2777
2025-06-10 05:30,0.311029
2025-06-10 05:45,0.272353
2025-06-10 06:00,0.249968
2025-06-10 06:15,0.207229
2025-06-10 06:30,0.21423
2025-06-10 06:45,0.199168
2025-06-10 07:00,0.206278
2025-06-10 07:15,0.197814
2025-06-10 07:30,0.188136
2025-06-10 07:45,0.179623
2025-06-10 08:00,0.170856
2025-06-10 08:15,0.156681
2025-06-10 08:30,0.158238
2025-06-10 08:45,0.160814
2025-06-10 09:00,0.150368
2025-06-10 09:15,0.171069
2025-06-10 09:30,0.186235
2025-06-10 09:45,0.195841
2025-06-10 10:00,0.200196
2025-06-10 10:15,0.229106
2025-06-10 10:30,0.232365
2025-06-10 10:45,0.264472
2025-06-10 11:00,0.287099
2025-06-10 11:15,0.301968
2025-06-10 11:30,0.329383
2025-06-10 11:45,0.396043
2025-06-10 12:00,0.345487
2025-06-10 12:15,0.3595
2025-06-10 12:30,0.386869
2025-06-10 12:45,0.384416
2025-06-10 13:00,0.365018
2025-06-10 13:15,0.381766
2025-06-10 13:30,0.368986
2025-06-10 13:45,0.326468
2025-06-10 14:00,0.364711
2025-06-10 14:15,0.357282
2025-06-10 14:30,0.364431
2025-06-10 14:45,0.383593
2025-06-10 15:00,0.403706
2025-06-10 15:15,0.398892
2025-06-10 15:30,0.400199
2025-06-10 15:45,0.38053
2025-06-10 16:00,0.396077
2025-06-10 16:15,0.378661
2025-06-10 16:30,0.372029
2025-06-10 16:45,0.437039
2025-06-10 17:00,0.394022
2025-06-10 17:15,0.392371
2025-06-10 17:30,0.412377
2025-06-10 17:45,0.423444
2025-06-10 18:00,0.440981
2025-06-10 18:15,0.390247
2025-06-10 18:30,0.464312
2025-06-10 18:45,0.49366
2025-06-10 19:00,0.50002
2025-06-10 19:15,0.468977
2025-06-10 19:30,0.473219
2025-06-10 19:45,0.482617
2025-06-10 20:00,0.477448
2025-06-10 20:15,0.509221
2025-06-10 20:30,0.501618
2025-06-10 20:45,0.483373
2025-06-10 21:00,0.55456
2025-06-10 21:15,0.46237
2025-06-10 21:30,0.407739
2025-06-10 21:45,0.458523
2025-06-10 22:00,0.470784
2025-06-10 22:15,0.467264
2025-06-10 22:30,0.47936
2025-06-10 22:45,0.506195
2025-06-10 23:00,0.593515
2025-06-10 23:15,0.621964
2025-06-10 23:30,0.601426
2025-06-10 23:45,0.631387
2025-06-11 00:00,0.788551
2025-06-11 00:00,0.862885
2025-06-11 00:15,0.999535
2025-06-11 00:30,0.998726
2025-06-11 00:45,1.0
2025-06-11 01:00,0.898646
2025-06-11 01:15,0.881337
2025-06-11 01:30,0.878364
2025-06-11 01:45,0.828238
2025-06-11 02:00,0.769237
2025-06-11 02:15,0.744727
2025-06-11 02:30,0.735274
2025-06-11 02:45,0.616046
2025-06-11 03:00,0.547694
2025-06-11 03:15,0.540218
2025-06-11 03:30,0.483441
2025-06-11 03:45,0.510495
2025-06-11 04:00,0.426927
2025-06-11 04:15,0.381406
2025-06-11 04:30,0.345743
2025-06-11 04:45,0.343742
2025-06-11 05:00,0.317884
2025-06-11 05:15,0.272877
2025-06-11 05:30,0.255168
2025-06-11 05:45,0.272752
2025-06-11 06:00,0.238893
2025-06-11 06:15,0.249132
2025-06-11 06:30,0.245498
2025-06-11 06:45,0.255341
2025-06-11 07:00,0.214076
2025-06-11 07:15,0.19677
2025-06-11 07:30,0.186688
2025-06-11 07:45,0.180597
2025-06-11 08:00,0.160233
2025-06-11 08:15,0.149446
2025-06-11 08:30,0.203668
2025-06-11 08:45,0.171933
2025-06-11 09:00,0.171335
2025-06-11 09:15,0.169796
2025-06-11 09:30,0.181365
2025-06-11 09:45,0.197825
2025-06-11 10:00,0.21297
2025-06-11 10:15,0.228108
2025-06-11 10:30,0.254436
2025-06-11 10:45,0.310029
2025-06-11 11:00,0.318479
2025-06-11 11:15,0.366521
2025-06-11 11:30,0.370911
2025-06-11 11:45,0.395994
2025-06-11 12:00,0.40784
2025-06-11 12:15,0.444744
2025-06-11 12:30,0.444638
2025-06-11 12:45,0.415619
2025-06-11 13:00,0.385144
2025-06-11 13:15,0.428188
2025-06-11 13:30,0.401995
2025-06-11 13:45,0.409675
2025-06-11 14:00,0.409734
2025-06-11 14:15,0.424337
2025-06-11 14:30,0.399167
2025-06-11 14:45,0.425986
2025-06-11 15:00,0.431848
2025-06-11 15:15,0.422359
2025-06-11 15:30,0.393759
2025-06-11 15:45,0.421105
2025-06-11 16:00,0.447336
2025-06-11 16:15,0.416596
2025-06-11 16:30,0.426119
2025-06-11 16:45,0.416984
2025-06-11 17:00,0.465156
2025-06-11 17:15,0.448574
2025-06-11 17:30,0.43635
2025-06-11 17:45,0.447549
2025-06-11 18:00,0.444548
2025-06-11 18:15,0.472899
2025-06-11 18:30,0.464595
2025-06-11 18:45,0.456939
2025-06-11 19:00,0.455403
2025-06-11 19:15,0.431382
2025-06-11 19:30,0.472662
2025-06-11 19:45,0.495956
2025-06-11 20:00,0.444789
2025-06-11 20:15,0.428037
2025-06-11 20:30,0.455766
2025-06-11 20:45,0.551039
2025-06-11 21:00,0.422757
2025-06-11 21:15,0.431192
2025-06-11 21:30,0.434669
2025-06-11 21:45,0.456968
2025-06-11 22:00,0.454493
2025-06-11 22:15,0.451458
2025-06-11 22:30,0.469651
2025-06-11 22:45,0.472376
2025-06-11 23:00,0.467466
2025-06-11 23:15,0.501237
2025-06-11 23:30,0.539947
2025-06-11 23:45,0.621783
2025-06-12 00:00,0.687298
2025-06-12 00:15,0.762305
2025-06-12 00:30,0.790232
2025-06-12 00:45,0.776614
2025-06-12 01:00,0.869677
2025-06-12 01:15,0.701252
2025-06-12 01:30,0.691906
2025-06-12 01:45,0.681508
2025-06-12 02:00,0.601582
2025-06-12 02:15,0.577503
2025-06-12 02:30,0.640772
2025-06-12 02:45,0.538727
2025-06-12 03:00,0.536881
2025-06-12 03:15,0.50361
2025-06-12 03:30,0.439881
2025-06-12 03:45,0.427996
2025-06-12 04:00,0.388348
2025-06-12 04:15,0.39455
2025-06-12 04:30,0.365197
2025-06-12 04:45,0.370008
2025-06-12 05:00,0.359552
2025-06-12 05:15,0.347919
2025-06-12 05:30,0.306361
2025-06-12 05:45,0.307174
2025-06-12 06:00,0.266461
2025-06-12 06:15,0.258061
2025-06-12 06:30,0.245579
2025-06-12 06:45,0.214699
2025-06-12 07:00,0.206981
2025-06-12 07:15,0.19893
2025-06-12 07:30,0.187875
2025-06-12 07:45,0.171136
2025-06-12 08:00,0.172949
2025-06-12 08:15,0.178796
2025-06-12 08:30,0.172421
2025-06-12 08:45,0.209141
2025-06-12 09:00,0.184995
2025-06-12 09:15,0.191032
2025-06-12 09:30,0.192093
2025-06-12 09:45,0.262094
2025-06-12 10:00,0.316215
2025-06-12 10:15,0.301926
2025-06-12 10:30,0.254154
2025-06-12 10:45,0.281881
2025-06-12 11:00,0.308962
2025-06-12 11:15,0.328801
2025-06-12 11:30,0.368478
2025-06-12 11:45,0.364892
2025-06-12 12:00,0.382281
2025-06-12 12:15,0.37184
2025-06-12 12:30,0.360968
2025-06-12 12:45,0.485072
2025-06-12 13:00,0.39421
2025-06-12 13:15,0.360002
2025-06-12 13:30,0.345387
2025-06-12 13:45,0.348304
2025-06-12 14:00,0.359853
2025-06-12 14:15,0.346845
2025-06-12 14:30,0.360307
2025-06-12 14:45,0.367701
2025-06-12 15:00,0.42262
2025-06-12 15:15,0.421872
2025-06-12 15:30,0.442353
2025-06-12 15:45,0.44055
2025-06-12 16:00,0.464595
2025-06-12 16:15,0.459312
2025-06-12 16:30,0.438333
2025-06-12 16:45,0.414128
2025-06-12 17:00,0.45841
2025-06-12 17:15,0.526897
2025-06-12 17:30,0.480922
2025-06-12 17:45,0.422229
2025-06-12 18:00,0.4408
2025-06-12 18:15,0.393688
2025-06-12 18:30,0.379119
2025-06-12 18:45,0.462759
2025-06-12 19:00,0.439233
2025-06-12 19:15,0.428293
2025-06-12 19:30,0.406171
2025-06-12 19:45,0.390741
2025-06-12 20:00,0.401577
2025-06-12 20:15,0.413975
2025-06-12 20:30,0.386155
2025-06-12 20:45,0.381855
2025-06-12 21:00,0.383299
2025-06-12 21:15,0.417678
2025-06-12 21:30,0.448019
2025-06-12 21:45,0.427266
2025-06-12 22:00,0.432721
2025-06-12 22:15,0.411054
2025-06-12 22:30,0.414728
2025-06-12 22:45,0.403245
2025-06-12 23:00,0.389348
2025-06-12 23:15,0.439857
2025-06-12 23:30,0.43287
2025-06-12 23:45,0.479998
2025-06-13 00:00,0.55454
2025-06-13 00:15,0.557127
2025-06-13 00:30,0.599296
2025-06-13 00:45,0.608562
2025-06-13 01:00,0.59624
2025-06-13 01:15,0.54451
2025-06-13 01:30,0.586792
2025-06-13 01:45,0.538851
2025-06-13 02:00,0.589185
2025-06-13 02:15,0.572399
2025-06-13 02:30,0.527246
2025-06-13 02:45,0.496469
2025-06-13 03:00,0.47302
2025-06-13 03:15,0.422881
2025-06-13 03:30,0.430009
2025-06-13 03:45,0.408786
2025-06-13 04:00,0.412735
2025-06-13 04:15,0.383239
2025-06-13 04:30,0.312915
2025-06-13 04:45,0.302667
2025-06-13 05:00,0.27704
2025-06-13 05:15,0.269704
2025-06-13 05:30,0.288873
2025-06-13 05:45,0.232077
2025-06-13 06:00,0.241288
2025-06-13 06:15,0.229545
2025-06-13 06:30,0.214347
2025-06-13 06:45,0.245755
2025-06-13 07:00,0.187677
2025-06-13 07:15,0.189978
2025-06-13 07:30,0.170452
2025-06-13 07:45,0.177771
2025-06-13 08:00,0.15995
2025-06-13 08:15,0.163128
2025-06-13 08:30,0.157663
2025-06-13 08:45,0.150242
2025-06-13 09:00,0.14723
2025-06-13 09:15,0.173988
2025-06-13 09:30,0.205661
2025-06-13 09:45,0.213652
2025-06-13 10:00,0.210741
2025-06-13 10:15,0.237105
2025-06-13 10:30,0.277801
2025-06-13 10:45,0.298392
2025-06-13 11:00,0.311312
2025-06-13 11:15,0.307777
2025-06-13 11:30,0.308355
2025-06-13 11:45,0.32589
2025-06-13 12:00,0.3724
2025-06-13 12:15,0.384302
2025-06-13 12:30,0.382089
2025-06-13 12:45,0.341636
2025-06-13 13:00,0.347708
2025-06-13 13:15,0.357713
2025-06-13 13:30,0.334781
2025-06-13 13:45,0.341297
2025-06-13 14:00,0.350906
2025-06-13 14:15,0.368955
2025-06-13 14:30,0.420559
2025-06-13 14:45,0.385514
2025-06-13 15:00,0.384326
2025-06-13 15:15,0.398553
2025-06-13 15:30,0.410582
2025-06-13 15:45,0.37657
2025-06-13 16:00,0.39096
2025-06-13 16:15,0.381031
2025-06-13 16:30,0.39634
2025-06-13 16:45,0.443606
2025-06-13 17:00,0.494703
2025-06-13 17:15,0.427085
2025-06-13 17:30,0.495063
2025-06-13 17:45,0.4939
2025-06-13 18:00,0.433072
2025-06-13 18:15,0.468288
2025-06-13 18:30,0.465661
2025-06-13 18:45,0.482204
2025-06-13 19:00,0.470412
2025-06-13 19:15,0.456233
2025-06-13 19:30,0.437552
2025-06-13 19:45,0.441286
2025-06-13 20:00,0.402667
2025-06-13 20:15,0.42799
2025-06-13 20:30,0.413281
2025-06-13 20:45,0.458354
2025-06-13 21:00,0.427792
2025-06-13 21:15,0.440285
2025-06-13 21:30,0.435207
2025-06-13 21:45,0.427762
2025-06-13 22:00,0.431132
2025-06-13 22:15,0.395978
2025-06-13 22:30,0.427685
2025-06-13 22:45,0.477934
2025-06-13 23:00,0.503004
2025-06-13 23:15,0.493978
2025-06-13 23:30,0.547303
2025-06-13 23:45,0.571654
2025-06-14 00:00,0.686513
2025-06-14 00:15,0.69032
2025-06-14 00:30,0.699421
2025-06-14 00:45,0.686942
2025-06-14 01:00,0.777499
2025-06-14 01:15,0.662199
2025-06-14 01:30,0.664693
2025-06-14 01:45,0.64368
2025-06-14 02:00,0.601827
2025-06-14 02:15,0.560495
2025-06-14 02:30,0.519005
2025-06-14 02:45,0.520751
2025-06-14 03:00,0.482833
2025-06-14 03:15,0.452293
2025-06-14 03:30,0.475927
2025-06-14 03:45,0.451815
2025-06-14 04:00,0.412715
2025-06-14 04:15,0.393756
2025-06-14 04:30,0.364475
2025-06-14 04:45,0.329419
2025-06-14 05:00,0.335471
2025-06-14 05:15,0.299533
2025-06-14 05:30,0.284032
2025-06-14 05:45,0.263879
2025-06-14 06:00,0.238328
2025-06-14 06:15,0.246686
2025-06-14 06:30,0.245815
2025-06-14 06:45,0.222869
2025-06-14 07:00,0.214873
2025-06-14 07:15,0.198072
2025-06-14 07:30,0.181842
2025-06-14 07:45,0.176411
2025-06-14 08:00,0.180472
2025-06-14 08:15,0.166051
2025-06-14 08:30,0.157927
2025-06-14 08:45,0.16296
2025-06-14 09:00,0.166988
2025-06-14 09:15,0.175529
2025-06-14 09:30,0.178568
2025-06-14 09:45,0.194613
2025-06-14 10:00,0.218039
2025-06-14 10:15,0.219251
2025-06-14 10:30,0.243377
2025-06-14 10:45,0.28415
2025-06-14 11:00,0.270842
2025-06-14 11:15,0.300231
2025-06-14 11:30,0.304884
2025-06-14 11:45,0.316354
2025-06-14 12:00,0.34132
2025-06-14 12:15,0.33953
2025-06-14 12:30,0.352924
2025-06-14 12:45,0.337627
2025-06-14 13:00,0.394485
2025-06-14 13:15,0.352067
2025-06-14 13:30,0.358228
2025-06-14 13:45,0.39191
2025-06-14 14:00,0.355402
2025-06-14 14:15,0.397825
2025-06-14 14:30,0.36921
2025-06-14 14:45,0.338143
2025-06-14 15:00,0.345182
2025-06-14 15:15,0.394444
2025-06-14 15:30,0.399041
2025-06-14 15:45,0.366037
2025-06-14 16:00,0.364976
2025-06-14 16:15,0.430561
2025-06-14 16:30,0.381663
2025-06-14 16:45,0.399766
2025-06-14 17:00,0.356877
2025-06-14 17:15,0.38525
2025-06-14 17:30,0.419105
2025-06-14 17:45,0.408713
2025-06-14 18:00,0.346865
2025-06-14 18:15,0.248764
2025-06-14 18:30,0.238151
2025-06-14 18:45,0.211918
2025-06-14 19:00,0.200932
2025-06-14 19:15,0.224603
2025-06-14 19:30,0.211002
2025-06-14 19:45,0.202987
2025-06-14 20:00,0.22401
2025-06-14 20:15,0.224339
2025-06-14 20:30,0.25132
2025-06-14 20:45,0.232836
2025-06-14 21:00,0.230897
2025-06-14 21:15,0.220792
2025-06-14 21:30,0.216587
2025-06-14 21:45,0.21542
2025-06-14 22:00,0.235175
2025-06-14 22:15,0.243149
2025-06-14 22:30,0.229802
2025-06-14 22:45,0.204227
2025-06-14 23:00,0.192021
2025-06-14 23:15,0.218221
2025-06-14 23:30,0.21109
2025-06-14 23:45,0.205628
2025-06-15 00:00,0.290863
2025-06-15 00:15,0.311104
2025-06-15 00:30,0.308517
2025-06-15 00:45,0.266777
2025-06-15 01:00,0.266514
2025-06-15 01:15,0.232966
2025-06-15 01:30,0.254027
2025-06-15 01:45,0.252261
2025-06-15 02:00,0.258181
2025-06-15 02:15,0.24526
2025-06-15 02:30,0.252916
2025-06-15 02:45,0.238352
2025-06-15 03:00,0.265108
2025-06-15 03:15,0.235756
2025-06-15 03:30,0.207261
2025-06-15 03:45,0.228981
2025-06-15 04:00,0.219826
2025-06-15 04:15,0.231187
2025-06-15 04:30,0.206344
2025-06-15 04:45,0.202437
2025-06-15 05:00,0.184362
2025-06-15 05:15,0.182762
2025-06-15 05:30,0.13303
2025-06-15 05:45,0.13172
2025-06-15 06:00,0.119443
2025-06-15 06:15,0.123131
2025-06-15 06:30,0.115189
2025-06-15 06:45,0.119192
2025-06-15 07:00,0.103121
2025-06-15 07:15,0.099235
2025-06-15 07:30,0.096116
2025-06-15 07:45,0.091038
2025-06-15 08:00,0.089248
2025-06-15 08:15,0.080089
2025-06-15 08:30,0.08184
2025-06-15 08:45,0.083636
2025-06-15 09:00,0.074657
2025-06-15 09:15,0.07151
2025-06-15 09:30,0.080622
2025-06-15 09:45,0.08365
2025-06-15 10:00,0.0887
2025-06-15 10:15,0.095527
2025-06-15 10:30,0.095436
2025-06-15 10:45,0.104256
2025-06-15 11:00,0.136776
2025-06-15 11:15,0.150405
2025-06-15 11:30,0.143965
2025-06-15 11:45,0.150304
2025-06-15 12:00,0.158627
2025-06-15 12:15,0.161895
2025-06-15 12:30,0.19027
2025-06-15 12:45,0.193988
2025-06-15 13:00,0.19122
2025-06-15 13:15,0.196588
2025-06-15 13:30,0.205059
2025-06-15 13:45,0.182266
2025-06-15 14:00,0.207207
2025-06-15 14:15,0.339555
2025-06-15 14:30,0.443194
2025-06-15 14:45,0.419821
2025-06-15 15:00,0.449193
2025-06-15 15:15,0.419491
2025-06-15 15:30,0.442641
2025-06-15 15:45,0.442385
2025-06-15 16:00,0.495665
2025-06-15 16:15,0.423114
2025-06-15 16:30,0.402289
2025-06-15 16:45,0.416719
2025-06-15 17:00,0.459553
2025-06-15 17:15,0.497347
2025-06-15 17:30,0.492527
2025-06-15 17:45,0.537511
2025-06-15 18:00,0.59721
2025-06-15 18:15,0.629939
2025-06-15 18:30,0.587571
2025-06-15 18:45,0.549898
2025-06-15 19:00,0.598242
2025-06-15 19:15,0.566745
2025-06-15 19:30,0.578828
2025-06-15 19:45,0.570564
2025-06-15 20:00,0.572642
2025-06-15 20:15,0.599132
2025-06-15 20:30,0.582153
2025-06-15 20:45,0.564217
2025-06-15 21:00,0.56426
2025-06-15 21:15,0.591421
2025-06-15 21:30,0.582874
2025-06-15 21:45,0.521907
2025-06-15 22:00,0.472161
2025-06-15 22:15,0.59945
2025-06-15 22:30,0.457038
2025-06-15 22:45,0.470409
2025-06-15 23:00,0.480407
2025-06-15 23:15,0.477843
2025-06-15 23:30,0.516163
2025-06-15 23:45,0.589976
2025-06-16 00:00,0.664094
2025-06-16 00:15,0.689936
2025-06-16 00:30,0.705193
2025-06-16 00:45,0.618853
2025-06-16 01:00,0.640877
2025-06-16 01:15,0.627038
2025-06-16 01:30,0.664282
2025-06-16 01:45,0.630798
2025-06-16 02:00,0.565784
2025-06-16 02:15,0.596223
2025-06-16 02:30,0.649488
2025-06-16 02:45,0.53589
2025-06-16 03:00,0.537936
2025-06-16 03:15,0.513981
2025-06-16 03:30,0.442254
2025-06-16 03:45,0.435578
2025-06-16 04:00,0.428904
2025-06-16 04:15,0.414955
2025-06-16 04:30,0.385205
2025-06-16 04:45,0.389649
2025-06-16 05:00,0.352632
2025-06-16 05:15,0.315404
2025-06-16 05:30,0.300003
2025-06-16 05:45,0.278107
2025-06-16 06:00,0.287949
2025-06-16 06:15,0.222138
2025-06-16 06:30,0.242616
2025-06-16 06:45,0.207373
2025-06-16 07:00,0.183516
2025-06-16 07:15,0.166488
2025-06-16 07:30,0.161621
2025-06-16 07:45,0.178522
2025-06-16 08:00,0.170144
2025-06-16 08:15,0.173019
2025-06-16 08:30,0.164215
2025-06-16 08:45,0.181042
2025-06-16 09:00,0.195315
2025-06-16 09:15,0.200998
2025-06-16 09:30,0.19458
2025-06-16 09:45,0.213112
2025-06-16 10:00,0.223999
2025-06-16 10:15,0.227097
2025-06-16 10:30,0.260271
2025-06-16 10:45,0.292502
2025-06-16 11:00,0.335861
2025-06-16 11:15,0.371262
2025-06-16 11:30,0.378367
2025-06-16 11:45,0.392035
2025-06-16 12:00,0.37293
2025-06-16 12:15,0.386545
2025-06-16 12:30,0.384033
2025-06-16 12:45,0.373309
2025-06-16 13:00,0.367688
2025-06-16 13:15,0.370184
2025-06-16 13:30,0.359543
2025-06-16 13:45,0.377055
2025-06-16 14:00,0.374986
2025-06-16 14:15,0.369426
2025-06-16 14:30,0.356116
2025-06-16 14:45,0.380125
2025-06-16 15:00,0.380541
2025-06-16 15:15,0.367281
2025-06-16 15:30,0.381383
2025-06-16 15:45,0.406698
2025-06-16 16:00,0.438865
2025-06-16 16:15,0.453899
2025-06-16 16:30,0.472557
2025-06-16 16:45,0.472134
2025-06-16 17:00,0.444425
2025-06-16 17:15,0.436489
2025-06-16 17:30,0.449998
2025-06-16 17:45,0.549032
2025-06-16 18:00,0.466514
2025-06-16 18:15,0.523098
2025-06-16 18:30,0.513696
2025-06-16 18:45,0.485831
2025-06-16 19:00,0.482734
2025-06-16 19:15,0.525981
2025-06-16 19:30,0.548339
2025-06-16 19:45,0.470394
2025-06-16 20:00,0.456041
2025-06-16 20:15,0.452372
2025-06-16 20:30,0.439044
2025-06-16 20:45,0.441873
2025-06-16 21:00,0.405945
2025-06-16 21:15,0.394272
2025-06-16 21:30,0.390564
2025-06-16 21:45,0.401853
2025-06-16 22:00,0.395792
2025-06-16 22:15,0.427422
2025-06-16 22:30,0.463907
2025-06-16 22:45,0.476986
2025-06-16 23:00,0.495734
2025-06-16 23:15,0.543217
2025-06-16 23:30,0.53732
2025-06-16 23:45,0.555084
2025-06-17 00:00,0.755332
2025-06-17 00:15,0.725895
2025-06-17 00:30,0.715666
2025-06-17 00:45,0.696862
2025-06-17 01:00,0.641456
2025-06-17 01:15,0.650583
2025-06-17 01:30,0.609794
2025-06-17 01:45,0.610073
2025-06-17 02:00,0.583231
2025-06-17 02:15,0.626091
2025-06-17 02:30,0.633429
2025-06-17 02:45,0.550046
2025-06-17 03:00,0.593329
2025-06-17 03:15,0.529932
2025-06-17 03:30,0.474347
2025-06-17 03:45,0.412522
2025-06-17 04:00,0.381783
2025-06-17 04:15,0.384684
2025-06-17 04:30,0.383101
2025-06-17 04:45,0.390949
2025-06-17 05:00,0.364042
2025-06-17 05:15,0.311684
2025-06-17 05:30,0.292494
2025-06-17 05:45,0.245433
2025-06-17 06:00,0.228078
2025-06-17 06:15,0.219937
2025-06-17 06:30,0.205889
2025-06-17 06:45,0.201828
2025-06-17 07:00,0.183174
2025-06-17 07:15,0.204419
2025-06-17 07:30,0.185293
2025-06-17 07:45,0.161182
2025-06-17 08:00,0.158142
2025-06-17 08:15,0.14682
2025-06-17 08:30,0.147381
2025-06-17 08:45,0.147156
2025-06-17 09:00,0.158918
2025-06-17 09:15,0.160575
2025-06-17 09:30,0.176943
2025-06-17 09:45,0.194228
2025-06-17 10:00,0.223343
2025-06-17 10:15,0.223691
2025-06-17 10:30,0.279263
2025-06-17 10:45,0.317924
2025-06-17 11:00,0.310215
2025-06-17 11:15,0.34559
2025-06-17 11:30,0.342933
2025-06-17 11:45,0.365532
2025-06-17 12:00,0.35384
2025-06-17 12:15,0.344546
2025-06-17 12:30,0.360333
2025-06-17 12:45,0.38327
2025-06-17 13:00,0.382368
2025-06-17 13:15,0.373432
2025-06-17 13:30,0.365424
2025-06-17 13:45,0.347022
2025-06-17 14:00,0.374252
2025-06-17 14:15,0.402433
2025-06-17 14:30,0.391208
2025-06-17 14:45,0.382807
2025-06-17 15:00,0.396361
2025-06-17 15:15,0.379995
2025-06-17 15:30,0.400532
2025-06-17 15:45,0.375883
2025-06-17 16:00,0.392528
2025-06-17 16:15,0.416816
2025-06-17 16:30,0.434631
2025-06-17 16:45,0.441603
2025-06-17 17:00,0.409641
2025-06-17 17:15,0.431834
2025-06-17 17:30,0.471477
2025-06-17 17:45,0.449795
2025-06-17 18:00,0.463036
2025-06-17 18:15,0.455724
2025-06-17 18:30,0.452943
2025-06-17 18:45,0.469037
2025-06-17 19:00,0.439394
2025-06-17 19:15,0.460619
2025-06-17 19:30,0.441045
2025-06-17 19:45,0.447633
2025-06-17 20:00,0.42115
2025-06-17 20:15,0.44892
2025-06-17 20:30,0.456712
2025-06-17 20:45,0.431029
2025-06-17 21:00,0.450511
2025-06-17 21:15,0.408691
2025-06-17 21:30,0.421609
2025-06-17 21:45,0.407565
2025-06-17 22:00,0.378114
2025-06-17 22:15,0.412999
2025-06-17 22:30,0.411012
2025-06-17 22:45,0.418086
2025-06-17 23:00,0.547156
2025-06-17 23:15,0.595547
2025-06-17 23:30,0.626591
2025-06-17 23:45,0.735918
2025-06-18 00:00,0.78718
2025-06-18 00:00,0.974467
2025-06-18 00:15,0.993753
2025-06-18 00:30,0.918991
2025-06-18 00:45,0.904347
2025-06-18 01:00,0.698862
2025-06-18 01:15,0.51584
2025-06-18 01:30,0.538375
2025-06-18 01:45,0.491062
2025-06-18 02:00,0.450555
2025-06-18 02:15,0.478624
2025-06-18 02:30,0.411822
2025-06-18 02:45,0.436683
2025-06-18 03:00,0.35397
2025-06-18 03:15,0.371004
2025-06-18 03:30,0.349144
2025-06-18 03:45,0.350053
2025-06-18 04:00,0.31032
2025-06-18 04:15,0.3685
2025-06-18 04:30,0.369167
2025-06-18 04:45,0.351575
2025-06-18 05:00,0.345926
2025-06-18 05:15,0.315787
2025-06-18 05:30,0.277537
2025-06-18 05:45,0.327722
2025-06-18 06:00,0.31569
2025-06-18 06:15,0.310517
2025-06-18 06:30,0.241578
2025-06-18 06:45,0.221239
2025-06-18 07:00,0.199262
2025-06-18 07:15,0.196049
2025-06-18 07:30,0.186974
2025-06-18 07:45,0.167642
2025-06-18 08:00,0.142849
2025-06-18 08:15,0.191669
2025-06-18 08:30,0.213445
2025-06-18 08:45,0.210003
2025-06-18 09:00,0.242499
2025-06-18 09:15,0.207309
2025-06-18 09:30,0.174732
2025-06-18 09:45,0.23014
2025-06-18 10:00,0.339495
2025-06-18 10:15,0.298357
2025-06-18 10:30,0.325584
2025-06-18 10:45,0.362888
2025-06-18 11:00,0.419253
2025-06-18 11:15,0.438208
2025-06-18 11:30,0.487237
2025-06-18 11:45,0.479209
2025-06-18 12:00,0.492837
2025-06-18 12:15,0.560229
2025-06-18 12:30,0.594203
2025-06-18 12:45,0.634981
2025-06-18 13:00,0.607274
2025-06-18 13:15,0.581119
2025-06-18 13:30,0.523714
2025-06-18 13:45,0.536059
2025-06-18 14:00,0.475152
2025-06-18 14:15,0.499131
2025-06-18 14:30,0.530998
2025-06-18 14:45,0.602013
2025-06-18 15:00,0.531564
2025-06-18 15:15,0.597572
2025-06-18 15:30,0.58235
2025-06-18 15:45,0.671601
2025-06-18 16:00,0.621816
2025-06-18 16:15,0.633098
2025-06-18 16:30,0.608809
2025-06-18 16:45,0.609197
2025-06-18 17:00,0.630262
2025-06-18 17:15,0.585268
2025-06-18 17:30,0.585372
2025-06-18 17:45,0.658761
2025-06-18 18:00,0.596725
2025-06-18 18:15,0.66582
2025-06-18 18:30,0.654274
2025-06-18 18:45,0.664042
2025-06-18 19:00,0.713717
2025-06-18 19:15,0.708187
2025-06-18 19:30,0.695616
2025-06-18 19:45,0.693232
2025-06-18 20:00,0.62444
2025-06-18 20:15,0.633323
2025-06-18 20:30,0.664138
2025-06-18 20:45,0.680499
2025-06-18 21:00,0.634793
2025-06-18 21:15,0.51805
2025-06-18 21:30,0.571526
2025-06-18 21:45,0.66064
2025-06-18 22:00,0.610328
2025-06-18 22:15,0.649098
2025-06-18 22:30,0.641554
2025-06-18 22:45,0.681193
2025-06-18 23:00,0.652325
2025-06-18 23:15,0.596911
2025-06-18 23:30,0.63681
2025-06-18 23:45,0.75569
2025-06-19 00:00,0.893439
2025-06-19 00:15,0.947363
2025-06-19 00:30,0.954717
2025-06-19 00:45,1.0
2025-06-19 01:00,0.875481
2025-06-19 01:15,0.819937
2025-06-19 01:30,0.81728
2025-06-19 01:45,0.871246
2025-06-19 02:00,0.809912
2025-06-19 02:15,0.764295
2025-06-19 02:30,0.780061
2025-06-19 02:45,0.779841
2025-06-19 03:00,0.686494
2025-06-19 03:15,0.7375
2025-06-19 03:30,0.597294
2025-06-19 03:45,0.58048
2025-06-19 04:00,0.558272
2025-06-19 04:15,0.479454
2025-06-19 04:30,0.462967
2025-06-19 04:45,0.464846
2025-06-19 05:00,0.361541
2025-06-19 05:15,0.380715
2025-06-19 05:30,0.370527
2025-06-19 05:45,0.335234
2025-06-19 06:00,0.297051
2025-06-19 06:15,0.28422
2025-06-19 06:30,0.242718
2025-06-19 06:45,0.213512
2025-06-19 07:00,0.197399
2025-06-19 07:15,0.223006
2025-06-19 07:30,0.183093
2025-06-19 07:45,0.173772
2025-06-19 08:00,0.174586
2025-06-19 08:15,0.156575
2025-06-19 08:30,0.160627
2025-06-19 08:45,0.18729
2025-06-19 09:00,0.236091
2025-06-19 09:15,0.215831
2025-06-19 09:30,0.211432
2025-06-19 09:45,0.227871
2025-06-19 10:00,0.272216
2025-06-19 10:15,0.255581
2025-06-19 10:30,0.321641
2025-06-19 10:45,0.3638
2025-06-19 11:00,0.444899
2025-06-19 11:15,0.4207
2025-06-19 11:30,0.446845
2025-06-19 11:45,0.477568
2025-06-19 12:00,0.463728
2025-06-19 12:15,0.491962
2025-06-19 12:30,0.498691
2025-06-19 12:45,0.482612
2025-06-19 13:00,0.456446
2025-06-19 13:15,0.471859
2025-06-19 13:30,0.445789
2025-06-19 13:45,0.464358
2025-06-19 14:00,0.481254
2025-06-19 14:15,0.480489
2025-06-19 14:30,0.488612
2025-06-19 14:45,0.473872
2025-06-19 15:00,0.451456
2025-06-19 15:15,0.457146
2025-06-19 15:30,0.462201
2025-06-19 15:45,0.506948
2025-06-19 16:00,0.569003
2025-06-19 16:15,0.568796
2025-06-19 16:30,0.515195
2025-06-19 16:45,0.515042
2025-06-19 17:00,0.563584
2025-06-19 17:15,0.559145
2025-06-19 17:30,0.61661
2025-06-19 17:45,0.551382
2025-06-19 18:00,0.555428
2025-06-19 18:15,0.601542
2025-06-19 18:30,0.639492
2025-06-19 18:45,0.621361
2025-06-19 19:00,0.577096
2025-06-19 19:15,0.603443
2025-06-19 19:30,0.604036
2025-06-19 19:45,0.608596
2025-06-19 20:00,0.576041
2025-06-19 20:15,0.499804
2025-06-19 20:30,0.351048
2025-06-19 20:45,0.318906
2025-06-19 21:00,0.435133
2025-06-19 21:15,0.489894
2025-06-19 21:30,0.440345
2025-06-19 21:45,0.457731
2025-06-19 22:00,0.451772
2025-06-19 22:15,0.499726
2025-06-19 22:30,0.509152
2025-06-19 22:45,0.557807
2025-06-19 23:00,0.568328
2025-06-19 23:15,0.58414
2025-06-19 23:30,0.617272
2025-06-19 23:45,0.733921
2025-06-20 00:00,0.859513
2025-06-20 00:15,0.881372
2025-06-20 00:30,0.861226
2025-06-20 00:45,0.869049
2025-06-20 01:00,0.829981
2025-06-20 01:15,0.761194
2025-06-20 01:30,0.754276
2025-06-20 01:45,0.708678
2025-06-20 02:00,0.801701
2025-06-20 02:15,0.771122
2025-06-20 02:30,0.741405
2025-06-20 02:45,0.696331
2025-06-20 03:00,0.690972
2025-06-20 03:15,0.627985
2025-06-20 03:30,0.666985
2025-06-20 03:45,0.554949
2025-06-20 04:00,0.541769
2025-06-20 04:15,0.467952
2025-06-20 04:30,0.443504
2025-06-20 04:45,0.434997
2025-06-20 05:00,0.41238
2025-06-20 05:15,0.410713
2025-06-20 05:30,0.374727
2025-06-20 05:45,0.340355
2025-06-20 06:00,0.303911
2025-06-20 06:15,0.283587
2025-06-20 06:30,0.251824
2025-06-20 06:45,0.237435
2025-06-20 07:00,0.231762
2025-06-20 07:15,0.240735
2025-06-20 07:30,0.207844
2025-06-20 07:45,0.213182
2025-06-20 08:00,0.19278
2025-06-20 08:15,0.187523
2025-06-20 08:30,0.200087
2025-06-20 08:45,0.192658
2025-06-20 09:00,0.201355
2025-06-20 09:15,0.218442
2025-06-20 09:30,0.200751
2025-06-20 09:45,0.207659
2025-06-20 10:00,0.238948
2025-06-20 10:15,0.343754
2025-06-20 10:30,0.344014
2025-06-20 10:45,0.363725
2025-06-20 11:00,0.350048
2025-06-20 11:15,0.420906
2025-06-20 11:30,0.453423
2025-06-20 11:45,0.435713
2025-06-20 12:00,0.488708
2025-06-20 12:15,0.471293
2025-06-20 12:30,0.404392
2025-06-20 12:45,0.389078
2025-06-20 13:00,0.437944
2025-06-20 13:15,0.471224
2025-06-20 13:30,0.500449
2025-06-20 13:45,0.453646
2025-06-20 14:00,0.419748
2025-06-20 14:15,0.414524
2025-06-20 14:30,0.429906
2025-06-20 14:45,0.405824
2025-06-20 15:00,0.439696
2025-06-20 15:15,0.48191
2025-06-20 15:30,0.51328
2025-06-20 15:45,0.532397
2025-06-20 16:00,0.519048
2025-06-20 16:15,0.498268
2025-06-20 16:30,0.485507
2025-06-20 16:45,0.520996
2025-06-20 17:00,0.553431
2025-06-20 17:15,0.591006
2025-06-20 17:30,0.530718
2025-06-20 17:45,0.582826
2025-06-20 18:00,0.610148
2025-06-20 18:15,0.607894
2025-06-20 18:30,0.646514
2025-06-20 18:45,0.589517
2025-06-20 19:00,0.579567
2025-06-20 19:15,0.561305
2025-06-20 19:30,0.494268
2025-06-20 19:45,0.522829
2025-06-20 20:00,0.498257
2025-06-20 20:15,0.546086
2025-06-20 20:30,0.524853
2025-06-20 20:45,0.591645
2025-06-20 21:00,0.537579
2025-06-20 21:15,0.486773
2025-06-20 21:30,0.562548
2025-06-20 21:45,0.525996
2025-06-20 22:00,0.54576
2025-06-20 22:15,0.533485
2025-06-20 22:30,0.488315
2025-06-20 22:45,0.498168
2025-06-20 23:00,0.525833
2025-06-20 23:15,0.532637
2025-06-20 23:30,0.57148
2025-06-20 23:45,0.675295
2025-06-21 00:00,0.768441
2025-06-21 00:15,0.73807
2025-06-21 00:30,0.81135
2025-06-21 00:45,0.835089
2025-06-21 01:00,0.759126
2025-06-21 01:15,0.711609
2025-06-21 01:30,0.80155
2025-06-21 01:45,0.774489
2025-06-21 02:00,0.751835
2025-06-21 02:15,0.694912
2025-06-21 02:30,0.681793
2025-06-21 02:45,0.63502
2025-06-21 03:00,0.660033
2025-06-21 03:15,0.624897
2025-06-21 03:30,0.608283
2025-06-21 03:45,0.733017
2025-06-21 04:00,0.622476
2025-06-21 04:15,0.551498
2025-06-21 04:30,0.514665
2025-06-21 04:45,0.462216
2025-06-21 05:00,0.412363
2025-06-21 05:15,0.453082
2025-06-21 05:30,0.354177
2025-06-21 05:45,0.310085
2025-06-21 06:00,0.301747
2025-06-21 06:15,0.30758
2025-06-21 06:30,0.291505
2025-06-21 06:45,0.305142
2025-06-21 07:00,0.272337
2025-06-21 07:15,0.227431
2025-06-21 07:30,0.218466
2025-06-21 07:45,0.219816
2025-06-21 08:00,0.202552
2025-06-21 08:15,0.214588
2025-06-21 08:30,0.216059
2025-06-21 08:45,0.187367
2025-06-21 09:00,0.193144
2025-06-21 09:15,0.212372
2025-06-21 09:30,0.190643
2025-06-21 09:45,0.195275
2025-06-21 10:00,0.220209
2025-06-21 10:15,0.234062
2025-06-21 10:30,0.249165
2025-06-21 10:45,0.266612
2025-06-21 11:00,0.302142
2025-06-21 11:15,0.294546
2025-06-21 11:30,0.317195
2025-06-21 11:45,0.332664
2025-06-21 12:00,0.369149
2025-06-21 12:15,0.374702
2025-06-21 12:30,0.370145
2025-06-21 12:45,0.391916
2025-06-21 13:00,0.392686
2025-06-21 13:15,0.384656
2025-06-21 13:30,0.392708
2025-06-21 13:45,0.435844
2025-06-21 14:00,0.428877
2025-06-21 14:15,0.38684
2025-06-21 14:30,0.428557
2025-06-21 14:45,0.464179
2025-06-21 15:00,0.516509
2025-06-21 15:15,0.456271
2025-06-21 15:30,0.434353
2025-06-21 15:45,0.452552
2025-06-21 16:00,0.467184
2025-06-21 16:15,0.451224
2025-06-21 16:30,0.533774
2025-06-21 16:45,0.476908
2025-06-21 17:00,0.49467
2025-06-21 17:15,0.553446
2025-06-21 17:30,0.548627
2025-06-21 17:45,0.540729
2025-06-21 18:00,0.584068
2025-06-21 18:15,0.570573
2025-06-21 18:30,0.547739
2025-06-21 18:45,0.547547
2025-06-21 19:00,0.588512
2025-06-21 19:15,0.614898
2025-06-21 19:30,0.524224
2025-06-21 19:45,0.531841
2025-06-21 20:00,0.524804
2025-06-21 20:15,0.53728
2025-06-21 20:30,0.599988
2025-06-21 20:45,0.576686
2025-06-21 21:00,0.569946
2025-06-21 21:15,0.572719
2025-06-21 21:30,0.62102
2025-06-21 21:45,0.554726
2025-06-21 22:00,0.544261
2025-06-21 22:15,0.578605
2025-06-21 22:30,0.587738
2025-06-21 22:45,0.584759
2025-06-21 23:00,0.626553
2025-06-21 23:15,0.650452
2025-06-21 23:30,0.693195
2025-06-21 23:45,0.69732
2025-06-22 00:00,0.888057
2025-06-22 00:15,0.833379
2025-06-22 00:30,0.8837
2025-06-22 00:45,0.848447
2025-06-22 01:00,0.805717
2025-06-22 01:15,0.781591
2025-06-22 01:30,0.852434
2025-06-22 01:45,0.829762
2025-06-22 02:00,0.828307
2025-06-22 02:15,0.775008
2025-06-22 02:30,0.770113
2025-06-22 02:45,0.883801
2025-06-22 03:00,0.824133
2025-06-22 03:15,0.681943
2025-06-22 03:30,0.632822
2025-06-22 03:45,0.621077
2025-06-22 04:00,0.554444
2025-06-22 04:15,0.523843
2025-06-22 04:30,0.557836
2025-06-22 04:45,0.49941
2025-06-22 05:00,0.447294
2025-06-22 05:15,0.386392
2025-06-22 05:30,0.380744
2025-06-22 05:45,0.430885
2025-06-22 06:00,0.318101
2025-06-22 06:15,0.315379
2025-06-22 06:30,0.286822
2025-06-22 06:45,0.289139
2025-06-22 07:00,0.29331
2025-06-22 07:15,0.271585
2025-06-22 07:30,0.273056
2025-06-22 07:45,0.273226
2025-06-22 08:00,0.251349
2025-06-22 08:15,0.250187
2025-06-22 08:30,0.22017
2025-06-22 08:45,0.196766
2025-06-22 09:00,0.216041
2025-06-22 09:15,0.224237
2025-06-22 09:30,0.23744
2025-06-22 09:45,0.222311
2025-06-22 10:00,0.233169
2025-06-22 10:15,0.255192
2025-06-22 10:30,0.277319
2025-06-22 10:45,0.264462
2025-06-22 11:00,0.327888
2025-06-22 11:15,0.329643
2025-06-22 11:30,0.371209
2025-06-22 11:45,0.366723
2025-06-22 12:00,0.407357
2025-06-22 12:15,0.382981
2025-06-22 12:30,0.40906
2025-06-22 12:45,0.412381
2025-06-22 13:00,0.46092
2025-06-22 13:15,0.429915
2025-06-22 13:30,0.444455
2025-06-22 13:45,0.446261
2025-06-22 14:00,0.497669
2025-06-22 14:15,0.483991
2025-06-22 14:30,0.477235
2025-06-22 14:45,0.461259
2025-06-22 15:00,0.536969
2025-06-22 15:15,0.559103
2025-06-22 15:30,0.531852
2025-06-22 15:45,0.532521
2025-06-22 16:00,0.526495
2025-06-22 16:15,0.540497
2025-06-22 16:30,0.524455
2025-06-22 16:45,0.482275
2025-06-22 17:00,0.534329
2025-06-22 17:15,0.551662
2025-06-22 17:30,0.560914
2025-06-22 17:45,0.55717
2025-06-22 18:00,0.61692
2025-06-22 18:15,0.623824
2025-06-22 18:30,0.611768
2025-06-22 18:45,0.626305
2025-06-22 19:00,0.706107
2025-06-22 19:15,0.686972
2025-06-22 19:30,0.745119
2025-06-22 19:45,0.703372
2025-06-22 20:00,0.664079
2025-06-22 20:15,0.652227
2025-06-22 20:30,0.67324
2025-06-22 20:45,0.690763
2025-06-22 21:00,0.647734
2025-06-22 21:15,0.661538
2025-06-22 21:30,0.651144
2025-06-22 21:45,0.683913
2025-06-22 22:00,0.677347
2025-06-22 22:15,0.693936
2025-06-22 22:30,0.664177
2025-06-22 22:45,0.66441
2025-06-22 23:00,0.639598
2025-06-22 23:15,0.622475
2025-06-22 23:30,0.607263
2025-06-22 23:45,0.617365
2025-06-23 00:00,0.798532
2025-06-23 00:15,0.924926
2025-06-23 00:30,0.936228
2025-06-23 00:45,0.909502
2025-06-23 01:00,0.913876
2025-06-23 01:15,0.83278
2025-06-23 01:30,0.849577
2025-06-23 01:45,0.880142
2025-06-23 02:00,0.78567
2025-06-23 02:15,0.823749
2025-06-23 02:30,0.782937
2025-06-23 02:45,0.848737
2025-06-23 03:00,0.762586
2025-06-23 03:15,0.703993
2025-06-23 03:30,0.70138
2025-06-23 03:45,0.598716
2025-06-23 04:00,0.574624
2025-06-23 04:15,0.495831
2025-06-23 04:30,0.502288
2025-06-23 04:45,0.427963
2025-06-23 05:00,0.393247
2025-06-23 05:15,0.350069
2025-06-23 05:30,0.367075
2025-06-23 05:45,0.335514
2025-06-23 06:00,0.296501
2025-06-23 06:15,0.282149
2025-06-23 06:30,0.279418
2025-06-23 06:45,0.250091
2025-06-23 07:00,0.230218
2025-06-23 07:15,0.24285
2025-06-23 07:30,0.223917
2025-06-23 07:45,0.212954
2025-06-23 08:00,0.204729
2025-06-23 08:15,0.198593
2025-06-23 08:30,0.205165
2025-06-23 08:45,0.197706
2025-06-23 09:00,0.212994
2025-06-23 09:15,0.205758
2025-06-23 09:30,0.220176
2025-06-23 09:45,0.243347
2025-06-23 10:00,0.268018
2025-06-23 10:15,0.312545
2025-06-23 10:30,0.333028
2025-06-23 10:45,0.393182
2025-06-23 11:00,0.436451
2025-06-23 11:15,0.425614
2025-06-23 11:30,0.437189
2025-06-23 11:45,0.448206
2025-06-23 12:00,0.475389
2025-06-23 12:15,0.511713
2025-06-23 12:30,0.563291
2025-06-23 12:45,0.500574
2025-06-23 13:00,0.493534
2025-06-23 13:15,0.535185
2025-06-23 13:30,0.492505
2025-06-23 13:45,0.490661
2025-06-23 14:00,0.471433
2025-06-23 14:15,0.511292
2025-06-23 14:30,0.506699
2025-06-23 14:45,0.5074
2025-06-23 15:00,0.515041
2025-06-23 15:15,0.505322
2025-06-23 15:30,0.476617
2025-06-23 15:45,0.518675
2025-06-23 16:00,0.55523
2025-06-23 16:15,0.520042
2025-06-23 16:30,0.554304
2025-06-23 16:45,0.547723
2025-06-23 17:00,0.573334
2025-06-23 17:15,0.629588
2025-06-23 17:30,0.622188
2025-06-23 17:45,0.659987
2025-06-23 18:00,0.624881
2025-06-23 18:15,0.614164
2025-06-23 18:30,0.57854
2025-06-23 18:45,0.608679
2025-06-23 19:00,0.601804
2025-06-23 19:15,0.739086
2025-06-23 19:30,0.728069
2025-06-23 19:45,0.649683
2025-06-23 20:00,0.6443
2025-06-23 20:15,0.673769
2025-06-23 20:30,0.636412
2025-06-23 20:45,0.621112
2025-06-23 21:00,0.593235
2025-06-23 21:15,0.546485
2025-06-23 21:30,0.563832
2025-06-23 21:45,0.534005
2025-06-23 22:00,0.537177
2025-06-23 22:15,0.538396
2025-06-23 22:30,0.55494
2025-06-23 22:45,0.562763
2025-06-23 23:00,0.551819
2025-06-23 23:15,0.573269
2025-06-23 23:30,0.605234
2025-06-23 23:45,0.648585
2025-06-24 00:00,0.783342
2025-06-24 00:15,0.857985
2025-06-24 00:30,0.852599
2025-06-24 00:45,0.940333
2025-06-24 01:00,0.880588
2025-06-24 01:15,0.867862
2025-06-24 01:30,0.813207
2025-06-24 01:45,0.823291
2025-06-24 02:00,0.754076
2025-06-24 02:15,0.709876
2025-06-24 02:30,0.725029
2025-06-24 02:45,0.686789
2025-06-24 03:00,0.708295
2025-06-24 03:15,0.662775
2025-06-24 03:30,0.58874
2025-06-24 03:45,0.573674
2025-06-24 04:00,0.595132
2025-06-24 04:15,0.473163
2025-06-24 04:30,0.429907
2025-06-24 04:45,0.427245
2025-06-24 05:00,0.415629
2025-06-24 05:15,0.363247
2025-06-24 05:30,0.3069
2025-06-24 05:45,0.307435
2025-06-24 06:00,0.289394
2025-06-24 06:15,0.302705
2025-06-24 06:30,0.263051
2025-06-24 06:45,0.260696
2025-06-24 07:00,0.244488
2025-06-24 07:15,0.235939
2025-06-24 07:30,0.209438
2025-06-24 07:45,0.213016
2025-06-24 08:00,0.219839
2025-06-24 08:15,0.198869
2025-06-24 08:30,0.195377
2025-06-24 08:45,0.193892
2025-06-24 09:00,0.213634
2025-06-24 09:15,0.190136
2025-06-24 09:30,0.215575
2025-06-24 09:45,0.216065
2025-06-24 10:00,0.243314
2025-06-24 10:15,0.291673
2025-06-24 10:30,0.334648
2025-06-24 10:45,0.364096
2025-06-24 11:00,0.390923
2025-06-24 11:15,0.368921
2025-06-24 11:30,0.421514
2025-06-24 11:45,0.464548
2025-06-24 12:00,0.447906
2025-06-24 12:15,0.47967
2025-06-24 12:30,0.503514
2025-06-24 12:45,0.550496
2025-06-24 13:00,0.545536
2025-06-24 13:15,0.518223
2025-06-24 13:30,0.5157
2025-06-24 13:45,0.502662
2025-06-24 14:00,0.486038
2025-06-24 14:15,0.481044
2025-06-24 14:30,0.510785
2025-06-24 14:45,0.541715
2025-06-24 15:00,0.574096
2025-06-24 15:15,0.533184
2025-06-24 15:30,0.523864
2025-06-24 15:45,0.587975
2025-06-24 16:00,0.6048
2025-06-24 16:15,0.617525
2025-06-24 16:30,0.576817
2025-06-24 16:45,0.611051
2025-06-24 17:00,0.593486
2025-06-24 17:15,0.603162
2025-06-24 17:30,0.633602
2025-06-24 17:45,0.627797
2025-06-24 18:00,0.628695
2025-06-24 18:15,0.607186
2025-06-24 18:30,0.665441
2025-06-24 18:45,0.599823
2025-06-24 19:00,0.612511
2025-06-24 19:15,0.683897
2025-06-24 19:30,0.68807
2025-06-24 19:45,0.59755
2025-06-24 20:00,0.63668
2025-06-24 20:15,0.631069
2025-06-24 20:30,0.576658
2025-06-24 20:45,0.589071
2025-06-24 21:00,0.576221
2025-06-24 21:15,0.532464
2025-06-24 21:30,0.564199
2025-06-24 21:45,0.578737
2025-06-24 22:00,0.554895
2025-06-24 22:15,0.544671
2025-06-24 22:30,0.572915
2025-06-24 22:45,0.591563
2025-06-24 23:00,0.579056
2025-06-24 23:15,0.595123
2025-06-24 23:30,0.624822
2025-06-24 23:45,0.681622
2025-06-25 00:00,0.899202
2025-06-25 00:00,0.809084
2025-06-25 00:15,0.959975
2025-06-25 00:30,0.838297
2025-06-25 00:45,0.824658
2025-06-25 01:00,0.803416
2025-06-25 01:15,0.747885
2025-06-25 01:30,0.726915
2025-06-25 01:45,0.784377
2025-06-25 02:00,0.837982
2025-06-25 02:15,0.87013
2025-06-25 02:30,0.821528
2025-06-25 02:45,0.853751
2025-06-25 03:00,0.779675
2025-06-25 03:15,0.882742
2025-06-25 03:30,0.819983
2025-06-25 03:45,0.777244
2025-06-25 04:00,0.589705
2025-06-25 04:15,0.521464
2025-06-25 04:30,0.523999
2025-06-25 04:45,0.482203
2025-06-25 05:00,0.496009
2025-06-25 05:15,0.481703
2025-06-25 05:30,0.391324
2025-06-25 05:45,0.328142
2025-06-25 06:00,0.299095
2025-06-25 06:15,0.302146
2025-06-25 06:30,0.269063
2025-06-25 06:45,0.275557
2025-06-25 07:00,0.259838
2025-06-25 07:15,0.238087
2025-06-25 07:30,0.232391
2025-06-25 07:45,0.223681
2025-06-25 08:00,0.235091
2025-06-25 08:15,0.232001
2025-06-25 08:30,0.226448
2025-06-25 08:45,0.249453
2025-06-25 09:00,0.246783
2025-06-25 09:15,0.21601
2025-06-25 09:30,0.224508
2025-06-25 09:45,0.231497
2025-06-25 10:00,0.232955
2025-06-25 10:15,0.277179
2025-06-25 10:30,0.351807
2025-06-25 10:45,0.361241
2025-06-25 11:00,0.355081
2025-06-25 11:15,0.451781
2025-06-25 11:30,0.491863
2025-06-25 11:45,0.422112
2025-06-25 12:00,0.405084
2025-06-25 12:15,0.435838
2025-06-25 12:30,0.491718
2025-06-25 12:45,0.505041
2025-06-25 13:00,0.467555
2025-06-25 13:15,0.489853
2025-06-25 13:30,0.442493
2025-06-25 13:45,0.453257
2025-06-25 14:00,0.467167
2025-06-25 14:15,0.454121
2025-06-25 14:30,0.441768
2025-06-25 14:45,0.502121
2025-06-25 15:00,0.52273
2025-06-25 15:15,0.460943
2025-06-25 15:30,0.462642
2025-06-25 15:45,0.443411
2025-06-25 16:00,0.474294
2025-06-25 16:15,0.489351
2025-06-25 16:30,0.487255
2025-06-25 16:45,0.518354
2025-06-25 17:00,0.525748
2025-06-25 17:15,0.551531
2025-06-25 17:30,0.561542
2025-06-25 17:45,0.59532
2025-06-25 18:00,0.632731
2025-06-25 18:15,0.583961
2025-06-25 18:30,0.55002
2025-06-25 18:45,0.600013
2025-06-25 19:00,0.603825
2025-06-25 19:15,0.60251
2025-06-25 19:30,0.590322
2025-06-25 19:45,0.57659
2025-06-25 20:00,0.532807
2025-06-25 20:15,0.522044
2025-06-25 20:30,0.528829
2025-06-25 20:45,0.51684
2025-06-25 21:00,0.467246
2025-06-25 21:15,0.417975
2025-06-25 21:30,0.490753
2025-06-25 21:45,0.463677
2025-06-25 22:00,0.455615
2025-06-25 22:15,0.473127
2025-06-25 22:30,0.470144
2025-06-25 22:45,0.518553
2025-06-25 23:00,0.530433
2025-06-25 23:15,0.587792
2025-06-25 23:30,0.569153
2025-06-25 23:45,0.678342
2025-06-26 00:00,0.817255
2025-06-26 00:15,0.928992
2025-06-26 00:30,0.945816
2025-06-26 00:45,0.858826
2025-06-26 01:00,0.820404
2025-06-26 01:15,0.74645
2025-06-26 01:30,0.807358
2025-06-26 01:45,0.746558
2025-06-26 02:00,0.708388
2025-06-26 02:15,0.703932
2025-06-26 02:30,0.713929
2025-06-26 02:45,0.678231
2025-06-26 03:00,0.610587
2025-06-26 03:15,0.613959
2025-06-26 03:30,0.592738
2025-06-26 03:45,0.538131
2025-06-26 04:00,0.502497
2025-06-26 04:15,0.538732
2025-06-26 04:30,0.477601
2025-06-26 04:45,0.389128
2025-06-26 05:00,0.400781
2025-06-26 05:15,0.389872
2025-06-26 05:30,0.327864
2025-06-26 05:45,0.31154
2025-06-26 06:00,0.301193
2025-06-26 06:15,0.305218
2025-06-26 06:30,0.272983
2025-06-26 06:45,0.235772
2025-06-26 07:00,0.252376
2025-06-26 07:15,0.216494
2025-06-26 07:30,0.218232
2025-06-26 07:45,0.212527
2025-06-26 08:00,0.210962
2025-06-26 08:15,0.190574
2025-06-26 08:30,0.194356
2025-06-26 08:45,0.207116
2025-06-26 09:00,0.1924
2025-06-26 09:15,0.200592
2025-06-26 09:30,0.207362
2025-06-26 09:45,0.222388
2025-06-26 10:00,0.223296
2025-06-26 10:15,0.276561
2025-06-26 10:30,0.292007
2025-06-26 10:45,0.324853
2025-06-26 11:00,0.363159
2025-06-26 11:15,0.408483
2025-06-26 11:30,0.404812
2025-06-26 11:45,0.368625
2025-06-26 12:00,0.356481
2025-06-26 12:15,0.402653
2025-06-26 12:30,0.414967
2025-06-26 12:45,0.442557
2025-06-26 13:00,0.479734
2025-06-26 13:15,0.480003
2025-06-26 13:30,0.475978
2025-06-26 13:45,0.377812
2025-06-26 14:00,0.398662
2025-06-26 14:15,0.411095
2025-06-26 14:30,0.437414
2025-06-26 14:45,0.428534
2025-06-26 15:00,0.419053
2025-06-26 15:15,0.435394
2025-06-26 15:30,0.455962
2025-06-26 15:45,0.479871
2025-06-26 16:00,0.519127
2025-06-26 16:15,0.485152
2025-06-26 16:30,0.519675
2025-06-26 16:45,0.553639
2025-06-26 17:00,0.515908
2025-06-26 17:15,0.48763
2025-06-26 17:30,0.487975
2025-06-26 17:45,0.555504
2025-06-26 18:00,0.532524
2025-06-26 18:15,0.526472
2025-06-26 18:30,0.53221
2025-06-26 18:45,0.515068
2025-06-26 19:00,0.501863
2025-06-26 19:15,0.579133
2025-06-26 19:30,0.551799
2025-06-26 19:45,0.512814
2025-06-26 20:00,0.479869
2025-06-26 20:15,0.492135
2025-06-26 20:30,0.498542
2025-06-26 20:45,0.512479
2025-06-26 21:00,0.510247
2025-06-26 21:15,0.472688
2025-06-26 21:30,0.503912
2025-06-26 21:45,0.460085
2025-06-26 22:00,0.454553
2025-06-26 22:15,0.47864
2025-06-26 22:30,0.501869
2025-06-26 22:45,0.472683
2025-06-26 23:00,0.507149
2025-06-26 23:15,0.57618
2025-06-26 23:30,0.632033
2025-06-26 23:45,0.700153
2025-06-27 00:00,0.735781
2025-06-27 00:15,0.759802
2025-06-27 00:30,0.853218
2025-06-27 00:45,0.82846
2025-06-27 01:00,0.865427
2025-06-27 01:15,0.723532
2025-06-27 01:30,0.755448
2025-06-27 01:45,0.743721
2025-06-27 02:00,0.74444
2025-06-27 02:15,0.734226
2025-06-27 02:30,0.777391
2025-06-27 02:45,0.766817
2025-06-27 03:00,0.688216
2025-06-27 03:15,0.612503
2025-06-27 03:30,0.583353
2025-06-27 03:45,0.547756
2025-06-27 04:00,0.563304
2025-06-27 04:15,0.508265
2025-06-27 04:30,0.453712
2025-06-27 04:45,0.431103
2025-06-27 05:00,0.406807
2025-06-27 05:15,0.356094
2025-06-27 05:30,0.363236
2025-06-27 05:45,0.308765
2025-06-27 06:00,0.288792
2025-06-27 06:15,0.297056
2025-06-27 06:30,0.270682
2025-06-27 06:45,0.253401
2025-06-27 07:00,0.24126
2025-06-27 07:15,0.211494
2025-06-27 07:30,0.193092
2025-06-27 07:45,0.206945
2025-06-27 08:00,0.194386
2025-06-27 08:15,0.184118
2025-06-27 08:30,0.178809
2025-06-27 08:45,0.18472
2025-06-27 09:00,0.193809
2025-06-27 09:15,0.206255
2025-06-27 09:30,0.210715
2025-06-27 09:45,0.212296
2025-06-27 10:00,0.217802
2025-06-27 10:15,0.255752
2025-06-27 10:30,0.308512
2025-06-27 10:45,0.33244
2025-06-27 11:00,0.340076
2025-06-27 11:15,0.391794
2025-06-27 11:30,0.388038
2025-06-27 11:45,0.398676
2025-06-27 12:00,0.383064
2025-06-27 12:15,0.433821
2025-06-27 12:30,0.466547
2025-06-27 12:45,0.470313
2025-06-27 13:00,0.472947
2025-06-27 13:15,0.471887
2025-06-27 13:30,0.47697
2025-06-27 13:45,0.450572
2025-06-27 14:00,0.481082
2025-06-27 14:15,0.487347
2025-06-27 14:30,0.444222
2025-06-27 14:45,0.415363
2025-06-27 15:00,0.436267
2025-06-27 15:15,0.435225
2025-06-27 15:30,0.438525
2025-06-27 15:45,0.488341
2025-06-27 16:00,0.468738
2025-06-27 16:15,0.511382
2025-06-27 16:30,0.589113
2025-06-27 16:45,0.590432
2025-06-27 17:00,0.562859
2025-06-27 17:15,0.497708
2025-06-27 17:30,0.536053
2025-06-27 17:45,0.558768
2025-06-27 18:00,0.570286
2025-06-27 18:15,0.515961
2025-06-27 18:30,0.527055
2025-06-27 18:45,0.568759
2025-06-27 19:00,0.494757
2025-06-27 19:15,0.465221
2025-06-27 19:30,0.462437
2025-06-27 19:45,0.447509
2025-06-27 20:00,0.494985
2025-06-27 20:15,0.483998
2025-06-27 20:30,0.48626
2025-06-27 20:45,0.460438
2025-06-27 21:00,0.482434
2025-06-27 21:15,0.482616
2025-06-27 21:30,0.55217
2025-06-27 21:45,0.561398
2025-06-27 22:00,0.568161
2025-06-27 22:15,0.561221
2025-06-27 22:30,0.578496
2025-06-27 22:45,0.542142
2025-06-27 23:00,0.536695
2025-06-27 23:15,0.549455
2025-06-27 23:30,0.547168
2025-06-27 23:45,0.58646
2025-06-28 00:00,0.624375
2025-06-28 00:15,0.661001
2025-06-28 00:30,0.728673
2025-06-28 00:45,0.754205
2025-06-28 01:00,0.706175
2025-06-28 01:15,0.689097
2025-06-28 01:30,0.689677
2025-06-28 01:45,0.614694
2025-06-28 02:00,0.621843
2025-06-28 02:15,0.626205
2025-06-28 02:30,0.605654
2025-06-28 02:45,0.612626
2025-06-28 03:00,0.643402
2025-06-28 03:15,0.587356
2025-06-28 03:30,0.543486
2025-06-28 03:45,0.511661
2025-06-28 04:00,0.543945
2025-06-28 04:15,0.500531
2025-06-28 04:30,0.462101
2025-06-28 04:45,0.434579
2025-06-28 05:00,0.419222
2025-06-28 05:15,0.361509
2025-06-28 05:30,0.369592
2025-06-28 05:45,0.34377
2025-06-28 06:00,0.3517
2025-06-28 06:15,0.338353
2025-06-28 06:30,0.328147
2025-06-28 06:45,0.311543
2025-06-28 07:00,0.289649
2025-06-28 07:15,0.251025
2025-06-28 07:30,0.211802
2025-06-28 07:45,0.233988
2025-06-28 08:00,0.219837
2025-06-28 08:15,0.230537
2025-06-28 08:30,0.219314
2025-06-28 08:45,0.21907
2025-06-28 09:00,0.200599
2025-06-28 09:15,0.199875
2025-06-28 09:30,0.189913
2025-06-28 09:45,0.200645
2025-06-28 10:00,0.211165
2025-06-28 10:15,0.227581
2025-06-28 10:30,0.259569
2025-06-28 10:45,0.259582
2025-06-28 11:00,0.301784
2025-06-28 11:15,0.345385
2025-06-28 11:30,0.333048
2025-06-28 11:45,0.329441
2025-06-28 12:00,0.36407
2025-06-28 12:15,0.392941
2025-06-28 12:30,0.374802
2025-06-28 12:45,0.370032
2025-06-28 13:00,0.374907
2025-06-28 13:15,0.352978
2025-06-28 13:30,0.373877
2025-06-28 13:45,0.397142
2025-06-28 14:00,0.424079
2025-06-28 14:15,0.440353
2025-06-28 14:30,0.416277
2025-06-28 14:45,0.432038
2025-06-28 15:00,0.467459
2025-06-28 15:15,0.447027
2025-06-28 15:30,0.47122
2025-06-28 15:45,0.429682
2025-06-28 16:00,0.475868
2025-06-28 16:15,0.461432
2025-06-28 16:30,0.471849
2025-06-28 16:45,0.460709
2025-06-28 17:00,0.450576
2025-06-28 17:15,0.485162
2025-06-28 17:30,0.474195
2025-06-28 17:45,0.458734
2025-06-28 18:00,0.501163
2025-06-28 18:15,0.565653
2025-06-28 18:30,0.558322
2025-06-28 18:45,0.498567
2025-06-28 19:00,0.512591
2025-06-28 19:15,0.501199
2025-06-28 19:30,0.553959
2025-06-28 19:45,0.512789
2025-06-28 20:00,0.505836
2025-06-28 20:15,0.530939
2025-06-28 20:30,0.601895
2025-06-28 20:45,0.57614
2025-06-28 21:00,0.481147
2025-06-28 21:15,0.512265
2025-06-28 21:30,0.542909
2025-06-28 21:45,0.515272
2025-06-28 22:00,0.548571
2025-06-28 22:15,0.526848
2025-06-28 22:30,0.520707
2025-06-28 22:45,0.500178
2025-06-28 23:00,0.597372
2025-06-28 23:15,0.591457
2025-06-28 23:30,0.615208
2025-06-28 23:45,0.574495
2025-06-29 00:00,0.739658
2025-06-29 00:15,0.750687
2025-06-29 00:30,0.725534
2025-06-29 00:45,0.693851
2025-06-29 01:00,0.713085
2025-06-29 01:15,0.67806
2025-06-29 01:30,0.702969
2025-06-29 01:45,0.735303
2025-06-29 02:00,0.742738
2025-06-29 02:15,0.753099
2025-06-29 02:30,0.738524
2025-06-29 02:45,0.712718
2025-06-29 03:00,0.766646
2025-06-29 03:15,0.712822
2025-06-29 03:30,0.640205
2025-06-29 03:45,0.644617
2025-06-29 04:00,0.626201
2025-06-29 04:15,0.591742
2025-06-29 04:30,0.585412
2025-06-29 04:45,0.588257
2025-06-29 05:00,0.484875
2025-06-29 05:15,0.40675
2025-06-29 05:30,0.373676
2025-06-29 05:45,0.29245
2025-06-29 06:00,0.289111
2025-06-29 06:15,0.278806
2025-06-29 06:30,0.243626
2025-06-29 06:45,0.173423
2025-06-29 07:00,0.164417
2025-06-29 07:15,0.145561
2025-06-29 07:30,0.147137
2025-06-29 07:45,0.130153
2025-06-29 08:00,0.113941
2025-06-29 08:15,0.112961
2025-06-29 08:30,0.136416
2025-06-29 08:45,0.124531
2025-06-29 09:00,0.111398
2025-06-29 09:15,0.112504
2025-06-29 09:30,0.119022
2025-06-29 09:45,0.131693
2025-06-29 10:00,0.130976
2025-06-29 10:15,0.132812
2025-06-29 10:30,0.142687
2025-06-29 10:45,0.139933
2025-06-29 11:00,0.151139
2025-06-29 11:15,0.159525
2025-06-29 11:30,0.168543
2025-06-29 11:45,0.189427
2025-06-29 12:00,0.224107
2025-06-29 12:15,0.194238
2025-06-29 12:30,0.210348
2025-06-29 12:45,0.246753
2025-06-29 13:00,0.289486
2025-06-29 13:15,0.283645
2025-06-29 13:30,0.310045
2025-06-29 13:45,0.281209
2025-06-29 14:00,0.259487
2025-06-29 14:15,0.268914
2025-06-29 14:30,0.260928
2025-06-29 14:45,0.267961
2025-06-29 15:00,0.2522
2025-06-29 15:15,0.262246
2025-06-29 15:30,0.282947
2025-06-29 15:45,0.341012
2025-06-29 16:00,0.435115
2025-06-29 16:15,0.473836
2025-06-29 16:30,0.50444
2025-06-29 16:45,0.557033
2025-06-29 17:00,0.493068
2025-06-29 17:15,0.53777
2025-06-29 17:30,0.592428
2025-06-29 17:45,0.57347
2025-06-29 18:00,0.541733
2025-06-29 18:15,0.538402
2025-06-29 18:30,0.548837
2025-06-29 18:45,0.570124
2025-06-29 19:00,0.622357
2025-06-29 19:15,0.639693
2025-06-29 19:30,0.578002
2025-06-29 19:45,0.610111
2025-06-29 20:00,0.588292
2025-06-29 20:15,0.557311
2025-06-29 20:30,0.547559
2025-06-29 20:45,0.554235
2025-06-29 21:00,0.593089
2025-06-29 21:15,0.659467
2025-06-29 21:30,0.636119
2025-06-29 21:45,0.620112
2025-06-29 22:00,0.620892
2025-06-29 22:15,0.572419
2025-06-29 22:30,0.583586
2025-06-29 22:45,0.654835
2025-06-29 23:00,0.588385
2025-06-29 23:15,0.55778
2025-06-29 23:30,0.607024
2025-06-29 23:45,0.642025
2025-06-30 00:00,0.780143
2025-06-30 00:15,0.856174
2025-06-30 00:30,0.724076
2025-06-30 00:45,0.754093
2025-06-30 01:00,0.751363
2025-06-30 01:15,0.708274
2025-06-30 01:30,0.765088
2025-06-30 01:45,0.75524
2025-06-30 02:00,0.675821
2025-06-30 02:15,0.685532
2025-06-30 02:30,0.672961
2025-06-30 02:45,0.744143
2025-06-30 03:00,0.629047
2025-06-30 03:15,0.613239
2025-06-30 03:30,0.649684
2025-06-30 03:45,0.538637
2025-06-30 04:00,0.465941
2025-06-30 04:15,0.513354
2025-06-30 04:30,0.472864
2025-06-30 04:45,0.430472
2025-06-30 05:00,0.411857
2025-06-30 05:15,0.379502
2025-06-30 05:30,0.384103
2025-06-30 05:45,0.336568
2025-06-30 06:00,0.326366
2025-06-30 06:15,0.307995
2025-06-30 06:30,0.278579
2025-06-30 06:45,0.270054
2025-06-30 07:00,0.285981
2025-06-30 07:15,0.234721
2025-06-30 07:30,0.224507
2025-06-30 07:45,0.234204
2025-06-30 08:00,0.215809
2025-06-30 08:15,0.208935
2025-06-30 08:30,0.230309
2025-06-30 08:45,0.207133
2025-06-30 09:00,0.211595
2025-06-30 09:15,0.237228
2025-06-30 09:30,0.228176
2025-06-30 09:45,0.236483
2025-06-30 10:00,0.250869
2025-06-30 10:15,0.261827
2025-06-30 10:30,0.280656
2025-06-30 10:45,0.34294
2025-06-30 11:00,0.383087
2025-06-30 11:15,0.361325
2025-06-30 11:30,0.392227
2025-06-30 11:45,0.398069
2025-06-30 12:00,0.407101
2025-06-30 12:15,0.425145
2025-06-30 12:30,0.40312
2025-06-30 12:45,0.475909
2025-06-30 13:00,0.503729
2025-06-30 13:15,0.474715
2025-06-30 13:30,0.490239
2025-06-30 13:45,0.420768
2025-06-30 14:00,0.403618
2025-06-30 14:15,0.468199
2025-06-30 14:30,0.462328
2025-06-30 14:45,0.444904
2025-06-30 15:00,0.430821
2025-06-30 15:15,0.455964
2025-06-30 15:30,0.452069
2025-06-30 15:45,0.447987
2025-06-30 16:00,0.496021
2025-06-30 16:15,0.542998
2025-06-30 16:30,0.477615
2025-06-30 16:45,0.487501
2025-06-30 17:00,0.529116
2025-06-30 17:15,0.511595
2025-06-30 17:30,0.532414
2025-06-30 17:45,0.61016
2025-06-30 18:00,0.495012
2025-06-30 18:15,0.537221
2025-06-30 18:30,0.558646
2025-06-30 18:45,0.542105
2025-06-30 19:00,0.588456
2025-06-30 19:15,0.517467
2025-06-30 19:30,0.514473
2025-06-30 19:45,0.516645
2025-06-30 20:00,0.539461
2025-06-30 20:15,0.543415
2025-06-30 20:30,0.574708
2025-06-30 20:45,0.547961
2025-06-30 21:00,0.56254
2025-06-30 21:15,0.532725
2025-06-30 21:30,0.55104
2025-06-30 21:45,0.56315
2025-06-30 22:00,0.552913
2025-06-30 22:15,0.570767
2025-06-30 22:30,0.551689
2025-06-30 22:45,0.56876
2025-06-30 23:00,0.580003
2025-06-30 23:15,0.666018
2025-06-30 23:30,0.633787
2025-06-30 23:45,0.655361
2025-07-01 00:00,0.80435
2025-07-01 00:15,0.845617
2025-07-01 00:30,1.0
2025-07-01 00:45,0.867923
2025-07-01 01:00,0.859375
2025-07-01 01:15,0.752193
2025-07-01 01:30,0.847718
2025-07-01 01:45,0.806973
2025-07-01 02:00,0.780581
2025-07-01 02:15,0.829099
2025-07-01 02:30,0.773197
2025-07-01 02:45,0.714427
2025-07-01 03:00,0.677529
2025-07-01 03:15,0.678598
2025-07-01 03:30,0.630414
2025-07-01 03:45,0.598908
2025-07-01 04:00,0.575785
2025-07-01 04:15,0.489902
2025-07-01 04:30,0.446366
2025-07-01 04:45,0.414937
2025-07-01 05:00,0.390629
2025-07-01 05:15,0.397711
2025-07-01 05:30,0.376101
2025-07-01 05:45,0.320406
2025-07-01 06:00,0.32595
2025-07-01 06:15,0.320742
2025-07-01 06:30,0.298877
2025-07-01 06:45,0.258879
2025-07-01 07:00,0.254474
2025-07-01 07:15,0.259051
2025-07-01 07:30,0.23868
2025-07-01 07:45,0.192272
2025-07-01 08:00,0.185079
2025-07-01 08:15,0.176908
2025-07-01 08:30,0.175326
2025-07-01 08:45,0.183323
2025-07-01 09:00,0.185671
2025-07-01 09:15,0.186331
2025-07-01 09:30,0.208449
2025-07-01 09:45,0.22287
2025-07-01 10:00,0.242833
2025-07-01 10:15,0.251529
2025-07-01 10:30,0.281603
2025-07-01 10:45,0.355249
2025-07-01 11:00,0.345937
2025-07-01 11:15,0.424208
2025-07-01 11:30,0.3859
2025-07-01 11:45,0.429924
2025-07-01 12:00,0.446664
2025-07-01 12:15,0.433264
2025-07-01 12:30,0.465588
2025-07-01 12:45,0.423351
2025-07-01 13:00,0.45351
2025-07-01 13:15,0.429706
2025-07-01 13:30,0.427152
2025-07-01 13:45,0.429556
2025-07-01 14:00,0.388421
2025-07-01 14:15,0.415923
2025-07-01 14:30,0.476963
2025-07-01 14:45,0.451246
2025-07-01 15:00,0.457483
2025-07-01 15:15,0.46116
2025-07-01 15:30,0.469937
2025-07-01 15:45,0.49127
2025-07-01 16:00,0.562463
2025-07-01 16:15,0.550586
2025-07-01 16:30,0.444973
2025-07-01 16:45,0.487453
2025-07-01 17:00,0.483926
2025-07-01 17:15,0.54241
2025-07-01 17:30,0.496116
2025-07-01 17:45,0.554038
2025-07-01 18:00,0.553156
2025-07-01 18:15,0.656898
2025-07-01 18:30,0.561447
2025-07-01 18:45,0.587473
2025-07-01 19:00,0.62915
2025-07-01 19:15,0.608094
2025-07-01 19:30,0.628774
2025-07-01 19:45,0.613612
2025-07-01 20:00,0.621185
2025-07-01 20:15,0.635831
2025-07-01 20:30,0.609334
2025-07-01 20:45,0.614231
2025-07-01 21:00,0.562579
2025-07-01 21:15,0.559236
2025-07-01 21:30,0.57339
2025-07-01 21:45,0.529709
2025-07-01 22:00,0.506171
2025-07-01 22:15,0.532643
2025-07-01 22:30,0.520399
2025-07-01 22:45,0.594032
2025-07-01 23:00,0.591768
2025-07-01 23:15,0.552545
2025-07-01 23:30,0.5559
2025-07-01 23:45,0.608923
2025-07-02 00:00,0.667404
2025-07-02 00:00,0.714762
2025-07-02 00:15,0.806752
2025-07-02 00:30,0.764771
2025-07-02 00:45,0.765612
2025-07-02 01:00,0.811436
2025-07-02 01:15,0.826485
2025-07-02 01:30,0.828582
2025-07-02 01:45,0.775306
2025-07-02 02:00,0.807978
2025-07-02 02:15,0.816538
2025-07-02 02:30,0.762266
2025-07-02 02:45,0.641986
2025-07-02 03:00,0.640648
2025-07-02 03:15,0.721374
2025-07-02 03:30,0.657042
2025-07-02 03:45,0.697815
2025-07-02 04:00,0.662084
2025-07-02 04:15,0.549863
2025-07-02 04:30,0.478451
2025-07-02 04:45,0.473031
2025-07-02 05:00,0.427887
2025-07-02 05:15,0.373757
2025-07-02 05:30,0.350087
2025-07-02 05:45,0.385074
2025-07-02 06:00,0.366018
2025-07-02 06:15,0.316492
2025-07-02 06:30,0.325396
2025-07-02 06:45,0.293022
2025-07-02 07:00,0.25169
2025-07-02 07:15,0.239998
2025-07-02 07:30,0.228784
2025-07-02 07:45,0.215526
2025-07-02 08:00,0.217165
2025-07-02 08:15,0.225141
2025-07-02 08:30,0.213988
2025-07-02 08:45,0.215631
2025-07-02 09:00,0.217406
2025-07-02 09:15,0.205031
2025-07-02 09:30,0.209268
2025-07-02 09:45,0.214788
2025-07-02 10:00,0.239136
2025-07-02 10:15,0.274184
2025-07-02 10:30,0.275713
2025-07-02 10:45,0.352666
2025-07-02 11:00,0.323003
2025-07-02 11:15,0.367242
2025-07-02 11:30,0.41125
2025-07-02 11:45,0.451842
2025-07-02 12:00,0.482773
2025-07-02 12:15,0.506923
2025-07-02 12:30,0.516814
2025-07-02 12:45,0.593599
2025-07-02 13:00,0.614813
2025-07-02 13:15,0.613104
2025-07-02 13:30,0.601753
2025-07-02 13:45,0.633099
2025-07-02 14:00,0.623814
2025-07-02 14:15,0.625763
2025-07-02 14:30,0.662232
2025-07-02 14:45,0.729335
2025-07-02 15:00,0.64242
2025-07-02 15:15,0.645676
2025-07-02 15:30,0.59675
2025-07-02 15:45,0.57334
2025-07-02 16:00,0.545734
2025-07-02 16:15,0.574781
2025-07-02 16:30,0.557256
2025-07-02 16:45,0.53498
2025-07-02 17:00,0.50031
2025-07-02 17:15,0.593537
2025-07-02 17:30,0.594329
2025-07-02 17:45,0.567534
2025-07-02 18:00,0.588377
2025-07-02 18:15,0.621394
2025-07-02 18:30,0.608862
2025-07-02 18:45,0.552847
2025-07-02 19:00,0.609298
2025-07-02 19:15,0.575752
2025-07-02 19:30,0.614868
2025-07-02 19:45,0.676035
2025-07-02 20:00,0.636622
2025-07-02 20:15,0.658404
2025-07-02 20:30,0.614643
2025-07-02 20:45,0.619855
2025-07-02 21:00,0.646687
2025-07-02 21:15,0.585026
2025-07-02 21:30,0.601027
2025-07-02 21:45,0.527111
2025-07-02 22:00,0.565131
2025-07-02 22:15,0.563563
2025-07-02 22:30,0.568594
2025-07-02 22:45,0.564154
2025-07-02 23:00,0.607554
2025-07-02 23:15,0.627833
2025-07-02 23:30,0.615614
2025-07-02 23:45,0.648633
2025-07-03 00:00,0.83659
2025-07-03 00:15,0.86335
2025-07-03 00:30,0.748962
2025-07-03 00:45,0.718384
2025-07-03 01:00,0.712549
2025-07-03 01:15,0.706386
2025-07-03 01:30,0.708983
2025-07-03 01:45,0.768143
2025-07-03 02:00,0.753692
2025-07-03 02:15,0.739477
2025-07-03 02:30,0.722636
2025-07-03 02:45,0.694806
2025-07-03 03:00,0.739176
2025-07-03 03:15,0.709066
2025-07-03 03:30,0.633342
2025-07-03 03:45,0.631989
2025-07-03 04:00,0.627052
2025-07-03 04:15,0.589658
2025-07-03 04:30,0.500145
2025-07-03 04:45,0.467989
2025-07-03 05:00,0.402983
2025-07-03 05:15,0.389721
2025-07-03 05:30,0.360369
2025-07-03 05:45,0.344504
2025-07-03 06:00,0.302936
2025-07-03 06:15,0.266842
2025-07-03 06:30,0.254842
2025-07-03 06:45,0.248508
2025-07-03 07:00,0.27211
2025-07-03 07:15,0.244665
2025-07-03 07:30,0.245337
2025-07-03 07:45,0.212581
2025-07-03 08:00,0.189573
2025-07-03 08:15,0.168181
2025-07-03 08:30,0.190746
2025-07-03 08:45,0.189469
2025-07-03 09:00,0.202414
2025-07-03 09:15,0.185526
2025-07-03 09:30,0.215752
2025-07-03 09:45,0.240133
2025-07-03 10:00,0.267883
2025-07-03 10:15,0.289115
2025-07-03 10:30,0.352825
2025-07-03 10:45,0.357798
2025-07-03 11:00,0.397679
2025-07-03 11:15,0.409278
2025-07-03 11:30,0.417653
2025-07-03 11:45,0.468131
2025-07-03 12:00,0.485684
2025-07-03 12:15,0.472953
2025-07-03 12:30,0.420859
2025-07-03 12:45,0.447938
2025-07-03 13:00,0.474796
2025-07-03 13:15,0.502037
2025-07-03 13:30,0.430325
2025-07-03 13:45,0.470894
2025-07-03 14:00,0.45581
2025-07-03 14:15,0.435458
2025-07-03 14:30,0.50885
2025-07-03 14:45,0.463342
2025-07-03 15:00,0.453265
2025-07-03 15:15,0.449279
2025-07-03 15:30,0.456487
2025-07-03 15:45,0.520721
2025-07-03 16:00,0.507209
2025-07-03 16:15,0.502516
2025-07-03 16:30,0.561467
2025-07-03 16:45,0.488267
2025-07-03 17:00,0.510495
2025-07-03 17:15,0.568669
2025-07-03 17:30,0.583983
2025-07-03 17:45,0.585251
2025-07-03 18:00,0.557726
2025-07-03 18:15,0.57246
2025-07-03 18:30,0.56211
2025-07-03 18:45,0.585694
2025-07-03 19:00,0.614655
2025-07-03 19:15,0.557097
2025-07-03 19:30,0.534512
2025-07-03 19:45,0.525704
2025-07-03 20:00,0.561556
2025-07-03 20:15,0.635017
2025-07-03 20:30,0.643329
2025-07-03 20:45,0.556425
2025-07-03 21:00,0.593932
2025-07-03 21:15,0.53442
2025-07-03 21:30,0.512963
2025-07-03 21:45,0.535952
2025-07-03 22:00,0.554255
2025-07-03 22:15,0.557623
2025-07-03 22:30,0.552908
2025-07-03 22:45,0.568704
2025-07-03 23:00,0.598079
2025-07-03 23:15,0.603203
2025-07-03 23:30,0.637119
2025-07-03 23:45,0.670747
2025-07-04 00:00,0.776135
2025-07-04 00:15,0.856951
2025-07-04 00:30,0.918223
2025-07-04 00:45,0.909432
2025-07-04 01:00,0.969056
2025-07-04 01:15,0.879742
2025-07-04 01:30,0.84822
2025-07-04 01:45,0.791044
2025-07-04 02:00,0.749723
2025-07-04 02:15,0.710758
2025-07-04 02:30,0.698469
2025-07-04 02:45,0.707485
2025-07-04 03:00,0.712482
2025-07-04 03:15,0.659129
2025-07-04 03:30,0.642463
2025-07-04 03:45,0.620808
2025-07-04 04:00,0.608166
2025-07-04 04:15,0.55737
2025-07-04 04:30,0.54063
2025-07-04 04:45,0.457682
2025-07-04 05:00,0.455805
2025-07-04 05:15,0.384592
2025-07-04 05:30,0.38165
2025-07-04 05:45,0.379261
2025-07-04 06:00,0.372531
2025-07-04 06:15,0.324984
2025-07-04 06:30,0.325611
2025-07-04 06:45,0.29868
2025-07-04 07:00,0.274623
2025-07-04 07:15,0.259672
2025-07-04 07:30,0.250759
2025-07-04 07:45,0.232887
2025-07-04 08:00,0.21555
2025-07-04 08:15,0.206105
2025-07-04 08:30,0.213104
2025-07-04 08:45,0.216595
2025-07-04 09:00,0.22182
2025-07-04 09:15,0.187958
2025-07-04 09:30,0.190662
2025-07-04 09:45,0.206382
2025-07-04 10:00,0.274545
2025-07-04 10:15,0.286617
2025-07-04 10:30,0.346484
2025-07-04 10:45,0.371619
2025-07-04 11:00,0.42025
2025-07-04 11:15,0.419079
2025-07-04 11:30,0.47206
2025-07-04 11:45,0.469703
2025-07-04 12:00,0.480034
2025-07-04 12:15,0.505849
2025-07-04 12:30,0.498915
2025-07-04 12:45,0.497876
2025-07-04 13:00,0.547161
2025-07-04 13:15,0.494985
2025-07-04 13:30,0.448022
2025-07-04 13:45,0.47274
2025-07-04 14:00,0.485221
2025-07-04 14:15,0.460323
2025-07-04 14:30,0.474899
2025-07-04 14:45,0.460763
2025-07-04 15:00,0.483369
2025-07-04 15:15,0.477834
2025-07-04 15:30,0.522007
2025-07-04 15:45,0.459638
2025-07-04 16:00,0.543902
2025-07-04 16:15,0.551459
2025-07-04 16:30,0.520332
2025-07-04 16:45,0.513598
2025-07-04 17:00,0.588064
2025-07-04 17:15,0.600528
2025-07-04 17:30,0.601797
2025-07-04 17:45,0.600575
2025-07-04 18:00,0.651766
2025-07-04 18:15,0.637095
2025-07-04 18:30,0.609021
2025-07-04 18:45,0.600762
2025-07-04 19:00,0.590539
2025-07-04 19:15,0.599761
2025-07-04 19:30,0.586019
2025-07-04 19:45,0.616211
2025-07-04 20:00,0.652892
2025-07-04 20:15,0.691481
2025-07-04 20:30,0.706794
2025-07-04 20:45,0.651595
2025-07-04 21:00,0.621273
2025-07-04 21:15,0.522022
2025-07-04 21:30,0.58817
2025-07-04 21:45,0.610628
2025-07-04 22:00,0.604666
2025-07-04 22:15,0.577083
2025-07-04 22:30,0.603217
2025-07-04 22:45,0.639125
2025-07-04 23:00,0.611442
2025-07-04 23:15,0.689633
2025-07-04 23:30,0.665519
2025-07-04 23:45,0.762537
2025-07-05 00:00,0.88356
2025-07-05 00:15,0.894208
2025-07-05 00:30,0.920722
2025-07-05 00:45,0.848033
2025-07-05 01:00,0.83892
2025-07-05 01:15,0.828828
2025-07-05 01:30,0.775329
2025-07-05 01:45,0.882209
2025-07-05 02:00,0.831803
2025-07-05 02:15,0.812202
2025-07-05 02:30,0.786814
2025-07-05 02:45,0.728247
2025-07-05 03:00,0.721173
2025-07-05 03:15,0.669871
2025-07-05 03:30,0.752258
2025-07-05 03:45,0.790995
2025-07-05 04:00,0.599475
2025-07-05 04:15,0.544394
2025-07-05 04:30,0.559702
2025-07-05 04:45,0.537053
2025-07-05 05:00,0.497304
2025-07-05 05:15,0.504404
2025-07-05 05:30,0.410175
2025-07-05 05:45,0.444809
2025-07-05 06:00,0.432995
2025-07-05 06:15,0.384152
2025-07-05 06:30,0.340205
2025-07-05 06:45,0.312116
2025-07-05 07:00,0.292122
2025-07-05 07:15,0.262496
2025-07-05 07:30,0.25554
2025-07-05 07:45,0.262695
2025-07-05 08:00,0.242453
2025-07-05 08:15,0.235547
2025-07-05 08:30,0.233128
2025-07-05 08:45,0.212845
2025-07-05 09:00,0.211074
2025-07-05 09:15,0.227174
2025-07-05 09:30,0.244045
2025-07-05 09:45,0.2542
2025-07-05 10:00,0.243784
2025-07-05 10:15,0.233095
2025-07-05 10:30,0.296304
2025-07-05 10:45,0.311815
2025-07-05 11:00,0.31204
2025-07-05 11:15,0.402596
2025-07-05 11:30,0.432299
2025-07-05 11:45,0.409546
2025-07-05 12:00,0.429093
2025-07-05 12:15,0.466214
2025-07-05 12:30,0.417519
2025-07-05 12:45,0.422037
2025-07-05 13:00,0.488925
2025-07-05 13:15,0.472922
2025-07-05 13:30,0.47115
2025-07-05 13:45,0.479812
2025-07-05 14:00,0.454147
2025-07-05 14:15,0.474462
2025-07-05 14:30,0.487115
2025-07-05 14:45,0.496205
2025-07-05 15:00,0.543672
2025-07-05 15:15,0.549887
2025-07-05 15:30,0.541602
2025-07-05 15:45,0.515142
2025-07-05 16:00,0.497513
2025-07-05 16:15,0.546886
2025-07-05 16:30,0.490322
2025-07-05 16:45,0.506638
2025-07-05 17:00,0.519961
2025-07-05 17:15,0.564367
2025-07-05 17:30,0.554761
2025-07-05 17:45,0.566307
2025-07-05 18:00,0.548762
2025-07-05 18:15,0.561752
2025-07-05 18:30,0.563204
2025-07-05 18:45,0.523572
2025-07-05 19:00,0.537921
2025-07-05 19:15,0.613923
2025-07-05 19:30,0.5814
2025-07-05 19:45,0.563652
2025-07-05 20:00,0.574422
2025-07-05 20:15,0.585251
2025-07-05 20:30,0.628999
2025-07-05 20:45,0.68368
2025-07-05 21:00,0.674819
2025-07-05 21:15,0.690589
2025-07-05 21:30,0.747392
2025-07-05 21:45,0.699679
2025-07-05 22:00,0.59033
2025-07-05 22:15,0.641366
2025-07-05 22:30,0.637979
2025-07-05 22:45,0.567641
2025-07-05 23:00,0.691923
2025-07-05 23:15,0.724724
2025-07-05 23:30,0.754234
2025-07-05 23:45,0.694555
2025-07-06 00:00,0.812598
2025-07-06 00:15,0.850089
2025-07-06 00:30,0.879965
2025-07-06 00:45,0.823388
2025-07-06 01:00,0.790084
2025-07-06 01:15,0.746017
2025-07-06 01:30,0.765243
2025-07-06 01:45,0.766477
2025-07-06 02:00,0.791766
2025-07-06 02:15,0.740703
2025-07-06 02:30,0.732401
2025-07-06 02:45,0.780548
2025-07-06 03:00,0.824763
2025-07-06 03:15,0.658904
2025-07-06 03:30,0.636019
2025-07-06 03:45,0.580107
2025-07-06 04:00,0.625159
2025-07-06 04:15,0.531529
2025-07-06 04:30,0.597772
2025-07-06 04:45,0.579331
2025-07-06 05:00,0.464018
2025-07-06 05:15,0.429088
2025-07-06 05:30,0.394344
2025-07-06 05:45,0.396158
2025-07-06 06:00,0.36463
2025-07-06 06:15,0.340586
2025-07-06 06:30,0.351094
2025-07-06 06:45,0.30611
2025-07-06 07:00,0.288903
2025-07-06 07:15,0.254742
2025-07-06 07:30,0.294459
2025-07-06 07:45,0.252949
2025-07-06 08:00,0.270431
2025-07-06 08:15,0.233682
2025-07-06 08:30,0.216533
2025-07-06 08:45,0.216656
2025-07-06 09:00,0.207781
2025-07-06 09:15,0.244459
2025-07-06 09:30,0.215916
2025-07-06 09:45,0.232862
2025-07-06 10:00,0.252254
2025-07-06 10:15,0.23941
2025-07-06 10:30,0.265561
2025-07-06 10:45,0.300227
2025-07-06 11:00,0.322898
2025-07-06 11:15,0.338344
2025-07-06 11:30,0.333006
2025-07-06 11:45,0.390761
2025-07-06 12:00,0.383033
2025-07-06 12:15,0.377423
2025-07-06 12:30,0.372613
2025-07-06 12:45,0.447436
2025-07-06 13:00,0.452986
2025-07-06 13:15,0.526298
2025-07-06 13:30,0.548754
2025-07-06 13:45,0.566466
2025-07-06 14:00,0.540031
2025-07-06 14:15,0.550348
2025-07-06 14:30,0.563345
2025-07-06 14:45,0.553194
2025-07-06 15:00,0.54253
2025-07-06 15:15,0.551375
2025-07-06 15:30,0.576764
2025-07-06 15:45,0.571642
2025-07-06 16:00,0.578028
2025-07-06 16:15,0.523551
2025-07-06 16:30,0.585065
2025-07-06 16:45,0.58904
2025-07-06 17:00,0.564587
2025-07-06 17:15,0.593564
2025-07-06 17:30,0.571321
2025-07-06 17:45,0.588965
2025-07-06 18:00,0.583976
2025-07-06 18:15,0.633952
2025-07-06 18:30,0.591516
2025-07-06 18:45,0.569768
2025-07-06 19:00,0.629997
2025-07-06 19:15,0.621373
2025-07-06 19:30,0.627502
2025-07-06 19:45,0.669059
2025-07-06 20:00,0.659334
2025-07-06 20:15,0.706709
2025-07-06 20:30,0.676619
2025-07-06 20:45,0.624425
2025-07-06 21:00,0.671492
2025-07-06 21:15,0.640185
2025-07-06 21:30,0.710189
2025-07-06 21:45,0.617998
2025-07-06 22:00,0.624229
2025-07-06 22:15,0.621387
2025-07-06 22:30,0.629046
2025-07-06 22:45,0.701703
2025-07-06 23:00,0.691348
2025-07-06 23:15,0.652273
2025-07-06 23:30,0.732846
2025-07-06 23:45,0.773389
2025-07-07 00:00,0.882462
2025-07-07 00:15,0.872491
2025-07-07 00:30,0.93871
2025-07-07 00:45,0.954594
2025-07-07 01:00,0.917744
2025-07-07 01:15,0.987781
2025-07-07 01:30,0.959284
2025-07-07 01:45,0.945241
2025-07-07 02:00,0.979624
2025-07-07 02:15,0.930159
2025-07-07 02:30,0.923583
2025-07-07 02:45,1.0
2025-07-07 03:00,0.952794
2025-07-07 03:15,0.821716
2025-07-07 03:30,0.730602
2025-07-07 03:45,0.674258
2025-07-07 04:00,0.628847
2025-07-07 04:15,0.558882
2025-07-07 04:30,0.512891
2025-07-07 04:45,0.503934
2025-07-07 05:00,0.45354
2025-07-07 05:15,0.388547
2025-07-07 05:30,0.359255
2025-07-07 05:45,0.324518
2025-07-07 06:00,0.328034
2025-07-07 06:15,0.335396
2025-07-07 06:30,0.282521
2025-07-07 06:45,0.272223
2025-07-07 07:00,0.269853
2025-07-07 07:15,0.276155
2025-07-07 07:30,0.25166
2025-07-07 07:45,0.229988
2025-07-07 08:00,0.230217
2025-07-07 08:15,0.224027
2025-07-07 08:30,0.229634
2025-07-07 08:45,0.201535
2025-07-07 09:00,0.220083
2025-07-07 09:15,0.203798
2025-07-07 09:30,0.231274
2025-07-07 09:45,0.275292
2025-07-07 10:00,0.273224
2025-07-07 10:15,0.346122
2025-07-07 10:30,0.339231
2025-07-07 10:45,0.34353
2025-07-07 11:00,0.366144
2025-07-07 11:15,0.437106
2025-07-07 11:30,0.443778
2025-07-07 11:45,0.489739
2025-07-07 12:00,0.516229
2025-07-07 12:15,0.473236
2025-07-07 12:30,0.512605
2025-07-07 12:45,0.48412
2025-07-07 13:00,0.504728
2025-07-07 13:15,0.529953
2025-07-07 13:30,0.474049
2025-07-07 13:45,0.441109
2025-07-07 14:00,0.525109
2025-07-07 14:15,0.477689
2025-07-07 14:30,0.485528
2025-07-07 14:45,0.501304
2025-07-07 15:00,0.495315
2025-07-07 15:15,0.517187
2025-07-07 15:30,0.498217
2025-07-07 15:45,0.487466
2025-07-07 16:00,0.539881
2025-07-07 16:15,0.584121
2025-07-07 16:30,0.507279
2025-07-07 16:45,0.541131
2025-07-07 17:00,0.514224
2025-07-07 17:15,0.5491
2025-07-07 17:30,0.518562
2025-07-07 17:45,0.551999
2025-07-07 18:00,0.581067
2025-07-07 18:15,0.577619
2025-07-07 18:30,0.530458
2025-07-07 18:45,0.545022
2025-07-07 19:00,0.594223
2025-07-07 19:15,0.633205
2025-07-07 19:30,0.662207
2025-07-07 19:45,0.633932
2025-07-07 20:00,0.618174
2025-07-07 20:15,0.695756
2025-07-07 20:30,0.632712
2025-07-07 20:45,0.689048
2025-07-07 21:00,0.610733
2025-07-07 21:15,0.553505
2025-07-07 21:30,0.560079
2025-07-07 21:45,0.538636
2025-07-07 22:00,0.58971
2025-07-07 22:15,0.581761
2025-07-07 22:30,0.516258
2025-07-07 22:45,0.53087
2025-07-07 23:00,0.587862
2025-07-07 23:15,0.583135
2025-07-07 23:30,0.613546
2025-07-07 23:45,0.69471
2025-07-08 00:00,0.726537
2025-07-08 00:15,0.808982
2025-07-08 00:30,0.795431
2025-07-08 00:45,0.824806
2025-07-08 01:00,0.862596
2025-07-08 01:15,0.872519
2025-07-08 01:30,0.776049
2025-07-08 01:45,0.752395
2025-07-08 02:00,0.816576
2025-07-08 02:15,0.751188
2025-07-08 02:30,0.694633
2025-07-08 02:45,0.697511
2025-07-08 03:00,0.691763
2025-07-08 03:15,0.67957
2025-07-08 03:30,0.656643
2025-07-08 03:45,0.60375
2025-07-08 04:00,0.543724
2025-07-08 04:15,0.583557
2025-07-08 04:30,0.513257
2025-07-08 04:45,0.479882
2025-07-08 05:00,0.449251
2025-07-08 05:15,0.420315
2025-07-08 05:30,0.384932
2025-07-08 05:45,0.324812
2025-07-08 06:00,0.337866
2025-07-08 06:15,0.349223
2025-07-08 06:30,0.310114
2025-07-08 06:45,0.316891
2025-07-08 07:00,0.287081
2025-07-08 07:15,0.234859
2025-07-08 07:30,0.220201
2025-07-08 07:45,0.208279
2025-07-08 08:00,0.188989
2025-07-08 08:15,0.209844
2025-07-08 08:30,0.195435
2025-07-08 08:45,0.217254
2025-07-08 09:00,0.197416
2025-07-08 09:15,0.21638
2025-07-08 09:30,0.231396
2025-07-08 09:45,0.216641
2025-07-08 10:00,0.224371
2025-07-08 10:15,0.226175
2025-07-08 10:30,0.28944
2025-07-08 10:45,0.342937
2025-07-08 11:00,0.362307
2025-07-08 11:15,0.413482
2025-07-08 11:30,0.428046
2025-07-08 11:45,0.409764
2025-07-08 12:00,0.448062
2025-07-08 12:15,0.426955
2025-07-08 12:30,0.463722
2025-07-08 12:45,0.495851
2025-07-08 13:00,0.514991
2025-07-08 13:15,0.482873
2025-07-08 13:30,0.510425
2025-07-08 13:45,0.516736
2025-07-08 14:00,0.491189
2025-07-08 14:15,0.529039
2025-07-08 14:30,0.502152
2025-07-08 14:45,0.487304
2025-07-08 15:00,0.487977
2025-07-08 15:15,0.465728
2025-07-08 15:30,0.502538
2025-07-08 15:45,0.510995
2025-07-08 16:00,0.518632
2025-07-08 16:15,0.498484
2025-07-08 16:30,0.497559
2025-07-08 16:45,0.522767
2025-07-08 17:00,0.561934
2025-07-08 17:15,0.570447
2025-07-08 17:30,0.592903
2025-07-08 17:45,0.577943
2025-07-08 18:00,0.609805
2025-07-08 18:15,0.57197
2025-07-08 18:30,0.602951
2025-07-08 18:45,0.627316
2025-07-08 19:00,0.698238
2025-07-08 19:15,0.617633
2025-07-08 19:30,0.584034
2025-07-08 19:45,0.642055
2025-07-08 20:00,0.58407
2025-07-08 20:15,0.565824
2025-07-08 20:30,0.603761
2025-07-08 20:45,0.57023
2025-07-08 21:00,0.5912
2025-07-08 21:15,0.659715
2025-07-08 21:30,0.549683
2025-07-08 21:45,0.537725
2025-07-08 22:00,0.606912
2025-07-08 22:15,0.608214
2025-07-08 22:30,0.652862
2025-07-08 22:45,0.579415
2025-07-08 23:00,0.609392
2025-07-08 23:15,0.704875
2025-07-08 23:30,0.686642
2025-07-08 23:45,0.755496
2025-07-09 00:00,0.803983
2025-07-09 00:00,0.795531
2025-07-09 00:15,0.85115
2025-07-09 00:30,0.88165
2025-07-09 00:45,0.942254
2025-07-09 01:00,0.880077
2025-07-09 01:15,0.791965
2025-07-09 01:30,0.792315
2025-07-09 01:45,0.878533
2025-07-09 02:00,0.791838
2025-07-09 02:15,0.751738
2025-07-09 02:30,0.742346
2025-07-09 02:45,0.655963
2025-07-09 03:00,0.634972
2025-07-09 03:15,0.663789
2025-07-09 03:30,0.60168
2025-07-09 03:45,0.564504
2025-07-09 04:00,0.576419
2025-07-09 04:15,0.5206
2025-07-09 04:30,0.547645
2025-07-09 04:45,0.525523
2025-07-09 05:00,0.478166
2025-07-09 05:15,0.407171
2025-07-09 05:30,0.377313
2025-07-09 05:45,0.355446
2025-07-09 06:00,0.33485
2025-07-09 06:15,0.314328
2025-07-09 06:30,0.287858
2025-07-09 06:45,0.274162
2025-07-09 07:00,0.235214
2025-07-09 07:15,0.237558
2025-07-09 07:30,0.223739
2025-07-09 07:45,0.207447
2025-07-09 08:00,0.20188
2025-07-09 08:15,0.192935
2025-07-09 08:30,0.20735
2025-07-09 08:45,0.188527
2025-07-09 09:00,0.206965
2025-07-09 09:15,0.240562
2025-07-09 09:30,0.209609
2025-07-09 09:45,0.216395
2025-07-09 10:00,0.218668
2025-07-09 10:15,0.233029
2025-07-09 10:30,0.297616
2025-07-09 10:45,0.319285
2025-07-09 11:00,0.363334
2025-07-09 11:15,0.395388
2025-07-09 11:30,0.409022
2025-07-09 11:45,0.419621
2025-07-09 12:00,0.41669
2025-07-09 12:15,0.439679
2025-07-09 12:30,0.455584
2025-07-09 12:45,0.44589
2025-07-09 13:00,0.395648
2025-07-09 13:15,0.459765
2025-07-09 13:30,0.388953
2025-07-09 13:45,0.412963
2025-07-09 14:00,0.41876
2025-07-09 14:15,0.405608
2025-07-09 14:30,0.469348
2025-07-09 14:45,0.445262
2025-07-09 15:00,0.42111
2025-07-09 15:15,0.434676
2025-07-09 15:30,0.508689
2025-07-09 15:45,0.541918
2025-07-09 16:00,0.50632
2025-07-09 16:15,0.50844
2025-07-09 16:30,0.465448
2025-07-09 16:45,0.523371
2025-07-09 17:00,0.483751
2025-07-09 17:15,0.488771
2025-07-09 17:30,0.524549
2025-07-09 17:45,0.497931
2025-07-09 18:00,0.557582
2025-07-09 18:15,0.537453
2025-07-09 18:30,0.585432
2025-07-09 18:45,0.600777
2025-07-09 19:00,0.663842
2025-07-09 19:15,0.697715
2025-07-09 19:30,0.731691
2025-07-09 19:45,0.813157
2025-07-09 20:00,0.646001
2025-07-09 20:15,0.722585
2025-07-09 20:30,0.777564
2025-07-09 20:45,0.733386
2025-07-09 21:00,0.616303
2025-07-09 21:15,0.520903
2025-07-09 21:30,0.525814
2025-07-09 21:45,0.510978
2025-07-09 22:00,0.577415
2025-07-09 22:15,0.539779
2025-07-09 22:30,0.61033
2025-07-09 22:45,0.621957
2025-07-09 23:00,0.5936
2025-07-09 23:15,0.607511
2025-07-09 23:30,0.667239
2025-07-09 23:45,0.689985
2025-07-10 00:00,0.826169
2025-07-10 00:15,0.88863
2025-07-10 00:30,0.924786
2025-07-10 00:45,0.87784
2025-07-10 01:00,0.982478
2025-07-10 01:15,0.835414
2025-07-10 01:30,0.846174
2025-07-10 01:45,0.775125
2025-07-10 02:00,0.754178
2025-07-10 02:15,0.721629
2025-07-10 02:30,0.728251
2025-07-10 02:45,0.658095
2025-07-10 03:00,0.70411
2025-07-10 03:15,0.687404
2025-07-10 03:30,0.677452
2025-07-10 03:45,0.5407
2025-07-10 04:00,0.550688
2025-07-10 04:15,0.559603
2025-07-10 04:30,0.454151
2025-07-10 04:45,0.440957
2025-07-10 05:00,0.451898
2025-07-10 05:15,0.410604
2025-07-10 05:30,0.349737
2025-07-10 05:45,0.350246
2025-07-10 06:00,0.316804
2025-07-10 06:15,0.311485
2025-07-10 06:30,0.266171
2025-07-10 06:45,0.305881
2025-07-10 07:00,0.303618
2025-07-10 07:15,0.27342
2025-07-10 07:30,0.246885
2025-07-10 07:45,0.226512
2025-07-10 08:00,0.204735
2025-07-10 08:15,0.242543
2025-07-10 08:30,0.18694
2025-07-10 08:45,0.190476
2025-07-10 09:00,0.182199
2025-07-10 09:15,0.218186
2025-07-10 09:30,0.214314
2025-07-10 09:45,0.198752
2025-07-10 10:00,0.217728
2025-07-10 10:15,0.255561
2025-07-10 10:30,0.322902
2025-07-10 10:45,0.312018
2025-07-10 11:00,0.360075
2025-07-10 11:15,0.394331
2025-07-10 11:30,0.376533
2025-07-10 11:45,0.429031
2025-07-10 12:00,0.419453
2025-07-10 12:15,0.441196
2025-07-10 12:30,0.456496
2025-07-10 12:45,0.426207
2025-07-10 13:00,0.427069
2025-07-10 13:15,0.435178
2025-07-10 13:30,0.42657
2025-07-10 13:45,0.489401
2025-07-10 14:00,0.457888
2025-07-10 14:15,0.436515
2025-07-10 14:30,0.471594
2025-07-10 14:45,0.511526
2025-07-10 15:00,0.507017
2025-07-10 15:15,0.507626
2025-07-10 15:30,0.545735
2025-07-10 15:45,0.569505
2025-07-10 16:00,0.511043
2025-07-10 16:15,0.556119
2025-07-10 16:30,0.517009
2025-07-10 16:45,0.526192
2025-07-10 17:00,0.55643
2025-07-10 17:15,0.534387
2025-07-10 17:30,0.56825
2025-07-10 17:45,0.608084
2025-07-10 18:00,0.596763
2025-07-10 18:15,0.585034
2025-07-10 18:30,0.630973
2025-07-10 18:45,0.624039
2025-07-10 19:00,0.652158
2025-07-10 19:15,0.623473
2025-07-10 19:30,0.614379
2025-07-10 19:45,0.572526
2025-07-10 20:00,0.595289
2025-07-10 20:15,0.560815
2025-07-10 20:30,0.518387
2025-07-10 20:45,0.513943
2025-07-10 21:00,0.482592
2025-07-10 21:15,0.47655
2025-07-10 21:30,0.50363
2025-07-10 21:45,0.51224
2025-07-10 22:00,0.52151
2025-07-10 22:15,0.528003
2025-07-10 22:30,0.543074
2025-07-10 22:45,0.55537
2025-07-10 23:00,0.540452
2025-07-10 23:15,0.5582
2025-07-10 23:30,0.596645
2025-07-10 23:45,0.707708
2025-07-11 00:00,0.764715
2025-07-11 00:15,0.859282
2025-07-11 00:30,0.842383
2025-07-11 00:45,0.869276
2025-07-11 01:00,0.847348
2025-07-11 01:15,0.789265
2025-07-11 01:30,0.790135
2025-07-11 01:45,0.854552
2025-07-11 02:00,0.804851
2025-07-11 02:15,0.809285
2025-07-11 02:30,0.819115
2025-07-11 02:45,0.701984
2025-07-11 03:00,0.699737
2025-07-11 03:15,0.678755
2025-07-11 03:30,0.616266
2025-07-11 03:45,0.579884
2025-07-11 04:00,0.604204
2025-07-11 04:15,0.574153
2025-07-11 04:30,0.514228
2025-07-11 04:45,0.463117
2025-07-11 05:00,0.413347
2025-07-11 05:15,0.374144
2025-07-11 05:30,0.38136
2025-07-11 05:45,0.327199
2025-07-11 06:00,0.303099
2025-07-11 06:15,0.304689
2025-07-11 06:30,0.280729
2025-07-11 06:45,0.29699
2025-07-11 07:00,0.246648
2025-07-11 07:15,0.227339
2025-07-11 07:30,0.224313
2025-07-11 07:45,0.219247
2025-07-11 08:00,0.217846
2025-07-11 08:15,0.22301
2025-07-11 08:30,0.206509
2025-07-11 08:45,0.198373
2025-07-11 09:00,0.266859
2025-07-11 09:15,0.295551
2025-07-11 09:30,0.236982
2025-07-11 09:45,0.20584
2025-07-11 10:00,0.214757
2025-07-11 10:15,0.24088
2025-07-11 10:30,0.293991
2025-07-11 10:45,0.330564
2025-07-11 11:00,0.343489
2025-07-11 11:15,0.375049
2025-07-11 11:30,0.406832
2025-07-11 11:45,0.435528
2025-07-11 12:00,0.41283
2025-07-11 12:15,0.404236
2025-07-11 12:30,0.460807
2025-07-11 12:45,0.419965
2025-07-11 13:00,0.431552
2025-07-11 13:15,0.441743
2025-07-11 13:30,0.432219
2025-07-11 13:45,0.426762
2025-07-11 14:00,0.471355
2025-07-11 14:15,0.489096
2025-07-11 14:30,0.513857
2025-07-11 14:45,0.527552
2025-07-11 15:00,0.498491
2025-07-11 15:15,0.508924
2025-07-11 15:30,0.542259
2025-07-11 15:45,0.528088
2025-07-11 16:00,0.532697
2025-07-11 16:15,0.566039
2025-07-11 16:30,0.566741
2025-07-11 16:45,0.608632
2025-07-11 17:00,0.63103
2025-07-11 17:15,0.6149
2025-07-11 17:30,0.565219
2025-07-11 17:45,0.589343
2025-07-11 18:00,0.630798
2025-07-11 18:15,0.660862
2025-07-11 18:30,0.648269
2025-07-11 18:45,0.706084
2025-07-11 19:00,0.694656
2025-07-11 19:15,0.679309
2025-07-11 19:30,0.640264
2025-07-11 19:45,0.653409
2025-07-11 20:00,0.653208
2025-07-11 20:15,0.57742
2025-07-11 20:30,0.542819
2025-07-11 20:45,0.518167
2025-07-11 21:00,0.474499
2025-07-11 21:15,0.507208
2025-07-11 21:30,0.488492
2025-07-11 21:45,0.481907
2025-07-11 22:00,0.469851
2025-07-11 22:15,0.479625
2025-07-11 22:30,0.535682
2025-07-11 22:45,0.577208
2025-07-11 23:00,0.580421
2025-07-11 23:15,0.602198
2025-07-11 23:30,0.603705
2025-07-11 23:45,0.707139
2025-07-12 00:00,0.820552
2025-07-12 00:15,0.921686
2025-07-12 00:30,0.952408
2025-07-12 00:45,0.918816
2025-07-12 01:00,0.845932
2025-07-12 01:15,0.776774
2025-07-12 01:30,0.838225
2025-07-12 01:45,0.79798
2025-07-12 02:00,0.775373
2025-07-12 02:15,0.730781
2025-07-12 02:30,0.698432
2025-07-12 02:45,0.71812
2025-07-12 03:00,0.674567
2025-07-12 03:15,0.688146
2025-07-12 03:30,0.62647
2025-07-12 03:45,0.577403
2025-07-12 04:00,0.578371
2025-07-12 04:15,0.570891
2025-07-12 04:30,0.520064
2025-07-12 04:45,0.459458
2025-07-12 05:00,0.458911
2025-07-12 05:15,0.420878
2025-07-12 05:30,0.397795
2025-07-12 05:45,0.366079
2025-07-12 06:00,0.312124
2025-07-12 06:15,0.319816
2025-07-12 06:30,0.284932
2025-07-12 06:45,0.269415
2025-07-12 07:00,0.256701
2025-07-12 07:15,0.241874
2025-07-12 07:30,0.248582
2025-07-12 07:45,0.223388
2025-07-12 08:00,0.207755
2025-07-12 08:15,0.176442
2025-07-12 08:30,0.171794
2025-07-12 08:45,0.176949
2025-07-12 09:00,0.184494
2025-07-12 09:15,0.168424
2025-07-12 09:30,0.178324
2025-07-12 09:45,0.172145
2025-07-12 10:00,0.207888
2025-07-12 10:15,0.21331
2025-07-12 10:30,0.235706
2025-07-12 10:45,0.215675
2025-07-12 11:00,0.261016
2025-07-12 11:15,0.280296
2025-07-12 11:30,0.282839
2025-07-12 11:45,0.280098
2025-07-12 12:00,0.394124
2025-07-12 12:15,0.377408
2025-07-12 12:30,0.347517
2025-07-12 12:45,0.348969
2025-07-12 13:00,0.424155
2025-07-12 13:15,0.383547
2025-07-12 13:30,0.366467
2025-07-12 13:45,0.405414
2025-07-12 14:00,0.376539
2025-07-12 14:15,0.368009
2025-07-12 14:30,0.394991
2025-07-12 14:45,0.417362
2025-07-12 15:00,0.440163
2025-07-12 15:15,0.424589
2025-07-12 15:30,0.446627
2025-07-12 15:45,0.462394
2025-07-12 16:00,0.458985
2025-07-12 16:15,0.463907
2025-07-12 16:30,0.493195
2025-07-12 16:45,0.497863
2025-07-12 17:00,0.55663
2025-07-12 17:15,0.573637
2025-07-12 17:30,0.53235
2025-07-12 17:45,0.525821
2025-07-12 18:00,0.509648
2025-07-12 18:15,0.556771
2025-07-12 18:30,0.545382
2025-07-12 18:45,0.573264
2025-07-12 19:00,0.565436
2025-07-12 19:15,0.516378
2025-07-12 19:30,0.614162
2025-07-12 19:45,0.501473
2025-07-12 20:00,0.569635
2025-07-12 20:15,0.567494
2025-07-12 20:30,0.55552
2025-07-12 20:45,0.541726
2025-07-12 21:00,0.558099
2025-07-12 21:15,0.5233
2025-07-12 21:30,0.547026
2025-07-12 21:45,0.546295
2025-07-12 22:00,0.524336
2025-07-12 22:15,0.574018
2025-07-12 22:30,0.596007
2025-07-12 22:45,0.57512
2025-07-12 23:00,0.599358
2025-07-12 23:15,0.583088
2025-07-12 23:30,0.604682
2025-07-12 23:45,0.699946
2025-07-13 00:00,0.815454
2025-07-13 00:15,0.897414
2025-07-13 00:30,0.787705
2025-07-13 00:45,0.786065
2025-07-13 01:00,0.798597
2025-07-13 01:15,0.771844
2025-07-13 01:30,0.800146
2025-07-13 01:45,0.73586
2025-07-13 02:00,0.702107
2025-07-13 02:15,0.734722
2025-07-13 02:30,0.728791
2025-07-13 02:45,0.692117
2025-07-13 03:00,0.745114
2025-07-13 03:15,0.640908
2025-07-13 03:30,0.635362
2025-07-13 03:45,0.65016
2025-07-13 04:00,0.626462
2025-07-13 04:15,0.547954
2025-07-13 04:30,0.491421
2025-07-13 04:45,0.465767
2025-07-13 05:00,0.448693
2025-07-13 05:15,0.39525
2025-07-13 05:30,0.363754
2025-07-13 05:45,0.351047
2025-07-13 06:00,0.330632
2025-07-13 06:15,0.311602
2025-07-13 06:30,0.299143
2025-07-13 06:45,0.268361
2025-07-13 07:00,0.263579
2025-07-13 07:15,0.238311
2025-07-13 07:30,0.222063
2025-07-13 07:45,0.221974
2025-07-13 08:00,0.195853
2025-07-13 08:15,0.186762
2025-07-13 08:30,0.172735
2025-07-13 08:45,0.16447
2025-07-13 09:00,0.159925
2025-07-13 09:15,0.167186
2025-07-13 09:30,0.186284
2025-07-13 09:45,0.204461
2025-07-13 10:00,0.208768
2025-07-13 10:15,0.212386
2025-07-13 10:30,0.226004
2025-07-13 10:45,0.247255
2025-07-13 11:00,0.253599
2025-07-13 11:15,0.310586
2025-07-13 11:30,0.306486
2025-07-13 11:45,0.319393
2025-07-13 12:00,0.349608
2025-07-13 12:15,0.354435
2025-07-13 12:30,0.344487
2025-07-13 12:45,0.400043
2025-07-13 13:00,0.450888
2025-07-13 13:15,0.424877
2025-07-13 13:30,0.516402
2025-07-13 13:45,0.471804
2025-07-13 14:00,0.515144
2025-07-13 14:15,0.500086
2025-07-13 14:30,0.482765
2025-07-13 14:45,0.448887
2025-07-13 15:00,0.460392
2025-07-13 15:15,0.531029
2025-07-13 15:30,0.555943
2025-07-13 15:45,0.504195
2025-07-13 16:00,0.482289
2025-07-13 16:15,0.474958
2025-07-13 16:30,0.457577
2025-07-13 16:45,0.503678
2025-07-13 17:00,0.516143
2025-07-13 17:15,0.52998
2025-07-13 17:30,0.551542
2025-07-13 17:45,0.537508
2025-07-13 18:00,0.612953
2025-07-13 18:15,0.66909
2025-07-13 18:30,0.654819
2025-07-13 18:45,0.605292
2025-07-13 19:00,0.696139
2025-07-13 19:15,0.718512
2025-07-13 19:30,0.686458
2025-07-13 19:45,0.641533
2025-07-13 20:00,0.634796
2025-07-13 20:15,0.646545
2025-07-13 20:30,0.653787
2025-07-13 20:45,0.703234
2025-07-13 21:00,0.717578
2025-07-13 21:15,0.640963
2025-07-13 21:30,0.724522
2025-07-13 21:45,0.704038
2025-07-13 22:00,0.618028
2025-07-13 22:15,0.639348
2025-07-13 22:30,0.594917
2025-07-13 22:45,0.636422
2025-07-13 23:00,0.744657
2025-07-13 23:15,0.609804
2025-07-13 23:30,0.667077
2025-07-13 23:45,0.734208
2025-07-14 00:00,0.858079
2025-07-14 00:15,0.834538
2025-07-14 00:30,0.746935
2025-07-14 00:45,0.841636
2025-07-14 01:00,0.73326
2025-07-14 01:15,0.743492
2025-07-14 01:30,0.777021
2025-07-14 01:45,0.718403
2025-07-14 02:00,0.70369
2025-07-14 02:15,0.734325
2025-07-14 02:30,0.706528
2025-07-14 02:45,0.662814
2025-07-14 03:00,0.69062
2025-07-14 03:15,0.643402
2025-07-14 03:30,0.584134
2025-07-14 03:45,0.552543
2025-07-14 04:00,0.546176
2025-07-14 04:15,0.527177
2025-07-14 04:30,0.538244
2025-07-14 04:45,0.497128
2025-07-14 05:00,0.418951
2025-07-14 05:15,0.392253
2025-07-14 05:30,0.381602
2025-07-14 05:45,0.340698
2025-07-14 06:00,0.290162
2025-07-14 06:15,0.289133
2025-07-14 06:30,0.264917
2025-07-14 06:45,0.2352
2025-07-14 07:00,0.228862
2025-07-14 07:15,0.221704
2025-07-14 07:30,0.18904
2025-07-14 07:45,0.180182
2025-07-14 08:00,0.195846
2025-07-14 08:15,0.179898
2025-07-14 08:30,0.173988
2025-07-14 08:45,0.155956
2025-07-14 09:00,0.167181
2025-07-14 09:15,0.190909
2025-07-14 09:30,0.220257
2025-07-14 09:45,0.209448
2025-07-14 10:00,0.23043
2025-07-14 10:15,0.263659
2025-07-14 10:30,0.291972
2025-07-14 10:45,0.297099
2025-07-14 11:00,0.376166
2025-07-14 11:15,0.396812
2025-07-14 11:30,0.436803
2025-07-14 11:45,0.400906
2025-07-14 12:00,0.412717
2025-07-14 12:15,0.464622
2025-07-14 12:30,0.448993
2025-07-14 12:45,0.473238
2025-07-14 13:00,0.492553
2025-07-14 13:15,0.463343
2025-07-14 13:30,0.479982
2025-07-14 13:45,0.46344
2025-07-14 14:00,0.44959
2025-07-14 14:15,0.465295
2025-07-14 14:30,0.467351
2025-07-14 14:45,0.464414
2025-07-14 15:00,0.455527
2025-07-14 15:15,0.49694
2025-07-14 15:30,0.498888
2025-07-14 15:45,0.455575
2025-07-14 16:00,0.461134
2025-07-14 16:15,0.487198
2025-07-14 16:30,0.471124
2025-07-14 16:45,0.50834
2025-07-14 17:00,0.534036
2025-07-14 17:15,0.562998
2025-07-14 17:30,0.547444
2025-07-14 17:45,0.544208
2025-07-14 18:00,0.52642
2025-07-14 18:15,0.602754
2025-07-14 18:30,0.570035
2025-07-14 18:45,0.564788
2025-07-14 19:00,0.58442
2025-07-14 19:15,0.580784
2025-07-14 19:30,0.495959
2025-07-14 19:45,0.502904
2025-07-14 20:00,0.511589
2025-07-14 20:15,0.54588
2025-07-14 20:30,0.519272
2025-07-14 20:45,0.477665
2025-07-14 21:00,0.520922
2025-07-14 21:15,0.500179
2025-07-14 21:30,0.490966
2025-07-14 21:45,0.485717
2025-07-14 22:00,0.543212
2025-07-14 22:15,0.549201
2025-07-14 22:30,0.558018
2025-07-14 22:45,0.560192
2025-07-14 23:00,0.527859
2025-07-14 23:15,0.580083
2025-07-14 23:30,0.599664
2025-07-14 23:45,0.670219
2025-07-15 00:00,0.859799
2025-07-15 00:15,1.0
2025-07-15 00:30,0.950589
2025-07-15 00:45,0.888499
2025-07-15 01:00,0.848354
2025-07-15 01:15,0.841273
2025-07-15 01:30,0.830735
2025-07-15 01:45,0.841417
2025-07-15 02:00,0.836017
2025-07-15 02:15,0.794311
2025-07-15 02:30,0.781911
2025-07-15 02:45,0.681816
2025-07-15 03:00,0.644465
2025-07-15 03:15,0.63713
2025-07-15 03:30,0.61341
2025-07-15 03:45,0.579251
2025-07-15 04:00,0.555248
2025-07-15 04:15,0.509407
2025-07-15 04:30,0.532812
2025-07-15 04:45,0.498608
2025-07-15 05:00,0.415365
2025-07-15 05:15,0.435634
2025-07-15 05:30,0.356742
2025-07-15 05:45,0.348749
2025-07-15 06:00,0.325334
2025-07-15 06:15,0.27528
2025-07-15 06:30,0.251072
2025-07-15 06:45,0.22447
2025-07-15 07:00,0.245653
2025-07-15 07:15,0.22526
2025-07-15 07:30,0.194956
2025-07-15 07:45,0.184868
2025-07-15 08:00,0.234492
2025-07-15 08:15,0.364514
2025-07-15 08:30,0.273456
2025-07-15 08:45,0.286626
2025-07-15 09:00,0.338597
2025-07-15 09:15,0.285019
2025-07-15 09:30,0.260226
2025-07-15 09:45,0.233672
2025-07-15 10:00,0.242867
2025-07-15 10:15,0.288955
2025-07-15 10:30,0.287563
2025-07-15 10:45,0.318512
2025-07-15 11:00,0.38224
2025-07-15 11:15,0.456313
2025-07-15 11:30,0.499201
2025-07-15 11:45,0.49938
2025-07-15 12:00,0.425472
2025-07-15 12:15,0.436254
2025-07-15 12:30,0.456022
2025-07-15 12:45,0.501511
2025-07-15 13:00,0.533006
2025-07-15 13:15,0.475487
2025-07-15 13:30,0.510334
2025-07-15 13:45,0.613677
2025-07-15 14:00,0.572568
2025-07-15 14:15,0.555849
2025-07-15 14:30,0.532999
2025-07-15 14:45,0.476833
2025-07-15 15:00,0.473984
2025-07-15 15:15,0.484883
2025-07-15 15:30,0.613277
2025-07-15 15:45,0.552653
2025-07-15 16:00,0.609922
2025-07-15 16:15,0.513244
2025-07-15 16:30,0.545815
2025-07-15 16:45,0.552393
2025-07-15 17:00,0.495024
2025-07-15 17:15,0.570953
2025-07-15 17:30,0.684465
2025-07-15 17:45,0.622094
2025-07-15 18:00,0.60877
2025-07-15 18:15,0.607849
2025-07-15 18:30,0.595418
2025-07-15 18:45,0.573976
2025-07-15 19:00,0.642414
2025-07-15 19:15,0.571861
2025-07-15 19:30,0.531635
2025-07-15 19:45,0.517059
2025-07-15 20:00,0.55455
2025-07-15 20:15,0.574852
2025-07-15 20:30,0.504996
2025-07-15 20:45,0.531485
2025-07-15 21:00,0.526148
2025-07-15 21:15,0.482288
2025-07-15 21:30,0.586285
2025-07-15 21:45,0.585741
2025-07-15 22:00,0.604035
2025-07-15 22:15,0.519781
2025-07-15 22:30,0.567877
2025-07-15 22:45,0.602038
2025-07-15 23:00,0.530789
2025-07-15 23:15,0.589412
2025-07-15 23:30,0.625905
2025-07-15 23:45,0.695763
2025-07-16 00:00,0.871914
2025-07-16 00:00,0.910422
2025-07-16 00:15,0.994997
2025-07-16 00:30,1.0
2025-07-16 00:45,0.953057
2025-07-16 01:00,0.968617
2025-07-16 01:15,0.79629
2025-07-16 01:30,0.827895
2025-07-16 01:45,0.820832
2025-07-16 02:00,0.845153
2025-07-16 02:15,0.923529
2025-07-16 02:30,0.829468
2025-07-16 02:45,0.810032
2025-07-16 03:00,0.794981
2025-07-16 03:15,0.724793
2025-07-16 03:30,0.703344
2025-07-16 03:45,0.674515
2025-07-16 04:00,0.591839
2025-07-16 04:15,0.570347
2025-07-16 04:30,0.553239
2025-07-16 04:45,0.531386
2025-07-16 05:00,0.437487
2025-07-16 05:15,0.405914
2025-07-16 05:30,0.377681
2025-07-16 05:45,0.318686
2025-07-16 06:00,0.31901
2025-07-16 06:15,0.319593
2025-07-16 06:30,0.277509
2025-07-16 06:45,0.253313
2025-07-16 07:00,0.246854
2025-07-16 07:15,0.269648
2025-07-16 07:30,0.249182
2025-07-16 07:45,0.24576
2025-07-16 08:00,0.213013
2025-07-16 08:15,0.168867
2025-07-16 08:30,0.182009
2025-07-16 08:45,0.199014
2025-07-16 09:00,0.191969
2025-07-16 09:15,0.183705
2025-07-16 09:30,0.203039
2025-07-16 09:45,0.203839
2025-07-16 10:00,0.215778
2025-07-16 10:15,0.247999
2025-07-16 10:30,0.282965
2025-07-16 10:45,0.331223
2025-07-16 11:00,0.365613
2025-07-16 11:15,0.391483
2025-07-16 11:30,0.399184
2025-07-16 11:45,0.448886
2025-07-16 12:00,0.440906
2025-07-16 12:15,0.4718
2025-07-16 12:30,0.430126
2025-07-16 12:45,0.446572
2025-07-16 13:00,0.442568
2025-07-16 13:15,0.502301
2025-07-16 13:30,0.420126
2025-07-16 13:45,0.433364
2025-07-16 14:00,0.470353
2025-07-16 14:15,0.504203
2025-07-16 14:30,0.409641
2025-07-16 14:45,0.46402
2025-07-16 15:00,0.445835
2025-07-16 15:15,0.443633
2025-07-16 15:30,0.468881
2025-07-16 15:45,0.461868
2025-07-16 16:00,0.500963
2025-07-16 16:15,0.596529
2025-07-16 16:30,0.431691
2025-07-16 16:45,0.376079
2025-07-16 17:00,0.510526
2025-07-16 17:15,0.492209
2025-07-16 17:30,0.560925
2025-07-16 17:45,0.597042
2025-07-16 18:00,0.511441
2025-07-16 18:15,0.574718
2025-07-16 18:30,0.612601
2025-07-16 18:45,0.556621
2025-07-16 19:00,0.588791
2025-07-16 19:15,0.569529
2025-07-16 19:30,0.559501
2025-07-16 19:45,0.532691
2025-07-16 20:00,0.586664
2025-07-16 20:15,0.550746
2025-07-16 20:30,0.613197
2025-07-16 20:45,0.605148
2025-07-16 21:00,0.561501
2025-07-16 21:15,0.604047
2025-07-16 21:30,0.552946
2025-07-16 21:45,0.661912
2025-07-16 22:00,0.606627
2025-07-16 22:15,0.627015
2025-07-16 22:30,0.641425
2025-07-16 22:45,0.636354
2025-07-16 23:00,0.58451
2025-07-16 23:15,0.563336
2025-07-16 23:30,0.640646
2025-07-16 23:45,0.653221
2025-07-17 00:00,0.978237
2025-07-17 00:15,0.954877
2025-07-17 00:30,0.872247
2025-07-17 00:45,0.988668
2025-07-17 01:00,0.864863
2025-07-17 01:15,0.911392
2025-07-17 01:30,0.780867
2025-07-17 01:45,0.775111
2025-07-17 02:00,0.789191
2025-07-17 02:15,0.782905
2025-07-17 02:30,0.69458
2025-07-17 02:45,0.713145
2025-07-17 03:00,0.707848
2025-07-17 03:15,0.68558
2025-07-17 03:30,0.582961
2025-07-17 03:45,0.552848
2025-07-17 04:00,0.541303
2025-07-17 04:15,0.550375
2025-07-17 04:30,0.456432
2025-07-17 04:45,0.408449
2025-07-17 05:00,0.443021
2025-07-17 05:15,0.438815
2025-07-17 05:30,0.364197
2025-07-17 05:45,0.332722
2025-07-17 06:00,0.333908
2025-07-17 06:15,0.294846
2025-07-17 06:30,0.254174
2025-07-17 06:45,0.210385
2025-07-17 07:00,0.212568
2025-07-17 07:15,0.25127
2025-07-17 07:30,0.204379
2025-07-17 07:45,0.20948
2025-07-17 08:00,0.186381
2025-07-17 08:15,0.19419
2025-07-17 08:30,0.187139
2025-07-17 08:45,0.163972
2025-07-17 09:00,0.193473
2025-07-17 09:15,0.161138
2025-07-17 09:30,0.186047
2025-07-17 09:45,0.180077
2025-07-17 10:00,0.206019
2025-07-17 10:15,0.270287
2025-07-17 10:30,0.279574
2025-07-17 10:45,0.311692
2025-07-17 11:00,0.348496
2025-07-17 11:15,0.411826
2025-07-17 11:30,0.376687
2025-07-17 11:45,0.395341
2025-07-17 12:00,0.386539
2025-07-17 12:15,0.437304
2025-07-17 12:30,0.504495
2025-07-17 12:45,0.465612
2025-07-17 13:00,0.454433
2025-07-17 13:15,0.371816
2025-07-17 13:30,0.348769
2025-07-17 13:45,0.354679
2025-07-17 14:00,0.424246
2025-07-17 14:15,0.388313
2025-07-17 14:30,0.379487
2025-07-17 14:45,0.35441
2025-07-17 15:00,0.361594
2025-07-17 15:15,0.428389
2025-07-17 15:30,0.393965
2025-07-17 15:45,0.399215
2025-07-17 16:00,0.383241
2025-07-17 16:15,0.377785
2025-07-17 16:30,0.488355
2025-07-17 16:45,0.38663
2025-07-17 17:00,0.421408
2025-07-17 17:15,0.463634
2025-07-17 17:30,0.462333
2025-07-17 17:45,0.533441
2025-07-17 18:00,0.50147
2025-07-17 18:15,0.557022
2025-07-17 18:30,0.637022
2025-07-17 18:45,0.557965
2025-07-17 19:00,0.586311
2025-07-17 19:15,0.63082
2025-07-17 19:30,0.551662
2025-07-17 19:45,0.540856
2025-07-17 20:00,0.542215
2025-07-17 20:15,0.589165
2025-07-17 20:30,0.530709
2025-07-17 20:45,0.53186
2025-07-17 21:00,0.536335
2025-07-17 21:15,0.550567
2025-07-17 21:30,0.507892
2025-07-17 21:45,0.508765
2025-07-17 22:00,0.565904
2025-07-17 22:15,0.574204
2025-07-17 22:30,0.611606
2025-07-17 22:45,0.535623
2025-07-17 23:00,0.601414
2025-07-17 23:15,0.56445
2025-07-17 23:30,0.60812
2025-07-17 23:45,0.631996
2025-07-18 00:00,0.850742
2025-07-18 00:15,0.774116
2025-07-18 00:30,0.810668
2025-07-18 00:45,0.769944
2025-07-18 01:00,0.757473
2025-07-18 01:15,0.676879
2025-07-18 01:30,0.741034
2025-07-18 01:45,0.676493
2025-07-18 02:00,0.645893
2025-07-18 02:15,0.662945
2025-07-18 02:30,0.656454
2025-07-18 02:45,0.602926
2025-07-18 03:00,0.622427
2025-07-18 03:15,0.597475
2025-07-18 03:30,0.549218
2025-07-18 03:45,0.565182
2025-07-18 04:00,0.53256
2025-07-18 04:15,0.49603
2025-07-18 04:30,0.473545
2025-07-18 04:45,0.395507
2025-07-18 05:00,0.41975
2025-07-18 05:15,0.415625
2025-07-18 05:30,0.34968
2025-07-18 05:45,0.324641
2025-07-18 06:00,0.311034
2025-07-18 06:15,0.274422
2025-07-18 06:30,0.234652
2025-07-18 06:45,0.216885
2025-07-18 07:00,0.225655
2025-07-18 07:15,0.251197
2025-07-18 07:30,0.21636
2025-07-18 07:45,0.203856
2025-07-18 08:00,0.177753
2025-07-18 08:15,0.169924
2025-07-18 08:30,0.185311
2025-07-18 08:45,0.168105
2025-07-18 09:00,0.11994
2025-07-18 09:15,0.158384
2025-07-18 09:30,0.172586
2025-07-18 09:45,0.18051
2025-07-18 10:00,0.208523
2025-07-18 10:15,0.271748
2025-07-18 10:30,0.259408
2025-07-18 10:45,0.311563
2025-07-18 11:00,0.310782
2025-07-18 11:15,0.3125
2025-07-18 11:30,0.337436
2025-07-18 11:45,0.323567
2025-07-18 12:00,0.364263
2025-07-18 12:15,0.400848
2025-07-18 12:30,0.40599
2025-07-18 12:45,0.397988
2025-07-18 13:00,0.364416
2025-07-18 13:15,0.367325
2025-07-18 13:30,0.343742
2025-07-18 13:45,0.338608
2025-07-18 14:00,0.361377
2025-07-18 14:15,0.346533
2025-07-18 14:30,0.361612
2025-07-18 14:45,0.400591
2025-07-18 15:00,0.435616
2025-07-18 15:15,0.476738
2025-07-18 15:30,0.371043
2025-07-18 15:45,0.370303
2025-07-18 16:00,0.397261
2025-07-18 16:15,0.370368
2025-07-18 16:30,0.385482
2025-07-18 16:45,0.371302
2025-07-18 17:00,0.392995
2025-07-18 17:15,0.402334
2025-07-18 17:30,0.442493
2025-07-18 17:45,0.498538
2025-07-18 18:00,0.438085
2025-07-18 18:15,0.4796
2025-07-18 18:30,0.459481
2025-07-18 18:45,0.448076
2025-07-18 19:00,0.431663
2025-07-18 19:15,0.461382
2025-07-18 19:30,0.492476
2025-07-18 19:45,0.530286
2025-07-18 20:00,0.493145
2025-07-18 20:15,0.478473
2025-07-18 20:30,0.489606
2025-07-18 20:45,0.546774
2025-07-18 21:00,0.45534
2025-07-18 21:15,0.447175
2025-07-18 21:30,0.449436
2025-07-18 21:45,0.48401
2025-07-18 22:00,0.477273
2025-07-18 22:15,0.55067
2025-07-18 22:30,0.498865
2025-07-18 22:45,0.579997
2025-07-18 23:00,0.557615
2025-07-18 23:15,0.60771
2025-07-18 23:30,0.617131
2025-07-18 23:45,0.663156
2025-07-19 00:00,0.771119
2025-07-19 00:15,0.845098
2025-07-19 00:30,0.969204
2025-07-19 00:45,0.865515
2025-07-19 01:00,0.940987
2025-07-19 01:15,0.829884
2025-07-19 01:30,0.848983
2025-07-19 01:45,0.806798
2025-07-19 02:00,0.735386
2025-07-19 02:15,0.756114
2025-07-19 02:30,0.748708
2025-07-19 02:45,0.735407
2025-07-19 03:00,0.505378
2025-07-19 03:15,0.404889
2025-07-19 03:30,0.38723
2025-07-19 03:45,0.499496
2025-07-19 04:00,0.501456
2025-07-19 04:15,0.558353
2025-07-19 04:30,0.457473
2025-07-19 04:45,0.436632
2025-07-19 05:00,0.391483
2025-07-19 05:15,0.379208
2025-07-19 05:30,0.363715
2025-07-19 05:45,0.352609
2025-07-19 06:00,0.339474
2025-07-19 06:15,0.338568
2025-07-19 06:30,0.336188
2025-07-19 06:45,0.307381
2025-07-19 07:00,0.298228
2025-07-19 07:15,0.317443
2025-07-19 07:30,0.25296
2025-07-19 07:45,0.236877
2025-07-19 08:00,0.22544
2025-07-19 08:15,0.248366
2025-07-19 08:30,0.183295
2025-07-19 08:45,0.202429
2025-07-19 09:00,0.219707
2025-07-19 09:15,0.224626
2025-07-19 09:30,0.181353
2025-07-19 09:45,0.185356
2025-07-19 10:00,0.183427
2025-07-19 10:15,0.219327
2025-07-19 10:30,0.219836
2025-07-19 10:45,0.250326
2025-07-19 11:00,0.266008
2025-07-19 11:15,0.270414
2025-07-19 11:30,0.277469
2025-07-19 11:45,0.295804
2025-07-19 12:00,0.300254
2025-07-19 12:15,0.3151
2025-07-19 12:30,0.35036
2025-07-19 12:45,0.340807
2025-07-19 13:00,0.340608
2025-07-19 13:15,0.341595
2025-07-19 13:30,0.320091
2025-07-19 13:45,0.317937
2025-07-19 14:00,0.299243
2025-07-19 14:15,0.382265
2025-07-19 14:30,0.387761
2025-07-19 14:45,0.375479
2025-07-19 15:00,0.335929
2025-07-19 15:15,0.352509
2025-07-19 15:30,0.348734
2025-07-19 15:45,0.379937
2025-07-19 16:00,0.352093
2025-07-19 16:15,0.412016
2025-07-19 16:30,0.42938
2025-07-19 16:45,0.4017
2025-07-19 17:00,0.367567
2025-07-19 17:15,0.433026
2025-07-19 17:30,0.491409
2025-07-19 17:45,0.490074
2025-07-19 18:00,0.389646
2025-07-19 18:15,0.450404
2025-07-19 18:30,0.452574
2025-07-19 18:45,0.453409
2025-07-19 19:00,0.474404
2025-07-19 19:15,0.477812
2025-07-19 19:30,0.561102
2025-07-19 19:45,0.478389
2025-07-19 20:00,0.471593
2025-07-19 20:15,0.583147
2025-07-19 20:30,0.461883
2025-07-19 20:45,0.473401
2025-07-19 21:00,0.537143
2025-07-19 21:15,0.534773
2025-07-19 21:30,0.505358
2025-07-19 21:45,0.477225
2025-07-19 22:00,0.481149
2025-07-19 22:15,0.549532
2025-07-19 22:30,0.510009
2025-07-19 22:45,0.523774
2025-07-19 23:00,0.520511
2025-07-19 23:15,0.54398
2025-07-19 23:30,0.55773
2025-07-19 23:45,0.581649
2025-07-20 00:00,0.728253
2025-07-20 00:15,0.85593
2025-07-20 00:30,0.790023
2025-07-20 00:45,0.829345
2025-07-20 01:00,0.788353
2025-07-20 01:15,0.741594
2025-07-20 01:30,0.755559
2025-07-20 01:45,0.788204
2025-07-20 02:00,0.814855
2025-07-20 02:15,0.771426
2025-07-20 02:30,0.710971
2025-07-20 02:45,0.712228
2025-07-20 03:00,0.653397
2025-07-20 03:15,0.602152
2025-07-20 03:30,0.614843
2025-07-20 03:45,0.639419
2025-07-20 04:00,0.62841
2025-07-20 04:15,0.578558
2025-07-20 04:30,0.629363
2025-07-20 04:45,0.596801
2025-07-20 05:00,0.567386
2025-07-20 05:15,0.513173
2025-07-20 05:30,0.382134
2025-07-20 05:45,0.377734
2025-07-20 06:00,0.332148
2025-07-20 06:15,0.28404
2025-07-20 06:30,0.264169
2025-07-20 06:45,0.283761
2025-07-20 07:00,0.294436
2025-07-20 07:15,0.228826
2025-07-20 07:30,0.217551
2025-07-20 07:45,0.245551
2025-07-20 08:00,0.224931
2025-07-20 08:15,0.220792
2025-07-20 08:30,0.206982
2025-07-20 08:45,0.170077
2025-07-20 09:00,0.188666
2025-07-20 09:15,0.176884
2025-07-20 09:30,0.176483
2025-07-20 09:45,0.171912
2025-07-20 10:00,0.190011
2025-07-20 10:15,0.199336
2025-07-20 10:30,0.217469
2025-07-20 10:45,0.210027
2025-07-20 11:00,0.252036
2025-07-20 11:15,0.26181
2025-07-20 11:30,0.285884
2025-07-20 11:45,0.265131
2025-07-20 12:00,0.273037
2025-07-20 12:15,0.337836
2025-07-20 12:30,0.364936
2025-07-20 12:45,0.332264
2025-07-20 13:00,0.337306
2025-07-20 13:15,0.361437
2025-07-20 13:30,0.347295
2025-07-20 13:45,0.39687
2025-07-20 14:00,0.417137
2025-07-20 14:15,0.395665
2025-07-20 14:30,0.413505
2025-07-20 14:45,0.451846
2025-07-20 15:00,0.474517
2025-07-20 15:15,0.410445
2025-07-20 15:30,0.415398
2025-07-20 15:45,0.379259
2025-07-20 16:00,0.394913
2025-07-20 16:15,0.428925
2025-07-20 16:30,0.408404
2025-07-20 16:45,0.467785
2025-07-20 17:00,0.438224
2025-07-20 17:15,0.4177
2025-07-20 17:30,0.454304
2025-07-20 17:45,0.541109
2025-07-20 18:00,0.49717
2025-07-20 18:15,0.481494
2025-07-20 18:30,0.521192
2025-07-20 18:45,0.474405
2025-07-20 19:00,0.526911
2025-07-20 19:15,0.60632
2025-07-20 19:30,0.582851
2025-07-20 19:45,0.578885
2025-07-20 20:00,0.591109
2025-07-20 20:15,0.511063
2025-07-20 20:30,0.62526
2025-07-20 20:45,0.576463
2025-07-20 21:00,0.583557
2025-07-20 21:15,0.632993
2025-07-20 21:30,0.682564
2025-07-20 21:45,0.654252
2025-07-20 22:00,0.659716
2025-07-20 22:15,0.622857
2025-07-20 22:30,0.597896
2025-07-20 22:45,0.631055
2025-07-20 23:00,0.655331
2025-07-20 23:15,0.695999
2025-07-20 23:30,0.642004
2025-07-20 23:45,0.764583
2025-07-21 00:00,0.810828
2025-07-21 00:15,0.896933
2025-07-21 00:30,0.82084
2025-07-21 00:45,0.738067
2025-07-21 01:00,0.872992
2025-07-21 01:15,0.800254
2025-07-21 01:30,0.872812
2025-07-21 01:45,0.890422
2025-07-21 02:00,0.793743
2025-07-21 02:15,0.68197
2025-07-21 02:30,0.646925
2025-07-21 02:45,0.723339
2025-07-21 03:00,0.722772
2025-07-21 03:15,0.629183
2025-07-21 03:30,0.630352
2025-07-21 03:45,0.630505
2025-07-21 04:00,0.528636
2025-07-21 04:15,0.524743
2025-07-21 04:30,0.454589
2025-07-21 04:45,0.452355
2025-07-21 05:00,0.399241
2025-07-21 05:15,0.443691
2025-07-21 05:30,0.351309
2025-07-21 05:45,0.339164
2025-07-21 06:00,0.307508
2025-07-21 06:15,0.300492
2025-07-21 06:30,0.243252
2025-07-21 06:45,0.253102
2025-07-21 07:00,0.242603
2025-07-21 07:15,0.219911
2025-07-21 07:30,0.212529
2025-07-21 07:45,0.229606
2025-07-21 08:00,0.200133
2025-07-21 08:15,0.204947
2025-07-21 08:30,0.186856
2025-07-21 08:45,0.183053
2025-07-21 09:00,0.17642
2025-07-21 09:15,0.181664
2025-07-21 09:30,0.188398
2025-07-21 09:45,0.197461
2025-07-21 10:00,0.217321
2025-07-21 10:15,0.221351
2025-07-21 10:30,0.26874
2025-07-21 10:45,0.306237
2025-07-21 11:00,0.297476
2025-07-21 11:15,0.326188
2025-07-21 11:30,0.354407
2025-07-21 11:45,0.349597
2025-07-21 12:00,0.350093
2025-07-21 12:15,0.346059
2025-07-21 12:30,0.372195
2025-07-21 12:45,0.346023
2025-07-21 13:00,0.345464
2025-07-21 13:15,0.379792
2025-07-21 13:30,0.373051
2025-07-21 13:45,0.370297
2025-07-21 14:00,0.362244
2025-07-21 14:15,0.392469
2025-07-21 14:30,0.350269
2025-07-21 14:45,0.373995
2025-07-21 15:00,0.36626
2025-07-21 15:15,0.383094
2025-07-21 15:30,0.361177
2025-07-21 15:45,0.35286
2025-07-21 16:00,0.360316
2025-07-21 16:15,0.464003
2025-07-21 16:30,0.429901
2025-07-21 16:45,0.441735
2025-07-21 17:00,0.458207
2025-07-21 17:15,0.504862
2025-07-21 17:30,0.471273
2025-07-21 17:45,0.480724
2025-07-21 18:00,0.519508
2025-07-21 18:15,0.484022
2025-07-21 18:30,0.482896
2025-07-21 18:45,0.500446
2025-07-21 19:00,0.477292
2025-07-21 19:15,0.499553
2025-07-21 19:30,0.48386
2025-07-21 19:45,0.45278
2025-07-21 20:00,0.468192
2025-07-21 20:15,0.455863
2025-07-21 20:30,0.554956
2025-07-21 20:45,0.536815
2025-07-21 21:00,0.509518
2025-07-21 21:15,0.54021
2025-07-21 21:30,0.542548
2025-07-21 21:45,0.577424
2025-07-21 22:00,0.593393
2025-07-21 22:15,0.540085
2025-07-21 22:30,0.527852
2025-07-21 22:45,0.564553
2025-07-21 23:00,0.608137
2025-07-21 23:15,0.64823
2025-07-21 23:30,0.669445
2025-07-21 23:45,0.700076
2025-07-22 00:00,0.842807
2025-07-22 00:15,0.90063
2025-07-22 00:30,0.934674
2025-07-22 00:45,0.903981
2025-07-22 01:00,0.856256
2025-07-22 01:15,0.820647
2025-07-22 01:30,0.811894
2025-07-22 01:45,0.782724
2025-07-22 02:00,0.708179
2025-07-22 02:15,0.649034
2025-07-22 02:30,0.715231
2025-07-22 02:45,0.687454
2025-07-22 03:00,0.607336
2025-07-22 03:15,0.59503
2025-07-22 03:30,0.562569
2025-07-22 03:45,0.552913
2025-07-22 04:00,0.536171
2025-07-22 04:15,0.5113
2025-07-22 04:30,0.472163
2025-07-22 04:45,0.402989
2025-07-22 05:00,0.426207
2025-07-22 05:15,0.381464
2025-07-22 05:30,0.371471
2025-07-22 05:45,0.318287
2025-07-22 06:00,0.290386
2025-07-22 06:15,0.248564
2025-07-22 06:30,0.221624
2025-07-22 06:45,0.243957
2025-07-22 07:00,0.241031
2025-07-22 07:15,0.197562
2025-07-22 07:30,0.192579
2025-07-22 07:45,0.176117
2025-07-22 08:00,0.169215
2025-07-22 08:15,0.192684
2025-07-22 08:30,0.171312
2025-07-22 08:45,0.159258
2025-07-22 09:00,0.163909
2025-07-22 09:15,0.186669
2025-07-22 09:30,0.212522
2025-07-22 09:45,0.18851
2025-07-22 10:00,0.216832
2025-07-22 10:15,0.24357
2025-07-22 10:30,0.256199
2025-07-22 10:45,0.271431
2025-07-22 11:00,0.316381
2025-07-22 11:15,0.382426
2025-07-22 11:30,0.358142
2025-07-22 11:45,0.367569
2025-07-22 12:00,0.362165
2025-07-22 12:15,0.378304
2025-07-22 12:30,0.372532
2025-07-22 12:45,0.392766
2025-07-22 13:00,0.35107
2025-07-22 13:15,0.416368
2025-07-22 13:30,0.425516
2025-07-22 13:45,0.363474
2025-07-22 14:00,0.34067
2025-07-22 14:15,0.346062
2025-07-22 14:30,0.329349
2025-07-22 14:45,0.343132
2025-07-22 15:00,0.367123
2025-07-22 15:15,0.340759
2025-07-22 15:30,0.354144
2025-07-22 15:45,0.396489
2025-07-22 16:00,0.404187
2025-07-22 16:15,0.410362
2025-07-22 16:30,0.450802
2025-07-22 16:45,0.395939
2025-07-22 17:00,0.451662
2025-07-22 17:15,0.513358
2025-07-22 17:30,0.462806
2025-07-22 17:45,0.465387
2025-07-22 18:00,0.501257
2025-07-22 18:15,0.499299
2025-07-22 18:30,0.502925
2025-07-22 18:45,0.571866
2025-07-22 19:00,0.573964
2025-07-22 19:15,0.425018
2025-07-22 19:30,0.409336
2025-07-22 19:45,0.420183
2025-07-22 20:00,0.440256
2025-07-22 20:15,0.442642
2025-07-22 20:30,0.437532
2025-07-22 20:45,0.513957
2025-07-22 21:00,0.553823
2025-07-22 21:15,0.464974
2025-07-22 21:30,0.521622
2025-07-22 21:45,0.521374
2025-07-22 22:00,0.497713
2025-07-22 22:15,0.536747
2025-07-22 22:30,0.539139
2025-07-22 22:45,0.59172
2025-07-22 23:00,0.593987
2025-07-22 23:15,0.636461
2025-07-22 23:30,0.660965
2025-07-22 23:45,0.739673
2025-07-23 00:00,0.879745
2025-07-23 00:00,0.87484
2025-07-23 00:15,0.974714
2025-07-23 00:30,0.988265
2025-07-23 00:45,1.0
2025-07-23 01:00,0.839823
2025-07-23 01:15,0.83394
2025-07-23 01:30,0.829819
2025-07-23 01:45,0.896419
2025-07-23 02:00,0.815216
2025-07-23 02:15,0.825729
2025-07-23 02:30,0.770773
2025-07-23 02:45,0.713719
2025-07-23 03:00,0.629234
2025-07-23 03:15,0.616021
2025-07-23 03:30,0.647189
2025-07-23 03:45,0.58325
2025-07-23 04:00,0.569927
2025-07-23 04:15,0.476954
2025-07-23 04:30,0.576866
2025-07-23 04:45,0.454411
2025-07-23 05:00,0.396506
2025-07-23 05:15,0.399623
2025-07-23 05:30,0.344651
2025-07-23 05:45,0.333393
2025-07-23 06:00,0.302402
2025-07-23 06:15,0.297123
2025-07-23 06:30,0.25956
2025-07-23 06:45,0.267971
2025-07-23 07:00,0.265955
2025-07-23 07:15,0.230618
2025-07-23 07:30,0.214001
2025-07-23 07:45,0.203309
2025-07-23 08:00,0.179948
2025-07-23 08:15,0.175655
2025-07-23 08:30,0.174976
2025-07-23 08:45,0.174451
2025-07-23 09:00,0.174526
2025-07-23 09:15,0.179012
2025-07-23 09:30,0.164498
2025-07-23 09:45,0.182813
2025-07-23 10:00,0.209775
2025-07-23 10:15,0.231244
2025-07-23 10:30,0.282102
2025-07-23 10:45,0.299661
2025-07-23 11:00,0.302166
2025-07-23 11:15,0.319009
2025-07-23 11:30,0.382608
2025-07-23 11:45,0.403407
2025-07-23 12:00,0.375524
2025-07-23 12:15,0.370131
2025-07-23 12:30,0.362921
2025-07-23 12:45,0.35456
2025-07-23 13:00,0.396361
2025-07-23 13:15,0.379993
2025-07-23 13:30,0.366614
2025-07-23 13:45,0.336955
2025-07-23 14:00,0.338961
2025-07-23 14:15,0.356402
2025-07-23 14:30,0.375276
2025-07-23 14:45,0.37098
2025-07-23 15:00,0.384911
2025-07-23 15:15,0.357685
2025-07-23 15:30,0.384897
2025-07-23 15:45,0.383267
2025-07-23 16:00,0.413388
2025-07-23 16:15,0.398129
2025-07-23 16:30,0.418453
2025-07-23 16:45,0.422069
2025-07-23 17:00,0.430243
2025-07-23 17:15,0.432436
2025-07-23 17:30,0.437111
2025-07-23 17:45,0.479572
2025-07-23 18:00,0.523871
2025-07-23 18:15,0.447446
2025-07-23 18:30,0.505167
2025-07-23 18:45,0.531897
2025-07-23 19:00,0.498292
2025-07-23 19:15,0.495732
2025-07-23 19:30,0.493655
2025-07-23 19:45,0.463192
2025-07-23 20:00,0.567268
2025-07-23 20:15,0.456624
2025-07-23 20:30,0.474083
2025-07-23 20:45,0.48185
2025-07-23 21:00,0.447959
2025-07-23 21:15,0.458923
2025-07-23 21:30,0.458679
2025-07-23 21:45,0.46381
2025-07-23 22:00,0.493862
2025-07-23 22:15,0.505732
2025-07-23 22:30,0.531319
2025-07-23 22:45,0.514972
2025-07-23 23:00,0.535127
2025-07-23 23:15,0.558201
2025-07-23 23:30,0.5609
2025-07-23 23:45,0.658292
2025-07-24 00:00,0.815761
2025-07-24 00:15,0.793396
2025-07-24 00:30,0.775504
2025-07-24 00:45,0.794458
2025-07-24 01:00,0.81164
2025-07-24 01:15,0.70153
2025-07-24 01:30,0.728375
2025-07-24 01:45,0.744275
2025-07-24 02:00,0.678417
2025-07-24 02:15,0.701269
2025-07-24 02:30,0.680364
2025-07-24 02:45,0.709992
2025-07-24 03:00,0.584924
2025-07-24 03:15,0.523814
2025-07-24 03:30,0.522005
2025-07-24 03:45,0.483443
2025-07-24 04:00,0.494012
2025-07-24 04:15,0.433794
2025-07-24 04:30,0.419178
2025-07-24 04:45,0.393342
2025-07-24 05:00,0.379436
2025-07-24 05:15,0.41775
2025-07-24 05:30,0.351659
2025-07-24 05:45,0.325494
2025-07-24 06:00,0.299326
2025-07-24 06:15,0.251525
2025-07-24 06:30,0.257094
2025-07-24 06:45,0.26381
2025-07-24 07:00,0.224054
2025-07-24 07:15,0.203342
2025-07-24 07:30,0.194561
2025-07-24 07:45,0.174654
2025-07-24 08:00,0.194768
2025-07-24 08:15,0.160777
2025-07-24 08:30,0.154481
2025-07-24 08:45,0.156872
2025-07-24 09:00,0.156723
2025-07-24 09:15,0.133561
2025-07-24 09:30,0.154149
2025-07-24 09:45,0.182065
2025-07-24 10:00,0.182463
2025-07-24 10:15,0.196284
2025-07-24 10:30,0.244756
2025-07-24 10:45,0.292677
2025-07-24 11:00,0.34063
2025-07-24 11:15,0.313942
2025-07-24 11:30,0.336406
2025-07-24 11:45,0.366394
2025-07-24 12:00,0.362104
2025-07-24 12:15,0.337872
2025-07-24 12:30,0.373643
2025-07-24 12:45,0.35111
2025-07-24 13:00,0.344283
2025-07-24 13:15,0.34648
2025-07-24 13:30,0.341548
2025-07-24 13:45,0.331138
2025-07-24 14:00,0.338994
2025-07-24 14:15,0.341077
2025-07-24 14:30,0.34869
2025-07-24 14:45,0.363359
2025-07-24 15:00,0.343755
2025-07-24 15:15,0.352711
2025-07-24 15:30,0.412262
2025-07-24 15:45,0.391009
2025-07-24 16:00,0.393591
2025-07-24 16:15,0.486344
2025-07-24 16:30,0.441246
2025-07-24 16:45,0.431603
2025-07-24 17:00,0.455496
2025-07-24 17:15,0.504787
2025-07-24 17:30,0.463001
2025-07-24 17:45,0.488435
2025-07-24 18:00,0.487472
2025-07-24 18:15,0.509576
2025-07-24 18:30,0.583604
2025-07-24 18:45,0.447621
2025-07-24 19:00,0.456655
2025-07-24 19:15,0.457017
2025-07-24 19:30,0.440194
2025-07-24 19:45,0.443587
2025-07-24 20:00,0.493541
2025-07-24 20:15,0.438171
2025-07-24 20:30,0.414132
2025-07-24 20:45,0.422339
2025-07-24 21:00,0.409946
2025-07-24 21:15,0.404604
2025-07-24 21:30,0.475129
2025-07-24 21:45,0.498264
2025-07-24 22:00,0.473001
2025-07-24 22:15,0.520364
2025-07-24 22:30,0.549021
2025-07-24 22:45,0.520621
2025-07-24 23:00,0.56202
2025-07-24 23:15,0.560105
2025-07-24 23:30,0.603646
2025-07-24 23:45,0.641465
2025-07-25 00:00,0.880841
2025-07-25 00:15,0.901977
2025-07-25 00:30,0.835268
2025-07-25 00:45,0.828254
2025-07-25 01:00,0.83011
2025-07-25 01:15,0.730208
2025-07-25 01:30,0.793785
2025-07-25 01:45,0.772552
2025-07-25 02:00,0.80283
2025-07-25 02:15,0.688239
2025-07-25 02:30,0.691373
2025-07-25 02:45,0.638224
2025-07-25 03:00,0.660969
2025-07-25 03:15,0.586774
2025-07-25 03:30,0.557747
2025-07-25 03:45,0.573898
2025-07-25 04:00,0.501082
2025-07-25 04:15,0.51779
2025-07-25 04:30,0.42076
2025-07-25 04:45,0.393592
2025-07-25 05:00,0.367932
2025-07-25 05:15,0.356726
2025-07-25 05:30,0.343643
2025-07-25 05:45,0.344118
2025-07-25 06:00,0.277788
2025-07-25 06:15,0.27964
2025-07-25 06:30,0.263738
2025-07-25 06:45,0.247633
2025-07-25 07:00,0.250046
2025-07-25 07:15,0.234837
2025-07-25 07:30,0.239304
2025-07-25 07:45,0.226802
2025-07-25 08:00,0.197882
2025-07-25 08:15,0.202175
2025-07-25 08:30,0.164971
2025-07-25 08:45,0.178856
2025-07-25 09:00,0.177753
2025-07-25 09:15,0.205677
2025-07-25 09:30,0.204823
2025-07-25 09:45,0.186535
2025-07-25 10:00,0.31307
2025-07-25 10:15,0.312699
2025-07-25 10:30,0.314937
2025-07-25 10:45,0.309354
2025-07-25 11:00,0.326297
2025-07-25 11:15,0.349767
2025-07-25 11:30,0.363064
2025-07-25 11:45,0.380728
2025-07-25 12:00,0.374261
2025-07-25 12:15,0.378068
2025-07-25 12:30,0.352351
2025-07-25 12:45,0.395551
2025-07-25 13:00,0.353914
2025-07-25 13:15,0.360412
2025-07-25 13:30,0.331601
2025-07-25 13:45,0.321701
2025-07-25 14:00,0.348462
2025-07-25 14:15,0.339311
2025-07-25 14:30,0.366454
2025-07-25 14:45,0.320406
2025-07-25 15:00,0.355192
2025-07-25 15:15,0.374085
2025-07-25 15:30,0.372098
2025-07-25 15:45,0.36532
2025-07-25 16:00,0.34985
2025-07-25 16:15,0.377162
2025-07-25 16:30,0.366929
2025-07-25 16:45,0.371764
2025-07-25 17:00,0.396658
2025-07-25 17:15,0.407326
2025-07-25 17:30,0.413151
2025-07-25 17:45,0.440433
2025-07-25 18:00,0.418123
2025-07-25 18:15,0.459791
2025-07-25 18:30,0.496722
2025-07-25 18:45,0.427278
2025-07-25 19:00,0.423279
2025-07-25 19:15,0.491919
2025-07-25 19:30,0.38782
2025-07-25 19:45,0.413455
2025-07-25 20:00,0.422647
2025-07-25 20:15,0.443542
2025-07-25 20:30,0.444159
2025-07-25 20:45,0.47046
2025-07-25 21:00,0.447447
2025-07-25 21:15,0.478824
2025-07-25 21:30,0.396923
2025-07-25 21:45,0.459068
2025-07-25 22:00,0.437495
2025-07-25 22:15,0.475929
2025-07-25 22:30,0.511563
2025-07-25 22:45,0.505321
2025-07-25 23:00,0.531887
2025-07-25 23:15,0.547246
2025-07-25 23:30,0.574713
2025-07-25 23:45,0.625323
2025-07-26 00:00,0.720267
2025-07-26 00:15,0.759486
2025-07-26 00:30,0.781238
2025-07-26 00:45,0.779993
2025-07-26 01:00,0.734372
2025-07-26 01:15,0.770755
2025-07-26 01:30,0.680962
2025-07-26 01:45,0.770545
2025-07-26 02:00,0.718383
2025-07-26 02:15,0.710852
2025-07-26 02:30,0.658802
2025-07-26 02:45,0.646682
2025-07-26 03:00,0.604183
2025-07-26 03:15,0.611916
2025-07-26 03:30,0.53401
2025-07-26 03:45,0.581862
2025-07-26 04:00,0.537516
2025-07-26 04:15,0.496159
2025-07-26 04:30,0.507148
2025-07-26 04:45,0.466601
2025-07-26 05:00,0.400542
2025-07-26 05:15,0.388155
2025-07-26 05:30,0.372451
2025-07-26 05:45,0.332499
2025-07-26 06:00,0.327887
2025-07-26 06:15,0.27346
2025-07-26 06:30,0.280739
2025-07-26 06:45,0.270841
2025-07-26 07:00,0.226232
2025-07-26 07:15,0.233514
2025-07-26 07:30,0.207118
2025-07-26 07:45,0.195436
2025-07-26 08:00,0.199675
2025-07-26 08:15,0.207576
2025-07-26 08:30,0.17359
2025-07-26 08:45,0.175619
2025-07-26 09:00,0.190207
2025-07-26 09:15,0.170536
2025-07-26 09:30,0.189955
2025-07-26 09:45,0.186238
2025-07-26 10:00,0.216945
2025-07-26 10:15,0.228153
2025-07-26 10:30,0.243352
2025-07-26 10:45,0.218441
2025-07-26 11:00,0.252611
2025-07-26 11:15,0.295717
2025-07-26 11:30,0.302146
2025-07-26 11:45,0.304054
2025-07-26 12:00,0.331655
2025-07-26 12:15,0.328772
2025-07-26 12:30,0.450289
2025-07-26 12:45,0.417349
2025-07-26 13:00,0.395402
2025-07-26 13:15,0.379292
2025-07-26 13:30,0.384766
2025-07-26 13:45,0.368011
2025-07-26 14:00,0.408394
2025-07-26 14:15,0.366764
2025-07-26 14:30,0.349247
2025-07-26 14:45,0.385226
2025-07-26 15:00,0.350184
2025-07-26 15:15,0.356743
2025-07-26 15:30,0.37397
2025-07-26 15:45,0.350954
2025-07-26 16:00,0.327969
2025-07-26 16:15,0.370068
2025-07-26 16:30,0.348749
2025-07-26 16:45,0.354149
2025-07-26 17:00,0.414194
2025-07-26 17:15,0.351116
2025-07-26 17:30,0.403516
2025-07-26 17:45,0.408913
2025-07-26 18:00,0.414916
2025-07-26 18:15,0.435001
2025-07-26 18:30,0.437535
2025-07-26 18:45,0.439806
2025-07-26 19:00,0.413539
2025-07-26 19:15,0.43385
2025-07-26 19:30,0.476842
2025-07-26 19:45,0.440738
2025-07-26 20:00,0.441915
2025-07-26 20:15,0.420454
2025-07-26 20:30,0.447899
2025-07-26 20:45,0.472009
2025-07-26 21:00,0.440006
2025-07-26 21:15,0.449366
2025-07-26 21:30,0.467731
2025-07-26 21:45,0.535073
2025-07-26 22:00,0.471289
2025-07-26 22:15,0.503124
2025-07-26 22:30,0.547366
2025-07-26 22:45,0.504323
2025-07-26 23:00,0.551367
2025-07-26 23:15,0.555043
2025-07-26 23:30,0.587155
2025-07-26 23:45,0.629394
2025-07-27 00:00,0.706627
2025-07-27 00:15,0.811662
2025-07-27 00:30,0.812516
2025-07-27 00:45,0.801789
2025-07-27 01:00,0.863975
2025-07-27 01:15,0.759804
2025-07-27 01:30,0.764939
2025-07-27 01:45,0.774752
2025-07-27 02:00,0.638093
2025-07-27 02:15,0.635029
2025-07-27 02:30,0.629138
2025-07-27 02:45,0.627894
2025-07-27 03:00,0.605448
2025-07-27 03:15,0.596644
2025-07-27 03:30,0.576353
2025-07-27 03:45,0.542511
2025-07-27 04:00,0.543557
2025-07-27 04:15,0.521572
2025-07-27 04:30,0.484649
2025-07-27 04:45,0.449172
2025-07-27 05:00,0.393941
2025-07-27 05:15,0.360896
2025-07-27 05:30,0.409679
2025-07-27 05:45,0.31902
2025-07-27 06:00,0.336053
2025-07-27 06:15,0.271912
2025-07-27 06:30,0.307
2025-07-27 06:45,0.243798
2025-07-27 07:00,0.246308
2025-07-27 07:15,0.234864
2025-07-27 07:30,0.235715
2025-07-27 07:45,0.212309
2025-07-27 08:00,0.185373
2025-07-27 08:15,0.189654
2025-07-27 08:30,0.212108
2025-07-27 08:45,0.165387
2025-07-27 09:00,0.172936
2025-07-27 09:15,0.157132
2025-07-27 09:30,0.15403
2025-07-27 09:45,0.166336
2025-07-27 10:00,0.211168
2025-07-27 10:15,0.205949
2025-07-27 10:30,0.229034
2025-07-27 10:45,0.219089
2025-07-27 11:00,0.252924
2025-07-27 11:15,0.265708
2025-07-27 11:30,0.299282
2025-07-27 11:45,0.284248
2025-07-27 12:00,0.324066
2025-07-27 12:15,0.305171
2025-07-27 12:30,0.346863
2025-07-27 12:45,0.357565
2025-07-27 13:00,0.395689
2025-07-27 13:15,0.412251
2025-07-27 13:30,0.410666
2025-07-27 13:45,0.436601
2025-07-27 14:00,0.4469
2025-07-27 14:15,0.45322
2025-07-27 14:30,0.506645
2025-07-27 14:45,0.448411
2025-07-27 15:00,0.450947
2025-07-27 15:15,0.436583
2025-07-27 15:30,0.509095
2025-07-27 15:45,0.479477
2025-07-27 16:00,0.50239
2025-07-27 16:15,0.428331
2025-07-27 16:30,0.389981
2025-07-27 16:45,0.46909
2025-07-27 17:00,0.445656
2025-07-27 17:15,0.427276
2025-07-27 17:30,0.445271
2025-07-27 17:45,0.540294
2025-07-27 18:00,0.555947
2025-07-27 18:15,0.501749
2025-07-27 18:30,0.473364
2025-07-27 18:45,0.456104
2025-07-27 19:00,0.50143
2025-07-27 19:15,0.520785
2025-07-27 19:30,0.504054
2025-07-27 19:45,0.513029
2025-07-27 20:00,0.4879
2025-07-27 20:15,0.496432
2025-07-27 20:30,0.55252
2025-07-27 20:45,0.505261
2025-07-27 21:00,0.521172
2025-07-27 21:15,0.525469
2025-07-27 21:30,0.641726
2025-07-27 21:45,0.610362
2025-07-27 22:00,0.629207
2025-07-27 22:15,0.563707
2025-07-27 22:30,0.54121
2025-07-27 22:45,0.563867
2025-07-27 23:00,0.54547
2025-07-27 23:15,0.621471
2025-07-27 23:30,0.644298
2025-07-27 23:45,0.683991
2025-07-28 00:00,0.771939
2025-07-28 00:15,0.87953
2025-07-28 00:30,0.685764
2025-07-28 00:45,0.726705
2025-07-28 01:00,0.702141
2025-07-28 01:15,0.801765
2025-07-28 01:30,0.706304
2025-07-28 01:45,0.744666
2025-07-28 02:00,0.681349
2025-07-28 02:15,0.701351
2025-07-28 02:30,0.704973
2025-07-28 02:45,0.806729
2025-07-28 03:00,0.74268
2025-07-28 03:15,0.715598
2025-07-28 03:30,0.613259
2025-07-28 03:45,0.597457
2025-07-28 04:00,0.557301
2025-07-28 04:15,0.507344
2025-07-28 04:30,0.442071
2025-07-28 04:45,0.405996
2025-07-28 05:00,0.364465
2025-07-28 05:15,0.359296
2025-07-28 05:30,0.314779
2025-07-28 05:45,0.317456
2025-07-28 06:00,0.289707
2025-07-28 06:15,0.287519
2025-07-28 06:30,0.277109
2025-07-28 06:45,0.240165
2025-07-28 07:00,0.211754
2025-07-28 07:15,0.194649
2025-07-28 07:30,0.19213
2025-07-28 07:45,0.191078
2025-07-28 08:00,0.173223
2025-07-28 08:15,0.170634
2025-07-28 08:30,0.145273
2025-07-28 08:45,0.150856
2025-07-28 09:00,0.16785
2025-07-28 09:15,0.157205
2025-07-28 09:30,0.164504
2025-07-28 09:45,0.189703
2025-07-28 10:00,0.190769
2025-07-28 10:15,0.207534
2025-07-28 10:30,0.268252
2025-07-28 10:45,0.296736
2025-07-28 11:00,0.313819
2025-07-28 11:15,0.353412
2025-07-28 11:30,0.394464
2025-07-28 11:45,0.36102
2025-07-28 12:00,0.355372
2025-07-28 12:15,0.362711
2025-07-28 12:30,0.374344
2025-07-28 12:45,0.392434
2025-07-28 13:00,0.398618
2025-07-28 13:15,0.370837
2025-07-28 13:30,0.386215
2025-07-28 13:45,0.341458
2025-07-28 14:00,0.335341
2025-07-28 14:15,0.458677
2025-07-28 14:30,0.369471
2025-07-28 14:45,0.347221
2025-07-28 15:00,0.37077
2025-07-28 15:15,0.40961
2025-07-28 15:30,0.406796
2025-07-28 15:45,0.420237
2025-07-28 16:00,0.393792
2025-07-28 16:15,0.415005
2025-07-28 16:30,0.430893
2025-07-28 16:45,0.422506
2025-07-28 17:00,0.423671
2025-07-28 17:15,0.446583
2025-07-28 17:30,0.466543
2025-07-28 17:45,0.49365
2025-07-28 18:00,0.464846
2025-07-28 18:15,0.463519
2025-07-28 18:30,0.455785
2025-07-28 18:45,0.536232
2025-07-28 19:00,0.468378
2025-07-28 19:15,0.479376
2025-07-28 19:30,0.506817
2025-07-28 19:45,0.46823
2025-07-28 20:00,0.438583
2025-07-28 20:15,0.436307
2025-07-28 20:30,0.523847
2025-07-28 20:45,0.594955
2025-07-28 21:00,0.610879
2025-07-28 21:15,0.518644
2025-07-28 21:30,0.492276
2025-07-28 21:45,0.54011
2025-07-28 22:00,0.555127
2025-07-28 22:15,0.54227
2025-07-28 22:30,0.508377
2025-07-28 22:45,0.513016
2025-07-28 23:00,0.530606
2025-07-28 23:15,0.60151
2025-07-28 23:30,0.616231
2025-07-28 23:45,0.685466
2025-07-29 00:00,0.788525
2025-07-29 00:15,0.860918
2025-07-29 00:30,0.875762
2025-07-29 00:45,0.83694
2025-07-29 01:00,0.880654
2025-07-29 01:15,0.846778
2025-07-29 01:30,0.843582
2025-07-29 01:45,0.765696
2025-07-29 02:00,0.799096
2025-07-29 02:15,0.785863
2025-07-29 02:30,0.753967
2025-07-29 02:45,0.778348
2025-07-29 03:00,0.729216
2025-07-29 03:15,0.662808
2025-07-29 03:30,0.595122
2025-07-29 03:45,0.583353
2025-07-29 04:00,0.581662
2025-07-29 04:15,0.538092
2025-07-29 04:30,0.481649
2025-07-29 04:45,0.435462
2025-07-29 05:00,0.416444
2025-07-29 05:15,0.383088
2025-07-29 05:30,0.353332
2025-07-29 05:45,0.327123
2025-07-29 06:00,0.356003
2025-07-29 06:15,0.260287
2025-07-29 06:30,0.280818
2025-07-29 06:45,0.302178
2025-07-29 07:00,0.258236
2025-07-29 07:15,0.23544
2025-07-29 07:30,0.188687
2025-07-29 07:45,0.210542
2025-07-29 08:00,0.190105
2025-07-29 08:15,0.219173
2025-07-29 08:30,0.236936
2025-07-29 08:45,0.183565
2025-07-29 09:00,0.193308
2025-07-29 09:15,0.201463
2025-07-29 09:30,0.206283
2025-07-29 09:45,0.192721
2025-07-29 10:00,0.221065
2025-07-29 10:15,0.262217
2025-07-29 10:30,0.279666
2025-07-29 10:45,0.319606
2025-07-29 11:00,0.338634
2025-07-29 11:15,0.348229
2025-07-29 11:30,0.383909
2025-07-29 11:45,0.403828
2025-07-29 12:00,0.355524
2025-07-29 12:15,0.418102
2025-07-29 12:30,0.389884
2025-07-29 12:45,0.372691
2025-07-29 13:00,0.337674
2025-07-29 13:15,0.34414
2025-07-29 13:30,0.335374
2025-07-29 13:45,0.330509
2025-07-29 14:00,0.320889
2025-07-29 14:15,0.363445
2025-07-29 14:30,0.33145
2025-07-29 14:45,0.2495
2025-07-29 15:00,0.253403
2025-07-29 15:15,0.315297
2025-07-29 15:30,0.302173
2025-07-29 15:45,0.259033
2025-07-29 16:00,0.266066
2025-07-29 16:15,0.29575
2025-07-29 16:30,0.451563
2025-07-29 16:45,0.460851
2025-07-29 17:00,0.519312
2025-07-29 17:15,0.560525
2025-07-29 17:30,0.403745
2025-07-29 17:45,0.459037
2025-07-29 18:00,0.463578
2025-07-29 18:15,0.517241
2025-07-29 18:30,0.483444
2025-07-29 18:45,0.529476
2025-07-29 19:00,0.471801
2025-07-29 19:15,0.496013
2025-07-29 19:30,0.436028
2025-07-29 19:45,0.453978
2025-07-29 20:00,0.417879
2025-07-29 20:15,0.421411
2025-07-29 20:30,0.430055
2025-07-29 20:45,0.548723
2025-07-29 21:00,0.548657
2025-07-29 21:15,0.501321
2025-07-29 21:30,0.589855
2025-07-29 21:45,0.552625
2025-07-29 22:00,0.570686
2025-07-29 22:15,0.562644
2025-07-29 22:30,0.536461
2025-07-29 22:45,0.53856
2025-07-29 23:00,0.550911
2025-07-29 23:15,0.590905
2025-07-29 23:30,0.62227
2025-07-29 23:45,0.707647
2025-07-30 00:00,0.805443
2025-07-30 00:00,0.814333
2025-07-30 00:15,0.852551
2025-07-30 00:30,0.859665
2025-07-30 00:45,1.0
2025-07-30 01:00,0.8998
2025-07-30 01:15,0.904581
2025-07-30 01:30,0.753806
2025-07-30 01:45,0.784224
2025-07-30 02:00,0.78087
2025-07-30 02:15,0.793544
2025-07-30 02:30,0.659991
2025-07-30 02:45,0.670983
2025-07-30 03:00,0.643249
2025-07-30 03:15,0.602734
2025-07-30 03:30,0.589124
2025-07-30 03:45,0.489881
2025-07-30 04:00,0.506421
2025-07-30 04:15,0.503465
2025-07-30 04:30,0.428776
2025-07-30 04:45,0.413499
2025-07-30 05:00,0.377065
2025-07-30 05:15,0.38046
2025-07-30 05:30,0.343885
2025-07-30 05:45,0.318323
2025-07-30 06:00,0.278505
2025-07-30 06:15,0.293418
2025-07-30 06:30,0.236178
2025-07-30 06:45,0.248992
2025-07-30 07:00,0.231155
2025-07-30 07:15,0.224159
2025-07-30 07:30,0.217563
2025-07-30 07:45,0.212302
2025-07-30 08:00,0.184861
2025-07-30 08:15,0.187088
2025-07-30 08:30,0.150288
2025-07-30 08:45,0.154704
2025-07-30 09:00,0.177477
2025-07-30 09:15,0.170856
2025-07-30 09:30,0.180276
2025-07-30 09:45,0.18937
2025-07-30 10:00,0.199783
2025-07-30 10:15,0.251903
2025-07-30 10:30,0.302489
2025-07-30 10:45,0.304502
2025-07-30 11:00,0.326771
2025-07-30 11:15,0.325279
2025-07-30 11:30,0.30669
2025-07-30 11:45,0.344839
2025-07-30 12:00,0.372715
2025-07-30 12:15,0.360884
2025-07-30 12:30,0.348237
2025-07-30 12:45,0.383842
2025-07-30 13:00,0.404333
2025-07-30 13:15,0.391387
2025-07-30 13:30,0.354652
2025-07-30 13:45,0.320472
2025-07-30 14:00,0.336583
2025-07-30 14:15,0.310644
2025-07-30 14:30,0.322269
2025-07-30 14:45,0.327174
2025-07-30 15:00,0.341225
2025-07-30 15:15,0.33376
2025-07-30 15:30,0.352952
2025-07-30 15:45,0.377582
2025-07-30 16:00,0.366186
2025-07-30 16:15,0.407093
2025-07-30 16:30,0.463222
2025-07-30 16:45,0.421808
2025-07-30 17:00,0.414202
2025-07-30 17:15,0.423033
2025-07-30 17:30,0.448519
2025-07-30 17:45,0.42072
2025-07-30 18:00,0.447643
2025-07-30 18:15,0.438105
2025-07-30 18:30,0.44729
2025-07-30 18:45,0.473911
2025-07-30 19:00,0.474382
2025-07-30 19:15,0.462726
2025-07-30 19:30,0.457245
2025-07-30 19:45,0.455566
2025-07-30 20:00,0.463348
2025-07-30 20:15,0.447016
2025-07-30 20:30,0.425282
2025-07-30 20:45,0.46542
2025-07-30 21:00,0.466975
2025-07-30 21:15,0.465113
2025-07-30 21:30,0.467335
2025-07-30 21:45,0.444972
2025-07-30 22:00,0.492586
2025-07-30 22:15,0.548341
2025-07-30 22:30,0.56329
2025-07-30 22:45,0.562237
2025-07-30 23:00,0.547402
2025-07-30 23:15,0.588768
2025-07-30 23:30,0.633098
2025-07-30 23:45,0.703734
2025-07-31 00:00,0.887319
2025-07-31 00:15,0.905498
2025-07-31 00:30,0.900841
2025-07-31 00:45,0.958938
2025-07-31 01:00,0.845141
2025-07-31 01:15,0.787716
2025-07-31 01:30,0.821391
2025-07-31 01:45,0.766228
2025-07-31 02:00,0.807921
2025-07-31 02:15,0.804437
2025-07-31 02:30,0.768957
2025-07-31 02:45,0.702901
2025-07-31 03:00,0.623824
2025-07-31 03:15,0.702206
2025-07-31 03:30,0.657204
2025-07-31 03:45,0.634225
2025-07-31 04:00,0.573166
2025-07-31 04:15,0.544517
2025-07-31 04:30,0.437604
2025-07-31 04:45,0.463186
2025-07-31 05:00,0.42614
2025-07-31 05:15,0.363213
2025-07-31 05:30,0.345211
2025-07-31 05:45,0.311978
2025-07-31 06:00,0.285264
2025-07-31 06:15,0.291525
2025-07-31 06:30,0.236789
2025-07-31 06:45,0.259544
2025-07-31 07:00,0.280455
2025-07-31 07:15,0.276646
2025-07-31 07:30,0.225144
2025-07-31 07:45,0.202758
2025-07-31 08:00,0.219371
2025-07-31 08:15,0.215667
2025-07-31 08:30,0.186218
2025-07-31 08:45,0.155614
2025-07-31 09:00,0.175945
2025-07-31 09:15,0.168673
2025-07-31 09:30,0.19993
2025-07-31 09:45,0.2065
2025-07-31 10:00,0.230961
2025-07-31 10:15,0.252258
2025-07-31 10:30,0.254726
2025-07-31 10:45,0.319076
2025-07-31 11:00,0.364676
2025-07-31 11:15,0.360022
2025-07-31 11:30,0.417403
2025-07-31 11:45,0.361808
2025-07-31 12:00,0.419736
2025-07-31 12:15,0.406789
2025-07-31 12:30,0.41976
2025-07-31 12:45,0.447096
2025-07-31 13:00,0.413149
2025-07-31 13:15,0.463515
2025-07-31 13:30,0.399486
2025-07-31 13:45,0.460869
2025-07-31 14:00,0.396457
2025-07-31 14:15,0.387147
2025-07-31 14:30,0.32818
2025-07-31 14:45,0.346422
2025-07-31 15:00,0.363238
2025-07-31 15:15,0.340947
2025-07-31 15:30,0.270234
2025-07-31 15:45,0.398715
2025-07-31 16:00,0.376548
2025-07-31 16:15,0.409106
2025-07-31 16:30,0.359103
2025-07-31 16:45,0.371975
2025-07-31 17:00,0.360172
2025-07-31 17:15,0.413236
2025-07-31 17:30,0.415272
2025-07-31 17:45,0.490747
2025-07-31 18:00,0.509261
2025-07-31 18:15,0.480928
2025-07-31 18:30,0.482209
2025-07-31 18:45,0.508199
2025-07-31 19:00,0.495496
2025-07-31 19:15,0.47123
2025-07-31 19:30,0.46365
2025-07-31 19:45,0.490924
2025-07-31 20:00,0.481464
2025-07-31 20:15,0.514252
2025-07-31 20:30,0.467207
2025-07-31 20:45,0.476396
2025-07-31 21:00,0.495053
2025-07-31 21:15,0.456465
2025-07-31 21:30,0.497556
2025-07-31 21:45,0.4942
2025-07-31 22:00,0.551229
2025-07-31 22:15,0.533972
2025-07-31 22:30,0.549795
2025-07-31 22:45,0.592967
2025-07-31 23:00,0.571516
2025-07-31 23:15,0.651801
2025-07-31 23:30,0.625573
2025-07-31 23:45,0.673636
2025-08-01 00:00,0.767361
2025-08-01 00:15,0.78716
2025-08-01 00:30,0.810822
2025-08-01 00:45,0.846183
2025-08-01 01:00,0.884977
2025-08-01 01:15,0.75194
2025-08-01 01:30,0.73399
2025-08-01 01:45,0.817103
2025-08-01 02:00,0.836273
2025-08-01 02:15,0.733336
2025-08-01 02:30,0.714542
2025-08-01 02:45,0.707623
2025-08-01 03:00,0.646878
2025-08-01 03:15,0.613556
2025-08-01 03:30,0.593589
2025-08-01 03:45,0.570834
2025-08-01 04:00,0.499343
2025-08-01 04:15,0.523304
2025-08-01 04:30,0.495287
2025-08-01 04:45,0.429477
2025-08-01 05:00,0.436539
2025-08-01 05:15,0.36024
2025-08-01 05:30,0.321928
2025-08-01 05:45,0.302716
2025-08-01 06:00,0.275975
2025-08-01 06:15,0.265748
2025-08-01 06:30,0.269171
2025-08-01 06:45,0.238415
2025-08-01 07:00,0.228354
2025-08-01 07:15,0.231035
2025-08-01 07:30,0.205835
2025-08-01 07:45,0.196614
2025-08-01 08:00,0.298154
2025-08-01 08:15,0.207525
2025-08-01 08:30,0.174906
2025-08-01 08:45,0.152959
2025-08-01 09:00,0.162963
2025-08-01 09:15,0.157889
2025-08-01 09:30,0.163883
2025-08-01 09:45,0.165498
2025-08-01 10:00,0.185589
2025-08-01 10:15,0.215
2025-08-01 10:30,0.250637
2025-08-01 10:45,0.271099
2025-08-01 11:00,0.310831
2025-08-01 11:15,0.317653
2025-08-01 11:30,0.340376
2025-08-01 11:45,0.372977
2025-08-01 12:00,0.355534
2025-08-01 12:15,0.347127
2025-08-01 12:30,0.32336
2025-08-01 12:45,0.371059
2025-08-01 13:00,0.342293
2025-08-01 13:15,0.369206
2025-08-01 13:30,0.35127
2025-08-01 13:45,0.323774
2025-08-01 14:00,0.3298
2025-08-01 14:15,0.398337
2025-08-01 14:30,0.382362
2025-08-01 14:45,0.362528
2025-08-01 15:00,0.375206
2025-08-01 15:15,0.377407
2025-08-01 15:30,0.390286
2025-08-01 15:45,0.402575
2025-08-01 16:00,0.421478
2025-08-01 16:15,0.418657
2025-08-01 16:30,0.43201
2025-08-01 16:45,0.433667
2025-08-01 17:00,0.427706
2025-08-01 17:15,0.419499
2025-08-01 17:30,0.411228
2025-08-01 17:45,0.456301
2025-08-01 18:00,0.455862
2025-08-01 18:15,0.437494
2025-08-01 18:30,0.440064
2025-08-01 18:45,0.466553
2025-08-01 19:00,0.484055
2025-08-01 19:15,0.475416
2025-08-01 19:30,0.442491
2025-08-01 19:45,0.426409
2025-08-01 20:00,0.458598
2025-08-01 20:15,0.4587
2025-08-01 20:30,0.483816
2025-08-01 20:45,0.474099
2025-08-01 21:00,0.449478
2025-08-01 21:15,0.45366
2025-08-01 21:30,0.471034
2025-08-01 21:45,0.46242
2025-08-01 22:00,0.492057
2025-08-01 22:15,0.474215
2025-08-01 22:30,0.464959
2025-08-01 22:45,0.516728
2025-08-01 23:00,0.532486
2025-08-01 23:15,0.556126
2025-08-01 23:30,0.62203
2025-08-01 23:45,0.675893
2025-08-02 00:00,0.814375
2025-08-02 00:15,0.821818
2025-08-02 00:30,0.838997
2025-08-02 00:45,0.749279
2025-08-02 01:00,0.786032
2025-08-02 01:15,0.756156
2025-08-02 01:30,0.655135
2025-08-02 01:45,0.679024
2025-08-02 02:00,0.691475
2025-08-02 02:15,0.703538
2025-08-02 02:30,0.67085
2025-08-02 02:45,0.615167
2025-08-02 03:00,0.610845
2025-08-02 03:15,0.587114
2025-08-02 03:30,0.577983
2025-08-02 03:45,0.570298
2025-08-02 04:00,0.550206
2025-08-02 04:15,0.501572
2025-08-02 04:30,0.497826
2025-08-02 04:45,0.446082
2025-08-02 05:00,0.422454
2025-08-02 05:15,0.406861
2025-08-02 05:30,0.393622
2025-08-02 05:45,0.337982
2025-08-02 06:00,0.334056
2025-08-02 06:15,0.322156
2025-08-02 06:30,0.264742
2025-08-02 06:45,0.23074
2025-08-02 07:00,0.229104
2025-08-02 07:15,0.196301
2025-08-02 07:30,0.203066
2025-08-02 07:45,0.207446
2025-08-02 08:00,0.188178
2025-08-02 08:15,0.196302
2025-08-02 08:30,0.187062
2025-08-02 08:45,0.151211
2025-08-02 09:00,0.188996
2025-08-02 09:15,0.163533
2025-08-02 09:30,0.150874
2025-08-02 09:45,0.157943
2025-08-02 10:00,0.171425
2025-08-02 10:15,0.183545
2025-08-02 10:30,0.213542
2025-08-02 10:45,0.24083
2025-08-02 11:00,0.262636
2025-08-02 11:15,0.254711
2025-08-02 11:30,0.308285
2025-08-02 11:45,0.272268
2025-08-02 12:00,0.30782
2025-08-02 12:15,0.321822
2025-08-02 12:30,0.331879
2025-08-02 12:45,0.290503
2025-08-02 13:00,0.328578
2025-08-02 13:15,0.321793
2025-08-02 13:30,0.334785
2025-08-02 13:45,0.344445
2025-08-02 14:00,0.349005
2025-08-02 14:15,0.369644
2025-08-02 14:30,0.390094
2025-08-02 14:45,0.386071
2025-08-02 15:00,0.400485
2025-08-02 15:15,0.348048
2025-08-02 15:30,0.343558
2025-08-02 15:45,0.334225
2025-08-02 16:00,0.417849
2025-08-02 16:15,0.416534
2025-08-02 16:30,0.411338
2025-08-02 16:45,0.452978
2025-08-02 17:00,0.416799
2025-08-02 17:15,0.418497
2025-08-02 17:30,0.401674
2025-08-02 17:45,0.471073
2025-08-02 18:00,0.454911
2025-08-02 18:15,0.427471
2025-08-02 18:30,0.428419
2025-08-02 18:45,0.417429
2025-08-02 19:00,0.437561
2025-08-02 19:15,0.489216
2025-08-02 19:30,0.450927
2025-08-02 19:45,0.431667
2025-08-02 20:00,0.428638
2025-08-02 20:15,0.420924
2025-08-02 20:30,0.498293
2025-08-02 20:45,0.489199
2025-08-02 21:00,0.498262
2025-08-02 21:15,0.50066
2025-08-02 21:30,0.475233
2025-08-02 21:45,0.49149
2025-08-02 22:00,0.518968
2025-08-02 22:15,0.472774
2025-08-02 22:30,0.51122
2025-08-02 22:45,0.52453
2025-08-02 23:00,0.531513
2025-08-02 23:15,0.566094
2025-08-02 23:30,0.563923
2025-08-02 23:45,0.615959
2025-08-03 00:00,0.721496
2025-08-03 00:15,0.786656
2025-08-03 00:30,0.752738
2025-08-03 00:45,0.762517
2025-08-03 01:00,0.90724
2025-08-03 01:15,0.844866
2025-08-03 01:30,0.818832
2025-08-03 01:45,0.76993
2025-08-03 02:00,0.749376
2025-08-03 02:15,0.717484
2025-08-03 02:30,0.659866
2025-08-03 02:45,0.618495
2025-08-03 03:00,0.626071
2025-08-03 03:15,0.644522
2025-08-03 03:30,0.583502
2025-08-03 03:45,0.547216
2025-08-03 04:00,0.530102
2025-08-03 04:15,0.536094
2025-08-03 04:30,0.462278
2025-08-03 04:45,0.498904
2025-08-03 05:00,0.413904
2025-08-03 05:15,0.385151
2025-08-03 05:30,0.397019
2025-08-03 05:45,0.372929
2025-08-03 06:00,0.350182
2025-08-03 06:15,0.310962
2025-08-03 06:30,0.290811
2025-08-03 06:45,0.305013
2025-08-03 07:00,0.282869
2025-08-03 07:15,0.278825
2025-08-03 07:30,0.261124
2025-08-03 07:45,0.278447
2025-08-03 08:00,0.24614
2025-08-03 08:15,0.219527
2025-08-03 08:30,0.215264
2025-08-03 08:45,0.227785
2025-08-03 09:00,0.22771
2025-08-03 09:15,0.200471
2025-08-03 09:30,0.192823
2025-08-03 09:45,0.180388
2025-08-03 10:00,0.180184
2025-08-03 10:15,0.194321
2025-08-03 10:30,0.212487
2025-08-03 10:45,0.222903
2025-08-03 11:00,0.231256
2025-08-03 11:15,0.245397
2025-08-03 11:30,0.264534
2025-08-03 11:45,0.281642
2025-08-03 12:00,0.288101
2025-08-03 12:15,0.302148
2025-08-03 12:30,0.316816
2025-08-03 12:45,0.344191
2025-08-03 13:00,0.426177
2025-08-03 13:15,0.381642
2025-08-03 13:30,0.379728
2025-08-03 13:45,0.402945
2025-08-03 14:00,0.422004
2025-08-03 14:15,0.461103
2025-08-03 14:30,0.445917
2025-08-03 14:45,0.452338
2025-08-03 15:00,0.422951
2025-08-03 15:15,0.443192
2025-08-03 15:30,0.41376
2025-08-03 15:45,0.416256
2025-08-03 16:00,0.377661
2025-08-03 16:15,0.42185
2025-08-03 16:30,0.418678
2025-08-03 16:45,0.477868
2025-08-03 17:00,0.448824
2025-08-03 17:15,0.488057
2025-08-03 17:30,0.507787
2025-08-03 17:45,0.534707
2025-08-03 18:00,0.529263
2025-08-03 18:15,0.564343
2025-08-03 18:30,0.49793
2025-08-03 18:45,0.51618
2025-08-03 19:00,0.509416
2025-08-03 19:15,0.550862
2025-08-03 19:30,0.533925
2025-08-03 19:45,0.586753
2025-08-03 20:00,0.567223
2025-08-03 20:15,0.571291
2025-08-03 20:30,0.575192
2025-08-03 20:45,0.573746
2025-08-03 21:00,0.589783
2025-08-03 21:15,0.618981
2025-08-03 21:30,0.681402
2025-08-03 21:45,0.644056
2025-08-03 22:00,0.592881
2025-08-03 22:15,0.642349
2025-08-03 22:30,0.639705
2025-08-03 22:45,0.639966
2025-08-03 23:00,0.578214
2025-08-03 23:15,0.584205
2025-08-03 23:30,0.596589
2025-08-03 23:45,0.651911
2025-08-04 00:00,0.803359
2025-08-04 00:15,0.832751
2025-08-04 00:30,0.840927
2025-08-04 00:45,0.748939
2025-08-04 01:00,0.740821
2025-08-04 01:15,0.784221
2025-08-04 01:30,0.810489
2025-08-04 01:45,0.733491
2025-08-04 02:00,0.648609
2025-08-04 02:15,0.678902
2025-08-04 02:30,0.642285
2025-08-04 02:45,0.631012
2025-08-04 03:00,0.655626
2025-08-04 03:15,0.631146
2025-08-04 03:30,0.560179
2025-08-04 03:45,0.534686
2025-08-04 04:00,0.46527
2025-08-04 04:15,0.458054
2025-08-04 04:30,0.45248
2025-08-04 04:45,0.444711
2025-08-04 05:00,0.405101
2025-08-04 05:15,0.381807
2025-08-04 05:30,0.356338
2025-08-04 05:45,0.324721
2025-08-04 06:00,0.320868
2025-08-04 06:15,0.369295
2025-08-04 06:30,0.383032
2025-08-04 06:45,0.305011
2025-08-04 07:00,0.237471
2025-08-04 07:15,0.222812
2025-08-04 07:30,0.210907
2025-08-04 07:45,0.183925
2025-08-04 08:00,0.174875
2025-08-04 08:15,0.173753
2025-08-04 08:30,0.164369
2025-08-04 08:45,0.157856
2025-08-04 09:00,0.173496
2025-08-04 09:15,0.151486
2025-08-04 09:30,0.170684
2025-08-04 09:45,0.176562
2025-08-04 10:00,0.202108
2025-08-04 10:15,0.231713
2025-08-04 10:30,0.278272
2025-08-04 10:45,0.326759
2025-08-04 11:00,0.355856
2025-08-04 11:15,0.356499
2025-08-04 11:30,0.398293
2025-08-04 11:45,0.412177
2025-08-04 12:00,0.403142
2025-08-04 12:15,0.405622
2025-08-04 12:30,0.416169
2025-08-04 12:45,0.416603
2025-08-04 13:00,0.405739
2025-08-04 13:15,0.411107
2025-08-04 13:30,0.413753
2025-08-04 13:45,0.464951
2025-08-04 14:00,0.406612
2025-08-04 14:15,0.414651
2025-08-04 14:30,0.418749
2025-08-04 14:45,0.431761
2025-08-04 15:00,0.433189
2025-08-04 15:15,0.441306
2025-08-04 15:30,0.477835
2025-08-04 15:45,0.491054
2025-08-04 16:00,0.50357
2025-08-04 16:15,0.444237
2025-08-04 16:30,0.462529
2025-08-04 16:45,0.485677
2025-08-04 17:00,0.499282
2025-08-04 17:15,0.50877
2025-08-04 17:30,0.483954
2025-08-04 17:45,0.503114
2025-08-04 18:00,0.475239
2025-08-04 18:15,0.485126
2025-08-04 18:30,0.50633
2025-08-04 18:45,0.486594
2025-08-04 19:00,0.517891
2025-08-04 19:15,0.519723
2025-08-04 19:30,0.488922
2025-08-04 19:45,0.531211
2025-08-04 20:00,0.477897
2025-08-04 20:15,0.4753
2025-08-04 20:30,0.461346
2025-08-04 20:45,0.47911
2025-08-04 21:00,0.488883
2025-08-04 21:15,0.546846
2025-08-04 21:30,0.500421
2025-08-04 21:45,0.494515
2025-08-04 22:00,0.535389
2025-08-04 22:15,0.573499
2025-08-04 22:30,0.585436
2025-08-04 22:45,0.596339
2025-08-04 23:00,0.560592
2025-08-04 23:15,0.61338
2025-08-04 23:30,0.629875
2025-08-04 23:45,0.677971
2025-08-05 00:00,0.913945
2025-08-05 00:15,0.973818
2025-08-05 00:30,0.896315
2025-08-05 00:45,0.907551
2025-08-05 01:00,0.916736
2025-08-05 01:15,0.829962
2025-08-05 01:30,0.815097
2025-08-05 01:45,0.791241
2025-08-05 02:00,0.782851
2025-08-05 02:15,0.745576
2025-08-05 02:30,0.76158
2025-08-05 02:45,0.741848
2025-08-05 03:00,0.730381
2025-08-05 03:15,0.681564
2025-08-05 03:30,0.682274
2025-08-05 03:45,0.642584
2025-08-05 04:00,0.597903
2025-08-05 04:15,0.554138
2025-08-05 04:30,0.514693
2025-08-05 04:45,0.465384
2025-08-05 05:00,0.40808
2025-08-05 05:15,0.413075
2025-08-05 05:30,0.371694
2025-08-05 05:45,0.342766
2025-08-05 06:00,0.326671
2025-08-05 06:15,0.301325
2025-08-05 06:30,0.302944
2025-08-05 06:45,0.300358
2025-08-05 07:00,0.26843
2025-08-05 07:15,0.260451
2025-08-05 07:30,0.251601
2025-08-05 07:45,0.21693
2025-08-05 08:00,0.194591
2025-08-05 08:15,0.17575
2025-08-05 08:30,0.173941
2025-08-05 08:45,0.188916
2025-08-05 09:00,0.184249
2025-08-05 09:15,0.194522
2025-08-05 09:30,0.219332
2025-08-05 09:45,0.177213
2025-08-05 10:00,0.200745
2025-08-05 10:15,0.223772
2025-08-05 10:30,0.266052
2025-08-05 10:45,0.336291
2025-08-05 11:00,0.362746
2025-08-05 11:15,0.371434
2025-08-05 11:30,0.372457
2025-08-05 11:45,0.462658
2025-08-05 12:00,0.531461
2025-08-05 12:15,0.474922
2025-08-05 12:30,0.458917
2025-08-05 12:45,0.418756
2025-08-05 13:00,0.411
2025-08-05 13:15,0.4174
2025-08-05 13:30,0.398842
2025-08-05 13:45,0.386693
2025-08-05 14:00,0.36019
2025-08-05 14:15,0.353276
2025-08-05 14:30,0.374651
2025-08-05 14:45,0.396329
2025-08-05 15:00,0.366803
2025-08-05 15:15,0.412316
2025-08-05 15:30,0.392085
2025-08-05 15:45,0.402501
2025-08-05 16:00,0.390583
2025-08-05 16:15,0.426393
2025-08-05 16:30,0.426102
2025-08-05 16:45,0.401449
2025-08-05 17:00,0.421063
2025-08-05 17:15,0.483341
2025-08-05 17:30,0.465005
2025-08-05 17:45,0.479752
2025-08-05 18:00,0.523213
2025-08-05 18:15,0.515708
2025-08-05 18:30,0.485411
2025-08-05 18:45,0.491316
2025-08-05 19:00,0.479662
2025-08-05 19:15,0.511511
2025-08-05 19:30,0.517764
2025-08-05 19:45,0.510066
2025-08-05 20:00,0.474038
2025-08-05 20:15,0.46819
2025-08-05 20:30,0.528237
2025-08-05 20:45,0.522123
2025-08-05 21:00,0.5189
2025-08-05 21:15,0.509098
2025-08-05 21:30,0.486732
2025-08-05 21:45,0.502613
2025-08-05 22:00,0.556241
2025-08-05 22:15,0.560861
2025-08-05 22:30,0.594854
2025-08-05 22:45,0.567581
2025-08-05 23:00,0.605454
2025-08-05 23:15,0.647568
2025-08-05 23:30,0.664069
2025-08-05 23:45,0.742345
2025-08-06 00:00,0.853853
2025-08-06 00:00,0.766374
2025-08-06 00:15,0.831719
2025-08-06 00:30,0.842666
2025-08-06 00:45,0.818538
2025-08-06 01:00,0.746928
2025-08-06 01:15,0.732153
2025-08-06 01:30,0.730756
2025-08-06 01:45,0.750516
2025-08-06 02:00,0.726499
2025-08-06 02:15,0.684854
2025-08-06 02:30,0.650145
2025-08-06 02:45,0.595991
2025-08-06 03:00,0.61403
2025-08-06 03:15,0.589048
2025-08-06 03:30,0.34272
2025-08-06 03:45,0.309103
2025-08-06 04:00,0.315807
2025-08-06 04:15,0.375003
2025-08-06 04:30,0.472725
2025-08-06 04:45,0.434906
2025-08-06 05:00,0.412704
2025-08-06 05:15,0.344864
2025-08-06 05:30,0.332491
2025-08-06 05:45,0.327471
2025-08-06 06:00,0.330978
2025-08-06 06:15,0.284733
2025-08-06 06:30,0.276178
2025-08-06 06:45,0.251012
2025-08-06 07:00,0.253172
2025-08-06 07:15,0.214527
2025-08-06 07:30,0.218126
2025-08-06 07:45,0.203114
2025-08-06 08:00,0.190443
2025-08-06 08:15,0.210797
2025-08-06 08:30,0.178882
2025-08-06 08:45,0.149053
2025-08-06 09:00,0.182874
2025-08-06 09:15,0.175411
2025-08-06 09:30,0.176869
2025-08-06 09:45,0.177647
2025-08-06 10:00,0.206709
2025-08-06 10:15,0.214418
2025-08-06 10:30,0.282568
2025-08-06 10:45,0.3142
2025-08-06 11:00,0.321128
2025-08-06 11:15,0.348698
2025-08-06 11:30,0.332576
2025-08-06 11:45,0.341588
2025-08-06 12:00,0.33249
2025-08-06 12:15,0.340547
2025-08-06 12:30,0.347405
2025-08-06 12:45,0.367862
2025-08-06 13:00,0.359841
2025-08-06 13:15,0.344673
2025-08-06 13:30,0.376107
2025-08-06 13:45,0.359003
2025-08-06 14:00,0.350307
2025-08-06 14:15,0.360221
2025-08-06 14:30,0.372641
2025-08-06 14:45,0.372518
2025-08-06 15:00,0.367631
2025-08-06 15:15,0.378294
2025-08-06 15:30,0.391438
2025-08-06 15:45,0.352202
2025-08-06 16:00,0.38796
2025-08-06 16:15,0.354754
2025-08-06 16:30,0.363623
2025-08-06 16:45,0.38638
2025-08-06 17:00,0.387417
2025-08-06 17:15,0.385506
2025-08-06 17:30,0.406108
2025-08-06 17:45,0.405043
2025-08-06 18:00,0.392996
2025-08-06 18:15,0.450421
2025-08-06 18:30,0.400962
2025-08-06 18:45,0.478942
2025-08-06 19:00,0.487447
2025-08-06 19:15,0.451733
2025-08-06 19:30,0.443663
2025-08-06 19:45,0.445478
2025-08-06 20:00,0.437751
2025-08-06 20:15,0.433619
2025-08-06 20:30,0.433326
2025-08-06 20:45,0.451464
2025-08-06 21:00,0.460917
2025-08-06 21:15,0.472421
2025-08-06 21:30,0.481884
2025-08-06 21:45,0.47045
2025-08-06 22:00,0.444477
2025-08-06 22:15,0.457183
2025-08-06 22:30,0.505027
2025-08-06 22:45,0.506322
2025-08-06 23:00,0.480927
2025-08-06 23:15,0.536308
2025-08-06 23:30,0.588761
2025-08-06 23:45,0.585572
2025-08-07 00:00,0.754243
2025-08-07 00:15,0.808642
2025-08-07 00:30,0.832863
2025-08-07 00:45,0.768164
2025-08-07 01:00,0.753041
2025-08-07 01:15,0.721444
2025-08-07 01:30,0.705519
2025-08-07 01:45,0.684483
2025-08-07 02:00,0.654994
2025-08-07 02:15,0.675379
2025-08-07 02:30,0.624983
2025-08-07 02:45,0.631349
2025-08-07 03:00,0.580901
2025-08-07 03:15,0.592238
2025-08-07 03:30,0.561041
2025-08-07 03:45,0.476901
2025-08-07 04:00,0.458686
2025-08-07 04:15,0.459464
2025-08-07 04:30,0.439434
2025-08-07 04:45,0.39196
2025-08-07 05:00,0.372175
2025-08-07 05:15,0.327824
2025-08-07 05:30,0.319719
2025-08-07 05:45,0.29866
2025-08-07 06:00,0.275568
2025-08-07 06:15,0.416815
2025-08-07 06:30,0.556959
2025-08-07 06:45,0.561079
2025-08-07 07:00,0.474556
2025-08-07 07:15,0.382937
2025-08-07 07:30,0.294037
2025-08-07 07:45,0.279171
2025-08-07 08:00,0.232154
2025-08-07 08:15,0.18847
2025-08-07 08:30,0.190354
2025-08-07 08:45,0.194024
2025-08-07 09:00,0.189977
2025-08-07 09:15,0.185766
2025-08-07 09:30,0.189949
2025-08-07 09:45,0.176464
2025-08-07 10:00,0.18821
2025-08-07 10:15,0.21346
2025-08-07 10:30,0.251297
2025-08-07 10:45,0.288213
2025-08-07 11:00,0.343023
2025-08-07 11:15,0.37399
2025-08-07 11:30,0.352012
2025-08-07 11:45,0.421229
2025-08-07 12:00,0.407332
2025-08-07 12:15,0.3803
2025-08-07 12:30,0.376075
2025-08-07 12:45,0.478025
2025-08-07 13:00,0.488142
2025-08-07 13:15,0.444962
2025-08-07 13:30,0.4423
2025-08-07 13:45,0.446992
2025-08-07 14:00,0.435621
2025-08-07 14:15,0.40553
2025-08-07 14:30,0.399386
2025-08-07 14:45,0.376985
2025-08-07 15:00,0.349916
2025-08-07 15:15,0.37066
2025-08-07 15:30,0.358813
2025-08-07 15:45,0.385351
2025-08-07 16:00,0.397965
2025-08-07 16:15,0.097655
2025-08-07 16:30,0.302653
2025-08-07 16:45,0.42872
2025-08-07 17:00,0.438361
2025-08-07 17:15,0.504244
2025-08-07 17:30,0.503629
2025-08-07 17:45,0.535571
2025-08-07 18:00,0.570122
2025-08-07 18:15,0.527283
2025-08-07 18:30,0.488029
2025-08-07 18:45,0.501473
2025-08-07 19:00,0.450361
2025-08-07 19:15,0.498112
2025-08-07 19:30,0.468733
2025-08-07 19:45,0.503765
2025-08-07 20:00,0.469582
2025-08-07 20:15,0.450239
2025-08-07 20:30,0.507634
2025-08-07 20:45,0.497355
2025-08-07 21:00,0.550197
2025-08-07 21:15,0.632314
2025-08-07 21:30,0.580283
2025-08-07 21:45,0.543363
2025-08-07 22:00,0.621319
2025-08-07 22:15,0.692235
2025-08-07 22:30,0.533711
2025-08-07 22:45,0.523732
2025-08-07 23:00,0.507231
2025-08-07 23:15,0.594425
2025-08-07 23:30,0.620415
2025-08-07 23:45,0.723773
2025-08-08 00:00,0.9789
2025-08-08 00:15,1.0
2025-08-08 00:30,0.900191
2025-08-08 00:45,0.905756
2025-08-08 01:00,0.847102
2025-08-08 01:15,0.845873
2025-08-08 01:30,0.69542
2025-08-08 01:45,0.785528
2025-08-08 02:00,0.708722
2025-08-08 02:15,0.728121
2025-08-08 02:30,0.665045
2025-08-08 02:45,0.657057
2025-08-08 03:00,0.710609
2025-08-08 03:15,0.647815
2025-08-08 03:30,0.575733
2025-08-08 03:45,0.562672
2025-08-08 04:00,0.488612
2025-08-08 04:15,0.44527
2025-08-08 04:30,0.41715
2025-08-08 04:45,0.442018
2025-08-08 05:00,0.358968
2025-08-08 05:15,0.362752
2025-08-08 05:30,0.326919
2025-08-08 05:45,0.31682
2025-08-08 06:00,0.28254
2025-08-08 06:15,0.254395
2025-08-08 06:30,0.234651
2025-08-08 06:45,0.230736
2025-08-08 07:00,0.217906
2025-08-08 07:15,0.226487
2025-08-08 07:30,0.186278
2025-08-08 07:45,0.19941
2025-08-08 08:00,0.166686
2025-08-08 08:15,0.190853
2025-08-08 08:30,0.15571
2025-08-08 08:45,0.16314
2025-08-08 09:00,0.151604
2025-08-08 09:15,0.194345
2025-08-08 09:30,0.190686
2025-08-08 09:45,0.192257
2025-08-08 10:00,0.194933
2025-08-08 10:15,0.224578
2025-08-08 10:30,0.230313
2025-08-08 10:45,0.288652
2025-08-08 11:00,0.318865
2025-08-08 11:15,0.308951
2025-08-08 11:30,0.346862
2025-08-08 11:45,0.345953
2025-08-08 12:00,0.348772
2025-08-08 12:15,0.346313
2025-08-08 12:30,0.346425
2025-08-08 12:45,0.386728
2025-08-08 13:00,0.352026
2025-08-08 13:15,0.363932
2025-08-08 13:30,0.363525
2025-08-08 13:45,0.337589
2025-08-08 14:00,0.353326
2025-08-08 14:15,0.385563
2025-08-08 14:30,0.376904
2025-08-08 14:45,0.329384
2025-08-08 15:00,0.329009
2025-08-08 15:15,0.326903
2025-08-08 15:30,0.338517
2025-08-08 15:45,0.336211
2025-08-08 16:00,0.386377
2025-08-08 16:15,0.34607
2025-08-08 16:30,0.389156
2025-08-08 16:45,0.409603
2025-08-08 17:00,0.42269
2025-08-08 17:15,0.415492
2025-08-08 17:30,0.427699
2025-08-08 17:45,0.439223
2025-08-08 18:00,0.491111
2025-08-08 18:15,0.476878
2025-08-08 18:30,0.497714
2025-08-08 18:45,0.454456
2025-08-08 19:00,0.448484
2025-08-08 19:15,0.44747
2025-08-08 19:30,0.451336
2025-08-08 19:45,0.42747
2025-08-08 20:00,0.427517
2025-08-08 20:15,0.485962
2025-08-08 20:30,0.433188
2025-08-08 20:45,0.438727
2025-08-08 21:00,0.473142
2025-08-08 21:15,0.463818
2025-08-08 21:30,0.495975
2025-08-08 21:45,0.504305
2025-08-08 22:00,0.499086
2025-08-08 22:15,0.564753
2025-08-08 22:30,0.543267
2025-08-08 22:45,0.53912
2025-08-08 23:00,0.573076
2025-08-08 23:15,0.62881
2025-08-08 23:30,0.617483
2025-08-08 23:45,0.692452
2025-08-09 00:00,0.786284
2025-08-09 00:15,0.867507
2025-08-09 00:30,0.830362
2025-08-09 00:45,0.902345
2025-08-09 01:00,0.819315
2025-08-09 01:15,0.7517
2025-08-09 01:30,0.713448
2025-08-09 01:45,0.709141
2025-08-09 02:00,0.655896
2025-08-09 02:15,0.658363
2025-08-09 02:30,0.708894
2025-08-09 02:45,0.64119
2025-08-09 03:00,0.60693
2025-08-09 03:15,0.621479
2025-08-09 03:30,0.56442
2025-08-09 03:45,0.53893
2025-08-09 04:00,0.498709
2025-08-09 04:15,0.527013
2025-08-09 04:30,0.480305
2025-08-09 04:45,0.421819
2025-08-09 05:00,0.414341
2025-08-09 05:15,0.370786
2025-08-09 05:30,0.356527
2025-08-09 05:45,0.303625
2025-08-09 06:00,0.297208
2025-08-09 06:15,0.292763
2025-08-09 06:30,0.246185
2025-08-09 06:45,0.260566
2025-08-09 07:00,0.278798
2025-08-09 07:15,0.24691
2025-08-09 07:30,0.23806
2025-08-09 07:45,0.214425
2025-08-09 08:00,0.195356
2025-08-09 08:15,0.189213
2025-08-09 08:30,0.164967
2025-08-09 08:45,0.172968
2025-08-09 09:00,0.172657
2025-08-09 09:15,0.172451
2025-08-09 09:30,0.203827
2025-08-09 09:45,0.201576
2025-08-09 10:00,0.197839
2025-08-09 10:15,0.184485
2025-08-09 10:30,0.191398
2025-08-09 10:45,0.215501
2025-08-09 11:00,0.25178
2025-08-09 11:15,0.271508
2025-08-09 11:30,0.266103
2025-08-09 11:45,0.288904
2025-08-09 12:00,0.279909
2025-08-09 12:15,0.327494
2025-08-09 12:30,0.289096
2025-08-09 12:45,0.285044
2025-08-09 13:00,0.322621
2025-08-09 13:15,0.337074
2025-08-09 13:30,0.336107
2025-08-09 13:45,0.391111
2025-08-09 14:00,0.34245
2025-08-09 14:15,0.364093
2025-08-09 14:30,0.31214
2025-08-09 14:45,0.336921
2025-08-09 15:00,0.351111
2025-08-09 15:15,0.35866
2025-08-09 15:30,0.370734
2025-08-09 15:45,0.345979
2025-08-09 16:00,0.343332
2025-08-09 16:15,0.38048
2025-08-09 16:30,0.441828
2025-08-09 16:45,0.388374
2025-08-09 17:00,0.407099
2025-08-09 17:15,0.383475
2025-08-09 17:30,0.394443
2025-08-09 17:45,0.410145
2025-08-09 18:00,0.377319
2025-08-09 18:15,0.381441
2025-08-09 18:30,0.415234
2025-08-09 18:45,0.391212
2025-08-09 19:00,0.399093
2025-08-09 19:15,0.407606
2025-08-09 19:30,0.386176
2025-08-09 19:45,0.39742
2025-08-09 20:00,0.380694
2025-08-09 20:15,0.466192
2025-08-09 20:30,0.413125
2025-08-09 20:45,0.520083
2025-08-09 21:00,0.438112
2025-08-09 21:15,0.449585
2025-08-09 21:30,0.474231
2025-08-09 21:45,0.426401
2025-08-09 22:00,0.440116
2025-08-09 22:15,0.457341
2025-08-09 22:30,0.452071
2025-08-09 22:45,0.461538
2025-08-09 23:00,0.479978
2025-08-09 23:15,0.476604
2025-08-09 23:30,0.508613
2025-08-09 23:45,0.646567
2025-08-10 00:00,0.708893
2025-08-10 00:15,0.781626
2025-08-10 00:30,0.813655
2025-08-10 00:45,0.756322
2025-08-10 01:00,0.826683
2025-08-10 01:15,0.779089
2025-08-10 01:30,0.754911
2025-08-10 01:45,0.764283
2025-08-10 02:00,0.684743
2025-08-10 02:15,0.685594
2025-08-10 02:30,0.700276
2025-08-10 02:45,0.669274
2025-08-10 03:00,0.565706
2025-08-10 03:15,0.551252
2025-08-10 03:30,0.568404
2025-08-10 03:45,0.576457
2025-08-10 04:00,0.535111
2025-08-10 04:15,0.506767
2025-08-10 04:30,0.42454
2025-08-10 04:45,0.401138
2025-08-10 05:00,0.37688
2025-08-10 05:15,0.401985
2025-08-10 05:30,0.351454
2025-08-10 05:45,0.433534
2025-08-10 06:00,0.394128
2025-08-10 06:15,0.360455
2025-08-10 06:30,0.301394
2025-08-10 06:45,0.290471
2025-08-10 07:00,0.289814
2025-08-10 07:15,0.245401
2025-08-10 07:30,0.228674
2025-08-10 07:45,0.194395
2025-08-10 08:00,0.166124
2025-08-10 08:15,0.168526
2025-08-10 08:30,0.163973
2025-08-10 08:45,0.154361
2025-08-10 09:00,0.16596
2025-08-10 09:15,0.222858
2025-08-10 09:30,0.177431
2025-08-10 09:45,0.15193
2025-08-10 10:00,0.138674
2025-08-10 10:15,0.171403
2025-08-10 10:30,0.181732
2025-08-10 10:45,0.193011
2025-08-10 11:00,0.195495
2025-08-10 11:15,0.230732
2025-08-10 11:30,0.239409
2025-08-10 11:45,0.241279
2025-08-10 12:00,0.279558
2025-08-10 12:15,0.316274
2025-08-10 12:30,0.328926
2025-08-10 12:45,0.29783
2025-08-10 13:00,0.348046
2025-08-10 13:15,0.346274
2025-08-10 13:30,0.342127
2025-08-10 13:45,0.348375
2025-08-10 14:00,0.332981
2025-08-10 14:15,0.347266
2025-08-10 14:30,0.395485
2025-08-10 14:45,0.415817
2025-08-10 15:00,0.403276
2025-08-10 15:15,0.401437
2025-08-10 15:30,0.426834
2025-08-10 15:45,0.365414
2025-08-10 16:00,0.434276
2025-08-10 16:15,0.410751
2025-08-10 16:30,0.389648
2025-08-10 16:45,0.382194
2025-08-10 17:00,0.419374
2025-08-10 17:15,0.436988
2025-08-10 17:30,0.458125
2025-08-10 17:45,0.472183
2025-08-10 18:00,0.526363
2025-08-10 18:15,0.524458
2025-08-10 18:30,0.508064
2025-08-10 18:45,0.530378
2025-08-10 19:00,0.604772
2025-08-10 19:15,0.561278
2025-08-10 19:30,0.647542
2025-08-10 19:45,0.549086
2025-08-10 20:00,0.549407
2025-08-10 20:15,0.542259
2025-08-10 20:30,0.574015
2025-08-10 20:45,0.513842
2025-08-10 21:00,0.483446
2025-08-10 21:15,0.494487
2025-08-10 21:30,0.594329
2025-08-10 21:45,0.512504
2025-08-10 22:00,0.5337
2025-08-10 22:15,0.490001
2025-08-10 22:30,0.536412
2025-08-10 22:45,0.521619
2025-08-10 23:00,0.506516
2025-08-10 23:15,0.545575
2025-08-10 23:30,0.545382
2025-08-10 23:45,0.612236
2025-08-11 00:00,0.787225
2025-08-11 00:15,0.740073
2025-08-11 00:30,0.722577
2025-08-11 00:45,0.703785
2025-08-11 01:00,0.759785
2025-08-11 01:15,0.725359
2025-08-11 01:30,0.713565
2025-08-11 01:45,0.699419
2025-08-11 02:00,0.652521
2025-08-11 02:15,0.632078
2025-08-11 02:30,0.661271
2025-08-11 02:45,0.668817
2025-08-11 03:00,0.617484
2025-08-11 03:15,0.598221
2025-08-11 03:30,0.612681
2025-08-11 03:45,0.62193
2025-08-11 04:00,0.490363
2025-08-11 04:15,0.491517
2025-08-11 04:30,0.433098
2025-08-11 04:45,0.400254
2025-08-11 05:00,0.405406
2025-08-11 05:15,0.372235
2025-08-11 05:30,0.375272
2025-08-11 05:45,0.329406
2025-08-11 06:00,0.312357
2025-08-11 06:15,0.272588
2025-08-11 06:30,0.277689
2025-08-11 06:45,0.230809
2025-08-11 07:00,0.254185
2025-08-11 07:15,0.254635
2025-08-11 07:30,0.222278
2025-08-11 07:45,0.184401
2025-08-11 08:00,0.18817
2025-08-11 08:15,0.182198
2025-08-11 08:30,0.171533
2025-08-11 08:45,0.16491
2025-08-11 09:00,0.185248
2025-08-11 09:15,0.16862
2025-08-11 09:30,0.179164
2025-08-11 09:45,0.158408
2025-08-11 10:00,0.196614
2025-08-11 10:15,0.198479
2025-08-11 10:30,0.281455
2025-08-11 10:45,0.272105
2025-08-11 11:00,0.295752
2025-08-11 11:15,0.330409
2025-08-11 11:30,0.330824
2025-08-11 11:45,0.39655
2025-08-11 12:00,0.388115
2025-08-11 12:15,0.38682
2025-08-11 12:30,0.351388
2025-08-11 12:45,0.330436
2025-08-11 13:00,0.391395
2025-08-11 13:15,0.326824
2025-08-11 13:30,0.319919
2025-08-11 13:45,0.333882
2025-08-11 14:00,0.33731
2025-08-11 14:15,0.346419
2025-08-11 14:30,0.376523
2025-08-11 14:45,0.390521
2025-08-11 15:00,0.379793
2025-08-11 15:15,0.385434
2025-08-11 15:30,0.385862
2025-08-11 15:45,0.375621
2025-08-11 16:00,0.389859
2025-08-11 16:15,0.388615
2025-08-11 16:30,0.379818
2025-08-11 16:45,0.399865
2025-08-11 17:00,0.427721
2025-08-11 17:15,0.428563
2025-08-11 17:30,0.442737
2025-08-11 17:45,0.430266
2025-08-11 18:00,0.490928
2025-08-11 18:15,0.494491
2025-08-11 18:30,0.451446
2025-08-11 18:45,0.487258
2025-08-11 19:00,0.504448
2025-08-11 19:15,0.448729
2025-08-11 19:30,0.428074
2025-08-11 19:45,0.406294
2025-08-11 20:00,0.423578
2025-08-11 20:15,0.424162
2025-08-11 20:30,0.456897
2025-08-11 20:45,0.49106
2025-08-11 21:00,0.414221
2025-08-11 21:15,0.450426
2025-08-11 21:30,0.436106
2025-08-11 21:45,0.415896
2025-08-11 22:00,0.417817
2025-08-11 22:15,0.454251
2025-08-11 22:30,0.495093
2025-08-11 22:45,0.499635
2025-08-11 23:00,0.532335
2025-08-11 23:15,0.547941
2025-08-11 23:30,0.543961
2025-08-11 23:45,0.593722
2025-08-12 00:00,0.73297
2025-08-12 00:15,0.860068
2025-08-12 00:30,0.777116
2025-08-12 00:45,0.760943
2025-08-12 01:00,0.822406
2025-08-12 01:15,0.691659
2025-08-12 01:30,0.762562
2025-08-12 01:45,0.772152
2025-08-12 02:00,0.78623
2025-08-12 02:15,0.785204
2025-08-12 02:30,0.74103
2025-08-12 02:45,0.661056
2025-08-12 03:00,0.632958
2025-08-12 03:15,0.683368
2025-08-12 03:30,0.585157
2025-08-12 03:45,0.556749
2025-08-12 04:00,0.551758
2025-08-12 04:15,0.470519
2025-08-12 04:30,0.492959
2025-08-12 04:45,0.456146
2025-08-12 05:00,0.393144
2025-08-12 05:15,0.308878
2025-08-12 05:30,0.328437
2025-08-12 05:45,0.293968
2025-08-12 06:00,0.301222
2025-08-12 06:15,0.270584
2025-08-12 06:30,0.26732
2025-08-12 06:45,0.242317
2025-08-12 07:00,0.242394
2025-08-12 07:15,0.209481
2025-08-12 07:30,0.184635
2025-08-12 07:45,0.184427
2025-08-12 08:00,0.166146
2025-08-12 08:15,0.169803
2025-08-12 08:30,0.131508
2025-08-12 08:45,0.145323
2025-08-12 09:00,0.153626
2025-08-12 09:15,0.164275
2025-08-12 09:30,0.156068
2025-08-12 09:45,0.159313
2025-08-12 10:00,0.177047
2025-08-12 10:15,0.192024
2025-08-12 10:30,0.248012
2025-08-12 10:45,0.288554
2025-08-12 11:00,0.294933
2025-08-12 11:15,0.341548
2025-08-12 11:30,0.340145
2025-08-12 11:45,0.389463
2025-08-12 12:00,0.385226
2025-08-12 12:15,0.384076
2025-08-12 12:30,0.37954
2025-08-12 12:45,0.408983
2025-08-12 13:00,0.412821
2025-08-12 13:15,0.415092
2025-08-12 13:30,0.398512
2025-08-12 13:45,0.357351
2025-08-12 14:00,0.344721
2025-08-12 14:15,0.356341
2025-08-12 14:30,0.349362
2025-08-12 14:45,0.385152
2025-08-12 15:00,0.349655
2025-08-12 15:15,0.362582
2025-08-12 15:30,0.386178
2025-08-12 15:45,0.443659
2025-08-12 16:00,0.390467
2025-08-12 16:15,0.429912
2025-08-12 16:30,0.388715
2025-08-12 16:45,0.394612
2025-08-12 17:00,0.398823
2025-08-12 17:15,0.462307
2025-08-12 17:30,0.439344
2025-08-12 17:45,0.482274
2025-08-12 18:00,0.491307
2025-08-12 18:15,0.513735
2025-08-12 18:30,0.533027
2025-08-12 18:45,0.449398
2025-08-12 19:00,0.500869
2025-08-12 19:15,0.457833
2025-08-12 19:30,0.509012
2025-08-12 19:45,0.473387
2025-08-12 20:00,0.444565
2025-08-12 20:15,0.438258
2025-08-12 20:30,0.460267
2025-08-12 20:45,0.466086
2025-08-12 21:00,0.518297
2025-08-12 21:15,0.442806
2025-08-12 21:30,0.462962
2025-08-12 21:45,0.515174
2025-08-12 22:00,0.479934
2025-08-12 22:15,0.432836
2025-08-12 22:30,0.458739
2025-08-12 22:45,0.554389
2025-08-12 23:00,0.495376
2025-08-12 23:15,0.522678
2025-08-12 23:30,0.563199
2025-08-12 23:45,0.660634
2025-08-13 00:00,0.812611
2025-08-13 00:00,0.804629
2025-08-13 00:15,0.878431
2025-08-13 00:30,0.840435
2025-08-13 00:45,0.802239
2025-08-13 01:00,0.838348
2025-08-13 01:15,0.786634
2025-08-13 01:30,0.783296
2025-08-13 01:45,0.743629
2025-08-13 02:00,0.772066
2025-08-13 02:15,0.7509
2025-08-13 02:30,0.692861
2025-08-13 02:45,0.67333
2025-08-13 03:00,0.690003
2025-08-13 03:15,0.680804
2025-08-13 03:30,0.624445
2025-08-13 03:45,0.579464
2025-08-13 04:00,0.592606
2025-08-13 04:15,0.493973
2025-08-13 04:30,0.467694
2025-08-13 04:45,0.46471
2025-08-13 05:00,0.40034
2025-08-13 05:15,0.390871
2025-08-13 05:30,0.353006
2025-08-13 05:45,0.327959
2025-08-13 06:00,0.289977
2025-08-13 06:15,0.299846
2025-08-13 06:30,0.266115
2025-08-13 06:45,0.233932
2025-08-13 07:00,0.226508
2025-08-13 07:15,0.227285
2025-08-13 07:30,0.203221
2025-08-13 07:45,0.188952
2025-08-13 08:00,0.178724
2025-08-13 08:15,0.196686
2025-08-13 08:30,0.180485
2025-08-13 08:45,0.210429
2025-08-13 09:00,0.180296
2025-08-13 09:15,0.176667
2025-08-13 09:30,0.211855
2025-08-13 09:45,0.202094
2025-08-13 10:00,0.228108
2025-08-13 10:15,0.253558
2025-08-13 10:30,0.2657
2025-08-13 10:45,0.303124
2025-08-13 11:00,0.333448
2025-08-13 11:15,0.324764
2025-08-13 11:30,0.350591
2025-08-13 11:45,0.34026
2025-08-13 12:00,0.339538
2025-08-13 12:15,0.36307
2025-08-13 12:30,0.333275
2025-08-13 12:45,0.353065
2025-08-13 13:00,0.425435
2025-08-13 13:15,0.356019
2025-08-13 13:30,0.35809
2025-08-13 13:45,0.322006
2025-08-13 14:00,0.342163
2025-08-13 14:15,0.32779
2025-08-13 14:30,0.30541
2025-08-13 14:45,0.330719
2025-08-13 15:00,0.337921
2025-08-13 15:15,0.358486
2025-08-13 15:30,0.341753
2025-08-13 15:45,0.394605
2025-08-13 16:00,0.369398
2025-08-13 16:15,0.38348
2025-08-13 16:30,0.39435
2025-08-13 16:45,0.405588
2025-08-13 17:00,0.408554
2025-08-13 17:15,0.392151
2025-08-13 17:30,0.432492
2025-08-13 17:45,0.44065
2025-08-13 18:00,0.452665
2025-08-13 18:15,0.373762
2025-08-13 18:30,0.294427
2025-08-13 18:45,0.316602
2025-08-13 19:00,0.357304
2025-08-13 19:15,0.30881
2025-08-13 19:30,0.298279
2025-08-13 19:45,0.358075
2025-08-13 20:00,0.441454
2025-08-13 20:15,0.496495
2025-08-13 20:30,0.527079
2025-08-13 20:45,0.55343
2025-08-13 21:00,0.580559
2025-08-13 21:15,0.599934
2025-08-13 21:30,0.605615
2025-08-13 21:45,0.562458
2025-08-13 22:00,0.553855
2025-08-13 22:15,0.540106
2025-08-13 22:30,0.551453
2025-08-13 22:45,0.535004
2025-08-13 23:00,0.613685
2025-08-13 23:15,0.588012
2025-08-13 23:30,0.627406
2025-08-13 23:45,0.656376
2025-08-14 00:00,0.790615
2025-08-14 00:15,0.81797
2025-08-14 00:30,0.830292
2025-08-14 00:45,0.843567
2025-08-14 01:00,0.848716
2025-08-14 01:15,0.755003
2025-08-14 01:30,0.775345
2025-08-14 01:45,0.81795
2025-08-14 02:00,0.752389
2025-08-14 02:15,0.816073
2025-08-14 02:30,0.773698
2025-08-14 02:45,0.642792
2025-08-14 03:00,0.637309
2025-08-14 03:15,0.617971
2025-08-14 03:30,0.636998
2025-08-14 03:45,0.587682
2025-08-14 04:00,0.540291
2025-08-14 04:15,0.561691
2025-08-14 04:30,0.492995
2025-08-14 04:45,0.528572
2025-08-14 05:00,0.448498
2025-08-14 05:15,0.387646
2025-08-14 05:30,0.364328
2025-08-14 05:45,0.378288
2025-08-14 06:00,0.310612
2025-08-14 06:15,0.285699
2025-08-14 06:30,0.305905
2025-08-14 06:45,0.289433
2025-08-14 07:00,0.239749
2025-08-14 07:15,0.253996
2025-08-14 07:30,0.226873
2025-08-14 07:45,0.244822
2025-08-14 08:00,0.209231
2025-08-14 08:15,0.177278
2025-08-14 08:30,0.187732
2025-08-14 08:45,0.178324
2025-08-14 09:00,0.193873
2025-08-14 09:15,0.192042
2025-08-14 09:30,0.194927
2025-08-14 09:45,0.186811
2025-08-14 10:00,0.225529
2025-08-14 10:15,0.21826
2025-08-14 10:30,0.24403
2025-08-14 10:45,0.287465
2025-08-14 11:00,0.378296
2025-08-14 11:15,0.33671
2025-08-14 11:30,0.362108
2025-08-14 11:45,0.346235
2025-08-14 12:00,0.347597
2025-08-14 12:15,0.35761
2025-08-14 12:30,0.385843
2025-08-14 12:45,0.390728
2025-08-14 13:00,0.337722
2025-08-14 13:15,0.345359
2025-08-14 13:30,0.332763
2025-08-14 13:45,0.3442
2025-08-14 14:00,0.351965
2025-08-14 14:15,0.327102
2025-08-14 14:30,0.323143
2025-08-14 14:45,0.326143
2025-08-14 15:00,0.333994
2025-08-14 15:15,0.327787
2025-08-14 15:30,0.375543
2025-08-14 15:45,0.382106
2025-08-14 16:00,0.388201
2025-08-14 16:15,0.388042
2025-08-14 16:30,0.409218
2025-08-14 16:45,0.384893
2025-08-14 17:00,0.434092
2025-08-14 17:15,0.473671
2025-08-14 17:30,0.458928
2025-08-14 17:45,0.433185
2025-08-14 18:00,0.46734
2025-08-14 18:15,0.423219
2025-08-14 18:30,0.421229
2025-08-14 18:45,0.428359
2025-08-14 19:00,0.438375
2025-08-14 19:15,0.430086
2025-08-14 19:30,0.426443
2025-08-14 19:45,0.398852
2025-08-14 20:00,0.405642
2025-08-14 20:15,0.437016
2025-08-14 20:30,0.437859
2025-08-14 20:45,0.436546
2025-08-14 21:00,0.444914
2025-08-14 21:15,0.41676
2025-08-14 21:30,0.425097
2025-08-14 21:45,0.436154
2025-08-14 22:00,0.452012
2025-08-14 22:15,0.455254
2025-08-14 22:30,0.506446
2025-08-14 22:45,0.534205
2025-08-14 23:00,0.538669
2025-08-14 23:15,0.566311
2025-08-14 23:30,0.638574
2025-08-14 23:45,0.663483
2025-08-15 00:00,0.81716
2025-08-15 00:15,0.912907
2025-08-15 00:30,0.851454
2025-08-15 00:45,0.859315
2025-08-15 01:00,0.812373
2025-08-15 01:15,0.699164
2025-08-15 01:30,0.749789
2025-08-15 01:45,0.694695
2025-08-15 02:00,0.669359
2025-08-15 02:15,0.658502
2025-08-15 02:30,0.53185
2025-08-15 02:45,0.524908
2025-08-15 03:00,0.532012
2025-08-15 03:15,0.507643
2025-08-15 03:30,0.48157
2025-08-15 03:45,0.483121
2025-08-15 04:00,0.451051
2025-08-15 04:15,0.409415
2025-08-15 04:30,0.434022
2025-08-15 04:45,0.40441
2025-08-15 05:00,0.343444
2025-08-15 05:15,0.331866
2025-08-15 05:30,0.330084
2025-08-15 05:45,0.31678
2025-08-15 06:00,0.290931
2025-08-15 06:15,0.292762
2025-08-15 06:30,0.28305
2025-08-15 06:45,0.246531
2025-08-15 07:00,0.229298
2025-08-15 07:15,0.239933
2025-08-15 07:30,0.231098
2025-08-15 07:45,0.208394
2025-08-15 08:00,0.196544
2025-08-15 08:15,0.171844
2025-08-15 08:30,0.191423
2025-08-15 08:45,0.192941
2025-08-15 09:00,0.200562
2025-08-15 09:15,0.224785
2025-08-15 09:30,0.200889
2025-08-15 09:45,0.227394
2025-08-15 10:00,0.183999
2025-08-15 10:15,0.201408
2025-08-15 10:30,0.240548
2025-08-15 10:45,0.268175
2025-08-15 11:00,0.310874
2025-08-15 11:15,0.318554
2025-08-15 11:30,0.318417
2025-08-15 11:45,0.340123
2025-08-15 12:00,0.354632
2025-08-15 12:15,0.356771
2025-08-15 12:30,0.31137
2025-08-15 12:45,0.326794
2025-08-15 13:00,0.330183
2025-08-15 13:15,0.333245
2025-08-15 13:30,0.32514
2025-08-15 13:45,0.317686
2025-08-15 14:00,0.30889
2025-08-15 14:15,0.34956
2025-08-15 14:30,0.326745
2025-08-15 14:45,0.34229
2025-08-15 15:00,0.341933
2025-08-15 15:15,0.369182
2025-08-15 15:30,0.346489
2025-08-15 15:45,0.378331
2025-08-15 16:00,0.366905
2025-08-15 16:15,0.437269
2025-08-15 16:30,0.407368
2025-08-15 16:45,0.399399
2025-08-15 17:00,0.398467
2025-08-15 17:15,0.437312
2025-08-15 17:30,0.472098
2025-08-15 17:45,0.434185
2025-08-15 18:00,0.441707
2025-08-15 18:15,0.459676
2025-08-15 18:30,0.475021
2025-08-15 18:45,0.45156
2025-08-15 19:00,0.454746
2025-08-15 19:15,0.459552
2025-08-15 19:30,0.468177
2025-08-15 19:45,0.491929
2025-08-15 20:00,0.46062
2025-08-15 20:15,0.410413
2025-08-15 20:30,0.406797
2025-08-15 20:45,0.395458
2025-08-15 21:00,0.424665
2025-08-15 21:15,0.401368
2025-08-15 21:30,0.453879
2025-08-15 21:45,0.455838
2025-08-15 22:00,0.470176
2025-08-15 22:15,0.469827
2025-08-15 22:30,0.445737
2025-08-15 22:45,0.453015
2025-08-15 23:00,0.523774
2025-08-15 23:15,0.506705
2025-08-15 23:30,0.55587
2025-08-15 23:45,0.557174
2025-08-16 00:00,0.660745
2025-08-16 00:15,0.74624
2025-08-16 00:30,0.886605
2025-08-16 00:45,0.790949
2025-08-16 01:00,0.746927
2025-08-16 01:15,0.658963
2025-08-16 01:30,0.753068
2025-08-16 01:45,0.67749
2025-08-16 02:00,0.612129
2025-08-16 02:15,0.583579
2025-08-16 02:30,0.567439
2025-08-16 02:45,0.555129
2025-08-16 03:00,0.519489
2025-08-16 03:15,0.517522
2025-08-16 03:30,0.515086
2025-08-16 03:45,0.516179
2025-08-16 04:00,0.450793
2025-08-16 04:15,0.449594
2025-08-16 04:30,0.430501
2025-08-16 04:45,0.372965
2025-08-16 05:00,0.366455
2025-08-16 05:15,0.325145
2025-08-16 05:30,0.31592
2025-08-16 05:45,0.311784
2025-08-16 06:00,0.284232
2025-08-16 06:15,0.273867
2025-08-16 06:30,0.245343
2025-08-16 06:45,0.218464
2025-08-16 07:00,0.20259
2025-08-16 07:15,0.204943
2025-08-16 07:30,0.211499
2025-08-16 07:45,0.201477
2025-08-16 08:00,0.170767
2025-08-16 08:15,0.173809
2025-08-16 08:30,0.178661
2025-08-16 08:45,0.183924
2025-08-16 09:00,0.171439
2025-08-16 09:15,0.181502
2025-08-16 09:30,0.169892
2025-08-16 09:45,0.165997
2025-08-16 10:00,0.17938
2025-08-16 10:15,0.185193
2025-08-16 10:30,0.208425
2025-08-16 10:45,0.221354
2025-08-16 11:00,0.23344
2025-08-16 11:15,0.265641
2025-08-16 11:30,0.268456
2025-08-16 11:45,0.284157
2025-08-16 12:00,0.285903
2025-08-16 12:15,0.284032
2025-08-16 12:30,0.308694
2025-08-16 12:45,0.328069
2025-08-16 13:00,0.336525
2025-08-16 13:15,0.364787
2025-08-16 13:30,0.358808
2025-08-16 13:45,0.379875
2025-08-16 14:00,0.366151
2025-08-16 14:15,0.388096
2025-08-16 14:30,0.362144
2025-08-16 14:45,0.372287
2025-08-16 15:00,0.375893
2025-08-16 15:15,0.358154
2025-08-16 15:30,0.351532
2025-08-16 15:45,0.359335
2025-08-16 16:00,0.347583
2025-08-16 16:15,0.346958
2025-08-16 16:30,0.386649
2025-08-16 16:45,0.370604
2025-08-16 17:00,0.392599
2025-08-16 17:15,0.430984
2025-08-16 17:30,0.436346
2025-08-16 17:45,0.447396
2025-08-16 18:00,0.439025
2025-08-16 18:15,0.437489
2025-08-16 18:30,0.436157
2025-08-16 18:45,0.48932
2025-08-16 19:00,0.455821
2025-08-16 19:15,0.436484
2025-08-16 19:30,0.449413
2025-08-16 19:45,0.436117
2025-08-16 20:00,0.48765
2025-08-16 20:15,0.479993
2025-08-16 20:30,0.520889
2025-08-16 20:45,0.476162
2025-08-16 21:00,0.503063
2025-08-16 21:15,0.503832
2025-08-16 21:30,0.522282
2025-08-16 21:45,0.491816
2025-08-16 22:00,0.501294
2025-08-16 22:15,0.52074
2025-08-16 22:30,0.515463
2025-08-16 22:45,0.521175
2025-08-16 23:00,0.557549
2025-08-16 23:15,0.525996
2025-08-16 23:30,0.553761
2025-08-16 23:45,0.594259
2025-08-17 00:00,0.758029
2025-08-17 00:15,0.812375
2025-08-17 00:30,0.876361
2025-08-17 00:45,0.790482
2025-08-17 01:00,0.742059
2025-08-17 01:15,0.792148
2025-08-17 01:30,0.779461
2025-08-17 01:45,0.683783
2025-08-17 02:00,0.757228
2025-08-17 02:15,0.702694
2025-08-17 02:30,0.694396
2025-08-17 02:45,0.645986
2025-08-17 03:00,0.66676
2025-08-17 03:15,0.599464
2025-08-17 03:30,0.578756
2025-08-17 03:45,0.581451
2025-08-17 04:00,0.583265
2025-08-17 04:15,0.534984
2025-08-17 04:30,0.541353
2025-08-17 04:45,0.486648
2025-08-17 05:00,0.408692
2025-08-17 05:15,0.377066
2025-08-17 05:30,0.368809
2025-08-17 05:45,0.315724
2025-08-17 06:00,0.30388
2025-08-17 06:15,0.304963
2025-08-17 06:30,0.265349
2025-08-17 06:45,0.278332
2025-08-17 07:00,0.277025
2025-08-17 07:15,0.235057
2025-08-17 07:30,0.228653
2025-08-17 07:45,0.22061
2025-08-17 08:00,0.210129
2025-08-17 08:15,0.188328
2025-08-17 08:30,0.184965
2025-08-17 08:45,0.180999
2025-08-17 09:00,0.163649
2025-08-17 09:15,0.15624
2025-08-17 09:30,0.169227
2025-08-17 09:45,0.146403
2025-08-17 10:00,0.167584
2025-08-17 10:15,0.16309
2025-08-17 10:30,0.193225
2025-08-17 10:45,0.184066
2025-08-17 11:00,0.240574
2025-08-17 11:15,0.222737
2025-08-17 11:30,0.218042
2025-08-17 11:45,0.253876
2025-08-17 12:00,0.294398
2025-08-17 12:15,0.32036
2025-08-17 12:30,0.338899
2025-08-17 12:45,0.354882
2025-08-17 13:00,0.343185
2025-08-17 13:15,0.357279
2025-08-17 13:30,0.364743
2025-08-17 13:45,0.371305
2025-08-17 14:00,0.36328
2025-08-17 14:15,0.347944
2025-08-17 14:30,0.354293
2025-08-17 14:45,0.387038
2025-08-17 15:00,0.398751
2025-08-17 15:15,0.348473
2025-08-17 15:30,0.353652
2025-08-17 15:45,0.362049
2025-08-17 16:00,0.373604
2025-08-17 16:15,0.415615
2025-08-17 16:30,0.425641
2025-08-17 16:45,0.480699
2025-08-17 17:00,0.437674
2025-08-17 17:15,0.454526
2025-08-17 17:30,0.46517
2025-08-17 17:45,0.490092
2025-08-17 18:00,0.476629
2025-08-17 18:15,0.485904
2025-08-17 18:30,0.494927
2025-08-17 18:45,0.515066
2025-08-17 19:00,0.503123
2025-08-17 19:15,0.492724
2025-08-17 19:30,0.498481
2025-08-17 19:45,0.529407
2025-08-17 20:00,0.509036
2025-08-17 20:15,0.501777
2025-08-17 20:30,0.545317
2025-08-17 20:45,0.607398
2025-08-17 21:00,0.612622
2025-08-17 21:15,0.606119
2025-08-17 21:30,0.632815
2025-08-17 21:45,0.636205
2025-08-17 22:00,0.542988
2025-08-17 22:15,0.555135
2025-08-17 22:30,0.578593
2025-08-17 22:45,0.544121
2025-08-17 23:00,0.551649
2025-08-17 23:15,0.607901
2025-08-17 23:30,0.674939
2025-08-17 23:45,0.621715
2025-08-18 00:00,0.732895
2025-08-18 00:15,0.734699
2025-08-18 00:30,0.762911
2025-08-18 00:45,0.72861
2025-08-18 01:00,0.701158
2025-08-18 01:15,0.66915
2025-08-18 01:30,0.727214
2025-08-18 01:45,0.685069
2025-08-18 02:00,0.655209
2025-08-18 02:15,0.505167
2025-08-18 02:30,0.454115
2025-08-18 02:45,0.460739
2025-08-18 03:00,0.504287
2025-08-18 03:15,0.451792
2025-08-18 03:30,0.434522
2025-08-18 03:45,0.472023
2025-08-18 04:00,0.46089
2025-08-18 04:15,0.448028
2025-08-18 04:30,0.455124
2025-08-18 04:45,0.401815
2025-08-18 05:00,0.353482
2025-08-18 05:15,0.327122
2025-08-18 05:30,0.303976
2025-08-18 05:45,0.298967
2025-08-18 06:00,0.234612
2025-08-18 06:15,0.252224
2025-08-18 06:30,0.250963
2025-08-18 06:45,0.193105
2025-08-18 07:00,0.20213
2025-08-18 07:15,0.170417
2025-08-18 07:30,0.153231
2025-08-18 07:45,0.154818
2025-08-18 08:00,0.154172
2025-08-18 08:15,0.142198
2025-08-18 08:30,0.143562
2025-08-18 08:45,0.142815
2025-08-18 09:00,0.138809
2025-08-18 09:15,0.15036
2025-08-18 09:30,0.165127
2025-08-18 09:45,0.198344
2025-08-18 10:00,0.201119
2025-08-18 10:15,0.196895
2025-08-18 10:30,0.212456
2025-08-18 10:45,0.271173
2025-08-18 11:00,0.266883
2025-08-18 11:15,0.316948
2025-08-18 11:30,0.315873
2025-08-18 11:45,0.346006
2025-08-18 12:00,0.346692
2025-08-18 12:15,0.374227
2025-08-18 12:30,0.506891
2025-08-18 12:45,0.383043
2025-08-18 13:00,0.364646
2025-08-18 13:15,0.40843
2025-08-18 13:30,0.430661
2025-08-18 13:45,0.363367
2025-08-18 14:00,0.365656
2025-08-18 14:15,0.370344
2025-08-18 14:30,0.349073
2025-08-18 14:45,0.356942
2025-08-18 15:00,0.353582
2025-08-18 15:15,0.380543
2025-08-18 15:30,0.375555
2025-08-18 15:45,0.385171
2025-08-18 16:00,0.35446
2025-08-18 16:15,0.377356
2025-08-18 16:30,0.426443
2025-08-18 16:45,0.415726
2025-08-18 17:00,0.453564
2025-08-18 17:15,0.471911
2025-08-18 17:30,0.45198
2025-08-18 17:45,0.45032
2025-08-18 18:00,0.433492
2025-08-18 18:15,0.406352
2025-08-18 18:30,0.430816
2025-08-18 18:45,0.450566
2025-08-18 19:00,0.456993
2025-08-18 19:15,0.481891
2025-08-18 19:30,0.461722
2025-08-18 19:45,0.471207
2025-08-18 20:00,0.424748
2025-08-18 20:15,0.445025
2025-08-18 20:30,0.424702
2025-08-18 20:45,0.455254
2025-08-18 21:00,0.415192
2025-08-18 21:15,0.428146
2025-08-18 21:30,0.408053
2025-08-18 21:45,0.454511
2025-08-18 22:00,0.52215
2025-08-18 22:15,0.498011
2025-08-18 22:30,0.524704
2025-08-18 22:45,0.517074
2025-08-18 23:00,0.568871
2025-08-18 23:15,0.635334
2025-08-18 23:30,0.604062
2025-08-18 23:45,0.822731
2025-08-19 00:00,1.0
2025-08-19 00:15,0.950781
2025-08-19 00:30,0.911119
2025-08-19 00:45,0.883239
2025-08-19 01:00,0.804675
2025-08-19 01:15,0.752924
2025-08-19 01:30,0.747864
2025-08-19 01:45,0.708586
2025-08-19 02:00,0.68864
2025-08-19 02:15,0.67859
2025-08-19 02:30,0.650674
2025-08-19 02:45,0.666685
2025-08-19 03:00,0.660028
2025-08-19 03:15,0.581415
2025-08-19 03:30,0.621285
2025-08-19 03:45,0.555351
2025-08-19 04:00,0.57163
2025-08-19 04:15,0.493427
2025-08-19 04:30,0.434563
2025-08-19 04:45,0.401187
2025-08-19 05:00,0.372776
2025-08-19 05:15,0.361007
2025-08-19 05:30,0.306781
2025-08-19 05:45,0.254019
2025-08-19 06:00,0.25388
2025-08-19 06:15,0.223171
2025-08-19 06:30,0.199056
2025-08-19 06:45,0.176854
2025-08-19 07:00,0.175939
2025-08-19 07:15,0.164371
2025-08-19 07:30,0.166901
2025-08-19 07:45,0.190641
2025-08-19 08:00,0.195314
2025-08-19 08:15,0.190288
2025-08-19 08:30,0.179647
2025-08-19 08:45,0.149601
2025-08-19 09:00,0.158969
2025-08-19 09:15,0.16183
2025-08-19 09:30,0.162448
2025-08-19 09:45,0.164612
2025-08-19 10:00,0.165683
2025-08-19 10:15,0.174579
2025-08-19 10:30,0.220441
2025-08-19 10:45,0.234202
2025-08-19 11:00,0.264465
2025-08-19 11:15,0.263222
2025-08-19 11:30,0.296878
2025-08-19 11:45,0.327274
2025-08-19 12:00,0.323985
2025-08-19 12:15,0.341976
2025-08-19 12:30,0.319316
2025-08-19 12:45,0.350399
2025-08-19 13:00,0.348717
2025-08-19 13:15,0.312101
2025-08-19 13:30,0.339878
2025-08-19 13:45,0.331321
2025-08-19 14:00,0.327776
2025-08-19 14:15,0.343644
2025-08-19 14:30,0.314659
2025-08-19 14:45,0.315363
2025-08-19 15:00,0.313493
2025-08-19 15:15,0.363054
2025-08-19 15:30,0.340782
2025-08-19 15:45,0.32668
2025-08-19 16:00,0.355161
2025-08-19 16:15,0.398161
2025-08-19 16:30,0.415241
2025-08-19 16:45,0.421009
2025-08-19 17:00,0.365246
2025-08-19 17:15,0.382485
2025-08-19 17:30,0.396909
2025-08-19 17:45,0.398647
2025-08-19 18:00,0.43975
2025-08-19 18:15,0.390902
2025-08-19 18:30,0.429032
2025-08-19 18:45,0.453353
2025-08-19 19:00,0.403244
2025-08-19 19:15,0.479926
2025-08-19 19:30,0.46315
2025-08-19 19:45,0.467432
2025-08-19 20:00,0.477253
2025-08-19 20:15,0.459588
2025-08-19 20:30,0.474519
2025-08-19 20:45,0.522283
2025-08-19 21:00,0.457793
2025-08-19 21:15,0.463028
2025-08-19 21:30,0.445647
2025-08-19 21:45,0.469868
2025-08-19 22:00,0.538856
2025-08-19 22:15,0.520027
2025-08-19 22:30,0.543083
2025-08-19 22:45,0.541544
2025-08-19 23:00,0.546294
2025-08-19 23:15,0.544369
2025-08-19 23:30,0.577236
2025-08-19 23:45,0.606282
2025-08-20 00:00,0.636744
2025-08-20 00:00,0.6793
2025-08-20 00:15,0.766226
2025-08-20 00:30,0.796607
2025-08-20 00:45,0.753651
2025-08-20 01:00,0.752175
2025-08-20 01:15,0.773806
2025-08-20 01:30,0.775672
2025-08-20 01:45,0.778964
2025-08-20 02:00,0.726783
2025-08-20 02:15,0.704975
2025-08-20 02:30,0.710573
2025-08-20 02:45,0.719512
2025-08-20 03:00,0.672524
2025-08-20 03:15,0.660464
2025-08-20 03:30,0.64218
2025-08-20 03:45,0.599457
2025-08-20 04:00,0.537854
2025-08-20 04:15,0.455151
2025-08-20 04:30,0.442827
2025-08-20 04:45,0.478124
2025-08-20 05:00,0.42661
2025-08-20 05:15,0.440298
2025-08-20 05:30,0.364107
2025-08-20 05:45,0.295362
2025-08-20 06:00,0.261945
2025-08-20 06:15,0.301778
2025-08-20 06:30,0.258242
2025-08-20 06:45,0.268731
2025-08-20 07:00,0.23162
2025-08-20 07:15,0.204072
2025-08-20 07:30,0.186362
2025-08-20 07:45,0.181435
2025-08-20 08:00,0.167504
2025-08-20 08:15,0.184104
2025-08-20 08:30,0.175159
2025-08-20 08:45,0.167464
2025-08-20 09:00,0.189498
2025-08-20 09:15,0.157666
2025-08-20 09:30,0.189308
2025-08-20 09:45,0.196504
2025-08-20 10:00,0.215471
2025-08-20 10:15,0.241547
2025-08-20 10:30,0.271199
2025-08-20 10:45,0.321724
2025-08-20 11:00,0.336666
2025-08-20 11:15,0.349
2025-08-20 11:30,0.370623
2025-08-20 11:45,0.368013
2025-08-20 12:00,0.377923
2025-08-20 12:15,0.365064
2025-08-20 12:30,0.389789
2025-08-20 12:45,0.374852
2025-08-20 13:00,0.377056
2025-08-20 13:15,0.382734
2025-08-20 13:30,0.346749
2025-08-20 13:45,0.382408
2025-08-20 14:00,0.387994
2025-08-20 14:15,0.375315
2025-08-20 14:30,0.374
2025-08-20 14:45,0.370983
2025-08-20 15:00,0.353147
2025-08-20 15:15,0.373917
2025-08-20 15:30,0.355836
2025-08-20 15:45,0.440992
2025-08-20 16:00,0.490916
2025-08-20 16:15,0.473732
2025-08-20 16:30,0.465212
2025-08-20 16:45,0.428409
2025-08-20 17:00,0.412541
2025-08-20 17:15,0.436944
2025-08-20 17:30,0.443765
2025-08-20 17:45,0.448286
2025-08-20 18:00,0.42712
2025-08-20 18:15,0.433451
2025-08-20 18:30,0.333773
2025-08-20 18:45,0.431407
2025-08-20 19:00,0.429131
2025-08-20 19:15,0.481204
2025-08-20 19:30,0.41773
2025-08-20 19:45,0.467599
2025-08-20 20:00,0.447752
2025-08-20 20:15,0.442693
2025-08-20 20:30,0.447175
2025-08-20 20:45,0.450238
2025-08-20 21:00,0.449213
2025-08-20 21:15,0.477859
2025-08-20 21:30,0.469363
2025-08-20 21:45,0.462201
2025-08-20 22:00,0.496096
2025-08-20 22:15,0.541866
2025-08-20 22:30,0.508738
2025-08-20 22:45,0.53433
2025-08-20 23:00,0.508007
2025-08-20 23:15,0.546627
2025-08-20 23:30,0.61501
2025-08-20 23:45,0.668945
2025-08-21 00:00,0.862446
2025-08-21 00:15,0.923725
2025-08-21 00:30,0.951788
2025-08-21 00:45,1.0
2025-08-21 01:00,0.676134
2025-08-21 01:15,0.645381
2025-08-21 01:30,0.61711
2025-08-21 01:45,0.58575
2025-08-21 02:00,0.620534
2025-08-21 02:15,0.650729
2025-08-21 02:30,0.57824
2025-08-21 02:45,0.504418
2025-08-21 03:00,0.538
2025-08-21 03:15,0.530459
2025-08-21 03:30,0.495315
2025-08-21 03:45,0.485959
2025-08-21 04:00,0.414233
2025-08-21 04:15,0.277069
2025-08-21 04:30,0.273645
2025-08-21 04:45,0.385774
2025-08-21 05:00,0.374839
2025-08-21 05:15,0.368067
2025-08-21 05:30,0.353975
2025-08-21 05:45,0.28143
2025-08-21 06:00,0.268984
2025-08-21 06:15,0.249746
2025-08-21 06:30,0.227615
2025-08-21 06:45,0.196988
2025-08-21 07:00,0.232253
2025-08-21 07:15,0.233513
2025-08-21 07:30,0.17832
2025-08-21 07:45,0.196347
2025-08-21 08:00,0.175935
2025-08-21 08:15,0.165942
2025-08-21 08:30,0.190867
2025-08-21 08:45,0.175035
2025-08-21 09:00,0.195677
2025-08-21 09:15,0.217256
2025-08-21 09:30,0.213267
2025-08-21 09:45,0.210256
2025-08-21 10:00,0.221241
2025-08-21 10:15,0.243559
2025-08-21 10:30,0.288884
2025-08-21 10:45,0.24473
2025-08-21 11:00,0.260658
2025-08-21 11:15,0.30314
2025-08-21 11:30,0.275779
2025-08-21 11:45,0.298713
2025-08-21 12:00,0.282348
2025-08-21 12:15,0.325984
2025-08-21 12:30,0.379371
2025-08-21 12:45,0.320427
2025-08-21 13:00,0.319196
2025-08-21 13:15,0.303713
2025-08-21 13:30,0.281337
2025-08-21 13:45,0.291425
2025-08-21 14:00,0.274045
2025-08-21 14:15,0.291246
2025-08-21 14:30,0.323943
2025-08-21 14:45,0.319233
2025-08-21 15:00,0.324891
2025-08-21 15:15,0.297506
2025-08-21 15:30,0.324813
2025-08-21 15:45,0.319062
2025-08-21 16:00,0.283968
2025-08-21 16:15,0.307136
2025-08-21 16:30,0.293229
2025-08-21 16:45,0.319946
2025-08-21 17:00,0.339612
2025-08-21 17:15,0.375001
2025-08-21 17:30,0.363091
2025-08-21 17:45,0.376039
2025-08-21 18:00,0.358362
2025-08-21 18:15,0.389315
2025-08-21 18:30,0.366025
2025-08-21 18:45,0.389144
2025-08-21 19:00,0.388226
2025-08-21 19:15,0.394289
2025-08-21 19:30,0.410262
2025-08-21 19:45,0.430233
2025-08-21 20:00,0.419847
2025-08-21 20:15,0.470562
2025-08-21 20:30,0.420042
2025-08-21 20:45,0.451681
2025-08-21 21:00,0.393424
2025-08-21 21:15,0.453211
2025-08-21 21:30,0.507807
2025-08-21 21:45,0.438301
2025-08-21 22:00,0.41754
2025-08-21 22:15,0.4086
2025-08-21 22:30,0.448548
2025-08-21 22:45,0.532225
2025-08-21 23:00,0.452312
2025-08-21 23:15,0.493856
2025-08-21 23:30,0.546316
2025-08-21 23:45,0.608766
2025-08-22 00:00,0.769446
2025-08-22 00:15,0.869249
2025-08-22 00:30,0.841098
2025-08-22 00:45,0.814855
2025-08-22 01:00,0.728431
2025-08-22 01:15,0.705372
2025-08-22 01:30,0.641528
2025-08-22 01:45,0.638451
2025-08-22 02:00,0.658993
2025-08-22 02:15,0.620302
2025-08-22 02:30,0.613963
2025-08-22 02:45,0.553616
2025-08-22 03:00,0.538171
2025-08-22 03:15,0.568921
2025-08-22 03:30,0.514382
2025-08-22 03:45,0.55101
2025-08-22 04:00,0.569419
2025-08-22 04:15,0.422033
2025-08-22 04:30,0.394766
2025-08-22 04:45,0.368683
2025-08-22 05:00,0.3448
2025-08-22 05:15,0.302171
2025-08-22 05:30,0.259691
2025-08-22 05:45,0.282781
2025-08-22 06:00,0.261708
2025-08-22 06:15,0.229337
2025-08-22 06:30,0.204702
2025-08-22 06:45,0.197427
2025-08-22 07:00,0.198175
2025-08-22 07:15,0.192436
2025-08-22 07:30,0.184725
2025-08-22 07:45,0.201315
2025-08-22 08:00,0.151191
2025-08-22 08:15,0.186184
2025-08-22 08:30,0.151133
2025-08-22 08:45,0.153078
2025-08-22 09:00,0.16079
2025-08-22 09:15,0.160508
2025-08-22 09:30,0.163077
2025-08-22 09:45,0.195063
2025-08-22 10:00,0.198025
2025-08-22 10:15,0.222367
2025-08-22 10:30,0.261115
2025-08-22 10:45,0.286248
2025-08-22 11:00,0.315687
2025-08-22 11:15,0.360901
2025-08-22 11:30,0.341447
2025-08-22 11:45,0.411058
2025-08-22 12:00,0.354121
2025-08-22 12:15,0.350538
2025-08-22 12:30,0.375286
2025-08-22 12:45,0.351792
2025-08-22 13:00,0.329209
2025-08-22 13:15,0.320188
2025-08-22 13:30,0.304944
2025-08-22 13:45,0.311721
2025-08-22 14:00,0.325967
2025-08-22 14:15,0.338078
2025-08-22 14:30,0.278427
2025-08-22 14:45,0.302246
2025-08-22 15:00,0.328332
2025-08-22 15:15,0.314665
2025-08-22 15:30,0.275425
2025-08-22 15:45,0.316704
2025-08-22 16:00,0.27705
2025-08-22 16:15,0.332764
2025-08-22 16:30,0.307929
2025-08-22 16:45,0.319979
2025-08-22 17:00,0.372334
2025-08-22 17:15,0.383308
2025-08-22 17:30,0.41426
2025-08-22 17:45,0.416127
2025-08-22 18:00,0.41585
2025-08-22 18:15,0.442679
2025-08-22 18:30,0.479229
2025-08-22 18:45,0.407067
2025-08-22 19:00,0.439228
2025-08-22 19:15,0.462392
2025-08-22 19:30,0.447823
2025-08-22 19:45,0.410878
2025-08-22 20:00,0.411812
2025-08-22 20:15,0.46076
2025-08-22 20:30,0.492803
2025-08-22 20:45,0.480168
2025-08-22 21:00,0.452293
2025-08-22 21:15,0.497068
2025-08-22 21:30,0.47782
2025-08-22 21:45,0.474546
2025-08-22 22:00,0.446014
2025-08-22 22:15,0.438762
2025-08-22 22:30,0.465288
2025-08-22 22:45,0.524185
2025-08-22 23:00,0.496669
2025-08-22 23:15,0.579904
2025-08-22 23:30,0.58599
2025-08-22 23:45,0.658818
2025-08-23 00:00,0.771801
2025-08-23 00:15,0.887124
2025-08-23 00:30,0.845949
2025-08-23 00:45,0.829545
2025-08-23 01:00,0.759805
2025-08-23 01:15,0.742046
2025-08-23 01:30,0.759143
2025-08-23 01:45,0.805721
2025-08-23 02:00,0.683771
2025-08-23 02:15,0.643133
2025-08-23 02:30,0.658632
2025-08-23 02:45,0.626552
2025-08-23 03:00,0.600343
2025-08-23 03:15,0.644241
2025-08-23 03:30,0.557801
2025-08-23 03:45,0.49803
2025-08-23 04:00,0.461043
2025-08-23 04:15,0.542397
2025-08-23 04:30,0.511053
2025-08-23 04:45,0.495787
2025-08-23 05:00,0.42268
2025-08-23 05:15,0.395685
2025-08-23 05:30,0.335068
2025-08-23 05:45,0.323825
2025-08-23 06:00,0.33192
2025-08-23 06:15,0.295309
2025-08-23 06:30,0.255619
2025-08-23 06:45,0.251456
2025-08-23 07:00,0.249597
2025-08-23 07:15,0.218409
2025-08-23 07:30,0.217098
2025-08-23 07:45,0.201438
2025-08-23 08:00,0.194896
2025-08-23 08:15,0.175981
2025-08-23 08:30,0.180472
2025-08-23 08:45,0.187825
2025-08-23 09:00,0.16869
2025-08-23 09:15,0.175867
2025-08-23 09:30,0.172647
2025-08-23 09:45,0.18699
2025-08-23 10:00,0.207333
2025-08-23 10:15,0.218175
2025-08-23 10:30,0.21903
2025-08-23 10:45,0.22781
2025-08-23 11:00,0.225403
2025-08-23 11:15,0.275642
2025-08-23 11:30,0.297268
2025-08-23 11:45,0.31509
2025-08-23 12:00,0.313372
2025-08-23 12:15,0.350187
2025-08-23 12:30,0.340996
2025-08-23 12:45,0.363185
2025-08-23 13:00,0.341579
2025-08-23 13:15,0.353143
2025-08-23 13:30,0.346008
2025-08-23 13:45,0.31906
2025-08-23 14:00,0.354763
2025-08-23 14:15,0.353693
2025-08-23 14:30,0.330599
2025-08-23 14:45,0.334976
2025-08-23 15:00,0.351279
2025-08-23 15:15,0.333715
2025-08-23 15:30,0.331629
2025-08-23 15:45,0.36597
2025-08-23 16:00,0.35766
2025-08-23 16:15,0.342382
2025-08-23 16:30,0.336439
2025-08-23 16:45,0.379406
2025-08-23 17:00,0.373258
2025-08-23 17:15,0.394805
2025-08-23 17:30,0.390777
2025-08-23 17:45,0.445996
2025-08-23 18:00,0.402248
2025-08-23 18:15,0.435423
2025-08-23 18:30,0.434492
2025-08-23 18:45,0.464086
2025-08-23 19:00,0.435511
2025-08-23 19:15,0.437641
2025-08-23 19:30,0.504258
2025-08-23 19:45,0.57722
2025-08-23 20:00,0.469681
2025-08-23 20:15,0.488563
2025-08-23 20:30,0.484793
2025-08-23 20:45,0.520251
2025-08-23 21:00,0.494971
2025-08-23 21:15,0.528364
2025-08-23 21:30,0.546208
2025-08-23 21:45,0.503148
2025-08-23 22:00,0.490692
2025-08-23 22:15,0.510345
2025-08-23 22:30,0.514896
2025-08-23 22:45,0.503772
2025-08-23 23:00,0.488358
2025-08-23 23:15,0.59008
2025-08-23 23:30,0.630353
2025-08-23 23:45,0.632728
2025-08-24 00:00,0.769387
2025-08-24 00:15,0.779476
2025-08-24 00:30,0.789473
2025-08-24 00:45,0.798055
2025-08-24 01:00,0.802798
2025-08-24 01:15,0.810032
2025-08-24 01:30,0.721481
2025-08-24 01:45,0.727425
2025-08-24 02:00,0.724972
2025-08-24 02:15,0.701884
2025-08-24 02:30,0.683517
2025-08-24 02:45,0.587106
2025-08-24 03:00,0.58123
2025-08-24 03:15,0.561394
2025-08-24 03:30,0.533804
2025-08-24 03:45,0.500045
2025-08-24 04:00,0.51933
2025-08-24 04:15,0.476834
2025-08-24 04:30,0.438045
2025-08-24 04:45,0.432989
2025-08-24 05:00,0.434299
2025-08-24 05:15,0.400409
2025-08-24 05:30,0.368954
2025-08-24 05:45,0.344345
2025-08-24 06:00,0.340216
2025-08-24 06:15,0.33653
2025-08-24 06:30,0.300031
2025-08-24 06:45,0.253317
2025-08-24 07:00,0.286681
2025-08-24 07:15,0.230779
2025-08-24 07:30,0.245627
2025-08-24 07:45,0.207868
2025-08-24 08:00,0.18755
2025-08-24 08:15,0.184015
2025-08-24 08:30,0.18096
2025-08-24 08:45,0.19914
2025-08-24 09:00,0.196025
2025-08-24 09:15,0.16188
2025-08-24 09:30,0.165396
2025-08-24 09:45,0.1696
2025-08-24 10:00,0.18148
2025-08-24 10:15,0.208617
2025-08-24 10:30,0.209109
2025-08-24 10:45,0.224018
2025-08-24 11:00,0.246091
2025-08-24 11:15,0.24961
2025-08-24 11:30,0.282098
2025-08-24 11:45,0.292734
2025-08-24 12:00,0.285291
2025-08-24 12:15,0.319395
2025-08-24 12:30,0.333858
2025-08-24 12:45,0.328453
2025-08-24 13:00,0.367166
2025-08-24 13:15,0.373547
2025-08-24 13:30,0.366694
2025-08-24 13:45,0.378428
2025-08-24 14:00,0.368724
2025-08-24 14:15,0.411227
2025-08-24 14:30,0.494577
2025-08-24 14:45,0.451244
2025-08-24 15:00,0.434563
2025-08-24 15:15,0.393509
2025-08-24 15:30,0.430999
2025-08-24 15:45,0.418798
2025-08-24 16:00,0.436358
2025-08-24 16:15,0.420748
2025-08-24 16:30,0.448327
2025-08-24 16:45,0.441232
2025-08-24 17:00,0.488649
2025-08-24 17:15,0.458244
2025-08-24 17:30,0.482085
2025-08-24 17:45,0.478363
2025-08-24 18:00,0.54814
2025-08-24 18:15,0.455485
2025-08-24 18:30,0.463292
2025-08-24 18:45,0.470009
2025-08-24 19:00,0.441215
2025-08-24 19:15,0.485058
2025-08-24 19:30,0.489536
2025-08-24 19:45,0.487546
2025-08-24 20:00,0.516161
2025-08-24 20:15,0.552754
2025-08-24 20:30,0.530271
2025-08-24 20:45,0.619826
2025-08-24 21:00,0.528784
2025-08-24 21:15,0.564668
2025-08-24 21:30,0.588596
2025-08-24 21:45,0.603375
2025-08-24 22:00,0.5768
2025-08-24 22:15,0.562889
2025-08-24 22:30,0.58531
2025-08-24 22:45,0.589916
2025-08-24 23:00,0.586149
2025-08-24 23:15,0.641501
2025-08-24 23:30,0.735539
2025-08-24 23:45,0.797733
2025-08-25 00:00,0.801466
2025-08-25 00:15,0.90028
2025-08-25 00:30,0.788398
2025-08-25 00:45,0.742218
2025-08-25 01:00,0.710607
2025-08-25 01:15,0.697807
2025-08-25 01:30,0.640201
2025-08-25 01:45,0.687527
2025-08-25 02:00,0.68551
2025-08-25 02:15,0.671509
2025-08-25 02:30,0.590823
2025-08-25 02:45,0.562374
2025-08-25 03:00,0.553334
2025-08-25 03:15,0.553368
2025-08-25 03:30,0.493879
2025-08-25 03:45,0.533856
2025-08-25 04:00,0.461955
2025-08-25 04:15,0.450902
2025-08-25 04:30,0.411347
2025-08-25 04:45,0.407587
2025-08-25 05:00,0.387061
2025-08-25 05:15,0.319774
2025-08-25 05:30,0.32472
2025-08-25 05:45,0.276401
2025-08-25 06:00,0.271787
2025-08-25 06:15,0.264151
2025-08-25 06:30,0.229407
2025-08-25 06:45,0.210135
2025-08-25 07:00,0.191896
2025-08-25 07:15,0.188198
2025-08-25 07:30,0.174359
2025-08-25 07:45,0.187225
2025-08-25 08:00,0.195783
2025-08-25 08:15,0.182997
2025-08-25 08:30,0.172052
2025-08-25 08:45,0.168489
2025-08-25 09:00,0.166162
2025-08-25 09:15,0.173216
2025-08-25 09:30,0.194848
2025-08-25 09:45,0.198626
2025-08-25 10:00,0.218844
2025-08-25 10:15,0.242667
2025-08-25 10:30,0.287131
2025-08-25 10:45,0.312712
2025-08-25 11:00,0.309229
2025-08-25 11:15,0.350234
2025-08-25 11:30,0.390388
2025-08-25 11:45,0.344757
2025-08-25 12:00,0.350419
2025-08-25 12:15,0.336872
2025-08-25 12:30,0.386418
2025-08-25 12:45,0.365929
2025-08-25 13:00,0.372827
2025-08-25 13:15,0.353724
2025-08-25 13:30,0.314793
2025-08-25 13:45,0.290642
2025-08-25 14:00,0.305826
2025-08-25 14:15,0.318444
2025-08-25 14:30,0.295669
2025-08-25 14:45,0.34223
2025-08-25 15:00,0.304118
2025-08-25 15:15,0.305789
2025-08-25 15:30,0.345548
2025-08-25 15:45,0.391031
2025-08-25 16:00,0.381521
2025-08-25 16:15,0.405931
2025-08-25 16:30,0.421081
2025-08-25 16:45,0.444527
2025-08-25 17:00,0.399281
2025-08-25 17:15,0.395739
2025-08-25 17:30,0.371255
2025-08-25 17:45,0.385612
2025-08-25 18:00,0.403428
2025-08-25 18:15,0.424296
2025-08-25 18:30,0.423218
2025-08-25 18:45,0.451563
2025-08-25 19:00,0.407942
2025-08-25 19:15,0.441971
2025-08-25 19:30,0.470663
2025-08-25 19:45,0.453338
2025-08-25 20:00,0.43079
2025-08-25 20:15,0.436953
2025-08-25 20:30,0.454119
2025-08-25 20:45,0.454078
2025-08-25 21:00,0.433246
2025-08-25 21:15,0.417199
2025-08-25 21:30,0.487779
2025-08-25 21:45,0.474394
2025-08-25 22:00,0.496935
2025-08-25 22:15,0.497239
2025-08-25 22:30,0.528125
2025-08-25 22:45,0.533474
2025-08-25 23:00,0.527173
2025-08-25 23:15,0.589109
2025-08-25 23:30,0.626147
2025-08-25 23:45,0.709116
2025-08-26 00:00,0.868784
2025-08-26 00:15,0.844868
2025-08-26 00:30,0.912258
2025-08-26 00:45,0.884653
2025-08-26 01:00,0.802408
2025-08-26 01:15,0.658266
2025-08-26 01:30,0.675161
2025-08-26 01:45,0.724216
2025-08-26 02:00,0.706671
2025-08-26 02:15,0.636703
2025-08-26 02:30,0.661064
2025-08-26 02:45,0.607083
2025-08-26 03:00,0.619226
2025-08-26 03:15,0.563483
2025-08-26 03:30,0.628767
2025-08-26 03:45,0.522475
2025-08-26 04:00,0.4728
2025-08-26 04:15,0.410295
2025-08-26 04:30,0.37693
2025-08-26 04:45,0.354995
2025-08-26 05:00,0.323173
2025-08-26 05:15,0.326786
2025-08-26 05:30,0.33537
2025-08-26 05:45,0.261616
2025-08-26 06:00,0.250202
2025-08-26 06:15,0.228381
2025-08-26 06:30,0.128982
2025-08-26 06:45,0.17646
2025-08-26 07:00,0.226669
2025-08-26 07:15,0.221477
2025-08-26 07:30,0.208604
2025-08-26 07:45,0.187585
2025-08-26 08:00,0.169365
2025-08-26 08:15,0.210042
2025-08-26 08:30,0.183135
2025-08-26 08:45,0.21659
2025-08-26 09:00,0.192997
2025-08-26 09:15,0.183341
2025-08-26 09:30,0.180061
2025-08-26 09:45,0.207063
2025-08-26 10:00,0.213363
2025-08-26 10:15,0.223162
2025-08-26 10:30,0.27555
2025-08-26 10:45,0.331924
2025-08-26 11:00,0.315812
2025-08-26 11:15,0.357313
2025-08-26 11:30,0.333722
2025-08-26 11:45,0.338299
2025-08-26 12:00,0.363715
2025-08-26 12:15,0.394992
2025-08-26 12:30,0.390925
2025-08-26 12:45,0.388858
2025-08-26 13:00,0.373003
2025-08-26 13:15,0.38257
2025-08-26 13:30,0.395855
2025-08-26 13:45,0.349044
2025-08-26 14:00,0.338037
2025-08-26 14:15,0.322319
2025-08-26 14:30,0.332699
2025-08-26 14:45,0.364156
2025-08-26 15:00,0.37877
2025-08-26 15:15,0.365369
2025-08-26 15:30,0.421833
2025-08-26 15:45,0.399141
2025-08-26 16:00,0.407486
2025-08-26 16:15,0.404133
2025-08-26 16:30,0.369426
2025-08-26 16:45,0.427173
2025-08-26 17:00,0.411941
2025-08-26 17:15,0.421281
2025-08-26 17:30,0.427961
2025-08-26 17:45,0.468263
2025-08-26 18:00,0.503191
2025-08-26 18:15,0.485086
2025-08-26 18:30,0.494364
2025-08-26 18:45,0.522413
2025-08-26 19:00,0.4792
2025-08-26 19:15,0.48543
2025-08-26 19:30,0.514383
2025-08-26 19:45,0.492133
2025-08-26 20:00,0.47271
2025-08-26 20:15,0.46885
2025-08-26 20:30,0.515215
2025-08-26 20:45,0.49223
2025-08-26 21:00,0.438885
2025-08-26 21:15,0.500432
2025-08-26 21:30,0.483122
2025-08-26 21:45,0.525903
2025-08-26 22:00,0.579087
2025-08-26 22:15,0.583086
2025-08-26 22:30,0.536627
2025-08-26 22:45,0.56428
2025-08-26 23:00,0.512396
2025-08-26 23:15,0.535803
2025-08-26 23:30,0.613561
2025-08-26 23:45,0.730657
2025-08-27 00:00,0.923605
2025-08-27 00:00,1.0
2025-08-27 00:15,0.932658
2025-08-27 00:30,0.975983
2025-08-27 00:45,0.975384
2025-08-27 01:00,0.864964
2025-08-27 01:15,0.865267
2025-08-27 01:30,0.729965
2025-08-27 01:45,0.741455
2025-08-27 02:00,0.74278
2025-08-27 02:15,0.728259
2025-08-27 02:30,0.682681
2025-08-27 02:45,0.614312
2025-08-27 03:00,0.575972
2025-08-27 03:15,0.56953
2025-08-27 03:30,0.56851
2025-08-27 03:45,0.546116
2025-08-27 04:00,0.457799
2025-08-27 04:15,0.396194
2025-08-27 04:30,0.387995
2025-08-27 04:45,0.36203
2025-08-27 05:00,0.323035
2025-08-27 05:15,0.325202
2025-08-27 05:30,0.285549
2025-08-27 05:45,0.270544
2025-08-27 06:00,0.242483
2025-08-27 06:15,0.248471
2025-08-27 06:30,0.246367
2025-08-27 06:45,0.14094
2025-08-27 07:00,0.035361
2025-08-27 07:15,0.040265
2025-08-27 07:30,0.041978
2025-08-27 07:45,0.045589
2025-08-27 08:00,0.051805
2025-08-27 08:15,0.055016
2025-08-27 08:30,0.061767
2025-08-27 08:45,0.04905
2025-08-27 09:00,0.041839
2025-08-27 09:15,0.04169
2025-08-27 09:30,0.045878
2025-08-27 09:45,0.05588
2025-08-27 10:00,0.05272
2025-08-27 10:15,0.062337
2025-08-27 10:30,0.07564
2025-08-27 10:45,0.077035
2025-08-27 11:00,0.068008
2025-08-27 11:15,0.096605
2025-08-27 11:30,0.089695
2025-08-27 11:45,0.088235
2025-08-27 12:00,0.110922
2025-08-27 12:15,0.09614
2025-08-27 12:30,0.096604
2025-08-27 12:45,0.108161
2025-08-27 13:00,0.138721
2025-08-27 13:15,0.116231
2025-08-27 13:30,0.103205
2025-08-27 13:45,0.10239
2025-08-27 14:00,0.106928
2025-08-27 14:15,0.106651
2025-08-27 14:30,0.103504
2025-08-27 14:45,0.110213
2025-08-27 15:00,0.109663
2025-08-27 15:15,0.091746
2025-08-27 15:30,0.09699
2025-08-27 15:45,0.09513
2025-08-27 16:00,0.100813
2025-08-27 16:15,0.113459
2025-08-27 16:30,0.143385
2025-08-27 16:45,0.11304
2025-08-27 17:00,0.095335
2025-08-27 17:15,0.101619
2025-08-27 17:30,0.098273
2025-08-27 17:45,0.105999
2025-08-27 18:00,0.112009
2025-08-27 18:15,0.122443
2025-08-27 18:30,0.158661
2025-08-27 18:45,0.140817
2025-08-27 19:00,0.138729
2025-08-27 19:15,0.147156
2025-08-27 19:30,0.190371
2025-08-27 19:45,0.197346
2025-08-27 20:00,0.261377
2025-08-27 20:15,0.261233
2025-08-27 20:30,0.289085
2025-08-27 20:45,0.274877
2025-08-27 21:00,0.277623
2025-08-27 21:15,0.269577
2025-08-27 21:30,0.28634
2025-08-27 21:45,0.302473
2025-08-27 22:00,0.294606
2025-08-27 22:15,0.33211
2025-08-27 22:30,0.339755
2025-08-27 22:45,0.333291
2025-08-27 23:00,0.33465
2025-08-27 23:15,0.397862
2025-08-27 23:30,0.415835
2025-08-27 23:45,0.447194
2025-08-28 00:00,0.640435
2025-08-28 00:15,0.733509
2025-08-28 00:30,0.795478
2025-08-28 00:45,0.797678
2025-08-28 01:00,0.831997
2025-08-28 01:15,0.644393
2025-08-28 01:30,0.617804
2025-08-28 01:45,0.597915
2025-08-28 02:00,0.575144
2025-08-28 02:15,0.544109
2025-08-28 02:30,0.590976
2025-08-28 02:45,0.591845
2025-08-28 03:00,0.554713
2025-08-28 03:15,0.571191
2025-08-28 03:30,0.497139
2025-08-28 03:45,0.534681
2025-08-28 04:00,0.449541
2025-08-28 04:15,0.447047
2025-08-28 04:30,0.394338
2025-08-28 04:45,0.377387
2025-08-28 05:00,0.359855
2025-08-28 05:15,0.312623
2025-08-28 05:30,0.335209
2025-08-28 05:45,0.327827
2025-08-28 06:00,0.283735
2025-08-28 06:15,0.264404
2025-08-28 06:30,0.239437
2025-08-28 06:45,0.221188
2025-08-28 07:00,0.229572
2025-08-28 07:15,0.20289
2025-08-28 07:30,0.203048
2025-08-28 07:45,0.16662
2025-08-28 08:00,0.168619
2025-08-28 08:15,0.162566
2025-08-28 08:30,0.175416
2025-08-28 08:45,0.187513
2025-08-28 09:00,0.169983
2025-08-28 09:15,0.168326
2025-08-28 09:30,0.188649
2025-08-28 09:45,0.20211
2025-08-28 10:00,0.20664
2025-08-28 10:15,0.266157
2025-08-28 10:30,0.337019
2025-08-28 10:45,0.39618
2025-08-28 11:00,0.411416
2025-08-28 11:15,0.360892
2025-08-28 11:30,0.380197
2025-08-28 11:45,0.421751
2025-08-28 12:00,0.447393
2025-08-28 12:15,0.436708
2025-08-28 12:30,0.413263
2025-08-28 12:45,0.437042
2025-08-28 13:00,0.420096
2025-08-28 13:15,0.41988
2025-08-28 13:30,0.392163
2025-08-28 13:45,0.42554
2025-08-28 14:00,0.452363
2025-08-28 14:15,0.416164
2025-08-28 14:30,0.429434
2025-08-28 14:45,0.397945
2025-08-28 15:00,0.425223
2025-08-28 15:15,0.43211
2025-08-28 15:30,0.44186
2025-08-28 15:45,0.412073
2025-08-28 16:00,0.414624
2025-08-28 16:15,0.44698
2025-08-28 16:30,0.494482
2025-08-28 16:45,0.480031
2025-08-28 17:00,0.42089
2025-08-28 17:15,0.474164
2025-08-28 17:30,0.489798
2025-08-28 17:45,0.468377
2025-08-28 18:00,0.480692
2025-08-28 18:15,0.503729
2025-08-28 18:30,0.532671
2025-08-28 18:45,0.525036
2025-08-28 19:00,0.504857
2025-08-28 19:15,0.550412
2025-08-28 19:30,0.459333
2025-08-28 19:45,0.46092
2025-08-28 20:00,0.51027
2025-08-28 20:15,0.326243
2025-08-28 20:30,0.348061
2025-08-28 20:45,0.489456
2025-08-28 21:00,0.500487
2025-08-28 21:15,0.504049
2025-08-28 21:30,0.311309
2025-08-28 21:45,0.354502
2025-08-28 22:00,0.4039
2025-08-28 22:15,0.526675
2025-08-28 22:30,0.562475
2025-08-28 22:45,0.606614
2025-08-28 23:00,0.560178
2025-08-28 23:15,0.585817
2025-08-28 23:30,0.611815
2025-08-28 23:45,0.715437
2025-08-29 00:00,0.832094
2025-08-29 00:15,0.981972
2025-08-29 00:30,0.807762
2025-08-29 00:45,0.805584
2025-08-29 01:00,0.73311
2025-08-29 01:15,0.714554
2025-08-29 01:30,0.683315
2025-08-29 01:45,0.714859
2025-08-29 02:00,0.745455
2025-08-29 02:15,0.745982
2025-08-29 02:30,0.677021
2025-08-29 02:45,0.641796
2025-08-29 03:00,0.658694
2025-08-29 03:15,0.58082
2025-08-29 03:30,0.522191
2025-08-29 03:45,0.531891
2025-08-29 04:00,0.473541
2025-08-29 04:15,0.514622
2025-08-29 04:30,0.422937
2025-08-29 04:45,0.422818
2025-08-29 05:00,0.365433
2025-08-29 05:15,0.355146
2025-08-29 05:30,0.348418
2025-08-29 05:45,0.33817
2025-08-29 06:00,0.287666
2025-08-29 06:15,0.237316
2025-08-29 06:30,0.238171
2025-08-29 06:45,0.211467
2025-08-29 07:00,0.208359
2025-08-29 07:15,0.210597
2025-08-29 07:30,0.175857
2025-08-29 07:45,0.196426
2025-08-29 08:00,0.175108
2025-08-29 08:15,0.167619
2025-08-29 08:30,0.174153
2025-08-29 08:45,0.154435
2025-08-29 09:00,0.152214
2025-08-29 09:15,0.188409
2025-08-29 09:30,0.190705
2025-08-29 09:45,0.223605
2025-08-29 10:00,0.200927
2025-08-29 10:15,0.224642
2025-08-29 10:30,0.28595
2025-08-29 10:45,0.28959
2025-08-29 11:00,0.311973
2025-08-29 11:15,0.323164
2025-08-29 11:30,0.326084
2025-08-29 11:45,0.380063
2025-08-29 12:00,0.367971
2025-08-29 12:15,0.414284
2025-08-29 12:30,0.340338
2025-08-29 12:45,0.352472
2025-08-29 13:00,0.395275
2025-08-29 13:15,0.383471
2025-08-29 13:30,0.357908
2025-08-29 13:45,0.352745
2025-08-29 14:00,0.306126
2025-08-29 14:15,0.36176
2025-08-29 14:30,0.337739
2025-08-29 14:45,0.335894
2025-08-29 15:00,0.331163
2025-08-29 15:15,0.340899
2025-08-29 15:30,0.353466
2025-08-29 15:45,0.421921
2025-08-29 16:00,0.355021
2025-08-29 16:15,0.404154
2025-08-29 16:30,0.382847
2025-08-29 16:45,0.364333
2025-08-29 17:00,0.383785
2025-08-29 17:15,0.432255
2025-08-29 17:30,0.43571
2025-08-29 17:45,0.451267
2025-08-29 18:00,0.473237
2025-08-29 18:15,0.479336
2025-08-29 18:30,0.484526
2025-08-29 18:45,0.475251
2025-08-29 19:00,0.513344
2025-08-29 19:15,0.526758
2025-08-29 19:30,0.511761
2025-08-29 19:45,0.478507
2025-08-29 20:00,0.451216
2025-08-29 20:15,0.473225
2025-08-29 20:30,0.504506
2025-08-29 20:45,0.490082
2025-08-29 21:00,0.505539
2025-08-29 21:15,0.484295
2025-08-29 21:30,0.464657
2025-08-29 21:45,0.520333
2025-08-29 22:00,0.489649
2025-08-29 22:15,0.470353
2025-08-29 22:30,0.486289
2025-08-29 22:45,0.532492
2025-08-29 23:00,0.605883
2025-08-29 23:15,0.583864
2025-08-29 23:30,0.690939
2025-08-29 23:45,0.6799
2025-08-30 00:00,0.822875
2025-08-30 00:15,0.788592
2025-08-30 00:30,0.813417
2025-08-30 00:45,0.787266
2025-08-30 01:00,0.764965
2025-08-30 01:15,0.67095
2025-08-30 01:30,0.700126
2025-08-30 01:45,0.660915
2025-08-30 02:00,0.684092
2025-08-30 02:15,0.697687
2025-08-30 02:30,0.656001
2025-08-30 02:45,0.624969
2025-08-30 03:00,0.719465
2025-08-30 03:15,0.621186
2025-08-30 03:30,0.619944
2025-08-30 03:45,0.572161
2025-08-30 04:00,0.525647
2025-08-30 04:15,0.498259
2025-08-30 04:30,0.542218
2025-08-30 04:45,0.480139
2025-08-30 05:00,0.41521
2025-08-30 05:15,0.373604
2025-08-30 05:30,0.355089
2025-08-30 05:45,0.34917
2025-08-30 06:00,0.331773
2025-08-30 06:15,0.316068
2025-08-30 06:30,0.281121
2025-08-30 06:45,0.274145
2025-08-30 07:00,0.280251
2025-08-30 07:15,0.287546
2025-08-30 07:30,0.246607
2025-08-30 07:45,0.23487
2025-08-30 08:00,0.191902
2025-08-30 08:15,0.165104
2025-08-30 08:30,0.151729
2025-08-30 08:45,0.158241
2025-08-30 09:00,0.14682
2025-08-30 09:15,0.138702
2025-08-30 09:30,0.1698
2025-08-30 09:45,0.165802
2025-08-30 10:00,0.186543
2025-08-30 10:15,0.189132
2025-08-30 10:30,0.224845
2025-08-30 10:45,0.25269
2025-08-30 11:00,0.279301
2025-08-30 11:15,0.290188
2025-08-30 11:30,0.30286
2025-08-30 11:45,0.34264
2025-08-30 12:00,0.396501
2025-08-30 12:15,0.345719
2025-08-30 12:30,0.371249
2025-08-30 12:45,0.341876
2025-08-30 13:00,0.334504
2025-08-30 13:15,0.360031
2025-08-30 13:30,0.361687
2025-08-30 13:45,0.405528
2025-08-30 14:00,0.340218
2025-08-30 14:15,0.391721
2025-08-30 14:30,0.366265
2025-08-30 14:45,0.381954
2025-08-30 15:00,0.390817
2025-08-30 15:15,0.379936
2025-08-30 15:30,0.350398
2025-08-30 15:45,0.385944
2025-08-30 16:00,0.403342
2025-08-30 16:15,0.40507
2025-08-30 16:30,0.426929
2025-08-30 16:45,0.426511
2025-08-30 17:00,0.474282
2025-08-30 17:15,0.486793
2025-08-30 17:30,0.454094
2025-08-30 17:45,0.449349
2025-08-30 18:00,0.434108
2025-08-30 18:15,0.445447
2025-08-30 18:30,0.463534
2025-08-30 18:45,0.461715
2025-08-30 19:00,0.462478
2025-08-30 19:15,0.493636
2025-08-30 19:30,0.490766
2025-08-30 19:45,0.483437
2025-08-30 20:00,0.518377
2025-08-30 20:15,0.496024
2025-08-30 20:30,0.534814
2025-08-30 20:45,0.527779
2025-08-30 21:00,0.556746
2025-08-30 21:15,0.513522
2025-08-30 21:30,0.522985
2025-08-30 21:45,0.570765
2025-08-30 22:00,0.527157
2025-08-30 22:15,0.552777
2025-08-30 22:30,0.607961
2025-08-30 22:45,0.584358
2025-08-30 23:00,0.569692
2025-08-30 23:15,0.568855
2025-08-30 23:30,0.628603
2025-08-30 23:45,0.693719
2025-08-31 00:00,0.790356
2025-08-31 00:15,0.869845
2025-08-31 00:30,0.777002
2025-08-31 00:45,0.748972
2025-08-31 01:00,0.79579
2025-08-31 01:15,0.694017
2025-08-31 01:30,0.710471
2025-08-31 01:45,0.692632
2025-08-31 02:00,0.77564
2025-08-31 02:15,0.839658
2025-08-31 02:30,0.712348
2025-08-31 02:45,0.669805
2025-08-31 03:00,0.668328
2025-08-31 03:15,0.61165
2025-08-31 03:30,0.620337
2025-08-31 03:45,0.554569
2025-08-31 04:00,0.557491
2025-08-31 04:15,0.523864
2025-08-31 04:30,0.492427
2025-08-31 04:45,0.4586
2025-08-31 05:00,0.392272
2025-08-31 05:15,0.378093
2025-08-31 05:30,0.359676
2025-08-31 05:45,0.34424
2025-08-31 06:00,0.317713
2025-08-31 06:15,0.353655
2025-08-31 06:30,0.370471
2025-08-31 06:45,0.298362
2025-08-31 07:00,0.270977
2025-08-31 07:15,0.235903
2025-08-31 07:30,0.233851
2025-08-31 07:45,0.201486
2025-08-31 08:00,0.214154
2025-08-31 08:15,0.204228
2025-08-31 08:30,0.220197
2025-08-31 08:45,0.214007
2025-08-31 09:00,0.199322
2025-08-31 09:15,0.186139
2025-08-31 09:30,0.199191
2025-08-31 09:45,0.195908
2025-08-31 10:00,0.210568
2025-08-31 10:15,0.200893
2025-08-31 10:30,0.203837
2025-08-31 10:45,0.240657
2025-08-31 11:00,0.281795
2025-08-31 11:15,0.301381
2025-08-31 11:30,0.332612
2025-08-31 11:45,0.32939
2025-08-31 12:00,0.359353
2025-08-31 12:15,0.330916
2025-08-31 12:30,0.40245
2025-08-31 12:45,0.396036
2025-08-31 13:00,0.386834
2025-08-31 13:15,0.398654
2025-08-31 13:30,0.380826
2025-08-31 13:45,0.410203
2025-08-31 14:00,0.438045
2025-08-31 14:15,0.440986
2025-08-31 14:30,0.428822
2025-08-31 14:45,0.434107
2025-08-31 15:00,0.43684
2025-08-31 15:15,0.413063
2025-08-31 15:30,0.433521
2025-08-31 15:45,0.424531
2025-08-31 16:00,0.446742
2025-08-31 16:15,0.455677
2025-08-31 16:30,0.491721
2025-08-31 16:45,0.470075
2025-08-31 17:00,0.463296
2025-08-31 17:15,0.469818
2025-08-31 17:30,0.517399
2025-08-31 17:45,0.504023
2025-08-31 18:00,0.535288
2025-08-31 18:15,0.528496
2025-08-31 18:30,0.506465
2025-08-31 18:45,0.588606
2025-08-31 19:00,0.580226
2025-08-31 19:15,0.631921
2025-08-31 19:30,0.64415
2025-08-31 19:45,0.6521
2025-08-31 20:00,0.635211
2025-08-31 20:15,0.695178
2025-08-31 20:30,0.719108
2025-08-31 20:45,0.701438
2025-08-31 21:00,0.725728
2025-08-31 21:15,0.769486
2025-08-31 21:30,0.713316
2025-08-31 21:45,0.678041
2025-08-31 22:00,0.647914
2025-08-31 22:15,0.658907
2025-08-31 22:30,0.648306
2025-08-31 22:45,0.657377
2025-08-31 23:00,0.676848
2025-08-31 23:15,0.772439
2025-08-31 23:30,0.721845
2025-08-31 23:45,0.657949
2025-09-01 00:00,0.744469
2025-09-01 00:15,0.811371
2025-09-01 00:30,0.826185
2025-09-01 00:45,0.781896
2025-09-01 01:00,0.719488
2025-09-01 01:15,0.774496
2025-09-01 01:30,0.77842
2025-09-01 01:45,0.779362
2025-09-01 02:00,0.657517
2025-09-01 02:15,0.603395
2025-09-01 02:30,0.674809
2025-09-01 02:45,0.590172
2025-09-01 03:00,0.645167
2025-09-01 03:15,0.622433
2025-09-01 03:30,0.65
2025-09-01 03:45,0.508238
2025-09-01 04:00,0.499622
2025-09-01 04:15,0.458709
2025-09-01 04:30,0.406827
2025-09-01 04:45,0.435264
2025-09-01 05:00,0.401241
2025-09-01 05:15,0.366481
2025-09-01 05:30,0.354823
2025-09-01 05:45,0.343956
2025-09-01 06:00,0.297864
2025-09-01 06:15,0.274459
2025-09-01 06:30,0.276152
2025-09-01 06:45,0.226131
2025-09-01 07:00,0.21199
2025-09-01 07:15,0.182441
2025-09-01 07:30,0.189205
2025-09-01 07:45,0.197824
2025-09-01 08:00,0.189482
2025-09-01 08:15,0.1881
2025-09-01 08:30,0.172883
2025-09-01 08:45,0.177938
2025-09-01 09:00,0.172932
2025-09-01 09:15,0.173752
2025-09-01 09:30,0.199204
2025-09-01 09:45,0.226123
2025-09-01 10:00,0.227654
2025-09-01 10:15,0.244183
2025-09-01 10:30,0.271151
2025-09-01 10:45,0.323769
2025-09-01 11:00,0.338088
2025-09-01 11:15,0.368909
2025-09-01 11:30,0.365747
2025-09-01 11:45,0.382605
2025-09-01 12:00,0.399184
2025-09-01 12:15,0.389031
2025-09-01 12:30,0.407592
2025-09-01 12:45,0.382128
2025-09-01 13:00,0.358656
2025-09-01 13:15,0.376111
2025-09-01 13:30,0.370588
2025-09-01 13:45,0.369461
2025-09-01 14:00,0.321624
2025-09-01 14:15,0.299067
2025-09-01 14:30,0.332374
2025-09-01 14:45,0.312591
2025-09-01 15:00,0.3356
2025-09-01 15:15,0.357189
2025-09-01 15:30,0.351527
2025-09-01 15:45,0.311921
2025-09-01 16:00,0.331218
2025-09-01 16:15,0.342265
2025-09-01 16:30,0.326363
2025-09-01 16:45,0.367111
2025-09-01 17:00,0.370135
2025-09-01 17:15,0.419922
2025-09-01 17:30,0.407525
2025-09-01 17:45,0.449555
2025-09-01 18:00,0.419882
2025-09-01 18:15,0.414217
2025-09-01 18:30,0.402512
2025-09-01 18:45,0.459941
2025-09-01 19:00,0.461924
2025-09-01 19:15,0.465491
2025-09-01 19:30,0.535584
2025-09-01 19:45,0.518703
2025-09-01 20:00,0.534907
2025-09-01 20:15,0.464739
2025-09-01 20:30,0.516162
2025-09-01 20:45,0.554228
2025-09-01 21:00,0.483564
2025-09-01 21:15,0.536609
2025-09-01 21:30,0.507431
2025-09-01 21:45,0.537986
2025-09-01 22:00,0.522739
2025-09-01 22:15,0.545745
2025-09-01 22:30,0.536838
2025-09-01 22:45,0.590724
2025-09-01 23:00,0.630793
2025-09-01 23:15,0.590385
2025-09-01 23:30,0.592275
2025-09-01 23:45,0.694881
2025-09-02 00:00,0.883825
2025-09-02 00:15,0.846105
2025-09-02 00:30,0.940823
2025-09-02 00:45,0.872133
2025-09-02 01:00,0.806231
2025-09-02 01:15,0.73422
2025-09-02 01:30,0.823894
2025-09-02 01:45,0.770325
2025-09-02 02:00,0.749471
2025-09-02 02:15,0.76527
2025-09-02 02:30,0.760582
2025-09-02 02:45,0.658734
2025-09-02 03:00,0.638539
2025-09-02 03:15,0.633121
2025-09-02 03:30,0.527037
2025-09-02 03:45,0.483593
2025-09-02 04:00,0.352307
2025-09-02 04:15,0.375172
2025-09-02 04:30,0.373713
2025-09-02 04:45,0.357752
2025-09-02 05:00,0.340793
2025-09-02 05:15,0.342778
2025-09-02 05:30,0.300406
2025-09-02 05:45,0.322176
2025-09-02 06:00,0.266722
2025-09-02 06:15,0.229561
2025-09-02 06:30,0.220922
2025-09-02 06:45,0.217465
2025-09-02 07:00,0.179172
2025-09-02 07:15,0.178373
2025-09-02 07:30,0.170524
2025-09-02 07:45,0.164219
2025-09-02 08:00,0.169905
2025-09-02 08:15,0.169731
2025-09-02 08:30,0.176075
2025-09-02 08:45,0.167551
2025-09-02 09:00,0.179713
2025-09-02 09:15,0.240802
2025-09-02 09:30,0.222953
2025-09-02 09:45,0.244728
2025-09-02 10:00,0.245648
2025-09-02 10:15,0.27841
2025-09-02 10:30,0.293826
2025-09-02 10:45,0.332766
2025-09-02 11:00,0.347392
2025-09-02 11:15,0.383486
2025-09-02 11:30,0.400471
2025-09-02 11:45,0.391023
2025-09-02 12:00,0.370229
2025-09-02 12:15,0.385351
2025-09-02 12:30,0.34631
2025-09-02 12:45,0.349811
2025-09-02 13:00,0.385261
2025-09-02 13:15,0.355762
2025-09-02 13:30,0.31684
2025-09-02 13:45,0.320263
2025-09-02 14:00,0.316737
2025-09-02 14:15,0.323397
2025-09-02 14:30,0.325132
2025-09-02 14:45,0.344294
2025-09-02 15:00,0.301325
2025-09-02 15:15,0.313148
2025-09-02 15:30,0.338241
2025-09-02 15:45,0.362385
2025-09-02 16:00,0.343443
2025-09-02 16:15,0.343149
2025-09-02 16:30,0.388079
2025-09-02 16:45,0.384503
2025-09-02 17:00,0.418533
2025-09-02 17:15,0.39487
2025-09-02 17:30,0.420988
2025-09-02 17:45,0.427418
2025-09-02 18:00,0.461215
2025-09-02 18:15,0.479561
2025-09-02 18:30,0.480595
2025-09-02 18:45,0.514281
2025-09-02 19:00,0.490209
2025-09-02 19:15,0.486123
2025-09-02 19:30,0.468824
2025-09-02 19:45,0.46387
2025-09-02 20:00,0.51344
2025-09-02 20:15,0.480075
2025-09-02 20:30,0.461261
2025-09-02 20:45,0.460716
2025-09-02 21:00,0.470573
2025-09-02 21:15,0.505919
2025-09-02 21:30,0.52016
2025-09-02 21:45,0.483001
2025-09-02 22:00,0.520379
2025-09-02 22:15,0.50848
2025-09-02 22:30,0.581967
2025-09-02 22:45,0.606154
2025-09-02 23:00,0.598206
2025-09-02 23:15,0.590051
2025-09-02 23:30,0.699161
2025-09-02 23:45,0.729198
2025-09-03 00:00,0.927091
2025-09-03 00:00,0.619995
2025-09-03 00:15,0.648151
2025-09-03 00:30,0.595336
2025-09-03 00:45,0.562464
2025-09-03 01:00,0.561086
2025-09-03 01:15,0.527548
2025-09-03 01:30,0.511553
2025-09-03 01:45,0.528138
2025-09-03 02:00,0.511614
2025-09-03 02:15,0.509894
2025-09-03 02:30,0.443507
2025-09-03 02:45,0.435839
2025-09-03 03:00,0.428537
2025-09-03 03:15,0.413954
2025-09-03 03:30,0.407905
2025-09-03 03:45,0.438489
2025-09-03 04:00,0.381088
2025-09-03 04:15,0.372349
2025-09-03 04:30,0.307756
2025-09-03 04:45,0.256088
2025-09-03 05:00,0.260166
2025-09-03 05:15,0.197087
2025-09-03 05:30,0.186199
2025-09-03 05:45,0.199216
2025-09-03 06:00,0.178367
2025-09-03 06:15,0.174732
2025-09-03 06:30,0.175017
2025-09-03 06:45,0.137438
2025-09-03 07:00,0.165278
2025-09-03 07:15,0.140175
2025-09-03 07:30,0.131746
2025-09-03 07:45,0.124908
2025-09-03 08:00,0.106811
2025-09-03 08:15,0.111413
2025-09-03 08:30,0.121558
2025-09-03 08:45,0.10704
2025-09-03 09:00,0.111958
2025-09-03 09:15,0.117504
2025-09-03 09:30,0.128091
2025-09-03 09:45,0.15202
2025-09-03 10:00,0.168897
2025-09-03 10:15,0.194824
2025-09-03 10:30,0.193353
2025-09-03 10:45,0.213284
2025-09-03 11:00,0.22409
2025-09-03 11:15,0.235805
2025-09-03 11:30,0.232454
2025-09-03 11:45,0.2499
2025-09-03 12:00,0.28277
2025-09-03 12:15,0.25501
2025-09-03 12:30,0.245097
2025-09-03 12:45,0.233913
2025-09-03 13:00,0.240501
2025-09-03 13:15,0.235383
2025-09-03 13:30,0.206539
2025-09-03 13:45,0.214573
2025-09-03 14:00,0.217346
2025-09-03 14:15,0.209677
2025-09-03 14:30,0.19948
2025-09-03 14:45,0.215162
2025-09-03 15:00,0.227456
2025-09-03 15:15,0.217758
2025-09-03 15:30,0.225276
2025-09-03 15:45,0.226107
2025-09-03 16:00,0.255681
2025-09-03 16:15,0.234648
2025-09-03 16:30,0.228096
2025-09-03 16:45,0.234202
2025-09-03 17:00,0.233393
2025-09-03 17:15,0.265059
2025-09-03 17:30,0.303046
2025-09-03 17:45,0.287765
2025-09-03 18:00,0.282966
2025-09-03 18:15,0.293883
2025-09-03 18:30,0.306257
2025-09-03 18:45,0.323544
2025-09-03 19:00,0.306758
2025-09-03 19:15,0.325144
2025-09-03 19:30,0.322806
2025-09-03 19:45,0.317321
2025-09-03 20:00,0.29886
2025-09-03 20:15,0.303576
2025-09-03 20:30,0.297447
2025-09-03 20:45,0.304931
2025-09-03 21:00,0.332825
2025-09-03 21:15,0.360181
2025-09-03 21:30,0.343886
2025-09-03 21:45,0.351894
2025-09-03 22:00,0.36673
2025-09-03 22:15,0.347959
2025-09-03 22:30,0.35697
2025-09-03 22:45,0.37294
2025-09-03 23:00,0.375937
2025-09-03 23:15,0.380758
2025-09-03 23:30,0.45299
2025-09-03 23:45,0.476547
2025-09-04 00:00,0.573348
2025-09-04 00:15,0.612526
2025-09-04 00:30,0.593669
2025-09-04 00:45,0.587023
2025-09-04 01:00,0.58992
2025-09-04 01:15,0.538021
2025-09-04 01:30,0.48934
2025-09-04 01:45,0.498532
2025-09-04 02:00,0.520816
2025-09-04 02:15,0.475464
2025-09-04 02:30,0.467085
2025-09-04 02:45,0.457937
2025-09-04 03:00,0.438294
2025-09-04 03:15,0.376112
2025-09-04 03:30,0.35197
2025-09-04 03:45,0.355378
2025-09-04 04:00,0.322766
2025-09-04 04:15,0.304804
2025-09-04 04:30,0.251771
2025-09-04 04:45,0.233252
2025-09-04 05:00,0.236831
2025-09-04 05:15,0.207189
2025-09-04 05:30,0.227747
2025-09-04 05:45,0.21043
2025-09-04 06:00,0.195384
2025-09-04 06:15,0.176587
2025-09-04 06:30,0.165406
2025-09-04 06:45,0.141492
2025-09-04 07:00,0.144898
2025-09-04 07:15,0.141375
2025-09-04 07:30,0.126181
2025-09-04 07:45,0.121432
2025-09-04 08:00,0.118435
2025-09-04 08:15,0.113304
2025-09-04 08:30,0.114101
2025-09-04 08:45,0.113956
2025-09-04 09:00,0.092912
2025-09-04 09:15,0.116556
2025-09-04 09:30,0.125054
2025-09-04 09:45,0.132875
2025-09-04 10:00,0.170138
2025-09-04 10:15,0.178383
2025-09-04 10:30,0.187456
2025-09-04 10:45,0.195039
2025-09-04 11:00,0.215427
2025-09-04 11:15,0.243991
2025-09-04 11:30,0.232099
2025-09-04 11:45,0.247405
2025-09-04 12:00,0.252372
2025-09-04 12:15,0.259077
2025-09-04 12:30,0.251117
2025-09-04 12:45,0.238172
2025-09-04 13:00,0.235219
2025-09-04 13:15,0.237902
2025-09-04 13:30,0.231476
2025-09-04 13:45,0.217027
2025-09-04 14:00,0.209578
2025-09-04 14:15,0.228477
2025-09-04 14:30,0.221959
2025-09-04 14:45,0.216308
2025-09-04 15:00,0.208446
2025-09-04 15:15,0.229615
2025-09-04 15:30,0.252148
2025-09-04 15:45,0.21917
2025-09-04 16:00,0.226095
2025-09-04 16:15,0.261697
2025-09-04 16:30,0.226097
2025-09-04 16:45,0.243708
2025-09-04 17:00,0.242483
2025-09-04 17:15,0.248632
2025-09-04 17:30,0.270935
2025-09-04 17:45,0.266696
2025-09-04 18:00,0.307155
2025-09-04 18:15,0.314982
2025-09-04 18:30,0.297863
2025-09-04 18:45,0.330783
2025-09-04 19:00,0.31507
2025-09-04 19:15,0.309534
2025-09-04 19:30,0.321515
2025-09-04 19:45,0.305754
2025-09-04 20:00,0.304084
2025-09-04 20:15,0.281419
2025-09-04 20:30,0.30652
2025-09-04 20:45,0.30561
2025-09-04 21:00,0.345159
2025-09-04 21:15,0.372231
2025-09-04 21:30,0.393253
2025-09-04 21:45,0.331187
2025-09-04 22:00,0.345099
2025-09-04 22:15,0.379133
2025-09-04 22:30,0.376084
2025-09-04 22:45,0.416941
2025-09-04 23:00,0.476476
2025-09-04 23:15,0.474524
2025-09-04 23:30,0.482785
2025-09-04 23:45,0.494846
2025-09-05 00:00,0.594088
2025-09-05 00:15,0.587411
2025-09-05 00:30,0.61716
2025-09-05 00:45,0.659246
2025-09-05 01:00,0.644046
2025-09-05 01:15,0.574401
2025-09-05 01:30,0.581832
2025-09-05 01:45,0.537459
2025-09-05 02:00,0.516842
2025-09-05 02:15,0.510266
2025-09-05 02:30,0.470635
2025-09-05 02:45,0.447991
2025-09-05 03:00,0.407162
2025-09-05 03:15,0.398785
2025-09-05 03:30,0.384619
2025-09-05 03:45,0.393793
2025-09-05 04:00,0.375667
2025-09-05 04:15,0.293089
2025-09-05 04:30,0.280334
2025-09-05 04:45,0.263066
2025-09-05 05:00,0.241841
2025-09-05 05:15,0.226144
2025-09-05 05:30,0.21042
2025-09-05 05:45,0.213869
2025-09-05 06:00,0.161972
2025-09-05 06:15,0.148118
2025-09-05 06:30,0.137194
2025-09-05 06:45,0.090528
2025-09-05 07:00,0.092255
2025-09-05 07:15,0.083923
2025-09-05 07:30,0.077101
2025-09-05 07:45,0.08523
2025-09-05 08:00,0.083441
2025-09-05 08:15,0.113504
2025-09-05 08:30,0.104872
2025-09-05 08:45,0.109753
2025-09-05 09:00,0.121229
2025-09-05 09:15,0.121535
2025-09-05 09:30,0.153233
2025-09-05 09:45,0.142699
2025-09-05 10:00,0.185266
2025-09-05 10:15,0.168708
2025-09-05 10:30,0.21928
2025-09-05 10:45,0.21127
2025-09-05 11:00,0.234895
2025-09-05 11:15,0.238003
2025-09-05 11:30,0.23637
2025-09-05 11:45,0.270739
2025-09-05 12:00,0.255758
2025-09-05 12:15,0.237796
2025-09-05 12:30,0.24105
2025-09-05 12:45,0.259962
2025-09-05 13:00,0.233211
2025-09-05 13:15,0.227009
2025-09-05 13:30,0.232296
2025-09-05 13:45,0.204846
2025-09-05 14:00,0.228468
2025-09-05 14:15,0.199542
2025-09-05 14:30,0.203555
2025-09-05 14:45,0.196684
2025-09-05 15:00,0.201193
2025-09-05 15:15,0.202159
2025-09-05 15:30,0.238641
2025-09-05 15:45,0.234595
2025-09-05 16:00,0.225018
2025-09-05 16:15,0.252208
2025-09-05 16:30,0.244346
2025-09-05 16:45,0.237767
2025-09-05 17:00,0.271993
2025-09-05 17:15,0.266592
2025-09-05 17:30,0.269596
2025-09-05 17:45,0.339197
2025-09-05 18:00,0.322234
2025-09-05 18:15,0.325728
2025-09-05 18:30,0.329706
2025-09-05 18:45,0.342138
2025-09-05 19:00,0.289652
2025-09-05 19:15,0.314157
2025-09-05 19:30,0.289017
2025-09-05 19:45,0.303363
2025-09-05 20:00,0.307681
2025-09-05 20:15,0.31713
2025-09-05 20:30,0.350427
2025-09-05 20:45,0.324964
2025-09-05 21:00,0.338116
2025-09-05 21:15,0.331862
2025-09-05 21:30,0.352667
2025-09-05 21:45,0.33504
2025-09-05 22:00,0.333653
2025-09-05 22:15,0.345568
2025-09-05 22:30,0.337712
2025-09-05 22:45,0.388479
2025-09-05 23:00,0.384766
2025-09-05 23:15,0.455031
2025-09-05 23:30,0.493697
2025-09-05 23:45,0.598803
2025-09-06 00:00,0.730871
2025-09-06 00:15,0.855253
2025-09-06 00:30,1.0
2025-09-06 00:45,0.969303
2025-09-06 01:00,0.820165
2025-09-06 01:15,0.969479
2025-09-06 01:30,0.9623
2025-09-06 01:45,0.959638
2025-09-06 02:00,0.619777
2025-09-06 02:15,0.535386
2025-09-06 02:30,0.522887
2025-09-06 02:45,0.530105
2025-09-06 03:00,0.47492
2025-09-06 03:15,0.421763
2025-09-06 03:30,0.380821
2025-09-06 03:45,0.400259
2025-09-06 04:00,0.401861
2025-09-06 04:15,0.438817
2025-09-06 04:30,0.361623
2025-09-06 04:45,0.325734
2025-09-06 05:00,0.2805
2025-09-06 05:15,0.275647
2025-09-06 05:30,0.245356
2025-09-06 05:45,0.235253
2025-09-06 06:00,0.213882
2025-09-06 06:15,0.208815
2025-09-06 06:30,0.199827
2025-09-06 06:45,0.199854
2025-09-06 07:00,0.179138
2025-09-06 07:15,0.166921
2025-09-06 07:30,0.139258
2025-09-06 07:45,0.142976
2025-09-06 08:00,0.151951
2025-09-06 08:15,0.13326
2025-09-06 08:30,0.125566
2025-09-06 08:45,0.120479
2025-09-06 09:00,0.129229
2025-09-06 09:15,0.125954
2025-09-06 09:30,0.13196
2025-09-06 09:45,0.13124
2025-09-06 10:00,0.130556
2025-09-06 10:15,0.156363
2025-09-06 10:30,0.17021
2025-09-06 10:45,0.19246
2025-09-06 11:00,0.200897
2025-09-06 11:15,0.209083
2025-09-06 11:30,0.227599
2025-09-06 11:45,0.258837
2025-09-06 12:00,0.239855
2025-09-06 12:15,0.255109
2025-09-06 12:30,0.248972
2025-09-06 12:45,0.266779
2025-09-06 13:00,0.279932
2025-09-06 13:15,0.281403
2025-09-06 13:30,0.293077
2025-09-06 13:45,0.270233
2025-09-06 14:00,0.258612
2025-09-06 14:15,0.25856
2025-09-06 14:30,0.240482
2025-09-06 14:45,0.248114
2025-09-06 15:00,0.27068
2025-09-06 15:15,0.239749
2025-09-06 15:30,0.265804
2025-09-06 15:45,0.288427
2025-09-06 16:00,0.290767
2025-09-06 16:15,0.293215
2025-09-06 16:30,0.281032
2025-09-06 16:45,0.283978
2025-09-06 17:00,0.299216
2025-09-06 17:15,0.299096
2025-09-06 17:30,0.366141
2025-09-06 17:45,0.31786
2025-09-06 18:00,0.344323
2025-09-06 18:15,0.337494
2025-09-06 18:30,0.33067
2025-09-06 18:45,0.360774
2025-09-06 19:00,0.367843
2025-09-06 19:15,0.362691
2025-09-06 19:30,0.359293
2025-09-06 19:45,0.337545
2025-09-06 20:00,0.373474
2025-09-06 20:15,0.386535
2025-09-06 20:30,0.392738
2025-09-06 20:45,0.443845
2025-09-06 21:00,0.401173
2025-09-06 21:15,0.407466
2025-09-06 21:30,0.382168
2025-09-06 21:45,0.403803
2025-09-06 22:00,0.40035
2025-09-06 22:15,0.383005
2025-09-06 22:30,0.400133
2025-09-06 22:45,0.412037
2025-09-06 23:00,0.39569
2025-09-06 23:15,0.411828
2025-09-06 23:30,0.443352
2025-09-06 23:45,0.499895
2025-09-07 00:00,0.571723
2025-09-07 00:15,0.610422
2025-09-07 00:30,0.667804
2025-09-07 00:45,0.596155
2025-09-07 01:00,0.607302
2025-09-07 01:15,0.550744
2025-09-07 01:30,0.520175
2025-09-07 01:45,0.523583
2025-09-07 02:00,0.534636
2025-09-07 02:15,0.551156
2025-09-07 02:30,0.463739
2025-09-07 02:45,0.407577
2025-09-07 03:00,0.406718
2025-09-07 03:15,0.410196
2025-09-07 03:30,0.390302
2025-09-07 03:45,0.350938
2025-09-07 04:00,0.348717
2025-09-07 04:15,0.335469
2025-09-07 04:30,0.320739
2025-09-07 04:45,0.297924
2025-09-07 05:00,0.267856
2025-09-07 05:15,0.244607
2025-09-07 05:30,0.227798
2025-09-07 05:45,0.219312
2025-09-07 06:00,0.218447
2025-09-07 06:15,0.21729
2025-09-07 06:30,0.200493
2025-09-07 06:45,0.163806
2025-09-07 07:00,0.19402
2025-09-07 07:15,0.172815
2025-09-07 07:30,0.177386
2025-09-07 07:45,0.160812
2025-09-07 08:00,0.1535
2025-09-07 08:15,0.139815
2025-09-07 08:30,0.144544
2025-09-07 08:45,0.134486
2025-09-07 09:00,0.126769
2025-09-07 09:15,0.125894
2025-09-07 09:30,0.134114
2025-09-07 09:45,0.12694
2025-09-07 10:00,0.124281
2025-09-07 10:15,0.139881
2025-09-07 10:30,0.143006
2025-09-07 10:45,0.157201
2025-09-07 11:00,0.174682
2025-09-07 11:15,0.182063
2025-09-07 11:30,0.20566
2025-09-07 11:45,0.231004
2025-09-07 12:00,0.244668
2025-09-07 12:15,0.247054
2025-09-07 12:30,0.251412
2025-09-07 12:45,0.271538
2025-09-07 13:00,0.311453
2025-09-07 13:15,0.309486
2025-09-07 13:30,0.32164
2025-09-07 13:45,0.32172
2025-09-07 14:00,0.331919
2025-09-07 14:15,0.326621
2025-09-07 14:30,0.305145
2025-09-07 14:45,0.29547
2025-09-07 15:00,0.284531
2025-09-07 15:15,0.287257
2025-09-07 15:30,0.287434
2025-09-07 15:45,0.277886
2025-09-07 16:00,0.331254
2025-09-07 16:15,0.325619
2025-09-07 16:30,0.322816
2025-09-07 16:45,0.325063
2025-09-07 17:00,0.319393
2025-09-07 17:15,0.323037
2025-09-07 17:30,0.321642
2025-09-07 17:45,0.343289
2025-09-07 18:00,0.35291
2025-09-07 18:15,0.389222
2025-09-07 18:30,0.38679
2025-09-07 18:45,0.392534
2025-09-07 19:00,0.37205
2025-09-07 19:15,0.39051
2025-09-07 19:30,0.39882
2025-09-07 19:45,0.430796
2025-09-07 20:00,0.429368
2025-09-07 20:15,0.441704
2025-09-07 20:30,0.404563
2025-09-07 20:45,0.373743
2025-09-07 21:00,0.394371
2025-09-07 21:15,0.405448
2025-09-07 21:30,0.470698
2025-09-07 21:45,0.46772
2025-09-07 22:00,0.474863
2025-09-07 22:15,0.450554
2025-09-07 22:30,0.430286
2025-09-07 22:45,0.424922
2025-09-07 23:00,0.43073
2025-09-07 23:15,0.466246
2025-09-07 23:30,0.468187
2025-09-07 23:45,0.517366
2025-09-08 00:00,0.662515
2025-09-08 00:15,0.703339
2025-09-08 00:30,0.773441
2025-09-08 00:45,0.657022
2025-09-08 01:00,0.616554
2025-09-08 01:15,0.554697
2025-09-08 01:30,0.517017
2025-09-08 01:45,0.500489
2025-09-08 02:00,0.478099
2025-09-08 02:15,0.451756
2025-09-08 02:30,0.453857
2025-09-08 02:45,0.44639
2025-09-08 03:00,0.403325
2025-09-08 03:15,0.394406
2025-09-08 03:30,0.336966
2025-09-08 03:45,0.323504
2025-09-08 04:00,0.322912
2025-09-08 04:15,0.299279
2025-09-08 04:30,0.261554
2025-09-08 04:45,0.240264
2025-09-08 05:00,0.227783
2025-09-08 05:15,0.20822
2025-09-08 05:30,0.183738
2025-09-08 05:45,0.177706
2025-09-08 06:00,0.165418
2025-09-08 06:15,0.144105
2025-09-08 06:30,0.142427
2025-09-08 06:45,0.12864
2025-09-08 07:00,0.124817
2025-09-08 07:15,0.113964
2025-09-08 07:30,0.112571
2025-09-08 07:45,0.118459
2025-09-08 08:00,0.099394
2025-09-08 08:15,0.115425
2025-09-08 08:30,0.117767
2025-09-08 08:45,0.109979
2025-09-08 09:00,0.104646
2025-09-08 09:15,0.119478
2025-09-08 09:30,0.116374
2025-09-08 09:45,0.134911
2025-09-08 10:00,0.149245
2025-09-08 10:15,0.172039
2025-09-08 10:30,0.215359
2025-09-08 10:45,0.243425
2025-09-08 11:00,0.256872
2025-09-08 11:15,0.275407
2025-09-08 11:30,0.263591
2025-09-08 11:45,0.291859
2025-09-08 12:00,0.297682
2025-09-08 12:15,0.301512
2025-09-08 12:30,0.295511
2025-09-08 12:45,0.287407
2025-09-08 13:00,0.268345
2025-09-08 13:15,0.267451
2025-09-08 13:30,0.238947
2025-09-08 13:45,0.269338
2025-09-08 14:00,0.295298
2025-09-08 14:15,0.314589
2025-09-08 14:30,0.275153
2025-09-08 14:45,0.228346
2025-09-08 15:00,0.242371
2025-09-08 15:15,0.245286
2025-09-08 15:30,0.249492
2025-09-08 15:45,0.239846
2025-09-08 16:00,0.229922
2025-09-08 16:15,0.249847
2025-09-08 16:30,0.287237
2025-09-08 16:45,0.267768
2025-09-08 17:00,0.266994
2025-09-08 17:15,0.309974
2025-09-08 17:30,0.32835
2025-09-08 17:45,0.309308
2025-09-08 18:00,0.323574
2025-09-08 18:15,0.325439
2025-09-08 18:30,0.342581
2025-09-08 18:45,0.353761
2025-09-08 19:00,0.350808
2025-09-08 19:15,0.338439
2025-09-08 19:30,0.365456
2025-09-08 19:45,0.360412
2025-09-08 20:00,0.356366
2025-09-08 20:15,0.346269
2025-09-08 20:30,0.358053
2025-09-08 20:45,0.345476
2025-09-08 21:00,0.336435
2025-09-08 21:15,0.321141
2025-09-08 21:30,0.33538
2025-09-08 21:45,0.388948
2025-09-08 22:00,0.337056
2025-09-08 22:15,0.331225
2025-09-08 22:30,0.355773
2025-09-08 22:45,0.389834
2025-09-08 23:00,0.394256
2025-09-08 23:15,0.416155
2025-09-08 23:30,0.503243
2025-09-08 23:45,0.59342
2025-09-09 00:00,0.742625
2025-09-09 00:15,0.720889
2025-09-09 00:30,0.736969
2025-09-09 00:45,0.680464
2025-09-09 01:00,0.669547
2025-09-09 01:15,0.59568
2025-09-09 01:30,0.600579
2025-09-09 01:45,0.541979
2025-09-09 02:00,0.591254
2025-09-09 02:15,0.511708
2025-09-09 02:30,0.460794
2025-09-09 02:45,0.421541
2025-09-09 03:00,0.439657
2025-09-09 03:15,0.432041
2025-09-09 03:30,0.396229
2025-09-09 03:45,0.319611
2025-09-09 04:00,0.307363
2025-09-09 04:15,0.274529
2025-09-09 04:30,0.296351
2025-09-09 04:45,0.252325
2025-09-09 05:00,0.245132
2025-09-09 05:15,0.188623
2025-09-09 05:30,0.199406
2025-09-09 05:45,0.185686
2025-09-09 06:00,0.188656
2025-09-09 06:15,0.150677
2025-09-09 06:30,0.161276
2025-09-09 06:45,0.151876
2025-09-09 07:00,0.151271
2025-09-09 07:15,0.133609
2025-09-09 07:30,0.127785
2025-09-09 07:45,0.114348
2025-09-09 08:00,0.110112
2025-09-09 08:15,0.099207
2025-09-09 08:30,0.10327
2025-09-09 08:45,0.11615
2025-09-09 09:00,0.117487
2025-09-09 09:15,0.130751
2025-09-09 09:30,0.137788
2025-09-09 09:45,0.154737
2025-09-09 10:00,0.166691
2025-09-09 10:15,0.184666
2025-09-09 10:30,0.203458
2025-09-09 10:45,0.258833
2025-09-09 11:00,0.272007
2025-09-09 11:15,0.306214
2025-09-09 11:30,0.30864
2025-09-09 11:45,0.3079
2025-09-09 12:00,0.314033
2025-09-09 12:15,0.285599
2025-09-09 12:30,0.286309
2025-09-09 12:45,0.298586
2025-09-09 13:00,0.293297
2025-09-09 13:15,0.290843
2025-09-09 13:30,0.307492
2025-09-09 13:45,0.292695
2025-09-09 14:00,0.251456
2025-09-09 14:15,0.274147
2025-09-09 14:30,0.265176
2025-09-09 14:45,0.238906
2025-09-09 15:00,0.253537
2025-09-09 15:15,0.255624
2025-09-09 15:30,0.256637
2025-09-09 15:45,0.26759
2025-09-09 16:00,0.259419
2025-09-09 16:15,0.280171
2025-09-09 16:30,0.268379
2025-09-09 16:45,0.292098
2025-09-09 17:00,0.291863
2025-09-09 17:15,0.282321
2025-09-09 17:30,0.315826
2025-09-09 17:45,0.327537
2025-09-09 18:00,0.318326
2025-09-09 18:15,0.34272
2025-09-09 18:30,0.332232
2025-09-09 18:45,0.315835
2025-09-09 19:00,0.346339
2025-09-09 19:15,0.324427
2025-09-09 19:30,0.337781
2025-09-09 19:45,0.372864
2025-09-09 20:00,0.369896
2025-09-09 20:15,0.34403
2025-09-09 20:30,0.332761
2025-09-09 20:45,0.35898
2025-09-09 21:00,0.412969
2025-09-09 21:15,0.344352
2025-09-09 21:30,0.37003
2025-09-09 21:45,0.340297
2025-09-09 22:00,0.366109
2025-09-09 22:15,0.384548
2025-09-09 22:30,0.340225
2025-09-09 22:45,0.378801
2025-09-09 23:00,0.406622
2025-09-09 23:15,0.413605
2025-09-09 23:30,0.522302
2025-09-09 23:45,0.58002
2025-09-10 00:00,0.660564
2025-09-10 00:00,0.98363
2025-09-10 00:15,0.994031
2025-09-10 00:30,0.928311
2025-09-10 00:45,0.998865
2025-09-10 01:00,0.982016
2025-09-10 01:15,0.985421
2025-09-10 01:30,0.944932
2025-09-10 01:45,0.928613
2025-09-10 02:00,0.867349
2025-09-10 02:15,0.686891
2025-09-10 02:30,0.63106
2025-09-10 02:45,0.669155
2025-09-10 03:00,0.655646
2025-09-10 03:15,0.612885
2025-09-10 03:30,0.567319
2025-09-10 03:45,0.490675
2025-09-10 04:00,0.480723
2025-09-10 04:15,0.413711
2025-09-10 04:30,0.39569
2025-09-10 04:45,0.349451
2025-09-10 05:00,0.384758
2025-09-10 05:15,0.299051
2025-09-10 05:30,0.278462
2025-09-10 05:45,0.260165
2025-09-10 06:00,0.226561
2025-09-10 06:15,0.203597
2025-09-10 06:30,0.188722
2025-09-10 06:45,0.186761
2025-09-10 07:00,0.15463
2025-09-10 07:15,0.170941
2025-09-10 07:30,0.157474
2025-09-10 07:45,0.155646
2025-09-10 08:00,0.15067
2025-09-10 08:15,0.204873
2025-09-10 08:30,0.179181
2025-09-10 08:45,0.215947
2025-09-10 09:00,0.227898
2025-09-10 09:15,0.195874
2025-09-10 09:30,0.191243
2025-09-10 09:45,0.208939
2025-09-10 10:00,0.229436
2025-09-10 10:15,0.244169
2025-09-10 10:30,0.286702
2025-09-10 10:45,0.320842
2025-09-10 11:00,0.384208
2025-09-10 11:15,0.338163
2025-09-10 11:30,0.35563
2025-09-10 11:45,0.392207
2025-09-10 12:00,0.398966
2025-09-10 12:15,0.368267
2025-09-10 12:30,0.364844
2025-09-10 12:45,0.368308
2025-09-10 13:00,0.394159
2025-09-10 13:15,0.390344
2025-09-10 13:30,0.317457
2025-09-10 13:45,0.295403
2025-09-10 14:00,0.333283
2025-09-10 14:15,0.327949
2025-09-10 14:30,0.329195
2025-09-10 14:45,0.304085
2025-09-10 15:00,0.337705
2025-09-10 15:15,0.312711
2025-09-10 15:30,0.351066
2025-09-10 15:45,0.334114
2025-09-10 16:00,0.311677
2025-09-10 16:15,0.349986
2025-09-10 16:30,0.346789
2025-09-10 16:45,0.392541
2025-09-10 17:00,0.375896
2025-09-10 17:15,0.44659
2025-09-10 17:30,0.38049
2025-09-10 17:45,0.432726
2025-09-10 18:00,0.418812
2025-09-10 18:15,0.454227
2025-09-10 18:30,0.448868
2025-09-10 18:45,0.522437
2025-09-10 19:00,0.471246
2025-09-10 19:15,0.502681
2025-09-10 19:30,0.469499
2025-09-10 19:45,0.447587
2025-09-10 20:00,0.469676
2025-09-10 20:15,0.469928
2025-09-10 20:30,0.490755
2025-09-10 20:45,0.513931
2025-09-10 21:00,0.542615
2025-09-10 21:15,0.519724
2025-09-10 21:30,0.519066
2025-09-10 21:45,0.588649
2025-09-10 22:00,0.590753
2025-09-10 22:15,0.55712
2025-09-10 22:30,0.567854
2025-09-10 22:45,0.542096
2025-09-10 23:00,0.608295
2025-09-10 23:15,0.617152
2025-09-10 23:30,0.699265
2025-09-10 23:45,0.668496
2025-09-11 00:00,0.887018
2025-09-11 00:15,0.897424
2025-09-11 00:30,0.98426
2025-09-11 00:45,0.967024
2025-09-11 01:00,0.874725
2025-09-11 01:15,0.761298
2025-09-11 01:30,0.884896
2025-09-11 01:45,0.805371
2025-09-11 02:00,0.725094
2025-09-11 02:15,0.691904
2025-09-11 02:30,0.729187
2025-09-11 02:45,0.629689
2025-09-11 03:00,0.577326
2025-09-11 03:15,0.574277
2025-09-11 03:30,0.578742
2025-09-11 03:45,0.5459
2025-09-11 04:00,0.49596
2025-09-11 04:15,0.483619
2025-09-11 04:30,0.451963
2025-09-11 04:45,0.408022
2025-09-11 05:00,0.322508
2025-09-11 05:15,0.307937
2025-09-11 05:30,0.278131
2025-09-11 05:45,0.261031
2025-09-11 06:00,0.273587
2025-09-11 06:15,0.231973
2025-09-11 06:30,0.228619
2025-09-11 06:45,0.219996
2025-09-11 07:00,0.224614
2025-09-11 07:15,0.167983
2025-09-11 07:30,0.177665
2025-09-11 07:45,0.156629
2025-09-11 08:00,0.152691
2025-09-11 08:15,0.14155
2025-09-11 08:30,0.142759
2025-09-11 08:45,0.128771
2025-09-11 09:00,0.160034
2025-09-11 09:15,0.16399
2025-09-11 09:30,0.216832
2025-09-11 09:45,0.204576
2025-09-11 10:00,0.203925
2025-09-11 10:15,0.233636
2025-09-11 10:30,0.279112
2025-09-11 10:45,0.309791
2025-09-11 11:00,0.339836
2025-09-11 11:15,0.34927
2025-09-11 11:30,0.337595
2025-09-11 11:45,0.344443
2025-09-11 12:00,0.369115
2025-09-11 12:15,0.387492
2025-09-11 12:30,0.43263
2025-09-11 12:45,0.389504
2025-09-11 13:00,0.385183
2025-09-11 13:15,0.404161
2025-09-11 13:30,0.396178
2025-09-11 13:45,0.357014
2025-09-11 14:00,0.35694
2025-09-11 14:15,0.375936
2025-09-11 14:30,0.395159
2025-09-11 14:45,0.383307
2025-09-11 15:00,0.367131
2025-09-11 15:15,0.372896
2025-09-11 15:30,0.327677
2025-09-11 15:45,0.378103
2025-09-11 16:00,0.352752
2025-09-11 16:15,0.364359
2025-09-11 16:30,0.491982
2025-09-11 16:45,0.417613
2025-09-11 17:00,0.429152
2025-09-11 17:15,0.530364
2025-09-11 17:30,0.516591
2025-09-11 17:45,0.520817
2025-09-11 18:00,0.47843
2025-09-11 18:15,0.466977
2025-09-11 18:30,0.532952
2025-09-11 18:45,0.578567
2025-09-11 19:00,0.61345
2025-09-11 19:15,0.626688
2025-09-11 19:30,0.553652
2025-09-11 19:45,0.500956
2025-09-11 20:00,0.532989
2025-09-11 20:15,0.57094
2025-09-11 20:30,0.605172
2025-09-11 20:45,0.557059
2025-09-11 21:00,0.476567
2025-09-11 21:15,0.483327
2025-09-11 21:30,0.470284
2025-09-11 21:45,0.539048
2025-09-11 22:00,0.525762
2025-09-11 22:15,0.503904
2025-09-11 22:30,0.499915
2025-09-11 22:45,0.536022
2025-09-11 23:00,0.595566
2025-09-11 23:15,0.639549
2025-09-11 23:30,0.636409
2025-09-11 23:45,0.666124
2025-09-12 00:00,0.77447
2025-09-12 00:15,0.845859
2025-09-12 00:30,0.952205
2025-09-12 00:45,0.965755
2025-09-12 01:00,0.872769
2025-09-12 01:15,0.855367
2025-09-12 01:30,0.76047
2025-09-12 01:45,0.694035
2025-09-12 02:00,0.660151
2025-09-12 02:15,0.706925
2025-09-12 02:30,0.657688
2025-09-12 02:45,0.676441
2025-09-12 03:00,0.59121
2025-09-12 03:15,0.528708
2025-09-12 03:30,0.537206
2025-09-12 03:45,0.488654
2025-09-12 04:00,0.459614
2025-09-12 04:15,0.487928
2025-09-12 04:30,0.419805
2025-09-12 04:45,0.398501
2025-09-12 05:00,0.340669
2025-09-12 05:15,0.307649
2025-09-12 05:30,0.258324
2025-09-12 05:45,0.235987
2025-09-12 06:00,0.241824
2025-09-12 06:15,0.215902
2025-09-12 06:30,0.174552
2025-09-12 06:45,0.17209
2025-09-12 07:00,0.187095
2025-09-12 07:15,0.170904
2025-09-12 07:30,0.181788
2025-09-12 07:45,0.15497
2025-09-12 08:00,0.140617
2025-09-12 08:15,0.153728
2025-09-12 08:30,0.137702
2025-09-12 08:45,0.175999
2025-09-12 09:00,0.201322
2025-09-12 09:15,0.190043
2025-09-12 09:30,0.224201
2025-09-12 09:45,0.252115
2025-09-12 10:00,0.272008
2025-09-12 10:15,0.224609
2025-09-12 10:30,0.266376
2025-09-12 10:45,0.327104
2025-09-12 11:00,0.357699
2025-09-12 11:15,0.331606
2025-09-12 11:30,0.3891
2025-09-12 11:45,0.413801
2025-09-12 12:00,0.411572
2025-09-12 12:15,0.406087
2025-09-12 12:30,0.402863
2025-09-12 12:45,0.366731
2025-09-12 13:00,0.420556
2025-09-12 13:15,0.398326
2025-09-12 13:30,0.382202
2025-09-12 13:45,0.410996
2025-09-12 14:00,0.362774
2025-09-12 14:15,0.363643
2025-09-12 14:30,0.362153
2025-09-12 14:45,0.411188
2025-09-12 15:00,0.427947
2025-09-12 15:15,0.398261
2025-09-12 15:30,0.383903
2025-09-12 15:45,0.366692
2025-09-12 16:00,0.399677
2025-09-12 16:15,0.418637
2025-09-12 16:30,0.37428
2025-09-12 16:45,0.432988
2025-09-12 17:00,0.47721
2025-09-12 17:15,0.465086
2025-09-12 17:30,0.482148
2025-09-12 17:45,0.484097
2025-09-12 18:00,0.446551
2025-09-12 18:15,0.556152
2025-09-12 18:30,0.515195
2025-09-12 18:45,0.537727
2025-09-12 19:00,0.538521
2025-09-12 19:15,0.509868
2025-09-12 19:30,0.526622
2025-09-12 19:45,0.579504
2025-09-12 20:00,0.51319
2025-09-12 20:15,0.469745
2025-09-12 20:30,0.484829
2025-09-12 20:45,0.495547
2025-09-12 21:00,0.470829
2025-09-12 21:15,0.485617
2025-09-12 21:30,0.519613
2025-09-12 21:45,0.533757
2025-09-12 22:00,0.568611
2025-09-12 22:15,0.601879
2025-09-12 22:30,0.554376
2025-09-12 22:45,0.628068
2025-09-12 23:00,0.597275
2025-09-12 23:15,0.740727
2025-09-12 23:30,0.650198
2025-09-12 23:45,0.696503
2025-09-13 00:00,0.745657
2025-09-13 00:15,0.755061
2025-09-13 00:30,0.797852
2025-09-13 00:45,0.789925
2025-09-13 01:00,0.76022
2025-09-13 01:15,0.681876
2025-09-13 01:30,0.686473
2025-09-13 01:45,0.761144
2025-09-13 02:00,0.680565
2025-09-13 02:15,0.739222
2025-09-13 02:30,0.778369
2025-09-13 02:45,0.671512
2025-09-13 03:00,0.663891
2025-09-13 03:15,0.678169
2025-09-13 03:30,0.671507
2025-09-13 03:45,0.640787
2025-09-13 04:00,0.612521
2025-09-13 04:15,0.440246
2025-09-13 04:30,0.423482
2025-09-13 04:45,0.398866
2025-09-13 05:00,0.385188
2025-09-13 05:15,0.322519
2025-09-13 05:30,0.328258
2025-09-13 05:45,0.293556
2025-09-13 06:00,0.298839
2025-09-13 06:15,0.287374
2025-09-13 06:30,0.238283
2025-09-13 06:45,0.210283
2025-09-13 07:00,0.201366
2025-09-13 07:15,0.215453
2025-09-13 07:30,0.198424
2025-09-13 07:45,0.190196
2025-09-13 08:00,0.164234
2025-09-13 08:15,0.174774
2025-09-13 08:30,0.158757
2025-09-13 08:45,0.178682
2025-09-13 09:00,0.165905
2025-09-13 09:15,0.189891
2025-09-13 09:30,0.254702
2025-09-13 09:45,0.240337
2025-09-13 10:00,0.257251
2025-09-13 10:15,0.262785
2025-09-13 10:30,0.311203
2025-09-13 10:45,0.268124
2025-09-13 11:00,0.383302
2025-09-13 11:15,0.329875
2025-09-13 11:30,0.383811
2025-09-13 11:45,0.387988
2025-09-13 12:00,0.400572
2025-09-13 12:15,0.383582
2025-09-13 12:30,0.445575
2025-09-13 12:45,0.403896
2025-09-13 13:00,0.427111
2025-09-13 13:15,0.411977
2025-09-13 13:30,0.386845
2025-09-13 13:45,0.420658
2025-09-13 14:00,0.470341
2025-09-13 14:15,0.473953
2025-09-13 14:30,0.444045
2025-09-13 14:45,0.497844
2025-09-13 15:00,0.501572
2025-09-13 15:15,0.462625
2025-09-13 15:30,0.447995
2025-09-13 15:45,0.469604
2025-09-13 16:00,0.454057
2025-09-13 16:15,0.44539
2025-09-13 16:30,0.483307
2025-09-13 16:45,0.469299
2025-09-13 17:00,0.459486
2025-09-13 17:15,0.431319
2025-09-13 17:30,0.457453
2025-09-13 17:45,0.459095
2025-09-13 18:00,0.434787
2025-09-13 18:15,0.457226
2025-09-13 18:30,0.444431
2025-09-13 18:45,0.442603
2025-09-13 19:00,0.440853
2025-09-13 19:15,0.442925
2025-09-13 19:30,0.466615
2025-09-13 19:45,0.472181
2025-09-13 20:00,0.51736
2025-09-13 20:15,0.535253
2025-09-13 20:30,0.579085
2025-09-13 20:45,0.575189
2025-09-13 21:00,0.498367
2025-09-13 21:15,0.556002
2025-09-13 21:30,0.55811
2025-09-13 21:45,0.583826
2025-09-13 22:00,0.521577
2025-09-13 22:15,0.54823
2025-09-13 22:30,0.548873
2025-09-13 22:45,0.578684
2025-09-13 23:00,0.570974
2025-09-13 23:15,0.567101
2025-09-13 23:30,0.589823
2025-09-13 23:45,0.590961
2025-09-14 00:00,0.733322
2025-09-14 00:15,0.81557
2025-09-14 00:30,0.814649
2025-09-14 00:45,0.823145
2025-09-14 01:00,0.820164
2025-09-14 01:15,0.741581
2025-09-14 01:30,0.863028
2025-09-14 01:45,0.814166
2025-09-14 02:00,0.825676
2025-09-14 02:15,0.883182
2025-09-14 02:30,0.752507
2025-09-14 02:45,0.688424
2025-09-14 03:00,0.630797
2025-09-14 03:15,0.641823
2025-09-14 03:30,0.649538
2025-09-14 03:45,0.597975
2025-09-14 04:00,0.570976
2025-09-14 04:15,0.565912
2025-09-14 04:30,0.584443
2025-09-14 04:45,0.484902
2025-09-14 05:00,0.48555
2025-09-14 05:15,0.431385
2025-09-14 05:30,0.398938
2025-09-14 05:45,0.414778
2025-09-14 06:00,0.388189
2025-09-14 06:15,0.322064
2025-09-14 06:30,0.317709
2025-09-14 06:45,0.310293
2025-09-14 07:00,0.280076
2025-09-14 07:15,0.233829
2025-09-14 07:30,0.205544
2025-09-14 07:45,0.231249
2025-09-14 08:00,0.216232
2025-09-14 08:15,0.164362
2025-09-14 08:30,0.177545
2025-09-14 08:45,0.199298
2025-09-14 09:00,0.200036
2025-09-14 09:15,0.174639
2025-09-14 09:30,0.169506
2025-09-14 09:45,0.179486
2025-09-14 10:00,0.180646
2025-09-14 10:15,0.19069
2025-09-14 10:30,0.201171
2025-09-14 10:45,0.22931
2025-09-14 11:00,0.279501
2025-09-14 11:15,0.286123
2025-09-14 11:30,0.311115
2025-09-14 11:45,0.337903
2025-09-14 12:00,0.328734
2025-09-14 12:15,0.334546
2025-09-14 12:30,0.360672
2025-09-14 12:45,0.374812
2025-09-14 13:00,0.416314
2025-09-14 13:15,0.452882
2025-09-14 13:30,0.419032
2025-09-14 13:45,0.44975
2025-09-14 14:00,0.462129
2025-09-14 14:15,0.443129
2025-09-14 14:30,0.43731
2025-09-14 14:45,0.463753
2025-09-14 15:00,0.507507
2025-09-14 15:15,0.507415
2025-09-14 15:30,0.472902
2025-09-14 15:45,0.43086
2025-09-14 16:00,0.42281
2025-09-14 16:15,0.490139
2025-09-14 16:30,0.487139
2025-09-14 16:45,0.475475
2025-09-14 17:00,0.48422
2025-09-14 17:15,0.483915
2025-09-14 17:30,0.491741
2025-09-14 17:45,0.519079
2025-09-14 18:00,0.492085
2025-09-14 18:15,0.535857
2025-09-14 18:30,0.570288
2025-09-14 18:45,0.548761
2025-09-14 19:00,0.563027
2025-09-14 19:15,0.586368
2025-09-14 19:30,0.602083
2025-09-14 19:45,0.577896
2025-09-14 20:00,0.647208
2025-09-14 20:15,0.596394
2025-09-14 20:30,0.642026
2025-09-14 20:45,0.612785
2025-09-14 21:00,0.609193
2025-09-14 21:15,0.697114
2025-09-14 21:30,0.828869
2025-09-14 21:45,0.743667
2025-09-14 22:00,0.634773
2025-09-14 22:15,0.614463
2025-09-14 22:30,0.610631
2025-09-14 22:45,0.675932
2025-09-14 23:00,0.646475
2025-09-14 23:15,0.680711
2025-09-14 23:30,0.727903
2025-09-14 23:45,0.799203
2025-09-15 00:00,0.910724
2025-09-15 00:15,0.983777
2025-09-15 00:30,0.765987
2025-09-15 00:45,0.733095
2025-09-15 01:00,0.794721
2025-09-15 01:15,0.818798
2025-09-15 01:30,0.718532
2025-09-15 01:45,0.745139
2025-09-15 02:00,0.678936
2025-09-15 02:15,0.618105
2025-09-15 02:30,0.640739
2025-09-15 02:45,0.714726
2025-09-15 03:00,0.824803
2025-09-15 03:15,0.712798
2025-09-15 03:30,0.747724
2025-09-15 03:45,0.597841
2025-09-15 04:00,0.486641
2025-09-15 04:15,0.44929
2025-09-15 04:30,0.426959
2025-09-15 04:45,0.395896
2025-09-15 05:00,0.389349
2025-09-15 05:15,0.338816
2025-09-15 05:30,0.331033
2025-09-15 05:45,0.309717
2025-09-15 06:00,0.29257
2025-09-15 06:15,0.274114
2025-09-15 06:30,0.239692
2025-09-15 06:45,0.196829
2025-09-15 07:00,0.24366
2025-09-15 07:15,0.22367
2025-09-15 07:30,0.169337
2025-09-15 07:45,0.167007
2025-09-15 08:00,0.175003
2025-09-15 08:15,0.168381
2025-09-15 08:30,0.187078
2025-09-15 08:45,0.19063
2025-09-15 09:00,0.197092
2025-09-15 09:15,0.194157
2025-09-15 09:30,0.213703
2025-09-15 09:45,0.236343
2025-09-15 10:00,0.246453
2025-09-15 10:15,0.295525
2025-09-15 10:30,0.300741
2025-09-15 10:45,0.340549
2025-09-15 11:00,0.355074
2025-09-15 11:15,0.34208
2025-09-15 11:30,0.386957
2025-09-15 11:45,0.372738
2025-09-15 12:00,0.373002
2025-09-15 12:15,0.391749
2025-09-15 12:30,0.412074
2025-09-15 12:45,0.394597
2025-09-15 13:00,0.397834
2025-09-15 13:15,0.365246
2025-09-15 13:30,0.382143
2025-09-15 13:45,0.360808
2025-09-15 14:00,0.381434
2025-09-15 14:15,0.367578
2025-09-15 14:30,0.370665
2025-09-15 14:45,0.391428
2025-09-15 15:00,0.430561
2025-09-15 15:15,0.41681
2025-09-15 15:30,0.389651
2025-09-15 15:45,0.36829
2025-09-15 16:00,0.358635
2025-09-15 16:15,0.372881
2025-09-15 16:30,0.368379
2025-09-15 16:45,0.416408
2025-09-15 17:00,0.40319
2025-09-15 17:15,0.418101
2025-09-15 17:30,0.4426
2025-09-15 17:45,0.444018
2025-09-15 18:00,0.516288
2025-09-15 18:15,0.490693
2025-09-15 18:30,0.487805
2025-09-15 18:45,0.513687
2025-09-15 19:00,0.517158
2025-09-15 19:15,0.506984
2025-09-15 19:30,0.489101
2025-09-15 19:45,0.517517
2025-09-15 20:00,0.461987
2025-09-15 20:15,0.476104
2025-09-15 20:30,0.486693
2025-09-15 20:45,0.51716
2025-09-15 21:00,0.515002
2025-09-15 21:15,0.522405
2025-09-15 21:30,0.548077
2025-09-15 21:45,0.540283
2025-09-15 22:00,0.529044
2025-09-15 22:15,0.552755
2025-09-15 22:30,0.575155
2025-09-15 22:45,0.603774
2025-09-15 23:00,0.578288
2025-09-15 23:15,0.584661
2025-09-15 23:30,0.648045
2025-09-15 23:45,0.751804
2025-09-16 00:00,0.921435
2025-09-16 00:15,0.93233
2025-09-16 00:30,1.0
2025-09-16 00:45,0.952162
2025-09-16 01:00,0.991299
2025-09-16 01:15,0.856458
2025-09-16 01:30,0.805508
2025-09-16 01:45,0.904732
2025-09-16 02:00,0.790873
2025-09-16 02:15,0.766227
2025-09-16 02:30,0.717414
2025-09-16 02:45,0.746649
2025-09-16 03:00,0.631128
2025-09-16 03:15,0.621164
2025-09-16 03:30,0.56837
2025-09-16 03:45,0.580147
2025-09-16 04:00,0.503949
2025-09-16 04:15,0.434721
2025-09-16 04:30,0.420207
2025-09-16 04:45,0.377881
2025-09-16 05:00,0.326165
2025-09-16 05:15,0.301117
2025-09-16 05:30,0.293896
2025-09-16 05:45,0.276437
2025-09-16 06:00,0.251112
2025-09-16 06:15,0.236164
2025-09-16 06:30,0.269201
2025-09-16 06:45,0.181911
2025-09-16 07:00,0.188881
2025-09-16 07:15,0.195792
2025-09-16 07:30,0.184136
2025-09-16 07:45,0.168893
2025-09-16 08:00,0.160123
2025-09-16 08:15,0.151431
2025-09-16 08:30,0.163962
2025-09-16 08:45,0.168238
2025-09-16 09:00,0.202636
2025-09-16 09:15,0.201881
2025-09-16 09:30,0.222829
2025-09-16 09:45,0.254457
2025-09-16 10:00,0.264623
2025-09-16 10:15,0.295205
2025-09-16 10:30,0.315696
2025-09-16 10:45,0.350681
2025-09-16 11:00,0.380962
2025-09-16 11:15,0.378608
2025-09-16 11:30,0.400416
2025-09-16 11:45,0.400567
2025-09-16 12:00,0.412481
2025-09-16 12:15,0.381374
2025-09-16 12:30,0.381938
2025-09-16 12:45,0.383471
2025-09-16 13:00,0.317495
2025-09-16 13:15,0.28843
2025-09-16 13:30,0.27041
2025-09-16 13:45,0.361194
2025-09-16 14:00,0.359739
2025-09-16 14:15,0.385283
2025-09-16 14:30,0.382208
2025-09-16 14:45,0.340138
2025-09-16 15:00,0.328688
2025-09-16 15:15,0.349678
2025-09-16 15:30,0.352235
2025-09-16 15:45,0.319733
2025-09-16 16:00,0.356863
2025-09-16 16:15,0.365206
2025-09-16 16:30,0.432399
2025-09-16 16:45,0.408732
2025-09-16 17:00,0.398424
2025-09-16 17:15,0.419748
2025-09-16 17:30,0.452762
2025-09-16 17:45,0.413095
2025-09-16 18:00,0.490485
2025-09-16 18:15,0.498073
2025-09-16 18:30,0.475195
2025-09-16 18:45,0.474496
2025-09-16 19:00,0.494302
2025-09-16 19:15,0.503435
2025-09-16 19:30,0.463878
2025-09-16 19:45,0.448726
2025-09-16 20:00,0.523765
2025-09-16 20:15,0.537809
2025-09-16 20:30,0.531373
2025-09-16 20:45,0.534411
2025-09-16 21:00,0.524017
2025-09-16 21:15,0.570992
2025-09-16 21:30,0.542589
2025-09-16 21:45,0.543962
2025-09-16 22:00,0.582343
2025-09-16 22:15,0.615918
2025-09-16 22:30,0.615728
2025-09-16 22:45,0.604016
2025-09-16 23:00,0.723756
2025-09-16 23:15,0.679235
2025-09-16 23:30,0.645785
2025-09-16 23:45,0.632229
2025-09-17 00:00,0.638365
2025-09-17 00:00,0.601132
2025-09-17 00:15,0.67468
2025-09-17 00:30,0.733137
2025-09-17 00:45,0.796249
2025-09-17 01:00,0.834529
2025-09-17 01:15,0.720073
2025-09-17 01:30,0.727865
2025-09-17 01:45,0.722233
2025-09-17 02:00,0.706934
2025-09-17 02:15,0.654547
2025-09-17 02:30,0.61532
2025-09-17 02:45,0.604449
2025-09-17 03:00,0.577207
2025-09-17 03:15,0.604397
2025-09-17 03:30,0.532561
2025-09-17 03:45,0.528934
2025-09-17 04:00,0.452099
2025-09-17 04:15,0.419608
2025-09-17 04:30,0.372235
2025-09-17 04:45,0.327297
2025-09-17 05:00,0.305992
2025-09-17 05:15,0.307428
2025-09-17 05:30,0.22925
2025-09-17 05:45,0.220986
2025-09-17 06:00,0.193641
2025-09-17 06:15,0.173581
2025-09-17 06:30,0.187468
2025-09-17 06:45,0.170928
2025-09-17 07:00,0.158674
2025-09-17 07:15,0.130827
2025-09-17 07:30,0.133908
2025-09-17 07:45,0.157412
2025-09-17 08:00,0.117691
2025-09-17 08:15,0.142478
2025-09-17 08:30,0.152343
2025-09-17 08:45,0.141124
2025-09-17 09:00,0.175845
2025-09-17 09:15,0.194184
2025-09-17 09:30,0.199695
2025-09-17 09:45,0.198348
2025-09-17 10:00,0.220729
2025-09-17 10:15,0.21709
2025-09-17 10:30,0.295078
2025-09-17 10:45,0.310157
2025-09-17 11:00,0.305321
2025-09-17 11:15,0.310081
2025-09-17 11:30,0.318117
2025-09-17 11:45,0.360309
2025-09-17 12:00,0.344693
2025-09-17 12:15,0.355619
2025-09-17 12:30,0.347484
2025-09-17 12:45,0.379064
2025-09-17 13:00,0.368546
2025-09-17 13:15,0.383127
2025-09-17 13:30,0.43096
2025-09-17 13:45,0.335409
2025-09-17 14:00,0.347933
2025-09-17 14:15,0.319841
2025-09-17 14:30,0.333458
2025-09-17 14:45,0.315798
2025-09-17 15:00,0.327501
2025-09-17 15:15,0.328852
2025-09-17 15:30,0.384723
2025-09-17 15:45,0.342381
2025-09-17 16:00,0.326141
2025-09-17 16:15,0.400755
2025-09-17 16:30,0.361273
2025-09-17 16:45,0.336553
2025-09-17 17:00,0.40597
2025-09-17 17:15,0.437617
2025-09-17 17:30,0.392411
2025-09-17 17:45,0.396475
2025-09-17 18:00,0.422258
2025-09-17 18:15,0.453846
2025-09-17 18:30,0.476089
2025-09-17 18:45,0.480532
2025-09-17 19:00,0.486607
2025-09-17 19:15,0.559093
2025-09-17 19:30,0.516275
2025-09-17 19:45,0.475104
2025-09-17 20:00,0.450441
2025-09-17 20:15,0.448717
2025-09-17 20:30,0.490732
2025-09-17 20:45,0.466911
2025-09-17 21:00,0.485871
2025-09-17 21:15,0.530348
2025-09-17 21:30,0.487117
2025-09-17 21:45,0.53396
2025-09-17 22:00,0.5362
2025-09-17 22:15,0.498612
2025-09-17 22:30,0.540856
2025-09-17 22:45,0.58767
2025-09-17 23:00,0.634505
2025-09-17 23:15,0.579082
2025-09-17 23:30,0.614239
2025-09-17 23:45,0.715824
2025-09-18 00:00,0.845807
2025-09-18 00:15,0.832055
2025-09-18 00:30,0.865339
2025-09-18 00:45,0.957742
2025-09-18 01:00,0.787969
2025-09-18 01:15,0.765533
2025-09-18 01:30,0.737892
2025-09-18 01:45,0.777041
2025-09-18 02:00,0.766905
2025-09-18 02:15,0.70413
2025-09-18 02:30,0.626334
2025-09-18 02:45,0.653658
2025-09-18 03:00,0.543659
2025-09-18 03:15,0.55432
2025-09-18 03:30,0.530191
2025-09-18 03:45,0.472898
2025-09-18 04:00,0.580886
2025-09-18 04:15,0.45322
2025-09-18 04:30,0.381858
2025-09-18 04:45,0.358468
2025-09-18 05:00,0.33995
2025-09-18 05:15,0.291012
2025-09-18 05:30,0.285808
2025-09-18 05:45,0.284603
2025-09-18 06:00,0.250535
2025-09-18 06:15,0.242551
2025-09-18 06:30,0.19989
2025-09-18 06:45,0.179723
2025-09-18 07:00,0.186262
2025-09-18 07:15,0.150672
2025-09-18 07:30,0.153958
2025-09-18 07:45,0.153122
2025-09-18 08:00,0.166984
2025-09-18 08:15,0.179668
2025-09-18 08:30,0.249806
2025-09-18 08:45,0.224044
2025-09-18 09:00,0.20238
2025-09-18 09:15,0.227901
2025-09-18 09:30,0.225198
2025-09-18 09:45,0.23933
2025-09-18 10:00,0.266986
2025-09-18 10:15,0.28374
2025-09-18 10:30,0.346343
2025-09-18 10:45,0.361661
2025-09-18 11:00,0.338884
2025-09-18 11:15,0.303976
2025-09-18 11:30,0.347115
2025-09-18 11:45,0.409525
2025-09-18 12:00,0.363277
2025-09-18 12:15,0.389933
2025-09-18 12:30,0.408158
2025-09-18 12:45,0.46843
2025-09-18 13:00,0.40728
2025-09-18 13:15,0.412563
2025-09-18 13:30,0.409087
2025-09-18 13:45,0.409784
2025-09-18 14:00,0.341545
2025-09-18 14:15,0.348093
2025-09-18 14:30,0.343452
2025-09-18 14:45,0.337689
2025-09-18 15:00,0.30384
2025-09-18 15:15,0.344257
2025-09-18 15:30,0.365612
2025-09-18 15:45,0.383998
2025-09-18 16:00,0.374871
2025-09-18 16:15,0.402389
2025-09-18 16:30,0.419369
2025-09-18 16:45,0.412482
2025-09-18 17:00,0.405244
2025-09-18 17:15,0.446744
2025-09-18 17:30,0.476795
2025-09-18 17:45,0.493104
2025-09-18 18:00,0.504266
2025-09-18 18:15,0.528859
2025-09-18 18:30,0.522976
2025-09-18 18:45,0.518985
2025-09-18 19:00,0.484685
2025-09-18 19:15,0.486789
2025-09-18 19:30,0.487932
2025-09-18 19:45,0.522198
2025-09-18 20:00,0.55686
2025-09-18 20:15,0.566485
2025-09-18 20:30,0.570202
2025-09-18 20:45,0.5779
2025-09-18 21:00,0.520855
2025-09-18 21:15,0.468765
2025-09-18 21:30,0.445719
2025-09-18 21:45,0.483147
2025-09-18 22:00,0.495874
2025-09-18 22:15,0.557179
2025-09-18 22:30,0.527404
2025-09-18 22:45,0.560357
2025-09-18 23:00,0.671507
2025-09-18 23:15,0.684605
2025-09-18 23:30,0.67592
2025-09-18 23:45,0.808874
2025-09-19 00:00,0.898458
2025-09-19 00:15,1.0
2025-09-19 00:30,0.919123
2025-09-19 00:45,0.85813
2025-09-19 01:00,0.882885
2025-09-19 01:15,0.800587
2025-09-19 01:30,0.69723
2025-09-19 01:45,0.762558
2025-09-19 02:00,0.675262
2025-09-19 02:15,0.645894
2025-09-19 02:30,0.592874
2025-09-19 02:45,0.608596
2025-09-19 03:00,0.664418
2025-09-19 03:15,0.628251
2025-09-19 03:30,0.515439
2025-09-19 03:45,0.48965
2025-09-19 04:00,0.438451
2025-09-19 04:15,0.431213
2025-09-19 04:30,0.367966
2025-09-19 04:45,0.376209
2025-09-19 05:00,0.350288
2025-09-19 05:15,0.334171
2025-09-19 05:30,0.297126
2025-09-19 05:45,0.292786
2025-09-19 06:00,0.235276
2025-09-19 06:15,0.227704
2025-09-19 06:30,0.188526
2025-09-19 06:45,0.198525
2025-09-19 07:00,0.211536
2025-09-19 07:15,0.189625
2025-09-19 07:30,0.178677
2025-09-19 07:45,0.146463
2025-09-19 08:00,0.155392
2025-09-19 08:15,0.151793
2025-09-19 08:30,0.147047
2025-09-19 08:45,0.151633
2025-09-19 09:00,0.173728
2025-09-19 09:15,0.195088
2025-09-19 09:30,0.237657
2025-09-19 09:45,0.251165
2025-09-19 10:00,0.274187
2025-09-19 10:15,0.293399
2025-09-19 10:30,0.353273
2025-09-19 10:45,0.362257
2025-09-19 11:00,0.324878
2025-09-19 11:15,0.329904
2025-09-19 11:30,0.347611
2025-09-19 11:45,0.364295
2025-09-19 12:00,0.407638
2025-09-19 12:15,0.410931
2025-09-19 12:30,0.354298
2025-09-19 12:45,0.347513
2025-09-19 13:00,0.375517
2025-09-19 13:15,0.367374
2025-09-19 13:30,0.361487
2025-09-19 13:45,0.368488
2025-09-19 14:00,0.329489
2025-09-19 14:15,0.342543
2025-09-19 14:30,0.346499
2025-09-19 14:45,0.396556
2025-09-19 15:00,0.364755
2025-09-19 15:15,0.356949
2025-09-19 15:30,0.430741
2025-09-19 15:45,0.363638
2025-09-19 16:00,0.361995
2025-09-19 16:15,0.397409
2025-09-19 16:30,0.389847
2025-09-19 16:45,0.388888
2025-09-19 17:00,0.429878
2025-09-19 17:15,0.404007
2025-09-19 17:30,0.483432
2025-09-19 17:45,0.414472
2025-09-19 18:00,0.428697
2025-09-19 18:15,0.475469
2025-09-19 18:30,0.488108
2025-09-19 18:45,0.482494
2025-09-19 19:00,0.521867
2025-09-19 19:15,0.533698
2025-09-19 19:30,0.519812
2025-09-19 19:45,0.517156
2025-09-19 20:00,0.552591
2025-09-19 20:15,0.47533
2025-09-19 20:30,0.516468
2025-09-19 20:45,0.527194
2025-09-19 21:00,0.492876
2025-09-19 21:15,0.502233
2025-09-19 21:30,0.536072
2025-09-19 21:45,0.530589
2025-09-19 22:00,0.5367
2025-09-19 22:15,0.502868
2025-09-19 22:30,0.532064
2025-09-19 22:45,0.547734
2025-09-19 23:00,0.541118
2025-09-19 23:15,0.640327
2025-09-19 23:30,0.75218
2025-09-19 23:45,0.748221
2025-09-20 00:00,0.918121
2025-09-20 00:15,0.913891
2025-09-20 00:30,0.813015
2025-09-20 00:45,0.838477
2025-09-20 01:00,0.808305
2025-09-20 01:15,0.813789
2025-09-20 01:30,0.766286
2025-09-20 01:45,0.749978
2025-09-20 02:00,0.721757
2025-09-20 02:15,0.745752
2025-09-20 02:30,0.733205
2025-09-20 02:45,0.670791
2025-09-20 03:00,0.657159
2025-09-20 03:15,0.657889
2025-09-20 03:30,0.597877
2025-09-20 03:45,0.571513
2025-09-20 04:00,0.520405
2025-09-20 04:15,0.440009
2025-09-20 04:30,0.504055
2025-09-20 04:45,0.449558
2025-09-20 05:00,0.408032
2025-09-20 05:15,0.340465
2025-09-20 05:30,0.326379
2025-09-20 05:45,0.323216
2025-09-20 06:00,0.275977
2025-09-20 06:15,0.323019
2025-09-20 06:30,0.267799
2025-09-20 06:45,0.212335
2025-09-20 07:00,0.207735
2025-09-20 07:15,0.185102
2025-09-20 07:30,0.165287
2025-09-20 07:45,0.175555
2025-09-20 08:00,0.183863
2025-09-20 08:15,0.175984
2025-09-20 08:30,0.186458
2025-09-20 08:45,0.14949
2025-09-20 09:00,0.148911
2025-09-20 09:15,0.153834
2025-09-20 09:30,0.158102
2025-09-20 09:45,0.154944
2025-09-20 10:00,0.191683
2025-09-20 10:15,0.193034
2025-09-20 10:30,0.234845
2025-09-20 10:45,0.274808
2025-09-20 11:00,0.277515
2025-09-20 11:15,0.277842
2025-09-20 11:30,0.309475
2025-09-20 11:45,0.306493
2025-09-20 12:00,0.315771
2025-09-20 12:15,0.347054
2025-09-20 12:30,0.354823
2025-09-20 12:45,0.401013
2025-09-20 13:00,0.433852
2025-09-20 13:15,0.422222
2025-09-20 13:30,0.44457
2025-09-20 13:45,0.507388
2025-09-20 14:00,0.459269
2025-09-20 14:15,0.431656
2025-09-20 14:30,0.442902
2025-09-20 14:45,0.433128
2025-09-20 15:00,0.431051
2025-09-20 15:15,0.475153
2025-09-20 15:30,0.454038
2025-09-20 15:45,0.443758
2025-09-20 16:00,0.456545
2025-09-20 16:15,0.494356
2025-09-20 16:30,0.45482
2025-09-20 16:45,0.43497
2025-09-20 17:00,0.42566
2025-09-20 17:15,0.437687
2025-09-20 17:30,0.413888
2025-09-20 17:45,0.420111
2025-09-20 18:00,0.457048
2025-09-20 18:15,0.484862
2025-09-20 18:30,0.475578
2025-09-20 18:45,0.498406
2025-09-20 19:00,0.531767
2025-09-20 19:15,0.517931
2025-09-20 19:30,0.583638
2025-09-20 19:45,0.581167
2025-09-20 20:00,0.662608
2025-09-20 20:15,0.573926
2025-09-20 20:30,0.606803
2025-09-20 20:45,0.529764
2025-09-20 21:00,0.481687
2025-09-20 21:15,0.504407
2025-09-20 21:30,0.528726
2025-09-20 21:45,0.529246
2025-09-20 22:00,0.510878
2025-09-20 22:15,0.542475
2025-09-20 22:30,0.484387
2025-09-20 22:45,0.543098
2025-09-20 23:00,0.529203
2025-09-20 23:15,0.586559
2025-09-20 23:30,0.723763
2025-09-20 23:45,0.745062
2025-09-21 00:00,0.771336
2025-09-21 00:15,0.875997
2025-09-21 00:30,0.77951
2025-09-21 00:45,0.827523
2025-09-21 01:00,0.893982
2025-09-21 01:15,0.826158
2025-09-21 01:30,0.739819
2025-09-21 01:45,0.719456
2025-09-21 02:00,0.656873
2025-09-21 02:15,0.68359
2025-09-21 02:30,0.632041
2025-09-21 02:45,0.665167
2025-09-21 03:00,0.651277
2025-09-21 03:15,0.612968
2025-09-21 03:30,0.572447
2025-09-21 03:45,0.530462
2025-09-21 04:00,0.507533
2025-09-21 04:15,0.490779
2025-09-21 04:30,0.462788
2025-09-21 04:45,0.444857
2025-09-21 05:00,0.407565
2025-09-21 05:15,0.371786
2025-09-21 05:30,0.363601
2025-09-21 05:45,0.35488
2025-09-21 06:00,0.283145
2025-09-21 06:15,0.255996
2025-09-21 06:30,0.258974
2025-09-21 06:45,0.249667
2025-09-21 07:00,0.243243
2025-09-21 07:15,0.204976
2025-09-21 07:30,0.203935
2025-09-21 07:45,0.206521
2025-09-21 08:00,0.162092
2025-09-21 08:15,0.169257
2025-09-21 08:30,0.155477
2025-09-21 08:45,0.185229
2025-09-21 09:00,0.176042
2025-09-21 09:15,0.175817
2025-09-21 09:30,0.150835
2025-09-21 09:45,0.174135
2025-09-21 10:00,0.204206
2025-09-21 10:15,0.211454
2025-09-21 10:30,0.231681
2025-09-21 10:45,0.246019
2025-09-21 11:00,0.266437
2025-09-21 11:15,0.347
2025-09-21 11:30,0.32264
2025-09-21 11:45,0.373095
2025-09-21 12:00,0.372751
2025-09-21 12:15,0.374658
2025-09-21 12:30,0.389105
2025-09-21 12:45,0.447085
2025-09-21 13:00,0.411739
2025-09-21 13:15,0.434487
2025-09-21 13:30,0.489518
2025-09-21 13:45,0.564657
2025-09-21 14:00,0.594266
2025-09-21 14:15,0.549297
2025-09-21 14:30,0.512115
2025-09-21 14:45,0.480345
2025-09-21 15:00,0.475411
2025-09-21 15:15,0.509614
2025-09-21 15:30,0.525075
2025-09-21 15:45,0.587847
2025-09-21 16:00,0.548125
2025-09-21 16:15,0.489327
2025-09-21 16:30,0.485544
2025-09-21 16:45,0.490855
2025-09-21 17:00,0.500598
2025-09-21 17:15,0.48699
2025-09-21 17:30,0.476713
2025-09-21 17:45,0.489204
2025-09-21 18:00,0.530716
2025-09-21 18:15,0.555387
2025-09-21 18:30,0.533836
2025-09-21 18:45,0.580766
2025-09-21 19:00,0.608794
2025-09-21 19:15,0.600045
2025-09-21 19:30,0.569656
2025-09-21 19:45,0.57482
2025-09-21 20:00,0.639648
2025-09-21 20:15,0.697323
2025-09-21 20:30,0.697747
2025-09-21 20:45,0.631718
2025-09-21 21:00,0.621482
2025-09-21 21:15,0.644693
2025-09-21 21:30,0.696444
2025-09-21 21:45,0.854
2025-09-21 22:00,0.741242
2025-09-21 22:15,0.707983
2025-09-21 22:30,0.693556
2025-09-21 22:45,0.694525
2025-09-21 23:00,0.621491
2025-09-21 23:15,0.673147
2025-09-21 23:30,0.688112
2025-09-21 23:45,0.742966
2025-09-22 00:00,0.834621
2025-09-22 00:15,0.805744
2025-09-22 00:30,0.872192
2025-09-22 00:45,0.806227
2025-09-22 01:00,0.76854
2025-09-22 01:15,0.775138
2025-09-22 01:30,0.733623
2025-09-22 01:45,0.77559
2025-09-22 02:00,0.701987
2025-09-22 02:15,0.698064
2025-09-22 02:30,0.644728
2025-09-22 02:45,0.633439
2025-09-22 03:00,0.680305
2025-09-22 03:15,0.610174
2025-09-22 03:30,0.54841
2025-09-22 03:45,0.511713
2025-09-22 04:00,0.468782
2025-09-22 04:15,0.400609
2025-09-22 04:30,0.37022
2025-09-22 04:45,0.339155
2025-09-22 05:00,0.389227
2025-09-22 05:15,0.31707
2025-09-22 05:30,0.277895
2025-09-22 05:45,0.251881
2025-09-22 06:00,0.229487
2025-09-22 06:15,0.225184
2025-09-22 06:30,0.214324
2025-09-22 06:45,0.216159
2025-09-22 07:00,0.188821
2025-09-22 07:15,0.17603
2025-09-22 07:30,0.182443
2025-09-22 07:45,0.187226
2025-09-22 08:00,0.16836
2025-09-22 08:15,0.150959
2025-09-22 08:30,0.177871
2025-09-22 08:45,0.168454
2025-09-22 09:00,0.173759
2025-09-22 09:15,0.176531
2025-09-22 09:30,0.199653
2025-09-22 09:45,0.223797
2025-09-22 10:00,0.257661
2025-09-22 10:15,0.255304
2025-09-22 10:30,0.282552
2025-09-22 10:45,0.350231
2025-09-22 11:00,0.328285
2025-09-22 11:15,0.38706
2025-09-22 11:30,0.414435
2025-09-22 11:45,0.411218
2025-09-22 12:00,0.415072
2025-09-22 12:15,0.388708
2025-09-22 12:30,0.445317
2025-09-22 12:45,0.388875
2025-09-22 13:00,0.365448
2025-09-22 13:15,0.387168
2025-09-22 13:30,0.397696
2025-09-22 13:45,0.448324
2025-09-22 14:00,0.346162
2025-09-22 14:15,0.343631
2025-09-22 14:30,0.334191
2025-09-22 14:45,0.332999
2025-09-22 15:00,0.37712
2025-09-22 15:15,0.38259
2025-09-22 15:30,0.372364
2025-09-22 15:45,0.388028
2025-09-22 16:00,0.372492
2025-09-22 16:15,0.401692
2025-09-22 16:30,0.386475
2025-09-22 16:45,0.412355
2025-09-22 17:00,0.410748
2025-09-22 17:15,0.502654
2025-09-22 17:30,0.462437
2025-09-22 17:45,0.50359
2025-09-22 18:00,0.528453
2025-09-22 18:15,0.485803
2025-09-22 18:30,0.527272
2025-09-22 18:45,0.560162
2025-09-22 19:00,0.616852
2025-09-22 19:15,0.418478
2025-09-22 19:30,0.379159
2025-09-22 19:45,0.505226
2025-09-22 20:00,0.559045
2025-09-22 20:15,0.501752
2025-09-22 20:30,0.54294
2025-09-22 20:45,0.530598
2025-09-22 21:00,0.468233
2025-09-22 21:15,0.47844
2025-09-22 21:30,0.495836
2025-09-22 21:45,0.505078
2025-09-22 22:00,0.546557
2025-09-22 22:15,0.618823
2025-09-22 22:30,0.565322
2025-09-22 22:45,0.633836
2025-09-22 23:00,0.673622
2025-09-22 23:15,0.641334
2025-09-22 23:30,0.70859
2025-09-22 23:45,0.786743
2025-09-23 00:00,0.970928
2025-09-23 00:15,0.927191
2025-09-23 00:30,0.876699
2025-09-23 00:45,0.859469
2025-09-23 01:00,0.875173
2025-09-23 01:15,0.870259
2025-09-23 01:30,0.828892
2025-09-23 01:45,0.769447
2025-09-23 02:00,0.76788
2025-09-23 02:15,0.808026
2025-09-23 02:30,0.66569
2025-09-23 02:45,0.634887
2025-09-23 03:00,0.631644
2025-09-23 03:15,0.653869
2025-09-23 03:30,0.568931
2025-09-23 03:45,0.504031
2025-09-23 04:00,0.502027
2025-09-23 04:15,0.463398
2025-09-23 04:30,0.432227
2025-09-23 04:45,0.391127
2025-09-23 05:00,0.416886
2025-09-23 05:15,0.338172
2025-09-23 05:30,0.339416
2025-09-23 05:45,0.322066
2025-09-23 06:00,0.294881
2025-09-23 06:15,0.217933
2025-09-23 06:30,0.232006
2025-09-23 06:45,0.226359
2025-09-23 07:00,0.189416
2025-09-23 07:15,0.164594
2025-09-23 07:30,0.164359
2025-09-23 07:45,0.163376
2025-09-23 08:00,0.164732
2025-09-23 08:15,0.180554
2025-09-23 08:30,0.1758
2025-09-23 08:45,0.182726
2025-09-23 09:00,0.184622
2025-09-23 09:15,0.212292
2025-09-23 09:30,0.232702
2025-09-23 09:45,0.232909
2025-09-23 10:00,0.250161
2025-09-23 10:15,0.236522
2025-09-23 10:30,0.314315
2025-09-23 10:45,0.341356
2025-09-23 11:00,0.342062
2025-09-23 11:15,0.341021
2025-09-23 11:30,0.364293
2025-09-23 11:45,0.390098
2025-09-23 12:00,0.360686
2025-09-23 12:15,0.360572
2025-09-23 12:30,0.362487
2025-09-23 12:45,0.357975
2025-09-23 13:00,0.362075
2025-09-23 13:15,0.398433
2025-09-23 13:30,0.338504
2025-09-23 13:45,0.361811
2025-09-23 14:00,0.338086
2025-09-23 14:15,0.340036
2025-09-23 14:30,0.328285
2025-09-23 14:45,0.362327
2025-09-23 15:00,0.364407
2025-09-23 15:15,0.359291
2025-09-23 15:30,0.349689
2025-09-23 15:45,0.329554
2025-09-23 16:00,0.354246
2025-09-23 16:15,0.359219
2025-09-23 16:30,0.405683
2025-09-23 16:45,0.369941
2025-09-23 17:00,0.403979
2025-09-23 17:15,0.557911
2025-09-23 17:30,0.53259
2025-09-23 17:45,0.541378
2025-09-23 18:00,0.527979
2025-09-23 18:15,0.560983
2025-09-23 18:30,0.548334
2025-09-23 18:45,0.5612
2025-09-23 19:00,0.52426
2025-09-23 19:15,0.540134
2025-09-23 19:30,0.537687
2025-09-23 19:45,0.532523
2025-09-23 20:00,0.497444
2025-09-23 20:15,0.540503
2025-09-23 20:30,0.524639
2025-09-23 20:45,0.52146
2025-09-23 21:00,0.473636
2025-09-23 21:15,0.565441
2025-09-23 21:30,0.531785
2025-09-23 21:45,0.579042
2025-09-23 22:00,0.528035
2025-09-23 22:15,0.519685
2025-09-23 22:30,0.570943
2025-09-23 22:45,0.583691
2025-09-23 23:00,0.645935
2025-09-23 23:15,0.734547
2025-09-23 23:30,0.845804
2025-09-23 23:45,0.775914
2025-09-24 00:00,0.885911
2025-09-24 00:00,0.867282
2025-09-24 00:15,0.860624
2025-09-24 00:30,0.917836
2025-09-24 00:45,0.926165
2025-09-24 01:00,0.952498
2025-09-24 01:15,0.805267
2025-09-24 01:30,0.786241
2025-09-24 01:45,0.838836
2025-09-24 02:00,0.72857
2025-09-24 02:15,0.745318
2025-09-24 02:30,0.673819
2025-09-24 02:45,0.669883
2025-09-24 03:00,0.601124
2025-09-24 03:15,0.545545
2025-09-24 03:30,0.497412
2025-09-24 03:45,0.469775
2025-09-24 04:00,0.500106
2025-09-24 04:15,0.452893
2025-09-24 04:30,0.408413
2025-09-24 04:45,0.364005
2025-09-24 05:00,0.305715
2025-09-24 05:15,0.293166
2025-09-24 05:30,0.312184
2025-09-24 05:45,0.264296
2025-09-24 06:00,0.228178
2025-09-24 06:15,0.190706
2025-09-24 06:30,0.196949
2025-09-24 06:45,0.199814
2025-09-24 07:00,0.203967
2025-09-24 07:15,0.214319
2025-09-24 07:30,0.189489
2025-09-24 07:45,0.185483
2025-09-24 08:00,0.166663
2025-09-24 08:15,0.141277
2025-09-24 08:30,0.143647
2025-09-24 08:45,0.147889
2025-09-24 09:00,0.184138
2025-09-24 09:15,0.183197
2025-09-24 09:30,0.224663
2025-09-24 09:45,0.230536
2025-09-24 10:00,0.246644
2025-09-24 10:15,0.254957
2025-09-24 10:30,0.290644
2025-09-24 10:45,0.341566
2025-09-24 11:00,0.377339
2025-09-24 11:15,0.344958
2025-09-24 11:30,0.345021
2025-09-24 11:45,0.378733
2025-09-24 12:00,0.441163
2025-09-24 12:15,0.39824
2025-09-24 12:30,0.35383
2025-09-24 12:45,0.468724
2025-09-24 13:00,0.363599
2025-09-24 13:15,0.380578
2025-09-24 13:30,0.341309
2025-09-24 13:45,0.315477
2025-09-24 14:00,0.338662
2025-09-24 14:15,0.324958
2025-09-24 14:30,0.34313
2025-09-24 14:45,0.374564
2025-09-24 15:00,0.339124
2025-09-24 15:15,0.323546
2025-09-24 15:30,0.354424
2025-09-24 15:45,0.331688
2025-09-24 16:00,0.361243
2025-09-24 16:15,0.356859
2025-09-24 16:30,0.399378
2025-09-24 16:45,0.403769
2025-09-24 17:00,0.398814
2025-09-24 17:15,0.450729
2025-09-24 17:30,0.461154
2025-09-24 17:45,0.496678
2025-09-24 18:00,0.514283
2025-09-24 18:15,0.493056
2025-09-24 18:30,0.535357
2025-09-24 18:45,0.528742
2025-09-24 19:00,0.616104
2025-09-24 19:15,0.537411
2025-09-24 19:30,0.527365
2025-09-24 19:45,0.577375
2025-09-24 20:00,0.603964
2025-09-24 20:15,0.537156
2025-09-24 20:30,0.513821
2025-09-24 20:45,0.521498
2025-09-24 21:00,0.537792
2025-09-24 21:15,0.610098
2025-09-24 21:30,0.56928
2025-09-24 21:45,0.544492
2025-09-24 22:00,0.525892
2025-09-24 22:15,0.495067
2025-09-24 22:30,0.560153
2025-09-24 22:45,0.587865
2025-09-24 23:00,0.667646
2025-09-24 23:15,0.630212
2025-09-24 23:30,0.704699
2025-09-24 23:45,0.856229
2025-09-25 00:00,0.890686
2025-09-25 00:15,0.87574
2025-09-25 00:30,1.0
2025-09-25 00:45,0.862464
2025-09-25 01:00,0.86402
2025-09-25 01:15,0.7586
2025-09-25 01:30,0.742096
2025-09-25 01:45,0.754015
2025-09-25 02:00,0.700154
2025-09-25 02:15,0.66584
2025-09-25 02:30,0.662736
2025-09-25 02:45,0.606996
2025-09-25 03:00,0.570648
2025-09-25 03:15,0.549971
2025-09-25 03:30,0.550002
2025-09-25 03:45,0.470729
2025-09-25 04:00,0.495905
2025-09-25 04:15,0.445295
2025-09-25 04:30,0.442872
2025-09-25 04:45,0.38633
2025-09-25 05:00,0.352134
2025-09-25 05:15,0.330297
2025-09-25 05:30,0.2919
2025-09-25 05:45,0.266026
2025-09-25 06:00,0.279896
2025-09-25 06:15,0.228926
2025-09-25 06:30,0.223559
2025-09-25 06:45,0.212127
2025-09-25 07:00,0.169915
2025-09-25 07:15,0.164704
2025-09-25 07:30,0.166909
2025-09-25 07:45,0.177999
2025-09-25 08:00,0.159694
2025-09-25 08:15,0.198501
2025-09-25 08:30,0.223411
2025-09-25 08:45,0.168359
2025-09-25 09:00,0.193695
2025-09-25 09:15,0.216194
2025-09-25 09:30,0.203951
2025-09-25 09:45,0.209344
2025-09-25 10:00,0.236961
2025-09-25 10:15,0.282272
2025-09-25 10:30,0.293436
2025-09-25 10:45,0.331475
2025-09-25 11:00,0.31444
2025-09-25 11:15,0.361953
2025-09-25 11:30,0.366391
2025-09-25 11:45,0.380838
2025-09-25 12:00,0.346901
2025-09-25 12:15,0.38442
2025-09-25 12:30,0.414038
2025-09-25 12:45,0.38307
2025-09-25 13:00,0.383511
2025-09-25 13:15,0.38645
2025-09-25 13:30,0.353214
2025-09-25 13:45,0.358088
2025-09-25 14:00,0.345041
2025-09-25 14:15,0.327924
2025-09-25 14:30,0.323459
2025-09-25 14:45,0.328023
2025-09-25 15:00,0.334907
2025-09-25 15:15,0.34231
2025-09-25 15:30,0.320447
2025-09-25 15:45,0.346875
2025-09-25 16:00,0.341376
2025-09-25 16:15,0.356792
2025-09-25 16:30,0.381844
2025-09-25 16:45,0.41363
2025-09-25 17:00,0.422725
2025-09-25 17:15,0.455784
2025-09-25 17:30,0.470003
2025-09-25 17:45,0.490204
2025-09-25 18:00,0.445185
2025-09-25 18:15,0.479716
2025-09-25 18:30,0.48059
2025-09-25 18:45,0.541252
2025-09-25 19:00,0.509449
2025-09-25 19:15,0.520185
2025-09-25 19:30,0.56431
2025-09-25 19:45,0.530738
2025-09-25 20:00,0.577716
2025-09-25 20:15,0.531728
2025-09-25 20:30,0.552237
2025-09-25 20:45,0.493601
2025-09-25 21:00,0.497121
2025-09-25 21:15,0.468934
2025-09-25 21:30,0.481729
2025-09-25 21:45,0.473984
2025-09-25 22:00,0.538193
2025-09-25 22:15,0.519047
2025-09-25 22:30,0.580718
2025-09-25 22:45,0.557026
2025-09-25 23:00,0.552687
2025-09-25 23:15,0.66167
2025-09-25 23:30,0.679164
2025-09-25 23:45,0.724559
2025-09-26 00:00,0.78748
2025-09-26 00:15,0.808207
2025-09-26 00:30,0.878076
2025-09-26 00:45,0.812075
2025-09-26 01:00,0.878168
2025-09-26 01:15,0.822471
2025-09-26 01:30,0.738952
2025-09-26 01:45,0.755664
2025-09-26 02:00,0.653059
2025-09-26 02:15,0.647877
2025-09-26 02:30,0.651681
2025-09-26 02:45,0.643078
2025-09-26 03:00,0.555811
2025-09-26 03:15,0.549236
2025-09-26 03:30,0.49432
2025-09-26 03:45,0.462058
2025-09-26 04:00,0.443879
2025-09-26 04:15,0.405059
2025-09-26 04:30,0.473499
2025-09-26 04:45,0.375852
2025-09-26 05:00,0.353168
2025-09-26 05:15,0.326417
2025-09-26 05:30,0.280663
2025-09-26 05:45,0.251881
2025-09-26 06:00,0.236409
2025-09-26 06:15,0.252942
2025-09-26 06:30,0.237969
2025-09-26 06:45,0.200526
2025-09-26 07:00,0.206755
2025-09-26 07:15,0.19365
2025-09-26 07:30,0.170959
2025-09-26 07:45,0.169902
2025-09-26 08:00,0.155575
2025-09-26 08:15,0.139104
2025-09-26 08:30,0.150574
2025-09-26 08:45,0.190496
2025-09-26 09:00,0.174633
2025-09-26 09:15,0.201046
2025-09-26 09:30,0.204855
2025-09-26 09:45,0.236495
2025-09-26 10:00,0.244537
2025-09-26 10:15,0.238083
2025-09-26 10:30,0.274168
2025-09-26 10:45,0.316904
2025-09-26 11:00,0.310764
2025-09-26 11:15,0.374693
2025-09-26 11:30,0.365427
2025-09-26 11:45,0.334263
2025-09-26 12:00,0.375788
2025-09-26 12:15,0.377456
2025-09-26 12:30,0.420813
2025-09-26 12:45,0.374398
2025-09-26 13:00,0.357576
2025-09-26 13:15,0.385043
2025-09-26 13:30,0.38568
2025-09-26 13:45,0.412165
2025-09-26 14:00,0.376105
2025-09-26 14:15,0.350859
2025-09-26 14:30,0.337968
2025-09-26 14:45,0.364337
2025-09-26 15:00,0.381554
2025-09-26 15:15,0.323729
2025-09-26 15:30,0.334369
2025-09-26 15:45,0.340114
2025-09-26 16:00,0.368333
2025-09-26 16:15,0.365928
2025-09-26 16:30,0.337272
2025-09-26 16:45,0.330402
2025-09-26 17:00,0.393467
2025-09-26 17:15,0.448653
2025-09-26 17:30,0.42655
2025-09-26 17:45,0.487735
2025-09-26 18:00,0.430655
2025-09-26 18:15,0.50292
2025-09-26 18:30,0.475386
2025-09-26 18:45,0.501339
2025-09-26 19:00,0.475699
2025-09-26 19:15,0.504803
2025-09-26 19:30,0.515135
2025-09-26 19:45,0.617135
2025-09-26 20:00,0.492471
2025-09-26 20:15,0.477308
2025-09-26 20:30,0.50635
2025-09-26 20:45,0.458639
2025-09-26 21:00,0.480657
2025-09-26 21:15,0.42409
2025-09-26 21:30,0.434576
2025-09-26 21:45,0.480205
2025-09-26 22:00,0.45704
2025-09-26 22:15,0.512108
2025-09-26 22:30,0.491183
2025-09-26 22:45,0.520677
2025-09-26 23:00,0.536788
2025-09-26 23:15,0.54602
2025-09-26 23:30,0.590323
2025-09-26 23:45,0.572092
2025-09-27 00:00,0.685591
2025-09-27 00:15,0.780964
2025-09-27 00:30,0.749526
2025-09-27 00:45,0.795054
2025-09-27 01:00,0.770304
2025-09-27 01:15,0.729297
2025-09-27 01:30,0.693923
2025-09-27 01:45,0.661775
2025-09-27 02:00,0.625837
2025-09-27 02:15,0.658069
2025-09-27 02:30,0.608591
2025-09-27 02:45,0.631369
2025-09-27 03:00,0.658051
2025-09-27 03:15,0.603113
2025-09-27 03:30,0.580181
2025-09-27 03:45,0.579852
2025-09-27 04:00,0.562873
2025-09-27 04:15,0.476443
2025-09-27 04:30,0.517238
2025-09-27 04:45,0.444201
2025-09-27 05:00,0.412197
2025-09-27 05:15,0.418056
2025-09-27 05:30,0.399079
2025-09-27 05:45,0.388589
2025-09-27 06:00,0.372664
2025-09-27 06:15,0.328416
2025-09-27 06:30,0.248252
2025-09-27 06:45,0.229867
2025-09-27 07:00,0.203572
2025-09-27 07:15,0.210999
2025-09-27 07:30,0.186317
2025-09-27 07:45,0.17929
2025-09-27 08:00,0.169892
2025-09-27 08:15,0.170959
2025-09-27 08:30,0.186249
2025-09-27 08:45,0.169826
2025-09-27 09:00,0.1634
2025-09-27 09:15,0.16496
2025-09-27 09:30,0.195265
2025-09-27 09:45,0.199776
2025-09-27 10:00,0.203056
2025-09-27 10:15,0.204139
2025-09-27 10:30,0.228923
2025-09-27 10:45,0.275851
2025-09-27 11:00,0.307529
2025-09-27 11:15,0.313188
2025-09-27 11:30,0.323908
2025-09-27 11:45,0.350319
2025-09-27 12:00,0.36586
2025-09-27 12:15,0.366615
2025-09-27 12:30,0.384106
2025-09-27 12:45,0.395894
2025-09-27 13:00,0.404795
2025-09-27 13:15,0.397802
2025-09-27 13:30,0.457244
2025-09-27 13:45,0.440327
2025-09-27 14:00,0.449289
2025-09-27 14:15,0.446682
2025-09-27 14:30,0.43682
2025-09-27 14:45,0.466345
2025-09-27 15:00,0.421813
2025-09-27 15:15,0.397061
2025-09-27 15:30,0.416167
2025-09-27 15:45,0.492876
2025-09-27 16:00,0.45545
2025-09-27 16:15,0.541428
2025-09-27 16:30,0.556546
2025-09-27 16:45,0.542241
2025-09-27 17:00,0.488069
2025-09-27 17:15,0.4682
2025-09-27 17:30,0.457337
2025-09-27 17:45,0.473172
2025-09-27 18:00,0.475363
2025-09-27 18:15,0.440266
2025-09-27 18:30,0.457867
2025-09-27 18:45,0.495483
2025-09-27 19:00,0.565306
2025-09-27 19:15,0.48346
2025-09-27 19:30,0.537064
2025-09-27 19:45,0.535246
2025-09-27 20:00,0.551337
2025-09-27 20:15,0.590415
2025-09-27 20:30,0.548676
2025-09-27 20:45,0.518916
2025-09-27 21:00,0.503317
2025-09-27 21:15,0.539632
2025-09-27 21:30,0.577146
2025-09-27 21:45,0.54121
2025-09-27 22:00,0.511516
2025-09-27 22:15,0.515947
2025-09-27 22:30,0.563758
2025-09-27 22:45,0.572461
2025-09-27 23:00,0.592062
2025-09-27 23:15,0.613754
2025-09-27 23:30,0.623438
2025-09-27 23:45,0.705903
2025-09-28 00:00,0.740116
2025-09-28 00:15,0.732463
2025-09-28 00:30,0.893109
2025-09-28 00:45,0.760853
2025-09-28 01:00,0.789599
2025-09-28 01:15,0.695532
2025-09-28 01:30,0.681677
2025-09-28 01:45,0.779668
2025-09-28 02:00,0.711437
2025-09-28 02:15,0.827458
2025-09-28 02:30,0.804342
2025-09-28 02:45,0.712448
2025-09-28 03:00,0.752232
2025-09-28 03:15,0.672998
2025-09-28 03:30,0.705226
2025-09-28 03:45,0.674244
2025-09-28 04:00,0.580826
2025-09-28 04:15,0.543725
2025-09-28 04:30,0.480541
2025-09-28 04:45,0.541365
2025-09-28 05:00,0.495514
2025-09-28 05:15,0.390162
2025-09-28 05:30,0.375815
2025-09-28 05:45,0.334738
2025-09-28 06:00,0.337285
2025-09-28 06:15,0.339217
2025-09-28 06:30,0.336817
2025-09-28 06:45,0.270445
2025-09-28 07:00,0.255947
2025-09-28 07:15,0.237775
2025-09-28 07:30,0.228594
2025-09-28 07:45,0.230567
2025-09-28 08:00,0.192174
2025-09-28 08:15,0.199205
2025-09-28 08:30,0.19845
2025-09-28 08:45,0.194134
2025-09-28 09:00,0.18693
2025-09-28 09:15,0.200567
2025-09-28 09:30,0.202603
2025-09-28 09:45,0.186139
2025-09-28 10:00,0.197179
2025-09-28 10:15,0.230967
2025-09-28 10:30,0.252575
2025-09-28 10:45,0.269096
2025-09-28 11:00,0.28617
2025-09-28 11:15,0.284762
2025-09-28 11:30,0.288667
2025-09-28 11:45,0.293938
2025-09-28 12:00,0.323657
2025-09-28 12:15,0.430305
2025-09-28 12:30,0.439
2025-09-28 12:45,0.424697
2025-09-28 13:00,0.483044
2025-09-28 13:15,0.507388
2025-09-28 13:30,0.484291
2025-09-28 13:45,0.510729
2025-09-28 14:00,0.51144
2025-09-28 14:15,0.577958
2025-09-28 14:30,0.491237
2025-09-28 14:45,0.454395
2025-09-28 15:00,0.46052
2025-09-28 15:15,0.500072
2025-09-28 15:30,0.518912
2025-09-28 15:45,0.459224
2025-09-28 16:00,0.48753
2025-09-28 16:15,0.484365
2025-09-28 16:30,0.52365
2025-09-28 16:45,0.551249
2025-09-28 17:00,0.541324
2025-09-28 17:15,0.510876
2025-09-28 17:30,0.570621
2025-09-28 17:45,0.584497
2025-09-28 18:00,0.587415
2025-09-28 18:15,0.560678
2025-09-28 18:30,0.545236
2025-09-28 18:45,0.57851
2025-09-28 19:00,0.540534
2025-09-28 19:15,0.546503
2025-09-28 19:30,0.567661
2025-09-28 19:45,0.575632
2025-09-28 20:00,0.586092
2025-09-28 20:15,0.562237
2025-09-28 20:30,0.669057
2025-09-28 20:45,0.675302
2025-09-28 21:00,0.645413
2025-09-28 21:15,0.704138
2025-09-28 21:30,0.698219
2025-09-28 21:45,0.713187
2025-09-28 22:00,0.619374
2025-09-28 22:15,0.603843
2025-09-28 22:30,0.657512
2025-09-28 22:45,0.686207
2025-09-28 23:00,0.640719
2025-09-28 23:15,0.671879
2025-09-28 23:30,0.669558
2025-09-28 23:45,0.734081
2025-09-29 00:00,0.734711
2025-09-29 00:15,0.826929
2025-09-29 00:30,0.863428
2025-09-29 00:45,0.766943
2025-09-29 01:00,0.748541
2025-09-29 01:15,0.76409
2025-09-29 01:30,0.745785
2025-09-29 01:45,0.74706
2025-09-29 02:00,0.712747
2025-09-29 02:15,0.654962
2025-09-29 02:30,0.653636
2025-09-29 02:45,0.657552
2025-09-29 03:00,0.644512
2025-09-29 03:15,0.610849
2025-09-29 03:30,0.563807
2025-09-29 03:45,0.563412
2025-09-29 04:00,0.458132
2025-09-29 04:15,0.457236
2025-09-29 04:30,0.421594
2025-09-29 04:45,0.411762
2025-09-29 05:00,0.411645
2025-09-29 05:15,0.407407
2025-09-29 05:30,0.329727
2025-09-29 05:45,0.283166
2025-09-29 06:00,0.296709
2025-09-29 06:15,0.283403
2025-09-29 06:30,0.24121
2025-09-29 06:45,0.23459
2025-09-29 07:00,0.22221
2025-09-29 07:15,0.216619
2025-09-29 07:30,0.193555
2025-09-29 07:45,0.217507
2025-09-29 08:00,0.201354
2025-09-29 08:15,0.189826
2025-09-29 08:30,0.161517
2025-09-29 08:45,0.169761
2025-09-29 09:00,0.195462
2025-09-29 09:15,0.248089
2025-09-29 09:30,0.249352
2025-09-29 09:45,0.264677
2025-09-29 10:00,0.235928
2025-09-29 10:15,0.255169
2025-09-29 10:30,0.290184
2025-09-29 10:45,0.324485
2025-09-29 11:00,0.352548
2025-09-29 11:15,0.392559
2025-09-29 11:30,0.354848
2025-09-29 11:45,0.382336
2025-09-29 12:00,0.419041
2025-09-29 12:15,0.406973
2025-09-29 12:30,0.41173
2025-09-29 12:45,0.404278
2025-09-29 13:00,0.382089
2025-09-29 13:15,0.390466
2025-09-29 13:30,0.381375
2025-09-29 13:45,0.342173
2025-09-29 14:00,0.372595
2025-09-29 14:15,0.358683
2025-09-29 14:30,0.341933
2025-09-29 14:45,0.348681
2025-09-29 15:00,0.41262
2025-09-29 15:15,0.388578
2025-09-29 15:30,0.411537
2025-09-29 15:45,0.404969
2025-09-29 16:00,0.392691
2025-09-29 16:15,0.442062
2025-09-29 16:30,0.389555
2025-09-29 16:45,0.400661
2025-09-29 17:00,0.420678
2025-09-29 17:15,0.472651
2025-09-29 17:30,0.467663
2025-09-29 17:45,0.449983
2025-09-29 18:00,0.452409
2025-09-29 18:15,0.49337
2025-09-29 18:30,0.453484
2025-09-29 18:45,0.479206
2025-09-29 19:00,0.478578
2025-09-29 19:15,0.480632
2025-09-29 19:30,0.475267
2025-09-29 19:45,0.543925
2025-09-29 20:00,0.48671
2025-09-29 20:15,0.50468
2025-09-29 20:30,0.458397
2025-09-29 20:45,0.507716
2025-09-29 21:00,0.577722
2025-09-29 21:15,0.570625
2025-09-29 21:30,0.5062
2025-09-29 21:45,0.492399
2025-09-29 22:00,0.528445
2025-09-29 22:15,0.510635
2025-09-29 22:30,0.545536
2025-09-29 22:45,0.524221
2025-09-29 23:00,0.553612
2025-09-29 23:15,0.606491
2025-09-29 23:30,0.655513
2025-09-29 23:45,0.723723
2025-09-30 00:00,0.778307
2025-09-30 00:15,0.834437
2025-09-30 00:30,0.837699
2025-09-30 00:45,0.812953
2025-09-30 01:00,0.813087
2025-09-30 01:15,0.825062
2025-09-30 01:30,0.712657
2025-09-30 01:45,0.722507
2025-09-30 02:00,0.82958
2025-09-30 02:15,0.792442
2025-09-30 02:30,0.691961
2025-09-30 02:45,0.649671
2025-09-30 03:00,0.576419
2025-09-30 03:15,0.559568
2025-09-30 03:30,0.53125
2025-09-30 03:45,0.464564
2025-09-30 04:00,0.445891
2025-09-30 04:15,0.439473
2025-09-30 04:30,0.364857
2025-09-30 04:45,0.358939
2025-09-30 05:00,0.312562
2025-09-30 05:15,0.293579
2025-09-30 05:30,0.260537
2025-09-30 05:45,0.260462
2025-09-30 06:00,0.183477
2025-09-30 06:15,0.173784
2025-09-30 06:30,0.199255
2025-09-30 06:45,0.195501
2025-09-30 07:00,0.196271
2025-09-30 07:15,0.154873
2025-09-30 07:30,0.168108
2025-09-30 07:45,0.157558
2025-09-30 08:00,0.153615
2025-09-30 08:15,0.154395
2025-09-30 08:30,0.163866
2025-09-30 08:45,0.172628
2025-09-30 09:00,0.169814
2025-09-30 09:15,0.190449
2025-09-30 09:30,0.218438
2025-09-30 09:45,0.236021
2025-09-30 10:00,0.239267
2025-09-30 10:15,0.274569
2025-09-30 10:30,0.294652
2025-09-30 10:45,0.317733
2025-09-30 11:00,0.337801
2025-09-30 11:15,0.409357
2025-09-30 11:30,0.415401
2025-09-30 11:45,0.35359
2025-09-30 12:00,0.376902
2025-09-30 12:15,0.42859
2025-09-30 12:30,0.394078
2025-09-30 12:45,0.379429
2025-09-30 13:00,0.396592
2025-09-30 13:15,0.436231
2025-09-30 13:30,0.353455
2025-09-30 13:45,0.36277
2025-09-30 14:00,0.403187
2025-09-30 14:15,0.451126
2025-09-30 14:30,0.374072
2025-09-30 14:45,0.324231
2025-09-30 15:00,0.351834
2025-09-30 15:15,0.353552
2025-09-30 15:30,0.343151
2025-09-30 15:45,0.327037
2025-09-30 16:00,0.377895
2025-09-30 16:15,0.434994
2025-09-30 16:30,0.452663
2025-09-30 16:45,0.392243
2025-09-30 17:00,0.415286
2025-09-30 17:15,0.388855
2025-09-30 17:30,0.446096
2025-09-30 17:45,0.442197
2025-09-30 18:00,0.504357
2025-09-30 18:15,0.527068
2025-09-30 18:30,0.529976
2025-09-30 18:45,0.47428
2025-09-30 19:00,0.505995
2025-09-30 19:15,0.527413
2025-09-30 19:30,0.549795
2025-09-30 19:45,0.513518
2025-09-30 20:00,0.570373
2025-09-30 20:15,0.563878
2025-09-30 20:30,0.535014
2025-09-30 20:45,0.488317
2025-09-30 21:00,0.475229
2025-09-30 21:15,0.469952
2025-09-30 21:30,0.488446
2025-09-30 21:45,0.49717
2025-09-30 22:00,0.619047
2025-09-30 22:15,0.586653
2025-09-30 22:30,0.629472
2025-09-30 22:45,0.594221
2025-09-30 23:00,0.622982
2025-09-30 23:15,0.685644
2025-09-30 23:30,0.694446
2025-09-30 23:45,0.73846
2025-10-01 00:00,0.793771
2025-10-01 00:00,0.759994
2025-10-01 00:15,0.829993
2025-10-01 00:30,0.797802
2025-10-01 00:45,0.887877
2025-10-01 01:00,0.868592
2025-10-01 01:15,0.828443
2025-10-01 01:30,0.865749
2025-10-01 01:45,0.738711
2025-10-01 02:00,0.693489
2025-10-01 02:15,0.780656
2025-10-01 02:30,0.654269
2025-10-01 02:45,0.597609
2025-10-01 03:00,0.597792
2025-10-01 03:15,0.580668
2025-10-01 03:30,0.568882
2025-10-01 03:45,0.56808
2025-10-01 04:00,0.444151
2025-10-01 04:15,0.457113
2025-10-01 04:30,0.40031
2025-10-01 04:45,0.360204
2025-10-01 05:00,0.323421
2025-10-01 05:15,0.343119
2025-10-01 05:30,0.277294
2025-10-01 05:45,0.271869
2025-10-01 06:00,0.243038
2025-10-01 06:15,0.211663
2025-10-01 06:30,0.200027
2025-10-01 06:45,0.201168
2025-10-01 07:00,0.202596
2025-10-01 07:15,0.219919
2025-10-01 07:30,0.166405
2025-10-01 07:45,0.136888
2025-10-01 08:00,0.135477
2025-10-01 08:15,0.17042
2025-10-01 08:30,0.168266
2025-10-01 08:45,0.168409
2025-10-01 09:00,0.182983
2025-10-01 09:15,0.200833
2025-10-01 09:30,0.211265
2025-10-01 09:45,0.210026
2025-10-01 10:00,0.267718
2025-10-01 10:15,0.254389
2025-10-01 10:30,0.268613
2025-10-01 10:45,0.348985
2025-10-01 11:00,0.356422
2025-10-01 11:15,0.382627
2025-10-01 11:30,0.392015
2025-10-01 11:45,0.489856
2025-10-01 12:00,0.368219
2025-10-01 12:15,0.339173
2025-10-01 12:30,0.357385
2025-10-01 12:45,0.348221
2025-10-01 13:00,0.392468
2025-10-01 13:15,0.340433
2025-10-01 13:30,0.407263
2025-10-01 13:45,0.3886
2025-10-01 14:00,0.376946
2025-10-01 14:15,0.309826
2025-10-01 14:30,0.38635
2025-10-01 14:45,0.357104
2025-10-01 15:00,0.363841
2025-10-01 15:15,0.364391
2025-10-01 15:30,0.324715
2025-10-01 15:45,0.326148
2025-10-01 16:00,0.305147
2025-10-01 16:15,0.382988
2025-10-01 16:30,0.347319
2025-10-01 16:45,0.342982
2025-10-01 17:00,0.371203
2025-10-01 17:15,0.389057
2025-10-01 17:30,0.435337
2025-10-01 17:45,0.462413
2025-10-01 18:00,0.463368
2025-10-01 18:15,0.532641
2025-10-01 18:30,0.484911
2025-10-01 18:45,0.477853
2025-10-01 19:00,0.50562
2025-10-01 19:15,0.566411
2025-10-01 19:30,0.545071
2025-10-01 19:45,0.521179
2025-10-01 20:00,0.543267
2025-10-01 20:15,0.540006
2025-10-01 20:30,0.537328
2025-10-01 20:45,0.533984
2025-10-01 21:00,0.466538
2025-10-01 21:15,0.483028
2025-10-01 21:30,0.540677
2025-10-01 21:45,0.559001
2025-10-01 22:00,0.567116
2025-10-01 22:15,0.551946
2025-10-01 22:30,0.570098
2025-10-01 22:45,0.598752
2025-10-01 23:00,0.609048
2025-10-01 23:15,0.646518
2025-10-01 23:30,0.738634
2025-10-01 23:45,0.763756
2025-10-02 00:00,0.873554
2025-10-02 00:15,0.976828
2025-10-02 00:30,0.961302
2025-10-02 00:45,0.927098
2025-10-02 01:00,0.871735
2025-10-02 01:15,0.836337
2025-10-02 01:30,0.756167
2025-10-02 01:45,0.745666
2025-10-02 02:00,0.802871
2025-10-02 02:15,0.698947
2025-10-02 02:30,0.655973
2025-10-02 02:45,0.700486
2025-10-02 03:00,0.642982
2025-10-02 03:15,0.590708
2025-10-02 03:30,0.585774
2025-10-02 03:45,0.546081
2025-10-02 04:00,0.492472
2025-10-02 04:15,0.497957
2025-10-02 04:30,0.424461
2025-10-02 04:45,0.383877
2025-10-02 05:00,0.356539
2025-10-02 05:15,0.360409
2025-10-02 05:30,0.278997
2025-10-02 05:45,0.223663
2025-10-02 06:00,0.169896
2025-10-02 06:15,0.163342
2025-10-02 06:30,0.207335
2025-10-02 06:45,0.205195
2025-10-02 07:00,0.215048
2025-10-02 07:15,0.193559
2025-10-02 07:30,0.182688
2025-10-02 07:45,0.163211
2025-10-02 08:00,0.179308
2025-10-02 08:15,0.138415
2025-10-02 08:30,0.155597
2025-10-02 08:45,0.156554
2025-10-02 09:00,0.163009
2025-10-02 09:15,0.194389
2025-10-02 09:30,0.205105
2025-10-02 09:45,0.203594
2025-10-02 10:00,0.251611
2025-10-02 10:15,0.296165
2025-10-02 10:30,0.311468
2025-10-02 10:45,0.323174
2025-10-02 11:00,0.339117
2025-10-02 11:15,0.34804
2025-10-02 11:30,0.338023
2025-10-02 11:45,0.372234
2025-10-02 12:00,0.332482
2025-10-02 12:15,0.388028
2025-10-02 12:30,0.390215
2025-10-02 12:45,0.355182
2025-10-02 13:00,0.365392
2025-10-02 13:15,0.363566
2025-10-02 13:30,0.348026
2025-10-02 13:45,0.304968
2025-10-02 14:00,0.298003
2025-10-02 14:15,0.320838
2025-10-02 14:30,0.325798
2025-10-02 14:45,0.303873
2025-10-02 15:00,0.286315
2025-10-02 15:15,0.321208
2025-10-02 15:30,0.313173
2025-10-02 15:45,0.340392
2025-10-02 16:00,0.379254
2025-10-02 16:15,0.37145
2025-10-02 16:30,0.407932
2025-10-02 16:45,0.397596
2025-10-02 17:00,0.40764
2025-10-02 17:15,0.391021
2025-10-02 17:30,0.407322
2025-10-02 17:45,0.413441
2025-10-02 18:00,0.435497
2025-10-02 18:15,0.416136
2025-10-02 18:30,0.400764
2025-10-02 18:45,0.404576
2025-10-02 19:00,0.426521
2025-10-02 19:15,0.447997
2025-10-02 19:30,0.454226
2025-10-02 19:45,0.516561
2025-10-02 20:00,0.505633
2025-10-02 20:15,0.455993
2025-10-02 20:30,0.449009
2025-10-02 20:45,0.462052
2025-10-02 21:00,0.496786
2025-10-02 21:15,0.541902
2025-10-02 21:30,0.500044
2025-10-02 21:45,0.498647
2025-10-02 22:00,0.485041
2025-10-02 22:15,0.504444
2025-10-02 22:30,0.543539
2025-10-02 22:45,0.596969
2025-10-02 23:00,0.635951
2025-10-02 23:15,0.70205
2025-10-02 23:30,0.75533
2025-10-02 23:45,0.662573
2025-10-03 00:00,0.813708
2025-10-03 00:15,0.933858
2025-10-03 00:30,1.0
2025-10-03 00:45,0.871787
2025-10-03 01:00,0.876351
2025-10-03 01:15,0.825008
2025-10-03 01:30,0.726866
2025-10-03 01:45,0.74681
2025-10-03 02:00,0.737022
2025-10-03 02:15,0.706798
2025-10-03 02:30,0.742281
2025-10-03 02:45,0.589495
2025-10-03 03:00,0.456743
2025-10-03 03:15,0.425837
2025-10-03 03:30,0.44779
2025-10-03 03:45,0.435847
2025-10-03 04:00,0.443345
2025-10-03 04:15,0.441291
2025-10-03 04:30,0.414799
2025-10-03 04:45,0.352174
2025-10-03 05:00,0.285041
2025-10-03 05:15,0.306063
2025-10-03 05:30,0.268607
2025-10-03 05:45,0.250987
2025-10-03 06:00,0.252589
2025-10-03 06:15,0.22728
2025-10-03 06:30,0.22007
2025-10-03 06:45,0.197763
2025-10-03 07:00,0.180353
2025-10-03 07:15,0.211956
2025-10-03 07:30,0.190312
2025-10-03 07:45,0.229962
2025-10-03 08:00,0.157524
2025-10-03 08:15,0.142693
2025-10-03 08:30,0.143868
2025-10-03 08:45,0.167891
2025-10-03 09:00,0.180602
2025-10-03 09:15,0.194646
2025-10-03 09:30,0.198107
2025-10-03 09:45,0.250038
2025-10-03 10:00,0.229673
2025-10-03 10:15,0.322724
2025-10-03 10:30,0.347344
2025-10-03 10:45,0.335959
2025-10-03 11:00,0.334694
2025-10-03 11:15,0.360946
2025-10-03 11:30,0.360582
2025-10-03 11:45,0.44749
2025-10-03 12:00,0.359071
2025-10-03 12:15,0.418308
2025-10-03 12:30,0.386742
2025-10-03 12:45,0.373524
2025-10-03 13:00,0.399503
2025-10-03 13:15,0.350718
2025-10-03 13:30,0.388259
2025-10-03 13:45,0.381789
2025-10-03 14:00,0.344807
2025-10-03 14:15,0.367485
2025-10-03 14:30,0.31849
2025-10-03 14:45,0.373566
2025-10-03 15:00,0.345356
2025-10-03 15:15,0.34633
2025-10-03 15:30,0.337008
2025-10-03 15:45,0.384019
2025-10-03 16:00,0.34893
2025-10-03 16:15,0.332971
2025-10-03 16:30,0.339873
2025-10-03 16:45,0.354383
2025-10-03 17:00,0.425788
2025-10-03 17:15,0.430085
2025-10-03 17:30,0.463947
2025-10-03 17:45,0.387797
2025-10-03 18:00,0.406036
2025-10-03 18:15,0.451091
2025-10-03 18:30,0.504312
2025-10-03 18:45,0.436799
2025-10-03 19:00,0.436401
2025-10-03 19:15,0.435195
2025-10-03 19:30,0.427115
2025-10-03 19:45,0.456693
2025-10-03 20:00,0.436295
2025-10-03 20:15,0.434391
2025-10-03 20:30,0.475749
2025-10-03 20:45,0.449901
2025-10-03 21:00,0.441423
2025-10-03 21:15,0.47437
2025-10-03 21:30,0.42457
2025-10-03 21:45,0.43376
2025-10-03 22:00,0.451586
2025-10-03 22:15,0.465013
2025-10-03 22:30,0.566509
2025-10-03 22:45,0.47615
2025-10-03 23:00,0.555995
2025-10-03 23:15,0.577189
2025-10-03 23:30,0.698032
2025-10-03 23:45,0.669583
2025-10-04 00:00,0.800038
2025-10-04 00:15,0.754056
2025-10-04 00:30,0.791366
2025-10-04 00:45,0.735976
2025-10-04 01:00,0.752893
2025-10-04 01:15,0.711925
2025-10-04 01:30,0.651506
2025-10-04 01:45,0.655381
2025-10-04 02:00,0.653931
2025-10-04 02:15,0.639703
2025-10-04 02:30,0.616666
2025-10-04 02:45,0.626979
2025-10-04 03:00,0.637882
2025-10-04 03:15,0.593208
2025-10-04 03:30,0.592355
2025-10-04 03:45,0.493344
2025-10-04 04:00,0.480646
2025-10-04 04:15,0.506655
2025-10-04 04:30,0.454913
2025-10-04 04:45,0.406539
2025-10-04 05:00,0.363502
2025-10-04 05:15,0.364968
2025-10-04 05:30,0.315639
2025-10-04 05:45,0.329266
2025-10-04 06:00,0.294836
2025-10-04 06:15,0.262197
2025-10-04 06:30,0.256553
2025-10-04 06:45,0.215607
2025-10-04 07:00,0.228867
2025-10-04 07:15,0.187564
2025-10-04 07:30,0.183847
2025-10-04 07:45,0.177123
2025-10-04 08:00,0.17768
2025-10-04 08:15,0.171914
2025-10-04 08:30,0.169071
2025-10-04 08:45,0.161587
2025-10-04 09:00,0.182071
2025-10-04 09:15,0.157494
2025-10-04 09:30,0.16228
2025-10-04 09:45,0.185967
2025-10-04 10:00,0.187869
2025-10-04 10:15,0.206084
2025-10-04 10:30,0.254376
2025-10-04 10:45,0.260164
2025-10-04 11:00,0.319756
2025-10-04 11:15,0.349545
2025-10-04 11:30,0.361433
2025-10-04 11:45,0.35426
2025-10-04 12:00,0.351418
2025-10-04 12:15,0.353523
2025-10-04 12:30,0.390486
2025-10-04 12:45,0.383427
2025-10-04 13:00,0.371373
2025-10-04 13:15,0.371781
2025-10-04 13:30,0.350928
2025-10-04 13:45,0.362349
2025-10-04 14:00,0.374418
2025-10-04 14:15,0.386665
2025-10-04 14:30,0.398576
2025-10-04 14:45,0.429573
2025-10-04 15:00,0.399381
2025-10-04 15:15,0.397592
2025-10-04 15:30,0.431782
2025-10-04 15:45,0.418706
2025-10-04 16:00,0.44818
2025-10-04 16:15,0.46019
2025-10-04 16:30,0.451877
2025-10-04 16:45,0.437886
2025-10-04 17:00,0.390894
2025-10-04 17:15,0.4531
2025-10-04 17:30,0.383925
2025-10-04 17:45,0.455761
2025-10-04 18:00,0.443059
2025-10-04 18:15,0.463042
2025-10-04 18:30,0.536068
2025-10-04 18:45,0.534197
2025-10-04 19:00,0.462854
2025-10-04 19:15,0.469536
2025-10-04 19:30,0.480541
2025-10-04 19:45,0.480265
2025-10-04 20:00,0.526748
2025-10-04 20:15,0.593386
2025-10-04 20:30,0.611536
2025-10-04 20:45,0.585146
2025-10-04 21:00,0.566722
2025-10-04 21:15,0.622177
2025-10-04 21:30,0.557901
2025-10-04 21:45,0.704929
2025-10-04 22:00,0.621303
2025-10-04 22:15,0.549509
2025-10-04 22:30,0.567019
2025-10-04 22:45,0.640182
2025-10-04 23:00,0.560075
2025-10-04 23:15,0.550663
2025-10-04 23:30,0.584602
2025-10-04 23:45,0.64962
2025-10-05 00:00,0.755329
2025-10-05 00:15,0.777913
2025-10-05 00:30,0.759315
2025-10-05 00:45,0.818173
2025-10-05 01:00,0.847833
2025-10-05 01:15,0.784944
2025-10-05 01:30,0.71973
2025-10-05 01:45,0.712378
2025-10-05 02:00,0.761575
2025-10-05 02:15,0.69098
2025-10-05 02:30,0.660158
2025-10-05 02:45,0.63416
2025-10-05 03:00,0.600428
2025-10-05 03:15,0.613941
2025-10-05 03:30,0.568956
2025-10-05 03:45,0.573582
2025-10-05 04:00,0.535916
2025-10-05 04:15,0.499501
2025-10-05 04:30,0.487783
2025-10-05 04:45,0.490111
2025-10-05 05:00,0.449467
2025-10-05 05:15,0.462447
2025-10-05 05:30,0.430185
2025-10-05 05:45,0.39968
2025-10-05 06:00,0.339398
2025-10-05 06:15,0.304025
2025-10-05 06:30,0.283621
2025-10-05 06:45,0.261897
2025-10-05 07:00,0.264502
2025-10-05 07:15,0.242663
2025-10-05 07:30,0.233529
2025-10-05 07:45,0.214676
2025-10-05 08:00,0.207227
2025-10-05 08:15,0.180635
2025-10-05 08:30,0.178182
2025-10-05 08:45,0.179509
2025-10-05 09:00,0.182274
2025-10-05 09:15,0.18666
2025-10-05 09:30,0.177796
2025-10-05 09:45,0.167028
2025-10-05 10:00,0.209299
2025-10-05 10:15,0.220635
2025-10-05 10:30,0.20221
2025-10-05 10:45,0.23888
2025-10-05 11:00,0.301456
2025-10-05 11:15,0.330339
2025-10-05 11:30,0.346358
2025-10-05 11:45,0.334864
2025-10-05 12:00,0.372278
2025-10-05 12:15,0.342657
2025-10-05 12:30,0.396522
2025-10-05 12:45,0.400447
2025-10-05 13:00,0.426418
2025-10-05 13:15,0.459762
2025-10-05 13:30,0.471251
2025-10-05 13:45,0.414809
2025-10-05 14:00,0.413721
2025-10-05 14:15,0.42808
2025-10-05 14:30,0.456245
2025-10-05 14:45,0.442988
2025-10-05 15:00,0.492469
2025-10-05 15:15,0.467197
2025-10-05 15:30,0.497454
2025-10-05 15:45,0.525306
2025-10-05 16:00,0.526733
2025-10-05 16:15,0.442639
2025-10-05 16:30,0.43745
2025-10-05 16:45,0.421955
2025-10-05 17:00,0.41354
2025-10-05 17:15,0.418333
2025-10-05 17:30,0.450037
2025-10-05 17:45,0.448546
2025-10-05 18:00,0.429809
2025-10-05 18:15,0.449951
2025-10-05 18:30,0.468026
2025-10-05 18:45,0.448701
2025-10-05 19:00,0.447752
2025-10-05 19:15,0.466643
2025-10-05 19:30,0.516384
2025-10-05 19:45,0.514142
2025-10-05 20:00,0.526982
2025-10-05 20:15,0.551507
2025-10-05 20:30,0.563549
2025-10-05 20:45,0.599228
2025-10-05 21:00,0.614785
2025-10-05 21:15,0.647389
2025-10-05 21:30,0.645487
2025-10-05 21:45,0.72034
2025-10-05 22:00,0.673624
2025-10-05 22:15,0.642156
2025-10-05 22:30,0.686122
2025-10-05 22:45,0.65577
2025-10-05 23:00,0.679788
2025-10-05 23:15,0.731329
2025-10-05 23:30,0.700233
2025-10-05 23:45,0.759559
2025-10-06 00:00,0.839817
2025-10-06 00:15,0.826026
2025-10-06 00:30,0.82177
2025-10-06 00:45,0.896939
2025-10-06 01:00,0.765103
2025-10-06 01:15,0.753255
2025-10-06 01:30,0.794975
2025-10-06 01:45,0.763865
2025-10-06 02:00,0.719506
2025-10-06 02:15,0.677633
2025-10-06 02:30,0.6684
2025-10-06 02:45,0.631262
2025-10-06 03:00,0.64124
2025-10-06 03:15,0.666587
2025-10-06 03:30,0.624868
2025-10-06 03:45,0.529783
2025-10-06 04:00,0.495656
2025-10-06 04:15,0.403245
2025-10-06 04:30,0.46623
2025-10-06 04:45,0.401078
2025-10-06 05:00,0.342575
2025-10-06 05:15,0.342374
2025-10-06 05:30,0.338039
2025-10-06 05:45,0.313787
2025-10-06 06:00,0.277241
2025-10-06 06:15,0.262389
2025-10-06 06:30,0.244314
2025-10-06 06:45,0.241638
2025-10-06 07:00,0.2323
2025-10-06 07:15,0.219393
2025-10-06 07:30,0.223099
2025-10-06 07:45,0.193977
2025-10-06 08:00,0.196406
2025-10-06 08:15,0.206483
2025-10-06 08:30,0.175425
2025-10-06 08:45,0.176523
2025-10-06 09:00,0.17683
2025-10-06 09:15,0.174263
2025-10-06 09:30,0.200982
2025-10-06 09:45,0.19442
2025-10-06 10:00,0.212192
2025-10-06 10:15,0.232686
2025-10-06 10:30,0.28002
2025-10-06 10:45,0.343022
2025-10-06 11:00,0.341175
2025-10-06 11:15,0.39424
2025-10-06 11:30,0.400565
2025-10-06 11:45,0.409254
2025-10-06 12:00,0.400855
2025-10-06 12:15,0.435597
2025-10-06 12:30,0.432052
2025-10-06 12:45,0.418871
2025-10-06 13:00,0.391016
2025-10-06 13:15,0.440297
2025-10-06 13:30,0.455592
2025-10-06 13:45,0.453064
2025-10-06 14:00,0.401114
2025-10-06 14:15,0.411708
2025-10-06 14:30,0.471015
2025-10-06 14:45,0.41518
2025-10-06 15:00,0.408136
2025-10-06 15:15,0.406284
2025-10-06 15:30,0.432008
2025-10-06 15:45,0.440055
2025-10-06 16:00,0.446437
2025-10-06 16:15,0.432128
2025-10-06 16:30,0.41952
2025-10-06 16:45,0.465943
2025-10-06 17:00,0.484954
2025-10-06 17:15,0.485086
2025-10-06 17:30,0.491536
2025-10-06 17:45,0.45595
2025-10-06 18:00,0.477748
2025-10-06 18:15,0.508343
2025-10-06 18:30,0.474298
2025-10-06 18:45,0.59233
2025-10-06 19:00,0.616022
2025-10-06 19:15,0.569006
2025-10-06 19:30,0.619014
2025-10-06 19:45,0.536068
2025-10-06 20:00,0.486447
2025-10-06 20:15,0.51349
2025-10-06 20:30,0.507081
2025-10-06 20:45,0.606899
2025-10-06 21:00,0.621224
2025-10-06 21:15,0.538423
2025-10-06 21:30,0.586105
2025-10-06 21:45,0.564956
2025-10-06 22:00,0.551094
2025-10-06 22:15,0.537689
2025-10-06 22:30,0.568541
2025-10-06 22:45,0.597427
2025-10-06 23:00,0.602334
2025-10-06 23:15,0.687908
2025-10-06 23:30,0.657192
2025-10-06 23:45,0.729004
2025-10-07 00:00,0.87952
2025-10-07 00:15,0.814399
2025-10-07 00:30,0.838543
2025-10-07 00:45,0.882286
2025-10-07 01:00,0.883098
2025-10-07 01:15,0.791065
2025-10-07 01:30,0.797246
2025-10-07 01:45,0.761088
2025-10-07 02:00,0.701323
2025-10-07 02:15,0.752153
2025-10-07 02:30,0.665976
2025-10-07 02:45,0.633487
2025-10-07 03:00,0.584467
2025-10-07 03:15,0.585669
2025-10-07 03:30,0.645822
2025-10-07 03:45,0.631858
2025-10-07 04:00,0.54759
2025-10-07 04:15,0.477919
2025-10-07 04:30,0.436739
2025-10-07 04:45,0.40367
2025-10-07 05:00,0.382445
2025-10-07 05:15,0.391445
2025-10-07 05:30,0.351865
2025-10-07 05:45,0.326379
2025-10-07 06:00,0.31584
2025-10-07 06:15,0.309959
2025-10-07 06:30,0.29245
2025-10-07 06:45,0.237838
2025-10-07 07:00,0.216631
2025-10-07 07:15,0.221048
2025-10-07 07:30,0.224812
2025-10-07 07:45,0.202264
2025-10-07 08:00,0.203818
2025-10-07 08:15,0.201042
2025-10-07 08:30,0.218419
2025-10-07 08:45,0.203243
2025-10-07 09:00,0.167688
2025-10-07 09:15,0.183724
2025-10-07 09:30,0.190055
2025-10-07 09:45,0.224743
2025-10-07 10:00,0.2329
2025-10-07 10:15,0.283451
2025-10-07 10:30,0.326987
2025-10-07 10:45,0.350003
2025-10-07 11:00,0.379397
2025-10-07 11:15,0.38744
2025-10-07 11:30,0.404336
2025-10-07 11:45,0.396779
2025-10-07 12:00,0.438988
2025-10-07 12:15,0.396887
2025-10-07 12:30,0.40276
2025-10-07 12:45,0.423923
2025-10-07 13:00,0.411842
2025-10-07 13:15,0.429717
2025-10-07 13:30,0.374279
2025-10-07 13:45,0.424636
2025-10-07 14:00,0.388934
2025-10-07 14:15,0.392461
2025-10-07 14:30,0.355137
2025-10-07 14:45,0.404675
2025-10-07 15:00,0.390093
2025-10-07 15:15,0.415198
2025-10-07 15:30,0.421266
2025-10-07 15:45,0.460038
2025-10-07 16:00,0.417483
2025-10-07 16:15,0.450453
2025-10-07 16:30,0.470405
2025-10-07 16:45,0.522339
2025-10-07 17:00,0.56239
2025-10-07 17:15,0.495524
2025-10-07 17:30,0.437569
2025-10-07 17:45,0.438728
2025-10-07 18:00,0.448742
2025-10-07 18:15,0.600691
2025-10-07 18:30,0.571772
2025-10-07 18:45,0.556906
2025-10-07 19:00,0.532037
2025-10-07 19:15,0.542491
2025-10-07 19:30,0.503205
2025-10-07 19:45,0.510439
2025-10-07 20:00,0.572215
2025-10-07 20:15,0.543561
2025-10-07 20:30,0.606628
2025-10-07 20:45,0.530168
2025-10-07 21:00,0.524697
2025-10-07 21:15,0.56848
2025-10-07 21:30,0.512805
2025-10-07 21:45,0.558596
2025-10-07 22:00,0.540598
2025-10-07 22:15,0.534418
2025-10-07 22:30,0.575121
2025-10-07 22:45,0.573882
2025-10-07 23:00,0.640036
2025-10-07 23:15,0.663762
2025-10-07 23:30,0.738543
2025-10-07 23:45,0.688063
2025-10-08 00:00,0.813817
2025-10-08 00:00,0.671359
2025-10-08 00:15,0.742448
2025-10-08 00:30,0.954844
2025-10-08 00:45,0.852792
2025-10-08 01:00,0.817651
2025-10-08 01:15,0.824062
2025-10-08 01:30,0.806964
2025-10-08 01:45,0.708036
2025-10-08 02:00,0.800347
2025-10-08 02:15,0.730715
2025-10-08 02:30,0.587571
2025-10-08 02:45,0.691275
2025-10-08 03:00,0.577778
2025-10-08 03:15,0.557703
2025-10-08 03:30,0.498151
2025-10-08 03:45,0.462383
2025-10-08 04:00,0.406549
2025-10-08 04:15,0.427411
2025-10-08 04:30,0.420508
2025-10-08 04:45,0.350848
2025-10-08 05:00,0.359557
2025-10-08 05:15,0.313832
2025-10-08 05:30,0.308406
2025-10-08 05:45,0.299434
2025-10-08 06:00,0.284101
2025-10-08 06:15,0.249616
2025-10-08 06:30,0.222488
2025-10-08 06:45,0.205672
2025-10-08 07:00,0.197683
2025-10-08 07:15,0.180342
2025-10-08 07:30,0.173305
2025-10-08 07:45,0.185152
2025-10-08 08:00,0.154953
2025-10-08 08:15,0.144642
2025-10-08 08:30,0.14934
2025-10-08 08:45,0.168163
2025-10-08 09:00,0.165595
2025-10-08 09:15,0.157178
2025-10-08 09:30,0.164498
2025-10-08 09:45,0.204006
2025-10-08 10:00,0.187318
2025-10-08 10:15,0.203471
2025-10-08 10:30,0.251239
2025-10-08 10:45,0.267881
2025-10-08 11:00,0.285356
2025-10-08 11:15,0.31569
2025-10-08 11:30,0.314865
2025-10-08 11:45,0.322334
2025-10-08 12:00,0.315123
2025-10-08 12:15,0.335393
2025-10-08 12:30,0.333088
2025-10-08 12:45,0.381564
2025-10-08 13:00,0.370003
2025-10-08 13:15,0.384379
2025-10-08 13:30,0.367313
2025-10-08 13:45,0.106551
2025-10-08 14:00,0.306048
2025-10-08 14:15,0.333207
2025-10-08 14:30,0.33138
2025-10-08 14:45,0.358208
2025-10-08 15:00,0.33656
2025-10-08 15:15,0.336754
2025-10-08 15:30,0.312214
2025-10-08 15:45,0.349955
2025-10-08 16:00,0.407845
2025-10-08 16:15,0.4506
2025-10-08 16:30,0.462686
2025-10-08 16:45,0.430067
2025-10-08 17:00,0.436583
2025-10-08 17:15,0.401363
2025-10-08 17:30,0.423226
2025-10-08 17:45,0.429233
2025-10-08 18:00,0.43825
2025-10-08 18:15,0.40634
2025-10-08 18:30,0.431482
2025-10-08 18:45,0.458845
2025-10-08 19:00,0.472646
2025-10-08 19:15,0.440792
2025-10-08 19:30,0.460051
2025-10-08 19:45,0.428211
2025-10-08 20:00,0.410536
2025-10-08 20:15,0.428083
2025-10-08 20:30,0.420842
2025-10-08 20:45,0.428797
2025-10-08 21:00,0.454192
2025-10-08 21:15,0.46002
2025-10-08 21:30,0.412323
2025-10-08 21:45,0.4257
2025-10-08 22:00,0.447291
2025-10-08 22:15,0.453036
2025-10-08 22:30,0.456454
2025-10-08 22:45,0.487045
2025-10-08 23:00,0.57449
2025-10-08 23:15,0.557745
2025-10-08 23:30,0.630491
2025-10-08 23:45,0.586939
2025-10-09 00:00,0.760016
2025-10-09 00:15,0.735096
2025-10-09 00:30,0.725445
2025-10-09 00:45,0.71431
2025-10-09 01:00,0.767553
2025-10-09 01:15,0.696954
2025-10-09 01:30,0.649433
2025-10-09 01:45,0.651976
2025-10-09 02:00,0.68742
2025-10-09 02:15,0.634113
2025-10-09 02:30,0.616146
2025-10-09 02:45,0.619358
2025-10-09 03:00,0.566155
2025-10-09 03:15,0.521896
2025-10-09 03:30,0.495943
2025-10-09 03:45,0.465022
2025-10-09 04:00,0.470057
2025-10-09 04:15,0.461193
2025-10-09 04:30,0.432766
2025-10-09 04:45,0.404069
2025-10-09 05:00,0.372622
2025-10-09 05:15,0.341743
2025-10-09 05:30,0.305453
2025-10-09 05:45,0.290075
2025-10-09 06:00,0.230553
2025-10-09 06:15,0.20507
2025-10-09 06:30,0.183186
2025-10-09 06:45,0.180811
2025-10-09 07:00,0.176624
2025-10-09 07:15,0.186693
2025-10-09 07:30,0.158103
2025-10-09 07:45,0.147654
2025-10-09 08:00,0.140834
2025-10-09 08:15,0.151524
2025-10-09 08:30,0.137901
2025-10-09 08:45,0.14289
2025-10-09 09:00,0.133378
2025-10-09 09:15,0.151632
2025-10-09 09:30,0.165663
2025-10-09 09:45,0.156285
2025-10-09 10:00,0.191708
2025-10-09 10:15,0.192484
2025-10-09 10:30,0.23135
2025-10-09 10:45,0.251164
2025-10-09 11:00,0.27384
2025-10-09 11:15,0.324346
2025-10-09 11:30,0.313771
2025-10-09 11:45,0.308854
2025-10-09 12:00,0.315176
2025-10-09 12:15,0.344188
2025-10-09 12:30,0.367076
2025-10-09 12:45,0.365246
2025-10-09 13:00,0.335825
2025-10-09 13:15,0.37489
2025-10-09 13:30,0.327153
2025-10-09 13:45,0.238154
2025-10-09 14:00,0.274837
2025-10-09 14:15,0.40689
2025-10-09 14:30,0.368788
2025-10-09 14:45,0.388779
2025-10-09 15:00,0.450087
2025-10-09 15:15,0.436935
2025-10-09 15:30,0.380044
2025-10-09 15:45,0.37747
2025-10-09 16:00,0.382745
2025-10-09 16:15,0.408989
2025-10-09 16:30,0.411979
2025-10-09 16:45,0.423095
2025-10-09 17:00,0.473452
2025-10-09 17:15,0.428542
2025-10-09 17:30,0.437127
2025-10-09 17:45,0.453196
2025-10-09 18:00,0.447238
2025-10-09 18:15,0.458119
2025-10-09 18:30,0.487603
2025-10-09 18:45,0.407635
2025-10-09 19:00,0.407961
2025-10-09 19:15,0.370028
2025-10-09 19:30,0.346467
2025-10-09 19:45,0.356283
2025-10-09 20:00,0.406595
2025-10-09 20:15,0.423849
2025-10-09 20:30,0.377643
2025-10-09 20:45,0.397063
2025-10-09 21:00,0.404444
2025-10-09 21:15,0.401933
2025-10-09 21:30,0.400854
2025-10-09 21:45,0.405033
2025-10-09 22:00,0.3901
2025-10-09 22:15,0.440295
2025-10-09 22:30,0.516641
2025-10-09 22:45,0.416613
2025-10-09 23:00,0.508903
2025-10-09 23:15,0.529455
2025-10-09 23:30,0.533134
2025-10-09 23:45,0.528487
2025-10-10 00:00,0.664198
2025-10-10 00:15,0.753389
2025-10-10 00:30,0.716416
2025-10-10 00:45,0.6864
2025-10-10 01:00,0.68694
2025-10-10 01:15,0.628592
2025-10-10 01:30,0.672067
2025-10-10 01:45,0.638924
2025-10-10 02:00,0.604509
2025-10-10 02:15,0.552347
2025-10-10 02:30,0.540522
2025-10-10 02:45,0.579399
2025-10-10 03:00,0.493294
2025-10-10 03:15,0.488968
2025-10-10 03:30,0.486558
2025-10-10 03:45,0.458942
2025-10-10 04:00,0.416268
2025-10-10 04:15,0.414387
2025-10-10 04:30,0.415235
2025-10-10 04:45,0.414544
2025-10-10 05:00,0.351536
2025-10-10 05:15,0.304053
2025-10-10 05:30,0.333464
2025-10-10 05:45,0.276854
2025-10-10 06:00,0.315655
2025-10-10 06:15,0.278309
2025-10-10 06:30,0.231599
2025-10-10 06:45,0.232122
2025-10-10 07:00,0.215555
2025-10-10 07:15,0.202427
2025-10-10 07:30,0.194682
2025-10-10 07:45,0.182752
2025-10-10 08:00,0.181531
2025-10-10 08:15,0.178185
2025-10-10 08:30,0.15538
2025-10-10 08:45,0.159111
2025-10-10 09:00,0.134339
2025-10-10 09:15,0.136657
2025-10-10 09:30,0.166039
2025-10-10 09:45,0.154591
2025-10-10 10:00,0.174985
2025-10-10 10:15,0.23762
2025-10-10 10:30,0.21482
2025-10-10 10:45,0.218751
2025-10-10 11:00,0.258968
2025-10-10 11:15,0.244478
2025-10-10 11:30,0.275977
2025-10-10 11:45,0.302652
2025-10-10 12:00,0.347994
2025-10-10 12:15,0.322683
2025-10-10 12:30,0.32481
2025-10-10 12:45,0.363743
2025-10-10 13:00,0.384673
2025-10-10 13:15,0.371273
2025-10-10 13:30,0.4499
2025-10-10 13:45,0.475022
2025-10-10 14:00,0.4913
2025-10-10 14:15,0.418211
2025-10-10 14:30,0.439291
2025-10-10 14:45,0.455772
2025-10-10 15:00,0.475294
2025-10-10 15:15,0.476588
2025-10-10 15:30,0.42986
2025-10-10 15:45,0.410701
2025-10-10 16:00,0.440545
2025-10-10 16:15,0.464305
2025-10-10 16:30,0.403728
2025-10-10 16:45,0.410986
2025-10-10 17:00,0.44829
2025-10-10 17:15,0.43524
2025-10-10 17:30,0.385914
2025-10-10 17:45,0.429178
2025-10-10 18:00,0.527192
2025-10-10 18:15,0.433467
2025-10-10 18:30,0.436637
2025-10-10 18:45,0.440066
2025-10-10 19:00,0.473614
2025-10-10 19:15,0.467303
2025-10-10 19:30,0.461431
2025-10-10 19:45,0.447792
2025-10-10 20:00,0.465657
2025-10-10 20:15,0.473527
2025-10-10 20:30,0.527016
2025-10-10 20:45,0.481216
2025-10-10 21:00,0.446253
2025-10-10 21:15,0.472449
2025-10-10 21:30,0.434436
2025-10-10 21:45,0.574271
2025-10-10 22:00,0.447862
2025-10-10 22:15,0.503558
2025-10-10 22:30,0.500982
2025-10-10 22:45,0.542463
2025-10-10 23:00,0.583689
2025-10-10 23:15,0.668554
2025-10-10 23:30,0.62917
2025-10-10 23:45,0.710472
2025-10-11 00:00,0.670108
2025-10-11 00:15,0.709786
2025-10-11 00:30,0.724714
2025-10-11 00:45,0.78981
2025-10-11 01:00,0.787817
2025-10-11 01:15,0.669835
2025-10-11 01:30,0.651475
2025-10-11 01:45,0.630661
2025-10-11 02:00,0.585354
2025-10-11 02:15,0.626953
2025-10-11 02:30,0.589979
2025-10-11 02:45,0.597459
2025-10-11 03:00,0.555324
2025-10-11 03:15,0.546401
2025-10-11 03:30,0.525253
2025-10-11 03:45,0.491502
2025-10-11 04:00,0.465642
2025-10-11 04:15,0.483298
2025-10-11 04:30,0.463962
2025-10-11 04:45,0.443117
2025-10-11 05:00,0.426235
2025-10-11 05:15,0.360894
2025-10-11 05:30,0.341968
2025-10-11 05:45,0.303564
2025-10-11 06:00,0.298291
2025-10-11 06:15,0.258558
2025-10-11 06:30,0.249848
2025-10-11 06:45,0.223156
2025-10-11 07:00,0.211314
2025-10-11 07:15,0.221648
2025-10-11 07:30,0.187786
2025-10-11 07:45,0.177206
2025-10-11 08:00,0.180318
2025-10-11 08:15,0.155549
2025-10-11 08:30,0.165982
2025-10-11 08:45,0.161102
2025-10-11 09:00,0.152524
2025-10-11 09:15,0.1806
2025-10-11 09:30,0.173487
2025-10-11 09:45,0.187701
2025-10-11 10:00,0.163547
2025-10-11 10:15,0.168283
2025-10-11 10:30,0.167513
2025-10-11 10:45,0.200991
2025-10-11 11:00,0.227262
2025-10-11 11:15,0.273606
2025-10-11 11:30,0.246866
2025-10-11 11:45,0.296086
2025-10-11 12:00,0.327698
2025-10-11 12:15,0.342146
2025-10-11 12:30,0.321743
2025-10-11 12:45,0.364852
2025-10-11 13:00,0.356468
2025-10-11 13:15,0.358078
2025-10-11 13:30,0.333255
2025-10-11 13:45,0.354414
2025-10-11 14:00,0.351579
2025-10-11 14:15,0.375849
2025-10-11 14:30,0.409684
2025-10-11 14:45,0.387752
2025-10-11 15:00,0.398131
2025-10-11 15:15,0.374245
2025-10-11 15:30,0.372905
2025-10-11 15:45,0.377592
2025-10-11 16:00,0.382601
2025-10-11 16:15,0.375079
2025-10-11 16:30,0.376511
2025-10-11 16:45,0.372684
2025-10-11 17:00,0.454464
2025-10-11 17:15,0.424159
2025-10-11 17:30,0.4008
2025-10-11 17:45,0.415643
2025-10-11 18:00,0.371786
2025-10-11 18:15,0.396736
2025-10-11 18:30,0.396303
2025-10-11 18:45,0.402265
2025-10-11 19:00,0.430561
2025-10-11 19:15,0.401193
2025-10-11 19:30,0.391086
2025-10-11 19:45,0.400462
2025-10-11 20:00,0.403862
2025-10-11 20:15,0.388071
2025-10-11 20:30,0.398814
2025-10-11 20:45,0.431921
2025-10-11 21:00,0.422742
2025-10-11 21:15,0.441128
2025-10-11 21:30,0.410486
2025-10-11 21:45,0.435645
2025-10-11 22:00,0.45213
2025-10-11 22:15,0.413731
2025-10-11 22:30,0.458856
2025-10-11 22:45,0.480412
2025-10-11 23:00,0.516689
2025-10-11 23:15,0.500841
2025-10-11 23:30,0.52193
2025-10-11 23:45,0.572251
2025-10-12 00:00,0.696303
2025-10-12 00:15,0.716985
2025-10-12 00:30,0.73125
2025-10-12 00:45,0.651703
2025-10-12 01:00,0.819033
2025-10-12 01:15,0.753183
2025-10-12 01:30,0.6774
2025-10-12 01:45,0.631665
2025-10-12 02:00,0.728211
2025-10-12 02:15,0.637477
2025-10-12 02:30,0.618913
2025-10-12 02:45,0.579438
2025-10-12 03:00,0.58646
2025-10-12 03:15,0.524427
2025-10-12 03:30,0.483698
2025-10-12 03:45,0.498957
2025-10-12 04:00,0.428572
2025-10-12 04:15,0.411232
2025-10-12 04:30,0.375736
2025-10-12 04:45,0.356839
2025-10-12 05:00,0.328122
2025-10-12 05:15,0.298921
2025-10-12 05:30,0.311658
2025-10-12 05:45,0.278444
2025-10-12 06:00,0.255419
2025-10-12 06:15,0.232306
2025-10-12 06:30,0.222034
2025-10-12 06:45,0.197545
2025-10-12 07:00,0.200998
2025-10-12 07:15,0.1809
2025-10-12 07:30,0.177346
2025-10-12 07:45,0.172062
2025-10-12 08:00,0.154106
2025-10-12 08:15,0.156927
2025-10-12 08:30,0.142457
2025-10-12 08:45,0.131699
2025-10-12 09:00,0.139009
2025-10-12 09:15,0.136791
2025-10-12 09:30,0.157416
2025-10-12 09:45,0.149014
2025-10-12 10:00,0.149057
2025-10-12 10:15,0.167878
2025-10-12 10:30,0.190187
2025-10-12 10:45,0.212132
2025-10-12 11:00,0.215186
2025-10-12 11:15,0.2329
2025-10-12 11:30,0.25665
2025-10-12 11:45,0.243985
2025-10-12 12:00,0.275281
2025-10-12 12:15,0.283731
2025-10-12 12:30,0.288321
2025-10-12 12:45,0.324183
2025-10-12 13:00,0.305428
2025-10-12 13:15,0.327186
2025-10-12 13:30,0.318031
2025-10-12 13:45,0.373842
2025-10-12 14:00,0.364323
2025-10-12 14:15,0.383687
2025-10-12 14:30,0.35376
2025-10-12 14:45,0.38633
2025-10-12 15:00,0.374034
2025-10-12 15:15,0.395261
2025-10-12 15:30,0.3829
2025-10-12 15:45,0.418613
2025-10-12 16:00,0.414042
2025-10-12 16:15,0.410863
2025-10-12 16:30,0.443973
2025-10-12 16:45,0.439947
2025-10-12 17:00,0.414143
2025-10-12 17:15,0.422632
2025-10-12 17:30,0.481581
2025-10-12 17:45,0.481188
2025-10-12 18:00,0.422976
2025-10-12 18:15,0.436283
2025-10-12 18:30,0.443626
2025-10-12 18:45,0.470125
2025-10-12 19:00,0.441167
2025-10-12 19:15,0.451163
2025-10-12 19:30,0.491018
2025-10-12 19:45,0.443853
2025-10-12 20:00,0.481617
2025-10-12 20:15,0.482874
2025-10-12 20:30,0.518962
2025-10-12 20:45,0.506321
2025-10-12 21:00,0.508151
2025-10-12 21:15,0.555225
2025-10-12 21:30,0.553438
2025-10-12 21:45,0.544001
2025-10-12 22:00,0.51571
2025-10-12 22:15,0.562139
2025-10-12 22:30,0.571033
2025-10-12 22:45,0.586409
2025-10-12 23:00,0.581123
2025-10-12 23:15,0.578778
2025-10-12 23:30,0.574667
2025-10-12 23:45,0.562544
2025-10-13 00:00,0.716729
2025-10-13 00:15,0.714094
2025-10-13 00:30,0.736403
2025-10-13 00:45,0.736259
2025-10-13 01:00,0.640122
2025-10-13 01:15,0.646459
2025-10-13 01:30,0.714674
2025-10-13 01:45,0.672723
2025-10-13 02:00,0.669141
2025-10-13 02:15,0.580089
2025-10-13 02:30,0.615691
2025-10-13 02:45,0.535468
2025-10-13 03:00,0.576362
2025-10-13 03:15,0.489966
2025-10-13 03:30,0.463624
2025-10-13 03:45,0.407335
2025-10-13 04:00,0.436355
2025-10-13 04:15,0.395086
2025-10-13 04:30,0.356688
2025-10-13 04:45,0.31714
2025-10-13 05:00,0.338342
2025-10-13 05:15,0.297517
2025-10-13 05:30,0.265832
2025-10-13 05:45,0.224821
2025-10-13 06:00,0.207497
2025-10-13 06:15,0.203468
2025-10-13 06:30,0.207419
2025-10-13 06:45,0.19593
2025-10-13 07:00,0.178153
2025-10-13 07:15,0.163711
2025-10-13 07:30,0.173553
2025-10-13 07:45,0.159384
2025-10-13 08:00,0.146675
2025-10-13 08:15,0.128783
2025-10-13 08:30,0.14425
2025-10-13 08:45,0.142451
2025-10-13 09:00,0.153826
2025-10-13 09:15,0.171347
2025-10-13 09:30,0.163128
2025-10-13 09:45,0.185288
2025-10-13 10:00,0.212327
2025-10-13 10:15,0.219806
2025-10-13 10:30,0.260361
2025-10-13 10:45,0.273143
2025-10-13 11:00,0.31298
2025-10-13 11:15,0.3222
2025-10-13 11:30,0.390412
2025-10-13 11:45,0.410877
2025-10-13 12:00,0.392568
2025-10-13 12:15,0.456487
2025-10-13 12:30,0.431301
2025-10-13 12:45,0.388775
2025-10-13 13:00,0.404657
2025-10-13 13:15,0.356187
2025-10-13 13:30,0.388507
2025-10-13 13:45,0.347248
2025-10-13 14:00,0.348933
2025-10-13 14:15,0.360945
2025-10-13 14:30,0.330563
2025-10-13 14:45,0.329544
2025-10-13 15:00,0.332281
2025-10-13 15:15,0.361936
2025-10-13 15:30,0.355879
2025-10-13 15:45,0.414126
2025-10-13 16:00,0.414101
2025-10-13 16:15,0.387575
2025-10-13 16:30,0.386898
2025-10-13 16:45,0.358036
2025-10-13 17:00,0.417585
2025-10-13 17:15,0.38834
2025-10-13 17:30,0.393458
2025-10-13 17:45,0.418268
2025-10-13 18:00,0.410746
2025-10-13 18:15,0.433214
2025-10-13 18:30,0.423125
2025-10-13 18:45,0.428339
2025-10-13 19:00,0.455932
2025-10-13 19:15,0.434519
2025-10-13 19:30,0.449855
2025-10-13 19:45,0.411343
2025-10-13 20:00,0.451206
2025-10-13 20:15,0.469715
2025-10-13 20:30,0.423337
2025-10-13 20:45,0.440443
2025-10-13 21:00,0.415353
2025-10-13 21:15,0.412047
2025-10-13 21:30,0.404011
2025-10-13 21:45,0.438472
2025-10-13 22:00,0.453413
2025-10-13 22:15,0.428805
2025-10-13 22:30,0.412778
2025-10-13 22:45,0.44087
2025-10-13 23:00,0.542388
2025-10-13 23:15,0.535182
2025-10-13 23:30,0.540666
2025-10-13 23:45,0.624293
2025-10-14 00:00,0.788465
2025-10-14 00:15,0.758902
2025-10-14 00:30,0.825556
2025-10-14 00:45,0.833076
2025-10-14 01:00,0.79947
2025-10-14 01:15,0.70828
2025-10-14 01:30,0.694244
2025-10-14 01:45,0.652126
2025-10-14 02:00,0.627934
2025-10-14 02:15,0.595585
2025-10-14 02:30,0.587923
2025-10-14 02:45,0.593237
2025-10-14 03:00,0.594425
2025-10-14 03:15,0.467953
2025-10-14 03:30,0.465668
2025-10-14 03:45,0.428199
2025-10-14 04:00,0.417766
2025-10-14 04:15,0.380408
2025-10-14 04:30,0.336779
2025-10-14 04:45,0.322575
2025-10-14 05:00,0.285147
2025-10-14 05:15,0.259067
2025-10-14 05:30,0.256076
2025-10-14 05:45,0.237568
2025-10-14 06:00,0.231181
2025-10-14 06:15,0.216224
2025-10-14 06:30,0.264979
2025-10-14 06:45,0.213622
2025-10-14 07:00,0.195956
2025-10-14 07:15,0.18856
2025-10-14 07:30,0.178721
2025-10-14 07:45,0.166763
2025-10-14 08:00,0.140726
2025-10-14 08:15,0.139624
2025-10-14 08:30,0.139458
2025-10-14 08:45,0.146286
2025-10-14 09:00,0.14151
2025-10-14 09:15,0.151276
2025-10-14 09:30,0.165174
2025-10-14 09:45,0.190199
2025-10-14 10:00,0.186959
2025-10-14 10:15,0.247871
2025-10-14 10:30,0.249519
2025-10-14 10:45,0.309417
2025-10-14 11:00,0.303931
2025-10-14 11:15,0.298218
2025-10-14 11:30,0.304228
2025-10-14 11:45,0.318011
2025-10-14 12:00,0.341635
2025-10-14 12:15,0.379618
2025-10-14 12:30,0.359806
2025-10-14 12:45,0.383153
2025-10-14 13:00,0.368407
2025-10-14 13:15,0.388912
2025-10-14 13:30,0.340056
2025-10-14 13:45,0.318499
2025-10-14 14:00,0.315107
2025-10-14 14:15,0.347382
2025-10-14 14:30,0.306426
2025-10-14 14:45,0.325468
2025-10-14 15:00,0.325454
2025-10-14 15:15,0.370544
2025-10-14 15:30,0.337367
2025-10-14 15:45,0.360815
2025-10-14 16:00,0.336787
2025-10-14 16:15,0.367959
2025-10-14 16:30,0.374889
2025-10-14 16:45,0.354917
2025-10-14 17:00,0.374621
2025-10-14 17:15,0.404359
2025-10-14 17:30,0.388306
2025-10-14 17:45,0.41904
2025-10-14 18:00,0.415426
2025-10-14 18:15,0.4258
2025-10-14 18:30,0.417547
2025-10-14 18:45,0.441052
2025-10-14 19:00,0.43749
2025-10-14 19:15,0.458038
2025-10-14 19:30,0.480224
2025-10-14 19:45,0.504127
2025-10-14 20:00,0.463585
2025-10-14 20:15,0.478841
2025-10-14 20:30,0.477067
2025-10-14 20:45,0.43336
2025-10-14 21:00,0.429204
2025-10-14 21:15,0.440049
2025-10-14 21:30,0.441094
2025-10-14 21:45,0.404873
2025-10-14 22:00,0.475137
2025-10-14 22:15,0.486021
2025-10-14 22:30,0.479876
2025-10-14 22:45,0.505015
2025-10-14 23:00,0.715717
2025-10-14 23:15,0.864689
2025-10-14 23:30,0.793403
2025-10-14 23:45,1.0
2025-10-15 00:00,0.86462
2025-10-15 00:00,0.926216
2025-10-15 00:15,0.997242
2025-10-15 00:30,0.98828
2025-10-15 00:45,0.981958
2025-10-15 01:00,0.828442
2025-10-15 01:15,0.747463
2025-10-15 01:30,0.719919
2025-10-15 01:45,0.71433
2025-10-15 02:00,0.649333
2025-10-15 02:15,0.920233
2025-10-15 02:30,0.756617
2025-10-15 02:45,0.656747
2025-10-15 03:00,0.697374
2025-10-15 03:15,0.54581
2025-10-15 03:30,0.527747
2025-10-15 03:45,0.49838
2025-10-15 04:00,0.444721
2025-10-15 04:15,0.473874
2025-10-15 04:30,0.373806
2025-10-15 04:45,0.386509
2025-10-15 05:00,0.300596
2025-10-15 05:15,0.292936
2025-10-15 05:30,0.294662
2025-10-15 05:45,0.234653
2025-10-15 06:00,0.229822
2025-10-15 06:15,0.198952
2025-10-15 06:30,0.217182
2025-10-15 06:45,0.19204
2025-10-15 07:00,0.191226
2025-10-15 07:15,0.179548
2025-10-15 07:30,0.160651
2025-10-15 07:45,0.145029
2025-10-15 08:00,0.132463
2025-10-15 08:15,0.135086
2025-10-15 08:30,0.136754
2025-10-15 08:45,0.136044
2025-10-15 09:00,0.138312
2025-10-15 09:15,0.176374
2025-10-15 09:30,0.153759
2025-10-15 09:45,0.189581
2025-10-15 10:00,0.206673
2025-10-15 10:15,0.266007
2025-10-15 10:30,0.287135
2025-10-15 10:45,0.323494
2025-10-15 11:00,0.346757
2025-10-15 11:15,0.364687
2025-10-15 11:30,0.409986
2025-10-15 11:45,0.486272
2025-10-15 12:00,0.484942
2025-10-15 12:15,0.438916
2025-10-15 12:30,0.389172
2025-10-15 12:45,0.396438
2025-10-15 13:00,0.389027
2025-10-15 13:15,0.470389
2025-10-15 13:30,0.394559
2025-10-15 13:45,0.378121
2025-10-15 14:00,0.380211
2025-10-15 14:15,0.40747
2025-10-15 14:30,0.372731
2025-10-15 14:45,0.388197
2025-10-15 15:00,0.392053
2025-10-15 15:15,0.391858
2025-10-15 15:30,0.404102
2025-10-15 15:45,0.422071
2025-10-15 16:00,0.433538
2025-10-15 16:15,0.420725
2025-10-15 16:30,0.429768
2025-10-15 16:45,0.404509
2025-10-15 17:00,0.456047
2025-10-15 17:15,0.486903
2025-10-15 17:30,0.547052
2025-10-15 17:45,0.473873
2025-10-15 18:00,0.477867
2025-10-15 18:15,0.477296
2025-10-15 18:30,0.488593
2025-10-15 18:45,0.504843
2025-10-15 19:00,0.557639
2025-10-15 19:15,0.499777
2025-10-15 19:30,0.483939
2025-10-15 19:45,0.517769
2025-10-15 20:00,0.461373
2025-10-15 20:15,0.453916
2025-10-15 20:30,0.446965
2025-10-15 20:45,0.445537
2025-10-15 21:00,0.472995
2025-10-15 21:15,0.448657
2025-10-15 21:30,0.484505
2025-10-15 21:45,0.471981
2025-10-15 22:00,0.427723
2025-10-15 22:15,0.456986
2025-10-15 22:30,0.489392
2025-10-15 22:45,0.539469
2025-10-15 23:00,0.525308
2025-10-15 23:15,0.615228
2025-10-15 23:30,0.577553
2025-10-15 23:45,0.655749
2025-10-16 00:00,0.845811
2025-10-16 00:15,0.858122
2025-10-16 00:30,0.98305
2025-10-16 00:45,0.867146
2025-10-16 01:00,0.799864
2025-10-16 01:15,0.838263
2025-10-16 01:30,0.7647
2025-10-16 01:45,0.719858
2025-10-16 02:00,0.754753
2025-10-16 02:15,0.695483
2025-10-16 02:30,0.629181
2025-10-16 02:45,0.619986
2025-10-16 03:00,0.556441
2025-10-16 03:15,0.597444
2025-10-16 03:30,0.575939
2025-10-16 03:45,0.571472
2025-10-16 04:00,0.460437
2025-10-16 04:15,0.394827
2025-10-16 04:30,0.396712
2025-10-16 04:45,0.391489
2025-10-16 05:00,0.40494
2025-10-16 05:15,0.303212
2025-10-16 05:30,0.332553
2025-10-16 05:45,0.264111
2025-10-16 06:00,0.233084
2025-10-16 06:15,0.222131
2025-10-16 06:30,0.198746
2025-10-16 06:45,0.168662
2025-10-16 07:00,0.195133
2025-10-16 07:15,0.184946
2025-10-16 07:30,0.196398
2025-10-16 07:45,0.179737
2025-10-16 08:00,0.163818
2025-10-16 08:15,0.149946
2025-10-16 08:30,0.132418
2025-10-16 08:45,0.141162
2025-10-16 09:00,0.16468
2025-10-16 09:15,0.173902
2025-10-16 09:30,0.21833
2025-10-16 09:45,0.232232
2025-10-16 10:00,0.262057
2025-10-16 10:15,0.249594
2025-10-16 10:30,0.297155
2025-10-16 10:45,0.318697
2025-10-16 11:00,0.312704
2025-10-16 11:15,0.359825
2025-10-16 11:30,0.416521
2025-10-16 11:45,0.457307
2025-10-16 12:00,0.443005
2025-10-16 12:15,0.453952
2025-10-16 12:30,0.558373
2025-10-16 12:45,0.45748
2025-10-16 13:00,0.483917
2025-10-16 13:15,0.454607
2025-10-16 13:30,0.458474
2025-10-16 13:45,0.441561
2025-10-16 14:00,0.431279
2025-10-16 14:15,0.397938
2025-10-16 14:30,0.409788
2025-10-16 14:45,0.404775
2025-10-16 15:00,0.380155
2025-10-16 15:15,0.400348
2025-10-16 15:30,0.396736
2025-10-16 15:45,0.41069
2025-10-16 16:00,0.400338
2025-10-16 16:15,0.440669
2025-10-16 16:30,0.464553
2025-10-16 16:45,0.463237
2025-10-16 17:00,0.432642
2025-10-16 17:15,0.425777
2025-10-16 17:30,0.474696
2025-10-16 17:45,0.473749
2025-10-16 18:00,0.497943
2025-10-16 18:15,0.499685
2025-10-16 18:30,0.530776
2025-10-16 18:45,0.48986
2025-10-16 19:00,0.485154
2025-10-16 19:15,0.495337
2025-10-16 19:30,0.489731
2025-10-16 19:45,0.519748
2025-10-16 20:00,0.502528
2025-10-16 20:15,0.465529
2025-10-16 20:30,0.46559
2025-10-16 20:45,0.449672
2025-10-16 21:00,0.44804
2025-10-16 21:15,0.43191
2025-10-16 21:30,0.449845
2025-10-16 21:45,0.492054
2025-10-16 22:00,0.513004
2025-10-16 22:15,0.512347
2025-10-16 22:30,0.543229
2025-10-16 22:45,0.548925
2025-10-16 23:00,0.585336
2025-10-16 23:15,0.603155
2025-10-16 23:30,0.620983
2025-10-16 23:45,0.758926
2025-10-17 00:00,0.849914
2025-10-17 00:15,0.789327
2025-10-17 00:30,0.837207
2025-10-17 00:45,0.887174
2025-10-17 01:00,0.828404
2025-10-17 01:15,0.783239
2025-10-17 01:30,0.709225
2025-10-17 01:45,0.709801
2025-10-17 02:00,0.679361
2025-10-17 02:15,0.689237
2025-10-17 02:30,0.710154
2025-10-17 02:45,0.701511
2025-10-17 03:00,0.673936
2025-10-17 03:15,0.665794
2025-10-17 03:30,0.545491
2025-10-17 03:45,0.524213
2025-10-17 04:00,0.455316
2025-10-17 04:15,0.389693
2025-10-17 04:30,0.392762
2025-10-17 04:45,0.352539
2025-10-17 05:00,0.323804
2025-10-17 05:15,0.315132
2025-10-17 05:30,0.285386
2025-10-17 05:45,0.253767
2025-10-17 06:00,0.245885
2025-10-17 06:15,0.211163
2025-10-17 06:30,0.199776
2025-10-17 06:45,0.178325
2025-10-17 07:00,0.200461
2025-10-17 07:15,0.163424
2025-10-17 07:30,0.182344
2025-10-17 07:45,0.152011
2025-10-17 08:00,0.153701
2025-10-17 08:15,0.140331
2025-10-17 08:30,0.163367
2025-10-17 08:45,0.151284
2025-10-17 09:00,0.1658
2025-10-17 09:15,0.180224
2025-10-17 09:30,0.198724
2025-10-17 09:45,0.243576
2025-10-17 10:00,0.217024
2025-10-17 10:15,0.247483
2025-10-17 10:30,0.295515
2025-10-17 10:45,0.309538
2025-10-17 11:00,0.327809
2025-10-17 11:15,0.353554
2025-10-17 11:30,0.400878
2025-10-17 11:45,0.423367
2025-10-17 12:00,0.405158
2025-10-17 12:15,0.41416
2025-10-17 12:30,0.430854
2025-10-17 12:45,0.44426
2025-10-17 13:00,0.447484
2025-10-17 13:15,0.424831
2025-10-17 13:30,0.379898
2025-10-17 13:45,0.351904
2025-10-17 14:00,0.426949
2025-10-17 14:15,0.434478
2025-10-17 14:30,0.425389
2025-10-17 14:45,0.427836
2025-10-17 15:00,0.396188
2025-10-17 15:15,0.427264
2025-10-17 15:30,0.438555
2025-10-17 15:45,0.432253
2025-10-17 16:00,0.419558
2025-10-17 16:15,0.422866
2025-10-17 16:30,0.440536
2025-10-17 16:45,0.428
2025-10-17 17:00,0.484383
2025-10-17 17:15,0.451946
2025-10-17 17:30,0.460057
2025-10-17 17:45,0.508197
2025-10-17 18:00,0.523925
2025-10-17 18:15,0.513918
2025-10-17 18:30,0.480908
2025-10-17 18:45,0.448345
2025-10-17 19:00,0.498908
2025-10-17 19:15,0.509378
2025-10-17 19:30,0.470299
2025-10-17 19:45,0.445961
2025-10-17 20:00,0.494528
2025-10-17 20:15,0.494891
2025-10-17 20:30,0.475443
2025-10-17 20:45,0.446867
2025-10-17 21:00,0.482469
2025-10-17 21:15,0.436622
2025-10-17 21:30,0.478333
2025-10-17 21:45,0.488889
2025-10-17 22:00,0.510909
2025-10-17 22:15,0.505616
2025-10-17 22:30,0.473647
2025-10-17 22:45,0.455043
2025-10-17 23:00,0.281431
2025-10-17 23:15,0.008051
2025-10-17 23:30,0.013553
2025-10-17 23:45,0.012116
2025-10-18 00:00,0.225579
2025-10-18 00:15,0.772178
2025-10-18 00:30,0.70825
2025-10-18 00:45,0.730724
2025-10-18 01:00,0.723394
2025-10-18 01:15,0.680339
2025-10-18 01:30,0.671968
2025-10-18 01:45,0.686574
2025-10-18 02:00,0.630778
2025-10-18 02:15,0.608574
2025-10-18 02:30,0.602439
2025-10-18 02:45,0.635778
2025-10-18 03:00,0.63459
2025-10-18 03:15,0.580387
2025-10-18 03:30,0.603013
2025-10-18 03:45,0.501411
2025-10-18 04:00,0.469549
2025-10-18 04:15,0.425789
2025-10-18 04:30,0.400794
2025-10-18 04:45,0.393234
2025-10-18 05:00,0.336293
2025-10-18 05:15,0.349752
2025-10-18 05:30,0.289171
2025-10-18 05:45,0.26926
2025-10-18 06:00,0.278022
2025-10-18 06:15,0.235628
2025-10-18 06:30,0.228732
2025-10-18 06:45,0.215364
2025-10-18 07:00,0.223991
2025-10-18 07:15,0.213358
2025-10-18 07:30,0.184232
2025-10-18 07:45,0.171736
2025-10-18 08:00,0.173106
2025-10-18 08:15,0.178413
2025-10-18 08:30,0.179095
2025-10-18 08:45,0.153612
2025-10-18 09:00,0.174884
2025-10-18 09:15,0.166292
2025-10-18 09:30,0.172846
2025-10-18 09:45,0.193007
2025-10-18 10:00,0.202745
2025-10-18 10:15,0.212487
2025-10-18 10:30,0.209629
2025-10-18 10:45,0.233339
2025-10-18 11:00,0.264498
2025-10-18 11:15,0.301427
2025-10-18 11:30,0.347868
2025-10-18 11:45,0.33086
2025-10-18 12:00,0.360924
2025-10-18 12:15,0.355369
2025-10-18 12:30,0.371015
2025-10-18 12:45,0.354116
2025-10-18 13:00,0.382734
2025-10-18 13:15,0.370685
2025-10-18 13:30,0.365677
2025-10-18 13:45,0.416415
2025-10-18 14:00,0.420038
2025-10-18 14:15,0.429256
2025-10-18 14:30,0.470095
2025-10-18 14:45,0.459432
2025-10-18 15:00,0.426034
2025-10-18 15:15,0.504509
2025-10-18 15:30,0.490765
2025-10-18 15:45,0.512604
2025-10-18 16:00,0.446261
2025-10-18 16:15,0.426796
2025-10-18 16:30,0.448029
2025-10-18 16:45,0.460622
2025-10-18 17:00,0.47983
2025-10-18 17:15,0.50903
2025-10-18 17:30,0.491482
2025-10-18 17:45,0.458484
2025-10-18 18:00,0.481492
2025-10-18 18:15,0.538138
2025-10-18 18:30,0.475979
2025-10-18 18:45,0.507083
2025-10-18 19:00,0.47013
2025-10-18 19:15,0.581344
2025-10-18 19:30,0.548666
2025-10-18 19:45,0.512044
2025-10-18 20:00,0.490805
2025-10-18 20:15,0.521795
2025-10-18 20:30,0.470077
2025-10-18 20:45,0.470192
2025-10-18 21:00,0.558222
2025-10-18 21:15,0.556401
2025-10-18 21:30,0.551457
2025-10-18 21:45,0.484649
2025-10-18 22:00,0.524249
2025-10-18 22:15,0.52444
2025-10-18 22:30,0.487574
2025-10-18 22:45,0.495545
2025-10-18 23:00,0.527985
2025-10-18 23:15,0.521663
2025-10-18 23:30,0.61502
2025-10-18 23:45,0.583158
2025-10-19 00:00,0.71177
2025-10-19 00:15,0.722683
2025-10-19 00:30,0.749131
2025-10-19 00:45,0.747578
2025-10-19 01:00,0.71491
2025-10-19 01:15,0.727008
2025-10-19 01:30,0.743252
2025-10-19 01:45,0.809879
2025-10-19 02:00,0.687335
2025-10-19 02:15,0.688651
2025-10-19 02:30,0.670898
2025-10-19 02:45,0.631844
2025-10-19 03:00,0.589268
2025-10-19 03:15,0.591317
2025-10-19 03:30,0.540076
2025-10-19 03:45,0.530857
2025-10-19 04:00,0.494011
2025-10-19 04:15,0.534854
2025-10-19 04:30,0.497242
2025-10-19 04:45,0.414829
2025-10-19 05:00,0.428346
2025-10-19 05:15,0.368728
2025-10-19 05:30,0.333432
2025-10-19 05:45,0.32319
2025-10-19 06:00,0.354596
2025-10-19 06:15,0.284957
2025-10-19 06:30,0.274415
2025-10-19 06:45,0.26164
2025-10-19 07:00,0.221571
2025-10-19 07:15,0.21793
2025-10-19 07:30,0.191556
2025-10-19 07:45,0.194407
2025-10-19 08:00,0.174195
2025-10-19 08:15,0.169114
2025-10-19 08:30,0.167762
2025-10-19 08:45,0.176125
2025-10-19 09:00,0.173469
2025-10-19 09:15,0.161772
2025-10-19 09:30,0.169991
2025-10-19 09:45,0.168332
2025-10-19 10:00,0.197063
2025-10-19 10:15,0.197726
2025-10-19 10:30,0.193951
2025-10-19 10:45,0.221836
2025-10-19 11:00,0.287505
2025-10-19 11:15,0.269426
2025-10-19 11:30,0.3194
2025-10-19 11:45,0.338077
2025-10-19 12:00,0.345866
2025-10-19 12:15,0.351857
2025-10-19 12:30,0.357358
2025-10-19 12:45,0.362516
2025-10-19 13:00,0.398462
2025-10-19 13:15,0.415907
2025-10-19 13:30,0.438543
2025-10-19 13:45,0.44077
2025-10-19 14:00,0.472306
2025-10-19 14:15,0.411251
2025-10-19 14:30,0.453915
2025-10-19 14:45,0.46091
2025-10-19 15:00,0.462311
2025-10-19 15:15,0.476775
2025-10-19 15:30,0.439879
2025-10-19 15:45,0.481599
2025-10-19 16:00,0.486373
2025-10-19 16:15,0.501701
2025-10-19 16:30,0.540649
2025-10-19 16:45,0.512292
2025-10-19 17:00,0.5045
2025-10-19 17:15,0.540773
2025-10-19 17:30,0.498995
2025-10-19 17:45,0.553106
2025-10-19 18:00,0.510574
2025-10-19 18:15,0.525664
2025-10-19 18:30,0.527957
2025-10-19 18:45,0.504918
2025-10-19 19:00,0.605058
2025-10-19 19:15,0.650974
2025-10-19 19:30,0.648233
2025-10-19 19:45,0.601408
2025-10-19 20:00,0.621702
2025-10-19 20:15,0.637813
2025-10-19 20:30,0.648571
2025-10-19 20:45,0.633005
2025-10-19 21:00,0.581143
2025-10-19 21:15,0.583257
2025-10-19 21:30,0.610045
2025-10-19 21:45,0.580655
2025-10-19 22:00,0.621893
2025-10-19 22:15,0.677587
2025-10-19 22:30,0.554531
2025-10-19 22:45,0.660541
2025-10-19 23:00,0.636176
2025-10-19 23:15,0.688842
2025-10-19 23:30,0.676603
2025-10-19 23:45,0.707364
2025-10-20 00:00,0.77541
2025-10-20 00:15,0.947282
2025-10-20 00:30,0.890582
2025-10-20 00:45,0.895841
2025-10-20 01:00,0.816577
2025-10-20 01:15,0.75435
2025-10-20 01:30,0.747823
2025-10-20 01:45,0.86153
2025-10-20 02:00,0.720409
2025-10-20 02:15,0.828541
2025-10-20 02:30,0.717283
2025-10-20 02:45,0.68392
2025-10-20 03:00,0.571678
2025-10-20 03:15,0.604441
2025-10-20 03:30,0.605733
2025-10-20 03:45,0.542092
2025-10-20 04:00,0.469955
2025-10-20 04:15,0.429823
2025-10-20 04:30,0.409894
2025-10-20 04:45,0.387356
2025-10-20 05:00,0.314468
2025-10-20 05:15,0.369223
2025-10-20 05:30,0.323478
2025-10-20 05:45,0.271319
2025-10-20 06:00,0.278243
2025-10-20 06:15,0.252206
2025-10-20 06:30,0.246155
2025-10-20 06:45,0.251814
2025-10-20 07:00,0.241219
2025-10-20 07:15,0.200711
2025-10-20 07:30,0.173669
2025-10-20 07:45,0.187531
2025-10-20 08:00,0.167243
2025-10-20 08:15,0.167656
2025-10-20 08:30,0.176631
2025-10-20 08:45,0.182752
2025-10-20 09:00,0.19797
2025-10-20 09:15,0.214507
2025-10-20 09:30,0.242448
2025-10-20 09:45,0.220142
2025-10-20 10:00,0.236885
2025-10-20 10:15,0.297296
2025-10-20 10:30,0.31521
2025-10-20 10:45,0.325836
2025-10-20 11:00,0.376525
2025-10-20 11:15,0.3687
2025-10-20 11:30,0.39797
2025-10-20 11:45,0.410504
2025-10-20 12:00,0.40959
2025-10-20 12:15,0.469307
2025-10-20 12:30,0.462733
2025-10-20 12:45,0.397977
2025-10-20 13:00,0.411142
2025-10-20 13:15,0.427051
2025-10-20 13:30,0.442022
2025-10-20 13:45,0.404758
2025-10-20 14:00,0.430937
2025-10-20 14:15,0.445506
2025-10-20 14:30,0.431318
2025-10-20 14:45,0.431366
2025-10-20 15:00,0.428691
2025-10-20 15:15,0.396242
2025-10-20 15:30,0.424514
2025-10-20 15:45,0.391336
2025-10-20 16:00,0.425618
2025-10-20 16:15,0.443779
2025-10-20 16:30,0.455697
2025-10-20 16:45,0.468276
2025-10-20 17:00,0.473856
2025-10-20 17:15,0.484452
2025-10-20 17:30,0.534918
2025-10-20 17:45,0.537124
2025-10-20 18:00,0.505263
2025-10-20 18:15,0.552502
2025-10-20 18:30,0.514943
2025-10-20 18:45,0.523157
2025-10-20 19:00,0.556971
2025-10-20 19:15,0.56486
2025-10-20 19:30,0.564834
2025-10-20 19:45,0.507639
2025-10-20 20:00,0.545454
2025-10-20 20:15,0.521922
2025-10-20 20:30,0.472686
2025-10-20 20:45,0.523404
2025-10-20 21:00,0.48792
2025-10-20 21:15,0.497886
2025-10-20 21:30,0.49203
2025-10-20 21:45,0.467416
2025-10-20 22:00,0.445797
2025-10-20 22:15,0.505678
2025-10-20 22:30,0.494194
2025-10-20 22:45,0.507991
2025-10-20 23:00,0.535069
2025-10-20 23:15,0.598538
2025-10-20 23:30,0.780097
2025-10-20 23:45,0.690705
2025-10-21 00:00,0.869114
2025-10-21 00:15,1.0
2025-10-21 00:30,0.84538
2025-10-21 00:45,0.948811
2025-10-21 01:00,0.862196
2025-10-21 01:15,0.798675
2025-10-21 01:30,0.834776
2025-10-21 01:45,0.80041
2025-10-21 02:00,0.794449
2025-10-21 02:15,0.845124
2025-10-21 02:30,0.773691
2025-10-21 02:45,0.666626
2025-10-21 03:00,0.678918
2025-10-21 03:15,0.545933
2025-10-21 03:30,0.544579
2025-10-21 03:45,0.517109
2025-10-21 04:00,0.450577
2025-10-21 04:15,0.434075
2025-10-21 04:30,0.39732
2025-10-21 04:45,0.391067
2025-10-21 05:00,0.331029
2025-10-21 05:15,0.39806
2025-10-21 05:30,0.274317
2025-10-21 05:45,0.264366
2025-10-21 06:00,0.250479
2025-10-21 06:15,0.240109
2025-10-21 06:30,0.264694
2025-10-21 06:45,0.207791
2025-10-21 07:00,0.19327
2025-10-21 07:15,0.188875
2025-10-21 07:30,0.198248
2025-10-21 07:45,0.171428
2025-10-21 08:00,0.192914
2025-10-21 08:15,0.178339
2025-10-21 08:30,0.148288
2025-10-21 08:45,0.167017
2025-10-21 09:00,0.162091
2025-10-21 09:15,0.169332
2025-10-21 09:30,0.187531
2025-10-21 09:45,0.187406
2025-10-21 10:00,0.196201
2025-10-21 10:15,0.284804
2025-10-21 10:30,0.316711
2025-10-21 10:45,0.335803
2025-10-21 11:00,0.365898
2025-10-21 11:15,0.366451
2025-10-21 11:30,0.429215
2025-10-21 11:45,0.440815
2025-10-21 12:00,0.455322
2025-10-21 12:15,0.459986
2025-10-21 12:30,0.489838
2025-10-21 12:45,0.456191
2025-10-21 13:00,0.537426
2025-10-21 13:15,0.47691
2025-10-21 13:30,0.472722
2025-10-21 13:45,0.505064
2025-10-21 14:00,0.493771
2025-10-21 14:15,0.510556
2025-10-21 14:30,0.50377
2025-10-21 14:45,0.533488
2025-10-21 15:00,0.503109
2025-10-21 15:15,0.480887
2025-10-21 15:30,0.551919
2025-10-21 15:45,0.493024
2025-10-21 16:00,0.551229
2025-10-21 16:15,0.579492
2025-10-21 16:30,0.51092
2025-10-21 16:45,0.584978
2025-10-21 17:00,0.570968
2025-10-21 17:15,0.536686
2025-10-21 17:30,0.576591
2025-10-21 17:45,0.597969
2025-10-21 18:00,0.58829
2025-10-21 18:15,0.546145
2025-10-21 18:30,0.573551
2025-10-21 18:45,0.588369
2025-10-21 19:00,0.5586
2025-10-21 19:15,0.592176
2025-10-21 19:30,0.612706
2025-10-21 19:45,0.564128
2025-10-21 20:00,0.543725
2025-10-21 20:15,0.524096
2025-10-21 20:30,0.59132
2025-10-21 20:45,0.538257
2025-10-21 21:00,0.535955
2025-10-21 21:15,0.5371
2025-10-21 21:30,0.495987
2025-10-21 21:45,0.614314
2025-10-21 22:00,0.517258
2025-10-21 22:15,0.513655
2025-10-21 22:30,0.570263
2025-10-21 22:45,0.562083
2025-10-21 23:00,0.587688
2025-10-21 23:15,0.632112
2025-10-21 23:30,0.645431
2025-10-21 23:45,0.661875
2025-10-22 00:00,0.797011
2025-10-22 00:00,0.817867
2025-10-22 00:15,0.899874
2025-10-22 00:30,1.0
2025-10-22 00:45,0.966098
2025-10-22 01:00,0.862496
2025-10-22 01:15,0.858192
2025-10-22 01:30,0.767237
2025-10-22 01:45,0.738549
2025-10-22 02:00,0.71751
2025-10-22 02:15,0.793437
2025-10-22 02:30,0.783455
2025-10-22 02:45,0.731191
2025-10-22 03:00,0.697298
2025-10-22 03:15,0.669067
2025-10-22 03:30,0.770293
2025-10-22 03:45,0.576748
2025-10-22 04:00,0.563098
2025-10-22 04:15,0.473481
2025-10-22 04:30,0.409531
2025-10-22 04:45,0.371256
2025-10-22 05:00,0.372428
2025-10-22 05:15,0.29497
2025-10-22 05:30,0.352333
2025-10-22 05:45,0.272114
2025-10-22 06:00,0.232725
2025-10-22 06:15,0.222123
2025-10-22 06:30,0.21309
2025-10-22 06:45,0.191539
2025-10-22 07:00,0.213625
2025-10-22 07:15,0.178394
2025-10-22 07:30,0.17004
2025-10-22 07:45,0.182662
2025-10-22 08:00,0.154797
2025-10-22 08:15,0.160876
2025-10-22 08:30,0.170302
2025-10-22 08:45,0.150968
2025-10-22 09:00,0.170581
2025-10-22 09:15,0.16941
2025-10-22 09:30,0.189392
2025-10-22 09:45,0.208567
2025-10-22 10:00,0.213277
2025-10-22 10:15,0.243289
2025-10-22 10:30,0.29739
2025-10-22 10:45,0.310317
2025-10-22 11:00,0.366484
2025-10-22 11:15,0.370426
2025-10-22 11:30,0.435494
2025-10-22 11:45,0.42419
2025-10-22 12:00,0.430296
2025-10-22 12:15,0.458409
2025-10-22 12:30,0.4503
2025-10-22 12:45,0.43348
2025-10-22 13:00,0.417322
2025-10-22 13:15,0.424226
2025-10-22 13:30,0.421098
2025-10-22 13:45,0.481309
2025-10-22 14:00,0.401641
2025-10-22 14:15,0.412937
2025-10-22 14:30,0.389252
2025-10-22 14:45,0.418709
2025-10-22 15:00,0.424108
2025-10-22 15:15,0.437487
2025-10-22 15:30,0.456537
2025-10-22 15:45,0.467551
2025-10-22 16:00,0.481894
2025-10-22 16:15,0.450755
2025-10-22 16:30,0.423896
2025-10-22 16:45,0.478957
2025-10-22 17:00,0.465713
2025-10-22 17:15,0.524168
2025-10-22 17:30,0.491548
2025-10-22 17:45,0.483277
2025-10-22 18:00,0.449359
2025-10-22 18:15,0.485519
2025-10-22 18:30,0.483758
2025-10-22 18:45,0.516388
2025-10-22 19:00,0.519725
2025-10-22 19:15,0.55578
2025-10-22 19:30,0.558397
2025-10-22 19:45,0.556166
2025-10-22 20:00,0.546355
2025-10-22 20:15,0.509201
2025-10-22 20:30,0.492898
2025-10-22 20:45,0.547212
2025-10-22 21:00,0.518
2025-10-22 21:15,0.4896
2025-10-22 21:30,0.472757
2025-10-22 21:45,0.455122
2025-10-22 22:00,0.425929
2025-10-22 22:15,0.475579
2025-10-22 22:30,0.558247
2025-10-22 22:45,0.493041
2025-10-22 23:00,0.599829
2025-10-22 23:15,0.578821
2025-10-22 23:30,0.583616
2025-10-22 23:45,0.664619
2025-10-23 00:00,0.787606
2025-10-23 00:15,0.833546
2025-10-23 00:30,0.851357
2025-10-23 00:45,0.781114
2025-10-23 01:00,0.90442
2025-10-23 01:15,0.806425
2025-10-23 01:30,0.783388
2025-10-23 01:45,0.695891
2025-10-23 02:00,0.740327
2025-10-23 02:15,0.6774
2025-10-23 02:30,0.658582
2025-10-23 02:45,0.598706
2025-10-23 03:00,0.537894
2025-10-23 03:15,0.5133
2025-10-23 03:30,0.484123
2025-10-23 03:45,0.453458
2025-10-23 04:00,0.45117
2025-10-23 04:15,0.414207
2025-10-23 04:30,0.416807
2025-10-23 04:45,0.380319
2025-10-23 05:00,0.371969
2025-10-23 05:15,0.309057
2025-10-23 05:30,0.321268
2025-10-23 05:45,0.276361
2025-10-23 06:00,0.272858
2025-10-23 06:15,0.233742
2025-10-23 06:30,0.225843
2025-10-23 06:45,0.226403
2025-10-23 07:00,0.170541
2025-10-23 07:15,0.176288
2025-10-23 07:30,0.173193
2025-10-23 07:45,0.181846
2025-10-23 08:00,0.152794
2025-10-23 08:15,0.159758
2025-10-23 08:30,0.15942
2025-10-23 08:45,0.169091
2025-10-23 09:00,0.20025
2025-10-23 09:15,0.194404
2025-10-23 09:30,0.207464
2025-10-23 09:45,0.219878
2025-10-23 10:00,0.215631
2025-10-23 10:15,0.238841
2025-10-23 10:30,0.334699
2025-10-23 10:45,0.353825
2025-10-23 11:00,0.34089
2025-10-23 11:15,0.357686
2025-10-23 11:30,0.396036
2025-10-23 11:45,0.482951
2025-10-23 12:00,0.386774
2025-10-23 12:15,0.457224
2025-10-23 12:30,0.41685
2025-10-23 12:45,0.41222
2025-10-23 13:00,0.470452
2025-10-23 13:15,0.397159
2025-10-23 13:30,0.380247
2025-10-23 13:45,0.407396
2025-10-23 14:00,0.365466
2025-10-23 14:15,0.38724
2025-10-23 14:30,0.437369
2025-10-23 14:45,0.42475
2025-10-23 15:00,0.423601
2025-10-23 15:15,0.410546
2025-10-23 15:30,0.383703
2025-10-23 15:45,0.399877
2025-10-23 16:00,0.456521
2025-10-23 16:15,0.446636
2025-10-23 16:30,0.424961
2025-10-23 16:45,0.422507
2025-10-23 17:00,0.47803
2025-10-23 17:15,0.49757
2025-10-23 17:30,0.470793
2025-10-23 17:45,0.485811
2025-10-23 18:00,0.452894
2025-10-23 18:15,0.558522
2025-10-23 18:30,0.467186
2025-10-23 18:45,0.490121
2025-10-23 19:00,0.472081
2025-10-23 19:15,0.525062
2025-10-23 19:30,0.5178
2025-10-23 19:45,0.556774
2025-10-23 20:00,0.543231
2025-10-23 20:15,0.485491
2025-10-23 20:30,0.493996
2025-10-23 20:45,0.529163
2025-10-23 21:00,0.541699
2025-10-23 21:15,0.478805
2025-10-23 21:30,0.577036
2025-10-23 21:45,0.573444
2025-10-23 22:00,0.443241
2025-10-23 22:15,0.416209
2025-10-23 22:30,0.453143
2025-10-23 22:45,0.522416
2025-10-23 23:00,0.492437
2025-10-23 23:15,0.565504
2025-10-23 23:30,0.572859
2025-10-23 23:45,0.710436
2025-10-24 00:00,0.730014
2025-10-24 00:15,0.752316
2025-10-24 00:30,0.776272
2025-10-24 00:45,0.796334
2025-10-24 01:00,0.806333
2025-10-24 01:15,0.738133
2025-10-24 01:30,0.876635
2025-10-24 01:45,0.714506
2025-10-24 02:00,0.614142
2025-10-24 02:15,0.620202
2025-10-24 02:30,0.635528
2025-10-24 02:45,0.55669
2025-10-24 03:00,0.540302
2025-10-24 03:15,0.548876
2025-10-24 03:30,0.463155
2025-10-24 03:45,0.458999
2025-10-24 04:00,0.424772
2025-10-24 04:15,0.414565
2025-10-24 04:30,0.260813
2025-10-24 04:45,0.333661
2025-10-24 05:00,0.280813
2025-10-24 05:15,0.259642
2025-10-24 05:30,0.274227
2025-10-24 05:45,0.225827
2025-10-24 06:00,0.213142
2025-10-24 06:15,0.190114
2025-10-24 06:30,0.175874
2025-10-24 06:45,0.169007
2025-10-24 07:00,0.200845
2025-10-24 07:15,0.183404
2025-10-24 07:30,0.172614
2025-10-24 07:45,0.178436
2025-10-24 08:00,0.147372
2025-10-24 08:15,0.154389
2025-10-24 08:30,0.170062
2025-10-24 08:45,0.165397
2025-10-24 09:00,0.159546
2025-10-24 09:15,0.177433
2025-10-24 09:30,0.176108
2025-10-24 09:45,0.191618
2025-10-24 10:00,0.194376
2025-10-24 10:15,0.248826
2025-10-24 10:30,0.261362
2025-10-24 10:45,0.28698
2025-10-24 11:00,0.351843
2025-10-24 11:15,0.355258
2025-10-24 11:30,0.386119
2025-10-24 11:45,0.367403
2025-10-24 12:00,0.36109
2025-10-24 12:15,0.349206
2025-10-24 12:30,0.378128
2025-10-24 12:45,0.403129
2025-10-24 13:00,0.411477
2025-10-24 13:15,0.368241
2025-10-24 13:30,0.390964
2025-10-24 13:45,0.39061
2025-10-24 14:00,0.383812
2025-10-24 14:15,0.397032
2025-10-24 14:30,0.383396
2025-10-24 14:45,0.402452
2025-10-24 15:00,0.391288
2025-10-24 15:15,0.398047
2025-10-24 15:30,0.372197
2025-10-24 15:45,0.417009
2025-10-24 16:00,0.401939
2025-10-24 16:15,0.515002
2025-10-24 16:30,0.492116
2025-10-24 16:45,0.398184
2025-10-24 17:00,0.446574
2025-10-24 17:15,0.463643
2025-10-24 17:30,0.476992
2025-10-24 17:45,0.481619
2025-10-24 18:00,0.444642
2025-10-24 18:15,0.491943
2025-10-24 18:30,0.47729
2025-10-24 18:45,0.481165
2025-10-24 19:00,0.451373
2025-10-24 19:15,0.463926
2025-10-24 19:30,0.442158
2025-10-24 19:45,0.467459
2025-10-24 20:00,0.472771
2025-10-24 20:15,0.441434
2025-10-24 20:30,0.464057
2025-10-24 20:45,0.443587
2025-10-24 21:00,0.439515
2025-10-24 21:15,0.399847
2025-10-24 21:30,0.43912
2025-10-24 21:45,0.424225
2025-10-24 22:00,0.45224
2025-10-24 22:15,0.489431
2025-10-24 22:30,0.480948
2025-10-24 22:45,0.474634
2025-10-24 23:00,0.494541
2025-10-24 23:15,0.505886
2025-10-24 23:30,0.536705
2025-10-24 23:45,0.553628
2025-10-25 00:00,0.770187
2025-10-25 00:15,0.713656
2025-10-25 00:30,0.790365
2025-10-25 00:45,0.738315
2025-10-25 01:00,0.755304
2025-10-25 01:15,0.749636
2025-10-25 01:30,0.719762
2025-10-25 01:45,0.652986
2025-10-25 02:00,0.654923
2025-10-25 02:15,0.663036
2025-10-25 02:30,0.608917
2025-10-25 02:45,0.633245
2025-10-25 03:00,0.578631
2025-10-25 03:15,0.559948
2025-10-25 03:30,0.524447
2025-10-25 03:45,0.456039
2025-10-25 04:00,0.464993
2025-10-25 04:15,0.420162
2025-10-25 04:30,0.520391
2025-10-25 04:45,0.44252
2025-10-25 05:00,0.386592
2025-10-25 05:15,0.385469
2025-10-25 05:30,0.359814
2025-10-25 05:45,0.315894
2025-10-25 06:00,0.271156
2025-10-25 06:15,0.242887
2025-10-25 06:30,0.253664
2025-10-25 06:45,0.205714
2025-10-25 07:00,0.234148
2025-10-25 07:15,0.250847
2025-10-25 07:30,0.228295
2025-10-25 07:45,0.203749
2025-10-25 08:00,0.179495
2025-10-25 08:15,0.178947
2025-10-25 08:30,0.181536
2025-10-25 08:45,0.198666
2025-10-25 09:00,0.181853
2025-10-25 09:15,0.182961
2025-10-25 09:30,0.168255
2025-10-25 09:45,0.214385
2025-10-25 10:00,0.163627
2025-10-25 10:15,0.235823
2025-10-25 10:30,0.225637
2025-10-25 10:45,0.246783
2025-10-25 11:00,0.284005
2025-10-25 11:15,0.299122
2025-10-25 11:30,0.308681
2025-10-25 11:45,0.334731
2025-10-25 12:00,0.43878
2025-10-25 12:15,0.339014
2025-10-25 12:30,0.435991
2025-10-25 12:45,0.417918
2025-10-25 13:00,0.427708
2025-10-25 13:15,0.407531
2025-10-25 13:30,0.439397
2025-10-25 13:45,0.433964
2025-10-25 14:00,0.4192
2025-10-25 14:15,0.39681
2025-10-25 14:30,0.388365
2025-10-25 14:45,0.438959
2025-10-25 15:00,0.423732
2025-10-25 15:15,0.455997
2025-10-25 15:30,0.439462
2025-10-25 15:45,0.475273
2025-10-25 16:00,0.485009
2025-10-25 16:15,0.464131
2025-10-25 16:30,0.426438
2025-10-25 16:45,0.413758
2025-10-25 17:00,0.418347
2025-10-25 17:15,0.454169
2025-10-25 17:30,0.438784
2025-10-25 17:45,0.455554
2025-10-25 18:00,0.477577
2025-10-25 18:15,0.480103
2025-10-25 18:30,0.450184
2025-10-25 18:45,0.476735
2025-10-25 19:00,0.462043
2025-10-25 19:15,0.492815
2025-10-25 19:30,0.460214
2025-10-25 19:45,0.476305
2025-10-25 20:00,0.507299
2025-10-25 20:15,0.506032
2025-10-25 20:30,0.486733
2025-10-25 20:45,0.475584
2025-10-25 21:00,0.490459
2025-10-25 21:15,0.491096
2025-10-25 21:30,0.487585
2025-10-25 21:45,0.466005
2025-10-25 22:00,0.504699
2025-10-25 22:15,0.452539
2025-10-25 22:30,0.477177
2025-10-25 22:45,0.505853
2025-10-25 23:00,0.465873
2025-10-25 23:15,0.477614
2025-10-25 23:30,0.53194
2025-10-25 23:45,0.56477
2025-10-26 00:00,0.749905
2025-10-26 00:15,0.788234
2025-10-26 00:30,0.761157
2025-10-26 00:45,0.800454
2025-10-26 01:00,0.764466
2025-10-26 01:15,0.881019
2025-10-26 01:30,0.776457
2025-10-26 01:45,0.669923
2025-10-26 02:00,0.697272
2025-10-26 02:15,0.660398
2025-10-26 02:30,0.621465
2025-10-26 02:45,0.588155
2025-10-26 03:00,0.548268
2025-10-26 03:15,0.488771
2025-10-26 03:30,0.59611
2025-10-26 03:45,0.475957
2025-10-26 04:00,0.513784
2025-10-26 04:15,0.491495
2025-10-26 04:30,0.516932
2025-10-26 04:45,0.427946
2025-10-26 05:00,0.385079
2025-10-26 05:15,0.357036
2025-10-26 05:30,0.3762
2025-10-26 05:45,0.309637
2025-10-26 06:00,0.269033
2025-10-26 06:15,0.266422
2025-10-26 06:30,0.232843
2025-10-26 06:45,0.210424
2025-10-26 07:00,0.217457
2025-10-26 07:15,0.26242
2025-10-26 07:30,0.218792
2025-10-26 07:45,0.233673
2025-10-26 08:00,0.237294
2025-10-26 08:15,0.16882
2025-10-26 08:30,0.186202
2025-10-26 08:45,0.169195
2025-10-26 09:00,0.190321
2025-10-26 09:15,0.16389
2025-10-26 09:30,0.175441
2025-10-26 09:45,0.169458
2025-10-26 10:00,0.159262
2025-10-26 10:15,0.185531
2025-10-26 10:30,0.226178
2025-10-26 10:45,0.241354
2025-10-26 11:00,0.253972
2025-10-26 11:15,0.262147
2025-10-26 11:30,0.261678
2025-10-26 11:45,0.28416
2025-10-26 12:00,0.311506
2025-10-26 12:15,0.30996
2025-10-26 12:30,0.327871
2025-10-26 12:45,0.327954
2025-10-26 13:00,0.341661
2025-10-26 13:15,0.416014
2025-10-26 13:30,0.408954
2025-10-26 13:45,0.415056
2025-10-26 14:00,0.437463
2025-10-26 14:15,0.454819
2025-10-26 14:30,0.526777
2025-10-26 14:45,0.529891
2025-10-26 15:00,0.493776
2025-10-26 15:15,0.669821
2025-10-26 15:30,0.662044
2025-10-26 15:45,0.630052
2025-10-26 16:00,0.653434
2025-10-26 16:15,0.643768
2025-10-26 16:30,0.585816
2025-10-26 16:45,0.609114
2025-10-26 17:00,0.627249
2025-10-26 17:15,0.637781
2025-10-26 17:30,0.595182
2025-10-26 17:45,0.552457
2025-10-26 18:00,0.554527
2025-10-26 18:15,0.606605
2025-10-26 18:30,0.533796
2025-10-26 18:45,0.547954
2025-10-26 19:00,0.550224
2025-10-26 19:15,0.598549
2025-10-26 19:30,0.606648
2025-10-26 19:45,0.560435
2025-10-26 20:00,0.597658
2025-10-26 20:15,0.610962
2025-10-26 20:30,0.563481
2025-10-26 20:45,0.575958
2025-10-26 21:00,0.611114
2025-10-26 21:15,0.611722
2025-10-26 21:30,0.650474
2025-10-26 21:45,0.639237
2025-10-26 22:00,0.569315
2025-10-26 22:15,0.572382
2025-10-26 22:30,0.562361
2025-10-26 22:45,0.705797
2025-10-26 23:00,0.629102
2025-10-26 23:15,0.615028
2025-10-26 23:30,0.60006
2025-10-26 23:45,0.648443
2025-10-27 00:00,0.761515
2025-10-27 00:15,0.845221
2025-10-27 00:30,0.839927
2025-10-27 00:45,0.707923
2025-10-27 01:00,0.698656
2025-10-27 01:15,0.724289
2025-10-27 01:30,0.657775
2025-10-27 01:45,0.715714
2025-10-27 02:00,0.729248
2025-10-27 02:15,0.679836
2025-10-27 02:30,0.724053
2025-10-27 02:45,0.587725
2025-10-27 03:00,0.59851
2025-10-27 03:15,0.564752
2025-10-27 03:30,0.526721
2025-10-27 03:45,0.465201
2025-10-27 04:00,0.456207
2025-10-27 04:15,0.44762
2025-10-27 04:30,0.405973
2025-10-27 04:45,0.407125
2025-10-27 05:00,0.341204
2025-10-27 05:15,0.327468
2025-10-27 05:30,0.300173
2025-10-27 05:45,0.305046
2025-10-27 06:00,0.296612
2025-10-27 06:15,0.235212
2025-10-27 06:30,0.227676
2025-10-27 06:45,0.197351
2025-10-27 07:00,0.188698
2025-10-27 07:15,0.177485
2025-10-27 07:30,0.172948
2025-10-27 07:45,0.171382
2025-10-27 08:00,0.154146
2025-10-27 08:15,0.15636
2025-10-27 08:30,0.179157
2025-10-27 08:45,0.158173
2025-10-27 09:00,0.160742
2025-10-27 09:15,0.175997
2025-10-27 09:30,0.209049
2025-10-27 09:45,0.208278
2025-10-27 10:00,0.211146
2025-10-27 10:15,0.280729
2025-10-27 10:30,0.300026
2025-10-27 10:45,0.351119
2025-10-27 11:00,0.332359
2025-10-27 11:15,0.350143
2025-10-27 11:30,0.383094
2025-10-27 11:45,0.375866
2025-10-27 12:00,0.419096
2025-10-27 12:15,0.41104
2025-10-27 12:30,0.463114
2025-10-27 12:45,0.435542
2025-10-27 13:00,0.406764
2025-10-27 13:15,0.456168
2025-10-27 13:30,0.438242
2025-10-27 13:45,0.374291
2025-10-27 14:00,0.40516
2025-10-27 14:15,0.401812
2025-10-27 14:30,0.406082
2025-10-27 14:45,0.405917
2025-10-27 15:00,0.425182
2025-10-27 15:15,0.446584
2025-10-27 15:30,0.436362
2025-10-27 15:45,0.442188
2025-10-27 16:00,0.442471
2025-10-27 16:15,0.432172
2025-10-27 16:30,0.448066
2025-10-27 16:45,0.488199
2025-10-27 17:00,0.459054
2025-10-27 17:15,0.424012
2025-10-27 17:30,0.469359
2025-10-27 17:45,0.456584
2025-10-27 18:00,0.448695
2025-10-27 18:15,0.461005
2025-10-27 18:30,0.478607
2025-10-27 18:45,0.535386
2025-10-27 19:00,0.535126
2025-10-27 19:15,0.496545
2025-10-27 19:30,0.458089
2025-10-27 19:45,0.447789
2025-10-27 20:00,0.45701
2025-10-27 20:15,0.487561
2025-10-27 20:30,0.524934
2025-10-27 20:45,0.490772
2025-10-27 21:00,0.505857
2025-10-27 21:15,0.504004
2025-10-27 21:30,0.574428
2025-10-27 21:45,0.497971
2025-10-27 22:00,0.554871
2025-10-27 22:15,0.46924
2025-10-27 22:30,0.470389
2025-10-27 22:45,0.553988
2025-10-27 23:00,0.551345
2025-10-27 23:15,0.542183
2025-10-27 23:30,0.640672
2025-10-27 23:45,0.666985
2025-10-28 00:00,0.8323
2025-10-28 00:15,0.84021
2025-10-28 00:30,0.863721
2025-10-28 00:45,0.906639
2025-10-28 01:00,0.870554
2025-10-28 01:15,0.819408
2025-10-28 01:30,0.783607
2025-10-28 01:45,0.728773
2025-10-28 02:00,0.721833
2025-10-28 02:15,0.733031
2025-10-28 02:30,0.705024
2025-10-28 02:45,0.718404
2025-10-28 03:00,0.644121
2025-10-28 03:15,0.588268
2025-10-28 03:30,0.621345
2025-10-28 03:45,0.596325
2025-10-28 04:00,0.52747
2025-10-28 04:15,0.464724
2025-10-28 04:30,0.430261
2025-10-28 04:45,0.439957
2025-10-28 05:00,0.388527
2025-10-28 05:15,0.362509
2025-10-28 05:30,0.37797
2025-10-28 05:45,0.316075
2025-10-28 06:00,0.298243
2025-10-28 06:15,0.310918
2025-10-28 06:30,0.286105
2025-10-28 06:45,0.226571
2025-10-28 07:00,0.194331
2025-10-28 07:15,0.178249
2025-10-28 07:30,0.19835
2025-10-28 07:45,0.174643
2025-10-28 08:00,0.159506
2025-10-28 08:15,0.158827
2025-10-28 08:30,0.151371
2025-10-28 08:45,0.168921
2025-10-28 09:00,0.168053
2025-10-28 09:15,0.167384
2025-10-28 09:30,0.193885
2025-10-28 09:45,0.171911
2025-10-28 10:00,0.225421
2025-10-28 10:15,0.254953
2025-10-28 10:30,0.300989
2025-10-28 10:45,0.327113
2025-10-28 11:00,0.374808
2025-10-28 11:15,0.336925
2025-10-28 11:30,0.378873
2025-10-28 11:45,0.408102
2025-10-28 12:00,0.435181
2025-10-28 12:15,0.443927
2025-10-28 12:30,0.446107
2025-10-28 12:45,0.428283
2025-10-28 13:00,0.411998
2025-10-28 13:15,0.410607
2025-10-28 13:30,0.380814
2025-10-28 13:45,0.341154
2025-10-28 14:00,0.36129
2025-10-28 14:15,0.380029
2025-10-28 14:30,0.400684
2025-10-28 14:45,0.420795
2025-10-28 15:00,0.398205
2025-10-28 15:15,0.384511
2025-10-28 15:30,0.406828
2025-10-28 15:45,0.407411
2025-10-28 16:00,0.400535
2025-10-28 16:15,0.401605
2025-10-28 16:30,0.44566
2025-10-28 16:45,0.474244
2025-10-28 17:00,0.481048
2025-10-28 17:15,0.441066
2025-10-28 17:30,0.450633
2025-10-28 17:45,0.420997
2025-10-28 18:00,0.445427
2025-10-28 18:15,0.481296
2025-10-28 18:30,0.5156
2025-10-28 18:45,0.531416
2025-10-28 19:00,0.583832
2025-10-28 19:15,0.598593
2025-10-28 19:30,0.57286
2025-10-28 19:45,0.468766
2025-10-28 20:00,0.514122
2025-10-28 20:15,0.517005
2025-10-28 20:30,0.459647
2025-10-28 20:45,0.484506
2025-10-28 21:00,0.479234
2025-10-28 21:15,0.424944
2025-10-28 21:30,0.50744
2025-10-28 21:45,0.461132
2025-10-28 22:00,0.50546
2025-10-28 22:15,0.460454
2025-10-28 22:30,0.488425
2025-10-28 22:45,0.513619
2025-10-28 23:00,0.551868
2025-10-28 23:15,0.552993
2025-10-28 23:30,0.619591
2025-10-28 23:45,0.66377
2025-10-29 00:00,0.879243
2025-10-29 00:00,0.867557
2025-10-29 00:15,0.867931
2025-10-29 00:30,0.900719
2025-10-29 00:45,0.905803
2025-10-29 01:00,0.90527
2025-10-29 01:15,0.86889
2025-10-29 01:30,0.810002
2025-10-29 01:45,0.834826
2025-10-29 02:00,0.777717
2025-10-29 02:15,0.789917
2025-10-29 02:30,0.714698
2025-10-29 02:45,0.725045
2025-10-29 03:00,0.656624
2025-10-29 03:15,0.557045
2025-10-29 03:30,0.52018
2025-10-29 03:45,0.527263
2025-10-29 04:00,0.487566
2025-10-29 04:15,0.533439
2025-10-29 04:30,0.408616
2025-10-29 04:45,0.37408
2025-10-29 05:00,0.329535
2025-10-29 05:15,0.30649
2025-10-29 05:30,0.317859
2025-10-29 05:45,0.253534
2025-10-29 06:00,0.258995
2025-10-29 06:15,0.262658
2025-10-29 06:30,0.235964
2025-10-29 06:45,0.191558
2025-10-29 07:00,0.199745
2025-10-29 07:15,0.217828
2025-10-29 07:30,0.194802
2025-10-29 07:45,0.17529
2025-10-29 08:00,0.189404
2025-10-29 08:15,0.16222
2025-10-29 08:30,0.168079
2025-10-29 08:45,0.185181
2025-10-29 09:00,0.189968
2025-10-29 09:15,0.191292
2025-10-29 09:30,0.214294
2025-10-29 09:45,0.216878
2025-10-29 10:00,0.250624
2025-10-29 10:15,0.24477
2025-10-29 10:30,0.332965
2025-10-29 10:45,0.336471
2025-10-29 11:00,0.374871
2025-10-29 11:15,0.353981
2025-10-29 11:30,0.48008
2025-10-29 11:45,0.408
2025-10-29 12:00,0.425274
2025-10-29 12:15,0.408869
2025-10-29 12:30,0.473844
2025-10-29 12:45,0.47015
2025-10-29 13:00,0.422857
2025-10-29 13:15,0.475205
2025-10-29 13:30,0.388213
2025-10-29 13:45,0.386807
2025-10-29 14:00,0.409538
2025-10-29 14:15,0.40437
2025-10-29 14:30,0.474688
2025-10-29 14:45,0.444384
2025-10-29 15:00,0.427993
2025-10-29 15:15,0.425884
2025-10-29 15:30,0.421957
2025-10-29 15:45,0.439578
2025-10-29 16:00,0.382866
2025-10-29 16:15,0.438711
2025-10-29 16:30,0.489449
2025-10-29 16:45,0.450423
2025-10-29 17:00,0.453302
2025-10-29 17:15,0.507171
2025-10-29 17:30,0.50356
2025-10-29 17:45,0.452948
2025-10-29 18:00,0.50619
2025-10-29 18:15,0.508345
2025-10-29 18:30,0.486845
2025-10-29 18:45,0.514751
2025-10-29 19:00,0.436788
2025-10-29 19:15,0.507532
2025-10-29 19:30,0.463847
2025-10-29 19:45,0.597589
2025-10-29 20:00,0.505002
2025-10-29 20:15,0.478279
2025-10-29 20:30,0.473349
2025-10-29 20:45,0.484676
2025-10-29 21:00,0.491122
2025-10-29 21:15,0.483783
2025-10-29 21:30,0.465963
2025-10-29 21:45,0.449078
2025-10-29 22:00,0.454137
2025-10-29 22:15,0.492504
2025-10-29 22:30,0.483315
2025-10-29 22:45,0.570737
2025-10-29 23:00,0.515316
2025-10-29 23:15,0.578079
2025-10-29 23:30,0.551702
2025-10-29 23:45,0.681323
2025-10-30 00:00,0.782959
2025-10-30 00:15,0.831834
2025-10-30 00:30,1.0
2025-10-30 00:45,0.799164
2025-10-30 01:00,0.860141
2025-10-30 01:15,0.783077
2025-10-30 01:30,0.806593
2025-10-30 01:45,0.847896
2025-10-30 02:00,0.775888
2025-10-30 02:15,0.854904
2025-10-30 02:30,0.723612
2025-10-30 02:45,0.712362
2025-10-30 03:00,0.643292
2025-10-30 03:15,0.631688
2025-10-30 03:30,0.540537
2025-10-30 03:45,0.469071
2025-10-30 04:00,0.512841
2025-10-30 04:15,0.432312
2025-10-30 04:30,0.432292
2025-10-30 04:45,0.386481
2025-10-30 05:00,0.352734
2025-10-30 05:15,0.341269
2025-10-30 05:30,0.304041
2025-10-30 05:45,0.302696
2025-10-30 06:00,0.258188
2025-10-30 06:15,0.230242
2025-10-30 06:30,0.210189
2025-10-30 06:45,0.19467
2025-10-30 07:00,0.202146
2025-10-30 07:15,0.196996
2025-10-30 07:30,0.168074
2025-10-30 07:45,0.16479
2025-10-30 08:00,0.180354
2025-10-30 08:15,0.155463
2025-10-30 08:30,0.16763
2025-10-30 08:45,0.183183
2025-10-30 09:00,0.19448
2025-10-30 09:15,0.200666
2025-10-30 09:30,0.21623
2025-10-30 09:45,0.260151
2025-10-30 10:00,0.265902
2025-10-30 10:15,0.294989
2025-10-30 10:30,0.330675
2025-10-30 10:45,0.3586
2025-10-30 11:00,0.376171
2025-10-30 11:15,0.433211
2025-10-30 11:30,0.400217
2025-10-30 11:45,0.440799
2025-10-30 12:00,0.424848
2025-10-30 12:15,0.423828
2025-10-30 12:30,0.421619
2025-10-30 12:45,0.465397
2025-10-30 13:00,0.425385
2025-10-30 13:15,0.425695
2025-10-30 13:30,0.428676
2025-10-30 13:45,0.404373
2025-10-30 14:00,0.428288
2025-10-30 14:15,0.463242
2025-10-30 14:30,0.451414
2025-10-30 14:45,0.45104
2025-10-30 15:00,0.40814
2025-10-30 15:15,0.421859
2025-10-30 15:30,0.421544
2025-10-30 15:45,0.493799
2025-10-30 16:00,0.43215
2025-10-30 16:15,0.456355
2025-10-30 16:30,0.414535
2025-10-30 16:45,0.46571
2025-10-30 17:00,0.44943
2025-10-30 17:15,0.51414
2025-10-30 17:30,0.525164
2025-10-30 17:45,0.493273
2025-10-30 18:00,0.516819
2025-10-30 18:15,0.486147
2025-10-30 18:30,0.573742
2025-10-30 18:45,0.529997
2025-10-30 19:00,0.560852
2025-10-30 19:15,0.487004
2025-10-30 19:30,0.497578
2025-10-30 19:45,0.488092
2025-10-30 20:00,0.514708
2025-10-30 20:15,0.474913
2025-10-30 20:30,0.51546
2025-10-30 20:45,0.503595
2025-10-30 21:00,0.459695
2025-10-30 21:15,0.486891
2025-10-30 21:30,0.468841
2025-10-30 21:45,0.46789
2025-10-30 22:00,0.461146
2025-10-30 22:15,0.463727
2025-10-30 22:30,0.489077
2025-10-30 22:45,0.54744
2025-10-30 23:00,0.517511
2025-10-30 23:15,0.510138
2025-10-30 23:30,0.582148
2025-10-30 23:45,0.662323
2025-10-31 00:00,0.800345
2025-10-31 00:15,0.733493
2025-10-31 00:30,0.805621
2025-10-31 00:45,0.842445
2025-10-31 01:00,0.753113
2025-10-31 01:15,0.661226
2025-10-31 01:30,0.681745
2025-10-31 01:45,0.666773
2025-10-31 02:00,0.680354
2025-10-31 02:15,0.660987
2025-10-31 02:30,0.628664
2025-10-31 02:45,0.587208
2025-10-31 03:00,0.542324
2025-10-31 03:15,0.531097
2025-10-31 03:30,0.478199
2025-10-31 03:45,0.456272
2025-10-31 04:00,0.47953
2025-10-31 04:15,0.381055
2025-10-31 04:30,0.400268
2025-10-31 04:45,0.356377
2025-10-31 05:00,0.330134
2025-10-31 05:15,0.310029
2025-10-31 05:30,0.264116
2025-10-31 05:45,0.247472
2025-10-31 06:00,0.236884
2025-10-31 06:15,0.22541
2025-10-31 06:30,0.23942
2025-10-31 06:45,0.207733
2025-10-31 07:00,0.201884
2025-10-31 07:15,0.189543
2025-10-31 07:30,0.195347
2025-10-31 07:45,0.179839
2025-10-31 08:00,0.177732
2025-10-31 08:15,0.179038
2025-10-31 08:30,0.152301
2025-10-31 08:45,0.158396
2025-10-31 09:00,0.187664
2025-10-31 09:15,0.171785
2025-10-31 09:30,0.209864
2025-10-31 09:45,0.226359
2025-10-31 10:00,0.245974
2025-10-31 10:15,0.268892
2025-10-31 10:30,0.319526
2025-10-31 10:45,0.328728
2025-10-31 11:00,0.366671
2025-10-31 11:15,0.379378
2025-10-31 11:30,0.334835
2025-10-31 11:45,0.390793
2025-10-31 12:00,0.374126
2025-10-31 12:15,0.346304
2025-10-31 12:30,0.390767
2025-10-31 12:45,0.433383
2025-10-31 13:00,0.451524
2025-10-31 13:15,0.438275
2025-10-31 13:30,0.38415
2025-10-31 13:45,0.367629
2025-10-31 14:00,0.396731
2025-10-31 14:15,0.386943
2025-10-31 14:30,0.39353
2025-10-31 14:45,0.370656
2025-10-31 15:00,0.412766
2025-10-31 15:15,0.338478
2025-10-31 15:30,0.343981
2025-10-31 15:45,0.431799
2025-10-31 16:00,0.413732
2025-10-31 16:15,0.398047
2025-10-31 16:30,0.437126
2025-10-31 16:45,0.414253
2025-10-31 17:00,0.432696
2025-10-31 17:15,0.469876
2025-10-31 17:30,0.420713
2025-10-31 17:45,0.442502
2025-10-31 18:00,0.439329
2025-10-31 18:15,0.516777
2025-10-31 18:30,0.456909
2025-10-31 18:45,0.467379
2025-10-31 19:00,0.4986
2025-10-31 19:15,0.523888
2025-10-31 19:30,0.508134
2025-10-31 19:45,0.504979
2025-10-31 20:00,0.527671
2025-10-31 20:15,0.490843
2025-10-31 20:30,0.456889
2025-10-31 20:45,0.540548
2025-10-31 21:00,0.44633
2025-10-31 21:15,0.442718
2025-10-31 21:30,0.468023
2025-10-31 21:45,0.406369
2025-10-31 22:00,0.457537
2025-10-31 22:15,0.468147
2025-10-31 22:30,0.437185
2025-10-31 22:45,0.439219
2025-10-31 23:00,0.522967
2025-10-31 23:15,0.529448
2025-10-31 23:30,0.493794
2025-10-31 23:45,0.585099
2025-11-01 00:00,0.73243
2025-11-01 00:15,0.792165
2025-11-01 00:30,0.740331
2025-11-01 00:45,0.734613
2025-11-01 01:00,0.727227
2025-11-01 01:15,0.681669
2025-11-01 01:30,0.692512
2025-11-01 01:45,0.618145
2025-11-01 02:00,0.68028
2025-11-01 02:15,0.668686
2025-11-01 02:30,0.689276
2025-11-01 02:45,0.631003
2025-11-01 03:00,0.645342
2025-11-01 03:15,0.555424
2025-11-01 03:30,0.490358
2025-11-01 03:45,0.530781
2025-11-01 04:00,0.53901
2025-11-01 04:15,0.506448
2025-11-01 04:30,0.415378
2025-11-01 04:45,0.404937
2025-11-01 05:00,0.384647
2025-11-01 05:15,0.359478
2025-11-01 05:30,0.308128
2025-11-01 05:45,0.305005
2025-11-01 06:00,0.275458
2025-11-01 06:15,0.257013
2025-11-01 06:30,0.272289
2025-11-01 06:45,0.256738
2025-11-01 07:00,0.203396
2025-11-01 07:15,0.215126
2025-11-01 07:30,0.199042
2025-11-01 07:45,0.191795
2025-11-01 08:00,0.211124
2025-11-01 08:15,0.202209
2025-11-01 08:30,0.191821
2025-11-01 08:45,0.185515
2025-11-01 09:00,0.197741
2025-11-01 09:15,0.185203
2025-11-01 09:30,0.19412
2025-11-01 09:45,0.177224
2025-11-01 10:00,0.206981
2025-11-01 10:15,0.227159
2025-11-01 10:30,0.250004
2025-11-01 10:45,0.257407
2025-11-01 11:00,0.296731
2025-11-01 11:15,0.291096
2025-11-01 11:30,0.301939
2025-11-01 11:45,0.306051
2025-11-01 12:00,0.360352
2025-11-01 12:15,0.359565
2025-11-01 12:30,0.370873
2025-11-01 12:45,0.39425
2025-11-01 13:00,0.370231
2025-11-01 13:15,0.388873
2025-11-01 13:30,0.386756
2025-11-01 13:45,0.405359
2025-11-01 14:00,0.38939
2025-11-01 14:15,0.384489
2025-11-01 14:30,0.417861
2025-11-01 14:45,0.464894
2025-11-01 15:00,0.396317
2025-11-01 15:15,0.383359
2025-11-01 15:30,0.439417
2025-11-01 15:45,0.415256
2025-11-01 16:00,0.431535
2025-11-01 16:15,0.425059
2025-11-01 16:30,0.391771
2025-11-01 16:45,0.435084
2025-11-01 17:00,0.427949
2025-11-01 17:15,0.417727
2025-11-01 17:30,0.441235
2025-11-01 17:45,0.417219
2025-11-01 18:00,0.417037
2025-11-01 18:15,0.451079
2025-11-01 18:30,0.496269
2025-11-01 18:45,0.501065
2025-11-01 19:00,0.461276
2025-11-01 19:15,0.436327
2025-11-01 19:30,0.455708
2025-11-01 19:45,0.487002
2025-11-01 20:00,0.487269
2025-11-01 20:15,0.468238
2025-11-01 20:30,0.465724
2025-11-01 20:45,0.465861
2025-11-01 21:00,0.445481
2025-11-01 21:15,0.458926
2025-11-01 21:30,0.503932
2025-11-01 21:45,0.520136
2025-11-01 22:00,0.459037
2025-11-01 22:15,0.450917
2025-11-01 22:30,0.454004
2025-11-01 22:45,0.473247
2025-11-01 23:00,0.566921
2025-11-01 23:15,0.523604
2025-11-01 23:30,0.527579
2025-11-01 23:45,0.611547
2025-11-02 00:00,0.727819
2025-11-02 00:15,0.889202
2025-11-02 00:30,0.76199
2025-11-02 00:45,0.786927
2025-11-02 01:00,0.784986
2025-11-02 01:15,0.870798
2025-11-02 01:30,0.82764
2025-11-02 01:45,0.821171
2025-11-02 02:00,0.718217
2025-11-02 02:15,0.722153
2025-11-02 02:30,0.775136
2025-11-02 02:45,0.743555
2025-11-02 03:00,0.74084
2025-11-02 03:15,0.646139
2025-11-02 03:30,0.654031
2025-11-02 03:45,0.64926
2025-11-02 04:00,0.642727
2025-11-02 04:15,0.601158
2025-11-02 04:30,0.51835
2025-11-02 04:45,0.441082
2025-11-02 05:00,0.433972
2025-11-02 05:15,0.39311
2025-11-02 05:30,0.374292
2025-11-02 05:45,0.367606
2025-11-02 06:00,0.318622
2025-11-02 06:15,0.283996
2025-11-02 06:30,0.30289
2025-11-02 06:45,0.238601
2025-11-02 07:00,0.290991
2025-11-02 07:15,0.234839
2025-11-02 07:30,0.219014
2025-11-02 07:45,0.191583
2025-11-02 08:00,0.192276
2025-11-02 08:15,0.229043
2025-11-02 08:30,0.176825
2025-11-02 08:45,0.195032
2025-11-02 09:00,0.204517
2025-11-02 09:15,0.203257
2025-11-02 09:30,0.200059
2025-11-02 09:45,0.177341
2025-11-02 10:00,0.20167
2025-11-02 10:15,0.188729
2025-11-02 10:30,0.23292
2025-11-02 10:45,0.222876
2025-11-02 11:00,0.282251
2025-11-02 11:15,0.296061
2025-11-02 11:30,0.331537
2025-11-02 11:45,0.320005
2025-11-02 12:00,0.361727
2025-11-02 12:15,0.361217
2025-11-02 12:30,0.402337
2025-11-02 12:45,0.391864
2025-11-02 13:00,0.399904
2025-11-02 13:15,0.368
2025-11-02 13:30,0.374715
2025-11-02 13:45,0.40182
2025-11-02 14:00,0.411268
2025-11-02 14:15,0.423046
2025-11-02 14:30,0.452317
2025-11-02 14:45,0.427251
2025-11-02 15:00,0.437363
2025-11-02 15:15,0.454951
2025-11-02 15:30,0.462421
2025-11-02 15:45,0.449713
2025-11-02 16:00,0.499133
2025-11-02 16:15,0.426139
2025-11-02 16:30,0.487113
2025-11-02 16:45,0.455069
2025-11-02 17:00,0.438665
2025-11-02 17:15,0.476935
2025-11-02 17:30,0.621851
2025-11-02 17:45,0.55148
2025-11-02 18:00,0.555555
2025-11-02 18:15,0.536236
2025-11-02 18:30,0.554604
2025-11-02 18:45,0.624108
2025-11-02 19:00,0.613521
2025-11-02 19:15,0.587897
2025-11-02 19:30,0.580881
2025-11-02 19:45,0.559049
2025-11-02 20:00,0.567286
2025-11-02 20:15,0.545736
2025-11-02 20:30,0.558803
2025-11-02 20:45,0.57202
2025-11-02 21:00,0.56517
2025-11-02 21:15,0.568258
2025-11-02 21:30,0.58691
2025-11-02 21:45,0.643597
2025-11-02 22:00,0.56974
2025-11-02 22:15,0.599831
2025-11-02 22:30,0.590661
2025-11-02 22:45,0.596594
2025-11-02 23:00,0.619324
2025-11-02 23:15,0.68259
2025-11-02 23:30,0.776947
2025-11-02 23:45,0.62484
2025-11-03 00:00,0.72733
2025-11-03 00:15,0.887401
2025-11-03 00:30,0.87315
2025-11-03 00:45,0.833836
2025-11-03 01:00,0.779245
2025-11-03 01:15,0.910999
2025-11-03 01:30,0.673214
2025-11-03 01:45,0.67754
2025-11-03 02:00,0.646674
2025-11-03 02:15,0.615908
2025-11-03 02:30,0.59451
2025-11-03 02:45,0.577999
2025-11-03 03:00,0.598805
2025-11-03 03:15,0.533994
2025-11-03 03:30,0.52925
2025-11-03 03:45,0.497814
2025-11-03 04:00,0.444059
2025-11-03 04:15,0.438766
2025-11-03 04:30,0.398345
2025-11-03 04:45,0.383929
2025-11-03 05:00,0.332886
2025-11-03 05:15,0.304819
2025-11-03 05:30,0.279566
2025-11-03 05:45,0.242105
2025-11-03 06:00,0.230949
2025-11-03 06:15,0.204458
2025-11-03 06:30,0.215791
2025-11-03 06:45,0.198242
2025-11-03 07:00,0.200103
2025-11-03 07:15,0.197523
2025-11-03 07:30,0.194668
2025-11-03 07:45,0.178821
2025-11-03 08:00,0.161406
2025-11-03 08:15,0.185743
2025-11-03 08:30,0.190885
2025-11-03 08:45,0.182051
2025-11-03 09:00,0.180076
2025-11-03 09:15,0.202749
2025-11-03 09:30,0.23403
2025-11-03 09:45,0.222852
2025-11-03 10:00,0.215503
2025-11-03 10:15,0.275191
2025-11-03 10:30,0.289613
2025-11-03 10:45,0.337129
2025-11-03 11:00,0.34327
2025-11-03 11:15,0.315627
2025-11-03 11:30,0.350199
2025-11-03 11:45,0.390374
2025-11-03 12:00,0.402695
2025-11-03 12:15,0.402853
2025-11-03 12:30,0.420751
2025-11-03 12:45,0.438986
2025-11-03 13:00,0.421274
2025-11-03 13:15,0.4171
2025-11-03 13:30,0.410754
2025-11-03 13:45,0.371013
2025-11-03 14:00,0.38717
2025-11-03 14:15,0.447347
2025-11-03 14:30,0.493653
2025-11-03 14:45,0.437529
2025-11-03 15:00,0.401749
2025-11-03 15:15,0.397964
2025-11-03 15:30,0.431979
2025-11-03 15:45,0.406752
2025-11-03 16:00,0.418346
2025-11-03 16:15,0.461166
2025-11-03 16:30,0.411233
2025-11-03 16:45,0.425819
2025-11-03 17:00,0.489211
2025-11-03 17:15,0.496827
2025-11-03 17:30,0.454102
2025-11-03 17:45,0.512789
2025-11-03 18:00,0.524392
2025-11-03 18:15,0.49163
2025-11-03 18:30,0.458118
2025-11-03 18:45,0.478648
2025-11-03 19:00,0.537422
2025-11-03 19:15,0.511115
2025-11-03 19:30,0.497673
2025-11-03 19:45,0.455154
2025-11-03 20:00,0.483164
2025-11-03 20:15,0.491405
2025-11-03 20:30,0.490477
2025-11-03 20:45,0.476371
2025-11-03 21:00,0.428461
2025-11-03 21:15,0.452641
2025-11-03 21:30,0.469578
2025-11-03 21:45,0.455055
2025-11-03 22:00,0.531272
2025-11-03 22:15,0.471073
2025-11-03 22:30,0.467948
2025-11-03 22:45,0.537151
2025-11-03 23:00,0.538299
2025-11-03 23:15,0.609856
2025-11-03 23:30,0.564575
2025-11-03 23:45,0.622259
2025-11-04 00:00,0.735479
2025-11-04 00:15,0.835148
2025-11-04 00:30,0.794554
2025-11-04 00:45,0.719549
2025-11-04 01:00,0.711275
2025-11-04 01:15,0.714802
2025-11-04 01:30,0.702395
2025-11-04 01:45,0.696719
2025-11-04 02:00,0.639737
2025-11-04 02:15,0.71839
2025-11-04 02:30,0.647932
2025-11-04 02:45,0.577784
2025-11-04 03:00,0.549536
2025-11-04 03:15,0.556845
2025-11-04 03:30,0.491072
2025-11-04 03:45,0.479377
2025-11-04 04:00,0.443517
2025-11-04 04:15,0.39199
2025-11-04 04:30,0.376913
2025-11-04 04:45,0.356135
2025-11-04 05:00,0.336206
2025-11-04 05:15,0.32585
2025-11-04 05:30,0.300217
2025-11-04 05:45,0.283661
2025-11-04 06:00,0.22765
2025-11-04 06:15,0.222217
2025-11-04 06:30,0.197592
2025-11-04 06:45,0.182455
2025-11-04 07:00,0.199042
2025-11-04 07:15,0.178019
2025-11-04 07:30,0.161877
2025-11-04 07:45,0.174631
2025-11-04 08:00,0.178609
2025-11-04 08:15,0.176531
2025-11-04 08:30,0.180717
2025-11-04 08:45,0.156474
2025-11-04 09:00,0.20374
2025-11-04 09:15,0.207146
2025-11-04 09:30,0.224959
2025-11-04 09:45,0.221432
2025-11-04 10:00,0.27106
2025-11-04 10:15,0.272804
2025-11-04 10:30,0.344309
2025-11-04 10:45,0.337145
2025-11-04 11:00,0.373249
2025-11-04 11:15,0.432028
2025-11-04 11:30,0.435919
2025-11-04 11:45,0.402332
2025-11-04 12:00,0.432479
2025-11-04 12:15,0.429296
2025-11-04 12:30,0.441988
2025-11-04 12:45,0.404431
2025-11-04 13:00,0.414259
2025-11-04 13:15,0.441523
2025-11-04 13:30,0.431142
2025-11-04 13:45,0.426165
2025-11-04 14:00,0.413909
2025-11-04 14:15,0.44622
2025-11-04 14:30,0.441993
2025-11-04 14:45,0.422721
2025-11-04 15:00,0.394747
2025-11-04 15:15,0.357186
2025-11-04 15:30,0.380883
2025-11-04 15:45,0.393573
2025-11-04 16:00,0.389747
2025-11-04 16:15,0.425094
2025-11-04 16:30,0.420035
2025-11-04 16:45,0.389879
2025-11-04 17:00,0.432443
2025-11-04 17:15,0.453404
2025-11-04 17:30,0.451481
2025-11-04 17:45,0.509072
2025-11-04 18:00,0.467246
2025-11-04 18:15,0.478573
2025-11-04 18:30,0.487616
2025-11-04 18:45,0.564455
2025-11-04 19:00,0.532756
2025-11-04 19:15,0.520595
2025-11-04 19:30,0.539923
2025-11-04 19:45,0.550248
2025-11-04 20:00,0.572652
2025-11-04 20:15,0.644017
2025-11-04 20:30,0.572148
2025-11-04 20:45,0.556065
2025-11-04 21:00,0.643181
2025-11-04 21:15,0.585545
2025-11-04 21:30,0.569485
2025-11-04 21:45,0.594636
2025-11-04 22:00,0.514201
2025-11-04 22:15,0.541732
2025-11-04 22:30,0.662455
2025-11-04 22:45,0.542437
2025-11-04 23:00,0.514256
2025-11-04 23:15,0.559631
2025-11-04 23:30,0.592609
2025-11-04 23:45,0.692592
2025-11-05 00:00,0.78492
2025-11-05 00:00,0.810033
2025-11-05 00:15,0.818669
2025-11-05 00:30,0.89656
2025-11-05 00:45,0.867113
2025-11-05 01:00,0.8417
2025-11-05 01:15,0.778241
2025-11-05 01:30,0.737986
2025-11-05 01:45,0.721823
2025-11-05 02:00,0.694947
2025-11-05 02:15,0.763648
2025-11-05 02:30,0.637774
2025-11-05 02:45,0.643779
2025-11-05 03:00,0.586537
2025-11-05 03:15,0.591254
2025-11-05 03:30,0.513903
2025-11-05 03:45,0.551953
2025-11-05 04:00,0.497747
2025-11-05 04:15,0.474803
2025-11-05 04:30,0.468249
2025-11-05 04:45,0.464765
2025-11-05 05:00,0.399672
2025-11-05 05:15,0.353404
2025-11-05 05:30,0.305117
2025-11-05 05:45,0.250375
2025-11-05 06:00,0.265278
2025-11-05 06:15,0.251828
2025-11-05 06:30,0.239652
2025-11-05 06:45,0.240521
2025-11-05 07:00,0.215811
2025-11-05 07:15,0.205694
2025-11-05 07:30,0.184715
2025-11-05 07:45,0.18602
2025-11-05 08:00,0.174212
2025-11-05 08:15,0.191927
2025-11-05 08:30,0.174796
2025-11-05 08:45,0.161455
2025-11-05 09:00,0.217131
2025-11-05 09:15,0.217876
2025-11-05 09:30,0.243341
2025-11-05 09:45,0.239714
2025-11-05 10:00,0.259708
2025-11-05 10:15,0.259695
2025-11-05 10:30,0.35348
2025-11-05 10:45,0.435777
2025-11-05 11:00,0.399027
2025-11-05 11:15,0.384515
2025-11-05 11:30,0.417829
2025-11-05 11:45,0.460022
2025-11-05 12:00,0.426386
2025-11-05 12:15,0.440193
2025-11-05 12:30,0.451937
2025-11-05 12:45,0.444986
2025-11-05 13:00,0.415149
2025-11-05 13:15,0.464484
2025-11-05 13:30,0.427687
2025-11-05 13:45,0.452373
2025-11-05 14:00,0.398794
2025-11-05 14:15,0.518849
2025-11-05 14:30,0.447556
2025-11-05 14:45,0.430729
2025-11-05 15:00,0.457882
2025-11-05 15:15,0.467441
2025-11-05 15:30,0.408937
2025-11-05 15:45,0.401472
2025-11-05 16:00,0.394089
2025-11-05 16:15,0.430015
2025-11-05 16:30,0.43104
2025-11-05 16:45,0.355271
2025-11-05 17:00,0.30414
2025-11-05 17:15,0.285505
2025-11-05 17:30,0.318896
2025-11-05 17:45,0.314462
2025-11-05 18:00,0.38067
2025-11-05 18:15,0.285982
2025-11-05 18:30,0.319112
2025-11-05 18:45,0.183119
2025-11-05 19:00,0.332772
2025-11-05 19:15,0.352908
2025-11-05 19:30,0.358577
2025-11-05 19:45,0.383109
2025-11-05 20:00,0.371776
2025-11-05 20:15,0.384326
2025-11-05 20:30,0.430412
2025-11-05 20:45,0.341464
2025-11-05 21:00,0.371857
2025-11-05 21:15,0.416718
2025-11-05 21:30,0.539145
2025-11-05 21:45,0.568038
2025-11-05 22:00,0.555554
2025-11-05 22:15,0.536482
2025-11-05 22:30,0.496663
2025-11-05 22:45,0.585115
2025-11-05 23:00,0.605522
2025-11-05 23:15,0.625003
2025-11-05 23:30,0.610077
2025-11-05 23:45,0.673651
2025-11-06 00:00,0.796496
2025-11-06 00:15,0.889568
2025-11-06 00:30,0.827047
2025-11-06 00:45,0.851788
2025-11-06 01:00,0.842327
2025-11-06 01:15,0.753251
2025-11-06 01:30,0.724394
2025-11-06 01:45,0.712685
2025-11-06 02:00,0.714626
2025-11-06 02:15,0.632444
2025-11-06 02:30,0.595665
2025-11-06 02:45,0.680617
2025-11-06 03:00,0.635961
2025-11-06 03:15,0.596338
2025-11-06 03:30,0.59866
2025-11-06 03:45,0.540629
2025-11-06 04:00,0.55739
2025-11-06 04:15,0.439738
2025-11-06 04:30,0.409927
2025-11-06 04:45,0.395846
2025-11-06 05:00,0.353186
2025-11-06 05:15,0.323191
2025-11-06 05:30,0.308067
2025-11-06 05:45,0.310562
2025-11-06 06:00,0.286444
2025-11-06 06:15,0.245368
2025-11-06 06:30,0.241919
2025-11-06 06:45,0.227104
2025-11-06 07:00,0.225083
2025-11-06 07:15,0.194619
2025-11-06 07:30,0.221284
2025-11-06 07:45,0.184468
2025-11-06 08:00,0.170552
2025-11-06 08:15,0.181123
2025-11-06 08:30,0.177956
2025-11-06 08:45,0.230943
2025-11-06 09:00,0.2191
2025-11-06 09:15,0.204399
2025-11-06 09:30,0.215702
2025-11-06 09:45,0.297303
2025-11-06 10:00,0.260399
2025-11-06 10:15,0.329526
2025-11-06 10:30,0.375719
2025-11-06 10:45,0.401842
2025-11-06 11:00,0.390374
2025-11-06 11:15,0.411691
2025-11-06 11:30,0.440581
2025-11-06 11:45,0.464438
2025-11-06 12:00,0.458706
2025-11-06 12:15,0.493614
2025-11-06 12:30,0.500147
2025-11-06 12:45,0.476254
2025-11-06 13:00,0.456632
2025-11-06 13:15,0.479217
2025-11-06 13:30,0.449767
2025-11-06 13:45,0.452273
2025-11-06 14:00,0.433703
2025-11-06 14:15,0.387225
2025-11-06 14:30,0.409988
2025-11-06 14:45,0.38227
2025-11-06 15:00,0.460957
2025-11-06 15:15,0.407237
2025-11-06 15:30,0.431378
2025-11-06 15:45,0.41707
2025-11-06 16:00,0.451124
2025-11-06 16:15,0.428897
2025-11-06 16:30,0.426383
2025-11-06 16:45,0.424468
2025-11-06 17:00,0.412128
2025-11-06 17:15,0.47282
2025-11-06 17:30,0.603626
2025-11-06 17:45,0.512957
2025-11-06 18:00,0.496127
2025-11-06 18:15,0.524894
2025-11-06 18:30,0.502978
2025-11-06 18:45,0.51308
2025-11-06 19:00,0.555832
2025-11-06 19:15,0.498361
2025-11-06 19:30,0.486167
2025-11-06 19:45,0.550462
2025-11-06 20:00,0.626007
2025-11-06 20:15,0.567512
2025-11-06 20:30,0.55162
2025-11-06 20:45,0.555505
2025-11-06 21:00,0.445586
2025-11-06 21:15,0.514735
2025-11-06 21:30,0.496606
2025-11-06 21:45,0.50267
2025-11-06 22:00,0.493528
2025-11-06 22:15,0.570344
2025-11-06 22:30,0.502393
2025-11-06 22:45,0.518382
2025-11-06 23:00,0.567937
2025-11-06 23:15,0.65485
2025-11-06 23:30,0.582362
2025-11-06 23:45,0.600263
2025-11-07 00:00,0.76357
2025-11-07 00:15,0.918479
2025-11-07 00:30,0.924968
2025-11-07 00:45,0.853253
2025-11-07 01:00,0.834471
2025-11-07 01:15,0.763093
2025-11-07 01:30,0.724949
2025-11-07 01:45,0.708305
2025-11-07 02:00,0.659154
2025-11-07 02:15,0.657392
2025-11-07 02:30,0.672433
2025-11-07 02:45,0.586704
2025-11-07 03:00,0.603493
2025-11-07 03:15,0.511561
2025-11-07 03:30,0.528444
2025-11-07 03:45,0.496564
2025-11-07 04:00,0.483658
2025-11-07 04:15,0.42165
2025-11-07 04:30,0.37339
2025-11-07 04:45,0.369367
2025-11-07 05:00,0.355047
2025-11-07 05:15,0.317767
2025-11-07 05:30,0.279493
2025-11-07 05:45,0.264852
2025-11-07 06:00,0.243732
2025-11-07 06:15,0.225689
2025-11-07 06:30,0.208565
2025-11-07 06:45,0.217729
2025-11-07 07:00,0.206477
2025-11-07 07:15,0.17552
2025-11-07 07:30,0.165291
2025-11-07 07:45,0.139568
2025-11-07 08:00,0.145044
2025-11-07 08:15,0.182498
2025-11-07 08:30,0.155861
2025-11-07 08:45,0.150856
2025-11-07 09:00,0.177086
2025-11-07 09:15,0.206624
2025-11-07 09:30,0.184308
2025-11-07 09:45,0.22519
2025-11-07 10:00,0.227186
2025-11-07 10:15,0.255902
2025-11-07 10:30,0.314373
2025-11-07 10:45,0.330567
2025-11-07 11:00,0.342097
2025-11-07 11:15,0.312745
2025-11-07 11:30,0.369615
2025-11-07 11:45,0.384294
2025-11-07 12:00,0.334079
2025-11-07 12:15,0.346551
2025-11-07 12:30,0.338783
2025-11-07 12:45,0.373011
2025-11-07 13:00,0.359538
2025-11-07 13:15,0.365885
2025-11-07 13:30,0.334248
2025-11-07 13:45,0.382501
2025-11-07 14:00,0.326958
2025-11-07 14:15,0.315788
2025-11-07 14:30,0.277968
2025-11-07 14:45,0.28372
2025-11-07 15:00,0.347491
2025-11-07 15:15,0.340554
2025-11-07 15:30,0.331206
2025-11-07 15:45,0.284138
2025-11-07 16:00,0.269996
2025-11-07 16:15,0.310036
2025-11-07 16:30,0.310736
2025-11-07 16:45,0.296333
2025-11-07 17:00,0.312177
2025-11-07 17:15,0.313883
2025-11-07 17:30,0.351075
2025-11-07 17:45,0.371556
2025-11-07 18:00,0.308449
2025-11-07 18:15,0.351028
2025-11-07 18:30,0.418632
2025-11-07 18:45,0.443733
2025-11-07 19:00,0.488979
2025-11-07 19:15,0.392221
2025-11-07 19:30,0.376577
2025-11-07 19:45,0.375648
2025-11-07 20:00,0.367396
2025-11-07 20:15,0.533163
2025-11-07 20:30,0.441794
2025-11-07 20:45,0.47315
2025-11-07 21:00,0.414068
2025-11-07 21:15,0.443602
2025-11-07 21:30,0.43381
2025-11-07 21:45,0.472294
2025-11-07 22:00,0.471536
2025-11-07 22:15,0.427533
2025-11-07 22:30,0.403831
2025-11-07 22:45,0.465018
2025-11-07 23:00,0.523274
2025-11-07 23:15,0.477389
2025-11-07 23:30,0.569733
2025-11-07 23:45,0.607306
2025-11-08 00:00,0.619037
2025-11-08 00:15,0.649184
2025-11-08 00:30,0.698591
2025-11-08 00:45,0.729878
2025-11-08 01:00,0.676522
2025-11-08 01:15,0.642386
2025-11-08 01:30,0.63151
2025-11-08 01:45,0.5921
2025-11-08 02:00,0.605777
2025-11-08 02:15,0.55889
2025-11-08 02:30,0.564322
2025-11-08 02:45,0.601328
2025-11-08 03:00,0.61839
2025-11-08 03:15,0.576403
2025-11-08 03:30,0.5893
2025-11-08 03:45,0.482205
2025-11-08 04:00,0.44948
2025-11-08 04:15,0.424378
2025-11-08 04:30,0.399557
2025-11-08 04:45,0.382344
2025-11-08 05:00,0.361896
2025-11-08 05:15,0.379519
2025-11-08 05:30,0.304995
2025-11-08 05:45,0.310367
2025-11-08 06:00,0.272761
2025-11-08 06:15,0.244943
2025-11-08 06:30,0.220004
2025-11-08 06:45,0.198546
2025-11-08 07:00,0.192831
2025-11-08 07:15,0.194714
2025-11-08 07:30,0.167053
2025-11-08 07:45,0.180697
2025-11-08 08:00,0.161549
2025-11-08 08:15,0.157246
2025-11-08 08:30,0.16384
2025-11-08 08:45,0.163502
2025-11-08 09:00,0.150041
2025-11-08 09:15,0.182275
2025-11-08 09:30,0.176431
2025-11-08 09:45,0.192417
2025-11-08 10:00,0.220254
2025-11-08 10:15,0.265588
2025-11-08 10:30,0.268373
2025-11-08 10:45,0.320502
2025-11-08 11:00,0.31909
2025-11-08 11:15,0.310088
2025-11-08 11:30,0.30668
2025-11-08 11:45,0.297103
2025-11-08 12:00,0.373291
2025-11-08 12:15,0.352752
2025-11-08 12:30,0.314031
2025-11-08 12:45,0.351429
2025-11-08 13:00,0.336334
2025-11-08 13:15,0.337158
2025-11-08 13:30,0.34187
2025-11-08 13:45,0.359107
2025-11-08 14:00,0.333739
2025-11-08 14:15,0.392719
2025-11-08 14:30,0.372132
2025-11-08 14:45,0.342969
2025-11-08 15:00,0.347703
2025-11-08 15:15,0.327137
2025-11-08 15:30,0.324888
2025-11-08 15:45,0.3314
2025-11-08 16:00,0.362752
2025-11-08 16:15,0.33859
2025-11-08 16:30,0.340722
2025-11-08 16:45,0.325795
2025-11-08 17:00,0.325453
2025-11-08 17:15,0.367086
2025-11-08 17:30,0.330217
2025-11-08 17:45,0.307391
2025-11-08 18:00,0.358592
2025-11-08 18:15,0.410417
2025-11-08 18:30,0.434609
2025-11-08 18:45,0.402713
2025-11-08 19:00,0.394961
2025-11-08 19:15,0.409322
2025-11-08 19:30,0.384529
2025-11-08 19:45,0.421796
2025-11-08 20:00,0.370723
2025-11-08 20:15,0.394425
2025-11-08 20:30,0.388123
2025-11-08 20:45,0.400157
2025-11-08 21:00,0.405445
2025-11-08 21:15,0.429125
2025-11-08 21:30,0.416889
2025-11-08 21:45,0.450472
2025-11-08 22:00,0.421996
2025-11-08 22:15,0.44232
2025-11-08 22:30,0.3969
2025-11-08 22:45,0.413152
2025-11-08 23:00,0.467849
2025-11-08 23:15,0.473946
2025-11-08 23:30,0.545859
2025-11-08 23:45,0.582516
2025-11-09 00:00,0.678056
2025-11-09 00:15,0.677542
2025-11-09 00:30,0.681253
2025-11-09 00:45,0.684235
2025-11-09 01:00,0.683794
2025-11-09 01:15,0.644507
2025-11-09 01:30,0.626959
2025-11-09 01:45,0.708671
2025-11-09 02:00,0.634107
2025-11-09 02:15,0.679848
2025-11-09 02:30,0.652081
2025-11-09 02:45,0.600532
2025-11-09 03:00,0.56796
2025-11-09 03:15,0.535295
2025-11-09 03:30,0.545433
2025-11-09 03:45,0.492321
2025-11-09 04:00,0.472047
2025-11-09 04:15,0.437712
2025-11-09 04:30,0.420784
2025-11-09 04:45,0.407713
2025-11-09 05:00,0.393251
2025-11-09 05:15,0.313987
2025-11-09 05:30,0.308891
2025-11-09 05:45,0.297308
2025-11-09 06:00,0.320392
2025-11-09 06:15,0.255551
2025-11-09 06:30,0.246534
2025-11-09 06:45,0.25614
2025-11-09 07:00,0.245982
2025-11-09 07:15,0.198275
2025-11-09 07:30,0.204388
2025-11-09 07:45,0.19106
2025-11-09 08:00,0.189938
2025-11-09 08:15,0.185437
2025-11-09 08:30,0.196838
2025-11-09 08:45,0.179395
2025-11-09 09:00,0.169468
2025-11-09 09:15,0.170396
2025-11-09 09:30,0.188243
2025-11-09 09:45,0.190286
2025-11-09 10:00,0.156727
2025-11-09 10:15,0.194816
2025-11-09 10:30,0.225859
2025-11-09 10:45,0.21646
2025-11-09 11:00,0.233444
2025-11-09 11:15,0.240423
2025-11-09 11:30,0.270742
2025-11-09 11:45,0.277271
2025-11-09 12:00,0.321816
2025-11-09 12:15,0.353566
2025-11-09 12:30,0.336368
2025-11-09 12:45,0.31306
2025-11-09 13:00,0.332704
2025-11-09 13:15,0.3632
2025-11-09 13:30,0.353574
2025-11-09 13:45,0.394182
2025-11-09 14:00,0.406629
2025-11-09 14:15,0.41461
2025-11-09 14:30,0.377399
2025-11-09 14:45,0.36728
2025-11-09 15:00,0.340922
2025-11-09 15:15,0.40277
2025-11-09 15:30,0.395863
2025-11-09 15:45,0.428436
2025-11-09 16:00,0.401756
2025-11-09 16:15,0.389359
2025-11-09 16:30,0.458349
2025-11-09 16:45,0.405058
2025-11-09 17:00,0.499259
2025-11-09 17:15,0.411217
2025-11-09 17:30,0.449574
2025-11-09 17:45,0.406788
2025-11-09 18:00,0.471216
2025-11-09 18:15,0.415493
2025-11-09 18:30,0.409908
2025-11-09 18:45,0.475619
2025-11-09 19:00,0.440403
2025-11-09 19:15,0.460085
2025-11-09 19:30,0.446569
2025-11-09 19:45,0.467686
2025-11-09 20:00,0.591054
2025-11-09 20:15,0.513251
2025-11-09 20:30,0.513645
2025-11-09 20:45,0.465096
2025-11-09 21:00,0.506818
2025-11-09 21:15,0.493076
2025-11-09 21:30,0.518268
2025-11-09 21:45,0.536321
2025-11-09 22:00,0.53895
2025-11-09 22:15,0.522399
2025-11-09 22:30,0.499178
2025-11-09 22:45,0.510286
2025-11-09 23:00,0.55568
2025-11-09 23:15,0.624279
2025-11-09 23:30,0.613346
2025-11-09 23:45,0.598783
2025-11-10 00:00,0.676162
2025-11-10 00:15,0.748964
2025-11-10 00:30,0.748167
2025-11-10 00:45,0.716442
2025-11-10 01:00,0.681784
2025-11-10 01:15,0.603163
2025-11-10 01:30,0.681856
2025-11-10 01:45,0.59912
2025-11-10 02:00,0.636944
2025-11-10 02:15,0.596237
2025-11-10 02:30,0.62845
2025-11-10 02:45,0.559011
2025-11-10 03:00,0.605884
2025-11-10 03:15,0.525342
2025-11-10 03:30,0.511136
2025-11-10 03:45,0.493613
2025-11-10 04:00,0.453338
2025-11-10 04:15,0.413563
2025-11-10 04:30,0.393849
2025-11-10 04:45,0.397809
2025-11-10 05:00,0.389524
2025-11-10 05:15,0.306011
2025-11-10 05:30,0.27351
2025-11-10 05:45,0.247414
2025-11-10 06:00,0.245534
2025-11-10 06:15,0.212144
2025-11-10 06:30,0.231419
2025-11-10 06:45,0.205165
2025-11-10 07:00,0.205653
2025-11-10 07:15,0.211058
2025-11-10 07:30,0.160962
2025-11-10 07:45,0.162264
2025-11-10 08:00,0.161511
2025-11-10 08:15,0.160184
2025-11-10 08:30,0.161133
2025-11-10 08:45,0.142294
2025-11-10 09:00,0.164529
2025-11-10 09:15,0.211086
2025-11-10 09:30,0.210348
2025-11-10 09:45,0.207565
2025-11-10 10:00,0.211686
2025-11-10 10:15,0.226394
2025-11-10 10:30,0.270157
2025-11-10 10:45,0.307243
2025-11-10 11:00,0.353666
2025-11-10 11:15,0.335974
2025-11-10 11:30,0.337995
2025-11-10 11:45,0.375382
2025-11-10 12:00,0.361218
2025-11-10 12:15,0.383157
2025-11-10 12:30,0.357785
2025-11-10 12:45,0.348558
2025-11-10 13:00,0.339076
2025-11-10 13:15,0.292543
2025-11-10 13:30,0.309986
2025-11-10 13:45,0.320374
2025-11-10 14:00,0.275288
2025-11-10 14:15,0.293259
2025-11-10 14:30,0.267452
2025-11-10 14:45,0.323162
2025-11-10 15:00,0.304223
2025-11-10 15:15,0.318429
2025-11-10 15:30,0.339267
2025-11-10 15:45,0.3006
2025-11-10 16:00,0.294032
2025-11-10 16:15,0.297663
2025-11-10 16:30,0.311005
2025-11-10 16:45,0.309589
2025-11-10 17:00,0.336184
2025-11-10 17:15,0.307771
2025-11-10 17:30,0.348256
2025-11-10 17:45,0.418089
2025-11-10 18:00,0.383268
2025-11-10 18:15,0.341968
2025-11-10 18:30,0.394046
2025-11-10 18:45,0.454896
2025-11-10 19:00,0.468938
2025-11-10 19:15,0.535104
2025-11-10 19:30,0.457117
2025-11-10 19:45,0.408906
2025-11-10 20:00,0.376241
2025-11-10 20:15,0.402373
2025-11-10 20:30,0.363444
2025-11-10 20:45,0.42514
2025-11-10 21:00,0.381139
2025-11-10 21:15,0.425642
2025-11-10 21:30,0.40724
2025-11-10 21:45,0.452146
2025-11-10 22:00,0.479957
2025-11-10 22:15,0.454646
2025-11-10 22:30,0.514497
2025-11-10 22:45,0.517705
2025-11-10 23:00,0.487603
2025-11-10 23:15,0.52327
2025-11-10 23:30,0.598656
2025-11-10 23:45,0.635465
2025-11-11 00:00,0.797129
2025-11-11 00:15,0.867667
2025-11-11 00:30,0.782826
2025-11-11 00:45,0.745675
2025-11-11 01:00,0.767251
2025-11-11 01:15,0.766375
2025-11-11 01:30,0.759327
2025-11-11 01:45,0.756359
2025-11-11 02:00,0.763219
2025-11-11 02:15,0.61096
2025-11-11 02:30,0.605426
2025-11-11 02:45,0.579441
2025-11-11 03:00,0.514624
2025-11-11 03:15,0.468563
2025-11-11 03:30,0.510259
2025-11-11 03:45,0.428516
2025-11-11 04:00,0.402839
2025-11-11 04:15,0.410662
2025-11-11 04:30,0.34253
2025-11-11 04:45,0.339939
2025-11-11 05:00,0.297858
2025-11-11 05:15,0.29146
2025-11-11 05:30,0.277009
2025-11-11 05:45,0.232525
2025-11-11 06:00,0.234893
2025-11-11 06:15,0.220792
2025-11-11 06:30,0.180267
2025-11-11 06:45,0.195379
2025-11-11 07:00,0.21351
2025-11-11 07:15,0.189361
2025-11-11 07:30,0.181153
2025-11-11 07:45,0.190856
2025-11-11 08:00,0.181564
2025-11-11 08:15,0.233816
2025-11-11 08:30,0.184658
2025-11-11 08:45,0.171168
2025-11-11 09:00,0.195903
2025-11-11 09:15,0.178599
2025-11-11 09:30,0.181037
2025-11-11 09:45,0.217954
2025-11-11 10:00,0.219368
2025-11-11 10:15,0.242643
2025-11-11 10:30,0.315633
2025-11-11 10:45,0.292951
2025-11-11 11:00,0.331339
2025-11-11 11:15,0.32779
2025-11-11 11:30,0.411984
2025-11-11 11:45,0.395472
2025-11-11 12:00,0.515182
2025-11-11 12:15,0.486008
2025-11-11 12:30,0.414172
2025-11-11 12:45,0.396844
2025-11-11 13:00,0.396483
2025-11-11 13:15,0.365589
2025-11-11 13:30,0.326038
2025-11-11 13:45,0.36597
2025-11-11 14:00,0.335238
2025-11-11 14:15,0.361612
2025-11-11 14:30,0.437395
2025-11-11 14:45,0.451278
2025-11-11 15:00,0.393387
2025-11-11 15:15,0.419661
2025-11-11 15:30,0.432994
2025-11-11 15:45,0.447607
2025-11-11 16:00,0.417124
2025-11-11 16:15,0.476451
2025-11-11 16:30,0.441067
2025-11-11 16:45,0.501737
2025-11-11 17:00,0.485017
2025-11-11 17:15,0.523192
2025-11-11 17:30,0.513772
2025-11-11 17:45,0.561537
2025-11-11 18:00,0.515772
2025-11-11 18:15,0.576694
2025-11-11 18:30,0.61362
2025-11-11 18:45,0.600328
2025-11-11 19:00,0.650781
2025-11-11 19:15,0.513232
2025-11-11 19:30,0.602677
2025-11-11 19:45,0.533946
2025-11-11 20:00,0.570127
2025-11-11 20:15,0.62997
2025-11-11 20:30,0.532321
2025-11-11 20:45,0.551956
2025-11-11 21:00,0.561741
2025-11-11 21:15,0.576488
2025-11-11 21:30,0.498899
2025-11-11 21:45,0.634914
2025-11-11 22:00,0.646297
2025-11-11 22:15,0.543492
2025-11-11 22:30,0.642637
2025-11-11 22:45,0.59896
2025-11-11 23:00,0.573988
2025-11-11 23:15,0.594103
2025-11-11 23:30,0.600958
2025-11-11 23:45,0.745958
2025-11-12 00:00,1.0
2025-11-12 00:00,0.584151
2025-11-12 00:15,0.603128
2025-11-12 00:30,0.526762
2025-11-12 00:45,0.487324
2025-11-12 01:00,0.450126
2025-11-12 01:15,0.445216
2025-11-12 01:30,0.541181
2025-11-12 01:45,0.471974
2025-11-12 02:00,0.396064
2025-11-12 02:15,0.410768
2025-11-12 02:30,0.369455
2025-11-12 02:45,0.369699
2025-11-12 03:00,0.350024
2025-11-12 03:15,0.336116
2025-11-12 03:30,0.321079
2025-11-12 03:45,0.306529
2025-11-12 04:00,0.296588
2025-11-12 04:15,0.356184
2025-11-12 04:30,0.289415
2025-11-12 04:45,0.22835
2025-11-12 05:00,0.242395
2025-11-12 05:15,0.187483
2025-11-12 05:30,0.162048
2025-11-12 05:45,0.185328
2025-11-12 06:00,0.180645
2025-11-12 06:15,0.236361
2025-11-12 06:30,0.165641
2025-11-12 06:45,0.128846
2025-11-12 07:00,0.149311
2025-11-12 07:15,0.119403
2025-11-12 07:30,0.111403
2025-11-12 07:45,0.103022
2025-11-12 08:00,0.123046
2025-11-12 08:15,0.104078
2025-11-12 08:30,0.102958
2025-11-12 08:45,0.113768
2025-11-12 09:00,0.101063
2025-11-12 09:15,0.108067
2025-11-12 09:30,0.123239
2025-11-12 09:45,0.127415
2025-11-12 10:00,0.155838
2025-11-12 10:15,0.166633
2025-11-12 10:30,0.171716
2025-11-12 10:45,0.196603
2025-11-12 11:00,0.249883
2025-11-12 11:15,0.291489
2025-11-12 11:30,0.286383
2025-11-12 11:45,0.376062
2025-11-12 12:00,0.368027
2025-11-12 12:15,0.359239
2025-11-12 12:30,0.298268
2025-11-12 12:45,0.291698
2025-11-12 13:00,0.279479
2025-11-12 13:15,0.296052
2025-11-12 13:30,0.248302
2025-11-12 13:45,0.263983
2025-11-12 14:00,0.297925
2025-11-12 14:15,0.302799
2025-11-12 14:30,0.350211
2025-11-12 14:45,0.275821
2025-11-12 15:00,0.286626
2025-11-12 15:15,0.260781
2025-11-12 15:30,0.285909
2025-11-12 15:45,0.262655
2025-11-12 16:00,0.273562
2025-11-12 16:15,0.275978
2025-11-12 16:30,0.287232
2025-11-12 16:45,0.282936
2025-11-12 17:00,0.272622
2025-11-12 17:15,0.283443
2025-11-12 17:30,0.298333
2025-11-12 17:45,0.295757
2025-11-12 18:00,0.318993
2025-11-12 18:15,0.319951
2025-11-12 18:30,0.318337
2025-11-12 18:45,0.321052
2025-11-12 19:00,0.333959
2025-11-12 19:15,0.376093
2025-11-12 19:30,0.381961
2025-11-12 19:45,0.332948
2025-11-12 20:00,0.322418
2025-11-12 20:15,0.359849
2025-11-12 20:30,0.332673
2025-11-12 20:45,0.305897
2025-11-12 21:00,0.292328
2025-11-12 21:15,0.283225
2025-11-12 21:30,0.289844
2025-11-12 21:45,0.289075
2025-11-12 22:00,0.308999
2025-11-12 22:15,0.322712
2025-11-12 22:30,0.333314
2025-11-12 22:45,0.357852
2025-11-12 23:00,0.430704
2025-11-12 23:15,0.372619
2025-11-12 23:30,0.374762
2025-11-12 23:45,0.404757
2025-11-13 00:00,0.528035
2025-11-13 00:15,0.528139
2025-11-13 00:30,0.490618
2025-11-13 00:45,0.497223
2025-11-13 01:00,0.458972
2025-11-13 01:15,0.423684
2025-11-13 01:30,0.436072
2025-11-13 01:45,0.420064
2025-11-13 02:00,0.402082
2025-11-13 02:15,0.434496
2025-11-13 02:30,0.373169
2025-11-13 02:45,0.392937
2025-11-13 03:00,0.496397
2025-11-13 03:15,0.350837
2025-11-13 03:30,0.310585
2025-11-13 03:45,0.307471
2025-11-13 04:00,0.264444
2025-11-13 04:15,0.28957
2025-11-13 04:30,0.311554
2025-11-13 04:45,0.217161
2025-11-13 05:00,0.20395
2025-11-13 05:15,0.197481
2025-11-13 05:30,0.169366
2025-11-13 05:45,0.173683
2025-11-13 06:00,0.150104
2025-11-13 06:15,0.156617
2025-11-13 06:30,0.144146
2025-11-13 06:45,0.131191
2025-11-13 07:00,0.153341
2025-11-13 07:15,0.149146
2025-11-13 07:30,0.126771
2025-11-13 07:45,0.129923
2025-11-13 08:00,0.105221
2025-11-13 08:15,0.110216
2025-11-13 08:30,0.104491
2025-11-13 08:45,0.119987
2025-11-13 09:00,0.116679
2025-11-13 09:15,0.122268
2025-11-13 09:30,0.141513
2025-11-13 09:45,0.143328
2025-11-13 10:00,0.179878
2025-11-13 10:15,0.171871
2025-11-13 10:30,0.204617
2025-11-13 10:45,0.218247
2025-11-13 11:00,0.247928
2025-11-13 11:15,0.273351
2025-11-13 11:30,0.302266
2025-11-13 11:45,0.369201
2025-11-13 12:00,0.328474
2025-11-13 12:15,0.366806
2025-11-13 12:30,0.288685
2025-11-13 12:45,0.343386
2025-11-13 13:00,0.290661
2025-11-13 13:15,0.280649
2025-11-13 13:30,0.2767
2025-11-13 13:45,0.283964
2025-11-13 14:00,0.247433
2025-11-13 14:15,0.265987
2025-11-13 14:30,0.266141
2025-11-13 14:45,0.251096
2025-11-13 15:00,0.25562
2025-11-13 15:15,0.251963
2025-11-13 15:30,0.238749
2025-11-13 15:45,0.27333
2025-11-13 16:00,0.25409
2025-11-13 16:15,0.253648
2025-11-13 16:30,0.298942
2025-11-13 16:45,0.255052
2025-11-13 17:00,0.287758
2025-11-13 17:15,0.291333
2025-11-13 17:30,0.311981
2025-11-13 17:45,0.299185
2025-11-13 18:00,0.261677
2025-11-13 18:15,0.271244
2025-11-13 18:30,0.274314
2025-11-13 18:45,0.282661
2025-11-13 19:00,0.284889
2025-11-13 19:15,0.323749
2025-11-13 19:30,0.294359
2025-11-13 19:45,0.309547
2025-11-13 20:00,0.324924
2025-11-13 20:15,0.31905
2025-11-13 20:30,0.299161
2025-11-13 20:45,0.309454
2025-11-13 21:00,0.282392
2025-11-13 21:15,0.301655
2025-11-13 21:30,0.315329
2025-11-13 21:45,0.313874
2025-11-13 22:00,0.312031
2025-11-13 22:15,0.298753
2025-11-13 22:30,0.318298
2025-11-13 22:45,0.346645
2025-11-13 23:00,0.356441
2025-11-13 23:15,0.358356
2025-11-13 23:30,0.393026
2025-11-13 23:45,0.405676
2025-11-14 00:00,0.534356
2025-11-14 00:15,0.616835
2025-11-14 00:30,0.527477
2025-11-14 00:45,0.516013
2025-11-14 01:00,0.501004
2025-11-14 01:15,0.485165
2025-11-14 01:30,0.482189
2025-11-14 01:45,0.465831
2025-11-14 02:00,0.430833
2025-11-14 02:15,0.420607
2025-11-14 02:30,0.371158
2025-11-14 02:45,0.345747
2025-11-14 03:00,0.332056
2025-11-14 03:15,0.353394
2025-11-14 03:30,0.32343
2025-11-14 03:45,0.315587
2025-11-14 04:00,0.327851
2025-11-14 04:15,0.290719
2025-11-14 04:30,0.250949
2025-11-14 04:45,0.243632
2025-11-14 05:00,0.233543
2025-11-14 05:15,0.228217
2025-11-14 05:30,0.217682
2025-11-14 05:45,0.190303
2025-11-14 06:00,0.17056
2025-11-14 06:15,0.136833
2025-11-14 06:30,0.149531
2025-11-14 06:45,0.160922
2025-11-14 07:00,0.141474
2025-11-14 07:15,0.149065
2025-11-14 07:30,0.102702
2025-11-14 07:45,0.123365
2025-11-14 08:00,0.099765
2025-11-14 08:15,0.09567
2025-11-14 08:30,0.094648
2025-11-14 08:45,0.103822
2025-11-14 09:00,0.104568
2025-11-14 09:15,0.124631
2025-11-14 09:30,0.142415
2025-11-14 09:45,0.160241
2025-11-14 10:00,0.16848
2025-11-14 10:15,0.174171
2025-11-14 10:30,0.172522
2025-11-14 10:45,0.190112
2025-11-14 11:00,0.230549
2025-11-14 11:15,0.225376
2025-11-14 11:30,0.249403
2025-11-14 11:45,0.284403
2025-11-14 12:00,0.258919
2025-11-14 12:15,0.272635
2025-11-14 12:30,0.276195
2025-11-14 12:45,0.284484
2025-11-14 13:00,0.260503
2025-11-14 13:15,0.256036
2025-11-14 13:30,0.240909
2025-11-14 13:45,0.225678
2025-11-14 14:00,0.21459
2025-11-14 14:15,0.201313
2025-11-14 14:30,0.22583
2025-11-14 14:45,0.208841
2025-11-14 15:00,0.227123
2025-11-14 15:15,0.238073
2025-11-14 15:30,0.231562
2025-11-14 15:45,0.236679
2025-11-14 16:00,0.251112
2025-11-14 16:15,0.290836
2025-11-14 16:30,0.246914
2025-11-14 16:45,0.251695
2025-11-14 17:00,0.253392
2025-11-14 17:15,0.244419
2025-11-14 17:30,0.251908
2025-11-14 17:45,0.281933
2025-11-14 18:00,0.261008
2025-11-14 18:15,0.271695
2025-11-14 18:30,0.280694
2025-11-14 18:45,0.300624
2025-11-14 19:00,0.266572
2025-11-14 19:15,0.269174
2025-11-14 19:30,0.258319
2025-11-14 19:45,0.311921
2025-11-14 20:00,0.256468
2025-11-14 20:15,0.270562
2025-11-14 20:30,0.298537
2025-11-14 20:45,0.25287
2025-11-14 21:00,0.255226
2025-11-14 21:15,0.284721
2025-11-14 21:30,0.27549
2025-11-14 21:45,0.275486
2025-11-14 22:00,0.292697
2025-11-14 22:15,0.298611
2025-11-14 22:30,0.347982
2025-11-14 22:45,0.292833
2025-11-14 23:00,0.290053
2025-11-14 23:15,0.351921
2025-11-14 23:30,0.365374
2025-11-14 23:45,0.413071
2025-11-15 00:00,0.504674
2025-11-15 00:15,0.482433
2025-11-15 00:30,0.490199
2025-11-15 00:45,0.450356
2025-11-15 01:00,0.45803
2025-11-15 01:15,0.445178
2025-11-15 01:30,0.388937
2025-11-15 01:45,0.374669
2025-11-15 02:00,0.391151
2025-11-15 02:15,0.376009
2025-11-15 02:30,0.404837
2025-11-15 02:45,0.349576
2025-11-15 03:00,0.343498
2025-11-15 03:15,0.377045
2025-11-15 03:30,0.305745
2025-11-15 03:45,0.308598
2025-11-15 04:00,0.328942
2025-11-15 04:15,0.264549
2025-11-15 04:30,0.246993
2025-11-15 04:45,0.240733
2025-11-15 05:00,0.265057
2025-11-15 05:15,0.240243
2025-11-15 05:30,0.193649
2025-11-15 05:45,0.192337
2025-11-15 06:00,0.175287
2025-11-15 06:15,0.172359
2025-11-15 06:30,0.171183
2025-11-15 06:45,0.152893
2025-11-15 07:00,0.152282
2025-11-15 07:15,0.14436
2025-11-15 07:30,0.155298
2025-11-15 07:45,0.170167
2025-11-15 08:00,0.126563
2025-11-15 08:15,0.124583
2025-11-15 08:30,0.119354
2025-11-15 08:45,0.125693
2025-11-15 09:00,0.136663
2025-11-15 09:15,0.123403
2025-11-15 09:30,0.117293
2025-11-15 09:45,0.1642
2025-11-15 10:00,0.133217
2025-11-15 10:15,0.137273
2025-11-15 10:30,0.158018
2025-11-15 10:45,0.15766
2025-11-15 11:00,0.195954
2025-11-15 11:15,0.195345
2025-11-15 11:30,0.234978
2025-11-15 11:45,0.213737
2025-11-15 12:00,0.238343
2025-11-15 12:15,0.252402
2025-11-15 12:30,0.259425
2025-11-15 12:45,0.283662
2025-11-15 13:00,0.246856
2025-11-15 13:15,0.257762
2025-11-15 13:30,0.263281
2025-11-15 13:45,0.264358
2025-11-15 14:00,0.26945
2025-11-15 14:15,0.237733
2025-11-15 14:30,0.268365
2025-11-15 14:45,0.275682
2025-11-15 15:00,0.269222
2025-11-15 15:15,0.295982
2025-11-15 15:30,0.264955
2025-11-15 15:45,0.260028
2025-11-15 16:00,0.255046
2025-11-15 16:15,0.246973
2025-11-15 16:30,0.224876
2025-11-15 16:45,0.250062
2025-11-15 17:00,0.24607
2025-11-15 17:15,0.251946
2025-11-15 17:30,0.276548
2025-11-15 17:45,0.254939
2025-11-15 18:00,0.279921
2025-11-15 18:15,0.291742
2025-11-15 18:30,0.259971
2025-11-15 18:45,0.278936
2025-11-15 19:00,0.322986
2025-11-15 19:15,0.282577
2025-11-15 19:30,0.269484
2025-11-15 19:45,0.289844
2025-11-15 20:00,0.306192
2025-11-15 20:15,0.266423
2025-11-15 20:30,0.269894
2025-11-15 20:45,0.267132
2025-11-15 21:00,0.306252
2025-11-15 21:15,0.264494
2025-11-15 21:30,0.258966
2025-11-15 21:45,0.297754
2025-11-15 22:00,0.286312
2025-11-15 22:15,0.308101
2025-11-15 22:30,0.308565
2025-11-15 22:45,0.30551
2025-11-15 23:00,0.339089
2025-11-15 23:15,0.351922
2025-11-15 23:30,0.377958
2025-11-15 23:45,0.375308
2025-11-16 00:00,0.44989
2025-11-16 00:15,0.497412
2025-11-16 00:30,0.504659
2025-11-16 00:45,0.477756
2025-11-16 01:00,0.496228
2025-11-16 01:15,0.441036
2025-11-16 01:30,0.491001
2025-11-16 01:45,0.495599
2025-11-16 02:00,0.473908
2025-11-16 02:15,0.41203
2025-11-16 02:30,0.411816
2025-11-16 02:45,0.458312
2025-11-16 03:00,0.461601
2025-11-16 03:15,0.396826
2025-11-16 03:30,0.385806
2025-11-16 03:45,0.394944
2025-11-16 04:00,0.417872
2025-11-16 04:15,0.366898
2025-11-16 04:30,0.313484
2025-11-16 04:45,0.315499
2025-11-16 05:00,0.276944
2025-11-16 05:15,0.280449
2025-11-16 05:30,0.277831
2025-11-16 05:45,0.241724
2025-11-16 06:00,0.197343
2025-11-16 06:15,0.198441
2025-11-16 06:30,0.196722
2025-11-16 06:45,0.159196
2025-11-16 07:00,0.178972
2025-11-16 07:15,0.164509
2025-11-16 07:30,0.144662
2025-11-16 07:45,0.248264
2025-11-16 08:00,0.130408
2025-11-16 08:15,0.141333
2025-11-16 08:30,0.126751
2025-11-16 08:45,0.125136
2025-11-16 09:00,0.155453
2025-11-16 09:15,0.123106
2025-11-16 09:30,0.134749
2025-11-16 09:45,0.133744
2025-11-16 10:00,0.123875
2025-11-16 10:15,0.148258
2025-11-16 10:30,0.149284
2025-11-16 10:45,0.167571
2025-11-16 11:00,0.19044
2025-11-16 11:15,0.19252
2025-11-16 11:30,0.200689
2025-11-16 11:45,0.219166
2025-11-16 12:00,0.200964
2025-11-16 12:15,0.20745
2025-11-16 12:30,0.219877
2025-11-16 12:45,0.240841
2025-11-16 13:00,0.268799
2025-11-16 13:15,0.270041
2025-11-16 13:30,0.251705
2025-11-16 13:45,0.269068
2025-11-16 14:00,0.279963
2025-11-16 14:15,0.294641
2025-11-16 14:30,0.279656
2025-11-16 14:45,0.251659
2025-11-16 15:00,0.256982
2025-11-16 15:15,0.279927
2025-11-16 15:30,0.254354
2025-11-16 15:45,0.270726
2025-11-16 16:00,0.267933
2025-11-16 16:15,0.268702
2025-11-16 16:30,0.291432
2025-11-16 16:45,0.277842
2025-11-16 17:00,0.297062
2025-11-16 17:15,0.293888
2025-11-16 17:30,0.293825
2025-11-16 17:45,0.277646
2025-11-16 18:00,0.286903
2025-11-16 18:15,0.306571
2025-11-16 18:30,0.349391
2025-11-16 18:45,0.323543
2025-11-16 19:00,0.336965
2025-11-16 19:15,0.31343
2025-11-16 19:30,0.382287
2025-11-16 19:45,0.335395
2025-11-16 20:00,0.351187
2025-11-16 20:15,0.353557
2025-11-16 20:30,0.346436
2025-11-16 20:45,0.329951
2025-11-16 21:00,0.344468
2025-11-16 21:15,0.375958
2025-11-16 21:30,0.414423
2025-11-16 21:45,0.40473
2025-11-16 22:00,0.392722
2025-11-16 22:15,0.385492
2025-11-16 22:30,0.386257
2025-11-16 22:45,0.401786
2025-11-16 23:00,0.361487
2025-11-16 23:15,0.374572
2025-11-16 23:30,0.41835
2025-11-16 23:45,0.473127
2025-11-17 00:00,0.482403
2025-11-17 00:15,0.521234
2025-11-17 00:30,0.537406
2025-11-17 00:45,0.516512
2025-11-17 01:00,0.504903
2025-11-17 01:15,0.466376
2025-11-17 01:30,0.475049
2025-11-17 01:45,0.459597
2025-11-17 02:00,0.399969
2025-11-17 02:15,0.396399
2025-11-17 02:30,0.408916
2025-11-17 02:45,0.392819
2025-11-17 03:00,0.382916
2025-11-17 03:15,0.359515
2025-11-17 03:30,0.331109
2025-11-17 03:45,0.312276
2025-11-17 04:00,0.288645
2025-11-17 04:15,0.275195
2025-11-17 04:30,0.264431
2025-11-17 04:45,0.237043
2025-11-17 05:00,0.237595
2025-11-17 05:15,0.205973
2025-11-17 05:30,0.204594
2025-11-17 05:45,0.207541
2025-11-17 06:00,0.187487
2025-11-17 06:15,0.179335
2025-11-17 06:30,0.147015
2025-11-17 06:45,0.133849
2025-11-17 07:00,0.127658
2025-11-17 07:15,0.128019
2025-11-17 07:30,0.138726
2025-11-17 07:45,0.130375
2025-11-17 08:00,0.121015
2025-11-17 08:15,0.098458
2025-11-17 08:30,0.108249
2025-11-17 08:45,0.103334
2025-11-17 09:00,0.130381
2025-11-17 09:15,0.145662
2025-11-17 09:30,0.140347
2025-11-17 09:45,0.13352
2025-11-17 10:00,0.160394
2025-11-17 10:15,0.173892
2025-11-17 10:30,0.21155
2025-11-17 10:45,0.220683
2025-11-17 11:00,0.245779
2025-11-17 11:15,0.267347
2025-11-17 11:30,0.2713
2025-11-17 11:45,0.272439
2025-11-17 12:00,0.305289
2025-11-17 12:15,0.28412
2025-11-17 12:30,0.295874
2025-11-17 12:45,0.299128
2025-11-17 13:00,0.335238
2025-11-17 13:15,0.328043
2025-11-17 13:30,0.244475
2025-11-17 13:45,0.271166
2025-11-17 14:00,0.257725
2025-11-17 14:15,0.246332
2025-11-17 14:30,0.231737
2025-11-17 14:45,0.245622
2025-11-17 15:00,0.234414
2025-11-17 15:15,0.260943
2025-11-17 15:30,0.249483
2025-11-17 15:45,0.260575
2025-11-17 16:00,0.281358
2025-11-17 16:15,0.252403
2025-11-17 16:30,0.251804
2025-11-17 16:45,0.273527
2025-11-17 17:00,0.269089
2025-11-17 17:15,0.281862
2025-11-17 17:30,0.299677
2025-11-17 17:45,0.274248
2025-11-17 18:00,0.306815
2025-11-17 18:15,0.322727
2025-11-17 18:30,0.303993
2025-11-17 18:45,0.320509
2025-11-17 19:00,0.301434
2025-11-17 19:15,0.368657
2025-11-17 19:30,0.328509
2025-11-17 19:45,0.307935
2025-11-17 20:00,0.330282
2025-11-17 20:15,0.349261
2025-11-17 20:30,0.323498
2025-11-17 20:45,0.341449
2025-11-17 21:00,0.296707
2025-11-17 21:15,0.324989
2025-11-17 21:30,0.292659
2025-11-17 21:45,0.290501
2025-11-17 22:00,0.309927
2025-11-17 22:15,0.313012
2025-11-17 22:30,0.333836
2025-11-17 22:45,0.318735
2025-11-17 23:00,0.352796
2025-11-17 23:15,0.376803
2025-11-17 23:30,0.366271
2025-11-17 23:45,0.422658
2025-11-18 00:00,0.519662
2025-11-18 00:15,0.534553
2025-11-18 00:30,0.593524
2025-11-18 00:45,0.54345
2025-11-18 01:00,0.499947
2025-11-18 01:15,0.494902
2025-11-18 01:30,0.508078
2025-11-18 01:45,0.464329
2025-11-18 02:00,0.449958
2025-11-18 02:15,0.42893
2025-11-18 02:30,0.393867
2025-11-18 02:45,0.43685
2025-11-18 03:00,0.352363
2025-11-18 03:15,0.36567
2025-11-18 03:30,0.339001
2025-11-18 03:45,0.331497
2025-11-18 04:00,0.293533
2025-11-18 04:15,0.249937
2025-11-18 04:30,0.246815
2025-11-18 04:45,0.228815
2025-11-18 05:00,0.220441
2025-11-18 05:15,0.192646
2025-11-18 05:30,0.174181
2025-11-18 05:45,0.189215
2025-11-18 06:00,0.157569
2025-11-18 06:15,0.196273
2025-11-18 06:30,0.14153
2025-11-18 06:45,0.16348
2025-11-18 07:00,0.131699
2025-11-18 07:15,0.116263
2025-11-18 07:30,0.124219
2025-11-18 07:45,0.113255
2025-11-18 08:00,0.133651
2025-11-18 08:15,0.11878
2025-11-18 08:30,0.123032
2025-11-18 08:45,0.122389
2025-11-18 09:00,0.125419
2025-11-18 09:15,0.145757
2025-11-18 09:30,0.123597
2025-11-18 09:45,0.0836
2025-11-18 10:00,0.006538
2025-11-18 10:15,0.006531
2025-11-18 10:30,0.010187
2025-11-18 10:45,0.013576
2025-11-18 11:00,0.006587
2025-11-18 11:15,0.008812
2025-11-18 11:30,0.009924
2025-11-18 11:45,0.013629
2025-11-18 12:00,0.013261
2025-11-18 12:15,0.010706
2025-11-18 12:30,0.117098
2025-11-18 12:45,0.193575
2025-11-18 13:00,0.207685
2025-11-18 13:15,0.155491
2025-11-18 13:30,0.142494
2025-11-18 13:45,0.149849
2025-11-18 14:00,0.12973
2025-11-18 14:15,0.134611
2025-11-18 14:30,0.172151
2025-11-18 14:45,0.203446
2025-11-18 15:00,0.201116
2025-11-18 15:15,0.210394
2025-11-18 15:30,0.214572
2025-11-18 15:45,0.218954
2025-11-18 16:00,0.202418
2025-11-18 16:15,0.209986
2025-11-18 16:30,0.216268
2025-11-18 16:45,0.219411
2025-11-18 17:00,0.308788
2025-11-18 17:15,0.269112
2025-11-18 17:30,0.296751
2025-11-18 17:45,0.272095
2025-11-18 18:00,0.246129
2025-11-18 18:15,0.268798
2025-11-18 18:30,0.265851
2025-11-18 18:45,0.278745
2025-11-18 19:00,0.250938
2025-11-18 19:15,0.279962
2025-11-18 19:30,0.245416
2025-11-18 19:45,0.256319
2025-11-18 20:00,0.258827
2025-11-18 20:15,0.250445
2025-11-18 20:30,0.273044
2025-11-18 20:45,0.261211
2025-11-18 21:00,0.258601
2025-11-18 21:15,0.285511
2025-11-18 21:30,0.252416
2025-11-18 21:45,0.308783
2025-11-18 22:00,0.280719
2025-11-18 22:15,0.290165
2025-11-18 22:30,0.364289
2025-11-18 22:45,0.414429
2025-11-18 23:00,0.500219
2025-11-18 23:15,0.530252
2025-11-18 23:30,0.584769
2025-11-18 23:45,0.768731
2025-11-19 00:00,1.0
2025-11-19 00:00,0.289754
2025-11-19 00:15,0.28964
2025-11-19 00:30,0.384263
2025-11-19 00:45,0.561995
2025-11-19 01:00,0.585114
2025-11-19 01:15,0.677474
2025-11-19 01:30,0.693792
2025-11-19 01:45,0.649296
2025-11-19 02:00,0.781547
2025-11-19 02:15,0.870188
2025-11-19 02:30,0.868035
2025-11-19 02:45,1.0
2025-11-19 03:00,0.837728
2025-11-19 03:15,0.267345
2025-11-19 03:30,0.180889
2025-11-19 03:45,0.153675
2025-11-19 04:00,0.115313
2025-11-19 04:15,0.097388
2025-11-19 04:30,0.089788
2025-11-19 04:45,0.08515
2025-11-19 05:00,0.07674
2025-11-19 05:15,0.064271
2025-11-19 05:30,0.061392
2025-11-19 05:45,0.052267
2025-11-19 06:00,0.04677
2025-11-19 06:15,0.053672
2025-11-19 06:30,0.044387
2025-11-19 06:45,0.044672
2025-11-19 07:00,0.037662
2025-11-19 07:15,0.03904
2025-11-19 07:30,0.032759
2025-11-19 07:45,0.037239
2025-11-19 08:00,0.03243
2025-11-19 08:15,0.03599
2025-11-19 08:30,0.033626
2025-11-19 08:45,0.033365
2025-11-19 09:00,0.03387
2025-11-19 09:15,0.035221
2025-11-19 09:30,0.037529
2025-11-19 09:45,0.041493
2025-11-19 10:00,0.041403
2025-11-19 10:15,0.045422
2025-11-19 10:30,0.04872
2025-11-19 10:45,0.060478
2025-11-19 11:00,0.06248
2025-11-19 11:15,0.071296
2025-11-19 11:30,0.074449
2025-11-19 11:45,0.079284
2025-11-19 12:00,0.075496
2025-11-19 12:15,0.074275
2025-11-19 12:30,0.070983
2025-11-19 12:45,0.072861
2025-11-19 13:00,0.07223
2025-11-19 13:15,0.073936
2025-11-19 13:30,0.075897
2025-11-19 13:45,0.074049
2025-11-19 14:00,0.079716
2025-11-19 14:15,0.063681
2025-11-19 14:30,0.062873
2025-11-19 14:45,0.066769
2025-11-19 15:00,0.069034
2025-11-19 15:15,0.068738
2025-11-19 15:30,0.068088
2025-11-19 15:45,0.066737
2025-11-19 16:00,0.070748
2025-11-19 16:15,0.070783
2025-11-19 16:30,0.079528
2025-11-19 16:45,0.083264
2025-11-19 17:00,0.085344
2025-11-19 17:15,0.108013
2025-11-19 17:30,0.088831
2025-11-19 17:45,0.086528
2025-11-19 18:00,0.088469
2025-11-19 18:15,0.097757
2025-11-19 18:30,0.092734
2025-11-19 18:45,0.101533
2025-11-19 19:00,0.11078
2025-11-19 19:15,0.096413
2025-11-19 19:30,0.105583
2025-11-19 19:45,0.137584
2025-11-19 20:00,0.150684
2025-11-19 20:15,0.188553
2025-11-19 20:30,0.18181
2025-11-19 20:45,0.149335
2025-11-19 21:00,0.178776
2025-11-19 21:15,0.173133
2025-11-19 21:30,0.175963
2025-11-19 21:45,0.180601
2025-11-19 22:00,0.169335
2025-11-19 22:15,0.150888
2025-11-19 22:30,0.157834
2025-11-19 22:45,0.159619
2025-11-19 23:00,0.166016
2025-11-19 23:15,0.176984
2025-11-19 23:30,0.19108
2025-11-19 23:45,0.201974
2025-11-20 00:00,0.213896
2025-11-20 00:15,0.238985
2025-11-20 00:30,0.256966
2025-11-20 00:45,0.28631
2025-11-20 01:00,0.252237
2025-11-20 01:15,0.277702
2025-11-20 01:30,0.226014
2025-11-20 01:45,0.219848
2025-11-20 02:00,0.225147
2025-11-20 02:15,0.204824
2025-11-20 02:30,0.159928
2025-11-20 02:45,0.151624
2025-11-20 03:00,0.119693
2025-11-20 03:15,0.115221
2025-11-20 03:30,0.104046
2025-11-20 03:45,0.098482
2025-11-20 04:00,0.073059
2025-11-20 04:15,0.070901
2025-11-20 04:30,0.059747
2025-11-20 04:45,0.065283
2025-11-20 05:00,0.052494
2025-11-20 05:15,0.050066
2025-11-20 05:30,0.044313
2025-11-20 05:45,0.043042
2025-11-20 06:00,0.038489
2025-11-20 06:15,0.034632
2025-11-20 06:30,0.03321
2025-11-20 06:45,0.032834
2025-11-20 07:00,0.031539
2025-11-20 07:15,0.03111
2025-11-20 07:30,0.025348
2025-11-20 07:45,0.026482
2025-11-20 08:00,0.024433
2025-11-20 08:15,0.027131
2025-11-20 08:30,0.025556
2025-11-20 08:45,0.027312
2025-11-20 09:00,0.031159
2025-11-20 09:15,0.03414
2025-11-20 09:30,0.033603
2025-11-20 09:45,0.034952
2025-11-20 10:00,0.038141
2025-11-20 10:15,0.040993
2025-11-20 10:30,0.047155
2025-11-20 10:45,0.057521
2025-11-20 11:00,0.066808
2025-11-20 11:15,0.068412
2025-11-20 11:30,0.067324
2025-11-20 11:45,0.064317
2025-11-20 12:00,0.08077
2025-11-20 12:15,0.076035
2025-11-20 12:30,0.070624
2025-11-20 12:45,0.070216
2025-11-20 13:00,0.068227
2025-11-20 13:15,0.066067
2025-11-20 13:30,0.062111
2025-11-20 13:45,0.066632
2025-11-20 14:00,0.058105
2025-11-20 14:15,0.063607
2025-11-20 14:30,0.059696
2025-11-20 14:45,0.058673
2025-11-20 15:00,0.061338
2025-11-20 15:15,0.062076
2025-11-20 15:30,0.065468
2025-11-20 15:45,0.068714
2025-11-20 16:00,0.062823
2025-11-20 16:15,0.070273
2025-11-20 16:30,0.068457
2025-11-20 16:45,0.069859
2025-11-20 17:00,0.06812
2025-11-20 17:15,0.076685
2025-11-20 17:30,0.084016
2025-11-20 17:45,0.090681
2025-11-20 18:00,0.087858
2025-11-20 18:15,0.082937
2025-11-20 18:30,0.081252
2025-11-20 18:45,0.084387
2025-11-20 19:00,0.083486
2025-11-20 19:15,0.08314
2025-11-20 19:30,0.069873
2025-11-20 19:45,0.08296
2025-11-20 20:00,0.079116
2025-11-20 20:15,0.089429
2025-11-20 20:30,0.078801
2025-11-20 20:45,0.07276
2025-11-20 21:00,0.076032
2025-11-20 21:15,0.077749
2025-11-20 21:30,0.084984
2025-11-20 21:45,0.092285
2025-11-20 22:00,0.097128
2025-11-20 22:15,0.085245
2025-11-20 22:30,0.091516
2025-11-20 22:45,0.100163
2025-11-20 23:00,0.099232
2025-11-20 23:15,0.110247
2025-11-20 23:30,0.117524
2025-11-20 23:45,0.112242
2025-11-21 00:00,0.136085
2025-11-21 00:15,0.154075
2025-11-21 00:30,0.187614
2025-11-21 00:45,0.172237
2025-11-21 01:00,0.165454
2025-11-21 01:15,0.132856
2025-11-21 01:30,0.156311
2025-11-21 01:45,0.131255
2025-11-21 02:00,0.122369
2025-11-21 02:15,0.115608
2025-11-21 02:30,0.114271
2025-11-21 02:45,0.111599
2025-11-21 03:00,0.120014
2025-11-21 03:15,0.104969
2025-11-21 03:30,0.09961
2025-11-21 03:45,0.112078
2025-11-21 04:00,0.086289
2025-11-21 04:15,0.075833
2025-11-21 04:30,0.0725
2025-11-21 04:45,0.063196
2025-11-21 05:00,0.06999
2025-11-21 05:15,0.058647
2025-11-21 05:30,0.061381
2025-11-21 05:45,0.055235
2025-11-21 06:00,0.05087
2025-11-21 06:15,0.053749
2025-11-21 06:30,0.045553
2025-11-21 06:45,0.036873
2025-11-21 07:00,0.041483
2025-11-21 07:15,0.037697
2025-11-21 07:30,0.030609
2025-11-21 07:45,0.029959
2025-11-21 08:00,0.033778
2025-11-21 08:15,0.032675
2025-11-21 08:30,0.030689
2025-11-21 08:45,0.032325
2025-11-21 09:00,0.037233
2025-11-21 09:15,0.034102
2025-11-21 09:30,0.044199
2025-11-21 09:45,0.03739
2025-11-21 10:00,0.040445
2025-11-21 10:15,0.048511
2025-11-21 10:30,0.056452
2025-11-21 10:45,0.063634
2025-11-21 11:00,0.071887
2025-11-21 11:15,0.064257
2025-11-21 11:30,0.050725
2025-11-21 11:45,0.07273
2025-11-21 12:00,0.074304
2025-11-21 12:15,0.075773
2025-11-21 12:30,0.076032
2025-11-21 12:45,0.072719
2025-11-21 13:00,0.077474
2025-11-21 13:15,0.070318
2025-11-21 13:30,0.065744
2025-11-21 13:45,0.070945
2025-11-21 14:00,0.065334
2025-11-21 14:15,0.065543
2025-11-21 14:30,0.063918
2025-11-21 14:45,0.066847
2025-11-21 15:00,0.075897
2025-11-21 15:15,0.074556
2025-11-21 15:30,0.066854
2025-11-21 15:45,0.076324
2025-11-21 16:00,0.068892
2025-11-21 16:15,0.061699
2025-11-21 16:30,0.063589
2025-11-21 16:45,0.069866
2025-11-21 17:00,0.071663
2025-11-21 17:15,0.069993
2025-11-21 17:30,0.076045
2025-11-21 17:45,0.072379
2025-11-21 18:00,0.081152
2025-11-21 18:15,0.087034
2025-11-21 18:30,0.090641
2025-11-21 18:45,0.079887
2025-11-21 19:00,0.089263
2025-11-21 19:15,0.10138
2025-11-21 19:30,0.082709
2025-11-21 19:45,0.074875
2025-11-21 20:00,0.093595
2025-11-21 20:15,0.082135
2025-11-21 20:30,0.08803
2025-11-21 20:45,0.077001
2025-11-21 21:00,0.073916
2025-11-21 21:15,0.076677
2025-11-21 21:30,0.074916
2025-11-21 21:45,0.074391
2025-11-21 22:00,0.081908
2025-11-21 22:15,0.091728
2025-11-21 22:30,0.088224
2025-11-21 22:45,0.084674
2025-11-21 23:00,0.099036
2025-11-21 23:15,0.100007
2025-11-21 23:30,0.098242
2025-11-21 23:45,0.108078
2025-11-22 00:00,0.126591
2025-11-22 00:15,0.143341
2025-11-22 00:30,0.135093
2025-11-22 00:45,0.14182
2025-11-22 01:00,0.138486
2025-11-22 01:15,0.110353
2025-11-22 01:30,0.121432
2025-11-22 01:45,0.115695
2025-11-22 02:00,0.120705
2025-11-22 02:15,0.11134
2025-11-22 02:30,0.113433
2025-11-22 02:45,0.099932
2025-11-22 03:00,0.104747
2025-11-22 03:15,0.097261
2025-11-22 03:30,0.099978
2025-11-22 03:45,0.100348
2025-11-22 04:00,0.093534
2025-11-22 04:15,0.08591
2025-11-22 04:30,0.074081
2025-11-22 04:45,0.081727
2025-11-22 05:00,0.07142
2025-11-22 05:15,0.06484
2025-11-22 05:30,0.061231
2025-11-22 05:45,0.060583
2025-11-22 06:00,0.062075
2025-11-22 06:15,0.048086
2025-11-22 06:30,0.044537
2025-11-22 06:45,0.041995
2025-11-22 07:00,0.041799
2025-11-22 07:15,0.03824
2025-11-22 07:30,0.034575
2025-11-22 07:45,0.03177
2025-11-22 08:00,0.032166
2025-11-22 08:15,0.02967
2025-11-22 08:30,0.034104
2025-11-22 08:45,0.029868
2025-11-22 09:00,0.030843
2025-11-22 09:15,0.032857
2025-11-22 09:30,0.03277
2025-11-22 09:45,0.03538
2025-11-22 10:00,0.037012
2025-11-22 10:15,0.03997
2025-11-22 10:30,0.046459
2025-11-22 10:45,0.048512
2025-11-22 11:00,0.045746
2025-11-22 11:15,0.050887
2025-11-22 11:30,0.061478
2025-11-22 11:45,0.059056
2025-11-22 12:00,0.070672
2025-11-22 12:15,0.068585
2025-11-22 12:30,0.066054
2025-11-22 12:45,0.078176
2025-11-22 13:00,0.072943
2025-11-22 13:15,0.068933
2025-11-22 13:30,0.0714
2025-11-22 13:45,0.069633
2025-11-22 14:00,0.074294
2025-11-22 14:15,0.068593
2025-11-22 14:30,0.069208
2025-11-22 14:45,0.06868
2025-11-22 15:00,0.07039
2025-11-22 15:15,0.073421
2025-11-22 15:30,0.08303
2025-11-22 15:45,0.083505
2025-11-22 16:00,0.083861
2025-11-22 16:15,0.0814
2025-11-22 16:30,0.077108
2025-11-22 16:45,0.081526
2025-11-22 17:00,0.094419
2025-11-22 17:15,0.090483
2025-11-22 17:30,0.083018
2025-11-22 17:45,0.086045
2025-11-22 18:00,0.082998
2025-11-22 18:15,0.090539
2025-11-22 18:30,0.085606
2025-11-22 18:45,0.099918
2025-11-22 19:00,0.090128
2025-11-22 19:15,0.091552
2025-11-22 19:30,0.094812
2025-11-22 19:45,0.097285
2025-11-22 20:00,0.097815
2025-11-22 20:15,0.100496
2025-11-22 20:30,0.088671
2025-11-22 20:45,0.084553
2025-11-22 21:00,0.086345
2025-11-22 21:15,0.0838
2025-11-22 21:30,0.083084
2025-11-22 21:45,0.084974
2025-11-22 22:00,0.082655
2025-11-22 22:15,0.10016
2025-11-22 22:30,0.093925
2025-11-22 22:45,0.099649
2025-11-22 23:00,0.096021
2025-11-22 23:15,0.097624
2025-11-22 23:30,0.099484
2025-11-22 23:45,0.11999
2025-11-23 00:00,0.132903
2025-11-23 00:15,0.152056
2025-11-23 00:30,0.131914
2025-11-23 00:45,0.134654
2025-11-23 01:00,0.134498
2025-11-23 01:15,0.125707
2025-11-23 01:30,0.131096
2025-11-23 01:45,0.125752
2025-11-23 02:00,0.135343
2025-11-23 02:15,0.113556
2025-11-23 02:30,0.116519
2025-11-23 02:45,0.115271
2025-11-23 03:00,0.126977
2025-11-23 03:15,0.117182
2025-11-23 03:30,0.116692
2025-11-23 03:45,0.103855
2025-11-23 04:00,0.110445
2025-11-23 04:15,0.109764
2025-11-23 04:30,0.103494
2025-11-23 04:45,0.103073
2025-11-23 05:00,0.09062
2025-11-23 05:15,0.09602
2025-11-23 05:30,0.078198
2025-11-23 05:45,0.075398
2025-11-23 06:00,0.064566
2025-11-23 06:15,0.059345
2025-11-23 06:30,0.048935
2025-11-23 06:45,0.046887
2025-11-23 07:00,0.047451
2025-11-23 07:15,0.044131
2025-11-23 07:30,0.043804
2025-11-23 07:45,0.034766
2025-11-23 08:00,0.032956
2025-11-23 08:15,0.036349
2025-11-23 08:30,0.038999
2025-11-23 08:45,0.031038
2025-11-23 09:00,0.032247
2025-11-23 09:15,0.034061
2025-11-23 09:30,0.035046
2025-11-23 09:45,0.034544
2025-11-23 10:00,0.03305
2025-11-23 10:15,0.038634
2025-11-23 10:30,0.038894
2025-11-23 10:45,0.044057
2025-11-23 11:00,0.050305
2025-11-23 11:15,0.056348
2025-11-23 11:30,0.061442
2025-11-23 11:45,0.077042
2025-11-23 12:00,0.060792
2025-11-23 12:15,0.066252
2025-11-23 12:30,0.077301
2025-11-23 12:45,0.076169
2025-11-23 13:00,0.072965
2025-11-23 13:15,0.072818
2025-11-23 13:30,0.074305
2025-11-23 13:45,0.081259
2025-11-23 14:00,0.078917
2025-11-23 14:15,0.07838
2025-11-23 14:30,0.086128
2025-11-23 14:45,0.085986
2025-11-23 15:00,0.083964
2025-11-23 15:15,0.084103
2025-11-23 15:30,0.080997
2025-11-23 15:45,0.091245
2025-11-23 16:00,0.086151
2025-11-23 16:15,0.082984
2025-11-23 16:30,0.085215
2025-11-23 16:45,0.097316
2025-11-23 17:00,0.09292
2025-11-23 17:15,0.084017
2025-11-23 17:30,0.084783
2025-11-23 17:45,0.078304
2025-11-23 18:00,0.088376
2025-11-23 18:15,0.104163
2025-11-23 18:30,0.091703
2025-11-23 18:45,0.1093
2025-11-23 19:00,0.091518
2025-11-23 19:15,0.101186
2025-11-23 19:30,0.096033
2025-11-23 19:45,0.097619
2025-11-23 20:00,0.097549
2025-11-23 20:15,0.099754
2025-11-23 20:30,0.101022
2025-11-23 20:45,0.105657
2025-11-23 21:00,0.106384
2025-11-23 21:15,0.109019
2025-11-23 21:30,0.106266
2025-11-23 21:45,0.120568
2025-11-23 22:00,0.107061
2025-11-23 22:15,0.107974
2025-11-23 22:30,0.115429
2025-11-23 22:45,0.113024
2025-11-23 23:00,0.10624
2025-11-23 23:15,0.108798
2025-11-23 23:30,0.118147
2025-11-23 23:45,0.139932
2025-11-24 00:00,0.172352
2025-11-24 00:15,0.148649
2025-11-24 00:30,0.166387
2025-11-24 00:45,0.148965
2025-11-24 01:00,0.151384
2025-11-24 01:15,0.137958
2025-11-24 01:30,0.132531
2025-11-24 01:45,0.123982
2025-11-24 02:00,0.12125
2025-11-24 02:15,0.118274
2025-11-24 02:30,0.130421
2025-11-24 02:45,0.117349
2025-11-24 03:00,0.101655
2025-11-24 03:15,0.102281
2025-11-24 03:30,0.094699
2025-11-24 03:45,0.099926
2025-11-24 04:00,0.093561
2025-11-24 04:15,0.086191
2025-11-24 04:30,0.078675
2025-11-24 04:45,0.0706
2025-11-24 05:00,0.071686
2025-11-24 05:15,0.06293
2025-11-24 05:30,0.06462
2025-11-24 05:45,0.053298
2025-11-24 06:00,0.064769
2025-11-24 06:15,0.050059
2025-11-24 06:30,0.046269
2025-11-24 06:45,0.041943
2025-11-24 07:00,0.040061
2025-11-24 07:15,0.039482
2025-11-24 07:30,0.041654
2025-11-24 07:45,0.037248
2025-11-24 08:00,0.035882
2025-11-24 08:15,0.033068
2025-11-24 08:30,0.038887
2025-11-24 08:45,0.038258
2025-11-24 09:00,0.041581
2025-11-24 09:15,0.037016
2025-11-24 09:30,0.044122
2025-11-24 09:45,0.046857
2025-11-24 10:00,0.0544
2025-11-24 10:15,0.054142
2025-11-24 10:30,0.054031
2025-11-24 10:45,0.059607
2025-11-24 11:00,0.064438
2025-11-24 11:15,0.069766
2025-11-24 11:30,0.07938
2025-11-24 11:45,0.080292
2025-11-24 12:00,0.093629
2025-11-24 12:15,0.088908
2025-11-24 12:30,0.082386
2025-11-24 12:45,0.082619
2025-11-24 13:00,0.078857
2025-11-24 13:15,0.081156
2025-11-24 13:30,0.067755
2025-11-24 13:45,0.073265
2025-11-24 14:00,0.069833
2025-11-24 14:15,0.081459
2025-11-24 14:30,0.068888
2025-11-24 14:45,0.063443
2025-11-24 15:00,0.073542
2025-11-24 15:15,0.07439
2025-11-24 15:30,0.068194
2025-11-24 15:45,0.06724
2025-11-24 16:00,0.07085
2025-11-24 16:15,0.074114
2025-11-24 16:30,0.072946
2025-11-24 16:45,0.079549
2025-11-24 17:00,0.078374
2025-11-24 17:15,0.091095
2025-11-24 17:30,0.085595
2025-11-24 17:45,0.081249
2025-11-24 18:00,0.081716
2025-11-24 18:15,0.087354
2025-11-24 18:30,0.091325
2025-11-24 18:45,0.097134
2025-11-24 19:00,0.0975
2025-11-24 19:15,0.09731
2025-11-24 19:30,0.091563
2025-11-24 19:45,0.099302
2025-11-24 20:00,0.095961
2025-11-24 20:15,0.088408
2025-11-24 20:30,0.083395
2025-11-24 20:45,0.083054
2025-11-24 21:00,0.076196
2025-11-24 21:15,0.07888
2025-11-24 21:30,0.084151
2025-11-24 21:45,0.091931
2025-11-24 22:00,0.093467
2025-11-24 22:15,0.10658
2025-11-24 22:30,0.097379
2025-11-24 22:45,0.097419
2025-11-24 23:00,0.107686
2025-11-24 23:15,0.108593
2025-11-24 23:30,0.127975
2025-11-24 23:45,0.142281
2025-11-25 00:00,0.147347
2025-11-25 00:15,0.180373
2025-11-25 00:30,0.152994
2025-11-25 00:45,0.157364
2025-11-25 01:00,0.154784
2025-11-25 01:15,0.156847
2025-11-25 01:30,0.159656
2025-11-25 01:45,0.138342
2025-11-25 02:00,0.123419
2025-11-25 02:15,0.132022
2025-11-25 02:30,0.133862
2025-11-25 02:45,0.132212
2025-11-25 03:00,0.10678
2025-11-25 03:15,0.107388
2025-11-25 03:30,0.096211
2025-11-25 03:45,0.089046
2025-11-25 04:00,0.075212
2025-11-25 04:15,0.077746
2025-11-25 04:30,0.07004
2025-11-25 04:45,0.079879
2025-11-25 05:00,0.060637
2025-11-25 05:15,0.055352
2025-11-25 05:30,0.053345
2025-11-25 05:45,0.046252
2025-11-25 06:00,0.050107
2025-11-25 06:15,0.039935
2025-11-25 06:30,0.036319
2025-11-25 06:45,0.036478
2025-11-25 07:00,0.032642
2025-11-25 07:15,0.028017
2025-11-25 07:30,0.040133
2025-11-25 07:45,0.034359
2025-11-25 08:00,0.027995
2025-11-25 08:15,0.027393
2025-11-25 08:30,0.028031
2025-11-25 08:45,0.031018
2025-11-25 09:00,0.033641
2025-11-25 09:15,0.034403
2025-11-25 09:30,0.036153
2025-11-25 09:45,0.038628
2025-11-25 10:00,0.038621
2025-11-25 10:15,0.047896
2025-11-25 10:30,0.051722
2025-11-25 10:45,0.052677
2025-11-25 11:00,0.051958
2025-11-25 11:15,0.056609
2025-11-25 11:30,0.056789
2025-11-25 11:45,0.066531
2025-11-25 12:00,0.063014
2025-11-25 12:15,0.059016
2025-11-25 12:30,0.0711
2025-11-25 12:45,0.061567
2025-11-25 13:00,0.077535
2025-11-25 13:15,0.060458
2025-11-25 13:30,0.064005
2025-11-25 13:45,0.053677
2025-11-25 14:00,0.056691
2025-11-25 14:15,0.063411
2025-11-25 14:30,0.058705
2025-11-25 14:45,0.057518
2025-11-25 15:00,0.05763
2025-11-25 15:15,0.061149
2025-11-25 15:30,0.06206
2025-11-25 15:45,0.061825
2025-11-25 16:00,0.062529
2025-11-25 16:15,0.061144
2025-11-25 16:30,0.060149
2025-11-25 16:45,0.064045
2025-11-25 17:00,0.061142
2025-11-25 17:15,0.068959
2025-11-25 17:30,0.070243
2025-11-25 17:45,0.069955
2025-11-25 18:00,0.073449
2025-11-25 18:15,0.078874
2025-11-25 18:30,0.088962
2025-11-25 18:45,0.088058
2025-11-25 19:00,0.091901
2025-11-25 19:15,0.09056
2025-11-25 19:30,0.086815
2025-11-25 19:45,0.08868
2025-11-25 20:00,0.082223
2025-11-25 20:15,0.087609
2025-11-25 20:30,0.089891
2025-11-25 20:45,0.083954
2025-11-25 21:00,0.088142
2025-11-25 21:15,0.09566
2025-11-25 21:30,0.092499
2025-11-25 21:45,0.092768
2025-11-25 22:00,0.091491
2025-11-25 22:15,0.089877
2025-11-25 22:30,0.087788
2025-11-25 22:45,0.10167
2025-11-25 23:00,0.099364
2025-11-25 23:15,0.103544
2025-11-25 23:30,0.113237
2025-11-25 23:45,0.130127
2025-11-26 00:00,0.132781
2025-11-26 00:00,0.795255
2025-11-26 00:15,0.802748
2025-11-26 00:30,0.85164
2025-11-26 00:45,0.944563
2025-11-26 01:00,0.837386
2025-11-26 01:15,0.750595
2025-11-26 01:30,0.693544
2025-11-26 01:45,0.7515
2025-11-26 02:00,0.68138
2025-11-26 02:15,0.754626
2025-11-26 02:30,0.682288
2025-11-26 02:45,0.702724
2025-11-26 03:00,0.630987
2025-11-26 03:15,0.578298
2025-11-26 03:30,0.524287
2025-11-26 03:45,0.491227
2025-11-26 04:00,0.478992
2025-11-26 04:15,0.472312
2025-11-26 04:30,0.457611
2025-11-26 04:45,0.401726
2025-11-26 05:00,0.369977
2025-11-26 05:15,0.321445
2025-11-26 05:30,0.317047
2025-11-26 05:45,0.293382
2025-11-26 06:00,0.270807
2025-11-26 06:15,0.26541
2025-11-26 06:30,0.210952
2025-11-26 06:45,0.200751
2025-11-26 07:00,0.20829
2025-11-26 07:15,0.194668
2025-11-26 07:30,0.19091
2025-11-26 07:45,0.186401
2025-11-26 08:00,0.166955
2025-11-26 08:15,0.163688
2025-11-26 08:30,0.196941
2025-11-26 08:45,0.170385
2025-11-26 09:00,0.194412
2025-11-26 09:15,0.215205
2025-11-26 09:30,0.236191
2025-11-26 09:45,0.241002
2025-11-26 10:00,0.242368
2025-11-26 10:15,0.286449
2025-11-26 10:30,0.354647
2025-11-26 10:45,0.315155
2025-11-26 11:00,0.356539
2025-11-26 11:15,0.480838
2025-11-26 11:30,0.49565
2025-11-26 11:45,0.444974
2025-11-26 12:00,0.432361
2025-11-26 12:15,0.444474
2025-11-26 12:30,0.444115
2025-11-26 12:45,0.50288
2025-11-26 13:00,0.464331
2025-11-26 13:15,0.444096
2025-11-26 13:30,0.408579
2025-11-26 13:45,0.472189
2025-11-26 14:00,0.438694
2025-11-26 14:15,0.379296
2025-11-26 14:30,0.408011
2025-11-26 14:45,0.406549
2025-11-26 15:00,0.398599
2025-11-26 15:15,0.370771
2025-11-26 15:30,0.392861
2025-11-26 15:45,0.401589
2025-11-26 16:00,0.390639
2025-11-26 16:15,0.34997
2025-11-26 16:30,0.406804
2025-11-26 16:45,0.397115
2025-11-26 17:00,0.428904
2025-11-26 17:15,0.466687
2025-11-26 17:30,0.434834
2025-11-26 17:45,0.479716
2025-11-26 18:00,0.564571
2025-11-26 18:15,0.598566
2025-11-26 18:30,0.502473
2025-11-26 18:45,0.52543
2025-11-26 19:00,0.545018
2025-11-26 19:15,0.539444
2025-11-26 19:30,0.558352
2025-11-26 19:45,0.484658
2025-11-26 20:00,0.500872
2025-11-26 20:15,0.500353
2025-11-26 20:30,0.520116
2025-11-26 20:45,0.559087
2025-11-26 21:00,0.569377
2025-11-26 21:15,0.502419
2025-11-26 21:30,0.50651
2025-11-26 21:45,0.541861
2025-11-26 22:00,0.53414
2025-11-26 22:15,0.514915
2025-11-26 22:30,0.569717
2025-11-26 22:45,0.515989
2025-11-26 23:00,0.595901
2025-11-26 23:15,0.571429
2025-11-26 23:30,0.635769
2025-11-26 23:45,0.766937
2025-11-27 00:00,0.828803
2025-11-27 00:15,0.814999
2025-11-27 00:30,0.832297
2025-11-27 00:45,0.723612
2025-11-27 01:00,0.842058
2025-11-27 01:15,0.794279
2025-11-27 01:30,0.800025
2025-11-27 01:45,0.730708
2025-11-27 02:00,0.699558
2025-11-27 02:15,0.726044
2025-11-27 02:30,0.677724
2025-11-27 02:45,0.655559
2025-11-27 03:00,0.597683
2025-11-27 03:15,0.661357
2025-11-27 03:30,0.585981
2025-11-27 03:45,0.581555
2025-11-27 04:00,0.489023
2025-11-27 04:15,0.528214
2025-11-27 04:30,0.419169
2025-11-27 04:45,0.452917
2025-11-27 05:00,0.4137
2025-11-27 05:15,0.348863
2025-11-27 05:30,0.292351
2025-11-27 05:45,0.343713
2025-11-27 06:00,0.24916
2025-11-27 06:15,0.227721
2025-11-27 06:30,0.2541
2025-11-27 06:45,0.236229
2025-11-27 07:00,0.215715
2025-11-27 07:15,0.196246
2025-11-27 07:30,0.195067
2025-11-27 07:45,0.20654
2025-11-27 08:00,0.176607
2025-11-27 08:15,0.170007
2025-11-27 08:30,0.168202
2025-11-27 08:45,0.173103
2025-11-27 09:00,0.229313
2025-11-27 09:15,0.199426
2025-11-27 09:30,0.201028
2025-11-27 09:45,0.247926
2025-11-27 10:00,0.2659
2025-11-27 10:15,0.377675
2025-11-27 10:30,0.331058
2025-11-27 10:45,0.36208
2025-11-27 11:00,0.395209
2025-11-27 11:15,0.429907
2025-11-27 11:30,0.45843
2025-11-27 11:45,0.407476
2025-11-27 12:00,0.43139
2025-11-27 12:15,0.453079
2025-11-27 12:30,0.427691
2025-11-27 12:45,0.460553
2025-11-27 13:00,0.395324
2025-11-27 13:15,0.481235
2025-11-27 13:30,0.406892
2025-11-27 13:45,0.373423
2025-11-27 14:00,0.396922
2025-11-27 14:15,0.370752
2025-11-27 14:30,0.334492
2025-11-27 14:45,0.416184
2025-11-27 15:00,0.376885
2025-11-27 15:15,0.418477
2025-11-27 15:30,0.408201
2025-11-27 15:45,0.402785
2025-11-27 16:00,0.426659
2025-11-27 16:15,0.293153
2025-11-27 16:30,0.28531
2025-11-27 16:45,0.336976
2025-11-27 17:00,0.324004
2025-11-27 17:15,0.340233
2025-11-27 17:30,0.508257
2025-11-27 17:45,0.475349
2025-11-27 18:00,0.471023
2025-11-27 18:15,0.485974
2025-11-27 18:30,0.497887
2025-11-27 18:45,0.522399
2025-11-27 19:00,0.507095
2025-11-27 19:15,0.482575
2025-11-27 19:30,0.489004
2025-11-27 19:45,0.483401
2025-11-27 20:00,0.445996
2025-11-27 20:15,0.469128
2025-11-27 20:30,0.448963
2025-11-27 20:45,0.456047
2025-11-27 21:00,0.445644
2025-11-27 21:15,0.473648
2025-11-27 21:30,0.462514
2025-11-27 21:45,0.493355
2025-11-27 22:00,0.460274
2025-11-27 22:15,0.452448
2025-11-27 22:30,0.46031
2025-11-27 22:45,0.490725
2025-11-27 23:00,0.502131
2025-11-27 23:15,0.496972
2025-11-27 23:30,0.530557
2025-11-27 23:45,0.600342
2025-11-28 00:00,0.774937
2025-11-28 00:15,0.752476
2025-11-28 00:30,0.792284
2025-11-28 00:45,0.860286
2025-11-28 01:00,0.753445
2025-11-28 01:15,0.70699
2025-11-28 01:30,0.686293
2025-11-28 01:45,0.589199
2025-11-28 02:00,0.557252
2025-11-28 02:15,0.539605
2025-11-28 02:30,0.54582
2025-11-28 02:45,0.489598
2025-11-28 03:00,0.60836
2025-11-28 03:15,0.519044
2025-11-28 03:30,0.431331
2025-11-28 03:45,0.475475
2025-11-28 04:00,0.389776
2025-11-28 04:15,0.396124
2025-11-28 04:30,0.354188
2025-11-28 04:45,0.392383
2025-11-28 05:00,0.388059
2025-11-28 05:15,0.38091
2025-11-28 05:30,0.323635
2025-11-28 05:45,0.309017
2025-11-28 06:00,0.303371
2025-11-28 06:15,0.293621
2025-11-28 06:30,0.26217
2025-11-28 06:45,0.225351
2025-11-28 07:00,0.22919
2025-11-28 07:15,0.186383
2025-11-28 07:30,0.189748
2025-11-28 07:45,0.184856
2025-11-28 08:00,0.158221
2025-11-28 08:15,0.139347
2025-11-28 08:30,0.167891
2025-11-28 08:45,0.206266
2025-11-28 09:00,0.186261
2025-11-28 09:15,0.232333
2025-11-28 09:30,0.221416
2025-11-28 09:45,0.212996
2025-11-28 10:00,0.282716
2025-11-28 10:15,0.295868
2025-11-28 10:30,0.341465
2025-11-28 10:45,0.344746
2025-11-28 11:00,0.414007
2025-11-28 11:15,0.381768
2025-11-28 11:30,0.445812
2025-11-28 11:45,0.434646
2025-11-28 12:00,0.418465
2025-11-28 12:15,0.418303
2025-11-28 12:30,0.453641
2025-11-28 12:45,0.44114
2025-11-28 13:00,0.489592
2025-11-28 13:15,0.420622
2025-11-28 13:30,0.465129
2025-11-28 13:45,0.363951
2025-11-28 14:00,0.331141
2025-11-28 14:15,0.339246
2025-11-28 14:30,0.387915
2025-11-28 14:45,0.361208
2025-11-28 15:00,0.421519
2025-11-28 15:15,0.45449
2025-11-28 15:30,0.409469
2025-11-28 15:45,0.405272
2025-11-28 16:00,0.414242
2025-11-28 16:15,0.407155
2025-11-28 16:30,0.40866
2025-11-28 16:45,0.376392
2025-11-28 17:00,0.395054
2025-11-28 17:15,0.423941
2025-11-28 17:30,0.423846
2025-11-28 17:45,0.451721
2025-11-28 18:00,0.468915
2025-11-28 18:15,0.475046
2025-11-28 18:30,0.507168
2025-11-28 18:45,0.48315
2025-11-28 19:00,0.576893
2025-11-28 19:15,0.508855
2025-11-28 19:30,0.495822
2025-11-28 19:45,0.482416
2025-11-28 20:00,0.512946
2025-11-28 20:15,0.434369
2025-11-28 20:30,0.483424
2025-11-28 20:45,0.497582
2025-11-28 21:00,0.462884
2025-11-28 21:15,0.513835
2025-11-28 21:30,0.57173
2025-11-28 21:45,0.561445
2025-11-28 22:00,0.452991
2025-11-28 22:15,0.432278
2025-11-28 22:30,0.42401
2025-11-28 22:45,0.489905
2025-11-28 23:00,0.558547
2025-11-28 23:15,0.560053
2025-11-28 23:30,0.600978
2025-11-28 23:45,0.582651
2025-11-29 00:00,0.630905
2025-11-29 00:15,0.793683
2025-11-29 00:30,0.8965
2025-11-29 00:45,0.750291
2025-11-29 01:00,0.86401
2025-11-29 01:15,0.642134
2025-11-29 01:30,0.673018
2025-11-29 01:45,0.678559
2025-11-29 02:00,0.627616
2025-11-29 02:15,0.698205
2025-11-29 02:30,0.591168
2025-11-29 02:45,0.614356
2025-11-29 03:00,0.545389
2025-11-29 03:15,0.536214
2025-11-29 03:30,0.569121
2025-11-29 03:45,0.56596
2025-11-29 04:00,0.454224
2025-11-29 04:15,0.501719
2025-11-29 04:30,0.416585
2025-11-29 04:45,0.413898
2025-11-29 05:00,0.361079
2025-11-29 05:15,0.364339
2025-11-29 05:30,0.377665
2025-11-29 05:45,0.299468
2025-11-29 06:00,0.290591
2025-11-29 06:15,0.302288
2025-11-29 06:30,0.241346
2025-11-29 06:45,0.238245
2025-11-29 07:00,0.215292
2025-11-29 07:15,0.209238
2025-11-29 07:30,0.18506
2025-11-29 07:45,0.182507
2025-11-29 08:00,0.177008
2025-11-29 08:15,0.186139
2025-11-29 08:30,0.160485
2025-11-29 08:45,0.168761
2025-11-29 09:00,0.191119
2025-11-29 09:15,0.189833
2025-11-29 09:30,0.167192
2025-11-29 09:45,0.176641
2025-11-29 10:00,0.203665
2025-11-29 10:15,0.19336
2025-11-29 10:30,0.229547
2025-11-29 10:45,0.261325
2025-11-29 11:00,0.277271
2025-11-29 11:15,0.30456
2025-11-29 11:30,0.345812
2025-11-29 11:45,0.318587
2025-11-29 12:00,0.328157
2025-11-29 12:15,0.361988
2025-11-29 12:30,0.429038
2025-11-29 12:45,0.35433
2025-11-29 13:00,0.374274
2025-11-29 13:15,0.37419
2025-11-29 13:30,0.385931
2025-11-29 13:45,0.402886
2025-11-29 14:00,0.386946
2025-11-29 14:15,0.406053
2025-11-29 14:30,0.421173
2025-11-29 14:45,0.411999
2025-11-29 15:00,0.464999
2025-11-29 15:15,0.429365
2025-11-29 15:30,0.492104
2025-11-29 15:45,0.459055
2025-11-29 16:00,0.445516
2025-11-29 16:15,0.520219
2025-11-29 16:30,0.484295
2025-11-29 16:45,0.52018
2025-11-29 17:00,0.527237
2025-11-29 17:15,0.480013
2025-11-29 17:30,0.515942
2025-11-29 17:45,0.506225
2025-11-29 18:00,0.484893
2025-11-29 18:15,0.5368
2025-11-29 18:30,0.527893
2025-11-29 18:45,0.460318
2025-11-29 19:00,0.45301
2025-11-29 19:15,0.515221
2025-11-29 19:30,0.50848
2025-11-29 19:45,0.518185
2025-11-29 20:00,0.524129
2025-11-29 20:15,0.509086
2025-11-29 20:30,0.613125
2025-11-29 20:45,0.559008
2025-11-29 21:00,0.498058
2025-11-29 21:15,0.555108
2025-11-29 21:30,0.536882
2025-11-29 21:45,0.530661
2025-11-29 22:00,0.527829
2025-11-29 22:15,0.537274
2025-11-29 22:30,0.487314
2025-11-29 22:45,0.535824
2025-11-29 23:00,0.547752
2025-11-29 23:15,0.557647
2025-11-29 23:30,0.620215
2025-11-29 23:45,0.640531
2025-11-30 00:00,0.743454
2025-11-30 00:15,0.869007
2025-11-30 00:30,0.919903
2025-11-30 00:45,0.758712
2025-11-30 01:00,0.843046
2025-11-30 01:15,0.740184
2025-11-30 01:30,0.722888
2025-11-30 01:45,0.804566
2025-11-30 02:00,0.752841
2025-11-30 02:15,0.726021
2025-11-30 02:30,0.69735
2025-11-30 02:45,0.656321
2025-11-30 03:00,0.732712
2025-11-30 03:15,0.621628
2025-11-30 03:30,0.596431
2025-11-30 03:45,0.60573
2025-11-30 04:00,0.561906
2025-11-30 04:15,0.522627
2025-11-30 04:30,0.474065
2025-11-30 04:45,0.431482
2025-11-30 05:00,0.365579
2025-11-30 05:15,0.386057
2025-11-30 05:30,0.335793
2025-11-30 05:45,0.341904
2025-11-30 06:00,0.35907
2025-11-30 06:15,0.359961
2025-11-30 06:30,0.292265
2025-11-30 06:45,0.253544
2025-11-30 07:00,0.240196
2025-11-30 07:15,0.239161
2025-11-30 07:30,0.222495
2025-11-30 07:45,0.211228
2025-11-30 08:00,0.210011
2025-11-30 08:15,0.232764
2025-11-30 08:30,0.197059
2025-11-30 08:45,0.185839
2025-11-30 09:00,0.186504
2025-11-30 09:15,0.221413
2025-11-30 09:30,0.199577
2025-11-30 09:45,0.196133
2025-11-30 10:00,0.230019
2025-11-30 10:15,0.263955
2025-11-30 10:30,0.246553
2025-11-30 10:45,0.230582
2025-11-30 11:00,0.270393
2025-11-30 11:15,0.308902
2025-11-30 11:30,0.295368
2025-11-30 11:45,0.394252
2025-11-30 12:00,0.345826
2025-11-30 12:15,0.371447
2025-11-30 12:30,0.400769
2025-11-30 12:45,0.474253
2025-11-30 13:00,0.457123
2025-11-30 13:15,0.517827
2025-11-30 13:30,0.442391
2025-11-30 13:45,0.443618
2025-11-30 14:00,0.471148
2025-11-30 14:15,0.460764
2025-11-30 14:30,0.469103
2025-11-30 14:45,0.478019
2025-11-30 15:00,0.443579
2025-11-30 15:15,0.476972
2025-11-30 15:30,0.487632
2025-11-30 15:45,0.511453
2025-11-30 16:00,0.497864
2025-11-30 16:15,0.580105
2025-11-30 16:30,0.535511
2025-11-30 16:45,0.517176
2025-11-30 17:00,0.49773
2025-11-30 17:15,0.520709
2025-11-30 17:30,0.503756
2025-11-30 17:45,0.572293
2025-11-30 18:00,0.563229
2025-11-30 18:15,0.527194
2025-11-30 18:30,0.560394
2025-11-30 18:45,0.554206
2025-11-30 19:00,0.529442
2025-11-30 19:15,0.609924
2025-11-30 19:30,0.625755
2025-11-30 19:45,0.663645
2025-11-30 20:00,0.611182
2025-11-30 20:15,0.606029
2025-11-30 20:30,0.595548
2025-11-30 20:45,0.605361
2025-11-30 21:00,0.56833
2025-11-30 21:15,0.645541
2025-11-30 21:30,0.683812
2025-11-30 21:45,0.621805
2025-11-30 22:00,0.682607
2025-11-30 22:15,0.633953
2025-11-30 22:30,0.62989
2025-11-30 22:45,0.672519
2025-11-30 23:00,0.664359
2025-11-30 23:15,0.710999
2025-11-30 23:30,0.717707
2025-11-30 23:45,0.797358
2025-12-01 00:00,0.905106
2025-12-01 00:15,0.934554
2025-12-01 00:30,0.94735
2025-12-01 00:45,0.776121
2025-12-01 01:00,0.753447
2025-12-01 01:15,0.845461
2025-12-01 01:30,0.793156
2025-12-01 01:45,0.753495
2025-12-01 02:00,0.791449
2025-12-01 02:15,0.709317
2025-12-01 02:30,0.644009
2025-12-01 02:45,0.62261
2025-12-01 03:00,0.588755
2025-12-01 03:15,0.509218
2025-12-01 03:30,0.568841
2025-12-01 03:45,0.63426
2025-12-01 04:00,0.506633
2025-12-01 04:15,0.45387
2025-12-01 04:30,0.458476
2025-12-01 04:45,0.386353
2025-12-01 05:00,0.371525
2025-12-01 05:15,0.327139
2025-12-01 05:30,0.328144
2025-12-01 05:45,0.333464
2025-12-01 06:00,0.313509
2025-12-01 06:15,0.24156
2025-12-01 06:30,0.239866
2025-12-01 06:45,0.274592
2025-12-01 07:00,0.226967
2025-12-01 07:15,0.206106
2025-12-01 07:30,0.249462
2025-12-01 07:45,0.207372
2025-12-01 08:00,0.179109
2025-12-01 08:15,0.198177
2025-12-01 08:30,0.187953
2025-12-01 08:45,0.218599
2025-12-01 09:00,0.247445
2025-12-01 09:15,0.268968
2025-12-01 09:30,0.209931
2025-12-01 09:45,0.28046
2025-12-01 10:00,0.278888
2025-12-01 10:15,0.344019
2025-12-01 10:30,0.347024
2025-12-01 10:45,0.402198
2025-12-01 11:00,0.420629
2025-12-01 11:15,0.469681
2025-12-01 11:30,0.458223
2025-12-01 11:45,0.46164
2025-12-01 12:00,0.487842
2025-12-01 12:15,0.496105
2025-12-01 12:30,0.470921
2025-12-01 12:45,0.499117
2025-12-01 13:00,0.461638
2025-12-01 13:15,0.484758
2025-12-01 13:30,0.429988
2025-12-01 13:45,0.473239
2025-12-01 14:00,0.485284
2025-12-01 14:15,0.457736
2025-12-01 14:30,0.473632
2025-12-01 14:45,0.456788
2025-12-01 15:00,0.391463
2025-12-01 15:15,0.456189
2025-12-01 15:30,0.443831
2025-12-01 15:45,0.462321
2025-12-01 16:00,0.451673
2025-12-01 16:15,0.449214
2025-12-01 16:30,0.453412
2025-12-01 16:45,0.463161
2025-12-01 17:00,0.519833
2025-12-01 17:15,0.490449
2025-12-01 17:30,0.548529
2025-12-01 17:45,0.520674
2025-12-01 18:00,0.508568
2025-12-01 18:15,0.525462
2025-12-01 18:30,0.543089
2025-12-01 18:45,0.602006
2025-12-01 19:00,0.614854
2025-12-01 19:15,0.596624
2025-12-01 19:30,0.547332
2025-12-01 19:45,0.569488
2025-12-01 20:00,0.536343
2025-12-01 20:15,0.54431
2025-12-01 20:30,0.55333
2025-12-01 20:45,0.557816
2025-12-01 21:00,0.422299
2025-12-01 21:15,0.432911
2025-12-01 21:30,0.464722
2025-12-01 21:45,0.538521
2025-12-01 22:00,0.53975
2025-12-01 22:15,0.612689
2025-12-01 22:30,0.562183
2025-12-01 22:45,0.699899
2025-12-01 23:00,0.67903
2025-12-01 23:15,0.621493
2025-12-01 23:30,0.735815
2025-12-01 23:45,0.774608
2025-12-02 00:00,0.878031
2025-12-02 00:15,0.928617
2025-12-02 00:30,1.0
2025-12-02 00:45,0.970562
2025-12-02 01:00,0.872257
2025-12-02 01:15,0.874983
2025-12-02 01:30,0.80807
2025-12-02 01:45,0.807295
2025-12-02 02:00,0.826905
2025-12-02 02:15,0.722317
2025-12-02 02:30,0.810996
2025-12-02 02:45,0.825228
2025-12-02 03:00,0.660323
2025-12-02 03:15,0.601297
2025-12-02 03:30,0.648543
2025-12-02 03:45,0.602097
2025-12-02 04:00,0.496639
2025-12-02 04:15,0.415926
2025-12-02 04:30,0.450348
2025-12-02 04:45,0.380531
2025-12-02 05:00,0.369652
2025-12-02 05:15,0.319693
2025-12-02 05:30,0.334432
2025-12-02 05:45,0.293099
2025-12-02 06:00,0.289753
2025-12-02 06:15,0.281617
2025-12-02 06:30,0.245845
2025-12-02 06:45,0.235086
2025-12-02 07:00,0.252464
2025-12-02 07:15,0.202172
2025-12-02 07:30,0.199434
2025-12-02 07:45,0.179359
2025-12-02 08:00,0.201043
2025-12-02 08:15,0.185083
2025-12-02 08:30,0.179404
2025-12-02 08:45,0.207451
2025-12-02 09:00,0.195846
2025-12-02 09:15,0.21898
2025-12-02 09:30,0.241388
2025-12-02 09:45,0.227842
2025-12-02 10:00,0.253186
2025-12-02 10:15,0.343121
2025-12-02 10:30,0.351735
2025-12-02 10:45,0.37873
2025-12-02 11:00,0.378734
2025-12-02 11:15,0.474032
2025-12-02 11:30,0.470979
2025-12-02 11:45,0.51782
2025-12-02 12:00,0.530538
2025-12-02 12:15,0.476243
2025-12-02 12:30,0.455071
2025-12-02 12:45,0.487699
2025-12-02 13:00,0.505502
2025-12-02 13:15,0.494423
2025-12-02 13:30,0.462239
2025-12-02 13:45,0.44781
2025-12-02 14:00,0.449167
2025-12-02 14:15,0.433737
2025-12-02 14:30,0.400325
2025-12-02 14:45,0.443097
2025-12-02 15:00,0.442378
2025-12-02 15:15,0.430032
2025-12-02 15:30,0.427262
2025-12-02 15:45,0.390778
2025-12-02 16:00,0.402169
2025-12-02 16:15,0.411872
2025-12-02 16:30,0.392654
2025-12-02 16:45,0.434314
2025-12-02 17:00,0.493866
2025-12-02 17:15,0.52525
2025-12-02 17:30,0.535425
2025-12-02 17:45,0.508014
2025-12-02 18:00,0.548618
2025-12-02 18:15,0.567587
2025-12-02 18:30,0.538468
2025-12-02 18:45,0.5263
2025-12-02 19:00,0.607978
2025-12-02 19:15,0.583849
2025-12-02 19:30,0.549066
2025-12-02 19:45,0.51207
2025-12-02 20:00,0.546782
2025-12-02 20:15,0.587802
2025-12-02 20:30,0.687625
2025-12-02 20:45,0.62435
2025-12-02 21:00,0.560742
2025-12-02 21:15,0.574375
2025-12-02 21:30,0.606766
2025-12-02 21:45,0.643213
2025-12-02 22:00,0.625147
2025-12-02 22:15,0.565434
2025-12-02 22:30,0.5841
2025-12-02 22:45,0.592576
2025-12-02 23:00,0.680999
2025-12-02 23:15,0.635497
2025-12-02 23:30,0.590261
2025-12-02 23:45,0.70637
2025-12-03 00:00,0.779004
2025-12-03 00:00,0.748667
2025-12-03 00:15,0.818389
2025-12-03 00:30,1.0
2025-12-03 00:45,0.923845
2025-12-03 01:00,0.974659
2025-12-03 01:15,0.844757
2025-12-03 01:30,0.812521
2025-12-03 01:45,0.785814
2025-12-03 02:00,0.747583
2025-12-03 02:15,0.719173
2025-12-03 02:30,0.655699
2025-12-03 02:45,0.703507
2025-12-03 03:00,0.656654
2025-12-03 03:15,0.585248
2025-12-03 03:30,0.600519
2025-12-03 03:45,0.540836
2025-12-03 04:00,0.512481
2025-12-03 04:15,0.515851
2025-12-03 04:30,0.461531
2025-12-03 04:45,0.345428
2025-12-03 05:00,0.484212
2025-12-03 05:15,0.385724
2025-12-03 05:30,0.338621
2025-12-03 05:45,0.336176
2025-12-03 06:00,0.272805
2025-12-03 06:15,0.254731
2025-12-03 06:30,0.286311
2025-12-03 06:45,0.22553
2025-12-03 07:00,0.24387
2025-12-03 07:15,0.242828
2025-12-03 07:30,0.21104
2025-12-03 07:45,0.214453
2025-12-03 08:00,0.229151
2025-12-03 08:15,0.192804
2025-12-03 08:30,0.16864
2025-12-03 08:45,0.211384
2025-12-03 09:00,0.248857
2025-12-03 09:15,0.201701
2025-12-03 09:30,0.236931
2025-12-03 09:45,0.285595
2025-12-03 10:00,0.297144
2025-12-03 10:15,0.331878
2025-12-03 10:30,0.342719
2025-12-03 10:45,0.353999
2025-12-03 11:00,0.373497
2025-12-03 11:15,0.407222
2025-12-03 11:30,0.529904
2025-12-03 11:45,0.552986
2025-12-03 12:00,0.568286
2025-12-03 12:15,0.513717
2025-12-03 12:30,0.472927
2025-12-03 12:45,0.477228
2025-12-03 13:00,0.498062
2025-12-03 13:15,0.492732
2025-12-03 13:30,0.434031
2025-12-03 13:45,0.44196
2025-12-03 14:00,0.436891
2025-12-03 14:15,0.525427
2025-12-03 14:30,0.441615
2025-12-03 14:45,0.471774
2025-12-03 15:00,0.472279
2025-12-03 15:15,0.41088
2025-12-03 15:30,0.420687
2025-12-03 15:45,0.426129
2025-12-03 16:00,0.449836
2025-12-03 16:15,0.460559
2025-12-03 16:30,0.4733
2025-12-03 16:45,0.545923
2025-12-03 17:00,0.499451
2025-12-03 17:15,0.519644
2025-12-03 17:30,0.461822
2025-12-03 17:45,0.55554
2025-12-03 18:00,0.496065
2025-12-03 18:15,0.480634
2025-12-03 18:30,0.596361
2025-12-03 18:45,0.546515
2025-12-03 19:00,0.559632
2025-12-03 19:15,0.650837
2025-12-03 19:30,0.558293
2025-12-03 19:45,0.643636
2025-12-03 20:00,0.53848
2025-12-03 20:15,0.500654
2025-12-03 20:30,0.473794
2025-12-03 20:45,0.482046
2025-12-03 21:00,0.523085
2025-12-03 21:15,0.49256
2025-12-03 21:30,0.433657
2025-12-03 21:45,0.54012
2025-12-03 22:00,0.493131
2025-12-03 22:15,0.537154
2025-12-03 22:30,0.489282
2025-12-03 22:45,0.554065
2025-12-03 23:00,0.529621
2025-12-03 23:15,0.579271
2025-12-03 23:30,0.628714
2025-12-03 23:45,0.649726
2025-12-04 00:00,0.819427
2025-12-04 00:15,0.863705
2025-12-04 00:30,0.968586
2025-12-04 00:45,0.854611
2025-12-04 01:00,0.829437
2025-12-04 01:15,0.761105
2025-12-04 01:30,0.760133
2025-12-04 01:45,0.875747
2025-12-04 02:00,0.772936
2025-12-04 02:15,0.801005
2025-12-04 02:30,0.81027
2025-12-04 02:45,0.758503
2025-12-04 03:00,0.652338
2025-12-04 03:15,0.679531
2025-12-04 03:30,0.614783
2025-12-04 03:45,0.519845
2025-12-04 04:00,0.536831
2025-12-04 04:15,0.518639
2025-12-04 04:30,0.492421
2025-12-04 04:45,0.445907
2025-12-04 05:00,0.443556
2025-12-04 05:15,0.447213
2025-12-04 05:30,0.366148
2025-12-04 05:45,0.334023
2025-12-04 06:00,0.282918
2025-12-04 06:15,0.265515
2025-12-04 06:30,0.301177
2025-12-04 06:45,0.237398
2025-12-04 07:00,0.221552
2025-12-04 07:15,0.218799
2025-12-04 07:30,0.240556
2025-12-04 07:45,0.216983
2025-12-04 08:00,0.190958
2025-12-04 08:15,0.208214
2025-12-04 08:30,0.233926
2025-12-04 08:45,0.186558
2025-12-04 09:00,0.208059
2025-12-04 09:15,0.215705
2025-12-04 09:30,0.256884
2025-12-04 09:45,0.249409
2025-12-04 10:00,0.33247
2025-12-04 10:15,0.341702
2025-12-04 10:30,0.337994
2025-12-04 10:45,0.396312
2025-12-04 11:00,0.44839
2025-12-04 11:15,0.469008
2025-12-04 11:30,0.526207
2025-12-04 11:45,0.489397
2025-12-04 12:00,0.458264
2025-12-04 12:15,0.496036
2025-12-04 12:30,0.621206
2025-12-04 12:45,0.635827
2025-12-04 13:00,0.74719
2025-12-04 13:15,0.512315
2025-12-04 13:30,0.510793
2025-12-04 13:45,0.5099
2025-12-04 14:00,0.554955
2025-12-04 14:15,0.482144
2025-12-04 14:30,0.478091
2025-12-04 14:45,0.472996
2025-12-04 15:00,0.465067
2025-12-04 15:15,0.436587
2025-12-04 15:30,0.451334
2025-12-04 15:45,0.48502
2025-12-04 16:00,0.524221
2025-12-04 16:15,0.525932
2025-12-04 16:30,0.561751
2025-12-04 16:45,0.505214
2025-12-04 17:00,0.530813
2025-12-04 17:15,0.588267
2025-12-04 17:30,0.491801
2025-12-04 17:45,0.482129
2025-12-04 18:00,0.511734
2025-12-04 18:15,0.500047
2025-12-04 18:30,0.550647
2025-12-04 18:45,0.588807
2025-12-04 19:00,0.57199
2025-12-04 19:15,0.569683
2025-12-04 19:30,0.548573
2025-12-04 19:45,0.565453
2025-12-04 20:00,0.601898
2025-12-04 20:15,0.540875
2025-12-04 20:30,0.491529
2025-12-04 20:45,0.508223
2025-12-04 21:00,0.515507
2025-12-04 21:15,0.506039
2025-12-04 21:30,0.539935
2025-12-04 21:45,0.56585
2025-12-04 22:00,0.546208
2025-12-04 22:15,0.52819
2025-12-04 22:30,0.499423
2025-12-04 22:45,0.51469
2025-12-04 23:00,0.633315
2025-12-04 23:15,0.667751
2025-12-04 23:30,0.741572
2025-12-04 23:45,0.73022
2025-12-05 00:00,0.797351
2025-12-05 00:15,0.843142
2025-12-05 00:30,0.884045
2025-12-05 00:45,0.970628
2025-12-05 01:00,0.891218
2025-12-05 01:15,0.881488
2025-12-05 01:30,0.825809
2025-12-05 01:45,0.748965
2025-12-05 02:00,0.90148
2025-12-05 02:15,0.744077
2025-12-05 02:30,0.710634
2025-12-05 02:45,0.635417
2025-12-05 03:00,0.591024
2025-12-05 03:15,0.590774
2025-12-05 03:30,0.581697
2025-12-05 03:45,0.572798
2025-12-05 04:00,0.522383
2025-12-05 04:15,0.480901
2025-12-05 04:30,0.459998
2025-12-05 04:45,0.415594
2025-12-05 05:00,0.389651
2025-12-05 05:15,0.331762
2025-12-05 05:30,0.338589
2025-12-05 05:45,0.302172
2025-12-05 06:00,0.277364
2025-12-05 06:15,0.269497
2025-12-05 06:30,0.252618
2025-12-05 06:45,0.26141
2025-12-05 07:00,0.222287
2025-12-05 07:15,0.219142
2025-12-05 07:30,0.22795
2025-12-05 07:45,0.170371
2025-12-05 08:00,0.181218
2025-12-05 08:15,0.186433
2025-12-05 08:30,0.246082
2025-12-05 08:45,0.199704
2025-12-05 09:00,0.18988
2025-12-05 09:15,0.200249
2025-12-05 09:30,0.230404
2025-12-05 09:45,0.254482
2025-12-05 10:00,0.265271
2025-12-05 10:15,0.296592
2025-12-05 10:30,0.282219
2025-12-05 10:45,0.389631
2025-12-05 11:00,0.409516
2025-12-05 11:15,0.402778
2025-12-05 11:30,0.466882
2025-12-05 11:45,0.451084
2025-12-05 12:00,0.465588
2025-12-05 12:15,0.450366
2025-12-05 12:30,0.442429
2025-12-05 12:45,0.429417
2025-12-05 13:00,0.419532
2025-12-05 13:15,0.449458
2025-12-05 13:30,0.413809
2025-12-05 13:45,0.426684
2025-12-05 14:00,0.464841
2025-12-05 14:15,0.398963
2025-12-05 14:30,0.416195
2025-12-05 14:45,0.398836
2025-12-05 15:00,0.370885
2025-12-05 15:15,0.375834
2025-12-05 15:30,0.378308
2025-12-05 15:45,0.405981
2025-12-05 16:00,0.417557
2025-12-05 16:15,0.413732
2025-12-05 16:30,0.444388
2025-12-05 16:45,0.483227
2025-12-05 17:00,0.494454
2025-12-05 17:15,0.45916
2025-12-05 17:30,0.445105
2025-12-05 17:45,0.48627
2025-12-05 18:00,0.465347
2025-12-05 18:15,0.514052
2025-12-05 18:30,0.495991
2025-12-05 18:45,0.483384
2025-12-05 19:00,0.542966
2025-12-05 19:15,0.515149
2025-12-05 19:30,0.495854
2025-12-05 19:45,0.47947
2025-12-05 20:00,0.553375
2025-12-05 20:15,0.565712
2025-12-05 20:30,0.513227
2025-12-05 20:45,0.48504
2025-12-05 21:00,0.476124
2025-12-05 21:15,0.489044
2025-12-05 21:30,0.510614
2025-12-05 21:45,0.481549
2025-12-05 22:00,0.493078
2025-12-05 22:15,0.563265
2025-12-05 22:30,0.52874
2025-12-05 22:45,0.443233
2025-12-05 23:00,0.481389
2025-12-05 23:15,0.500703
2025-12-05 23:30,0.559294
2025-12-05 23:45,0.578031
2025-12-06 00:00,0.677579
2025-12-06 00:15,0.787114
2025-12-06 00:30,0.835196
2025-12-06 00:45,0.765829
2025-12-06 01:00,0.735196
2025-12-06 01:15,0.722264
2025-12-06 01:30,0.735734
2025-12-06 01:45,0.668321
2025-12-06 02:00,0.633466
2025-12-06 02:15,0.621156
2025-12-06 02:30,0.621827
2025-12-06 02:45,0.607085
2025-12-06 03:00,0.610401
2025-12-06 03:15,0.55226
2025-12-06 03:30,0.702915
2025-12-06 03:45,0.56838
2025-12-06 04:00,0.541418
2025-12-06 04:15,0.443779
2025-12-06 04:30,0.425241
2025-12-06 04:45,0.413769
2025-12-06 05:00,0.394083
2025-12-06 05:15,0.337182
2025-12-06 05:30,0.325393
2025-12-06 05:45,0.38674
2025-12-06 06:00,0.281722
2025-12-06 06:15,0.266843
2025-12-06 06:30,0.272824
2025-12-06 06:45,0.247023
2025-12-06 07:00,0.292013
2025-12-06 07:15,0.237391
2025-12-06 07:30,0.233698
2025-12-06 07:45,0.183734
2025-12-06 08:00,0.188784
2025-12-06 08:15,0.181101
2025-12-06 08:30,0.184199
2025-12-06 08:45,0.177918
2025-12-06 09:00,0.190421
2025-12-06 09:15,0.184513
2025-12-06 09:30,0.194071
2025-12-06 09:45,0.210806
2025-12-06 10:00,0.222103
2025-12-06 10:15,0.249272
2025-12-06 10:30,0.238538
2025-12-06 10:45,0.259878
2025-12-06 11:00,0.315568
2025-12-06 11:15,0.329263
2025-12-06 11:30,0.339655
2025-12-06 11:45,0.351518
2025-12-06 12:00,0.398258
2025-12-06 12:15,0.376501
2025-12-06 12:30,0.358474
2025-12-06 12:45,0.432344
2025-12-06 13:00,0.394576
2025-12-06 13:15,0.426745
2025-12-06 13:30,0.41538
2025-12-06 13:45,0.411469
2025-12-06 14:00,0.449263
2025-12-06 14:15,0.470714
2025-12-06 14:30,0.447344
2025-12-06 14:45,0.457592
2025-12-06 15:00,0.467114
2025-12-06 15:15,0.450359
2025-12-06 15:30,0.415737
2025-12-06 15:45,0.381033
2025-12-06 16:00,0.396118
2025-12-06 16:15,0.418187
2025-12-06 16:30,0.417725
2025-12-06 16:45,0.397646
2025-12-06 17:00,0.41228
2025-12-06 17:15,0.435372
2025-12-06 17:30,0.49784
2025-12-06 17:45,0.478261
2025-12-06 18:00,0.497743
2025-12-06 18:15,0.454565
2025-12-06 18:30,0.457371
2025-12-06 18:45,0.490781
2025-12-06 19:00,0.556236
2025-12-06 19:15,0.490948
2025-12-06 19:30,0.535132
2025-12-06 19:45,0.561388
2025-12-06 20:00,0.513376
2025-12-06 20:15,0.463336
2025-12-06 20:30,0.471289
2025-12-06 20:45,0.504233
2025-12-06 21:00,0.498289
2025-12-06 21:15,0.530346
2025-12-06 21:30,0.595081
2025-12-06 21:45,0.550727
2025-12-06 22:00,0.613951
2025-12-06 22:15,0.549833
2025-12-06 22:30,0.563118
2025-12-06 22:45,0.598683
2025-12-06 23:00,0.533635
2025-12-06 23:15,0.572454
2025-12-06 23:30,0.56079
2025-12-06 23:45,0.596625
2025-12-07 00:00,0.753242
2025-12-07 00:15,0.810767
2025-12-07 00:30,0.705125
2025-12-07 00:45,0.740359
2025-12-07 01:00,0.843737
2025-12-07 01:15,0.649225
2025-12-07 01:30,0.734469
2025-12-07 01:45,0.803675
2025-12-07 02:00,0.637977
2025-12-07 02:15,0.659908
2025-12-07 02:30,0.684499
2025-12-07 02:45,0.607285
2025-12-07 03:00,0.557158
2025-12-07 03:15,0.611388
2025-12-07 03:30,0.595919
2025-12-07 03:45,0.522155
2025-12-07 04:00,0.497193
2025-12-07 04:15,0.503714
2025-12-07 04:30,0.47898
2025-12-07 04:45,0.504416
2025-12-07 05:00,0.456515
2025-12-07 05:15,0.402846
2025-12-07 05:30,0.37573
2025-12-07 05:45,0.387121
2025-12-07 06:00,0.354644
2025-12-07 06:15,0.328176
2025-12-07 06:30,0.296172
2025-12-07 06:45,0.256703
2025-12-07 07:00,0.233401
2025-12-07 07:15,0.231072
2025-12-07 07:30,0.220872
2025-12-07 07:45,0.182147
2025-12-07 08:00,0.183682
2025-12-07 08:15,0.189007
2025-12-07 08:30,0.19402
2025-12-07 08:45,0.166309
2025-12-07 09:00,0.191732
2025-12-07 09:15,0.222636
2025-12-07 09:30,0.207367
2025-12-07 09:45,0.191035
2025-12-07 10:00,0.233719
2025-12-07 10:15,0.23414
2025-12-07 10:30,0.237544
2025-12-07 10:45,0.22257
2025-12-07 11:00,0.265132
2025-12-07 11:15,0.276564
2025-12-07 11:30,0.338823
2025-12-07 11:45,0.325838
2025-12-07 12:00,0.343752
2025-12-07 12:15,0.35659
2025-12-07 12:30,0.385678
2025-12-07 12:45,0.406525
2025-12-07 13:00,0.410653
2025-12-07 13:15,0.455332
2025-12-07 13:30,0.495374
2025-12-07 13:45,0.495346
2025-12-07 14:00,0.496845
2025-12-07 14:15,0.489717
2025-12-07 14:30,0.483273
2025-12-07 14:45,0.486959
2025-12-07 15:00,0.447975
2025-12-07 15:15,0.484726
2025-12-07 15:30,0.46997
2025-12-07 15:45,0.45764
2025-12-07 16:00,0.45814
2025-12-07 16:15,0.488285
2025-12-07 16:30,0.456283
2025-12-07 16:45,0.473864
2025-12-07 17:00,0.45107
2025-12-07 17:15,0.50865
2025-12-07 17:30,0.468624
2025-12-07 17:45,0.474052
2025-12-07 18:00,0.516769
2025-12-07 18:15,0.489319
2025-12-07 18:30,0.539659
2025-12-07 18:45,0.530659
2025-12-07 19:00,0.560578
2025-12-07 19:15,0.54724
2025-12-07 19:30,0.597075
2025-12-07 19:45,0.575624
2025-12-07 20:00,0.566654
2025-12-07 20:15,0.69934
2025-12-07 20:30,0.668809
2025-12-07 20:45,0.60527
2025-12-07 21:00,0.615761
2025-12-07 21:15,0.637473
2025-12-07 21:30,0.681937
2025-12-07 21:45,0.635704
2025-12-07 22:00,0.648026
2025-12-07 22:15,0.626364
2025-12-07 22:30,0.642636
2025-12-07 22:45,0.596208
2025-12-07 23:00,0.630547
2025-12-07 23:15,0.67284
2025-12-07 23:30,0.62483
2025-12-07 23:45,0.734286
2025-12-08 00:00,0.835693
2025-12-08 00:15,0.834599
2025-12-08 00:30,0.868527
2025-12-08 00:45,0.782806
2025-12-08 01:00,0.723957
2025-12-08 01:15,0.677213
2025-12-08 01:30,0.734454
2025-12-08 01:45,0.851697
2025-12-08 02:00,0.734685
2025-12-08 02:15,0.687189
2025-12-08 02:30,0.69863
2025-12-08 02:45,0.688381
2025-12-08 03:00,0.592189
2025-12-08 03:15,0.587145
2025-12-08 03:30,0.51686
2025-12-08 03:45,0.508546
2025-12-08 04:00,0.486661
2025-12-08 04:15,0.376895
2025-12-08 04:30,0.370155
2025-12-08 04:45,0.351166
2025-12-08 05:00,0.301948
2025-12-08 05:15,0.33352
2025-12-08 05:30,0.303028
2025-12-08 05:45,0.246523
2025-12-08 06:00,0.240534
2025-12-08 06:15,0.25514
2025-12-08 06:30,0.224365
2025-12-08 06:45,0.194064
2025-12-08 07:00,0.195886
2025-12-08 07:15,0.213046
2025-12-08 07:30,0.188943
2025-12-08 07:45,0.184118
2025-12-08 08:00,0.151813
2025-12-08 08:15,0.155958
2025-12-08 08:30,0.17659
2025-12-08 08:45,0.196548
2025-12-08 09:00,0.203754
2025-12-08 09:15,0.198066
2025-12-08 09:30,0.23224
2025-12-08 09:45,0.226759
2025-12-08 10:00,0.239002
2025-12-08 10:15,0.282922
2025-12-08 10:30,0.318818
2025-12-08 10:45,0.335164
2025-12-08 11:00,0.384855
2025-12-08 11:15,0.430218
2025-12-08 11:30,0.424675
2025-12-08 11:45,0.449281
2025-12-08 12:00,0.457809
2025-12-08 12:15,0.499949
2025-12-08 12:30,0.485252
2025-12-08 12:45,0.526115
2025-12-08 13:00,0.531677
2025-12-08 13:15,0.516433
2025-12-08 13:30,0.46822
2025-12-08 13:45,0.43685
2025-12-08 14:00,0.425918
2025-12-08 14:15,0.401859
2025-12-08 14:30,0.404244
2025-12-08 14:45,0.449382
2025-12-08 15:00,0.407745
2025-12-08 15:15,0.50395
2025-12-08 15:30,0.4504
2025-12-08 15:45,0.49151
2025-12-08 16:00,0.49754
2025-12-08 16:15,0.551492
2025-12-08 16:30,0.526401
2025-12-08 16:45,0.460267
2025-12-08 17:00,0.471264
2025-12-08 17:15,0.479705
2025-12-08 17:30,0.508255
2025-12-08 17:45,0.583763
2025-12-08 18:00,0.529903
2025-12-08 18:15,0.502308
2025-12-08 18:30,0.538743
2025-12-08 18:45,0.582894
2025-12-08 19:00,0.557143
2025-12-08 19:15,0.538999
2025-12-08 19:30,0.508441
2025-12-08 19:45,0.518441
2025-12-08 20:00,0.576101
2025-12-08 20:15,0.534604
2025-12-08 20:30,0.489914
2025-12-08 20:45,0.628424
2025-12-08 21:00,0.625312
2025-12-08 21:15,0.666044
2025-12-08 21:30,0.569327
2025-12-08 21:45,0.505894
2025-12-08 22:00,0.515691
2025-12-08 22:15,0.528709
2025-12-08 22:30,0.519675
2025-12-08 22:45,0.395023
2025-12-08 23:00,0.42315
2025-12-08 23:15,0.459579
2025-12-08 23:30,0.463109
2025-12-08 23:45,0.497119
2025-12-09 00:00,0.572647
2025-12-09 00:15,0.619895
2025-12-09 00:30,0.570752
2025-12-09 00:45,0.589699
2025-12-09 01:00,0.776558
2025-12-09 01:15,0.641921
2025-12-09 01:30,0.67563
2025-12-09 01:45,0.730696
2025-12-09 02:00,0.682736
2025-12-09 02:15,0.606292
2025-12-09 02:30,0.63633
2025-12-09 02:45,0.632824
2025-12-09 03:00,0.545789
2025-12-09 03:15,0.530934
2025-12-09 03:30,0.586489
2025-12-09 03:45,0.530241
2025-12-09 04:00,0.476333
2025-12-09 04:15,0.485334
2025-12-09 04:30,0.405695
2025-12-09 04:45,0.417512
2025-12-09 05:00,0.36007
2025-12-09 05:15,0.312432
2025-12-09 05:30,0.298055
2025-12-09 05:45,0.279808
2025-12-09 06:00,0.24765
2025-12-09 06:15,0.208877
2025-12-09 06:30,0.241513
2025-12-09 06:45,0.191102
2025-12-09 07:00,0.237926
2025-12-09 07:15,0.217185
2025-12-09 07:30,0.19449
2025-12-09 07:45,0.188203
2025-12-09 08:00,0.171293
2025-12-09 08:15,0.20932
2025-12-09 08:30,0.237833
2025-12-09 08:45,0.167994
2025-12-09 09:00,0.188606
2025-12-09 09:15,0.197015
2025-12-09 09:30,0.247621
2025-12-09 09:45,0.276899
2025-12-09 10:00,0.336322
2025-12-09 10:15,0.278654
2025-12-09 10:30,0.341497
2025-12-09 10:45,0.36999
2025-12-09 11:00,0.406597
2025-12-09 11:15,0.418595
2025-12-09 11:30,0.391723
2025-12-09 11:45,0.406557
2025-12-09 12:00,0.436985
2025-12-09 12:15,0.454109
2025-12-09 12:30,0.466013
2025-12-09 12:45,0.447686
2025-12-09 13:00,0.482277
2025-12-09 13:15,0.464354
2025-12-09 13:30,0.403268
2025-12-09 13:45,0.409733
2025-12-09 14:00,0.436211
2025-12-09 14:15,0.40866
2025-12-09 14:30,0.393024
2025-12-09 14:45,0.433878
2025-12-09 15:00,0.397359
2025-12-09 15:15,0.417749
2025-12-09 15:30,0.415234
2025-12-09 15:45,0.432177
2025-12-09 16:00,0.456727
2025-12-09 16:15,0.42563
2025-12-09 16:30,0.446211
2025-12-09 16:45,0.429064
2025-12-09 17:00,0.483834
2025-12-09 17:15,0.477454
2025-12-09 17:30,0.489853
2025-12-09 17:45,0.530737
2025-12-09 18:00,0.577103
2025-12-09 18:15,0.555014
2025-12-09 18:30,0.51228
2025-12-09 18:45,0.561782
2025-12-09 19:00,0.553399
2025-12-09 19:15,0.55404
2025-12-09 19:30,0.519622
2025-12-09 19:45,0.499198
2025-12-09 20:00,0.567748
2025-12-09 20:15,0.521834
2025-12-09 20:30,0.530462
2025-12-09 20:45,0.585697
2025-12-09 21:00,0.49928
2025-12-09 21:15,0.550453
2025-12-09 21:30,0.555527
2025-12-09 21:45,0.553128
2025-12-09 22:00,0.535191
2025-12-09 22:15,0.723728
2025-12-09 22:30,0.572621
2025-12-09 22:45,0.546785
2025-12-09 23:00,0.64373
2025-12-09 23:15,0.678363
2025-12-09 23:30,0.663659
2025-12-09 23:45,0.654781
2025-12-10 00:00,0.762883
2025-12-10 00:00,0.735139
2025-12-10 00:15,0.754899
2025-12-10 00:30,0.822214
2025-12-10 00:45,0.860465
2025-12-10 01:00,0.823446
2025-12-10 01:15,0.734837
2025-12-10 01:30,0.751367
2025-12-10 01:45,0.819085
2025-12-10 02:00,0.850838
2025-12-10 02:15,0.750806
2025-12-10 02:30,0.754355
2025-12-10 02:45,0.648915
2025-12-10 03:00,0.706996
2025-12-10 03:15,0.664565
2025-12-10 03:30,0.616954
2025-12-10 03:45,0.557125
2025-12-10 04:00,0.448136
2025-12-10 04:15,0.447788
2025-12-10 04:30,0.385723
2025-12-10 04:45,0.362119
2025-12-10 05:00,0.332029
2025-12-10 05:15,0.331903
2025-12-10 05:30,0.314085
2025-12-10 05:45,0.256502
2025-12-10 06:00,0.220887
2025-12-10 06:15,0.215017
2025-12-10 06:30,0.21986
2025-12-10 06:45,0.197652
2025-12-10 07:00,0.206209
2025-12-10 07:15,0.200856
2025-12-10 07:30,0.202273
2025-12-10 07:45,0.196741
2025-12-10 08:00,0.17468
2025-12-10 08:15,0.196296
2025-12-10 08:30,0.184395
2025-12-10 08:45,0.183539
2025-12-10 09:00,0.200962
2025-12-10 09:15,0.211669
2025-12-10 09:30,0.190826
2025-12-10 09:45,0.22994
2025-12-10 10:00,0.242963
2025-12-10 10:15,0.268502
2025-12-10 10:30,0.298471
2025-12-10 10:45,0.345544
2025-12-10 11:00,0.34004
2025-12-10 11:15,0.420819
2025-12-10 11:30,0.550103
2025-12-10 11:45,0.526145
2025-12-10 12:00,0.555304
2025-12-10 12:15,0.546741
2025-12-10 12:30,0.539789
2025-12-10 12:45,0.458838
2025-12-10 13:00,0.492341
2025-12-10 13:15,0.450289
2025-12-10 13:30,0.486123
2025-12-10 13:45,0.415123
2025-12-10 14:00,0.485122
2025-12-10 14:15,0.594448
2025-12-10 14:30,0.457588
2025-12-10 14:45,0.44924
2025-12-10 15:00,0.465513
2025-12-10 15:15,0.46431
2025-12-10 15:30,0.414286
2025-12-10 15:45,0.41889
2025-12-10 16:00,0.421561
2025-12-10 16:15,0.516645
2025-12-10 16:30,0.509052
2025-12-10 16:45,0.419585
2025-12-10 17:00,0.493158
2025-12-10 17:15,0.44008
2025-12-10 17:30,0.470906
2025-12-10 17:45,0.470829
2025-12-10 18:00,0.51137
2025-12-10 18:15,0.550324
2025-12-10 18:30,0.681309
2025-12-10 18:45,0.616749
2025-12-10 19:00,0.69476
2025-12-10 19:15,0.550549
2025-12-10 19:30,0.520439
2025-12-10 19:45,0.480905
2025-12-10 20:00,0.489133
2025-12-10 20:15,0.503057
2025-12-10 20:30,0.452746
2025-12-10 20:45,0.487131
2025-12-10 21:00,0.451442
2025-12-10 21:15,0.511843
2025-12-10 21:30,0.482896
2025-12-10 21:45,0.519542
2025-12-10 22:00,0.470413
2025-12-10 22:15,0.481028
2025-12-10 22:30,0.473131
2025-12-10 22:45,0.549931
2025-12-10 23:00,0.571181
2025-12-10 23:15,0.617183
2025-12-10 23:30,0.588515
2025-12-10 23:45,0.612146
2025-12-11 00:00,0.717393
2025-12-11 00:15,0.801112
2025-12-11 00:30,0.777391
2025-12-11 00:45,0.689913
2025-12-11 01:00,0.726077
2025-12-11 01:15,0.663136
2025-12-11 01:30,0.735313
2025-12-11 01:45,0.668231
2025-12-11 02:00,0.710436
2025-12-11 02:15,0.624947
2025-12-11 02:30,0.60414
2025-12-11 02:45,0.518913
2025-12-11 03:00,0.556116
2025-12-11 03:15,0.535089
2025-12-11 03:30,0.521928
2025-12-11 03:45,0.467143
2025-12-11 04:00,0.409637
2025-12-11 04:15,0.435195
2025-12-11 04:30,0.38524
2025-12-11 04:45,0.405531
2025-12-11 05:00,0.35929
2025-12-11 05:15,0.300212
2025-12-11 05:30,0.300857
2025-12-11 05:45,0.277601
2025-12-11 06:00,0.250947
2025-12-11 06:15,0.241455
2025-12-11 06:30,0.223479
2025-12-11 06:45,0.202909
2025-12-11 07:00,0.201598
2025-12-11 07:15,0.196129
2025-12-11 07:30,0.214446
2025-12-11 07:45,0.224963
2025-12-11 08:00,0.147497
2025-12-11 08:15,0.16468
2025-12-11 08:30,0.150198
2025-12-11 08:45,0.161849
2025-12-11 09:00,0.189115
2025-12-11 09:15,0.185709
2025-12-11 09:30,0.186887
2025-12-11 09:45,0.207241
2025-12-11 10:00,0.270783
2025-12-11 10:15,0.237622
2025-12-11 10:30,0.294999
2025-12-11 10:45,0.321491
2025-12-11 11:00,0.427541
2025-12-11 11:15,0.407583
2025-12-11 11:30,0.437378
2025-12-11 11:45,0.477576
2025-12-11 12:00,0.453917
2025-12-11 12:15,0.444895
2025-12-11 12:30,0.425386
2025-12-11 12:45,0.476153
2025-12-11 13:00,0.460885
2025-12-11 13:15,0.515668
2025-12-11 13:30,0.403516
2025-12-11 13:45,0.407449
2025-12-11 14:00,0.390063
2025-12-11 14:15,0.370461
2025-12-11 14:30,0.383273
2025-12-11 14:45,0.39038
2025-12-11 15:00,0.370123
2025-12-11 15:15,0.408832
2025-12-11 15:30,0.381048
2025-12-11 15:45,0.419034
2025-12-11 16:00,0.411573
2025-12-11 16:15,0.428631
2025-12-11 16:30,0.464513
2025-12-11 16:45,0.479221
2025-12-11 17:00,0.474313
2025-12-11 17:15,0.450995
2025-12-11 17:30,0.463443
2025-12-11 17:45,0.483687
2025-12-11 18:00,0.486575
2025-12-11 18:15,0.539188
2025-12-11 18:30,0.504981
2025-12-11 18:45,0.53267
2025-12-11 19:00,0.5608
2025-12-11 19:15,0.456318
2025-12-11 19:30,0.467569
2025-12-11 19:45,0.455333
2025-12-11 20:00,0.524413
2025-12-11 20:15,0.489573
2025-12-11 20:30,0.571957
2025-12-11 20:45,0.575191
2025-12-11 21:00,0.502457
2025-12-11 21:15,0.513695
2025-12-11 21:30,0.455026
2025-12-11 21:45,0.467019
2025-12-11 22:00,0.463582
2025-12-11 22:15,0.452487
2025-12-11 22:30,0.455656
2025-12-11 22:45,0.523476
2025-12-11 23:00,0.487262
2025-12-11 23:15,0.575077
2025-12-11 23:30,0.542928
2025-12-11 23:45,0.70643
2025-12-12 00:00,0.771604
2025-12-12 00:15,0.848112
2025-12-12 00:30,0.71817
2025-12-12 00:45,0.697811
2025-12-12 01:00,0.773339
2025-12-12 01:15,0.657072
2025-12-12 01:30,0.611831
2025-12-12 01:45,0.660585
2025-12-12 02:00,0.636246
2025-12-12 02:15,0.760237
2025-12-12 02:30,0.657307
2025-12-12 02:45,0.693623
2025-12-12 03:00,0.665478
2025-12-12 03:15,0.668843
2025-12-12 03:30,0.564666
2025-12-12 03:45,0.514718
2025-12-12 04:00,0.474381
2025-12-12 04:15,0.461478
2025-12-12 04:30,0.446117
2025-12-12 04:45,0.375502
2025-12-12 05:00,0.316119
2025-12-12 05:15,0.332092
2025-12-12 05:30,0.286862
2025-12-12 05:45,0.25645
2025-12-12 06:00,0.236836
2025-12-12 06:15,0.244799
2025-12-12 06:30,0.221476
2025-12-12 06:45,0.25795
2025-12-12 07:00,0.226582
2025-12-12 07:15,0.180215
2025-12-12 07:30,0.185712
2025-12-12 07:45,0.200723
2025-12-12 08:00,0.188111
2025-12-12 08:15,0.187023
2025-12-12 08:30,0.174989
2025-12-12 08:45,0.157267
2025-12-12 09:00,0.143294
2025-12-12 09:15,0.163933
2025-12-12 09:30,0.190234
2025-12-12 09:45,0.201633
2025-12-12 10:00,0.246231
2025-12-12 10:15,0.25471
2025-12-12 10:30,0.287376
2025-12-12 10:45,0.326503
2025-12-12 11:00,0.315414
2025-12-12 11:15,0.381625
2025-12-12 11:30,0.441685
2025-12-12 11:45,0.395381
2025-12-12 12:00,0.403087
2025-12-12 12:15,0.398856
2025-12-12 12:30,0.425221
2025-12-12 12:45,0.414695
2025-12-12 13:00,0.479754
2025-12-12 13:15,0.442067
2025-12-12 13:30,0.439391
2025-12-12 13:45,0.384502
2025-12-12 14:00,0.377164
2025-12-12 14:15,0.394668
2025-12-12 14:30,0.386861
2025-12-12 14:45,0.429562
2025-12-12 15:00,0.423877
2025-12-12 15:15,0.411824
2025-12-12 15:30,0.393504
2025-12-12 15:45,0.386433
2025-12-12 16:00,0.432306
2025-12-12 16:15,0.398966
2025-12-12 16:30,0.446327
2025-12-12 16:45,0.42585
2025-12-12 17:00,0.486963
2025-12-12 17:15,0.547191
2025-12-12 17:30,0.609383
2025-12-12 17:45,0.479881
2025-12-12 18:00,0.485378
2025-12-12 18:15,0.507138
2025-12-12 18:30,0.477677
2025-12-12 18:45,0.50148
2025-12-12 19:00,0.475546
2025-12-12 19:15,0.484175
2025-12-12 19:30,0.494888
2025-12-12 19:45,0.537829
2025-12-12 20:00,0.479
2025-12-12 20:15,0.497783
2025-12-12 20:30,0.485935
2025-12-12 20:45,0.466832
2025-12-12 21:00,0.409897
2025-12-12 21:15,0.410112
2025-12-12 21:30,0.513303
2025-12-12 21:45,0.471992
2025-12-12 22:00,0.49514
2025-12-12 22:15,0.486349
2025-12-12 22:30,0.478401
2025-12-12 22:45,0.509973
2025-12-12 23:00,0.50017
2025-12-12 23:15,0.491128
2025-12-12 23:30,0.558598
2025-12-12 23:45,0.752761
2025-12-13 00:00,0.717739
2025-12-13 00:15,0.714128
2025-12-13 00:30,0.693475
2025-12-13 00:45,0.671756
2025-12-13 01:00,0.693516
2025-12-13 01:15,0.714316
2025-12-13 01:30,0.747105
2025-12-13 01:45,0.750576
2025-12-13 02:00,0.677969
2025-12-13 02:15,0.643443
2025-12-13 02:30,0.665103
2025-12-13 02:45,0.710316
2025-12-13 03:00,0.692471
2025-12-13 03:15,0.634647
2025-12-13 03:30,0.533964
2025-12-13 03:45,0.626776
2025-12-13 04:00,0.498971
2025-12-13 04:15,0.501595
2025-12-13 04:30,0.470912
2025-12-13 04:45,0.384684
2025-12-13 05:00,0.422752
2025-12-13 05:15,0.382605
2025-12-13 05:30,0.356485
2025-12-13 05:45,0.329847
2025-12-13 06:00,0.255809
2025-12-13 06:15,0.270583
2025-12-13 06:30,0.265127
2025-12-13 06:45,0.209268
2025-12-13 07:00,0.249796
2025-12-13 07:15,0.251397
2025-12-13 07:30,0.207862
2025-12-13 07:45,0.180136
2025-12-13 08:00,0.183803
2025-12-13 08:15,0.172632
2025-12-13 08:30,0.187047
2025-12-13 08:45,0.183431
2025-12-13 09:00,0.153343
2025-12-13 09:15,0.175678
2025-12-13 09:30,0.19458
2025-12-13 09:45,0.182753
2025-12-13 10:00,0.197001
2025-12-13 10:15,0.224734
2025-12-13 10:30,0.236201
2025-12-13 10:45,0.26547
2025-12-13 11:00,0.267057
2025-12-13 11:15,0.309386
2025-12-13 11:30,0.338245
2025-12-13 11:45,0.351583
2025-12-13 12:00,0.38307
2025-12-13 12:15,0.458259
2025-12-13 12:30,0.37506
2025-12-13 12:45,0.379784
2025-12-13 13:00,0.359411
2025-12-13 13:15,0.457531
2025-12-13 13:30,0.396386
2025-12-13 13:45,0.416055
2025-12-13 14:00,0.396084
2025-12-13 14:15,0.384126
2025-12-13 14:30,0.393086
2025-12-13 14:45,0.400477
2025-12-13 15:00,0.446108
2025-12-13 15:15,0.490376
2025-12-13 15:30,0.433596
2025-12-13 15:45,0.442795
2025-12-13 16:00,0.399971
2025-12-13 16:15,0.393007
2025-12-13 16:30,0.423832
2025-12-13 16:45,0.444695
2025-12-13 17:00,0.400825
2025-12-13 17:15,0.45571
2025-12-13 17:30,0.476454
2025-12-13 17:45,0.49664
2025-12-13 18:00,0.462136
2025-12-13 18:15,0.462237
2025-12-13 18:30,0.467195
2025-12-13 18:45,0.50525
2025-12-13 19:00,0.516821
2025-12-13 19:15,0.521023
2025-12-13 19:30,0.469375
2025-12-13 19:45,0.45183
2025-12-13 20:00,0.499634
2025-12-13 20:15,0.569048
2025-12-13 20:30,0.495403
2025-12-13 20:45,0.499227
2025-12-13 21:00,0.466808
2025-12-13 21:15,0.452491
2025-12-13 21:30,0.452577
2025-12-13 21:45,0.479812
2025-12-13 22:00,0.452359
2025-12-13 22:15,0.46288
2025-12-13 22:30,0.45258
2025-12-13 22:45,0.498416
2025-12-13 23:00,0.581918
2025-12-13 23:15,0.575162
2025-12-13 23:30,0.507764
2025-12-13 23:45,0.536445
2025-12-14 00:00,0.615061
2025-12-14 00:15,0.757689
2025-12-14 00:30,0.712874
2025-12-14 00:45,0.6791
2025-12-14 01:00,0.781741
2025-12-14 01:15,0.6885
2025-12-14 01:30,0.701622
2025-12-14 01:45,0.626406
2025-12-14 02:00,0.70909
2025-12-14 02:15,0.658269
2025-12-14 02:30,0.672342
2025-12-14 02:45,0.717261
2025-12-14 03:00,0.658274
2025-12-14 03:15,0.601712
2025-12-14 03:30,0.656872
2025-12-14 03:45,0.545934
2025-12-14 04:00,0.511012
2025-12-14 04:15,0.481901
2025-12-14 04:30,0.505044
2025-12-14 04:45,0.472614
2025-12-14 05:00,0.447233
2025-12-14 05:15,0.439802
2025-12-14 05:30,0.372933
2025-12-14 05:45,0.371795
2025-12-14 06:00,0.325637
2025-12-14 06:15,0.317663
2025-12-14 06:30,0.302975
2025-12-14 06:45,0.261997
2025-12-14 07:00,0.231344
2025-12-14 07:15,0.250299
2025-12-14 07:30,0.246195
2025-12-14 07:45,0.228744
2025-12-14 08:00,0.207368
2025-12-14 08:15,0.208828
2025-12-14 08:30,0.207781
2025-12-14 08:45,0.18478
2025-12-14 09:00,0.173766
2025-12-14 09:15,0.181794
2025-12-14 09:30,0.190385
2025-12-14 09:45,0.216791
2025-12-14 10:00,0.186773
2025-12-14 10:15,0.190764
2025-12-14 10:30,0.19198
2025-12-14 10:45,0.206255
2025-12-14 11:00,0.261183
2025-12-14 11:15,0.27996
2025-12-14 11:30,0.317975
2025-12-14 11:45,0.345697
2025-12-14 12:00,0.370592
2025-12-14 12:15,0.37304
2025-12-14 12:30,0.40872
2025-12-14 12:45,0.440093
2025-12-14 13:00,0.378497
2025-12-14 13:15,0.382426
2025-12-14 13:30,0.419318
2025-12-14 13:45,0.44584
2025-12-14 14:00,0.470276
2025-12-14 14:15,0.513975
2025-12-14 14:30,0.515079
2025-12-14 14:45,0.50759
2025-12-14 15:00,0.543456
2025-12-14 15:15,0.433458
2025-12-14 15:30,0.423927
2025-12-14 15:45,0.458123
2025-12-14 16:00,0.464357
2025-12-14 16:15,0.474875
2025-12-14 16:30,0.44947
2025-12-14 16:45,0.496273
2025-12-14 17:00,0.449534
2025-12-14 17:15,0.46826
2025-12-14 17:30,0.480048
2025-12-14 17:45,0.523519
2025-12-14 18:00,0.564997
2025-12-14 18:15,0.577283
2025-12-14 18:30,0.51431
2025-12-14 18:45,0.596803
2025-12-14 19:00,0.504478
2025-12-14 19:15,0.52443
2025-12-14 19:30,0.516772
2025-12-14 19:45,0.503502
2025-12-14 20:00,0.538172
2025-12-14 20:15,0.53668
2025-12-14 20:30,0.542364
2025-12-14 20:45,0.580289
2025-12-14 21:00,0.595068
2025-12-14 21:15,0.581606
2025-12-14 21:30,0.702681
2025-12-14 21:45,0.663127
2025-12-14 22:00,0.615501
2025-12-14 22:15,0.59442
2025-12-14 22:30,0.615926
2025-12-14 22:45,0.665878
2025-12-14 23:00,0.623251
2025-12-14 23:15,0.591357
2025-12-14 23:30,0.624775
2025-12-14 23:45,0.621366
2025-12-15 00:00,0.813059
2025-12-15 00:15,0.841827
2025-12-15 00:30,0.724567
2025-12-15 00:45,0.654383
2025-12-15 01:00,0.709771
2025-12-15 01:15,0.678224
2025-12-15 01:30,0.703296
2025-12-15 01:45,0.687783
2025-12-15 02:00,0.812574
2025-12-15 02:15,0.717833
2025-12-15 02:30,0.642248
2025-12-15 02:45,0.627086
2025-12-15 03:00,0.573161
2025-12-15 03:15,0.582197
2025-12-15 03:30,0.572964
2025-12-15 03:45,0.531212
2025-12-15 04:00,0.458907
2025-12-15 04:15,0.49595
2025-12-15 04:30,0.483467
2025-12-15 04:45,0.407935
2025-12-15 05:00,0.410686
2025-12-15 05:15,0.311705
2025-12-15 05:30,0.290486
2025-12-15 05:45,0.270724
2025-12-15 06:00,0.284016
2025-12-15 06:15,0.26632
2025-12-15 06:30,0.216696
2025-12-15 06:45,0.191071
2025-12-15 07:00,0.214337
2025-12-15 07:15,0.20803
2025-12-15 07:30,0.195377
2025-12-15 07:45,0.172918
2025-12-15 08:00,0.163687
2025-12-15 08:15,0.193104
2025-12-15 08:30,0.184761
2025-12-15 08:45,0.166277
2025-12-15 09:00,0.195423
2025-12-15 09:15,0.195598
2025-12-15 09:30,0.176401
2025-12-15 09:45,0.215261
2025-12-15 10:00,0.234868
2025-12-15 10:15,0.269867
2025-12-15 10:30,0.268555
2025-12-15 10:45,0.318697
2025-12-15 11:00,0.395727
2025-12-15 11:15,0.399407
2025-12-15 11:30,0.377769
2025-12-15 11:45,0.42186
2025-12-15 12:00,0.406205
2025-12-15 12:15,0.404857
2025-12-15 12:30,0.402842
2025-12-15 12:45,0.440285
2025-12-15 13:00,0.4399
2025-12-15 13:15,0.456605
2025-12-15 13:30,0.382799
2025-12-15 13:45,0.390301
2025-12-15 14:00,0.394644
2025-12-15 14:15,0.409822
2025-12-15 14:30,0.429989
2025-12-15 14:45,0.371979
2025-12-15 15:00,0.393598
2025-12-15 15:15,0.392448
2025-12-15 15:30,0.450364
2025-12-15 15:45,0.490061
2025-12-15 16:00,0.416677
2025-12-15 16:15,0.434738
2025-12-15 16:30,0.454755
2025-12-15 16:45,0.502523
2025-12-15 17:00,0.492889
2025-12-15 17:15,0.554046
2025-12-15 17:30,0.54096
2025-12-15 17:45,0.560872
2025-12-15 18:00,0.588375
2025-12-15 18:15,0.707895
2025-12-15 18:30,0.551737
2025-12-15 18:45,0.530316
2025-12-15 19:00,0.545236
2025-12-15 19:15,0.510392
2025-12-15 19:30,0.500026
2025-12-15 19:45,0.474032
2025-12-15 20:00,0.571634
2025-12-15 20:15,0.448143
2025-12-15 20:30,0.484405
2025-12-15 20:45,0.454622
2025-12-15 21:00,0.470603
2025-12-15 21:15,0.533278
2025-12-15 21:30,0.470898
2025-12-15 21:45,0.565898
2025-12-15 22:00,0.504651
2025-12-15 22:15,0.519045
2025-12-15 22:30,0.603147
2025-12-15 22:45,0.548513
2025-12-15 23:00,0.536907
2025-12-15 23:15,0.591195
2025-12-15 23:30,0.556011
2025-12-15 23:45,0.639953
2025-12-16 00:00,0.797379
2025-12-16 00:15,0.843198
2025-12-16 00:30,1.0
2025-12-16 00:45,0.857187
2025-12-16 01:00,0.807328
2025-12-16 01:15,0.743152
2025-12-16 01:30,0.704215
2025-12-16 01:45,0.694046
2025-12-16 02:00,0.717421
2025-12-16 02:15,0.667675
2025-12-16 02:30,0.722326
2025-12-16 02:45,0.675333
2025-12-16 03:00,0.62891
2025-12-16 03:15,0.613093
2025-12-16 03:30,0.564424
2025-12-16 03:45,0.543581
2025-12-16 04:00,0.492281
2025-12-16 04:15,0.438577
2025-12-16 04:30,0.412265
2025-12-16 04:45,0.402321
2025-12-16 05:00,0.359412
2025-12-16 05:15,0.35667
2025-12-16 05:30,0.303952
2025-12-16 05:45,0.293623
2025-12-16 06:00,0.253015
2025-12-16 06:15,0.232254
2025-12-16 06:30,0.217657
2025-12-16 06:45,0.193125
2025-12-16 07:00,0.199674
2025-12-16 07:15,0.184243
2025-12-16 07:30,0.168132
2025-12-16 07:45,0.180599
2025-12-16 08:00,0.163911
2025-12-16 08:15,0.199385
2025-12-16 08:30,0.200492
2025-12-16 08:45,0.231197
2025-12-16 09:00,0.241491
2025-12-16 09:15,0.295108
2025-12-16 09:30,0.347966
2025-12-16 09:45,0.338295
2025-12-16 10:00,0.339843
2025-12-16 10:15,0.335429
2025-12-16 10:30,0.360393
2025-12-16 10:45,0.393308
2025-12-16 11:00,0.432284
2025-12-16 11:15,0.454872
2025-12-16 11:30,0.421469
2025-12-16 11:45,0.486968
2025-12-16 12:00,0.44723
2025-12-16 12:15,0.423688
2025-12-16 12:30,0.488904
2025-12-16 12:45,0.469838
2025-12-16 13:00,0.429843
2025-12-16 13:15,0.406695
2025-12-16 13:30,0.42489
2025-12-16 13:45,0.423932
2025-12-16 14:00,0.463426
2025-12-16 14:15,0.452742
2025-12-16 14:30,0.438194
2025-12-16 14:45,0.471046
2025-12-16 15:00,0.412694
2025-12-16 15:15,0.442335
2025-12-16 15:30,0.417562
2025-12-16 15:45,0.389003
2025-12-16 16:00,0.424802
2025-12-16 16:15,0.402488
2025-12-16 16:30,0.423053
2025-12-16 16:45,0.4548
2025-12-16 17:00,0.51935
2025-12-16 17:15,0.431465
2025-12-16 17:30,0.507377
2025-12-16 17:45,0.516755
2025-12-16 18:00,0.497416
2025-12-16 18:15,0.527049
2025-12-16 18:30,0.507413
2025-12-16 18:45,0.360164
2025-12-16 19:00,0.415912
2025-12-16 19:15,0.506801
2025-12-16 19:30,0.506774
2025-12-16 19:45,0.558336
2025-12-16 20:00,0.53474
2025-12-16 20:15,0.636343
2025-12-16 20:30,0.536772
2025-12-16 20:45,0.57027
2025-12-16 21:00,0.570716
2025-12-16 21:15,0.558927
2025-12-16 21:30,0.569671
2025-12-16 21:45,0.608861
2025-12-16 22:00,0.580877
2025-12-16 22:15,0.59829
2025-12-16 22:30,0.541614
2025-12-16 22:45,0.584645
2025-12-16 23:00,0.534398
2025-12-16 23:15,0.627891
2025-12-16 23:30,0.579227
2025-12-16 23:45,0.675963
2025-12-17 00:00,0.950617
2025-12-17 00:00,0.924066
2025-12-17 00:15,0.849969
2025-12-17 00:30,0.874335
2025-12-17 00:45,0.812959
2025-12-17 01:00,0.768603
2025-12-17 01:15,0.616472
2025-12-17 01:30,0.677442
2025-12-17 01:45,0.726122
2025-12-17 02:00,0.680173
2025-12-17 02:15,0.712865
2025-12-17 02:30,0.666568
2025-12-17 02:45,0.756721
2025-12-17 03:00,0.631756
2025-12-17 03:15,0.563384
2025-12-17 03:30,0.548298
2025-12-17 03:45,0.550512
2025-12-17 04:00,0.488619
2025-12-17 04:15,0.511327
2025-12-17 04:30,0.428449
2025-12-17 04:45,0.431583
2025-12-17 05:00,0.319626
2025-12-17 05:15,0.354044
2025-12-17 05:30,0.289706
2025-12-17 05:45,0.23089
2025-12-17 06:00,0.237017
2025-12-17 06:15,0.245478
2025-12-17 06:30,0.20671
2025-12-17 06:45,0.220456
2025-12-17 07:00,0.205939
2025-12-17 07:15,0.187291
2025-12-17 07:30,0.191509
2025-12-17 07:45,0.197521
2025-12-17 08:00,0.209688
2025-12-17 08:15,0.222674
2025-12-17 08:30,0.210803
2025-12-17 08:45,0.252612
2025-12-17 09:00,0.29425
2025-12-17 09:15,0.303974
2025-12-17 09:30,0.30003
2025-12-17 09:45,0.338218
2025-12-17 10:00,0.364374
2025-12-17 10:15,0.366176
2025-12-17 10:30,0.377013
2025-12-17 10:45,0.370103
2025-12-17 11:00,0.339587
2025-12-17 11:15,0.401501
2025-12-17 11:30,0.371778
2025-12-17 11:45,0.432245
2025-12-17 12:00,0.421012
2025-12-17 12:15,0.426333
2025-12-17 12:30,0.433213
2025-12-17 12:45,0.420068
2025-12-17 13:00,0.444742
2025-12-17 13:15,0.39961
2025-12-17 13:30,0.420734
2025-12-17 13:45,0.361028
2025-12-17 14:00,0.371163
2025-12-17 14:15,0.365836
2025-12-17 14:30,0.330659
2025-12-17 14:45,0.376579
2025-12-17 15:00,0.387568
2025-12-17 15:15,0.357309
2025-12-17 15:30,0.399139
2025-12-17 15:45,0.44748
2025-12-17 16:00,0.436559
2025-12-17 16:15,0.408072
2025-12-17 16:30,0.380003
2025-12-17 16:45,0.44261
2025-12-17 17:00,0.433845
2025-12-17 17:15,0.443403
2025-12-17 17:30,0.447313
2025-12-17 17:45,0.454995
2025-12-17 18:00,0.451212
2025-12-17 18:15,0.452086
2025-12-17 18:30,0.472651
2025-12-17 18:45,0.50116
2025-12-17 19:00,0.538005
2025-12-17 19:15,0.586693
2025-12-17 19:30,0.556034
2025-12-17 19:45,0.545441
2025-12-17 20:00,0.491509
2025-12-17 20:15,0.465628
2025-12-17 20:30,0.544407
2025-12-17 20:45,0.478024
2025-12-17 21:00,0.523725
2025-12-17 21:15,0.532694
2025-12-17 21:30,0.523754
2025-12-17 21:45,0.510788
2025-12-17 22:00,0.444253
2025-12-17 22:15,0.523803
2025-12-17 22:30,0.468869
2025-12-17 22:45,0.464478
2025-12-17 23:00,0.534098
2025-12-17 23:15,0.566776
2025-12-17 23:30,0.590778
2025-12-17 23:45,0.645596
2025-12-18 00:00,0.684153
2025-12-18 00:15,0.770356
2025-12-18 00:30,0.733181
2025-12-18 00:45,0.873373
2025-12-18 01:00,1.0
2025-12-18 01:15,0.809718
2025-12-18 01:30,0.931749
2025-12-18 01:45,0.696393
2025-12-18 02:00,0.719738
2025-12-18 02:15,0.631469
2025-12-18 02:30,0.61011
2025-12-18 02:45,0.583028
2025-12-18 03:00,0.548292
2025-12-18 03:15,0.552248
2025-12-18 03:30,0.507023
2025-12-18 03:45,0.518276
2025-12-18 04:00,0.522008
2025-12-18 04:15,0.456446
2025-12-18 04:30,0.432489
2025-12-18 04:45,0.413915
2025-12-18 05:00,0.34731
2025-12-18 05:15,0.35433
2025-12-18 05:30,0.282088
2025-12-18 05:45,0.310857
2025-12-18 06:00,0.294785
2025-12-18 06:15,0.259752
2025-12-18 06:30,0.21737
2025-12-18 06:45,0.229664
2025-12-18 07:00,0.246727
2025-12-18 07:15,0.216004
2025-12-18 07:30,0.210878
2025-12-18 07:45,0.191955
2025-12-18 08:00,0.219471
2025-12-18 08:15,0.195047
2025-12-18 08:30,0.209394
2025-12-18 08:45,0.220554
2025-12-18 09:00,0.253632
2025-12-18 09:15,0.307605
2025-12-18 09:30,0.382177
2025-12-18 09:45,0.378956
2025-12-18 10:00,0.376618
2025-12-18 10:15,0.343367
2025-12-18 10:30,0.358305
2025-12-18 10:45,0.43332
2025-12-18 11:00,0.402285
2025-12-18 11:15,0.421117
2025-12-18 11:30,0.542555
2025-12-18 11:45,0.381045
2025-12-18 12:00,0.416132
2025-12-18 12:15,0.440071
2025-12-18 12:30,0.457771
2025-12-18 12:45,0.426457
2025-12-18 13:00,0.462188
2025-12-18 13:15,0.453522
2025-12-18 13:30,0.385001
2025-12-18 13:45,0.427931
2025-12-18 14:00,0.420829
2025-12-18 14:15,0.402629
2025-12-18 14:30,0.406676
2025-12-18 14:45,0.375979
2025-12-18 15:00,0.394822
2025-12-18 15:15,0.417464
2025-12-18 15:30,0.354967
2025-12-18 15:45,0.295048
2025-12-18 16:00,0.309867
2025-12-18 16:15,0.375411
2025-12-18 16:30,0.369904
2025-12-18 16:45,0.422994
2025-12-18 17:00,0.415135
2025-12-18 17:15,0.429784
2025-12-18 17:30,0.43962
2025-12-18 17:45,0.443144
2025-12-18 18:00,0.47363
2025-12-18 18:15,0.465796
2025-12-18 18:30,0.485889
2025-12-18 18:45,0.46507
2025-12-18 19:00,0.465306
2025-12-18 19:15,0.509791
2025-12-18 19:30,0.524529
2025-12-18 19:45,0.479236
2025-12-18 20:00,0.472285
2025-12-18 20:15,0.469881
2025-12-18 20:30,0.465618
2025-12-18 20:45,0.444888
2025-12-18 21:00,0.473302
2025-12-18 21:15,0.46571
2025-12-18 21:30,0.50164
2025-12-18 21:45,0.495151
2025-12-18 22:00,0.478345
2025-12-18 22:15,0.476976
2025-12-18 22:30,0.456917
2025-12-18 22:45,0.524308
2025-12-18 23:00,0.534509
2025-12-18 23:15,0.564636
2025-12-18 23:30,0.548626
2025-12-18 23:45,0.638961
2025-12-19 00:00,0.705623
2025-12-19 00:15,0.736757
2025-12-19 00:30,0.682411
2025-12-19 00:45,0.71966
2025-12-19 01:00,0.757754
2025-12-19 01:15,0.693906
2025-12-19 01:30,0.697271
2025-12-19 01:45,0.734154
2025-12-19 02:00,0.669458
2025-12-19 02:15,0.664124
2025-12-19 02:30,0.608515
2025-12-19 02:45,0.746257
2025-12-19 03:00,0.55344
2025-12-19 03:15,0.637357
2025-12-19 03:30,0.601222
2025-12-19 03:45,0.553981
2025-12-19 04:00,0.414384
2025-12-19 04:15,0.415764
2025-12-19 04:30,0.477897
2025-12-19 04:45,0.385635
2025-12-19 05:00,0.371719
2025-12-19 05:15,0.352649
2025-12-19 05:30,0.329619
2025-12-19 05:45,0.288069
2025-12-19 06:00,0.265641
2025-12-19 06:15,0.262198
2025-12-19 06:30,0.251874
2025-12-19 06:45,0.279733
2025-12-19 07:00,0.213091
2025-12-19 07:15,0.249328
2025-12-19 07:30,0.20396
2025-12-19 07:45,0.209251
2025-12-19 08:00,0.229967
2025-12-19 08:15,0.194762
2025-12-19 08:30,0.202854
2025-12-19 08:45,0.241243
2025-12-19 09:00,0.313329
2025-12-19 09:15,0.317053
2025-12-19 09:30,0.301529
2025-12-19 09:45,0.325773
2025-12-19 10:00,0.294898
2025-12-19 10:15,0.29763
2025-12-19 10:30,0.251316
2025-12-19 10:45,0.314605
2025-12-19 11:00,0.290516
2025-12-19 11:15,0.350734
2025-12-19 11:30,0.433796
2025-12-19 11:45,0.361122
2025-12-19 12:00,0.428542
2025-12-19 12:15,0.421308
2025-12-19 12:30,0.478014
2025-12-19 12:45,0.510715
2025-12-19 13:00,0.496902
2025-12-19 13:15,0.397076
2025-12-19 13:30,0.467036
2025-12-19 13:45,0.445302
2025-12-19 14:00,0.429167
2025-12-19 14:15,0.44436
2025-12-19 14:30,0.408169
2025-12-19 14:45,0.409271
2025-12-19 15:00,0.397138
2025-12-19 15:15,0.428817
2025-12-19 15:30,0.465771
2025-12-19 15:45,0.503178
2025-12-19 16:00,0.450746
2025-12-19 16:15,0.430939
2025-12-19 16:30,0.436316
2025-12-19 16:45,0.408017
2025-12-19 17:00,0.437286
2025-12-19 17:15,0.525396
2025-12-19 17:30,0.494577
2025-12-19 17:45,0.492056
2025-12-19 18:00,0.519379
2025-12-19 18:15,0.51432
2025-12-19 18:30,0.492807
2025-12-19 18:45,0.501683
2025-12-19 19:00,0.485362
2025-12-19 19:15,0.468338
2025-12-19 19:30,0.494492
2025-12-19 19:45,0.45135
2025-12-19 20:00,0.551696
2025-12-19 20:15,0.462637
2025-12-19 20:30,0.439429
2025-12-19 20:45,0.463765
2025-12-19 21:00,0.483922
2025-12-19 21:15,0.545922
2025-12-19 21:30,0.535797
2025-12-19 21:45,0.523197
2025-12-19 22:00,0.464611
2025-12-19 22:15,0.416657
2025-12-19 22:30,0.425872
2025-12-19 22:45,0.469326
2025-12-19 23:00,0.483103
2025-12-19 23:15,0.438144
2025-12-19 23:30,0.507302
2025-12-19 23:45,0.55263
2025-12-20 00:00,0.627426
2025-12-20 00:15,0.705022
2025-12-20 00:30,0.660928
2025-12-20 00:45,0.66978
2025-12-20 01:00,0.742606
2025-12-20 01:15,0.658642
2025-12-20 01:30,0.638018
2025-12-20 01:45,0.602546
2025-12-20 02:00,0.621542
2025-12-20 02:15,0.63471
2025-12-20 02:30,0.637496
2025-12-20 02:45,0.590999
2025-12-20 03:00,0.565209
2025-12-20 03:15,0.50721
2025-12-20 03:30,0.542943
2025-12-20 03:45,0.534992
2025-12-20 04:00,0.502999
2025-12-20 04:15,0.488838
2025-12-20 04:30,0.471749
2025-12-20 04:45,0.45935
2025-12-20 05:00,0.429196
2025-12-20 05:15,0.337772
2025-12-20 05:30,0.321576
2025-12-20 05:45,0.298807
2025-12-20 06:00,0.302068
2025-12-20 06:15,0.241673
2025-12-20 06:30,0.264543
2025-12-20 06:45,0.229632
2025-12-20 07:00,0.225623
2025-12-20 07:15,0.226262
2025-12-20 07:30,0.202271
2025-12-20 07:45,0.201214
2025-12-20 08:00,0.196946
2025-12-20 08:15,0.212339
2025-12-20 08:30,0.223989
2025-12-20 08:45,0.26151
2025-12-20 09:00,0.251568
2025-12-20 09:15,0.277959
2025-12-20 09:30,0.285338
2025-12-20 09:45,0.298256
2025-12-20 10:00,0.29157
2025-12-20 10:15,0.243818
2025-12-20 10:30,0.252057
2025-12-20 10:45,0.263421
2025-12-20 11:00,0.260234
2025-12-20 11:15,0.263962
2025-12-20 11:30,0.253998
2025-12-20 11:45,0.302528
2025-12-20 12:00,0.336787
2025-12-20 12:15,0.368353
2025-12-20 12:30,0.411498
2025-12-20 12:45,0.39232
2025-12-20 13:00,0.43059
2025-12-20 13:15,0.388138
2025-12-20 13:30,0.38593
2025-12-20 13:45,0.431005
2025-12-20 14:00,0.38867
2025-12-20 14:15,0.375408
2025-12-20 14:30,0.367542
2025-12-20 14:45,0.457266
2025-12-20 15:00,0.466022
2025-12-20 15:15,0.433376
2025-12-20 15:30,0.435472
2025-12-20 15:45,0.42472
2025-12-20 16:00,0.4377
2025-12-20 16:15,0.432041
2025-12-20 16:30,0.405277
2025-12-20 16:45,0.450957
2025-12-20 17:00,0.390641
2025-12-20 17:15,0.41305
2025-12-20 17:30,0.439922
2025-12-20 17:45,0.497767
2025-12-20 18:00,0.475413
2025-12-20 18:15,0.47425
2025-12-20 18:30,0.431917
2025-12-20 18:45,0.474019
2025-12-20 19:00,0.45793
2025-12-20 19:15,0.45741
2025-12-20 19:30,0.461638
2025-12-20 19:45,0.499848
2025-12-20 20:00,0.503082
2025-12-20 20:15,0.531231
2025-12-20 20:30,0.567916
2025-12-20 20:45,0.472506
2025-12-20 21:00,0.484144
2025-12-20 21:15,0.508865
2025-12-20 21:30,0.521988
2025-12-20 21:45,0.514683
2025-12-20 22:00,0.478721
2025-12-20 22:15,0.504174
2025-12-20 22:30,0.523267
2025-12-20 22:45,0.507866
2025-12-20 23:00,0.494194
2025-12-20 23:15,0.541562
2025-12-20 23:30,0.624098
2025-12-20 23:45,0.712562
2025-12-21 00:00,0.720989
2025-12-21 00:15,0.728732
2025-12-21 00:30,0.7466
2025-12-21 00:45,0.759862
2025-12-21 01:00,0.772196
2025-12-21 01:15,0.648283
2025-12-21 01:30,0.683653
2025-12-21 01:45,0.577446
2025-12-21 02:00,0.586579
2025-12-21 02:15,0.617889
2025-12-21 02:30,0.583691
2025-12-21 02:45,0.622865
2025-12-21 03:00,0.641912
2025-12-21 03:15,0.582263
2025-12-21 03:30,0.592349
2025-12-21 03:45,0.565484
2025-12-21 04:00,0.546886
2025-12-21 04:15,0.470462
2025-12-21 04:30,0.439319
2025-12-21 04:45,0.440406
2025-12-21 05:00,0.409033
2025-12-21 05:15,0.372191
2025-12-21 05:30,0.385911
2025-12-21 05:45,0.304145
2025-12-21 06:00,0.295076
2025-12-21 06:15,0.292645
2025-12-21 06:30,0.279668
2025-12-21 06:45,0.260833
2025-12-21 07:00,0.254257
2025-12-21 07:15,0.22091
2025-12-21 07:30,0.2155
2025-12-21 07:45,0.21302
2025-12-21 08:00,0.213713
2025-12-21 08:15,0.227396
2025-12-21 08:30,0.226778
2025-12-21 08:45,0.253674
2025-12-21 09:00,0.240648
2025-12-21 09:15,0.306731
2025-12-21 09:30,0.324177
2025-12-21 09:45,0.325029
2025-12-21 10:00,0.309377
2025-12-21 10:15,0.263192
2025-12-21 10:30,0.26141
2025-12-21 10:45,0.263555
2025-12-21 11:00,0.252585
2025-12-21 11:15,0.277674
2025-12-21 11:30,0.300667
2025-12-21 11:45,0.365442
2025-12-21 12:00,0.337385
2025-12-21 12:15,0.366168
2025-12-21 12:30,0.328235
2025-12-21 12:45,0.375138
2025-12-21 13:00,0.417438
2025-12-21 13:15,0.398393
2025-12-21 13:30,0.380479
2025-12-21 13:45,0.415069
2025-12-21 14:00,0.409798
2025-12-21 14:15,0.422887
2025-12-21 14:30,0.423503
2025-12-21 14:45,0.42684
2025-12-21 15:00,0.44814
2025-12-21 15:15,0.491952
2025-12-21 15:30,0.485556
2025-12-21 15:45,0.437834
2025-12-21 16:00,0.411589
2025-12-21 16:15,0.422272
2025-12-21 16:30,0.441826
2025-12-21 16:45,0.457673
2025-12-21 17:00,0.440066
2025-12-21 17:15,0.446116
2025-12-21 17:30,0.426705
2025-12-21 17:45,0.489709
2025-12-21 18:00,0.499884
2025-12-21 18:15,0.483446
2025-12-21 18:30,0.492542
2025-12-21 18:45,0.50044
2025-12-21 19:00,0.514206
2025-12-21 19:15,0.545677
2025-12-21 19:30,0.483449
2025-12-21 19:45,0.487967
2025-12-21 20:00,0.485861
2025-12-21 20:15,0.515377
2025-12-21 20:30,0.510226
2025-12-21 20:45,0.491878
2025-12-21 21:00,0.525471
2025-12-21 21:15,0.466604
2025-12-21 21:30,0.519353
2025-12-21 21:45,0.597094
2025-12-21 22:00,0.600964
2025-12-21 22:15,0.608148
2025-12-21 22:30,0.566648
2025-12-21 22:45,0.576548
2025-12-21 23:00,0.57602
2025-12-21 23:15,0.60576
2025-12-21 23:30,0.567322
2025-12-21 23:45,0.726725
2025-12-22 00:00,0.722492
2025-12-22 00:15,0.807995
2025-12-22 00:30,0.726555
2025-12-22 00:45,0.965095
2025-12-22 01:00,0.722513
2025-12-22 01:15,0.769577
2025-12-22 01:30,0.698787
2025-12-22 01:45,0.692793
2025-12-22 02:00,0.600837
2025-12-22 02:15,0.615862
2025-12-22 02:30,0.6306
2025-12-22 02:45,0.667648
2025-12-22 03:00,0.576565
2025-12-22 03:15,0.549434
2025-12-22 03:30,0.549047
2025-12-22 03:45,0.534331
2025-12-22 04:00,0.543564
2025-12-22 04:15,0.481651
2025-12-22 04:30,0.483496
2025-12-22 04:45,0.429107
2025-12-22 05:00,0.387724
2025-12-22 05:15,0.3376
2025-12-22 05:30,0.358217
2025-12-22 05:45,0.330125
2025-12-22 06:00,0.298433
2025-12-22 06:15,0.267338
2025-12-22 06:30,0.278227
2025-12-22 06:45,0.243923
2025-12-22 07:00,0.232312
2025-12-22 07:15,0.198424
2025-12-22 07:30,0.201485
2025-12-22 07:45,0.19472
2025-12-22 08:00,0.197296
2025-12-22 08:15,0.237578
2025-12-22 08:30,0.226431
2025-12-22 08:45,0.252174
2025-12-22 09:00,0.287929
2025-12-22 09:15,0.297235
2025-12-22 09:30,0.334235
2025-12-22 09:45,0.425124
2025-12-22 10:00,0.349409
2025-12-22 10:15,0.332781
2025-12-22 10:30,0.331642
2025-12-22 10:45,0.417781
2025-12-22 11:00,0.408844
2025-12-22 11:15,0.368197
2025-12-22 11:30,0.373535
2025-12-22 11:45,0.407146
2025-12-22 12:00,0.392646
2025-12-22 12:15,0.464332
2025-12-22 12:30,0.421438
2025-12-22 12:45,0.435365
2025-12-22 13:00,0.455711
2025-12-22 13:15,0.379443
2025-12-22 13:30,0.405229
2025-12-22 13:45,0.425429
2025-12-22 14:00,0.398919
2025-12-22 14:15,0.411007
2025-12-22 14:30,0.430294
2025-12-22 14:45,0.398225
2025-12-22 15:00,0.428182
2025-12-22 15:15,0.428145
2025-12-22 15:30,0.415409
2025-12-22 15:45,0.485744
2025-12-22 16:00,0.46388
2025-12-22 16:15,0.444976
2025-12-22 16:30,0.475684
2025-12-22 16:45,0.458572
2025-12-22 17:00,0.440131
2025-12-22 17:15,0.453039
2025-12-22 17:30,0.495705
2025-12-22 17:45,0.534017
2025-12-22 18:00,0.538169
2025-12-22 18:15,0.497198
2025-12-22 18:30,0.52008
2025-12-22 18:45,0.508912
2025-12-22 19:00,0.509954
2025-12-22 19:15,0.556789
2025-12-22 19:30,0.547954
2025-12-22 19:45,0.4885
2025-12-22 20:00,0.491913
2025-12-22 20:15,0.514839
2025-12-22 20:30,0.489313
2025-12-22 20:45,0.499209
2025-12-22 21:00,0.458237
2025-12-22 21:15,0.466548
2025-12-22 21:30,0.465678
2025-12-22 21:45,0.446184
2025-12-22 22:00,0.448813
2025-12-22 22:15,0.454726
2025-12-22 22:30,0.463743
2025-12-22 22:45,0.494372
2025-12-22 23:00,0.525713
2025-12-22 23:15,0.519349
2025-12-22 23:30,0.522708
2025-12-22 23:45,0.568195
2025-12-23 00:00,0.685597
2025-12-23 00:15,0.681934
2025-12-23 00:30,0.666726
2025-12-23 00:45,0.751302
2025-12-23 01:00,0.740958
2025-12-23 01:15,0.650577
2025-12-23 01:30,0.620873
2025-12-23 01:45,0.633752
2025-12-23 02:00,0.650806
2025-12-23 02:15,0.635139
2025-12-23 02:30,0.605754
2025-12-23 02:45,0.623144
2025-12-23 03:00,0.618109
2025-12-23 03:15,0.555918
2025-12-23 03:30,0.540573
2025-12-23 03:45,0.539815
2025-12-23 04:00,0.488588
2025-12-23 04:15,0.50379
2025-12-23 04:30,0.477605
2025-12-23 04:45,0.461827
2025-12-23 05:00,0.429415
2025-12-23 05:15,0.377699
2025-12-23 05:30,0.33765
2025-12-23 05:45,0.309018
2025-12-23 06:00,0.308677
2025-12-23 06:15,0.267949
2025-12-23 06:30,0.30654
2025-12-23 06:45,0.216682
2025-12-23 07:00,0.226083
2025-12-23 07:15,0.23885
2025-12-23 07:30,0.234443
2025-12-23 07:45,0.186534
2025-12-23 08:00,0.200503
2025-12-23 08:15,0.211658
2025-12-23 08:30,0.224968
2025-12-23 08:45,0.211921
2025-12-23 09:00,0.260701
2025-12-23 09:15,0.279468
2025-12-23 09:30,0.29202
2025-12-23 09:45,0.31336
2025-12-23 10:00,0.319865
2025-12-23 10:15,0.298159
2025-12-23 10:30,0.300832
2025-12-23 10:45,0.318654
2025-12-23 11:00,0.371117
2025-12-23 11:15,0.370255
2025-12-23 11:30,0.375536
2025-12-23 11:45,0.384644
2025-12-23 12:00,0.359341
2025-12-23 12:15,0.423279
2025-12-23 12:30,0.382662
2025-12-23 12:45,0.424242
2025-12-23 13:00,0.383171
2025-12-23 13:15,0.45297
2025-12-23 13:30,0.440265
2025-12-23 13:45,0.399582
2025-12-23 14:00,0.415477
2025-12-23 14:15,0.379098
2025-12-23 14:30,0.395159
2025-12-23 14:45,0.417522
2025-12-23 15:00,0.404469
2025-12-23 15:15,0.422088
2025-12-23 15:30,0.437744
2025-12-23 15:45,0.421538
2025-12-23 16:00,0.391063
2025-12-23 16:15,0.412647
2025-12-23 16:30,0.397744
2025-12-23 16:45,0.4522
2025-12-23 17:00,0.45505
2025-12-23 17:15,0.459202
2025-12-23 17:30,0.453681
2025-12-23 17:45,0.48018
2025-12-23 18:00,0.458208
2025-12-23 18:15,0.477354
2025-12-23 18:30,0.498958
2025-12-23 18:45,0.543926
2025-12-23 19:00,0.506917
2025-12-23 19:15,0.502268
2025-12-23 19:30,0.527637
2025-12-23 19:45,0.450912
2025-12-23 20:00,0.477071
2025-12-23 20:15,0.479047
2025-12-23 20:30,0.456585
2025-12-23 20:45,0.449293
2025-12-23 21:00,0.418273
2025-12-23 21:15,0.43935
2025-12-23 21:30,0.443803
2025-12-23 21:45,0.442954
2025-12-23 22:00,0.543417
2025-12-23 22:15,0.508358
2025-12-23 22:30,0.480774
2025-12-23 22:45,0.49921
2025-12-23 23:00,0.539967
2025-12-23 23:15,0.54813
2025-12-23 23:30,0.569474
2025-12-23 23:45,0.606332
2025-12-24 00:00,0.664649
2025-12-24 00:00,0.840344
2025-12-24 00:15,0.849309
2025-12-24 00:30,0.857419
2025-12-24 00:45,0.893596
2025-12-24 01:00,0.892155
2025-12-24 01:15,0.909463
2025-12-24 01:30,0.808616
2025-12-24 01:45,0.881775
2025-12-24 02:00,0.919952
2025-12-24 02:15,0.827582
2025-12-24 02:30,0.83025
2025-12-24 02:45,0.795177
2025-12-24 03:00,0.857525
2025-12-24 03:15,0.768821
2025-12-24 03:30,0.822651
2025-12-24 03:45,0.639626
2025-12-24 04:00,0.663053
2025-12-24 04:15,0.615582
2025-12-24 04:30,0.601503
2025-12-24 04:45,0.550678
2025-12-24 05:00,0.510278
2025-12-24 05:15,0.449983
2025-12-24 05:30,0.446832
2025-12-24 05:45,0.409821
2025-12-24 06:00,0.386524
2025-12-24 06:15,0.342344
2025-12-24 06:30,0.352218
2025-12-24 06:45,0.320965
2025-12-24 07:00,0.321857
2025-12-24 07:15,0.262648
2025-12-24 07:30,0.241828
2025-12-24 07:45,0.249211
2025-12-24 08:00,0.264937
2025-12-24 08:15,0.285468
2025-12-24 08:30,0.303771
2025-12-24 08:45,0.313233
2025-12-24 09:00,0.376394
2025-12-24 09:15,0.414621
2025-12-24 09:30,0.451797
2025-12-24 09:45,0.429356
2025-12-24 10:00,0.402717
2025-12-24 10:15,0.372502
2025-12-24 10:30,0.365798
2025-12-24 10:45,0.376336
2025-12-24 11:00,0.473828
2025-12-24 11:15,0.425896
2025-12-24 11:30,0.482844
2025-12-24 11:45,0.459671
2025-12-24 12:00,0.488969
2025-12-24 12:15,0.459498
2025-12-24 12:30,0.495382
2025-12-24 12:45,0.535369
2025-12-24 13:00,0.507057
2025-12-24 13:15,0.552793
2025-12-24 13:30,0.526911
2025-12-24 13:45,0.4666
2025-12-24 14:00,0.516838
2025-12-24 14:15,0.460444
2025-12-24 14:30,0.475994
2025-12-24 14:45,0.547569
2025-12-24 15:00,0.48766
2025-12-24 15:15,0.49924
2025-12-24 15:30,0.542314
2025-12-24 15:45,0.495723
2025-12-24 16:00,0.512232
2025-12-24 16:15,0.528283
2025-12-24 16:30,0.512114
2025-12-24 16:45,0.53866
2025-12-24 17:00,0.626692
2025-12-24 17:15,0.599989
2025-12-24 17:30,0.573406
2025-12-24 17:45,0.655669
2025-12-24 18:00,0.632415
2025-12-24 18:15,0.697238
2025-12-24 18:30,0.640485
2025-12-24 18:45,0.666232
2025-12-24 19:00,0.610389
2025-12-24 19:15,0.597875
2025-12-24 19:30,0.724771
2025-12-24 19:45,0.664052
2025-12-24 20:00,0.680273
2025-12-24 20:15,0.593841
2025-12-24 20:30,0.590583
2025-12-24 20:45,0.64779
2025-12-24 21:00,0.627807
2025-12-24 21:15,0.574834
2025-12-24 21:30,0.598196
2025-12-24 21:45,0.639612
2025-12-24 22:00,0.672892
2025-12-24 22:15,0.630253
2025-12-24 22:30,0.596407
2025-12-24 22:45,0.621632
2025-12-24 23:00,0.627409
2025-12-24 23:15,0.631447
2025-12-24 23:30,0.778004
2025-12-24 23:45,0.700778
2025-12-25 00:00,0.806251
2025-12-25 00:15,0.825484
2025-12-25 00:30,0.828762
2025-12-25 00:45,0.862235
2025-12-25 01:00,0.779133
2025-12-25 01:15,0.767439
2025-12-25 01:30,0.745063
2025-12-25 01:45,0.724947
2025-12-25 02:00,0.719229
2025-12-25 02:15,0.729671
2025-12-25 02:30,0.746288
2025-12-25 02:45,0.80252
2025-12-25 03:00,0.800041
2025-12-25 03:15,0.765824
2025-12-25 03:30,0.751873
2025-12-25 03:45,0.752392
2025-12-25 04:00,0.573189
2025-12-25 04:15,0.541327
2025-12-25 04:30,0.525093
2025-12-25 04:45,0.510567
2025-12-25 05:00,0.531101
2025-12-25 05:15,0.502415
2025-12-25 05:30,0.510148
2025-12-25 05:45,0.468781
2025-12-25 06:00,0.413233
2025-12-25 06:15,0.397629
2025-12-25 06:30,0.324801
2025-12-25 06:45,0.323005
2025-12-25 07:00,0.326277
2025-12-25 07:15,0.277646
2025-12-25 07:30,0.273488
2025-12-25 07:45,0.28321
2025-12-25 08:00,0.260613
2025-12-25 08:15,0.237227
2025-12-25 08:30,0.237549
2025-12-25 08:45,0.213474
2025-12-25 09:00,0.209409
2025-12-25 09:15,0.210598
2025-12-25 09:30,0.24425
2025-12-25 09:45,0.222501
2025-12-25 10:00,0.19802
2025-12-25 10:15,0.222379
2025-12-25 10:30,0.229959
2025-12-25 10:45,0.248355
2025-12-25 11:00,0.342138
2025-12-25 11:15,0.332176
2025-12-25 11:30,0.338378
2025-12-25 11:45,0.394138
2025-12-25 12:00,0.400937
2025-12-25 12:15,0.384278
2025-12-25 12:30,0.437524
2025-12-25 12:45,0.462598
2025-12-25 13:00,0.448792
2025-12-25 13:15,0.479785
2025-12-25 13:30,0.506571
2025-12-25 13:45,0.488186
2025-12-25 14:00,0.524608
2025-12-25 14:15,0.558672
2025-12-25 14:30,0.548563
2025-12-25 14:45,0.594144
2025-12-25 15:00,0.566442
2025-12-25 15:15,0.590132
2025-12-25 15:30,0.492889
2025-12-25 15:45,0.556267
2025-12-25 16:00,0.592133
2025-12-25 16:15,0.590316
2025-12-25 16:30,0.563688
2025-12-25 16:45,0.549178
2025-12-25 17:00,0.598736
2025-12-25 17:15,0.555533
2025-12-25 17:30,0.595499
2025-12-25 17:45,0.587631
2025-12-25 18:00,0.61155
2025-12-25 18:15,0.635285
2025-12-25 18:30,0.619593
2025-12-25 18:45,0.648848
2025-12-25 19:00,0.598262
2025-12-25 19:15,0.642126
2025-12-25 19:30,0.602463
2025-12-25 19:45,0.596078
2025-12-25 20:00,0.600533
2025-12-25 20:15,0.584363
2025-12-25 20:30,0.629571
2025-12-25 20:45,0.612013
2025-12-25 21:00,0.62062
2025-12-25 21:15,0.593036
2025-12-25 21:30,0.626254
2025-12-25 21:45,0.603789
2025-12-25 22:00,0.653808
2025-12-25 22:15,0.650956
2025-12-25 22:30,0.60856
2025-12-25 22:45,0.65604
2025-12-25 23:00,0.762404
2025-12-25 23:15,0.741684
2025-12-25 23:30,0.71173
2025-12-25 23:45,0.717963
2025-12-26 00:00,0.714138
2025-12-26 00:15,0.786618
2025-12-26 00:30,0.753195
2025-12-26 00:45,0.772063
2025-12-26 01:00,0.69192
2025-12-26 01:15,0.761654
2025-12-26 01:30,0.811266
2025-12-26 01:45,0.781564
2025-12-26 02:00,0.794692
2025-12-26 02:15,0.813105
2025-12-26 02:30,0.828255
2025-12-26 02:45,0.729753
2025-12-26 03:00,0.747678
2025-12-26 03:15,0.695724
2025-12-26 03:30,0.737094
2025-12-26 03:45,0.741714
2025-12-26 04:00,0.661038
2025-12-26 04:15,0.651218
2025-12-26 04:30,0.7039
2025-12-26 04:45,0.596439
2025-12-26 05:00,0.572557
2025-12-26 05:15,0.486429
2025-12-26 05:30,0.453544
2025-12-26 05:45,0.474844
2025-12-26 06:00,0.458207
2025-12-26 06:15,0.486829
2025-12-26 06:30,0.40078
2025-12-26 06:45,0.341272
2025-12-26 07:00,0.32779
2025-12-26 07:15,0.321082
2025-12-26 07:30,0.297549
2025-12-26 07:45,0.281039
2025-12-26 08:00,0.27943
2025-12-26 08:15,0.296698
2025-12-26 08:30,0.245905
2025-12-26 08:45,0.248581
2025-12-26 09:00,0.300797
2025-12-26 09:15,0.232036
2025-12-26 09:30,0.23246
2025-12-26 09:45,0.213183
2025-12-26 10:00,0.246194
2025-12-26 10:15,0.253252
2025-12-26 10:30,0.283294
2025-12-26 10:45,0.281687
2025-12-26 11:00,0.290676
2025-12-26 11:15,0.317495
2025-12-26 11:30,0.379519
2025-12-26 11:45,0.382429
2025-12-26 12:00,0.447558
2025-12-26 12:15,0.440312
2025-12-26 12:30,0.45808
2025-12-26 12:45,0.449165
2025-12-26 13:00,0.510859
2025-12-26 13:15,0.450761
2025-12-26 13:30,0.475619
2025-12-26 13:45,0.542612
2025-12-26 14:00,0.485043
2025-12-26 14:15,0.557676
2025-12-26 14:30,0.507789
2025-12-26 14:45,0.508139
2025-12-26 15:00,0.576553
2025-12-26 15:15,0.607774
2025-12-26 15:30,0.548068
2025-12-26 15:45,0.609969
2025-12-26 16:00,0.569811
2025-12-26 16:15,0.505587
2025-12-26 16:30,0.52297
2025-12-26 16:45,0.558317
2025-12-26 17:00,0.565206
2025-12-26 17:15,0.56224
2025-12-26 17:30,0.616476
2025-12-26 17:45,0.623198
2025-12-26 18:00,0.625864
2025-12-26 18:15,0.62399
2025-12-26 18:30,0.63391
2025-12-26 18:45,0.615208
2025-12-26 19:00,0.66002
2025-12-26 19:15,0.647357
2025-12-26 19:30,0.636747
2025-12-26 19:45,0.632869
2025-12-26 20:00,0.608969
2025-12-26 20:15,0.645753
2025-12-26 20:30,0.63817
2025-12-26 20:45,0.634409
2025-12-26 21:00,0.607363
2025-12-26 21:15,0.615973
2025-12-26 21:30,0.648688
2025-12-26 21:45,0.693782
2025-12-26 22:00,0.649713
2025-12-26 22:15,0.612247
2025-12-26 22:30,0.650823
2025-12-26 22:45,0.626397
2025-12-26 23:00,0.704588
2025-12-26 23:15,0.63859
2025-12-26 23:30,0.710905
2025-12-26 23:45,0.790956
2025-12-27 00:00,0.760898
2025-12-27 00:15,0.78437
2025-12-27 00:30,0.843501
2025-12-27 00:45,0.767384
2025-12-27 01:00,0.843604
2025-12-27 01:15,0.775667
2025-12-27 01:30,0.760949
2025-12-27 01:45,0.773942
2025-12-27 02:00,0.805908
2025-12-27 02:15,0.74767
2025-12-27 02:30,0.799922
2025-12-27 02:45,0.791057
2025-12-27 03:00,0.736532
2025-12-27 03:15,0.697547
2025-12-27 03:30,0.696458
2025-12-27 03:45,0.695522
2025-12-27 04:00,0.646503
2025-12-27 04:15,0.612571
2025-12-27 04:30,0.568199
2025-12-27 04:45,0.574817
2025-12-27 05:00,0.553929
2025-12-27 05:15,0.534286
2025-12-27 05:30,0.474926
2025-12-27 05:45,0.442387
2025-12-27 06:00,0.396014
2025-12-27 06:15,0.35416
2025-12-27 06:30,0.346573
2025-12-27 06:45,0.347614
2025-12-27 07:00,0.282611
2025-12-27 07:15,0.312337
2025-12-27 07:30,0.285896
2025-12-27 07:45,0.289856
2025-12-27 08:00,0.224038
2025-12-27 08:15,0.244065
2025-12-27 08:30,0.224683
2025-12-27 08:45,0.231906
2025-12-27 09:00,0.214363
2025-12-27 09:15,0.226279
2025-12-27 09:30,0.212014
2025-12-27 09:45,0.215555
2025-12-27 10:00,0.251639
2025-12-27 10:15,0.233838
2025-12-27 10:30,0.233806
2025-12-27 10:45,0.273714
2025-12-27 11:00,0.288895
2025-12-27 11:15,0.323081
2025-12-27 11:30,0.344574
2025-12-27 11:45,0.383057
2025-12-27 12:00,0.445804
2025-12-27 12:15,0.446591
2025-12-27 12:30,0.417165
2025-12-27 12:45,0.462541
2025-12-27 13:00,0.446132
2025-12-27 13:15,0.504382
2025-12-27 13:30,0.538961
2025-12-27 13:45,0.492576
2025-12-27 14:00,0.508745
2025-12-27 14:15,0.529606
2025-12-27 14:30,0.500092
2025-12-27 14:45,0.492132
2025-12-27 15:00,0.435626
2025-12-27 15:15,0.467563
2025-12-27 15:30,0.493209
2025-12-27 15:45,0.510453
2025-12-27 16:00,0.510014
2025-12-27 16:15,0.527615
2025-12-27 16:30,0.577239
2025-12-27 16:45,0.518227
2025-12-27 17:00,0.495413
2025-12-27 17:15,0.580503
2025-12-27 17:30,0.500953
2025-12-27 17:45,0.538191
2025-12-27 18:00,0.555076
2025-12-27 18:15,0.556314
2025-12-27 18:30,0.505191
2025-12-27 18:45,0.565191
2025-12-27 19:00,0.563784
2025-12-27 19:15,0.566277
2025-12-27 19:30,0.564002
2025-12-27 19:45,0.677014
2025-12-27 20:00,0.650218
2025-12-27 20:15,0.735663
2025-12-27 20:30,0.706186
2025-12-27 20:45,0.66188
2025-12-27 21:00,0.626951
2025-12-27 21:15,0.59348
2025-12-27 21:30,0.628524
2025-12-27 21:45,0.622862
2025-12-27 22:00,0.598066
2025-12-27 22:15,0.584651
2025-12-27 22:30,0.606041
2025-12-27 22:45,0.630205
2025-12-27 23:00,0.638452
2025-12-27 23:15,0.653637
2025-12-27 23:30,0.720719
2025-12-27 23:45,0.819244
2025-12-28 00:00,0.818984
2025-12-28 00:15,0.849706
2025-12-28 00:30,0.877264
2025-12-28 00:45,0.939707
2025-12-28 01:00,0.923186
2025-12-28 01:15,0.785784
2025-12-28 01:30,0.924697
2025-12-28 01:45,0.94809
2025-12-28 02:00,0.823911
2025-12-28 02:15,0.783929
2025-12-28 02:30,0.77798
2025-12-28 02:45,0.736813
2025-12-28 03:00,0.727929
2025-12-28 03:15,0.756495
2025-12-28 03:30,0.689187
2025-12-28 03:45,0.678987
2025-12-28 04:00,0.638141
2025-12-28 04:15,0.626222
2025-12-28 04:30,0.595716
2025-12-28 04:45,0.623512
2025-12-28 05:00,0.545837
2025-12-28 05:15,0.604187
2025-12-28 05:30,0.51216
2025-12-28 05:45,0.472498
2025-12-28 06:00,0.425623
2025-12-28 06:15,0.424405
2025-12-28 06:30,0.376099
2025-12-28 06:45,0.397454
2025-12-28 07:00,0.342397
2025-12-28 07:15,0.314762
2025-12-28 07:30,0.327641
2025-12-28 07:45,0.307903
2025-12-28 08:00,0.300698
2025-12-28 08:15,0.232764
2025-12-28 08:30,0.233001
2025-12-28 08:45,0.242995
2025-12-28 09:00,0.235287
2025-12-28 09:15,0.225661
2025-12-28 09:30,0.213458
2025-12-28 09:45,0.250001
2025-12-28 10:00,0.24087
2025-12-28 10:15,0.252371
2025-12-28 10:30,0.247909
2025-12-28 10:45,0.280164
2025-12-28 11:00,0.332661
2025-12-28 11:15,0.366912
2025-12-28 11:30,0.35549
2025-12-28 11:45,0.39924
2025-12-28 12:00,0.402696
2025-12-28 12:15,0.408887
2025-12-28 12:30,0.457908
2025-12-28 12:45,0.520467
2025-12-28 13:00,0.502386
2025-12-28 13:15,0.464111
2025-12-28 13:30,0.537463
2025-12-28 13:45,0.525421
2025-12-28 14:00,0.507448
2025-12-28 14:15,0.549229
2025-12-28 14:30,0.577355
2025-12-28 14:45,0.580371
2025-12-28 15:00,0.617475
2025-12-28 15:15,0.61347
2025-12-28 15:30,0.588798
2025-12-28 15:45,0.649762
2025-12-28 16:00,0.636177
2025-12-28 16:15,0.485274
2025-12-28 16:30,0.486934
2025-12-28 16:45,0.531485
2025-12-28 17:00,0.556488
2025-12-28 17:15,0.62372
2025-12-28 17:30,0.576146
2025-12-28 17:45,0.607372
2025-12-28 18:00,0.705202
2025-12-28 18:15,0.678669
2025-12-28 18:30,0.728372
2025-12-28 18:45,0.676708
2025-12-28 19:00,0.654036
2025-12-28 19:15,0.648794
2025-12-28 19:30,0.656717
2025-12-28 19:45,0.673418
2025-12-28 20:00,0.650546
2025-12-28 20:15,0.643441
2025-12-28 20:30,0.698702
2025-12-28 20:45,0.650996
2025-12-28 21:00,0.688188
2025-12-28 21:15,0.720889
2025-12-28 21:30,0.808458
2025-12-28 21:45,0.787023
2025-12-28 22:00,0.895974
2025-12-28 22:15,0.7783
2025-12-28 22:30,0.770363
2025-12-28 22:45,0.789612
2025-12-28 23:00,0.830504
2025-12-28 23:15,0.809382
2025-12-28 23:30,0.800802
2025-12-28 23:45,0.793242
2025-12-29 00:00,0.85103
2025-12-29 00:15,0.921906
2025-12-29 00:30,0.89036
2025-12-29 00:45,0.869362
2025-12-29 01:00,0.810233
2025-12-29 01:15,0.844016
2025-12-29 01:30,0.810229
2025-12-29 01:45,0.816184
2025-12-29 02:00,0.849807
2025-12-29 02:15,0.793674
2025-12-29 02:30,0.825239
2025-12-29 02:45,0.863017
2025-12-29 03:00,0.827105
2025-12-29 03:15,0.730336
2025-12-29 03:30,0.823823
2025-12-29 03:45,0.770983
2025-12-29 04:00,0.759374
2025-12-29 04:15,0.639079
2025-12-29 04:30,0.624713
2025-12-29 04:45,0.588875
2025-12-29 05:00,0.57735
2025-12-29 05:15,0.549737
2025-12-29 05:30,0.498662
2025-12-29 05:45,0.417703
2025-12-29 06:00,0.44803
2025-12-29 06:15,0.430639
2025-12-29 06:30,0.349465
2025-12-29 06:45,0.34936
2025-12-29 07:00,0.355146
2025-12-29 07:15,0.305025
2025-12-29 07:30,0.290755
2025-12-29 07:45,0.285699
2025-12-29 08:00,0.237211
2025-12-29 08:15,0.219166
2025-12-29 08:30,0.212602
2025-12-29 08:45,0.217671
2025-12-29 09:00,0.207285
2025-12-29 09:15,0.192314
2025-12-29 09:30,0.208734
2025-12-29 09:45,0.222554
2025-12-29 10:00,0.276432
2025-12-29 10:15,0.283453
2025-12-29 10:30,0.29825
2025-12-29 10:45,0.360418
2025-12-29 11:00,0.375758
2025-12-29 11:15,0.397784
2025-12-29 11:30,0.424933
2025-12-29 11:45,0.480974
2025-12-29 12:00,0.505471
2025-12-29 12:15,0.526436
2025-12-29 12:30,0.507047
2025-12-29 12:45,0.537078
2025-12-29 13:00,0.543314
2025-12-29 13:15,0.526689
2025-12-29 13:30,0.480898
2025-12-29 13:45,0.502826
2025-12-29 14:00,0.550987
2025-12-29 14:15,0.55448
2025-12-29 14:30,0.558271
2025-12-29 14:45,0.51735
2025-12-29 15:00,0.580829
2025-12-29 15:15,0.56633
2025-12-29 15:30,0.649552
2025-12-29 15:45,0.57003
2025-12-29 16:00,0.568755
2025-12-29 16:15,0.544828
2025-12-29 16:30,0.61589
2025-12-29 16:45,0.603116
2025-12-29 17:00,0.529934
2025-12-29 17:15,0.572649
2025-12-29 17:30,0.575195
2025-12-29 17:45,0.600515
2025-12-29 18:00,0.683087
2025-12-29 18:15,0.613829
2025-12-29 18:30,0.6674
2025-12-29 18:45,0.630544
2025-12-29 19:00,0.680753
2025-12-29 19:15,0.673691
2025-12-29 19:30,0.617863
2025-12-29 19:45,0.632004
2025-12-29 20:00,0.689531
2025-12-29 20:15,0.684506
2025-12-29 20:30,0.595598
2025-12-29 20:45,0.636483
2025-12-29 21:00,0.66644
2025-12-29 21:15,0.669397
2025-12-29 21:30,0.610253
2025-12-29 21:45,0.676295
2025-12-29 22:00,0.805118
2025-12-29 22:15,0.781293
2025-12-29 22:30,0.672224
2025-12-29 22:45,0.764551
2025-12-29 23:00,0.69728
2025-12-29 23:15,0.693659
2025-12-29 23:30,0.887797
2025-12-29 23:45,0.805603
2025-12-30 00:00,1.0
2025-12-30 00:15,0.970538
2025-12-30 00:30,0.961434
2025-12-30 00:45,0.913364
2025-12-30 01:00,0.997448
2025-12-30 01:15,0.873312
2025-12-30 01:30,0.839323
2025-12-30 01:45,0.791212
2025-12-30 02:00,0.772689
2025-12-30 02:15,0.812348
2025-12-30 02:30,0.764262
2025-12-30 02:45,0.77011
2025-12-30 03:00,0.874388
2025-12-30 03:15,0.865393
2025-12-30 03:30,0.89317
2025-12-30 03:45,0.714305
2025-12-30 04:00,0.710519
2025-12-30 04:15,0.655028
2025-12-30 04:30,0.691754
2025-12-30 04:45,0.554968
2025-12-30 05:00,0.564591
2025-12-30 05:15,0.510292
2025-12-30 05:30,0.552277
2025-12-30 05:45,0.437835
2025-12-30 06:00,0.422056
2025-12-30 06:15,0.377636
2025-12-30 06:30,0.402821
2025-12-30 06:45,0.382591
2025-12-30 07:00,0.393843
2025-12-30 07:15,0.397517
2025-12-30 07:30,0.335993
2025-12-30 07:45,0.38427
2025-12-30 08:00,0.342039
2025-12-30 08:15,0.28292
2025-12-30 08:30,0.288297
2025-12-30 08:45,0.257921
2025-12-30 09:00,0.265684
2025-12-30 09:15,0.273602
2025-12-30 09:30,0.274139
2025-12-30 09:45,0.294031
2025-12-30 10:00,0.285405
2025-12-30 10:15,0.264398
2025-12-30 10:30,0.297125
2025-12-30 10:45,0.355787
2025-12-30 11:00,0.415946
2025-12-30 11:15,0.408596
2025-12-30 11:30,0.449301
2025-12-30 11:45,0.490186
2025-12-30 12:00,0.471225
2025-12-30 12:15,0.564344
2025-12-30 12:30,0.506145
2025-12-30 12:45,0.507903
2025-12-30 13:00,0.548914
2025-12-30 13:15,0.554462
2025-12-30 13:30,0.512156
2025-12-30 13:45,0.482814
2025-12-30 14:00,0.510602
2025-12-30 14:15,0.518177
2025-12-30 14:30,0.522455
2025-12-30 14:45,0.499971
2025-12-30 15:00,0.499478
2025-12-30 15:15,0.504179
2025-12-30 15:30,0.589263
2025-12-30 15:45,0.523725
2025-12-30 16:00,0.551324
2025-12-30 16:15,0.617115
2025-12-30 16:30,0.598194
2025-12-30 16:45,0.669925
2025-12-30 17:00,0.589344
2025-12-30 17:15,0.536431
2025-12-30 17:30,0.586406
2025-12-30 17:45,0.556532
2025-12-30 18:00,0.579719
2025-12-30 18:15,0.553605
2025-12-30 18:30,0.656948
2025-12-30 18:45,0.643644
2025-12-30 19:00,0.582471
2025-12-30 19:15,0.6342
2025-12-30 19:30,0.601433
2025-12-30 19:45,0.580239
2025-12-30 20:00,0.601084
2025-12-30 20:15,0.604323
2025-12-30 20:30,0.65732
2025-12-30 20:45,0.653055
2025-12-30 21:00,0.650542
2025-12-30 21:15,0.656147
2025-12-30 21:30,0.631014
2025-12-30 21:45,0.660657
2025-12-30 22:00,0.616607
2025-12-30 22:15,0.625003
2025-12-30 22:30,0.609896
2025-12-30 22:45,0.627153
2025-12-30 23:00,0.750938
2025-12-30 23:15,0.956071
2025-12-30 23:30,0.897747
2025-12-30 23:45,0.753915
2025-12-31 00:00,0.884963
2025-12-31 00:00,1.0
2025-12-31 00:15,0.997115
2025-12-31 00:30,0.985552
2025-12-31 00:45,0.978703
2025-12-31 01:00,0.959646
2025-12-31 01:15,0.876966
2025-12-31 01:30,0.79327
2025-12-31 01:45,0.759524
2025-12-31 02:00,0.841841
2025-12-31 02:15,0.824684
2025-12-31 02:30,0.894685
2025-12-31 02:45,0.805081
2025-12-31 03:00,0.790661
2025-12-31 03:15,0.852868
2025-12-31 03:30,0.957703
2025-12-31 03:45,0.832175
2025-12-31 04:00,0.782089
2025-12-31 04:15,0.786383
2025-12-31 04:30,0.729509
2025-12-31 04:45,0.663489
2025-12-31 05:00,0.613749
2025-12-31 05:15,0.586725
2025-12-31 05:30,0.5711
2025-12-31 05:45,0.565497
2025-12-31 06:00,0.49136
2025-12-31 06:15,0.4353
2025-12-31 06:30,0.397975
2025-12-31 06:45,0.385604
2025-12-31 07:00,0.386753
2025-12-31 07:15,0.346412
2025-12-31 07:30,0.356431
2025-12-31 07:45,0.331045
2025-12-31 08:00,0.316114
2025-12-31 08:15,0.283348
2025-12-31 08:30,0.314243
2025-12-31 08:45,0.265228
2025-12-31 09:00,0.26556
2025-12-31 09:15,0.271407
2025-12-31 09:30,0.274246
2025-12-31 09:45,0.289771
2025-12-31 10:00,0.268638
2025-12-31 10:15,0.285633
2025-12-31 10:30,0.304444
2025-12-31 10:45,0.37002
2025-12-31 11:00,0.428916
2025-12-31 11:15,0.472013
2025-12-31 11:30,0.497255
2025-12-31 11:45,0.547008
2025-12-31 12:00,0.573184
2025-12-31 12:15,0.606447
2025-12-31 12:30,0.548907
2025-12-31 12:45,0.553409
2025-12-31 13:00,0.626827
2025-12-31 13:15,0.596756
2025-12-31 13:30,0.51196
2025-12-31 13:45,0.630022
2025-12-31 14:00,0.533085
2025-12-31 14:15,0.563554
2025-12-31 14:30,0.563483
2025-12-31 14:45,0.630617
2025-12-31 15:00,0.5909
2025-12-31 15:15,0.585891
2025-12-31 15:30,0.596815
2025-12-31 15:45,0.66127
2025-12-31 16:00,0.667254
2025-12-31 16:15,0.664644
2025-12-31 16:30,0.610946
2025-12-31 16:45,0.671153
2025-12-31 17:00,0.662191
2025-12-31 17:15,0.705879
2025-12-31 17:30,0.720795
2025-12-31 17:45,0.714825
2025-12-31 18:00,0.745733
2025-12-31 18:15,0.699892
2025-12-31 18:30,0.705335
2025-12-31 18:45,0.733158
2025-12-31 19:00,0.674292
2025-12-31 19:15,0.688599
2025-12-31 19:30,0.730206
2025-12-31 19:45,0.744109
2025-12-31 20:00,0.665824
2025-12-31 20:15,0.715249
2025-12-31 20:30,0.718771
2025-12-31 20:45,0.723711
2025-12-31 21:00,0.656529
2025-12-31 21:15,0.711946
2025-12-31 21:30,0.632479
2025-12-31 21:45,0.662472
2025-12-31 22:00,0.633075
2025-12-31 22:15,0.61513
2025-12-31 22:30,0.676741
2025-12-31 22:45,0.611479
2025-12-31 23:00,0.661586
2025-12-31 23:15,0.796203
2025-12-31 23:30,0.772971
2025-12-31 23:45,0.755807
