timestamp,value
2025-01-01 00:00,0.0
2025-01-01 00:15,0.0
2025-01-01 00:30,0.0
2025-01-01 00:45,0.0
2025-01-01 01:00,0.0
2025-01-01 01:15,0.0
2025-01-01 01:30,0.0
2025-01-01 01:45,0.0
2025-01-01 02:00,0.0
2025-01-01 02:15,0.0
2025-01-01 02:30,0.0
2025-01-01 02:45,0.0
2025-01-01 03:00,0.0
2025-01-01 03:15,0.0
2025-01-01 03:30,0.0
2025-01-01 03:45,0.0
2025-01-01 04:00,0.0
2025-01-01 04:15,0.0
2025-01-01 04:30,0.0
2025-01-01 04:45,0.0
2025-01-01 05:00,0.0
2025-01-01 05:15,0.0
2025-01-01 05:30,0.0
2025-01-01 05:45,0.0
2025-01-01 06:00,0.0
2025-01-01 06:15,0.0
2025-01-01 06:30,0.0
2025-01-01 06:45,0.0
2025-01-01 07:00,0.0
2025-01-01 07:15,0.0
2025-01-01 07:30,0.0
2025-01-01 07:45,0.0
2025-01-01 08:00,0.0
2025-01-01 08:15,0.0
2025-01-01 08:30,0.0
2025-01-01 08:45,0.0
2025-01-01 09:00,0.0
2025-01-01 09:15,0.0
2025-01-01 09:30,0.0
2025-01-01 09:45,0.0
2025-01-01 10:00,0.0
2025-01-01 10:15,0.0
2025-01-01 10:30,0.0
2025-01-01 10:45,0.0
2025-01-01 11:00,0.0
2025-01-01 11:15,0.0
2025-01-01 11:30,0.0
2025-01-01 11:45,0.0
2025-01-01 12:00,0.0
2025-01-01 12:15,0.0
2025-01-01 12:30,0.0
2025-01-01 12:45,0.0
2025-01-01 13:00,0.0
2025-01-01 13:15,0.0
2025-01-01 13:30,0.0
2025-01-01 13:45,0.0
2025-01-01 14:00,0.0
2025-01-01 14:15,0.0
2025-01-01 14:30,0.0
2025-01-01 14:45,0.0
2025-01-01 15:00,0.0
2025-01-01 15:15,0.0
2025-01-01 15:30,0.0
2025-01-01 15:45,0.0
2025-01-01 16:00,0.0
2025-01-01 16:15,0.0
2025-01-01 16:30,0.0
2025-01-01 16:45,0.0
2025-01-01 17:00,0.0
2025-01-01 17:15,0.0
2025-01-01 17:30,0.0
2025-01-01 17:45,0.0
2025-01-01 18:00,0.0
2025-01-01 18:15,0.0
2025-01-01 18:30,0.0
2025-01-01 18:45,0.0
2025-01-01 19:00,0.0
2025-01-01 19:15,0.0
2025-01-01 19:30,0.0
2025-01-01 19:45,0.0
2025-01-01 20:00,0.0
2025-01-01 20:15,0.0
2025-01-01 20:30,0.0
2025-01-01 20:45,0.0
2025-01-01 21:00,0.0
2025-01-01 21:15,0.0
2025-01-01 21:30,0.0
2025-01-01 21:45,0.0
2025-01-01 22:00,0.0
2025-01-01 22:15,0.0
2025-01-01 22:30,0.0
2025-01-01 22:45,0.0
2025-01-01 23:00,0.003175
2025-01-01 23:15,0.009478
2025-01-01 23:30,0.0
2025-01-01 23:45,0.069025
2025-01-02 00:00,0.0
2025-01-02 00:15,0.006349
2025-01-02 00:30,0.003175
2025-01-02 00:45,0.0
2025-01-02 01:00,0.119773
2025-01-02 01:15,0.069932
2025-01-02 01:30,0.0
2025-01-02 01:45,0.0
2025-01-02 02:00,0.0
2025-01-02 02:15,0.275374
2025-01-02 02:30,0.068844
2025-01-02 02:45,0.275374
2025-01-02 03:00,0.275374
2025-01-02 03:15,0.150385
2025-01-02 03:30,0.433197
2025-01-02 03:45,0.15619
2025-01-02 04:00,0.275374
2025-01-02 04:15,0.980227
2025-01-02 04:30,1.0
2025-01-02 04:45,0.557098
2025-01-02 05:00,0.576871
2025-01-02 05:15,0.0
2025-01-02 05:30,0.275374
2025-01-02 05:45,0.003356
2025-01-02 06:00,0.0
2025-01-02 06:15,0.003356
2025-01-02 06:30,0.0722
2025-01-02 06:45,0.0
2025-01-02 07:00,0.0
2025-01-02 07:15,0.0
2025-01-02 07:30,0.0
2025-01-02 07:45,0.0
2025-01-02 08:00,0.0
2025-01-02 08:15,0.0
2025-01-02 08:30,0.0
2025-01-02 08:45,0.0
2025-01-02 09:00,0.0
2025-01-02 09:15,0.0
2025-01-02 09:30,0.0
2025-01-02 09:45,0.0
2025-01-02 10:00,0.0
2025-01-02 10:15,0.0
2025-01-02 10:30,0.0
2025-01-02 10:45,0.0
2025-01-02 11:00,0.005488
2025-01-02 11:15,0.0
2025-01-02 11:30,0.0
2025-01-02 11:45,0.0
2025-01-02 12:00,0.0
2025-01-02 12:15,0.0
2025-01-02 12:30,0.0
2025-01-02 12:45,0.0
2025-01-02 13:00,0.0
2025-01-02 13:15,0.0
2025-01-02 13:30,0.0
2025-01-02 13:45,0.0
2025-01-02 14:00,0.0
2025-01-02 14:15,0.0
2025-01-02 14:30,0.0
2025-01-02 14:45,0.0
2025-01-02 15:00,0.0
2025-01-02 15:15,0.0
2025-01-02 15:30,0.0
2025-01-02 15:45,0.0
2025-01-02 16:00,0.0
2025-01-02 16:15,0.0
2025-01-02 16:30,0.0
2025-01-02 16:45,0.0
2025-01-02 17:00,0.0
2025-01-02 17:15,0.0
2025-01-02 17:30,0.0
2025-01-02 17:45,0.0
2025-01-02 18:00,0.0
2025-01-02 18:15,0.0
2025-01-02 18:30,0.0
2025-01-02 18:45,0.0
2025-01-02 19:00,0.0
2025-01-02 19:15,0.0
2025-01-02 19:30,0.0
2025-01-02 19:45,0.0
2025-01-02 20:00,0.0
2025-01-02 20:15,0.0
2025-01-02 20:30,0.0
2025-01-02 20:45,0.0
2025-01-02 21:00,0.0
2025-01-02 21:15,0.0
2025-01-02 21:30,0.0
2025-01-02 21:45,0.0
2025-01-02 22:00,0.0
2025-01-02 22:15,0.0
2025-01-02 22:30,0.0
2025-01-02 22:45,0.0
2025-01-02 23:00,0.0
2025-01-02 23:15,0.0
2025-01-02 23:30,0.0
2025-01-02 23:45,0.0
2025-01-03 00:00,0.0
2025-01-03 00:15,0.0
2025-01-03 00:30,0.0
2025-01-03 00:45,0.015964
2025-01-03 01:00,0.006893
2025-01-03 01:15,0.0
2025-01-03 01:30,0.394649
2025-01-03 01:45,0.0
2025-01-03 02:00,0.004762
2025-01-03 02:15,0.0
2025-01-03 02:30,0.0
2025-01-03 02:45,0.137687
2025-01-03 03:00,0.0
2025-01-03 03:15,0.0
2025-01-03 03:30,0.137687
2025-01-03 03:45,0.003356
2025-01-03 04:00,0.003175
2025-01-03 04:15,0.0
2025-01-03 04:30,0.0
2025-01-03 04:45,0.0
2025-01-03 05:00,0.137687
2025-01-03 05:15,0.0
2025-01-03 05:30,0.141224
2025-01-03 05:45,0.012698
2025-01-03 06:00,0.007075
2025-01-03 06:15,0.137687
2025-01-03 06:30,0.0
2025-01-03 06:45,0.0
2025-01-03 07:00,0.0
2025-01-03 07:15,0.003356
2025-01-03 07:30,0.0
2025-01-03 07:45,0.0
2025-01-03 08:00,0.0
2025-01-03 08:15,0.003356
2025-01-03 08:30,0.0
2025-01-03 08:45,0.0
2025-01-03 09:00,0.0
2025-01-03 09:15,0.0
2025-01-03 09:30,0.0
2025-01-03 09:45,0.0
2025-01-03 10:00,0.0
2025-01-03 10:15,0.0
2025-01-03 10:30,0.0
2025-01-03 10:45,0.0
2025-01-03 11:00,0.0
2025-01-03 11:15,0.0
2025-01-03 11:30,0.0
2025-01-03 11:45,0.0
2025-01-03 12:00,0.0
2025-01-03 12:15,0.0
2025-01-03 12:30,0.0
2025-01-03 12:45,0.0
2025-01-03 13:00,0.0
2025-01-03 13:15,0.0
2025-01-03 13:30,0.0
2025-01-03 13:45,0.0
2025-01-03 14:00,0.0
2025-01-03 14:15,0.0
2025-01-03 14:30,0.0
2025-01-03 14:45,0.0
2025-01-03 15:00,0.0
2025-01-03 15:15,0.0
2025-01-03 15:30,0.0
2025-01-03 15:45,0.0
2025-01-03 16:00,0.0
2025-01-03 16:15,0.0
2025-01-03 16:30,0.0
2025-01-03 16:45,0.0
2025-01-03 17:00,0.0
2025-01-03 17:15,0.0
2025-01-03 17:30,0.0
2025-01-03 17:45,0.0
2025-01-03 18:00,0.0
2025-01-03 18:15,0.0
2025-01-03 18:30,0.003175
2025-01-03 18:45,0.0
2025-01-03 19:00,0.0
2025-01-03 19:15,0.0
2025-01-03 19:30,0.0
2025-01-03 19:45,0.0
2025-01-03 20:00,0.0
2025-01-03 20:15,0.0
2025-01-03 20:30,0.0
2025-01-03 20:45,0.003356
2025-01-03 21:00,0.0
2025-01-03 21:15,0.0
2025-01-03 21:30,0.0
2025-01-03 21:45,0.0
2025-01-03 22:00,0.0
2025-01-03 22:15,0.003175
2025-01-03 22:30,0.0
2025-01-03 22:45,0.0
2025-01-03 23:00,0.0
2025-01-03 23:15,0.0
2025-01-03 23:30,0.0
2025-01-03 23:45,0.0
2025-01-04 00:00,0.0
2025-01-04 00:15,0.0
2025-01-04 00:30,0.0
2025-01-04 00:45,0.0
2025-01-04 01:00,0.0
2025-01-04 01:15,0.0
2025-01-04 01:30,0.0
2025-01-04 01:45,0.0
2025-01-04 02:00,0.0
2025-01-04 02:15,0.0
2025-01-04 02:30,0.0
2025-01-04 02:45,0.0
2025-01-04 03:00,0.0
2025-01-04 03:15,0.0
2025-01-04 03:30,0.0
2025-01-04 03:45,0.0
2025-01-04 04:00,0.0
2025-01-04 04:15,0.0
2025-01-04 04:30,0.0
2025-01-04 04:45,0.0
2025-01-04 05:00,0.0
2025-01-04 05:15,0.0
2025-01-04 05:30,0.0
2025-01-04 05:45,0.0
2025-01-04 06:00,0.0
2025-01-04 06:15,0.0
2025-01-04 06:30,0.0
2025-01-04 06:45,0.0
2025-01-04 07:00,0.0
2025-01-04 07:15,0.0
2025-01-04 07:30,0.0
2025-01-04 07:45,0.0
2025-01-04 08:00,0.0
2025-01-04 08:15,0.0
2025-01-04 08:30,0.0
2025-01-04 08:45,0.0
2025-01-04 09:00,0.0
2025-01-04 09:15,0.0
2025-01-04 09:30,0.0
2025-01-04 09:45,0.0
2025-01-04 10:00,0.0
2025-01-04 10:15,0.0
2025-01-04 10:30,0.0
2025-01-04 10:45,0.0
2025-01-04 11:00,0.0
2025-01-04 11:15,0.0
2025-01-04 11:30,0.0
2025-01-04 11:45,0.0
2025-01-04 12:00,0.0
2025-01-04 12:15,0.0
2025-01-04 12:30,0.0
2025-01-04 12:45,0.0
2025-01-04 13:00,0.0
2025-01-04 13:15,0.0
2025-01-04 13:30,0.0
2025-01-04 13:45,0.0
2025-01-04 14:00,0.0
2025-01-04 14:15,0.0
2025-01-04 14:30,0.0
2025-01-04 14:45,0.0
2025-01-04 15:00,0.0
2025-01-04 15:15,0.0
2025-01-04 15:30,0.0
2025-01-04 15:45,0.0
2025-01-04 16:00,0.0
2025-01-04 16:15,0.0
2025-01-04 16:30,0.0
2025-01-04 16:45,0.0
2025-01-04 17:00,0.0
2025-01-04 17:15,0.0
2025-01-04 17:30,0.0
2025-01-04 17:45,0.0
2025-01-04 18:00,0.0
2025-01-04 18:15,0.0
2025-01-04 18:30,0.0
2025-01-04 18:45,0.0
2025-01-04 19:00,0.0
2025-01-04 19:15,0.0
2025-01-04 19:30,0.0
2025-01-04 19:45,0.0
2025-01-04 20:00,0.0
2025-01-04 20:15,0.0
2025-01-04 20:30,0.0
2025-01-04 20:45,0.0
2025-01-04 21:00,0.0
2025-01-04 21:15,0.0
2025-01-04 21:30,0.0
2025-01-04 21:45,0.0
2025-01-04 22:00,0.0
2025-01-04 22:15,0.0
2025-01-04 22:30,0.0
2025-01-04 22:45,0.0
2025-01-04 23:00,0.0
2025-01-04 23:15,0.0
2025-01-04 23:30,0.0
2025-01-04 23:45,0.0
2025-01-05 00:00,0.0
2025-01-05 00:15,0.0
2025-01-05 00:30,0.0
2025-01-05 00:45,0.0
2025-01-05 01:00,0.0
2025-01-05 01:15,0.0
2025-01-05 01:30,0.0
2025-01-05 01:45,0.0
2025-01-05 02:00,0.0
2025-01-05 02:15,0.0
2025-01-05 02:30,0.0
2025-01-05 02:45,0.0
2025-01-05 03:00,0.0
2025-01-05 03:15,0.0
2025-01-05 03:30,0.0
2025-01-05 03:45,0.0
2025-01-05 04:00,0.0
2025-01-05 04:15,0.0
2025-01-05 04:30,0.0
2025-01-05 04:45,0.0
2025-01-05 05:00,0.0
2025-01-05 05:15,0.0
2025-01-05 05:30,0.0
2025-01-05 05:45,0.0
2025-01-05 06:00,0.0
2025-01-05 06:15,0.0
2025-01-05 06:30,0.0
2025-01-05 06:45,0.005488
2025-01-05 07:00,0.0
2025-01-05 07:15,0.0
2025-01-05 07:30,0.0
2025-01-05 07:45,0.0
2025-01-05 08:00,0.0
2025-01-05 08:15,0.0
2025-01-05 08:30,0.0
2025-01-05 08:45,0.0
2025-01-05 09:00,0.0
2025-01-05 09:15,0.0
2025-01-05 09:30,0.0
2025-01-05 09:45,0.0
2025-01-05 10:00,0.0
2025-01-05 10:15,0.0
2025-01-05 10:30,0.0
2025-01-05 10:45,0.0
2025-01-05 11:00,0.0
2025-01-05 11:15,0.0
2025-01-05 11:30,0.0
2025-01-05 11:45,0.0
2025-01-05 12:00,0.0
2025-01-05 12:15,0.0
2025-01-05 12:30,0.0
2025-01-05 12:45,0.0
2025-01-05 13:00,0.0
2025-01-05 13:15,0.0
2025-01-05 13:30,0.0
2025-01-05 13:45,0.0
2025-01-05 14:00,0.0
2025-01-05 14:15,0.0
2025-01-05 14:30,0.0
2025-01-05 14:45,0.0
2025-01-05 15:00,0.0
2025-01-05 15:15,0.0
2025-01-05 15:30,0.0
2025-01-05 15:45,0.0
2025-01-05 16:00,0.0
2025-01-05 16:15,0.0
2025-01-05 16:30,0.0
2025-01-05 16:45,0.0
2025-01-05 17:00,0.00263
2025-01-05 17:15,0.0
2025-01-05 17:30,0.002812
2025-01-05 17:45,0.0
2025-01-05 18:00,0.00263
2025-01-05 18:15,0.0
2025-01-05 18:30,0.00263
2025-01-05 18:45,0.0
2025-01-05 19:00,0.0
2025-01-05 19:15,0.0
2025-01-05 19:30,0.0
2025-01-05 19:45,0.0
2025-01-05 20:00,0.0
2025-01-05 20:15,0.0
2025-01-05 20:30,0.0
2025-01-05 20:45,0.0
2025-01-05 21:00,0.0
2025-01-05 21:15,0.0
2025-01-05 21:30,0.0
2025-01-05 21:45,0.0
2025-01-05 22:00,0.0
2025-01-05 22:15,0.0
2025-01-05 22:30,0.0
2025-01-05 22:45,0.0
2025-01-05 23:00,0.0
2025-01-05 23:15,0.003356
2025-01-05 23:30,0.075556
2025-01-05 23:45,0.0722
2025-01-06 00:00,0.007755
2025-01-06 00:15,0.006349
2025-01-06 00:30,0.012834
2025-01-06 00:45,0.0
2025-01-06 01:00,0.0
2025-01-06 01:15,0.0
2025-01-06 01:30,0.140862
2025-01-06 01:45,0.072018
2025-01-06 02:00,0.302041
2025-01-06 02:15,0.012698
2025-01-06 02:30,0.003537
2025-01-06 02:45,0.003175
2025-01-06 03:00,0.0
2025-01-06 03:15,0.0
2025-01-06 03:30,0.0
2025-01-06 03:45,0.068844
2025-01-06 04:00,0.068844
2025-01-06 04:15,0.109887
2025-01-06 04:30,0.157778
2025-01-06 04:45,0.141769
2025-01-06 05:00,0.015102
2025-01-06 05:15,0.072381
2025-01-06 05:30,0.004399
2025-01-06 05:45,0.0
2025-01-06 06:00,0.009887
2025-01-06 06:15,0.068844
2025-01-06 06:30,0.003356
2025-01-06 06:45,0.413061
2025-01-06 07:00,0.137868
2025-01-06 07:15,0.0
2025-01-06 07:30,0.0
2025-01-06 07:45,0.275374
2025-01-06 08:00,0.0
2025-01-06 08:15,0.140862
2025-01-06 08:30,0.0
2025-01-06 08:45,0.006621
2025-01-06 09:00,0.0
2025-01-06 09:15,0.0
2025-01-06 09:30,0.0
2025-01-06 09:45,0.0
2025-01-06 10:00,0.0
2025-01-06 10:15,0.0
2025-01-06 10:30,0.0
2025-01-06 10:45,0.0
2025-01-06 11:00,0.0
2025-01-06 11:15,0.0
2025-01-06 11:30,0.0
2025-01-06 11:45,0.0
2025-01-06 12:00,0.0
2025-01-06 12:15,0.0
2025-01-06 12:30,0.0
2025-01-06 12:45,0.0
2025-01-06 13:00,0.0
2025-01-06 13:15,0.0
2025-01-06 13:30,0.0
2025-01-06 13:45,0.0
2025-01-06 14:00,0.0
2025-01-06 14:15,0.0
2025-01-06 14:30,0.0
2025-01-06 14:45,0.0
2025-01-06 15:00,0.0
2025-01-06 15:15,0.0
2025-01-06 15:30,0.0
2025-01-06 15:45,0.0
2025-01-06 16:00,0.0
2025-01-06 16:15,0.0
2025-01-06 16:30,0.0
2025-01-06 16:45,0.0
2025-01-06 17:00,0.0
2025-01-06 17:15,0.0
2025-01-06 17:30,0.0
2025-01-06 17:45,0.0
2025-01-06 18:00,0.0
2025-01-06 18:15,0.0
2025-01-06 18:30,0.0
2025-01-06 18:45,0.0
2025-01-06 19:00,0.0
2025-01-06 19:15,0.0
2025-01-06 19:30,0.0
2025-01-06 19:45,0.0
2025-01-06 20:00,0.0
2025-01-06 20:15,0.0
2025-01-06 20:30,0.0
2025-01-06 20:45,0.0
2025-01-06 21:00,0.0
2025-01-06 21:15,0.0
2025-01-06 21:30,0.0
2025-01-06 21:45,0.0
2025-01-06 22:00,0.0
2025-01-06 22:15,0.0
2025-01-06 22:30,0.0
2025-01-06 22:45,0.0
2025-01-06 23:00,0.0
2025-01-06 23:15,0.0
2025-01-06 23:30,0.006531
2025-01-06 23:45,0.106122
2025-01-07 00:00,0.003175
2025-01-07 00:15,0.141043
2025-01-07 00:30,0.0
2025-01-07 00:45,0.003175
2025-01-07 01:00,0.069025
2025-01-07 01:15,0.0
2025-01-07 01:30,0.003175
2025-01-07 01:45,0.0
2025-01-07 02:00,0.0
2025-01-07 02:15,0.0
2025-01-07 02:30,0.003356
2025-01-07 02:45,0.0
2025-01-07 03:00,0.0
2025-01-07 03:15,0.005488
2025-01-07 03:30,0.0
2025-01-07 03:45,0.341633
2025-01-07 04:00,0.003356
2025-01-07 04:15,0.006349
2025-01-07 04:30,0.0
2025-01-07 04:45,0.003175
2025-01-07 05:00,0.557098
2025-01-07 05:15,0.003356
2025-01-07 05:30,0.0
2025-01-07 05:45,0.007166
2025-01-07 06:00,0.0
2025-01-07 06:15,0.0
2025-01-07 06:30,0.0
2025-01-07 06:45,0.008118
2025-01-07 07:00,0.077143
2025-01-07 07:15,0.0
2025-01-07 07:30,0.015737
2025-01-07 07:45,0.0
2025-01-07 08:00,0.0
2025-01-07 08:15,0.0
2025-01-07 08:30,0.006621
2025-01-07 08:45,0.0
2025-01-07 09:00,0.0
2025-01-07 09:15,0.0
2025-01-07 09:30,0.0
2025-01-07 09:45,0.0
2025-01-07 10:00,0.0
2025-01-07 10:15,0.0
2025-01-07 10:30,0.0
2025-01-07 10:45,0.0
2025-01-07 11:00,0.0
2025-01-07 11:15,0.0
2025-01-07 11:30,0.0
2025-01-07 11:45,0.0
2025-01-07 12:00,0.0
2025-01-07 12:15,0.0
2025-01-07 12:30,0.0
2025-01-07 12:45,0.0
2025-01-07 13:00,0.0
2025-01-07 13:15,0.0
2025-01-07 13:30,0.0
2025-01-07 13:45,0.0
2025-01-07 14:00,0.0
2025-01-07 14:15,0.0
2025-01-07 14:30,0.0
2025-01-07 14:45,0.0
2025-01-07 15:00,0.0
2025-01-07 15:15,0.0
2025-01-07 15:30,0.0
2025-01-07 15:45,0.024308
2025-01-07 16:00,0.0
2025-01-07 16:15,0.0
2025-01-07 16:30,0.0
2025-01-07 16:45,0.0
2025-01-07 17:00,0.0
2025-01-07 17:15,0.0
2025-01-07 17:30,0.0
2025-01-07 17:45,0.0
2025-01-07 18:00,0.0
2025-01-07 18:15,0.0
2025-01-07 18:30,0.0
2025-01-07 18:45,0.0
2025-01-07 19:00,0.0
2025-01-07 19:15,0.0
2025-01-07 19:30,0.0
2025-01-07 19:45,0.0
2025-01-07 20:00,0.0
2025-01-07 20:15,0.0
2025-01-07 20:30,0.0
2025-01-07 20:45,0.0
2025-01-07 21:00,0.0
2025-01-07 21:15,0.0
2025-01-07 21:30,0.0
2025-01-07 21:45,0.0
2025-01-07 22:00,0.0
2025-01-07 22:15,0.0
2025-01-07 22:30,0.0
2025-01-07 22:45,0.0
2025-01-07 23:00,0.0
2025-01-07 23:15,0.0
2025-01-07 23:30,0.0
2025-01-07 23:45,0.0
2025-01-08 00:00,0.0
2025-01-08 00:00,0.0
2025-01-08 00:15,0.0
2025-01-08 00:30,0.0
2025-01-08 00:45,0.046214
2025-01-08 01:00,0.009661
2025-01-08 01:15,0.198172
2025-01-08 01:30,0.009661
2025-01-08 01:45,0.0
2025-01-08 02:00,0.0
2025-01-08 02:15,0.0
2025-01-08 02:30,0.026632
2025-01-08 02:45,0.009138
2025-01-08 03:00,0.0
2025-01-08 03:15,0.009138
2025-01-08 03:30,0.0
2025-01-08 03:45,0.244648
2025-01-08 04:00,0.0
2025-01-08 04:15,0.396345
2025-01-08 04:30,0.0
2025-01-08 04:45,0.208355
2025-01-08 05:00,0.009138
2025-01-08 05:15,0.40953
2025-01-08 05:30,0.0
2025-01-08 05:45,0.198172
2025-01-08 06:00,0.420235
2025-01-08 06:15,0.198172
2025-01-08 06:30,0.0
2025-01-08 06:45,0.0
2025-01-08 07:00,0.0
2025-01-08 07:15,0.0
2025-01-08 07:30,0.018277
2025-01-08 07:45,0.0
2025-01-08 08:00,0.0
2025-01-08 08:15,0.198695
2025-01-08 08:30,0.009138
2025-01-08 08:45,0.0
2025-01-08 09:00,0.0
2025-01-08 09:15,0.0
2025-01-08 09:30,0.0
2025-01-08 09:45,0.0
2025-01-08 10:00,0.0
2025-01-08 10:15,0.0
2025-01-08 10:30,0.0
2025-01-08 10:45,0.0
2025-01-08 11:00,0.0
2025-01-08 11:15,0.0
2025-01-08 11:30,0.0
2025-01-08 11:45,0.0
2025-01-08 12:00,0.0
2025-01-08 12:15,0.0
2025-01-08 12:30,0.0
2025-01-08 12:45,0.0
2025-01-08 13:00,0.0
2025-01-08 13:15,0.0
2025-01-08 13:30,0.0
2025-01-08 13:45,0.0
2025-01-08 14:00,0.0
2025-01-08 14:15,0.0
2025-01-08 14:30,0.0
2025-01-08 14:45,0.019321
2025-01-08 15:00,0.0
2025-01-08 15:15,0.0
2025-01-08 15:30,0.0
2025-01-08 15:45,0.0
2025-01-08 16:00,0.0
2025-01-08 16:15,0.0
2025-01-08 16:30,0.0
2025-01-08 16:45,0.0
2025-01-08 17:00,0.0
2025-01-08 17:15,0.0
2025-01-08 17:30,0.0
2025-01-08 17:45,0.0
2025-01-08 18:00,0.0
2025-01-08 18:15,0.0
2025-01-08 18:30,0.0
2025-01-08 18:45,0.0
2025-01-08 19:00,0.0
2025-01-08 19:15,0.0
2025-01-08 19:30,0.0
2025-01-08 19:45,0.0
2025-01-08 20:00,0.0
2025-01-08 20:15,0.0
2025-01-08 20:30,0.0
2025-01-08 20:45,0.0
2025-01-08 21:00,0.0
2025-01-08 21:15,0.0
2025-01-08 21:30,0.0
2025-01-08 21:45,0.0
2025-01-08 22:00,0.0
2025-01-08 22:15,0.0
2025-01-08 22:30,0.0
2025-01-08 22:45,0.0
2025-01-08 23:00,0.0
2025-01-08 23:15,0.0
2025-01-08 23:30,0.475326
2025-01-08 23:45,0.207833
2025-01-09 00:00,0.207833
2025-01-09 00:15,0.207833
2025-01-09 00:30,0.0
2025-01-09 00:45,0.0
2025-01-09 01:00,0.0
2025-01-09 01:15,0.009661
2025-01-09 01:30,0.057441
2025-01-09 01:45,0.018016
2025-01-09 02:00,0.190339
2025-01-09 02:15,0.207833
2025-01-09 02:30,0.198172
2025-01-09 02:45,0.0
2025-01-09 03:00,0.190339
2025-01-09 03:15,0.207311
2025-01-09 03:30,0.009661
2025-01-09 03:45,0.843864
2025-01-09 04:00,0.0
2025-01-09 04:15,0.009138
2025-01-09 04:30,0.009138
2025-01-09 04:45,0.0
2025-01-09 05:00,0.009661
2025-01-09 05:15,0.241775
2025-01-09 05:30,0.0
2025-01-09 05:45,0.009138
2025-01-09 06:00,0.190339
2025-01-09 06:15,0.198172
2025-01-09 06:30,0.784856
2025-01-09 06:45,0.009661
2025-01-09 07:00,0.009661
2025-01-09 07:15,0.009138
2025-01-09 07:30,0.0
2025-01-09 07:45,0.198172
2025-01-09 08:00,0.0
2025-01-09 08:15,0.18329
2025-01-09 08:30,0.4453
2025-01-09 08:45,0.0
2025-01-09 09:00,0.0
2025-01-09 09:15,0.0
2025-01-09 09:30,0.0
2025-01-09 09:45,0.0
2025-01-09 10:00,0.0
2025-01-09 10:15,0.0
2025-01-09 10:30,0.0
2025-01-09 10:45,0.0
2025-01-09 11:00,0.0
2025-01-09 11:15,0.0
2025-01-09 11:30,0.0
2025-01-09 11:45,0.0
2025-01-09 12:00,0.0
2025-01-09 12:15,0.0
2025-01-09 12:30,0.0
2025-01-09 12:45,0.0
2025-01-09 13:00,0.0
2025-01-09 13:15,0.0
2025-01-09 13:30,0.0
2025-01-09 13:45,0.0
2025-01-09 14:00,0.0
2025-01-09 14:15,0.0
2025-01-09 14:30,0.0
2025-01-09 14:45,0.0
2025-01-09 15:00,0.0
2025-01-09 15:15,0.0
2025-01-09 15:30,0.0
2025-01-09 15:45,0.0
2025-01-09 16:00,0.0
2025-01-09 16:15,0.0
2025-01-09 16:30,0.0
2025-01-09 16:45,0.0
2025-01-09 17:00,0.0
2025-01-09 17:15,0.0
2025-01-09 17:30,0.0
2025-01-09 17:45,0.0
2025-01-09 18:00,0.0
2025-01-09 18:15,0.0
2025-01-09 18:30,0.0
2025-01-09 18:45,0.0
2025-01-09 19:00,0.0
2025-01-09 19:15,0.0
2025-01-09 19:30,0.0
2025-01-09 19:45,0.0
2025-01-09 20:00,0.0
2025-01-09 20:15,0.0
2025-01-09 20:30,0.0
2025-01-09 20:45,0.0
2025-01-09 21:00,0.0
2025-01-09 21:15,0.0
2025-01-09 21:30,0.0
2025-01-09 21:45,0.0
2025-01-09 22:00,0.011227
2025-01-09 22:15,0.0
2025-01-09 22:30,0.0
2025-01-09 22:45,0.0
2025-01-09 23:00,0.198172
2025-01-09 23:15,0.0
2025-01-09 23:30,0.190339
2025-01-09 23:45,0.0
2025-01-10 00:00,0.6047
2025-01-10 00:15,0.009138
2025-01-10 00:30,0.0
2025-01-10 00:45,0.198172
2025-01-10 01:00,0.0
2025-01-10 01:15,0.396345
2025-01-10 01:30,0.0
2025-01-10 01:45,0.217493
2025-01-10 02:00,0.0
2025-01-10 02:15,0.0
2025-01-10 02:30,0.0
2025-01-10 02:45,0.0
2025-01-10 03:00,0.018538
2025-01-10 03:15,0.009138
2025-01-10 03:30,0.009138
2025-01-10 03:45,0.018277
2025-01-10 04:00,0.02141
2025-01-10 04:15,0.0
2025-01-10 04:30,0.0
2025-01-10 04:45,0.0
2025-01-10 05:00,0.0
2025-01-10 05:15,0.018799
2025-01-10 05:30,0.0
2025-01-10 05:45,0.009138
2025-01-10 06:00,0.009661
2025-01-10 06:15,0.0
2025-01-10 06:30,1.0
2025-01-10 06:45,0.583551
2025-01-10 07:00,0.396345
2025-01-10 07:15,0.0
2025-01-10 07:30,0.221671
2025-01-10 07:45,0.2
2025-01-10 08:00,0.198172
2025-01-10 08:15,0.0
2025-01-10 08:30,0.0
2025-01-10 08:45,0.0
2025-01-10 09:00,0.0
2025-01-10 09:15,0.0
2025-01-10 09:30,0.0
2025-01-10 09:45,0.0
2025-01-10 10:00,0.0
2025-01-10 10:15,0.0
2025-01-10 10:30,0.0
2025-01-10 10:45,0.0
2025-01-10 11:00,0.0
2025-01-10 11:15,0.0
2025-01-10 11:30,0.0
2025-01-10 11:45,0.0
2025-01-10 12:00,0.0
2025-01-10 12:15,0.0
2025-01-10 12:30,0.0
2025-01-10 12:45,0.0
2025-01-10 13:00,0.0
2025-01-10 13:15,0.009138
2025-01-10 13:30,0.0
2025-01-10 13:45,0.0
2025-01-10 14:00,0.0
2025-01-10 14:15,0.0
2025-01-10 14:30,0.0
2025-01-10 14:45,0.0
2025-01-10 15:00,0.0
2025-01-10 15:15,0.0
2025-01-10 15:30,0.0
2025-01-10 15:45,0.0
2025-01-10 16:00,0.0
2025-01-10 16:15,0.0
2025-01-10 16:30,0.0
2025-01-10 16:45,0.198172
2025-01-10 17:00,0.0
2025-01-10 17:15,0.0
2025-01-10 17:30,0.0
2025-01-10 17:45,0.0
2025-01-10 18:00,0.0
2025-01-10 18:15,0.0
2025-01-10 18:30,0.0
2025-01-10 18:45,0.0
2025-01-10 19:00,0.0
2025-01-10 19:15,0.0
2025-01-10 19:30,0.0
2025-01-10 19:45,0.0
2025-01-10 20:00,0.0
2025-01-10 20:15,0.0
2025-01-10 20:30,0.0
2025-01-10 20:45,0.0
2025-01-10 21:00,0.0
2025-01-10 21:15,0.0
2025-01-10 21:30,0.0
2025-01-10 21:45,0.0
2025-01-10 22:00,0.0
2025-01-10 22:15,0.0
2025-01-10 22:30,0.0
2025-01-10 22:45,0.0
2025-01-10 23:00,0.0
2025-01-10 23:15,0.0
2025-01-10 23:30,0.0
2025-01-10 23:45,0.0
2025-01-11 00:00,0.0
2025-01-11 00:15,0.0
2025-01-11 00:30,0.0
2025-01-11 00:45,0.0
2025-01-11 01:00,0.0
2025-01-11 01:15,0.0
2025-01-11 01:30,0.0
2025-01-11 01:45,0.0
2025-01-11 02:00,0.0
2025-01-11 02:15,0.0
2025-01-11 02:30,0.0
2025-01-11 02:45,0.0
2025-01-11 03:00,0.0
2025-01-11 03:15,0.0
2025-01-11 03:30,0.0
2025-01-11 03:45,0.0
2025-01-11 04:00,0.0
2025-01-11 04:15,0.0
2025-01-11 04:30,0.0
2025-01-11 04:45,0.0
2025-01-11 05:00,0.0
2025-01-11 05:15,0.0
2025-01-11 05:30,0.0
2025-01-11 05:45,0.0
2025-01-11 06:00,0.0
2025-01-11 06:15,0.0
2025-01-11 06:30,0.0
2025-01-11 06:45,0.0
2025-01-11 07:00,0.0
2025-01-11 07:15,0.0
2025-01-11 07:30,0.0
2025-01-11 07:45,0.0
2025-01-11 08:00,0.0
2025-01-11 08:15,0.0
2025-01-11 08:30,0.0
2025-01-11 08:45,0.0
2025-01-11 09:00,0.0
2025-01-11 09:15,0.0
2025-01-11 09:30,0.0
2025-01-11 09:45,0.0
2025-01-11 10:00,0.0
2025-01-11 10:15,0.0
2025-01-11 10:30,0.0
2025-01-11 10:45,0.0
2025-01-11 11:00,0.0
2025-01-11 11:15,0.0
2025-01-11 11:30,0.0
2025-01-11 11:45,0.0
2025-01-11 12:00,0.0
2025-01-11 12:15,0.0
2025-01-11 12:30,0.0
2025-01-11 12:45,0.0
2025-01-11 13:00,0.0
2025-01-11 13:15,0.0
2025-01-11 13:30,0.0
2025-01-11 13:45,0.0
2025-01-11 14:00,0.0
2025-01-11 14:15,0.0
2025-01-11 14:30,0.0
2025-01-11 14:45,0.0
2025-01-11 15:00,0.0
2025-01-11 15:15,0.0
2025-01-11 15:30,0.0
2025-01-11 15:45,0.0
2025-01-11 16:00,0.0
2025-01-11 16:15,0.0
2025-01-11 16:30,0.0
2025-01-11 16:45,0.0
2025-01-11 17:00,0.0
2025-01-11 17:15,0.0
2025-01-11 17:30,0.0
2025-01-11 17:45,0.0
2025-01-11 18:00,0.0
2025-01-11 18:15,0.0
2025-01-11 18:30,0.0
2025-01-11 18:45,0.0
2025-01-11 19:00,0.0
2025-01-11 19:15,0.0
2025-01-11 19:30,0.0
2025-01-11 19:45,0.0
2025-01-11 20:00,0.0
2025-01-11 20:15,0.0
2025-01-11 20:30,0.0
2025-01-11 20:45,0.0
2025-01-11 21:00,0.0
2025-01-11 21:15,0.0
2025-01-11 21:30,0.0
2025-01-11 21:45,0.0
2025-01-11 22:00,0.0
2025-01-11 22:15,0.0
2025-01-11 22:30,0.0
2025-01-11 22:45,0.010183
2025-01-11 23:00,0.009138
2025-01-11 23:15,0.0
2025-01-11 23:30,0.018277
2025-01-11 23:45,0.0
2025-01-12 00:00,0.0
2025-01-12 00:15,0.0
2025-01-12 00:30,0.0
2025-01-12 00:45,0.0
2025-01-12 01:00,0.0
2025-01-12 01:15,0.0
2025-01-12 01:30,0.0
2025-01-12 01:45,0.0
2025-01-12 02:00,0.0
2025-01-12 02:15,0.0
2025-01-12 02:30,0.0
2025-01-12 02:45,0.0
2025-01-12 03:00,0.0
2025-01-12 03:15,0.0
2025-01-12 03:30,0.0
2025-01-12 03:45,0.0
2025-01-12 04:00,0.0
2025-01-12 04:15,0.0
2025-01-12 04:30,0.0
2025-01-12 04:45,0.0
2025-01-12 05:00,0.0
2025-01-12 05:15,0.0
2025-01-12 05:30,0.0
2025-01-12 05:45,0.0
2025-01-12 06:00,0.0
2025-01-12 06:15,0.0
2025-01-12 06:30,0.0
2025-01-12 06:45,0.0
2025-01-12 07:00,0.0
2025-01-12 07:15,0.0
2025-01-12 07:30,0.0
2025-01-12 07:45,0.0
2025-01-12 08:00,0.0
2025-01-12 08:15,0.0
2025-01-12 08:30,0.0
2025-01-12 08:45,0.0
2025-01-12 09:00,0.0
2025-01-12 09:15,0.0
2025-01-12 09:30,0.0
2025-01-12 09:45,0.0
2025-01-12 10:00,0.0
2025-01-12 10:15,0.0
2025-01-12 10:30,0.0
2025-01-12 10:45,0.0
2025-01-12 11:00,0.0
2025-01-12 11:15,0.0
2025-01-12 11:30,0.0
2025-01-12 11:45,0.0
2025-01-12 12:00,0.0
2025-01-12 12:15,0.0
2025-01-12 12:30,0.0
2025-01-12 12:45,0.0
2025-01-12 13:00,0.0
2025-01-12 13:15,0.0
2025-01-12 13:30,0.0
2025-01-12 13:45,0.0
2025-01-12 14:00,0.0
2025-01-12 14:15,0.0
2025-01-12 14:30,0.0
2025-01-12 14:45,0.009138
2025-01-12 15:00,0.0
2025-01-12 15:15,0.0
2025-01-12 15:30,0.0
2025-01-12 15:45,0.0
2025-01-12 16:00,0.0
2025-01-12 16:15,0.0
2025-01-12 16:30,0.0
2025-01-12 16:45,0.0
2025-01-12 17:00,0.0
2025-01-12 17:15,0.0
2025-01-12 17:30,0.0
2025-01-12 17:45,0.0
2025-01-12 18:00,0.0
2025-01-12 18:15,0.0
2025-01-12 18:30,0.0
2025-01-12 18:45,0.0
2025-01-12 19:00,0.0
2025-01-12 19:15,0.0
2025-01-12 19:30,0.0
2025-01-12 19:45,0.0
2025-01-12 20:00,0.0
2025-01-12 20:15,0.0
2025-01-12 20:30,0.0
2025-01-12 20:45,0.0
2025-01-12 21:00,0.0
2025-01-12 21:15,0.0
2025-01-12 21:30,0.0
2025-01-12 21:45,0.0
2025-01-12 22:00,0.207311
2025-01-12 22:15,0.0
2025-01-12 22:30,0.0
2025-01-12 22:45,0.014752
2025-01-12 23:00,0.0
2025-01-12 23:15,0.017493
2025-01-12 23:30,0.009661
2025-01-12 23:45,0.012663
2025-01-13 00:00,0.190731
2025-01-13 00:15,0.0
2025-01-13 00:30,0.0
2025-01-13 00:45,0.422977
2025-01-13 01:00,0.009661
2025-01-13 01:15,0.586684
2025-01-13 01:30,0.0
2025-01-13 01:45,0.0
2025-01-13 02:00,0.0
2025-01-13 02:15,0.0
2025-01-13 02:30,0.018277
2025-01-13 02:45,0.026632
2025-01-13 03:00,0.0
2025-01-13 03:15,0.0
2025-01-13 03:30,0.0
2025-01-13 03:45,0.010705
2025-01-13 04:00,0.142037
2025-01-13 04:15,0.013185
2025-01-13 04:30,0.792689
2025-01-13 04:45,0.0
2025-01-13 05:00,0.53329
2025-01-13 05:15,0.0
2025-01-13 05:30,0.01906
2025-01-13 05:45,0.018799
2025-01-13 06:00,0.515666
2025-01-13 06:15,0.0
2025-01-13 06:30,0.0
2025-01-13 06:45,0.396867
2025-01-13 07:00,0.0
2025-01-13 07:15,0.009661
2025-01-13 07:30,0.009138
2025-01-13 07:45,0.039948
2025-01-13 08:00,0.013185
2025-01-13 08:15,0.0
2025-01-13 08:30,0.009661
2025-01-13 08:45,0.0
2025-01-13 09:00,0.0
2025-01-13 09:15,0.0
2025-01-13 09:30,0.0
2025-01-13 09:45,0.0
2025-01-13 10:00,0.0
2025-01-13 10:15,0.0
2025-01-13 10:30,0.0
2025-01-13 10:45,0.0
2025-01-13 11:00,0.0
2025-01-13 11:15,0.0
2025-01-13 11:30,0.0
2025-01-13 11:45,0.0
2025-01-13 12:00,0.0
2025-01-13 12:15,0.0
2025-01-13 12:30,0.0
2025-01-13 12:45,0.0
2025-01-13 13:00,0.0
2025-01-13 13:15,0.0
2025-01-13 13:30,0.0
2025-01-13 13:45,0.0
2025-01-13 14:00,0.0
2025-01-13 14:15,0.0
2025-01-13 14:30,0.0
2025-01-13 14:45,0.0
2025-01-13 15:00,0.0
2025-01-13 15:15,0.0
2025-01-13 15:30,0.0
2025-01-13 15:45,0.0
2025-01-13 16:00,0.0
2025-01-13 16:15,0.0
2025-01-13 16:30,0.0
2025-01-13 16:45,0.0
2025-01-13 17:00,0.0
2025-01-13 17:15,0.0
2025-01-13 17:30,0.0
2025-01-13 17:45,0.0
2025-01-13 18:00,0.0
2025-01-13 18:15,0.0
2025-01-13 18:30,0.0
2025-01-13 18:45,0.0
2025-01-13 19:00,0.009661
2025-01-13 19:15,0.0
2025-01-13 19:30,0.0
2025-01-13 19:45,0.0
2025-01-13 20:00,0.0
2025-01-13 20:15,0.0
2025-01-13 20:30,0.0
2025-01-13 20:45,0.0
2025-01-13 21:00,0.0
2025-01-13 21:15,0.0
2025-01-13 21:30,0.0
2025-01-13 21:45,0.0
2025-01-13 22:00,0.0
2025-01-13 22:15,0.0
2025-01-13 22:30,0.01423
2025-01-13 22:45,0.0
2025-01-13 23:00,0.207833
2025-01-13 23:15,0.396345
2025-01-13 23:30,0.211358
2025-01-13 23:45,0.050261
2025-01-14 00:00,0.018799
2025-01-14 00:15,0.0
2025-01-14 00:30,0.009661
2025-01-14 00:45,0.018277
2025-01-14 01:00,0.0
2025-01-14 01:15,0.060183
2025-01-14 01:30,0.0
2025-01-14 01:45,0.225065
2025-01-14 02:00,0.009661
2025-01-14 02:15,0.018277
2025-01-14 02:30,0.0
2025-01-14 02:45,0.018277
2025-01-14 03:00,0.198172
2025-01-14 03:15,0.0
2025-01-14 03:30,0.198172
2025-01-14 03:45,0.405483
2025-01-14 04:00,0.398172
2025-01-14 04:15,0.0
2025-01-14 04:30,0.034987
2025-01-14 04:45,0.226632
2025-01-14 05:00,0.018277
2025-01-14 05:15,0.022846
2025-01-14 05:30,0.009138
2025-01-14 05:45,0.018277
2025-01-14 06:00,0.045431
2025-01-14 06:15,0.0
2025-01-14 06:30,0.424282
2025-01-14 06:45,0.0
2025-01-14 07:00,0.098303
2025-01-14 07:15,0.0
2025-01-14 07:30,0.396345
2025-01-14 07:45,0.0
2025-01-14 08:00,0.207311
2025-01-14 08:15,0.792689
2025-01-14 08:30,0.0
2025-01-14 08:45,0.0
2025-01-14 09:00,0.0
2025-01-14 09:15,0.0
2025-01-14 09:30,0.0
2025-01-14 09:45,0.0
2025-01-14 10:00,0.0
2025-01-14 10:15,0.0
2025-01-14 10:30,0.0
2025-01-14 10:45,0.0
2025-01-14 11:00,0.0
2025-01-14 11:15,0.0
2025-01-14 11:30,0.0
2025-01-14 11:45,0.0
2025-01-14 12:00,0.0
2025-01-14 12:15,0.0
2025-01-14 12:30,0.0
2025-01-14 12:45,0.0
2025-01-14 13:00,0.0
2025-01-14 13:15,0.0
2025-01-14 13:30,0.0
2025-01-14 13:45,0.0
2025-01-14 14:00,0.0
2025-01-14 14:15,0.008355
2025-01-14 14:30,0.0
2025-01-14 14:45,0.0
2025-01-14 15:00,0.0
2025-01-14 15:15,0.0
2025-01-14 15:30,0.0
2025-01-14 15:45,0.198172
2025-01-14 16:00,0.0
2025-01-14 16:15,0.0
2025-01-14 16:30,0.0
2025-01-14 16:45,0.0
2025-01-14 17:00,0.0
2025-01-14 17:15,0.0
2025-01-14 17:30,0.0
2025-01-14 17:45,0.0
2025-01-14 18:00,0.0
2025-01-14 18:15,0.0
2025-01-14 18:30,0.0
2025-01-14 18:45,0.0
2025-01-14 19:00,0.0
2025-01-14 19:15,0.0
2025-01-14 19:30,0.0
2025-01-14 19:45,0.0
2025-01-14 20:00,0.0
2025-01-14 20:15,0.0
2025-01-14 20:30,0.0
2025-01-14 20:45,0.0
2025-01-14 21:00,0.009661
2025-01-14 21:15,0.0
2025-01-14 21:30,0.0
2025-01-14 21:45,0.0
2025-01-14 22:00,0.0
2025-01-14 22:15,0.0
2025-01-14 22:30,0.0
2025-01-14 22:45,0.0
2025-01-14 23:00,0.0
2025-01-14 23:15,0.0
2025-01-14 23:30,0.189164
2025-01-14 23:45,0.842559
2025-01-15 00:00,0.027937
2025-01-15 00:00,0.013902
2025-01-15 00:15,0.09861
2025-01-15 00:30,0.0
2025-01-15 00:45,0.0
2025-01-15 01:00,0.202027
2025-01-15 01:15,0.0
2025-01-15 01:30,0.09887
2025-01-15 01:45,0.09861
2025-01-15 02:00,0.0
2025-01-15 02:15,0.0
2025-01-15 02:30,0.0
2025-01-15 02:45,0.0
2025-01-15 03:00,0.0
2025-01-15 03:15,0.004807
2025-01-15 03:30,0.004547
2025-01-15 03:45,0.348707
2025-01-15 04:00,0.0
2025-01-15 04:15,0.0
2025-01-15 04:30,0.394439
2025-01-15 04:45,0.013902
2025-01-15 05:00,0.009354
2025-01-15 05:15,0.0
2025-01-15 05:30,0.039366
2025-01-15 05:45,0.004807
2025-01-15 06:00,0.097506
2025-01-15 06:15,0.261076
2025-01-15 06:30,0.0
2025-01-15 06:45,0.004547
2025-01-15 07:00,0.061972
2025-01-15 07:15,0.0
2025-01-15 07:30,0.0
2025-01-15 07:45,0.009354
2025-01-15 08:00,0.004807
2025-01-15 08:15,0.0
2025-01-15 08:30,0.0
2025-01-15 08:45,0.09861
2025-01-15 09:00,0.0
2025-01-15 09:15,0.0
2025-01-15 09:30,0.0
2025-01-15 09:45,0.0
2025-01-15 10:00,0.0
2025-01-15 10:15,0.0
2025-01-15 10:30,0.0
2025-01-15 10:45,0.0
2025-01-15 11:00,0.0
2025-01-15 11:15,0.0
2025-01-15 11:30,0.0
2025-01-15 11:45,0.0
2025-01-15 12:00,0.0
2025-01-15 12:15,0.0
2025-01-15 12:30,0.0
2025-01-15 12:45,0.0
2025-01-15 13:00,0.0
2025-01-15 13:15,0.0
2025-01-15 13:30,0.004807
2025-01-15 13:45,0.0
2025-01-15 14:00,0.004547
2025-01-15 14:15,0.0
2025-01-15 14:30,0.0
2025-01-15 14:45,0.0
2025-01-15 15:00,0.0
2025-01-15 15:15,0.0
2025-01-15 15:30,0.0
2025-01-15 15:45,0.0
2025-01-15 16:00,0.0
2025-01-15 16:15,0.0
2025-01-15 16:30,0.0
2025-01-15 16:45,0.0
2025-01-15 17:00,0.0
2025-01-15 17:15,0.0
2025-01-15 17:30,0.0
2025-01-15 17:45,0.0
2025-01-15 18:00,0.0
2025-01-15 18:15,0.0
2025-01-15 18:30,0.0
2025-01-15 18:45,0.0
2025-01-15 19:00,0.0
2025-01-15 19:15,0.0
2025-01-15 19:30,0.004157
2025-01-15 19:45,0.0
2025-01-15 20:00,0.0
2025-01-15 20:15,0.0
2025-01-15 20:30,0.0
2025-01-15 20:45,0.0
2025-01-15 21:00,0.0
2025-01-15 21:15,0.0
2025-01-15 21:30,0.0
2025-01-15 21:45,0.0
2025-01-15 22:00,0.0
2025-01-15 22:15,0.0
2025-01-15 22:30,0.0
2025-01-15 22:45,0.0
2025-01-15 23:00,0.0
2025-01-15 23:15,0.0
2025-01-15 23:30,0.016695
2025-01-15 23:45,0.004807
2025-01-16 00:00,0.293231
2025-01-16 00:15,0.0
2025-01-16 00:30,0.0
2025-01-16 00:45,0.09861
2025-01-16 01:00,0.009094
2025-01-16 01:15,0.0
2025-01-16 01:30,0.099714
2025-01-16 01:45,0.124724
2025-01-16 02:00,0.103417
2025-01-16 02:15,0.0
2025-01-16 02:30,0.0
2025-01-16 02:45,0.0
2025-01-16 03:00,0.0
2025-01-16 03:15,0.004807
2025-01-16 03:30,0.0
2025-01-16 03:45,0.0
2025-01-16 04:00,0.28745
2025-01-16 04:15,0.0
2025-01-16 04:30,0.206314
2025-01-16 04:45,0.0
2025-01-16 05:00,0.054502
2025-01-16 05:15,1.0
2025-01-16 05:30,0.0
2025-01-16 05:45,0.004547
2025-01-16 06:00,0.004547
2025-01-16 06:15,0.0
2025-01-16 06:30,0.004547
2025-01-16 06:45,0.0
2025-01-16 07:00,0.0
2025-01-16 07:15,0.0
2025-01-16 07:30,0.024685
2025-01-16 07:45,0.0
2025-01-16 08:00,0.009094
2025-01-16 08:15,0.103157
2025-01-16 08:30,0.0
2025-01-16 08:45,0.0
2025-01-16 09:00,0.0
2025-01-16 09:15,0.0
2025-01-16 09:30,0.0
2025-01-16 09:45,0.0
2025-01-16 10:00,0.0
2025-01-16 10:15,0.010783
2025-01-16 10:30,0.0
2025-01-16 10:45,0.004807
2025-01-16 11:00,0.0
2025-01-16 11:15,0.0
2025-01-16 11:30,0.0
2025-01-16 11:45,0.0
2025-01-16 12:00,0.0
2025-01-16 12:15,0.0
2025-01-16 12:30,0.0
2025-01-16 12:45,0.0
2025-01-16 13:00,0.0
2025-01-16 13:15,0.0
2025-01-16 13:30,0.0
2025-01-16 13:45,0.0
2025-01-16 14:00,0.0
2025-01-16 14:15,0.0
2025-01-16 14:30,0.0
2025-01-16 14:45,0.0
2025-01-16 15:00,0.0
2025-01-16 15:15,0.0
2025-01-16 15:30,0.0
2025-01-16 15:45,0.0
2025-01-16 16:00,0.0
2025-01-16 16:15,0.0
2025-01-16 16:30,0.0
2025-01-16 16:45,0.0
2025-01-16 17:00,0.0
2025-01-16 17:15,0.0
2025-01-16 17:30,0.0
2025-01-16 17:45,0.0
2025-01-16 18:00,0.0
2025-01-16 18:15,0.0
2025-01-16 18:30,0.0
2025-01-16 18:45,0.0
2025-01-16 19:00,0.0
2025-01-16 19:15,0.0
2025-01-16 19:30,0.0
2025-01-16 19:45,0.0
2025-01-16 20:00,0.0
2025-01-16 20:15,0.0
2025-01-16 20:30,0.0
2025-01-16 20:45,0.0
2025-01-16 21:00,0.0
2025-01-16 21:15,0.0
2025-01-16 21:30,0.0
2025-01-16 21:45,0.0
2025-01-16 22:00,0.0
2025-01-16 22:15,0.0
2025-01-16 22:30,0.0
2025-01-16 22:45,0.0
2025-01-16 23:00,0.0
2025-01-16 23:15,0.09887
2025-01-16 23:30,0.202027
2025-01-16 23:45,0.0
2025-01-17 00:00,0.0
2025-01-17 00:15,0.004547
2025-01-17 00:30,0.103417
2025-01-17 00:45,0.134208
2025-01-17 01:00,0.0
2025-01-17 01:15,0.0
2025-01-17 01:30,0.0
2025-01-17 01:45,0.1142
2025-01-17 02:00,0.0
2025-01-17 02:15,0.0
2025-01-17 02:30,0.038132
2025-01-17 02:45,0.0
2025-01-17 03:00,0.0
2025-01-17 03:15,0.0
2025-01-17 03:30,0.123295
2025-01-17 03:45,0.189424
2025-01-17 04:00,0.009094
2025-01-17 04:15,0.370274
2025-01-17 04:30,0.0
2025-01-17 04:45,0.108224
2025-01-17 05:00,0.0
2025-01-17 05:15,0.0
2025-01-17 05:30,0.004807
2025-01-17 05:45,0.0
2025-01-17 06:00,0.061842
2025-01-17 06:15,0.09861
2025-01-17 06:30,0.206314
2025-01-17 06:45,0.0
2025-01-17 07:00,0.19722
2025-01-17 07:15,0.0
2025-01-17 07:30,0.0
2025-01-17 07:45,0.0
2025-01-17 08:00,0.0
2025-01-17 08:15,0.094712
2025-01-17 08:30,0.0
2025-01-17 08:45,0.0
2025-01-17 09:00,0.0
2025-01-17 09:15,0.0
2025-01-17 09:30,0.0
2025-01-17 09:45,0.0
2025-01-17 10:00,0.0
2025-01-17 10:15,0.0
2025-01-17 10:30,0.0
2025-01-17 10:45,0.0
2025-01-17 11:00,0.0
2025-01-17 11:15,0.108224
2025-01-17 11:30,0.0
2025-01-17 11:45,0.0
2025-01-17 12:00,0.0
2025-01-17 12:15,0.0
2025-01-17 12:30,0.0
2025-01-17 12:45,0.0
2025-01-17 13:00,0.0
2025-01-17 13:15,0.0
2025-01-17 13:30,0.0
2025-01-17 13:45,0.0
2025-01-17 14:00,0.0
2025-01-17 14:15,0.0
2025-01-17 14:30,0.0
2025-01-17 14:45,0.0
2025-01-17 15:00,0.0
2025-01-17 15:15,0.0
2025-01-17 15:30,0.0
2025-01-17 15:45,0.0
2025-01-17 16:00,0.0
2025-01-17 16:15,0.0
2025-01-17 16:30,0.0
2025-01-17 16:45,0.0
2025-01-17 17:00,0.0
2025-01-17 17:15,0.0
2025-01-17 17:30,0.0
2025-01-17 17:45,0.0
2025-01-17 18:00,0.004547
2025-01-17 18:15,0.0
2025-01-17 18:30,0.004547
2025-01-17 18:45,0.0
2025-01-17 19:00,0.0
2025-01-17 19:15,0.0
2025-01-17 19:30,0.0
2025-01-17 19:45,0.0
2025-01-17 20:00,0.0
2025-01-17 20:15,0.0
2025-01-17 20:30,0.0
2025-01-17 20:45,0.0
2025-01-17 21:00,0.0
2025-01-17 21:15,0.0
2025-01-17 21:30,0.0
2025-01-17 21:45,0.0
2025-01-17 22:00,0.0
2025-01-17 22:15,0.0
2025-01-17 22:30,0.0
2025-01-17 22:45,0.0
2025-01-17 23:00,0.0
2025-01-17 23:15,0.0
2025-01-17 23:30,0.0
2025-01-17 23:45,0.0
2025-01-18 00:00,0.0
2025-01-18 00:15,0.0
2025-01-18 00:30,0.0
2025-01-18 00:45,0.004807
2025-01-18 01:00,0.0
2025-01-18 01:15,0.0
2025-01-18 01:30,0.0
2025-01-18 01:45,0.0
2025-01-18 02:00,0.0
2025-01-18 02:15,0.0
2025-01-18 02:30,0.0
2025-01-18 02:45,0.0
2025-01-18 03:00,0.0
2025-01-18 03:15,0.0
2025-01-18 03:30,0.0
2025-01-18 03:45,0.0
2025-01-18 04:00,0.0
2025-01-18 04:15,0.0
2025-01-18 04:30,0.0
2025-01-18 04:45,0.0
2025-01-18 05:00,0.0
2025-01-18 05:15,0.0
2025-01-18 05:30,0.0
2025-01-18 05:45,0.0
2025-01-18 06:00,0.0
2025-01-18 06:15,0.0
2025-01-18 06:30,0.0
2025-01-18 06:45,0.0
2025-01-18 07:00,0.0
2025-01-18 07:15,0.0
2025-01-18 07:30,0.0
2025-01-18 07:45,0.0
2025-01-18 08:00,0.0
2025-01-18 08:15,0.0
2025-01-18 08:30,0.0
2025-01-18 08:45,0.0
2025-01-18 09:00,0.0
2025-01-18 09:15,0.0
2025-01-18 09:30,0.0
2025-01-18 09:45,0.0
2025-01-18 10:00,0.0
2025-01-18 10:15,0.0
2025-01-18 10:30,0.0
2025-01-18 10:45,0.0
2025-01-18 11:00,0.0
2025-01-18 11:15,0.0
2025-01-18 11:30,0.0
2025-01-18 11:45,0.0
2025-01-18 12:00,0.0
2025-01-18 12:15,0.0
2025-01-18 12:30,0.0
2025-01-18 12:45,0.0
2025-01-18 13:00,0.0
2025-01-18 13:15,0.0
2025-01-18 13:30,0.0
2025-01-18 13:45,0.0
2025-01-18 14:00,0.0
2025-01-18 14:15,0.0
2025-01-18 14:30,0.0
2025-01-18 14:45,0.0
2025-01-18 15:00,0.0
2025-01-18 15:15,0.0
2025-01-18 15:30,0.0
2025-01-18 15:45,0.0
2025-01-18 16:00,0.0
2025-01-18 16:15,0.0
2025-01-18 16:30,0.0
2025-01-18 16:45,0.0
2025-01-18 17:00,0.0
2025-01-18 17:15,0.0
2025-01-18 17:30,0.0
2025-01-18 17:45,0.0
2025-01-18 18:00,0.0
2025-01-18 18:15,0.0
2025-01-18 18:30,0.0
2025-01-18 18:45,0.0
2025-01-18 19:00,0.0
2025-01-18 19:15,0.0
2025-01-18 19:30,0.0
2025-01-18 19:45,0.0
2025-01-18 20:00,0.0
2025-01-18 20:15,0.0
2025-01-18 20:30,0.0
2025-01-18 20:45,0.0
2025-01-18 21:00,0.0
2025-01-18 21:15,0.0
2025-01-18 21:30,0.0
2025-01-18 21:45,0.0
2025-01-18 22:00,0.0
2025-01-18 22:15,0.0
2025-01-18 22:30,0.0
2025-01-18 22:45,0.0
2025-01-18 23:00,0.0
2025-01-18 23:15,0.0
2025-01-18 23:30,0.0
2025-01-18 23:45,0.0
2025-01-19 00:00,0.0
2025-01-19 00:15,0.0
2025-01-19 00:30,0.0
2025-01-19 00:45,0.0
2025-01-19 01:00,0.0
2025-01-19 01:15,0.0
2025-01-19 01:30,0.0
2025-01-19 01:45,0.0
2025-01-19 02:00,0.0
2025-01-19 02:15,0.0
2025-01-19 02:30,0.0
2025-01-19 02:45,0.0
2025-01-19 03:00,0.0
2025-01-19 03:15,0.0
2025-01-19 03:30,0.0
2025-01-19 03:45,0.0
2025-01-19 04:00,0.0
2025-01-19 04:15,0.0
2025-01-19 04:30,0.061972
2025-01-19 04:45,0.0
2025-01-19 05:00,0.0
2025-01-19 05:15,0.0
2025-01-19 05:30,0.0
2025-01-19 05:45,0.0
2025-01-19 06:00,0.0
2025-01-19 06:15,0.0
2025-01-19 06:30,0.0
2025-01-19 06:45,0.0
2025-01-19 07:00,0.0
2025-01-19 07:15,0.0
2025-01-19 07:30,0.0
2025-01-19 07:45,0.0
2025-01-19 08:00,0.0
2025-01-19 08:15,0.0
2025-01-19 08:30,0.0
2025-01-19 08:45,0.0
2025-01-19 09:00,0.0
2025-01-19 09:15,0.0
2025-01-19 09:30,0.0
2025-01-19 09:45,0.331818
2025-01-19 10:00,0.0
2025-01-19 10:15,0.0
2025-01-19 10:30,0.0
2025-01-19 10:45,0.0
2025-01-19 11:00,0.0
2025-01-19 11:15,0.0
2025-01-19 11:30,0.0
2025-01-19 11:45,0.0
2025-01-19 12:00,0.0
2025-01-19 12:15,0.0
2025-01-19 12:30,0.0
2025-01-19 12:45,0.0
2025-01-19 13:00,0.0
2025-01-19 13:15,0.0
2025-01-19 13:30,0.0
2025-01-19 13:45,0.0
2025-01-19 14:00,0.0
2025-01-19 14:15,0.0
2025-01-19 14:30,0.0
2025-01-19 14:45,0.0
2025-01-19 15:00,0.0
2025-01-19 15:15,0.0
2025-01-19 15:30,0.0
2025-01-19 15:45,0.0
2025-01-19 16:00,0.0
2025-01-19 16:15,0.0
2025-01-19 16:30,0.0
2025-01-19 16:45,0.0
2025-01-19 17:00,0.0
2025-01-19 17:15,0.0
2025-01-19 17:30,0.0
2025-01-19 17:45,0.0
2025-01-19 18:00,0.0
2025-01-19 18:15,0.0
2025-01-19 18:30,0.0
2025-01-19 18:45,0.0
2025-01-19 19:00,0.0
2025-01-19 19:15,0.0
2025-01-19 19:30,0.0
2025-01-19 19:45,0.0
2025-01-19 20:00,0.0
2025-01-19 20:15,0.0
2025-01-19 20:30,0.0
2025-01-19 20:45,0.0
2025-01-19 21:00,0.0
2025-01-19 21:15,0.0
2025-01-19 21:30,0.0
2025-01-19 21:45,0.0
2025-01-19 22:00,0.0
2025-01-19 22:15,0.0
2025-01-19 22:30,0.0
2025-01-19 22:45,0.0
2025-01-19 23:00,0.09861
2025-01-19 23:15,0.076458
2025-01-19 23:30,0.103677
2025-01-19 23:45,0.114525
2025-01-20 00:00,0.198779
2025-01-20 00:15,0.004807
2025-01-20 00:30,0.709107
2025-01-20 00:45,0.0
2025-01-20 01:00,0.0
2025-01-20 01:15,0.0
2025-01-20 01:30,0.004807
2025-01-20 01:45,0.0
2025-01-20 02:00,0.0
2025-01-20 02:15,0.0
2025-01-20 02:30,0.0
2025-01-20 02:45,0.018189
2025-01-20 03:00,0.0
2025-01-20 03:15,0.0
2025-01-20 03:30,0.009094
2025-01-20 03:45,0.0
2025-01-20 04:00,0.0
2025-01-20 04:15,0.0
2025-01-20 04:30,0.108484
2025-01-20 04:45,0.0
2025-01-20 05:00,0.0
2025-01-20 05:15,0.09861
2025-01-20 05:30,0.09887
2025-01-20 05:45,0.0
2025-01-20 06:00,0.004807
2025-01-20 06:15,0.009614
2025-01-20 06:30,0.19748
2025-01-20 06:45,0.0
2025-01-20 07:00,0.09861
2025-01-20 07:15,0.0
2025-01-20 07:30,0.0
2025-01-20 07:45,0.0
2025-01-20 08:00,0.19722
2025-01-20 08:15,0.0
2025-01-20 08:30,0.0
2025-01-20 08:45,0.0
2025-01-20 09:00,0.0
2025-01-20 09:15,0.0
2025-01-20 09:30,0.0
2025-01-20 09:45,0.0
2025-01-20 10:00,0.0
2025-01-20 10:15,0.0
2025-01-20 10:30,0.0
2025-01-20 10:45,0.0
2025-01-20 11:00,0.0
2025-01-20 11:15,0.0
2025-01-20 11:30,0.09861
2025-01-20 11:45,0.0
2025-01-20 12:00,0.0
2025-01-20 12:15,0.0
2025-01-20 12:30,0.0
2025-01-20 12:45,0.0
2025-01-20 13:00,0.0
2025-01-20 13:15,0.0
2025-01-20 13:30,0.0
2025-01-20 13:45,0.0
2025-01-20 14:00,0.0
2025-01-20 14:15,0.0
2025-01-20 14:30,0.0
2025-01-20 14:45,0.0
2025-01-20 15:00,0.0
2025-01-20 15:15,0.0
2025-01-20 15:30,0.0
2025-01-20 15:45,0.0
2025-01-20 16:00,0.0
2025-01-20 16:15,0.0
2025-01-20 16:30,0.0
2025-01-20 16:45,0.0
2025-01-20 17:00,0.0
2025-01-20 17:15,0.0
2025-01-20 17:30,0.0
2025-01-20 17:45,0.0
2025-01-20 18:00,0.0
2025-01-20 18:15,0.0
2025-01-20 18:30,0.0
2025-01-20 18:45,0.0
2025-01-20 19:00,0.0
2025-01-20 19:15,0.0
2025-01-20 19:30,0.0
2025-01-20 19:45,0.0
2025-01-20 20:00,0.0
2025-01-20 20:15,0.0
2025-01-20 20:30,0.0
2025-01-20 20:45,0.0
2025-01-20 21:00,0.0
2025-01-20 21:15,0.0
2025-01-20 21:30,0.0
2025-01-20 21:45,0.0
2025-01-20 22:00,0.0
2025-01-20 22:15,0.0
2025-01-20 22:30,0.009094
2025-01-20 22:45,0.0
2025-01-20 23:00,0.013902
2025-01-20 23:15,0.09861
2025-01-20 23:30,0.0
2025-01-20 23:45,0.037482
2025-01-21 00:00,0.0
2025-01-21 00:15,0.0
2025-01-21 00:30,0.109978
2025-01-21 00:45,0.029752
2025-01-21 01:00,0.146745
2025-01-21 01:15,0.004547
2025-01-21 01:30,0.0
2025-01-21 01:45,0.009354
2025-01-21 02:00,0.010524
2025-01-21 02:15,0.009094
2025-01-21 02:30,0.0
2025-01-21 02:45,0.0
2025-01-21 03:00,0.0
2025-01-21 03:15,0.09861
2025-01-21 03:30,0.19722
2025-01-21 03:45,0.0
2025-01-21 04:00,0.201767
2025-01-21 04:15,0.103157
2025-01-21 04:30,0.004547
2025-01-21 04:45,0.399506
2025-01-21 05:00,0.061323
2025-01-21 05:15,0.225542
2025-01-21 05:30,0.004807
2025-01-21 05:45,0.0
2025-01-21 06:00,0.394439
2025-01-21 06:15,0.004547
2025-01-21 06:30,0.0
2025-01-21 06:45,0.004807
2025-01-21 07:00,0.066909
2025-01-21 07:15,0.0
2025-01-21 07:30,0.0
2025-01-21 07:45,0.0
2025-01-21 08:00,0.004547
2025-01-21 08:15,0.006561
2025-01-21 08:30,0.123165
2025-01-21 08:45,0.0
2025-01-21 09:00,0.0
2025-01-21 09:15,0.0
2025-01-21 09:30,0.0
2025-01-21 09:45,0.0
2025-01-21 10:00,0.0
2025-01-21 10:15,0.0
2025-01-21 10:30,0.0
2025-01-21 10:45,0.0
2025-01-21 11:00,0.004547
2025-01-21 11:15,0.0
2025-01-21 11:30,0.0
2025-01-21 11:45,0.0
2025-01-21 12:00,0.0
2025-01-21 12:15,0.0
2025-01-21 12:30,0.09861
2025-01-21 12:45,0.0
2025-01-21 13:00,0.0
2025-01-21 13:15,0.0
2025-01-21 13:30,0.0
2025-01-21 13:45,0.0
2025-01-21 14:00,0.0
2025-01-21 14:15,0.0
2025-01-21 14:30,0.0
2025-01-21 14:45,0.0
2025-01-21 15:00,0.0
2025-01-21 15:15,0.0
2025-01-21 15:30,0.0
2025-01-21 15:45,0.0
2025-01-21 16:00,0.0
2025-01-21 16:15,0.0
2025-01-21 16:30,0.0
2025-01-21 16:45,0.0
2025-01-21 17:00,0.0
2025-01-21 17:15,0.0
2025-01-21 17:30,0.0
2025-01-21 17:45,0.0
2025-01-21 18:00,0.0
2025-01-21 18:15,0.0
2025-01-21 18:30,0.0
2025-01-21 18:45,0.0
2025-01-21 19:00,0.0
2025-01-21 19:15,0.0
2025-01-21 19:30,0.0
2025-01-21 19:45,0.0
2025-01-21 20:00,0.0
2025-01-21 20:15,0.0
2025-01-21 20:30,0.0
2025-01-21 20:45,0.0
2025-01-21 21:00,0.0
2025-01-21 21:15,0.0
2025-01-21 21:30,0.0
2025-01-21 21:45,0.0
2025-01-21 22:00,0.0
2025-01-21 22:15,0.0
2025-01-21 22:30,0.009354
2025-01-21 22:45,0.010654
2025-01-21 23:00,0.0
2025-01-21 23:15,0.0
2025-01-21 23:30,0.004547
2025-01-21 23:45,0.004547
2025-01-22 00:00,0.004807
2025-01-22 00:00,0.012048
2025-01-22 00:15,0.012048
2025-01-22 00:30,0.259199
2025-01-22 00:45,0.247151
2025-01-22 01:00,0.344513
2025-01-22 01:15,0.016444
2025-01-22 01:30,0.50635
2025-01-22 01:45,0.03875
2025-01-22 02:00,0.0
2025-01-22 02:15,0.011397
2025-01-22 02:30,0.0
2025-01-22 02:45,0.0
2025-01-22 03:00,0.0
2025-01-22 03:15,0.0
2025-01-22 03:30,0.0
2025-01-22 03:45,0.0
2025-01-22 04:00,0.011397
2025-01-22 04:15,0.0
2025-01-22 04:30,0.026376
2025-01-22 04:45,0.0
2025-01-22 05:00,0.0
2025-01-22 05:15,0.011397
2025-01-22 05:30,0.0
2025-01-22 05:45,0.507001
2025-01-22 06:00,0.247151
2025-01-22 06:15,0.027027
2025-01-22 06:30,0.061869
2025-01-22 06:45,0.0
2025-01-22 07:00,0.011397
2025-01-22 07:15,0.401661
2025-01-22 07:30,0.0
2025-01-22 07:45,0.011397
2025-01-22 08:00,0.0
2025-01-22 08:15,0.247802
2025-01-22 08:30,0.023445
2025-01-22 08:45,0.0
2025-01-22 09:00,0.0
2025-01-22 09:15,0.0
2025-01-22 09:30,0.0
2025-01-22 09:45,0.0
2025-01-22 10:00,0.0
2025-01-22 10:15,0.0
2025-01-22 10:30,0.0
2025-01-22 10:45,0.0
2025-01-22 11:00,0.0
2025-01-22 11:15,0.0
2025-01-22 11:30,0.0
2025-01-22 11:45,0.254477
2025-01-22 12:00,0.011397
2025-01-22 12:15,0.0
2025-01-22 12:30,0.0
2025-01-22 12:45,0.0
2025-01-22 13:00,0.0
2025-01-22 13:15,0.0
2025-01-22 13:30,0.0
2025-01-22 13:45,0.0
2025-01-22 14:00,0.0
2025-01-22 14:15,0.0
2025-01-22 14:30,0.0
2025-01-22 14:45,0.0
2025-01-22 15:00,0.01042
2025-01-22 15:15,0.0
2025-01-22 15:30,0.0
2025-01-22 15:45,0.0
2025-01-22 16:00,0.0
2025-01-22 16:15,0.0
2025-01-22 16:30,0.0
2025-01-22 16:45,0.0
2025-01-22 17:00,0.0
2025-01-22 17:15,0.0
2025-01-22 17:30,0.0
2025-01-22 17:45,0.0
2025-01-22 18:00,0.0
2025-01-22 18:15,0.0
2025-01-22 18:30,0.0
2025-01-22 18:45,0.0
2025-01-22 19:00,0.0
2025-01-22 19:15,0.0
2025-01-22 19:30,0.0
2025-01-22 19:45,0.0
2025-01-22 20:00,0.0
2025-01-22 20:15,0.0
2025-01-22 20:30,0.0
2025-01-22 20:45,0.0
2025-01-22 21:00,0.0
2025-01-22 21:15,0.0
2025-01-22 21:30,0.0
2025-01-22 21:45,0.012048
2025-01-22 22:00,0.0
2025-01-22 22:15,0.0
2025-01-22 22:30,0.0
2025-01-22 22:45,0.0
2025-01-22 23:00,0.0
2025-01-22 23:15,0.0
2025-01-22 23:30,0.247151
2025-01-22 23:45,0.0
2025-01-23 00:00,0.087268
2025-01-23 00:15,0.0
2025-01-23 00:30,0.0
2025-01-23 00:45,0.011397
2025-01-23 01:00,0.023771
2025-01-23 01:15,0.011397
2025-01-23 01:30,0.012048
2025-01-23 01:45,0.0
2025-01-23 02:00,0.0
2025-01-23 02:15,0.0
2025-01-23 02:30,0.0
2025-01-23 02:45,0.0
2025-01-23 03:00,0.0
2025-01-23 03:15,0.022794
2025-01-23 03:30,0.0
2025-01-23 03:45,0.024096
2025-01-23 04:00,0.259199
2025-01-23 04:15,0.0
2025-01-23 04:30,0.551286
2025-01-23 04:45,0.0
2025-01-23 05:00,0.012048
2025-01-23 05:15,0.011397
2025-01-23 05:30,0.5197
2025-01-23 05:45,0.247802
2025-01-23 06:00,0.062358
2025-01-23 06:15,0.0
2025-01-23 06:30,0.0
2025-01-23 06:45,0.061381
2025-01-23 07:00,0.263595
2025-01-23 07:15,0.499023
2025-01-23 07:30,0.472485
2025-01-23 07:45,0.0
2025-01-23 08:00,0.011397
2025-01-23 08:15,0.247151
2025-01-23 08:30,0.011397
2025-01-23 08:45,0.011397
2025-01-23 09:00,0.0
2025-01-23 09:15,0.247151
2025-01-23 09:30,0.0
2025-01-23 09:45,0.0
2025-01-23 10:00,0.0
2025-01-23 10:15,0.0
2025-01-23 10:30,0.0
2025-01-23 10:45,0.0
2025-01-23 11:00,0.0
2025-01-23 11:15,0.0
2025-01-23 11:30,0.0
2025-01-23 11:45,0.0
2025-01-23 12:00,0.0
2025-01-23 12:15,0.0
2025-01-23 12:30,0.0
2025-01-23 12:45,0.0
2025-01-23 13:00,0.0
2025-01-23 13:15,0.0
2025-01-23 13:30,0.0
2025-01-23 13:45,0.0
2025-01-23 14:00,0.0
2025-01-23 14:15,0.0
2025-01-23 14:30,0.0
2025-01-23 14:45,0.0
2025-01-23 15:00,0.0
2025-01-23 15:15,0.0
2025-01-23 15:30,0.0
2025-01-23 15:45,0.0
2025-01-23 16:00,0.0
2025-01-23 16:15,0.0
2025-01-23 16:30,0.0
2025-01-23 16:45,0.0
2025-01-23 17:00,0.0
2025-01-23 17:15,0.017095
2025-01-23 17:30,0.0
2025-01-23 17:45,0.0
2025-01-23 18:00,0.0
2025-01-23 18:15,0.0
2025-01-23 18:30,0.0
2025-01-23 18:45,0.0
2025-01-23 19:00,0.012048
2025-01-23 19:15,0.0
2025-01-23 19:30,0.0
2025-01-23 19:45,0.0
2025-01-23 20:00,0.0
2025-01-23 20:15,0.0
2025-01-23 20:30,0.0
2025-01-23 20:45,0.0
2025-01-23 21:00,0.0
2025-01-23 21:15,0.147183
2025-01-23 21:30,0.0
2025-01-23 21:45,0.0
2025-01-23 22:00,0.0
2025-01-23 22:15,0.0
2025-01-23 22:30,0.0
2025-01-23 22:45,0.23787
2025-01-23 23:00,1.0
2025-01-23 23:15,0.0
2025-01-23 23:30,0.4028
2025-01-23 23:45,0.022794
2025-01-24 00:00,0.902312
2025-01-24 00:15,0.0
2025-01-24 00:30,0.281993
2025-01-24 00:45,0.011397
2025-01-24 01:00,0.073429
2025-01-24 01:15,0.011397
2025-01-24 01:30,0.0
2025-01-24 01:45,0.023445
2025-01-24 02:00,0.258548
2025-01-24 02:15,0.0
2025-01-24 02:30,0.011397
2025-01-24 02:45,0.0
2025-01-24 03:00,0.0
2025-01-24 03:15,0.237382
2025-01-24 03:30,0.222403
2025-01-24 03:45,0.0
2025-01-24 04:00,0.25985
2025-01-24 04:15,0.27255
2025-01-24 04:30,0.012048
2025-01-24 04:45,0.034191
2025-01-24 05:00,0.0
2025-01-24 05:15,0.016444
2025-01-24 05:30,0.0
2025-01-24 05:45,0.25985
2025-01-24 06:00,0.0
2025-01-24 06:15,0.0
2025-01-24 06:30,0.0
2025-01-24 06:45,0.0
2025-01-24 07:00,0.247802
2025-01-24 07:15,0.017747
2025-01-24 07:30,0.0
2025-01-24 07:45,0.0
2025-01-24 08:00,0.0
2025-01-24 08:15,0.282644
2025-01-24 08:30,0.0
2025-01-24 08:45,0.0
2025-01-24 09:00,0.0
2025-01-24 09:15,0.0
2025-01-24 09:30,0.0
2025-01-24 09:45,0.0
2025-01-24 10:00,0.0
2025-01-24 10:15,0.0
2025-01-24 10:30,0.0
2025-01-24 10:45,0.0
2025-01-24 11:00,0.0
2025-01-24 11:15,0.0
2025-01-24 11:30,0.0
2025-01-24 11:45,0.0
2025-01-24 12:00,0.0
2025-01-24 12:15,0.0
2025-01-24 12:30,0.247151
2025-01-24 12:45,0.0
2025-01-24 13:00,0.0
2025-01-24 13:15,0.0
2025-01-24 13:30,0.0
2025-01-24 13:45,0.0
2025-01-24 14:00,0.0
2025-01-24 14:15,0.0
2025-01-24 14:30,0.0
2025-01-24 14:45,0.0
2025-01-24 15:00,0.0
2025-01-24 15:15,0.0
2025-01-24 15:30,0.0
2025-01-24 15:45,0.0
2025-01-24 16:00,0.012048
2025-01-24 16:15,0.0
2025-01-24 16:30,0.0
2025-01-24 16:45,0.0
2025-01-24 17:00,0.0
2025-01-24 17:15,0.0
2025-01-24 17:30,0.0
2025-01-24 17:45,0.0
2025-01-24 18:00,0.0
2025-01-24 18:15,0.022794
2025-01-24 18:30,0.012048
2025-01-24 18:45,0.0
2025-01-24 19:00,0.247151
2025-01-24 19:15,0.0
2025-01-24 19:30,0.0
2025-01-24 19:45,0.0
2025-01-24 20:00,0.0
2025-01-24 20:15,0.0
2025-01-24 20:30,0.0
2025-01-24 20:45,0.0
2025-01-24 21:00,0.247151
2025-01-24 21:15,0.0
2025-01-24 21:30,0.0
2025-01-24 21:45,0.0
2025-01-24 22:00,0.0
2025-01-24 22:15,0.011397
2025-01-24 22:30,0.0
2025-01-24 22:45,0.0
2025-01-24 23:00,0.0
2025-01-24 23:15,0.0
2025-01-24 23:30,0.0
2025-01-24 23:45,0.0
2025-01-25 00:00,0.0
2025-01-25 00:15,0.0
2025-01-25 00:30,0.027678
2025-01-25 00:45,0.0
2025-01-25 01:00,0.0
2025-01-25 01:15,0.0
2025-01-25 01:30,0.0
2025-01-25 01:45,0.0
2025-01-25 02:00,0.0
2025-01-25 02:15,0.0
2025-01-25 02:30,0.0
2025-01-25 02:45,0.0
2025-01-25 03:00,0.0
2025-01-25 03:15,0.237382
2025-01-25 03:30,0.0
2025-01-25 03:45,0.0
2025-01-25 04:00,0.0
2025-01-25 04:15,0.0
2025-01-25 04:30,0.0
2025-01-25 04:45,0.0
2025-01-25 05:00,0.0
2025-01-25 05:15,0.0
2025-01-25 05:30,0.0
2025-01-25 05:45,0.0
2025-01-25 06:00,0.0
2025-01-25 06:15,0.0
2025-01-25 06:30,0.0
2025-01-25 06:45,0.0
2025-01-25 07:00,0.0
2025-01-25 07:15,0.0
2025-01-25 07:30,0.0
2025-01-25 07:45,0.0
2025-01-25 08:00,0.0
2025-01-25 08:15,0.0
2025-01-25 08:30,0.0
2025-01-25 08:45,0.0
2025-01-25 09:00,0.0
2025-01-25 09:15,0.0
2025-01-25 09:30,0.0
2025-01-25 09:45,0.0
2025-01-25 10:00,0.0
2025-01-25 10:15,0.0
2025-01-25 10:30,0.0
2025-01-25 10:45,0.0
2025-01-25 11:00,0.0
2025-01-25 11:15,0.0
2025-01-25 11:30,0.0
2025-01-25 11:45,0.0
2025-01-25 12:00,0.0
2025-01-25 12:15,0.0
2025-01-25 12:30,0.0
2025-01-25 12:45,0.0
2025-01-25 13:00,0.0
2025-01-25 13:15,0.0
2025-01-25 13:30,0.0
2025-01-25 13:45,0.0
2025-01-25 14:00,0.0
2025-01-25 14:15,0.0
2025-01-25 14:30,0.0
2025-01-25 14:45,0.0
2025-01-25 15:00,0.0
2025-01-25 15:15,0.0
2025-01-25 15:30,0.0
2025-01-25 15:45,0.0
2025-01-25 16:00,0.0
2025-01-25 16:15,0.0
2025-01-25 16:30,0.0
2025-01-25 16:45,0.0
2025-01-25 17:00,0.0
2025-01-25 17:15,0.0
2025-01-25 17:30,0.0
2025-01-25 17:45,0.0
2025-01-25 18:00,0.0
2025-01-25 18:15,0.0
2025-01-25 18:30,0.0
2025-01-25 18:45,0.0
2025-01-25 19:00,0.0
2025-01-25 19:15,0.0
2025-01-25 19:30,0.0
2025-01-25 19:45,0.0
2025-01-25 20:00,0.0
2025-01-25 20:15,0.0
2025-01-25 20:30,0.0
2025-01-25 20:45,0.0
2025-01-25 21:00,0.0
2025-01-25 21:15,0.0
2025-01-25 21:30,0.0
2025-01-25 21:45,0.0
2025-01-25 22:00,0.0
2025-01-25 22:15,0.0
2025-01-25 22:30,0.0
2025-01-25 22:45,0.0
2025-01-25 23:00,0.0
2025-01-25 23:15,0.0
2025-01-25 23:30,0.0
2025-01-25 23:45,0.0
2025-01-26 00:00,0.0
2025-01-26 00:15,0.0
2025-01-26 00:30,0.0
2025-01-26 00:45,0.0
2025-01-26 01:00,0.0
2025-01-26 01:15,0.0
2025-01-26 01:30,0.0
2025-01-26 01:45,0.0
2025-01-26 02:00,0.0
2025-01-26 02:15,0.0
2025-01-26 02:30,0.0
2025-01-26 02:45,0.0
2025-01-26 03:00,0.0
2025-01-26 03:15,0.0
2025-01-26 03:30,0.0
2025-01-26 03:45,0.0
2025-01-26 04:00,0.0
2025-01-26 04:15,0.0
2025-01-26 04:30,0.0
2025-01-26 04:45,0.0
2025-01-26 05:00,0.0
2025-01-26 05:15,0.0
2025-01-26 05:30,0.0
2025-01-26 05:45,0.0
2025-01-26 06:00,0.0
2025-01-26 06:15,0.0
2025-01-26 06:30,0.0
2025-01-26 06:45,0.0
2025-01-26 07:00,0.0
2025-01-26 07:15,0.0
2025-01-26 07:30,0.0
2025-01-26 07:45,0.0
2025-01-26 08:00,0.0
2025-01-26 08:15,0.0
2025-01-26 08:30,0.0
2025-01-26 08:45,0.0
2025-01-26 09:00,0.0
2025-01-26 09:15,0.0
2025-01-26 09:30,0.0
2025-01-26 09:45,0.0
2025-01-26 10:00,0.0
2025-01-26 10:15,0.0
2025-01-26 10:30,0.0
2025-01-26 10:45,0.0
2025-01-26 11:00,0.0
2025-01-26 11:15,0.0
2025-01-26 11:30,0.0
2025-01-26 11:45,0.0
2025-01-26 12:00,0.0
2025-01-26 12:15,0.0
2025-01-26 12:30,0.0
2025-01-26 12:45,0.0
2025-01-26 13:00,0.0
2025-01-26 13:15,0.0
2025-01-26 13:30,0.0
2025-01-26 13:45,0.0
2025-01-26 14:00,0.0
2025-01-26 14:15,0.0
2025-01-26 14:30,0.0
2025-01-26 14:45,0.0
2025-01-26 15:00,0.0
2025-01-26 15:15,0.0
2025-01-26 15:30,0.0
2025-01-26 15:45,0.0
2025-01-26 16:00,0.0
2025-01-26 16:15,0.0
2025-01-26 16:30,0.0
2025-01-26 16:45,0.0
2025-01-26 17:00,0.0
2025-01-26 17:15,0.0
2025-01-26 17:30,0.0
2025-01-26 17:45,0.0
2025-01-26 18:00,0.0
2025-01-26 18:15,0.0
2025-01-26 18:30,0.0
2025-01-26 18:45,0.011397
2025-01-26 19:00,0.0
2025-01-26 19:15,0.0
2025-01-26 19:30,0.0
2025-01-26 19:45,0.0
2025-01-26 20:00,0.0
2025-01-26 20:15,0.0
2025-01-26 20:30,0.0
2025-01-26 20:45,0.0
2025-01-26 21:00,0.0
2025-01-26 21:15,0.0
2025-01-26 21:30,0.0
2025-01-26 21:45,0.0
2025-01-26 22:00,0.0
2025-01-26 22:15,0.0
2025-01-26 22:30,0.0
2025-01-26 22:45,0.121622
2025-01-26 23:00,0.0
2025-01-26 23:15,0.0
2025-01-26 23:30,0.0
2025-01-26 23:45,0.0
2025-01-27 00:00,0.0
2025-01-27 00:15,0.0
2025-01-27 00:30,0.0
2025-01-27 00:45,0.0
2025-01-27 01:00,0.0
2025-01-27 01:15,0.0
2025-01-27 01:30,0.0
2025-01-27 01:45,0.0
2025-01-27 02:00,0.0
2025-01-27 02:15,0.0
2025-01-27 02:30,0.0
2025-01-27 02:45,0.0
2025-01-27 03:00,0.0
2025-01-27 03:15,0.0
2025-01-27 03:30,0.0
2025-01-27 03:45,0.0
2025-01-27 04:00,0.0
2025-01-27 04:15,0.0
2025-01-27 04:30,0.0
2025-01-27 04:45,0.0
2025-01-27 05:00,0.0
2025-01-27 05:15,0.0
2025-01-27 05:30,0.0
2025-01-27 05:45,0.0
2025-01-27 06:00,0.0
2025-01-27 06:15,0.0
2025-01-27 06:30,0.0
2025-01-27 06:45,0.0
2025-01-27 07:00,0.0
2025-01-27 07:15,0.0
2025-01-27 07:30,0.0
2025-01-27 07:45,0.0
2025-01-27 08:00,0.0
2025-01-27 08:15,0.0
2025-01-27 08:30,0.0
2025-01-27 08:45,0.0
2025-01-27 09:00,0.0
2025-01-27 09:15,0.0
2025-01-27 09:30,0.0
2025-01-27 09:45,0.0
2025-01-27 10:00,0.0
2025-01-27 10:15,0.0
2025-01-27 10:30,0.0
2025-01-27 10:45,0.0
2025-01-27 11:00,0.0
2025-01-27 11:15,0.0
2025-01-27 11:30,0.0
2025-01-27 11:45,0.0
2025-01-27 12:00,0.0
2025-01-27 12:15,0.0
2025-01-27 12:30,0.0
2025-01-27 12:45,0.0
2025-01-27 13:00,0.0
2025-01-27 13:15,0.0
2025-01-27 13:30,0.0
2025-01-27 13:45,0.0
2025-01-27 14:00,0.0
2025-01-27 14:15,0.0
2025-01-27 14:30,0.0
2025-01-27 14:45,0.0
2025-01-27 15:00,0.0
2025-01-27 15:15,0.0
2025-01-27 15:30,0.0
2025-01-27 15:45,0.0
2025-01-27 16:00,0.0
2025-01-27 16:15,0.0
2025-01-27 16:30,0.0
2025-01-27 16:45,0.0
2025-01-27 17:00,0.0
2025-01-27 17:15,0.0
2025-01-27 17:30,0.0
2025-01-27 17:45,0.0
2025-01-27 18:00,0.0
2025-01-27 18:15,0.0
2025-01-27 18:30,0.0
2025-01-27 18:45,0.0
2025-01-27 19:00,0.0
2025-01-27 19:15,0.0
2025-01-27 19:30,0.0
2025-01-27 19:45,0.0
2025-01-27 20:00,0.0
2025-01-27 20:15,0.0
2025-01-27 20:30,0.0
2025-01-27 20:45,0.0
2025-01-27 21:00,0.0
2025-01-27 21:15,0.0
2025-01-27 21:30,0.0
2025-01-27 21:45,0.0
2025-01-27 22:00,0.0
2025-01-27 22:15,0.0
2025-01-27 22:30,0.247151
2025-01-27 22:45,0.0
2025-01-27 23:00,0.0
2025-01-27 23:15,0.0
2025-01-27 23:30,0.0
2025-01-27 23:45,0.0
2025-01-28 00:00,0.0
2025-01-28 00:15,0.0
2025-01-28 00:30,0.0
2025-01-28 00:45,0.0
2025-01-28 01:00,0.0
2025-01-28 01:15,0.0
2025-01-28 01:30,0.0
2025-01-28 01:45,0.247151
2025-01-28 02:00,0.0
2025-01-28 02:15,0.0
2025-01-28 02:30,0.0
2025-01-28 02:45,0.0
2025-01-28 03:00,0.0
2025-01-28 03:15,0.0
2025-01-28 03:30,0.0
2025-01-28 03:45,0.0
2025-01-28 04:00,0.0
2025-01-28 04:15,0.0
2025-01-28 04:30,0.0
2025-01-28 04:45,0.0
2025-01-28 05:00,0.0
2025-01-28 05:15,0.0
2025-01-28 05:30,0.0
2025-01-28 05:45,0.0
2025-01-28 06:00,0.0
2025-01-28 06:15,0.0
2025-01-28 06:30,0.0
2025-01-28 06:45,0.0
2025-01-28 07:00,0.0
2025-01-28 07:15,0.0
2025-01-28 07:30,0.0
2025-01-28 07:45,0.0
2025-01-28 08:00,0.0
2025-01-28 08:15,0.0
2025-01-28 08:30,0.0
2025-01-28 08:45,0.0
2025-01-28 09:00,0.0
2025-01-28 09:15,0.0
2025-01-28 09:30,0.0
2025-01-28 09:45,0.0
2025-01-28 10:00,0.0
2025-01-28 10:15,0.0
2025-01-28 10:30,0.0
2025-01-28 10:45,0.247802
2025-01-28 11:00,0.0
2025-01-28 11:15,0.0
2025-01-28 11:30,0.0
2025-01-28 11:45,0.024096
2025-01-28 12:00,0.034842
2025-01-28 12:15,0.0
2025-01-28 12:30,0.0
2025-01-28 12:45,0.0
2025-01-28 13:00,0.0
2025-01-28 13:15,0.0
2025-01-28 13:30,0.0
2025-01-28 13:45,0.0
2025-01-28 14:00,0.0
2025-01-28 14:15,0.0
2025-01-28 14:30,0.0
2025-01-28 14:45,0.0
2025-01-28 15:00,0.0
2025-01-28 15:15,0.0
2025-01-28 15:30,0.0
2025-01-28 15:45,0.0
2025-01-28 16:00,0.0
2025-01-28 16:15,0.0
2025-01-28 16:30,0.0
2025-01-28 16:45,0.0
2025-01-28 17:00,0.0
2025-01-28 17:15,0.0
2025-01-28 17:30,0.0
2025-01-28 17:45,0.0
2025-01-28 18:00,0.0
2025-01-28 18:15,0.0
2025-01-28 18:30,0.0
2025-01-28 18:45,0.0
2025-01-28 19:00,0.0
2025-01-28 19:15,0.0
2025-01-28 19:30,0.0
2025-01-28 19:45,0.0
2025-01-28 20:00,0.0
2025-01-28 20:15,0.0
2025-01-28 20:30,0.0
2025-01-28 20:45,0.0
2025-01-28 21:00,0.0
2025-01-28 21:15,0.0
2025-01-28 21:30,0.0
2025-01-28 21:45,0.0
2025-01-28 22:00,0.0
2025-01-28 22:15,0.0
2025-01-28 22:30,0.247151
2025-01-28 22:45,0.0
2025-01-28 23:00,0.0
2025-01-28 23:15,0.0
2025-01-28 23:30,0.0
2025-01-28 23:45,0.0
2025-01-29 00:00,0.0
2025-01-29 00:00,0.0
2025-01-29 00:15,0.0
2025-01-29 00:30,0.0
2025-01-29 00:45,0.0
2025-01-29 01:00,0.0
2025-01-29 01:15,0.004009
2025-01-29 01:30,0.0
2025-01-29 01:45,0.0
2025-01-29 02:00,0.004238
2025-01-29 02:15,0.0
2025-01-29 02:30,0.0
2025-01-29 02:45,0.0
2025-01-29 03:00,0.0
2025-01-29 03:15,0.0
2025-01-29 03:30,0.0
2025-01-29 03:45,0.0
2025-01-29 04:00,0.0
2025-01-29 04:15,0.0
2025-01-29 04:30,0.0
2025-01-29 04:45,0.0
2025-01-29 05:00,0.0
2025-01-29 05:15,0.0
2025-01-29 05:30,0.004009
2025-01-29 05:45,0.0
2025-01-29 06:00,0.086937
2025-01-29 06:15,0.0
2025-01-29 06:30,0.0
2025-01-29 06:45,0.0
2025-01-29 07:00,0.0
2025-01-29 07:15,0.0
2025-01-29 07:30,0.0
2025-01-29 07:45,0.0
2025-01-29 08:00,0.0
2025-01-29 08:15,0.0
2025-01-29 08:30,0.0
2025-01-29 08:45,0.0
2025-01-29 09:00,0.0
2025-01-29 09:15,0.0
2025-01-29 09:30,0.0
2025-01-29 09:45,0.0
2025-01-29 10:00,0.0
2025-01-29 10:15,0.0
2025-01-29 10:30,0.0
2025-01-29 10:45,0.0
2025-01-29 11:00,0.0
2025-01-29 11:15,0.0
2025-01-29 11:30,0.0
2025-01-29 11:45,0.0
2025-01-29 12:00,0.0
2025-01-29 12:15,0.0
2025-01-29 12:30,0.0
2025-01-29 12:45,0.0
2025-01-29 13:00,0.0
2025-01-29 13:15,0.0
2025-01-29 13:30,0.0
2025-01-29 13:45,0.0
2025-01-29 14:00,0.0
2025-01-29 14:15,0.0
2025-01-29 14:30,0.0
2025-01-29 14:45,0.0
2025-01-29 15:00,0.0
2025-01-29 15:15,0.0
2025-01-29 15:30,0.0
2025-01-29 15:45,0.0
2025-01-29 16:00,0.0
2025-01-29 16:15,0.0
2025-01-29 16:30,0.0
2025-01-29 16:45,0.0
2025-01-29 17:00,0.0
2025-01-29 17:15,0.0
2025-01-29 17:30,0.0
2025-01-29 17:45,0.0
2025-01-29 18:00,0.0
2025-01-29 18:15,0.0
2025-01-29 18:30,0.0
2025-01-29 18:45,0.0
2025-01-29 19:00,0.0
2025-01-29 19:15,0.0
2025-01-29 19:30,0.0
2025-01-29 19:45,0.0
2025-01-29 20:00,0.0
2025-01-29 20:15,0.0
2025-01-29 20:30,0.0
2025-01-29 20:45,0.0
2025-01-29 21:00,0.0
2025-01-29 21:15,0.0
2025-01-29 21:30,0.0
2025-01-29 21:45,0.0
2025-01-29 22:00,0.0
2025-01-29 22:15,0.0
2025-01-29 22:30,0.0
2025-01-29 22:45,0.0
2025-01-29 23:00,0.0
2025-01-29 23:15,0.0
2025-01-29 23:30,0.0
2025-01-29 23:45,0.0
2025-01-30 00:00,0.0
2025-01-30 00:15,0.004009
2025-01-30 00:30,0.0
2025-01-30 00:45,0.0
2025-01-30 01:00,0.0
2025-01-30 01:15,0.0
2025-01-30 01:30,0.0
2025-01-30 01:45,0.0
2025-01-30 02:00,0.0
2025-01-30 02:15,0.0
2025-01-30 02:30,0.0
2025-01-30 02:45,0.0
2025-01-30 03:00,0.0
2025-01-30 03:15,0.0
2025-01-30 03:30,0.0
2025-01-30 03:45,0.0
2025-01-30 04:00,0.0
2025-01-30 04:15,0.0
2025-01-30 04:30,0.0
2025-01-30 04:45,0.0
2025-01-30 05:00,0.0
2025-01-30 05:15,0.0
2025-01-30 05:30,0.0
2025-01-30 05:45,0.0
2025-01-30 06:00,0.0
2025-01-30 06:15,0.0
2025-01-30 06:30,0.0
2025-01-30 06:45,0.091175
2025-01-30 07:00,0.0
2025-01-30 07:15,0.0
2025-01-30 07:30,0.0
2025-01-30 07:45,0.004009
2025-01-30 08:00,0.0
2025-01-30 08:15,0.0
2025-01-30 08:30,0.0
2025-01-30 08:45,0.0
2025-01-30 09:00,0.0
2025-01-30 09:15,0.0
2025-01-30 09:30,0.0
2025-01-30 09:45,0.261268
2025-01-30 10:00,0.0
2025-01-30 10:15,0.0
2025-01-30 10:30,0.0
2025-01-30 10:45,0.0
2025-01-30 11:00,0.0
2025-01-30 11:15,0.0
2025-01-30 11:30,0.0
2025-01-30 11:45,0.0
2025-01-30 12:00,0.0
2025-01-30 12:15,0.0
2025-01-30 12:30,0.0
2025-01-30 12:45,0.0
2025-01-30 13:00,0.0
2025-01-30 13:15,0.0
2025-01-30 13:30,0.086937
2025-01-30 13:45,0.0
2025-01-30 14:00,0.0
2025-01-30 14:15,0.0
2025-01-30 14:30,0.0
2025-01-30 14:45,0.0
2025-01-30 15:00,0.0
2025-01-30 15:15,0.0
2025-01-30 15:30,0.0
2025-01-30 15:45,0.0
2025-01-30 16:00,0.0
2025-01-30 16:15,0.0
2025-01-30 16:30,0.0
2025-01-30 16:45,0.0
2025-01-30 17:00,0.005899
2025-01-30 17:15,0.0
2025-01-30 17:30,0.0
2025-01-30 17:45,0.0
2025-01-30 18:00,0.0
2025-01-30 18:15,0.0
2025-01-30 18:30,0.0
2025-01-30 18:45,0.0
2025-01-30 19:00,0.0
2025-01-30 19:15,0.0
2025-01-30 19:30,0.0
2025-01-30 19:45,0.0
2025-01-30 20:00,0.0
2025-01-30 20:15,0.0
2025-01-30 20:30,0.0
2025-01-30 20:45,0.0
2025-01-30 21:00,0.0
2025-01-30 21:15,0.0
2025-01-30 21:30,0.0
2025-01-30 21:45,0.0
2025-01-30 22:00,0.0
2025-01-30 22:15,0.0
2025-01-30 22:30,0.0
2025-01-30 22:45,0.0
2025-01-30 23:00,0.0
2025-01-30 23:15,0.030983
2025-01-30 23:30,0.018498
2025-01-30 23:45,0.426092
2025-01-31 00:00,1.0
2025-01-31 00:15,0.090946
2025-01-31 00:30,0.26081
2025-01-31 00:45,0.0
2025-01-31 01:00,0.004696
2025-01-31 01:15,0.004238
2025-01-31 01:30,0.005784
2025-01-31 01:45,0.0
2025-01-31 02:00,0.190825
2025-01-31 02:15,0.0
2025-01-31 02:30,0.015348
2025-01-31 02:45,0.0
2025-01-31 03:00,0.0
2025-01-31 03:15,0.0
2025-01-31 03:30,0.0
2025-01-31 03:45,0.004238
2025-01-31 04:00,0.110818
2025-01-31 04:15,0.0
2025-01-31 04:30,0.0
2025-01-31 04:45,0.0
2025-01-31 05:00,0.110761
2025-01-31 05:15,0.351755
2025-01-31 05:30,0.094954
2025-01-31 05:45,0.004009
2025-01-31 06:00,0.438692
2025-01-31 06:15,0.006013
2025-01-31 06:30,0.008247
2025-01-31 06:45,0.0
2025-01-31 07:00,0.0
2025-01-31 07:15,0.0
2025-01-31 07:30,0.006242
2025-01-31 07:45,0.0
2025-01-31 08:00,0.008018
2025-01-31 08:15,0.173873
2025-01-31 08:30,0.0
2025-01-31 08:45,0.0
2025-01-31 09:00,0.0
2025-01-31 09:15,0.0
2025-01-31 09:30,0.0
2025-01-31 09:45,0.0
2025-01-31 10:00,0.0
2025-01-31 10:15,0.0
2025-01-31 10:30,0.0
2025-01-31 10:45,0.0
2025-01-31 11:00,0.0
2025-01-31 11:15,0.0
2025-01-31 11:30,0.0
2025-01-31 11:45,0.0
2025-01-31 12:00,0.0
2025-01-31 12:15,0.0
2025-01-31 12:30,0.0
2025-01-31 12:45,0.0
2025-01-31 13:00,0.0
2025-01-31 13:15,0.086937
2025-01-31 13:30,0.0
2025-01-31 13:45,0.0
2025-01-31 14:00,0.0
2025-01-31 14:15,0.0
2025-01-31 14:30,0.0
2025-01-31 14:45,0.0
2025-01-31 15:00,0.0
2025-01-31 15:15,0.0
2025-01-31 15:30,0.0
2025-01-31 15:45,0.0
2025-01-31 16:00,0.0
2025-01-31 16:15,0.0
2025-01-31 16:30,0.0
2025-01-31 16:45,0.0
2025-01-31 17:00,0.0
2025-01-31 17:15,0.0
2025-01-31 17:30,0.0
2025-01-31 17:45,0.0
2025-01-31 18:00,0.0
2025-01-31 18:15,0.0
2025-01-31 18:30,0.0
2025-01-31 18:45,0.0
2025-01-31 19:00,0.0
2025-01-31 19:15,0.0
2025-01-31 19:30,0.0
2025-01-31 19:45,0.0
2025-01-31 20:00,0.0
2025-01-31 20:15,0.0
2025-01-31 20:30,0.0
2025-01-31 20:45,0.0
2025-01-31 21:00,0.0
2025-01-31 21:15,0.0
2025-01-31 21:30,0.0
2025-01-31 21:45,0.0
2025-01-31 22:00,0.0
2025-01-31 22:15,0.0
2025-01-31 22:30,0.0
2025-01-31 22:45,0.0
2025-01-31 23:00,0.0
2025-01-31 23:15,0.0
2025-01-31 23:30,0.0
2025-01-31 23:45,0.0
2025-02-01 00:00,0.0
2025-02-01 00:15,0.0
2025-02-01 00:30,0.005498
2025-02-01 00:45,0.0
2025-02-01 01:00,0.0
2025-02-01 01:15,0.0
2025-02-01 01:30,0.0
2025-02-01 01:45,0.0
2025-02-01 02:00,0.0
2025-02-01 02:15,0.0
2025-02-01 02:30,0.0
2025-02-01 02:45,0.0
2025-02-01 03:00,0.0
2025-02-01 03:15,0.0
2025-02-01 03:30,0.0
2025-02-01 03:45,0.0
2025-02-01 04:00,0.0
2025-02-01 04:15,0.0
2025-02-01 04:30,0.0
2025-02-01 04:45,0.0
2025-02-01 05:00,0.0
2025-02-01 05:15,0.0
2025-02-01 05:30,0.0
2025-02-01 05:45,0.0
2025-02-01 06:00,0.0
2025-02-01 06:15,0.0
2025-02-01 06:30,0.0
2025-02-01 06:45,0.0
2025-02-01 07:00,0.0
2025-02-01 07:15,0.0
2025-02-01 07:30,0.0
2025-02-01 07:45,0.0
2025-02-01 08:00,0.0
2025-02-01 08:15,0.0
2025-02-01 08:30,0.0
2025-02-01 08:45,0.0
2025-02-01 09:00,0.0
2025-02-01 09:15,0.0
2025-02-01 09:30,0.0
2025-02-01 09:45,0.0
2025-02-01 10:00,0.0
2025-02-01 10:15,0.0
2025-02-01 10:30,0.0
2025-02-01 10:45,0.0
2025-02-01 11:00,0.0
2025-02-01 11:15,0.0
2025-02-01 11:30,0.0
2025-02-01 11:45,0.0
2025-02-01 12:00,0.0
2025-02-01 12:15,0.0
2025-02-01 12:30,0.0
2025-02-01 12:45,0.0
2025-02-01 13:00,0.0
2025-02-01 13:15,0.0
2025-02-01 13:30,0.0
2025-02-01 13:45,0.0
2025-02-01 14:00,0.0
2025-02-01 14:15,0.0
2025-02-01 14:30,0.0
2025-02-01 14:45,0.0
2025-02-01 15:00,0.0
2025-02-01 15:15,0.0
2025-02-01 15:30,0.0
2025-02-01 15:45,0.0
2025-02-01 16:00,0.0
2025-02-01 16:15,0.0
2025-02-01 16:30,0.0
2025-02-01 16:45,0.0
2025-02-01 17:00,0.0
2025-02-01 17:15,0.0
2025-02-01 17:30,0.0
2025-02-01 17:45,0.0
2025-02-01 18:00,0.0
2025-02-01 18:15,0.0
2025-02-01 18:30,0.0
2025-02-01 18:45,0.0
2025-02-01 19:00,0.0
2025-02-01 19:15,0.0
2025-02-01 19:30,0.0
2025-02-01 19:45,0.0
2025-02-01 20:00,0.0
2025-02-01 20:15,0.0
2025-02-01 20:30,0.0
2025-02-01 20:45,0.0
2025-02-01 21:00,0.0
2025-02-01 21:15,0.0
2025-02-01 21:30,0.0
2025-02-01 21:45,0.0
2025-02-01 22:00,0.0
2025-02-01 22:15,0.0
2025-02-01 22:30,0.0
2025-02-01 22:45,0.0
2025-02-01 23:00,0.0
2025-02-01 23:15,0.0
2025-02-01 23:30,0.0
2025-02-01 23:45,0.0
2025-02-02 00:00,0.0
2025-02-02 00:15,0.0
2025-02-02 00:30,0.0
2025-02-02 00:45,0.0
2025-02-02 01:00,0.0
2025-02-02 01:15,0.0
2025-02-02 01:30,0.0
2025-02-02 01:45,0.0
2025-02-02 02:00,0.0
2025-02-02 02:15,0.0
2025-02-02 02:30,0.0
2025-02-02 02:45,0.0
2025-02-02 03:00,0.0
2025-02-02 03:15,0.0
2025-02-02 03:30,0.0
2025-02-02 03:45,0.0
2025-02-02 04:00,0.0
2025-02-02 04:15,0.0
2025-02-02 04:30,0.0
2025-02-02 04:45,0.0
2025-02-02 05:00,0.0
2025-02-02 05:15,0.0
2025-02-02 05:30,0.0
2025-02-02 05:45,0.0
2025-02-02 06:00,0.0
2025-02-02 06:15,0.0
2025-02-02 06:30,0.0
2025-02-02 06:45,0.0
2025-02-02 07:00,0.0
2025-02-02 07:15,0.0
2025-02-02 07:30,0.0
2025-02-02 07:45,0.0
2025-02-02 08:00,0.0
2025-02-02 08:15,0.0
2025-02-02 08:30,0.0
2025-02-02 08:45,0.0
2025-02-02 09:00,0.0
2025-02-02 09:15,0.0
2025-02-02 09:30,0.0
2025-02-02 09:45,0.0
2025-02-02 10:00,0.0
2025-02-02 10:15,0.0
2025-02-02 10:30,0.0
2025-02-02 10:45,0.0
2025-02-02 11:00,0.0
2025-02-02 11:15,0.0
2025-02-02 11:30,0.0
2025-02-02 11:45,0.0
2025-02-02 12:00,0.0
2025-02-02 12:15,0.0
2025-02-02 12:30,0.0
2025-02-02 12:45,0.0
2025-02-02 13:00,0.0
2025-02-02 13:15,0.0
2025-02-02 13:30,0.0
2025-02-02 13:45,0.0
2025-02-02 14:00,0.0
2025-02-02 14:15,0.0
2025-02-02 14:30,0.0
2025-02-02 14:45,0.0
2025-02-02 15:00,0.0
2025-02-02 15:15,0.0
2025-02-02 15:30,0.0
2025-02-02 15:45,0.0
2025-02-02 16:00,0.0
2025-02-02 16:15,0.0
2025-02-02 16:30,0.0
2025-02-02 16:45,0.0
2025-02-02 17:00,0.0
2025-02-02 17:15,0.0
2025-02-02 17:30,0.0
2025-02-02 17:45,0.0
2025-02-02 18:00,0.0
2025-02-02 18:15,0.0
2025-02-02 18:30,0.0
2025-02-02 18:45,0.0
2025-02-02 19:00,0.0
2025-02-02 19:15,0.0
2025-02-02 19:30,0.0
2025-02-02 19:45,0.0
2025-02-02 20:00,0.0
2025-02-02 20:15,0.0
2025-02-02 20:30,0.0
2025-02-02 20:45,0.0
2025-02-02 21:00,0.0
2025-02-02 21:15,0.0
2025-02-02 21:30,0.0
2025-02-02 21:45,0.0
2025-02-02 22:00,0.0
2025-02-02 22:15,0.0
2025-02-02 22:30,0.0
2025-02-02 22:45,0.004009
2025-02-02 23:00,0.0
2025-02-02 23:15,0.094954
2025-02-02 23:30,0.008018
2025-02-02 23:45,0.086937
2025-02-03 00:00,0.269744
2025-02-03 00:15,0.091747
2025-02-03 00:30,0.0
2025-02-03 00:45,0.099021
2025-02-03 01:00,0.178111
2025-02-03 01:15,0.024111
2025-02-03 01:30,0.0
2025-02-03 01:45,0.0
2025-02-03 02:00,0.347746
2025-02-03 02:15,0.0
2025-02-03 02:30,0.086937
2025-02-03 02:45,0.0
2025-02-03 03:00,0.0
2025-02-03 03:15,0.0
2025-02-03 03:30,0.086937
2025-02-03 03:45,0.077372
2025-02-03 04:00,0.01048
2025-02-03 04:15,0.0
2025-02-03 04:30,0.17834
2025-02-03 04:45,0.004238
2025-02-03 05:00,0.004238
2025-02-03 05:15,0.008247
2025-02-03 05:30,0.004009
2025-02-03 05:45,0.0
2025-02-03 06:00,0.0
2025-02-03 06:15,0.240364
2025-02-03 06:30,0.257374
2025-02-03 06:45,0.0
2025-02-03 07:00,0.091175
2025-02-03 07:15,0.004009
2025-02-03 07:30,0.0
2025-02-03 07:45,0.0
2025-02-03 08:00,0.0
2025-02-03 08:15,0.086937
2025-02-03 08:30,0.014948
2025-02-03 08:45,0.0
2025-02-03 09:00,0.0
2025-02-03 09:15,0.0
2025-02-03 09:30,0.0
2025-02-03 09:45,0.0
2025-02-03 10:00,0.0
2025-02-03 10:15,0.0
2025-02-03 10:30,0.090946
2025-02-03 10:45,0.351984
2025-02-03 11:00,0.0
2025-02-03 11:15,0.0
2025-02-03 11:30,0.0
2025-02-03 11:45,0.0
2025-02-03 12:00,0.0
2025-02-03 12:15,0.0
2025-02-03 12:30,0.0
2025-02-03 12:45,0.004009
2025-02-03 13:00,0.0
2025-02-03 13:15,0.0
2025-02-03 13:30,0.0
2025-02-03 13:45,0.0
2025-02-03 14:00,0.0
2025-02-03 14:15,0.0
2025-02-03 14:30,0.0
2025-02-03 14:45,0.0
2025-02-03 15:00,0.0
2025-02-03 15:15,0.0
2025-02-03 15:30,0.0
2025-02-03 15:45,0.0
2025-02-03 16:00,0.0
2025-02-03 16:15,0.0
2025-02-03 16:30,0.0
2025-02-03 16:45,0.0
2025-02-03 17:00,0.0
2025-02-03 17:15,0.0
2025-02-03 17:30,0.0
2025-02-03 17:45,0.0
2025-02-03 18:00,0.0
2025-02-03 18:15,0.0
2025-02-03 18:30,0.0
2025-02-03 18:45,0.0
2025-02-03 19:00,0.0
2025-02-03 19:15,0.0
2025-02-03 19:30,0.0
2025-02-03 19:45,0.0
2025-02-03 20:00,0.0
2025-02-03 20:15,0.0
2025-02-03 20:30,0.0
2025-02-03 20:45,0.0
2025-02-03 21:00,0.0
2025-02-03 21:15,0.0
2025-02-03 21:30,0.0
2025-02-03 21:45,0.0
2025-02-03 22:00,0.0
2025-02-03 22:15,0.0
2025-02-03 22:30,0.0
2025-02-03 22:45,0.0
2025-02-03 23:00,0.0
2025-02-03 23:15,0.0
2025-02-03 23:30,0.095413
2025-02-03 23:45,0.178111
2025-02-04 00:00,0.0
2025-02-04 00:15,0.178111
2025-02-04 00:30,0.0
2025-02-04 00:45,0.186702
2025-02-04 01:00,0.177882
2025-02-04 01:15,0.095184
2025-02-04 01:30,0.0
2025-02-04 01:45,0.008018
2025-02-04 02:00,0.0
2025-02-04 02:15,0.086937
2025-02-04 02:30,0.0
2025-02-04 02:45,0.0
2025-02-04 03:00,0.170437
2025-02-04 03:15,0.0
2025-02-04 03:30,0.012256
2025-02-04 03:45,0.0
2025-02-04 04:00,0.090946
2025-02-04 04:15,0.009793
2025-02-04 04:30,0.086937
2025-02-04 04:45,0.086937
2025-02-04 05:00,0.112594
2025-02-04 05:15,0.012485
2025-02-04 05:30,0.0
2025-02-04 05:45,0.084073
2025-02-04 06:00,0.120383
2025-02-04 06:15,0.086937
2025-02-04 06:30,0.0
2025-02-04 06:45,0.097532
2025-02-04 07:00,0.01071
2025-02-04 07:15,0.004009
2025-02-04 07:30,0.0
2025-02-04 07:45,0.086937
2025-02-04 08:00,0.091175
2025-02-04 08:15,0.004238
2025-02-04 08:30,0.004238
2025-02-04 08:45,0.0
2025-02-04 09:00,0.004238
2025-02-04 09:15,0.0
2025-02-04 09:30,0.0
2025-02-04 09:45,0.0
2025-02-04 10:00,0.0
2025-02-04 10:15,0.0
2025-02-04 10:30,0.0
2025-02-04 10:45,0.0
2025-02-04 11:00,0.0
2025-02-04 11:15,0.0
2025-02-04 11:30,0.0
2025-02-04 11:45,0.086937
2025-02-04 12:00,0.0
2025-02-04 12:15,0.0
2025-02-04 12:30,0.0
2025-02-04 12:45,0.0
2025-02-04 13:00,0.087166
2025-02-04 13:15,0.0
2025-02-04 13:30,0.0
2025-02-04 13:45,0.0
2025-02-04 14:00,0.0
2025-02-04 14:15,0.0
2025-02-04 14:30,0.0
2025-02-04 14:45,0.0
2025-02-04 15:00,0.0
2025-02-04 15:15,0.0
2025-02-04 15:30,0.0
2025-02-04 15:45,0.0
2025-02-04 16:00,0.0
2025-02-04 16:15,0.0
2025-02-04 16:30,0.0
2025-02-04 16:45,0.0
2025-02-04 17:00,0.0
2025-02-04 17:15,0.0
2025-02-04 17:30,0.0
2025-02-04 17:45,0.0
2025-02-04 18:00,0.0
2025-02-04 18:15,0.0
2025-02-04 18:30,0.0
2025-02-04 18:45,0.0
2025-02-04 19:00,0.0
2025-02-04 19:15,0.0
2025-02-04 19:30,0.0
2025-02-04 19:45,0.0
2025-02-04 20:00,0.0
2025-02-04 20:15,0.0
2025-02-04 20:30,0.0
2025-02-04 20:45,0.0
2025-02-04 21:00,0.0
2025-02-04 21:15,0.0
2025-02-04 21:30,0.0
2025-02-04 21:45,0.0
2025-02-04 22:00,0.0
2025-02-04 22:15,0.0
2025-02-04 22:30,0.004009
2025-02-04 22:45,0.0
2025-02-04 23:00,0.26774
2025-02-04 23:15,0.086937
2025-02-04 23:30,0.004009
2025-02-04 23:45,0.083901
2025-02-05 00:00,0.004009
2025-02-05 00:00,0.004423
2025-02-05 00:15,0.004676
2025-02-05 00:30,0.0
2025-02-05 00:45,0.0
2025-02-05 01:00,0.095918
2025-02-05 01:15,0.0
2025-02-05 01:30,0.140781
2025-02-05 01:45,0.095918
2025-02-05 02:00,0.192342
2025-02-05 02:15,0.0
2025-02-05 02:30,0.0
2025-02-05 02:45,0.004676
2025-02-05 03:00,0.0
2025-02-05 03:15,0.0
2025-02-05 03:30,0.0
2025-02-05 03:45,0.010363
2025-02-05 04:00,0.076772
2025-02-05 04:15,0.013901
2025-02-05 04:30,0.01447
2025-02-05 04:45,0.095918
2025-02-05 05:00,0.179199
2025-02-05 05:15,0.090105
2025-02-05 05:30,0.021357
2025-02-05 05:45,0.0
2025-02-05 06:00,0.0
2025-02-05 06:15,0.095918
2025-02-05 06:30,0.096171
2025-02-05 06:45,0.0
2025-02-05 07:00,0.205611
2025-02-05 07:15,0.006887
2025-02-05 07:30,0.0
2025-02-05 07:45,0.0
2025-02-05 08:00,0.004676
2025-02-05 08:15,0.004676
2025-02-05 08:30,0.0
2025-02-05 08:45,0.004676
2025-02-05 09:00,0.004423
2025-02-05 09:15,0.0
2025-02-05 09:30,0.0
2025-02-05 09:45,0.004676
2025-02-05 10:00,0.009352
2025-02-05 10:15,0.0
2025-02-05 10:30,0.0
2025-02-05 10:45,0.0
2025-02-05 11:00,0.0
2025-02-05 11:15,0.0
2025-02-05 11:30,0.0
2025-02-05 11:45,0.0
2025-02-05 12:00,0.0
2025-02-05 12:15,0.0
2025-02-05 12:30,0.0
2025-02-05 12:45,0.0
2025-02-05 13:00,0.0
2025-02-05 13:15,0.0
2025-02-05 13:30,0.0
2025-02-05 13:45,0.0
2025-02-05 14:00,0.0
2025-02-05 14:15,0.0
2025-02-05 14:30,0.0
2025-02-05 14:45,0.0
2025-02-05 15:00,0.004423
2025-02-05 15:15,0.0
2025-02-05 15:30,0.0
2025-02-05 15:45,0.0
2025-02-05 16:00,0.0
2025-02-05 16:15,0.0
2025-02-05 16:30,0.0
2025-02-05 16:45,0.0
2025-02-05 17:00,0.0
2025-02-05 17:15,0.0
2025-02-05 17:30,0.0
2025-02-05 17:45,0.0
2025-02-05 18:00,0.0
2025-02-05 18:15,0.0
2025-02-05 18:30,0.0
2025-02-05 18:45,0.0
2025-02-05 19:00,0.0
2025-02-05 19:15,0.0
2025-02-05 19:30,0.0
2025-02-05 19:45,0.0
2025-02-05 20:00,0.0
2025-02-05 20:15,0.0
2025-02-05 20:30,0.0
2025-02-05 20:45,0.006635
2025-02-05 21:00,0.0
2025-02-05 21:15,0.0
2025-02-05 21:30,0.0
2025-02-05 21:45,0.006635
2025-02-05 22:00,0.0
2025-02-05 22:15,0.0
2025-02-05 22:30,0.0
2025-02-05 22:45,0.0
2025-02-05 23:00,0.004423
2025-02-05 23:15,0.0
2025-02-05 23:30,0.0
2025-02-05 23:45,0.026412
2025-02-06 00:00,0.0
2025-02-06 00:15,0.091305
2025-02-06 00:30,0.104764
2025-02-06 00:45,0.004423
2025-02-06 01:00,0.009099
2025-02-06 01:15,0.0
2025-02-06 01:30,0.011753
2025-02-06 01:45,0.085745
2025-02-06 02:00,0.0
2025-02-06 02:15,0.0
2025-02-06 02:30,0.0
2025-02-06 02:45,0.184254
2025-02-06 03:00,0.039492
2025-02-06 03:15,0.0
2025-02-06 03:30,0.0
2025-02-06 03:45,0.0
2025-02-06 04:00,0.096171
2025-02-06 04:15,0.0
2025-02-06 04:30,0.008846
2025-02-06 04:45,0.0
2025-02-06 05:00,0.589031
2025-02-06 05:15,0.0
2025-02-06 05:30,0.0
2025-02-06 05:45,0.202199
2025-02-06 06:00,0.0
2025-02-06 06:15,0.288513
2025-02-06 06:30,0.143877
2025-02-06 06:45,0.183875
2025-02-06 07:00,0.0
2025-02-06 07:15,0.004423
2025-02-06 07:30,0.0
2025-02-06 07:45,0.575509
2025-02-06 08:00,0.0
2025-02-06 08:15,0.006635
2025-02-06 08:30,0.0
2025-02-06 08:45,0.0
2025-02-06 09:00,0.0
2025-02-06 09:15,0.0
2025-02-06 09:30,0.0
2025-02-06 09:45,0.0
2025-02-06 10:00,0.0
2025-02-06 10:15,0.0
2025-02-06 10:30,0.0
2025-02-06 10:45,0.0
2025-02-06 11:00,0.0
2025-02-06 11:15,0.0
2025-02-06 11:30,0.0
2025-02-06 11:45,0.0
2025-02-06 12:00,0.0
2025-02-06 12:15,0.0
2025-02-06 12:30,0.0
2025-02-06 12:45,0.0
2025-02-06 13:00,0.0
2025-02-06 13:15,0.0
2025-02-06 13:30,0.0
2025-02-06 13:45,0.0
2025-02-06 14:00,0.0
2025-02-06 14:15,0.0
2025-02-06 14:30,0.0
2025-02-06 14:45,0.0
2025-02-06 15:00,0.0
2025-02-06 15:15,0.0
2025-02-06 15:30,0.0
2025-02-06 15:45,0.0
2025-02-06 16:00,0.0
2025-02-06 16:15,0.0
2025-02-06 16:30,0.0
2025-02-06 16:45,0.0
2025-02-06 17:00,0.0
2025-02-06 17:15,0.0
2025-02-06 17:30,0.0
2025-02-06 17:45,0.0
2025-02-06 18:00,0.0
2025-02-06 18:15,0.0
2025-02-06 18:30,0.0
2025-02-06 18:45,0.0
2025-02-06 19:00,0.004423
2025-02-06 19:15,0.0
2025-02-06 19:30,0.0
2025-02-06 19:45,0.0
2025-02-06 20:00,0.0
2025-02-06 20:15,0.0
2025-02-06 20:30,0.0
2025-02-06 20:45,0.0
2025-02-06 21:00,0.0
2025-02-06 21:15,0.0
2025-02-06 21:30,0.0
2025-02-06 21:45,0.0
2025-02-06 22:00,0.0
2025-02-06 22:15,0.0
2025-02-06 22:30,0.0
2025-02-06 22:45,0.0
2025-02-06 23:00,0.0
2025-02-06 23:15,0.484519
2025-02-06 23:30,0.0
2025-02-06 23:45,0.268545
2025-02-07 00:00,0.012258
2025-02-07 00:15,0.409453
2025-02-07 00:30,0.095918
2025-02-07 00:45,0.0
2025-02-07 01:00,0.095918
2025-02-07 01:15,0.018703
2025-02-07 01:30,0.287754
2025-02-07 01:45,0.588778
2025-02-07 02:00,0.324845
2025-02-07 02:15,0.479591
2025-02-07 02:30,0.013648
2025-02-07 02:45,0.009099
2025-02-07 03:00,0.004423
2025-02-07 03:15,0.004423
2025-02-07 03:30,0.088715
2025-02-07 03:45,0.0
2025-02-07 04:00,0.004676
2025-02-07 04:15,0.100847
2025-02-07 04:30,0.004676
2025-02-07 04:45,0.205864
2025-02-07 05:00,0.0
2025-02-07 05:15,0.303804
2025-02-07 05:30,0.004423
2025-02-07 05:45,0.388096
2025-02-07 06:00,1.0
2025-02-07 06:15,0.0
2025-02-07 06:30,0.388096
2025-02-07 06:45,0.095918
2025-02-07 07:00,0.574877
2025-02-07 07:15,0.104764
2025-02-07 07:30,0.0
2025-02-07 07:45,0.268229
2025-02-07 08:00,0.0
2025-02-07 08:15,0.0
2025-02-07 08:30,0.0
2025-02-07 08:45,0.004423
2025-02-07 09:00,0.0
2025-02-07 09:15,0.0
2025-02-07 09:30,0.0
2025-02-07 09:45,0.0
2025-02-07 10:00,0.0
2025-02-07 10:15,0.0
2025-02-07 10:30,0.0
2025-02-07 10:45,0.0
2025-02-07 11:00,0.0
2025-02-07 11:15,0.0
2025-02-07 11:30,0.0
2025-02-07 11:45,0.0
2025-02-07 12:00,0.025591
2025-02-07 12:15,0.095476
2025-02-07 12:30,0.0
2025-02-07 12:45,0.0
2025-02-07 13:00,0.0
2025-02-07 13:15,0.0
2025-02-07 13:30,0.0
2025-02-07 13:45,0.0
2025-02-07 14:00,0.0
2025-02-07 14:15,0.0
2025-02-07 14:30,0.0
2025-02-07 14:45,0.0
2025-02-07 15:00,0.0
2025-02-07 15:15,0.0
2025-02-07 15:30,0.0
2025-02-07 15:45,0.0
2025-02-07 16:00,0.0
2025-02-07 16:15,0.0
2025-02-07 16:30,0.0
2025-02-07 16:45,0.0
2025-02-07 17:00,0.0
2025-02-07 17:15,0.0
2025-02-07 17:30,0.0
2025-02-07 17:45,0.0
2025-02-07 18:00,0.0
2025-02-07 18:15,0.0
2025-02-07 18:30,0.0
2025-02-07 18:45,0.0
2025-02-07 19:00,0.0
2025-02-07 19:15,0.0
2025-02-07 19:30,0.0
2025-02-07 19:45,0.0
2025-02-07 20:00,0.0
2025-02-07 20:15,0.0
2025-02-07 20:30,0.0
2025-02-07 20:45,0.0
2025-02-07 21:00,0.0
2025-02-07 21:15,0.0
2025-02-07 21:30,0.0
2025-02-07 21:45,0.0
2025-02-07 22:00,0.0
2025-02-07 22:15,0.0
2025-02-07 22:30,0.0
2025-02-07 22:45,0.0
2025-02-07 23:00,0.0
2025-02-07 23:15,0.0
2025-02-07 23:30,0.0
2025-02-07 23:45,0.0
2025-02-08 00:00,0.0
2025-02-08 00:15,0.0
2025-02-08 00:30,0.0
2025-02-08 00:45,0.0
2025-02-08 01:00,0.0
2025-02-08 01:15,0.0
2025-02-08 01:30,0.0
2025-02-08 01:45,0.0
2025-02-08 02:00,0.0
2025-02-08 02:15,0.0
2025-02-08 02:30,0.0
2025-02-08 02:45,0.0
2025-02-08 03:00,0.0
2025-02-08 03:15,0.0
2025-02-08 03:30,0.0
2025-02-08 03:45,0.0
2025-02-08 04:00,0.0
2025-02-08 04:15,0.0
2025-02-08 04:30,0.338999
2025-02-08 04:45,0.0
2025-02-08 05:00,0.095918
2025-02-08 05:15,0.0
2025-02-08 05:30,0.0
2025-02-08 05:45,0.0
2025-02-08 06:00,0.0
2025-02-08 06:15,0.0
2025-02-08 06:30,0.0
2025-02-08 06:45,0.0
2025-02-08 07:00,0.0
2025-02-08 07:15,0.0
2025-02-08 07:30,0.0
2025-02-08 07:45,0.0
2025-02-08 08:00,0.0
2025-02-08 08:15,0.0
2025-02-08 08:30,0.0
2025-02-08 08:45,0.0
2025-02-08 09:00,0.0
2025-02-08 09:15,0.0
2025-02-08 09:30,0.0
2025-02-08 09:45,0.0
2025-02-08 10:00,0.0
2025-02-08 10:15,0.0
2025-02-08 10:30,0.0
2025-02-08 10:45,0.0
2025-02-08 11:00,0.0
2025-02-08 11:15,0.0
2025-02-08 11:30,0.0
2025-02-08 11:45,0.0
2025-02-08 12:00,0.0
2025-02-08 12:15,0.0
2025-02-08 12:30,0.0
2025-02-08 12:45,0.0
2025-02-08 13:00,0.0
2025-02-08 13:15,0.0
2025-02-08 13:30,0.0
2025-02-08 13:45,0.0
2025-02-08 14:00,0.0
2025-02-08 14:15,0.0
2025-02-08 14:30,0.0
2025-02-08 14:45,0.0
2025-02-08 15:00,0.0
2025-02-08 15:15,0.0
2025-02-08 15:30,0.0
2025-02-08 15:45,0.0
2025-02-08 16:00,0.0
2025-02-08 16:15,0.0
2025-02-08 16:30,0.0
2025-02-08 16:45,0.0
2025-02-08 17:00,0.0
2025-02-08 17:15,0.0
2025-02-08 17:30,0.0
2025-02-08 17:45,0.0
2025-02-08 18:00,0.0
2025-02-08 18:15,0.0
2025-02-08 18:30,0.0
2025-02-08 18:45,0.0
2025-02-08 19:00,0.0
2025-02-08 19:15,0.0
2025-02-08 19:30,0.0
2025-02-08 19:45,0.0
2025-02-08 20:00,0.0
2025-02-08 20:15,0.0
2025-02-08 20:30,0.0
2025-02-08 20:45,0.0
2025-02-08 21:00,0.0
2025-02-08 21:15,0.0
2025-02-08 21:30,0.0
2025-02-08 21:45,0.0
2025-02-08 22:00,0.0
2025-02-08 22:15,0.0
2025-02-08 22:30,0.0
2025-02-08 22:45,0.0
2025-02-08 23:00,0.0
2025-02-08 23:15,0.0
2025-02-08 23:30,0.0
2025-02-08 23:45,0.0
2025-02-09 00:00,0.0
2025-02-09 00:15,0.0
2025-02-09 00:30,0.0
2025-02-09 00:45,0.0
2025-02-09 01:00,0.0
2025-02-09 01:15,0.0
2025-02-09 01:30,0.0
2025-02-09 01:45,0.0
2025-02-09 02:00,0.0
2025-02-09 02:15,0.0
2025-02-09 02:30,0.0
2025-02-09 02:45,0.0
2025-02-09 03:00,0.0
2025-02-09 03:15,0.0
2025-02-09 03:30,0.0
2025-02-09 03:45,0.0
2025-02-09 04:00,0.0
2025-02-09 04:15,0.0
2025-02-09 04:30,0.0
2025-02-09 04:45,0.0
2025-02-09 05:00,0.0
2025-02-09 05:15,0.006382
2025-02-09 05:30,0.0
2025-02-09 05:45,0.0
2025-02-09 06:00,0.0
2025-02-09 06:15,0.0
2025-02-09 06:30,0.0
2025-02-09 06:45,0.0
2025-02-09 07:00,0.0
2025-02-09 07:15,0.0
2025-02-09 07:30,0.0
2025-02-09 07:45,0.0
2025-02-09 08:00,0.0
2025-02-09 08:15,0.0
2025-02-09 08:30,0.0
2025-02-09 08:45,0.0
2025-02-09 09:00,0.0
2025-02-09 09:15,0.0
2025-02-09 09:30,0.0
2025-02-09 09:45,0.0
2025-02-09 10:00,0.0
2025-02-09 10:15,0.0
2025-02-09 10:30,0.0
2025-02-09 10:45,0.0
2025-02-09 11:00,0.0
2025-02-09 11:15,0.0
2025-02-09 11:30,0.0
2025-02-09 11:45,0.0
2025-02-09 12:00,0.0
2025-02-09 12:15,0.0
2025-02-09 12:30,0.0
2025-02-09 12:45,0.0
2025-02-09 13:00,0.0
2025-02-09 13:15,0.0
2025-02-09 13:30,0.0
2025-02-09 13:45,0.0
2025-02-09 14:00,0.0
2025-02-09 14:15,0.0
2025-02-09 14:30,0.0
2025-02-09 14:45,0.0
2025-02-09 15:00,0.0
2025-02-09 15:15,0.0
2025-02-09 15:30,0.0
2025-02-09 15:45,0.0
2025-02-09 16:00,0.0
2025-02-09 16:15,0.0
2025-02-09 16:30,0.0
2025-02-09 16:45,0.0
2025-02-09 17:00,0.0
2025-02-09 17:15,0.0
2025-02-09 17:30,0.0
2025-02-09 17:45,0.0
2025-02-09 18:00,0.0
2025-02-09 18:15,0.0
2025-02-09 18:30,0.0
2025-02-09 18:45,0.0
2025-02-09 19:00,0.0
2025-02-09 19:15,0.0
2025-02-09 19:30,0.0
2025-02-09 19:45,0.0
2025-02-09 20:00,0.0
2025-02-09 20:15,0.0
2025-02-09 20:30,0.0
2025-02-09 20:45,0.0
2025-02-09 21:00,0.0
2025-02-09 21:15,0.0
2025-02-09 21:30,0.0
2025-02-09 21:45,0.0
2025-02-09 22:00,0.0
2025-02-09 22:15,0.0
2025-02-09 22:30,0.0
2025-02-09 22:45,0.008846
2025-02-09 23:00,0.0
2025-02-09 23:15,0.0
2025-02-09 23:30,0.287754
2025-02-09 23:45,0.281056
2025-02-10 00:00,0.004423
2025-02-10 00:15,0.085935
2025-02-10 00:30,0.018451
2025-02-10 00:45,0.104764
2025-02-10 01:00,0.0
2025-02-10 01:15,0.0
2025-02-10 01:30,0.0
2025-02-10 01:45,0.0
2025-02-10 02:00,0.0
2025-02-10 02:15,0.0
2025-02-10 02:30,0.004423
2025-02-10 02:45,0.0
2025-02-10 03:00,0.004423
2025-02-10 03:15,0.0
2025-02-10 03:30,0.0
2025-02-10 03:45,0.004423
2025-02-10 04:00,0.0
2025-02-10 04:15,0.100341
2025-02-10 04:30,0.411348
2025-02-10 04:45,0.114242
2025-02-10 05:00,0.0
2025-02-10 05:15,0.0
2025-02-10 05:30,0.0
2025-02-10 05:45,0.0
2025-02-10 06:00,0.0
2025-02-10 06:15,0.0
2025-02-10 06:30,0.095918
2025-02-10 06:45,0.0
2025-02-10 07:00,0.010868
2025-02-10 07:15,0.0
2025-02-10 07:30,0.0
2025-02-10 07:45,0.0
2025-02-10 08:00,0.0
2025-02-10 08:15,0.0
2025-02-10 08:30,0.006129
2025-02-10 08:45,0.005181
2025-02-10 09:00,0.0
2025-02-10 09:15,0.0
2025-02-10 09:30,0.0
2025-02-10 09:45,0.0
2025-02-10 10:00,0.0
2025-02-10 10:15,0.0
2025-02-10 10:30,0.0
2025-02-10 10:45,0.0
2025-02-10 11:00,0.0
2025-02-10 11:15,0.0
2025-02-10 11:30,0.0
2025-02-10 11:45,0.0
2025-02-10 12:00,0.0
2025-02-10 12:15,0.0
2025-02-10 12:30,0.0
2025-02-10 12:45,0.0
2025-02-10 13:00,0.0
2025-02-10 13:15,0.0
2025-02-10 13:30,0.0
2025-02-10 13:45,0.0
2025-02-10 14:00,0.0
2025-02-10 14:15,0.0
2025-02-10 14:30,0.0
2025-02-10 14:45,0.0
2025-02-10 15:00,0.0
2025-02-10 15:15,0.0
2025-02-10 15:30,0.0
2025-02-10 15:45,0.0
2025-02-10 16:00,0.0
2025-02-10 16:15,0.0
2025-02-10 16:30,0.0
2025-02-10 16:45,0.0
2025-02-10 17:00,0.0
2025-02-10 17:15,0.0
2025-02-10 17:30,0.0
2025-02-10 17:45,0.0
2025-02-10 18:00,0.0
2025-02-10 18:15,0.004423
2025-02-10 18:30,0.0
2025-02-10 18:45,0.0
2025-02-10 19:00,0.0
2025-02-10 19:15,0.0
2025-02-10 19:30,0.0
2025-02-10 19:45,0.0
2025-02-10 20:00,0.0
2025-02-10 20:15,0.0
2025-02-10 20:30,0.0
2025-02-10 20:45,0.0
2025-02-10 21:00,0.0
2025-02-10 21:15,0.0
2025-02-10 21:30,0.008846
2025-02-10 21:45,0.0
2025-02-10 22:00,0.0
2025-02-10 22:15,0.0
2025-02-10 22:30,0.0
2025-02-10 22:45,0.0
2025-02-10 23:00,0.004423
2025-02-10 23:15,0.20043
2025-02-10 23:30,0.006382
2025-02-10 23:45,0.10944
2025-02-11 00:00,0.100594
2025-02-11 00:15,0.025717
2025-02-11 00:30,0.192974
2025-02-11 00:45,0.0
2025-02-11 01:00,0.0
2025-02-11 01:15,0.10944
2025-02-11 01:30,0.010805
2025-02-11 01:45,0.205611
2025-02-11 02:00,0.004676
2025-02-11 02:15,0.0
2025-02-11 02:30,0.004676
2025-02-11 02:45,0.0
2025-02-11 03:00,0.0
2025-02-11 03:15,0.03033
2025-02-11 03:30,0.0
2025-02-11 03:45,0.196259
2025-02-11 04:00,0.0
2025-02-11 04:15,0.004423
2025-02-11 04:30,0.0
2025-02-11 04:45,0.00872
2025-02-11 05:00,0.008846
2025-02-11 05:15,0.008846
2025-02-11 05:30,0.105712
2025-02-11 05:45,0.235309
2025-02-11 06:00,0.0
2025-02-11 06:15,0.369898
2025-02-11 06:30,0.095918
2025-02-11 06:45,0.004423
2025-02-11 07:00,0.095918
2025-02-11 07:15,0.0
2025-02-11 07:30,0.0
2025-02-11 07:45,0.383672
2025-02-11 08:00,0.0
2025-02-11 08:15,0.452926
2025-02-11 08:30,0.0
2025-02-11 08:45,0.0
2025-02-11 09:00,0.095918
2025-02-11 09:15,0.0
2025-02-11 09:30,0.0
2025-02-11 09:45,0.0
2025-02-11 10:00,0.0
2025-02-11 10:15,0.0
2025-02-11 10:30,0.0
2025-02-11 10:45,0.0
2025-02-11 11:00,0.0
2025-02-11 11:15,0.0
2025-02-11 11:30,0.0
2025-02-11 11:45,0.004423
2025-02-11 12:00,0.0
2025-02-11 12:15,0.0
2025-02-11 12:30,0.0
2025-02-11 12:45,0.0
2025-02-11 13:00,0.0
2025-02-11 13:15,0.0
2025-02-11 13:30,0.0
2025-02-11 13:45,0.0
2025-02-11 14:00,0.0
2025-02-11 14:15,0.0
2025-02-11 14:30,0.004423
2025-02-11 14:45,0.0
2025-02-11 15:00,0.0
2025-02-11 15:15,0.0
2025-02-11 15:30,0.0
2025-02-11 15:45,0.0
2025-02-11 16:00,0.0
2025-02-11 16:15,0.0
2025-02-11 16:30,0.0
2025-02-11 16:45,0.0
2025-02-11 17:00,0.0
2025-02-11 17:15,0.0
2025-02-11 17:30,0.0
2025-02-11 17:45,0.0
2025-02-11 18:00,0.0
2025-02-11 18:15,0.0
2025-02-11 18:30,0.0
2025-02-11 18:45,0.0
2025-02-11 19:00,0.0
2025-02-11 19:15,0.0
2025-02-11 19:30,0.0
2025-02-11 19:45,0.0
2025-02-11 20:00,0.0
2025-02-11 20:15,0.0
2025-02-11 20:30,0.0
2025-02-11 20:45,0.0
2025-02-11 21:00,0.0
2025-02-11 21:15,0.0
2025-02-11 21:30,0.0
2025-02-11 21:45,0.0
2025-02-11 22:00,0.004423
2025-02-11 22:15,0.0
2025-02-11 22:30,0.0
2025-02-11 22:45,0.0
2025-02-11 23:00,0.093138
2025-02-11 23:15,0.096171
2025-02-11 23:30,0.0
2025-02-11 23:45,0.004423
2025-02-12 00:00,0.0
2025-02-12 00:00,0.0
2025-02-12 00:15,0.099086
2025-02-12 00:30,0.006854
2025-02-12 00:45,0.099086
2025-02-12 01:00,0.099347
2025-02-12 01:15,0.096214
2025-02-12 01:30,0.009138
2025-02-12 01:45,0.0
2025-02-12 02:00,0.0
2025-02-12 02:15,0.0
2025-02-12 02:30,0.009008
2025-02-12 02:45,0.0
2025-02-12 03:00,0.0
2025-02-12 03:15,0.099086
2025-02-12 03:30,0.289426
2025-02-12 03:45,0.099086
2025-02-12 04:00,0.00483
2025-02-12 04:15,0.202742
2025-02-12 04:30,0.198172
2025-02-12 04:45,0.0
2025-02-12 05:00,0.0
2025-02-12 05:15,0.0
2025-02-12 05:30,0.0
2025-02-12 05:45,0.0
2025-02-12 06:00,0.0
2025-02-12 06:15,0.00483
2025-02-12 06:30,0.0
2025-02-12 06:45,0.03329
2025-02-12 07:00,0.198172
2025-02-12 07:15,0.0
2025-02-12 07:30,0.198433
2025-02-12 07:45,0.0
2025-02-12 08:00,0.0
2025-02-12 08:15,0.0
2025-02-12 08:30,0.0
2025-02-12 08:45,0.0
2025-02-12 09:00,0.0
2025-02-12 09:15,0.0
2025-02-12 09:30,0.0
2025-02-12 09:45,0.0
2025-02-12 10:00,0.0
2025-02-12 10:15,0.0
2025-02-12 10:30,0.0
2025-02-12 10:45,0.0
2025-02-12 11:00,0.0
2025-02-12 11:15,0.0
2025-02-12 11:30,0.0
2025-02-12 11:45,0.0
2025-02-12 12:00,0.0
2025-02-12 12:15,0.00483
2025-02-12 12:30,0.0
2025-02-12 12:45,0.0
2025-02-12 13:00,0.0
2025-02-12 13:15,0.0
2025-02-12 13:30,0.0
2025-02-12 13:45,0.0
2025-02-12 14:00,0.0
2025-02-12 14:15,0.0
2025-02-12 14:30,0.0
2025-02-12 14:45,0.0
2025-02-12 15:00,0.0
2025-02-12 15:15,0.0
2025-02-12 15:30,0.0
2025-02-12 15:45,0.0
2025-02-12 16:00,0.0
2025-02-12 16:15,0.0
2025-02-12 16:30,0.0
2025-02-12 16:45,0.0
2025-02-12 17:00,0.0
2025-02-12 17:15,0.0
2025-02-12 17:30,0.0
2025-02-12 17:45,0.0
2025-02-12 18:00,0.0
2025-02-12 18:15,0.0
2025-02-12 18:30,0.0
2025-02-12 18:45,0.0
2025-02-12 19:00,0.0
2025-02-12 19:15,0.0
2025-02-12 19:30,0.0
2025-02-12 19:45,0.0
2025-02-12 20:00,0.0
2025-02-12 20:15,0.0
2025-02-12 20:30,0.004569
2025-02-12 20:45,0.0
2025-02-12 21:00,0.0
2025-02-12 21:15,0.0
2025-02-12 21:30,0.0
2025-02-12 21:45,0.0
2025-02-12 22:00,0.0
2025-02-12 22:15,0.190339
2025-02-12 22:30,0.099347
2025-02-12 22:45,0.0
2025-02-12 23:00,0.0
2025-02-12 23:15,0.204047
2025-02-12 23:30,0.198172
2025-02-12 23:45,0.010183
2025-02-13 00:00,0.0
2025-02-13 00:15,0.18812
2025-02-13 00:30,0.099086
2025-02-13 00:45,0.212402
2025-02-13 01:00,0.0
2025-02-13 01:15,0.00483
2025-02-13 01:30,0.103916
2025-02-13 01:45,0.0
2025-02-13 02:00,0.099086
2025-02-13 02:15,0.0
2025-02-13 02:30,0.0
2025-02-13 02:45,0.0
2025-02-13 03:00,0.0
2025-02-13 03:15,0.0
2025-02-13 03:30,0.009008
2025-02-13 03:45,0.631984
2025-02-13 04:00,0.0
2025-02-13 04:15,0.09517
2025-02-13 04:30,0.099347
2025-02-13 04:45,0.005614
2025-02-13 05:00,0.207833
2025-02-13 05:15,0.004569
2025-02-13 05:30,0.198172
2025-02-13 05:45,0.194256
2025-02-13 06:00,0.0
2025-02-13 06:15,0.0
2025-02-13 06:30,0.793995
2025-02-13 06:45,0.0
2025-02-13 07:00,0.198433
2025-02-13 07:15,0.203786
2025-02-13 07:30,0.0
2025-02-13 07:45,0.198172
2025-02-13 08:00,0.00483
2025-02-13 08:15,0.0
2025-02-13 08:30,0.209138
2025-02-13 08:45,0.0
2025-02-13 09:00,0.0
2025-02-13 09:15,0.0
2025-02-13 09:30,0.0
2025-02-13 09:45,0.0
2025-02-13 10:00,0.0
2025-02-13 10:15,0.0
2025-02-13 10:30,0.0
2025-02-13 10:45,0.0
2025-02-13 11:00,0.0
2025-02-13 11:15,0.0
2025-02-13 11:30,0.0
2025-02-13 11:45,0.0
2025-02-13 12:00,0.0
2025-02-13 12:15,0.0
2025-02-13 12:30,0.0
2025-02-13 12:45,0.0
2025-02-13 13:00,0.0
2025-02-13 13:15,0.0
2025-02-13 13:30,0.0
2025-02-13 13:45,0.0
2025-02-13 14:00,0.0
2025-02-13 14:15,0.0
2025-02-13 14:30,0.0
2025-02-13 14:45,0.0
2025-02-13 15:00,0.0
2025-02-13 15:15,0.0
2025-02-13 15:30,0.0
2025-02-13 15:45,0.0
2025-02-13 16:00,0.0
2025-02-13 16:15,0.0
2025-02-13 16:30,0.0
2025-02-13 16:45,0.0
2025-02-13 17:00,0.0
2025-02-13 17:15,0.0
2025-02-13 17:30,0.0
2025-02-13 17:45,0.0
2025-02-13 18:00,0.0
2025-02-13 18:15,0.0
2025-02-13 18:30,0.0
2025-02-13 18:45,0.0
2025-02-13 19:00,0.0
2025-02-13 19:15,0.0
2025-02-13 19:30,0.0
2025-02-13 19:45,0.0
2025-02-13 20:00,0.0
2025-02-13 20:15,0.0
2025-02-13 20:30,0.0
2025-02-13 20:45,0.0
2025-02-13 21:00,0.0
2025-02-13 21:15,0.0
2025-02-13 21:30,0.0
2025-02-13 21:45,0.0
2025-02-13 22:00,0.0
2025-02-13 22:15,0.0
2025-02-13 22:30,0.0
2025-02-13 22:45,0.0
2025-02-13 23:00,0.009138
2025-02-13 23:15,0.0
2025-02-13 23:30,0.170888
2025-02-13 23:45,0.022389
2025-02-14 00:00,0.203394
2025-02-14 00:15,0.271279
2025-02-14 00:30,0.385705
2025-02-14 00:45,0.00483
2025-02-14 01:00,0.0
2025-02-14 01:15,0.0
2025-02-14 01:30,0.0
2025-02-14 01:45,0.016971
2025-02-14 02:00,0.0
2025-02-14 02:15,0.0
2025-02-14 02:30,0.00483
2025-02-14 02:45,0.009138
2025-02-14 03:00,0.005091
2025-02-14 03:15,0.0
2025-02-14 03:30,0.0
2025-02-14 03:45,0.109399
2025-02-14 04:00,0.027807
2025-02-14 04:15,0.099086
2025-02-14 04:30,0.0
2025-02-14 04:45,0.0
2025-02-14 05:00,0.004569
2025-02-14 05:15,0.004569
2025-02-14 05:30,0.207572
2025-02-14 05:45,0.203264
2025-02-14 06:00,0.004569
2025-02-14 06:15,0.0
2025-02-14 06:30,0.099086
2025-02-14 06:45,0.0
2025-02-14 07:00,0.0
2025-02-14 07:15,0.103916
2025-02-14 07:30,0.198433
2025-02-14 07:45,0.396345
2025-02-14 08:00,0.0
2025-02-14 08:15,0.0
2025-02-14 08:30,0.009399
2025-02-14 08:45,0.0
2025-02-14 09:00,0.0
2025-02-14 09:15,0.0
2025-02-14 09:30,0.0
2025-02-14 09:45,0.0
2025-02-14 10:00,0.0
2025-02-14 10:15,0.0
2025-02-14 10:30,0.0
2025-02-14 10:45,0.0
2025-02-14 11:00,0.0
2025-02-14 11:15,0.0
2025-02-14 11:30,0.0
2025-02-14 11:45,0.0
2025-02-14 12:00,0.0
2025-02-14 12:15,0.0
2025-02-14 12:30,0.0
2025-02-14 12:45,0.0
2025-02-14 13:00,0.0
2025-02-14 13:15,0.0
2025-02-14 13:30,0.0
2025-02-14 13:45,0.0
2025-02-14 14:00,0.0
2025-02-14 14:15,0.0
2025-02-14 14:30,0.0
2025-02-14 14:45,0.0
2025-02-14 15:00,0.0
2025-02-14 15:15,0.0
2025-02-14 15:30,0.0
2025-02-14 15:45,0.0
2025-02-14 16:00,0.0
2025-02-14 16:15,0.0
2025-02-14 16:30,0.0
2025-02-14 16:45,0.0
2025-02-14 17:00,0.0
2025-02-14 17:15,0.0
2025-02-14 17:30,0.0
2025-02-14 17:45,0.0
2025-02-14 18:00,0.0
2025-02-14 18:15,0.0
2025-02-14 18:30,0.0
2025-02-14 18:45,0.0
2025-02-14 19:00,0.099086
2025-02-14 19:15,0.0
2025-02-14 19:30,0.0
2025-02-14 19:45,0.0
2025-02-14 20:00,0.0
2025-02-14 20:15,0.0
2025-02-14 20:30,0.0
2025-02-14 20:45,0.0
2025-02-14 21:00,0.0
2025-02-14 21:15,0.0
2025-02-14 21:30,0.0
2025-02-14 21:45,0.0
2025-02-14 22:00,0.0
2025-02-14 22:15,0.0
2025-02-14 22:30,0.0
2025-02-14 22:45,0.0
2025-02-14 23:00,0.0
2025-02-14 23:15,0.0
2025-02-14 23:30,0.0
2025-02-14 23:45,0.004569
2025-02-15 00:00,0.0
2025-02-15 00:15,0.0
2025-02-15 00:30,0.0
2025-02-15 00:45,0.0
2025-02-15 01:00,0.0
2025-02-15 01:15,0.0
2025-02-15 01:30,0.0
2025-02-15 01:45,0.0
2025-02-15 02:00,0.0
2025-02-15 02:15,0.0
2025-02-15 02:30,0.0
2025-02-15 02:45,0.0
2025-02-15 03:00,0.0
2025-02-15 03:15,0.0
2025-02-15 03:30,0.0
2025-02-15 03:45,0.0
2025-02-15 04:00,0.0
2025-02-15 04:15,0.0
2025-02-15 04:30,0.0
2025-02-15 04:45,0.0
2025-02-15 05:00,0.0
2025-02-15 05:15,0.0
2025-02-15 05:30,0.0
2025-02-15 05:45,0.0
2025-02-15 06:00,0.0
2025-02-15 06:15,0.0
2025-02-15 06:30,0.0
2025-02-15 06:45,0.0
2025-02-15 07:00,0.0
2025-02-15 07:15,0.0
2025-02-15 07:30,0.0
2025-02-15 07:45,0.0
2025-02-15 08:00,0.0
2025-02-15 08:15,0.0
2025-02-15 08:30,0.0
2025-02-15 08:45,0.0
2025-02-15 09:00,0.0
2025-02-15 09:15,0.0
2025-02-15 09:30,0.0
2025-02-15 09:45,0.0
2025-02-15 10:00,0.0
2025-02-15 10:15,0.0
2025-02-15 10:30,0.0
2025-02-15 10:45,0.0
2025-02-15 11:00,0.0
2025-02-15 11:15,0.0
2025-02-15 11:30,0.0
2025-02-15 11:45,0.0
2025-02-15 12:00,0.0
2025-02-15 12:15,0.0
2025-02-15 12:30,0.0
2025-02-15 12:45,0.008355
2025-02-15 13:00,0.0
2025-02-15 13:15,0.0
2025-02-15 13:30,0.0
2025-02-15 13:45,0.0
2025-02-15 14:00,0.0
2025-02-15 14:15,0.0
2025-02-15 14:30,0.0
2025-02-15 14:45,0.0
2025-02-15 15:00,0.0
2025-02-15 15:15,0.0
2025-02-15 15:30,0.0
2025-02-15 15:45,0.0
2025-02-15 16:00,0.0
2025-02-15 16:15,0.0
2025-02-15 16:30,0.0
2025-02-15 16:45,0.0
2025-02-15 17:00,0.0
2025-02-15 17:15,0.0
2025-02-15 17:30,0.0
2025-02-15 17:45,0.0
2025-02-15 18:00,0.0
2025-02-15 18:15,0.00483
2025-02-15 18:30,0.0
2025-02-15 18:45,0.0
2025-02-15 19:00,0.0
2025-02-15 19:15,0.0
2025-02-15 19:30,0.0
2025-02-15 19:45,0.0
2025-02-15 20:00,0.0
2025-02-15 20:15,0.0
2025-02-15 20:30,0.0
2025-02-15 20:45,0.0
2025-02-15 21:00,0.0
2025-02-15 21:15,0.0
2025-02-15 21:30,0.0
2025-02-15 21:45,0.0
2025-02-15 22:00,0.0
2025-02-15 22:15,0.0
2025-02-15 22:30,0.0
2025-02-15 22:45,0.0
2025-02-15 23:00,0.0
2025-02-15 23:15,0.0
2025-02-15 23:30,0.0
2025-02-15 23:45,0.099086
2025-02-16 00:00,0.0
2025-02-16 00:15,0.0
2025-02-16 00:30,0.0
2025-02-16 00:45,0.0
2025-02-16 01:00,0.0
2025-02-16 01:15,0.0
2025-02-16 01:30,0.0
2025-02-16 01:45,0.0
2025-02-16 02:00,0.0
2025-02-16 02:15,0.0
2025-02-16 02:30,0.0
2025-02-16 02:45,0.0
2025-02-16 03:00,0.0
2025-02-16 03:15,0.0
2025-02-16 03:30,0.0
2025-02-16 03:45,0.0
2025-02-16 04:00,0.0
2025-02-16 04:15,0.0
2025-02-16 04:30,0.0
2025-02-16 04:45,0.0
2025-02-16 05:00,0.0
2025-02-16 05:15,0.0
2025-02-16 05:30,0.0
2025-02-16 05:45,0.0
2025-02-16 06:00,0.0
2025-02-16 06:15,0.0
2025-02-16 06:30,0.0
2025-02-16 06:45,0.0
2025-02-16 07:00,0.0
2025-02-16 07:15,0.0
2025-02-16 07:30,0.0
2025-02-16 07:45,0.0
2025-02-16 08:00,0.0
2025-02-16 08:15,0.0
2025-02-16 08:30,0.0
2025-02-16 08:45,0.0
2025-02-16 09:00,0.0
2025-02-16 09:15,0.0
2025-02-16 09:30,0.0
2025-02-16 09:45,0.0
2025-02-16 10:00,0.0
2025-02-16 10:15,0.0
2025-02-16 10:30,0.0
2025-02-16 10:45,0.0
2025-02-16 11:00,0.0
2025-02-16 11:15,0.0
2025-02-16 11:30,0.0
2025-02-16 11:45,0.0
2025-02-16 12:00,0.0
2025-02-16 12:15,0.0
2025-02-16 12:30,0.0
2025-02-16 12:45,0.0
2025-02-16 13:00,0.0
2025-02-16 13:15,0.0
2025-02-16 13:30,0.0
2025-02-16 13:45,0.0
2025-02-16 14:00,0.0
2025-02-16 14:15,0.0
2025-02-16 14:30,0.0
2025-02-16 14:45,0.0
2025-02-16 15:00,0.0
2025-02-16 15:15,0.0
2025-02-16 15:30,0.0
2025-02-16 15:45,0.0
2025-02-16 16:00,0.0
2025-02-16 16:15,0.0
2025-02-16 16:30,0.0
2025-02-16 16:45,0.0
2025-02-16 17:00,0.0
2025-02-16 17:15,0.0
2025-02-16 17:30,0.0
2025-02-16 17:45,0.0
2025-02-16 18:00,0.0
2025-02-16 18:15,0.0
2025-02-16 18:30,0.0
2025-02-16 18:45,0.0
2025-02-16 19:00,0.0
2025-02-16 19:15,0.0
2025-02-16 19:30,0.0
2025-02-16 19:45,0.0
2025-02-16 20:00,0.0
2025-02-16 20:15,0.0
2025-02-16 20:30,0.0
2025-02-16 20:45,0.0
2025-02-16 21:00,0.0
2025-02-16 21:15,0.0
2025-02-16 21:30,0.0
2025-02-16 21:45,0.0
2025-02-16 22:00,0.0
2025-02-16 22:15,0.0
2025-02-16 22:30,0.0
2025-02-16 22:45,0.0
2025-02-16 23:00,0.099086
2025-02-16 23:15,0.004569
2025-02-16 23:30,0.202742
2025-02-16 23:45,0.105679
2025-02-17 00:00,0.306919
2025-02-17 00:15,0.09517
2025-02-17 00:30,0.0
2025-02-17 00:45,0.282376
2025-02-17 01:00,0.00483
2025-02-17 01:15,0.0
2025-02-17 01:30,0.0
2025-02-17 01:45,0.0
2025-02-17 02:00,0.0
2025-02-17 02:15,0.108225
2025-02-17 02:30,0.0
2025-02-17 02:45,0.006593
2025-02-17 03:00,0.099086
2025-02-17 03:15,0.004569
2025-02-17 03:30,0.117363
2025-02-17 03:45,0.009138
2025-02-17 04:00,0.095366
2025-02-17 04:15,0.022846
2025-02-17 04:30,0.134269
2025-02-17 04:45,0.023238
2025-02-17 05:00,0.099086
2025-02-17 05:15,0.0
2025-02-17 05:30,0.009138
2025-02-17 05:45,0.054178
2025-02-17 06:00,0.0
2025-02-17 06:15,0.099347
2025-02-17 06:30,0.020431
2025-02-17 06:45,0.099086
2025-02-17 07:00,0.0
2025-02-17 07:15,0.0
2025-02-17 07:30,0.099086
2025-02-17 07:45,0.0
2025-02-17 08:00,0.099086
2025-02-17 08:15,0.0
2025-02-17 08:30,0.0
2025-02-17 08:45,0.0
2025-02-17 09:00,0.0
2025-02-17 09:15,0.0
2025-02-17 09:30,0.0
2025-02-17 09:45,0.0
2025-02-17 10:00,0.0
2025-02-17 10:15,0.0
2025-02-17 10:30,0.0
2025-02-17 10:45,0.0
2025-02-17 11:00,0.0
2025-02-17 11:15,0.0
2025-02-17 11:30,0.0
2025-02-17 11:45,0.0
2025-02-17 12:00,0.0
2025-02-17 12:15,0.0
2025-02-17 12:30,0.099347
2025-02-17 12:45,0.0
2025-02-17 13:00,0.0
2025-02-17 13:15,0.0
2025-02-17 13:30,0.0
2025-02-17 13:45,0.0
2025-02-17 14:00,0.0
2025-02-17 14:15,0.0
2025-02-17 14:30,0.0
2025-02-17 14:45,0.0
2025-02-17 15:00,0.0
2025-02-17 15:15,0.0
2025-02-17 15:30,0.0
2025-02-17 15:45,0.0
2025-02-17 16:00,0.0
2025-02-17 16:15,0.0
2025-02-17 16:30,0.0
2025-02-17 16:45,0.0
2025-02-17 17:00,0.0
2025-02-17 17:15,0.0
2025-02-17 17:30,0.0
2025-02-17 17:45,0.0
2025-02-17 18:00,0.0
2025-02-17 18:15,0.0
2025-02-17 18:30,0.0
2025-02-17 18:45,0.0
2025-02-17 19:00,0.0
2025-02-17 19:15,0.0
2025-02-17 19:30,0.0
2025-02-17 19:45,0.0
2025-02-17 20:00,0.0
2025-02-17 20:15,0.0
2025-02-17 20:30,0.0
2025-02-17 20:45,0.0
2025-02-17 21:00,0.0
2025-02-17 21:15,0.0
2025-02-17 21:30,0.0
2025-02-17 21:45,0.0
2025-02-17 22:00,0.0
2025-02-17 22:15,0.0
2025-02-17 22:30,0.0
2025-02-17 22:45,0.0
2025-02-17 23:00,0.009138
2025-02-17 23:15,0.099347
2025-02-17 23:30,0.310966
2025-02-17 23:45,0.103655
2025-02-18 00:00,0.207572
2025-02-18 00:15,0.0
2025-02-18 00:30,0.106201
2025-02-18 00:45,0.0
2025-02-18 01:00,0.0
2025-02-18 01:15,0.0
2025-02-18 01:30,0.00483
2025-02-18 01:45,0.0
2025-02-18 02:00,0.0
2025-02-18 02:15,0.009399
2025-02-18 02:30,0.0
2025-02-18 02:45,0.015731
2025-02-18 03:00,0.023042
2025-02-18 03:15,0.013708
2025-02-18 03:30,0.103916
2025-02-18 03:45,0.198172
2025-02-18 04:00,0.0
2025-02-18 04:15,0.0
2025-02-18 04:30,1.0
2025-02-18 04:45,0.018277
2025-02-18 05:00,0.0
2025-02-18 05:15,0.004569
2025-02-18 05:30,0.0
2025-02-18 05:45,0.010836
2025-02-18 06:00,0.0
2025-02-18 06:15,0.0
2025-02-18 06:30,0.0
2025-02-18 06:45,0.0
2025-02-18 07:00,0.0
2025-02-18 07:15,0.0
2025-02-18 07:30,0.0
2025-02-18 07:45,0.0
2025-02-18 08:00,0.0
2025-02-18 08:15,0.099347
2025-02-18 08:30,0.0
2025-02-18 08:45,0.0
2025-02-18 09:00,0.0
2025-02-18 09:15,0.008877
2025-02-18 09:30,0.0
2025-02-18 09:45,0.0
2025-02-18 10:00,0.004569
2025-02-18 10:15,0.0
2025-02-18 10:30,0.0
2025-02-18 10:45,0.0
2025-02-18 11:00,0.0
2025-02-18 11:15,0.0
2025-02-18 11:30,0.0
2025-02-18 11:45,0.0
2025-02-18 12:00,0.0
2025-02-18 12:15,0.0
2025-02-18 12:30,0.0
2025-02-18 12:45,0.0
2025-02-18 13:00,0.0
2025-02-18 13:15,0.0
2025-02-18 13:30,0.0
2025-02-18 13:45,0.0
2025-02-18 14:00,0.0
2025-02-18 14:15,0.0
2025-02-18 14:30,0.0
2025-02-18 14:45,0.0
2025-02-18 15:00,0.00483
2025-02-18 15:15,0.0
2025-02-18 15:30,0.0
2025-02-18 15:45,0.0
2025-02-18 16:00,0.0
2025-02-18 16:15,0.0
2025-02-18 16:30,0.0
2025-02-18 16:45,0.0
2025-02-18 17:00,0.0
2025-02-18 17:15,0.0
2025-02-18 17:30,0.0
2025-02-18 17:45,0.0
2025-02-18 18:00,0.0
2025-02-18 18:15,0.0
2025-02-18 18:30,0.0
2025-02-18 18:45,0.0
2025-02-18 19:00,0.0
2025-02-18 19:15,0.0
2025-02-18 19:30,0.0
2025-02-18 19:45,0.0
2025-02-18 20:00,0.0
2025-02-18 20:15,0.0
2025-02-18 20:30,0.0
2025-02-18 20:45,0.0
2025-02-18 21:00,0.0
2025-02-18 21:15,0.0
2025-02-18 21:30,0.004569
2025-02-18 21:45,0.0
2025-02-18 22:00,0.0
2025-02-18 22:15,0.0
2025-02-18 22:30,0.0
2025-02-18 22:45,0.0
2025-02-18 23:00,0.0
2025-02-18 23:15,0.0
2025-02-18 23:30,0.0
2025-02-18 23:45,0.018277
2025-02-19 00:00,0.099086
2025-02-19 00:00,0.01618
2025-02-19 00:15,0.0
2025-02-19 00:30,0.0
2025-02-19 00:45,0.0
2025-02-19 01:00,0.01618
2025-02-19 01:15,0.054529
2025-02-19 01:30,0.003155
2025-02-19 01:45,0.0
2025-02-19 02:00,0.000789
2025-02-19 02:15,0.0
2025-02-19 02:30,0.0
2025-02-19 02:45,0.047974
2025-02-19 03:00,0.01618
2025-02-19 03:15,0.0
2025-02-19 03:30,0.000789
2025-02-19 03:45,0.0
2025-02-19 04:00,0.0
2025-02-19 04:15,0.016222
2025-02-19 04:30,0.0
2025-02-19 04:45,0.0
2025-02-19 05:00,0.000789
2025-02-19 05:15,0.0
2025-02-19 05:30,0.01618
2025-02-19 05:45,0.0
2025-02-19 06:00,0.01618
2025-02-19 06:15,0.0
2025-02-19 06:30,0.0
2025-02-19 06:45,0.000789
2025-02-19 07:00,0.025026
2025-02-19 07:15,0.016968
2025-02-19 07:30,0.001535
2025-02-19 07:45,0.0
2025-02-19 08:00,0.0
2025-02-19 08:15,0.033915
2025-02-19 08:30,0.0
2025-02-19 08:45,0.0
2025-02-19 09:00,0.0
2025-02-19 09:15,0.0
2025-02-19 09:30,0.0
2025-02-19 09:45,0.0
2025-02-19 10:00,0.0
2025-02-19 10:15,0.0
2025-02-19 10:30,0.0
2025-02-19 10:45,0.0
2025-02-19 11:00,0.0
2025-02-19 11:15,0.0
2025-02-19 11:30,0.0
2025-02-19 11:45,0.0
2025-02-19 12:00,0.0
2025-02-19 12:15,0.0
2025-02-19 12:30,0.0
2025-02-19 12:45,0.0
2025-02-19 13:00,0.0
2025-02-19 13:15,0.0
2025-02-19 13:30,0.0
2025-02-19 13:45,0.0
2025-02-19 14:00,0.0
2025-02-19 14:15,0.0
2025-02-19 14:30,0.0
2025-02-19 14:45,0.0
2025-02-19 15:00,0.0
2025-02-19 15:15,0.0
2025-02-19 15:30,0.0
2025-02-19 15:45,0.0
2025-02-19 16:00,0.001492
2025-02-19 16:15,0.0
2025-02-19 16:30,0.0
2025-02-19 16:45,0.0
2025-02-19 17:00,0.0
2025-02-19 17:15,0.0
2025-02-19 17:30,0.0
2025-02-19 17:45,0.0
2025-02-19 18:00,0.0
2025-02-19 18:15,0.0
2025-02-19 18:30,0.0
2025-02-19 18:45,0.0
2025-02-19 19:00,0.0
2025-02-19 19:15,0.0
2025-02-19 19:30,0.0
2025-02-19 19:45,0.0
2025-02-19 20:00,0.0
2025-02-19 20:15,0.0
2025-02-19 20:30,0.0
2025-02-19 20:45,0.0
2025-02-19 21:00,0.0
2025-02-19 21:15,0.0
2025-02-19 21:30,0.0
2025-02-19 21:45,0.0
2025-02-19 22:00,0.0
2025-02-19 22:15,0.259086
2025-02-19 22:30,0.068246
2025-02-19 22:45,0.267805
2025-02-19 23:00,0.292703
2025-02-19 23:15,1.0
2025-02-19 23:30,0.27987
2025-02-19 23:45,0.297574
2025-02-20 00:00,0.702522
2025-02-20 00:15,0.097077
2025-02-20 00:30,0.293556
2025-02-20 00:45,0.017842
2025-02-20 01:00,0.000789
2025-02-20 01:15,0.003528
2025-02-20 01:30,0.032359
2025-02-20 01:45,0.004647
2025-02-20 02:00,0.000789
2025-02-20 02:15,0.016222
2025-02-20 02:30,0.0
2025-02-20 02:45,0.002238
2025-02-20 03:00,0.0
2025-02-20 03:15,0.018269
2025-02-20 03:30,0.135416
2025-02-20 03:45,0.032359
2025-02-20 04:00,0.146362
2025-02-20 04:15,0.116689
2025-02-20 04:30,0.0675
2025-02-20 04:45,0.001492
2025-02-20 05:00,0.003976
2025-02-20 05:15,0.049327
2025-02-20 05:30,0.0
2025-02-20 05:45,0.0
2025-02-20 06:00,0.0
2025-02-20 06:15,0.002238
2025-02-20 06:30,0.132634
2025-02-20 06:45,0.016222
2025-02-20 07:00,0.162584
2025-02-20 07:15,0.064718
2025-02-20 07:30,0.0
2025-02-20 07:45,0.080898
2025-02-20 08:00,0.01618
2025-02-20 08:15,0.194944
2025-02-20 08:30,0.0
2025-02-20 08:45,0.0
2025-02-20 09:00,0.0
2025-02-20 09:15,0.016968
2025-02-20 09:30,0.130225
2025-02-20 09:45,0.0
2025-02-20 10:00,0.0
2025-02-20 10:15,0.0
2025-02-20 10:30,0.0
2025-02-20 10:45,0.0
2025-02-20 11:00,0.0
2025-02-20 11:15,0.0
2025-02-20 11:30,0.0
2025-02-20 11:45,0.0
2025-02-20 12:00,0.000831
2025-02-20 12:15,0.01554
2025-02-20 12:30,0.0
2025-02-20 12:45,0.0
2025-02-20 13:00,0.0
2025-02-20 13:15,0.0
2025-02-20 13:30,0.0
2025-02-20 13:45,0.0
2025-02-20 14:00,0.0
2025-02-20 14:15,0.0
2025-02-20 14:30,0.0
2025-02-20 14:45,0.0
2025-02-20 15:00,0.001492
2025-02-20 15:15,0.0
2025-02-20 15:30,0.0
2025-02-20 15:45,0.0
2025-02-20 16:00,0.0
2025-02-20 16:15,0.0
2025-02-20 16:30,0.0
2025-02-20 16:45,0.0
2025-02-20 17:00,0.0
2025-02-20 17:15,0.0
2025-02-20 17:30,0.0
2025-02-20 17:45,0.0
2025-02-20 18:00,0.0
2025-02-20 18:15,0.0
2025-02-20 18:30,0.0
2025-02-20 18:45,0.0
2025-02-20 19:00,0.0
2025-02-20 19:15,0.0
2025-02-20 19:30,0.0
2025-02-20 19:45,0.0
2025-02-20 20:00,0.0
2025-02-20 20:15,0.0
2025-02-20 20:30,0.0
2025-02-20 20:45,0.0
2025-02-20 21:00,0.0
2025-02-20 21:15,0.0
2025-02-20 21:30,0.0
2025-02-20 21:45,0.0
2025-02-20 22:00,0.0
2025-02-20 22:15,0.0
2025-02-20 22:30,0.012758
2025-02-20 22:45,0.000746
2025-02-20 23:00,0.0
2025-02-20 23:15,0.0
2025-02-20 23:30,0.0
2025-02-20 23:45,0.064804
2025-02-21 00:00,0.000789
2025-02-21 00:15,0.001897
2025-02-21 00:30,0.001897
2025-02-21 00:45,0.000789
2025-02-21 01:00,0.037038
2025-02-21 01:15,0.015647
2025-02-21 01:30,0.0
2025-02-21 01:45,0.0
2025-02-21 02:00,0.0
2025-02-21 02:15,0.000746
2025-02-21 02:30,0.0
2025-02-21 02:45,0.0
2025-02-21 03:00,0.0
2025-02-21 03:15,0.0
2025-02-21 03:30,0.017032
2025-02-21 03:45,0.001492
2025-02-21 04:00,0.016222
2025-02-21 04:15,0.016926
2025-02-21 04:30,0.003901
2025-02-21 04:45,0.002153
2025-02-21 05:00,0.0
2025-02-21 05:15,0.001535
2025-02-21 05:30,0.0
2025-02-21 05:45,0.048624
2025-02-21 06:00,0.001492
2025-02-21 06:15,0.0
2025-02-21 06:30,0.0
2025-02-21 06:45,0.001951
2025-02-21 07:00,0.032444
2025-02-21 07:15,0.000789
2025-02-21 07:30,0.001492
2025-02-21 07:45,0.000789
2025-02-21 08:00,0.0
2025-02-21 08:15,0.000746
2025-02-21 08:30,0.0
2025-02-21 08:45,0.0
2025-02-21 09:00,0.0
2025-02-21 09:15,0.000746
2025-02-21 09:30,0.0
2025-02-21 09:45,0.0
2025-02-21 10:00,0.0
2025-02-21 10:15,0.0
2025-02-21 10:30,0.0
2025-02-21 10:45,0.0
2025-02-21 11:00,0.000789
2025-02-21 11:15,0.0
2025-02-21 11:30,0.0
2025-02-21 11:45,0.0
2025-02-21 12:00,0.019292
2025-02-21 12:15,0.0
2025-02-21 12:30,0.0
2025-02-21 12:45,0.0
2025-02-21 13:00,0.0
2025-02-21 13:15,0.0
2025-02-21 13:30,0.0
2025-02-21 13:45,0.0
2025-02-21 14:00,0.0
2025-02-21 14:15,0.064718
2025-02-21 14:30,0.0
2025-02-21 14:45,0.0
2025-02-21 15:00,0.0
2025-02-21 15:15,0.0
2025-02-21 15:30,0.01618
2025-02-21 15:45,0.0
2025-02-21 16:00,0.0
2025-02-21 16:15,0.0
2025-02-21 16:30,0.032359
2025-02-21 16:45,0.0
2025-02-21 17:00,0.0
2025-02-21 17:15,0.0
2025-02-21 17:30,0.0
2025-02-21 17:45,0.0
2025-02-21 18:00,0.0
2025-02-21 18:15,0.0
2025-02-21 18:30,0.0
2025-02-21 18:45,0.0
2025-02-21 19:00,0.0
2025-02-21 19:15,0.0
2025-02-21 19:30,0.0
2025-02-21 19:45,0.0
2025-02-21 20:00,0.0
2025-02-21 20:15,0.0
2025-02-21 20:30,0.0
2025-02-21 20:45,0.0
2025-02-21 21:00,0.0
2025-02-21 21:15,0.0
2025-02-21 21:30,0.0
2025-02-21 21:45,0.0
2025-02-21 22:00,0.0
2025-02-21 22:15,0.0
2025-02-21 22:30,0.0
2025-02-21 22:45,0.0
2025-02-21 23:00,0.0
2025-02-21 23:15,0.0
2025-02-21 23:30,0.0
2025-02-21 23:45,0.0
2025-02-22 00:00,0.0
2025-02-22 00:15,0.0
2025-02-22 00:30,0.0
2025-02-22 00:45,0.0
2025-02-22 01:00,0.0
2025-02-22 01:15,0.0
2025-02-22 01:30,0.0
2025-02-22 01:45,0.0
2025-02-22 02:00,0.0
2025-02-22 02:15,0.0
2025-02-22 02:30,0.0
2025-02-22 02:45,0.0
2025-02-22 03:00,0.0
2025-02-22 03:15,0.0
2025-02-22 03:30,0.0
2025-02-22 03:45,0.0
2025-02-22 04:00,0.0
2025-02-22 04:15,0.0
2025-02-22 04:30,0.0
2025-02-22 04:45,0.0
2025-02-22 05:00,0.0
2025-02-22 05:15,0.0
2025-02-22 05:30,0.0
2025-02-22 05:45,0.0
2025-02-22 06:00,0.0
2025-02-22 06:15,0.0
2025-02-22 06:30,0.0
2025-02-22 06:45,0.0
2025-02-22 07:00,0.0
2025-02-22 07:15,0.0
2025-02-22 07:30,0.0
2025-02-22 07:45,0.0
2025-02-22 08:00,0.0
2025-02-22 08:15,0.0
2025-02-22 08:30,0.0
2025-02-22 08:45,0.0
2025-02-22 09:00,0.0
2025-02-22 09:15,0.0
2025-02-22 09:30,0.0
2025-02-22 09:45,0.0
2025-02-22 10:00,0.0
2025-02-22 10:15,0.0
2025-02-22 10:30,0.0
2025-02-22 10:45,0.0
2025-02-22 11:00,0.0
2025-02-22 11:15,0.0
2025-02-22 11:30,0.0
2025-02-22 11:45,0.0
2025-02-22 12:00,0.0
2025-02-22 12:15,0.0
2025-02-22 12:30,0.0
2025-02-22 12:45,0.0
2025-02-22 13:00,0.0
2025-02-22 13:15,0.0
2025-02-22 13:30,0.0
2025-02-22 13:45,0.0
2025-02-22 14:00,0.0
2025-02-22 14:15,0.0
2025-02-22 14:30,0.0
2025-02-22 14:45,0.0
2025-02-22 15:00,0.0
2025-02-22 15:15,0.0
2025-02-22 15:30,0.0
2025-02-22 15:45,0.0
2025-02-22 16:00,0.0
2025-02-22 16:15,0.0
2025-02-22 16:30,0.0
2025-02-22 16:45,0.0
2025-02-22 17:00,0.0
2025-02-22 17:15,0.0
2025-02-22 17:30,0.0
2025-02-22 17:45,0.0
2025-02-22 18:00,0.0
2025-02-22 18:15,0.0
2025-02-22 18:30,0.0
2025-02-22 18:45,0.0
2025-02-22 19:00,0.0
2025-02-22 19:15,0.0
2025-02-22 19:30,0.0
2025-02-22 19:45,0.0
2025-02-22 20:00,0.0
2025-02-22 20:15,0.0
2025-02-22 20:30,0.0
2025-02-22 20:45,0.0
2025-02-22 21:00,0.0
2025-02-22 21:15,0.0
2025-02-22 21:30,0.0
2025-02-22 21:45,0.0
2025-02-22 22:00,0.0
2025-02-22 22:15,0.0
2025-02-22 22:30,0.0
2025-02-22 22:45,0.0
2025-02-22 23:00,0.0
2025-02-22 23:15,0.0
2025-02-22 23:30,0.0
2025-02-22 23:45,0.0
2025-02-23 00:00,0.0
2025-02-23 00:15,0.0
2025-02-23 00:30,0.0
2025-02-23 00:45,0.0
2025-02-23 01:00,0.0
2025-02-23 01:15,0.0
2025-02-23 01:30,0.0
2025-02-23 01:45,0.0
2025-02-23 02:00,0.0
2025-02-23 02:15,0.0
2025-02-23 02:30,0.0
2025-02-23 02:45,0.0
2025-02-23 03:00,0.0
2025-02-23 03:15,0.0
2025-02-23 03:30,0.0
2025-02-23 03:45,0.0
2025-02-23 04:00,0.0
2025-02-23 04:15,0.0
2025-02-23 04:30,0.0
2025-02-23 04:45,0.0
2025-02-23 05:00,0.0
2025-02-23 05:15,0.0
2025-02-23 05:30,0.0
2025-02-23 05:45,0.0
2025-02-23 06:00,0.0
2025-02-23 06:15,0.0
2025-02-23 06:30,0.0
2025-02-23 06:45,0.0
2025-02-23 07:00,0.0
2025-02-23 07:15,0.0
2025-02-23 07:30,0.0
2025-02-23 07:45,0.0
2025-02-23 08:00,0.0
2025-02-23 08:15,0.0
2025-02-23 08:30,0.0
2025-02-23 08:45,0.0
2025-02-23 09:00,0.0
2025-02-23 09:15,0.0
2025-02-23 09:30,0.0
2025-02-23 09:45,0.0
2025-02-23 10:00,0.0
2025-02-23 10:15,0.0
2025-02-23 10:30,0.0
2025-02-23 10:45,0.0
2025-02-23 11:00,0.0
2025-02-23 11:15,0.0
2025-02-23 11:30,0.000746
2025-02-23 11:45,0.0
2025-02-23 12:00,0.0
2025-02-23 12:15,0.0
2025-02-23 12:30,0.0
2025-02-23 12:45,0.0
2025-02-23 13:00,0.0
2025-02-23 13:15,0.0
2025-02-23 13:30,0.0
2025-02-23 13:45,0.0
2025-02-23 14:00,0.0
2025-02-23 14:15,0.0
2025-02-23 14:30,0.0
2025-02-23 14:45,0.0
2025-02-23 15:00,0.0
2025-02-23 15:15,0.0
2025-02-23 15:30,0.0
2025-02-23 15:45,0.0
2025-02-23 16:00,0.0
2025-02-23 16:15,0.0
2025-02-23 16:30,0.0
2025-02-23 16:45,0.0
2025-02-23 17:00,0.0
2025-02-23 17:15,0.0
2025-02-23 17:30,0.0
2025-02-23 17:45,0.0
2025-02-23 18:00,0.0
2025-02-23 18:15,0.0
2025-02-23 18:30,0.0
2025-02-23 18:45,0.0
2025-02-23 19:00,0.0
2025-02-23 19:15,0.0
2025-02-23 19:30,0.0
2025-02-23 19:45,0.0
2025-02-23 20:00,0.0
2025-02-23 20:15,0.0
2025-02-23 20:30,0.0
2025-02-23 20:45,0.0
2025-02-23 21:00,0.0
2025-02-23 21:15,0.0
2025-02-23 21:30,0.0
2025-02-23 21:45,0.0
2025-02-23 22:00,0.0
2025-02-23 22:15,0.0
2025-02-23 22:30,0.0
2025-02-23 22:45,0.0
2025-02-23 23:00,0.014965
2025-02-23 23:15,0.027989
2025-02-23 23:30,0.073746
2025-02-23 23:45,0.01618
2025-02-24 00:00,0.01618
2025-02-24 00:15,0.0
2025-02-24 00:30,0.0
2025-02-24 00:45,0.001492
2025-02-24 01:00,0.036303
2025-02-24 01:15,0.032359
2025-02-24 01:30,0.033937
2025-02-24 01:45,0.002984
2025-02-24 02:00,0.0
2025-02-24 02:15,0.0
2025-02-24 02:30,0.064718
2025-02-24 02:45,0.0
2025-02-24 03:00,0.0
2025-02-24 03:15,0.0
2025-02-24 03:30,0.016968
2025-02-24 03:45,0.0
2025-02-24 04:00,0.017054
2025-02-24 04:15,0.0
2025-02-24 04:30,0.0
2025-02-24 04:45,0.0
2025-02-24 05:00,0.0
2025-02-24 05:15,0.001961
2025-02-24 05:30,0.064718
2025-02-24 05:45,0.0
2025-02-24 06:00,0.001492
2025-02-24 06:15,0.097077
2025-02-24 06:30,0.0
2025-02-24 06:45,0.0
2025-02-24 07:00,0.0
2025-02-24 07:15,0.0
2025-02-24 07:30,0.0
2025-02-24 07:45,0.0
2025-02-24 08:00,0.0
2025-02-24 08:15,0.0
2025-02-24 08:30,0.0
2025-02-24 08:45,0.0
2025-02-24 09:00,0.0
2025-02-24 09:15,0.0
2025-02-24 09:30,0.0
2025-02-24 09:45,0.0
2025-02-24 10:00,0.0
2025-02-24 10:15,0.0
2025-02-24 10:30,0.0
2025-02-24 10:45,0.0
2025-02-24 11:00,0.0
2025-02-24 11:15,0.0
2025-02-24 11:30,0.0
2025-02-24 11:45,0.000618
2025-02-24 12:00,0.0
2025-02-24 12:15,0.0
2025-02-24 12:30,0.0
2025-02-24 12:45,0.0
2025-02-24 13:00,0.0
2025-02-24 13:15,0.0
2025-02-24 13:30,0.0
2025-02-24 13:45,0.0
2025-02-24 14:00,0.0
2025-02-24 14:15,0.0
2025-02-24 14:30,0.0
2025-02-24 14:45,0.0
2025-02-24 15:00,0.0
2025-02-24 15:15,0.0
2025-02-24 15:30,0.0
2025-02-24 15:45,0.0
2025-02-24 16:00,0.0
2025-02-24 16:15,0.0
2025-02-24 16:30,0.0
2025-02-24 16:45,0.0
2025-02-24 17:00,0.0
2025-02-24 17:15,0.0
2025-02-24 17:30,0.0
2025-02-24 17:45,0.0
2025-02-24 18:00,0.0
2025-02-24 18:15,0.0
2025-02-24 18:30,0.0
2025-02-24 18:45,0.0
2025-02-24 19:00,0.0
2025-02-24 19:15,0.0
2025-02-24 19:30,0.0
2025-02-24 19:45,0.0
2025-02-24 20:00,0.0
2025-02-24 20:15,0.0
2025-02-24 20:30,0.000618
2025-02-24 20:45,0.0
2025-02-24 21:00,0.0
2025-02-24 21:15,0.0
2025-02-24 21:30,0.0
2025-02-24 21:45,0.0
2025-02-24 22:00,0.000917
2025-02-24 22:15,0.0
2025-02-24 22:30,0.0
2025-02-24 22:45,0.0
2025-02-24 23:00,0.016222
2025-02-24 23:15,0.01618
2025-02-24 23:30,0.016926
2025-02-24 23:45,0.03431
2025-02-25 00:00,0.000789
2025-02-25 00:15,0.01618
2025-02-25 00:30,0.0
2025-02-25 00:45,0.033915
2025-02-25 01:00,0.002238
2025-02-25 01:15,0.065837
2025-02-25 01:30,0.017714
2025-02-25 01:45,0.0
2025-02-25 02:00,0.0
2025-02-25 02:15,0.0
2025-02-25 02:30,0.007056
2025-02-25 02:45,0.0
2025-02-25 03:00,0.0
2025-02-25 03:15,0.0
2025-02-25 03:30,0.0034
2025-02-25 03:45,0.004167
2025-02-25 04:00,0.0
2025-02-25 04:15,0.035514
2025-02-25 04:30,0.002984
2025-02-25 04:45,0.0
2025-02-25 05:00,0.01618
2025-02-25 05:15,0.002409
2025-02-25 05:30,0.0
2025-02-25 05:45,0.000789
2025-02-25 06:00,0.0
2025-02-25 06:15,0.075995
2025-02-25 06:30,0.0
2025-02-25 06:45,0.0
2025-02-25 07:00,0.064718
2025-02-25 07:15,0.000746
2025-02-25 07:30,0.0
2025-02-25 07:45,0.001492
2025-02-25 08:00,0.0
2025-02-25 08:15,0.0
2025-02-25 08:30,0.0
2025-02-25 08:45,0.001364
2025-02-25 09:00,0.0
2025-02-25 09:15,0.0
2025-02-25 09:30,0.0
2025-02-25 09:45,0.0
2025-02-25 10:00,0.001077
2025-02-25 10:15,0.0
2025-02-25 10:30,0.0
2025-02-25 10:45,0.0
2025-02-25 11:00,0.0
2025-02-25 11:15,0.0
2025-02-25 11:30,0.001577
2025-02-25 11:45,0.0
2025-02-25 12:00,0.0
2025-02-25 12:15,0.0
2025-02-25 12:30,0.0
2025-02-25 12:45,0.0
2025-02-25 13:00,0.0
2025-02-25 13:15,0.0
2025-02-25 13:30,0.0
2025-02-25 13:45,0.0
2025-02-25 14:00,0.0
2025-02-25 14:15,0.0
2025-02-25 14:30,0.0
2025-02-25 14:45,0.0
2025-02-25 15:00,0.0
2025-02-25 15:15,0.0
2025-02-25 15:30,0.0
2025-02-25 15:45,0.0
2025-02-25 16:00,0.0
2025-02-25 16:15,0.0
2025-02-25 16:30,0.0
2025-02-25 16:45,0.0
2025-02-25 17:00,0.0
2025-02-25 17:15,0.0
2025-02-25 17:30,0.0
2025-02-25 17:45,0.0
2025-02-25 18:00,0.0
2025-02-25 18:15,0.0
2025-02-25 18:30,0.0
2025-02-25 18:45,0.0
2025-02-25 19:00,0.0
2025-02-25 19:15,0.0
2025-02-25 19:30,0.0
2025-02-25 19:45,0.0
2025-02-25 20:00,0.0
2025-02-25 20:15,0.0
2025-02-25 20:30,0.0
2025-02-25 20:45,0.0
2025-02-25 21:00,0.0
2025-02-25 21:15,0.0
2025-02-25 21:30,0.0
2025-02-25 21:45,0.0
2025-02-25 22:00,0.0
2025-02-25 22:15,0.0
2025-02-25 22:30,0.0
2025-02-25 22:45,0.0
2025-02-25 23:00,0.0
2025-02-25 23:15,0.000746
2025-02-25 23:30,0.032359
2025-02-25 23:45,0.037582
2025-02-26 00:00,0.0
2025-02-26 00:00,0.0
2025-02-26 00:15,0.008355
2025-02-26 00:30,0.022171
2025-02-26 00:45,0.0
2025-02-26 01:00,0.0
2025-02-26 01:15,0.0
2025-02-26 01:30,0.0
2025-02-26 01:45,0.262905
2025-02-26 02:00,0.034745
2025-02-26 02:15,0.005791
2025-02-26 02:30,0.224686
2025-02-26 02:45,0.0
2025-02-26 03:00,0.0
2025-02-26 03:15,0.0
2025-02-26 03:30,0.2773
2025-02-26 03:45,0.011582
2025-02-26 04:00,0.198213
2025-02-26 04:15,0.135341
2025-02-26 04:30,0.279203
2025-02-26 04:45,0.063203
2025-02-26 05:00,0.067588
2025-02-26 05:15,0.056916
2025-02-26 05:30,0.0
2025-02-26 05:45,0.021178
2025-02-26 06:00,0.011582
2025-02-26 06:15,0.743547
2025-02-26 06:30,0.0
2025-02-26 06:45,0.0
2025-02-26 07:00,0.0
2025-02-26 07:15,0.0
2025-02-26 07:30,0.131701
2025-02-26 07:45,0.0
2025-02-26 08:00,0.005791
2025-02-26 08:15,0.0
2025-02-26 08:30,0.0
2025-02-26 08:45,0.0
2025-02-26 09:00,0.0
2025-02-26 09:15,0.0
2025-02-26 09:30,0.0
2025-02-26 09:45,0.0
2025-02-26 10:00,0.0
2025-02-26 10:15,0.0
2025-02-26 10:30,0.0
2025-02-26 10:45,0.0
2025-02-26 11:00,0.0
2025-02-26 11:15,0.0
2025-02-26 11:30,0.0
2025-02-26 11:45,0.0
2025-02-26 12:00,0.0
2025-02-26 12:15,0.0
2025-02-26 12:30,0.0
2025-02-26 12:45,0.0
2025-02-26 13:00,0.0
2025-02-26 13:15,0.0
2025-02-26 13:30,0.0
2025-02-26 13:45,0.0
2025-02-26 14:00,0.0
2025-02-26 14:15,0.0
2025-02-26 14:30,0.0
2025-02-26 14:45,0.0
2025-02-26 15:00,0.0
2025-02-26 15:15,0.0
2025-02-26 15:30,0.0
2025-02-26 15:45,0.0
2025-02-26 16:00,0.0
2025-02-26 16:15,0.0
2025-02-26 16:30,0.0
2025-02-26 16:45,0.0
2025-02-26 17:00,0.0
2025-02-26 17:15,0.0
2025-02-26 17:30,0.0
2025-02-26 17:45,0.0
2025-02-26 18:00,0.0
2025-02-26 18:15,0.0
2025-02-26 18:30,0.0
2025-02-26 18:45,0.0
2025-02-26 19:00,0.0
2025-02-26 19:15,0.0
2025-02-26 19:30,0.0
2025-02-26 19:45,0.0
2025-02-26 20:00,0.0
2025-02-26 20:15,0.0
2025-02-26 20:30,0.0
2025-02-26 20:45,0.0
2025-02-26 21:00,0.0
2025-02-26 21:15,0.0
2025-02-26 21:30,0.0
2025-02-26 21:45,0.0
2025-02-26 22:00,0.0
2025-02-26 22:15,0.0
2025-02-26 22:30,0.0
2025-02-26 22:45,0.0
2025-02-26 23:00,0.0
2025-02-26 23:15,0.0
2025-02-26 23:30,0.0
2025-02-26 23:45,0.0
2025-02-27 00:00,1.0
2025-02-27 00:15,0.0
2025-02-27 00:30,0.399156
2025-02-27 00:45,0.137161
2025-02-27 01:00,0.023163
2025-02-27 01:15,0.0
2025-02-27 01:30,0.017704
2025-02-27 01:45,0.0
2025-02-27 02:00,0.079252
2025-02-27 02:15,0.149901
2025-02-27 02:30,0.0
2025-02-27 02:45,0.0
2025-02-27 03:00,0.0
2025-02-27 03:15,0.0
2025-02-27 03:30,0.502316
2025-02-27 03:45,0.017704
2025-02-27 04:00,0.0
2025-02-27 04:15,0.093398
2025-02-27 04:30,0.321559
2025-02-27 04:45,0.045334
2025-02-27 05:00,0.136995
2025-02-27 05:15,0.0
2025-02-27 05:30,0.073792
2025-02-27 05:45,0.022998
2025-02-27 06:00,0.0
2025-02-27 06:15,0.0
2025-02-27 06:30,0.0
2025-02-27 06:45,0.005791
2025-02-27 07:00,0.0
2025-02-27 07:15,0.0
2025-02-27 07:30,0.005295
2025-02-27 07:45,0.0
2025-02-27 08:00,0.0
2025-02-27 08:15,0.0
2025-02-27 08:30,0.0
2025-02-27 08:45,0.0
2025-02-27 09:00,0.0
2025-02-27 09:15,0.0
2025-02-27 09:30,0.0
2025-02-27 09:45,0.0
2025-02-27 10:00,0.0
2025-02-27 10:15,0.0
2025-02-27 10:30,0.0
2025-02-27 10:45,0.0
2025-02-27 11:00,0.0
2025-02-27 11:15,0.0
2025-02-27 11:30,0.0
2025-02-27 11:45,0.0
2025-02-27 12:00,0.0
2025-02-27 12:15,0.0
2025-02-27 12:30,0.0
2025-02-27 12:45,0.0
2025-02-27 13:00,0.0
2025-02-27 13:15,0.0
2025-02-27 13:30,0.0
2025-02-27 13:45,0.0
2025-02-27 14:00,0.0
2025-02-27 14:15,0.0
2025-02-27 14:30,0.0
2025-02-27 14:45,0.0
2025-02-27 15:00,0.0
2025-02-27 15:15,0.0
2025-02-27 15:30,0.0
2025-02-27 15:45,0.0
2025-02-27 16:00,0.0
2025-02-27 16:15,0.0
2025-02-27 16:30,0.0
2025-02-27 16:45,0.0
2025-02-27 17:00,0.0
2025-02-27 17:15,0.0
2025-02-27 17:30,0.0
2025-02-27 17:45,0.0
2025-02-27 18:00,0.0
2025-02-27 18:15,0.0
2025-02-27 18:30,0.0
2025-02-27 18:45,0.0
2025-02-27 19:00,0.0
2025-02-27 19:15,0.0
2025-02-27 19:30,0.0
2025-02-27 19:45,0.0
2025-02-27 20:00,0.0
2025-02-27 20:15,0.0
2025-02-27 20:30,0.0
2025-02-27 20:45,0.0
2025-02-27 21:00,0.0
2025-02-27 21:15,0.0
2025-02-27 21:30,0.0
2025-02-27 21:45,0.0
2025-02-27 22:00,0.0
2025-02-27 22:15,0.0
2025-02-27 22:30,0.0
2025-02-27 22:45,0.143944
2025-02-27 23:00,0.012078
2025-02-27 23:15,0.553441
2025-02-27 23:30,0.251158
2025-02-27 23:45,0.012244
2025-02-28 00:00,0.06403
2025-02-28 00:15,0.070318
2025-02-28 00:30,0.04186
2025-02-28 00:45,0.057991
2025-02-28 01:00,0.0
2025-02-28 01:15,0.012244
2025-02-28 01:30,0.177697
2025-02-28 01:45,0.335457
2025-02-28 02:00,0.036069
2025-02-28 02:15,0.033835
2025-02-28 02:30,0.093481
2025-02-28 02:45,0.051539
2025-02-28 03:00,0.347287
2025-02-28 03:15,0.0
2025-02-28 03:30,0.120864
2025-02-28 03:45,0.0
2025-02-28 04:00,0.0
2025-02-28 04:15,0.0
2025-02-28 04:30,0.005791
2025-02-28 04:45,0.005791
2025-02-28 05:00,0.012244
2025-02-28 05:15,0.0
2025-02-28 05:30,0.251158
2025-02-28 05:45,0.017373
2025-02-28 06:00,0.023163
2025-02-28 06:15,0.006122
2025-02-28 06:30,0.0
2025-02-28 06:45,0.251158
2025-02-28 07:00,0.0
2025-02-28 07:15,0.0
2025-02-28 07:30,0.0
2025-02-28 07:45,0.251158
2025-02-28 08:00,0.0
2025-02-28 08:15,0.0
2025-02-28 08:30,0.012905
2025-02-28 08:45,0.0
2025-02-28 09:00,0.0
2025-02-28 09:15,0.0
2025-02-28 09:30,0.0
2025-02-28 09:45,0.0
2025-02-28 10:00,0.0
2025-02-28 10:15,0.0
2025-02-28 10:30,0.0
2025-02-28 10:45,0.0
2025-02-28 11:00,0.0
2025-02-28 11:15,0.008355
2025-02-28 11:30,0.0
2025-02-28 11:45,0.0
2025-02-28 12:00,0.0
2025-02-28 12:15,0.0
2025-02-28 12:30,0.0
2025-02-28 12:45,0.0
2025-02-28 13:00,0.0
2025-02-28 13:15,0.0
2025-02-28 13:30,0.0
2025-02-28 13:45,0.0
2025-02-28 14:00,0.0
2025-02-28 14:15,0.0
2025-02-28 14:30,0.0
2025-02-28 14:45,0.0
2025-02-28 15:00,0.0
2025-02-28 15:15,0.0
2025-02-28 15:30,0.0
2025-02-28 15:45,0.0
2025-02-28 16:00,0.0
2025-02-28 16:15,0.0
2025-02-28 16:30,0.0
2025-02-28 16:45,0.0
2025-02-28 17:00,0.0
2025-02-28 17:15,0.0
2025-02-28 17:30,0.0
2025-02-28 17:45,0.0
2025-02-28 18:00,0.0
2025-02-28 18:15,0.0
2025-02-28 18:30,0.011582
2025-02-28 18:45,0.125579
2025-02-28 19:00,0.0
2025-02-28 19:15,0.0
2025-02-28 19:30,0.0
2025-02-28 19:45,0.0
2025-02-28 20:00,0.0
2025-02-28 20:15,0.0
2025-02-28 20:30,0.0
2025-02-28 20:45,0.0
2025-02-28 21:00,0.0
2025-02-28 21:15,0.0
2025-02-28 21:30,0.0
2025-02-28 21:45,0.0
2025-02-28 22:00,0.0
2025-02-28 22:15,0.0
2025-02-28 22:30,0.0
2025-02-28 22:45,0.0
2025-02-28 23:00,0.0
2025-02-28 23:15,0.0
2025-02-28 23:30,0.0
2025-02-28 23:45,0.0
2025-03-01 00:00,0.0
2025-03-01 00:15,0.0
2025-03-01 00:30,0.0
2025-03-01 00:45,0.0
2025-03-01 01:00,0.0
2025-03-01 01:15,0.0
2025-03-01 01:30,0.0
2025-03-01 01:45,0.0
2025-03-01 02:00,0.0
2025-03-01 02:15,0.0
2025-03-01 02:30,0.0
2025-03-01 02:45,0.0
2025-03-01 03:00,0.0
2025-03-01 03:15,0.0
2025-03-01 03:30,0.0
2025-03-01 03:45,0.0
2025-03-01 04:00,0.0
2025-03-01 04:15,0.0
2025-03-01 04:30,0.0
2025-03-01 04:45,0.0
2025-03-01 05:00,0.0
2025-03-01 05:15,0.0
2025-03-01 05:30,0.0
2025-03-01 05:45,0.0
2025-03-01 06:00,0.0
2025-03-01 06:15,0.0
2025-03-01 06:30,0.0
2025-03-01 06:45,0.0
2025-03-01 07:00,0.0
2025-03-01 07:15,0.0
2025-03-01 07:30,0.0
2025-03-01 07:45,0.0
2025-03-01 08:00,0.0
2025-03-01 08:15,0.0
2025-03-01 08:30,0.0
2025-03-01 08:45,0.0
2025-03-01 09:00,0.0
2025-03-01 09:15,0.0
2025-03-01 09:30,0.0
2025-03-01 09:45,0.0
2025-03-01 10:00,0.0
2025-03-01 10:15,0.0
2025-03-01 10:30,0.0
2025-03-01 10:45,0.0
2025-03-01 11:00,0.0
2025-03-01 11:15,0.0
2025-03-01 11:30,0.0
2025-03-01 11:45,0.0
2025-03-01 12:00,0.0
2025-03-01 12:15,0.0
2025-03-01 12:30,0.0
2025-03-01 12:45,0.0
2025-03-01 13:00,0.0
2025-03-01 13:15,0.0
2025-03-01 13:30,0.0
2025-03-01 13:45,0.0
2025-03-01 14:00,0.0
2025-03-01 14:15,0.0
2025-03-01 14:30,0.0
2025-03-01 14:45,0.0
2025-03-01 15:00,0.0
2025-03-01 15:15,0.0
2025-03-01 15:30,0.0
2025-03-01 15:45,0.0
2025-03-01 16:00,0.0
2025-03-01 16:15,0.0
2025-03-01 16:30,0.0
2025-03-01 16:45,0.0
2025-03-01 17:00,0.0
2025-03-01 17:15,0.0
2025-03-01 17:30,0.0
2025-03-01 17:45,0.0
2025-03-01 18:00,0.0
2025-03-01 18:15,0.0
2025-03-01 18:30,0.0
2025-03-01 18:45,0.0
2025-03-01 19:00,0.0
2025-03-01 19:15,0.0
2025-03-01 19:30,0.0
2025-03-01 19:45,0.0
2025-03-01 20:00,0.0
2025-03-01 20:15,0.0
2025-03-01 20:30,0.0
2025-03-01 20:45,0.0
2025-03-01 21:00,0.0
2025-03-01 21:15,0.0
2025-03-01 21:30,0.0
2025-03-01 21:45,0.0
2025-03-01 22:00,0.0
2025-03-01 22:15,0.0
2025-03-01 22:30,0.0
2025-03-01 22:45,0.0
2025-03-01 23:00,0.0
2025-03-01 23:15,0.0
2025-03-01 23:30,0.0
2025-03-01 23:45,0.0
2025-03-02 00:00,0.0
2025-03-02 00:15,0.0
2025-03-02 00:30,0.0
2025-03-02 00:45,0.0
2025-03-02 01:00,0.0
2025-03-02 01:15,0.0
2025-03-02 01:30,0.0
2025-03-02 01:45,0.0
2025-03-02 02:00,0.0
2025-03-02 02:15,0.0
2025-03-02 02:30,0.0
2025-03-02 02:45,0.0
2025-03-02 03:00,0.0
2025-03-02 03:15,0.0
2025-03-02 03:30,0.0
2025-03-02 03:45,0.0
2025-03-02 04:00,0.0
2025-03-02 04:15,0.0
2025-03-02 04:30,0.0
2025-03-02 04:45,0.0
2025-03-02 05:00,0.0
2025-03-02 05:15,0.0
2025-03-02 05:30,0.0
2025-03-02 05:45,0.0
2025-03-02 06:00,0.0
2025-03-02 06:15,0.0
2025-03-02 06:30,0.0
2025-03-02 06:45,0.0
2025-03-02 07:00,0.0
2025-03-02 07:15,0.0
2025-03-02 07:30,0.0
2025-03-02 07:45,0.0
2025-03-02 08:00,0.0
2025-03-02 08:15,0.0
2025-03-02 08:30,0.0
2025-03-02 08:45,0.0
2025-03-02 09:00,0.0
2025-03-02 09:15,0.0
2025-03-02 09:30,0.0
2025-03-02 09:45,0.0
2025-03-02 10:00,0.0
2025-03-02 10:15,0.0
2025-03-02 10:30,0.0
2025-03-02 10:45,0.0
2025-03-02 11:00,0.0
2025-03-02 11:15,0.0
2025-03-02 11:30,0.0
2025-03-02 11:45,0.0
2025-03-02 12:00,0.013898
2025-03-02 12:15,0.0
2025-03-02 12:30,0.0
2025-03-02 12:45,0.0
2025-03-02 13:00,0.0
2025-03-02 13:15,0.0
2025-03-02 13:30,0.0
2025-03-02 13:45,0.0
2025-03-02 14:00,0.0
2025-03-02 14:15,0.0
2025-03-02 14:30,0.0
2025-03-02 14:45,0.0
2025-03-02 15:00,0.0
2025-03-02 15:15,0.0
2025-03-02 15:30,0.0
2025-03-02 15:45,0.0
2025-03-02 16:00,0.0
2025-03-02 16:15,0.0
2025-03-02 16:30,0.0
2025-03-02 16:45,0.0
2025-03-02 17:00,0.0
2025-03-02 17:15,0.0
2025-03-02 17:30,0.0
2025-03-02 17:45,0.0
2025-03-02 18:00,0.0
2025-03-02 18:15,0.0
2025-03-02 18:30,0.0
2025-03-02 18:45,0.0
2025-03-02 19:00,0.0
2025-03-02 19:15,0.0
2025-03-02 19:30,0.0
2025-03-02 19:45,0.0
2025-03-02 20:00,0.0
2025-03-02 20:15,0.0
2025-03-02 20:30,0.0
2025-03-02 20:45,0.0
2025-03-02 21:00,0.0
2025-03-02 21:15,0.0
2025-03-02 21:30,0.0
2025-03-02 21:45,0.0
2025-03-02 22:00,0.0
2025-03-02 22:15,0.0
2025-03-02 22:30,0.0
2025-03-02 22:45,0.0
2025-03-02 23:00,0.0
2025-03-02 23:15,0.0
2025-03-02 23:30,0.0
2025-03-02 23:45,0.0
2025-03-03 00:00,0.0
2025-03-03 00:15,0.0
2025-03-03 00:30,0.0
2025-03-03 00:45,0.0
2025-03-03 01:00,0.0
2025-03-03 01:15,0.251158
2025-03-03 01:30,0.0
2025-03-03 01:45,0.0
2025-03-03 02:00,0.0
2025-03-03 02:15,0.0
2025-03-03 02:30,0.0
2025-03-03 02:45,0.0
2025-03-03 03:00,0.0
2025-03-03 03:15,0.0
2025-03-03 03:30,0.011582
2025-03-03 03:45,0.0
2025-03-03 04:00,0.0
2025-03-03 04:15,0.0
2025-03-03 04:30,0.0
2025-03-03 04:45,0.0
2025-03-03 05:00,0.0
2025-03-03 05:15,0.0
2025-03-03 05:30,0.0
2025-03-03 05:45,0.0
2025-03-03 06:00,0.0
2025-03-03 06:15,0.0
2025-03-03 06:30,0.0
2025-03-03 06:45,0.052035
2025-03-03 07:00,0.012244
2025-03-03 07:15,0.0
2025-03-03 07:30,0.0
2025-03-03 07:45,0.0
2025-03-03 08:00,0.0
2025-03-03 08:15,0.0
2025-03-03 08:30,0.0
2025-03-03 08:45,0.0
2025-03-03 09:00,0.0
2025-03-03 09:15,0.0
2025-03-03 09:30,0.0
2025-03-03 09:45,0.0
2025-03-03 10:00,0.0
2025-03-03 10:15,0.0
2025-03-03 10:30,0.0
2025-03-03 10:45,0.0
2025-03-03 11:00,0.0
2025-03-03 11:15,0.012244
2025-03-03 11:30,0.12591
2025-03-03 11:45,0.0
2025-03-03 12:00,0.0
2025-03-03 12:15,0.0
2025-03-03 12:30,0.0
2025-03-03 12:45,0.0
2025-03-03 13:00,0.0
2025-03-03 13:15,0.0
2025-03-03 13:30,0.0
2025-03-03 13:45,0.0
2025-03-03 14:00,0.0
2025-03-03 14:15,0.0
2025-03-03 14:30,0.0
2025-03-03 14:45,0.0
2025-03-03 15:00,0.0
2025-03-03 15:15,0.0
2025-03-03 15:30,0.0
2025-03-03 15:45,0.0
2025-03-03 16:00,0.0
2025-03-03 16:15,0.0
2025-03-03 16:30,0.0
2025-03-03 16:45,0.0
2025-03-03 17:00,0.0
2025-03-03 17:15,0.0
2025-03-03 17:30,0.0
2025-03-03 17:45,0.0
2025-03-03 18:00,0.0
2025-03-03 18:15,0.0
2025-03-03 18:30,0.0
2025-03-03 18:45,0.0
2025-03-03 19:00,0.0
2025-03-03 19:15,0.0
2025-03-03 19:30,0.0
2025-03-03 19:45,0.0
2025-03-03 20:00,0.0
2025-03-03 20:15,0.0
2025-03-03 20:30,0.0
2025-03-03 20:45,0.0
2025-03-03 21:00,0.0
2025-03-03 21:15,0.0
2025-03-03 21:30,0.0
2025-03-03 21:45,0.0
2025-03-03 22:00,0.0
2025-03-03 22:15,0.0
2025-03-03 22:30,0.13137
2025-03-03 22:45,0.251158
2025-03-03 23:00,0.251158
2025-03-03 23:15,0.0
2025-03-03 23:30,0.005791
2025-03-03 23:45,0.012244
2025-03-04 00:00,0.0
2025-03-04 00:15,0.0
2025-03-04 00:30,0.125579
2025-03-04 00:45,0.011582
2025-03-04 01:00,0.011085
2025-03-04 01:15,0.0
2025-03-04 01:30,0.0
2025-03-04 01:45,0.006122
2025-03-04 02:00,0.011582
2025-03-04 02:15,0.0
2025-03-04 02:30,0.0
2025-03-04 02:45,0.502316
2025-03-04 03:00,0.011582
2025-03-04 03:15,0.125579
2025-03-04 03:30,0.011582
2025-03-04 03:45,0.0
2025-03-04 04:00,0.005791
2025-03-04 04:15,0.259844
2025-03-04 04:30,0.031932
2025-03-04 04:45,0.166777
2025-03-04 05:00,0.196393
2025-03-04 05:15,0.275149
2025-03-04 05:30,0.083885
2025-03-04 05:45,0.0
2025-03-04 06:00,0.0
2025-03-04 06:15,0.0
2025-03-04 06:30,0.006122
2025-03-04 06:45,0.005791
2025-03-04 07:00,0.547651
2025-03-04 07:15,0.073379
2025-03-04 07:30,0.125579
2025-03-04 07:45,0.006122
2025-03-04 08:00,0.0
2025-03-04 08:15,0.0
2025-03-04 08:30,0.0
2025-03-04 08:45,0.0
2025-03-04 09:00,0.0
2025-03-04 09:15,0.0
2025-03-04 09:30,0.0
2025-03-04 09:45,0.0
2025-03-04 10:00,0.0
2025-03-04 10:15,0.011582
2025-03-04 10:30,0.0
2025-03-04 10:45,0.0
2025-03-04 11:00,0.0
2025-03-04 11:15,0.0
2025-03-04 11:30,0.0
2025-03-04 11:45,0.0
2025-03-04 12:00,0.024156
2025-03-04 12:15,0.0
2025-03-04 12:30,0.0
2025-03-04 12:45,0.0
2025-03-04 13:00,0.0
2025-03-04 13:15,0.0
2025-03-04 13:30,0.0
2025-03-04 13:45,0.0
2025-03-04 14:00,0.0
2025-03-04 14:15,0.0
2025-03-04 14:30,0.0
2025-03-04 14:45,0.0
2025-03-04 15:00,0.0
2025-03-04 15:15,0.0
2025-03-04 15:30,0.0
2025-03-04 15:45,0.0
2025-03-04 16:00,0.0
2025-03-04 16:15,0.0
2025-03-04 16:30,0.0
2025-03-04 16:45,0.0
2025-03-04 17:00,0.0
2025-03-04 17:15,0.0
2025-03-04 17:30,0.0
2025-03-04 17:45,0.0
2025-03-04 18:00,0.0
2025-03-04 18:15,0.0
2025-03-04 18:30,0.0
2025-03-04 18:45,0.0
2025-03-04 19:00,0.0
2025-03-04 19:15,0.0
2025-03-04 19:30,0.0
2025-03-04 19:45,0.0
2025-03-04 20:00,0.0
2025-03-04 20:15,0.0
2025-03-04 20:30,0.0
2025-03-04 20:45,0.0
2025-03-04 21:00,0.0
2025-03-04 21:15,0.0
2025-03-04 21:30,0.0
2025-03-04 21:45,0.0
2025-03-04 22:00,0.0
2025-03-04 22:15,0.0
2025-03-04 22:30,0.0
2025-03-04 22:45,0.0
2025-03-04 23:00,0.0
2025-03-04 23:15,0.0
2025-03-04 23:30,0.0
2025-03-04 23:45,0.023494
2025-03-05 00:00,0.0
2025-03-05 00:00,0.0
2025-03-05 00:15,0.013323
2025-03-05 00:30,0.337204
2025-03-05 00:45,0.690611
2025-03-05 01:00,0.049329
2025-03-05 01:15,0.055
2025-03-05 01:30,0.012602
2025-03-05 01:45,0.012602
2025-03-05 02:00,0.168872
2025-03-05 02:15,0.064812
2025-03-05 02:30,0.0
2025-03-05 02:45,0.013323
2025-03-05 03:00,0.0
2025-03-05 03:15,0.417859
2025-03-05 03:30,0.0
2025-03-05 03:45,0.0
2025-03-05 04:00,0.018904
2025-03-05 04:15,0.018904
2025-03-05 04:30,0.583671
2025-03-05 04:45,0.030246
2025-03-05 05:00,0.0
2025-03-05 05:15,0.0
2025-03-05 05:30,0.0
2025-03-05 05:45,0.0
2025-03-05 06:00,0.274012
2025-03-05 06:15,0.006661
2025-03-05 06:30,0.025205
2025-03-05 06:45,0.006301
2025-03-05 07:00,0.136646
2025-03-05 07:15,0.0
2025-03-05 07:30,0.0
2025-03-05 07:45,0.013863
2025-03-05 08:00,0.0
2025-03-05 08:15,0.0
2025-03-05 08:30,0.0
2025-03-05 08:45,0.0
2025-03-05 09:00,0.0
2025-03-05 09:15,0.0
2025-03-05 09:30,0.0
2025-03-05 09:45,0.0
2025-03-05 10:00,0.0
2025-03-05 10:15,0.0
2025-03-05 10:30,0.0
2025-03-05 10:45,0.0
2025-03-05 11:00,0.0
2025-03-05 11:15,0.0
2025-03-05 11:30,0.0
2025-03-05 11:45,0.0
2025-03-05 12:00,0.038347
2025-03-05 12:15,0.0
2025-03-05 12:30,0.0
2025-03-05 12:45,0.0
2025-03-05 13:00,0.0
2025-03-05 13:15,0.0
2025-03-05 13:30,0.0
2025-03-05 13:45,0.0
2025-03-05 14:00,0.0
2025-03-05 14:15,0.0
2025-03-05 14:30,0.0
2025-03-05 14:45,0.0
2025-03-05 15:00,0.0
2025-03-05 15:15,0.0
2025-03-05 15:30,0.136646
2025-03-05 15:45,0.0
2025-03-05 16:00,0.0
2025-03-05 16:15,0.0
2025-03-05 16:30,0.0
2025-03-05 16:45,0.0
2025-03-05 17:00,0.0
2025-03-05 17:15,0.0
2025-03-05 17:30,0.0
2025-03-05 17:45,0.0
2025-03-05 18:00,0.0
2025-03-05 18:15,0.0
2025-03-05 18:30,0.0
2025-03-05 18:45,0.0
2025-03-05 19:00,0.0
2025-03-05 19:15,0.0
2025-03-05 19:30,0.0
2025-03-05 19:45,0.0
2025-03-05 20:00,0.0
2025-03-05 20:15,0.0
2025-03-05 20:30,0.0
2025-03-05 20:45,0.0
2025-03-05 21:00,0.0
2025-03-05 21:15,0.0
2025-03-05 21:30,0.0
2025-03-05 21:45,0.0
2025-03-05 22:00,0.006661
2025-03-05 22:15,0.136646
2025-03-05 22:30,0.0
2025-03-05 22:45,0.0
2025-03-05 23:00,0.013323
2025-03-05 23:15,0.0
2025-03-05 23:30,0.136646
2025-03-05 23:45,0.0
2025-03-06 00:00,0.0
2025-03-06 00:15,0.0
2025-03-06 00:30,0.0
2025-03-06 00:45,0.167072
2025-03-06 01:00,0.185975
2025-03-06 01:15,0.006301
2025-03-06 01:30,0.0
2025-03-06 01:45,0.0
2025-03-06 02:00,0.31344
2025-03-06 02:15,0.009452
2025-03-06 02:30,0.044108
2025-03-06 02:45,0.198488
2025-03-06 03:00,0.100909
2025-03-06 03:15,0.0
2025-03-06 03:30,0.186695
2025-03-06 03:45,0.283284
2025-03-06 04:00,0.012602
2025-03-06 04:15,0.006661
2025-03-06 04:30,0.0
2025-03-06 04:45,0.0
2025-03-06 05:00,1.0
2025-03-06 05:15,0.012602
2025-03-06 05:30,0.013323
2025-03-06 05:45,0.143307
2025-03-06 06:00,0.279953
2025-03-06 06:15,0.0
2025-03-06 06:30,0.018183
2025-03-06 06:45,0.013323
2025-03-06 07:00,0.0
2025-03-06 07:15,0.0
2025-03-06 07:30,0.0
2025-03-06 07:45,0.0
2025-03-06 08:00,0.0
2025-03-06 08:15,0.285894
2025-03-06 08:30,0.006301
2025-03-06 08:45,0.0
2025-03-06 09:00,0.0
2025-03-06 09:15,0.0
2025-03-06 09:30,0.0
2025-03-06 09:45,0.0
2025-03-06 10:00,0.0
2025-03-06 10:15,0.0
2025-03-06 10:30,0.0
2025-03-06 10:45,0.0
2025-03-06 11:00,0.0
2025-03-06 11:15,0.0
2025-03-06 11:30,0.011522
2025-03-06 11:45,0.0
2025-03-06 12:00,0.0
2025-03-06 12:15,0.0
2025-03-06 12:30,0.0
2025-03-06 12:45,0.0
2025-03-06 13:00,0.0
2025-03-06 13:15,0.0
2025-03-06 13:30,0.0
2025-03-06 13:45,0.0
2025-03-06 14:00,0.0
2025-03-06 14:15,0.0
2025-03-06 14:30,0.0
2025-03-06 14:45,0.0
2025-03-06 15:00,0.0
2025-03-06 15:15,0.0
2025-03-06 15:30,0.0
2025-03-06 15:45,0.0
2025-03-06 16:00,0.0
2025-03-06 16:15,0.0
2025-03-06 16:30,0.0
2025-03-06 16:45,0.0
2025-03-06 17:00,0.0
2025-03-06 17:15,0.0
2025-03-06 17:30,0.0
2025-03-06 17:45,0.0
2025-03-06 18:00,0.0
2025-03-06 18:15,0.0
2025-03-06 18:30,0.0
2025-03-06 18:45,0.0
2025-03-06 19:00,0.0
2025-03-06 19:15,0.0
2025-03-06 19:30,0.0
2025-03-06 19:45,0.0
2025-03-06 20:00,0.0
2025-03-06 20:15,0.0
2025-03-06 20:30,0.0
2025-03-06 20:45,0.0
2025-03-06 21:00,0.0
2025-03-06 21:15,0.0
2025-03-06 21:30,0.0
2025-03-06 21:45,0.0
2025-03-06 22:00,0.0
2025-03-06 22:15,0.0
2025-03-06 22:30,0.0
2025-03-06 22:45,0.0
2025-03-06 23:00,0.0
2025-03-06 23:15,0.0
2025-03-06 23:30,0.016743
2025-03-06 23:45,0.0
2025-03-07 00:00,0.0
2025-03-07 00:15,0.0
2025-03-07 00:30,0.006301
2025-03-07 00:45,0.136646
2025-03-07 01:00,0.025205
2025-03-07 01:15,0.012602
2025-03-07 01:30,0.136646
2025-03-07 01:45,0.0
2025-03-07 02:00,0.0
2025-03-07 02:15,0.0
2025-03-07 02:30,0.0
2025-03-07 02:45,0.0
2025-03-07 03:00,0.0
2025-03-07 03:15,0.311099
2025-03-07 03:30,0.0
2025-03-07 03:45,0.006661
2025-03-07 04:00,0.0
2025-03-07 04:15,0.0
2025-03-07 04:30,0.0
2025-03-07 04:45,0.0
2025-03-07 05:00,0.273292
2025-03-07 05:15,0.0
2025-03-07 05:30,0.0
2025-03-07 05:45,0.0
2025-03-07 06:00,0.024845
2025-03-07 06:15,0.279593
2025-03-07 06:30,0.136646
2025-03-07 06:45,0.006301
2025-03-07 07:00,0.0
2025-03-07 07:15,0.0
2025-03-07 07:30,0.012602
2025-03-07 07:45,0.0
2025-03-07 08:00,0.0
2025-03-07 08:15,0.018904
2025-03-07 08:30,0.0
2025-03-07 08:45,0.0
2025-03-07 09:00,0.012602
2025-03-07 09:15,0.0
2025-03-07 09:30,0.0
2025-03-07 09:45,0.0
2025-03-07 10:00,0.0
2025-03-07 10:15,0.0
2025-03-07 10:30,0.0
2025-03-07 10:45,0.0
2025-03-07 11:00,0.0
2025-03-07 11:15,0.0
2025-03-07 11:30,0.0
2025-03-07 11:45,0.0
2025-03-07 12:00,0.0
2025-03-07 12:15,0.0
2025-03-07 12:30,0.0
2025-03-07 12:45,0.0
2025-03-07 13:00,0.0
2025-03-07 13:15,0.0
2025-03-07 13:30,0.0
2025-03-07 13:45,0.0
2025-03-07 14:00,0.0
2025-03-07 14:15,0.0
2025-03-07 14:30,0.0
2025-03-07 14:45,0.0
2025-03-07 15:00,0.0
2025-03-07 15:15,0.0
2025-03-07 15:30,0.0
2025-03-07 15:45,0.0
2025-03-07 16:00,0.0
2025-03-07 16:15,0.0
2025-03-07 16:30,0.0
2025-03-07 16:45,0.0
2025-03-07 17:00,0.0
2025-03-07 17:15,0.0
2025-03-07 17:30,0.0
2025-03-07 17:45,0.0
2025-03-07 18:00,0.0
2025-03-07 18:15,0.0
2025-03-07 18:30,0.0
2025-03-07 18:45,0.0
2025-03-07 19:00,0.0
2025-03-07 19:15,0.0
2025-03-07 19:30,0.0
2025-03-07 19:45,0.0
2025-03-07 20:00,0.0
2025-03-07 20:15,0.0
2025-03-07 20:30,0.0
2025-03-07 20:45,0.0
2025-03-07 21:00,0.0
2025-03-07 21:15,0.0
2025-03-07 21:30,0.0
2025-03-07 21:45,0.0
2025-03-07 22:00,0.0
2025-03-07 22:15,0.0
2025-03-07 22:30,0.0
2025-03-07 22:45,0.0
2025-03-07 23:00,0.0
2025-03-07 23:15,0.0
2025-03-07 23:30,0.0
2025-03-07 23:45,0.0
2025-03-08 00:00,0.0
2025-03-08 00:15,0.0
2025-03-08 00:30,0.0
2025-03-08 00:45,0.0
2025-03-08 01:00,0.0
2025-03-08 01:15,0.0
2025-03-08 01:30,0.0
2025-03-08 01:45,0.0
2025-03-08 02:00,0.0
2025-03-08 02:15,0.0
2025-03-08 02:30,0.0
2025-03-08 02:45,0.0
2025-03-08 03:00,0.0
2025-03-08 03:15,0.0
2025-03-08 03:30,0.0
2025-03-08 03:45,0.0
2025-03-08 04:00,0.0
2025-03-08 04:15,0.0
2025-03-08 04:30,0.0
2025-03-08 04:45,0.0
2025-03-08 05:00,0.0
2025-03-08 05:15,0.0
2025-03-08 05:30,0.0
2025-03-08 05:45,0.0
2025-03-08 06:00,0.0
2025-03-08 06:15,0.0
2025-03-08 06:30,0.0
2025-03-08 06:45,0.026465
2025-03-08 07:00,0.0
2025-03-08 07:15,0.0
2025-03-08 07:30,0.0
2025-03-08 07:45,0.0
2025-03-08 08:00,0.0
2025-03-08 08:15,0.0
2025-03-08 08:30,0.0
2025-03-08 08:45,0.0
2025-03-08 09:00,0.0
2025-03-08 09:15,0.0
2025-03-08 09:30,0.0
2025-03-08 09:45,0.0
2025-03-08 10:00,0.0
2025-03-08 10:15,0.0
2025-03-08 10:30,0.0
2025-03-08 10:45,0.0
2025-03-08 11:00,0.0
2025-03-08 11:15,0.0
2025-03-08 11:30,0.0
2025-03-08 11:45,0.0
2025-03-08 12:00,0.0
2025-03-08 12:15,0.0
2025-03-08 12:30,0.0
2025-03-08 12:45,0.0
2025-03-08 13:00,0.0
2025-03-08 13:15,0.0
2025-03-08 13:30,0.0
2025-03-08 13:45,0.0
2025-03-08 14:00,0.0
2025-03-08 14:15,0.0
2025-03-08 14:30,0.0
2025-03-08 14:45,0.0
2025-03-08 15:00,0.0
2025-03-08 15:15,0.0
2025-03-08 15:30,0.0
2025-03-08 15:45,0.0
2025-03-08 16:00,0.0
2025-03-08 16:15,0.0
2025-03-08 16:30,0.0
2025-03-08 16:45,0.0
2025-03-08 17:00,0.0
2025-03-08 17:15,0.0
2025-03-08 17:30,0.0
2025-03-08 17:45,0.0
2025-03-08 18:00,0.0
2025-03-08 18:15,0.0
2025-03-08 18:30,0.0
2025-03-08 18:45,0.0
2025-03-08 19:00,0.0
2025-03-08 19:15,0.0
2025-03-08 19:30,0.0
2025-03-08 19:45,0.0
2025-03-08 20:00,0.0
2025-03-08 20:15,0.0
2025-03-08 20:30,0.0
2025-03-08 20:45,0.0
2025-03-08 21:00,0.0
2025-03-08 21:15,0.0
2025-03-08 21:30,0.0
2025-03-08 21:45,0.0
2025-03-08 22:00,0.0
2025-03-08 22:15,0.0
2025-03-08 22:30,0.0
2025-03-08 22:45,0.0
2025-03-08 23:00,0.0
2025-03-08 23:15,0.0
2025-03-08 23:30,0.0
2025-03-08 23:45,0.0
2025-03-09 00:00,0.0
2025-03-09 00:15,0.0
2025-03-09 00:30,0.0
2025-03-09 00:45,0.0
2025-03-09 01:00,0.0
2025-03-09 01:15,0.0
2025-03-09 01:30,0.0
2025-03-09 01:45,0.0
2025-03-09 02:00,0.0
2025-03-09 02:15,0.0
2025-03-09 02:30,0.0
2025-03-09 02:45,0.0
2025-03-09 03:00,0.0
2025-03-09 03:15,0.0
2025-03-09 03:30,0.0
2025-03-09 03:45,0.0
2025-03-09 04:00,0.0
2025-03-09 04:15,0.0
2025-03-09 04:30,0.0
2025-03-09 04:45,0.0
2025-03-09 05:00,0.0
2025-03-09 05:15,0.0
2025-03-09 05:30,0.0
2025-03-09 05:45,0.0
2025-03-09 06:00,0.0
2025-03-09 06:15,0.0
2025-03-09 06:30,0.0
2025-03-09 06:45,0.0
2025-03-09 07:00,0.0
2025-03-09 07:15,0.0
2025-03-09 07:30,0.0
2025-03-09 07:45,0.0
2025-03-09 08:00,0.0
2025-03-09 08:15,0.0
2025-03-09 08:30,0.0
2025-03-09 08:45,0.0
2025-03-09 09:00,0.0
2025-03-09 09:15,0.0
2025-03-09 09:30,0.0
2025-03-09 09:45,0.0
2025-03-09 10:00,0.0
2025-03-09 10:15,0.0
2025-03-09 10:30,0.012602
2025-03-09 10:45,0.0
2025-03-09 11:00,0.0
2025-03-09 11:15,0.0
2025-03-09 11:30,0.0
2025-03-09 11:45,0.0
2025-03-09 12:00,0.0
2025-03-09 12:15,0.0
2025-03-09 12:30,0.0
2025-03-09 12:45,0.0
2025-03-09 13:00,0.0
2025-03-09 13:15,0.0
2025-03-09 13:30,0.0
2025-03-09 13:45,0.0
2025-03-09 14:00,0.0
2025-03-09 14:15,0.0
2025-03-09 14:30,0.0
2025-03-09 14:45,0.006661
2025-03-09 15:00,0.0
2025-03-09 15:15,0.0
2025-03-09 15:30,0.0
2025-03-09 15:45,0.0
2025-03-09 16:00,0.0
2025-03-09 16:15,0.0
2025-03-09 16:30,0.0
2025-03-09 16:45,0.0
2025-03-09 17:00,0.0
2025-03-09 17:15,0.0
2025-03-09 17:30,0.0
2025-03-09 17:45,0.0
2025-03-09 18:00,0.0
2025-03-09 18:15,0.0
2025-03-09 18:30,0.0
2025-03-09 18:45,0.0
2025-03-09 19:00,0.0
2025-03-09 19:15,0.0
2025-03-09 19:30,0.0
2025-03-09 19:45,0.0
2025-03-09 20:00,0.0
2025-03-09 20:15,0.0
2025-03-09 20:30,0.0
2025-03-09 20:45,0.0
2025-03-09 21:00,0.0
2025-03-09 21:15,0.0
2025-03-09 21:30,0.0
2025-03-09 21:45,0.0
2025-03-09 22:00,0.0
2025-03-09 22:15,0.0
2025-03-09 22:30,0.0
2025-03-09 22:45,0.0
2025-03-09 23:00,0.0
2025-03-09 23:15,0.0
2025-03-09 23:30,0.0
2025-03-09 23:45,0.012602
2025-03-10 00:00,0.030876
2025-03-10 00:15,0.0
2025-03-10 00:30,0.0
2025-03-10 00:45,0.042488
2025-03-10 01:00,0.259789
2025-03-10 01:15,0.0
2025-03-10 01:30,0.956522
2025-03-10 01:45,0.269151
2025-03-10 02:00,0.0
2025-03-10 02:15,0.0
2025-03-10 02:30,0.0
2025-03-10 02:45,0.0
2025-03-10 03:00,0.006661
2025-03-10 03:15,0.006661
2025-03-10 03:30,0.0
2025-03-10 03:45,0.0
2025-03-10 04:00,0.038977
2025-03-10 04:15,0.069403
2025-03-10 04:30,0.0
2025-03-10 04:45,0.006301
2025-03-10 05:00,0.0
2025-03-10 05:15,0.425421
2025-03-10 05:30,0.273652
2025-03-10 05:45,0.0
2025-03-10 06:00,0.0
2025-03-10 06:15,0.0
2025-03-10 06:30,0.0
2025-03-10 06:45,0.026825
2025-03-10 07:00,0.0
2025-03-10 07:15,0.321541
2025-03-10 07:30,0.286614
2025-03-10 07:45,0.0
2025-03-10 08:00,0.362769
2025-03-10 08:15,0.0
2025-03-10 08:30,0.006301
2025-03-10 08:45,0.10712
2025-03-10 09:00,0.0
2025-03-10 09:15,0.0
2025-03-10 09:30,0.0
2025-03-10 09:45,0.136646
2025-03-10 10:00,0.0
2025-03-10 10:15,0.0
2025-03-10 10:30,0.0
2025-03-10 10:45,0.0
2025-03-10 11:00,0.0
2025-03-10 11:15,0.0
2025-03-10 11:30,0.0
2025-03-10 11:45,0.0
2025-03-10 12:00,0.0
2025-03-10 12:15,0.0
2025-03-10 12:30,0.0
2025-03-10 12:45,0.006661
2025-03-10 13:00,0.0
2025-03-10 13:15,0.0
2025-03-10 13:30,0.0
2025-03-10 13:45,0.0
2025-03-10 14:00,0.0
2025-03-10 14:15,0.0
2025-03-10 14:30,0.0
2025-03-10 14:45,0.0
2025-03-10 15:00,0.0
2025-03-10 15:15,0.0
2025-03-10 15:30,0.0
2025-03-10 15:45,0.0
2025-03-10 16:00,0.0
2025-03-10 16:15,0.0
2025-03-10 16:30,0.0
2025-03-10 16:45,0.0
2025-03-10 17:00,0.0
2025-03-10 17:15,0.0
2025-03-10 17:30,0.0
2025-03-10 17:45,0.0
2025-03-10 18:00,0.0
2025-03-10 18:15,0.0
2025-03-10 18:30,0.0
2025-03-10 18:45,0.0
2025-03-10 19:00,0.0
2025-03-10 19:15,0.0
2025-03-10 19:30,0.0
2025-03-10 19:45,0.0
2025-03-10 20:00,0.0
2025-03-10 20:15,0.0
2025-03-10 20:30,0.0
2025-03-10 20:45,0.0
2025-03-10 21:00,0.0
2025-03-10 21:15,0.0
2025-03-10 21:30,0.0
2025-03-10 21:45,0.0
2025-03-10 22:00,0.0
2025-03-10 22:15,0.0
2025-03-10 22:30,0.0
2025-03-10 22:45,0.0
2025-03-10 23:00,0.0
2025-03-10 23:15,0.0
2025-03-10 23:30,0.155189
2025-03-10 23:45,0.273292
2025-03-11 00:00,0.325502
2025-03-11 00:15,0.530921
2025-03-11 00:30,0.572869
2025-03-11 00:45,0.012782
2025-03-11 01:00,0.070663
2025-03-11 01:15,0.056441
2025-03-11 01:30,0.039518
2025-03-11 01:45,0.0
2025-03-11 02:00,0.0
2025-03-11 02:15,0.0
2025-03-11 02:30,0.0
2025-03-11 02:45,0.136646
2025-03-11 03:00,0.0
2025-03-11 03:15,0.0
2025-03-11 03:30,0.006661
2025-03-11 03:45,0.0
2025-03-11 04:00,0.006301
2025-03-11 04:15,0.0
2025-03-11 04:30,0.0
2025-03-11 04:45,0.018904
2025-03-11 05:00,0.0
2025-03-11 05:15,0.416959
2025-03-11 05:30,0.013323
2025-03-11 05:45,0.0
2025-03-11 06:00,0.0
2025-03-11 06:15,0.423891
2025-03-11 06:30,0.066073
2025-03-11 06:45,0.583131
2025-03-11 07:00,0.0
2025-03-11 07:15,0.062742
2025-03-11 07:30,0.0
2025-03-11 07:45,0.0
2025-03-11 08:00,0.0
2025-03-11 08:15,0.0
2025-03-11 08:30,0.0
2025-03-11 08:45,0.0
2025-03-11 09:00,0.0
2025-03-11 09:15,0.0
2025-03-11 09:30,0.0
2025-03-11 09:45,0.0
2025-03-11 10:00,0.0
2025-03-11 10:15,0.0
2025-03-11 10:30,0.0
2025-03-11 10:45,0.0
2025-03-11 11:00,0.0
2025-03-11 11:15,0.0
2025-03-11 11:30,0.0
2025-03-11 11:45,0.0
2025-03-11 12:00,0.0
2025-03-11 12:15,0.0
2025-03-11 12:30,0.280673
2025-03-11 12:45,0.0
2025-03-11 13:00,0.0
2025-03-11 13:15,0.0
2025-03-11 13:30,0.0
2025-03-11 13:45,0.0
2025-03-11 14:00,0.0
2025-03-11 14:15,0.0
2025-03-11 14:30,0.0
2025-03-11 14:45,0.0
2025-03-11 15:00,0.0
2025-03-11 15:15,0.0
2025-03-11 15:30,0.0
2025-03-11 15:45,0.0
2025-03-11 16:00,0.0
2025-03-11 16:15,0.0
2025-03-11 16:30,0.0
2025-03-11 16:45,0.0
2025-03-11 17:00,0.0
2025-03-11 17:15,0.0
2025-03-11 17:30,0.0
2025-03-11 17:45,0.0
2025-03-11 18:00,0.0
2025-03-11 18:15,0.0
2025-03-11 18:30,0.0
2025-03-11 18:45,0.0
2025-03-11 19:00,0.0
2025-03-11 19:15,0.0
2025-03-11 19:30,0.0
2025-03-11 19:45,0.0
2025-03-11 20:00,0.0
2025-03-11 20:15,0.0
2025-03-11 20:30,0.0
2025-03-11 20:45,0.0
2025-03-11 21:00,0.0
2025-03-11 21:15,0.0
2025-03-11 21:30,0.0
2025-03-11 21:45,0.0
2025-03-11 22:00,0.0
2025-03-11 22:15,0.0
2025-03-11 22:30,0.0
2025-03-11 22:45,0.129355
2025-03-11 23:00,0.0
2025-03-11 23:15,0.0
2025-03-11 23:30,0.273292
2025-03-11 23:45,0.0
2025-03-12 00:00,0.0
2025-03-12 00:00,0.0
2025-03-12 00:15,0.020607
2025-03-12 00:30,0.0
2025-03-12 00:45,0.058182
2025-03-12 01:00,0.0
2025-03-12 01:15,0.00095
2025-03-12 01:30,0.002009
2025-03-12 01:45,0.0
2025-03-12 02:00,0.001805
2025-03-12 02:15,0.020607
2025-03-12 02:30,0.0
2025-03-12 02:45,0.0
2025-03-12 03:00,0.0
2025-03-12 03:15,0.0
2025-03-12 03:30,0.05096
2025-03-12 03:45,0.0019
2025-03-12 04:00,0.020661
2025-03-12 04:15,0.021611
2025-03-12 04:30,0.0019
2025-03-12 04:45,0.00095
2025-03-12 05:00,0.001955
2025-03-12 05:15,0.0
2025-03-12 05:30,0.082426
2025-03-12 05:45,0.0
2025-03-12 06:00,0.020661
2025-03-12 06:15,0.0
2025-03-12 06:30,0.020607
2025-03-12 06:45,0.041213
2025-03-12 07:00,0.0
2025-03-12 07:15,0.003014
2025-03-12 07:30,0.0
2025-03-12 07:45,0.002959
2025-03-12 08:00,0.0
2025-03-12 08:15,0.0
2025-03-12 08:30,0.0
2025-03-12 08:45,0.0
2025-03-12 09:00,0.0
2025-03-12 09:15,0.0
2025-03-12 09:30,0.0
2025-03-12 09:45,0.0
2025-03-12 10:00,0.0
2025-03-12 10:15,0.0
2025-03-12 10:30,0.0
2025-03-12 10:45,0.0
2025-03-12 11:00,0.0
2025-03-12 11:15,0.0
2025-03-12 11:30,0.0
2025-03-12 11:45,0.0
2025-03-12 12:00,0.0
2025-03-12 12:15,0.0
2025-03-12 12:30,0.0
2025-03-12 12:45,0.0
2025-03-12 13:00,0.0
2025-03-12 13:15,0.0
2025-03-12 13:30,0.0
2025-03-12 13:45,0.0
2025-03-12 14:00,0.0
2025-03-12 14:15,0.0
2025-03-12 14:30,0.0
2025-03-12 14:45,0.0
2025-03-12 15:00,0.0
2025-03-12 15:15,0.0
2025-03-12 15:30,0.0
2025-03-12 15:45,0.0
2025-03-12 16:00,0.0
2025-03-12 16:15,0.0
2025-03-12 16:30,0.0
2025-03-12 16:45,0.0
2025-03-12 17:00,0.0
2025-03-12 17:15,0.0
2025-03-12 17:30,0.0
2025-03-12 17:45,0.0
2025-03-12 18:00,0.0
2025-03-12 18:15,0.0
2025-03-12 18:30,0.0
2025-03-12 18:45,0.0
2025-03-12 19:00,0.0
2025-03-12 19:15,0.0
2025-03-12 19:30,0.0
2025-03-12 19:45,0.0
2025-03-12 20:00,0.0
2025-03-12 20:15,0.0
2025-03-12 20:30,0.0
2025-03-12 20:45,0.0
2025-03-12 21:00,0.0
2025-03-12 21:15,0.0
2025-03-12 21:30,0.0
2025-03-12 21:45,0.0
2025-03-12 22:00,0.0
2025-03-12 22:15,0.0
2025-03-12 22:30,0.0
2025-03-12 22:45,0.0
2025-03-12 23:00,0.0
2025-03-12 23:15,0.0
2025-03-12 23:30,0.02267
2025-03-12 23:45,0.005023
2025-03-13 00:00,0.001005
2025-03-13 00:15,0.020607
2025-03-13 00:30,0.082535
2025-03-13 00:45,0.0
2025-03-13 01:00,0.0
2025-03-13 01:15,0.0
2025-03-13 01:30,0.0
2025-03-13 01:45,0.0
2025-03-13 02:00,0.0
2025-03-13 02:15,0.041213
2025-03-13 02:30,0.0
2025-03-13 02:45,0.0019
2025-03-13 03:00,0.0
2025-03-13 03:15,0.00095
2025-03-13 03:30,0.0
2025-03-13 03:45,0.0
2025-03-13 04:00,0.0
2025-03-13 04:15,0.0
2025-03-13 04:30,0.0
2025-03-13 04:45,0.0
2025-03-13 05:00,0.0
2025-03-13 05:15,0.0
2025-03-13 05:30,0.040399
2025-03-13 05:45,0.001005
2025-03-13 06:00,0.145304
2025-03-13 06:15,0.00991
2025-03-13 06:30,0.026417
2025-03-13 06:45,0.0
2025-03-13 07:00,0.00095
2025-03-13 07:15,0.002009
2025-03-13 07:30,0.0
2025-03-13 07:45,0.0
2025-03-13 08:00,0.0
2025-03-13 08:15,0.0
2025-03-13 08:30,0.041322
2025-03-13 08:45,0.020607
2025-03-13 09:00,0.0
2025-03-13 09:15,0.0
2025-03-13 09:30,0.0
2025-03-13 09:45,0.0
2025-03-13 10:00,0.0
2025-03-13 10:15,0.0
2025-03-13 10:30,0.0
2025-03-13 10:45,0.0
2025-03-13 11:00,0.0
2025-03-13 11:15,0.0
2025-03-13 11:30,0.0
2025-03-13 11:45,0.0
2025-03-13 12:00,0.0
2025-03-13 12:15,0.0
2025-03-13 12:30,0.0
2025-03-13 12:45,0.0
2025-03-13 13:00,0.0
2025-03-13 13:15,0.0
2025-03-13 13:30,0.0
2025-03-13 13:45,0.0
2025-03-13 14:00,0.0
2025-03-13 14:15,0.0
2025-03-13 14:30,0.0
2025-03-13 14:45,0.0
2025-03-13 15:00,0.00095
2025-03-13 15:15,0.0
2025-03-13 15:30,0.0
2025-03-13 15:45,0.0
2025-03-13 16:00,0.0
2025-03-13 16:15,0.0
2025-03-13 16:30,0.0
2025-03-13 16:45,0.0
2025-03-13 17:00,0.0
2025-03-13 17:15,0.0
2025-03-13 17:30,0.0
2025-03-13 17:45,0.0
2025-03-13 18:00,0.0
2025-03-13 18:15,0.0
2025-03-13 18:30,0.0
2025-03-13 18:45,0.0
2025-03-13 19:00,0.0
2025-03-13 19:15,0.0
2025-03-13 19:30,0.0
2025-03-13 19:45,0.0
2025-03-13 20:00,0.0
2025-03-13 20:15,0.0019
2025-03-13 20:30,0.0
2025-03-13 20:45,0.0
2025-03-13 21:00,0.0
2025-03-13 21:15,0.0
2025-03-13 21:30,0.0
2025-03-13 21:45,0.0
2025-03-13 22:00,0.0
2025-03-13 22:15,0.0
2025-03-13 22:30,0.0
2025-03-13 22:45,0.009448
2025-03-13 23:00,0.0
2025-03-13 23:15,0.0
2025-03-13 23:30,0.019059
2025-03-13 23:45,0.0
2025-03-14 00:00,0.045177
2025-03-14 00:15,0.06277
2025-03-14 00:30,0.019833
2025-03-14 00:45,0.001005
2025-03-14 01:00,0.010724
2025-03-14 01:15,0.0019
2025-03-14 01:30,0.063204
2025-03-14 01:45,0.021611
2025-03-14 02:00,0.024516
2025-03-14 02:15,0.0
2025-03-14 02:30,0.0
2025-03-14 02:45,0.00095
2025-03-14 03:00,0.0
2025-03-14 03:15,0.020607
2025-03-14 03:30,0.0
2025-03-14 03:45,0.0
2025-03-14 04:00,0.0
2025-03-14 04:15,0.008077
2025-03-14 04:30,0.045245
2025-03-14 04:45,0.0
2025-03-14 05:00,0.003801
2025-03-14 05:15,0.020607
2025-03-14 05:30,0.003095
2025-03-14 05:45,0.044064
2025-03-14 06:00,0.021611
2025-03-14 06:15,0.023349
2025-03-14 06:30,0.001005
2025-03-14 06:45,0.0019
2025-03-14 07:00,0.0
2025-03-14 07:15,0.06182
2025-03-14 07:30,0.0
2025-03-14 07:45,0.0
2025-03-14 08:00,0.0
2025-03-14 08:15,0.0
2025-03-14 08:30,0.0
2025-03-14 08:45,0.0
2025-03-14 09:00,0.0
2025-03-14 09:15,0.0
2025-03-14 09:30,0.0
2025-03-14 09:45,0.0
2025-03-14 10:00,0.0
2025-03-14 10:15,0.0
2025-03-14 10:30,0.0
2025-03-14 10:45,0.0
2025-03-14 11:00,0.0
2025-03-14 11:15,0.005118
2025-03-14 11:30,0.0
2025-03-14 11:45,0.0
2025-03-14 12:00,0.0
2025-03-14 12:15,0.0
2025-03-14 12:30,0.016208
2025-03-14 12:45,0.0
2025-03-14 13:00,0.0
2025-03-14 13:15,0.0
2025-03-14 13:30,0.0
2025-03-14 13:45,0.0
2025-03-14 14:00,0.0
2025-03-14 14:15,0.0
2025-03-14 14:30,0.0
2025-03-14 14:45,0.0
2025-03-14 15:00,0.000869
2025-03-14 15:15,0.0
2025-03-14 15:30,0.0
2025-03-14 15:45,0.0
2025-03-14 16:00,0.0
2025-03-14 16:15,0.0
2025-03-14 16:30,0.0
2025-03-14 16:45,0.0
2025-03-14 17:00,0.0
2025-03-14 17:15,0.0
2025-03-14 17:30,0.0
2025-03-14 17:45,0.0
2025-03-14 18:00,0.0
2025-03-14 18:15,0.0
2025-03-14 18:30,0.0
2025-03-14 18:45,0.020661
2025-03-14 19:00,0.001005
2025-03-14 19:15,0.0
2025-03-14 19:30,0.0
2025-03-14 19:45,0.0
2025-03-14 20:00,0.0
2025-03-14 20:15,0.0
2025-03-14 20:30,0.0
2025-03-14 20:45,0.0
2025-03-14 21:00,0.0
2025-03-14 21:15,0.0
2025-03-14 21:30,0.0
2025-03-14 21:45,0.0
2025-03-14 22:00,0.0
2025-03-14 22:15,0.0
2025-03-14 22:30,0.0
2025-03-14 22:45,0.0
2025-03-14 23:00,0.0
2025-03-14 23:15,0.0
2025-03-14 23:30,0.0
2025-03-14 23:45,0.0
2025-03-15 00:00,0.0
2025-03-15 00:15,0.0
2025-03-15 00:30,0.0
2025-03-15 00:45,0.0
2025-03-15 01:00,0.0
2025-03-15 01:15,0.0
2025-03-15 01:30,0.0
2025-03-15 01:45,0.0
2025-03-15 02:00,0.0
2025-03-15 02:15,0.0
2025-03-15 02:30,0.0
2025-03-15 02:45,0.0
2025-03-15 03:00,0.0
2025-03-15 03:15,0.0
2025-03-15 03:30,0.0
2025-03-15 03:45,0.0
2025-03-15 04:00,0.0
2025-03-15 04:15,0.0
2025-03-15 04:30,0.0
2025-03-15 04:45,0.0
2025-03-15 05:00,0.0
2025-03-15 05:15,0.0
2025-03-15 05:30,0.0
2025-03-15 05:45,0.0
2025-03-15 06:00,0.0
2025-03-15 06:15,0.0
2025-03-15 06:30,0.0
2025-03-15 06:45,0.0
2025-03-15 07:00,0.0
2025-03-15 07:15,0.0
2025-03-15 07:30,0.0
2025-03-15 07:45,0.0
2025-03-15 08:00,0.0
2025-03-15 08:15,0.0
2025-03-15 08:30,0.0
2025-03-15 08:45,0.0
2025-03-15 09:00,0.0
2025-03-15 09:15,0.0
2025-03-15 09:30,0.0
2025-03-15 09:45,0.0
2025-03-15 10:00,0.0
2025-03-15 10:15,0.0
2025-03-15 10:30,0.0
2025-03-15 10:45,0.0
2025-03-15 11:00,0.0
2025-03-15 11:15,0.0
2025-03-15 11:30,0.0
2025-03-15 11:45,0.0
2025-03-15 12:00,0.0
2025-03-15 12:15,0.0
2025-03-15 12:30,0.0
2025-03-15 12:45,0.0
2025-03-15 13:00,0.0
2025-03-15 13:15,0.0
2025-03-15 13:30,0.0
2025-03-15 13:45,0.0
2025-03-15 14:00,0.0
2025-03-15 14:15,0.0
2025-03-15 14:30,0.0
2025-03-15 14:45,0.0
2025-03-15 15:00,0.0
2025-03-15 15:15,0.0
2025-03-15 15:30,0.0
2025-03-15 15:45,0.0
2025-03-15 16:00,0.0
2025-03-15 16:15,0.0
2025-03-15 16:30,0.0
2025-03-15 16:45,0.0
2025-03-15 17:00,0.0
2025-03-15 17:15,0.0
2025-03-15 17:30,0.0
2025-03-15 17:45,0.0
2025-03-15 18:00,0.0
2025-03-15 18:15,0.0
2025-03-15 18:30,0.0
2025-03-15 18:45,0.0
2025-03-15 19:00,0.0
2025-03-15 19:15,0.0
2025-03-15 19:30,0.0
2025-03-15 19:45,0.0
2025-03-15 20:00,0.0
2025-03-15 20:15,0.0
2025-03-15 20:30,0.0
2025-03-15 20:45,0.0
2025-03-15 21:00,0.0
2025-03-15 21:15,0.0
2025-03-15 21:30,0.0
2025-03-15 21:45,0.0
2025-03-15 22:00,0.0
2025-03-15 22:15,0.0
2025-03-15 22:30,0.0
2025-03-15 22:45,0.0
2025-03-15 23:00,0.0
2025-03-15 23:15,0.0
2025-03-15 23:30,0.0
2025-03-15 23:45,0.0
2025-03-16 00:00,0.0
2025-03-16 00:15,0.0
2025-03-16 00:30,0.0
2025-03-16 00:45,0.0
2025-03-16 01:00,0.0
2025-03-16 01:15,0.0
2025-03-16 01:30,0.0
2025-03-16 01:45,0.0
2025-03-16 02:00,0.0
2025-03-16 02:15,0.0
2025-03-16 02:30,0.0
2025-03-16 02:45,0.0
2025-03-16 03:00,0.0
2025-03-16 03:15,0.0
2025-03-16 03:30,0.0
2025-03-16 03:45,0.0
2025-03-16 04:00,0.0
2025-03-16 04:15,0.0
2025-03-16 04:30,0.0
2025-03-16 04:45,0.0
2025-03-16 05:00,0.0
2025-03-16 05:15,0.0
2025-03-16 05:30,0.0
2025-03-16 05:45,0.0
2025-03-16 06:00,0.0
2025-03-16 06:15,0.0
2025-03-16 06:30,0.0
2025-03-16 06:45,0.0
2025-03-16 07:00,0.0
2025-03-16 07:15,0.0
2025-03-16 07:30,0.0
2025-03-16 07:45,0.0
2025-03-16 08:00,0.0
2025-03-16 08:15,0.0
2025-03-16 08:30,0.0
2025-03-16 08:45,0.0
2025-03-16 09:00,0.0
2025-03-16 09:15,0.0
2025-03-16 09:30,0.0
2025-03-16 09:45,0.0
2025-03-16 10:00,0.0
2025-03-16 10:15,0.0
2025-03-16 10:30,0.0
2025-03-16 10:45,0.0
2025-03-16 11:00,0.0
2025-03-16 11:15,0.0
2025-03-16 11:30,0.0
2025-03-16 11:45,0.0
2025-03-16 12:00,0.0
2025-03-16 12:15,0.0
2025-03-16 12:30,0.0
2025-03-16 12:45,0.0
2025-03-16 13:00,0.0
2025-03-16 13:15,0.0
2025-03-16 13:30,0.0
2025-03-16 13:45,0.0
2025-03-16 14:00,0.0
2025-03-16 14:15,0.0
2025-03-16 14:30,0.0
2025-03-16 14:45,0.0
2025-03-16 15:00,0.0
2025-03-16 15:15,0.0
2025-03-16 15:30,0.0
2025-03-16 15:45,0.0
2025-03-16 16:00,0.0
2025-03-16 16:15,0.0
2025-03-16 16:30,0.0
2025-03-16 16:45,0.0
2025-03-16 17:00,0.0
2025-03-16 17:15,0.0
2025-03-16 17:30,0.0
2025-03-16 17:45,0.0
2025-03-16 18:00,0.0
2025-03-16 18:15,0.0
2025-03-16 18:30,0.0
2025-03-16 18:45,0.0
2025-03-16 19:00,0.0
2025-03-16 19:15,0.0
2025-03-16 19:30,0.0
2025-03-16 19:45,0.0
2025-03-16 20:00,0.0
2025-03-16 20:15,0.0
2025-03-16 20:30,0.0
2025-03-16 20:45,0.0
2025-03-16 21:00,0.0
2025-03-16 21:15,0.0
2025-03-16 21:30,0.0
2025-03-16 21:45,0.0
2025-03-16 22:00,0.0
2025-03-16 22:15,0.0
2025-03-16 22:30,0.0
2025-03-16 22:45,0.0
2025-03-16 23:00,0.041213
2025-03-16 23:15,0.020607
2025-03-16 23:30,0.002851
2025-03-16 23:45,0.020607
2025-03-17 00:00,0.0
2025-03-17 00:15,0.001955
2025-03-17 00:30,0.0
2025-03-17 00:45,0.003801
2025-03-17 01:00,0.0
2025-03-17 01:15,0.0
2025-03-17 01:30,0.0
2025-03-17 01:45,0.021557
2025-03-17 02:00,0.0
2025-03-17 02:15,0.0
2025-03-17 02:30,0.0
2025-03-17 02:45,0.0
2025-03-17 03:00,0.0
2025-03-17 03:15,0.0
2025-03-17 03:30,0.002009
2025-03-17 03:45,0.0
2025-03-17 04:00,0.00095
2025-03-17 04:15,0.083485
2025-03-17 04:30,0.0
2025-03-17 04:45,0.023566
2025-03-17 05:00,0.0
2025-03-17 05:15,0.058725
2025-03-17 05:30,0.06182
2025-03-17 05:45,0.0
2025-03-17 06:00,0.0
2025-03-17 06:15,0.002199
2025-03-17 06:30,0.002851
2025-03-17 06:45,0.0
2025-03-17 07:00,0.0
2025-03-17 07:15,0.0
2025-03-17 07:30,0.0019
2025-03-17 07:45,0.001005
2025-03-17 08:00,0.018774
2025-03-17 08:15,0.082426
2025-03-17 08:30,0.0
2025-03-17 08:45,0.0
2025-03-17 09:00,0.0
2025-03-17 09:15,0.0
2025-03-17 09:30,0.0
2025-03-17 09:45,0.0
2025-03-17 10:00,0.0
2025-03-17 10:15,0.0
2025-03-17 10:30,0.0
2025-03-17 10:45,0.0
2025-03-17 11:00,0.0
2025-03-17 11:15,0.00095
2025-03-17 11:30,0.0
2025-03-17 11:45,0.0
2025-03-17 12:00,0.0
2025-03-17 12:15,0.0
2025-03-17 12:30,0.0
2025-03-17 12:45,0.0
2025-03-17 13:00,0.0
2025-03-17 13:15,0.0
2025-03-17 13:30,0.0
2025-03-17 13:45,0.0
2025-03-17 14:00,0.0
2025-03-17 14:15,0.0
2025-03-17 14:30,0.0
2025-03-17 14:45,0.0
2025-03-17 15:00,0.0
2025-03-17 15:15,0.0
2025-03-17 15:30,0.0
2025-03-17 15:45,0.0
2025-03-17 16:00,0.0
2025-03-17 16:15,0.0
2025-03-17 16:30,0.0
2025-03-17 16:45,0.0
2025-03-17 17:00,0.0
2025-03-17 17:15,0.0
2025-03-17 17:30,0.0
2025-03-17 17:45,0.0
2025-03-17 18:00,0.0
2025-03-17 18:15,0.0
2025-03-17 18:30,0.0
2025-03-17 18:45,0.0
2025-03-17 19:00,0.0
2025-03-17 19:15,0.0
2025-03-17 19:30,0.0
2025-03-17 19:45,0.0
2025-03-17 20:00,0.0
2025-03-17 20:15,0.0
2025-03-17 20:30,0.0
2025-03-17 20:45,0.0
2025-03-17 21:00,0.000869
2025-03-17 21:15,0.0
2025-03-17 21:30,0.0
2025-03-17 21:45,0.105042
2025-03-17 22:00,0.020607
2025-03-17 22:15,0.0
2025-03-17 22:30,0.0019
2025-03-17 22:45,0.433959
2025-03-17 23:00,0.167241
2025-03-17 23:15,0.273708
2025-03-17 23:30,1.0
2025-03-17 23:45,0.375777
2025-03-18 00:00,0.0
2025-03-18 00:15,0.103033
2025-03-18 00:30,0.425312
2025-03-18 00:45,0.003692
2025-03-18 01:00,0.004805
2025-03-18 01:15,0.001005
2025-03-18 01:30,0.041213
2025-03-18 01:45,0.229224
2025-03-18 02:00,0.0
2025-03-18 02:15,0.103983
2025-03-18 02:30,0.0
2025-03-18 02:45,0.0
2025-03-18 03:00,0.0
2025-03-18 03:15,0.020607
2025-03-18 03:30,0.103033
2025-03-18 03:45,0.020607
2025-03-18 04:00,0.0
2025-03-18 04:15,0.0
2025-03-18 04:30,0.019059
2025-03-18 04:45,0.041213
2025-03-18 05:00,0.020607
2025-03-18 05:15,0.020607
2025-03-18 05:30,0.0
2025-03-18 05:45,0.0
2025-03-18 06:00,0.020607
2025-03-18 06:15,0.0
2025-03-18 06:30,0.0
2025-03-18 06:45,0.0
2025-03-18 07:00,0.18664
2025-03-18 07:15,0.053457
2025-03-18 07:30,0.016901
2025-03-18 07:45,0.0
2025-03-18 08:00,0.0
2025-03-18 08:15,0.0
2025-03-18 08:30,0.0
2025-03-18 08:45,0.0
2025-03-18 09:00,0.0
2025-03-18 09:15,0.0
2025-03-18 09:30,0.0
2025-03-18 09:45,0.0
2025-03-18 10:00,0.0
2025-03-18 10:15,0.0
2025-03-18 10:30,0.0
2025-03-18 10:45,0.0
2025-03-18 11:00,0.0
2025-03-18 11:15,0.0
2025-03-18 11:30,0.0
2025-03-18 11:45,0.0
2025-03-18 12:00,0.0
2025-03-18 12:15,0.025005
2025-03-18 12:30,0.0
2025-03-18 12:45,0.0
2025-03-18 13:00,0.0
2025-03-18 13:15,0.0
2025-03-18 13:30,0.0
2025-03-18 13:45,0.0
2025-03-18 14:00,0.0
2025-03-18 14:15,0.0
2025-03-18 14:30,0.0
2025-03-18 14:45,0.0
2025-03-18 15:00,0.0
2025-03-18 15:15,0.0
2025-03-18 15:30,0.0
2025-03-18 15:45,0.0
2025-03-18 16:00,0.0
2025-03-18 16:15,0.0
2025-03-18 16:30,0.0
2025-03-18 16:45,0.0
2025-03-18 17:00,0.0
2025-03-18 17:15,0.0
2025-03-18 17:30,0.0
2025-03-18 17:45,0.0
2025-03-18 18:00,0.0
2025-03-18 18:15,0.0
2025-03-18 18:30,0.0
2025-03-18 18:45,0.0
2025-03-18 19:00,0.0
2025-03-18 19:15,0.0
2025-03-18 19:30,0.0
2025-03-18 19:45,0.0
2025-03-18 20:00,0.0
2025-03-18 20:15,0.0
2025-03-18 20:30,0.0
2025-03-18 20:45,0.0
2025-03-18 21:00,0.0
2025-03-18 21:15,0.0
2025-03-18 21:30,0.0
2025-03-18 21:45,0.0
2025-03-18 22:00,0.0
2025-03-18 22:15,0.082426
2025-03-18 22:30,0.003801
2025-03-18 22:45,0.0
2025-03-18 23:00,0.0
2025-03-18 23:15,0.002932
2025-03-18 23:30,0.064928
2025-03-18 23:45,0.0
2025-03-19 00:00,0.002009
2025-03-19 00:00,0.006439
2025-03-19 00:15,0.0
2025-03-19 00:30,0.0
2025-03-19 00:45,0.010528
2025-03-19 01:00,0.13208
2025-03-19 01:15,0.008092
2025-03-19 01:30,0.006352
2025-03-19 01:45,0.063038
2025-03-19 02:00,0.06604
2025-03-19 02:15,0.0
2025-03-19 02:30,0.25894
2025-03-19 02:45,0.003045
2025-03-19 03:00,0.0
2025-03-19 03:15,0.0
2025-03-19 03:30,0.0
2025-03-19 03:45,0.0
2025-03-19 04:00,0.006091
2025-03-19 04:15,0.025755
2025-03-19 04:30,0.132428
2025-03-19 04:45,0.0
2025-03-19 05:00,0.015836
2025-03-19 05:15,0.0
2025-03-19 05:30,0.138171
2025-03-19 05:45,0.003045
2025-03-19 06:00,0.003219
2025-03-19 06:15,0.006091
2025-03-19 06:30,0.075176
2025-03-19 06:45,0.072479
2025-03-19 07:00,0.006091
2025-03-19 07:15,0.0
2025-03-19 07:30,0.13208
2025-03-19 07:45,0.0
2025-03-19 08:00,0.0
2025-03-19 08:15,0.0
2025-03-19 08:30,0.0
2025-03-19 08:45,0.0
2025-03-19 09:00,0.0
2025-03-19 09:15,0.0
2025-03-19 09:30,0.0
2025-03-19 09:45,0.0
2025-03-19 10:00,0.0
2025-03-19 10:15,0.0
2025-03-19 10:30,0.0
2025-03-19 10:45,0.0
2025-03-19 11:00,0.0
2025-03-19 11:15,0.0
2025-03-19 11:30,0.066214
2025-03-19 11:45,0.0
2025-03-19 12:00,0.0
2025-03-19 12:15,0.0
2025-03-19 12:30,0.0
2025-03-19 12:45,0.0
2025-03-19 13:00,0.0
2025-03-19 13:15,0.0
2025-03-19 13:30,0.0
2025-03-19 13:45,0.0
2025-03-19 14:00,0.0
2025-03-19 14:15,0.0
2025-03-19 14:30,0.0
2025-03-19 14:45,0.0
2025-03-19 15:00,0.0
2025-03-19 15:15,0.0
2025-03-19 15:30,0.0
2025-03-19 15:45,0.0
2025-03-19 16:00,0.0
2025-03-19 16:15,0.0
2025-03-19 16:30,0.0
2025-03-19 16:45,0.0
2025-03-19 17:00,0.0
2025-03-19 17:15,0.0
2025-03-19 17:30,0.0
2025-03-19 17:45,0.0
2025-03-19 18:00,0.0
2025-03-19 18:15,0.0
2025-03-19 18:30,0.0
2025-03-19 18:45,0.0
2025-03-19 19:00,0.0
2025-03-19 19:15,0.0
2025-03-19 19:30,0.0
2025-03-19 19:45,0.0
2025-03-19 20:00,0.0
2025-03-19 20:15,0.0
2025-03-19 20:30,0.0
2025-03-19 20:45,0.0
2025-03-19 21:00,0.0
2025-03-19 21:15,0.0
2025-03-19 21:30,0.0
2025-03-19 21:45,0.0
2025-03-19 22:00,0.0
2025-03-19 22:15,0.0
2025-03-19 22:30,0.0
2025-03-19 22:45,0.010876
2025-03-19 23:00,0.0
2025-03-19 23:15,0.06604
2025-03-19 23:30,0.003045
2025-03-19 23:45,0.06604
2025-03-20 00:00,0.136822
2025-03-20 00:15,0.07113
2025-03-20 00:30,0.0
2025-03-20 00:45,0.53798
2025-03-20 01:00,0.1353
2025-03-20 01:15,0.072305
2025-03-20 01:30,0.0
2025-03-20 01:45,0.0
2025-03-20 02:00,0.06604
2025-03-20 02:15,0.135126
2025-03-20 02:30,0.0
2025-03-20 02:45,0.0
2025-03-20 03:00,0.06343
2025-03-20 03:15,0.070782
2025-03-20 03:30,0.264857
2025-03-20 03:45,0.003045
2025-03-20 04:00,0.0
2025-03-20 04:15,0.13208
2025-03-20 04:30,0.003219
2025-03-20 04:45,0.06604
2025-03-20 05:00,0.003045
2025-03-20 05:15,0.0
2025-03-20 05:30,0.0
2025-03-20 05:45,0.003045
2025-03-20 06:00,0.06604
2025-03-20 06:15,0.0
2025-03-20 06:30,0.069434
2025-03-20 06:45,0.0
2025-03-20 07:00,0.0
2025-03-20 07:15,0.0
2025-03-20 07:30,0.0
2025-03-20 07:45,0.0
2025-03-20 08:00,0.0
2025-03-20 08:15,0.0
2025-03-20 08:30,0.0
2025-03-20 08:45,0.0
2025-03-20 09:00,0.0
2025-03-20 09:15,0.0
2025-03-20 09:30,0.0
2025-03-20 09:45,0.0
2025-03-20 10:00,0.0
2025-03-20 10:15,0.0
2025-03-20 10:30,0.0
2025-03-20 10:45,0.0
2025-03-20 11:00,0.0
2025-03-20 11:15,0.0
2025-03-20 11:30,0.0
2025-03-20 11:45,0.0
2025-03-20 12:00,0.0
2025-03-20 12:15,0.0
2025-03-20 12:30,0.0
2025-03-20 12:45,0.0
2025-03-20 13:00,0.0
2025-03-20 13:15,0.0
2025-03-20 13:30,0.0
2025-03-20 13:45,0.0
2025-03-20 14:00,0.0
2025-03-20 14:15,0.0
2025-03-20 14:30,0.0
2025-03-20 14:45,0.0
2025-03-20 15:00,0.0
2025-03-20 15:15,0.0
2025-03-20 15:30,0.0
2025-03-20 15:45,0.0
2025-03-20 16:00,0.0
2025-03-20 16:15,0.0
2025-03-20 16:30,0.0
2025-03-20 16:45,0.0
2025-03-20 17:00,0.0
2025-03-20 17:15,0.0
2025-03-20 17:30,0.0
2025-03-20 17:45,0.0
2025-03-20 18:00,0.0
2025-03-20 18:15,0.0
2025-03-20 18:30,0.0
2025-03-20 18:45,0.0
2025-03-20 19:00,0.0
2025-03-20 19:15,0.0
2025-03-20 19:30,0.0
2025-03-20 19:45,0.0
2025-03-20 20:00,0.0
2025-03-20 20:15,0.0
2025-03-20 20:30,0.0
2025-03-20 20:45,0.0
2025-03-20 21:00,0.13208
2025-03-20 21:15,0.0
2025-03-20 21:30,0.0
2025-03-20 21:45,0.0
2025-03-20 22:00,0.0
2025-03-20 22:15,0.0
2025-03-20 22:30,0.0
2025-03-20 22:45,0.0
2025-03-20 23:00,0.0
2025-03-20 23:15,0.0
2025-03-20 23:30,0.45854
2025-03-20 23:45,0.204124
2025-03-21 00:00,0.0
2025-03-21 00:15,0.0
2025-03-21 00:30,0.1353
2025-03-21 00:45,0.210824
2025-03-21 01:00,0.075698
2025-03-21 01:15,0.003219
2025-03-21 01:30,0.0
2025-03-21 01:45,0.069434
2025-03-21 02:00,0.0
2025-03-21 02:15,0.0
2025-03-21 02:30,0.0
2025-03-21 02:45,0.0
2025-03-21 03:00,0.264161
2025-03-21 03:15,0.198121
2025-03-21 03:30,0.0
2025-03-21 03:45,0.12686
2025-03-21 04:00,0.006091
2025-03-21 04:15,0.13208
2025-03-21 04:30,0.132428
2025-03-21 04:45,0.281911
2025-03-21 05:00,0.138867
2025-03-21 05:15,0.0
2025-03-21 05:30,0.0
2025-03-21 05:45,0.0
2025-03-21 06:00,0.006439
2025-03-21 06:15,0.0
2025-03-21 06:30,0.0
2025-03-21 06:45,0.0
2025-03-21 07:00,0.0
2025-03-21 07:15,0.003045
2025-03-21 07:30,0.066214
2025-03-21 07:45,0.0
2025-03-21 08:00,0.003219
2025-03-21 08:15,0.13208
2025-03-21 08:30,0.0
2025-03-21 08:45,0.0
2025-03-21 09:00,0.0
2025-03-21 09:15,0.0
2025-03-21 09:30,0.0
2025-03-21 09:45,0.0
2025-03-21 10:00,0.0
2025-03-21 10:15,0.0
2025-03-21 10:30,0.0
2025-03-21 10:45,0.0
2025-03-21 11:00,0.0
2025-03-21 11:15,0.0
2025-03-21 11:30,0.0
2025-03-21 11:45,0.0
2025-03-21 12:00,0.0
2025-03-21 12:15,0.006004
2025-03-21 12:30,0.0
2025-03-21 12:45,0.0
2025-03-21 13:00,0.0
2025-03-21 13:15,0.0
2025-03-21 13:30,0.0
2025-03-21 13:45,0.0
2025-03-21 14:00,0.0
2025-03-21 14:15,0.0
2025-03-21 14:30,0.0
2025-03-21 14:45,0.0
2025-03-21 15:00,0.0
2025-03-21 15:15,0.0
2025-03-21 15:30,0.0
2025-03-21 15:45,0.0
2025-03-21 16:00,0.0
2025-03-21 16:15,0.066214
2025-03-21 16:30,0.0
2025-03-21 16:45,0.0
2025-03-21 17:00,0.0
2025-03-21 17:15,0.0
2025-03-21 17:30,0.0
2025-03-21 17:45,0.0
2025-03-21 18:00,0.0
2025-03-21 18:15,0.0
2025-03-21 18:30,0.0
2025-03-21 18:45,0.0
2025-03-21 19:00,0.0
2025-03-21 19:15,0.0
2025-03-21 19:30,0.0
2025-03-21 19:45,0.0
2025-03-21 20:00,0.0
2025-03-21 20:15,0.0
2025-03-21 20:30,0.0
2025-03-21 20:45,0.0
2025-03-21 21:00,0.0
2025-03-21 21:15,0.0
2025-03-21 21:30,0.0
2025-03-21 21:45,0.0
2025-03-21 22:00,0.0
2025-03-21 22:15,0.0
2025-03-21 22:30,0.0
2025-03-21 22:45,0.0
2025-03-21 23:00,0.0
2025-03-21 23:15,0.0
2025-03-21 23:30,0.0
2025-03-21 23:45,0.0
2025-03-22 00:00,0.0
2025-03-22 00:15,0.0
2025-03-22 00:30,0.003567
2025-03-22 00:45,0.0
2025-03-22 01:00,0.0
2025-03-22 01:15,0.0
2025-03-22 01:30,0.0
2025-03-22 01:45,0.0
2025-03-22 02:00,0.0
2025-03-22 02:15,0.0
2025-03-22 02:30,0.0
2025-03-22 02:45,0.0
2025-03-22 03:00,0.0
2025-03-22 03:15,0.0
2025-03-22 03:30,0.0
2025-03-22 03:45,0.0
2025-03-22 04:00,0.0
2025-03-22 04:15,0.0
2025-03-22 04:30,0.0
2025-03-22 04:45,0.0
2025-03-22 05:00,0.0
2025-03-22 05:15,0.0
2025-03-22 05:30,0.0
2025-03-22 05:45,0.0
2025-03-22 06:00,0.0
2025-03-22 06:15,0.0
2025-03-22 06:30,0.0
2025-03-22 06:45,0.0
2025-03-22 07:00,0.0
2025-03-22 07:15,0.0
2025-03-22 07:30,0.0
2025-03-22 07:45,0.0
2025-03-22 08:00,0.0
2025-03-22 08:15,0.0
2025-03-22 08:30,0.0
2025-03-22 08:45,0.0
2025-03-22 09:00,0.0
2025-03-22 09:15,0.0
2025-03-22 09:30,0.0
2025-03-22 09:45,0.0
2025-03-22 10:00,0.0
2025-03-22 10:15,0.0
2025-03-22 10:30,0.0
2025-03-22 10:45,0.0
2025-03-22 11:00,0.0
2025-03-22 11:15,0.0
2025-03-22 11:30,0.0
2025-03-22 11:45,0.0
2025-03-22 12:00,0.0
2025-03-22 12:15,0.0
2025-03-22 12:30,0.0
2025-03-22 12:45,0.0
2025-03-22 13:00,0.0
2025-03-22 13:15,0.003219
2025-03-22 13:30,0.0
2025-03-22 13:45,0.0
2025-03-22 14:00,0.0
2025-03-22 14:15,0.0
2025-03-22 14:30,0.0
2025-03-22 14:45,0.0
2025-03-22 15:00,0.0
2025-03-22 15:15,0.0
2025-03-22 15:30,0.0
2025-03-22 15:45,0.0
2025-03-22 16:00,0.0
2025-03-22 16:15,0.0
2025-03-22 16:30,0.0
2025-03-22 16:45,0.0
2025-03-22 17:00,0.06604
2025-03-22 17:15,0.0
2025-03-22 17:30,0.0
2025-03-22 17:45,0.0
2025-03-22 18:00,0.0
2025-03-22 18:15,0.0
2025-03-22 18:30,0.0
2025-03-22 18:45,0.0
2025-03-22 19:00,0.0
2025-03-22 19:15,0.0
2025-03-22 19:30,0.0
2025-03-22 19:45,0.0
2025-03-22 20:00,0.0
2025-03-22 20:15,0.0
2025-03-22 20:30,0.0
2025-03-22 20:45,0.0
2025-03-22 21:00,0.0
2025-03-22 21:15,0.0
2025-03-22 21:30,0.0
2025-03-22 21:45,0.0
2025-03-22 22:00,0.0
2025-03-22 22:15,0.0
2025-03-22 22:30,0.0
2025-03-22 22:45,0.0
2025-03-22 23:00,0.0
2025-03-22 23:15,0.0
2025-03-22 23:30,0.0
2025-03-22 23:45,0.0
2025-03-23 00:00,0.0
2025-03-23 00:15,0.0
2025-03-23 00:30,0.0
2025-03-23 00:45,0.0
2025-03-23 01:00,0.0
2025-03-23 01:15,0.0
2025-03-23 01:30,0.0
2025-03-23 01:45,0.0
2025-03-23 02:00,0.0
2025-03-23 02:15,0.0
2025-03-23 02:30,0.0
2025-03-23 02:45,0.0
2025-03-23 03:00,0.0
2025-03-23 03:15,0.0
2025-03-23 03:30,0.0
2025-03-23 03:45,0.0
2025-03-23 04:00,0.0
2025-03-23 04:15,0.0
2025-03-23 04:30,0.0
2025-03-23 04:45,0.0
2025-03-23 05:00,0.0
2025-03-23 05:15,0.0
2025-03-23 05:30,0.0
2025-03-23 05:45,0.0
2025-03-23 06:00,0.0
2025-03-23 06:15,0.0
2025-03-23 06:30,0.0
2025-03-23 06:45,0.0
2025-03-23 07:00,0.0
2025-03-23 07:15,0.0
2025-03-23 07:30,0.0
2025-03-23 07:45,0.0
2025-03-23 08:00,0.0
2025-03-23 08:15,0.0
2025-03-23 08:30,0.0
2025-03-23 08:45,0.0
2025-03-23 09:00,0.0
2025-03-23 09:15,0.0
2025-03-23 09:30,0.0
2025-03-23 09:45,0.0
2025-03-23 10:00,0.0
2025-03-23 10:15,0.0
2025-03-23 10:30,0.0
2025-03-23 10:45,0.0
2025-03-23 11:00,0.0
2025-03-23 11:15,0.0
2025-03-23 11:30,0.0
2025-03-23 11:45,0.0
2025-03-23 12:00,0.0
2025-03-23 12:15,0.0
2025-03-23 12:30,0.0
2025-03-23 12:45,0.0
2025-03-23 13:00,0.0
2025-03-23 13:15,0.0
2025-03-23 13:30,0.0
2025-03-23 13:45,0.0
2025-03-23 14:00,0.0
2025-03-23 14:15,0.0
2025-03-23 14:30,0.0
2025-03-23 14:45,0.0
2025-03-23 15:00,0.0
2025-03-23 15:15,0.0
2025-03-23 15:30,0.0
2025-03-23 15:45,0.0
2025-03-23 16:00,0.0
2025-03-23 16:15,0.0
2025-03-23 16:30,0.0
2025-03-23 16:45,0.0
2025-03-23 17:00,0.0
2025-03-23 17:15,0.0
2025-03-23 17:30,0.0
2025-03-23 17:45,0.0
2025-03-23 18:00,0.0
2025-03-23 18:15,0.0
2025-03-23 18:30,0.0
2025-03-23 18:45,0.0
2025-03-23 19:00,0.0
2025-03-23 19:15,0.0
2025-03-23 19:30,0.0
2025-03-23 19:45,0.0
2025-03-23 20:00,0.0
2025-03-23 20:15,0.0
2025-03-23 20:30,0.0
2025-03-23 20:45,0.0
2025-03-23 21:00,0.0
2025-03-23 21:15,0.0
2025-03-23 21:30,0.0
2025-03-23 21:45,0.0
2025-03-23 22:00,0.0
2025-03-23 22:15,0.0
2025-03-23 22:30,0.00509
2025-03-23 22:45,0.0
2025-03-23 23:00,0.0
2025-03-23 23:15,0.13208
2025-03-23 23:30,0.287262
2025-03-23 23:45,0.061081
2025-03-24 00:00,0.0
2025-03-24 00:15,0.007613
2025-03-24 00:30,0.128644
2025-03-24 00:45,0.006091
2025-03-24 01:00,0.0
2025-03-24 01:15,0.07535
2025-03-24 01:30,0.0
2025-03-24 01:45,0.012877
2025-03-24 02:00,0.06604
2025-03-24 02:15,0.13208
2025-03-24 02:30,0.0
2025-03-24 02:45,0.0
2025-03-24 03:00,0.008135
2025-03-24 03:15,0.084051
2025-03-24 03:30,0.0
2025-03-24 03:45,0.067084
2025-03-24 04:00,0.0
2025-03-24 04:15,0.070782
2025-03-24 04:30,0.0
2025-03-24 04:45,0.006091
2025-03-24 05:00,0.003219
2025-03-24 05:15,0.14139
2025-03-24 05:30,0.0
2025-03-24 05:45,0.14139
2025-03-24 06:00,0.0
2025-03-24 06:15,0.0
2025-03-24 06:30,0.0
2025-03-24 06:45,1.0
2025-03-24 07:00,0.279561
2025-03-24 07:15,0.1353
2025-03-24 07:30,0.0
2025-03-24 07:45,0.018359
2025-03-24 08:00,0.03463
2025-03-24 08:15,0.015923
2025-03-24 08:30,0.013312
2025-03-24 08:45,0.0
2025-03-24 09:00,0.0
2025-03-24 09:15,0.0
2025-03-24 09:30,0.0
2025-03-24 09:45,0.0
2025-03-24 10:00,0.0
2025-03-24 10:15,0.0
2025-03-24 10:30,0.0
2025-03-24 10:45,0.0
2025-03-24 11:00,0.0
2025-03-24 11:15,0.0
2025-03-24 11:30,0.0
2025-03-24 11:45,0.0
2025-03-24 12:00,0.0
2025-03-24 12:15,0.0
2025-03-24 12:30,0.006352
2025-03-24 12:45,0.0
2025-03-24 13:00,0.0
2025-03-24 13:15,0.0
2025-03-24 13:30,0.0
2025-03-24 13:45,0.0
2025-03-24 14:00,0.0
2025-03-24 14:15,0.0
2025-03-24 14:30,0.0
2025-03-24 14:45,0.0
2025-03-24 15:00,0.0
2025-03-24 15:15,0.0
2025-03-24 15:30,0.0
2025-03-24 15:45,0.0
2025-03-24 16:00,0.0
2025-03-24 16:15,0.0
2025-03-24 16:30,0.0
2025-03-24 16:45,0.0
2025-03-24 17:00,0.0
2025-03-24 17:15,0.0
2025-03-24 17:30,0.0
2025-03-24 17:45,0.0
2025-03-24 18:00,0.0
2025-03-24 18:15,0.0
2025-03-24 18:30,0.0
2025-03-24 18:45,0.0
2025-03-24 19:00,0.0
2025-03-24 19:15,0.0
2025-03-24 19:30,0.0
2025-03-24 19:45,0.0
2025-03-24 20:00,0.0
2025-03-24 20:15,0.0
2025-03-24 20:30,0.0
2025-03-24 20:45,0.0
2025-03-24 21:00,0.0
2025-03-24 21:15,0.0
2025-03-24 21:30,0.0
2025-03-24 21:45,0.0
2025-03-24 22:00,0.0
2025-03-24 22:15,0.0
2025-03-24 22:30,0.00931
2025-03-24 22:45,0.0
2025-03-24 23:00,0.0
2025-03-24 23:15,0.0
2025-03-24 23:30,0.006091
2025-03-24 23:45,0.0
2025-03-25 00:00,0.006352
2025-03-25 00:15,0.003045
2025-03-25 00:30,0.0
2025-03-25 00:45,0.13208
2025-03-25 01:00,0.046246
2025-03-25 01:15,0.0
2025-03-25 01:30,0.0
2025-03-25 01:45,0.003219
2025-03-25 02:00,0.13208
2025-03-25 02:15,0.0
2025-03-25 02:30,0.0
2025-03-25 02:45,0.0
2025-03-25 03:00,0.0
2025-03-25 03:15,0.0
2025-03-25 03:30,0.012181
2025-03-25 03:45,0.0
2025-03-25 04:00,0.0
2025-03-25 04:15,0.0
2025-03-25 04:30,0.0
2025-03-25 04:45,0.0
2025-03-25 05:00,0.0
2025-03-25 05:15,0.0
2025-03-25 05:30,0.06604
2025-03-25 05:45,0.0
2025-03-25 06:00,0.003219
2025-03-25 06:15,0.0
2025-03-25 06:30,0.06604
2025-03-25 06:45,0.0
2025-03-25 07:00,0.0
2025-03-25 07:15,0.085617
2025-03-25 07:30,0.003045
2025-03-25 07:45,0.0
2025-03-25 08:00,0.117724
2025-03-25 08:15,0.0
2025-03-25 08:30,0.0
2025-03-25 08:45,0.0
2025-03-25 09:00,0.0
2025-03-25 09:15,0.0
2025-03-25 09:30,0.006439
2025-03-25 09:45,0.0
2025-03-25 10:00,0.0
2025-03-25 10:15,0.0
2025-03-25 10:30,0.0
2025-03-25 10:45,0.0
2025-03-25 11:00,0.005264
2025-03-25 11:15,0.0
2025-03-25 11:30,0.0
2025-03-25 11:45,0.0
2025-03-25 12:00,0.0
2025-03-25 12:15,0.0
2025-03-25 12:30,0.0
2025-03-25 12:45,0.0
2025-03-25 13:00,0.0
2025-03-25 13:15,0.0
2025-03-25 13:30,0.0
2025-03-25 13:45,0.0
2025-03-25 14:00,0.0
2025-03-25 14:15,0.0
2025-03-25 14:30,0.0
2025-03-25 14:45,0.0
2025-03-25 15:00,0.0
2025-03-25 15:15,0.0
2025-03-25 15:30,0.0
2025-03-25 15:45,0.0
2025-03-25 16:00,0.0
2025-03-25 16:15,0.0
2025-03-25 16:30,0.0
2025-03-25 16:45,0.0
2025-03-25 17:00,0.0
2025-03-25 17:15,0.0
2025-03-25 17:30,0.0
2025-03-25 17:45,0.0
2025-03-25 18:00,0.0
2025-03-25 18:15,0.0
2025-03-25 18:30,0.0
2025-03-25 18:45,0.0
2025-03-25 19:00,0.0
2025-03-25 19:15,0.0
2025-03-25 19:30,0.0
2025-03-25 19:45,0.0
2025-03-25 20:00,0.0
2025-03-25 20:15,0.0
2025-03-25 20:30,0.0
2025-03-25 20:45,0.0
2025-03-25 21:00,0.0
2025-03-25 21:15,0.0
2025-03-25 21:30,0.0
2025-03-25 21:45,0.0
2025-03-25 22:00,0.0
2025-03-25 22:15,0.0
2025-03-25 22:30,0.0
2025-03-25 22:45,0.0
2025-03-25 23:00,0.0
2025-03-25 23:15,0.0
2025-03-25 23:30,0.003045
2025-03-25 23:45,0.006265
2025-03-26 00:00,0.1353
2025-03-26 00:00,0.127271
2025-03-26 00:15,0.172696
2025-03-26 00:30,0.0
2025-03-26 00:45,0.003028
2025-03-26 01:00,0.186364
2025-03-26 01:15,0.0
2025-03-26 01:30,0.06961
2025-03-26 01:45,0.0
2025-03-26 02:00,0.002865
2025-03-26 02:15,0.006711
2025-03-26 02:30,0.003028
2025-03-26 02:45,0.124243
2025-03-26 03:00,0.0
2025-03-26 03:15,0.0
2025-03-26 03:30,0.053446
2025-03-26 03:45,0.003028
2025-03-26 04:00,0.005729
2025-03-26 04:15,0.0
2025-03-26 04:30,0.072311
2025-03-26 04:45,0.0
2025-03-26 05:00,0.0
2025-03-26 05:15,0.0
2025-03-26 05:30,0.0
2025-03-26 05:45,0.0
2025-03-26 06:00,0.252046
2025-03-26 06:15,0.011786
2025-03-26 06:30,0.003028
2025-03-26 06:45,0.0
2025-03-26 07:00,0.003028
2025-03-26 07:15,0.150147
2025-03-26 07:30,0.062121
2025-03-26 07:45,0.006057
2025-03-26 08:00,0.006057
2025-03-26 08:15,0.0
2025-03-26 08:30,0.0
2025-03-26 08:45,0.248486
2025-03-26 09:00,0.0
2025-03-26 09:15,0.0
2025-03-26 09:30,0.0
2025-03-26 09:45,0.0
2025-03-26 10:00,0.0
2025-03-26 10:15,0.0
2025-03-26 10:30,0.0
2025-03-26 10:45,0.0
2025-03-26 11:00,0.0
2025-03-26 11:15,0.0
2025-03-26 11:30,0.0
2025-03-26 11:45,0.0
2025-03-26 12:00,0.0
2025-03-26 12:15,0.0
2025-03-26 12:30,0.0
2025-03-26 12:45,0.0
2025-03-26 13:00,0.0
2025-03-26 13:15,0.0
2025-03-26 13:30,0.0
2025-03-26 13:45,0.0
2025-03-26 14:00,0.0
2025-03-26 14:15,0.0
2025-03-26 14:30,0.0
2025-03-26 14:45,0.0
2025-03-26 15:00,0.0
2025-03-26 15:15,0.0
2025-03-26 15:30,0.0
2025-03-26 15:45,0.0
2025-03-26 16:00,0.0
2025-03-26 16:15,0.0
2025-03-26 16:30,0.0
2025-03-26 16:45,0.0
2025-03-26 17:00,0.0
2025-03-26 17:15,0.0
2025-03-26 17:30,0.0
2025-03-26 17:45,0.0
2025-03-26 18:00,0.0
2025-03-26 18:15,0.0
2025-03-26 18:30,0.0
2025-03-26 18:45,0.0
2025-03-26 19:00,0.0
2025-03-26 19:15,0.0
2025-03-26 19:30,0.0
2025-03-26 19:45,0.0
2025-03-26 20:00,0.0
2025-03-26 20:15,0.0
2025-03-26 20:30,0.0
2025-03-26 20:45,0.0
2025-03-26 21:00,0.0
2025-03-26 21:15,0.0
2025-03-26 21:30,0.0
2025-03-26 21:45,0.0
2025-03-26 22:00,0.0
2025-03-26 22:15,0.0
2025-03-26 22:30,0.0
2025-03-26 22:45,0.0
2025-03-26 23:00,0.0
2025-03-26 23:15,0.0
2025-03-26 23:30,0.076117
2025-03-26 23:45,0.006016
2025-03-27 00:00,0.019479
2025-03-27 00:15,0.005729
2025-03-27 00:30,0.06515
2025-03-27 00:45,0.062285
2025-03-27 01:00,0.0
2025-03-27 01:15,0.187879
2025-03-27 01:30,0.0
2025-03-27 01:45,0.0
2025-03-27 02:00,0.0
2025-03-27 02:15,0.0
2025-03-27 02:30,0.0
2025-03-27 02:45,0.0
2025-03-27 03:00,0.0
2025-03-27 03:15,0.127108
2025-03-27 03:30,0.0
2025-03-27 03:45,0.0
2025-03-27 04:00,0.005975
2025-03-27 04:15,0.0
2025-03-27 04:30,0.0
2025-03-27 04:45,0.124243
2025-03-27 05:00,0.0
2025-03-27 05:15,0.02259
2025-03-27 05:30,0.0
2025-03-27 05:45,0.186528
2025-03-27 06:00,0.0
2025-03-27 06:15,0.062121
2025-03-27 06:30,0.0
2025-03-27 06:45,0.0
2025-03-27 07:00,0.0
2025-03-27 07:15,0.0
2025-03-27 07:30,0.0
2025-03-27 07:45,0.0
2025-03-27 08:00,0.018538
2025-03-27 08:15,0.0
2025-03-27 08:30,0.0
2025-03-27 08:45,0.0
2025-03-27 09:00,0.0
2025-03-27 09:15,0.0
2025-03-27 09:30,0.0
2025-03-27 09:45,0.0
2025-03-27 10:00,0.0
2025-03-27 10:15,0.0
2025-03-27 10:30,0.0
2025-03-27 10:45,0.0
2025-03-27 11:00,0.05451
2025-03-27 11:15,0.0
2025-03-27 11:30,0.0
2025-03-27 11:45,0.0
2025-03-27 12:00,0.0
2025-03-27 12:15,0.0
2025-03-27 12:30,0.0
2025-03-27 12:45,0.0
2025-03-27 13:00,0.0
2025-03-27 13:15,0.0
2025-03-27 13:30,0.0
2025-03-27 13:45,0.0
2025-03-27 14:00,0.0
2025-03-27 14:15,0.0
2025-03-27 14:30,0.0
2025-03-27 14:45,0.0
2025-03-27 15:00,0.0
2025-03-27 15:15,0.0
2025-03-27 15:30,0.0
2025-03-27 15:45,0.0
2025-03-27 16:00,0.0
2025-03-27 16:15,0.0
2025-03-27 16:30,0.0
2025-03-27 16:45,0.0
2025-03-27 17:00,0.0
2025-03-27 17:15,0.0
2025-03-27 17:30,0.0
2025-03-27 17:45,0.0
2025-03-27 18:00,0.0
2025-03-27 18:15,0.0
2025-03-27 18:30,0.0
2025-03-27 18:45,0.0
2025-03-27 19:00,0.0
2025-03-27 19:15,0.0
2025-03-27 19:30,0.0
2025-03-27 19:45,0.0
2025-03-27 20:00,0.0
2025-03-27 20:15,0.0
2025-03-27 20:30,0.0
2025-03-27 20:45,0.0
2025-03-27 21:00,0.0
2025-03-27 21:15,0.0
2025-03-27 21:30,0.0
2025-03-27 21:45,0.0
2025-03-27 22:00,0.0
2025-03-27 22:15,0.0
2025-03-27 22:30,0.006302
2025-03-27 22:45,0.0
2025-03-27 23:00,0.0
2025-03-27 23:15,0.0
2025-03-27 23:30,0.0
2025-03-27 23:45,0.014896
2025-03-28 00:00,0.313963
2025-03-28 00:15,0.458749
2025-03-28 00:30,0.0
2025-03-28 00:45,0.123588
2025-03-28 01:00,0.002374
2025-03-28 01:15,0.0
2025-03-28 01:30,0.002865
2025-03-28 01:45,0.036463
2025-03-28 02:00,0.0
2025-03-28 02:15,0.0
2025-03-28 02:30,0.0
2025-03-28 02:45,0.0
2025-03-28 03:00,0.0
2025-03-28 03:15,0.003028
2025-03-28 03:30,0.005729
2025-03-28 03:45,0.008266
2025-03-28 04:00,0.0
2025-03-28 04:15,0.248486
2025-03-28 04:30,0.137993
2025-03-28 04:45,0.0
2025-03-28 05:00,0.0
2025-03-28 05:15,0.005647
2025-03-28 05:30,0.074398
2025-03-28 05:45,0.317319
2025-03-28 06:00,0.022426
2025-03-28 06:15,0.124243
2025-03-28 06:30,0.0
2025-03-28 06:45,0.0
2025-03-28 07:00,0.011786
2025-03-28 07:15,0.0
2025-03-28 07:30,0.0
2025-03-28 07:45,0.0
2025-03-28 08:00,0.002865
2025-03-28 08:15,0.0
2025-03-28 08:30,0.0
2025-03-28 08:45,0.0
2025-03-28 09:00,0.0
2025-03-28 09:15,0.0
2025-03-28 09:30,0.0
2025-03-28 09:45,0.0
2025-03-28 10:00,0.0
2025-03-28 10:15,0.0
2025-03-28 10:30,0.0
2025-03-28 10:45,0.0
2025-03-28 11:00,0.0
2025-03-28 11:15,0.0
2025-03-28 11:30,0.0
2025-03-28 11:45,0.0
2025-03-28 12:00,0.0
2025-03-28 12:15,0.0
2025-03-28 12:30,0.0
2025-03-28 12:45,0.0
2025-03-28 13:00,0.0
2025-03-28 13:15,0.0
2025-03-28 13:30,0.0
2025-03-28 13:45,0.0
2025-03-28 14:00,0.0
2025-03-28 14:15,0.0
2025-03-28 14:30,0.0
2025-03-28 14:45,0.134719
2025-03-28 15:00,0.0
2025-03-28 15:15,0.0
2025-03-28 15:30,0.0
2025-03-28 15:45,0.0
2025-03-28 16:00,0.0
2025-03-28 16:15,0.0
2025-03-28 16:30,0.0
2025-03-28 16:45,0.0
2025-03-28 17:00,0.0
2025-03-28 17:15,0.0
2025-03-28 17:30,0.0
2025-03-28 17:45,0.01862
2025-03-28 18:00,0.003028
2025-03-28 18:15,0.005729
2025-03-28 18:30,0.0
2025-03-28 18:45,0.0
2025-03-28 19:00,0.0
2025-03-28 19:15,0.007448
2025-03-28 19:30,0.0
2025-03-28 19:45,0.0
2025-03-28 20:00,0.0
2025-03-28 20:15,0.0
2025-03-28 20:30,0.0
2025-03-28 20:45,0.0
2025-03-28 21:00,0.0
2025-03-28 21:15,0.0
2025-03-28 21:30,0.0
2025-03-28 21:45,0.0
2025-03-28 22:00,0.0
2025-03-28 22:15,0.0
2025-03-28 22:30,0.0
2025-03-28 22:45,0.0
2025-03-28 23:00,0.0
2025-03-28 23:15,0.0
2025-03-28 23:30,0.0
2025-03-28 23:45,0.0
2025-03-29 00:00,0.0
2025-03-29 00:15,0.0
2025-03-29 00:30,0.0
2025-03-29 00:45,0.0
2025-03-29 01:00,0.0
2025-03-29 01:15,0.0
2025-03-29 01:30,0.0
2025-03-29 01:45,0.0
2025-03-29 02:00,0.0
2025-03-29 02:15,0.0
2025-03-29 02:30,0.0
2025-03-29 02:45,0.0
2025-03-29 03:00,0.0
2025-03-29 03:15,0.0
2025-03-29 03:30,0.0
2025-03-29 03:45,0.0
2025-03-29 04:00,0.0
2025-03-29 04:15,0.0
2025-03-29 04:30,0.0
2025-03-29 04:45,0.0
2025-03-29 05:00,0.0
2025-03-29 05:15,0.0
2025-03-29 05:30,0.0
2025-03-29 05:45,0.0
2025-03-29 06:00,0.0
2025-03-29 06:15,0.0
2025-03-29 06:30,0.0
2025-03-29 06:45,0.0
2025-03-29 07:00,0.0
2025-03-29 07:15,0.0
2025-03-29 07:30,0.0
2025-03-29 07:45,0.0
2025-03-29 08:00,0.0
2025-03-29 08:15,0.0
2025-03-29 08:30,0.0
2025-03-29 08:45,0.0
2025-03-29 09:00,0.0
2025-03-29 09:15,0.0
2025-03-29 09:30,0.0
2025-03-29 09:45,0.0
2025-03-29 10:00,0.0
2025-03-29 10:15,0.0
2025-03-29 10:30,0.0
2025-03-29 10:45,0.0
2025-03-29 11:00,0.0
2025-03-29 11:15,0.0
2025-03-29 11:30,0.0
2025-03-29 11:45,0.0
2025-03-29 12:00,0.0
2025-03-29 12:15,0.0
2025-03-29 12:30,0.0
2025-03-29 12:45,0.0
2025-03-29 13:00,0.0
2025-03-29 13:15,0.0
2025-03-29 13:30,0.0
2025-03-29 13:45,0.0
2025-03-29 14:00,0.0
2025-03-29 14:15,0.0
2025-03-29 14:30,0.0
2025-03-29 14:45,0.0
2025-03-29 15:00,0.0
2025-03-29 15:15,0.0
2025-03-29 15:30,0.0
2025-03-29 15:45,0.0
2025-03-29 16:00,0.0
2025-03-29 16:15,0.0
2025-03-29 16:30,0.0
2025-03-29 16:45,0.0
2025-03-29 17:00,0.0
2025-03-29 17:15,0.0
2025-03-29 17:30,0.0
2025-03-29 17:45,0.0
2025-03-29 18:00,0.0
2025-03-29 18:15,0.0
2025-03-29 18:30,0.0
2025-03-29 18:45,0.0
2025-03-29 19:00,0.0
2025-03-29 19:15,0.0
2025-03-29 19:30,0.0
2025-03-29 19:45,0.0
2025-03-29 20:00,0.0
2025-03-29 20:15,0.0
2025-03-29 20:30,0.0
2025-03-29 20:45,0.124243
2025-03-29 21:00,0.0
2025-03-29 21:15,0.0
2025-03-29 21:30,0.0
2025-03-29 21:45,0.0
2025-03-29 22:00,0.0
2025-03-29 22:15,0.0
2025-03-29 22:30,0.0
2025-03-29 22:45,0.0
2025-03-29 23:00,0.0
2025-03-29 23:15,0.0
2025-03-29 23:30,0.0
2025-03-29 23:45,0.0
2025-03-30 00:00,0.0
2025-03-30 00:15,0.0
2025-03-30 00:30,0.0
2025-03-30 00:45,0.0
2025-03-30 01:00,0.0
2025-03-30 01:15,0.0
2025-03-30 01:30,0.0
2025-03-30 01:45,0.0
2025-03-30 02:00,0.0
2025-03-30 02:15,0.0
2025-03-30 02:30,0.0
2025-03-30 02:45,0.0
2025-03-30 03:00,0.0
2025-03-30 03:15,0.0
2025-03-30 03:30,0.0
2025-03-30 03:45,0.0
2025-03-30 04:00,0.0
2025-03-30 04:15,0.0
2025-03-30 04:30,0.0
2025-03-30 04:45,0.0
2025-03-30 05:00,0.0
2025-03-30 05:15,0.0
2025-03-30 05:30,0.0
2025-03-30 05:45,0.0
2025-03-30 06:00,0.0
2025-03-30 06:15,0.0
2025-03-30 06:30,0.0
2025-03-30 06:45,0.0
2025-03-30 07:00,0.0
2025-03-30 07:15,0.0
2025-03-30 07:30,0.0
2025-03-30 07:45,0.0
2025-03-30 08:00,0.0
2025-03-30 08:15,0.0
2025-03-30 08:30,0.0
2025-03-30 08:45,0.0
2025-03-30 09:00,0.0
2025-03-30 09:15,0.0
2025-03-30 09:30,0.0
2025-03-30 09:45,0.0
2025-03-30 10:00,0.0
2025-03-30 10:15,0.0
2025-03-30 10:30,0.0
2025-03-30 10:45,0.0
2025-03-30 11:00,0.0
2025-03-30 11:15,0.0
2025-03-30 11:30,0.0
2025-03-30 11:45,0.0
2025-03-30 12:00,0.0
2025-03-30 12:15,0.0
2025-03-30 12:30,0.0
2025-03-30 12:45,0.0
2025-03-30 13:00,0.0
2025-03-30 13:15,0.0
2025-03-30 13:30,0.0
2025-03-30 13:45,0.0
2025-03-30 14:00,0.0
2025-03-30 14:15,0.0
2025-03-30 14:30,0.0
2025-03-30 14:45,0.0
2025-03-30 15:00,0.0
2025-03-30 15:15,0.002374
2025-03-30 15:30,0.0
2025-03-30 15:45,0.0
2025-03-30 16:00,0.0
2025-03-30 16:15,0.0
2025-03-30 16:30,0.0
2025-03-30 16:45,0.0
2025-03-30 17:00,0.0
2025-03-30 17:15,0.0
2025-03-30 17:30,0.0
2025-03-30 17:45,0.0
2025-03-30 18:00,0.0
2025-03-30 18:15,0.0
2025-03-30 18:30,0.0
2025-03-30 18:45,0.0
2025-03-30 19:00,0.0
2025-03-30 19:15,0.0
2025-03-30 19:30,0.0
2025-03-30 19:45,0.0
2025-03-30 20:00,0.0
2025-03-30 20:15,0.0
2025-03-30 20:30,0.0
2025-03-30 20:45,0.0
2025-03-30 21:00,0.0
2025-03-30 21:15,0.0
2025-03-30 21:30,0.0
2025-03-30 21:45,0.0
2025-03-30 22:00,0.0
2025-03-30 22:15,0.0
2025-03-30 22:30,0.0
2025-03-30 22:45,0.0
2025-03-30 23:00,0.0
2025-03-30 23:15,0.020134
2025-03-30 23:30,1.0
2025-03-30 23:45,0.0
2025-03-31 00:00,0.0
2025-03-31 00:15,0.0
2025-03-31 00:30,0.06515
2025-03-31 00:45,0.0
2025-03-31 01:00,0.0
2025-03-31 01:15,0.0
2025-03-31 01:30,0.0
2025-03-31 01:45,0.0
2025-03-31 02:00,0.124243
2025-03-31 02:15,0.0
2025-03-31 02:30,0.020257
2025-03-31 02:45,0.0
2025-03-31 03:00,0.0
2025-03-31 03:15,0.0
2025-03-31 03:30,0.0
2025-03-31 03:45,0.1303
2025-03-31 04:00,0.062285
2025-03-31 04:15,0.0
2025-03-31 04:30,0.06515
2025-03-31 04:45,0.0
2025-03-31 05:00,0.0
2025-03-31 05:15,0.008921
2025-03-31 05:30,0.0
2025-03-31 05:45,0.0
2025-03-31 06:00,0.062121
2025-03-31 06:15,0.0
2025-03-31 06:30,0.003028
2025-03-31 06:45,0.003028
2025-03-31 07:00,0.003028
2025-03-31 07:15,0.062531
2025-03-31 07:30,0.0
2025-03-31 07:45,0.129972
2025-03-31 08:00,0.0
2025-03-31 08:15,0.024799
2025-03-31 08:30,0.0
2025-03-31 08:45,0.0
2025-03-31 09:00,0.0
2025-03-31 09:15,0.0
2025-03-31 09:30,0.0
2025-03-31 09:45,0.0
2025-03-31 10:00,0.0
2025-03-31 10:15,0.0
2025-03-31 10:30,0.0
2025-03-31 10:45,0.0
2025-03-31 11:00,0.0
2025-03-31 11:15,0.0
2025-03-31 11:30,0.0
2025-03-31 11:45,0.0
2025-03-31 12:00,0.0
2025-03-31 12:15,0.0
2025-03-31 12:30,0.0
2025-03-31 12:45,0.0
2025-03-31 13:00,0.0
2025-03-31 13:15,0.0
2025-03-31 13:30,0.0
2025-03-31 13:45,0.0
2025-03-31 14:00,0.0
2025-03-31 14:15,0.0
2025-03-31 14:30,0.0
2025-03-31 14:45,0.0
2025-03-31 15:00,0.0
2025-03-31 15:15,0.0
2025-03-31 15:30,0.0
2025-03-31 15:45,0.0
2025-03-31 16:00,0.0
2025-03-31 16:15,0.0
2025-03-31 16:30,0.0
2025-03-31 16:45,0.0
2025-03-31 17:00,0.0
2025-03-31 17:15,0.0
2025-03-31 17:30,0.0
2025-03-31 17:45,0.0
2025-03-31 18:00,0.0
2025-03-31 18:15,0.0
2025-03-31 18:30,0.0
2025-03-31 18:45,0.0
2025-03-31 19:00,0.0
2025-03-31 19:15,0.0
2025-03-31 19:30,0.0
2025-03-31 19:45,0.0
2025-03-31 20:00,0.0
2025-03-31 20:15,0.0
2025-03-31 20:30,0.0
2025-03-31 20:45,0.124243
2025-03-31 21:00,0.0
2025-03-31 21:15,0.0
2025-03-31 21:30,0.0
2025-03-31 21:45,0.0
2025-03-31 22:00,0.0
2025-03-31 22:15,0.0
2025-03-31 22:30,0.061017
2025-03-31 22:45,0.0
2025-03-31 23:00,0.003028
2025-03-31 23:15,0.008266
2025-03-31 23:30,0.262563
2025-03-31 23:45,0.005729
2025-04-01 00:00,0.0
2025-04-01 00:15,0.142331
2025-04-01 00:30,0.06515
2025-04-01 00:45,0.1303
2025-04-01 01:00,0.127271
2025-04-01 01:15,0.124243
2025-04-01 01:30,0.0
2025-04-01 01:45,0.0
2025-04-01 02:00,0.0
2025-04-01 02:15,0.0
2025-04-01 02:30,0.0
2025-04-01 02:45,0.049763
2025-04-01 03:00,0.0
2025-04-01 03:15,0.0
2025-04-01 03:30,0.005729
2025-04-01 03:45,0.0
2025-04-01 04:00,0.068342
2025-04-01 04:15,0.124243
2025-04-01 04:30,0.0
2025-04-01 04:45,0.0
2025-04-01 05:00,0.0
2025-04-01 05:15,0.004624
2025-04-01 05:30,0.0
2025-04-01 05:45,0.062121
2025-04-01 06:00,0.062121
2025-04-01 06:15,0.00622
2025-04-01 06:30,0.014651
2025-04-01 06:45,0.007325
2025-04-01 07:00,0.002865
2025-04-01 07:15,0.0
2025-04-01 07:30,0.0
2025-04-01 07:45,0.0
2025-04-01 08:00,0.0
2025-04-01 08:15,0.0
2025-04-01 08:30,0.0
2025-04-01 08:45,0.002865
2025-04-01 09:00,0.0
2025-04-01 09:15,0.0
2025-04-01 09:30,0.0
2025-04-01 09:45,0.0
2025-04-01 10:00,0.0
2025-04-01 10:15,0.0
2025-04-01 10:30,0.0
2025-04-01 10:45,0.006057
2025-04-01 11:00,0.0
2025-04-01 11:15,0.0
2025-04-01 11:30,0.0
2025-04-01 11:45,0.0
2025-04-01 12:00,0.0
2025-04-01 12:15,0.0
2025-04-01 12:30,0.0
2025-04-01 12:45,0.0
2025-04-01 13:00,0.0
2025-04-01 13:15,0.0
2025-04-01 13:30,0.0
2025-04-01 13:45,0.0
2025-04-01 14:00,0.0
2025-04-01 14:15,0.0
2025-04-01 14:30,0.0
2025-04-01 14:45,0.0
2025-04-01 15:00,0.0
2025-04-01 15:15,0.0
2025-04-01 15:30,0.0
2025-04-01 15:45,0.0
2025-04-01 16:00,0.0
2025-04-01 16:15,0.0
2025-04-01 16:30,0.0
2025-04-01 16:45,0.0
2025-04-01 17:00,0.0
2025-04-01 17:15,0.0
2025-04-01 17:30,0.0
2025-04-01 17:45,0.0
2025-04-01 18:00,0.0
2025-04-01 18:15,0.0
2025-04-01 18:30,0.0
2025-04-01 18:45,0.0
2025-04-01 19:00,0.0
2025-04-01 19:15,0.0
2025-04-01 19:30,0.0
2025-04-01 19:45,0.0
2025-04-01 20:00,0.0
2025-04-01 20:15,0.0
2025-04-01 20:30,0.0
2025-04-01 20:45,0.0
2025-04-01 21:00,0.0
2025-04-01 21:15,0.0
2025-04-01 21:30,0.0
2025-04-01 21:45,0.0
2025-04-01 22:00,0.0
2025-04-01 22:15,0.0
2025-04-01 22:30,0.003028
2025-04-01 22:45,0.0
2025-04-01 23:00,0.0
2025-04-01 23:15,0.0
2025-04-01 23:30,0.378458
2025-04-01 23:45,0.251514
2025-04-02 00:00,0.190498
2025-04-02 00:00,0.073312
2025-04-02 00:15,0.047814
2025-04-02 00:30,0.027403
2025-04-02 00:45,0.0
2025-04-02 01:00,0.0
2025-04-02 01:15,0.0
2025-04-02 01:30,0.002331
2025-04-02 01:45,0.0
2025-04-02 02:00,0.0
2025-04-02 02:15,0.026238
2025-04-02 02:30,0.0
2025-04-02 02:45,0.0
2025-04-02 03:00,0.0
2025-04-02 03:15,0.0
2025-04-02 03:30,0.0
2025-04-02 03:45,0.002457
2025-04-02 04:00,0.04794
2025-04-02 04:15,0.002268
2025-04-02 04:30,0.006741
2025-04-02 04:45,0.023907
2025-04-02 05:00,0.0
2025-04-02 05:15,0.029907
2025-04-02 05:30,0.0
2025-04-02 05:45,0.0
2025-04-02 06:00,0.001165
2025-04-02 06:15,0.046806
2025-04-02 06:30,0.01997
2025-04-02 06:45,0.023907
2025-04-02 07:00,0.025498
2025-04-02 07:15,0.023907
2025-04-02 07:30,0.002016
2025-04-02 07:45,0.0
2025-04-02 08:00,0.0
2025-04-02 08:15,0.0
2025-04-02 08:30,0.023907
2025-04-02 08:45,0.0
2025-04-02 09:00,0.047814
2025-04-02 09:15,0.0
2025-04-02 09:30,0.0
2025-04-02 09:45,0.0
2025-04-02 10:00,0.0
2025-04-02 10:15,0.0
2025-04-02 10:30,0.0
2025-04-02 10:45,0.0
2025-04-02 11:00,0.0
2025-04-02 11:15,0.0
2025-04-02 11:30,0.0
2025-04-02 11:45,0.0
2025-04-02 12:00,0.0
2025-04-02 12:15,0.0
2025-04-02 12:30,0.0
2025-04-02 12:45,0.0
2025-04-02 13:00,0.0
2025-04-02 13:15,0.002331
2025-04-02 13:30,0.0
2025-04-02 13:45,0.0
2025-04-02 14:00,0.0
2025-04-02 14:15,0.0
2025-04-02 14:30,0.0
2025-04-02 14:45,0.0
2025-04-02 15:00,0.0
2025-04-02 15:15,0.0
2025-04-02 15:30,0.0
2025-04-02 15:45,0.0
2025-04-02 16:00,0.0
2025-04-02 16:15,0.0
2025-04-02 16:30,0.0
2025-04-02 16:45,0.0
2025-04-02 17:00,0.0
2025-04-02 17:15,0.0
2025-04-02 17:30,0.0
2025-04-02 17:45,0.0
2025-04-02 18:00,0.001165
2025-04-02 18:15,0.0
2025-04-02 18:30,0.0
2025-04-02 18:45,0.0
2025-04-02 19:00,0.0
2025-04-02 19:15,0.0
2025-04-02 19:30,0.0
2025-04-02 19:45,0.0
2025-04-02 20:00,0.0
2025-04-02 20:15,0.0
2025-04-02 20:30,0.0
2025-04-02 20:45,0.0
2025-04-02 21:00,0.0
2025-04-02 21:15,0.0
2025-04-02 21:30,0.0
2025-04-02 21:45,0.005166
2025-04-02 22:00,0.0
2025-04-02 22:15,0.0
2025-04-02 22:30,0.0
2025-04-02 22:45,0.0
2025-04-02 23:00,0.002331
2025-04-02 23:15,0.015387
2025-04-02 23:30,0.0
2025-04-02 23:45,0.0
2025-04-03 00:00,0.050696
2025-04-03 00:15,0.002205
2025-04-03 00:30,0.048916
2025-04-03 00:45,0.0
2025-04-03 01:00,0.0
2025-04-03 01:15,0.071721
2025-04-03 01:30,0.027403
2025-04-03 01:45,0.0
2025-04-03 02:00,0.0
2025-04-03 02:15,0.0
2025-04-03 02:30,0.0
2025-04-03 02:45,0.004599
2025-04-03 03:00,0.002331
2025-04-03 03:15,0.050145
2025-04-03 03:30,0.001165
2025-04-03 03:45,0.020001
2025-04-03 04:00,0.001165
2025-04-03 04:15,0.026726
2025-04-03 04:30,0.089643
2025-04-03 04:45,0.002205
2025-04-03 05:00,0.021639
2025-04-03 05:15,0.002205
2025-04-03 05:30,0.0
2025-04-03 05:45,0.0
2025-04-03 06:00,0.0
2025-04-03 06:15,0.0
2025-04-03 06:30,0.002205
2025-04-03 06:45,0.071847
2025-04-03 07:00,0.0
2025-04-03 07:15,0.0
2025-04-03 07:30,0.001165
2025-04-03 07:45,0.0
2025-04-03 08:00,0.0
2025-04-03 08:15,0.0
2025-04-03 08:30,0.0
2025-04-03 08:45,0.00337
2025-04-03 09:00,0.0
2025-04-03 09:15,0.0
2025-04-03 09:30,0.023907
2025-04-03 09:45,0.0
2025-04-03 10:00,0.0
2025-04-03 10:15,0.0
2025-04-03 10:30,0.0
2025-04-03 10:45,0.0
2025-04-03 11:00,0.0
2025-04-03 11:15,0.0
2025-04-03 11:30,0.0
2025-04-03 11:45,0.0
2025-04-03 12:00,0.0
2025-04-03 12:15,0.0
2025-04-03 12:30,0.0
2025-04-03 12:45,0.0
2025-04-03 13:00,0.0
2025-04-03 13:15,0.0
2025-04-03 13:30,0.0
2025-04-03 13:45,0.0
2025-04-03 14:00,0.0
2025-04-03 14:15,0.0
2025-04-03 14:30,0.0
2025-04-03 14:45,0.0
2025-04-03 15:00,0.0
2025-04-03 15:15,0.0
2025-04-03 15:30,0.0
2025-04-03 15:45,0.0
2025-04-03 16:00,0.02397
2025-04-03 16:15,0.0
2025-04-03 16:30,0.0
2025-04-03 16:45,0.0
2025-04-03 17:00,0.0
2025-04-03 17:15,0.0
2025-04-03 17:30,0.0
2025-04-03 17:45,0.0
2025-04-03 18:00,0.0
2025-04-03 18:15,0.0
2025-04-03 18:30,0.0
2025-04-03 18:45,0.0
2025-04-03 19:00,0.0
2025-04-03 19:15,0.0
2025-04-03 19:30,0.0
2025-04-03 19:45,0.0
2025-04-03 20:00,0.0
2025-04-03 20:15,0.0
2025-04-03 20:30,0.0
2025-04-03 20:45,0.0
2025-04-03 21:00,0.047814
2025-04-03 21:15,0.0
2025-04-03 21:30,0.0
2025-04-03 21:45,0.095628
2025-04-03 22:00,0.0
2025-04-03 22:15,0.0
2025-04-03 22:30,0.02397
2025-04-03 22:45,0.191256
2025-04-03 23:00,0.242566
2025-04-03 23:15,1.0
2025-04-03 23:30,0.827517
2025-04-03 23:45,0.537089
2025-04-04 00:00,0.06561
2025-04-04 00:15,0.001165
2025-04-04 00:30,0.220297
2025-04-04 00:45,0.193713
2025-04-04 01:00,0.173664
2025-04-04 01:15,0.001165
2025-04-04 01:30,0.047814
2025-04-04 01:45,0.02397
2025-04-04 02:00,0.014158
2025-04-04 02:15,0.217494
2025-04-04 02:30,0.0
2025-04-04 02:45,0.0
2025-04-04 03:00,0.002331
2025-04-04 03:15,0.0
2025-04-04 03:30,0.04794
2025-04-04 03:45,0.484345
2025-04-04 04:00,0.001654
2025-04-04 04:15,0.2397
2025-04-04 04:30,0.0
2025-04-04 04:45,0.0
2025-04-04 05:00,0.010363
2025-04-04 05:15,0.0
2025-04-04 05:30,0.003433
2025-04-04 05:45,0.0
2025-04-04 06:00,0.02397
2025-04-04 06:15,0.0
2025-04-04 06:30,0.001102
2025-04-04 06:45,0.0
2025-04-04 07:00,0.0
2025-04-04 07:15,0.193713
2025-04-04 07:30,0.023907
2025-04-04 07:45,0.0
2025-04-04 08:00,0.001717
2025-04-04 08:15,0.0
2025-04-04 08:30,0.0
2025-04-04 08:45,0.023907
2025-04-04 09:00,0.0
2025-04-04 09:15,0.0
2025-04-04 09:30,0.0
2025-04-04 09:45,0.0
2025-04-04 10:00,0.0
2025-04-04 10:15,0.0
2025-04-04 10:30,0.0
2025-04-04 10:45,0.0
2025-04-04 11:00,0.0
2025-04-04 11:15,0.0
2025-04-04 11:30,0.0
2025-04-04 11:45,0.0
2025-04-04 12:00,0.0
2025-04-04 12:15,0.0
2025-04-04 12:30,0.0
2025-04-04 12:45,0.0
2025-04-04 13:00,0.0
2025-04-04 13:15,0.0
2025-04-04 13:30,0.0
2025-04-04 13:45,0.0
2025-04-04 14:00,0.0
2025-04-04 14:15,0.0
2025-04-04 14:30,0.0
2025-04-04 14:45,0.0
2025-04-04 15:00,0.0
2025-04-04 15:15,0.0
2025-04-04 15:30,0.0
2025-04-04 15:45,0.0
2025-04-04 16:00,0.0
2025-04-04 16:15,0.0
2025-04-04 16:30,0.0
2025-04-04 16:45,0.0
2025-04-04 17:00,0.0
2025-04-04 17:15,0.0
2025-04-04 17:30,0.0
2025-04-04 17:45,0.0
2025-04-04 18:00,0.0
2025-04-04 18:15,0.0
2025-04-04 18:30,0.0
2025-04-04 18:45,0.0
2025-04-04 19:00,0.047814
2025-04-04 19:15,0.0
2025-04-04 19:30,0.0
2025-04-04 19:45,0.0
2025-04-04 20:00,0.0
2025-04-04 20:15,0.0
2025-04-04 20:30,0.0
2025-04-04 20:45,0.0
2025-04-04 21:00,0.0
2025-04-04 21:15,0.0
2025-04-04 21:30,0.0
2025-04-04 21:45,0.0
2025-04-04 22:00,0.0
2025-04-04 22:15,0.0
2025-04-04 22:30,0.0
2025-04-04 22:45,0.0
2025-04-04 23:00,0.0
2025-04-04 23:15,0.0
2025-04-04 23:30,0.0
2025-04-04 23:45,0.0
2025-04-05 00:00,0.0
2025-04-05 00:15,0.0
2025-04-05 00:30,0.0
2025-04-05 00:45,0.0
2025-04-05 01:00,0.0
2025-04-05 01:15,0.0
2025-04-05 01:30,0.0
2025-04-05 01:45,0.0
2025-04-05 02:00,0.0
2025-04-05 02:15,0.027151
2025-04-05 02:30,0.0
2025-04-05 02:45,0.0
2025-04-05 03:00,0.0
2025-04-05 03:15,0.0
2025-04-05 03:30,0.0
2025-04-05 03:45,0.0
2025-04-05 04:00,0.0
2025-04-05 04:15,0.0
2025-04-05 04:30,0.0
2025-04-05 04:45,0.0
2025-04-05 05:00,0.0
2025-04-05 05:15,0.0
2025-04-05 05:30,0.0
2025-04-05 05:45,0.0
2025-04-05 06:00,0.0
2025-04-05 06:15,0.0
2025-04-05 06:30,0.0
2025-04-05 06:45,0.0
2025-04-05 07:00,0.0
2025-04-05 07:15,0.0
2025-04-05 07:30,0.0
2025-04-05 07:45,0.0
2025-04-05 08:00,0.0
2025-04-05 08:15,0.0
2025-04-05 08:30,0.0
2025-04-05 08:45,0.0
2025-04-05 09:00,0.0
2025-04-05 09:15,0.0
2025-04-05 09:30,0.0
2025-04-05 09:45,0.0
2025-04-05 10:00,0.0
2025-04-05 10:15,0.0
2025-04-05 10:30,0.0
2025-04-05 10:45,0.0
2025-04-05 11:00,0.0
2025-04-05 11:15,0.0
2025-04-05 11:30,0.0
2025-04-05 11:45,0.0
2025-04-05 12:00,0.0
2025-04-05 12:15,0.0
2025-04-05 12:30,0.0
2025-04-05 12:45,0.0
2025-04-05 13:00,0.0
2025-04-05 13:15,0.0
2025-04-05 13:30,0.0
2025-04-05 13:45,0.0
2025-04-05 14:00,0.0
2025-04-05 14:15,0.0
2025-04-05 14:30,0.0
2025-04-05 14:45,0.0
2025-04-05 15:00,0.0
2025-04-05 15:15,0.0
2025-04-05 15:30,0.0
2025-04-05 15:45,0.0
2025-04-05 16:00,0.0
2025-04-05 16:15,0.0
2025-04-05 16:30,0.0
2025-04-05 16:45,0.0
2025-04-05 17:00,0.0
2025-04-05 17:15,0.0
2025-04-05 17:30,0.0
2025-04-05 17:45,0.0
2025-04-05 18:00,0.0
2025-04-05 18:15,0.0
2025-04-05 18:30,0.0
2025-04-05 18:45,0.0
2025-04-05 19:00,0.0
2025-04-05 19:15,0.0
2025-04-05 19:30,0.0
2025-04-05 19:45,0.0
2025-04-05 20:00,0.0
2025-04-05 20:15,0.0
2025-04-05 20:30,0.0
2025-04-05 20:45,0.0
2025-04-05 21:00,0.0
2025-04-05 21:15,0.0
2025-04-05 21:30,0.0
2025-04-05 21:45,0.0
2025-04-05 22:00,0.0
2025-04-05 22:15,0.0
2025-04-05 22:30,0.0
2025-04-05 22:45,0.0
2025-04-05 23:00,0.0
2025-04-05 23:15,0.0
2025-04-05 23:30,0.0
2025-04-05 23:45,0.0
2025-04-06 00:00,0.0
2025-04-06 00:15,0.0
2025-04-06 00:30,0.0
2025-04-06 00:45,0.0
2025-04-06 01:00,0.0
2025-04-06 01:15,0.0
2025-04-06 01:30,0.0
2025-04-06 01:45,0.0
2025-04-06 02:00,0.0
2025-04-06 02:15,0.0
2025-04-06 02:30,0.0
2025-04-06 02:45,0.0
2025-04-06 03:00,0.0
2025-04-06 03:15,0.0
2025-04-06 03:30,0.0
2025-04-06 03:45,0.0
2025-04-06 04:00,0.0
2025-04-06 04:15,0.0
2025-04-06 04:30,0.0
2025-04-06 04:45,0.0
2025-04-06 05:00,0.0
2025-04-06 05:15,0.0
2025-04-06 05:30,0.0
2025-04-06 05:45,0.0
2025-04-06 06:00,0.002709
2025-04-06 06:15,0.0
2025-04-06 06:30,0.0
2025-04-06 06:45,0.0
2025-04-06 07:00,0.0
2025-04-06 07:15,0.0
2025-04-06 07:30,0.0
2025-04-06 07:45,0.0
2025-04-06 08:00,0.0
2025-04-06 08:15,0.0
2025-04-06 08:30,0.0
2025-04-06 08:45,0.0
2025-04-06 09:00,0.0
2025-04-06 09:15,0.0
2025-04-06 09:30,0.0
2025-04-06 09:45,0.0
2025-04-06 10:00,0.0
2025-04-06 10:15,0.0
2025-04-06 10:30,0.0
2025-04-06 10:45,0.0
2025-04-06 11:00,0.0
2025-04-06 11:15,0.0
2025-04-06 11:30,0.0
2025-04-06 11:45,0.0
2025-04-06 12:00,0.0
2025-04-06 12:15,0.0
2025-04-06 12:30,0.0
2025-04-06 12:45,0.0
2025-04-06 13:00,0.0
2025-04-06 13:15,0.0
2025-04-06 13:30,0.0
2025-04-06 13:45,0.0
2025-04-06 14:00,0.0
2025-04-06 14:15,0.0
2025-04-06 14:30,0.0
2025-04-06 14:45,0.0
2025-04-06 15:00,0.0
2025-04-06 15:15,0.0
2025-04-06 15:30,0.0
2025-04-06 15:45,0.0
2025-04-06 16:00,0.0
2025-04-06 16:15,0.0
2025-04-06 16:30,0.0
2025-04-06 16:45,0.0
2025-04-06 17:00,0.0
2025-04-06 17:15,0.0
2025-04-06 17:30,0.0
2025-04-06 17:45,0.0
2025-04-06 18:00,0.0
2025-04-06 18:15,0.0
2025-04-06 18:30,0.0
2025-04-06 18:45,0.0
2025-04-06 19:00,0.0
2025-04-06 19:15,0.0
2025-04-06 19:30,0.0
2025-04-06 19:45,0.0
2025-04-06 20:00,0.0
2025-04-06 20:15,0.0
2025-04-06 20:30,0.0
2025-04-06 20:45,0.0
2025-04-06 21:00,0.0
2025-04-06 21:15,0.0
2025-04-06 21:30,0.0
2025-04-06 21:45,0.0
2025-04-06 22:00,0.002016
2025-04-06 22:15,0.0
2025-04-06 22:30,0.0
2025-04-06 22:45,0.0
2025-04-06 23:00,0.0
2025-04-06 23:15,0.0
2025-04-06 23:30,0.0
2025-04-06 23:45,0.047814
2025-04-07 00:00,0.047814
2025-04-07 00:15,0.048979
2025-04-07 00:30,0.0
2025-04-07 00:45,0.146529
2025-04-07 01:00,0.0
2025-04-07 01:15,0.0
2025-04-07 01:30,0.095628
2025-04-07 01:45,0.0
2025-04-07 02:00,0.0
2025-04-07 02:15,0.0
2025-04-07 02:30,0.0
2025-04-07 02:45,0.0
2025-04-07 03:00,0.002205
2025-04-07 03:15,0.0
2025-04-07 03:30,0.047814
2025-04-07 03:45,0.075454
2025-04-07 04:00,0.002205
2025-04-07 04:15,0.0
2025-04-07 04:30,0.047814
2025-04-07 04:45,0.0
2025-04-07 05:00,0.0
2025-04-07 05:15,0.0
2025-04-07 05:30,0.002205
2025-04-07 05:45,0.0
2025-04-07 06:00,0.0
2025-04-07 06:15,0.191256
2025-04-07 06:30,0.0
2025-04-07 06:45,0.072036
2025-04-07 07:00,0.097833
2025-04-07 07:15,0.0
2025-04-07 07:30,0.0
2025-04-07 07:45,0.047814
2025-04-07 08:00,0.0
2025-04-07 08:15,0.0
2025-04-07 08:30,0.0
2025-04-07 08:45,0.0
2025-04-07 09:00,0.047814
2025-04-07 09:15,0.0
2025-04-07 09:30,0.0
2025-04-07 09:45,0.0
2025-04-07 10:00,0.0
2025-04-07 10:15,0.0
2025-04-07 10:30,0.0
2025-04-07 10:45,0.0
2025-04-07 11:00,0.0
2025-04-07 11:15,0.0
2025-04-07 11:30,0.0
2025-04-07 11:45,0.0
2025-04-07 12:00,0.0
2025-04-07 12:15,0.0
2025-04-07 12:30,0.0
2025-04-07 12:45,0.0
2025-04-07 13:00,0.0
2025-04-07 13:15,0.0
2025-04-07 13:30,0.0
2025-04-07 13:45,0.0
2025-04-07 14:00,0.0
2025-04-07 14:15,0.0
2025-04-07 14:30,0.0
2025-04-07 14:45,0.0
2025-04-07 15:00,0.0
2025-04-07 15:15,0.0
2025-04-07 15:30,0.0
2025-04-07 15:45,0.0
2025-04-07 16:00,0.0
2025-04-07 16:15,0.0
2025-04-07 16:30,0.0
2025-04-07 16:45,0.0
2025-04-07 17:00,0.0
2025-04-07 17:15,0.0
2025-04-07 17:30,0.0
2025-04-07 17:45,0.0
2025-04-07 18:00,0.0
2025-04-07 18:15,0.0
2025-04-07 18:30,0.0
2025-04-07 18:45,0.0
2025-04-07 19:00,0.0
2025-04-07 19:15,0.0
2025-04-07 19:30,0.0
2025-04-07 19:45,0.0
2025-04-07 20:00,0.0
2025-04-07 20:15,0.0
2025-04-07 20:30,0.0
2025-04-07 20:45,0.0
2025-04-07 21:00,0.0
2025-04-07 21:15,0.0
2025-04-07 21:30,0.0
2025-04-07 21:45,0.0
2025-04-07 22:00,0.0
2025-04-07 22:15,0.0
2025-04-07 22:30,0.0
2025-04-07 22:45,0.0
2025-04-07 23:00,0.0
2025-04-07 23:15,0.0
2025-04-07 23:30,0.095628
2025-04-07 23:45,0.001165
2025-04-08 00:00,0.049042
2025-04-08 00:15,0.0
2025-04-08 00:30,0.003307
2025-04-08 00:45,0.02397
2025-04-08 01:00,0.047027
2025-04-08 01:15,0.152041
2025-04-08 01:30,0.049042
2025-04-08 01:45,0.002205
2025-04-08 02:00,0.0
2025-04-08 02:15,0.0
2025-04-08 02:30,0.0
2025-04-08 02:45,0.0
2025-04-08 03:00,0.023907
2025-04-08 03:15,0.023907
2025-04-08 03:30,0.023907
2025-04-08 03:45,0.0
2025-04-08 04:00,0.0
2025-04-08 04:15,0.0
2025-04-08 04:30,0.017418
2025-04-08 04:45,0.0
2025-04-08 05:00,0.047814
2025-04-08 05:15,0.0
2025-04-08 05:30,0.0
2025-04-08 05:45,0.047814
2025-04-08 06:00,0.002205
2025-04-08 06:15,0.001291
2025-04-08 06:30,0.0
2025-04-08 06:45,0.002331
2025-04-08 07:00,0.0
2025-04-08 07:15,0.025072
2025-04-08 07:30,0.0
2025-04-08 07:45,0.006599
2025-04-08 08:00,0.0
2025-04-08 08:15,0.026175
2025-04-08 08:30,0.0
2025-04-08 08:45,0.047814
2025-04-08 09:00,0.0
2025-04-08 09:15,0.0
2025-04-08 09:30,0.001165
2025-04-08 09:45,0.0
2025-04-08 10:00,0.0
2025-04-08 10:15,0.0
2025-04-08 10:30,0.001165
2025-04-08 10:45,0.0
2025-04-08 11:00,0.0
2025-04-08 11:15,0.0
2025-04-08 11:30,0.047814
2025-04-08 11:45,0.0
2025-04-08 12:00,0.043247
2025-04-08 12:15,0.0
2025-04-08 12:30,0.0
2025-04-08 12:45,0.0
2025-04-08 13:00,0.0
2025-04-08 13:15,0.0
2025-04-08 13:30,0.0
2025-04-08 13:45,0.0
2025-04-08 14:00,0.0
2025-04-08 14:15,0.0
2025-04-08 14:30,0.0
2025-04-08 14:45,0.0
2025-04-08 15:00,0.0
2025-04-08 15:15,0.001165
2025-04-08 15:30,0.0
2025-04-08 15:45,0.0
2025-04-08 16:00,0.0
2025-04-08 16:15,0.0
2025-04-08 16:30,0.0
2025-04-08 16:45,0.0
2025-04-08 17:00,0.0
2025-04-08 17:15,0.0
2025-04-08 17:30,0.0
2025-04-08 17:45,0.0
2025-04-08 18:00,0.0
2025-04-08 18:15,0.0
2025-04-08 18:30,0.0
2025-04-08 18:45,0.0
2025-04-08 19:00,0.0
2025-04-08 19:15,0.0
2025-04-08 19:30,0.0
2025-04-08 19:45,0.0
2025-04-08 20:00,0.0
2025-04-08 20:15,0.0
2025-04-08 20:30,0.0
2025-04-08 20:45,0.0
2025-04-08 21:00,0.0
2025-04-08 21:15,0.0
2025-04-08 21:30,0.0
2025-04-08 21:45,0.0
2025-04-08 22:00,0.0
2025-04-08 22:15,0.0
2025-04-08 22:30,0.0
2025-04-08 22:45,0.025009
2025-04-08 23:00,0.023907
2025-04-08 23:15,0.026395
2025-04-08 23:30,0.003622
2025-04-08 23:45,0.144608
2025-04-09 00:00,0.0
2025-04-09 00:00,0.0
2025-04-09 00:15,0.090122
2025-04-09 00:30,0.256086
2025-04-09 00:45,0.016769
2025-04-09 01:00,0.005247
2025-04-09 01:15,0.171265
2025-04-09 01:30,0.0
2025-04-09 01:45,0.0
2025-04-09 02:00,0.004003
2025-04-09 02:15,0.004219
2025-04-09 02:30,0.0
2025-04-09 02:45,0.0
2025-04-09 03:00,0.003787
2025-04-09 03:15,0.022612
2025-04-09 03:30,0.0
2025-04-09 03:45,0.164232
2025-04-09 04:00,0.595261
2025-04-09 04:15,0.176241
2025-04-09 04:30,0.00779
2025-04-09 04:45,0.012658
2025-04-09 05:00,0.164232
2025-04-09 05:15,0.0
2025-04-09 05:30,0.007573
2025-04-09 05:45,0.0
2025-04-09 06:00,0.0
2025-04-09 06:15,0.172238
2025-04-09 06:30,0.164232
2025-04-09 06:45,0.008006
2025-04-09 07:00,0.164232
2025-04-09 07:15,0.086119
2025-04-09 07:30,0.0
2025-04-09 07:45,0.0
2025-04-09 08:00,0.085903
2025-04-09 08:15,0.0
2025-04-09 08:30,0.0
2025-04-09 08:45,0.082116
2025-04-09 09:00,0.0
2025-04-09 09:15,0.0
2025-04-09 09:30,0.0
2025-04-09 09:45,0.082116
2025-04-09 10:00,0.0
2025-04-09 10:15,0.0
2025-04-09 10:30,0.0
2025-04-09 10:45,0.0
2025-04-09 11:00,0.0
2025-04-09 11:15,0.0
2025-04-09 11:30,0.0
2025-04-09 11:45,0.0
2025-04-09 12:00,0.0
2025-04-09 12:15,0.0
2025-04-09 12:30,0.0
2025-04-09 12:45,0.0
2025-04-09 13:00,0.0
2025-04-09 13:15,0.0
2025-04-09 13:30,0.0
2025-04-09 13:45,0.0
2025-04-09 14:00,0.0
2025-04-09 14:15,0.0
2025-04-09 14:30,0.0
2025-04-09 14:45,0.0
2025-04-09 15:00,0.0
2025-04-09 15:15,0.0
2025-04-09 15:30,0.0
2025-04-09 15:45,0.0
2025-04-09 16:00,0.0
2025-04-09 16:15,0.0
2025-04-09 16:30,0.0
2025-04-09 16:45,0.0
2025-04-09 17:00,0.0
2025-04-09 17:15,0.0
2025-04-09 17:30,0.0
2025-04-09 17:45,0.0
2025-04-09 18:00,0.0
2025-04-09 18:15,0.0
2025-04-09 18:30,0.0
2025-04-09 18:45,0.0
2025-04-09 19:00,0.0
2025-04-09 19:15,0.0
2025-04-09 19:30,0.0
2025-04-09 19:45,0.0
2025-04-09 20:00,0.0
2025-04-09 20:15,0.0
2025-04-09 20:30,0.0
2025-04-09 20:45,0.0
2025-04-09 21:00,0.0
2025-04-09 21:15,0.0
2025-04-09 21:30,0.0
2025-04-09 21:45,0.0
2025-04-09 22:00,0.0
2025-04-09 22:15,0.0
2025-04-09 22:30,0.0
2025-04-09 22:45,0.0
2025-04-09 23:00,0.0
2025-04-09 23:15,0.0
2025-04-09 23:30,0.0
2025-04-09 23:45,0.0
2025-04-10 00:00,0.0
2025-04-10 00:15,0.012063
2025-04-10 00:30,0.082116
2025-04-10 00:45,0.004003
2025-04-10 01:00,0.0
2025-04-10 01:15,0.0
2025-04-10 01:30,0.083198
2025-04-10 01:45,0.0
2025-04-10 02:00,0.053933
2025-04-10 02:15,0.0
2025-04-10 02:30,0.0
2025-04-10 02:45,0.0
2025-04-10 03:00,0.0
2025-04-10 03:15,0.0
2025-04-10 03:30,0.082333
2025-04-10 03:45,0.120632
2025-04-10 04:00,0.0
2025-04-10 04:15,0.011468
2025-04-10 04:30,0.0
2025-04-10 04:45,0.0
2025-04-10 05:00,0.065347
2025-04-10 05:15,0.172238
2025-04-10 05:30,0.0
2025-04-10 05:45,0.0
2025-04-10 06:00,0.0
2025-04-10 06:15,0.500703
2025-04-10 06:30,0.344477
2025-04-10 06:45,0.0
2025-04-10 07:00,0.0
2025-04-10 07:15,1.0
2025-04-10 07:30,0.082116
2025-04-10 07:45,0.161744
2025-04-10 08:00,0.0
2025-04-10 08:15,0.0
2025-04-10 08:30,0.0
2025-04-10 08:45,0.003787
2025-04-10 09:00,0.0
2025-04-10 09:15,0.0
2025-04-10 09:30,0.0
2025-04-10 09:45,0.004003
2025-04-10 10:00,0.0
2025-04-10 10:15,0.0
2025-04-10 10:30,0.0
2025-04-10 10:45,0.0
2025-04-10 11:00,0.0
2025-04-10 11:15,0.0
2025-04-10 11:30,0.082333
2025-04-10 11:45,0.0
2025-04-10 12:00,0.0
2025-04-10 12:15,0.0
2025-04-10 12:30,0.0
2025-04-10 12:45,0.0
2025-04-10 13:00,0.164232
2025-04-10 13:15,0.0
2025-04-10 13:30,0.0
2025-04-10 13:45,0.0
2025-04-10 14:00,0.0
2025-04-10 14:15,0.0
2025-04-10 14:30,0.0
2025-04-10 14:45,0.0
2025-04-10 15:00,0.0
2025-04-10 15:15,0.0
2025-04-10 15:30,0.0
2025-04-10 15:45,0.0
2025-04-10 16:00,0.0
2025-04-10 16:15,0.0
2025-04-10 16:30,0.0
2025-04-10 16:45,0.0
2025-04-10 17:00,0.0
2025-04-10 17:15,0.0
2025-04-10 17:30,0.0
2025-04-10 17:45,0.0
2025-04-10 18:00,0.0
2025-04-10 18:15,0.0
2025-04-10 18:30,0.0
2025-04-10 18:45,0.0
2025-04-10 19:00,0.0
2025-04-10 19:15,0.0
2025-04-10 19:30,0.0
2025-04-10 19:45,0.0
2025-04-10 20:00,0.0
2025-04-10 20:15,0.0
2025-04-10 20:30,0.0
2025-04-10 20:45,0.0
2025-04-10 21:00,0.0
2025-04-10 21:15,0.0
2025-04-10 21:30,0.0
2025-04-10 21:45,0.0
2025-04-10 22:00,0.0
2025-04-10 22:15,0.0
2025-04-10 22:30,0.004003
2025-04-10 22:45,0.0
2025-04-10 23:00,0.0
2025-04-10 23:15,0.004003
2025-04-10 23:30,0.089689
2025-04-10 23:45,0.0
2025-04-11 00:00,0.00779
2025-04-11 00:15,0.004003
2025-04-11 00:30,0.0
2025-04-11 00:45,0.015363
2025-04-11 01:00,0.0
2025-04-11 01:15,0.283782
2025-04-11 01:30,0.0
2025-04-11 01:45,0.0
2025-04-11 02:00,0.0
2025-04-11 02:15,0.082116
2025-04-11 02:30,0.0
2025-04-11 02:45,0.0
2025-04-11 03:00,0.0
2025-04-11 03:15,0.0
2025-04-11 03:30,0.328465
2025-04-11 03:45,0.0
2025-04-11 04:00,0.0
2025-04-11 04:15,0.0
2025-04-11 04:30,0.42259
2025-04-11 04:45,0.0
2025-04-11 05:00,0.164232
2025-04-11 05:15,0.0
2025-04-11 05:30,0.003787
2025-04-11 05:45,0.492697
2025-04-11 06:00,0.0
2025-04-11 06:15,0.164232
2025-04-11 06:30,0.082116
2025-04-11 06:45,0.004003
2025-04-11 07:00,0.082116
2025-04-11 07:15,0.0
2025-04-11 07:30,0.0
2025-04-11 07:45,0.0
2025-04-11 08:00,0.0
2025-04-11 08:15,0.0
2025-04-11 08:30,0.0
2025-04-11 08:45,0.0
2025-04-11 09:00,0.0
2025-04-11 09:15,0.0
2025-04-11 09:30,0.0
2025-04-11 09:45,0.0
2025-04-11 10:00,0.006924
2025-04-11 10:15,0.0
2025-04-11 10:30,0.0
2025-04-11 10:45,0.0
2025-04-11 11:00,0.0
2025-04-11 11:15,0.0
2025-04-11 11:30,0.0
2025-04-11 11:45,0.0
2025-04-11 12:00,0.0
2025-04-11 12:15,0.004003
2025-04-11 12:30,0.164232
2025-04-11 12:45,0.004003
2025-04-11 13:00,0.0
2025-04-11 13:15,0.0
2025-04-11 13:30,0.0
2025-04-11 13:45,0.0
2025-04-11 14:00,0.0
2025-04-11 14:15,0.0
2025-04-11 14:30,0.0
2025-04-11 14:45,0.0
2025-04-11 15:00,0.0
2025-04-11 15:15,0.0
2025-04-11 15:30,0.0
2025-04-11 15:45,0.0
2025-04-11 16:00,0.0
2025-04-11 16:15,0.0
2025-04-11 16:30,0.0
2025-04-11 16:45,0.0
2025-04-11 17:00,0.0
2025-04-11 17:15,0.0
2025-04-11 17:30,0.0
2025-04-11 17:45,0.0
2025-04-11 18:00,0.0
2025-04-11 18:15,0.0
2025-04-11 18:30,0.0
2025-04-11 18:45,0.0
2025-04-11 19:00,0.0
2025-04-11 19:15,0.0
2025-04-11 19:30,0.0
2025-04-11 19:45,0.0
2025-04-11 20:00,0.0
2025-04-11 20:15,0.003787
2025-04-11 20:30,0.0
2025-04-11 20:45,0.0
2025-04-11 21:00,0.0
2025-04-11 21:15,0.0
2025-04-11 21:30,0.0
2025-04-11 21:45,0.0
2025-04-11 22:00,0.0
2025-04-11 22:15,0.0
2025-04-11 22:30,0.0
2025-04-11 22:45,0.0
2025-04-11 23:00,0.0
2025-04-11 23:15,0.0
2025-04-11 23:30,0.0
2025-04-11 23:45,0.0
2025-04-12 00:00,0.0
2025-04-12 00:15,0.0
2025-04-12 00:30,0.0
2025-04-12 00:45,0.0
2025-04-12 01:00,0.0
2025-04-12 01:15,0.0
2025-04-12 01:30,0.0
2025-04-12 01:45,0.0
2025-04-12 02:00,0.0
2025-04-12 02:15,0.0
2025-04-12 02:30,0.0
2025-04-12 02:45,0.0
2025-04-12 03:00,0.0
2025-04-12 03:15,0.0
2025-04-12 03:30,0.0
2025-04-12 03:45,0.0
2025-04-12 04:00,0.0
2025-04-12 04:15,0.0
2025-04-12 04:30,0.0
2025-04-12 04:45,0.0
2025-04-12 05:00,0.0
2025-04-12 05:15,0.0
2025-04-12 05:30,0.0
2025-04-12 05:45,0.0
2025-04-12 06:00,0.0
2025-04-12 06:15,0.0
2025-04-12 06:30,0.0
2025-04-12 06:45,0.0
2025-04-12 07:00,0.0
2025-04-12 07:15,0.0
2025-04-12 07:30,0.0
2025-04-12 07:45,0.0
2025-04-12 08:00,0.0
2025-04-12 08:15,0.0
2025-04-12 08:30,0.0
2025-04-12 08:45,0.0
2025-04-12 09:00,0.0
2025-04-12 09:15,0.0
2025-04-12 09:30,0.0
2025-04-12 09:45,0.0
2025-04-12 10:00,0.0
2025-04-12 10:15,0.0
2025-04-12 10:30,0.007573
2025-04-12 10:45,0.0
2025-04-12 11:00,0.0
2025-04-12 11:15,0.0
2025-04-12 11:30,0.0
2025-04-12 11:45,0.0
2025-04-12 12:00,0.0
2025-04-12 12:15,0.0
2025-04-12 12:30,0.0
2025-04-12 12:45,0.0
2025-04-12 13:00,0.0
2025-04-12 13:15,0.0
2025-04-12 13:30,0.0
2025-04-12 13:45,0.0
2025-04-12 14:00,0.0
2025-04-12 14:15,0.0
2025-04-12 14:30,0.0
2025-04-12 14:45,0.0
2025-04-12 15:00,0.0
2025-04-12 15:15,0.0
2025-04-12 15:30,0.0
2025-04-12 15:45,0.0
2025-04-12 16:00,0.0
2025-04-12 16:15,0.0
2025-04-12 16:30,0.0
2025-04-12 16:45,0.0
2025-04-12 17:00,0.0
2025-04-12 17:15,0.0
2025-04-12 17:30,0.0
2025-04-12 17:45,0.0
2025-04-12 18:00,0.0
2025-04-12 18:15,0.0
2025-04-12 18:30,0.0
2025-04-12 18:45,0.0
2025-04-12 19:00,0.0
2025-04-12 19:15,0.0
2025-04-12 19:30,0.0
2025-04-12 19:45,0.0
2025-04-12 20:00,0.0
2025-04-12 20:15,0.0
2025-04-12 20:30,0.0
2025-04-12 20:45,0.0
2025-04-12 21:00,0.0
2025-04-12 21:15,0.0
2025-04-12 21:30,0.0
2025-04-12 21:45,0.0
2025-04-12 22:00,0.0
2025-04-12 22:15,0.0
2025-04-12 22:30,0.0
2025-04-12 22:45,0.0
2025-04-12 23:00,0.0
2025-04-12 23:15,0.0
2025-04-12 23:30,0.0
2025-04-12 23:45,0.0
2025-04-13 00:00,0.0
2025-04-13 00:15,0.0
2025-04-13 00:30,0.0
2025-04-13 00:45,0.0
2025-04-13 01:00,0.0
2025-04-13 01:15,0.0
2025-04-13 01:30,0.0
2025-04-13 01:45,0.0
2025-04-13 02:00,0.0
2025-04-13 02:15,0.0
2025-04-13 02:30,0.0
2025-04-13 02:45,0.0
2025-04-13 03:00,0.0
2025-04-13 03:15,0.0
2025-04-13 03:30,0.0
2025-04-13 03:45,0.0
2025-04-13 04:00,0.0
2025-04-13 04:15,0.0
2025-04-13 04:30,0.0
2025-04-13 04:45,0.0
2025-04-13 05:00,0.0
2025-04-13 05:15,0.0
2025-04-13 05:30,0.0
2025-04-13 05:45,0.0
2025-04-13 06:00,0.0
2025-04-13 06:15,0.0
2025-04-13 06:30,0.0
2025-04-13 06:45,0.0
2025-04-13 07:00,0.0
2025-04-13 07:15,0.0
2025-04-13 07:30,0.0
2025-04-13 07:45,0.0
2025-04-13 08:00,0.0
2025-04-13 08:15,0.0
2025-04-13 08:30,0.0
2025-04-13 08:45,0.0
2025-04-13 09:00,0.0
2025-04-13 09:15,0.0
2025-04-13 09:30,0.0
2025-04-13 09:45,0.0
2025-04-13 10:00,0.0
2025-04-13 10:15,0.0
2025-04-13 10:30,0.0
2025-04-13 10:45,0.0
2025-04-13 11:00,0.0
2025-04-13 11:15,0.0
2025-04-13 11:30,0.0
2025-04-13 11:45,0.0
2025-04-13 12:00,0.0
2025-04-13 12:15,0.0
2025-04-13 12:30,0.0
2025-04-13 12:45,0.0
2025-04-13 13:00,0.0
2025-04-13 13:15,0.0
2025-04-13 13:30,0.0
2025-04-13 13:45,0.0
2025-04-13 14:00,0.0
2025-04-13 14:15,0.0
2025-04-13 14:30,0.0
2025-04-13 14:45,0.0
2025-04-13 15:00,0.0
2025-04-13 15:15,0.0
2025-04-13 15:30,0.0
2025-04-13 15:45,0.0
2025-04-13 16:00,0.0
2025-04-13 16:15,0.0
2025-04-13 16:30,0.0
2025-04-13 16:45,0.0
2025-04-13 17:00,0.0
2025-04-13 17:15,0.0
2025-04-13 17:30,0.0
2025-04-13 17:45,0.0
2025-04-13 18:00,0.0
2025-04-13 18:15,0.0
2025-04-13 18:30,0.0
2025-04-13 18:45,0.0
2025-04-13 19:00,0.0
2025-04-13 19:15,0.0
2025-04-13 19:30,0.0
2025-04-13 19:45,0.0
2025-04-13 20:00,0.0
2025-04-13 20:15,0.0
2025-04-13 20:30,0.0
2025-04-13 20:45,0.0
2025-04-13 21:00,0.0
2025-04-13 21:15,0.0
2025-04-13 21:30,0.0
2025-04-13 21:45,0.0
2025-04-13 22:00,0.0
2025-04-13 22:15,0.0
2025-04-13 22:30,0.003787
2025-04-13 22:45,0.0
2025-04-13 23:00,0.164232
2025-04-13 23:15,0.053284
2025-04-13 23:30,0.082333
2025-04-13 23:45,0.00779
2025-04-14 00:00,0.082116
2025-04-14 00:15,0.008006
2025-04-14 00:30,0.019799
2025-04-14 00:45,0.508926
2025-04-14 01:00,0.273721
2025-04-14 01:15,0.492697
2025-04-14 01:30,0.007573
2025-04-14 01:45,0.0
2025-04-14 02:00,0.004003
2025-04-14 02:15,0.0
2025-04-14 02:30,0.234448
2025-04-14 02:45,0.660933
2025-04-14 03:00,0.0
2025-04-14 03:15,0.0
2025-04-14 03:30,0.0
2025-04-14 03:45,0.32933
2025-04-14 04:00,0.014335
2025-04-14 04:15,0.082333
2025-04-14 04:30,0.087796
2025-04-14 04:45,0.0
2025-04-14 05:00,0.168235
2025-04-14 05:15,0.246349
2025-04-14 05:30,0.332251
2025-04-14 05:45,0.089527
2025-04-14 06:00,0.168235
2025-04-14 06:15,0.0
2025-04-14 06:30,0.008872
2025-04-14 06:45,0.0
2025-04-14 07:00,0.0
2025-04-14 07:15,0.004003
2025-04-14 07:30,0.003462
2025-04-14 07:45,0.0
2025-04-14 08:00,0.082333
2025-04-14 08:15,0.0
2025-04-14 08:30,0.0
2025-04-14 08:45,0.010603
2025-04-14 09:00,0.0
2025-04-14 09:15,0.0
2025-04-14 09:30,0.0
2025-04-14 09:45,0.0
2025-04-14 10:00,0.0
2025-04-14 10:15,0.164232
2025-04-14 10:30,0.0
2025-04-14 10:45,0.0
2025-04-14 11:00,0.0
2025-04-14 11:15,0.0
2025-04-14 11:30,0.0
2025-04-14 11:45,0.0
2025-04-14 12:00,0.0
2025-04-14 12:15,0.0
2025-04-14 12:30,0.0
2025-04-14 12:45,0.0
2025-04-14 13:00,0.0
2025-04-14 13:15,0.0
2025-04-14 13:30,0.0
2025-04-14 13:45,0.0
2025-04-14 14:00,0.0
2025-04-14 14:15,0.0
2025-04-14 14:30,0.0
2025-04-14 14:45,0.0
2025-04-14 15:00,0.0
2025-04-14 15:15,0.0
2025-04-14 15:30,0.0
2025-04-14 15:45,0.0
2025-04-14 16:00,0.0
2025-04-14 16:15,0.0
2025-04-14 16:30,0.0
2025-04-14 16:45,0.0
2025-04-14 17:00,0.0
2025-04-14 17:15,0.0
2025-04-14 17:30,0.0
2025-04-14 17:45,0.0
2025-04-14 18:00,0.0
2025-04-14 18:15,0.155144
2025-04-14 18:30,0.0
2025-04-14 18:45,0.0
2025-04-14 19:00,0.0
2025-04-14 19:15,0.0
2025-04-14 19:30,0.0
2025-04-14 19:45,0.0
2025-04-14 20:00,0.0
2025-04-14 20:15,0.0
2025-04-14 20:30,0.0
2025-04-14 20:45,0.0
2025-04-14 21:00,0.0
2025-04-14 21:15,0.0
2025-04-14 21:30,0.0
2025-04-14 21:45,0.0
2025-04-14 22:00,0.0
2025-04-14 22:15,0.0
2025-04-14 22:30,0.0
2025-04-14 22:45,0.164232
2025-04-14 23:00,0.086336
2025-04-14 23:15,0.039057
2025-04-14 23:30,0.168668
2025-04-14 23:45,0.418587
2025-04-15 00:00,0.042843
2025-04-15 00:15,0.086119
2025-04-15 00:30,0.008439
2025-04-15 00:45,0.0
2025-04-15 01:00,0.175538
2025-04-15 01:15,0.164232
2025-04-15 01:30,0.090122
2025-04-15 01:45,0.0
2025-04-15 02:00,0.0
2025-04-15 02:15,0.0
2025-04-15 02:30,0.0
2025-04-15 02:45,0.0
2025-04-15 03:00,0.0
2025-04-15 03:15,0.0
2025-04-15 03:30,0.164232
2025-04-15 03:45,0.006545
2025-04-15 04:00,0.0
2025-04-15 04:15,0.410581
2025-04-15 04:30,0.0
2025-04-15 04:45,0.004003
2025-04-15 05:00,0.0
2025-04-15 05:15,0.17754
2025-04-15 05:30,0.0
2025-04-15 05:45,0.0
2025-04-15 06:00,0.0
2025-04-15 06:15,0.0
2025-04-15 06:30,0.082116
2025-04-15 06:45,0.004003
2025-04-15 07:00,0.168235
2025-04-15 07:15,0.009467
2025-04-15 07:30,0.0
2025-04-15 07:45,0.015688
2025-04-15 08:00,0.046414
2025-04-15 08:15,0.004003
2025-04-15 08:30,0.0
2025-04-15 08:45,0.0
2025-04-15 09:00,0.0
2025-04-15 09:15,0.0
2025-04-15 09:30,0.004003
2025-04-15 09:45,0.0
2025-04-15 10:00,0.0
2025-04-15 10:15,0.0
2025-04-15 10:30,0.004003
2025-04-15 10:45,0.0
2025-04-15 11:00,0.0
2025-04-15 11:15,0.0
2025-04-15 11:30,0.005464
2025-04-15 11:45,0.0
2025-04-15 12:00,0.0
2025-04-15 12:15,0.0
2025-04-15 12:30,0.0
2025-04-15 12:45,0.0
2025-04-15 13:00,0.0
2025-04-15 13:15,0.0
2025-04-15 13:30,0.0
2025-04-15 13:45,0.0
2025-04-15 14:00,0.0
2025-04-15 14:15,0.0
2025-04-15 14:30,0.0
2025-04-15 14:45,0.0
2025-04-15 15:00,0.0
2025-04-15 15:15,0.168235
2025-04-15 15:30,0.0
2025-04-15 15:45,0.0
2025-04-15 16:00,0.004003
2025-04-15 16:15,0.0
2025-04-15 16:30,0.0
2025-04-15 16:45,0.0
2025-04-15 17:00,0.0
2025-04-15 17:15,0.004003
2025-04-15 17:30,0.0
2025-04-15 17:45,0.0
2025-04-15 18:00,0.0
2025-04-15 18:15,0.0
2025-04-15 18:30,0.0
2025-04-15 18:45,0.0
2025-04-15 19:00,0.082116
2025-04-15 19:15,0.005896
2025-04-15 19:30,0.0
2025-04-15 19:45,0.0
2025-04-15 20:00,0.0
2025-04-15 20:15,0.0
2025-04-15 20:30,0.0
2025-04-15 20:45,0.0
2025-04-15 21:00,0.0
2025-04-15 21:15,0.0
2025-04-15 21:30,0.0
2025-04-15 21:45,0.0
2025-04-15 22:00,0.0
2025-04-15 22:15,0.0
2025-04-15 22:30,0.0
2025-04-15 22:45,0.014281
2025-04-15 23:00,0.0
2025-04-15 23:15,0.0
2025-04-15 23:30,0.06632
2025-04-15 23:45,0.168235
2025-04-16 00:00,0.0
2025-04-16 00:00,0.0
2025-04-16 00:15,0.208493
2025-04-16 00:30,0.0
2025-04-16 00:45,0.0
2025-04-16 01:00,0.070223
2025-04-16 01:15,0.0
2025-04-16 01:30,0.067018
2025-04-16 01:45,0.005205
2025-04-16 02:00,0.001088
2025-04-16 02:15,0.0
2025-04-16 02:30,0.001088
2025-04-16 02:45,0.001088
2025-04-16 03:00,0.009322
2025-04-16 03:15,0.0
2025-04-16 03:30,0.0
2025-04-16 03:45,0.023408
2025-04-16 04:00,0.091337
2025-04-16 04:15,0.0
2025-04-16 04:30,0.001088
2025-04-16 04:45,0.0
2025-04-16 05:00,0.0
2025-04-16 05:15,0.0
2025-04-16 05:30,0.0
2025-04-16 05:45,0.09863
2025-04-16 06:00,0.15262
2025-04-16 06:15,0.0
2025-04-16 06:30,0.001088
2025-04-16 06:45,0.005558
2025-04-16 07:00,0.004661
2025-04-16 07:15,0.069017
2025-04-16 07:30,0.0
2025-04-16 07:45,0.0
2025-04-16 08:00,0.022378
2025-04-16 08:15,0.001485
2025-04-16 08:30,0.0
2025-04-16 08:45,0.0
2025-04-16 09:00,0.0
2025-04-16 09:15,0.00297
2025-04-16 09:30,0.0
2025-04-16 09:45,0.0
2025-04-16 10:00,0.0
2025-04-16 10:15,0.0
2025-04-16 10:30,0.0
2025-04-16 10:45,0.0
2025-04-16 11:00,0.0
2025-04-16 11:15,0.001088
2025-04-16 11:30,0.0
2025-04-16 11:45,0.0
2025-04-16 12:00,0.0
2025-04-16 12:15,0.0
2025-04-16 12:30,0.0
2025-04-16 12:45,0.0
2025-04-16 13:00,0.0
2025-04-16 13:15,0.0
2025-04-16 13:30,0.0
2025-04-16 13:45,0.0
2025-04-16 14:00,0.0
2025-04-16 14:15,0.022378
2025-04-16 14:30,0.0
2025-04-16 14:45,0.0
2025-04-16 15:00,0.0
2025-04-16 15:15,0.002632
2025-04-16 15:30,0.0
2025-04-16 15:45,0.0
2025-04-16 16:00,0.0
2025-04-16 16:15,0.0
2025-04-16 16:30,0.0
2025-04-16 16:45,0.0
2025-04-16 17:00,0.0
2025-04-16 17:15,0.0
2025-04-16 17:30,0.0
2025-04-16 17:45,0.0
2025-04-16 18:00,0.0
2025-04-16 18:15,0.0
2025-04-16 18:30,0.0
2025-04-16 18:45,0.0
2025-04-16 19:00,0.0
2025-04-16 19:15,0.0
2025-04-16 19:30,0.0
2025-04-16 19:45,0.0
2025-04-16 20:00,0.0
2025-04-16 20:15,0.0
2025-04-16 20:30,0.022378
2025-04-16 20:45,0.0
2025-04-16 21:00,0.0
2025-04-16 21:15,0.0
2025-04-16 21:30,0.0
2025-04-16 21:45,0.157325
2025-04-16 22:00,0.0
2025-04-16 22:15,0.003735
2025-04-16 22:30,0.0
2025-04-16 22:45,0.086249
2025-04-16 23:00,0.412486
2025-04-16 23:15,1.0
2025-04-16 23:30,0.342293
2025-04-16 23:45,0.458537
2025-04-17 00:00,0.270011
2025-04-17 00:15,0.024378
2025-04-17 00:30,0.068047
2025-04-17 00:45,0.568958
2025-04-17 01:00,0.023408
2025-04-17 01:15,0.071561
2025-04-17 01:30,0.022849
2025-04-17 01:45,0.001088
2025-04-17 02:00,0.006072
2025-04-17 02:15,0.0
2025-04-17 02:30,0.0
2025-04-17 02:45,0.487149
2025-04-17 03:00,0.091454
2025-04-17 03:15,0.291419
2025-04-17 03:30,0.027304
2025-04-17 03:45,0.136094
2025-04-17 04:00,0.066959
2025-04-17 04:15,0.004058
2025-04-17 04:30,0.179645
2025-04-17 04:45,0.157325
2025-04-17 05:00,0.002176
2025-04-17 05:15,0.0
2025-04-17 05:30,0.044639
2025-04-17 05:45,0.0
2025-04-17 06:00,0.044639
2025-04-17 06:15,0.02232
2025-04-17 06:30,0.02232
2025-04-17 06:45,0.024628
2025-04-17 07:00,0.001029
2025-04-17 07:15,0.177675
2025-04-17 07:30,0.003323
2025-04-17 07:45,0.0
2025-04-17 08:00,0.0
2025-04-17 08:15,0.026672
2025-04-17 08:30,0.0
2025-04-17 08:45,0.02232
2025-04-17 09:00,0.0
2025-04-17 09:15,0.002058
2025-04-17 09:30,0.0
2025-04-17 09:45,0.0
2025-04-17 10:00,0.0
2025-04-17 10:15,0.0
2025-04-17 10:30,0.0
2025-04-17 10:45,0.0
2025-04-17 11:00,0.0
2025-04-17 11:15,0.0
2025-04-17 11:30,0.0
2025-04-17 11:45,0.0
2025-04-17 12:00,0.0
2025-04-17 12:15,0.0
2025-04-17 12:30,0.0
2025-04-17 12:45,0.0
2025-04-17 13:00,0.0
2025-04-17 13:15,0.0
2025-04-17 13:30,0.0
2025-04-17 13:45,0.0
2025-04-17 14:00,0.0
2025-04-17 14:15,0.0
2025-04-17 14:30,0.0
2025-04-17 14:45,0.0
2025-04-17 15:00,0.0
2025-04-17 15:15,0.0
2025-04-17 15:30,0.0
2025-04-17 15:45,0.0
2025-04-17 16:00,0.0
2025-04-17 16:15,0.0
2025-04-17 16:30,0.0
2025-04-17 16:45,0.0
2025-04-17 17:00,0.0
2025-04-17 17:15,0.0
2025-04-17 17:30,0.0
2025-04-17 17:45,0.0
2025-04-17 18:00,0.0
2025-04-17 18:15,0.0
2025-04-17 18:30,0.0
2025-04-17 18:45,0.0
2025-04-17 19:00,0.0
2025-04-17 19:15,0.0
2025-04-17 19:30,0.0
2025-04-17 19:45,0.0
2025-04-17 20:00,0.0
2025-04-17 20:15,0.0
2025-04-17 20:30,0.0
2025-04-17 20:45,0.0
2025-04-17 21:00,0.0
2025-04-17 21:15,0.0
2025-04-17 21:30,0.0
2025-04-17 21:45,0.0
2025-04-17 22:00,0.0
2025-04-17 22:15,0.0
2025-04-17 22:30,0.0
2025-04-17 22:45,0.0
2025-04-17 23:00,0.0
2025-04-17 23:15,0.0
2025-04-17 23:30,0.0
2025-04-17 23:45,0.0
2025-04-18 00:00,0.001029
2025-04-18 00:15,0.0
2025-04-18 00:30,0.0
2025-04-18 00:45,0.0
2025-04-18 01:00,0.001029
2025-04-18 01:15,0.0015
2025-04-18 01:30,0.0
2025-04-18 01:45,0.0
2025-04-18 02:00,0.0
2025-04-18 02:15,0.0
2025-04-18 02:30,0.0
2025-04-18 02:45,0.048756
2025-04-18 03:00,0.0
2025-04-18 03:15,0.0
2025-04-18 03:30,0.0
2025-04-18 03:45,0.0
2025-04-18 04:00,0.002058
2025-04-18 04:15,0.024496
2025-04-18 04:30,0.001088
2025-04-18 04:45,0.02232
2025-04-18 05:00,0.006558
2025-04-18 05:15,0.02232
2025-04-18 05:30,0.028995
2025-04-18 05:45,0.002176
2025-04-18 06:00,0.020879
2025-04-18 06:15,0.002058
2025-04-18 06:30,0.0
2025-04-18 06:45,0.002058
2025-04-18 07:00,0.0
2025-04-18 07:15,0.00172
2025-04-18 07:30,0.0
2025-04-18 07:45,0.0
2025-04-18 08:00,0.0
2025-04-18 08:15,0.0
2025-04-18 08:30,0.0
2025-04-18 08:45,0.0
2025-04-18 09:00,0.0
2025-04-18 09:15,0.0
2025-04-18 09:30,0.0
2025-04-18 09:45,0.0
2025-04-18 10:00,0.0
2025-04-18 10:15,0.0
2025-04-18 10:30,0.0
2025-04-18 10:45,0.0
2025-04-18 11:00,0.0
2025-04-18 11:15,0.0
2025-04-18 11:30,0.0
2025-04-18 11:45,0.0
2025-04-18 12:00,0.0
2025-04-18 12:15,0.0
2025-04-18 12:30,0.0
2025-04-18 12:45,0.0
2025-04-18 13:00,0.0
2025-04-18 13:15,0.0
2025-04-18 13:30,0.0
2025-04-18 13:45,0.0
2025-04-18 14:00,0.0
2025-04-18 14:15,0.0
2025-04-18 14:30,0.0
2025-04-18 14:45,0.0
2025-04-18 15:00,0.0
2025-04-18 15:15,0.0
2025-04-18 15:30,0.0
2025-04-18 15:45,0.0
2025-04-18 16:00,0.0
2025-04-18 16:15,0.0
2025-04-18 16:30,0.0
2025-04-18 16:45,0.0
2025-04-18 17:00,0.0
2025-04-18 17:15,0.0
2025-04-18 17:30,0.0
2025-04-18 17:45,0.0
2025-04-18 18:00,0.0
2025-04-18 18:15,0.0
2025-04-18 18:30,0.0
2025-04-18 18:45,0.0
2025-04-18 19:00,0.0
2025-04-18 19:15,0.0
2025-04-18 19:30,0.0
2025-04-18 19:45,0.0
2025-04-18 20:00,0.0
2025-04-18 20:15,0.0
2025-04-18 20:30,0.0
2025-04-18 20:45,0.0
2025-04-18 21:00,0.0
2025-04-18 21:15,0.0
2025-04-18 21:30,0.0
2025-04-18 21:45,0.0
2025-04-18 22:00,0.0
2025-04-18 22:15,0.0
2025-04-18 22:30,0.0
2025-04-18 22:45,0.0
2025-04-18 23:00,0.0
2025-04-18 23:15,0.0
2025-04-18 23:30,0.0
2025-04-18 23:45,0.0
2025-04-19 00:00,0.0
2025-04-19 00:15,0.0
2025-04-19 00:30,0.0
2025-04-19 00:45,0.0
2025-04-19 01:00,0.0
2025-04-19 01:15,0.0
2025-04-19 01:30,0.0
2025-04-19 01:45,0.0
2025-04-19 02:00,0.0
2025-04-19 02:15,0.0
2025-04-19 02:30,0.0
2025-04-19 02:45,0.0
2025-04-19 03:00,0.0
2025-04-19 03:15,0.0
2025-04-19 03:30,0.0
2025-04-19 03:45,0.0
2025-04-19 04:00,0.0
2025-04-19 04:15,0.0
2025-04-19 04:30,0.0
2025-04-19 04:45,0.0
2025-04-19 05:00,0.044639
2025-04-19 05:15,0.0
2025-04-19 05:30,0.0
2025-04-19 05:45,0.0
2025-04-19 06:00,0.0
2025-04-19 06:15,0.001088
2025-04-19 06:30,0.0
2025-04-19 06:45,0.0
2025-04-19 07:00,0.0
2025-04-19 07:15,0.0
2025-04-19 07:30,0.0
2025-04-19 07:45,0.0
2025-04-19 08:00,0.0
2025-04-19 08:15,0.0
2025-04-19 08:30,0.0
2025-04-19 08:45,0.0
2025-04-19 09:00,0.0
2025-04-19 09:15,0.0
2025-04-19 09:30,0.0
2025-04-19 09:45,0.0
2025-04-19 10:00,0.0
2025-04-19 10:15,0.0
2025-04-19 10:30,0.0
2025-04-19 10:45,0.0
2025-04-19 11:00,0.0
2025-04-19 11:15,0.0
2025-04-19 11:30,0.0
2025-04-19 11:45,0.0
2025-04-19 12:00,0.0
2025-04-19 12:15,0.0
2025-04-19 12:30,0.0
2025-04-19 12:45,0.0
2025-04-19 13:00,0.0
2025-04-19 13:15,0.0
2025-04-19 13:30,0.0
2025-04-19 13:45,0.0
2025-04-19 14:00,0.0
2025-04-19 14:15,0.0
2025-04-19 14:30,0.0
2025-04-19 14:45,0.0
2025-04-19 15:00,0.0
2025-04-19 15:15,0.0
2025-04-19 15:30,0.0
2025-04-19 15:45,0.0
2025-04-19 16:00,0.0
2025-04-19 16:15,0.0
2025-04-19 16:30,0.0
2025-04-19 16:45,0.0
2025-04-19 17:00,0.0
2025-04-19 17:15,0.0
2025-04-19 17:30,0.0
2025-04-19 17:45,0.0
2025-04-19 18:00,0.0
2025-04-19 18:15,0.0
2025-04-19 18:30,0.0
2025-04-19 18:45,0.0
2025-04-19 19:00,0.0
2025-04-19 19:15,0.0
2025-04-19 19:30,0.0
2025-04-19 19:45,0.0
2025-04-19 20:00,0.0
2025-04-19 20:15,0.0
2025-04-19 20:30,0.0
2025-04-19 20:45,0.0
2025-04-19 21:00,0.0
2025-04-19 21:15,0.0
2025-04-19 21:30,0.0
2025-04-19 21:45,0.0
2025-04-19 22:00,0.0
2025-04-19 22:15,0.0
2025-04-19 22:30,0.0
2025-04-19 22:45,0.0
2025-04-19 23:00,0.0
2025-04-19 23:15,0.0
2025-04-19 23:30,0.0
2025-04-19 23:45,0.0
2025-04-20 00:00,0.0
2025-04-20 00:15,0.0
2025-04-20 00:30,0.0
2025-04-20 00:45,0.0
2025-04-20 01:00,0.0
2025-04-20 01:15,0.0
2025-04-20 01:30,0.0
2025-04-20 01:45,0.0
2025-04-20 02:00,0.0
2025-04-20 02:15,0.0
2025-04-20 02:30,0.0
2025-04-20 02:45,0.0
2025-04-20 03:00,0.0
2025-04-20 03:15,0.002058
2025-04-20 03:30,0.0
2025-04-20 03:45,0.0
2025-04-20 04:00,0.0
2025-04-20 04:15,0.0
2025-04-20 04:30,0.001088
2025-04-20 04:45,0.0
2025-04-20 05:00,0.0
2025-04-20 05:15,0.0
2025-04-20 05:30,0.0
2025-04-20 05:45,0.0
2025-04-20 06:00,0.0
2025-04-20 06:15,0.0
2025-04-20 06:30,0.0
2025-04-20 06:45,0.0
2025-04-20 07:00,0.0
2025-04-20 07:15,0.0
2025-04-20 07:30,0.0
2025-04-20 07:45,0.0
2025-04-20 08:00,0.0
2025-04-20 08:15,0.0
2025-04-20 08:30,0.0
2025-04-20 08:45,0.0
2025-04-20 09:00,0.0
2025-04-20 09:15,0.0
2025-04-20 09:30,0.0
2025-04-20 09:45,0.0
2025-04-20 10:00,0.0
2025-04-20 10:15,0.0
2025-04-20 10:30,0.0
2025-04-20 10:45,0.0
2025-04-20 11:00,0.0
2025-04-20 11:15,0.0
2025-04-20 11:30,0.0
2025-04-20 11:45,0.0
2025-04-20 12:00,0.0
2025-04-20 12:15,0.0
2025-04-20 12:30,0.0
2025-04-20 12:45,0.0
2025-04-20 13:00,0.0
2025-04-20 13:15,0.002058
2025-04-20 13:30,0.0
2025-04-20 13:45,0.0
2025-04-20 14:00,0.0
2025-04-20 14:15,0.0
2025-04-20 14:30,0.0
2025-04-20 14:45,0.0
2025-04-20 15:00,0.0
2025-04-20 15:15,0.0
2025-04-20 15:30,0.001088
2025-04-20 15:45,0.0
2025-04-20 16:00,0.0
2025-04-20 16:15,0.0
2025-04-20 16:30,0.0
2025-04-20 16:45,0.0
2025-04-20 17:00,0.0
2025-04-20 17:15,0.0
2025-04-20 17:30,0.0
2025-04-20 17:45,0.0
2025-04-20 18:00,0.001088
2025-04-20 18:15,0.004587
2025-04-20 18:30,0.0
2025-04-20 18:45,0.0
2025-04-20 19:00,0.001088
2025-04-20 19:15,0.0
2025-04-20 19:30,0.0
2025-04-20 19:45,0.0
2025-04-20 20:00,0.0
2025-04-20 20:15,0.0
2025-04-20 20:30,0.0
2025-04-20 20:45,0.0
2025-04-20 21:00,0.0
2025-04-20 21:15,0.0
2025-04-20 21:30,0.0
2025-04-20 21:45,0.0
2025-04-20 22:00,0.0
2025-04-20 22:15,0.0
2025-04-20 22:30,0.001029
2025-04-20 22:45,0.0
2025-04-20 23:00,0.0
2025-04-20 23:15,0.0
2025-04-20 23:30,0.002176
2025-04-20 23:45,0.147077
2025-04-21 00:00,0.0
2025-04-21 00:15,0.031465
2025-04-21 00:30,0.0
2025-04-21 00:45,0.024554
2025-04-21 01:00,0.006175
2025-04-21 01:15,0.003147
2025-04-21 01:30,0.0
2025-04-21 01:45,0.0
2025-04-21 02:00,0.02232
2025-04-21 02:15,0.0
2025-04-21 02:30,0.022378
2025-04-21 02:45,0.018967
2025-04-21 03:00,0.001088
2025-04-21 03:15,0.002264
2025-04-21 03:30,0.0
2025-04-21 03:45,0.0
2025-04-21 04:00,0.044639
2025-04-21 04:15,0.071076
2025-04-21 04:30,0.044639
2025-04-21 04:45,0.050403
2025-04-21 05:00,0.011601
2025-04-21 05:15,0.135006
2025-04-21 05:30,0.045786
2025-04-21 05:45,0.012748
2025-04-21 06:00,0.01266
2025-04-21 06:15,0.0
2025-04-21 06:30,0.005587
2025-04-21 06:45,0.065018
2025-04-21 07:00,0.003176
2025-04-21 07:15,0.023466
2025-04-21 07:30,0.001088
2025-04-21 07:45,0.0
2025-04-21 08:00,0.0
2025-04-21 08:15,0.001029
2025-04-21 08:30,0.0
2025-04-21 08:45,0.001485
2025-04-21 09:00,0.0
2025-04-21 09:15,0.001088
2025-04-21 09:30,0.0
2025-04-21 09:45,0.0
2025-04-21 10:00,0.0
2025-04-21 10:15,0.001088
2025-04-21 10:30,0.0
2025-04-21 10:45,0.0
2025-04-21 11:00,0.0
2025-04-21 11:15,0.0
2025-04-21 11:30,0.0
2025-04-21 11:45,0.0
2025-04-21 12:00,0.0
2025-04-21 12:15,0.0
2025-04-21 12:30,0.0
2025-04-21 12:45,0.0
2025-04-21 13:00,0.0
2025-04-21 13:15,0.0
2025-04-21 13:30,0.0
2025-04-21 13:45,0.0
2025-04-21 14:00,0.0
2025-04-21 14:15,0.0
2025-04-21 14:30,0.0
2025-04-21 14:45,0.001088
2025-04-21 15:00,0.0
2025-04-21 15:15,0.0
2025-04-21 15:30,0.0
2025-04-21 15:45,0.0
2025-04-21 16:00,0.001088
2025-04-21 16:15,0.0
2025-04-21 16:30,0.0
2025-04-21 16:45,0.0
2025-04-21 17:00,0.0
2025-04-21 17:15,0.0
2025-04-21 17:30,0.0
2025-04-21 17:45,0.0
2025-04-21 18:00,0.0
2025-04-21 18:15,0.0
2025-04-21 18:30,0.0
2025-04-21 18:45,0.001088
2025-04-21 19:00,0.0
2025-04-21 19:15,0.0
2025-04-21 19:30,0.0
2025-04-21 19:45,0.0
2025-04-21 20:00,0.0
2025-04-21 20:15,0.0
2025-04-21 20:30,0.0
2025-04-21 20:45,0.0
2025-04-21 21:00,0.0
2025-04-21 21:15,0.0
2025-04-21 21:30,0.0
2025-04-21 21:45,0.001088
2025-04-21 22:00,0.0
2025-04-21 22:15,0.0
2025-04-21 22:30,0.0
2025-04-21 22:45,0.0
2025-04-21 23:00,0.0
2025-04-21 23:15,0.0
2025-04-21 23:30,0.045786
2025-04-21 23:45,0.069194
2025-04-22 00:00,0.0
2025-04-22 00:15,0.024496
2025-04-22 00:30,0.114862
2025-04-22 00:45,0.02232
2025-04-22 01:00,0.003117
2025-04-22 01:15,0.0
2025-04-22 01:30,0.0
2025-04-22 01:45,0.044639
2025-04-22 02:00,0.001088
2025-04-22 02:15,0.001088
2025-04-22 02:30,0.023084
2025-04-22 02:45,0.022393
2025-04-22 03:00,0.0
2025-04-22 03:15,0.022378
2025-04-22 03:30,0.00297
2025-04-22 03:45,0.023408
2025-04-22 04:00,0.02873
2025-04-22 04:15,0.0
2025-04-22 04:30,0.001088
2025-04-22 04:45,0.023466
2025-04-22 05:00,0.001088
2025-04-22 05:15,0.0
2025-04-22 05:30,0.069414
2025-04-22 05:45,0.023466
2025-04-22 06:00,0.0
2025-04-22 06:15,0.044639
2025-04-22 06:30,0.0
2025-04-22 06:45,0.001485
2025-04-22 07:00,0.0
2025-04-22 07:15,0.0
2025-04-22 07:30,0.001088
2025-04-22 07:45,0.059519
2025-04-22 08:00,0.011189
2025-04-22 08:15,0.002058
2025-04-22 08:30,0.005426
2025-04-22 08:45,0.0
2025-04-22 09:00,0.0
2025-04-22 09:15,0.0
2025-04-22 09:30,0.0
2025-04-22 09:45,0.0
2025-04-22 10:00,0.0
2025-04-22 10:15,0.0
2025-04-22 10:30,0.0
2025-04-22 10:45,0.0
2025-04-22 11:00,0.0
2025-04-22 11:15,0.0
2025-04-22 11:30,0.0
2025-04-22 11:45,0.0
2025-04-22 12:00,0.0
2025-04-22 12:15,0.0
2025-04-22 12:30,0.0
2025-04-22 12:45,0.0
2025-04-22 13:00,0.0
2025-04-22 13:15,0.0
2025-04-22 13:30,0.0
2025-04-22 13:45,0.0
2025-04-22 14:00,0.0
2025-04-22 14:15,0.0
2025-04-22 14:30,0.0
2025-04-22 14:45,0.0
2025-04-22 15:00,0.0
2025-04-22 15:15,0.0
2025-04-22 15:30,0.0
2025-04-22 15:45,0.001088
2025-04-22 16:00,0.0
2025-04-22 16:15,0.0
2025-04-22 16:30,0.0
2025-04-22 16:45,0.0
2025-04-22 17:00,0.0
2025-04-22 17:15,0.0
2025-04-22 17:30,0.0
2025-04-22 17:45,0.0
2025-04-22 18:00,0.0
2025-04-22 18:15,0.0
2025-04-22 18:30,0.0
2025-04-22 18:45,0.0
2025-04-22 19:00,0.001029
2025-04-22 19:15,0.0
2025-04-22 19:30,0.0
2025-04-22 19:45,0.0
2025-04-22 20:00,0.0
2025-04-22 20:15,0.0
2025-04-22 20:30,0.0
2025-04-22 20:45,0.0
2025-04-22 21:00,0.0
2025-04-22 21:15,0.0
2025-04-22 21:30,0.0
2025-04-22 21:45,0.001088
2025-04-22 22:00,0.0
2025-04-22 22:15,0.0
2025-04-22 22:30,0.0
2025-04-22 22:45,0.001088
2025-04-22 23:00,0.0
2025-04-22 23:15,0.022378
2025-04-22 23:30,0.008087
2025-04-22 23:45,0.0
2025-04-23 00:00,0.001088
2025-04-23 00:00,0.004009
2025-04-23 00:15,0.011486
2025-04-23 00:30,0.004009
2025-04-23 00:45,0.258966
2025-04-23 01:00,0.0
2025-04-23 01:15,0.08625
2025-04-23 01:30,0.005147
2025-04-23 01:45,0.079749
2025-04-23 02:00,0.0
2025-04-23 02:15,0.0
2025-04-23 02:30,0.082241
2025-04-23 02:45,0.176942
2025-04-23 03:00,0.246722
2025-04-23 03:15,0.08625
2025-04-23 03:30,0.0
2025-04-23 03:45,0.0
2025-04-23 04:00,0.003792
2025-04-23 04:15,0.0
2025-04-23 04:30,0.0
2025-04-23 04:45,0.004009
2025-04-23 05:00,0.164482
2025-04-23 05:15,0.038574
2025-04-23 05:30,0.0
2025-04-23 05:45,0.004009
2025-04-23 06:00,0.012515
2025-04-23 06:15,0.0
2025-04-23 06:30,0.419222
2025-04-23 06:45,0.104182
2025-04-23 07:00,0.082241
2025-04-23 07:15,0.0
2025-04-23 07:30,0.0
2025-04-23 07:45,0.0
2025-04-23 08:00,0.0
2025-04-23 08:15,0.082241
2025-04-23 08:30,0.0
2025-04-23 08:45,0.0
2025-04-23 09:00,0.0
2025-04-23 09:15,0.0
2025-04-23 09:30,0.0
2025-04-23 09:45,0.0
2025-04-23 10:00,0.0
2025-04-23 10:15,0.004009
2025-04-23 10:30,0.0
2025-04-23 10:45,0.0
2025-04-23 11:00,0.0
2025-04-23 11:15,0.0
2025-04-23 11:30,0.0
2025-04-23 11:45,0.0
2025-04-23 12:00,0.0
2025-04-23 12:15,0.0
2025-04-23 12:30,0.0
2025-04-23 12:45,0.0
2025-04-23 13:00,0.0
2025-04-23 13:15,0.004009
2025-04-23 13:30,0.0
2025-04-23 13:45,0.0
2025-04-23 14:00,0.0
2025-04-23 14:15,0.0
2025-04-23 14:30,0.004009
2025-04-23 14:45,0.0
2025-04-23 15:00,0.0
2025-04-23 15:15,0.0
2025-04-23 15:30,0.0
2025-04-23 15:45,0.0
2025-04-23 16:00,0.0
2025-04-23 16:15,0.0
2025-04-23 16:30,0.0
2025-04-23 16:45,0.0
2025-04-23 17:00,0.0
2025-04-23 17:15,0.0
2025-04-23 17:30,0.0
2025-04-23 17:45,0.0
2025-04-23 18:00,0.0
2025-04-23 18:15,0.0
2025-04-23 18:30,0.0
2025-04-23 18:45,0.0
2025-04-23 19:00,0.0
2025-04-23 19:15,0.0
2025-04-23 19:30,0.0
2025-04-23 19:45,0.0
2025-04-23 20:00,0.0
2025-04-23 20:15,0.0
2025-04-23 20:30,0.0
2025-04-23 20:45,0.0
2025-04-23 21:00,0.0
2025-04-23 21:15,0.0
2025-04-23 21:30,0.0
2025-04-23 21:45,0.0
2025-04-23 22:00,0.0
2025-04-23 22:15,0.0
2025-04-23 22:30,0.0
2025-04-23 22:45,0.0
2025-04-23 23:00,0.0
2025-04-23 23:15,0.060245
2025-04-23 23:30,0.246722
2025-04-23 23:45,0.069888
2025-04-24 00:00,0.008018
2025-04-24 00:15,0.164482
2025-04-24 00:30,0.039549
2025-04-24 00:45,0.0
2025-04-24 01:00,0.535919
2025-04-24 01:15,0.091993
2025-04-24 01:30,0.0
2025-04-24 01:45,0.168274
2025-04-24 02:00,0.007585
2025-04-24 02:15,0.0
2025-04-24 02:30,0.0
2025-04-24 02:45,0.338498
2025-04-24 03:00,0.004009
2025-04-24 03:15,0.008452
2025-04-24 03:30,0.25474
2025-04-24 03:45,0.08625
2025-04-24 04:00,0.004009
2025-04-24 04:15,0.164482
2025-04-24 04:30,0.004009
2025-04-24 04:45,0.008018
2025-04-24 05:00,0.007801
2025-04-24 05:15,0.0
2025-04-24 05:30,0.56745
2025-04-24 05:45,0.082241
2025-04-24 06:00,0.004009
2025-04-24 06:15,0.082241
2025-04-24 06:30,0.0
2025-04-24 06:45,0.008018
2025-04-24 07:00,0.004009
2025-04-24 07:15,0.0
2025-04-24 07:30,0.008018
2025-04-24 07:45,0.004009
2025-04-24 08:00,0.0
2025-04-24 08:15,0.164482
2025-04-24 08:30,0.0
2025-04-24 08:45,0.082241
2025-04-24 09:00,0.004009
2025-04-24 09:15,0.0
2025-04-24 09:30,0.004009
2025-04-24 09:45,0.0
2025-04-24 10:00,0.0
2025-04-24 10:15,0.0
2025-04-24 10:30,0.008506
2025-04-24 10:45,0.0
2025-04-24 11:00,0.0
2025-04-24 11:15,0.0
2025-04-24 11:30,0.0
2025-04-24 11:45,0.0
2025-04-24 12:00,0.0
2025-04-24 12:15,0.0
2025-04-24 12:30,0.0
2025-04-24 12:45,0.0
2025-04-24 13:00,0.0
2025-04-24 13:15,0.0
2025-04-24 13:30,0.0
2025-04-24 13:45,0.0
2025-04-24 14:00,0.0
2025-04-24 14:15,0.0
2025-04-24 14:30,0.0
2025-04-24 14:45,0.0
2025-04-24 15:00,0.0
2025-04-24 15:15,0.0
2025-04-24 15:30,0.0
2025-04-24 15:45,0.0
2025-04-24 16:00,0.0
2025-04-24 16:15,0.0
2025-04-24 16:30,0.0
2025-04-24 16:45,0.0
2025-04-24 17:00,0.0
2025-04-24 17:15,0.0
2025-04-24 17:30,0.0
2025-04-24 17:45,0.0
2025-04-24 18:00,0.0
2025-04-24 18:15,0.082241
2025-04-24 18:30,0.0
2025-04-24 18:45,0.0
2025-04-24 19:00,0.0
2025-04-24 19:15,0.0
2025-04-24 19:30,0.082241
2025-04-24 19:45,0.0
2025-04-24 20:00,0.0
2025-04-24 20:15,0.0
2025-04-24 20:30,0.0
2025-04-24 20:45,0.0
2025-04-24 21:00,0.0
2025-04-24 21:15,0.0
2025-04-24 21:30,0.164482
2025-04-24 21:45,0.15798
2025-04-24 22:00,0.0
2025-04-24 22:15,0.0
2025-04-24 22:30,0.004009
2025-04-24 22:45,0.0
2025-04-24 23:00,0.025463
2025-04-24 23:15,0.0
2025-04-24 23:30,0.0
2025-04-24 23:45,0.336765
2025-04-25 00:00,0.0
2025-04-25 00:15,0.0
2025-04-25 00:30,0.082457
2025-04-25 00:45,0.082457
2025-04-25 01:00,0.094268
2025-04-25 01:15,0.0
2025-04-25 01:30,0.018041
2025-04-25 01:45,0.007585
2025-04-25 02:00,0.164482
2025-04-25 02:15,0.164482
2025-04-25 02:30,0.0
2025-04-25 02:45,0.0
2025-04-25 03:00,0.332972
2025-04-25 03:15,0.024542
2025-04-25 03:30,0.114422
2025-04-25 03:45,0.164482
2025-04-25 04:00,0.003792
2025-04-25 04:15,0.0
2025-04-25 04:30,0.0
2025-04-25 04:45,0.0
2025-04-25 05:00,0.114639
2025-04-25 05:15,0.0
2025-04-25 05:30,0.0
2025-04-25 05:45,0.344566
2025-04-25 06:00,0.102178
2025-04-25 06:15,0.0
2025-04-25 06:30,0.082241
2025-04-25 06:45,0.004009
2025-04-25 07:00,0.010944
2025-04-25 07:15,0.005526
2025-04-25 07:30,0.328963
2025-04-25 07:45,0.0
2025-04-25 08:00,0.082241
2025-04-25 08:15,0.0
2025-04-25 08:30,0.059811
2025-04-25 08:45,0.0
2025-04-25 09:00,0.0
2025-04-25 09:15,0.004226
2025-04-25 09:30,0.0
2025-04-25 09:45,0.009914
2025-04-25 10:00,0.0
2025-04-25 10:15,0.0
2025-04-25 10:30,0.0
2025-04-25 10:45,0.0
2025-04-25 11:00,0.003792
2025-04-25 11:15,0.0
2025-04-25 11:30,0.082241
2025-04-25 11:45,0.0
2025-04-25 12:00,0.0
2025-04-25 12:15,0.0
2025-04-25 12:30,0.0
2025-04-25 12:45,0.0
2025-04-25 13:00,0.0
2025-04-25 13:15,0.0
2025-04-25 13:30,0.0
2025-04-25 13:45,0.0
2025-04-25 14:00,0.0
2025-04-25 14:15,0.0
2025-04-25 14:30,0.0
2025-04-25 14:45,0.0
2025-04-25 15:00,0.0
2025-04-25 15:15,0.0
2025-04-25 15:30,0.0
2025-04-25 15:45,0.0
2025-04-25 16:00,0.0
2025-04-25 16:15,0.0
2025-04-25 16:30,0.0
2025-04-25 16:45,0.0
2025-04-25 17:00,0.0
2025-04-25 17:15,0.0
2025-04-25 17:30,0.0
2025-04-25 17:45,0.0
2025-04-25 18:00,0.004009
2025-04-25 18:15,0.0
2025-04-25 18:30,0.0
2025-04-25 18:45,0.0
2025-04-25 19:00,0.0
2025-04-25 19:15,0.0
2025-04-25 19:30,0.0
2025-04-25 19:45,0.0
2025-04-25 20:00,0.0
2025-04-25 20:15,0.0
2025-04-25 20:30,0.0
2025-04-25 20:45,0.0
2025-04-25 21:00,0.0
2025-04-25 21:15,0.0
2025-04-25 21:30,0.0
2025-04-25 21:45,0.0
2025-04-25 22:00,0.0
2025-04-25 22:15,0.0
2025-04-25 22:30,0.0
2025-04-25 22:45,0.0
2025-04-25 23:00,0.0
2025-04-25 23:15,0.0
2025-04-25 23:30,0.0
2025-04-25 23:45,0.0
2025-04-26 00:00,0.0
2025-04-26 00:15,0.0
2025-04-26 00:30,0.0
2025-04-26 00:45,0.0
2025-04-26 01:00,0.0
2025-04-26 01:15,0.0
2025-04-26 01:30,0.0
2025-04-26 01:45,0.0
2025-04-26 02:00,0.0
2025-04-26 02:15,0.0
2025-04-26 02:30,0.0
2025-04-26 02:45,0.0
2025-04-26 03:00,0.0
2025-04-26 03:15,0.0
2025-04-26 03:30,0.0
2025-04-26 03:45,0.0
2025-04-26 04:00,0.0
2025-04-26 04:15,0.0
2025-04-26 04:30,0.0
2025-04-26 04:45,0.0
2025-04-26 05:00,0.0
2025-04-26 05:15,0.0
2025-04-26 05:30,0.0
2025-04-26 05:45,0.0
2025-04-26 06:00,0.0
2025-04-26 06:15,0.0
2025-04-26 06:30,0.0
2025-04-26 06:45,0.0
2025-04-26 07:00,0.0
2025-04-26 07:15,0.0
2025-04-26 07:30,0.0
2025-04-26 07:45,0.0
2025-04-26 08:00,0.0
2025-04-26 08:15,0.0
2025-04-26 08:30,0.0
2025-04-26 08:45,0.0
2025-04-26 09:00,0.0
2025-04-26 09:15,0.0
2025-04-26 09:30,0.0
2025-04-26 09:45,0.0
2025-04-26 10:00,0.0
2025-04-26 10:15,0.0
2025-04-26 10:30,0.0
2025-04-26 10:45,0.0
2025-04-26 11:00,0.0
2025-04-26 11:15,0.0
2025-04-26 11:30,0.0
2025-04-26 11:45,0.0
2025-04-26 12:00,0.0
2025-04-26 12:15,0.0
2025-04-26 12:30,0.0
2025-04-26 12:45,0.0
2025-04-26 13:00,0.0
2025-04-26 13:15,0.0
2025-04-26 13:30,0.0
2025-04-26 13:45,0.0
2025-04-26 14:00,0.0
2025-04-26 14:15,0.0
2025-04-26 14:30,0.0
2025-04-26 14:45,0.0
2025-04-26 15:00,0.0
2025-04-26 15:15,0.0
2025-04-26 15:30,0.0
2025-04-26 15:45,0.0
2025-04-26 16:00,0.0
2025-04-26 16:15,0.0
2025-04-26 16:30,0.0
2025-04-26 16:45,0.0
2025-04-26 17:00,0.0
2025-04-26 17:15,0.0
2025-04-26 17:30,0.0
2025-04-26 17:45,0.0
2025-04-26 18:00,0.0
2025-04-26 18:15,0.0
2025-04-26 18:30,0.0
2025-04-26 18:45,0.0
2025-04-26 19:00,0.0
2025-04-26 19:15,0.0
2025-04-26 19:30,0.0
2025-04-26 19:45,0.0
2025-04-26 20:00,0.0
2025-04-26 20:15,0.0
2025-04-26 20:30,0.0
2025-04-26 20:45,0.0
2025-04-26 21:00,0.0
2025-04-26 21:15,0.0
2025-04-26 21:30,0.0
2025-04-26 21:45,0.0
2025-04-26 22:00,0.0
2025-04-26 22:15,0.0
2025-04-26 22:30,0.0
2025-04-26 22:45,0.0
2025-04-26 23:00,0.0
2025-04-26 23:15,0.0
2025-04-26 23:30,0.0
2025-04-26 23:45,0.0
2025-04-27 00:00,0.0
2025-04-27 00:15,0.0
2025-04-27 00:30,0.0
2025-04-27 00:45,0.0
2025-04-27 01:00,0.0
2025-04-27 01:15,0.0
2025-04-27 01:30,0.0
2025-04-27 01:45,0.0
2025-04-27 02:00,0.0
2025-04-27 02:15,0.0
2025-04-27 02:30,0.0
2025-04-27 02:45,0.0
2025-04-27 03:00,0.0
2025-04-27 03:15,0.0
2025-04-27 03:30,0.0
2025-04-27 03:45,0.0
2025-04-27 04:00,0.0
2025-04-27 04:15,0.0
2025-04-27 04:30,0.0
2025-04-27 04:45,0.0
2025-04-27 05:00,0.0
2025-04-27 05:15,0.0
2025-04-27 05:30,0.0
2025-04-27 05:45,0.0
2025-04-27 06:00,0.0
2025-04-27 06:15,0.0
2025-04-27 06:30,0.0
2025-04-27 06:45,0.0
2025-04-27 07:00,0.0
2025-04-27 07:15,0.0
2025-04-27 07:30,0.0
2025-04-27 07:45,0.0
2025-04-27 08:00,0.0
2025-04-27 08:15,0.0
2025-04-27 08:30,0.0
2025-04-27 08:45,0.0
2025-04-27 09:00,0.0
2025-04-27 09:15,0.0
2025-04-27 09:30,0.0
2025-04-27 09:45,0.0
2025-04-27 10:00,0.0
2025-04-27 10:15,0.0
2025-04-27 10:30,0.0
2025-04-27 10:45,0.0
2025-04-27 11:00,0.0
2025-04-27 11:15,0.0
2025-04-27 11:30,0.0
2025-04-27 11:45,0.0
2025-04-27 12:00,0.0
2025-04-27 12:15,0.0
2025-04-27 12:30,0.0
2025-04-27 12:45,0.0
2025-04-27 13:00,0.0
2025-04-27 13:15,0.0
2025-04-27 13:30,0.0
2025-04-27 13:45,0.0
2025-04-27 14:00,0.0
2025-04-27 14:15,0.0
2025-04-27 14:30,0.0
2025-04-27 14:45,0.0
2025-04-27 15:00,0.0
2025-04-27 15:15,0.0
2025-04-27 15:30,0.0
2025-04-27 15:45,0.0
2025-04-27 16:00,0.0
2025-04-27 16:15,0.0
2025-04-27 16:30,0.0
2025-04-27 16:45,0.0
2025-04-27 17:00,0.0
2025-04-27 17:15,0.0
2025-04-27 17:30,0.0
2025-04-27 17:45,0.0
2025-04-27 18:00,0.0
2025-04-27 18:15,0.0
2025-04-27 18:30,0.0
2025-04-27 18:45,0.0
2025-04-27 19:00,0.0
2025-04-27 19:15,0.0
2025-04-27 19:30,0.0
2025-04-27 19:45,0.0
2025-04-27 20:00,0.0
2025-04-27 20:15,0.0
2025-04-27 20:30,0.0
2025-04-27 20:45,0.0
2025-04-27 21:00,0.0
2025-04-27 21:15,0.0
2025-04-27 21:30,0.0
2025-04-27 21:45,0.0
2025-04-27 22:00,0.0
2025-04-27 22:15,0.0
2025-04-27 22:30,0.0
2025-04-27 22:45,0.168491
2025-04-27 23:00,0.0
2025-04-27 23:15,0.08625
2025-04-27 23:30,0.250515
2025-04-27 23:45,1.0
2025-04-28 00:00,0.19818
2025-04-28 00:15,0.004009
2025-04-28 00:30,0.336981
2025-04-28 00:45,0.24656
2025-04-28 01:00,0.164482
2025-04-28 01:15,0.082241
2025-04-28 01:30,0.0
2025-04-28 01:45,0.0
2025-04-28 02:00,0.005634
2025-04-28 02:15,0.0
2025-04-28 02:30,0.0
2025-04-28 02:45,0.1725
2025-04-28 03:00,0.164482
2025-04-28 03:15,0.0
2025-04-28 03:30,0.0
2025-04-28 03:45,0.004009
2025-04-28 04:00,0.0
2025-04-28 04:15,0.0
2025-04-28 04:30,0.0
2025-04-28 04:45,0.082457
2025-04-28 05:00,0.164482
2025-04-28 05:15,0.0
2025-04-28 05:30,0.0
2025-04-28 05:45,0.0
2025-04-28 06:00,0.010673
2025-04-28 06:15,0.168491
2025-04-28 06:30,0.082457
2025-04-28 06:45,0.0
2025-04-28 07:00,0.070105
2025-04-28 07:15,0.0
2025-04-28 07:30,0.0
2025-04-28 07:45,0.09806
2025-04-28 08:00,0.0
2025-04-28 08:15,0.0
2025-04-28 08:30,0.15798
2025-04-28 08:45,0.0
2025-04-28 09:00,0.024488
2025-04-28 09:15,0.0
2025-04-28 09:30,0.0
2025-04-28 09:45,0.0
2025-04-28 10:00,0.0
2025-04-28 10:15,0.0
2025-04-28 10:30,0.0
2025-04-28 10:45,0.0
2025-04-28 11:00,0.0
2025-04-28 11:15,0.0
2025-04-28 11:30,0.0
2025-04-28 11:45,0.0
2025-04-28 12:00,0.0
2025-04-28 12:15,0.0
2025-04-28 12:30,0.0
2025-04-28 12:45,0.0
2025-04-28 13:00,0.0
2025-04-28 13:15,0.0
2025-04-28 13:30,0.0
2025-04-28 13:45,0.0
2025-04-28 14:00,0.0
2025-04-28 14:15,0.0
2025-04-28 14:30,0.0
2025-04-28 14:45,0.0
2025-04-28 15:00,0.0
2025-04-28 15:15,0.0
2025-04-28 15:30,0.0
2025-04-28 15:45,0.0
2025-04-28 16:00,0.0
2025-04-28 16:15,0.0
2025-04-28 16:30,0.0
2025-04-28 16:45,0.0
2025-04-28 17:00,0.0
2025-04-28 17:15,0.0
2025-04-28 17:30,0.0
2025-04-28 17:45,0.0
2025-04-28 18:00,0.004226
2025-04-28 18:15,0.0
2025-04-28 18:30,0.0
2025-04-28 18:45,0.0
2025-04-28 19:00,0.0
2025-04-28 19:15,0.0
2025-04-28 19:30,0.0
2025-04-28 19:45,0.0
2025-04-28 20:00,0.0
2025-04-28 20:15,0.0
2025-04-28 20:30,0.0
2025-04-28 20:45,0.0
2025-04-28 21:00,0.0
2025-04-28 21:15,0.0
2025-04-28 21:30,0.0
2025-04-28 21:45,0.005689
2025-04-28 22:00,0.004009
2025-04-28 22:15,0.008452
2025-04-28 22:30,0.004009
2025-04-28 22:45,0.029093
2025-04-28 23:00,0.0
2025-04-28 23:15,0.042041
2025-04-28 23:30,0.08625
2025-04-28 23:45,0.0
2025-04-29 00:00,0.0
2025-04-29 00:15,0.011377
2025-04-29 00:30,0.082457
2025-04-29 00:45,0.012027
2025-04-29 01:00,0.0
2025-04-29 01:15,0.0
2025-04-29 01:30,0.0
2025-04-29 01:45,0.012027
2025-04-29 02:00,0.322245
2025-04-29 02:15,0.0
2025-04-29 02:30,0.004009
2025-04-29 02:45,0.0
2025-04-29 03:00,0.004009
2025-04-29 03:15,0.0
2025-04-29 03:30,0.004009
2025-04-29 03:45,0.024705
2025-04-29 04:00,0.415213
2025-04-29 04:15,0.004009
2025-04-29 04:30,0.0
2025-04-29 04:45,0.0
2025-04-29 05:00,0.025788
2025-04-29 05:15,0.0
2025-04-29 05:30,0.082241
2025-04-29 05:45,0.164482
2025-04-29 06:00,0.0
2025-04-29 06:15,0.0
2025-04-29 06:30,0.0
2025-04-29 06:45,0.0
2025-04-29 07:00,0.004009
2025-04-29 07:15,0.255878
2025-04-29 07:30,0.008018
2025-04-29 07:45,0.082457
2025-04-29 08:00,0.004009
2025-04-29 08:15,0.0
2025-04-29 08:30,0.0
2025-04-29 08:45,0.0
2025-04-29 09:00,0.0
2025-04-29 09:15,0.0
2025-04-29 09:30,0.0
2025-04-29 09:45,0.0
2025-04-29 10:00,0.0
2025-04-29 10:15,0.0
2025-04-29 10:30,0.138206
2025-04-29 10:45,0.0
2025-04-29 11:00,0.0
2025-04-29 11:15,0.0
2025-04-29 11:30,0.0
2025-04-29 11:45,0.0
2025-04-29 12:00,0.0
2025-04-29 12:15,0.0
2025-04-29 12:30,0.0
2025-04-29 12:45,0.0
2025-04-29 13:00,0.0
2025-04-29 13:15,0.0
2025-04-29 13:30,0.0
2025-04-29 13:45,0.0
2025-04-29 14:00,0.0
2025-04-29 14:15,0.0
2025-04-29 14:30,0.0
2025-04-29 14:45,0.0
2025-04-29 15:00,0.0
2025-04-29 15:15,0.0
2025-04-29 15:30,0.0
2025-04-29 15:45,0.0
2025-04-29 16:00,0.0
2025-04-29 16:15,0.0
2025-04-29 16:30,0.0
2025-04-29 16:45,0.0
2025-04-29 17:00,0.0
2025-04-29 17:15,0.0
2025-04-29 17:30,0.0
2025-04-29 17:45,0.0
2025-04-29 18:00,0.0
2025-04-29 18:15,0.0
2025-04-29 18:30,0.0
2025-04-29 18:45,0.0
2025-04-29 19:00,0.0
2025-04-29 19:15,0.0
2025-04-29 19:30,0.0
2025-04-29 19:45,0.0
2025-04-29 20:00,0.0
2025-04-29 20:15,0.0
2025-04-29 20:30,0.0
2025-04-29 20:45,0.0
2025-04-29 21:00,0.0
2025-04-29 21:15,0.0
2025-04-29 21:30,0.0
2025-04-29 21:45,0.026438
2025-04-29 22:00,0.004009
2025-04-29 22:15,0.0
2025-04-29 22:30,0.0
2025-04-29 22:45,0.0
2025-04-29 23:00,0.082241
2025-04-29 23:15,0.0
2025-04-29 23:30,0.082457
2025-04-29 23:45,0.08625
2025-04-30 00:00,0.0
2025-04-30 00:00,0.0
2025-04-30 00:15,0.165956
2025-04-30 00:30,0.176889
2025-04-30 00:45,0.086804
2025-04-30 01:00,0.0
2025-04-30 01:15,0.003826
2025-04-30 01:30,0.0
2025-04-30 01:45,0.013611
2025-04-30 02:00,0.0
2025-04-30 02:15,0.009785
2025-04-30 02:30,0.0
2025-04-30 02:45,0.331912
2025-04-30 03:00,0.0
2025-04-30 03:15,0.165956
2025-04-30 03:30,0.0
2025-04-30 03:45,0.165956
2025-04-30 04:00,0.0
2025-04-30 04:15,0.0
2025-04-30 04:30,0.248934
2025-04-30 04:45,0.163442
2025-04-30 05:00,0.08746
2025-04-30 05:15,0.0
2025-04-30 05:30,0.004045
2025-04-30 05:45,0.0
2025-04-30 06:00,0.0
2025-04-30 06:15,0.331912
2025-04-30 06:30,0.0
2025-04-30 06:45,0.004045
2025-04-30 07:00,0.087023
2025-04-30 07:15,0.165956
2025-04-30 07:30,0.082978
2025-04-30 07:45,0.166175
2025-04-30 08:00,0.0
2025-04-30 08:15,0.331912
2025-04-30 08:30,0.0
2025-04-30 08:45,0.0
2025-04-30 09:00,0.0
2025-04-30 09:15,0.0
2025-04-30 09:30,0.0
2025-04-30 09:45,0.0
2025-04-30 10:00,0.0
2025-04-30 10:15,0.0
2025-04-30 10:30,0.0
2025-04-30 10:45,0.0
2025-04-30 11:00,0.0
2025-04-30 11:15,0.0
2025-04-30 11:30,0.0
2025-04-30 11:45,0.0
2025-04-30 12:00,0.0
2025-04-30 12:15,0.0
2025-04-30 12:30,0.0
2025-04-30 12:45,0.0
2025-04-30 13:00,0.0
2025-04-30 13:15,0.0
2025-04-30 13:30,0.0
2025-04-30 13:45,0.0
2025-04-30 14:00,0.0
2025-04-30 14:15,0.0
2025-04-30 14:30,0.0
2025-04-30 14:45,0.0
2025-04-30 15:00,0.0
2025-04-30 15:15,0.0
2025-04-30 15:30,0.0
2025-04-30 15:45,0.0
2025-04-30 16:00,0.0
2025-04-30 16:15,0.0
2025-04-30 16:30,0.0
2025-04-30 16:45,0.0
2025-04-30 17:00,0.0
2025-04-30 17:15,0.0
2025-04-30 17:30,0.0
2025-04-30 17:45,0.0
2025-04-30 18:00,0.0
2025-04-30 18:15,0.0
2025-04-30 18:30,0.0
2025-04-30 18:45,0.0
2025-04-30 19:00,0.0
2025-04-30 19:15,0.0
2025-04-30 19:30,0.0
2025-04-30 19:45,0.0
2025-04-30 20:00,0.0
2025-04-30 20:15,0.0
2025-04-30 20:30,0.0
2025-04-30 20:45,0.0
2025-04-30 21:00,0.0
2025-04-30 21:15,0.0
2025-04-30 21:30,0.0
2025-04-30 21:45,0.0
2025-04-30 22:00,0.045479
2025-04-30 22:15,0.0
2025-04-30 22:30,0.0
2025-04-30 22:45,0.0
2025-04-30 23:00,0.0
2025-04-30 23:15,0.0
2025-04-30 23:30,0.0
2025-04-30 23:45,0.0
2025-05-01 00:00,0.0
2025-05-01 00:15,0.0
2025-05-01 00:30,0.0
2025-05-01 00:45,0.0
2025-05-01 01:00,0.248934
2025-05-01 01:15,0.0
2025-05-01 01:30,0.0
2025-05-01 01:45,0.0
2025-05-01 02:00,0.0
2025-05-01 02:15,0.0
2025-05-01 02:30,0.003826
2025-05-01 02:45,0.0
2025-05-01 03:00,0.0
2025-05-01 03:15,0.0
2025-05-01 03:30,0.0
2025-05-01 03:45,0.0
2025-05-01 04:00,0.0
2025-05-01 04:15,0.0
2025-05-01 04:30,0.0
2025-05-01 04:45,0.0
2025-05-01 05:00,0.0
2025-05-01 05:15,0.0
2025-05-01 05:30,0.0
2025-05-01 05:45,0.0
2025-05-01 06:00,0.0
2025-05-01 06:15,0.0
2025-05-01 06:30,0.0
2025-05-01 06:45,0.0
2025-05-01 07:00,0.0
2025-05-01 07:15,0.0
2025-05-01 07:30,0.0
2025-05-01 07:45,0.0
2025-05-01 08:00,0.004045
2025-05-01 08:15,0.0
2025-05-01 08:30,0.0
2025-05-01 08:45,0.0
2025-05-01 09:00,0.0
2025-05-01 09:15,0.082978
2025-05-01 09:30,0.0
2025-05-01 09:45,0.0
2025-05-01 10:00,0.0
2025-05-01 10:15,0.0
2025-05-01 10:30,0.0
2025-05-01 10:45,0.0
2025-05-01 11:00,0.0
2025-05-01 11:15,0.0
2025-05-01 11:30,0.0
2025-05-01 11:45,0.003826
2025-05-01 12:00,0.010003
2025-05-01 12:15,0.0
2025-05-01 12:30,0.0
2025-05-01 12:45,0.0
2025-05-01 13:00,0.0
2025-05-01 13:15,0.0
2025-05-01 13:30,0.0
2025-05-01 13:45,0.0
2025-05-01 14:00,0.0
2025-05-01 14:15,0.0
2025-05-01 14:30,0.0
2025-05-01 14:45,0.0
2025-05-01 15:00,0.0
2025-05-01 15:15,0.0
2025-05-01 15:30,0.0
2025-05-01 15:45,0.0
2025-05-01 16:00,0.0
2025-05-01 16:15,0.0
2025-05-01 16:30,0.0
2025-05-01 16:45,0.0
2025-05-01 17:00,0.0
2025-05-01 17:15,0.0
2025-05-01 17:30,0.0
2025-05-01 17:45,0.0
2025-05-01 18:00,0.0
2025-05-01 18:15,0.0
2025-05-01 18:30,0.0
2025-05-01 18:45,0.0
2025-05-01 19:00,0.0
2025-05-01 19:15,0.0
2025-05-01 19:30,0.0
2025-05-01 19:45,0.0
2025-05-01 20:00,0.0
2025-05-01 20:15,0.0
2025-05-01 20:30,0.0
2025-05-01 20:45,0.0
2025-05-01 21:00,0.0
2025-05-01 21:15,0.0
2025-05-01 21:30,0.0
2025-05-01 21:45,0.0
2025-05-01 22:00,0.003826
2025-05-01 22:15,0.0
2025-05-01 22:30,0.007489
2025-05-01 22:45,0.004045
2025-05-01 23:00,0.0
2025-05-01 23:15,0.165956
2025-05-01 23:30,0.0
2025-05-01 23:45,0.083197
2025-05-02 00:00,0.103039
2025-05-02 00:15,0.0
2025-05-02 00:30,0.089647
2025-05-02 00:45,0.339073
2025-05-02 01:00,0.091505
2025-05-02 01:15,1.0
2025-05-02 01:30,0.082978
2025-05-02 01:45,0.012135
2025-05-02 02:00,0.0
2025-05-02 02:15,0.0
2025-05-02 02:30,0.0
2025-05-02 02:45,0.0
2025-05-02 03:00,0.0
2025-05-02 03:15,0.170001
2025-05-02 03:30,0.0
2025-05-02 03:45,0.170001
2025-05-02 04:00,0.0
2025-05-02 04:15,0.0
2025-05-02 04:30,0.0
2025-05-02 04:45,0.0
2025-05-02 05:00,0.0
2025-05-02 05:15,0.0
2025-05-02 05:30,0.008855
2025-05-02 05:45,0.0
2025-05-02 06:00,0.17022
2025-05-02 06:15,0.178091
2025-05-02 06:30,0.004045
2025-05-02 06:45,0.003826
2025-05-02 07:00,0.082978
2025-05-02 07:15,0.122554
2025-05-02 07:30,0.094785
2025-05-02 07:45,0.0
2025-05-02 08:00,0.0
2025-05-02 08:15,0.003826
2025-05-02 08:30,0.0
2025-05-02 08:45,0.0
2025-05-02 09:00,0.0
2025-05-02 09:15,0.0
2025-05-02 09:30,0.0
2025-05-02 09:45,0.0
2025-05-02 10:00,0.0
2025-05-02 10:15,0.033344
2025-05-02 10:30,0.0
2025-05-02 10:45,0.0
2025-05-02 11:00,0.0
2025-05-02 11:15,0.0
2025-05-02 11:30,0.0
2025-05-02 11:45,0.0
2025-05-02 12:00,0.0
2025-05-02 12:15,0.0
2025-05-02 12:30,0.0
2025-05-02 12:45,0.0
2025-05-02 13:00,0.0
2025-05-02 13:15,0.0
2025-05-02 13:30,0.0
2025-05-02 13:45,0.0
2025-05-02 14:00,0.082978
2025-05-02 14:15,0.0
2025-05-02 14:30,0.0
2025-05-02 14:45,0.0
2025-05-02 15:00,0.0
2025-05-02 15:15,0.0
2025-05-02 15:30,0.0
2025-05-02 15:45,0.0
2025-05-02 16:00,0.0
2025-05-02 16:15,0.0
2025-05-02 16:30,0.0
2025-05-02 16:45,0.0
2025-05-02 17:00,0.0
2025-05-02 17:15,0.0
2025-05-02 17:30,0.0
2025-05-02 17:45,0.0
2025-05-02 18:00,0.0
2025-05-02 18:15,0.0
2025-05-02 18:30,0.159397
2025-05-02 18:45,0.0
2025-05-02 19:00,0.0
2025-05-02 19:15,0.0
2025-05-02 19:30,0.0
2025-05-02 19:45,0.0
2025-05-02 20:00,0.0
2025-05-02 20:15,0.0
2025-05-02 20:30,0.0
2025-05-02 20:45,0.0
2025-05-02 21:00,0.0
2025-05-02 21:15,0.0
2025-05-02 21:30,0.0
2025-05-02 21:45,0.0
2025-05-02 22:00,0.0
2025-05-02 22:15,0.0
2025-05-02 22:30,0.0
2025-05-02 22:45,0.0
2025-05-02 23:00,0.0
2025-05-02 23:15,0.0
2025-05-02 23:30,0.0
2025-05-02 23:45,0.0
2025-05-03 00:00,0.0
2025-05-03 00:15,0.0
2025-05-03 00:30,0.0
2025-05-03 00:45,0.0
2025-05-03 01:00,0.0
2025-05-03 01:15,0.0
2025-05-03 01:30,0.0
2025-05-03 01:45,0.0
2025-05-03 02:00,0.0
2025-05-03 02:15,0.0
2025-05-03 02:30,0.0
2025-05-03 02:45,0.0
2025-05-03 03:00,0.0
2025-05-03 03:15,0.0
2025-05-03 03:30,0.0
2025-05-03 03:45,0.0
2025-05-03 04:00,0.0
2025-05-03 04:15,0.0
2025-05-03 04:30,0.0
2025-05-03 04:45,0.0
2025-05-03 05:00,0.0
2025-05-03 05:15,0.009949
2025-05-03 05:30,0.0
2025-05-03 05:45,0.0
2025-05-03 06:00,0.0
2025-05-03 06:15,0.0
2025-05-03 06:30,0.0
2025-05-03 06:45,0.0
2025-05-03 07:00,0.0
2025-05-03 07:15,0.0
2025-05-03 07:30,0.0
2025-05-03 07:45,0.0
2025-05-03 08:00,0.0
2025-05-03 08:15,0.0
2025-05-03 08:30,0.0
2025-05-03 08:45,0.0
2025-05-03 09:00,0.0
2025-05-03 09:15,0.0
2025-05-03 09:30,0.0
2025-05-03 09:45,0.082978
2025-05-03 10:00,0.0
2025-05-03 10:15,0.0
2025-05-03 10:30,0.0
2025-05-03 10:45,0.0
2025-05-03 11:00,0.0
2025-05-03 11:15,0.0
2025-05-03 11:30,0.0
2025-05-03 11:45,0.0
2025-05-03 12:00,0.0
2025-05-03 12:15,0.0
2025-05-03 12:30,0.0
2025-05-03 12:45,0.0
2025-05-03 13:00,0.0
2025-05-03 13:15,0.0
2025-05-03 13:30,0.0
2025-05-03 13:45,0.0
2025-05-03 14:00,0.0
2025-05-03 14:15,0.0
2025-05-03 14:30,0.0
2025-05-03 14:45,0.0
2025-05-03 15:00,0.0
2025-05-03 15:15,0.0
2025-05-03 15:30,0.0
2025-05-03 15:45,0.0
2025-05-03 16:00,0.0
2025-05-03 16:15,0.0
2025-05-03 16:30,0.0
2025-05-03 16:45,0.0
2025-05-03 17:00,0.0
2025-05-03 17:15,0.0
2025-05-03 17:30,0.0
2025-05-03 17:45,0.0
2025-05-03 18:00,0.0
2025-05-03 18:15,0.0
2025-05-03 18:30,0.0
2025-05-03 18:45,0.0
2025-05-03 19:00,0.0
2025-05-03 19:15,0.0
2025-05-03 19:30,0.0
2025-05-03 19:45,0.0
2025-05-03 20:00,0.0
2025-05-03 20:15,0.0
2025-05-03 20:30,0.0
2025-05-03 20:45,0.0
2025-05-03 21:00,0.0
2025-05-03 21:15,0.0
2025-05-03 21:30,0.0
2025-05-03 21:45,0.0
2025-05-03 22:00,0.0
2025-05-03 22:15,0.0
2025-05-03 22:30,0.0
2025-05-03 22:45,0.0
2025-05-03 23:00,0.0
2025-05-03 23:15,0.0
2025-05-03 23:30,0.0
2025-05-03 23:45,0.0
2025-05-04 00:00,0.0
2025-05-04 00:15,0.0
2025-05-04 00:30,0.0
2025-05-04 00:45,0.0
2025-05-04 01:00,0.0
2025-05-04 01:15,0.0
2025-05-04 01:30,0.0
2025-05-04 01:45,0.0
2025-05-04 02:00,0.0
2025-05-04 02:15,0.0
2025-05-04 02:30,0.0
2025-05-04 02:45,0.0
2025-05-04 03:00,0.0
2025-05-04 03:15,0.0
2025-05-04 03:30,0.0
2025-05-04 03:45,0.0
2025-05-04 04:00,0.0
2025-05-04 04:15,0.0
2025-05-04 04:30,0.0
2025-05-04 04:45,0.0
2025-05-04 05:00,0.0
2025-05-04 05:15,0.0
2025-05-04 05:30,0.0
2025-05-04 05:45,0.0
2025-05-04 06:00,0.0
2025-05-04 06:15,0.0
2025-05-04 06:30,0.0
2025-05-04 06:45,0.0
2025-05-04 07:00,0.0
2025-05-04 07:15,0.0
2025-05-04 07:30,0.0
2025-05-04 07:45,0.0
2025-05-04 08:00,0.0
2025-05-04 08:15,0.0
2025-05-04 08:30,0.0
2025-05-04 08:45,0.0
2025-05-04 09:00,0.0
2025-05-04 09:15,0.0
2025-05-04 09:30,0.0
2025-05-04 09:45,0.0
2025-05-04 10:00,0.0
2025-05-04 10:15,0.0
2025-05-04 10:30,0.0
2025-05-04 10:45,0.0
2025-05-04 11:00,0.0
2025-05-04 11:15,0.0
2025-05-04 11:30,0.0
2025-05-04 11:45,0.0
2025-05-04 12:00,0.0
2025-05-04 12:15,0.0
2025-05-04 12:30,0.0
2025-05-04 12:45,0.0
2025-05-04 13:00,0.0
2025-05-04 13:15,0.0
2025-05-04 13:30,0.0
2025-05-04 13:45,0.0
2025-05-04 14:00,0.0
2025-05-04 14:15,0.0
2025-05-04 14:30,0.0
2025-05-04 14:45,0.0
2025-05-04 15:00,0.0
2025-05-04 15:15,0.0
2025-05-04 15:30,0.0
2025-05-04 15:45,0.0
2025-05-04 16:00,0.0
2025-05-04 16:15,0.0
2025-05-04 16:30,0.0
2025-05-04 16:45,0.0
2025-05-04 17:00,0.0
2025-05-04 17:15,0.0
2025-05-04 17:30,0.0
2025-05-04 17:45,0.0
2025-05-04 18:00,0.0
2025-05-04 18:15,0.0
2025-05-04 18:30,0.0
2025-05-04 18:45,0.0
2025-05-04 19:00,0.0
2025-05-04 19:15,0.0
2025-05-04 19:30,0.0
2025-05-04 19:45,0.0
2025-05-04 20:00,0.0
2025-05-04 20:15,0.0
2025-05-04 20:30,0.0
2025-05-04 20:45,0.0
2025-05-04 21:00,0.0
2025-05-04 21:15,0.0
2025-05-04 21:30,0.0
2025-05-04 21:45,0.0
2025-05-04 22:00,0.0
2025-05-04 22:15,0.0
2025-05-04 22:30,0.0
2025-05-04 22:45,0.0
2025-05-04 23:00,0.0
2025-05-04 23:15,0.0
2025-05-04 23:30,0.0
2025-05-04 23:45,0.0
2025-05-05 00:00,0.0
2025-05-05 00:15,0.0
2025-05-05 00:30,0.0
2025-05-05 00:45,0.0
2025-05-05 01:00,0.0
2025-05-05 01:15,0.0
2025-05-05 01:30,0.0
2025-05-05 01:45,0.0
2025-05-05 02:00,0.0
2025-05-05 02:15,0.0
2025-05-05 02:30,0.0
2025-05-05 02:45,0.0
2025-05-05 03:00,0.0
2025-05-05 03:15,0.0
2025-05-05 03:30,0.0
2025-05-05 03:45,0.0
2025-05-05 04:00,0.0
2025-05-05 04:15,0.0
2025-05-05 04:30,0.004045
2025-05-05 04:45,0.0
2025-05-05 05:00,0.0
2025-05-05 05:15,0.0
2025-05-05 05:30,0.0
2025-05-05 05:45,0.083197
2025-05-05 06:00,0.0
2025-05-05 06:15,0.0
2025-05-05 06:30,0.0
2025-05-05 06:45,0.082978
2025-05-05 07:00,0.0
2025-05-05 07:15,0.0
2025-05-05 07:30,0.007871
2025-05-05 07:45,0.007871
2025-05-05 08:00,0.0
2025-05-05 08:15,0.0
2025-05-05 08:30,0.0
2025-05-05 08:45,0.004045
2025-05-05 09:00,0.0
2025-05-05 09:15,0.0
2025-05-05 09:30,0.0
2025-05-05 09:45,0.0
2025-05-05 10:00,0.0
2025-05-05 10:15,0.0
2025-05-05 10:30,0.0
2025-05-05 10:45,0.0
2025-05-05 11:00,0.0
2025-05-05 11:15,0.0
2025-05-05 11:30,0.0
2025-05-05 11:45,0.0
2025-05-05 12:00,0.0
2025-05-05 12:15,0.0
2025-05-05 12:30,0.0
2025-05-05 12:45,0.0
2025-05-05 13:00,0.0
2025-05-05 13:15,0.0
2025-05-05 13:30,0.0
2025-05-05 13:45,0.0
2025-05-05 14:00,0.0
2025-05-05 14:15,0.0
2025-05-05 14:30,0.0
2025-05-05 14:45,0.0
2025-05-05 15:00,0.0
2025-05-05 15:15,0.0
2025-05-05 15:30,0.0
2025-05-05 15:45,0.0
2025-05-05 16:00,0.0
2025-05-05 16:15,0.0
2025-05-05 16:30,0.0
2025-05-05 16:45,0.0
2025-05-05 17:00,0.0
2025-05-05 17:15,0.0
2025-05-05 17:30,0.0
2025-05-05 17:45,0.0
2025-05-05 18:00,0.004045
2025-05-05 18:15,0.0
2025-05-05 18:30,0.0
2025-05-05 18:45,0.0
2025-05-05 19:00,0.0
2025-05-05 19:15,0.0
2025-05-05 19:30,0.0
2025-05-05 19:45,0.0
2025-05-05 20:00,0.0
2025-05-05 20:15,0.0
2025-05-05 20:30,0.0
2025-05-05 20:45,0.0
2025-05-05 21:00,0.0
2025-05-05 21:15,0.0
2025-05-05 21:30,0.0
2025-05-05 21:45,0.086804
2025-05-05 22:00,0.0
2025-05-05 22:15,0.0
2025-05-05 22:30,0.041161
2025-05-05 22:45,0.0
2025-05-05 23:00,0.0
2025-05-05 23:15,0.0
2025-05-05 23:30,0.0
2025-05-05 23:45,0.0
2025-05-06 00:00,0.0
2025-05-06 00:15,0.008527
2025-05-06 00:30,0.0
2025-05-06 00:45,0.0
2025-05-06 01:00,0.0
2025-05-06 01:15,0.0
2025-05-06 01:30,0.0
2025-05-06 01:45,0.0
2025-05-06 02:00,0.0
2025-05-06 02:15,0.0
2025-05-06 02:30,0.0
2025-05-06 02:45,0.0
2025-05-06 03:00,0.0
2025-05-06 03:15,0.0
2025-05-06 03:30,0.0
2025-05-06 03:45,0.0
2025-05-06 04:00,0.0
2025-05-06 04:15,0.0
2025-05-06 04:30,0.0
2025-05-06 04:45,0.0
2025-05-06 05:00,0.0
2025-05-06 05:15,0.0
2025-05-06 05:30,0.0
2025-05-06 05:45,0.054553
2025-05-06 06:00,0.0
2025-05-06 06:15,0.0
2025-05-06 06:30,0.0
2025-05-06 06:45,0.0
2025-05-06 07:00,0.0
2025-05-06 07:15,0.083197
2025-05-06 07:30,0.0
2025-05-06 07:45,0.0
2025-05-06 08:00,0.0
2025-05-06 08:15,0.0
2025-05-06 08:30,0.0
2025-05-06 08:45,0.0
2025-05-06 09:00,0.0
2025-05-06 09:15,0.0
2025-05-06 09:30,0.0
2025-05-06 09:45,0.0
2025-05-06 10:00,0.0
2025-05-06 10:15,0.0
2025-05-06 10:30,0.0
2025-05-06 10:45,0.0
2025-05-06 11:00,0.0
2025-05-06 11:15,0.0
2025-05-06 11:30,0.0
2025-05-06 11:45,0.0
2025-05-06 12:00,0.0
2025-05-06 12:15,0.0
2025-05-06 12:30,0.0
2025-05-06 12:45,0.0
2025-05-06 13:00,0.0
2025-05-06 13:15,0.0
2025-05-06 13:30,0.0
2025-05-06 13:45,0.0
2025-05-06 14:00,0.0
2025-05-06 14:15,0.0
2025-05-06 14:30,0.0
2025-05-06 14:45,0.0
2025-05-06 15:00,0.0
2025-05-06 15:15,0.0
2025-05-06 15:30,0.0
2025-05-06 15:45,0.0
2025-05-06 16:00,0.0
2025-05-06 16:15,0.0
2025-05-06 16:30,0.0
2025-05-06 16:45,0.0
2025-05-06 17:00,0.0
2025-05-06 17:15,0.0
2025-05-06 17:30,0.0
2025-05-06 17:45,0.0
2025-05-06 18:00,0.0
2025-05-06 18:15,0.0
2025-05-06 18:30,0.0
2025-05-06 18:45,0.0
2025-05-06 19:00,0.0
2025-05-06 19:15,0.0
2025-05-06 19:30,0.0
2025-05-06 19:45,0.0
2025-05-06 20:00,0.0
2025-05-06 20:15,0.0
2025-05-06 20:30,0.0
2025-05-06 20:45,0.0
2025-05-06 21:00,0.004045
2025-05-06 21:15,0.0
2025-05-06 21:30,0.00809
2025-05-06 21:45,0.0
2025-05-06 22:00,0.0
2025-05-06 22:15,0.0
2025-05-06 22:30,0.0
2025-05-06 22:45,0.004045
2025-05-06 23:00,0.0
2025-05-06 23:15,0.004045
2025-05-06 23:30,0.095332
2025-05-06 23:45,0.0
2025-05-07 00:00,0.004045
2025-05-07 00:00,0.000197
2025-05-07 00:15,0.000197
2025-05-07 00:30,0.0
2025-05-07 00:45,0.00461
2025-05-07 01:00,0.017592
2025-05-07 01:15,0.000789
2025-05-07 01:30,0.000733
2025-05-07 01:45,0.000289
2025-05-07 02:00,0.0
2025-05-07 02:15,0.0
2025-05-07 02:30,0.003742
2025-05-07 02:45,0.008456
2025-05-07 03:00,0.0
2025-05-07 03:15,0.0
2025-05-07 03:30,0.000563
2025-05-07 03:45,0.0
2025-05-07 04:00,0.000186
2025-05-07 04:15,0.004042
2025-05-07 04:30,0.00093
2025-05-07 04:45,0.000197
2025-05-07 05:00,0.004042
2025-05-07 05:15,0.0
2025-05-07 05:30,0.000372
2025-05-07 05:45,0.0
2025-05-07 06:00,0.016126
2025-05-07 06:15,0.001296
2025-05-07 06:30,0.000648
2025-05-07 06:45,0.000393
2025-05-07 07:00,0.016497
2025-05-07 07:15,0.008642
2025-05-07 07:30,0.007744
2025-05-07 07:45,0.0
2025-05-07 08:00,0.0
2025-05-07 08:15,0.0
2025-05-07 08:30,0.000398
2025-05-07 08:45,0.0
2025-05-07 09:00,0.000279
2025-05-07 09:15,0.000197
2025-05-07 09:30,0.0
2025-05-07 09:45,0.0
2025-05-07 10:00,0.0
2025-05-07 10:15,0.0
2025-05-07 10:30,0.0
2025-05-07 10:45,0.0
2025-05-07 11:00,0.0
2025-05-07 11:15,0.0
2025-05-07 11:30,0.0
2025-05-07 11:45,0.0
2025-05-07 12:00,0.0
2025-05-07 12:15,0.0
2025-05-07 12:30,0.0
2025-05-07 12:45,0.0
2025-05-07 13:00,0.0
2025-05-07 13:15,0.0
2025-05-07 13:30,0.0
2025-05-07 13:45,0.0
2025-05-07 14:00,0.0
2025-05-07 14:15,0.0
2025-05-07 14:30,0.0
2025-05-07 14:45,0.0
2025-05-07 15:00,0.0
2025-05-07 15:15,0.0
2025-05-07 15:30,0.0
2025-05-07 15:45,0.0
2025-05-07 16:00,0.0
2025-05-07 16:15,0.0
2025-05-07 16:30,0.0
2025-05-07 16:45,0.0
2025-05-07 17:00,0.0
2025-05-07 17:15,0.0
2025-05-07 17:30,0.0
2025-05-07 17:45,0.0
2025-05-07 18:00,0.0
2025-05-07 18:15,0.0
2025-05-07 18:30,0.0
2025-05-07 18:45,0.0
2025-05-07 19:00,0.0
2025-05-07 19:15,0.0
2025-05-07 19:30,0.0
2025-05-07 19:45,0.0
2025-05-07 20:00,0.0
2025-05-07 20:15,0.0
2025-05-07 20:30,0.0
2025-05-07 20:45,0.0
2025-05-07 21:00,0.0
2025-05-07 21:15,0.0
2025-05-07 21:30,0.0
2025-05-07 21:45,0.000197
2025-05-07 22:00,0.000197
2025-05-07 22:15,0.0
2025-05-07 22:30,0.0
2025-05-07 22:45,0.0
2025-05-07 23:00,0.0
2025-05-07 23:15,0.0
2025-05-07 23:30,0.008435
2025-05-07 23:45,0.008435
2025-05-08 00:00,0.030759
2025-05-08 00:15,0.0
2025-05-08 00:30,0.008063
2025-05-08 00:45,0.000197
2025-05-08 01:00,0.000197
2025-05-08 01:15,0.004042
2025-05-08 01:30,0.00563
2025-05-08 01:45,0.0
2025-05-08 02:00,0.0
2025-05-08 02:15,0.0
2025-05-08 02:30,0.0
2025-05-08 02:45,0.0
2025-05-08 03:00,0.0
2025-05-08 03:15,0.0
2025-05-08 03:30,0.0
2025-05-08 03:45,0.000366
2025-05-08 04:00,0.0
2025-05-08 04:15,0.0
2025-05-08 04:30,0.008063
2025-05-08 04:45,0.008259
2025-05-08 05:00,0.000186
2025-05-08 05:15,0.0
2025-05-08 05:30,0.0
2025-05-08 05:45,0.0
2025-05-08 06:00,0.0
2025-05-08 06:15,0.000207
2025-05-08 06:30,0.0
2025-05-08 06:45,0.0
2025-05-08 07:00,0.0
2025-05-08 07:15,0.004228
2025-05-08 07:30,0.0
2025-05-08 07:45,0.0
2025-05-08 08:00,0.004031
2025-05-08 08:15,0.016126
2025-05-08 08:30,0.0
2025-05-08 08:45,0.000988
2025-05-08 09:00,0.0
2025-05-08 09:15,0.0
2025-05-08 09:30,0.0
2025-05-08 09:45,0.0
2025-05-08 10:00,0.008063
2025-05-08 10:15,0.0
2025-05-08 10:30,0.0
2025-05-08 10:45,0.0
2025-05-08 11:00,0.0
2025-05-08 11:15,0.000186
2025-05-08 11:30,0.0
2025-05-08 11:45,0.0
2025-05-08 12:00,0.0
2025-05-08 12:15,0.0
2025-05-08 12:30,0.0
2025-05-08 12:45,0.0
2025-05-08 13:00,0.0
2025-05-08 13:15,0.0
2025-05-08 13:30,0.0
2025-05-08 13:45,0.0
2025-05-08 14:00,0.0
2025-05-08 14:15,0.0
2025-05-08 14:30,0.0
2025-05-08 14:45,0.0
2025-05-08 15:00,0.0
2025-05-08 15:15,0.0
2025-05-08 15:30,0.0
2025-05-08 15:45,0.0
2025-05-08 16:00,0.0
2025-05-08 16:15,0.0
2025-05-08 16:30,0.0
2025-05-08 16:45,0.0
2025-05-08 17:00,0.0
2025-05-08 17:15,0.0
2025-05-08 17:30,0.0
2025-05-08 17:45,0.0
2025-05-08 18:00,0.0
2025-05-08 18:15,0.0
2025-05-08 18:30,0.0
2025-05-08 18:45,0.0
2025-05-08 19:00,0.0
2025-05-08 19:15,0.0
2025-05-08 19:30,0.004042
2025-05-08 19:45,0.0
2025-05-08 20:00,0.0
2025-05-08 20:15,0.0
2025-05-08 20:30,0.0
2025-05-08 20:45,0.0
2025-05-08 21:00,0.0
2025-05-08 21:15,0.0
2025-05-08 21:30,0.0
2025-05-08 21:45,0.0
2025-05-08 22:00,0.0
2025-05-08 22:15,0.0
2025-05-08 22:30,0.0
2025-05-08 22:45,0.008259
2025-05-08 23:00,0.0
2025-05-08 23:15,0.0
2025-05-08 23:30,0.000579
2025-05-08 23:45,0.047346
2025-05-09 00:00,0.004031
2025-05-09 00:15,0.001785
2025-05-09 00:30,0.0
2025-05-09 00:45,0.0
2025-05-09 01:00,0.000197
2025-05-09 01:15,0.0
2025-05-09 01:30,0.000197
2025-05-09 01:45,0.008063
2025-05-09 02:00,0.0
2025-05-09 02:15,0.000197
2025-05-09 02:30,0.000197
2025-05-09 02:45,0.0
2025-05-09 03:00,0.000568
2025-05-09 03:15,0.0
2025-05-09 03:30,0.0
2025-05-09 03:45,0.000186
2025-05-09 04:00,0.0
2025-05-09 04:15,0.000393
2025-05-09 04:30,0.0
2025-05-09 04:45,0.000197
2025-05-09 05:00,0.00059
2025-05-09 05:15,0.0
2025-05-09 05:30,0.000197
2025-05-09 05:45,0.008063
2025-05-09 06:00,0.001474
2025-05-09 06:15,0.000579
2025-05-09 06:30,0.0
2025-05-09 06:45,0.0
2025-05-09 07:00,0.008456
2025-05-09 07:15,0.0
2025-05-09 07:30,0.00085
2025-05-09 07:45,0.001588
2025-05-09 08:00,0.003378
2025-05-09 08:15,0.0
2025-05-09 08:30,0.0
2025-05-09 08:45,0.0
2025-05-09 09:00,0.0
2025-05-09 09:15,0.0
2025-05-09 09:30,0.0
2025-05-09 09:45,0.004042
2025-05-09 10:00,0.004042
2025-05-09 10:15,0.0
2025-05-09 10:30,0.0
2025-05-09 10:45,0.0
2025-05-09 11:00,0.0
2025-05-09 11:15,0.0
2025-05-09 11:30,0.0
2025-05-09 11:45,0.0
2025-05-09 12:00,0.0
2025-05-09 12:15,0.0
2025-05-09 12:30,0.0
2025-05-09 12:45,0.0
2025-05-09 13:00,0.0
2025-05-09 13:15,0.0
2025-05-09 13:30,0.0
2025-05-09 13:45,0.0
2025-05-09 14:00,0.0
2025-05-09 14:15,0.0
2025-05-09 14:30,0.0
2025-05-09 14:45,0.0
2025-05-09 15:00,0.0
2025-05-09 15:15,0.0
2025-05-09 15:30,0.0
2025-05-09 15:45,0.0
2025-05-09 16:00,0.0
2025-05-09 16:15,0.004042
2025-05-09 16:30,0.0
2025-05-09 16:45,0.0
2025-05-09 17:00,0.0
2025-05-09 17:15,0.0
2025-05-09 17:30,0.0
2025-05-09 17:45,0.0
2025-05-09 18:00,0.0
2025-05-09 18:15,0.0
2025-05-09 18:30,0.0
2025-05-09 18:45,0.0
2025-05-09 19:00,0.0
2025-05-09 19:15,0.0
2025-05-09 19:30,0.0
2025-05-09 19:45,0.0
2025-05-09 20:00,0.0
2025-05-09 20:15,0.0
2025-05-09 20:30,0.0
2025-05-09 20:45,0.0
2025-05-09 21:00,0.0
2025-05-09 21:15,0.0
2025-05-09 21:30,0.0
2025-05-09 21:45,0.0
2025-05-09 22:00,0.0
2025-05-09 22:15,0.0
2025-05-09 22:30,0.0
2025-05-09 22:45,0.0
2025-05-09 23:00,0.0
2025-05-09 23:15,0.0
2025-05-09 23:30,0.0
2025-05-09 23:45,0.0
2025-05-10 00:00,0.0
2025-05-10 00:15,0.0
2025-05-10 00:30,0.0
2025-05-10 00:45,0.0
2025-05-10 01:00,0.0
2025-05-10 01:15,0.0
2025-05-10 01:30,0.0
2025-05-10 01:45,0.0
2025-05-10 02:00,0.0
2025-05-10 02:15,0.0
2025-05-10 02:30,0.0
2025-05-10 02:45,0.0
2025-05-10 03:00,0.0
2025-05-10 03:15,0.0
2025-05-10 03:30,0.0
2025-05-10 03:45,0.0
2025-05-10 04:00,0.0
2025-05-10 04:15,0.0
2025-05-10 04:30,0.0
2025-05-10 04:45,0.0
2025-05-10 05:00,0.0
2025-05-10 05:15,0.0
2025-05-10 05:30,0.0
2025-05-10 05:45,0.0
2025-05-10 06:00,0.004031
2025-05-10 06:15,0.0
2025-05-10 06:30,0.0
2025-05-10 06:45,0.0
2025-05-10 07:00,0.0
2025-05-10 07:15,0.0
2025-05-10 07:30,0.0
2025-05-10 07:45,0.0
2025-05-10 08:00,0.0
2025-05-10 08:15,0.0
2025-05-10 08:30,0.0
2025-05-10 08:45,0.0
2025-05-10 09:00,0.0
2025-05-10 09:15,0.0
2025-05-10 09:30,0.0
2025-05-10 09:45,0.0
2025-05-10 10:00,0.0
2025-05-10 10:15,0.0
2025-05-10 10:30,0.0
2025-05-10 10:45,0.0
2025-05-10 11:00,0.0
2025-05-10 11:15,0.0
2025-05-10 11:30,0.0
2025-05-10 11:45,0.0
2025-05-10 12:00,0.0
2025-05-10 12:15,0.0
2025-05-10 12:30,0.0
2025-05-10 12:45,0.0
2025-05-10 13:00,0.0
2025-05-10 13:15,0.0
2025-05-10 13:30,0.0
2025-05-10 13:45,0.0
2025-05-10 14:00,0.0
2025-05-10 14:15,0.0
2025-05-10 14:30,0.0
2025-05-10 14:45,0.0
2025-05-10 15:00,0.0
2025-05-10 15:15,0.0
2025-05-10 15:30,0.0
2025-05-10 15:45,0.0
2025-05-10 16:00,0.0
2025-05-10 16:15,0.0
2025-05-10 16:30,0.0
2025-05-10 16:45,0.0
2025-05-10 17:00,0.0
2025-05-10 17:15,0.0
2025-05-10 17:30,0.0
2025-05-10 17:45,0.0
2025-05-10 18:00,0.0
2025-05-10 18:15,0.0
2025-05-10 18:30,0.0
2025-05-10 18:45,0.0
2025-05-10 19:00,0.0
2025-05-10 19:15,0.0
2025-05-10 19:30,0.0
2025-05-10 19:45,0.0
2025-05-10 20:00,0.0
2025-05-10 20:15,0.0
2025-05-10 20:30,0.0
2025-05-10 20:45,0.0
2025-05-10 21:00,0.0
2025-05-10 21:15,0.0
2025-05-10 21:30,0.0
2025-05-10 21:45,0.0
2025-05-10 22:00,0.0
2025-05-10 22:15,0.0
2025-05-10 22:30,0.0
2025-05-10 22:45,0.0
2025-05-10 23:00,0.0
2025-05-10 23:15,0.0
2025-05-10 23:30,0.0
2025-05-10 23:45,0.0
2025-05-11 00:00,0.0
2025-05-11 00:15,0.0
2025-05-11 00:30,0.0
2025-05-11 00:45,0.0
2025-05-11 01:00,0.0
2025-05-11 01:15,0.0
2025-05-11 01:30,0.0
2025-05-11 01:45,0.0
2025-05-11 02:00,0.0
2025-05-11 02:15,0.0
2025-05-11 02:30,0.0
2025-05-11 02:45,0.0
2025-05-11 03:00,0.0
2025-05-11 03:15,0.0
2025-05-11 03:30,0.0
2025-05-11 03:45,0.0
2025-05-11 04:00,0.0
2025-05-11 04:15,0.0
2025-05-11 04:30,0.0
2025-05-11 04:45,0.0
2025-05-11 05:00,0.0
2025-05-11 05:15,0.0
2025-05-11 05:30,0.0
2025-05-11 05:45,0.0
2025-05-11 06:00,0.0
2025-05-11 06:15,0.0
2025-05-11 06:30,0.0
2025-05-11 06:45,0.0
2025-05-11 07:00,0.0
2025-05-11 07:15,0.0
2025-05-11 07:30,0.000197
2025-05-11 07:45,0.0
2025-05-11 08:00,0.0
2025-05-11 08:15,0.0
2025-05-11 08:30,0.0
2025-05-11 08:45,0.0
2025-05-11 09:00,0.0
2025-05-11 09:15,0.0
2025-05-11 09:30,0.0
2025-05-11 09:45,0.0
2025-05-11 10:00,0.0
2025-05-11 10:15,0.0
2025-05-11 10:30,0.0
2025-05-11 10:45,0.0
2025-05-11 11:00,0.0
2025-05-11 11:15,0.0
2025-05-11 11:30,0.0
2025-05-11 11:45,0.0
2025-05-11 12:00,0.0
2025-05-11 12:15,0.0
2025-05-11 12:30,0.0
2025-05-11 12:45,0.0
2025-05-11 13:00,0.0
2025-05-11 13:15,0.0
2025-05-11 13:30,0.0
2025-05-11 13:45,0.003899
2025-05-11 14:00,0.0
2025-05-11 14:15,0.0
2025-05-11 14:30,0.0
2025-05-11 14:45,0.0
2025-05-11 15:00,0.0
2025-05-11 15:15,0.0
2025-05-11 15:30,0.0
2025-05-11 15:45,0.0
2025-05-11 16:00,0.0
2025-05-11 16:15,0.0
2025-05-11 16:30,0.0
2025-05-11 16:45,0.0
2025-05-11 17:00,0.0
2025-05-11 17:15,0.0
2025-05-11 17:30,0.0
2025-05-11 17:45,0.0
2025-05-11 18:00,0.0
2025-05-11 18:15,0.0
2025-05-11 18:30,0.0
2025-05-11 18:45,0.0
2025-05-11 19:00,0.0
2025-05-11 19:15,0.0
2025-05-11 19:30,0.0
2025-05-11 19:45,0.0
2025-05-11 20:00,0.0
2025-05-11 20:15,0.0
2025-05-11 20:30,0.0
2025-05-11 20:45,0.0
2025-05-11 21:00,0.0
2025-05-11 21:15,0.0
2025-05-11 21:30,0.0
2025-05-11 21:45,0.0
2025-05-11 22:00,0.0
2025-05-11 22:15,0.0
2025-05-11 22:30,0.0
2025-05-11 22:45,0.0
2025-05-11 23:00,0.0
2025-05-11 23:15,0.004239
2025-05-11 23:30,0.005835
2025-05-11 23:45,0.004217
2025-05-12 00:00,0.0
2025-05-12 00:15,0.0
2025-05-12 00:30,0.008063
2025-05-12 00:45,0.000197
2025-05-12 01:00,0.0
2025-05-12 01:15,0.0093
2025-05-12 01:30,0.0
2025-05-12 01:45,0.008063
2025-05-12 02:00,0.0
2025-05-12 02:15,0.004031
2025-05-12 02:30,0.008073
2025-05-12 02:45,0.008063
2025-05-12 03:00,0.0
2025-05-12 03:15,0.008259
2025-05-12 03:30,0.00388
2025-05-12 03:45,0.000197
2025-05-12 04:00,0.0
2025-05-12 04:15,0.002263
2025-05-12 04:30,0.0
2025-05-12 04:45,0.016126
2025-05-12 05:00,0.0
2025-05-12 05:15,0.000372
2025-05-12 05:30,0.008522
2025-05-12 05:45,0.000584
2025-05-12 06:00,0.004175
2025-05-12 06:15,0.0
2025-05-12 06:30,0.0
2025-05-12 06:45,0.0
2025-05-12 07:00,0.0
2025-05-12 07:15,0.008063
2025-05-12 07:30,0.007744
2025-05-12 07:45,0.000847
2025-05-12 08:00,0.008153
2025-05-12 08:15,0.008063
2025-05-12 08:30,0.0
2025-05-12 08:45,0.0
2025-05-12 09:00,0.0
2025-05-12 09:15,0.0
2025-05-12 09:30,0.0
2025-05-12 09:45,0.0
2025-05-12 10:00,0.0
2025-05-12 10:15,0.0
2025-05-12 10:30,0.0
2025-05-12 10:45,0.0
2025-05-12 11:00,0.0
2025-05-12 11:15,0.0
2025-05-12 11:30,0.0
2025-05-12 11:45,0.004031
2025-05-12 12:00,0.0
2025-05-12 12:15,0.0
2025-05-12 12:30,0.0
2025-05-12 12:45,0.0
2025-05-12 13:00,0.0
2025-05-12 13:15,0.0
2025-05-12 13:30,0.0
2025-05-12 13:45,0.0
2025-05-12 14:00,0.0
2025-05-12 14:15,0.0
2025-05-12 14:30,0.0
2025-05-12 14:45,0.0
2025-05-12 15:00,0.0
2025-05-12 15:15,0.0
2025-05-12 15:30,0.0
2025-05-12 15:45,0.0
2025-05-12 16:00,0.0
2025-05-12 16:15,0.0
2025-05-12 16:30,0.0
2025-05-12 16:45,0.0
2025-05-12 17:00,0.0
2025-05-12 17:15,0.0
2025-05-12 17:30,0.0
2025-05-12 17:45,0.0
2025-05-12 18:00,0.0
2025-05-12 18:15,0.0
2025-05-12 18:30,0.0
2025-05-12 18:45,0.0
2025-05-12 19:00,0.0
2025-05-12 19:15,0.0
2025-05-12 19:30,0.0
2025-05-12 19:45,0.0
2025-05-12 20:00,0.0
2025-05-12 20:15,0.0
2025-05-12 20:30,0.0
2025-05-12 20:45,0.0
2025-05-12 21:00,0.0
2025-05-12 21:15,0.0
2025-05-12 21:30,0.0
2025-05-12 21:45,0.004228
2025-05-12 22:00,0.0
2025-05-12 22:15,0.0
2025-05-12 22:30,0.0
2025-05-12 22:45,0.0
2025-05-12 23:00,0.0
2025-05-12 23:15,0.001246
2025-05-12 23:30,0.000218
2025-05-12 23:45,0.009327
2025-05-13 00:00,0.008652
2025-05-13 00:15,0.000372
2025-05-13 00:30,0.005001
2025-05-13 00:45,0.00563
2025-05-13 01:00,0.0
2025-05-13 01:15,0.004042
2025-05-13 01:30,0.016126
2025-05-13 01:45,0.0
2025-05-13 02:00,0.0
2025-05-13 02:15,0.0
2025-05-13 02:30,0.0
2025-05-13 02:45,0.0
2025-05-13 03:00,0.0
2025-05-13 03:15,0.0
2025-05-13 03:30,0.000372
2025-05-13 03:45,0.0046
2025-05-13 04:00,0.0
2025-05-13 04:15,0.008063
2025-05-13 04:30,0.024188
2025-05-13 04:45,0.004228
2025-05-13 05:00,0.000536
2025-05-13 05:15,0.012094
2025-05-13 05:30,0.008073
2025-05-13 05:45,0.0
2025-05-13 06:00,0.008435
2025-05-13 06:15,0.0
2025-05-13 06:30,0.0
2025-05-13 06:45,0.0
2025-05-13 07:00,0.000568
2025-05-13 07:15,0.0
2025-05-13 07:30,0.0
2025-05-13 07:45,0.000186
2025-05-13 08:00,0.0
2025-05-13 08:15,0.000197
2025-05-13 08:30,0.0
2025-05-13 08:45,0.0
2025-05-13 09:00,0.0
2025-05-13 09:15,0.0
2025-05-13 09:30,0.0
2025-05-13 09:45,0.0
2025-05-13 10:00,0.0
2025-05-13 10:15,0.0
2025-05-13 10:30,0.0
2025-05-13 10:45,0.0
2025-05-13 11:00,0.0
2025-05-13 11:15,0.0
2025-05-13 11:30,0.0
2025-05-13 11:45,0.0
2025-05-13 12:00,0.0
2025-05-13 12:15,0.0
2025-05-13 12:30,0.0
2025-05-13 12:45,0.0
2025-05-13 13:00,0.002605
2025-05-13 13:15,0.0
2025-05-13 13:30,0.0
2025-05-13 13:45,0.0
2025-05-13 14:00,0.0
2025-05-13 14:15,0.0
2025-05-13 14:30,0.0
2025-05-13 14:45,0.0
2025-05-13 15:00,0.0
2025-05-13 15:15,0.0
2025-05-13 15:30,0.0
2025-05-13 15:45,0.0
2025-05-13 16:00,0.0
2025-05-13 16:15,0.0
2025-05-13 16:30,0.0
2025-05-13 16:45,0.0
2025-05-13 17:00,0.0
2025-05-13 17:15,0.0
2025-05-13 17:30,0.0
2025-05-13 17:45,0.0
2025-05-13 18:00,0.0
2025-05-13 18:15,0.0
2025-05-13 18:30,0.0
2025-05-13 18:45,0.0
2025-05-13 19:00,0.0
2025-05-13 19:15,0.0
2025-05-13 19:30,0.0
2025-05-13 19:45,0.00034
2025-05-13 20:00,0.0
2025-05-13 20:15,0.0
2025-05-13 20:30,0.0
2025-05-13 20:45,0.0
2025-05-13 21:00,0.0
2025-05-13 21:15,0.0
2025-05-13 21:30,0.0
2025-05-13 21:45,0.006528
2025-05-13 22:00,0.0
2025-05-13 22:15,0.0
2025-05-13 22:30,0.0
2025-05-13 22:45,0.0
2025-05-13 23:00,0.007973
2025-05-13 23:15,0.033489
2025-05-13 23:30,1.0
2025-05-13 23:45,0.016705
2025-05-14 00:00,0.0
2025-05-14 00:00,0.0
2025-05-14 00:15,0.0
2025-05-14 00:30,0.002978
2025-05-14 00:45,0.00103
2025-05-14 01:00,0.021121
2025-05-14 01:15,0.0
2025-05-14 01:30,0.022151
2025-05-14 01:45,0.007681
2025-05-14 02:00,0.002059
2025-05-14 02:15,0.0
2025-05-14 02:30,0.0
2025-05-14 02:45,0.0
2025-05-14 03:00,0.042243
2025-05-14 03:15,0.021121
2025-05-14 03:30,0.001948
2025-05-14 03:45,0.002978
2025-05-14 04:00,0.004953
2025-05-14 04:15,0.025824
2025-05-14 04:30,0.042243
2025-05-14 04:45,0.0
2025-05-14 05:00,0.126228
2025-05-14 05:15,0.020982
2025-05-14 05:30,0.0
2025-05-14 05:45,0.063392
2025-05-14 06:00,0.0
2025-05-14 06:15,0.044191
2025-05-14 06:30,0.021121
2025-05-14 06:45,0.021121
2025-05-14 07:00,0.150397
2025-05-14 07:15,0.0
2025-05-14 07:30,0.0
2025-05-14 07:45,0.043328
2025-05-14 08:00,0.001141
2025-05-14 08:15,0.00103
2025-05-14 08:30,0.0
2025-05-14 08:45,0.021121
2025-05-14 09:00,0.0
2025-05-14 09:15,0.0
2025-05-14 09:30,0.0
2025-05-14 09:45,0.0
2025-05-14 10:00,0.0
2025-05-14 10:15,0.0
2025-05-14 10:30,0.0
2025-05-14 10:45,0.0
2025-05-14 11:00,0.0
2025-05-14 11:15,0.0
2025-05-14 11:30,0.0
2025-05-14 11:45,0.021121
2025-05-14 12:00,0.0
2025-05-14 12:15,0.0
2025-05-14 12:30,0.0
2025-05-14 12:45,0.0
2025-05-14 13:00,0.0
2025-05-14 13:15,0.0
2025-05-14 13:30,0.0
2025-05-14 13:45,0.0
2025-05-14 14:00,0.0
2025-05-14 14:15,0.0
2025-05-14 14:30,0.0
2025-05-14 14:45,0.0
2025-05-14 15:00,0.0
2025-05-14 15:15,0.0
2025-05-14 15:30,0.0
2025-05-14 15:45,0.021121
2025-05-14 16:00,0.0
2025-05-14 16:15,0.0
2025-05-14 16:30,0.0
2025-05-14 16:45,0.0
2025-05-14 17:00,0.0
2025-05-14 17:15,0.0
2025-05-14 17:30,0.0
2025-05-14 17:45,0.0
2025-05-14 18:00,0.0
2025-05-14 18:15,0.0
2025-05-14 18:30,0.0
2025-05-14 18:45,0.0
2025-05-14 19:00,0.00103
2025-05-14 19:15,0.0
2025-05-14 19:30,0.0
2025-05-14 19:45,0.0
2025-05-14 20:00,0.0
2025-05-14 20:15,0.0
2025-05-14 20:30,0.0
2025-05-14 20:45,0.0
2025-05-14 21:00,0.0
2025-05-14 21:15,0.0
2025-05-14 21:30,0.0
2025-05-14 21:45,0.0
2025-05-14 22:00,0.0
2025-05-14 22:15,0.0
2025-05-14 22:30,0.042243
2025-05-14 22:45,0.0
2025-05-14 23:00,0.00103
2025-05-14 23:15,0.001948
2025-05-14 23:30,0.003089
2025-05-14 23:45,0.002978
2025-05-15 00:00,0.001948
2025-05-15 00:15,0.0
2025-05-15 00:30,0.0
2025-05-15 00:45,0.0
2025-05-15 01:00,0.001781
2025-05-15 01:15,0.0
2025-05-15 01:30,0.0
2025-05-15 01:45,0.021121
2025-05-15 02:00,0.0
2025-05-15 02:15,0.0
2025-05-15 02:30,0.00103
2025-05-15 02:45,0.0
2025-05-15 03:00,0.000974
2025-05-15 03:15,0.0
2025-05-15 03:30,0.0
2025-05-15 03:45,0.023181
2025-05-15 04:00,0.044302
2025-05-15 04:15,0.0
2025-05-15 04:30,0.002059
2025-05-15 04:45,0.044191
2025-05-15 05:00,0.00103
2025-05-15 05:15,0.021121
2025-05-15 05:30,0.0
2025-05-15 05:45,0.0
2025-05-15 06:00,0.0
2025-05-15 06:15,0.00103
2025-05-15 06:30,0.0
2025-05-15 06:45,0.006178
2025-05-15 07:00,0.022151
2025-05-15 07:15,0.0
2025-05-15 07:30,0.0
2025-05-15 07:45,0.021358
2025-05-15 08:00,0.0
2025-05-15 08:15,0.0
2025-05-15 08:30,0.028746
2025-05-15 08:45,0.0
2025-05-15 09:00,0.0
2025-05-15 09:15,0.0
2025-05-15 09:30,0.0
2025-05-15 09:45,0.0
2025-05-15 10:00,0.0
2025-05-15 10:15,0.0
2025-05-15 10:30,0.0
2025-05-15 10:45,0.00103
2025-05-15 11:00,0.0
2025-05-15 11:15,0.0
2025-05-15 11:30,0.0
2025-05-15 11:45,0.0
2025-05-15 12:00,0.0
2025-05-15 12:15,0.0
2025-05-15 12:30,0.0
2025-05-15 12:45,0.0
2025-05-15 13:00,0.0
2025-05-15 13:15,0.00103
2025-05-15 13:30,0.0
2025-05-15 13:45,0.0
2025-05-15 14:00,0.0
2025-05-15 14:15,0.0
2025-05-15 14:30,0.0
2025-05-15 14:45,0.0
2025-05-15 15:00,0.0
2025-05-15 15:15,0.0
2025-05-15 15:30,0.0
2025-05-15 15:45,0.0
2025-05-15 16:00,0.0
2025-05-15 16:15,0.0
2025-05-15 16:30,0.0
2025-05-15 16:45,0.0
2025-05-15 17:00,0.0
2025-05-15 17:15,0.0
2025-05-15 17:30,0.0
2025-05-15 17:45,0.0
2025-05-15 18:00,0.0
2025-05-15 18:15,0.0
2025-05-15 18:30,0.0
2025-05-15 18:45,0.0
2025-05-15 19:00,0.0
2025-05-15 19:15,0.000946
2025-05-15 19:30,0.0
2025-05-15 19:45,0.0
2025-05-15 20:00,0.0
2025-05-15 20:15,0.0
2025-05-15 20:30,0.0
2025-05-15 20:45,0.0
2025-05-15 21:00,0.0
2025-05-15 21:15,0.0
2025-05-15 21:30,0.00103
2025-05-15 21:45,0.001475
2025-05-15 22:00,0.0
2025-05-15 22:15,0.0
2025-05-15 22:30,0.0
2025-05-15 22:45,0.0
2025-05-15 23:00,0.0032
2025-05-15 23:15,0.00103
2025-05-15 23:30,0.017504
2025-05-15 23:45,0.056574
2025-05-16 00:00,0.0032
2025-05-16 00:15,0.021121
2025-05-16 00:30,0.043273
2025-05-16 00:45,0.021177
2025-05-16 01:00,0.040573
2025-05-16 01:15,0.0
2025-05-16 01:30,0.001948
2025-05-16 01:45,0.0
2025-05-16 02:00,0.0
2025-05-16 02:15,0.0
2025-05-16 02:30,0.015055
2025-05-16 02:45,0.0
2025-05-16 03:00,0.001377
2025-05-16 03:15,0.0
2025-05-16 03:30,0.002393
2025-05-16 03:45,0.0
2025-05-16 04:00,0.149436
2025-05-16 04:15,0.00103
2025-05-16 04:30,0.062557
2025-05-16 04:45,0.002059
2025-05-16 05:00,0.014902
2025-05-16 05:15,0.021177
2025-05-16 05:30,0.002059
2025-05-16 05:45,0.0
2025-05-16 06:00,0.0
2025-05-16 06:15,0.021121
2025-05-16 06:30,0.022151
2025-05-16 06:45,0.0
2025-05-16 07:00,0.0
2025-05-16 07:15,0.00103
2025-05-16 07:30,0.085599
2025-05-16 07:45,0.0
2025-05-16 08:00,0.0
2025-05-16 08:15,0.0
2025-05-16 08:30,0.0032
2025-05-16 08:45,0.001405
2025-05-16 09:00,0.0
2025-05-16 09:15,0.0
2025-05-16 09:30,0.0
2025-05-16 09:45,0.0
2025-05-16 10:00,0.0
2025-05-16 10:15,0.0
2025-05-16 10:30,0.0
2025-05-16 10:45,0.0
2025-05-16 11:00,0.0
2025-05-16 11:15,0.0
2025-05-16 11:30,0.0
2025-05-16 11:45,0.0
2025-05-16 12:00,0.0
2025-05-16 12:15,0.0
2025-05-16 12:30,0.0
2025-05-16 12:45,0.0
2025-05-16 13:00,0.0
2025-05-16 13:15,0.0
2025-05-16 13:30,0.0
2025-05-16 13:45,0.0
2025-05-16 14:00,0.0
2025-05-16 14:15,0.0
2025-05-16 14:30,0.0
2025-05-16 14:45,0.0
2025-05-16 15:00,0.0
2025-05-16 15:15,0.0
2025-05-16 15:30,0.0
2025-05-16 15:45,0.0
2025-05-16 16:00,0.0
2025-05-16 16:15,0.0
2025-05-16 16:30,0.0
2025-05-16 16:45,0.0
2025-05-16 17:00,0.0
2025-05-16 17:15,0.0
2025-05-16 17:30,0.0
2025-05-16 17:45,0.0
2025-05-16 18:00,0.0
2025-05-16 18:15,0.0
2025-05-16 18:30,0.0
2025-05-16 18:45,0.0
2025-05-16 19:00,0.0
2025-05-16 19:15,0.0
2025-05-16 19:30,0.0
2025-05-16 19:45,0.0
2025-05-16 20:00,0.0
2025-05-16 20:15,0.0
2025-05-16 20:30,0.0
2025-05-16 20:45,0.0
2025-05-16 21:00,0.0
2025-05-16 21:15,0.0
2025-05-16 21:30,0.0
2025-05-16 21:45,0.0
2025-05-16 22:00,0.0
2025-05-16 22:15,0.0
2025-05-16 22:30,0.0
2025-05-16 22:45,0.0
2025-05-16 23:00,0.0
2025-05-16 23:15,0.0
2025-05-16 23:30,0.0
2025-05-16 23:45,0.0
2025-05-17 00:00,0.0
2025-05-17 00:15,0.0
2025-05-17 00:30,0.0
2025-05-17 00:45,0.0
2025-05-17 01:00,0.0
2025-05-17 01:15,0.0
2025-05-17 01:30,0.021177
2025-05-17 01:45,0.0
2025-05-17 02:00,0.0
2025-05-17 02:15,0.0
2025-05-17 02:30,0.0
2025-05-17 02:45,0.0
2025-05-17 03:00,0.0
2025-05-17 03:15,0.0
2025-05-17 03:30,0.0
2025-05-17 03:45,0.0
2025-05-17 04:00,0.0
2025-05-17 04:15,0.0
2025-05-17 04:30,0.0
2025-05-17 04:45,0.001948
2025-05-17 05:00,0.0
2025-05-17 05:15,0.0
2025-05-17 05:30,0.0
2025-05-17 05:45,0.0
2025-05-17 06:00,0.0
2025-05-17 06:15,0.0
2025-05-17 06:30,0.0
2025-05-17 06:45,0.0
2025-05-17 07:00,0.0
2025-05-17 07:15,0.0
2025-05-17 07:30,0.0
2025-05-17 07:45,0.0
2025-05-17 08:00,0.0
2025-05-17 08:15,0.0
2025-05-17 08:30,0.0
2025-05-17 08:45,0.0
2025-05-17 09:00,0.00103
2025-05-17 09:15,0.0
2025-05-17 09:30,0.0
2025-05-17 09:45,0.0
2025-05-17 10:00,0.0
2025-05-17 10:15,0.0
2025-05-17 10:30,0.0
2025-05-17 10:45,0.0
2025-05-17 11:00,0.0
2025-05-17 11:15,0.0
2025-05-17 11:30,0.0
2025-05-17 11:45,0.0
2025-05-17 12:00,0.0
2025-05-17 12:15,0.0
2025-05-17 12:30,0.0
2025-05-17 12:45,0.0
2025-05-17 13:00,0.0
2025-05-17 13:15,0.0
2025-05-17 13:30,0.0
2025-05-17 13:45,0.0
2025-05-17 14:00,0.0
2025-05-17 14:15,0.0
2025-05-17 14:30,0.0
2025-05-17 14:45,0.0
2025-05-17 15:00,0.0
2025-05-17 15:15,0.0
2025-05-17 15:30,0.0
2025-05-17 15:45,0.0
2025-05-17 16:00,0.0
2025-05-17 16:15,0.0
2025-05-17 16:30,0.0
2025-05-17 16:45,0.0
2025-05-17 17:00,0.0
2025-05-17 17:15,0.0
2025-05-17 17:30,0.0
2025-05-17 17:45,0.0
2025-05-17 18:00,0.0
2025-05-17 18:15,0.0
2025-05-17 18:30,0.0
2025-05-17 18:45,0.0
2025-05-17 19:00,0.0
2025-05-17 19:15,0.0
2025-05-17 19:30,0.0
2025-05-17 19:45,0.0
2025-05-17 20:00,0.00103
2025-05-17 20:15,0.0
2025-05-17 20:30,0.0
2025-05-17 20:45,0.0
2025-05-17 21:00,0.0
2025-05-17 21:15,0.0
2025-05-17 21:30,0.0
2025-05-17 21:45,0.0
2025-05-17 22:00,0.0
2025-05-17 22:15,0.0
2025-05-17 22:30,0.0
2025-05-17 22:45,0.0
2025-05-17 23:00,0.0
2025-05-17 23:15,0.0
2025-05-17 23:30,0.0
2025-05-17 23:45,0.0
2025-05-18 00:00,0.0
2025-05-18 00:15,0.0
2025-05-18 00:30,0.0
2025-05-18 00:45,0.0
2025-05-18 01:00,0.0
2025-05-18 01:15,0.0
2025-05-18 01:30,0.0
2025-05-18 01:45,0.0
2025-05-18 02:00,0.0
2025-05-18 02:15,0.0
2025-05-18 02:30,0.0
2025-05-18 02:45,0.0
2025-05-18 03:00,0.0
2025-05-18 03:15,0.0
2025-05-18 03:30,0.0
2025-05-18 03:45,0.0
2025-05-18 04:00,0.0
2025-05-18 04:15,0.0
2025-05-18 04:30,0.0
2025-05-18 04:45,0.0
2025-05-18 05:00,0.0
2025-05-18 05:15,0.0
2025-05-18 05:30,0.0
2025-05-18 05:45,0.0
2025-05-18 06:00,0.0
2025-05-18 06:15,0.0
2025-05-18 06:30,0.0
2025-05-18 06:45,0.0
2025-05-18 07:00,0.0
2025-05-18 07:15,0.0
2025-05-18 07:30,0.0
2025-05-18 07:45,0.0
2025-05-18 08:00,0.0
2025-05-18 08:15,0.0
2025-05-18 08:30,0.0
2025-05-18 08:45,0.0
2025-05-18 09:00,0.0
2025-05-18 09:15,0.0
2025-05-18 09:30,0.0
2025-05-18 09:45,0.0
2025-05-18 10:00,0.0
2025-05-18 10:15,0.0
2025-05-18 10:30,0.0
2025-05-18 10:45,0.0
2025-05-18 11:00,0.0
2025-05-18 11:15,0.0
2025-05-18 11:30,0.0
2025-05-18 11:45,0.0
2025-05-18 12:00,0.0
2025-05-18 12:15,0.0
2025-05-18 12:30,0.0
2025-05-18 12:45,0.0
2025-05-18 13:00,0.0
2025-05-18 13:15,0.0
2025-05-18 13:30,0.0
2025-05-18 13:45,0.0
2025-05-18 14:00,0.0
2025-05-18 14:15,0.0
2025-05-18 14:30,0.0
2025-05-18 14:45,0.0
2025-05-18 15:00,0.0
2025-05-18 15:15,0.0
2025-05-18 15:30,0.0
2025-05-18 15:45,0.0
2025-05-18 16:00,0.0
2025-05-18 16:15,0.0
2025-05-18 16:30,0.0
2025-05-18 16:45,0.0
2025-05-18 17:00,0.0
2025-05-18 17:15,0.0
2025-05-18 17:30,0.0
2025-05-18 17:45,0.0
2025-05-18 18:00,0.0
2025-05-18 18:15,0.0
2025-05-18 18:30,0.0
2025-05-18 18:45,0.0
2025-05-18 19:00,0.0
2025-05-18 19:15,0.0
2025-05-18 19:30,0.0
2025-05-18 19:45,0.0
2025-05-18 20:00,0.0
2025-05-18 20:15,0.0
2025-05-18 20:30,0.0
2025-05-18 20:45,0.0
2025-05-18 21:00,0.0
2025-05-18 21:15,0.0
2025-05-18 21:30,0.0
2025-05-18 21:45,0.00935
2025-05-18 22:00,0.0
2025-05-18 22:15,0.021121
2025-05-18 22:30,0.008501
2025-05-18 22:45,0.00359
2025-05-18 23:00,0.022151
2025-05-18 23:15,0.08546
2025-05-18 23:30,0.0
2025-05-18 23:45,0.088549
2025-05-19 00:00,0.04376
2025-05-19 00:15,0.021121
2025-05-19 00:30,0.0
2025-05-19 00:45,0.0
2025-05-19 01:00,0.0
2025-05-19 01:15,0.0
2025-05-19 01:30,0.00103
2025-05-19 01:45,0.002922
2025-05-19 02:00,0.002059
2025-05-19 02:15,0.085516
2025-05-19 02:30,0.001948
2025-05-19 02:45,0.0
2025-05-19 03:00,0.003353
2025-05-19 03:15,0.0
2025-05-19 03:30,0.0
2025-05-19 03:45,0.00352
2025-05-19 04:00,0.018895
2025-05-19 04:15,0.0
2025-05-19 04:30,0.042243
2025-05-19 04:45,0.00103
2025-05-19 05:00,0.0
2025-05-19 05:15,0.016196
2025-05-19 05:30,0.0
2025-05-19 05:45,0.278586
2025-05-19 06:00,0.020509
2025-05-19 06:15,0.022513
2025-05-19 06:30,0.021121
2025-05-19 06:45,0.041603
2025-05-19 07:00,0.0
2025-05-19 07:15,0.0
2025-05-19 07:30,0.0
2025-05-19 07:45,0.00103
2025-05-19 08:00,0.0
2025-05-19 08:15,0.021177
2025-05-19 08:30,0.002059
2025-05-19 08:45,0.0
2025-05-19 09:00,0.002059
2025-05-19 09:15,0.0
2025-05-19 09:30,0.0
2025-05-19 09:45,0.0
2025-05-19 10:00,0.0
2025-05-19 10:15,0.0
2025-05-19 10:30,0.0
2025-05-19 10:45,0.0
2025-05-19 11:00,0.0
2025-05-19 11:15,0.0
2025-05-19 11:30,0.0
2025-05-19 11:45,0.0
2025-05-19 12:00,0.0
2025-05-19 12:15,0.0
2025-05-19 12:30,0.0
2025-05-19 12:45,0.0
2025-05-19 13:00,0.0
2025-05-19 13:15,0.0
2025-05-19 13:30,0.0
2025-05-19 13:45,0.0
2025-05-19 14:00,0.0
2025-05-19 14:15,0.0
2025-05-19 14:30,0.0
2025-05-19 14:45,0.0
2025-05-19 15:00,0.0
2025-05-19 15:15,0.0
2025-05-19 15:30,0.0
2025-05-19 15:45,0.0
2025-05-19 16:00,0.0
2025-05-19 16:15,0.0
2025-05-19 16:30,0.0
2025-05-19 16:45,0.0
2025-05-19 17:00,0.0
2025-05-19 17:15,0.0
2025-05-19 17:30,0.0
2025-05-19 17:45,0.0
2025-05-19 18:00,0.0
2025-05-19 18:15,0.0
2025-05-19 18:30,0.0
2025-05-19 18:45,0.0
2025-05-19 19:00,0.0
2025-05-19 19:15,0.0
2025-05-19 19:30,0.0
2025-05-19 19:45,0.0
2025-05-19 20:00,0.0
2025-05-19 20:15,0.0
2025-05-19 20:30,0.0
2025-05-19 20:45,0.0
2025-05-19 21:00,0.042243
2025-05-19 21:15,0.0
2025-05-19 21:30,0.0
2025-05-19 21:45,0.00103
2025-05-19 22:00,0.0
2025-05-19 22:15,0.0
2025-05-19 22:30,0.0
2025-05-19 22:45,0.00103
2025-05-19 23:00,0.0
2025-05-19 23:15,0.022151
2025-05-19 23:30,0.0
2025-05-19 23:45,0.0
2025-05-20 00:00,0.002978
2025-05-20 00:15,0.022207
2025-05-20 00:30,0.065424
2025-05-20 00:45,0.002087
2025-05-20 01:00,0.000974
2025-05-20 01:15,0.0
2025-05-20 01:30,0.0
2025-05-20 01:45,0.0
2025-05-20 02:00,0.00103
2025-05-20 02:15,0.0
2025-05-20 02:30,0.002045
2025-05-20 02:45,0.0
2025-05-20 03:00,0.0
2025-05-20 03:15,0.0
2025-05-20 03:30,0.003033
2025-05-20 03:45,0.0
2025-05-20 04:00,0.001948
2025-05-20 04:15,0.020384
2025-05-20 04:30,0.042243
2025-05-20 04:45,0.0
2025-05-20 05:00,0.042243
2025-05-20 05:15,0.020106
2025-05-20 05:30,0.0
2025-05-20 05:45,0.002059
2025-05-20 06:00,0.0
2025-05-20 06:15,0.00103
2025-05-20 06:30,0.00103
2025-05-20 06:45,0.005093
2025-05-20 07:00,0.002713
2025-05-20 07:15,0.0
2025-05-20 07:30,0.048198
2025-05-20 07:45,0.002978
2025-05-20 08:00,0.021121
2025-05-20 08:15,0.0
2025-05-20 08:30,0.042243
2025-05-20 08:45,0.0
2025-05-20 09:00,0.0
2025-05-20 09:15,0.0
2025-05-20 09:30,0.0
2025-05-20 09:45,0.0
2025-05-20 10:00,0.0
2025-05-20 10:15,0.0
2025-05-20 10:30,0.0
2025-05-20 10:45,0.0
2025-05-20 11:00,0.0
2025-05-20 11:15,0.0
2025-05-20 11:30,0.0
2025-05-20 11:45,0.0
2025-05-20 12:00,0.0
2025-05-20 12:15,0.0
2025-05-20 12:30,0.0
2025-05-20 12:45,0.0
2025-05-20 13:00,0.0
2025-05-20 13:15,0.0
2025-05-20 13:30,0.0
2025-05-20 13:45,0.0
2025-05-20 14:00,0.0
2025-05-20 14:15,0.0
2025-05-20 14:30,0.0
2025-05-20 14:45,0.0
2025-05-20 15:00,0.0
2025-05-20 15:15,0.0
2025-05-20 15:30,0.0
2025-05-20 15:45,0.0
2025-05-20 16:00,0.0
2025-05-20 16:15,0.0
2025-05-20 16:30,0.0
2025-05-20 16:45,0.0
2025-05-20 17:00,0.0
2025-05-20 17:15,0.0
2025-05-20 17:30,0.0
2025-05-20 17:45,0.0
2025-05-20 18:00,0.0
2025-05-20 18:15,0.0
2025-05-20 18:30,0.0
2025-05-20 18:45,0.0
2025-05-20 19:00,0.0
2025-05-20 19:15,0.0
2025-05-20 19:30,0.0
2025-05-20 19:45,0.0
2025-05-20 20:00,0.0
2025-05-20 20:15,0.0
2025-05-20 20:30,0.0
2025-05-20 20:45,0.0
2025-05-20 21:00,0.0
2025-05-20 21:15,0.0
2025-05-20 21:30,0.0
2025-05-20 21:45,0.00103
2025-05-20 22:00,0.0
2025-05-20 22:15,0.0
2025-05-20 22:30,0.0
2025-05-20 22:45,0.234729
2025-05-20 23:00,0.364603
2025-05-20 23:15,0.428524
2025-05-20 23:30,1.0
2025-05-20 23:45,0.084542
2025-05-21 00:00,0.106637
2025-05-21 00:00,0.293707
2025-05-21 00:15,0.351882
2025-05-21 00:30,0.0
2025-05-21 00:45,1.0
2025-05-21 01:00,0.005672
2025-05-21 01:15,0.177359
2025-05-21 01:30,0.058174
2025-05-21 01:45,0.002836
2025-05-21 02:00,0.0
2025-05-21 02:15,0.0
2025-05-21 02:30,0.0
2025-05-21 02:45,0.002683
2025-05-21 03:00,0.005672
2025-05-21 03:15,0.415881
2025-05-21 03:30,0.2468
2025-05-21 03:45,0.0
2025-05-21 04:00,0.820112
2025-05-21 04:15,0.116349
2025-05-21 04:30,0.0
2025-05-21 04:45,0.0
2025-05-21 05:00,0.0
2025-05-21 05:15,0.005365
2025-05-21 05:30,0.005672
2025-05-21 05:45,0.03541
2025-05-21 06:00,0.119951
2025-05-21 06:15,0.0
2025-05-21 06:30,0.0
2025-05-21 06:45,0.0
2025-05-21 07:00,0.094428
2025-05-21 07:15,0.351882
2025-05-21 07:30,0.241205
2025-05-21 07:45,0.005519
2025-05-21 08:00,0.002836
2025-05-21 08:15,0.005365
2025-05-21 08:30,0.0
2025-05-21 08:45,0.0
2025-05-21 09:00,0.0
2025-05-21 09:15,0.0
2025-05-21 09:30,0.0
2025-05-21 09:45,0.0
2025-05-21 10:00,0.0
2025-05-21 10:15,0.0
2025-05-21 10:30,0.0
2025-05-21 10:45,0.0
2025-05-21 11:00,0.0
2025-05-21 11:15,0.0
2025-05-21 11:30,0.0
2025-05-21 11:45,0.0
2025-05-21 12:00,0.0
2025-05-21 12:15,0.0
2025-05-21 12:30,0.0
2025-05-21 12:45,0.0
2025-05-21 13:00,0.0
2025-05-21 13:15,0.0
2025-05-21 13:30,0.0
2025-05-21 13:45,0.0
2025-05-21 14:00,0.0
2025-05-21 14:15,0.0
2025-05-21 14:30,0.0
2025-05-21 14:45,0.0
2025-05-21 15:00,0.0
2025-05-21 15:15,0.0
2025-05-21 15:30,0.0
2025-05-21 15:45,0.0
2025-05-21 16:00,0.0
2025-05-21 16:15,0.0
2025-05-21 16:30,0.0
2025-05-21 16:45,0.0
2025-05-21 17:00,0.0
2025-05-21 17:15,0.0
2025-05-21 17:30,0.0
2025-05-21 17:45,0.0
2025-05-21 18:00,0.0
2025-05-21 18:15,0.0
2025-05-21 18:30,0.0
2025-05-21 18:45,0.0
2025-05-21 19:00,0.0
2025-05-21 19:15,0.0
2025-05-21 19:30,0.0
2025-05-21 19:45,0.0
2025-05-21 20:00,0.0
2025-05-21 20:15,0.0
2025-05-21 20:30,0.0
2025-05-21 20:45,0.0
2025-05-21 21:00,0.0
2025-05-21 21:15,0.0
2025-05-21 21:30,0.40722
2025-05-21 21:45,0.06101
2025-05-21 22:00,0.0
2025-05-21 22:15,0.0
2025-05-21 22:30,0.0
2025-05-21 22:45,0.058328
2025-05-21 23:00,0.0
2025-05-21 23:15,0.01667
2025-05-21 23:30,0.06101
2025-05-21 23:45,0.01073
2025-05-22 00:00,0.063846
2025-05-22 00:15,0.0
2025-05-22 00:30,0.266115
2025-05-22 00:45,0.0
2025-05-22 01:00,0.016402
2025-05-22 01:15,0.290871
2025-05-22 01:30,0.354411
2025-05-22 01:45,0.002836
2025-05-22 02:00,0.0
2025-05-22 02:15,0.007435
2025-05-22 02:30,0.0
2025-05-22 02:45,0.0
2025-05-22 03:00,0.121714
2025-05-22 03:15,0.056948
2025-05-22 03:30,0.06101
2025-05-22 03:45,0.113091
2025-05-22 04:00,0.116502
2025-05-22 04:15,0.0
2025-05-22 04:30,0.0
2025-05-22 04:45,0.008124
2025-05-22 05:00,0.232697
2025-05-22 05:15,0.008354
2025-05-22 05:30,0.0
2025-05-22 05:45,0.0
2025-05-22 06:00,0.0
2025-05-22 06:15,0.085154
2025-05-22 06:30,0.11175
2025-05-22 06:45,0.0
2025-05-22 07:00,0.005825
2025-05-22 07:15,0.0
2025-05-22 07:30,0.0
2025-05-22 07:45,0.174523
2025-05-22 08:00,0.004024
2025-05-22 08:15,0.0
2025-05-22 08:30,0.0
2025-05-22 08:45,0.0
2025-05-22 09:00,0.0
2025-05-22 09:15,0.0
2025-05-22 09:30,0.0
2025-05-22 09:45,0.0
2025-05-22 10:00,0.0
2025-05-22 10:15,0.0
2025-05-22 10:30,0.0
2025-05-22 10:45,0.0
2025-05-22 11:00,0.0
2025-05-22 11:15,0.0
2025-05-22 11:30,0.0
2025-05-22 11:45,0.0
2025-05-22 12:00,0.003142
2025-05-22 12:15,0.0
2025-05-22 12:30,0.0
2025-05-22 12:45,0.0
2025-05-22 13:00,0.0
2025-05-22 13:15,0.0
2025-05-22 13:30,0.0
2025-05-22 13:45,0.0
2025-05-22 14:00,0.0
2025-05-22 14:15,0.0
2025-05-22 14:30,0.0
2025-05-22 14:45,0.002836
2025-05-22 15:00,0.0
2025-05-22 15:15,0.0
2025-05-22 15:30,0.0
2025-05-22 15:45,0.0
2025-05-22 16:00,0.0
2025-05-22 16:15,0.0
2025-05-22 16:30,0.0
2025-05-22 16:45,0.0
2025-05-22 17:00,0.0
2025-05-22 17:15,0.0
2025-05-22 17:30,0.0
2025-05-22 17:45,0.0
2025-05-22 18:00,0.0
2025-05-22 18:15,0.0
2025-05-22 18:30,0.0
2025-05-22 18:45,0.0
2025-05-22 19:00,0.0
2025-05-22 19:15,0.0
2025-05-22 19:30,0.0
2025-05-22 19:45,0.0
2025-05-22 20:00,0.0
2025-05-22 20:15,0.0
2025-05-22 20:30,0.0
2025-05-22 20:45,0.0
2025-05-22 21:00,0.0
2025-05-22 21:15,0.0
2025-05-22 21:30,0.002836
2025-05-22 21:45,0.0
2025-05-22 22:00,0.002836
2025-05-22 22:15,0.0
2025-05-22 22:30,0.005595
2025-05-22 22:45,0.0
2025-05-22 23:00,0.0
2025-05-22 23:15,0.0
2025-05-22 23:30,0.130988
2025-05-22 23:45,0.119491
2025-05-23 00:00,0.0
2025-05-23 00:15,0.002836
2025-05-23 00:30,0.002836
2025-05-23 00:45,0.073657
2025-05-23 01:00,0.06101
2025-05-23 01:15,0.125469
2025-05-23 01:30,0.0
2025-05-23 01:45,0.06101
2025-05-23 02:00,0.0
2025-05-23 02:15,0.0
2025-05-23 02:30,0.0
2025-05-23 02:45,0.058174
2025-05-23 03:00,0.0
2025-05-23 03:15,0.0
2025-05-23 03:30,0.058328
2025-05-23 03:45,0.002836
2025-05-23 04:00,0.0
2025-05-23 04:15,0.119184
2025-05-23 04:30,0.004177
2025-05-23 04:45,0.005365
2025-05-23 05:00,0.892772
2025-05-23 05:15,0.058174
2025-05-23 05:30,0.0
2025-05-23 05:45,0.005519
2025-05-23 06:00,0.002836
2025-05-23 06:15,0.121637
2025-05-23 06:30,0.0
2025-05-23 06:45,0.06354
2025-05-23 07:00,0.0
2025-05-23 07:15,0.0
2025-05-23 07:30,0.0
2025-05-23 07:45,0.0
2025-05-23 08:00,0.0
2025-05-23 08:15,0.0
2025-05-23 08:30,0.0
2025-05-23 08:45,0.056258
2025-05-23 09:00,0.063693
2025-05-23 09:15,0.0
2025-05-23 09:30,0.0
2025-05-23 09:45,0.0
2025-05-23 10:00,0.0
2025-05-23 10:15,0.0
2025-05-23 10:30,0.0
2025-05-23 10:45,0.0
2025-05-23 11:00,0.0
2025-05-23 11:15,0.0
2025-05-23 11:30,0.0
2025-05-23 11:45,0.0
2025-05-23 12:00,0.0
2025-05-23 12:15,0.0
2025-05-23 12:30,0.0
2025-05-23 12:45,0.0
2025-05-23 13:00,0.0
2025-05-23 13:15,0.0
2025-05-23 13:30,0.0
2025-05-23 13:45,0.0
2025-05-23 14:00,0.0
2025-05-23 14:15,0.0
2025-05-23 14:30,0.002836
2025-05-23 14:45,0.0
2025-05-23 15:00,0.0
2025-05-23 15:15,0.0
2025-05-23 15:30,0.0
2025-05-23 15:45,0.0
2025-05-23 16:00,0.119184
2025-05-23 16:15,0.0
2025-05-23 16:30,0.0
2025-05-23 16:45,0.0
2025-05-23 17:00,0.0
2025-05-23 17:15,0.0
2025-05-23 17:30,0.0
2025-05-23 17:45,0.0
2025-05-23 18:00,0.0
2025-05-23 18:15,0.0
2025-05-23 18:30,0.0
2025-05-23 18:45,0.0
2025-05-23 19:00,0.0
2025-05-23 19:15,0.0
2025-05-23 19:30,0.0
2025-05-23 19:45,0.0
2025-05-23 20:00,0.0
2025-05-23 20:15,0.0
2025-05-23 20:30,0.0
2025-05-23 20:45,0.0
2025-05-23 21:00,0.0
2025-05-23 21:15,0.0
2025-05-23 21:30,0.0
2025-05-23 21:45,0.0
2025-05-23 22:00,0.0
2025-05-23 22:15,0.0
2025-05-23 22:30,0.0
2025-05-23 22:45,0.0
2025-05-23 23:00,0.0
2025-05-23 23:15,0.0
2025-05-23 23:30,0.0
2025-05-23 23:45,0.0
2025-05-24 00:00,0.0
2025-05-24 00:15,0.002836
2025-05-24 00:30,0.0
2025-05-24 00:45,0.0
2025-05-24 01:00,0.0
2025-05-24 01:15,0.0
2025-05-24 01:30,0.0
2025-05-24 01:45,0.0
2025-05-24 02:00,0.0
2025-05-24 02:15,0.0
2025-05-24 02:30,0.0
2025-05-24 02:45,0.0
2025-05-24 03:00,0.0
2025-05-24 03:15,0.0
2025-05-24 03:30,0.0
2025-05-24 03:45,0.0
2025-05-24 04:00,0.0
2025-05-24 04:15,0.0
2025-05-24 04:30,0.0
2025-05-24 04:45,0.0
2025-05-24 05:00,0.0
2025-05-24 05:15,0.0
2025-05-24 05:30,0.0
2025-05-24 05:45,0.0
2025-05-24 06:00,0.0
2025-05-24 06:15,0.0
2025-05-24 06:30,0.0
2025-05-24 06:45,0.0
2025-05-24 07:00,0.0
2025-05-24 07:15,0.0
2025-05-24 07:30,0.0
2025-05-24 07:45,0.0
2025-05-24 08:00,0.0
2025-05-24 08:15,0.0
2025-05-24 08:30,0.0
2025-05-24 08:45,0.0
2025-05-24 09:00,0.0
2025-05-24 09:15,0.0
2025-05-24 09:30,0.0
2025-05-24 09:45,0.0
2025-05-24 10:00,0.0
2025-05-24 10:15,0.0
2025-05-24 10:30,0.0
2025-05-24 10:45,0.0
2025-05-24 11:00,0.0
2025-05-24 11:15,0.0
2025-05-24 11:30,0.0
2025-05-24 11:45,0.0
2025-05-24 12:00,0.0
2025-05-24 12:15,0.0
2025-05-24 12:30,0.0
2025-05-24 12:45,0.0
2025-05-24 13:00,0.0
2025-05-24 13:15,0.0
2025-05-24 13:30,0.0
2025-05-24 13:45,0.0
2025-05-24 14:00,0.0
2025-05-24 14:15,0.0
2025-05-24 14:30,0.0
2025-05-24 14:45,0.0
2025-05-24 15:00,0.0
2025-05-24 15:15,0.0
2025-05-24 15:30,0.0
2025-05-24 15:45,0.0
2025-05-24 16:00,0.0
2025-05-24 16:15,0.0
2025-05-24 16:30,0.0
2025-05-24 16:45,0.0
2025-05-24 17:00,0.0
2025-05-24 17:15,0.0
2025-05-24 17:30,0.0
2025-05-24 17:45,0.0
2025-05-24 18:00,0.0
2025-05-24 18:15,0.0
2025-05-24 18:30,0.0
2025-05-24 18:45,0.0
2025-05-24 19:00,0.0
2025-05-24 19:15,0.0
2025-05-24 19:30,0.0
2025-05-24 19:45,0.0
2025-05-24 20:00,0.0
2025-05-24 20:15,0.0
2025-05-24 20:30,0.0
2025-05-24 20:45,0.0
2025-05-24 21:00,0.0
2025-05-24 21:15,0.0
2025-05-24 21:30,0.0
2025-05-24 21:45,0.0
2025-05-24 22:00,0.0
2025-05-24 22:15,0.0
2025-05-24 22:30,0.0
2025-05-24 22:45,0.0
2025-05-24 23:00,0.0
2025-05-24 23:15,0.0
2025-05-24 23:30,0.0
2025-05-24 23:45,0.0
2025-05-25 00:00,0.0
2025-05-25 00:15,0.0
2025-05-25 00:30,0.0
2025-05-25 00:45,0.0
2025-05-25 01:00,0.0
2025-05-25 01:15,0.0
2025-05-25 01:30,0.0
2025-05-25 01:45,0.0
2025-05-25 02:00,0.0
2025-05-25 02:15,0.0
2025-05-25 02:30,0.0
2025-05-25 02:45,0.0
2025-05-25 03:00,0.0
2025-05-25 03:15,0.0
2025-05-25 03:30,0.0
2025-05-25 03:45,0.0
2025-05-25 04:00,0.0
2025-05-25 04:15,0.0
2025-05-25 04:30,0.0
2025-05-25 04:45,0.0
2025-05-25 05:00,0.0
2025-05-25 05:15,0.0
2025-05-25 05:30,0.0
2025-05-25 05:45,0.0
2025-05-25 06:00,0.0
2025-05-25 06:15,0.0
2025-05-25 06:30,0.0
2025-05-25 06:45,0.0
2025-05-25 07:00,0.0
2025-05-25 07:15,0.0
2025-05-25 07:30,0.0
2025-05-25 07:45,0.0
2025-05-25 08:00,0.0
2025-05-25 08:15,0.0
2025-05-25 08:30,0.0
2025-05-25 08:45,0.0
2025-05-25 09:00,0.0
2025-05-25 09:15,0.0
2025-05-25 09:30,0.0
2025-05-25 09:45,0.0
2025-05-25 10:00,0.0
2025-05-25 10:15,0.0
2025-05-25 10:30,0.0
2025-05-25 10:45,0.0
2025-05-25 11:00,0.0
2025-05-25 11:15,0.0
2025-05-25 11:30,0.0
2025-05-25 11:45,0.0
2025-05-25 12:00,0.0
2025-05-25 12:15,0.0
2025-05-25 12:30,0.0
2025-05-25 12:45,0.0
2025-05-25 13:00,0.0
2025-05-25 13:15,0.0
2025-05-25 13:30,0.0
2025-05-25 13:45,0.0
2025-05-25 14:00,0.0
2025-05-25 14:15,0.0
2025-05-25 14:30,0.0
2025-05-25 14:45,0.0
2025-05-25 15:00,0.0
2025-05-25 15:15,0.0
2025-05-25 15:30,0.0
2025-05-25 15:45,0.0
2025-05-25 16:00,0.0
2025-05-25 16:15,0.0
2025-05-25 16:30,0.0
2025-05-25 16:45,0.0
2025-05-25 17:00,0.0
2025-05-25 17:15,0.0
2025-05-25 17:30,0.0
2025-05-25 17:45,0.0
2025-05-25 18:00,0.0
2025-05-25 18:15,0.0
2025-05-25 18:30,0.0
2025-05-25 18:45,0.0
2025-05-25 19:00,0.0
2025-05-25 19:15,0.0
2025-05-25 19:30,0.0
2025-05-25 19:45,0.0
2025-05-25 20:00,0.0
2025-05-25 20:15,0.0
2025-05-25 20:30,0.0
2025-05-25 20:45,0.0
2025-05-25 21:00,0.0
2025-05-25 21:15,0.0
2025-05-25 21:30,0.0
2025-05-25 21:45,0.0
2025-05-25 22:00,0.0
2025-05-25 22:15,0.0
2025-05-25 22:30,0.0
2025-05-25 22:45,0.0
2025-05-25 23:00,0.139534
2025-05-25 23:15,0.079942
2025-05-25 23:30,0.010807
2025-05-25 23:45,0.029355
2025-05-26 00:00,0.061163
2025-05-26 00:15,0.180616
2025-05-26 00:30,0.0
2025-05-26 00:45,0.144593
2025-05-26 01:00,0.008124
2025-05-26 01:15,0.119031
2025-05-26 01:30,0.0
2025-05-26 01:45,0.0
2025-05-26 02:00,0.0
2025-05-26 02:15,0.005442
2025-05-26 02:30,0.005672
2025-05-26 02:45,0.005672
2025-05-26 03:00,0.119338
2025-05-26 03:15,0.002836
2025-05-26 03:30,0.0
2025-05-26 03:45,0.232697
2025-05-26 04:00,0.005365
2025-05-26 04:15,0.116502
2025-05-26 04:30,0.002836
2025-05-26 04:45,0.002836
2025-05-26 05:00,0.121177
2025-05-26 05:15,0.116349
2025-05-26 05:30,0.008201
2025-05-26 05:45,0.002836
2025-05-26 06:00,0.0
2025-05-26 06:15,0.002836
2025-05-26 06:30,0.0
2025-05-26 06:45,0.002683
2025-05-26 07:00,0.438032
2025-05-26 07:15,0.002836
2025-05-26 07:30,0.06101
2025-05-26 07:45,0.002836
2025-05-26 08:00,0.0
2025-05-26 08:15,0.116349
2025-05-26 08:30,0.002836
2025-05-26 08:45,0.0
2025-05-26 09:00,0.116655
2025-05-26 09:15,0.0
2025-05-26 09:30,0.0
2025-05-26 09:45,0.0
2025-05-26 10:00,0.0
2025-05-26 10:15,0.002836
2025-05-26 10:30,0.0
2025-05-26 10:45,0.0
2025-05-26 11:00,0.0
2025-05-26 11:15,0.0
2025-05-26 11:30,0.0
2025-05-26 11:45,0.0
2025-05-26 12:00,0.0
2025-05-26 12:15,0.0
2025-05-26 12:30,0.0
2025-05-26 12:45,0.0
2025-05-26 13:00,0.0
2025-05-26 13:15,0.0
2025-05-26 13:30,0.0
2025-05-26 13:45,0.0
2025-05-26 14:00,0.0
2025-05-26 14:15,0.0
2025-05-26 14:30,0.0
2025-05-26 14:45,0.0
2025-05-26 15:00,0.0
2025-05-26 15:15,0.0
2025-05-26 15:30,0.0
2025-05-26 15:45,0.0
2025-05-26 16:00,0.0
2025-05-26 16:15,0.0
2025-05-26 16:30,0.0
2025-05-26 16:45,0.0
2025-05-26 17:00,0.0
2025-05-26 17:15,0.0
2025-05-26 17:30,0.0
2025-05-26 17:45,0.0
2025-05-26 18:00,0.0
2025-05-26 18:15,0.0
2025-05-26 18:30,0.0
2025-05-26 18:45,0.0
2025-05-26 19:00,0.0
2025-05-26 19:15,0.0
2025-05-26 19:30,0.0
2025-05-26 19:45,0.0
2025-05-26 20:00,0.0
2025-05-26 20:15,0.0
2025-05-26 20:30,0.0
2025-05-26 20:45,0.0
2025-05-26 21:00,0.0
2025-05-26 21:15,0.0
2025-05-26 21:30,0.0
2025-05-26 21:45,0.005365
2025-05-26 22:00,0.0
2025-05-26 22:15,0.002836
2025-05-26 22:30,0.0
2025-05-26 22:45,0.0
2025-05-26 23:00,0.129532
2025-05-26 23:15,0.0
2025-05-26 23:30,0.066529
2025-05-26 23:45,0.47076
2025-05-27 00:00,0.002836
2025-05-27 00:15,0.0
2025-05-27 00:30,0.018778
2025-05-27 00:45,0.232697
2025-05-27 01:00,0.066759
2025-05-27 01:15,0.0
2025-05-27 01:30,0.06101
2025-05-27 01:45,0.0
2025-05-27 02:00,0.004024
2025-05-27 02:15,0.0
2025-05-27 02:30,0.0
2025-05-27 02:45,0.116655
2025-05-27 03:00,0.0
2025-05-27 03:15,0.0
2025-05-27 03:30,0.182724
2025-05-27 03:45,0.0
2025-05-27 04:00,0.0
2025-05-27 04:15,0.0
2025-05-27 04:30,0.002836
2025-05-27 04:45,0.002836
2025-05-27 05:00,0.0
2025-05-27 05:15,0.014639
2025-05-27 05:30,0.008431
2025-05-27 05:45,0.06101
2025-05-27 06:00,0.002836
2025-05-27 06:15,0.002836
2025-05-27 06:30,0.0
2025-05-27 06:45,0.01395
2025-05-27 07:00,0.002836
2025-05-27 07:15,0.0
2025-05-27 07:30,0.0
2025-05-27 07:45,0.008776
2025-05-27 08:00,0.002836
2025-05-27 08:15,0.0
2025-05-27 08:30,0.058174
2025-05-27 08:45,0.010577
2025-05-27 09:00,0.0
2025-05-27 09:15,0.0
2025-05-27 09:30,0.0
2025-05-27 09:45,0.003142
2025-05-27 10:00,0.0
2025-05-27 10:15,0.0
2025-05-27 10:30,0.02583
2025-05-27 10:45,0.0
2025-05-27 11:00,0.0
2025-05-27 11:15,0.0
2025-05-27 11:30,0.002836
2025-05-27 11:45,0.0
2025-05-27 12:00,0.0
2025-05-27 12:15,0.0
2025-05-27 12:30,0.0
2025-05-27 12:45,0.0
2025-05-27 13:00,0.0
2025-05-27 13:15,0.0
2025-05-27 13:30,0.0
2025-05-27 13:45,0.0
2025-05-27 14:00,0.0
2025-05-27 14:15,0.0
2025-05-27 14:30,0.0
2025-05-27 14:45,0.0
2025-05-27 15:00,0.0
2025-05-27 15:15,0.0
2025-05-27 15:30,0.0
2025-05-27 15:45,0.0
2025-05-27 16:00,0.0
2025-05-27 16:15,0.0
2025-05-27 16:30,0.0
2025-05-27 16:45,0.0
2025-05-27 17:00,0.0
2025-05-27 17:15,0.0
2025-05-27 17:30,0.0
2025-05-27 17:45,0.0
2025-05-27 18:00,0.0
2025-05-27 18:15,0.0
2025-05-27 18:30,0.0
2025-05-27 18:45,0.0
2025-05-27 19:00,0.0
2025-05-27 19:15,0.0
2025-05-27 19:30,0.055185
2025-05-27 19:45,0.0
2025-05-27 20:00,0.0
2025-05-27 20:15,0.0
2025-05-27 20:30,0.0
2025-05-27 20:45,0.0
2025-05-27 21:00,0.0
2025-05-27 21:15,0.0
2025-05-27 21:30,0.061163
2025-05-27 21:45,0.008661
2025-05-27 22:00,0.0
2025-05-27 22:15,0.0
2025-05-27 22:30,0.0
2025-05-27 22:45,0.0
2025-05-27 23:00,0.0
2025-05-27 23:15,0.026328
2025-05-27 23:30,0.066529
2025-05-27 23:45,0.179926
2025-05-28 00:00,0.0
2025-05-28 00:00,0.0
2025-05-28 00:15,0.171208
2025-05-28 00:30,0.031753
2025-05-28 00:45,0.010727
2025-05-28 01:00,0.0
2025-05-28 01:15,0.007938
2025-05-28 01:30,0.0
2025-05-28 01:45,0.046127
2025-05-28 02:00,0.0
2025-05-28 02:15,0.325681
2025-05-28 02:30,0.0
2025-05-28 02:45,0.0
2025-05-28 03:00,0.015876
2025-05-28 03:15,0.007509
2025-05-28 03:30,0.154902
2025-05-28 03:45,0.545806
2025-05-28 04:00,0.325681
2025-05-28 04:15,0.007509
2025-05-28 04:30,0.0
2025-05-28 04:45,0.0
2025-05-28 05:00,0.015662
2025-05-28 05:15,0.015662
2025-05-28 05:30,0.325681
2025-05-28 05:45,0.007938
2025-05-28 06:00,0.007938
2025-05-28 06:15,0.158979
2025-05-28 06:30,0.020918
2025-05-28 06:45,0.022956
2025-05-28 07:00,0.0
2025-05-28 07:15,0.0
2025-05-28 07:30,0.007938
2025-05-28 07:45,0.022527
2025-05-28 08:00,0.0
2025-05-28 08:15,0.0
2025-05-28 08:30,0.0
2025-05-28 08:45,0.0
2025-05-28 09:00,0.0
2025-05-28 09:15,0.0
2025-05-28 09:30,0.0
2025-05-28 09:45,0.0
2025-05-28 10:00,0.0
2025-05-28 10:15,0.0
2025-05-28 10:30,0.0
2025-05-28 10:45,0.0
2025-05-28 11:00,0.007938
2025-05-28 11:15,0.0
2025-05-28 11:30,0.185797
2025-05-28 11:45,0.0
2025-05-28 12:00,0.0
2025-05-28 12:15,0.0
2025-05-28 12:30,0.0
2025-05-28 12:45,0.0
2025-05-28 13:00,0.0
2025-05-28 13:15,0.0
2025-05-28 13:30,0.0
2025-05-28 13:45,0.0
2025-05-28 14:00,0.0
2025-05-28 14:15,0.0
2025-05-28 14:30,0.0
2025-05-28 14:45,0.0
2025-05-28 15:00,0.0
2025-05-28 15:15,0.0
2025-05-28 15:30,0.0
2025-05-28 15:45,0.0
2025-05-28 16:00,0.0
2025-05-28 16:15,0.0
2025-05-28 16:30,0.0
2025-05-28 16:45,0.0
2025-05-28 17:00,0.0
2025-05-28 17:15,0.0
2025-05-28 17:30,0.0
2025-05-28 17:45,0.0
2025-05-28 18:00,0.0
2025-05-28 18:15,0.0
2025-05-28 18:30,0.0
2025-05-28 18:45,0.0
2025-05-28 19:00,0.0
2025-05-28 19:15,0.0
2025-05-28 19:30,0.0
2025-05-28 19:45,0.0
2025-05-28 20:00,0.0
2025-05-28 20:15,0.0
2025-05-28 20:30,0.0
2025-05-28 20:45,0.0
2025-05-28 21:00,0.0
2025-05-28 21:15,0.0
2025-05-28 21:30,0.0
2025-05-28 21:45,0.0
2025-05-28 22:00,0.0
2025-05-28 22:15,0.0
2025-05-28 22:30,0.0
2025-05-28 22:45,0.33319
2025-05-28 23:00,0.0
2025-05-28 23:15,0.0
2025-05-28 23:30,0.17035
2025-05-28 23:45,0.349067
2025-05-29 00:00,0.008367
2025-05-29 00:15,0.007938
2025-05-29 00:30,0.0
2025-05-29 00:45,0.007938
2025-05-29 01:00,0.007938
2025-05-29 01:15,0.033898
2025-05-29 01:30,0.15855
2025-05-29 01:45,0.19631
2025-05-29 02:00,0.16327
2025-05-29 02:15,0.0
2025-05-29 02:30,0.0
2025-05-29 02:45,0.16327
2025-05-29 03:00,0.0
2025-05-29 03:15,0.0
2025-05-29 03:30,0.022742
2025-05-29 03:45,0.162841
2025-05-29 04:00,0.0
2025-05-29 04:15,0.325681
2025-05-29 04:30,0.325681
2025-05-29 04:45,0.178717
2025-05-29 05:00,0.341665
2025-05-29 05:15,0.162841
2025-05-29 05:30,0.063291
2025-05-29 05:45,0.170779
2025-05-29 06:00,0.0
2025-05-29 06:15,0.0
2025-05-29 06:30,0.007509
2025-05-29 06:45,0.173032
2025-05-29 07:00,0.0
2025-05-29 07:15,0.16327
2025-05-29 07:30,0.051491
2025-05-29 07:45,0.325681
2025-05-29 08:00,0.050311
2025-05-29 08:15,0.007938
2025-05-29 08:30,0.0
2025-05-29 08:45,0.0
2025-05-29 09:00,0.007938
2025-05-29 09:15,0.16327
2025-05-29 09:30,0.0
2025-05-29 09:45,0.0
2025-05-29 10:00,0.0
2025-05-29 10:15,0.0
2025-05-29 10:30,0.0
2025-05-29 10:45,0.0
2025-05-29 11:00,0.007509
2025-05-29 11:15,0.0
2025-05-29 11:30,0.0
2025-05-29 11:45,0.0
2025-05-29 12:00,0.0
2025-05-29 12:15,0.0
2025-05-29 12:30,0.0
2025-05-29 12:45,0.0
2025-05-29 13:00,0.0
2025-05-29 13:15,0.0
2025-05-29 13:30,0.0
2025-05-29 13:45,0.0
2025-05-29 14:00,0.0
2025-05-29 14:15,0.0
2025-05-29 14:30,0.0
2025-05-29 14:45,0.0
2025-05-29 15:00,0.0
2025-05-29 15:15,0.0
2025-05-29 15:30,0.0
2025-05-29 15:45,0.0
2025-05-29 16:00,0.0
2025-05-29 16:15,0.007509
2025-05-29 16:30,0.0
2025-05-29 16:45,0.0
2025-05-29 17:00,0.0
2025-05-29 17:15,0.0
2025-05-29 17:30,0.007938
2025-05-29 17:45,0.0
2025-05-29 18:00,0.0
2025-05-29 18:15,0.0
2025-05-29 18:30,0.0
2025-05-29 18:45,0.0
2025-05-29 19:00,0.0
2025-05-29 19:15,0.0
2025-05-29 19:30,0.00708
2025-05-29 19:45,0.0
2025-05-29 20:00,0.0
2025-05-29 20:15,0.0
2025-05-29 20:30,0.0
2025-05-29 20:45,0.008796
2025-05-29 21:00,0.0
2025-05-29 21:15,0.0
2025-05-29 21:30,0.0
2025-05-29 21:45,0.0
2025-05-29 22:00,0.007938
2025-05-29 22:15,0.007509
2025-05-29 22:30,0.0
2025-05-29 22:45,0.0
2025-05-29 23:00,0.977044
2025-05-29 23:15,0.146321
2025-05-29 23:30,0.349496
2025-05-29 23:45,0.151041
2025-05-30 00:00,0.0
2025-05-30 00:15,0.0
2025-05-30 00:30,0.0
2025-05-30 00:45,0.0
2025-05-30 01:00,0.0
2025-05-30 01:15,0.162841
2025-05-30 01:30,0.0
2025-05-30 01:45,0.0
2025-05-30 02:00,0.0
2025-05-30 02:15,0.023386
2025-05-30 02:30,0.015876
2025-05-30 02:45,0.015018
2025-05-30 03:00,0.0
2025-05-30 03:15,0.0
2025-05-30 03:30,0.0
2025-05-30 03:45,0.0
2025-05-30 04:00,0.0
2025-05-30 04:15,0.030036
2025-05-30 04:30,0.170779
2025-05-30 04:45,0.0
2025-05-30 05:00,0.0
2025-05-30 05:15,0.0
2025-05-30 05:30,0.0
2025-05-30 05:45,0.0
2025-05-30 06:00,0.651362
2025-05-30 06:15,0.162841
2025-05-30 06:30,0.015018
2025-05-30 06:45,0.0
2025-05-30 07:00,0.007938
2025-05-30 07:15,0.0
2025-05-30 07:30,0.0
2025-05-30 07:45,0.015876
2025-05-30 08:00,0.0
2025-05-30 08:15,0.0
2025-05-30 08:30,0.333619
2025-05-30 08:45,0.0
2025-05-30 09:00,0.0
2025-05-30 09:15,0.0
2025-05-30 09:30,0.0
2025-05-30 09:45,0.0
2025-05-30 10:00,0.0
2025-05-30 10:15,0.0
2025-05-30 10:30,0.0
2025-05-30 10:45,0.0
2025-05-30 11:00,0.0
2025-05-30 11:15,0.0
2025-05-30 11:30,0.0
2025-05-30 11:45,0.0
2025-05-30 12:00,0.333619
2025-05-30 12:15,0.162841
2025-05-30 12:30,0.0
2025-05-30 12:45,0.0
2025-05-30 13:00,0.0
2025-05-30 13:15,0.0
2025-05-30 13:30,0.0
2025-05-30 13:45,0.0
2025-05-30 14:00,0.0
2025-05-30 14:15,0.0
2025-05-30 14:30,0.0
2025-05-30 14:45,0.0
2025-05-30 15:00,0.0
2025-05-30 15:15,0.0
2025-05-30 15:30,0.0
2025-05-30 15:45,0.0
2025-05-30 16:00,0.0
2025-05-30 16:15,0.0
2025-05-30 16:30,0.0
2025-05-30 16:45,0.0
2025-05-30 17:00,0.061038
2025-05-30 17:15,0.0
2025-05-30 17:30,0.0
2025-05-30 17:45,0.0
2025-05-30 18:00,0.0
2025-05-30 18:15,0.0
2025-05-30 18:30,0.0
2025-05-30 18:45,0.0
2025-05-30 19:00,0.007938
2025-05-30 19:15,0.0
2025-05-30 19:30,0.015018
2025-05-30 19:45,0.0
2025-05-30 20:00,0.0
2025-05-30 20:15,0.0
2025-05-30 20:30,0.0
2025-05-30 20:45,0.0
2025-05-30 21:00,0.0
2025-05-30 21:15,0.0
2025-05-30 21:30,0.0
2025-05-30 21:45,0.0
2025-05-30 22:00,0.0
2025-05-30 22:15,0.0
2025-05-30 22:30,0.0
2025-05-30 22:45,0.0
2025-05-30 23:00,0.0
2025-05-30 23:15,0.0
2025-05-30 23:30,0.0
2025-05-30 23:45,0.0
2025-05-31 00:00,0.0
2025-05-31 00:15,0.0
2025-05-31 00:30,0.0
2025-05-31 00:45,0.0
2025-05-31 01:00,0.0
2025-05-31 01:15,0.0
2025-05-31 01:30,0.0
2025-05-31 01:45,0.0
2025-05-31 02:00,0.0
2025-05-31 02:15,0.0
2025-05-31 02:30,0.0
2025-05-31 02:45,0.0
2025-05-31 03:00,0.0
2025-05-31 03:15,0.0
2025-05-31 03:30,0.0
2025-05-31 03:45,0.0
2025-05-31 04:00,0.0
2025-05-31 04:15,0.0
2025-05-31 04:30,0.0
2025-05-31 04:45,0.0
2025-05-31 05:00,0.0
2025-05-31 05:15,0.0
2025-05-31 05:30,0.0
2025-05-31 05:45,0.0
2025-05-31 06:00,0.0
2025-05-31 06:15,0.0
2025-05-31 06:30,0.0
2025-05-31 06:45,0.0
2025-05-31 07:00,0.0
2025-05-31 07:15,0.0
2025-05-31 07:30,0.0
2025-05-31 07:45,0.0
2025-05-31 08:00,0.0
2025-05-31 08:15,0.0
2025-05-31 08:30,0.0
2025-05-31 08:45,0.0
2025-05-31 09:00,0.0
2025-05-31 09:15,0.0
2025-05-31 09:30,0.0
2025-05-31 09:45,0.0
2025-05-31 10:00,0.0
2025-05-31 10:15,0.0
2025-05-31 10:30,0.0
2025-05-31 10:45,0.0
2025-05-31 11:00,0.0
2025-05-31 11:15,0.0
2025-05-31 11:30,0.0
2025-05-31 11:45,0.0
2025-05-31 12:00,0.0
2025-05-31 12:15,0.0
2025-05-31 12:30,0.0
2025-05-31 12:45,0.0
2025-05-31 13:00,0.008796
2025-05-31 13:15,0.0
2025-05-31 13:30,0.0
2025-05-31 13:45,0.0
2025-05-31 14:00,0.0
2025-05-31 14:15,0.0
2025-05-31 14:30,0.0
2025-05-31 14:45,0.0
2025-05-31 15:00,0.0
2025-05-31 15:15,0.0
2025-05-31 15:30,0.0
2025-05-31 15:45,0.0
2025-05-31 16:00,0.0
2025-05-31 16:15,0.0
2025-05-31 16:30,0.0
2025-05-31 16:45,0.0
2025-05-31 17:00,0.0
2025-05-31 17:15,0.0
2025-05-31 17:30,0.0
2025-05-31 17:45,0.0
2025-05-31 18:00,0.0
2025-05-31 18:15,0.0
2025-05-31 18:30,0.0
2025-05-31 18:45,0.0
2025-05-31 19:00,0.0
2025-05-31 19:15,0.0
2025-05-31 19:30,0.0
2025-05-31 19:45,0.0
2025-05-31 20:00,0.0
2025-05-31 20:15,0.0
2025-05-31 20:30,0.0
2025-05-31 20:45,0.0
2025-05-31 21:00,0.0
2025-05-31 21:15,0.0
2025-05-31 21:30,0.0
2025-05-31 21:45,0.0
2025-05-31 22:00,0.0
2025-05-31 22:15,0.0
2025-05-31 22:30,0.0
2025-05-31 22:45,0.0
2025-05-31 23:00,0.0
2025-05-31 23:15,0.0
2025-05-31 23:30,0.0
2025-05-31 23:45,0.0
2025-06-01 00:00,0.0
2025-06-01 00:15,0.016627
2025-06-01 00:30,0.0
2025-06-01 00:45,0.0
2025-06-01 01:00,0.0
2025-06-01 01:15,0.0
2025-06-01 01:30,0.0
2025-06-01 01:45,0.0
2025-06-01 02:00,0.0
2025-06-01 02:15,0.0
2025-06-01 02:30,0.0
2025-06-01 02:45,0.0
2025-06-01 03:00,0.0
2025-06-01 03:15,0.0
2025-06-01 03:30,0.0
2025-06-01 03:45,0.0
2025-06-01 04:00,0.0
2025-06-01 04:15,0.0
2025-06-01 04:30,0.0
2025-06-01 04:45,0.0
2025-06-01 05:00,0.0
2025-06-01 05:15,0.0
2025-06-01 05:30,0.0
2025-06-01 05:45,0.0
2025-06-01 06:00,0.0
2025-06-01 06:15,0.0
2025-06-01 06:30,0.0
2025-06-01 06:45,0.0
2025-06-01 07:00,0.0
2025-06-01 07:15,0.0
2025-06-01 07:30,0.0
2025-06-01 07:45,0.0
2025-06-01 08:00,0.0
2025-06-01 08:15,0.0
2025-06-01 08:30,0.0
2025-06-01 08:45,0.0
2025-06-01 09:00,0.0
2025-06-01 09:15,0.0
2025-06-01 09:30,0.0
2025-06-01 09:45,0.0
2025-06-01 10:00,0.0
2025-06-01 10:15,0.0
2025-06-01 10:30,0.0
2025-06-01 10:45,0.0
2025-06-01 11:00,0.0
2025-06-01 11:15,0.0
2025-06-01 11:30,0.0
2025-06-01 11:45,0.0
2025-06-01 12:00,0.0
2025-06-01 12:15,0.0
2025-06-01 12:30,0.0
2025-06-01 12:45,0.0
2025-06-01 13:00,0.0
2025-06-01 13:15,0.0
2025-06-01 13:30,0.0
2025-06-01 13:45,0.0
2025-06-01 14:00,0.0
2025-06-01 14:15,0.0
2025-06-01 14:30,0.0
2025-06-01 14:45,0.0
2025-06-01 15:00,0.0
2025-06-01 15:15,0.0
2025-06-01 15:30,0.0
2025-06-01 15:45,0.0
2025-06-01 16:00,0.0
2025-06-01 16:15,0.0
2025-06-01 16:30,0.0
2025-06-01 16:45,0.0
2025-06-01 17:00,0.0
2025-06-01 17:15,0.0
2025-06-01 17:30,0.0
2025-06-01 17:45,0.0
2025-06-01 18:00,0.0
2025-06-01 18:15,0.0
2025-06-01 18:30,0.0
2025-06-01 18:45,0.0
2025-06-01 19:00,0.0
2025-06-01 19:15,0.0
2025-06-01 19:30,0.0
2025-06-01 19:45,0.0
2025-06-01 20:00,0.0
2025-06-01 20:15,0.0
2025-06-01 20:30,0.0
2025-06-01 20:45,0.0
2025-06-01 21:00,0.0
2025-06-01 21:15,0.0
2025-06-01 21:30,0.0
2025-06-01 21:45,0.030036
2025-06-01 22:00,0.0
2025-06-01 22:15,0.0
2025-06-01 22:30,0.0
2025-06-01 22:45,0.008796
2025-06-01 23:00,0.007938
2025-06-01 23:15,0.379425
2025-06-01 23:30,0.388543
2025-06-01 23:45,1.0
2025-06-02 00:00,0.333619
2025-06-02 00:15,0.158121
2025-06-02 00:30,0.721841
2025-06-02 00:45,0.117571
2025-06-02 01:00,0.0
2025-06-02 01:15,0.048058
2025-06-02 01:30,0.015662
2025-06-02 01:45,0.0
2025-06-02 02:00,0.015018
2025-06-02 02:15,0.0
2025-06-02 02:30,0.0
2025-06-02 02:45,0.0
2025-06-02 03:00,0.0
2025-06-02 03:15,0.007938
2025-06-02 03:30,0.0
2025-06-02 03:45,0.0
2025-06-02 04:00,0.0
2025-06-02 04:15,0.0
2025-06-02 04:30,0.162841
2025-06-02 04:45,0.662411
2025-06-02 05:00,0.0
2025-06-02 05:15,0.007938
2025-06-02 05:30,0.007938
2025-06-02 05:45,0.020918
2025-06-02 06:00,0.0
2025-06-02 06:15,0.0
2025-06-02 06:30,0.007938
2025-06-02 06:45,0.0
2025-06-02 07:00,0.0
2025-06-02 07:15,0.0
2025-06-02 07:30,0.007938
2025-06-02 07:45,0.325681
2025-06-02 08:00,0.0
2025-06-02 08:15,0.0
2025-06-02 08:30,0.16327
2025-06-02 08:45,0.0
2025-06-02 09:00,0.0
2025-06-02 09:15,0.0
2025-06-02 09:30,0.0
2025-06-02 09:45,0.0
2025-06-02 10:00,0.0
2025-06-02 10:15,0.0
2025-06-02 10:30,0.0
2025-06-02 10:45,0.0
2025-06-02 11:00,0.0
2025-06-02 11:15,0.0
2025-06-02 11:30,0.0
2025-06-02 11:45,0.0
2025-06-02 12:00,0.0
2025-06-02 12:15,0.0
2025-06-02 12:30,0.0
2025-06-02 12:45,0.0
2025-06-02 13:00,0.0
2025-06-02 13:15,0.0
2025-06-02 13:30,0.0
2025-06-02 13:45,0.0
2025-06-02 14:00,0.0
2025-06-02 14:15,0.0
2025-06-02 14:30,0.0
2025-06-02 14:45,0.0
2025-06-02 15:00,0.0
2025-06-02 15:15,0.0
2025-06-02 15:30,0.0
2025-06-02 15:45,0.0
2025-06-02 16:00,0.0
2025-06-02 16:15,0.0
2025-06-02 16:30,0.0
2025-06-02 16:45,0.0
2025-06-02 17:00,0.0
2025-06-02 17:15,0.0
2025-06-02 17:30,0.0
2025-06-02 17:45,0.0
2025-06-02 18:00,0.0
2025-06-02 18:15,0.0
2025-06-02 18:30,0.0
2025-06-02 18:45,0.0
2025-06-02 19:00,0.0
2025-06-02 19:15,0.0
2025-06-02 19:30,0.0
2025-06-02 19:45,0.0
2025-06-02 20:00,0.0
2025-06-02 20:15,0.0
2025-06-02 20:30,0.0
2025-06-02 20:45,0.0
2025-06-02 21:00,0.0
2025-06-02 21:15,0.0
2025-06-02 21:30,0.0
2025-06-02 21:45,0.0
2025-06-02 22:00,0.0
2025-06-02 22:15,0.0
2025-06-02 22:30,0.0
2025-06-02 22:45,0.007509
2025-06-02 23:00,0.0
2025-06-02 23:15,0.0
2025-06-02 23:30,0.0
2025-06-02 23:45,0.0
2025-06-03 00:00,0.0
2025-06-03 00:15,0.0
2025-06-03 00:30,0.0
2025-06-03 00:45,0.0
2025-06-03 01:00,0.0
2025-06-03 01:15,0.0
2025-06-03 01:30,0.0
2025-06-03 01:45,0.0
2025-06-03 02:00,0.0
2025-06-03 02:15,0.0
2025-06-03 02:30,0.0
2025-06-03 02:45,0.0
2025-06-03 03:00,0.0
2025-06-03 03:15,0.0
2025-06-03 03:30,0.0
2025-06-03 03:45,0.0
2025-06-03 04:00,0.0
2025-06-03 04:15,0.0
2025-06-03 04:30,0.0
2025-06-03 04:45,0.0
2025-06-03 05:00,0.0
2025-06-03 05:15,0.0
2025-06-03 05:30,0.0
2025-06-03 05:45,0.0
2025-06-03 06:00,0.0
2025-06-03 06:15,0.0
2025-06-03 06:30,0.0
2025-06-03 06:45,0.0
2025-06-03 07:00,0.16327
2025-06-03 07:15,0.20693
2025-06-03 07:30,0.0
2025-06-03 07:45,0.0
2025-06-03 08:00,0.0
2025-06-03 08:15,0.0
2025-06-03 08:30,0.0
2025-06-03 08:45,0.200172
2025-06-03 09:00,0.0
2025-06-03 09:15,0.0
2025-06-03 09:30,0.0
2025-06-03 09:45,0.0
2025-06-03 10:00,0.0
2025-06-03 10:15,0.0
2025-06-03 10:30,0.0
2025-06-03 10:45,0.0
2025-06-03 11:00,0.0
2025-06-03 11:15,0.0
2025-06-03 11:30,0.0
2025-06-03 11:45,0.0
2025-06-03 12:00,0.0
2025-06-03 12:15,0.0
2025-06-03 12:30,0.0
2025-06-03 12:45,0.0
2025-06-03 13:00,0.0
2025-06-03 13:15,0.0
2025-06-03 13:30,0.0
2025-06-03 13:45,0.0
2025-06-03 14:00,0.0
2025-06-03 14:15,0.0
2025-06-03 14:30,0.0
2025-06-03 14:45,0.0
2025-06-03 15:00,0.0
2025-06-03 15:15,0.0
2025-06-03 15:30,0.0
2025-06-03 15:45,0.0
2025-06-03 16:00,0.0
2025-06-03 16:15,0.0
2025-06-03 16:30,0.0
2025-06-03 16:45,0.0
2025-06-03 17:00,0.0
2025-06-03 17:15,0.0
2025-06-03 17:30,0.0
2025-06-03 17:45,0.0
2025-06-03 18:00,0.0
2025-06-03 18:15,0.0
2025-06-03 18:30,0.0
2025-06-03 18:45,0.0
2025-06-03 19:00,0.0
2025-06-03 19:15,0.0
2025-06-03 19:30,0.0
2025-06-03 19:45,0.0
2025-06-03 20:00,0.0
2025-06-03 20:15,0.0
2025-06-03 20:30,0.0
2025-06-03 20:45,0.0
2025-06-03 21:00,0.0
2025-06-03 21:15,0.0
2025-06-03 21:30,0.0
2025-06-03 21:45,0.0
2025-06-03 22:00,0.0
2025-06-03 22:15,0.0
2025-06-03 22:30,0.0
2025-06-03 22:45,0.0
2025-06-03 23:00,0.186226
2025-06-03 23:15,0.0
2025-06-03 23:30,0.311521
2025-06-03 23:45,0.021455
2025-06-04 00:00,0.640635
2025-06-04 00:00,0.485844
2025-06-04 00:15,0.0
2025-06-04 00:30,0.005695
2025-06-04 00:45,0.24699
2025-06-04 01:00,0.0
2025-06-04 01:15,0.0
2025-06-04 01:30,0.0
2025-06-04 01:45,0.49398
2025-06-04 02:00,0.0
2025-06-04 02:15,0.0
2025-06-04 02:30,0.0
2025-06-04 02:45,0.0
2025-06-04 03:00,0.0
2025-06-04 03:15,0.0
2025-06-04 03:30,0.752359
2025-06-04 03:45,0.224862
2025-06-04 04:00,0.0
2025-06-04 04:15,0.123495
2025-06-04 04:30,0.123495
2025-06-04 04:45,0.0
2025-06-04 05:00,0.029775
2025-06-04 05:15,0.005695
2025-06-04 05:30,0.0
2025-06-04 05:45,0.0
2025-06-04 06:00,0.24699
2025-06-04 06:15,0.058819
2025-06-04 06:30,0.024081
2025-06-04 06:45,0.24699
2025-06-04 07:00,0.0
2025-06-04 07:15,0.0
2025-06-04 07:30,0.0
2025-06-04 07:45,0.0
2025-06-04 08:00,0.0
2025-06-04 08:15,0.0
2025-06-04 08:30,0.0
2025-06-04 08:45,0.005695
2025-06-04 09:00,0.0
2025-06-04 09:15,0.0
2025-06-04 09:30,0.0
2025-06-04 09:45,0.0
2025-06-04 10:00,0.0
2025-06-04 10:15,0.0
2025-06-04 10:30,0.0
2025-06-04 10:45,0.0
2025-06-04 11:00,0.0
2025-06-04 11:15,0.0
2025-06-04 11:30,0.0
2025-06-04 11:45,0.0
2025-06-04 12:00,0.0
2025-06-04 12:15,0.0
2025-06-04 12:30,0.0
2025-06-04 12:45,0.0
2025-06-04 13:00,0.0
2025-06-04 13:15,0.0
2025-06-04 13:30,0.0
2025-06-04 13:45,0.0
2025-06-04 14:00,0.0
2025-06-04 14:15,0.0
2025-06-04 14:30,0.0
2025-06-04 14:45,0.0
2025-06-04 15:00,0.0
2025-06-04 15:15,0.0
2025-06-04 15:30,0.0
2025-06-04 15:45,0.0
2025-06-04 16:00,0.0
2025-06-04 16:15,0.0
2025-06-04 16:30,0.0
2025-06-04 16:45,0.0
2025-06-04 17:00,0.0
2025-06-04 17:15,0.0
2025-06-04 17:30,0.0
2025-06-04 17:45,0.0
2025-06-04 18:00,0.0
2025-06-04 18:15,0.0
2025-06-04 18:30,0.0
2025-06-04 18:45,0.0
2025-06-04 19:00,0.0
2025-06-04 19:15,0.0
2025-06-04 19:30,0.0
2025-06-04 19:45,0.0
2025-06-04 20:00,0.0
2025-06-04 20:15,0.0
2025-06-04 20:30,0.0
2025-06-04 20:45,0.0
2025-06-04 21:00,0.0
2025-06-04 21:15,0.0
2025-06-04 21:30,0.0
2025-06-04 21:45,0.056378
2025-06-04 22:00,0.135535
2025-06-04 22:15,0.0
2025-06-04 22:30,0.0
2025-06-04 22:45,0.0
2025-06-04 23:00,0.278148
2025-06-04 23:15,0.0
2025-06-04 23:30,0.115034
2025-06-04 23:45,0.123495
2025-06-05 00:00,0.49398
2025-06-05 00:15,0.0
2025-06-05 00:30,0.173283
2025-06-05 00:45,0.025545
2025-06-05 01:00,0.0
2025-06-05 01:15,0.24699
2025-06-05 01:30,0.008217
2025-06-05 01:45,0.24699
2025-06-05 02:00,0.0
2025-06-05 02:15,0.0
2025-06-05 02:30,0.0
2025-06-05 02:45,0.0
2025-06-05 03:00,0.0
2025-06-05 03:15,0.0
2025-06-05 03:30,0.135535
2025-06-05 03:45,0.135535
2025-06-05 04:00,0.24699
2025-06-05 04:15,0.49398
2025-06-05 04:30,0.0
2025-06-05 04:45,0.0
2025-06-05 05:00,0.032379
2025-06-05 05:15,0.0
2025-06-05 05:30,0.0
2025-06-05 05:45,0.12919
2025-06-05 06:00,0.0
2025-06-05 06:15,0.0
2025-06-05 06:30,0.005695
2025-06-05 06:45,0.0
2025-06-05 07:00,0.0
2025-06-05 07:15,0.0
2025-06-05 07:30,0.0
2025-06-05 07:45,0.024081
2025-06-05 08:00,0.0
2025-06-05 08:15,0.0
2025-06-05 08:30,0.0
2025-06-05 08:45,0.0
2025-06-05 09:00,0.0
2025-06-05 09:15,0.0
2025-06-05 09:30,0.0
2025-06-05 09:45,0.0
2025-06-05 10:00,0.0
2025-06-05 10:15,0.0
2025-06-05 10:30,0.0
2025-06-05 10:45,0.0
2025-06-05 11:00,0.0
2025-06-05 11:15,0.0
2025-06-05 11:30,0.0
2025-06-05 11:45,0.0
2025-06-05 12:00,0.0
2025-06-05 12:15,0.0
2025-06-05 12:30,0.0
2025-06-05 12:45,0.0
2025-06-05 13:00,0.0
2025-06-05 13:15,0.0
2025-06-05 13:30,0.0
2025-06-05 13:45,0.0
2025-06-05 14:00,0.0
2025-06-05 14:15,0.0
2025-06-05 14:30,0.0
2025-06-05 14:45,0.0
2025-06-05 15:00,0.0
2025-06-05 15:15,0.0
2025-06-05 15:30,0.0
2025-06-05 15:45,0.0
2025-06-05 16:00,0.0
2025-06-05 16:15,0.0
2025-06-05 16:30,0.0
2025-06-05 16:45,0.0
2025-06-05 17:00,0.0
2025-06-05 17:15,0.0
2025-06-05 17:30,0.0
2025-06-05 17:45,0.0
2025-06-05 18:00,0.0
2025-06-05 18:15,0.0
2025-06-05 18:30,0.0
2025-06-05 18:45,0.0
2025-06-05 19:00,0.0
2025-06-05 19:15,0.0
2025-06-05 19:30,0.0
2025-06-05 19:45,0.0
2025-06-05 20:00,0.010413
2025-06-05 20:15,0.0
2025-06-05 20:30,0.0
2025-06-05 20:45,0.0
2025-06-05 21:00,0.0
2025-06-05 21:15,0.0
2025-06-05 21:30,0.0
2025-06-05 21:45,0.0
2025-06-05 22:00,0.0
2025-06-05 22:15,0.0
2025-06-05 22:30,0.0
2025-06-05 22:45,0.0
2025-06-05 23:00,0.0
2025-06-05 23:15,0.0
2025-06-05 23:30,0.0
2025-06-05 23:45,0.0
2025-06-06 00:00,0.0
2025-06-06 00:15,0.0
2025-06-06 00:30,0.024081
2025-06-06 00:45,0.0
2025-06-06 01:00,0.0
2025-06-06 01:15,0.005695
2025-06-06 01:30,0.0
2025-06-06 01:45,0.0
2025-06-06 02:00,0.0
2025-06-06 02:15,0.0
2025-06-06 02:30,0.0
2025-06-06 02:45,0.0
2025-06-06 03:00,0.0
2025-06-06 03:15,0.0
2025-06-06 03:30,0.0
2025-06-06 03:45,0.0
2025-06-06 04:00,0.0
2025-06-06 04:15,0.0
2025-06-06 04:30,0.0
2025-06-06 04:45,0.0
2025-06-06 05:00,0.0
2025-06-06 05:15,0.0
2025-06-06 05:30,0.0
2025-06-06 05:45,0.0
2025-06-06 06:00,0.0
2025-06-06 06:15,0.0
2025-06-06 06:30,0.0
2025-06-06 06:45,0.049626
2025-06-06 07:00,0.0
2025-06-06 07:15,0.0
2025-06-06 07:30,0.0
2025-06-06 07:45,0.0
2025-06-06 08:00,0.0
2025-06-06 08:15,0.0
2025-06-06 08:30,0.0
2025-06-06 08:45,0.0
2025-06-06 09:00,0.0
2025-06-06 09:15,0.0
2025-06-06 09:30,0.0
2025-06-06 09:45,0.0
2025-06-06 10:00,0.0
2025-06-06 10:15,0.0
2025-06-06 10:30,0.0
2025-06-06 10:45,0.0
2025-06-06 11:00,0.0
2025-06-06 11:15,0.0
2025-06-06 11:30,0.0
2025-06-06 11:45,0.0
2025-06-06 12:00,0.0
2025-06-06 12:15,0.0
2025-06-06 12:30,0.0
2025-06-06 12:45,0.005695
2025-06-06 13:00,0.0
2025-06-06 13:15,0.0
2025-06-06 13:30,0.0
2025-06-06 13:45,0.0
2025-06-06 14:00,0.0
2025-06-06 14:15,0.0
2025-06-06 14:30,0.0
2025-06-06 14:45,0.0
2025-06-06 15:00,0.0
2025-06-06 15:15,0.0
2025-06-06 15:30,0.0
2025-06-06 15:45,0.0
2025-06-06 16:00,0.01204
2025-06-06 16:15,0.0
2025-06-06 16:30,0.0
2025-06-06 16:45,0.0
2025-06-06 17:00,0.0
2025-06-06 17:15,0.0
2025-06-06 17:30,0.0
2025-06-06 17:45,0.0
2025-06-06 18:00,0.0
2025-06-06 18:15,0.0
2025-06-06 18:30,0.0
2025-06-06 18:45,0.0
2025-06-06 19:00,0.0
2025-06-06 19:15,0.0
2025-06-06 19:30,0.0
2025-06-06 19:45,0.0
2025-06-06 20:00,0.005695
2025-06-06 20:15,0.0
2025-06-06 20:30,0.01139
2025-06-06 20:45,0.0
2025-06-06 21:00,0.0
2025-06-06 21:15,0.0
2025-06-06 21:30,0.0
2025-06-06 21:45,0.0
2025-06-06 22:00,0.0
2025-06-06 22:15,0.0
2025-06-06 22:30,0.0
2025-06-06 22:45,0.0
2025-06-06 23:00,0.0
2025-06-06 23:15,0.0
2025-06-06 23:30,0.0
2025-06-06 23:45,0.0
2025-06-07 00:00,0.0
2025-06-07 00:15,0.0
2025-06-07 00:30,0.0
2025-06-07 00:45,0.0
2025-06-07 01:00,0.0
2025-06-07 01:15,0.0
2025-06-07 01:30,0.0
2025-06-07 01:45,0.0
2025-06-07 02:00,0.0
2025-06-07 02:15,0.0
2025-06-07 02:30,0.0
2025-06-07 02:45,0.0
2025-06-07 03:00,0.0
2025-06-07 03:15,0.0
2025-06-07 03:30,0.0
2025-06-07 03:45,0.0
2025-06-07 04:00,0.0
2025-06-07 04:15,0.0
2025-06-07 04:30,0.0
2025-06-07 04:45,0.0
2025-06-07 05:00,0.0
2025-06-07 05:15,0.0
2025-06-07 05:30,0.06492
2025-06-07 05:45,0.0
2025-06-07 06:00,0.0
2025-06-07 06:15,0.0
2025-06-07 06:30,0.0
2025-06-07 06:45,0.24699
2025-06-07 07:00,0.0
2025-06-07 07:15,0.0
2025-06-07 07:30,0.0
2025-06-07 07:45,0.0
2025-06-07 08:00,0.0
2025-06-07 08:15,0.0
2025-06-07 08:30,0.0
2025-06-07 08:45,0.0
2025-06-07 09:00,0.0
2025-06-07 09:15,0.0
2025-06-07 09:30,0.0
2025-06-07 09:45,0.0
2025-06-07 10:00,0.0
2025-06-07 10:15,0.0
2025-06-07 10:30,0.0
2025-06-07 10:45,0.0
2025-06-07 11:00,0.0
2025-06-07 11:15,0.0
2025-06-07 11:30,0.0
2025-06-07 11:45,0.0
2025-06-07 12:00,0.0
2025-06-07 12:15,0.0
2025-06-07 12:30,0.0
2025-06-07 12:45,0.0
2025-06-07 13:00,0.0
2025-06-07 13:15,0.0
2025-06-07 13:30,0.0
2025-06-07 13:45,0.0
2025-06-07 14:00,0.0
2025-06-07 14:15,0.0
2025-06-07 14:30,0.0
2025-06-07 14:45,0.0
2025-06-07 15:00,0.0
2025-06-07 15:15,0.0
2025-06-07 15:30,0.0
2025-06-07 15:45,0.0
2025-06-07 16:00,0.0
2025-06-07 16:15,0.0
2025-06-07 16:30,0.0
2025-06-07 16:45,0.0
2025-06-07 17:00,0.0
2025-06-07 17:15,0.0
2025-06-07 17:30,0.0
2025-06-07 17:45,0.0
2025-06-07 18:00,0.0
2025-06-07 18:15,0.0
2025-06-07 18:30,0.0
2025-06-07 18:45,0.0
2025-06-07 19:00,0.0
2025-06-07 19:15,0.0
2025-06-07 19:30,0.0
2025-06-07 19:45,0.0
2025-06-07 20:00,0.0
2025-06-07 20:15,0.0
2025-06-07 20:30,0.0
2025-06-07 20:45,0.0
2025-06-07 21:00,0.0
2025-06-07 21:15,0.0
2025-06-07 21:30,0.0
2025-06-07 21:45,0.0
2025-06-07 22:00,0.0
2025-06-07 22:15,0.0
2025-06-07 22:30,0.0
2025-06-07 22:45,0.0
2025-06-07 23:00,0.0
2025-06-07 23:15,0.0
2025-06-07 23:30,0.0
2025-06-07 23:45,0.0
2025-06-08 00:00,0.0
2025-06-08 00:15,0.0
2025-06-08 00:30,0.0
2025-06-08 00:45,0.0
2025-06-08 01:00,0.0
2025-06-08 01:15,0.0
2025-06-08 01:30,0.0
2025-06-08 01:45,0.0
2025-06-08 02:00,0.0
2025-06-08 02:15,0.0
2025-06-08 02:30,0.0
2025-06-08 02:45,0.0
2025-06-08 03:00,0.0
2025-06-08 03:15,0.0
2025-06-08 03:30,0.0
2025-06-08 03:45,0.0
2025-06-08 04:00,0.0
2025-06-08 04:15,0.0
2025-06-08 04:30,0.0
2025-06-08 04:45,0.0
2025-06-08 05:00,0.0
2025-06-08 05:15,0.0
2025-06-08 05:30,0.0
2025-06-08 05:45,0.0
2025-06-08 06:00,0.0
2025-06-08 06:15,0.0
2025-06-08 06:30,0.0
2025-06-08 06:45,0.0
2025-06-08 07:00,0.0
2025-06-08 07:15,0.0
2025-06-08 07:30,0.0
2025-06-08 07:45,0.0
2025-06-08 08:00,0.0
2025-06-08 08:15,0.0
2025-06-08 08:30,0.0
2025-06-08 08:45,0.0
2025-06-08 09:00,0.0
2025-06-08 09:15,0.0
2025-06-08 09:30,0.0
2025-06-08 09:45,0.0
2025-06-08 10:00,0.0
2025-06-08 10:15,0.0
2025-06-08 10:30,0.0
2025-06-08 10:45,0.0
2025-06-08 11:00,0.0
2025-06-08 11:15,0.0
2025-06-08 11:30,0.0
2025-06-08 11:45,0.0
2025-06-08 12:00,0.0
2025-06-08 12:15,0.0
2025-06-08 12:30,0.0
2025-06-08 12:45,0.0
2025-06-08 13:00,0.0
2025-06-08 13:15,0.0
2025-06-08 13:30,0.0
2025-06-08 13:45,0.0
2025-06-08 14:00,0.0
2025-06-08 14:15,0.0
2025-06-08 14:30,0.0
2025-06-08 14:45,0.0
2025-06-08 15:00,0.0
2025-06-08 15:15,0.0
2025-06-08 15:30,0.0
2025-06-08 15:45,0.0
2025-06-08 16:00,0.0
2025-06-08 16:15,0.0
2025-06-08 16:30,0.0
2025-06-08 16:45,0.0
2025-06-08 17:00,0.0
2025-06-08 17:15,0.0
2025-06-08 17:30,0.0
2025-06-08 17:45,0.0
2025-06-08 18:00,0.0
2025-06-08 18:15,0.0
2025-06-08 18:30,0.0
2025-06-08 18:45,0.0
2025-06-08 19:00,0.0
2025-06-08 19:15,0.0
2025-06-08 19:30,0.0
2025-06-08 19:45,0.0
2025-06-08 20:00,0.0
2025-06-08 20:15,0.0
2025-06-08 20:30,0.0
2025-06-08 20:45,0.0
2025-06-08 21:00,0.0
2025-06-08 21:15,0.0
2025-06-08 21:30,0.0
2025-06-08 21:45,0.0
2025-06-08 22:00,0.0
2025-06-08 22:15,0.0
2025-06-08 22:30,0.24699
2025-06-08 22:45,0.008217
2025-06-08 23:00,0.0
2025-06-08 23:15,0.123495
2025-06-08 23:30,0.505369
2025-06-08 23:45,0.123495
2025-06-09 00:00,0.0
2025-06-09 00:15,0.0
2025-06-09 00:30,0.0
2025-06-09 00:45,0.043768
2025-06-09 01:00,0.0
2025-06-09 01:15,0.123495
2025-06-09 01:30,0.005695
2025-06-09 01:45,0.0
2025-06-09 02:00,0.123495
2025-06-09 02:15,0.0
2025-06-09 02:30,0.0
2025-06-09 02:45,0.0
2025-06-09 03:00,0.0
2025-06-09 03:15,0.0
2025-06-09 03:30,0.0
2025-06-09 03:45,0.135535
2025-06-09 04:00,0.024081
2025-06-09 04:15,0.130003
2025-06-09 04:30,0.0
2025-06-09 04:45,0.0
2025-06-09 05:00,0.024081
2025-06-09 05:15,0.028962
2025-06-09 05:30,0.0
2025-06-09 05:45,0.029775
2025-06-09 06:00,0.144077
2025-06-09 06:15,0.123495
2025-06-09 06:30,0.52945
2025-06-09 06:45,0.0
2025-06-09 07:00,0.024081
2025-06-09 07:15,0.005695
2025-06-09 07:30,0.49398
2025-06-09 07:45,0.646111
2025-06-09 08:00,0.123495
2025-06-09 08:15,0.0
2025-06-09 08:30,0.0
2025-06-09 08:45,0.0
2025-06-09 09:00,0.0
2025-06-09 09:15,0.0
2025-06-09 09:30,0.0
2025-06-09 09:45,0.024081
2025-06-09 10:00,0.0
2025-06-09 10:15,0.0
2025-06-09 10:30,1.0
2025-06-09 10:45,0.0
2025-06-09 11:00,0.0
2025-06-09 11:15,0.0
2025-06-09 11:30,0.0
2025-06-09 11:45,0.0
2025-06-09 12:00,0.0
2025-06-09 12:15,0.0
2025-06-09 12:30,0.0
2025-06-09 12:45,0.0
2025-06-09 13:00,0.0
2025-06-09 13:15,0.0
2025-06-09 13:30,0.0
2025-06-09 13:45,0.0
2025-06-09 14:00,0.0
2025-06-09 14:15,0.0
2025-06-09 14:30,0.0
2025-06-09 14:45,0.0
2025-06-09 15:00,0.0
2025-06-09 15:15,0.0
2025-06-09 15:30,0.0
2025-06-09 15:45,0.0
2025-06-09 16:00,0.0
2025-06-09 16:15,0.0
2025-06-09 16:30,0.0
2025-06-09 16:45,0.0
2025-06-09 17:00,0.0
2025-06-09 17:15,0.0
2025-06-09 17:30,0.0
2025-06-09 17:45,0.0
2025-06-09 18:00,0.0
2025-06-09 18:15,0.0
2025-06-09 18:30,0.0
2025-06-09 18:45,0.0
2025-06-09 19:00,0.0
2025-06-09 19:15,0.0
2025-06-09 19:30,0.0
2025-06-09 19:45,0.0
2025-06-09 20:00,0.0
2025-06-09 20:15,0.0
2025-06-09 20:30,0.0
2025-06-09 20:45,0.0
2025-06-09 21:00,0.0
2025-06-09 21:15,0.0
2025-06-09 21:30,0.0
2025-06-09 21:45,0.0
2025-06-09 22:00,0.0
2025-06-09 22:15,0.123495
2025-06-09 22:30,0.0
2025-06-09 22:45,0.0
2025-06-09 23:00,0.024081
2025-06-09 23:15,0.022779
2025-06-09 23:30,0.0
2025-06-09 23:45,0.024081
2025-06-10 00:00,0.145949
2025-06-10 00:15,0.038074
2025-06-10 00:30,0.005695
2025-06-10 00:45,0.0
2025-06-10 01:00,0.0
2025-06-10 01:15,0.123495
2025-06-10 01:30,0.0
2025-06-10 01:45,0.005695
2025-06-10 02:00,0.0
2025-06-10 02:15,0.0
2025-06-10 02:30,0.0
2025-06-10 02:45,0.0
2025-06-10 03:00,0.0
2025-06-10 03:15,0.0
2025-06-10 03:30,0.0
2025-06-10 03:45,0.0
2025-06-10 04:00,0.0
2025-06-10 04:15,0.0
2025-06-10 04:30,0.0
2025-06-10 04:45,0.0
2025-06-10 05:00,0.005695
2025-06-10 05:15,0.0
2025-06-10 05:30,0.0
2025-06-10 05:45,0.629515
2025-06-10 06:00,0.0
2025-06-10 06:15,0.0
2025-06-10 06:30,0.0
2025-06-10 06:45,0.010983
2025-06-10 07:00,0.0
2025-06-10 07:15,0.0
2025-06-10 07:30,0.01204
2025-06-10 07:45,0.0
2025-06-10 08:00,0.0
2025-06-10 08:15,0.0
2025-06-10 08:30,0.011227
2025-06-10 08:45,0.0
2025-06-10 09:00,0.0
2025-06-10 09:15,0.249756
2025-06-10 09:30,0.0
2025-06-10 09:45,0.344289
2025-06-10 10:00,0.0
2025-06-10 10:15,0.0
2025-06-10 10:30,0.0
2025-06-10 10:45,0.0
2025-06-10 11:00,0.0
2025-06-10 11:15,0.0
2025-06-10 11:30,0.0
2025-06-10 11:45,0.0
2025-06-10 12:00,0.024081
2025-06-10 12:15,0.0
2025-06-10 12:30,0.0
2025-06-10 12:45,0.0
2025-06-10 13:00,0.0
2025-06-10 13:15,0.0
2025-06-10 13:30,0.0
2025-06-10 13:45,0.0
2025-06-10 14:00,0.0
2025-06-10 14:15,0.0
2025-06-10 14:30,0.0
2025-06-10 14:45,0.0
2025-06-10 15:00,0.0
2025-06-10 15:15,0.0
2025-06-10 15:30,0.0
2025-06-10 15:45,0.0
2025-06-10 16:00,0.0
2025-06-10 16:15,0.0
2025-06-10 16:30,0.0
2025-06-10 16:45,0.0
2025-06-10 17:00,0.0
2025-06-10 17:15,0.0
2025-06-10 17:30,0.0
2025-06-10 17:45,0.0
2025-06-10 18:00,0.0
2025-06-10 18:15,0.0
2025-06-10 18:30,0.0
2025-06-10 18:45,0.0
2025-06-10 19:00,0.0
2025-06-10 19:15,0.0
2025-06-10 19:30,0.0
2025-06-10 19:45,0.0
2025-06-10 20:00,0.0
2025-06-10 20:15,0.0
2025-06-10 20:30,0.0
2025-06-10 20:45,0.0
2025-06-10 21:00,0.0
2025-06-10 21:15,0.0
2025-06-10 21:30,0.0
2025-06-10 21:45,0.0
2025-06-10 22:00,0.052555
2025-06-10 22:15,0.0
2025-06-10 22:30,0.0
2025-06-10 22:45,0.0
2025-06-10 23:00,0.0
2025-06-10 23:15,0.0
2025-06-10 23:30,0.147576
2025-06-10 23:45,0.0
2025-06-11 00:00,0.123495
2025-06-11 00:00,0.024715
2025-06-11 00:15,0.004559
2025-06-11 00:30,0.00381
2025-06-11 00:45,0.007164
2025-06-11 01:00,0.007131
2025-06-11 01:15,0.0
2025-06-11 01:30,0.024715
2025-06-11 01:45,0.007196
2025-06-11 02:00,0.0
2025-06-11 02:15,0.0
2025-06-11 02:30,0.0
2025-06-11 02:45,0.0
2025-06-11 03:00,0.0
2025-06-11 03:15,0.002279
2025-06-11 03:30,0.0
2025-06-11 03:45,0.054575
2025-06-11 04:00,0.002279
2025-06-11 04:15,0.024715
2025-06-11 04:30,0.0
2025-06-11 04:45,0.005194
2025-06-11 05:00,0.0
2025-06-11 05:15,0.024715
2025-06-11 05:30,0.0
2025-06-11 05:45,0.004819
2025-06-11 06:00,0.021296
2025-06-11 06:15,0.029534
2025-06-11 06:30,0.024715
2025-06-11 06:45,0.0
2025-06-11 07:00,0.0
2025-06-11 07:15,0.0
2025-06-11 07:30,0.0
2025-06-11 07:45,0.00241
2025-06-11 08:00,0.0
2025-06-11 08:15,0.04956
2025-06-11 08:30,0.0
2025-06-11 08:45,0.04943
2025-06-11 09:00,0.14829
2025-06-11 09:15,0.0
2025-06-11 09:30,0.0
2025-06-11 09:45,0.0
2025-06-11 10:00,0.0
2025-06-11 10:15,0.0
2025-06-11 10:30,0.0
2025-06-11 10:45,0.0
2025-06-11 11:00,0.0
2025-06-11 11:15,0.0
2025-06-11 11:30,0.0
2025-06-11 11:45,0.0
2025-06-11 12:00,0.0
2025-06-11 12:15,0.0
2025-06-11 12:30,0.0
2025-06-11 12:45,0.0
2025-06-11 13:00,0.0
2025-06-11 13:15,0.0
2025-06-11 13:30,0.0
2025-06-11 13:45,0.0
2025-06-11 14:00,0.0
2025-06-11 14:15,0.0
2025-06-11 14:30,0.0
2025-06-11 14:45,0.0
2025-06-11 15:00,0.0
2025-06-11 15:15,0.0
2025-06-11 15:30,0.0
2025-06-11 15:45,0.0
2025-06-11 16:00,0.0
2025-06-11 16:15,0.0
2025-06-11 16:30,0.0
2025-06-11 16:45,0.0
2025-06-11 17:00,0.0
2025-06-11 17:15,0.0
2025-06-11 17:30,0.0
2025-06-11 17:45,0.0
2025-06-11 18:00,0.0
2025-06-11 18:15,0.0
2025-06-11 18:30,0.0
2025-06-11 18:45,0.0
2025-06-11 19:00,0.0
2025-06-11 19:15,0.0
2025-06-11 19:30,0.0
2025-06-11 19:45,0.0
2025-06-11 20:00,0.0
2025-06-11 20:15,0.0
2025-06-11 20:30,0.0
2025-06-11 20:45,0.0
2025-06-11 21:00,0.0
2025-06-11 21:15,0.0
2025-06-11 21:30,0.0
2025-06-11 21:45,0.0
2025-06-11 22:00,0.0
2025-06-11 22:15,0.0
2025-06-11 22:30,0.0
2025-06-11 22:45,0.008727
2025-06-11 23:00,0.024715
2025-06-11 23:15,0.0
2025-06-11 23:30,0.002279
2025-06-11 23:45,0.0
2025-06-12 00:00,0.05057
2025-06-12 00:15,0.0
2025-06-12 00:30,0.0
2025-06-12 00:45,0.0
2025-06-12 01:00,0.0
2025-06-12 01:15,0.0
2025-06-12 01:30,0.024715
2025-06-12 01:45,0.0
2025-06-12 02:00,0.0
2025-06-12 02:15,0.0
2025-06-12 02:30,0.00114
2025-06-12 02:45,0.04943
2025-06-12 03:00,0.0
2025-06-12 03:15,0.0
2025-06-12 03:30,0.002279
2025-06-12 03:45,0.0
2025-06-12 04:00,0.092087
2025-06-12 04:15,0.0
2025-06-12 04:30,0.0
2025-06-12 04:45,0.0
2025-06-12 05:00,0.0
2025-06-12 05:15,0.004168
2025-06-12 05:30,0.04943
2025-06-12 05:45,0.00241
2025-06-12 06:00,0.004819
2025-06-12 06:15,0.00114
2025-06-12 06:30,0.04943
2025-06-12 06:45,0.103549
2025-06-12 07:00,0.004819
2025-06-12 07:15,0.0
2025-06-12 07:30,0.100261
2025-06-12 07:45,0.0
2025-06-12 08:00,0.002377
2025-06-12 08:15,0.0
2025-06-12 08:30,0.0
2025-06-12 08:45,0.04943
2025-06-12 09:00,0.0
2025-06-12 09:15,0.0
2025-06-12 09:30,0.004168
2025-06-12 09:45,0.0
2025-06-12 10:00,0.0
2025-06-12 10:15,0.0
2025-06-12 10:30,0.0
2025-06-12 10:45,0.0
2025-06-12 11:00,0.0
2025-06-12 11:15,0.0
2025-06-12 11:30,0.0
2025-06-12 11:45,0.0
2025-06-12 12:00,0.0
2025-06-12 12:15,0.04943
2025-06-12 12:30,0.0
2025-06-12 12:45,0.0
2025-06-12 13:00,0.0
2025-06-12 13:15,0.0
2025-06-12 13:30,0.0
2025-06-12 13:45,0.0
2025-06-12 14:00,0.0
2025-06-12 14:15,0.0
2025-06-12 14:30,0.0
2025-06-12 14:45,0.0
2025-06-12 15:00,0.0
2025-06-12 15:15,0.0
2025-06-12 15:30,0.0
2025-06-12 15:45,0.0
2025-06-12 16:00,0.0
2025-06-12 16:15,0.0
2025-06-12 16:30,0.0
2025-06-12 16:45,0.0
2025-06-12 17:00,0.0
2025-06-12 17:15,0.0
2025-06-12 17:30,0.0
2025-06-12 17:45,0.0
2025-06-12 18:00,0.0
2025-06-12 18:15,0.0
2025-06-12 18:30,0.0
2025-06-12 18:45,0.0
2025-06-12 19:00,0.0
2025-06-12 19:15,0.0
2025-06-12 19:30,0.0
2025-06-12 19:45,0.0
2025-06-12 20:00,0.0
2025-06-12 20:15,0.0
2025-06-12 20:30,0.0
2025-06-12 20:45,0.0
2025-06-12 21:00,0.0
2025-06-12 21:15,0.0
2025-06-12 21:30,0.0
2025-06-12 21:45,0.0
2025-06-12 22:00,0.0
2025-06-12 22:15,0.0
2025-06-12 22:30,0.0
2025-06-12 22:45,0.0
2025-06-12 23:00,0.00114
2025-06-12 23:15,0.045718
2025-06-12 23:30,0.029534
2025-06-12 23:45,0.04943
2025-06-13 00:00,0.009476
2025-06-13 00:15,0.04943
2025-06-13 00:30,0.002247
2025-06-13 00:45,0.014002
2025-06-13 01:00,0.0
2025-06-13 01:15,0.0
2025-06-13 01:30,0.0
2025-06-13 01:45,0.002279
2025-06-13 02:00,0.0
2025-06-13 02:15,0.0
2025-06-13 02:30,0.004754
2025-06-13 02:45,0.024715
2025-06-13 03:00,0.0
2025-06-13 03:15,0.0
2025-06-13 03:30,0.04943
2025-06-13 03:45,0.058938
2025-06-13 04:00,0.0
2025-06-13 04:15,0.0
2025-06-13 04:30,0.04943
2025-06-13 04:45,0.001335
2025-06-13 05:00,0.0
2025-06-13 05:15,0.0
2025-06-13 05:30,0.0
2025-06-13 05:45,0.0
2025-06-13 06:00,0.0
2025-06-13 06:15,0.0
2025-06-13 06:30,0.0
2025-06-13 06:45,0.0
2025-06-13 07:00,0.0
2025-06-13 07:15,0.0
2025-06-13 07:30,0.0
2025-06-13 07:45,0.0
2025-06-13 08:00,0.0
2025-06-13 08:15,0.00241
2025-06-13 08:30,0.04943
2025-06-13 08:45,0.0
2025-06-13 09:00,0.0
2025-06-13 09:15,0.0
2025-06-13 09:30,0.0
2025-06-13 09:45,0.0
2025-06-13 10:00,0.0
2025-06-13 10:15,0.0
2025-06-13 10:30,0.0
2025-06-13 10:45,0.0
2025-06-13 11:00,0.005015
2025-06-13 11:15,0.0
2025-06-13 11:30,0.0
2025-06-13 11:45,0.024715
2025-06-13 12:00,0.0
2025-06-13 12:15,0.0
2025-06-13 12:30,0.0
2025-06-13 12:45,0.0
2025-06-13 13:00,0.0
2025-06-13 13:15,0.0
2025-06-13 13:30,0.0
2025-06-13 13:45,0.0
2025-06-13 14:00,0.0
2025-06-13 14:15,0.0
2025-06-13 14:30,0.0
2025-06-13 14:45,0.0
2025-06-13 15:00,0.0
2025-06-13 15:15,0.0
2025-06-13 15:30,0.0
2025-06-13 15:45,0.0
2025-06-13 16:00,0.0
2025-06-13 16:15,0.0
2025-06-13 16:30,0.0
2025-06-13 16:45,0.0
2025-06-13 17:00,0.0
2025-06-13 17:15,0.0
2025-06-13 17:30,0.0
2025-06-13 17:45,0.0
2025-06-13 18:00,0.004819
2025-06-13 18:15,0.0
2025-06-13 18:30,0.0
2025-06-13 18:45,0.0
2025-06-13 19:00,0.0
2025-06-13 19:15,0.0
2025-06-13 19:30,0.0
2025-06-13 19:45,0.0
2025-06-13 20:00,0.0
2025-06-13 20:15,0.0
2025-06-13 20:30,0.0
2025-06-13 20:45,0.0
2025-06-13 21:00,0.0
2025-06-13 21:15,0.0
2025-06-13 21:30,0.0
2025-06-13 21:45,0.0
2025-06-13 22:00,0.0
2025-06-13 22:15,0.0
2025-06-13 22:30,0.0
2025-06-13 22:45,0.0
2025-06-13 23:00,0.0
2025-06-13 23:15,0.0
2025-06-13 23:30,0.0
2025-06-13 23:45,0.0
2025-06-14 00:00,0.0
2025-06-14 00:15,0.0
2025-06-14 00:30,0.0
2025-06-14 00:45,0.0
2025-06-14 01:00,0.0
2025-06-14 01:15,0.0
2025-06-14 01:30,0.0
2025-06-14 01:45,0.0
2025-06-14 02:00,0.0
2025-06-14 02:15,0.0
2025-06-14 02:30,0.0
2025-06-14 02:45,0.0
2025-06-14 03:00,0.0
2025-06-14 03:15,0.0
2025-06-14 03:30,0.0
2025-06-14 03:45,0.0
2025-06-14 04:00,0.0
2025-06-14 04:15,0.0
2025-06-14 04:30,0.0
2025-06-14 04:45,0.04943
2025-06-14 05:00,0.0
2025-06-14 05:15,0.0
2025-06-14 05:30,0.0
2025-06-14 05:45,0.0
2025-06-14 06:00,0.0
2025-06-14 06:15,0.0
2025-06-14 06:30,0.0
2025-06-14 06:45,0.0
2025-06-14 07:00,0.0
2025-06-14 07:15,0.0
2025-06-14 07:30,1.0
2025-06-14 07:45,0.253989
2025-06-14 08:00,0.303419
2025-06-14 08:15,0.305698
2025-06-14 08:30,0.307978
2025-06-14 08:45,0.303419
2025-06-14 09:00,0.453989
2025-06-14 09:15,0.355129
2025-06-14 09:30,0.595441
2025-06-14 09:45,0.49886
2025-06-14 10:00,0.25171
2025-06-14 10:15,0.404559
2025-06-14 10:30,0.54829
2025-06-14 10:45,0.458548
2025-06-14 11:00,0.352849
2025-06-14 11:15,0.552849
2025-06-14 11:30,0.303419
2025-06-14 11:45,0.456268
2025-06-14 12:00,0.361967
2025-06-14 12:15,0.25171
2025-06-14 12:30,0.602279
2025-06-14 12:45,0.305698
2025-06-14 13:00,0.45171
2025-06-14 13:15,0.25171
2025-06-14 13:30,0.494302
2025-06-14 13:45,0.103419
2025-06-14 14:00,0.152849
2025-06-14 14:15,0.30114
2025-06-14 14:30,0.557408
2025-06-14 14:45,0.456268
2025-06-14 15:00,0.50114
2025-06-14 15:15,0.30114
2025-06-14 15:30,0.4
2025-06-14 15:45,0.364246
2025-06-14 16:00,0.24943
2025-06-14 16:15,0.202279
2025-06-14 16:30,0.307978
2025-06-14 16:45,0.50114
2025-06-14 17:00,0.209118
2025-06-14 17:15,0.197721
2025-06-14 17:30,0.743732
2025-06-14 17:45,0.253989
2025-06-14 18:00,0.202279
2025-06-14 18:15,0.253989
2025-06-14 18:30,0.305698
2025-06-14 18:45,0.202279
2025-06-14 19:00,0.456268
2025-06-14 19:15,0.34829
2025-06-14 19:30,0.447151
2025-06-14 19:45,0.406838
2025-06-14 20:00,0.30114
2025-06-14 20:15,0.303419
2025-06-14 20:30,0.258548
2025-06-14 20:45,0.50114
2025-06-14 21:00,0.355129
2025-06-14 21:15,0.15057
2025-06-14 21:30,0.503419
2025-06-14 21:45,0.453989
2025-06-14 22:00,0.50114
2025-06-14 22:15,0.44943
2025-06-14 22:30,0.253989
2025-06-14 22:45,0.30114
2025-06-14 23:00,0.258548
2025-06-14 23:15,0.45171
2025-06-14 23:30,0.2
2025-06-14 23:45,0.74829
2025-06-15 00:00,0.307978
2025-06-15 00:15,0.352849
2025-06-15 00:30,0.44943
2025-06-15 00:45,0.69886
2025-06-15 01:00,0.743732
2025-06-15 01:15,0.55057
2025-06-15 01:30,0.644871
2025-06-15 01:45,0.406838
2025-06-15 02:00,0.510257
2025-06-15 02:15,0.507978
2025-06-15 02:30,0.204559
2025-06-15 02:45,0.29886
2025-06-15 03:00,0.0
2025-06-15 03:15,0.0
2025-06-15 03:30,0.0
2025-06-15 03:45,0.0
2025-06-15 04:00,0.0
2025-06-15 04:15,0.0
2025-06-15 04:30,0.0
2025-06-15 04:45,0.0
2025-06-15 05:00,0.0
2025-06-15 05:15,0.0
2025-06-15 05:30,0.0
2025-06-15 05:45,0.0
2025-06-15 06:00,0.0
2025-06-15 06:15,0.0
2025-06-15 06:30,0.0
2025-06-15 06:45,0.0
2025-06-15 07:00,0.0
2025-06-15 07:15,0.0
2025-06-15 07:30,0.0
2025-06-15 07:45,0.0
2025-06-15 08:00,0.0
2025-06-15 08:15,0.0
2025-06-15 08:30,0.0
2025-06-15 08:45,0.0
2025-06-15 09:00,0.0
2025-06-15 09:15,0.0
2025-06-15 09:30,0.0
2025-06-15 09:45,0.0
2025-06-15 10:00,0.0
2025-06-15 10:15,0.0
2025-06-15 10:30,0.0
2025-06-15 10:45,0.0
2025-06-15 11:00,0.0
2025-06-15 11:15,0.0
2025-06-15 11:30,0.0
2025-06-15 11:45,0.0
2025-06-15 12:00,0.0
2025-06-15 12:15,0.0
2025-06-15 12:30,0.0
2025-06-15 12:45,0.0
2025-06-15 13:00,0.0
2025-06-15 13:15,0.0
2025-06-15 13:30,0.0
2025-06-15 13:45,0.0
2025-06-15 14:00,0.0
2025-06-15 14:15,0.0
2025-06-15 14:30,0.0
2025-06-15 14:45,0.0
2025-06-15 15:00,0.0
2025-06-15 15:15,0.0
2025-06-15 15:30,0.0
2025-06-15 15:45,0.0
2025-06-15 16:00,0.0
2025-06-15 16:15,0.0
2025-06-15 16:30,0.0
2025-06-15 16:45,0.0
2025-06-15 17:00,0.0
2025-06-15 17:15,0.0
2025-06-15 17:30,0.0
2025-06-15 17:45,0.0
2025-06-15 18:00,0.0
2025-06-15 18:15,0.0
2025-06-15 18:30,0.0
2025-06-15 18:45,0.0
2025-06-15 19:00,0.0
2025-06-15 19:15,0.0
2025-06-15 19:30,0.0
2025-06-15 19:45,0.0
2025-06-15 20:00,0.0
2025-06-15 20:15,0.0
2025-06-15 20:30,0.0
2025-06-15 20:45,0.0
2025-06-15 21:00,0.0
2025-06-15 21:15,0.0
2025-06-15 21:30,0.0
2025-06-15 21:45,0.012895
2025-06-15 22:00,0.0
2025-06-15 22:15,0.0
2025-06-15 22:30,0.0
2025-06-15 22:45,0.0
2025-06-15 23:00,0.0
2025-06-15 23:15,0.004624
2025-06-15 23:30,0.0
2025-06-15 23:45,0.0
2025-06-16 00:00,0.04956
2025-06-16 00:15,0.0
2025-06-16 00:30,0.197721
2025-06-16 00:45,0.0
2025-06-16 01:00,0.004559
2025-06-16 01:15,0.0
2025-06-16 01:30,0.00114
2025-06-16 01:45,0.04956
2025-06-16 02:00,0.0
2025-06-16 02:15,0.011853
2025-06-16 02:30,0.05171
2025-06-16 02:45,0.0
2025-06-16 03:00,0.0
2025-06-16 03:15,0.00114
2025-06-16 03:30,0.0
2025-06-16 03:45,0.0
2025-06-16 04:00,0.0
2025-06-16 04:15,0.10381
2025-06-16 04:30,0.0
2025-06-16 04:45,0.002279
2025-06-16 05:00,0.003256
2025-06-16 05:15,0.0
2025-06-16 05:30,0.001335
2025-06-16 05:45,0.00241
2025-06-16 06:00,0.0
2025-06-16 06:15,0.173006
2025-06-16 06:30,0.04943
2025-06-16 06:45,0.0
2025-06-16 07:00,0.095409
2025-06-16 07:15,0.05171
2025-06-16 07:30,0.123836
2025-06-16 07:45,0.04142
2025-06-16 08:00,0.0
2025-06-16 08:15,0.0
2025-06-16 08:30,0.0
2025-06-16 08:45,0.005959
2025-06-16 09:00,0.014002
2025-06-16 09:15,0.0
2025-06-16 09:30,0.0
2025-06-16 09:45,0.0
2025-06-16 10:00,0.0
2025-06-16 10:15,0.0
2025-06-16 10:30,0.0
2025-06-16 10:45,0.0
2025-06-16 11:00,0.0
2025-06-16 11:15,0.0
2025-06-16 11:30,0.0
2025-06-16 11:45,0.0
2025-06-16 12:00,0.0
2025-06-16 12:15,0.0
2025-06-16 12:30,0.0
2025-06-16 12:45,0.0
2025-06-16 13:00,0.0
2025-06-16 13:15,0.0
2025-06-16 13:30,0.0
2025-06-16 13:45,0.0
2025-06-16 14:00,0.0
2025-06-16 14:15,0.0
2025-06-16 14:30,0.0
2025-06-16 14:45,0.0
2025-06-16 15:00,0.0
2025-06-16 15:15,0.0
2025-06-16 15:30,0.0
2025-06-16 15:45,0.0
2025-06-16 16:00,0.0
2025-06-16 16:15,0.0
2025-06-16 16:30,0.0
2025-06-16 16:45,0.0
2025-06-16 17:00,0.0
2025-06-16 17:15,0.0
2025-06-16 17:30,0.0
2025-06-16 17:45,0.0
2025-06-16 18:00,0.0
2025-06-16 18:15,0.0
2025-06-16 18:30,0.0
2025-06-16 18:45,0.0
2025-06-16 19:00,0.0
2025-06-16 19:15,0.0
2025-06-16 19:30,0.0
2025-06-16 19:45,0.0
2025-06-16 20:00,0.0
2025-06-16 20:15,0.0
2025-06-16 20:30,0.0
2025-06-16 20:45,0.0
2025-06-16 21:00,0.0
2025-06-16 21:15,0.0
2025-06-16 21:30,0.10915
2025-06-16 21:45,0.0
2025-06-16 22:00,0.0
2025-06-16 22:15,0.0
2025-06-16 22:30,0.007978
2025-06-16 22:45,0.0
2025-06-16 23:00,0.0
2025-06-16 23:15,0.026994
2025-06-16 23:30,0.055666
2025-06-16 23:45,0.053989
2025-06-17 00:00,0.05057
2025-06-17 00:15,0.028167
2025-06-17 00:30,0.012064
2025-06-17 00:45,0.0
2025-06-17 01:00,0.0
2025-06-17 01:15,0.0
2025-06-17 01:30,0.008711
2025-06-17 01:45,0.0
2025-06-17 02:00,0.0
2025-06-17 02:15,0.0
2025-06-17 02:30,0.011039
2025-06-17 02:45,0.0
2025-06-17 03:00,0.0
2025-06-17 03:15,0.002279
2025-06-17 03:30,0.123836
2025-06-17 03:45,0.0
2025-06-17 04:00,0.00241
2025-06-17 04:15,0.00241
2025-06-17 04:30,0.0
2025-06-17 04:45,0.0
2025-06-17 05:00,0.0
2025-06-17 05:15,0.00241
2025-06-17 05:30,0.002279
2025-06-17 05:45,0.004819
2025-06-17 06:00,0.026506
2025-06-17 06:15,0.024715
2025-06-17 06:30,0.026359
2025-06-17 06:45,0.00114
2025-06-17 07:00,0.0
2025-06-17 07:15,0.0
2025-06-17 07:30,0.0
2025-06-17 07:45,0.004624
2025-06-17 08:00,0.0
2025-06-17 08:15,0.002279
2025-06-17 08:30,0.0
2025-06-17 08:45,0.0
2025-06-17 09:00,0.0
2025-06-17 09:15,0.0
2025-06-17 09:30,0.04943
2025-06-17 09:45,0.0
2025-06-17 10:00,0.0
2025-06-17 10:15,0.0
2025-06-17 10:30,0.00114
2025-06-17 10:45,0.0
2025-06-17 11:00,0.0
2025-06-17 11:15,0.0
2025-06-17 11:30,0.0
2025-06-17 11:45,0.0
2025-06-17 12:00,0.0
2025-06-17 12:15,0.0
2025-06-17 12:30,0.0
2025-06-17 12:45,0.0
2025-06-17 13:00,0.0
2025-06-17 13:15,0.0
2025-06-17 13:30,0.0
2025-06-17 13:45,0.0
2025-06-17 14:00,0.0
2025-06-17 14:15,0.0
2025-06-17 14:30,0.0
2025-06-17 14:45,0.0
2025-06-17 15:00,0.0
2025-06-17 15:15,0.0
2025-06-17 15:30,0.0
2025-06-17 15:45,0.0
2025-06-17 16:00,0.0
2025-06-17 16:15,0.0
2025-06-17 16:30,0.0
2025-06-17 16:45,0.0
2025-06-17 17:00,0.0
2025-06-17 17:15,0.0
2025-06-17 17:30,0.0
2025-06-17 17:45,0.0
2025-06-17 18:00,0.0
2025-06-17 18:15,0.0
2025-06-17 18:30,0.0
2025-06-17 18:45,0.0
2025-06-17 19:00,0.0
2025-06-17 19:15,0.0
2025-06-17 19:30,0.0
2025-06-17 19:45,0.0
2025-06-17 20:00,0.0
2025-06-17 20:15,0.0
2025-06-17 20:30,0.0
2025-06-17 20:45,0.0
2025-06-17 21:00,0.0
2025-06-17 21:15,0.0
2025-06-17 21:30,0.0
2025-06-17 21:45,0.0
2025-06-17 22:00,0.0
2025-06-17 22:15,0.0
2025-06-17 22:30,0.0
2025-06-17 22:45,0.0
2025-06-17 23:00,0.0
2025-06-17 23:15,0.024715
2025-06-17 23:30,0.003419
2025-06-17 23:45,0.0
2025-06-18 00:00,0.04943
2025-06-18 00:00,0.030219
2025-06-18 00:15,0.0
2025-06-18 00:30,0.0
2025-06-18 00:45,0.060437
2025-06-18 01:00,0.0
2025-06-18 01:15,0.0
2025-06-18 01:30,0.0
2025-06-18 01:45,0.0
2025-06-18 02:00,0.0
2025-06-18 02:15,0.0
2025-06-18 02:30,0.001085
2025-06-18 02:45,0.0
2025-06-18 03:00,0.0
2025-06-18 03:15,0.0
2025-06-18 03:30,0.0
2025-06-18 03:45,0.0
2025-06-18 04:00,0.000697
2025-06-18 04:15,0.0
2025-06-18 04:30,0.0
2025-06-18 04:45,0.0
2025-06-18 05:00,0.0
2025-06-18 05:15,0.063662
2025-06-18 05:30,0.000816
2025-06-18 05:45,0.0
2025-06-18 06:00,0.019051
2025-06-18 06:15,0.0
2025-06-18 06:30,0.000697
2025-06-18 06:45,0.008042
2025-06-18 07:00,0.0
2025-06-18 07:15,0.0
2025-06-18 07:30,0.0
2025-06-18 07:45,0.0
2025-06-18 08:00,0.0
2025-06-18 08:15,0.002946
2025-06-18 08:30,0.015109
2025-06-18 08:45,0.001393
2025-06-18 09:00,0.0
2025-06-18 09:15,0.0
2025-06-18 09:30,0.0
2025-06-18 09:45,0.0
2025-06-18 10:00,0.015109
2025-06-18 10:15,0.0
2025-06-18 10:30,0.0
2025-06-18 10:45,0.0
2025-06-18 11:00,0.0
2025-06-18 11:15,0.0
2025-06-18 11:30,0.0
2025-06-18 11:45,0.0
2025-06-18 12:00,0.0
2025-06-18 12:15,0.0
2025-06-18 12:30,0.0
2025-06-18 12:45,0.0
2025-06-18 13:00,0.0
2025-06-18 13:15,0.0
2025-06-18 13:30,0.0
2025-06-18 13:45,0.0
2025-06-18 14:00,0.0
2025-06-18 14:15,0.0
2025-06-18 14:30,0.0
2025-06-18 14:45,0.0
2025-06-18 15:00,0.0
2025-06-18 15:15,0.0
2025-06-18 15:30,0.0
2025-06-18 15:45,0.0
2025-06-18 16:00,0.0
2025-06-18 16:15,0.0
2025-06-18 16:30,0.0
2025-06-18 16:45,0.0
2025-06-18 17:00,0.0
2025-06-18 17:15,0.0
2025-06-18 17:30,0.0
2025-06-18 17:45,0.0
2025-06-18 18:00,0.0
2025-06-18 18:15,0.0
2025-06-18 18:30,0.0
2025-06-18 18:45,0.0
2025-06-18 19:00,0.0
2025-06-18 19:15,0.0
2025-06-18 19:30,0.0
2025-06-18 19:45,0.0
2025-06-18 20:00,0.0
2025-06-18 20:15,0.0
2025-06-18 20:30,0.0
2025-06-18 20:45,0.0
2025-06-18 21:00,0.0
2025-06-18 21:15,0.0
2025-06-18 21:30,0.0
2025-06-18 21:45,0.0
2025-06-18 22:00,0.0
2025-06-18 22:15,0.030219
2025-06-18 22:30,0.0
2025-06-18 22:45,0.030219
2025-06-18 23:00,0.140323
2025-06-18 23:15,1.0
2025-06-18 23:30,0.437761
2025-06-18 23:45,0.101306
2025-06-19 00:00,0.060437
2025-06-19 00:15,0.090656
2025-06-19 00:30,0.001393
2025-06-19 00:45,0.030219
2025-06-19 01:00,0.063543
2025-06-19 01:15,0.0
2025-06-19 01:30,0.002867
2025-06-19 01:45,0.0
2025-06-19 02:00,0.000697
2025-06-19 02:15,0.001393
2025-06-19 02:30,0.121193
2025-06-19 02:45,0.0
2025-06-19 03:00,0.0
2025-06-19 03:15,0.105765
2025-06-19 03:30,0.001393
2025-06-19 03:45,0.001931
2025-06-19 04:00,0.001473
2025-06-19 04:15,0.132858
2025-06-19 04:30,0.0
2025-06-19 04:45,0.001005
2025-06-19 05:00,0.0
2025-06-19 05:15,0.0
2025-06-19 05:30,0.0
2025-06-19 05:45,0.0
2025-06-19 06:00,0.0
2025-06-19 06:15,0.0
2025-06-19 06:30,0.052912
2025-06-19 06:45,0.000816
2025-06-19 07:00,0.0
2025-06-19 07:15,0.015109
2025-06-19 07:30,0.31403
2025-06-19 07:45,0.166202
2025-06-19 08:00,0.00858
2025-06-19 08:15,0.031612
2025-06-19 08:30,0.030219
2025-06-19 08:45,0.000776
2025-06-19 09:00,0.0
2025-06-19 09:15,0.0
2025-06-19 09:30,0.0
2025-06-19 09:45,0.0
2025-06-19 10:00,0.0
2025-06-19 10:15,0.0
2025-06-19 10:30,0.0
2025-06-19 10:45,0.0
2025-06-19 11:00,0.0
2025-06-19 11:15,0.0
2025-06-19 11:30,0.0
2025-06-19 11:45,0.0
2025-06-19 12:00,0.0
2025-06-19 12:15,0.0
2025-06-19 12:30,0.0
2025-06-19 12:45,0.0
2025-06-19 13:00,0.0
2025-06-19 13:15,0.0
2025-06-19 13:30,0.0
2025-06-19 13:45,0.0
2025-06-19 14:00,0.0
2025-06-19 14:15,0.0
2025-06-19 14:30,0.0
2025-06-19 14:45,0.0
2025-06-19 15:00,0.0
2025-06-19 15:15,0.0
2025-06-19 15:30,0.0
2025-06-19 15:45,0.0
2025-06-19 16:00,0.0
2025-06-19 16:15,0.0
2025-06-19 16:30,0.0
2025-06-19 16:45,0.0
2025-06-19 17:00,0.0
2025-06-19 17:15,0.0
2025-06-19 17:30,0.0
2025-06-19 17:45,0.0
2025-06-19 18:00,0.0
2025-06-19 18:15,0.0
2025-06-19 18:30,0.0
2025-06-19 18:45,0.0
2025-06-19 19:00,0.0
2025-06-19 19:15,0.0
2025-06-19 19:30,0.0
2025-06-19 19:45,0.0
2025-06-19 20:00,0.0
2025-06-19 20:15,0.0
2025-06-19 20:30,0.0
2025-06-19 20:45,0.0
2025-06-19 21:00,0.0
2025-06-19 21:15,0.0
2025-06-19 21:30,0.0
2025-06-19 21:45,0.0
2025-06-19 22:00,0.0
2025-06-19 22:15,0.002867
2025-06-19 22:30,0.027093
2025-06-19 22:45,0.0
2025-06-19 23:00,0.015109
2025-06-19 23:15,0.0
2025-06-19 23:30,0.00434
2025-06-19 23:45,0.0
2025-06-20 00:00,0.000697
2025-06-20 00:15,0.0
2025-06-20 00:30,0.008431
2025-06-20 00:45,0.0
2025-06-20 01:00,0.0
2025-06-20 01:15,0.0
2025-06-20 01:30,0.0
2025-06-20 01:45,0.000697
2025-06-20 02:00,0.030219
2025-06-20 02:15,0.0
2025-06-20 02:30,0.020444
2025-06-20 02:45,0.000697
2025-06-20 03:00,0.0
2025-06-20 03:15,0.0
2025-06-20 03:30,0.000697
2025-06-20 03:45,0.0
2025-06-20 04:00,0.015109
2025-06-20 04:15,0.0
2025-06-20 04:30,0.015109
2025-06-20 04:45,0.0
2025-06-20 05:00,0.0
2025-06-20 05:15,0.015109
2025-06-20 05:30,0.015109
2025-06-20 05:45,0.015109
2025-06-20 06:00,0.0
2025-06-20 06:15,0.0
2025-06-20 06:30,0.0
2025-06-20 06:45,0.0
2025-06-20 07:00,0.0
2025-06-20 07:15,0.031692
2025-06-20 07:30,0.0
2025-06-20 07:45,0.030219
2025-06-20 08:00,0.031891
2025-06-20 08:15,0.0
2025-06-20 08:30,0.0
2025-06-20 08:45,0.0
2025-06-20 09:00,0.001772
2025-06-20 09:15,0.0
2025-06-20 09:30,0.000697
2025-06-20 09:45,0.027471
2025-06-20 10:00,0.0
2025-06-20 10:15,0.060596
2025-06-20 10:30,0.0
2025-06-20 10:45,0.0
2025-06-20 11:00,0.0
2025-06-20 11:15,0.0
2025-06-20 11:30,0.0
2025-06-20 11:45,0.0
2025-06-20 12:00,0.0
2025-06-20 12:15,0.0
2025-06-20 12:30,0.060596
2025-06-20 12:45,0.0
2025-06-20 13:00,0.0
2025-06-20 13:15,0.0
2025-06-20 13:30,0.0
2025-06-20 13:45,0.0
2025-06-20 14:00,0.0
2025-06-20 14:15,0.0
2025-06-20 14:30,0.0
2025-06-20 14:45,0.0
2025-06-20 15:00,0.0
2025-06-20 15:15,0.0
2025-06-20 15:30,0.0
2025-06-20 15:45,0.0
2025-06-20 16:00,0.0
2025-06-20 16:15,0.0
2025-06-20 16:30,0.0
2025-06-20 16:45,0.0
2025-06-20 17:00,0.0
2025-06-20 17:15,0.0
2025-06-20 17:30,0.0
2025-06-20 17:45,0.0
2025-06-20 18:00,0.0
2025-06-20 18:15,0.015109
2025-06-20 18:30,0.0
2025-06-20 18:45,0.0
2025-06-20 19:00,0.0
2025-06-20 19:15,0.0
2025-06-20 19:30,0.0
2025-06-20 19:45,0.015109
2025-06-20 20:00,0.0
2025-06-20 20:15,0.0
2025-06-20 20:30,0.0
2025-06-20 20:45,0.0
2025-06-20 21:00,0.0
2025-06-20 21:15,0.0
2025-06-20 21:30,0.0
2025-06-20 21:45,0.0
2025-06-20 22:00,0.0
2025-06-20 22:15,0.0
2025-06-20 22:30,0.0
2025-06-20 22:45,0.0
2025-06-20 23:00,0.0
2025-06-20 23:15,0.0
2025-06-20 23:30,0.0
2025-06-20 23:45,0.0
2025-06-21 00:00,0.0
2025-06-21 00:15,0.0
2025-06-21 00:30,0.0
2025-06-21 00:45,0.0
2025-06-21 01:00,0.0
2025-06-21 01:15,0.0
2025-06-21 01:30,0.0
2025-06-21 01:45,0.0
2025-06-21 02:00,0.0
2025-06-21 02:15,0.0
2025-06-21 02:30,0.0
2025-06-21 02:45,0.0
2025-06-21 03:00,0.0
2025-06-21 03:15,0.0
2025-06-21 03:30,0.0
2025-06-21 03:45,0.0
2025-06-21 04:00,0.0
2025-06-21 04:15,0.0
2025-06-21 04:30,0.0
2025-06-21 04:45,0.0
2025-06-21 05:00,0.0
2025-06-21 05:15,0.0
2025-06-21 05:30,0.0
2025-06-21 05:45,0.0
2025-06-21 06:00,0.0
2025-06-21 06:15,0.0
2025-06-21 06:30,0.0
2025-06-21 06:45,0.0
2025-06-21 07:00,0.0
2025-06-21 07:15,0.0
2025-06-21 07:30,0.0
2025-06-21 07:45,0.0
2025-06-21 08:00,0.0
2025-06-21 08:15,0.0
2025-06-21 08:30,0.0
2025-06-21 08:45,0.0
2025-06-21 09:00,0.001274
2025-06-21 09:15,0.0
2025-06-21 09:30,0.0
2025-06-21 09:45,0.0
2025-06-21 10:00,0.0
2025-06-21 10:15,0.0
2025-06-21 10:30,0.0
2025-06-21 10:45,0.0
2025-06-21 11:00,0.0
2025-06-21 11:15,0.0
2025-06-21 11:30,0.0
2025-06-21 11:45,0.0
2025-06-21 12:00,0.0
2025-06-21 12:15,0.0
2025-06-21 12:30,0.0
2025-06-21 12:45,0.0
2025-06-21 13:00,0.0
2025-06-21 13:15,0.0
2025-06-21 13:30,0.0
2025-06-21 13:45,0.0
2025-06-21 14:00,0.0
2025-06-21 14:15,0.0
2025-06-21 14:30,0.0
2025-06-21 14:45,0.0
2025-06-21 15:00,0.0
2025-06-21 15:15,0.0
2025-06-21 15:30,0.0
2025-06-21 15:45,0.0
2025-06-21 16:00,0.0
2025-06-21 16:15,0.0
2025-06-21 16:30,0.0
2025-06-21 16:45,0.0
2025-06-21 17:00,0.0
2025-06-21 17:15,0.0
2025-06-21 17:30,0.0
2025-06-21 17:45,0.0
2025-06-21 18:00,0.0
2025-06-21 18:15,0.0
2025-06-21 18:30,0.0
2025-06-21 18:45,0.0
2025-06-21 19:00,0.0
2025-06-21 19:15,0.0
2025-06-21 19:30,0.0
2025-06-21 19:45,0.0
2025-06-21 20:00,0.0
2025-06-21 20:15,0.0
2025-06-21 20:30,0.0
2025-06-21 20:45,0.0
2025-06-21 21:00,0.0
2025-06-21 21:15,0.0
2025-06-21 21:30,0.0
2025-06-21 21:45,0.0
2025-06-21 22:00,0.0
2025-06-21 22:15,0.0
2025-06-21 22:30,0.0
2025-06-21 22:45,0.0
2025-06-21 23:00,0.0
2025-06-21 23:15,0.0
2025-06-21 23:30,0.0
2025-06-21 23:45,0.0
2025-06-22 00:00,0.0
2025-06-22 00:15,0.0
2025-06-22 00:30,0.0
2025-06-22 00:45,0.0
2025-06-22 01:00,0.0
2025-06-22 01:15,0.0
2025-06-22 01:30,0.0
2025-06-22 01:45,0.0
2025-06-22 02:00,0.0
2025-06-22 02:15,0.0
2025-06-22 02:30,0.0
2025-06-22 02:45,0.0
2025-06-22 03:00,0.0
2025-06-22 03:15,0.0
2025-06-22 03:30,0.0
2025-06-22 03:45,0.0
2025-06-22 04:00,0.0
2025-06-22 04:15,0.0
2025-06-22 04:30,0.0
2025-06-22 04:45,0.0
2025-06-22 05:00,0.0
2025-06-22 05:15,0.0
2025-06-22 05:30,0.0
2025-06-22 05:45,0.0
2025-06-22 06:00,0.0
2025-06-22 06:15,0.0
2025-06-22 06:30,0.0
2025-06-22 06:45,0.0
2025-06-22 07:00,0.0
2025-06-22 07:15,0.0
2025-06-22 07:30,0.0
2025-06-22 07:45,0.0
2025-06-22 08:00,0.0
2025-06-22 08:15,0.0
2025-06-22 08:30,0.0
2025-06-22 08:45,0.0
2025-06-22 09:00,0.0
2025-06-22 09:15,0.0
2025-06-22 09:30,0.0
2025-06-22 09:45,0.0
2025-06-22 10:00,0.0
2025-06-22 10:15,0.0
2025-06-22 10:30,0.0
2025-06-22 10:45,0.0
2025-06-22 11:00,0.0
2025-06-22 11:15,0.0
2025-06-22 11:30,0.0
2025-06-22 11:45,0.0
2025-06-22 12:00,0.0
2025-06-22 12:15,0.0
2025-06-22 12:30,0.0
2025-06-22 12:45,0.0
2025-06-22 13:00,0.0
2025-06-22 13:15,0.0
2025-06-22 13:30,0.0
2025-06-22 13:45,0.0
2025-06-22 14:00,0.0
2025-06-22 14:15,0.0
2025-06-22 14:30,0.0
2025-06-22 14:45,0.0
2025-06-22 15:00,0.0
2025-06-22 15:15,0.0
2025-06-22 15:30,0.0
2025-06-22 15:45,0.0
2025-06-22 16:00,0.0
2025-06-22 16:15,0.0
2025-06-22 16:30,0.0
2025-06-22 16:45,0.0
2025-06-22 17:00,0.0
2025-06-22 17:15,0.0
2025-06-22 17:30,0.0
2025-06-22 17:45,0.0
2025-06-22 18:00,0.0
2025-06-22 18:15,0.0
2025-06-22 18:30,0.0
2025-06-22 18:45,0.0
2025-06-22 19:00,0.0
2025-06-22 19:15,0.0
2025-06-22 19:30,0.0
2025-06-22 19:45,0.0
2025-06-22 20:00,0.0
2025-06-22 20:15,0.0
2025-06-22 20:30,0.0
2025-06-22 20:45,0.0
2025-06-22 21:00,0.0
2025-06-22 21:15,0.0
2025-06-22 21:30,0.0
2025-06-22 21:45,0.0
2025-06-22 22:00,0.0
2025-06-22 22:15,0.0
2025-06-22 22:30,0.0
2025-06-22 22:45,0.0
2025-06-22 23:00,0.017279
2025-06-22 23:15,0.001393
2025-06-22 23:30,0.000697
2025-06-22 23:45,0.0
2025-06-23 00:00,0.001393
2025-06-23 00:15,0.0
2025-06-23 00:30,0.0
2025-06-23 00:45,0.0
2025-06-23 01:00,0.00217
2025-06-23 01:15,0.030298
2025-06-23 01:30,0.016274
2025-06-23 01:45,0.0
2025-06-23 02:00,0.007714
2025-06-23 02:15,0.0
2025-06-23 02:30,0.0
2025-06-23 02:45,0.0
2025-06-23 03:00,0.0
2025-06-23 03:15,0.000737
2025-06-23 03:30,0.000697
2025-06-23 03:45,0.0
2025-06-23 04:00,0.0
2025-06-23 04:15,0.0
2025-06-23 04:30,0.0
2025-06-23 04:45,0.0
2025-06-23 05:00,0.000697
2025-06-23 05:15,0.0
2025-06-23 05:30,0.010989
2025-06-23 05:45,0.0
2025-06-23 06:00,0.002787
2025-06-23 06:15,0.0
2025-06-23 06:30,0.0
2025-06-23 06:45,0.046025
2025-06-23 07:00,0.0
2025-06-23 07:15,0.04708
2025-06-23 07:30,0.0
2025-06-23 07:45,0.015109
2025-06-23 08:00,0.0
2025-06-23 08:15,0.0
2025-06-23 08:30,0.0
2025-06-23 08:45,0.0
2025-06-23 09:00,0.060596
2025-06-23 09:15,0.0
2025-06-23 09:30,0.029024
2025-06-23 09:45,0.0
2025-06-23 10:00,0.015109
2025-06-23 10:15,0.0
2025-06-23 10:30,0.008361
2025-06-23 10:45,0.0
2025-06-23 11:00,0.0
2025-06-23 11:15,0.0
2025-06-23 11:30,0.0
2025-06-23 11:45,0.0
2025-06-23 12:00,0.0
2025-06-23 12:15,0.0
2025-06-23 12:30,0.0
2025-06-23 12:45,0.0
2025-06-23 13:00,0.0
2025-06-23 13:15,0.0
2025-06-23 13:30,0.0
2025-06-23 13:45,0.0
2025-06-23 14:00,0.0
2025-06-23 14:15,0.0
2025-06-23 14:30,0.0
2025-06-23 14:45,0.0
2025-06-23 15:00,0.0
2025-06-23 15:15,0.0
2025-06-23 15:30,0.0
2025-06-23 15:45,0.0
2025-06-23 16:00,0.0
2025-06-23 16:15,0.0
2025-06-23 16:30,0.0
2025-06-23 16:45,0.0
2025-06-23 17:00,0.0
2025-06-23 17:15,0.0
2025-06-23 17:30,0.0
2025-06-23 17:45,0.0
2025-06-23 18:00,0.0
2025-06-23 18:15,0.0
2025-06-23 18:30,0.0
2025-06-23 18:45,0.0
2025-06-23 19:00,0.0
2025-06-23 19:15,0.0
2025-06-23 19:30,0.0
2025-06-23 19:45,0.0
2025-06-23 20:00,0.0
2025-06-23 20:15,0.0
2025-06-23 20:30,0.0
2025-06-23 20:45,0.0
2025-06-23 21:00,0.0
2025-06-23 21:15,0.0
2025-06-23 21:30,0.0
2025-06-23 21:45,0.0
2025-06-23 22:00,0.0
2025-06-23 22:15,0.0
2025-06-23 22:30,0.0
2025-06-23 22:45,0.060596
2025-06-23 23:00,0.030219
2025-06-23 23:15,0.0
2025-06-23 23:30,0.030298
2025-06-23 23:45,0.001393
2025-06-24 00:00,0.0
2025-06-24 00:15,0.0
2025-06-24 00:30,0.0
2025-06-24 00:45,0.015109
2025-06-24 01:00,0.0
2025-06-24 01:15,0.0
2025-06-24 01:30,0.0
2025-06-24 01:45,0.000697
2025-06-24 02:00,0.00205
2025-06-24 02:15,0.014552
2025-06-24 02:30,0.006967
2025-06-24 02:45,0.0
2025-06-24 03:00,0.0
2025-06-24 03:15,0.0
2025-06-24 03:30,0.0
2025-06-24 03:45,0.0
2025-06-24 04:00,0.001473
2025-06-24 04:15,0.0
2025-06-24 04:30,0.0
2025-06-24 04:45,0.0
2025-06-24 05:00,0.0
2025-06-24 05:15,0.0
2025-06-24 05:30,0.015109
2025-06-24 05:45,0.0
2025-06-24 06:00,0.002787
2025-06-24 06:15,0.001901
2025-06-24 06:30,0.06617
2025-06-24 06:45,0.0
2025-06-24 07:00,0.0
2025-06-24 07:15,0.0
2025-06-24 07:30,0.0
2025-06-24 07:45,0.0
2025-06-24 08:00,0.0
2025-06-24 08:15,0.0
2025-06-24 08:30,0.015109
2025-06-24 08:45,0.0
2025-06-24 09:00,0.0
2025-06-24 09:15,0.0
2025-06-24 09:30,0.0
2025-06-24 09:45,0.0
2025-06-24 10:00,0.0
2025-06-24 10:15,0.0
2025-06-24 10:30,0.0
2025-06-24 10:45,0.0
2025-06-24 11:00,0.176932
2025-06-24 11:15,0.0
2025-06-24 11:30,0.0
2025-06-24 11:45,0.0
2025-06-24 12:00,0.0
2025-06-24 12:15,0.0
2025-06-24 12:30,0.0
2025-06-24 12:45,0.000697
2025-06-24 13:00,0.0
2025-06-24 13:15,0.0
2025-06-24 13:30,0.0
2025-06-24 13:45,0.0
2025-06-24 14:00,0.0
2025-06-24 14:15,0.0
2025-06-24 14:30,0.0
2025-06-24 14:45,0.0
2025-06-24 15:00,0.0
2025-06-24 15:15,0.0
2025-06-24 15:30,0.0
2025-06-24 15:45,0.0
2025-06-24 16:00,0.0
2025-06-24 16:15,0.0
2025-06-24 16:30,0.0
2025-06-24 16:45,0.0
2025-06-24 17:00,0.0
2025-06-24 17:15,0.0
2025-06-24 17:30,0.001005
2025-06-24 17:45,0.0
2025-06-24 18:00,0.0
2025-06-24 18:15,0.0
2025-06-24 18:30,0.0
2025-06-24 18:45,0.0
2025-06-24 19:00,0.0
2025-06-24 19:15,0.0
2025-06-24 19:30,0.0
2025-06-24 19:45,0.000776
2025-06-24 20:00,0.0
2025-06-24 20:15,0.0
2025-06-24 20:30,0.0
2025-06-24 20:45,0.0
2025-06-24 21:00,0.0
2025-06-24 21:15,0.0
2025-06-24 21:30,0.0
2025-06-24 21:45,0.002946
2025-06-24 22:00,0.0
2025-06-24 22:15,0.0
2025-06-24 22:30,0.0
2025-06-24 22:45,0.0
2025-06-24 23:00,0.0
2025-06-24 23:15,0.035195
2025-06-24 23:30,0.0
2025-06-24 23:45,0.0
2025-06-25 00:00,0.0
2025-06-25 00:00,0.0
2025-06-25 00:15,0.247573
2025-06-25 00:30,0.0
2025-06-25 00:45,0.0
2025-06-25 01:00,0.350902
2025-06-25 01:15,0.004045
2025-06-25 01:30,0.0
2025-06-25 01:45,0.0
2025-06-25 02:00,0.0
2025-06-25 02:15,0.0
2025-06-25 02:30,0.004045
2025-06-25 02:45,0.0
2025-06-25 03:00,0.527277
2025-06-25 03:15,0.0
2025-06-25 03:30,0.0
2025-06-25 03:45,0.0
2025-06-25 04:00,0.038026
2025-06-25 04:15,0.0
2025-06-25 04:30,0.0
2025-06-25 04:45,0.008091
2025-06-25 05:00,0.043863
2025-06-25 05:15,0.095816
2025-06-25 05:30,0.0
2025-06-25 05:45,0.0
2025-06-25 06:00,0.0
2025-06-25 06:15,0.168516
2025-06-25 06:30,0.0
2025-06-25 06:45,0.004045
2025-06-25 07:00,0.0
2025-06-25 07:15,0.016181
2025-06-25 07:30,0.004276
2025-06-25 07:45,0.008091
2025-06-25 08:00,0.0
2025-06-25 08:15,0.0
2025-06-25 08:30,0.0
2025-06-25 08:45,0.0
2025-06-25 09:00,0.0
2025-06-25 09:15,0.0
2025-06-25 09:30,0.0
2025-06-25 09:45,0.0
2025-06-25 10:00,0.0
2025-06-25 10:15,0.0
2025-06-25 10:30,0.0
2025-06-25 10:45,0.0
2025-06-25 11:00,0.0
2025-06-25 11:15,0.0
2025-06-25 11:30,0.0
2025-06-25 11:45,0.0
2025-06-25 12:00,0.0
2025-06-25 12:15,0.0
2025-06-25 12:30,0.0
2025-06-25 12:45,0.0
2025-06-25 13:00,0.0
2025-06-25 13:15,0.0
2025-06-25 13:30,0.0
2025-06-25 13:45,0.0
2025-06-25 14:00,0.0
2025-06-25 14:15,0.0
2025-06-25 14:30,0.0
2025-06-25 14:45,0.0
2025-06-25 15:00,0.0
2025-06-25 15:15,0.0
2025-06-25 15:30,0.0
2025-06-25 15:45,0.0
2025-06-25 16:00,0.0
2025-06-25 16:15,0.0
2025-06-25 16:30,0.0
2025-06-25 16:45,0.0
2025-06-25 17:00,0.0
2025-06-25 17:15,0.0
2025-06-25 17:30,0.0
2025-06-25 17:45,0.0
2025-06-25 18:00,0.0
2025-06-25 18:15,0.0
2025-06-25 18:30,0.0
2025-06-25 18:45,0.0
2025-06-25 19:00,0.0
2025-06-25 19:15,0.0
2025-06-25 19:30,0.0
2025-06-25 19:45,0.0
2025-06-25 20:00,0.0
2025-06-25 20:15,0.0
2025-06-25 20:30,0.0
2025-06-25 20:45,0.0
2025-06-25 21:00,0.0
2025-06-25 21:15,0.0
2025-06-25 21:30,0.0
2025-06-25 21:45,0.0
2025-06-25 22:00,0.0
2025-06-25 22:15,0.0
2025-06-25 22:30,0.0
2025-06-25 22:45,0.0
2025-06-25 23:00,0.0
2025-06-25 23:15,0.114656
2025-06-25 23:30,0.004045
2025-06-25 23:45,0.414817
2025-06-26 00:00,0.614078
2025-06-26 00:15,0.008553
2025-06-26 00:30,0.0
2025-06-26 00:45,0.077843
2025-06-26 01:00,0.087725
2025-06-26 01:15,0.007397
2025-06-26 01:30,0.012136
2025-06-26 01:45,0.0
2025-06-26 02:00,0.0
2025-06-26 02:15,0.0
2025-06-26 02:30,0.004508
2025-06-26 02:45,0.0
2025-06-26 03:00,0.350902
2025-06-26 03:15,0.008091
2025-06-26 03:30,0.0
2025-06-26 03:45,0.0
2025-06-26 04:00,0.087725
2025-06-26 04:15,0.0
2025-06-26 04:30,0.0
2025-06-26 04:45,0.337032
2025-06-26 05:00,0.0
2025-06-26 05:15,0.087725
2025-06-26 05:30,0.016412
2025-06-26 05:45,0.017106
2025-06-26 06:00,0.0
2025-06-26 06:15,0.0
2025-06-26 06:30,0.0
2025-06-26 06:45,0.0
2025-06-26 07:00,0.0
2025-06-26 07:15,0.0
2025-06-26 07:30,0.0
2025-06-26 07:45,0.0
2025-06-26 08:00,0.036523
2025-06-26 08:15,0.0
2025-06-26 08:30,0.0
2025-06-26 08:45,0.0
2025-06-26 09:00,0.0
2025-06-26 09:15,0.0
2025-06-26 09:30,0.0
2025-06-26 09:45,0.034212
2025-06-26 10:00,0.0
2025-06-26 10:15,0.0
2025-06-26 10:30,0.0
2025-06-26 10:45,0.0
2025-06-26 11:00,0.0
2025-06-26 11:15,0.0
2025-06-26 11:30,0.0
2025-06-26 11:45,0.0
2025-06-26 12:00,0.0
2025-06-26 12:15,0.0
2025-06-26 12:30,0.0
2025-06-26 12:45,0.0
2025-06-26 13:00,0.0
2025-06-26 13:15,0.0
2025-06-26 13:30,0.0
2025-06-26 13:45,0.0
2025-06-26 14:00,0.0
2025-06-26 14:15,0.0
2025-06-26 14:30,0.0
2025-06-26 14:45,0.0
2025-06-26 15:00,0.0
2025-06-26 15:15,0.0
2025-06-26 15:30,0.0
2025-06-26 15:45,0.0
2025-06-26 16:00,0.0
2025-06-26 16:15,0.0
2025-06-26 16:30,0.0
2025-06-26 16:45,0.0
2025-06-26 17:00,0.0
2025-06-26 17:15,0.0
2025-06-26 17:30,0.0
2025-06-26 17:45,0.0
2025-06-26 18:00,0.0
2025-06-26 18:15,0.0
2025-06-26 18:30,0.0
2025-06-26 18:45,0.0
2025-06-26 19:00,0.0
2025-06-26 19:15,0.0
2025-06-26 19:30,0.0
2025-06-26 19:45,0.0
2025-06-26 20:00,0.0
2025-06-26 20:15,0.0
2025-06-26 20:30,0.0
2025-06-26 20:45,0.0
2025-06-26 21:00,0.0
2025-06-26 21:15,0.0
2025-06-26 21:30,0.0
2025-06-26 21:45,0.0
2025-06-26 22:00,0.0
2025-06-26 22:15,0.0
2025-06-26 22:30,0.0
2025-06-26 22:45,0.0
2025-06-26 23:00,0.008553
2025-06-26 23:15,0.0
2025-06-26 23:30,0.675682
2025-06-26 23:45,0.0
2025-06-27 00:00,0.355871
2025-06-27 00:15,0.012598
2025-06-27 00:30,0.0
2025-06-27 00:45,0.008553
2025-06-27 01:00,0.0
2025-06-27 01:15,0.004045
2025-06-27 01:30,0.020515
2025-06-27 01:45,0.0
2025-06-27 02:00,0.351826
2025-06-27 02:15,0.0
2025-06-27 02:30,0.06981
2025-06-27 02:45,0.0
2025-06-27 03:00,0.0
2025-06-27 03:15,0.087725
2025-06-27 03:30,0.0
2025-06-27 03:45,0.0
2025-06-27 04:00,0.074029
2025-06-27 04:15,0.0
2025-06-27 04:30,0.688511
2025-06-27 04:45,0.263176
2025-06-27 05:00,0.128814
2025-06-27 05:15,0.350902
2025-06-27 05:30,0.011211
2025-06-27 05:45,0.0
2025-06-27 06:00,0.004508
2025-06-27 06:15,0.0
2025-06-27 06:30,0.0
2025-06-27 06:45,0.179496
2025-06-27 07:00,0.0
2025-06-27 07:15,0.0
2025-06-27 07:30,0.0
2025-06-27 07:45,0.009824
2025-06-27 08:00,0.009824
2025-06-27 08:15,0.263003
2025-06-27 08:30,0.0
2025-06-27 08:45,0.0
2025-06-27 09:00,0.0
2025-06-27 09:15,0.0
2025-06-27 09:30,0.0
2025-06-27 09:45,0.0
2025-06-27 10:00,0.0
2025-06-27 10:15,0.175451
2025-06-27 10:30,0.0
2025-06-27 10:45,0.0
2025-06-27 11:00,0.0
2025-06-27 11:15,0.0
2025-06-27 11:30,0.0
2025-06-27 11:45,0.0
2025-06-27 12:00,0.0
2025-06-27 12:15,0.0
2025-06-27 12:30,0.0
2025-06-27 12:45,0.0
2025-06-27 13:00,0.0
2025-06-27 13:15,0.0
2025-06-27 13:30,0.0
2025-06-27 13:45,0.0
2025-06-27 14:00,0.0
2025-06-27 14:15,0.0
2025-06-27 14:30,0.0
2025-06-27 14:45,0.0
2025-06-27 15:00,0.087725
2025-06-27 15:15,0.0
2025-06-27 15:30,0.0
2025-06-27 15:45,0.0
2025-06-27 16:00,0.0
2025-06-27 16:15,0.0
2025-06-27 16:30,0.0
2025-06-27 16:45,0.0
2025-06-27 17:00,0.0
2025-06-27 17:15,0.0
2025-06-27 17:30,0.008091
2025-06-27 17:45,0.0
2025-06-27 18:00,0.0
2025-06-27 18:15,0.0
2025-06-27 18:30,0.0
2025-06-27 18:45,0.0
2025-06-27 19:00,0.0
2025-06-27 19:15,0.0
2025-06-27 19:30,0.0
2025-06-27 19:45,0.0
2025-06-27 20:00,0.0
2025-06-27 20:15,0.0
2025-06-27 20:30,0.0
2025-06-27 20:45,0.0
2025-06-27 21:00,0.0
2025-06-27 21:15,0.0
2025-06-27 21:30,0.0
2025-06-27 21:45,0.0
2025-06-27 22:00,0.0
2025-06-27 22:15,0.0
2025-06-27 22:30,0.0
2025-06-27 22:45,0.0
2025-06-27 23:00,0.0
2025-06-27 23:15,0.0
2025-06-27 23:30,0.0
2025-06-27 23:45,0.0
2025-06-28 00:00,0.0
2025-06-28 00:15,0.0
2025-06-28 00:30,0.0
2025-06-28 00:45,0.0
2025-06-28 01:00,0.0
2025-06-28 01:15,0.0
2025-06-28 01:30,0.0
2025-06-28 01:45,0.0
2025-06-28 02:00,0.0
2025-06-28 02:15,0.007397
2025-06-28 02:30,0.003699
2025-06-28 02:45,0.0
2025-06-28 03:00,0.0
2025-06-28 03:15,0.0
2025-06-28 03:30,0.0
2025-06-28 03:45,0.0
2025-06-28 04:00,0.0
2025-06-28 04:15,0.0
2025-06-28 04:30,0.0
2025-06-28 04:45,0.0
2025-06-28 05:00,0.0
2025-06-28 05:15,0.0
2025-06-28 05:30,0.0
2025-06-28 05:45,0.0
2025-06-28 06:00,0.0
2025-06-28 06:15,0.0
2025-06-28 06:30,0.0
2025-06-28 06:45,0.0
2025-06-28 07:00,0.0
2025-06-28 07:15,0.0
2025-06-28 07:30,0.0
2025-06-28 07:45,0.0
2025-06-28 08:00,0.0
2025-06-28 08:15,0.0
2025-06-28 08:30,0.0
2025-06-28 08:45,0.0
2025-06-28 09:00,0.0
2025-06-28 09:15,0.0
2025-06-28 09:30,0.0
2025-06-28 09:45,0.0
2025-06-28 10:00,0.0
2025-06-28 10:15,0.0
2025-06-28 10:30,0.0
2025-06-28 10:45,0.0
2025-06-28 11:00,0.0
2025-06-28 11:15,0.0
2025-06-28 11:30,0.0
2025-06-28 11:45,0.0
2025-06-28 12:00,0.0
2025-06-28 12:15,0.0
2025-06-28 12:30,0.0
2025-06-28 12:45,0.0
2025-06-28 13:00,0.0
2025-06-28 13:15,0.0
2025-06-28 13:30,0.0
2025-06-28 13:45,0.0
2025-06-28 14:00,0.0
2025-06-28 14:15,0.0
2025-06-28 14:30,0.0
2025-06-28 14:45,0.0
2025-06-28 15:00,0.0
2025-06-28 15:15,0.0
2025-06-28 15:30,0.0
2025-06-28 15:45,0.0
2025-06-28 16:00,0.0
2025-06-28 16:15,0.0
2025-06-28 16:30,0.0
2025-06-28 16:45,0.0
2025-06-28 17:00,0.0
2025-06-28 17:15,0.0
2025-06-28 17:30,0.0
2025-06-28 17:45,0.0
2025-06-28 18:00,0.0
2025-06-28 18:15,0.0
2025-06-28 18:30,0.0
2025-06-28 18:45,0.0
2025-06-28 19:00,0.0
2025-06-28 19:15,0.0
2025-06-28 19:30,0.0
2025-06-28 19:45,0.0
2025-06-28 20:00,0.0
2025-06-28 20:15,0.0
2025-06-28 20:30,0.0
2025-06-28 20:45,0.0
2025-06-28 21:00,0.0
2025-06-28 21:15,0.0
2025-06-28 21:30,0.0
2025-06-28 21:45,0.0
2025-06-28 22:00,0.0
2025-06-28 22:15,0.0
2025-06-28 22:30,0.0
2025-06-28 22:45,0.0
2025-06-28 23:00,0.0
2025-06-28 23:15,0.0
2025-06-28 23:30,0.0
2025-06-28 23:45,0.0
2025-06-29 00:00,0.0
2025-06-29 00:15,0.0
2025-06-29 00:30,0.0
2025-06-29 00:45,0.0
2025-06-29 01:00,0.0
2025-06-29 01:15,0.0
2025-06-29 01:30,0.0
2025-06-29 01:45,0.0
2025-06-29 02:00,0.0
2025-06-29 02:15,0.0
2025-06-29 02:30,0.0
2025-06-29 02:45,0.0
2025-06-29 03:00,0.0
2025-06-29 03:15,0.0
2025-06-29 03:30,0.0
2025-06-29 03:45,0.0
2025-06-29 04:00,0.0
2025-06-29 04:15,0.0
2025-06-29 04:30,0.0
2025-06-29 04:45,0.0
2025-06-29 05:00,0.0
2025-06-29 05:15,0.0
2025-06-29 05:30,0.0
2025-06-29 05:45,0.0
2025-06-29 06:00,0.0
2025-06-29 06:15,0.0
2025-06-29 06:30,0.0
2025-06-29 06:45,0.0
2025-06-29 07:00,0.0
2025-06-29 07:15,0.0
2025-06-29 07:30,0.0
2025-06-29 07:45,0.0
2025-06-29 08:00,0.0
2025-06-29 08:15,0.0
2025-06-29 08:30,0.0
2025-06-29 08:45,0.0
2025-06-29 09:00,0.0
2025-06-29 09:15,0.0
2025-06-29 09:30,0.0
2025-06-29 09:45,0.0
2025-06-29 10:00,0.0
2025-06-29 10:15,0.0
2025-06-29 10:30,0.0
2025-06-29 10:45,0.0
2025-06-29 11:00,0.0
2025-06-29 11:15,0.0
2025-06-29 11:30,0.0
2025-06-29 11:45,0.0
2025-06-29 12:00,0.0
2025-06-29 12:15,0.0
2025-06-29 12:30,0.0
2025-06-29 12:45,0.0
2025-06-29 13:00,0.0
2025-06-29 13:15,0.0
2025-06-29 13:30,0.0
2025-06-29 13:45,0.0
2025-06-29 14:00,0.0
2025-06-29 14:15,0.0
2025-06-29 14:30,0.0
2025-06-29 14:45,0.0
2025-06-29 15:00,0.0
2025-06-29 15:15,0.0
2025-06-29 15:30,0.0
2025-06-29 15:45,0.0
2025-06-29 16:00,0.0
2025-06-29 16:15,0.0
2025-06-29 16:30,0.0
2025-06-29 16:45,0.0
2025-06-29 17:00,0.0
2025-06-29 17:15,0.0
2025-06-29 17:30,0.0
2025-06-29 17:45,0.0
2025-06-29 18:00,0.0
2025-06-29 18:15,0.0
2025-06-29 18:30,0.0
2025-06-29 18:45,0.0
2025-06-29 19:00,0.0
2025-06-29 19:15,0.0
2025-06-29 19:30,0.0
2025-06-29 19:45,0.0
2025-06-29 20:00,0.0
2025-06-29 20:15,0.0
2025-06-29 20:30,0.0
2025-06-29 20:45,0.0
2025-06-29 21:00,0.0
2025-06-29 21:15,0.0
2025-06-29 21:30,0.0
2025-06-29 21:45,0.0
2025-06-29 22:00,0.0
2025-06-29 22:15,0.0
2025-06-29 22:30,0.0
2025-06-29 22:45,0.087725
2025-06-29 23:00,0.168516
2025-06-29 23:15,0.208507
2025-06-29 23:30,0.095816
2025-06-29 23:45,0.717984
2025-06-30 00:00,0.351826
2025-06-30 00:15,0.016181
2025-06-30 00:30,0.012136
2025-06-30 00:45,0.0
2025-06-30 01:00,0.168516
2025-06-30 01:15,0.263176
2025-06-30 01:30,0.263176
2025-06-30 01:45,0.881761
2025-06-30 02:00,0.0
2025-06-30 02:15,0.087725
2025-06-30 02:30,0.0
2025-06-30 02:45,0.0
2025-06-30 03:00,0.0
2025-06-30 03:15,0.008091
2025-06-30 03:30,0.0
2025-06-30 03:45,0.175451
2025-06-30 04:00,0.005837
2025-06-30 04:15,0.960703
2025-06-30 04:30,0.0
2025-06-30 04:45,0.008091
2025-06-30 05:00,0.0
2025-06-30 05:15,0.004045
2025-06-30 05:30,0.021151
2025-06-30 05:45,0.012598
2025-06-30 06:00,0.0
2025-06-30 06:15,0.350902
2025-06-30 06:30,0.0
2025-06-30 06:45,0.224226
2025-06-30 07:00,0.0
2025-06-30 07:15,0.004045
2025-06-30 07:30,0.008091
2025-06-30 07:45,0.362806
2025-06-30 08:00,0.449607
2025-06-30 08:15,0.0
2025-06-30 08:30,0.0
2025-06-30 08:45,0.0
2025-06-30 09:00,0.087725
2025-06-30 09:15,0.0
2025-06-30 09:30,0.0
2025-06-30 09:45,0.0
2025-06-30 10:00,0.008091
2025-06-30 10:15,0.0
2025-06-30 10:30,0.0
2025-06-30 10:45,0.0
2025-06-30 11:00,0.0
2025-06-30 11:15,0.0
2025-06-30 11:30,0.0
2025-06-30 11:45,0.0
2025-06-30 12:00,0.004045
2025-06-30 12:15,0.0
2025-06-30 12:30,0.0
2025-06-30 12:45,0.0
2025-06-30 13:00,0.0
2025-06-30 13:15,0.0
2025-06-30 13:30,0.0
2025-06-30 13:45,0.0
2025-06-30 14:00,0.0
2025-06-30 14:15,0.0
2025-06-30 14:30,0.0
2025-06-30 14:45,0.0
2025-06-30 15:00,0.0
2025-06-30 15:15,0.0
2025-06-30 15:30,0.0
2025-06-30 15:45,0.0
2025-06-30 16:00,0.0
2025-06-30 16:15,0.0
2025-06-30 16:30,0.0
2025-06-30 16:45,0.0
2025-06-30 17:00,0.0
2025-06-30 17:15,0.0
2025-06-30 17:30,0.0
2025-06-30 17:45,0.0
2025-06-30 18:00,0.0
2025-06-30 18:15,0.0
2025-06-30 18:30,0.0
2025-06-30 18:45,0.0
2025-06-30 19:00,0.0
2025-06-30 19:15,0.0
2025-06-30 19:30,0.0
2025-06-30 19:45,0.0
2025-06-30 20:00,0.074376
2025-06-30 20:15,0.0
2025-06-30 20:30,0.0
2025-06-30 20:45,0.0
2025-06-30 21:00,0.0
2025-06-30 21:15,0.0
2025-06-30 21:30,0.0
2025-06-30 21:45,0.0
2025-06-30 22:00,0.0
2025-06-30 22:15,0.0
2025-06-30 22:30,0.175913
2025-06-30 22:45,0.005952
2025-06-30 23:00,0.0
2025-06-30 23:15,0.008091
2025-06-30 23:30,0.0
2025-06-30 23:45,0.036292
2025-07-01 00:00,0.0
2025-07-01 00:15,0.0
2025-07-01 00:30,0.0
2025-07-01 00:45,0.0
2025-07-01 01:00,0.360841
2025-07-01 01:15,0.0
2025-07-01 01:30,0.0
2025-07-01 01:45,0.009998
2025-07-01 02:00,0.016181
2025-07-01 02:15,0.350902
2025-07-01 02:30,0.0
2025-07-01 02:45,0.096278
2025-07-01 03:00,0.0
2025-07-01 03:15,0.263176
2025-07-01 03:30,0.350902
2025-07-01 03:45,0.175451
2025-07-01 04:00,0.076456
2025-07-01 04:15,0.369279
2025-07-01 04:30,0.087725
2025-07-01 04:45,0.087725
2025-07-01 05:00,0.087725
2025-07-01 05:15,0.702728
2025-07-01 05:30,1.0
2025-07-01 05:45,0.562067
2025-07-01 06:00,0.350902
2025-07-01 06:15,0.350902
2025-07-01 06:30,0.277335
2025-07-01 06:45,0.087725
2025-07-01 07:00,0.304265
2025-07-01 07:15,0.526352
2025-07-01 07:30,0.697411
2025-07-01 07:45,0.351826
2025-07-01 08:00,0.121995
2025-07-01 08:15,0.095816
2025-07-01 08:30,0.0
2025-07-01 08:45,0.175682
2025-07-01 09:00,0.0
2025-07-01 09:15,0.0
2025-07-01 09:30,0.0
2025-07-01 09:45,0.0
2025-07-01 10:00,0.0
2025-07-01 10:15,0.0
2025-07-01 10:30,0.0
2025-07-01 10:45,0.0
2025-07-01 11:00,0.0
2025-07-01 11:15,0.0
2025-07-01 11:30,0.0
2025-07-01 11:45,0.0
2025-07-01 12:00,0.0
2025-07-01 12:15,0.0
2025-07-01 12:30,0.008553
2025-07-01 12:45,0.0
2025-07-01 13:00,0.0
2025-07-01 13:15,0.0
2025-07-01 13:30,0.008553
2025-07-01 13:45,0.0
2025-07-01 14:00,0.0
2025-07-01 14:15,0.0
2025-07-01 14:30,0.0
2025-07-01 14:45,0.0
2025-07-01 15:00,0.008553
2025-07-01 15:15,0.0
2025-07-01 15:30,0.0
2025-07-01 15:45,0.0
2025-07-01 16:00,0.0
2025-07-01 16:15,0.0
2025-07-01 16:30,0.0
2025-07-01 16:45,0.0
2025-07-01 17:00,0.350902
2025-07-01 17:15,0.0
2025-07-01 17:30,0.0
2025-07-01 17:45,0.0
2025-07-01 18:00,0.0
2025-07-01 18:15,0.0
2025-07-01 18:30,0.0
2025-07-01 18:45,0.0
2025-07-01 19:00,0.0
2025-07-01 19:15,0.008553
2025-07-01 19:30,0.0
2025-07-01 19:45,0.0
2025-07-01 20:00,0.0
2025-07-01 20:15,0.0
2025-07-01 20:30,0.0
2025-07-01 20:45,0.0
2025-07-01 21:00,0.0
2025-07-01 21:15,0.0
2025-07-01 21:30,0.0
2025-07-01 21:45,0.0
2025-07-01 22:00,0.0
2025-07-01 22:15,0.0
2025-07-01 22:30,0.0
2025-07-01 22:45,0.350902
2025-07-01 23:00,0.0
2025-07-01 23:15,0.355409
2025-07-01 23:30,0.196602
2025-07-01 23:45,0.017106
2025-07-02 00:00,0.052416
2025-07-02 00:00,0.065563
2025-07-02 00:15,0.0
2025-07-02 00:30,0.00506
2025-07-02 00:45,0.05472
2025-07-02 01:00,0.0
2025-07-02 01:15,0.877837
2025-07-02 01:30,0.10973
2025-07-02 01:45,0.0
2025-07-02 02:00,0.0
2025-07-02 02:15,0.02024
2025-07-02 02:30,0.0
2025-07-02 02:45,0.0
2025-07-02 03:00,0.0
2025-07-02 03:15,0.0
2025-07-02 03:30,0.0
2025-07-02 03:45,0.10973
2025-07-02 04:00,0.01012
2025-07-02 04:15,0.00506
2025-07-02 04:30,0.0
2025-07-02 04:45,0.00506
2025-07-02 05:00,0.0
2025-07-02 05:15,0.0
2025-07-02 05:30,0.005638
2025-07-02 05:45,0.329767
2025-07-02 06:00,0.548648
2025-07-02 06:15,0.11985
2025-07-02 06:30,0.021397
2025-07-02 06:45,0.219459
2025-07-02 07:00,0.0
2025-07-02 07:15,0.222495
2025-07-02 07:30,0.219459
2025-07-02 07:45,0.219459
2025-07-02 08:00,0.0
2025-07-02 08:15,0.0
2025-07-02 08:30,0.01012
2025-07-02 08:45,0.0
2025-07-02 09:00,0.0
2025-07-02 09:15,0.0
2025-07-02 09:30,0.0
2025-07-02 09:45,0.0
2025-07-02 10:00,0.0
2025-07-02 10:15,0.0
2025-07-02 10:30,0.0
2025-07-02 10:45,0.0
2025-07-02 11:00,0.0
2025-07-02 11:15,0.0
2025-07-02 11:30,0.0
2025-07-02 11:45,0.0
2025-07-02 12:00,0.0
2025-07-02 12:15,0.0
2025-07-02 12:30,0.0
2025-07-02 12:45,0.0
2025-07-02 13:00,0.0
2025-07-02 13:15,0.0
2025-07-02 13:30,0.0
2025-07-02 13:45,0.0
2025-07-02 14:00,0.0
2025-07-02 14:15,0.0
2025-07-02 14:30,0.0
2025-07-02 14:45,0.0
2025-07-02 15:00,0.0
2025-07-02 15:15,0.0
2025-07-02 15:30,0.0
2025-07-02 15:45,0.0
2025-07-02 16:00,0.0
2025-07-02 16:15,0.0
2025-07-02 16:30,0.0
2025-07-02 16:45,0.0
2025-07-02 17:00,0.0
2025-07-02 17:15,0.0
2025-07-02 17:30,0.0
2025-07-02 17:45,0.0
2025-07-02 18:00,0.0
2025-07-02 18:15,0.0
2025-07-02 18:30,0.0
2025-07-02 18:45,0.0
2025-07-02 19:00,0.0
2025-07-02 19:15,0.0
2025-07-02 19:30,0.0
2025-07-02 19:45,0.0
2025-07-02 20:00,0.00506
2025-07-02 20:15,0.0
2025-07-02 20:30,0.0
2025-07-02 20:45,0.0
2025-07-02 21:00,0.0
2025-07-02 21:15,0.0
2025-07-02 21:30,0.0
2025-07-02 21:45,0.0
2025-07-02 22:00,0.0
2025-07-02 22:15,0.0
2025-07-02 22:30,0.0
2025-07-02 22:45,0.007301
2025-07-02 23:00,0.124042
2025-07-02 23:15,0.320515
2025-07-02 23:30,0.00506
2025-07-02 23:45,0.219459
2025-07-03 00:00,1.0
2025-07-03 00:15,0.0
2025-07-03 00:30,0.219459
2025-07-03 00:45,0.0
2025-07-03 01:00,0.0
2025-07-03 01:15,0.0
2025-07-03 01:30,0.0
2025-07-03 01:45,0.071057
2025-07-03 02:00,0.0
2025-07-03 02:15,0.0
2025-07-03 02:30,0.0
2025-07-03 02:45,0.0
2025-07-03 03:00,0.0
2025-07-03 03:15,0.0
2025-07-03 03:30,0.219459
2025-07-03 03:45,0.01012
2025-07-03 04:00,0.010698
2025-07-03 04:15,0.0
2025-07-03 04:30,0.0
2025-07-03 04:45,0.0
2025-07-03 05:00,0.230158
2025-07-03 05:15,0.01012
2025-07-03 05:30,0.01012
2025-07-03 05:45,0.229579
2025-07-03 06:00,0.548648
2025-07-03 06:15,0.00506
2025-07-03 06:30,0.0
2025-07-03 06:45,0.0
2025-07-03 07:00,0.215339
2025-07-03 07:15,0.220038
2025-07-03 07:30,0.01012
2025-07-03 07:45,0.00506
2025-07-03 08:00,0.0
2025-07-03 08:15,0.0
2025-07-03 08:30,0.0
2025-07-03 08:45,0.0
2025-07-03 09:00,0.0
2025-07-03 09:15,0.02024
2025-07-03 09:30,0.0
2025-07-03 09:45,0.0
2025-07-03 10:00,0.0
2025-07-03 10:15,0.0
2025-07-03 10:30,0.0
2025-07-03 10:45,0.0
2025-07-03 11:00,0.0
2025-07-03 11:15,0.235796
2025-07-03 11:30,0.0
2025-07-03 11:45,0.0
2025-07-03 12:00,0.0
2025-07-03 12:15,0.0
2025-07-03 12:30,0.0
2025-07-03 12:45,0.0
2025-07-03 13:00,0.0
2025-07-03 13:15,0.0
2025-07-03 13:30,0.0
2025-07-03 13:45,0.0
2025-07-03 14:00,0.0
2025-07-03 14:15,0.0
2025-07-03 14:30,0.0
2025-07-03 14:45,0.0
2025-07-03 15:00,0.0
2025-07-03 15:15,0.0
2025-07-03 15:30,0.0
2025-07-03 15:45,0.0
2025-07-03 16:00,0.0
2025-07-03 16:15,0.0
2025-07-03 16:30,0.0
2025-07-03 16:45,0.0
2025-07-03 17:00,0.0
2025-07-03 17:15,0.009831
2025-07-03 17:30,0.0
2025-07-03 17:45,0.0
2025-07-03 18:00,0.0
2025-07-03 18:15,0.0
2025-07-03 18:30,0.0
2025-07-03 18:45,0.0
2025-07-03 19:00,0.0
2025-07-03 19:15,0.0
2025-07-03 19:30,0.0
2025-07-03 19:45,0.0
2025-07-03 20:00,0.0
2025-07-03 20:15,0.0
2025-07-03 20:30,0.0
2025-07-03 20:45,0.0
2025-07-03 21:00,0.0
2025-07-03 21:15,0.0
2025-07-03 21:30,0.0
2025-07-03 21:45,0.0
2025-07-03 22:00,0.0
2025-07-03 22:15,0.0
2025-07-03 22:30,0.0
2025-07-03 22:45,0.0
2025-07-03 23:00,0.0
2025-07-03 23:15,0.0
2025-07-03 23:30,0.010698
2025-07-03 23:45,0.10973
2025-07-04 00:00,0.209195
2025-07-04 00:15,0.0
2025-07-04 00:30,0.0
2025-07-04 00:45,0.0
2025-07-04 01:00,0.0
2025-07-04 01:15,0.224519
2025-07-04 01:30,0.0
2025-07-04 01:45,0.00506
2025-07-04 02:00,0.0
2025-07-04 02:15,0.0
2025-07-04 02:30,0.00506
2025-07-04 02:45,0.01012
2025-07-04 03:00,0.105609
2025-07-04 03:15,0.0
2025-07-04 03:30,0.01012
2025-07-04 03:45,0.219459
2025-07-04 04:00,0.11479
2025-07-04 04:15,0.438919
2025-07-04 04:30,0.01012
2025-07-04 04:45,0.01012
2025-07-04 05:00,0.0
2025-07-04 05:15,0.0
2025-07-04 05:30,0.0
2025-07-04 05:45,0.11985
2025-07-04 06:00,0.0
2025-07-04 06:15,0.01012
2025-07-04 06:30,0.0
2025-07-04 06:45,0.037733
2025-07-04 07:00,0.0
2025-07-04 07:15,0.0
2025-07-04 07:30,0.0
2025-07-04 07:45,0.0
2025-07-04 08:00,0.0
2025-07-04 08:15,0.00506
2025-07-04 08:30,0.0
2025-07-04 08:45,0.0
2025-07-04 09:00,0.10973
2025-07-04 09:15,0.0
2025-07-04 09:30,0.01012
2025-07-04 09:45,0.01012
2025-07-04 10:00,0.0
2025-07-04 10:15,0.0
2025-07-04 10:30,0.0
2025-07-04 10:45,0.0
2025-07-04 11:00,0.0
2025-07-04 11:15,0.0
2025-07-04 11:30,0.0
2025-07-04 11:45,0.0
2025-07-04 12:00,0.0
2025-07-04 12:15,0.0
2025-07-04 12:30,0.01012
2025-07-04 12:45,0.219459
2025-07-04 13:00,0.0
2025-07-04 13:15,0.0
2025-07-04 13:30,0.0
2025-07-04 13:45,0.0
2025-07-04 14:00,0.0
2025-07-04 14:15,0.0
2025-07-04 14:30,0.042721
2025-07-04 14:45,0.0
2025-07-04 15:00,0.10973
2025-07-04 15:15,0.0
2025-07-04 15:30,0.0
2025-07-04 15:45,0.00506
2025-07-04 16:00,0.0
2025-07-04 16:15,0.0
2025-07-04 16:30,0.0
2025-07-04 16:45,0.0
2025-07-04 17:00,0.01518
2025-07-04 17:15,0.010698
2025-07-04 17:30,0.00506
2025-07-04 17:45,0.103007
2025-07-04 18:00,0.0
2025-07-04 18:15,0.0
2025-07-04 18:30,0.0
2025-07-04 18:45,0.0
2025-07-04 19:00,0.0
2025-07-04 19:15,0.0
2025-07-04 19:30,0.0
2025-07-04 19:45,0.0
2025-07-04 20:00,0.0
2025-07-04 20:15,0.0
2025-07-04 20:30,0.0
2025-07-04 20:45,0.0
2025-07-04 21:00,0.0
2025-07-04 21:15,0.0
2025-07-04 21:30,0.0
2025-07-04 21:45,0.0
2025-07-04 22:00,0.0
2025-07-04 22:15,0.0
2025-07-04 22:30,0.0
2025-07-04 22:45,0.0
2025-07-04 23:00,0.0
2025-07-04 23:15,0.0
2025-07-04 23:30,0.0
2025-07-04 23:45,0.0
2025-07-05 00:00,0.0
2025-07-05 00:15,0.0
2025-07-05 00:30,0.0
2025-07-05 00:45,0.0
2025-07-05 01:00,0.0
2025-07-05 01:15,0.0
2025-07-05 01:30,0.0
2025-07-05 01:45,0.0
2025-07-05 02:00,0.0
2025-07-05 02:15,0.0
2025-07-05 02:30,0.0
2025-07-05 02:45,0.0
2025-07-05 03:00,0.010698
2025-07-05 03:15,0.0
2025-07-05 03:30,0.0
2025-07-05 03:45,0.0
2025-07-05 04:00,0.0
2025-07-05 04:15,0.0
2025-07-05 04:30,0.0
2025-07-05 04:45,0.0
2025-07-05 05:00,0.0
2025-07-05 05:15,0.0
2025-07-05 05:30,0.005349
2025-07-05 05:45,0.0
2025-07-05 06:00,0.0
2025-07-05 06:15,0.0
2025-07-05 06:30,0.0
2025-07-05 06:45,0.0
2025-07-05 07:00,0.0
2025-07-05 07:15,0.0
2025-07-05 07:30,0.0
2025-07-05 07:45,0.0
2025-07-05 08:00,0.0
2025-07-05 08:15,0.0
2025-07-05 08:30,0.0
2025-07-05 08:45,0.0
2025-07-05 09:00,0.0
2025-07-05 09:15,0.0
2025-07-05 09:30,0.0
2025-07-05 09:45,0.0
2025-07-05 10:00,0.0
2025-07-05 10:15,0.0
2025-07-05 10:30,0.0
2025-07-05 10:45,0.0
2025-07-05 11:00,0.0
2025-07-05 11:15,0.0
2025-07-05 11:30,0.0
2025-07-05 11:45,0.0
2025-07-05 12:00,0.01012
2025-07-05 12:15,0.0
2025-07-05 12:30,0.0
2025-07-05 12:45,0.0
2025-07-05 13:00,0.0
2025-07-05 13:15,0.0
2025-07-05 13:30,0.0
2025-07-05 13:45,0.0
2025-07-05 14:00,0.0
2025-07-05 14:15,0.0
2025-07-05 14:30,0.0
2025-07-05 14:45,0.0
2025-07-05 15:00,0.0
2025-07-05 15:15,0.0
2025-07-05 15:30,0.0
2025-07-05 15:45,0.0
2025-07-05 16:00,0.0
2025-07-05 16:15,0.0
2025-07-05 16:30,0.0
2025-07-05 16:45,0.0
2025-07-05 17:00,0.0
2025-07-05 17:15,0.0
2025-07-05 17:30,0.0
2025-07-05 17:45,0.0
2025-07-05 18:00,0.0
2025-07-05 18:15,0.0
2025-07-05 18:30,0.0
2025-07-05 18:45,0.0
2025-07-05 19:00,0.0
2025-07-05 19:15,0.0
2025-07-05 19:30,0.0
2025-07-05 19:45,0.0
2025-07-05 20:00,0.0
2025-07-05 20:15,0.0
2025-07-05 20:30,0.0
2025-07-05 20:45,0.0
2025-07-05 21:00,0.0
2025-07-05 21:15,0.0
2025-07-05 21:30,0.0
2025-07-05 21:45,0.0
2025-07-05 22:00,0.011277
2025-07-05 22:15,0.0
2025-07-05 22:30,0.0
2025-07-05 22:45,0.0
2025-07-05 23:00,0.0
2025-07-05 23:15,0.0
2025-07-05 23:30,0.0
2025-07-05 23:45,0.0
2025-07-06 00:00,0.0
2025-07-06 00:15,0.0
2025-07-06 00:30,0.0
2025-07-06 00:45,0.0
2025-07-06 01:00,0.0
2025-07-06 01:15,0.0
2025-07-06 01:30,0.0
2025-07-06 01:45,0.0
2025-07-06 02:00,0.0
2025-07-06 02:15,0.0
2025-07-06 02:30,0.0
2025-07-06 02:45,0.0
2025-07-06 03:00,0.0
2025-07-06 03:15,0.0
2025-07-06 03:30,0.0
2025-07-06 03:45,0.0
2025-07-06 04:00,0.0
2025-07-06 04:15,0.0
2025-07-06 04:30,0.0
2025-07-06 04:45,0.0
2025-07-06 05:00,0.0
2025-07-06 05:15,0.0
2025-07-06 05:30,0.0
2025-07-06 05:45,0.0
2025-07-06 06:00,0.0
2025-07-06 06:15,0.0
2025-07-06 06:30,0.0
2025-07-06 06:45,0.0
2025-07-06 07:00,0.0
2025-07-06 07:15,0.0
2025-07-06 07:30,0.0
2025-07-06 07:45,0.0
2025-07-06 08:00,0.0
2025-07-06 08:15,0.0
2025-07-06 08:30,0.0
2025-07-06 08:45,0.0
2025-07-06 09:00,0.0
2025-07-06 09:15,0.0
2025-07-06 09:30,0.0
2025-07-06 09:45,0.0
2025-07-06 10:00,0.0
2025-07-06 10:15,0.0
2025-07-06 10:30,0.0
2025-07-06 10:45,0.0
2025-07-06 11:00,0.0
2025-07-06 11:15,0.0
2025-07-06 11:30,0.0
2025-07-06 11:45,0.0
2025-07-06 12:00,0.0
2025-07-06 12:15,0.0
2025-07-06 12:30,0.0
2025-07-06 12:45,0.0
2025-07-06 13:00,0.0
2025-07-06 13:15,0.0
2025-07-06 13:30,0.0
2025-07-06 13:45,0.0
2025-07-06 14:00,0.0
2025-07-06 14:15,0.0
2025-07-06 14:30,0.0
2025-07-06 14:45,0.0
2025-07-06 15:00,0.0
2025-07-06 15:15,0.0
2025-07-06 15:30,0.0
2025-07-06 15:45,0.0
2025-07-06 16:00,0.0
2025-07-06 16:15,0.0
2025-07-06 16:30,0.0
2025-07-06 16:45,0.0
2025-07-06 17:00,0.0
2025-07-06 17:15,0.0
2025-07-06 17:30,0.0
2025-07-06 17:45,0.0
2025-07-06 18:00,0.0
2025-07-06 18:15,0.0
2025-07-06 18:30,0.0
2025-07-06 18:45,0.0
2025-07-06 19:00,0.0
2025-07-06 19:15,0.0
2025-07-06 19:30,0.0
2025-07-06 19:45,0.0
2025-07-06 20:00,0.0
2025-07-06 20:15,0.0
2025-07-06 20:30,0.0
2025-07-06 20:45,0.0
2025-07-06 21:00,0.0
2025-07-06 21:15,0.0
2025-07-06 21:30,0.0
2025-07-06 21:45,0.0
2025-07-06 22:00,0.0
2025-07-06 22:15,0.0
2025-07-06 22:30,0.0
2025-07-06 22:45,0.0
2025-07-06 23:00,0.0
2025-07-06 23:15,0.10973
2025-07-06 23:30,0.01012
2025-07-06 23:45,0.010698
2025-07-07 00:00,0.005349
2025-07-07 00:15,0.0
2025-07-07 00:30,0.0
2025-07-07 00:45,0.0
2025-07-07 01:00,0.0
2025-07-07 01:15,0.0
2025-07-07 01:30,0.219459
2025-07-07 01:45,0.0
2025-07-07 02:00,0.219459
2025-07-07 02:15,0.0
2025-07-07 02:30,0.01012
2025-07-07 02:45,0.0
2025-07-07 03:00,0.0
2025-07-07 03:15,0.224375
2025-07-07 03:30,0.0
2025-07-07 03:45,0.0
2025-07-07 04:00,0.011421
2025-07-07 04:15,0.117103
2025-07-07 04:30,0.0
2025-07-07 04:45,0.0
2025-07-07 05:00,0.01012
2025-07-07 05:15,0.0
2025-07-07 05:30,0.0
2025-07-07 05:45,0.0253
2025-07-07 06:00,0.021397
2025-07-07 06:15,0.0
2025-07-07 06:30,0.0
2025-07-07 06:45,0.0
2025-07-07 07:00,0.121006
2025-07-07 07:15,0.0
2025-07-07 07:30,0.0
2025-07-07 07:45,0.759433
2025-07-07 08:00,0.0
2025-07-07 08:15,0.0
2025-07-07 08:30,0.117031
2025-07-07 08:45,0.0
2025-07-07 09:00,0.010698
2025-07-07 09:15,0.0
2025-07-07 09:30,0.0
2025-07-07 09:45,0.0
2025-07-07 10:00,0.0
2025-07-07 10:15,0.0
2025-07-07 10:30,0.0
2025-07-07 10:45,0.0
2025-07-07 11:00,0.0
2025-07-07 11:15,0.0
2025-07-07 11:30,0.0
2025-07-07 11:45,0.0
2025-07-07 12:00,0.0
2025-07-07 12:15,0.0
2025-07-07 12:30,0.0
2025-07-07 12:45,0.0
2025-07-07 13:00,0.0
2025-07-07 13:15,0.0
2025-07-07 13:30,0.0
2025-07-07 13:45,0.0
2025-07-07 14:00,0.0
2025-07-07 14:15,0.0
2025-07-07 14:30,0.0
2025-07-07 14:45,0.0
2025-07-07 15:00,0.0
2025-07-07 15:15,0.0
2025-07-07 15:30,0.0
2025-07-07 15:45,0.0
2025-07-07 16:00,0.0
2025-07-07 16:15,0.0
2025-07-07 16:30,0.0
2025-07-07 16:45,0.0
2025-07-07 17:00,0.0
2025-07-07 17:15,0.0
2025-07-07 17:30,0.0
2025-07-07 17:45,0.0
2025-07-07 18:00,0.0
2025-07-07 18:15,0.0
2025-07-07 18:30,0.0
2025-07-07 18:45,0.0
2025-07-07 19:00,0.0
2025-07-07 19:15,0.0
2025-07-07 19:30,0.0
2025-07-07 19:45,0.0
2025-07-07 20:00,0.0
2025-07-07 20:15,0.0
2025-07-07 20:30,0.0
2025-07-07 20:45,0.0
2025-07-07 21:00,0.0
2025-07-07 21:15,0.0
2025-07-07 21:30,0.0
2025-07-07 21:45,0.0
2025-07-07 22:00,0.0
2025-07-07 22:15,0.0
2025-07-07 22:30,0.0
2025-07-07 22:45,0.0
2025-07-07 23:00,0.0
2025-07-07 23:15,0.031517
2025-07-07 23:30,0.219459
2025-07-07 23:45,0.0
2025-07-08 00:00,0.0
2025-07-08 00:15,0.023348
2025-07-08 00:30,0.01012
2025-07-08 00:45,0.0
2025-07-08 01:00,0.060431
2025-07-08 01:15,0.0
2025-07-08 01:30,0.0
2025-07-08 01:45,0.210785
2025-07-08 02:00,0.0
2025-07-08 02:15,0.0
2025-07-08 02:30,0.0
2025-07-08 02:45,0.0
2025-07-08 03:00,0.10973
2025-07-08 03:15,0.0
2025-07-08 03:30,0.0
2025-07-08 03:45,0.0
2025-07-08 04:00,0.0
2025-07-08 04:15,0.0
2025-07-08 04:30,0.0
2025-07-08 04:45,0.0
2025-07-08 05:00,0.126789
2025-07-08 05:15,0.007879
2025-07-08 05:30,0.00506
2025-07-08 05:45,0.352031
2025-07-08 06:00,0.021397
2025-07-08 06:15,0.0
2025-07-08 06:30,0.0
2025-07-08 06:45,0.10973
2025-07-08 07:00,0.017421
2025-07-08 07:15,0.0
2025-07-08 07:30,0.0
2025-07-08 07:45,0.0
2025-07-08 08:00,0.229579
2025-07-08 08:15,0.011277
2025-07-08 08:30,0.0
2025-07-08 08:45,0.0
2025-07-08 09:00,0.010698
2025-07-08 09:15,0.0
2025-07-08 09:30,0.0
2025-07-08 09:45,0.0
2025-07-08 10:00,0.0
2025-07-08 10:15,0.0
2025-07-08 10:30,0.0
2025-07-08 10:45,0.0
2025-07-08 11:00,0.0
2025-07-08 11:15,0.10973
2025-07-08 11:30,0.0
2025-07-08 11:45,0.0
2025-07-08 12:00,0.0
2025-07-08 12:15,0.0
2025-07-08 12:30,0.0
2025-07-08 12:45,0.0
2025-07-08 13:00,0.0
2025-07-08 13:15,0.0
2025-07-08 13:30,0.0
2025-07-08 13:45,0.0
2025-07-08 14:00,0.0
2025-07-08 14:15,0.0
2025-07-08 14:30,0.0
2025-07-08 14:45,0.0
2025-07-08 15:00,0.0
2025-07-08 15:15,0.0
2025-07-08 15:30,0.0
2025-07-08 15:45,0.0
2025-07-08 16:00,0.0
2025-07-08 16:15,0.0
2025-07-08 16:30,0.0
2025-07-08 16:45,0.01012
2025-07-08 17:00,0.0
2025-07-08 17:15,0.0
2025-07-08 17:30,0.0
2025-07-08 17:45,0.0
2025-07-08 18:00,0.0
2025-07-08 18:15,0.0
2025-07-08 18:30,0.0
2025-07-08 18:45,0.0
2025-07-08 19:00,0.0
2025-07-08 19:15,0.0
2025-07-08 19:30,0.0
2025-07-08 19:45,0.0
2025-07-08 20:00,0.0
2025-07-08 20:15,0.0
2025-07-08 20:30,0.0
2025-07-08 20:45,0.0
2025-07-08 21:00,0.0
2025-07-08 21:15,0.0
2025-07-08 21:30,0.0
2025-07-08 21:45,0.0
2025-07-08 22:00,0.0
2025-07-08 22:15,0.0
2025-07-08 22:30,0.0
2025-07-08 22:45,0.0
2025-07-08 23:00,0.350586
2025-07-08 23:15,0.0
2025-07-08 23:30,0.0
2025-07-08 23:45,0.0
2025-07-09 00:00,0.329189
2025-07-09 00:00,0.102776
2025-07-09 00:15,0.011262
2025-07-09 00:30,0.0
2025-07-09 00:45,0.0
2025-07-09 01:00,0.067569
2025-07-09 01:15,0.004739
2025-07-09 01:30,0.009479
2025-07-09 01:45,0.005439
2025-07-09 02:00,0.00158
2025-07-09 02:15,0.015798
2025-07-09 02:30,0.0
2025-07-09 02:45,0.00158
2025-07-09 03:00,0.0
2025-07-09 03:15,0.0
2025-07-09 03:30,0.100068
2025-07-09 03:45,0.065809
2025-07-09 04:00,0.0
2025-07-09 04:15,0.016339
2025-07-09 04:30,0.044189
2025-07-09 04:45,0.00158
2025-07-09 05:00,0.068698
2025-07-09 05:15,0.0
2025-07-09 05:30,0.005281
2025-07-09 05:45,0.101016
2025-07-09 06:00,0.075197
2025-07-09 06:15,0.00668
2025-07-09 06:30,0.065809
2025-07-09 06:45,0.0
2025-07-09 07:00,0.137396
2025-07-09 07:15,0.0
2025-07-09 07:30,0.0
2025-07-09 07:45,0.00246
2025-07-09 08:00,0.0
2025-07-09 08:15,0.0
2025-07-09 08:30,0.0
2025-07-09 08:45,0.0
2025-07-09 09:00,0.0
2025-07-09 09:15,0.0
2025-07-09 09:30,0.0
2025-07-09 09:45,0.0
2025-07-09 10:00,0.0
2025-07-09 10:15,0.0
2025-07-09 10:30,0.0
2025-07-09 10:45,0.0
2025-07-09 11:00,0.0
2025-07-09 11:15,0.0
2025-07-09 11:30,0.0
2025-07-09 11:45,0.034259
2025-07-09 12:00,0.0
2025-07-09 12:15,0.0
2025-07-09 12:30,0.0
2025-07-09 12:45,0.0
2025-07-09 13:00,0.0
2025-07-09 13:15,0.0
2025-07-09 13:30,0.0
2025-07-09 13:45,0.0
2025-07-09 14:00,0.0
2025-07-09 14:15,0.0
2025-07-09 14:30,0.0
2025-07-09 14:45,0.0
2025-07-09 15:00,0.0
2025-07-09 15:15,0.0
2025-07-09 15:30,0.0
2025-07-09 15:45,0.0
2025-07-09 16:00,0.0
2025-07-09 16:15,0.0
2025-07-09 16:30,0.0
2025-07-09 16:45,0.0
2025-07-09 17:00,0.0
2025-07-09 17:15,0.0
2025-07-09 17:30,0.0
2025-07-09 17:45,0.0
2025-07-09 18:00,0.0
2025-07-09 18:15,0.0
2025-07-09 18:30,0.0
2025-07-09 18:45,0.0
2025-07-09 19:00,0.0
2025-07-09 19:15,0.0
2025-07-09 19:30,0.0
2025-07-09 19:45,0.0
2025-07-09 20:00,0.0
2025-07-09 20:15,0.0
2025-07-09 20:30,0.0
2025-07-09 20:45,0.0
2025-07-09 21:00,0.0
2025-07-09 21:15,0.0
2025-07-09 21:30,0.0
2025-07-09 21:45,0.0
2025-07-09 22:00,0.0
2025-07-09 22:15,0.0
2025-07-09 22:30,0.0
2025-07-09 22:45,0.0
2025-07-09 23:00,0.0
2025-07-09 23:15,0.0
2025-07-09 23:30,0.171474
2025-07-09 23:45,0.0
2025-07-10 00:00,0.00316
2025-07-10 00:15,0.0
2025-07-10 00:30,0.0
2025-07-10 00:45,0.0
2025-07-10 01:00,0.00158
2025-07-10 01:15,0.045317
2025-07-10 01:30,0.004739
2025-07-10 01:45,0.039156
2025-07-10 02:00,0.0
2025-07-10 02:15,0.0
2025-07-10 02:30,0.0
2025-07-10 02:45,0.0
2025-07-10 03:00,0.0
2025-07-10 03:15,0.102776
2025-07-10 03:30,0.00158
2025-07-10 03:45,0.0
2025-07-10 04:00,0.0
2025-07-10 04:15,0.101422
2025-07-10 04:30,0.074746
2025-07-10 04:45,0.00264
2025-07-10 05:00,0.0
2025-07-10 05:15,0.00334
2025-07-10 05:30,0.012029
2025-07-10 05:45,0.002279
2025-07-10 06:00,0.0
2025-07-10 06:15,0.002279
2025-07-10 06:30,0.0
2025-07-10 06:45,0.0
2025-07-10 07:00,0.0
2025-07-10 07:15,0.00158
2025-07-10 07:30,0.0
2025-07-10 07:45,0.017062
2025-07-10 08:00,0.0
2025-07-10 08:15,0.0
2025-07-10 08:30,0.0
2025-07-10 08:45,0.0
2025-07-10 09:00,0.0
2025-07-10 09:15,0.034259
2025-07-10 09:30,0.0
2025-07-10 09:45,0.0
2025-07-10 10:00,0.0
2025-07-10 10:15,0.0
2025-07-10 10:30,0.0
2025-07-10 10:45,0.0
2025-07-10 11:00,0.0
2025-07-10 11:15,0.0
2025-07-10 11:30,0.0
2025-07-10 11:45,0.0
2025-07-10 12:00,0.0
2025-07-10 12:15,0.0
2025-07-10 12:30,0.0
2025-07-10 12:45,0.0
2025-07-10 13:00,0.0
2025-07-10 13:15,0.0
2025-07-10 13:30,0.23981
2025-07-10 13:45,0.0
2025-07-10 14:00,0.0
2025-07-10 14:15,0.0
2025-07-10 14:30,0.0
2025-07-10 14:45,0.0
2025-07-10 15:00,0.0
2025-07-10 15:15,0.065944
2025-07-10 15:30,0.0
2025-07-10 15:45,0.0
2025-07-10 16:00,0.0
2025-07-10 16:15,0.0
2025-07-10 16:30,0.0
2025-07-10 16:45,0.0
2025-07-10 17:00,0.0
2025-07-10 17:15,0.0
2025-07-10 17:30,0.0
2025-07-10 17:45,0.0
2025-07-10 18:00,0.0
2025-07-10 18:15,0.0
2025-07-10 18:30,0.0
2025-07-10 18:45,0.0
2025-07-10 19:00,0.0
2025-07-10 19:15,0.0
2025-07-10 19:30,0.0
2025-07-10 19:45,0.0
2025-07-10 20:00,0.0
2025-07-10 20:15,0.0
2025-07-10 20:30,0.0
2025-07-10 20:45,0.003205
2025-07-10 21:00,0.0
2025-07-10 21:15,0.0
2025-07-10 21:30,0.0
2025-07-10 21:45,0.0
2025-07-10 22:00,0.0
2025-07-10 22:15,0.0
2025-07-10 22:30,0.0
2025-07-10 22:45,0.0
2025-07-10 23:00,0.0
2025-07-10 23:15,0.0
2025-07-10 23:30,0.034259
2025-07-10 23:45,0.274069
2025-07-11 00:00,0.0
2025-07-11 00:15,0.0
2025-07-11 00:30,0.0
2025-07-11 00:45,0.068517
2025-07-11 01:00,0.00158
2025-07-11 01:15,0.074836
2025-07-11 01:30,0.034259
2025-07-11 01:45,0.0
2025-07-11 02:00,0.0
2025-07-11 02:15,0.0
2025-07-11 02:30,0.0
2025-07-11 02:45,0.0
2025-07-11 03:00,0.0
2025-07-11 03:15,0.0
2025-07-11 03:30,0.0
2025-07-11 03:45,0.00316
2025-07-11 04:00,0.006093
2025-07-11 04:15,0.0
2025-07-11 04:30,0.177522
2025-07-11 04:45,0.0
2025-07-11 05:00,0.043828
2025-07-11 05:15,0.034259
2025-07-11 05:30,0.0
2025-07-11 05:45,0.0
2025-07-11 06:00,0.0
2025-07-11 06:15,0.0
2025-07-11 06:30,0.0
2025-07-11 06:45,0.0
2025-07-11 07:00,0.0
2025-07-11 07:15,0.0
2025-07-11 07:30,0.00158
2025-07-11 07:45,0.034259
2025-07-11 08:00,0.0
2025-07-11 08:15,0.063372
2025-07-11 08:30,0.0
2025-07-11 08:45,0.0
2025-07-11 09:00,0.0
2025-07-11 09:15,0.0
2025-07-11 09:30,0.0
2025-07-11 09:45,0.0
2025-07-11 10:00,0.0
2025-07-11 10:15,0.032905
2025-07-11 10:30,0.0
2025-07-11 10:45,0.0
2025-07-11 11:00,0.0
2025-07-11 11:15,0.0
2025-07-11 11:30,0.0
2025-07-11 11:45,0.0
2025-07-11 12:00,0.0
2025-07-11 12:15,0.0
2025-07-11 12:30,0.0
2025-07-11 12:45,0.0
2025-07-11 13:00,0.0
2025-07-11 13:15,0.0
2025-07-11 13:30,0.0
2025-07-11 13:45,0.0
2025-07-11 14:00,0.0
2025-07-11 14:15,0.0
2025-07-11 14:30,0.0
2025-07-11 14:45,0.0
2025-07-11 15:00,0.0
2025-07-11 15:15,0.0
2025-07-11 15:30,0.0
2025-07-11 15:45,0.0
2025-07-11 16:00,0.0
2025-07-11 16:15,0.0
2025-07-11 16:30,0.0
2025-07-11 16:45,0.0
2025-07-11 17:00,0.0
2025-07-11 17:15,0.00316
2025-07-11 17:30,0.0
2025-07-11 17:45,0.0
2025-07-11 18:00,0.0
2025-07-11 18:15,0.0
2025-07-11 18:30,0.0
2025-07-11 18:45,0.0
2025-07-11 19:00,0.0
2025-07-11 19:15,0.0
2025-07-11 19:30,0.0
2025-07-11 19:45,0.0
2025-07-11 20:00,0.0
2025-07-11 20:15,0.034259
2025-07-11 20:30,0.0
2025-07-11 20:45,0.0
2025-07-11 21:00,0.0
2025-07-11 21:15,0.0
2025-07-11 21:30,0.0
2025-07-11 21:45,0.0
2025-07-11 22:00,0.0
2025-07-11 22:15,0.0
2025-07-11 22:30,0.0
2025-07-11 22:45,0.0
2025-07-11 23:00,0.0
2025-07-11 23:15,0.0
2025-07-11 23:30,0.0
2025-07-11 23:45,0.0
2025-07-12 00:00,0.0
2025-07-12 00:15,0.0
2025-07-12 00:30,0.0
2025-07-12 00:45,0.0
2025-07-12 01:00,0.0
2025-07-12 01:15,0.0
2025-07-12 01:30,0.0
2025-07-12 01:45,0.0
2025-07-12 02:00,0.0
2025-07-12 02:15,0.0
2025-07-12 02:30,0.0
2025-07-12 02:45,0.0
2025-07-12 03:00,0.0
2025-07-12 03:15,0.0
2025-07-12 03:30,0.0
2025-07-12 03:45,0.0
2025-07-12 04:00,0.0
2025-07-12 04:15,0.0
2025-07-12 04:30,0.0
2025-07-12 04:45,0.0
2025-07-12 05:00,0.0
2025-07-12 05:15,0.0
2025-07-12 05:30,0.0
2025-07-12 05:45,0.0
2025-07-12 06:00,0.0
2025-07-12 06:15,0.0
2025-07-12 06:30,0.0
2025-07-12 06:45,0.0
2025-07-12 07:00,0.0
2025-07-12 07:15,0.0
2025-07-12 07:30,0.0
2025-07-12 07:45,0.0
2025-07-12 08:00,0.0
2025-07-12 08:15,0.0
2025-07-12 08:30,0.0
2025-07-12 08:45,0.0
2025-07-12 09:00,0.0
2025-07-12 09:15,0.0
2025-07-12 09:30,0.0
2025-07-12 09:45,0.002889
2025-07-12 10:00,0.0
2025-07-12 10:15,0.0
2025-07-12 10:30,0.0
2025-07-12 10:45,0.0
2025-07-12 11:00,0.0
2025-07-12 11:15,0.0
2025-07-12 11:30,0.0
2025-07-12 11:45,0.0
2025-07-12 12:00,0.0
2025-07-12 12:15,0.0
2025-07-12 12:30,0.0
2025-07-12 12:45,0.0
2025-07-12 13:00,0.0
2025-07-12 13:15,0.0
2025-07-12 13:30,0.0
2025-07-12 13:45,0.0
2025-07-12 14:00,0.0
2025-07-12 14:15,0.0
2025-07-12 14:30,0.0
2025-07-12 14:45,0.0
2025-07-12 15:00,0.0
2025-07-12 15:15,0.0
2025-07-12 15:30,0.0
2025-07-12 15:45,0.0
2025-07-12 16:00,0.0
2025-07-12 16:15,0.0
2025-07-12 16:30,0.0
2025-07-12 16:45,0.0
2025-07-12 17:00,0.0
2025-07-12 17:15,0.0
2025-07-12 17:30,0.0
2025-07-12 17:45,0.0
2025-07-12 18:00,0.0
2025-07-12 18:15,0.0
2025-07-12 18:30,0.0
2025-07-12 18:45,0.0
2025-07-12 19:00,0.0
2025-07-12 19:15,0.0
2025-07-12 19:30,0.0
2025-07-12 19:45,0.00176
2025-07-12 20:00,0.00316
2025-07-12 20:15,0.0
2025-07-12 20:30,0.0
2025-07-12 20:45,0.0
2025-07-12 21:00,0.0
2025-07-12 21:15,0.0
2025-07-12 21:30,0.0
2025-07-12 21:45,0.0
2025-07-12 22:00,0.0
2025-07-12 22:15,0.0
2025-07-12 22:30,0.0
2025-07-12 22:45,0.0
2025-07-12 23:00,0.0
2025-07-12 23:15,0.0
2025-07-12 23:30,0.0
2025-07-12 23:45,0.0
2025-07-13 00:00,0.0
2025-07-13 00:15,0.00334
2025-07-13 00:30,0.0
2025-07-13 00:45,0.0
2025-07-13 01:00,0.0
2025-07-13 01:15,0.0
2025-07-13 01:30,0.0
2025-07-13 01:45,0.0
2025-07-13 02:00,0.0
2025-07-13 02:15,0.0
2025-07-13 02:30,0.003069
2025-07-13 02:45,0.0
2025-07-13 03:00,0.0
2025-07-13 03:15,0.0
2025-07-13 03:30,0.0
2025-07-13 03:45,0.0
2025-07-13 04:00,0.0
2025-07-13 04:15,0.0
2025-07-13 04:30,0.0
2025-07-13 04:45,0.0
2025-07-13 05:00,0.0
2025-07-13 05:15,0.0
2025-07-13 05:30,0.0
2025-07-13 05:45,0.0
2025-07-13 06:00,0.0
2025-07-13 06:15,0.0
2025-07-13 06:30,0.0
2025-07-13 06:45,0.0
2025-07-13 07:00,0.0
2025-07-13 07:15,0.0
2025-07-13 07:30,0.0
2025-07-13 07:45,0.0
2025-07-13 08:00,0.0
2025-07-13 08:15,0.0
2025-07-13 08:30,0.0
2025-07-13 08:45,0.0
2025-07-13 09:00,0.0
2025-07-13 09:15,0.0
2025-07-13 09:30,0.0
2025-07-13 09:45,0.0
2025-07-13 10:00,0.0
2025-07-13 10:15,0.0
2025-07-13 10:30,0.0
2025-07-13 10:45,0.0
2025-07-13 11:00,0.0
2025-07-13 11:15,0.0
2025-07-13 11:30,0.0
2025-07-13 11:45,0.0
2025-07-13 12:00,0.0
2025-07-13 12:15,0.0
2025-07-13 12:30,0.0
2025-07-13 12:45,0.0
2025-07-13 13:00,0.0
2025-07-13 13:15,0.0
2025-07-13 13:30,0.0
2025-07-13 13:45,0.0
2025-07-13 14:00,0.0
2025-07-13 14:15,0.0
2025-07-13 14:30,0.0
2025-07-13 14:45,0.0
2025-07-13 15:00,0.0
2025-07-13 15:15,0.0
2025-07-13 15:30,0.0
2025-07-13 15:45,0.0
2025-07-13 16:00,0.0
2025-07-13 16:15,0.0
2025-07-13 16:30,0.0
2025-07-13 16:45,0.0
2025-07-13 17:00,0.0
2025-07-13 17:15,0.0
2025-07-13 17:30,0.0
2025-07-13 17:45,0.0
2025-07-13 18:00,0.0
2025-07-13 18:15,0.0
2025-07-13 18:30,0.0
2025-07-13 18:45,0.0
2025-07-13 19:00,0.0
2025-07-13 19:15,0.0
2025-07-13 19:30,0.0
2025-07-13 19:45,0.0
2025-07-13 20:00,0.0
2025-07-13 20:15,0.0
2025-07-13 20:30,0.0
2025-07-13 20:45,0.0
2025-07-13 21:00,0.0
2025-07-13 21:15,0.0
2025-07-13 21:30,0.0
2025-07-13 21:45,0.0
2025-07-13 22:00,0.0
2025-07-13 22:15,0.0
2025-07-13 22:30,0.0
2025-07-13 22:45,0.0
2025-07-13 23:00,0.0
2025-07-13 23:15,0.066757
2025-07-13 23:30,0.00158
2025-07-13 23:45,0.012819
2025-07-14 00:00,0.0
2025-07-14 00:15,0.0
2025-07-14 00:30,0.0
2025-07-14 00:45,0.0
2025-07-14 01:00,0.0
2025-07-14 01:15,0.213631
2025-07-14 01:30,0.0
2025-07-14 01:45,0.00158
2025-07-14 02:00,0.068517
2025-07-14 02:15,0.0
2025-07-14 02:30,0.0
2025-07-14 02:45,0.020447
2025-07-14 03:00,0.034484
2025-07-14 03:15,0.007357
2025-07-14 03:30,0.0
2025-07-14 03:45,0.004739
2025-07-14 04:00,0.00158
2025-07-14 04:15,0.0
2025-07-14 04:30,0.0
2025-07-14 04:45,0.005642
2025-07-14 05:00,0.00316
2025-07-14 05:15,0.0
2025-07-14 05:30,0.018799
2025-07-14 05:45,0.367637
2025-07-14 06:00,0.0
2025-07-14 06:15,0.121598
2025-07-14 06:30,0.102776
2025-07-14 06:45,0.00316
2025-07-14 07:00,0.039179
2025-07-14 07:15,0.0
2025-07-14 07:30,0.070097
2025-07-14 07:45,0.065809
2025-07-14 08:00,0.0
2025-07-14 08:15,0.0
2025-07-14 08:30,0.00659
2025-07-14 08:45,0.0
2025-07-14 09:00,0.00158
2025-07-14 09:15,0.0
2025-07-14 09:30,0.0
2025-07-14 09:45,0.0
2025-07-14 10:00,0.0
2025-07-14 10:15,0.0
2025-07-14 10:30,0.0
2025-07-14 10:45,0.0
2025-07-14 11:00,0.0
2025-07-14 11:15,0.0
2025-07-14 11:30,0.0
2025-07-14 11:45,0.0
2025-07-14 12:00,0.0
2025-07-14 12:15,0.0
2025-07-14 12:30,0.0
2025-07-14 12:45,0.0
2025-07-14 13:00,0.0
2025-07-14 13:15,0.0
2025-07-14 13:30,0.0
2025-07-14 13:45,0.0
2025-07-14 14:00,0.0
2025-07-14 14:15,0.0
2025-07-14 14:30,0.0
2025-07-14 14:45,0.0
2025-07-14 15:00,0.0
2025-07-14 15:15,0.0
2025-07-14 15:30,0.0
2025-07-14 15:45,0.0
2025-07-14 16:00,0.0
2025-07-14 16:15,0.0
2025-07-14 16:30,0.0
2025-07-14 16:45,0.0
2025-07-14 17:00,0.0
2025-07-14 17:15,0.0
2025-07-14 17:30,0.0
2025-07-14 17:45,0.0
2025-07-14 18:00,0.0
2025-07-14 18:15,0.0
2025-07-14 18:30,0.0
2025-07-14 18:45,0.0
2025-07-14 19:00,0.0
2025-07-14 19:15,0.0
2025-07-14 19:30,0.0
2025-07-14 19:45,0.0
2025-07-14 20:00,0.0
2025-07-14 20:15,0.0
2025-07-14 20:30,0.0
2025-07-14 20:45,0.0
2025-07-14 21:00,0.0
2025-07-14 21:15,0.0
2025-07-14 21:30,0.0
2025-07-14 21:45,0.0
2025-07-14 22:00,0.0
2025-07-14 22:15,0.0
2025-07-14 22:30,0.0
2025-07-14 22:45,0.0
2025-07-14 23:00,1.0
2025-07-14 23:15,0.724171
2025-07-14 23:30,0.512119
2025-07-14 23:45,0.0
2025-07-15 00:00,0.856466
2025-07-15 00:15,0.137396
2025-07-15 00:30,0.00316
2025-07-15 00:45,0.130354
2025-07-15 01:00,0.23893
2025-07-15 01:15,0.034078
2025-07-15 01:30,0.001309
2025-07-15 01:45,0.356714
2025-07-15 02:00,0.254186
2025-07-15 02:15,0.0
2025-07-15 02:30,0.0
2025-07-15 02:45,0.034259
2025-07-15 03:00,0.00316
2025-07-15 03:15,0.0
2025-07-15 03:30,0.041684
2025-07-15 03:45,0.038998
2025-07-15 04:00,0.034259
2025-07-15 04:15,0.51722
2025-07-15 04:30,0.040939
2025-07-15 04:45,0.0
2025-07-15 05:00,0.0
2025-07-15 05:15,0.0
2025-07-15 05:30,0.032905
2025-07-15 05:45,0.003521
2025-07-15 06:00,0.00316
2025-07-15 06:15,0.00316
2025-07-15 06:30,0.034259
2025-07-15 06:45,0.0
2025-07-15 07:00,0.005777
2025-07-15 07:15,0.0
2025-07-15 07:30,0.034259
2025-07-15 07:45,0.004198
2025-07-15 08:00,0.0
2025-07-15 08:15,0.097179
2025-07-15 08:30,0.137396
2025-07-15 08:45,0.0
2025-07-15 09:00,0.0
2025-07-15 09:15,0.0
2025-07-15 09:30,0.0
2025-07-15 09:45,0.0
2025-07-15 10:00,0.0
2025-07-15 10:15,0.0
2025-07-15 10:30,0.0
2025-07-15 10:45,0.0
2025-07-15 11:00,0.0
2025-07-15 11:15,0.0
2025-07-15 11:30,0.0
2025-07-15 11:45,0.0
2025-07-15 12:00,0.0
2025-07-15 12:15,0.0
2025-07-15 12:30,0.0
2025-07-15 12:45,0.0
2025-07-15 13:00,0.0
2025-07-15 13:15,0.0
2025-07-15 13:30,0.0
2025-07-15 13:45,0.0
2025-07-15 14:00,0.0
2025-07-15 14:15,0.0
2025-07-15 14:30,0.0
2025-07-15 14:45,0.0
2025-07-15 15:00,0.0
2025-07-15 15:15,0.0
2025-07-15 15:30,0.0
2025-07-15 15:45,0.0
2025-07-15 16:00,0.00167
2025-07-15 16:15,0.0
2025-07-15 16:30,0.0
2025-07-15 16:45,0.0
2025-07-15 17:00,0.00316
2025-07-15 17:15,0.0
2025-07-15 17:30,0.00158
2025-07-15 17:45,0.0
2025-07-15 18:00,0.0
2025-07-15 18:15,0.0
2025-07-15 18:30,0.0
2025-07-15 18:45,0.0
2025-07-15 19:00,0.0
2025-07-15 19:15,0.032724
2025-07-15 19:30,0.0
2025-07-15 19:45,0.0
2025-07-15 20:00,0.0
2025-07-15 20:15,0.034259
2025-07-15 20:30,0.0
2025-07-15 20:45,0.0
2025-07-15 21:00,0.0
2025-07-15 21:15,0.0
2025-07-15 21:30,0.0
2025-07-15 21:45,0.0
2025-07-15 22:00,0.0
2025-07-15 22:15,0.00668
2025-07-15 22:30,0.0
2025-07-15 22:45,0.00668
2025-07-15 23:00,0.0
2025-07-15 23:15,0.064997
2025-07-15 23:30,0.036899
2025-07-15 23:45,0.00158
2025-07-16 00:00,0.005371
2025-07-16 00:00,0.00509
2025-07-16 00:15,0.001369
2025-07-16 00:30,0.0
2025-07-16 00:45,0.006908
2025-07-16 01:00,0.029408
2025-07-16 01:15,0.097399
2025-07-16 01:30,0.357216
2025-07-16 01:45,0.0
2025-07-16 02:00,0.0
2025-07-16 02:15,0.0
2025-07-16 02:30,0.0
2025-07-16 02:45,0.0
2025-07-16 03:00,0.0
2025-07-16 03:15,0.035461
2025-07-16 03:30,0.032466
2025-07-16 03:45,0.001369
2025-07-16 04:00,0.066943
2025-07-16 04:15,0.002994
2025-07-16 04:30,0.031183
2025-07-16 04:45,0.0
2025-07-16 05:00,0.087454
2025-07-16 05:15,0.032466
2025-07-16 05:30,0.0
2025-07-16 05:45,0.0
2025-07-16 06:00,0.032466
2025-07-16 06:15,0.002994
2025-07-16 06:30,0.064933
2025-07-16 06:45,0.006331
2025-07-16 07:00,0.035632
2025-07-16 07:15,0.001369
2025-07-16 07:30,0.0
2025-07-16 07:45,0.0
2025-07-16 08:00,0.007486
2025-07-16 08:15,0.003486
2025-07-16 08:30,0.09556
2025-07-16 08:45,0.0
2025-07-16 09:00,0.0
2025-07-16 09:15,0.0
2025-07-16 09:30,0.032466
2025-07-16 09:45,0.0
2025-07-16 10:00,0.0
2025-07-16 10:15,0.005989
2025-07-16 10:30,0.0
2025-07-16 10:45,0.0
2025-07-16 11:00,0.00216
2025-07-16 11:15,0.001497
2025-07-16 11:30,0.0
2025-07-16 11:45,0.0
2025-07-16 12:00,0.0
2025-07-16 12:15,0.0
2025-07-16 12:30,0.0
2025-07-16 12:45,0.0
2025-07-16 13:00,0.009239
2025-07-16 13:15,0.0
2025-07-16 13:30,0.001497
2025-07-16 13:45,0.0
2025-07-16 14:00,0.0
2025-07-16 14:15,0.0
2025-07-16 14:30,0.0
2025-07-16 14:45,0.0
2025-07-16 15:00,0.0
2025-07-16 15:15,0.030648
2025-07-16 15:30,0.0
2025-07-16 15:45,0.0
2025-07-16 16:00,0.0
2025-07-16 16:15,0.0
2025-07-16 16:30,0.0
2025-07-16 16:45,0.0
2025-07-16 17:00,0.0
2025-07-16 17:15,0.0
2025-07-16 17:30,0.0
2025-07-16 17:45,0.0
2025-07-16 18:00,0.0
2025-07-16 18:15,0.0
2025-07-16 18:30,0.0
2025-07-16 18:45,0.0
2025-07-16 19:00,0.0
2025-07-16 19:15,0.0
2025-07-16 19:30,0.0
2025-07-16 19:45,0.0
2025-07-16 20:00,0.0
2025-07-16 20:15,0.0
2025-07-16 20:30,0.0
2025-07-16 20:45,0.0
2025-07-16 21:00,0.0
2025-07-16 21:15,0.002994
2025-07-16 21:30,0.0
2025-07-16 21:45,0.012961
2025-07-16 22:00,0.0
2025-07-16 22:15,0.0
2025-07-16 22:30,0.0
2025-07-16 22:45,0.0
2025-07-16 23:00,0.0
2025-07-16 23:15,0.0
2025-07-16 23:30,0.0
2025-07-16 23:45,0.002994
2025-07-17 00:00,0.004491
2025-07-17 00:15,0.0
2025-07-17 00:30,0.06643
2025-07-17 00:45,0.0
2025-07-17 01:00,0.032466
2025-07-17 01:15,0.0
2025-07-17 01:30,0.065211
2025-07-17 01:45,0.004064
2025-07-17 02:00,0.0
2025-07-17 02:15,0.001497
2025-07-17 02:30,0.0
2025-07-17 02:45,0.0
2025-07-17 03:00,0.0
2025-07-17 03:15,0.103644
2025-07-17 03:30,0.1267
2025-07-17 03:45,0.159252
2025-07-17 04:00,0.0
2025-07-17 04:15,0.198306
2025-07-17 04:30,0.141757
2025-07-17 04:45,0.0
2025-07-17 05:00,0.011571
2025-07-17 05:15,0.030648
2025-07-17 05:30,0.0
2025-07-17 05:45,0.002994
2025-07-17 06:00,0.012148
2025-07-17 06:15,0.001497
2025-07-17 06:30,0.033964
2025-07-17 06:45,0.0
2025-07-17 07:00,0.0
2025-07-17 07:15,0.0
2025-07-17 07:30,0.065104
2025-07-17 07:45,0.0
2025-07-17 08:00,0.032466
2025-07-17 08:15,0.068098
2025-07-17 08:30,0.003572
2025-07-17 08:45,0.067884
2025-07-17 09:00,0.003679
2025-07-17 09:15,0.0
2025-07-17 09:30,0.0
2025-07-17 09:45,0.0
2025-07-17 10:00,0.0
2025-07-17 10:15,0.097399
2025-07-17 10:30,0.557918
2025-07-17 10:45,0.0
2025-07-17 11:00,0.001754
2025-07-17 11:15,0.006673
2025-07-17 11:30,0.0
2025-07-17 11:45,0.0
2025-07-17 12:00,0.0
2025-07-17 12:15,0.002994
2025-07-17 12:30,0.0
2025-07-17 12:45,0.0
2025-07-17 13:00,0.0
2025-07-17 13:15,0.0
2025-07-17 13:30,0.0
2025-07-17 13:45,0.00201
2025-07-17 14:00,0.0
2025-07-17 14:15,0.0
2025-07-17 14:30,0.0
2025-07-17 14:45,0.0
2025-07-17 15:00,0.0
2025-07-17 15:15,0.0
2025-07-17 15:30,0.0
2025-07-17 15:45,0.0
2025-07-17 16:00,0.0
2025-07-17 16:15,0.0
2025-07-17 16:30,0.0
2025-07-17 16:45,0.0
2025-07-17 17:00,0.0
2025-07-17 17:15,0.0
2025-07-17 17:30,0.0
2025-07-17 17:45,0.0
2025-07-17 18:00,0.0
2025-07-17 18:15,0.0
2025-07-17 18:30,0.0
2025-07-17 18:45,0.0
2025-07-17 19:00,0.0
2025-07-17 19:15,0.0
2025-07-17 19:30,0.0
2025-07-17 19:45,0.0
2025-07-17 20:00,0.0
2025-07-17 20:15,0.0
2025-07-17 20:30,0.0
2025-07-17 20:45,0.0
2025-07-17 21:00,0.0
2025-07-17 21:15,0.0
2025-07-17 21:30,0.0
2025-07-17 21:45,0.0
2025-07-17 22:00,0.0
2025-07-17 22:15,0.0
2025-07-17 22:30,0.0
2025-07-17 22:45,0.0
2025-07-17 23:00,0.0
2025-07-17 23:15,0.0
2025-07-17 23:30,0.0
2025-07-17 23:45,0.0
2025-07-18 00:00,0.0
2025-07-18 00:15,0.032295
2025-07-18 00:30,0.0
2025-07-18 00:45,0.032295
2025-07-18 01:00,0.035696
2025-07-18 01:15,0.069595
2025-07-18 01:30,0.0
2025-07-18 01:45,0.0
2025-07-18 02:00,0.0
2025-07-18 02:15,0.0
2025-07-18 02:30,0.0
2025-07-18 02:45,0.032466
2025-07-18 03:00,0.020789
2025-07-18 03:15,0.078642
2025-07-18 03:30,0.0
2025-07-18 03:45,0.0
2025-07-18 04:00,0.068697
2025-07-18 04:15,0.0
2025-07-18 04:30,0.353901
2025-07-18 04:45,0.001497
2025-07-18 05:00,0.0
2025-07-18 05:15,0.0
2025-07-18 05:30,0.002994
2025-07-18 05:45,0.064933
2025-07-18 06:00,0.101206
2025-07-18 06:15,0.005967
2025-07-18 06:30,0.001497
2025-07-18 06:45,0.007913
2025-07-18 07:00,0.068013
2025-07-18 07:15,0.0
2025-07-18 07:30,0.019463
2025-07-18 07:45,0.030798
2025-07-18 08:00,0.001497
2025-07-18 08:15,0.00124
2025-07-18 08:30,0.0
2025-07-18 08:45,0.0
2025-07-18 09:00,0.0
2025-07-18 09:15,0.002353
2025-07-18 09:30,0.042454
2025-07-18 09:45,0.0
2025-07-18 10:00,0.003165
2025-07-18 10:15,0.0
2025-07-18 10:30,0.0
2025-07-18 10:45,0.0
2025-07-18 11:00,0.0
2025-07-18 11:15,0.0
2025-07-18 11:30,0.0
2025-07-18 11:45,0.001497
2025-07-18 12:00,0.0
2025-07-18 12:15,0.0
2025-07-18 12:30,0.0
2025-07-18 12:45,0.0
2025-07-18 13:00,0.0
2025-07-18 13:15,0.0
2025-07-18 13:30,0.0
2025-07-18 13:45,0.0
2025-07-18 14:00,0.0
2025-07-18 14:15,0.0
2025-07-18 14:30,0.0
2025-07-18 14:45,0.0
2025-07-18 15:00,0.0
2025-07-18 15:15,0.0
2025-07-18 15:30,0.0
2025-07-18 15:45,0.0
2025-07-18 16:00,0.0
2025-07-18 16:15,0.0
2025-07-18 16:30,0.0
2025-07-18 16:45,0.0
2025-07-18 17:00,0.0
2025-07-18 17:15,0.0
2025-07-18 17:30,0.0
2025-07-18 17:45,0.0
2025-07-18 18:00,0.0
2025-07-18 18:15,0.0
2025-07-18 18:30,0.0
2025-07-18 18:45,0.0
2025-07-18 19:00,0.0
2025-07-18 19:15,0.0
2025-07-18 19:30,0.033964
2025-07-18 19:45,0.0
2025-07-18 20:00,0.0
2025-07-18 20:15,0.0
2025-07-18 20:30,0.0
2025-07-18 20:45,0.0
2025-07-18 21:00,0.0
2025-07-18 21:15,0.0
2025-07-18 21:30,0.001497
2025-07-18 21:45,0.0
2025-07-18 22:00,0.0
2025-07-18 22:15,0.0
2025-07-18 22:30,0.0
2025-07-18 22:45,0.0
2025-07-18 23:00,0.0
2025-07-18 23:15,0.0
2025-07-18 23:30,0.0
2025-07-18 23:45,0.0
2025-07-19 00:00,0.0
2025-07-19 00:15,0.0
2025-07-19 00:30,0.0
2025-07-19 00:45,0.0
2025-07-19 01:00,0.0
2025-07-19 01:15,0.0
2025-07-19 01:30,0.0
2025-07-19 01:45,0.0
2025-07-19 02:00,0.0
2025-07-19 02:15,0.0
2025-07-19 02:30,0.0
2025-07-19 02:45,0.0
2025-07-19 03:00,0.0
2025-07-19 03:15,0.0
2025-07-19 03:30,0.0
2025-07-19 03:45,0.002096
2025-07-19 04:00,0.0
2025-07-19 04:15,0.0
2025-07-19 04:30,0.0
2025-07-19 04:45,0.0
2025-07-19 05:00,0.0
2025-07-19 05:15,0.0
2025-07-19 05:30,0.0
2025-07-19 05:45,0.0
2025-07-19 06:00,0.0
2025-07-19 06:15,0.0
2025-07-19 06:30,0.0
2025-07-19 06:45,0.0
2025-07-19 07:00,0.0
2025-07-19 07:15,0.0
2025-07-19 07:30,0.0
2025-07-19 07:45,0.0
2025-07-19 08:00,0.0
2025-07-19 08:15,0.0
2025-07-19 08:30,0.0
2025-07-19 08:45,0.0
2025-07-19 09:00,0.0
2025-07-19 09:15,0.0
2025-07-19 09:30,0.0
2025-07-19 09:45,0.0
2025-07-19 10:00,0.0
2025-07-19 10:15,0.0
2025-07-19 10:30,0.0
2025-07-19 10:45,0.0
2025-07-19 11:00,0.0
2025-07-19 11:15,0.0
2025-07-19 11:30,0.0
2025-07-19 11:45,0.0
2025-07-19 12:00,0.0
2025-07-19 12:15,0.0
2025-07-19 12:30,0.0
2025-07-19 12:45,0.0
2025-07-19 13:00,0.0
2025-07-19 13:15,0.0
2025-07-19 13:30,0.0
2025-07-19 13:45,0.025109
2025-07-19 14:00,0.0
2025-07-19 14:15,0.0
2025-07-19 14:30,0.0
2025-07-19 14:45,0.0
2025-07-19 15:00,0.0
2025-07-19 15:15,0.0
2025-07-19 15:30,0.0
2025-07-19 15:45,0.0
2025-07-19 16:00,0.0
2025-07-19 16:15,0.0
2025-07-19 16:30,0.0
2025-07-19 16:45,0.0
2025-07-19 17:00,0.0
2025-07-19 17:15,0.0
2025-07-19 17:30,0.0
2025-07-19 17:45,0.0
2025-07-19 18:00,0.0
2025-07-19 18:15,0.0
2025-07-19 18:30,0.0
2025-07-19 18:45,0.0
2025-07-19 19:00,0.0
2025-07-19 19:15,0.0
2025-07-19 19:30,0.0
2025-07-19 19:45,0.0
2025-07-19 20:00,0.0
2025-07-19 20:15,0.0
2025-07-19 20:30,0.0
2025-07-19 20:45,0.0
2025-07-19 21:00,0.0
2025-07-19 21:15,0.002994
2025-07-19 21:30,0.0
2025-07-19 21:45,0.0
2025-07-19 22:00,0.0
2025-07-19 22:15,0.0
2025-07-19 22:30,0.0
2025-07-19 22:45,0.0
2025-07-19 23:00,0.0
2025-07-19 23:15,0.0
2025-07-19 23:30,0.0
2025-07-19 23:45,0.0
2025-07-20 00:00,0.0
2025-07-20 00:15,0.0
2025-07-20 00:30,0.0
2025-07-20 00:45,0.0
2025-07-20 01:00,0.0
2025-07-20 01:15,0.0
2025-07-20 01:30,0.0
2025-07-20 01:45,0.0
2025-07-20 02:00,0.0
2025-07-20 02:15,0.0
2025-07-20 02:30,0.0
2025-07-20 02:45,0.0
2025-07-20 03:00,0.0
2025-07-20 03:15,0.0
2025-07-20 03:30,0.0
2025-07-20 03:45,0.0
2025-07-20 04:00,0.0
2025-07-20 04:15,0.0
2025-07-20 04:30,0.0
2025-07-20 04:45,0.0
2025-07-20 05:00,0.0
2025-07-20 05:15,0.0
2025-07-20 05:30,0.0
2025-07-20 05:45,0.0
2025-07-20 06:00,0.0
2025-07-20 06:15,0.0
2025-07-20 06:30,0.0
2025-07-20 06:45,0.0
2025-07-20 07:00,0.0
2025-07-20 07:15,0.0
2025-07-20 07:30,0.0
2025-07-20 07:45,0.0
2025-07-20 08:00,0.0
2025-07-20 08:15,0.0
2025-07-20 08:30,0.0
2025-07-20 08:45,0.0
2025-07-20 09:00,0.0
2025-07-20 09:15,0.0
2025-07-20 09:30,0.0
2025-07-20 09:45,0.0
2025-07-20 10:00,0.0
2025-07-20 10:15,0.0
2025-07-20 10:30,0.0
2025-07-20 10:45,0.0
2025-07-20 11:00,0.0
2025-07-20 11:15,0.0
2025-07-20 11:30,0.0
2025-07-20 11:45,0.0
2025-07-20 12:00,0.0
2025-07-20 12:15,0.0
2025-07-20 12:30,0.0
2025-07-20 12:45,0.0
2025-07-20 13:00,0.0
2025-07-20 13:15,0.0
2025-07-20 13:30,0.0
2025-07-20 13:45,0.0
2025-07-20 14:00,0.0
2025-07-20 14:15,0.0
2025-07-20 14:30,0.0
2025-07-20 14:45,0.0
2025-07-20 15:00,0.0
2025-07-20 15:15,0.0
2025-07-20 15:30,0.0
2025-07-20 15:45,0.0
2025-07-20 16:00,0.0
2025-07-20 16:15,0.0
2025-07-20 16:30,0.0
2025-07-20 16:45,0.0
2025-07-20 17:00,0.0
2025-07-20 17:15,0.0
2025-07-20 17:30,0.0
2025-07-20 17:45,0.0
2025-07-20 18:00,0.0
2025-07-20 18:15,0.0
2025-07-20 18:30,0.0
2025-07-20 18:45,0.0
2025-07-20 19:00,0.0
2025-07-20 19:15,0.0
2025-07-20 19:30,0.0
2025-07-20 19:45,0.0
2025-07-20 20:00,0.0
2025-07-20 20:15,0.0
2025-07-20 20:30,0.0
2025-07-20 20:45,0.0
2025-07-20 21:00,0.0
2025-07-20 21:15,0.0
2025-07-20 21:30,0.0
2025-07-20 21:45,0.0
2025-07-20 22:00,0.003165
2025-07-20 22:15,0.0
2025-07-20 22:30,0.0
2025-07-20 22:45,0.0
2025-07-20 23:00,0.0
2025-07-20 23:15,0.0
2025-07-20 23:30,0.4032
2025-07-20 23:45,0.223928
2025-07-21 00:00,0.032466
2025-07-21 00:15,0.0
2025-07-21 00:30,0.0
2025-07-21 00:45,0.065147
2025-07-21 01:00,0.06966
2025-07-21 01:15,0.066366
2025-07-21 01:30,0.031183
2025-07-21 01:45,0.094063
2025-07-21 02:00,0.0
2025-07-21 02:15,0.0
2025-07-21 02:30,0.0
2025-07-21 02:45,0.0
2025-07-21 03:00,0.006074
2025-07-21 03:15,0.064933
2025-07-21 03:30,0.066815
2025-07-21 03:45,0.008127
2025-07-21 04:00,0.008384
2025-07-21 04:15,0.0
2025-07-21 04:30,1.0
2025-07-21 04:45,0.00124
2025-07-21 05:00,0.139832
2025-07-21 05:15,0.097399
2025-07-21 05:30,0.001369
2025-07-21 05:45,0.144409
2025-07-21 06:00,0.031226
2025-07-21 06:15,0.063265
2025-07-21 06:30,0.003893
2025-07-21 06:45,0.026307
2025-07-21 07:00,0.062366
2025-07-21 07:15,0.008983
2025-07-21 07:30,0.0
2025-07-21 07:45,0.004491
2025-07-21 08:00,0.0
2025-07-21 08:15,0.032466
2025-07-21 08:30,0.064933
2025-07-21 08:45,0.022543
2025-07-21 09:00,0.0
2025-07-21 09:15,0.002994
2025-07-21 09:30,0.004491
2025-07-21 09:45,0.0
2025-07-21 10:00,0.067093
2025-07-21 10:15,0.0
2025-07-21 10:30,0.006331
2025-07-21 10:45,0.0
2025-07-21 11:00,0.0
2025-07-21 11:15,0.0
2025-07-21 11:30,0.0
2025-07-21 11:45,0.008983
2025-07-21 12:00,0.0
2025-07-21 12:15,0.0
2025-07-21 12:30,0.0
2025-07-21 12:45,0.005368
2025-07-21 13:00,0.008983
2025-07-21 13:15,0.0
2025-07-21 13:30,0.00216
2025-07-21 13:45,0.0
2025-07-21 14:00,0.0
2025-07-21 14:15,0.0
2025-07-21 14:30,0.0
2025-07-21 14:45,0.0
2025-07-21 15:00,0.0
2025-07-21 15:15,0.0
2025-07-21 15:30,0.0
2025-07-21 15:45,0.0
2025-07-21 16:00,0.0
2025-07-21 16:15,0.0
2025-07-21 16:30,0.0
2025-07-21 16:45,0.0
2025-07-21 17:00,0.0
2025-07-21 17:15,0.0
2025-07-21 17:30,0.0
2025-07-21 17:45,0.0
2025-07-21 18:00,0.0
2025-07-21 18:15,0.0
2025-07-21 18:30,0.0
2025-07-21 18:45,0.0
2025-07-21 19:00,0.0
2025-07-21 19:15,0.0
2025-07-21 19:30,0.0
2025-07-21 19:45,0.0
2025-07-21 20:00,0.0
2025-07-21 20:15,0.0
2025-07-21 20:30,0.0
2025-07-21 20:45,0.0
2025-07-21 21:00,0.0
2025-07-21 21:15,0.0
2025-07-21 21:30,0.0
2025-07-21 21:45,0.0
2025-07-21 22:00,0.0
2025-07-21 22:15,0.0
2025-07-21 22:30,0.0
2025-07-21 22:45,0.0
2025-07-21 23:00,0.064933
2025-07-21 23:15,0.061596
2025-07-21 23:30,0.032466
2025-07-21 23:45,0.005347
2025-07-22 00:00,0.0
2025-07-22 00:15,0.002738
2025-07-22 00:30,0.0
2025-07-22 00:45,0.0
2025-07-22 01:00,0.0
2025-07-22 01:15,0.714218
2025-07-22 01:30,0.495936
2025-07-22 01:45,0.55672
2025-07-22 02:00,0.0
2025-07-22 02:15,0.0
2025-07-22 02:30,0.0
2025-07-22 02:45,0.0
2025-07-22 03:00,0.0
2025-07-22 03:15,0.0
2025-07-22 03:30,0.0
2025-07-22 03:45,0.0
2025-07-22 04:00,0.0
2025-07-22 04:15,0.001497
2025-07-22 04:30,0.063757
2025-07-22 04:45,0.0
2025-07-22 05:00,0.0
2025-07-22 05:15,0.0
2025-07-22 05:30,0.001497
2025-07-22 05:45,0.064933
2025-07-22 06:00,0.001497
2025-07-22 06:15,0.130208
2025-07-22 06:30,0.063307
2025-07-22 06:45,0.002994
2025-07-22 07:00,0.0
2025-07-22 07:15,0.0
2025-07-22 07:30,0.269142
2025-07-22 07:45,0.004491
2025-07-22 08:00,0.050368
2025-07-22 08:15,0.05148
2025-07-22 08:30,0.06365
2025-07-22 08:45,0.0
2025-07-22 09:00,0.0
2025-07-22 09:15,0.0
2025-07-22 09:30,0.0
2025-07-22 09:45,0.0
2025-07-22 10:00,0.0
2025-07-22 10:15,0.0
2025-07-22 10:30,0.0
2025-07-22 10:45,0.0
2025-07-22 11:00,0.001454
2025-07-22 11:15,0.008384
2025-07-22 11:30,0.0
2025-07-22 11:45,0.0
2025-07-22 12:00,0.0
2025-07-22 12:15,0.0
2025-07-22 12:30,0.0
2025-07-22 12:45,0.0
2025-07-22 13:00,0.0
2025-07-22 13:15,0.0
2025-07-22 13:30,0.0
2025-07-22 13:45,0.0
2025-07-22 14:00,0.0
2025-07-22 14:15,0.0
2025-07-22 14:30,0.0
2025-07-22 14:45,0.0
2025-07-22 15:00,0.001583
2025-07-22 15:15,0.0
2025-07-22 15:30,0.0
2025-07-22 15:45,0.0
2025-07-22 16:00,0.0
2025-07-22 16:15,0.0
2025-07-22 16:30,0.0
2025-07-22 16:45,0.0
2025-07-22 17:00,0.0
2025-07-22 17:15,0.0
2025-07-22 17:30,0.0
2025-07-22 17:45,0.0
2025-07-22 18:00,0.0
2025-07-22 18:15,0.0
2025-07-22 18:30,0.0
2025-07-22 18:45,0.0
2025-07-22 19:00,0.0
2025-07-22 19:15,0.0
2025-07-22 19:30,0.0
2025-07-22 19:45,0.0
2025-07-22 20:00,0.0
2025-07-22 20:15,0.0
2025-07-22 20:30,0.0
2025-07-22 20:45,0.0
2025-07-22 21:00,0.0
2025-07-22 21:15,0.0
2025-07-22 21:30,0.0
2025-07-22 21:45,0.0
2025-07-22 22:00,0.0
2025-07-22 22:15,0.0
2025-07-22 22:30,0.0
2025-07-22 22:45,0.0
2025-07-22 23:00,0.002994
2025-07-22 23:15,0.001497
2025-07-22 23:30,0.0
2025-07-22 23:45,0.032295
2025-07-23 00:00,0.064933
2025-07-23 00:00,0.131406
2025-07-23 00:15,0.137812
2025-07-23 00:30,0.117469
2025-07-23 00:45,0.193733
2025-07-23 01:00,0.062327
2025-07-23 01:15,0.013071
2025-07-23 01:30,0.0
2025-07-23 01:45,0.0
2025-07-23 02:00,0.050467
2025-07-23 02:15,0.012119
2025-07-23 02:30,0.0
2025-07-23 02:45,0.0
2025-07-23 03:00,0.0
2025-07-23 03:15,0.0
2025-07-23 03:30,0.135734
2025-07-23 03:45,0.124654
2025-07-23 04:00,0.012985
2025-07-23 04:15,0.068733
2025-07-23 04:30,0.131406
2025-07-23 04:45,0.012812
2025-07-23 05:00,0.0
2025-07-23 05:15,0.010431
2025-07-23 05:30,0.065703
2025-07-23 05:45,0.0
2025-07-23 06:00,0.0
2025-07-23 06:15,0.0
2025-07-23 06:30,0.00303
2025-07-23 06:45,0.0
2025-07-23 07:00,0.0
2025-07-23 07:15,0.00303
2025-07-23 07:30,0.189578
2025-07-23 07:45,0.068733
2025-07-23 08:00,0.083968
2025-07-23 08:15,0.598425
2025-07-23 08:30,0.015841
2025-07-23 08:45,0.124654
2025-07-23 09:00,0.00303
2025-07-23 09:15,0.0
2025-07-23 09:30,0.0
2025-07-23 09:45,0.0
2025-07-23 10:00,0.0
2025-07-23 10:15,0.0
2025-07-23 10:30,0.0
2025-07-23 10:45,0.0
2025-07-23 11:00,0.0
2025-07-23 11:15,0.0
2025-07-23 11:30,0.0
2025-07-23 11:45,0.0
2025-07-23 12:00,0.0
2025-07-23 12:15,0.0
2025-07-23 12:30,0.0
2025-07-23 12:45,0.0
2025-07-23 13:00,0.0
2025-07-23 13:15,0.0
2025-07-23 13:30,0.0
2025-07-23 13:45,0.0
2025-07-23 14:00,0.00303
2025-07-23 14:15,0.0
2025-07-23 14:30,0.0
2025-07-23 14:45,0.0
2025-07-23 15:00,0.0
2025-07-23 15:15,0.02558
2025-07-23 15:30,0.0
2025-07-23 15:45,0.0
2025-07-23 16:00,0.0
2025-07-23 16:15,0.0
2025-07-23 16:30,1.0
2025-07-23 16:45,0.0
2025-07-23 17:00,0.00303
2025-07-23 17:15,0.0
2025-07-23 17:30,0.0
2025-07-23 17:45,0.0
2025-07-23 18:00,0.0
2025-07-23 18:15,0.0
2025-07-23 18:30,0.747922
2025-07-23 18:45,0.0
2025-07-23 19:00,0.0
2025-07-23 19:15,0.0
2025-07-23 19:30,0.0
2025-07-23 19:45,0.0
2025-07-23 20:00,0.0
2025-07-23 20:15,0.0
2025-07-23 20:30,0.0
2025-07-23 20:45,0.0
2025-07-23 21:00,0.0
2025-07-23 21:15,0.0
2025-07-23 21:30,0.0
2025-07-23 21:45,0.0
2025-07-23 22:00,0.0
2025-07-23 22:15,0.00606
2025-07-23 22:30,0.0
2025-07-23 22:45,0.0
2025-07-23 23:00,0.0
2025-07-23 23:15,0.0
2025-07-23 23:30,0.004069
2025-07-23 23:45,0.015712
2025-07-24 00:00,0.010301
2025-07-24 00:15,0.00303
2025-07-24 00:30,0.0
2025-07-24 00:45,0.200139
2025-07-24 01:00,0.046053
2025-07-24 01:15,0.00541
2025-07-24 01:30,0.436288
2025-07-24 01:45,0.147723
2025-07-24 02:00,0.262812
2025-07-24 02:15,0.00303
2025-07-24 02:30,0.00606
2025-07-24 02:45,0.009436
2025-07-24 03:00,0.004372
2025-07-24 03:15,0.0
2025-07-24 03:30,0.066439
2025-07-24 03:45,0.0
2025-07-24 04:00,0.0
2025-07-24 04:15,0.014283
2025-07-24 04:30,0.00303
2025-07-24 04:45,0.00303
2025-07-24 05:00,0.143871
2025-07-24 05:15,0.135042
2025-07-24 05:30,0.0116
2025-07-24 05:45,0.062327
2025-07-24 06:00,0.086046
2025-07-24 06:15,0.006406
2025-07-24 06:30,0.0
2025-07-24 06:45,0.00606
2025-07-24 07:00,0.00303
2025-07-24 07:15,0.0
2025-07-24 07:30,0.0
2025-07-24 07:45,0.0
2025-07-24 08:00,0.0
2025-07-24 08:15,0.077822
2025-07-24 08:30,0.454207
2025-07-24 08:45,0.065703
2025-07-24 09:00,0.0
2025-07-24 09:15,0.0
2025-07-24 09:30,0.0
2025-07-24 09:45,0.0
2025-07-24 10:00,0.0
2025-07-24 10:15,0.0
2025-07-24 10:30,0.0
2025-07-24 10:45,0.0
2025-07-24 11:00,0.0
2025-07-24 11:15,0.0
2025-07-24 11:30,0.00606
2025-07-24 11:45,0.0
2025-07-24 12:00,0.002943
2025-07-24 12:15,0.00303
2025-07-24 12:30,0.0
2025-07-24 12:45,0.0
2025-07-24 13:00,0.0
2025-07-24 13:15,0.0
2025-07-24 13:30,0.0
2025-07-24 13:45,0.0
2025-07-24 14:00,0.0
2025-07-24 14:15,0.0
2025-07-24 14:30,0.0
2025-07-24 14:45,0.0
2025-07-24 15:00,0.0
2025-07-24 15:15,0.0
2025-07-24 15:30,0.0
2025-07-24 15:45,0.0
2025-07-24 16:00,0.0
2025-07-24 16:15,0.0
2025-07-24 16:30,0.0
2025-07-24 16:45,0.0
2025-07-24 17:00,0.0
2025-07-24 17:15,0.0
2025-07-24 17:30,0.0
2025-07-24 17:45,0.0
2025-07-24 18:00,0.0
2025-07-24 18:15,0.0
2025-07-24 18:30,0.0
2025-07-24 18:45,0.0
2025-07-24 19:00,0.0
2025-07-24 19:15,0.0
2025-07-24 19:30,0.0
2025-07-24 19:45,0.0
2025-07-24 20:00,0.0
2025-07-24 20:15,0.0
2025-07-24 20:30,0.0
2025-07-24 20:45,0.0
2025-07-24 21:00,0.0
2025-07-24 21:15,0.0
2025-07-24 21:30,0.0
2025-07-24 21:45,0.0
2025-07-24 22:00,0.0
2025-07-24 22:15,0.0
2025-07-24 22:30,0.0
2025-07-24 22:45,0.0
2025-07-24 23:00,0.076047
2025-07-24 23:15,0.0
2025-07-24 23:30,0.00303
2025-07-24 23:45,0.195594
2025-07-25 00:00,0.0
2025-07-25 00:15,0.004545
2025-07-25 00:30,0.097948
2025-07-25 00:45,0.255367
2025-07-25 01:00,0.14201
2025-07-25 01:15,0.02861
2025-07-25 01:30,0.186981
2025-07-25 01:45,0.065703
2025-07-25 02:00,0.0
2025-07-25 02:15,0.0
2025-07-25 02:30,0.068473
2025-07-25 02:45,0.0
2025-07-25 03:00,0.0
2025-07-25 03:15,0.0
2025-07-25 03:30,0.262812
2025-07-25 03:45,0.00606
2025-07-25 04:00,0.0
2025-07-25 04:15,0.373961
2025-07-25 04:30,0.0
2025-07-25 04:45,0.00606
2025-07-25 05:00,0.0
2025-07-25 05:15,0.0
2025-07-25 05:30,0.257445
2025-07-25 05:45,0.179666
2025-07-25 06:00,0.07384
2025-07-25 06:15,0.00303
2025-07-25 06:30,0.025623
2025-07-25 06:45,0.0
2025-07-25 07:00,0.061678
2025-07-25 07:15,0.009436
2025-07-25 07:30,0.0
2025-07-25 07:45,0.068733
2025-07-25 08:00,0.004372
2025-07-25 08:15,0.201221
2025-07-25 08:30,0.0
2025-07-25 08:45,0.0
2025-07-25 09:00,0.0
2025-07-25 09:15,0.0
2025-07-25 09:30,0.0
2025-07-25 09:45,0.0
2025-07-25 10:00,0.0
2025-07-25 10:15,0.0
2025-07-25 10:30,0.0
2025-07-25 10:45,0.0
2025-07-25 11:00,0.0
2025-07-25 11:15,0.0
2025-07-25 11:30,0.0
2025-07-25 11:45,0.0
2025-07-25 12:00,0.0
2025-07-25 12:15,0.0
2025-07-25 12:30,0.0
2025-07-25 12:45,0.0
2025-07-25 13:00,0.0
2025-07-25 13:15,0.0
2025-07-25 13:30,0.0
2025-07-25 13:45,0.0
2025-07-25 14:00,0.0
2025-07-25 14:15,0.0
2025-07-25 14:30,0.0
2025-07-25 14:45,0.0
2025-07-25 15:00,0.0
2025-07-25 15:15,0.0
2025-07-25 15:30,0.131406
2025-07-25 15:45,0.0
2025-07-25 16:00,0.0
2025-07-25 16:15,0.0
2025-07-25 16:30,0.0
2025-07-25 16:45,0.0
2025-07-25 17:00,0.0
2025-07-25 17:15,0.0
2025-07-25 17:30,0.0
2025-07-25 17:45,0.0
2025-07-25 18:00,0.0
2025-07-25 18:15,0.0
2025-07-25 18:30,0.0
2025-07-25 18:45,0.0
2025-07-25 19:00,0.0
2025-07-25 19:15,0.0
2025-07-25 19:30,0.0
2025-07-25 19:45,0.008483
2025-07-25 20:00,0.0
2025-07-25 20:15,0.0
2025-07-25 20:30,0.0
2025-07-25 20:45,0.0
2025-07-25 21:00,0.0
2025-07-25 21:15,0.0
2025-07-25 21:30,0.0
2025-07-25 21:45,0.0
2025-07-25 22:00,0.0
2025-07-25 22:15,0.0
2025-07-25 22:30,0.0
2025-07-25 22:45,0.0
2025-07-25 23:00,0.0
2025-07-25 23:15,0.0
2025-07-25 23:30,0.0
2025-07-25 23:45,0.0
2025-07-26 00:00,0.0
2025-07-26 00:15,0.0
2025-07-26 00:30,0.0
2025-07-26 00:45,0.0
2025-07-26 01:00,0.0
2025-07-26 01:15,0.0
2025-07-26 01:30,0.0
2025-07-26 01:45,0.0
2025-07-26 02:00,0.0
2025-07-26 02:15,0.0
2025-07-26 02:30,0.0
2025-07-26 02:45,0.0
2025-07-26 03:00,0.0
2025-07-26 03:15,0.0
2025-07-26 03:30,0.0
2025-07-26 03:45,0.0
2025-07-26 04:00,0.0
2025-07-26 04:15,0.0
2025-07-26 04:30,0.0
2025-07-26 04:45,0.0
2025-07-26 05:00,0.0
2025-07-26 05:15,0.0
2025-07-26 05:30,0.0
2025-07-26 05:45,0.0
2025-07-26 06:00,0.0
2025-07-26 06:15,0.0
2025-07-26 06:30,0.0
2025-07-26 06:45,0.0
2025-07-26 07:00,0.0
2025-07-26 07:15,0.0
2025-07-26 07:30,0.0
2025-07-26 07:45,0.0
2025-07-26 08:00,0.0
2025-07-26 08:15,0.0
2025-07-26 08:30,0.0
2025-07-26 08:45,0.0
2025-07-26 09:00,0.0
2025-07-26 09:15,0.0
2025-07-26 09:30,0.0
2025-07-26 09:45,0.0
2025-07-26 10:00,0.0
2025-07-26 10:15,0.0
2025-07-26 10:30,0.0
2025-07-26 10:45,0.0
2025-07-26 11:00,0.0
2025-07-26 11:15,0.0
2025-07-26 11:30,0.0
2025-07-26 11:45,0.0
2025-07-26 12:00,0.0
2025-07-26 12:15,0.0
2025-07-26 12:30,0.0
2025-07-26 12:45,0.0
2025-07-26 13:00,0.0
2025-07-26 13:15,0.0
2025-07-26 13:30,0.0
2025-07-26 13:45,0.0
2025-07-26 14:00,0.0
2025-07-26 14:15,0.0
2025-07-26 14:30,0.0
2025-07-26 14:45,0.0
2025-07-26 15:00,0.0
2025-07-26 15:15,0.0
2025-07-26 15:30,0.0
2025-07-26 15:45,0.0
2025-07-26 16:00,0.0
2025-07-26 16:15,0.0
2025-07-26 16:30,0.0
2025-07-26 16:45,0.0
2025-07-26 17:00,0.0
2025-07-26 17:15,0.0
2025-07-26 17:30,0.0
2025-07-26 17:45,0.0
2025-07-26 18:00,0.0
2025-07-26 18:15,0.0
2025-07-26 18:30,0.0
2025-07-26 18:45,0.0
2025-07-26 19:00,0.0
2025-07-26 19:15,0.0
2025-07-26 19:30,0.0
2025-07-26 19:45,0.0
2025-07-26 20:00,0.00277
2025-07-26 20:15,0.0
2025-07-26 20:30,0.0
2025-07-26 20:45,0.0
2025-07-26 21:00,0.008483
2025-07-26 21:15,0.0
2025-07-26 21:30,0.0
2025-07-26 21:45,0.0
2025-07-26 22:00,0.0
2025-07-26 22:15,0.00303
2025-07-26 22:30,0.0
2025-07-26 22:45,0.0
2025-07-26 23:00,0.0
2025-07-26 23:15,0.0
2025-07-26 23:30,0.0
2025-07-26 23:45,0.0
2025-07-27 00:00,0.0
2025-07-27 00:15,0.0
2025-07-27 00:30,0.0
2025-07-27 00:45,0.0
2025-07-27 01:00,0.0
2025-07-27 01:15,0.0
2025-07-27 01:30,0.0
2025-07-27 01:45,0.0
2025-07-27 02:00,0.0
2025-07-27 02:15,0.0
2025-07-27 02:30,0.0
2025-07-27 02:45,0.0
2025-07-27 03:00,0.0
2025-07-27 03:15,0.0
2025-07-27 03:30,0.0
2025-07-27 03:45,0.0
2025-07-27 04:00,0.0
2025-07-27 04:15,0.0
2025-07-27 04:30,0.0
2025-07-27 04:45,0.0
2025-07-27 05:00,0.0
2025-07-27 05:15,0.0
2025-07-27 05:30,0.0
2025-07-27 05:45,0.0
2025-07-27 06:00,0.0
2025-07-27 06:15,0.0
2025-07-27 06:30,0.0
2025-07-27 06:45,0.0
2025-07-27 07:00,0.0
2025-07-27 07:15,0.065703
2025-07-27 07:30,0.131406
2025-07-27 07:45,0.0
2025-07-27 08:00,0.0
2025-07-27 08:15,0.0
2025-07-27 08:30,0.0
2025-07-27 08:45,0.0
2025-07-27 09:00,0.0
2025-07-27 09:15,0.0
2025-07-27 09:30,0.0
2025-07-27 09:45,0.0
2025-07-27 10:00,0.0
2025-07-27 10:15,0.0
2025-07-27 10:30,0.0
2025-07-27 10:45,0.0
2025-07-27 11:00,0.0
2025-07-27 11:15,0.0
2025-07-27 11:30,0.0
2025-07-27 11:45,0.0
2025-07-27 12:00,0.0
2025-07-27 12:15,0.0
2025-07-27 12:30,0.0
2025-07-27 12:45,0.0
2025-07-27 13:00,0.0
2025-07-27 13:15,0.0
2025-07-27 13:30,0.0
2025-07-27 13:45,0.0
2025-07-27 14:00,0.0
2025-07-27 14:15,0.0
2025-07-27 14:30,0.0
2025-07-27 14:45,0.00303
2025-07-27 15:00,0.00303
2025-07-27 15:15,0.0
2025-07-27 15:30,0.0
2025-07-27 15:45,0.0
2025-07-27 16:00,0.0
2025-07-27 16:15,0.0
2025-07-27 16:30,0.0
2025-07-27 16:45,0.0
2025-07-27 17:00,0.0
2025-07-27 17:15,0.0
2025-07-27 17:30,0.0
2025-07-27 17:45,0.0
2025-07-27 18:00,0.0
2025-07-27 18:15,0.0
2025-07-27 18:30,0.0
2025-07-27 18:45,0.0
2025-07-27 19:00,0.0
2025-07-27 19:15,0.0
2025-07-27 19:30,0.00303
2025-07-27 19:45,0.0
2025-07-27 20:00,0.0
2025-07-27 20:15,0.0
2025-07-27 20:30,0.0
2025-07-27 20:45,0.0
2025-07-27 21:00,0.0
2025-07-27 21:15,0.0
2025-07-27 21:30,0.0
2025-07-27 21:45,0.0
2025-07-27 22:00,0.262812
2025-07-27 22:15,0.0
2025-07-27 22:30,0.0
2025-07-27 22:45,0.0
2025-07-27 23:00,0.00303
2025-07-27 23:15,0.071243
2025-07-27 23:30,0.129328
2025-07-27 23:45,0.065703
2025-07-28 00:00,0.010085
2025-07-28 00:15,0.0
2025-07-28 00:30,0.063236
2025-07-28 00:45,0.0
2025-07-28 01:00,0.0
2025-07-28 01:15,0.0
2025-07-28 01:30,0.00303
2025-07-28 01:45,0.071762
2025-07-28 02:00,0.005973
2025-07-28 02:15,0.0
2025-07-28 02:30,0.0
2025-07-28 02:45,0.017659
2025-07-28 03:00,0.0
2025-07-28 03:15,0.0
2025-07-28 03:30,0.0
2025-07-28 03:45,0.00606
2025-07-28 04:00,0.0
2025-07-28 04:15,0.0
2025-07-28 04:30,0.0
2025-07-28 04:45,0.0
2025-07-28 05:00,0.131839
2025-07-28 05:15,0.015841
2025-07-28 05:30,0.085916
2025-07-28 05:45,0.400277
2025-07-28 06:00,0.0
2025-07-28 06:15,0.012812
2025-07-28 06:30,0.0
2025-07-28 06:45,0.126212
2025-07-28 07:00,0.0
2025-07-28 07:15,0.062327
2025-07-28 07:30,0.065357
2025-07-28 07:45,0.00303
2025-07-28 08:00,0.0
2025-07-28 08:15,0.0
2025-07-28 08:30,0.0
2025-07-28 08:45,0.0
2025-07-28 09:00,0.035968
2025-07-28 09:15,0.0
2025-07-28 09:30,0.0
2025-07-28 09:45,0.062327
2025-07-28 10:00,0.0
2025-07-28 10:15,0.0
2025-07-28 10:30,0.0
2025-07-28 10:45,0.0
2025-07-28 11:00,0.0
2025-07-28 11:15,0.0
2025-07-28 11:30,0.0
2025-07-28 11:45,0.0
2025-07-28 12:00,0.0
2025-07-28 12:15,0.0
2025-07-28 12:30,0.0
2025-07-28 12:45,0.0
2025-07-28 13:00,0.0
2025-07-28 13:15,0.0
2025-07-28 13:30,0.0
2025-07-28 13:45,0.0
2025-07-28 14:00,0.0
2025-07-28 14:15,0.0
2025-07-28 14:30,0.0
2025-07-28 14:45,0.0
2025-07-28 15:00,0.0
2025-07-28 15:15,0.0
2025-07-28 15:30,0.0
2025-07-28 15:45,0.0
2025-07-28 16:00,0.0
2025-07-28 16:15,0.0
2025-07-28 16:30,0.0
2025-07-28 16:45,0.0
2025-07-28 17:00,0.0
2025-07-28 17:15,0.0
2025-07-28 17:30,0.0
2025-07-28 17:45,0.0
2025-07-28 18:00,0.0
2025-07-28 18:15,0.0
2025-07-28 18:30,0.0
2025-07-28 18:45,0.0
2025-07-28 19:00,0.0
2025-07-28 19:15,0.0
2025-07-28 19:30,0.0
2025-07-28 19:45,0.0
2025-07-28 20:00,0.0
2025-07-28 20:15,0.0
2025-07-28 20:30,0.0
2025-07-28 20:45,0.0
2025-07-28 21:00,0.0
2025-07-28 21:15,0.0
2025-07-28 21:30,0.0
2025-07-28 21:45,0.0
2025-07-28 22:00,0.0
2025-07-28 22:15,0.0
2025-07-28 22:30,0.004069
2025-07-28 22:45,0.0
2025-07-28 23:00,0.0
2025-07-28 23:15,0.194642
2025-07-28 23:30,0.004069
2025-07-28 23:45,0.0
2025-07-29 00:00,0.046399
2025-07-29 00:15,0.0
2025-07-29 00:30,0.01108
2025-07-29 00:45,0.0
2025-07-29 01:00,0.031466
2025-07-29 01:15,0.165772
2025-07-29 01:30,0.080029
2025-07-29 01:45,0.501125
2025-07-29 02:00,0.026489
2025-07-29 02:15,0.0
2025-07-29 02:30,0.00303
2025-07-29 02:45,0.015409
2025-07-29 03:00,0.0
2025-07-29 03:15,0.0
2025-07-29 03:30,0.259133
2025-07-29 03:45,0.097256
2025-07-29 04:00,0.433172
2025-07-29 04:15,0.263634
2025-07-29 04:30,0.615435
2025-07-29 04:45,0.388894
2025-07-29 05:00,0.434167
2025-07-29 05:15,0.542936
2025-07-29 05:30,0.314404
2025-07-29 05:45,0.371148
2025-07-29 06:00,0.472386
2025-07-29 06:15,0.420577
2025-07-29 06:30,0.113833
2025-07-29 06:45,0.155168
2025-07-29 07:00,0.301896
2025-07-29 07:15,0.456804
2025-07-29 07:30,0.194122
2025-07-29 07:45,0.627294
2025-07-29 08:00,0.219356
2025-07-29 08:15,0.0
2025-07-29 08:30,0.0
2025-07-29 08:45,0.062327
2025-07-29 09:00,0.0
2025-07-29 09:15,0.0
2025-07-29 09:30,0.0
2025-07-29 09:45,0.0
2025-07-29 10:00,0.0
2025-07-29 10:15,0.0
2025-07-29 10:30,0.0
2025-07-29 10:45,0.00606
2025-07-29 11:00,0.0
2025-07-29 11:15,0.0
2025-07-29 11:30,0.0
2025-07-29 11:45,0.0
2025-07-29 12:00,0.0
2025-07-29 12:15,0.0
2025-07-29 12:30,0.0
2025-07-29 12:45,0.0
2025-07-29 13:00,0.0
2025-07-29 13:15,0.0
2025-07-29 13:30,0.0
2025-07-29 13:45,0.0
2025-07-29 14:00,0.0
2025-07-29 14:15,0.0
2025-07-29 14:30,0.0
2025-07-29 14:45,0.0
2025-07-29 15:00,0.0
2025-07-29 15:15,0.0
2025-07-29 15:30,0.0
2025-07-29 15:45,0.0
2025-07-29 16:00,0.0
2025-07-29 16:15,0.0
2025-07-29 16:30,0.0
2025-07-29 16:45,0.0
2025-07-29 17:00,0.0
2025-07-29 17:15,0.0
2025-07-29 17:30,0.0
2025-07-29 17:45,0.0
2025-07-29 18:00,0.0
2025-07-29 18:15,0.0
2025-07-29 18:30,0.0
2025-07-29 18:45,0.0
2025-07-29 19:00,0.0
2025-07-29 19:15,0.0
2025-07-29 19:30,0.0
2025-07-29 19:45,0.0
2025-07-29 20:00,0.0
2025-07-29 20:15,0.0
2025-07-29 20:30,0.0
2025-07-29 20:45,0.0
2025-07-29 21:00,0.0
2025-07-29 21:15,0.0
2025-07-29 21:30,0.0
2025-07-29 21:45,0.0
2025-07-29 22:00,0.0
2025-07-29 22:15,0.0
2025-07-29 22:30,0.0
2025-07-29 22:45,0.0
2025-07-29 23:00,0.0
2025-07-29 23:15,0.288695
2025-07-29 23:30,0.196762
2025-07-29 23:45,0.065703
2025-07-30 00:00,0.0
2025-07-30 00:00,0.0
2025-07-30 00:15,0.033898
2025-07-30 00:30,0.005952
2025-07-30 00:45,0.086418
2025-07-30 01:00,0.0
2025-07-30 01:15,0.031914
2025-07-30 01:30,0.004988
2025-07-30 01:45,0.005952
2025-07-30 02:00,0.001984
2025-07-30 02:15,0.0
2025-07-30 02:30,0.0
2025-07-30 02:45,0.0
2025-07-30 03:00,0.0
2025-07-30 03:15,0.0
2025-07-30 03:30,0.0
2025-07-30 03:45,0.003968
2025-07-30 04:00,0.124653
2025-07-30 04:15,0.0
2025-07-30 04:30,0.043025
2025-07-30 04:45,0.005385
2025-07-30 05:00,0.007823
2025-07-30 05:15,0.072473
2025-07-30 05:30,0.0
2025-07-30 05:45,0.003968
2025-07-30 06:00,0.0
2025-07-30 06:15,0.003968
2025-07-30 06:30,0.0
2025-07-30 06:45,0.004365
2025-07-30 07:00,0.047163
2025-07-30 07:15,0.0
2025-07-30 07:30,0.0
2025-07-30 07:45,0.0
2025-07-30 08:00,0.0
2025-07-30 08:15,0.0
2025-07-30 08:30,0.001984
2025-07-30 08:45,0.0
2025-07-30 09:00,0.003798
2025-07-30 09:15,0.0
2025-07-30 09:30,0.0
2025-07-30 09:45,0.0
2025-07-30 10:00,0.002778
2025-07-30 10:15,0.0
2025-07-30 10:30,0.0
2025-07-30 10:45,0.0
2025-07-30 11:00,0.06655
2025-07-30 11:15,0.0
2025-07-30 11:30,0.08605
2025-07-30 11:45,0.0
2025-07-30 12:00,0.0
2025-07-30 12:15,0.0
2025-07-30 12:30,0.0
2025-07-30 12:45,0.0
2025-07-30 13:00,0.0
2025-07-30 13:15,0.0
2025-07-30 13:30,0.0
2025-07-30 13:45,0.0
2025-07-30 14:00,0.0
2025-07-30 14:15,0.0
2025-07-30 14:30,0.0
2025-07-30 14:45,0.0
2025-07-30 15:00,0.0
2025-07-30 15:15,0.0
2025-07-30 15:30,0.0
2025-07-30 15:45,0.0
2025-07-30 16:00,0.0
2025-07-30 16:15,0.0
2025-07-30 16:30,0.0
2025-07-30 16:45,0.0
2025-07-30 17:00,0.0
2025-07-30 17:15,0.0
2025-07-30 17:30,0.0
2025-07-30 17:45,0.0
2025-07-30 18:00,0.0
2025-07-30 18:15,0.0
2025-07-30 18:30,0.0
2025-07-30 18:45,0.0
2025-07-30 19:00,0.0
2025-07-30 19:15,0.0
2025-07-30 19:30,0.0
2025-07-30 19:45,0.0
2025-07-30 20:00,0.0
2025-07-30 20:15,0.0
2025-07-30 20:30,0.0
2025-07-30 20:45,0.0
2025-07-30 21:00,0.0
2025-07-30 21:15,0.0
2025-07-30 21:30,0.0
2025-07-30 21:45,0.0
2025-07-30 22:00,0.0
2025-07-30 22:15,0.0
2025-07-30 22:30,0.0
2025-07-30 22:45,0.0
2025-07-30 23:00,0.0
2025-07-30 23:15,0.011451
2025-07-30 23:30,0.0
2025-07-30 23:45,0.08605
2025-07-31 00:00,0.088572
2025-07-31 00:15,0.124653
2025-07-31 00:30,0.0
2025-07-31 00:45,0.0
2025-07-31 01:00,0.256561
2025-07-31 01:15,0.043025
2025-07-31 01:30,0.047446
2025-07-31 01:45,0.0
2025-07-31 02:00,0.0
2025-07-31 02:15,0.100675
2025-07-31 02:30,0.001814
2025-07-31 02:45,0.0
2025-07-31 03:00,0.0
2025-07-31 03:15,0.0
2025-07-31 03:30,0.010997
2025-07-31 03:45,0.00992
2025-07-31 04:00,0.003968
2025-07-31 04:15,0.0
2025-07-31 04:30,0.0
2025-07-31 04:45,0.0
2025-07-31 05:00,0.011904
2025-07-31 05:15,0.081628
2025-07-31 05:30,0.0
2025-07-31 05:45,0.0
2025-07-31 06:00,0.085624
2025-07-31 06:15,0.089507
2025-07-31 06:30,0.003968
2025-07-31 06:45,0.003968
2025-07-31 07:00,0.309563
2025-07-31 07:15,0.003968
2025-07-31 07:30,0.0
2025-07-31 07:45,0.0
2025-07-31 08:00,0.0
2025-07-31 08:15,0.001984
2025-07-31 08:30,0.206706
2025-07-31 08:45,0.0
2025-07-31 09:00,0.0
2025-07-31 09:15,0.08605
2025-07-31 09:30,0.001984
2025-07-31 09:45,0.0
2025-07-31 10:00,0.0
2025-07-31 10:15,0.172099
2025-07-31 10:30,0.0
2025-07-31 10:45,0.0
2025-07-31 11:00,0.0
2025-07-31 11:15,0.0
2025-07-31 11:30,0.0
2025-07-31 11:45,0.0
2025-07-31 12:00,0.0
2025-07-31 12:15,0.0
2025-07-31 12:30,0.0
2025-07-31 12:45,0.0
2025-07-31 13:00,0.0
2025-07-31 13:15,0.0
2025-07-31 13:30,0.0
2025-07-31 13:45,0.0
2025-07-31 14:00,0.0
2025-07-31 14:15,0.0
2025-07-31 14:30,0.0
2025-07-31 14:45,0.0
2025-07-31 15:00,0.0
2025-07-31 15:15,0.0
2025-07-31 15:30,0.0
2025-07-31 15:45,0.0
2025-07-31 16:00,0.0
2025-07-31 16:15,0.0
2025-07-31 16:30,0.0
2025-07-31 16:45,0.0
2025-07-31 17:00,0.0
2025-07-31 17:15,0.0
2025-07-31 17:30,0.0
2025-07-31 17:45,0.081628
2025-07-31 18:00,0.0
2025-07-31 18:15,0.0
2025-07-31 18:30,0.0
2025-07-31 18:45,0.0
2025-07-31 19:00,0.0
2025-07-31 19:15,0.0
2025-07-31 19:30,0.0
2025-07-31 19:45,0.0
2025-07-31 20:00,0.0
2025-07-31 20:15,0.0
2025-07-31 20:30,0.0
2025-07-31 20:45,0.0
2025-07-31 21:00,0.0
2025-07-31 21:15,0.0
2025-07-31 21:30,0.0
2025-07-31 21:45,0.0
2025-07-31 22:00,0.0
2025-07-31 22:15,0.0
2025-07-31 22:30,0.0
2025-07-31 22:45,0.0
2025-07-31 23:00,0.043025
2025-07-31 23:15,0.004138
2025-07-31 23:30,0.043025
2025-07-31 23:45,0.115158
2025-08-01 00:00,0.255938
2025-08-01 00:15,0.0
2025-08-01 00:30,0.018933
2025-08-01 00:45,0.063715
2025-08-01 01:00,0.086276
2025-08-01 01:15,0.0
2025-08-01 01:30,0.132419
2025-08-01 01:45,0.003968
2025-08-01 02:00,0.0
2025-08-01 02:15,0.086276
2025-08-01 02:30,0.0
2025-08-01 02:45,0.0
2025-08-01 03:00,0.0
2025-08-01 03:15,0.001644
2025-08-01 03:30,0.01454
2025-08-01 03:45,0.084434
2025-08-01 04:00,0.002976
2025-08-01 04:15,0.128848
2025-08-01 04:30,0.044442
2025-08-01 04:45,0.042911
2025-08-01 05:00,0.0
2025-08-01 05:15,0.08724
2025-08-01 05:30,0.001984
2025-08-01 05:45,0.0
2025-08-01 06:00,0.0
2025-08-01 06:15,0.085823
2025-08-01 06:30,0.082648
2025-08-01 06:45,0.0
2025-08-01 07:00,0.0
2025-08-01 07:15,0.0
2025-08-01 07:30,0.218355
2025-08-01 07:45,0.001644
2025-08-01 08:00,0.010317
2025-08-01 08:15,0.025169
2025-08-01 08:30,0.0
2025-08-01 08:45,0.0
2025-08-01 09:00,0.0
2025-08-01 09:15,0.0
2025-08-01 09:30,0.0
2025-08-01 09:45,0.0
2025-08-01 10:00,0.0
2025-08-01 10:15,0.0
2025-08-01 10:30,0.0
2025-08-01 10:45,0.0
2025-08-01 11:00,0.0
2025-08-01 11:15,0.0
2025-08-01 11:30,0.0
2025-08-01 11:45,0.091576
2025-08-01 12:00,0.0
2025-08-01 12:15,0.0
2025-08-01 12:30,0.0
2025-08-01 12:45,0.0
2025-08-01 13:00,0.0
2025-08-01 13:15,0.0
2025-08-01 13:30,0.0
2025-08-01 13:45,0.0
2025-08-01 14:00,0.0
2025-08-01 14:15,0.0
2025-08-01 14:30,0.0
2025-08-01 14:45,0.0
2025-08-01 15:00,0.0
2025-08-01 15:15,0.0
2025-08-01 15:30,0.0
2025-08-01 15:45,0.0
2025-08-01 16:00,0.0
2025-08-01 16:15,0.0
2025-08-01 16:30,0.00924
2025-08-01 16:45,0.0
2025-08-01 17:00,0.0
2025-08-01 17:15,0.0
2025-08-01 17:30,0.0
2025-08-01 17:45,0.0
2025-08-01 18:00,0.0
2025-08-01 18:15,0.0
2025-08-01 18:30,0.0
2025-08-01 18:45,0.0
2025-08-01 19:00,0.0
2025-08-01 19:15,0.0
2025-08-01 19:30,0.0
2025-08-01 19:45,0.0
2025-08-01 20:00,0.0
2025-08-01 20:15,0.0
2025-08-01 20:30,0.0
2025-08-01 20:45,0.0
2025-08-01 21:00,0.0
2025-08-01 21:15,0.0
2025-08-01 21:30,0.0
2025-08-01 21:45,0.0
2025-08-01 22:00,0.0
2025-08-01 22:15,0.0
2025-08-01 22:30,0.0
2025-08-01 22:45,0.0
2025-08-01 23:00,0.0
2025-08-01 23:15,0.0
2025-08-01 23:30,0.0
2025-08-01 23:45,0.0
2025-08-02 00:00,0.0
2025-08-02 00:15,0.0
2025-08-02 00:30,0.0
2025-08-02 00:45,0.001984
2025-08-02 01:00,0.0
2025-08-02 01:15,0.0
2025-08-02 01:30,0.0
2025-08-02 01:45,0.0
2025-08-02 02:00,0.0
2025-08-02 02:15,0.0
2025-08-02 02:30,0.0
2025-08-02 02:45,0.0
2025-08-02 03:00,0.0
2025-08-02 03:15,0.0
2025-08-02 03:30,0.0
2025-08-02 03:45,0.0
2025-08-02 04:00,0.0
2025-08-02 04:15,0.0
2025-08-02 04:30,0.0
2025-08-02 04:45,0.0
2025-08-02 05:00,0.007936
2025-08-02 05:15,0.0
2025-08-02 05:30,0.0
2025-08-02 05:45,0.0
2025-08-02 06:00,0.0
2025-08-02 06:15,0.0
2025-08-02 06:30,0.0
2025-08-02 06:45,0.0
2025-08-02 07:00,0.0
2025-08-02 07:15,0.0
2025-08-02 07:30,0.0
2025-08-02 07:45,0.0
2025-08-02 08:00,0.0
2025-08-02 08:15,0.0
2025-08-02 08:30,0.0
2025-08-02 08:45,0.0
2025-08-02 09:00,0.0
2025-08-02 09:15,0.0
2025-08-02 09:30,0.0
2025-08-02 09:45,0.0
2025-08-02 10:00,0.0
2025-08-02 10:15,0.0
2025-08-02 10:30,0.0
2025-08-02 10:45,0.0
2025-08-02 11:00,0.0
2025-08-02 11:15,0.0
2025-08-02 11:30,0.0
2025-08-02 11:45,0.0
2025-08-02 12:00,0.0
2025-08-02 12:15,0.0
2025-08-02 12:30,0.0
2025-08-02 12:45,0.0
2025-08-02 13:00,0.0
2025-08-02 13:15,0.0
2025-08-02 13:30,0.0
2025-08-02 13:45,0.0
2025-08-02 14:00,0.0
2025-08-02 14:15,0.0
2025-08-02 14:30,0.0
2025-08-02 14:45,0.0
2025-08-02 15:00,0.0
2025-08-02 15:15,0.0
2025-08-02 15:30,0.0
2025-08-02 15:45,0.0
2025-08-02 16:00,0.0
2025-08-02 16:15,0.0
2025-08-02 16:30,0.0
2025-08-02 16:45,0.0
2025-08-02 17:00,0.0
2025-08-02 17:15,0.0
2025-08-02 17:30,0.0
2025-08-02 17:45,0.0
2025-08-02 18:00,0.0
2025-08-02 18:15,0.0
2025-08-02 18:30,0.0
2025-08-02 18:45,0.0
2025-08-02 19:00,0.0
2025-08-02 19:15,0.0
2025-08-02 19:30,0.0
2025-08-02 19:45,0.0
2025-08-02 20:00,0.0
2025-08-02 20:15,0.0
2025-08-02 20:30,0.0
2025-08-02 20:45,0.0
2025-08-02 21:00,0.0
2025-08-02 21:15,0.0
2025-08-02 21:30,0.0
2025-08-02 21:45,0.0
2025-08-02 22:00,0.0
2025-08-02 22:15,0.0
2025-08-02 22:30,0.0
2025-08-02 22:45,0.0
2025-08-02 23:00,0.0
2025-08-02 23:15,0.0
2025-08-02 23:30,0.0
2025-08-02 23:45,0.0
2025-08-03 00:00,0.0
2025-08-03 00:15,0.0
2025-08-03 00:30,0.0
2025-08-03 00:45,0.0
2025-08-03 01:00,0.0
2025-08-03 01:15,0.0
2025-08-03 01:30,0.0
2025-08-03 01:45,0.0
2025-08-03 02:00,0.0
2025-08-03 02:15,0.0
2025-08-03 02:30,0.0
2025-08-03 02:45,0.0
2025-08-03 03:00,0.0
2025-08-03 03:15,0.0
2025-08-03 03:30,0.0
2025-08-03 03:45,0.0
2025-08-03 04:00,0.0
2025-08-03 04:15,0.0
2025-08-03 04:30,0.0
2025-08-03 04:45,0.0
2025-08-03 05:00,0.0
2025-08-03 05:15,0.0
2025-08-03 05:30,0.0
2025-08-03 05:45,0.0
2025-08-03 06:00,0.0
2025-08-03 06:15,0.0
2025-08-03 06:30,0.0
2025-08-03 06:45,0.0
2025-08-03 07:00,0.0
2025-08-03 07:15,0.0
2025-08-03 07:30,0.0
2025-08-03 07:45,0.0
2025-08-03 08:00,0.0
2025-08-03 08:15,0.0
2025-08-03 08:30,0.0
2025-08-03 08:45,0.0
2025-08-03 09:00,0.0
2025-08-03 09:15,0.0
2025-08-03 09:30,0.0
2025-08-03 09:45,0.0
2025-08-03 10:00,0.0
2025-08-03 10:15,0.0
2025-08-03 10:30,0.0
2025-08-03 10:45,0.0
2025-08-03 11:00,0.0
2025-08-03 11:15,0.0
2025-08-03 11:30,0.0
2025-08-03 11:45,0.0
2025-08-03 12:00,0.0
2025-08-03 12:15,0.0
2025-08-03 12:30,0.0
2025-08-03 12:45,0.0
2025-08-03 13:00,0.0
2025-08-03 13:15,0.0
2025-08-03 13:30,0.0
2025-08-03 13:45,0.0
2025-08-03 14:00,0.0
2025-08-03 14:15,0.0
2025-08-03 14:30,0.0
2025-08-03 14:45,0.0
2025-08-03 15:00,0.0
2025-08-03 15:15,0.0
2025-08-03 15:30,0.0
2025-08-03 15:45,0.0
2025-08-03 16:00,0.0
2025-08-03 16:15,0.0
2025-08-03 16:30,0.0
2025-08-03 16:45,0.0
2025-08-03 17:00,0.0
2025-08-03 17:15,0.0
2025-08-03 17:30,0.0
2025-08-03 17:45,0.0
2025-08-03 18:00,0.0
2025-08-03 18:15,0.0
2025-08-03 18:30,0.0
2025-08-03 18:45,0.0
2025-08-03 19:00,0.0
2025-08-03 19:15,0.0
2025-08-03 19:30,0.0
2025-08-03 19:45,0.0
2025-08-03 20:00,0.0
2025-08-03 20:15,0.0
2025-08-03 20:30,0.0
2025-08-03 20:45,0.040757
2025-08-03 21:00,0.0
2025-08-03 21:15,0.0
2025-08-03 21:30,0.0
2025-08-03 21:45,0.0
2025-08-03 22:00,0.0
2025-08-03 22:15,0.0
2025-08-03 22:30,0.0
2025-08-03 22:45,0.0
2025-08-03 23:00,0.0
2025-08-03 23:15,0.0
2025-08-03 23:30,0.141262
2025-08-03 23:45,0.045009
2025-08-04 00:00,0.0
2025-08-04 00:15,0.0
2025-08-04 00:30,0.040814
2025-08-04 00:45,0.01009
2025-08-04 01:00,0.0
2025-08-04 01:15,0.003968
2025-08-04 01:30,0.247378
2025-08-04 01:45,0.003515
2025-08-04 02:00,0.0
2025-08-04 02:15,0.003968
2025-08-04 02:30,0.004195
2025-08-04 02:45,0.0
2025-08-04 03:00,0.004195
2025-08-04 03:15,0.040814
2025-08-04 03:30,0.022363
2025-08-04 03:45,0.0
2025-08-04 04:00,0.043025
2025-08-04 04:15,0.0
2025-08-04 04:30,0.0
2025-08-04 04:45,0.0
2025-08-04 05:00,0.0
2025-08-04 05:15,0.0
2025-08-04 05:30,0.165637
2025-08-04 05:45,0.0
2025-08-04 06:00,0.0
2025-08-04 06:15,0.102659
2025-08-04 06:30,0.009665
2025-08-04 06:45,0.044442
2025-08-04 07:00,0.04722
2025-08-04 07:15,0.043025
2025-08-04 07:30,0.001984
2025-08-04 07:45,0.042458
2025-08-04 08:00,0.130321
2025-08-04 08:15,0.018395
2025-08-04 08:30,0.21708
2025-08-04 08:45,0.0
2025-08-04 09:00,0.0
2025-08-04 09:15,0.0
2025-08-04 09:30,0.0
2025-08-04 09:45,0.0
2025-08-04 10:00,0.0
2025-08-04 10:15,0.0
2025-08-04 10:30,0.0
2025-08-04 10:45,0.0
2025-08-04 11:00,0.0
2025-08-04 11:15,0.0
2025-08-04 11:30,0.0
2025-08-04 11:45,0.0
2025-08-04 12:00,0.0
2025-08-04 12:15,0.0
2025-08-04 12:30,0.0
2025-08-04 12:45,0.0
2025-08-04 13:00,0.0
2025-08-04 13:15,0.0
2025-08-04 13:30,0.0
2025-08-04 13:45,0.0
2025-08-04 14:00,0.0
2025-08-04 14:15,0.0
2025-08-04 14:30,0.0
2025-08-04 14:45,0.0
2025-08-04 15:00,0.0
2025-08-04 15:15,0.0
2025-08-04 15:30,0.0
2025-08-04 15:45,0.0
2025-08-04 16:00,0.0
2025-08-04 16:15,0.0
2025-08-04 16:30,0.0
2025-08-04 16:45,0.0
2025-08-04 17:00,0.0
2025-08-04 17:15,0.0
2025-08-04 17:30,0.0
2025-08-04 17:45,0.0
2025-08-04 18:00,0.0
2025-08-04 18:15,0.0
2025-08-04 18:30,0.0
2025-08-04 18:45,0.0
2025-08-04 19:00,0.0
2025-08-04 19:15,0.0
2025-08-04 19:30,0.0
2025-08-04 19:45,0.0
2025-08-04 20:00,0.0
2025-08-04 20:15,0.0
2025-08-04 20:30,0.0
2025-08-04 20:45,0.043025
2025-08-04 21:00,0.0
2025-08-04 21:15,0.0
2025-08-04 21:30,0.0
2025-08-04 21:45,0.0
2025-08-04 22:00,0.0
2025-08-04 22:15,0.004195
2025-08-04 22:30,0.0
2025-08-04 22:45,0.0
2025-08-04 23:00,0.0
2025-08-04 23:15,0.00394
2025-08-04 23:30,0.045009
2025-08-04 23:45,0.0
2025-08-05 00:00,0.0
2025-08-05 00:15,0.083839
2025-08-05 00:30,0.040814
2025-08-05 00:45,0.086276
2025-08-05 01:00,0.0
2025-08-05 01:15,0.002976
2025-08-05 01:30,0.0
2025-08-05 01:45,0.083612
2025-08-05 02:00,0.0
2025-08-05 02:15,0.0
2025-08-05 02:30,0.0
2025-08-05 02:45,0.0
2025-08-05 03:00,0.0
2025-08-05 03:15,0.027918
2025-08-05 03:30,0.085823
2025-08-05 03:45,0.005442
2025-08-05 04:00,0.0
2025-08-05 04:15,0.003798
2025-08-05 04:30,0.017771
2025-08-05 04:45,0.0
2025-08-05 05:00,0.001644
2025-08-05 05:15,0.0
2025-08-05 05:30,0.0
2025-08-05 05:45,0.08605
2025-08-05 06:00,0.0
2025-08-05 06:15,0.0
2025-08-05 06:30,0.0
2025-08-05 06:45,0.0
2025-08-05 07:00,0.0
2025-08-05 07:15,0.002664
2025-08-05 07:30,0.0
2025-08-05 07:45,0.008276
2025-08-05 08:00,0.043025
2025-08-05 08:15,0.0
2025-08-05 08:30,0.040814
2025-08-05 08:45,0.0
2025-08-05 09:00,0.0
2025-08-05 09:15,0.0
2025-08-05 09:30,0.0
2025-08-05 09:45,0.0
2025-08-05 10:00,0.043025
2025-08-05 10:15,0.0
2025-08-05 10:30,0.0
2025-08-05 10:45,0.0
2025-08-05 11:00,0.001984
2025-08-05 11:15,0.0
2025-08-05 11:30,0.0
2025-08-05 11:45,0.0
2025-08-05 12:00,0.0
2025-08-05 12:15,0.0
2025-08-05 12:30,0.0
2025-08-05 12:45,0.0
2025-08-05 13:00,0.0
2025-08-05 13:15,0.0
2025-08-05 13:30,0.0
2025-08-05 13:45,0.001984
2025-08-05 14:00,0.0
2025-08-05 14:15,0.0
2025-08-05 14:30,0.0
2025-08-05 14:45,0.0
2025-08-05 15:00,0.0
2025-08-05 15:15,0.0
2025-08-05 15:30,0.0
2025-08-05 15:45,0.0
2025-08-05 16:00,0.0
2025-08-05 16:15,0.0
2025-08-05 16:30,0.0
2025-08-05 16:45,0.0
2025-08-05 17:00,0.0
2025-08-05 17:15,0.0
2025-08-05 17:30,0.0
2025-08-05 17:45,0.0
2025-08-05 18:00,0.0
2025-08-05 18:15,0.0
2025-08-05 18:30,0.0
2025-08-05 18:45,0.0
2025-08-05 19:00,0.0
2025-08-05 19:15,0.0
2025-08-05 19:30,0.0
2025-08-05 19:45,0.0
2025-08-05 20:00,0.0
2025-08-05 20:15,0.0
2025-08-05 20:30,0.0
2025-08-05 20:45,0.0
2025-08-05 21:00,0.0
2025-08-05 21:15,0.0
2025-08-05 21:30,0.0
2025-08-05 21:45,0.0
2025-08-05 22:00,0.0
2025-08-05 22:15,0.0
2025-08-05 22:30,0.0
2025-08-05 22:45,0.0
2025-08-05 23:00,0.012358
2025-08-05 23:15,0.009977
2025-08-05 23:30,0.084236
2025-08-05 23:45,0.299416
2025-08-06 00:00,1.0
2025-08-06 00:00,0.485169
2025-08-06 00:15,0.167173
2025-08-06 00:30,0.045269
2025-08-06 00:45,0.027255
2025-08-06 01:00,0.020874
2025-08-06 01:15,0.059405
2025-08-06 01:30,0.039713
2025-08-06 01:45,0.000963
2025-08-06 02:00,0.402717
2025-08-06 02:15,0.250492
2025-08-06 02:30,0.0
2025-08-06 02:45,0.020929
2025-08-06 03:00,0.020874
2025-08-06 03:15,0.0
2025-08-06 03:30,0.0
2025-08-06 03:45,0.0
2025-08-06 04:00,0.041061
2025-08-06 04:15,0.0
2025-08-06 04:30,0.000798
2025-08-06 04:45,0.0
2025-08-06 05:00,0.001389
2025-08-06 05:15,0.000963
2025-08-06 05:30,0.000963
2025-08-06 05:45,0.000963
2025-08-06 06:00,0.020049
2025-08-06 06:15,0.019802
2025-08-06 06:30,0.005432
2025-08-06 06:45,0.00407
2025-08-06 07:00,0.0
2025-08-06 07:15,0.0
2025-08-06 07:30,0.041749
2025-08-06 07:45,0.0
2025-08-06 08:00,0.019802
2025-08-06 08:15,0.0
2025-08-06 08:30,0.0
2025-08-06 08:45,0.0
2025-08-06 09:00,0.040098
2025-08-06 09:15,0.0
2025-08-06 09:30,0.001925
2025-08-06 09:45,0.0
2025-08-06 10:00,0.0
2025-08-06 10:15,0.0
2025-08-06 10:30,0.0
2025-08-06 10:45,0.0
2025-08-06 11:00,0.0
2025-08-06 11:15,0.0
2025-08-06 11:30,0.0
2025-08-06 11:45,0.0
2025-08-06 12:00,0.0
2025-08-06 12:15,0.0
2025-08-06 12:30,0.0
2025-08-06 12:45,0.0
2025-08-06 13:00,0.0
2025-08-06 13:15,0.0
2025-08-06 13:30,0.0
2025-08-06 13:45,0.0
2025-08-06 14:00,0.0
2025-08-06 14:15,0.0
2025-08-06 14:30,0.0
2025-08-06 14:45,0.0
2025-08-06 15:00,0.0
2025-08-06 15:15,0.0
2025-08-06 15:30,0.0
2025-08-06 15:45,0.0
2025-08-06 16:00,0.0
2025-08-06 16:15,0.0
2025-08-06 16:30,0.0
2025-08-06 16:45,0.0
2025-08-06 17:00,0.0
2025-08-06 17:15,0.0
2025-08-06 17:30,0.0
2025-08-06 17:45,0.0
2025-08-06 18:00,0.0
2025-08-06 18:15,0.0
2025-08-06 18:30,0.0
2025-08-06 18:45,0.0
2025-08-06 19:00,0.0
2025-08-06 19:15,0.002695
2025-08-06 19:30,0.0
2025-08-06 19:45,0.0
2025-08-06 20:00,0.0
2025-08-06 20:15,0.0
2025-08-06 20:30,0.0
2025-08-06 20:45,0.0
2025-08-06 21:00,0.0
2025-08-06 21:15,0.0
2025-08-06 21:30,0.0
2025-08-06 21:45,0.0
2025-08-06 22:00,0.0
2025-08-06 22:15,0.0
2025-08-06 22:30,0.0
2025-08-06 22:45,0.0
2025-08-06 23:00,0.001925
2025-08-06 23:15,0.649138
2025-08-06 23:30,0.0
2025-08-06 23:45,0.042986
2025-08-07 00:00,0.161521
2025-08-07 00:15,0.001925
2025-08-07 00:30,0.011826
2025-08-07 00:45,0.0
2025-08-07 01:00,0.019623
2025-08-07 01:15,0.019554
2025-08-07 01:30,0.002448
2025-08-07 01:45,0.085422
2025-08-07 02:00,0.0
2025-08-07 02:15,0.000963
2025-08-07 02:30,0.0
2025-08-07 02:45,0.0
2025-08-07 03:00,0.0
2025-08-07 03:15,0.0
2025-08-07 03:30,0.0
2025-08-07 03:45,0.023212
2025-08-07 04:00,0.000963
2025-08-07 04:15,0.016006
2025-08-07 04:30,0.0
2025-08-07 04:45,0.0
2025-08-07 05:00,0.0
2025-08-07 05:15,0.0
2025-08-07 05:30,0.002461
2025-08-07 05:45,0.0
2025-08-07 06:00,0.00407
2025-08-07 06:15,0.0
2025-08-07 06:30,0.0
2025-08-07 06:45,0.0
2025-08-07 07:00,0.0
2025-08-07 07:15,0.0
2025-08-07 07:30,0.021864
2025-08-07 07:45,0.001348
2025-08-07 08:00,0.0
2025-08-07 08:15,0.0
2025-08-07 08:30,0.0
2025-08-07 08:45,0.0
2025-08-07 09:00,0.0
2025-08-07 09:15,0.0
2025-08-07 09:30,0.0
2025-08-07 09:45,0.0
2025-08-07 10:00,0.0
2025-08-07 10:15,0.0
2025-08-07 10:30,0.0
2025-08-07 10:45,0.0
2025-08-07 11:00,0.0
2025-08-07 11:15,0.0
2025-08-07 11:30,0.0
2025-08-07 11:45,0.0
2025-08-07 12:00,0.0
2025-08-07 12:15,0.000963
2025-08-07 12:30,0.0
2025-08-07 12:45,0.0
2025-08-07 13:00,0.0
2025-08-07 13:15,0.0
2025-08-07 13:30,0.0
2025-08-07 13:45,0.0
2025-08-07 14:00,0.0
2025-08-07 14:15,0.0
2025-08-07 14:30,0.0
2025-08-07 14:45,0.0
2025-08-07 15:00,0.0
2025-08-07 15:15,0.0
2025-08-07 15:30,0.0
2025-08-07 15:45,0.0
2025-08-07 16:00,0.0
2025-08-07 16:15,0.0
2025-08-07 16:30,0.0
2025-08-07 16:45,0.0
2025-08-07 17:00,0.0
2025-08-07 17:15,0.0
2025-08-07 17:30,0.0
2025-08-07 17:45,0.0
2025-08-07 18:00,0.0
2025-08-07 18:15,0.0
2025-08-07 18:30,0.0
2025-08-07 18:45,0.0
2025-08-07 19:00,0.0
2025-08-07 19:15,0.0
2025-08-07 19:30,0.0
2025-08-07 19:45,0.0
2025-08-07 20:00,0.0
2025-08-07 20:15,0.0
2025-08-07 20:30,0.0
2025-08-07 20:45,0.0
2025-08-07 21:00,0.0
2025-08-07 21:15,0.0
2025-08-07 21:30,0.0
2025-08-07 21:45,0.0
2025-08-07 22:00,0.0
2025-08-07 22:15,0.0
2025-08-07 22:30,0.0
2025-08-07 22:45,0.0
2025-08-07 23:00,0.0
2025-08-07 23:15,0.0
2025-08-07 23:30,0.0
2025-08-07 23:45,0.0
2025-08-08 00:00,0.000963
2025-08-08 00:15,0.0
2025-08-08 00:30,0.0
2025-08-08 00:45,0.0
2025-08-08 01:00,0.0
2025-08-08 01:15,0.0
2025-08-08 01:30,0.002888
2025-08-08 01:45,0.000963
2025-08-08 02:00,0.0
2025-08-08 02:15,0.0
2025-08-08 02:30,0.0
2025-08-08 02:45,0.079427
2025-08-08 03:00,0.0
2025-08-08 03:15,0.039713
2025-08-08 03:30,0.0
2025-08-08 03:45,0.0
2025-08-08 04:00,0.044623
2025-08-08 04:15,0.08138
2025-08-08 04:30,0.041639
2025-08-08 04:45,0.025632
2025-08-08 05:00,0.0
2025-08-08 05:15,0.002475
2025-08-08 05:30,0.0
2025-08-08 05:45,0.0
2025-08-08 06:00,0.008031
2025-08-08 06:15,0.0
2025-08-08 06:30,0.069003
2025-08-08 06:45,1.0
2025-08-08 07:00,0.012307
2025-08-08 07:15,0.0
2025-08-08 07:30,0.0
2025-08-08 07:45,0.0
2025-08-08 08:00,0.006106
2025-08-08 08:15,0.041749
2025-08-08 08:30,0.019802
2025-08-08 08:45,0.0
2025-08-08 09:00,0.002035
2025-08-08 09:15,0.0
2025-08-08 09:30,0.0
2025-08-08 09:45,0.0
2025-08-08 10:00,0.0
2025-08-08 10:15,0.0
2025-08-08 10:30,0.0
2025-08-08 10:45,0.0
2025-08-08 11:00,0.0
2025-08-08 11:15,0.001925
2025-08-08 11:30,0.000963
2025-08-08 11:45,0.0
2025-08-08 12:00,0.0
2025-08-08 12:15,0.0
2025-08-08 12:30,0.0
2025-08-08 12:45,0.0
2025-08-08 13:00,0.0
2025-08-08 13:15,0.0
2025-08-08 13:30,0.0
2025-08-08 13:45,0.0
2025-08-08 14:00,0.0
2025-08-08 14:15,0.0
2025-08-08 14:30,0.0
2025-08-08 14:45,0.0
2025-08-08 15:00,0.0
2025-08-08 15:15,0.0
2025-08-08 15:30,0.0
2025-08-08 15:45,0.0
2025-08-08 16:00,0.039603
2025-08-08 16:15,0.0
2025-08-08 16:30,0.0
2025-08-08 16:45,0.001925
2025-08-08 17:00,0.0
2025-08-08 17:15,0.0
2025-08-08 17:30,0.0
2025-08-08 17:45,0.001925
2025-08-08 18:00,0.0
2025-08-08 18:15,0.0
2025-08-08 18:30,0.0
2025-08-08 18:45,0.0
2025-08-08 19:00,0.0
2025-08-08 19:15,0.0
2025-08-08 19:30,0.0
2025-08-08 19:45,0.0
2025-08-08 20:00,0.0
2025-08-08 20:15,0.0
2025-08-08 20:30,0.158414
2025-08-08 20:45,0.0
2025-08-08 21:00,0.0
2025-08-08 21:15,0.0
2025-08-08 21:30,0.0
2025-08-08 21:45,0.0
2025-08-08 22:00,0.000798
2025-08-08 22:15,0.0
2025-08-08 22:30,0.0
2025-08-08 22:45,0.0
2025-08-08 23:00,0.0
2025-08-08 23:15,0.0
2025-08-08 23:30,0.0
2025-08-08 23:45,0.0
2025-08-09 00:00,0.0
2025-08-09 00:15,0.0
2025-08-09 00:30,0.0
2025-08-09 00:45,0.0
2025-08-09 01:00,0.0
2025-08-09 01:15,0.0
2025-08-09 01:30,0.0
2025-08-09 01:45,0.0
2025-08-09 02:00,0.0
2025-08-09 02:15,0.0
2025-08-09 02:30,0.0
2025-08-09 02:45,0.0
2025-08-09 03:00,0.0
2025-08-09 03:15,0.0
2025-08-09 03:30,0.0
2025-08-09 03:45,0.0
2025-08-09 04:00,0.0
2025-08-09 04:15,0.0
2025-08-09 04:30,0.0
2025-08-09 04:45,0.0
2025-08-09 05:00,0.0
2025-08-09 05:15,0.0
2025-08-09 05:30,0.0
2025-08-09 05:45,0.0
2025-08-09 06:00,0.0
2025-08-09 06:15,0.0
2025-08-09 06:30,0.0
2025-08-09 06:45,0.0
2025-08-09 07:00,0.0
2025-08-09 07:15,0.0
2025-08-09 07:30,0.0
2025-08-09 07:45,0.0
2025-08-09 08:00,0.0
2025-08-09 08:15,0.0
2025-08-09 08:30,0.0
2025-08-09 08:45,0.0
2025-08-09 09:00,0.0
2025-08-09 09:15,0.0
2025-08-09 09:30,0.0
2025-08-09 09:45,0.0
2025-08-09 10:00,0.0
2025-08-09 10:15,0.0
2025-08-09 10:30,0.0
2025-08-09 10:45,0.0
2025-08-09 11:00,0.0
2025-08-09 11:15,0.0
2025-08-09 11:30,0.0
2025-08-09 11:45,0.0
2025-08-09 12:00,0.0
2025-08-09 12:15,0.0
2025-08-09 12:30,0.0
2025-08-09 12:45,0.0
2025-08-09 13:00,0.0
2025-08-09 13:15,0.0
2025-08-09 13:30,0.0
2025-08-09 13:45,0.0
2025-08-09 14:00,0.0
2025-08-09 14:15,0.0
2025-08-09 14:30,0.0
2025-08-09 14:45,0.0
2025-08-09 15:00,0.0
2025-08-09 15:15,0.0
2025-08-09 15:30,0.0
2025-08-09 15:45,0.0
2025-08-09 16:00,0.0
2025-08-09 16:15,0.0
2025-08-09 16:30,0.0
2025-08-09 16:45,0.0
2025-08-09 17:00,0.0
2025-08-09 17:15,0.0
2025-08-09 17:30,0.0
2025-08-09 17:45,0.0
2025-08-09 18:00,0.00385
2025-08-09 18:15,0.0
2025-08-09 18:30,0.0
2025-08-09 18:45,0.0
2025-08-09 19:00,0.0
2025-08-09 19:15,0.0
2025-08-09 19:30,0.0
2025-08-09 19:45,0.0
2025-08-09 20:00,0.0
2025-08-09 20:15,0.0
2025-08-09 20:30,0.0
2025-08-09 20:45,0.0
2025-08-09 21:00,0.0
2025-08-09 21:15,0.0
2025-08-09 21:30,0.0
2025-08-09 21:45,0.0
2025-08-09 22:00,0.0
2025-08-09 22:15,0.0
2025-08-09 22:30,0.0
2025-08-09 22:45,0.0
2025-08-09 23:00,0.0
2025-08-09 23:15,0.0
2025-08-09 23:30,0.0
2025-08-09 23:45,0.0
2025-08-10 00:00,0.0
2025-08-10 00:15,0.0
2025-08-10 00:30,0.0
2025-08-10 00:45,0.0
2025-08-10 01:00,0.0
2025-08-10 01:15,0.0
2025-08-10 01:30,0.0
2025-08-10 01:45,0.0
2025-08-10 02:00,0.0
2025-08-10 02:15,0.0
2025-08-10 02:30,0.0
2025-08-10 02:45,0.0
2025-08-10 03:00,0.0
2025-08-10 03:15,0.0
2025-08-10 03:30,0.0
2025-08-10 03:45,0.0
2025-08-10 04:00,0.0
2025-08-10 04:15,0.0
2025-08-10 04:30,0.0
2025-08-10 04:45,0.0
2025-08-10 05:00,0.0
2025-08-10 05:15,0.0
2025-08-10 05:30,0.0
2025-08-10 05:45,0.0
2025-08-10 06:00,0.0
2025-08-10 06:15,0.0
2025-08-10 06:30,0.0
2025-08-10 06:45,0.0
2025-08-10 07:00,0.0
2025-08-10 07:15,0.0
2025-08-10 07:30,0.0
2025-08-10 07:45,0.0
2025-08-10 08:00,0.0
2025-08-10 08:15,0.0
2025-08-10 08:30,0.0
2025-08-10 08:45,0.0
2025-08-10 09:00,0.0
2025-08-10 09:15,0.0
2025-08-10 09:30,0.0
2025-08-10 09:45,0.0
2025-08-10 10:00,0.0
2025-08-10 10:15,0.0
2025-08-10 10:30,0.0
2025-08-10 10:45,0.0
2025-08-10 11:00,0.0
2025-08-10 11:15,0.0
2025-08-10 11:30,0.0
2025-08-10 11:45,0.0
2025-08-10 12:00,0.0
2025-08-10 12:15,0.0
2025-08-10 12:30,0.0
2025-08-10 12:45,0.0
2025-08-10 13:00,0.0
2025-08-10 13:15,0.0
2025-08-10 13:30,0.0
2025-08-10 13:45,0.0
2025-08-10 14:00,0.0
2025-08-10 14:15,0.0
2025-08-10 14:30,0.0
2025-08-10 14:45,0.0
2025-08-10 15:00,0.0
2025-08-10 15:15,0.0
2025-08-10 15:30,0.0
2025-08-10 15:45,0.0
2025-08-10 16:00,0.0
2025-08-10 16:15,0.0
2025-08-10 16:30,0.0
2025-08-10 16:45,0.0
2025-08-10 17:00,0.0
2025-08-10 17:15,0.0
2025-08-10 17:30,0.0
2025-08-10 17:45,0.0
2025-08-10 18:00,0.0
2025-08-10 18:15,0.0
2025-08-10 18:30,0.0
2025-08-10 18:45,0.0
2025-08-10 19:00,0.0
2025-08-10 19:15,0.0
2025-08-10 19:30,0.0
2025-08-10 19:45,0.0
2025-08-10 20:00,0.0
2025-08-10 20:15,0.0
2025-08-10 20:30,0.0
2025-08-10 20:45,0.0
2025-08-10 21:00,0.0
2025-08-10 21:15,0.0
2025-08-10 21:30,0.0
2025-08-10 21:45,0.0
2025-08-10 22:00,0.0
2025-08-10 22:15,0.0
2025-08-10 22:30,0.0
2025-08-10 22:45,0.0
2025-08-10 23:00,0.0
2025-08-10 23:15,0.025247
2025-08-10 23:30,0.003232
2025-08-10 23:45,0.020764
2025-08-11 00:00,0.020874
2025-08-11 00:15,0.060478
2025-08-11 00:30,0.0
2025-08-11 00:45,0.041749
2025-08-11 01:00,0.0
2025-08-11 01:15,0.099284
2025-08-11 01:30,0.042629
2025-08-11 01:45,0.002035
2025-08-11 02:00,0.0
2025-08-11 02:15,0.0
2025-08-11 02:30,0.000798
2025-08-11 02:45,0.039603
2025-08-11 03:00,0.0
2025-08-11 03:15,0.0
2025-08-11 03:30,0.162319
2025-08-11 03:45,0.024945
2025-08-11 04:00,0.0
2025-08-11 04:15,0.0
2025-08-11 04:30,0.0
2025-08-11 04:45,0.000963
2025-08-11 05:00,0.022634
2025-08-11 05:15,0.001815
2025-08-11 05:30,0.040566
2025-08-11 05:45,0.0
2025-08-11 06:00,0.0
2025-08-11 06:15,0.0
2025-08-11 06:30,0.022909
2025-08-11 06:45,0.118315
2025-08-11 07:00,0.0
2025-08-11 07:15,0.0
2025-08-11 07:30,0.0
2025-08-11 07:45,0.0
2025-08-11 08:00,0.0
2025-08-11 08:15,0.0
2025-08-11 08:30,0.009516
2025-08-11 08:45,0.00176
2025-08-11 09:00,0.0
2025-08-11 09:15,0.0
2025-08-11 09:30,0.0
2025-08-11 09:45,0.0
2025-08-11 10:00,0.00407
2025-08-11 10:15,0.0
2025-08-11 10:30,0.0
2025-08-11 10:45,0.0
2025-08-11 11:00,0.0
2025-08-11 11:15,0.0
2025-08-11 11:30,0.0
2025-08-11 11:45,0.0
2025-08-11 12:00,0.0
2025-08-11 12:15,0.0
2025-08-11 12:30,0.0
2025-08-11 12:45,0.0
2025-08-11 13:00,0.0
2025-08-11 13:15,0.0
2025-08-11 13:30,0.0
2025-08-11 13:45,0.0
2025-08-11 14:00,0.0
2025-08-11 14:15,0.0
2025-08-11 14:30,0.0
2025-08-11 14:45,0.0
2025-08-11 15:00,0.0
2025-08-11 15:15,0.0
2025-08-11 15:30,0.0
2025-08-11 15:45,0.0
2025-08-11 16:00,0.0
2025-08-11 16:15,0.0
2025-08-11 16:30,0.0
2025-08-11 16:45,0.0
2025-08-11 17:00,0.0
2025-08-11 17:15,0.0
2025-08-11 17:30,0.0
2025-08-11 17:45,0.002035
2025-08-11 18:00,0.0
2025-08-11 18:15,0.0
2025-08-11 18:30,0.0
2025-08-11 18:45,0.0
2025-08-11 19:00,0.0
2025-08-11 19:15,0.0
2025-08-11 19:30,0.0
2025-08-11 19:45,0.001348
2025-08-11 20:00,0.00385
2025-08-11 20:15,0.0
2025-08-11 20:30,0.0
2025-08-11 20:45,0.0
2025-08-11 21:00,0.0
2025-08-11 21:15,0.0
2025-08-11 21:30,0.0
2025-08-11 21:45,0.0
2025-08-11 22:00,0.0
2025-08-11 22:15,0.0
2025-08-11 22:30,0.0
2025-08-11 22:45,0.000963
2025-08-11 23:00,0.0
2025-08-11 23:15,0.0
2025-08-11 23:30,0.010258
2025-08-11 23:45,0.0
2025-08-12 00:00,0.0
2025-08-12 00:15,0.020874
2025-08-12 00:30,0.024945
2025-08-12 00:45,0.0
2025-08-12 01:00,0.002613
2025-08-12 01:15,0.020668
2025-08-12 01:30,0.025797
2025-08-12 01:45,0.008223
2025-08-12 02:00,0.0
2025-08-12 02:15,0.0
2025-08-12 02:30,0.021837
2025-08-12 02:45,0.001389
2025-08-12 03:00,0.00407
2025-08-12 03:15,0.0
2025-08-12 03:30,0.001348
2025-08-12 03:45,0.002365
2025-08-12 04:00,0.0
2025-08-12 04:15,0.0
2025-08-12 04:30,0.000963
2025-08-12 04:45,0.042986
2025-08-12 05:00,0.0
2025-08-12 05:15,0.008608
2025-08-12 05:30,0.001925
2025-08-12 05:45,0.0
2025-08-12 06:00,0.00088
2025-08-12 06:15,0.040181
2025-08-12 06:30,0.029483
2025-08-12 06:45,0.019802
2025-08-12 07:00,0.019238
2025-08-12 07:15,0.002035
2025-08-12 07:30,0.0
2025-08-12 07:45,0.002558
2025-08-12 08:00,0.001843
2025-08-12 08:15,0.020874
2025-08-12 08:30,0.0
2025-08-12 08:45,0.0
2025-08-12 09:00,0.0
2025-08-12 09:15,0.0
2025-08-12 09:30,0.0
2025-08-12 09:45,0.0
2025-08-12 10:00,0.0
2025-08-12 10:15,0.0
2025-08-12 10:30,0.0
2025-08-12 10:45,0.0
2025-08-12 11:00,0.0
2025-08-12 11:15,0.0
2025-08-12 11:30,0.0
2025-08-12 11:45,0.0
2025-08-12 12:00,0.0
2025-08-12 12:15,0.0
2025-08-12 12:30,0.0
2025-08-12 12:45,0.0
2025-08-12 13:00,0.0
2025-08-12 13:15,0.0
2025-08-12 13:30,0.0
2025-08-12 13:45,0.0
2025-08-12 14:00,0.0
2025-08-12 14:15,0.0
2025-08-12 14:30,0.0
2025-08-12 14:45,0.0
2025-08-12 15:00,0.0
2025-08-12 15:15,0.0
2025-08-12 15:30,0.0
2025-08-12 15:45,0.0
2025-08-12 16:00,0.0
2025-08-12 16:15,0.0
2025-08-12 16:30,0.0
2025-08-12 16:45,0.0
2025-08-12 17:00,0.0
2025-08-12 17:15,0.0
2025-08-12 17:30,0.0
2025-08-12 17:45,0.0
2025-08-12 18:00,0.0
2025-08-12 18:15,0.0
2025-08-12 18:30,0.0
2025-08-12 18:45,0.0
2025-08-12 19:00,0.0
2025-08-12 19:15,0.0
2025-08-12 19:30,0.0
2025-08-12 19:45,0.0
2025-08-12 20:00,0.0
2025-08-12 20:15,0.0
2025-08-12 20:30,0.0
2025-08-12 20:45,0.0
2025-08-12 21:00,0.0
2025-08-12 21:15,0.0
2025-08-12 21:30,0.0
2025-08-12 21:45,0.0
2025-08-12 22:00,0.0
2025-08-12 22:15,0.0
2025-08-12 22:30,0.0
2025-08-12 22:45,0.020874
2025-08-12 23:00,0.000963
2025-08-12 23:15,0.004923
2025-08-12 23:30,0.046672
2025-08-12 23:45,0.007082
2025-08-13 00:00,0.002998
2025-08-13 00:00,0.003085
2025-08-13 00:15,0.00116
2025-08-13 00:30,0.011745
2025-08-13 00:45,0.0
2025-08-13 01:00,0.0
2025-08-13 01:15,0.021368
2025-08-13 01:30,0.063494
2025-08-13 01:45,0.000991
2025-08-13 02:00,0.0
2025-08-13 02:15,0.004189
2025-08-13 02:30,0.0
2025-08-13 02:45,0.0
2025-08-13 03:00,0.0
2025-08-13 03:15,0.0
2025-08-13 03:30,0.026929
2025-08-13 03:45,0.001981
2025-08-13 04:00,0.0
2025-08-13 04:15,0.169836
2025-08-13 04:30,0.002094
2025-08-13 04:45,0.041744
2025-08-13 05:00,0.0
2025-08-13 05:15,0.021481
2025-08-13 05:30,0.0
2025-08-13 05:45,0.001981
2025-08-13 06:00,0.0
2025-08-13 06:15,0.001981
2025-08-13 06:30,0.0
2025-08-13 06:45,0.020207
2025-08-13 07:00,0.0
2025-08-13 07:15,0.006651
2025-08-13 07:30,0.045056
2025-08-13 07:45,0.005448
2025-08-13 08:00,0.023434
2025-08-13 08:15,0.0
2025-08-13 08:30,0.000991
2025-08-13 08:45,0.0
2025-08-13 09:00,0.0
2025-08-13 09:15,0.0
2025-08-13 09:30,0.003821
2025-08-13 09:45,0.0
2025-08-13 10:00,0.0
2025-08-13 10:15,0.0
2025-08-13 10:30,0.0
2025-08-13 10:45,0.0
2025-08-13 11:00,0.0
2025-08-13 11:15,0.0
2025-08-13 11:30,0.0
2025-08-13 11:45,0.0
2025-08-13 12:00,0.0
2025-08-13 12:15,0.0
2025-08-13 12:30,0.0
2025-08-13 12:45,0.0
2025-08-13 13:00,0.0
2025-08-13 13:15,0.0
2025-08-13 13:30,0.0
2025-08-13 13:45,0.0
2025-08-13 14:00,0.0
2025-08-13 14:15,0.0
2025-08-13 14:30,0.0
2025-08-13 14:45,0.0
2025-08-13 15:00,0.0
2025-08-13 15:15,0.0
2025-08-13 15:30,0.0
2025-08-13 15:45,0.0
2025-08-13 16:00,0.0
2025-08-13 16:15,0.0
2025-08-13 16:30,0.0
2025-08-13 16:45,0.0
2025-08-13 17:00,0.0
2025-08-13 17:15,0.0
2025-08-13 17:30,0.000991
2025-08-13 17:45,0.0
2025-08-13 18:00,0.0
2025-08-13 18:15,0.0
2025-08-13 18:30,0.0
2025-08-13 18:45,0.0
2025-08-13 19:00,0.0
2025-08-13 19:15,0.0
2025-08-13 19:30,0.0
2025-08-13 19:45,0.0
2025-08-13 20:00,0.0
2025-08-13 20:15,0.0
2025-08-13 20:30,0.0
2025-08-13 20:45,0.0
2025-08-13 21:00,0.0
2025-08-13 21:15,0.0
2025-08-13 21:30,0.0
2025-08-13 21:45,0.0
2025-08-13 22:00,0.0
2025-08-13 22:15,0.000991
2025-08-13 22:30,0.0
2025-08-13 22:45,0.0
2025-08-13 23:00,0.0
2025-08-13 23:15,0.0
2025-08-13 23:30,0.0
2025-08-13 23:45,0.063338
2025-08-14 00:00,0.021481
2025-08-14 00:15,0.092192
2025-08-14 00:30,0.017193
2025-08-14 00:45,0.019273
2025-08-14 01:00,0.001981
2025-08-14 01:15,0.0
2025-08-14 01:30,0.0
2025-08-14 01:45,0.025938
2025-08-14 02:00,0.001981
2025-08-14 02:15,0.0
2025-08-14 02:30,0.0
2025-08-14 02:45,0.001981
2025-08-14 03:00,0.0
2025-08-14 03:15,0.021481
2025-08-14 03:30,0.020448
2025-08-14 03:45,0.0
2025-08-14 04:00,0.020632
2025-08-14 04:15,0.042197
2025-08-14 04:30,0.021481
2025-08-14 04:45,0.0
2025-08-14 05:00,0.0
2025-08-14 05:15,0.03832
2025-08-14 05:30,0.043244
2025-08-14 05:45,0.0
2025-08-14 06:00,0.045523
2025-08-14 06:15,0.021424
2025-08-14 06:30,0.023533
2025-08-14 06:45,0.002972
2025-08-14 07:00,0.0
2025-08-14 07:15,0.001104
2025-08-14 07:30,0.002858
2025-08-14 07:45,0.0
2025-08-14 08:00,0.021481
2025-08-14 08:15,0.0
2025-08-14 08:30,0.00133
2025-08-14 08:45,0.0
2025-08-14 09:00,0.081508
2025-08-14 09:15,0.021481
2025-08-14 09:30,0.0
2025-08-14 09:45,0.0
2025-08-14 10:00,0.0
2025-08-14 10:15,0.0
2025-08-14 10:30,0.0
2025-08-14 10:45,0.0
2025-08-14 11:00,0.0
2025-08-14 11:15,0.0
2025-08-14 11:30,0.0
2025-08-14 11:45,0.0
2025-08-14 12:00,0.0
2025-08-14 12:15,0.0
2025-08-14 12:30,0.0
2025-08-14 12:45,0.0
2025-08-14 13:00,0.0
2025-08-14 13:15,0.0
2025-08-14 13:30,0.0
2025-08-14 13:45,0.0
2025-08-14 14:00,0.0
2025-08-14 14:15,0.0
2025-08-14 14:30,0.0
2025-08-14 14:45,0.0
2025-08-14 15:00,0.0
2025-08-14 15:15,0.0
2025-08-14 15:30,0.0
2025-08-14 15:45,0.0
2025-08-14 16:00,0.0
2025-08-14 16:15,0.0
2025-08-14 16:30,0.0
2025-08-14 16:45,0.0
2025-08-14 17:00,0.0
2025-08-14 17:15,0.0
2025-08-14 17:30,0.0
2025-08-14 17:45,0.0
2025-08-14 18:00,0.0
2025-08-14 18:15,0.0
2025-08-14 18:30,0.0
2025-08-14 18:45,0.0
2025-08-14 19:00,0.0
2025-08-14 19:15,0.0
2025-08-14 19:30,0.0
2025-08-14 19:45,0.0
2025-08-14 20:00,0.0
2025-08-14 20:15,0.0
2025-08-14 20:30,0.0
2025-08-14 20:45,0.0
2025-08-14 21:00,0.0
2025-08-14 21:15,0.0
2025-08-14 21:30,0.0
2025-08-14 21:45,0.0
2025-08-14 22:00,0.0
2025-08-14 22:15,0.0
2025-08-14 22:30,0.0
2025-08-14 22:45,0.0
2025-08-14 23:00,0.0
2025-08-14 23:15,0.0
2025-08-14 23:30,0.0
2025-08-14 23:45,0.0
2025-08-15 00:00,0.134205
2025-08-15 00:15,0.0
2025-08-15 00:30,0.0
2025-08-15 00:45,0.0
2025-08-15 01:00,0.0
2025-08-15 01:15,0.001104
2025-08-15 01:30,0.0
2025-08-15 01:45,0.0
2025-08-15 02:00,0.0
2025-08-15 02:15,0.000821
2025-08-15 02:30,0.000991
2025-08-15 02:45,0.0
2025-08-15 03:00,0.0
2025-08-15 03:15,0.0
2025-08-15 03:30,0.0
2025-08-15 03:45,0.0
2025-08-15 04:00,0.0
2025-08-15 04:15,0.0
2025-08-15 04:30,0.0
2025-08-15 04:45,0.0
2025-08-15 05:00,0.0
2025-08-15 05:15,0.0
2025-08-15 05:30,0.0
2025-08-15 05:45,0.0
2025-08-15 06:00,0.0
2025-08-15 06:15,0.0
2025-08-15 06:30,0.0
2025-08-15 06:45,0.0
2025-08-15 07:00,0.0
2025-08-15 07:15,0.0
2025-08-15 07:30,0.0
2025-08-15 07:45,0.0
2025-08-15 08:00,0.0
2025-08-15 08:15,0.0
2025-08-15 08:30,0.0
2025-08-15 08:45,0.0
2025-08-15 09:00,0.0
2025-08-15 09:15,0.0
2025-08-15 09:30,0.0
2025-08-15 09:45,0.0
2025-08-15 10:00,0.0
2025-08-15 10:15,0.0
2025-08-15 10:30,0.0
2025-08-15 10:45,0.0
2025-08-15 11:00,0.0
2025-08-15 11:15,0.0
2025-08-15 11:30,0.021481
2025-08-15 11:45,0.002321
2025-08-15 12:00,0.0
2025-08-15 12:15,0.0
2025-08-15 12:30,0.0
2025-08-15 12:45,0.0
2025-08-15 13:00,0.0
2025-08-15 13:15,0.0
2025-08-15 13:30,0.0
2025-08-15 13:45,0.0
2025-08-15 14:00,0.0
2025-08-15 14:15,0.000991
2025-08-15 14:30,0.0
2025-08-15 14:45,0.0
2025-08-15 15:00,0.0
2025-08-15 15:15,0.0
2025-08-15 15:30,0.0
2025-08-15 15:45,0.001981
2025-08-15 16:00,0.0
2025-08-15 16:15,0.0
2025-08-15 16:30,0.0
2025-08-15 16:45,0.003962
2025-08-15 17:00,0.0
2025-08-15 17:15,0.0
2025-08-15 17:30,0.0
2025-08-15 17:45,0.0
2025-08-15 18:00,0.0
2025-08-15 18:15,0.001047
2025-08-15 18:30,0.0
2025-08-15 18:45,0.0
2025-08-15 19:00,0.0
2025-08-15 19:15,0.0
2025-08-15 19:30,0.0
2025-08-15 19:45,0.0
2025-08-15 20:00,0.0
2025-08-15 20:15,0.0
2025-08-15 20:30,0.0
2025-08-15 20:45,0.0
2025-08-15 21:00,0.0
2025-08-15 21:15,0.0
2025-08-15 21:30,0.0
2025-08-15 21:45,0.0
2025-08-15 22:00,0.0
2025-08-15 22:15,0.0
2025-08-15 22:30,0.0
2025-08-15 22:45,0.0
2025-08-15 23:00,0.0
2025-08-15 23:15,0.0
2025-08-15 23:30,0.0
2025-08-15 23:45,0.0
2025-08-16 00:00,0.0
2025-08-16 00:15,0.0
2025-08-16 00:30,0.0
2025-08-16 00:45,0.0
2025-08-16 01:00,0.0
2025-08-16 01:15,0.0
2025-08-16 01:30,0.0
2025-08-16 01:45,0.000991
2025-08-16 02:00,0.0
2025-08-16 02:15,0.0
2025-08-16 02:30,0.0
2025-08-16 02:45,0.0
2025-08-16 03:00,0.0
2025-08-16 03:15,0.0
2025-08-16 03:30,0.0
2025-08-16 03:45,0.0
2025-08-16 04:00,0.0
2025-08-16 04:15,0.0
2025-08-16 04:30,0.0
2025-08-16 04:45,0.0
2025-08-16 05:00,0.0
2025-08-16 05:15,0.0
2025-08-16 05:30,0.0
2025-08-16 05:45,0.0
2025-08-16 06:00,0.0
2025-08-16 06:15,0.0
2025-08-16 06:30,0.0
2025-08-16 06:45,0.0
2025-08-16 07:00,0.0
2025-08-16 07:15,0.0
2025-08-16 07:30,0.0
2025-08-16 07:45,0.0
2025-08-16 08:00,0.0
2025-08-16 08:15,0.0
2025-08-16 08:30,0.0
2025-08-16 08:45,0.0
2025-08-16 09:00,0.0
2025-08-16 09:15,0.0
2025-08-16 09:30,0.0
2025-08-16 09:45,0.0
2025-08-16 10:00,0.0
2025-08-16 10:15,0.0
2025-08-16 10:30,0.0
2025-08-16 10:45,0.0
2025-08-16 11:00,0.0
2025-08-16 11:15,0.0
2025-08-16 11:30,0.0
2025-08-16 11:45,0.0
2025-08-16 12:00,0.0
2025-08-16 12:15,0.001981
2025-08-16 12:30,0.0
2025-08-16 12:45,0.0
2025-08-16 13:00,0.0
2025-08-16 13:15,0.0
2025-08-16 13:30,0.0
2025-08-16 13:45,0.0
2025-08-16 14:00,0.0
2025-08-16 14:15,0.0
2025-08-16 14:30,0.0
2025-08-16 14:45,0.0
2025-08-16 15:00,0.0
2025-08-16 15:15,0.0
2025-08-16 15:30,0.0
2025-08-16 15:45,0.0
2025-08-16 16:00,0.0
2025-08-16 16:15,0.000906
2025-08-16 16:30,0.0
2025-08-16 16:45,0.0
2025-08-16 17:00,0.0
2025-08-16 17:15,0.0
2025-08-16 17:30,0.0
2025-08-16 17:45,0.0
2025-08-16 18:00,0.0
2025-08-16 18:15,0.0
2025-08-16 18:30,0.0
2025-08-16 18:45,0.0
2025-08-16 19:00,0.0
2025-08-16 19:15,0.0
2025-08-16 19:30,0.0
2025-08-16 19:45,0.0
2025-08-16 20:00,0.0
2025-08-16 20:15,0.0
2025-08-16 20:30,0.0
2025-08-16 20:45,0.0
2025-08-16 21:00,0.0
2025-08-16 21:15,0.0
2025-08-16 21:30,0.0
2025-08-16 21:45,0.0
2025-08-16 22:00,0.0
2025-08-16 22:15,0.0
2025-08-16 22:30,0.0
2025-08-16 22:45,0.0
2025-08-16 23:00,0.0
2025-08-16 23:15,0.0
2025-08-16 23:30,0.0
2025-08-16 23:45,0.0
2025-08-17 00:00,0.0
2025-08-17 00:15,0.0
2025-08-17 00:30,0.0
2025-08-17 00:45,0.0
2025-08-17 01:00,0.0
2025-08-17 01:15,0.0
2025-08-17 01:30,0.0
2025-08-17 01:45,0.0
2025-08-17 02:00,0.0
2025-08-17 02:15,0.0
2025-08-17 02:30,0.0
2025-08-17 02:45,0.0
2025-08-17 03:00,0.0
2025-08-17 03:15,0.0
2025-08-17 03:30,0.0
2025-08-17 03:45,0.0
2025-08-17 04:00,0.0
2025-08-17 04:15,0.0
2025-08-17 04:30,0.0
2025-08-17 04:45,0.0
2025-08-17 05:00,0.0
2025-08-17 05:15,0.0
2025-08-17 05:30,0.0
2025-08-17 05:45,0.0
2025-08-17 06:00,0.0
2025-08-17 06:15,0.0
2025-08-17 06:30,0.0
2025-08-17 06:45,0.0
2025-08-17 07:00,0.0
2025-08-17 07:15,0.0
2025-08-17 07:30,0.0
2025-08-17 07:45,0.0
2025-08-17 08:00,0.0
2025-08-17 08:15,0.0
2025-08-17 08:30,0.0
2025-08-17 08:45,0.0
2025-08-17 09:00,0.0
2025-08-17 09:15,0.0
2025-08-17 09:30,0.0
2025-08-17 09:45,0.0
2025-08-17 10:00,0.0
2025-08-17 10:15,0.0
2025-08-17 10:30,0.0
2025-08-17 10:45,0.0
2025-08-17 11:00,0.0
2025-08-17 11:15,0.0
2025-08-17 11:30,0.0
2025-08-17 11:45,0.0
2025-08-17 12:00,0.0
2025-08-17 12:15,0.0
2025-08-17 12:30,0.0
2025-08-17 12:45,0.0
2025-08-17 13:00,0.0
2025-08-17 13:15,0.0
2025-08-17 13:30,0.0
2025-08-17 13:45,0.0
2025-08-17 14:00,0.0
2025-08-17 14:15,0.0
2025-08-17 14:30,0.0
2025-08-17 14:45,0.0
2025-08-17 15:00,0.0
2025-08-17 15:15,0.0
2025-08-17 15:30,0.0
2025-08-17 15:45,0.0
2025-08-17 16:00,0.0
2025-08-17 16:15,0.0
2025-08-17 16:30,0.0
2025-08-17 16:45,0.0
2025-08-17 17:00,0.0
2025-08-17 17:15,0.0
2025-08-17 17:30,0.0
2025-08-17 17:45,0.0
2025-08-17 18:00,0.0
2025-08-17 18:15,0.0
2025-08-17 18:30,0.0
2025-08-17 18:45,0.0
2025-08-17 19:00,0.0
2025-08-17 19:15,0.0
2025-08-17 19:30,0.0
2025-08-17 19:45,0.000991
2025-08-17 20:00,0.0
2025-08-17 20:15,0.0
2025-08-17 20:30,0.0
2025-08-17 20:45,0.0
2025-08-17 21:00,0.0
2025-08-17 21:15,0.0
2025-08-17 21:30,0.0
2025-08-17 21:45,0.0
2025-08-17 22:00,0.007755
2025-08-17 22:15,0.0
2025-08-17 22:30,0.0
2025-08-17 22:45,0.0
2025-08-17 23:00,0.000991
2025-08-17 23:15,0.002774
2025-08-17 23:30,0.0
2025-08-17 23:45,0.0
2025-08-18 00:00,0.0
2025-08-18 00:15,0.06631
2025-08-18 00:30,0.124809
2025-08-18 00:45,0.021622
2025-08-18 01:00,0.000821
2025-08-18 01:15,0.0
2025-08-18 01:30,0.0
2025-08-18 01:45,0.109427
2025-08-18 02:00,0.021622
2025-08-18 02:15,0.002151
2025-08-18 02:30,0.001217
2025-08-18 02:45,0.0
2025-08-18 03:00,0.000991
2025-08-18 03:15,0.0
2025-08-18 03:30,0.003849
2025-08-18 03:45,0.026943
2025-08-18 04:00,0.0
2025-08-18 04:15,0.066692
2025-08-18 04:30,0.003198
2025-08-18 04:45,0.066593
2025-08-18 05:00,0.058258
2025-08-18 05:15,0.021368
2025-08-18 05:30,0.043952
2025-08-18 05:45,0.013217
2025-08-18 06:00,0.001217
2025-08-18 06:15,0.022471
2025-08-18 06:30,0.002972
2025-08-18 06:45,0.000991
2025-08-18 07:00,0.004189
2025-08-18 07:15,0.023462
2025-08-18 07:30,0.048622
2025-08-18 07:45,0.006439
2025-08-18 08:00,0.000991
2025-08-18 08:15,0.0
2025-08-18 08:30,0.002774
2025-08-18 08:45,0.0
2025-08-18 09:00,0.0
2025-08-18 09:15,0.021481
2025-08-18 09:30,0.0
2025-08-18 09:45,0.0
2025-08-18 10:00,0.0
2025-08-18 10:15,0.0
2025-08-18 10:30,0.0
2025-08-18 10:45,0.0
2025-08-18 11:00,0.0
2025-08-18 11:15,0.0
2025-08-18 11:30,0.0
2025-08-18 11:45,0.0
2025-08-18 12:00,0.0
2025-08-18 12:15,0.0
2025-08-18 12:30,0.0
2025-08-18 12:45,0.0
2025-08-18 13:00,0.0
2025-08-18 13:15,0.0
2025-08-18 13:30,0.0
2025-08-18 13:45,0.0
2025-08-18 14:00,0.0
2025-08-18 14:15,0.0
2025-08-18 14:30,0.0
2025-08-18 14:45,0.0
2025-08-18 15:00,0.000991
2025-08-18 15:15,0.0
2025-08-18 15:30,0.0
2025-08-18 15:45,0.0
2025-08-18 16:00,0.0
2025-08-18 16:15,0.0
2025-08-18 16:30,0.0
2025-08-18 16:45,0.0
2025-08-18 17:00,0.0
2025-08-18 17:15,0.0
2025-08-18 17:30,0.0
2025-08-18 17:45,0.0
2025-08-18 18:00,0.0
2025-08-18 18:15,0.0
2025-08-18 18:30,0.0
2025-08-18 18:45,0.000906
2025-08-18 19:00,0.0
2025-08-18 19:15,0.0
2025-08-18 19:30,0.0
2025-08-18 19:45,0.0
2025-08-18 20:00,0.0
2025-08-18 20:15,0.0
2025-08-18 20:30,0.0
2025-08-18 20:45,0.0
2025-08-18 21:00,0.0
2025-08-18 21:15,0.0
2025-08-18 21:30,0.0
2025-08-18 21:45,0.0
2025-08-18 22:00,0.220751
2025-08-18 22:15,0.0
2025-08-18 22:30,0.217015
2025-08-18 22:45,0.153337
2025-08-18 23:00,0.085923
2025-08-18 23:15,1.0
2025-08-18 23:30,0.127469
2025-08-18 23:45,0.349522
2025-08-19 00:00,0.128884
2025-08-19 00:15,0.438119
2025-08-19 00:30,0.093083
2025-08-19 00:45,0.104206
2025-08-19 01:00,0.195477
2025-08-19 01:15,0.12696
2025-08-19 01:30,0.0
2025-08-19 01:45,0.0
2025-08-19 02:00,0.044943
2025-08-19 02:15,0.000906
2025-08-19 02:30,0.000991
2025-08-19 02:45,0.0
2025-08-19 03:00,0.0
2025-08-19 03:15,0.0
2025-08-19 03:30,0.001981
2025-08-19 03:45,0.0
2025-08-19 04:00,0.000991
2025-08-19 04:15,0.096819
2025-08-19 04:30,0.040754
2025-08-19 04:45,0.042961
2025-08-19 05:00,0.002972
2025-08-19 05:15,0.0
2025-08-19 05:30,0.0
2025-08-19 05:45,0.002377
2025-08-19 06:00,0.000991
2025-08-19 06:15,0.062235
2025-08-19 06:30,0.002972
2025-08-19 06:45,0.0
2025-08-19 07:00,0.001896
2025-08-19 07:15,0.0
2025-08-19 07:30,0.236288
2025-08-19 07:45,0.021622
2025-08-19 08:00,0.003085
2025-08-19 08:15,0.052032
2025-08-19 08:30,0.021368
2025-08-19 08:45,0.0
2025-08-19 09:00,0.0
2025-08-19 09:15,0.0
2025-08-19 09:30,0.0
2025-08-19 09:45,0.001387
2025-08-19 10:00,0.0
2025-08-19 10:15,0.0
2025-08-19 10:30,0.0
2025-08-19 10:45,0.0
2025-08-19 11:00,0.002717
2025-08-19 11:15,0.0
2025-08-19 11:30,0.0
2025-08-19 11:45,0.0
2025-08-19 12:00,0.0
2025-08-19 12:15,0.0
2025-08-19 12:30,0.0
2025-08-19 12:45,0.0
2025-08-19 13:00,0.0
2025-08-19 13:15,0.0
2025-08-19 13:30,0.0
2025-08-19 13:45,0.0
2025-08-19 14:00,0.0
2025-08-19 14:15,0.0
2025-08-19 14:30,0.0
2025-08-19 14:45,0.0
2025-08-19 15:00,0.0
2025-08-19 15:15,0.0
2025-08-19 15:30,0.0
2025-08-19 15:45,0.0
2025-08-19 16:00,0.0
2025-08-19 16:15,0.0
2025-08-19 16:30,0.0
2025-08-19 16:45,0.0
2025-08-19 17:00,0.0
2025-08-19 17:15,0.0
2025-08-19 17:30,0.0
2025-08-19 17:45,0.0
2025-08-19 18:00,0.0
2025-08-19 18:15,0.0
2025-08-19 18:30,0.0
2025-08-19 18:45,0.0
2025-08-19 19:00,0.0
2025-08-19 19:15,0.0
2025-08-19 19:30,0.0
2025-08-19 19:45,0.020632
2025-08-19 20:00,0.0
2025-08-19 20:15,0.0
2025-08-19 20:30,0.001387
2025-08-19 20:45,0.0
2025-08-19 21:00,0.0
2025-08-19 21:15,0.0
2025-08-19 21:30,0.0
2025-08-19 21:45,0.0
2025-08-19 22:00,0.000991
2025-08-19 22:15,0.0
2025-08-19 22:30,0.0
2025-08-19 22:45,0.0
2025-08-19 23:00,0.0
2025-08-19 23:15,0.040754
2025-08-19 23:30,0.042848
2025-08-19 23:45,0.082527
2025-08-20 00:00,0.00242
2025-08-20 00:00,0.003854
2025-08-20 00:15,0.009647
2025-08-20 00:30,0.033223
2025-08-20 00:45,0.03737
2025-08-20 01:00,0.0
2025-08-20 01:15,0.144387
2025-08-20 01:30,0.001578
2025-08-20 01:45,0.138526
2025-08-20 02:00,0.0
2025-08-20 02:15,0.002119
2025-08-20 02:30,0.002119
2025-08-20 02:45,0.018595
2025-08-20 03:00,0.0
2025-08-20 03:15,0.0
2025-08-20 03:30,0.001443
2025-08-20 03:45,0.076002
2025-08-20 04:00,0.0
2025-08-20 04:15,0.03009
2025-08-20 04:30,0.0
2025-08-20 04:45,0.070052
2025-08-20 05:00,0.0
2025-08-20 05:15,1.0
2025-08-20 05:30,0.001578
2025-08-20 05:45,0.0
2025-08-20 06:00,0.051637
2025-08-20 06:15,0.004733
2025-08-20 06:30,0.007889
2025-08-20 06:45,0.023125
2025-08-20 07:00,0.001848
2025-08-20 07:15,0.001443
2025-08-20 07:30,0.0
2025-08-20 07:45,0.003854
2025-08-20 08:00,0.00275
2025-08-20 08:15,0.0
2025-08-20 08:30,0.0
2025-08-20 08:45,0.0
2025-08-20 09:00,0.0
2025-08-20 09:15,0.001578
2025-08-20 09:30,0.0
2025-08-20 09:45,0.0
2025-08-20 10:00,0.002637
2025-08-20 10:15,0.0
2025-08-20 10:30,0.0
2025-08-20 10:45,0.0
2025-08-20 11:00,0.0
2025-08-20 11:15,0.0
2025-08-20 11:30,0.0
2025-08-20 11:45,0.0
2025-08-20 12:00,0.014876
2025-08-20 12:15,0.0
2025-08-20 12:30,0.0
2025-08-20 12:45,0.0
2025-08-20 13:00,0.0
2025-08-20 13:15,0.0
2025-08-20 13:30,0.0
2025-08-20 13:45,0.0
2025-08-20 14:00,0.0
2025-08-20 14:15,0.0
2025-08-20 14:30,0.0
2025-08-20 14:45,0.0
2025-08-20 15:00,0.0
2025-08-20 15:15,0.0
2025-08-20 15:30,0.015732
2025-08-20 15:45,0.0
2025-08-20 16:00,0.0
2025-08-20 16:15,0.0
2025-08-20 16:30,0.0
2025-08-20 16:45,0.0
2025-08-20 17:00,0.0
2025-08-20 17:15,0.008475
2025-08-20 17:30,0.0
2025-08-20 17:45,0.0
2025-08-20 18:00,0.0
2025-08-20 18:15,0.0
2025-08-20 18:30,0.0
2025-08-20 18:45,0.0
2025-08-20 19:00,0.0
2025-08-20 19:15,0.001848
2025-08-20 19:30,0.0
2025-08-20 19:45,0.0
2025-08-20 20:00,0.0
2025-08-20 20:15,0.0
2025-08-20 20:30,0.0
2025-08-20 20:45,0.0
2025-08-20 21:00,0.0
2025-08-20 21:15,0.0
2025-08-20 21:30,0.0
2025-08-20 21:45,0.0
2025-08-20 22:00,0.0
2025-08-20 22:15,0.0
2025-08-20 22:30,0.032862
2025-08-20 22:45,0.213176
2025-08-20 23:00,0.0
2025-08-20 23:15,0.042554
2025-08-20 23:30,0.010819
2025-08-20 23:45,0.072216
2025-08-21 00:00,0.032457
2025-08-21 00:15,0.0
2025-08-21 00:30,0.009309
2025-08-21 00:45,0.0
2025-08-21 01:00,0.172651
2025-08-21 01:15,0.0
2025-08-21 01:30,0.0
2025-08-21 01:45,0.0
2025-08-21 02:00,0.032862
2025-08-21 02:15,0.0
2025-08-21 02:30,0.0
2025-08-21 02:45,0.0
2025-08-21 03:00,0.00302
2025-08-21 03:15,0.0
2025-08-21 03:30,0.0
2025-08-21 03:45,0.036153
2025-08-21 04:00,0.03737
2025-08-21 04:15,0.035139
2025-08-21 04:30,0.076002
2025-08-21 04:45,0.032457
2025-08-21 05:00,0.007754
2025-08-21 05:15,0.071585
2025-08-21 05:30,0.001578
2025-08-21 05:45,0.324566
2025-08-21 06:00,0.41346
2025-08-21 06:15,0.001578
2025-08-21 06:30,0.045259
2025-08-21 06:45,0.198255
2025-08-21 07:00,0.032862
2025-08-21 07:15,0.03417
2025-08-21 07:30,0.001578
2025-08-21 07:45,0.032457
2025-08-21 08:00,0.032862
2025-08-21 08:15,0.032457
2025-08-21 08:30,0.032457
2025-08-21 08:45,0.0
2025-08-21 09:00,0.002119
2025-08-21 09:15,0.0
2025-08-21 09:30,0.0
2025-08-21 09:45,0.032862
2025-08-21 10:00,0.0
2025-08-21 10:15,0.0
2025-08-21 10:30,0.0
2025-08-21 10:45,0.0
2025-08-21 11:00,0.0
2025-08-21 11:15,0.0
2025-08-21 11:30,0.0
2025-08-21 11:45,0.0
2025-08-21 12:00,0.0
2025-08-21 12:15,0.0
2025-08-21 12:30,0.0
2025-08-21 12:45,0.0
2025-08-21 13:00,0.001758
2025-08-21 13:15,0.0
2025-08-21 13:30,0.0
2025-08-21 13:45,0.0
2025-08-21 14:00,0.0
2025-08-21 14:15,0.0
2025-08-21 14:30,0.034215
2025-08-21 14:45,0.001578
2025-08-21 15:00,0.0
2025-08-21 15:15,0.0
2025-08-21 15:30,0.0
2025-08-21 15:45,0.0
2025-08-21 16:00,0.0
2025-08-21 16:15,0.0
2025-08-21 16:30,0.0
2025-08-21 16:45,0.0
2025-08-21 17:00,0.0
2025-08-21 17:15,0.0
2025-08-21 17:30,0.0
2025-08-21 17:45,0.0
2025-08-21 18:00,0.0
2025-08-21 18:15,0.0
2025-08-21 18:30,0.0
2025-08-21 18:45,0.0
2025-08-21 19:00,0.0
2025-08-21 19:15,0.0
2025-08-21 19:30,0.0
2025-08-21 19:45,0.0
2025-08-21 20:00,0.0
2025-08-21 20:15,0.0
2025-08-21 20:30,0.002885
2025-08-21 20:45,0.0
2025-08-21 21:00,0.0
2025-08-21 21:15,0.0
2025-08-21 21:30,0.0
2025-08-21 21:45,0.0
2025-08-21 22:00,0.0
2025-08-21 22:15,0.0
2025-08-21 22:30,0.001443
2025-08-21 22:45,0.087588
2025-08-21 23:00,0.0
2025-08-21 23:15,0.065093
2025-08-21 23:30,0.0
2025-08-21 23:45,0.034215
2025-08-22 00:00,0.072554
2025-08-22 00:15,0.003155
2025-08-22 00:30,0.066536
2025-08-22 00:45,0.018144
2025-08-22 01:00,0.006041
2025-08-22 01:15,0.001578
2025-08-22 01:30,0.0
2025-08-22 01:45,0.0
2025-08-22 02:00,0.028399
2025-08-22 02:15,0.032457
2025-08-22 02:30,0.0
2025-08-22 02:45,0.003291
2025-08-22 03:00,0.131404
2025-08-22 03:15,0.0
2025-08-22 03:30,0.034215
2025-08-22 03:45,0.034034
2025-08-22 04:00,0.039354
2025-08-22 04:15,0.0
2025-08-22 04:30,0.0
2025-08-22 04:45,0.032457
2025-08-22 05:00,0.133027
2025-08-22 05:15,0.0
2025-08-22 05:30,0.034034
2025-08-22 05:45,0.0
2025-08-22 06:00,0.0
2025-08-22 06:15,0.170217
2025-08-22 06:30,0.183334
2025-08-22 06:45,0.001578
2025-08-22 07:00,0.105799
2025-08-22 07:15,0.003155
2025-08-22 07:30,0.001578
2025-08-22 07:45,0.0
2025-08-22 08:00,0.113756
2025-08-22 08:15,0.004733
2025-08-22 08:30,0.001578
2025-08-22 08:45,0.0
2025-08-22 09:00,0.0
2025-08-22 09:15,0.0
2025-08-22 09:30,0.0
2025-08-22 09:45,0.0
2025-08-22 10:00,0.049316
2025-08-22 10:15,0.0
2025-08-22 10:30,0.0
2025-08-22 10:45,0.002276
2025-08-22 11:00,0.001578
2025-08-22 11:15,0.0
2025-08-22 11:30,0.0
2025-08-22 11:45,0.0
2025-08-22 12:00,0.0
2025-08-22 12:15,0.0
2025-08-22 12:30,0.0
2025-08-22 12:45,0.0
2025-08-22 13:00,0.0
2025-08-22 13:15,0.0
2025-08-22 13:30,0.0
2025-08-22 13:45,0.0
2025-08-22 14:00,0.0
2025-08-22 14:15,0.0
2025-08-22 14:30,0.0
2025-08-22 14:45,0.0
2025-08-22 15:00,0.0
2025-08-22 15:15,0.0
2025-08-22 15:30,0.0
2025-08-22 15:45,0.0
2025-08-22 16:00,0.0
2025-08-22 16:15,0.0
2025-08-22 16:30,0.0
2025-08-22 16:45,0.0
2025-08-22 17:00,0.0
2025-08-22 17:15,0.0
2025-08-22 17:30,0.0
2025-08-22 17:45,0.012104
2025-08-22 18:00,0.032862
2025-08-22 18:15,0.034215
2025-08-22 18:30,0.0
2025-08-22 18:45,0.0
2025-08-22 19:00,0.034215
2025-08-22 19:15,0.0
2025-08-22 19:30,0.0
2025-08-22 19:45,0.0
2025-08-22 20:00,0.0
2025-08-22 20:15,0.0
2025-08-22 20:30,0.0
2025-08-22 20:45,0.0
2025-08-22 21:00,0.0
2025-08-22 21:15,0.0
2025-08-22 21:30,0.002006
2025-08-22 21:45,0.0
2025-08-22 22:00,0.0
2025-08-22 22:15,0.0
2025-08-22 22:30,0.0
2025-08-22 22:45,0.0
2025-08-22 23:00,0.066491
2025-08-22 23:15,0.001443
2025-08-22 23:30,0.0
2025-08-22 23:45,0.0
2025-08-23 00:00,0.001443
2025-08-23 00:15,0.0
2025-08-23 00:30,0.0
2025-08-23 00:45,0.005725
2025-08-23 01:00,0.003155
2025-08-23 01:15,0.0
2025-08-23 01:30,0.0
2025-08-23 01:45,0.001443
2025-08-23 02:00,0.0
2025-08-23 02:15,0.06586
2025-08-23 02:30,0.0
2025-08-23 02:45,0.0
2025-08-23 03:00,0.0
2025-08-23 03:15,0.0
2025-08-23 03:30,0.09737
2025-08-23 03:45,0.0
2025-08-23 04:00,0.0
2025-08-23 04:15,0.0
2025-08-23 04:30,0.0
2025-08-23 04:45,0.0
2025-08-23 05:00,0.0
2025-08-23 05:15,0.0
2025-08-23 05:30,0.0
2025-08-23 05:45,0.0
2025-08-23 06:00,0.0
2025-08-23 06:15,0.0
2025-08-23 06:30,0.0
2025-08-23 06:45,0.0
2025-08-23 07:00,0.0
2025-08-23 07:15,0.0
2025-08-23 07:30,0.0
2025-08-23 07:45,0.0
2025-08-23 08:00,0.0
2025-08-23 08:15,0.0
2025-08-23 08:30,0.0
2025-08-23 08:45,0.0
2025-08-23 09:00,0.0
2025-08-23 09:15,0.0
2025-08-23 09:30,0.0
2025-08-23 09:45,0.0
2025-08-23 10:00,0.0
2025-08-23 10:15,0.0
2025-08-23 10:30,0.0
2025-08-23 10:45,0.0
2025-08-23 11:00,0.0
2025-08-23 11:15,0.0
2025-08-23 11:30,0.0
2025-08-23 11:45,0.0
2025-08-23 12:00,0.0
2025-08-23 12:15,0.0
2025-08-23 12:30,0.0
2025-08-23 12:45,0.0
2025-08-23 13:00,0.0
2025-08-23 13:15,0.0
2025-08-23 13:30,0.0
2025-08-23 13:45,0.0
2025-08-23 14:00,0.0
2025-08-23 14:15,0.0
2025-08-23 14:30,0.0
2025-08-23 14:45,0.0
2025-08-23 15:00,0.0
2025-08-23 15:15,0.0
2025-08-23 15:30,0.0
2025-08-23 15:45,0.0
2025-08-23 16:00,0.0
2025-08-23 16:15,0.0
2025-08-23 16:30,0.0
2025-08-23 16:45,0.0
2025-08-23 17:00,0.0
2025-08-23 17:15,0.0
2025-08-23 17:30,0.0
2025-08-23 17:45,0.0
2025-08-23 18:00,0.0
2025-08-23 18:15,0.0
2025-08-23 18:30,0.0
2025-08-23 18:45,0.0
2025-08-23 19:00,0.0
2025-08-23 19:15,0.0
2025-08-23 19:30,0.0
2025-08-23 19:45,0.004418
2025-08-23 20:00,0.0
2025-08-23 20:15,0.001578
2025-08-23 20:30,0.0
2025-08-23 20:45,0.0
2025-08-23 21:00,0.0
2025-08-23 21:15,0.0
2025-08-23 21:30,0.0
2025-08-23 21:45,0.0
2025-08-23 22:00,0.0
2025-08-23 22:15,0.0
2025-08-23 22:30,0.0
2025-08-23 22:45,0.0
2025-08-23 23:00,0.0
2025-08-23 23:15,0.0
2025-08-23 23:30,0.0
2025-08-23 23:45,0.0
2025-08-24 00:00,0.0
2025-08-24 00:15,0.001578
2025-08-24 00:30,0.0
2025-08-24 00:45,0.0
2025-08-24 01:00,0.0
2025-08-24 01:15,0.0
2025-08-24 01:30,0.001578
2025-08-24 01:45,0.0
2025-08-24 02:00,0.0
2025-08-24 02:15,0.0
2025-08-24 02:30,0.0
2025-08-24 02:45,0.0
2025-08-24 03:00,0.0
2025-08-24 03:15,0.0
2025-08-24 03:30,0.0
2025-08-24 03:45,0.0
2025-08-24 04:00,0.0
2025-08-24 04:15,0.0
2025-08-24 04:30,0.0
2025-08-24 04:45,0.0
2025-08-24 05:00,0.0
2025-08-24 05:15,0.0
2025-08-24 05:30,0.0
2025-08-24 05:45,0.0
2025-08-24 06:00,0.0
2025-08-24 06:15,0.0
2025-08-24 06:30,0.0
2025-08-24 06:45,0.0
2025-08-24 07:00,0.0
2025-08-24 07:15,0.0
2025-08-24 07:30,0.0
2025-08-24 07:45,0.0
2025-08-24 08:00,0.0
2025-08-24 08:15,0.0
2025-08-24 08:30,0.001578
2025-08-24 08:45,0.0
2025-08-24 09:00,0.0
2025-08-24 09:15,0.0
2025-08-24 09:30,0.0
2025-08-24 09:45,0.0
2025-08-24 10:00,0.0
2025-08-24 10:15,0.0
2025-08-24 10:30,0.0
2025-08-24 10:45,0.0
2025-08-24 11:00,0.0
2025-08-24 11:15,0.0
2025-08-24 11:30,0.0
2025-08-24 11:45,0.0
2025-08-24 12:00,0.0
2025-08-24 12:15,0.0
2025-08-24 12:30,0.0
2025-08-24 12:45,0.0
2025-08-24 13:00,0.0
2025-08-24 13:15,0.0
2025-08-24 13:30,0.0
2025-08-24 13:45,0.0
2025-08-24 14:00,0.0
2025-08-24 14:15,0.0
2025-08-24 14:30,0.0
2025-08-24 14:45,0.0
2025-08-24 15:00,0.0
2025-08-24 15:15,0.0
2025-08-24 15:30,0.0
2025-08-24 15:45,0.0
2025-08-24 16:00,0.0
2025-08-24 16:15,0.0
2025-08-24 16:30,0.0
2025-08-24 16:45,0.0
2025-08-24 17:00,0.0
2025-08-24 17:15,0.0
2025-08-24 17:30,0.0
2025-08-24 17:45,0.0
2025-08-24 18:00,0.0
2025-08-24 18:15,0.0
2025-08-24 18:30,0.0
2025-08-24 18:45,0.0
2025-08-24 19:00,0.0
2025-08-24 19:15,0.0
2025-08-24 19:30,0.0
2025-08-24 19:45,0.0
2025-08-24 20:00,0.0
2025-08-24 20:15,0.0
2025-08-24 20:30,0.0
2025-08-24 20:45,0.0
2025-08-24 21:00,0.0
2025-08-24 21:15,0.0
2025-08-24 21:30,0.0
2025-08-24 21:45,0.001443
2025-08-24 22:00,0.001578
2025-08-24 22:15,0.0
2025-08-24 22:30,0.0
2025-08-24 22:45,0.0
2025-08-24 23:00,0.003155
2025-08-24 23:15,0.006311
2025-08-24 23:30,0.460522
2025-08-24 23:45,0.0
2025-08-25 00:00,0.010639
2025-08-25 00:15,0.064913
2025-08-25 00:30,0.034215
2025-08-25 00:45,0.087092
2025-08-25 01:00,0.035612
2025-08-25 01:15,0.001443
2025-08-25 01:30,0.0
2025-08-25 01:45,0.064913
2025-08-25 02:00,0.03471
2025-08-25 02:15,0.0
2025-08-25 02:30,0.034215
2025-08-25 02:45,0.0
2025-08-25 03:00,0.035792
2025-08-25 03:15,0.005702
2025-08-25 03:30,0.005026
2025-08-25 03:45,0.131427
2025-08-25 04:00,0.01269
2025-08-25 04:15,0.068655
2025-08-25 04:30,0.0
2025-08-25 04:45,0.003877
2025-08-25 05:00,0.067077
2025-08-25 05:15,0.033899
2025-08-25 05:30,0.065319
2025-08-25 05:45,0.0
2025-08-25 06:00,0.001578
2025-08-25 06:15,0.0371
2025-08-25 06:30,0.004914
2025-08-25 06:45,0.03737
2025-08-25 07:00,0.001578
2025-08-25 07:15,0.055131
2025-08-25 07:30,0.032457
2025-08-25 07:45,0.0
2025-08-25 08:00,0.0
2025-08-25 08:15,0.038632
2025-08-25 08:30,0.0
2025-08-25 08:45,0.00302
2025-08-25 09:00,0.0
2025-08-25 09:15,0.001578
2025-08-25 09:30,0.0
2025-08-25 09:45,0.0
2025-08-25 10:00,0.0
2025-08-25 10:15,0.0
2025-08-25 10:30,0.0
2025-08-25 10:45,0.0
2025-08-25 11:00,0.0
2025-08-25 11:15,0.0
2025-08-25 11:30,0.0
2025-08-25 11:45,0.0
2025-08-25 12:00,0.0
2025-08-25 12:15,0.0
2025-08-25 12:30,0.0
2025-08-25 12:45,0.003155
2025-08-25 13:00,0.0
2025-08-25 13:15,0.0
2025-08-25 13:30,0.0
2025-08-25 13:45,0.0
2025-08-25 14:00,0.0
2025-08-25 14:15,0.0
2025-08-25 14:30,0.0
2025-08-25 14:45,0.0
2025-08-25 15:00,0.0
2025-08-25 15:15,0.0
2025-08-25 15:30,0.0
2025-08-25 15:45,0.003088
2025-08-25 16:00,0.0
2025-08-25 16:15,0.0
2025-08-25 16:30,0.0
2025-08-25 16:45,0.0
2025-08-25 17:00,0.0
2025-08-25 17:15,0.0
2025-08-25 17:30,0.0
2025-08-25 17:45,0.0
2025-08-25 18:00,0.0
2025-08-25 18:15,0.0
2025-08-25 18:30,0.0
2025-08-25 18:45,0.0
2025-08-25 19:00,0.0
2025-08-25 19:15,0.0
2025-08-25 19:30,0.0
2025-08-25 19:45,0.0
2025-08-25 20:00,0.0
2025-08-25 20:15,0.0
2025-08-25 20:30,0.0
2025-08-25 20:45,0.0
2025-08-25 21:00,0.0
2025-08-25 21:15,0.0
2025-08-25 21:30,0.001307
2025-08-25 21:45,0.0
2025-08-25 22:00,0.0
2025-08-25 22:15,0.0
2025-08-25 22:30,0.0
2025-08-25 22:45,0.0
2025-08-25 23:00,0.18658
2025-08-25 23:15,0.063516
2025-08-25 23:30,0.069872
2025-08-25 23:45,0.0
2025-08-26 00:00,0.270246
2025-08-26 00:15,0.102644
2025-08-26 00:30,0.035792
2025-08-26 00:45,0.376361
2025-08-26 01:00,0.019384
2025-08-26 01:15,0.0
2025-08-26 01:30,0.072892
2025-08-26 01:45,0.001443
2025-08-26 02:00,0.0
2025-08-26 02:15,0.0
2025-08-26 02:30,0.003155
2025-08-26 02:45,0.0
2025-08-26 03:00,0.0
2025-08-26 03:15,0.017941
2025-08-26 03:30,0.001307
2025-08-26 03:45,0.0
2025-08-26 04:00,0.054816
2025-08-26 04:15,0.074019
2025-08-26 04:30,0.002615
2025-08-26 04:45,0.002006
2025-08-26 05:00,0.084004
2025-08-26 05:15,0.0
2025-08-26 05:30,0.032457
2025-08-26 05:45,0.013862
2025-08-26 06:00,0.091915
2025-08-26 06:15,0.0
2025-08-26 06:30,0.004823
2025-08-26 06:45,0.092591
2025-08-26 07:00,0.034305
2025-08-26 07:15,0.0
2025-08-26 07:30,0.131765
2025-08-26 07:45,0.508261
2025-08-26 08:00,0.066356
2025-08-26 08:15,0.0
2025-08-26 08:30,0.001938
2025-08-26 08:45,0.0
2025-08-26 09:00,0.0
2025-08-26 09:15,0.0
2025-08-26 09:30,0.0
2025-08-26 09:45,0.032457
2025-08-26 10:00,0.0
2025-08-26 10:15,0.064913
2025-08-26 10:30,0.0
2025-08-26 10:45,0.0
2025-08-26 11:00,0.0
2025-08-26 11:15,0.0
2025-08-26 11:30,0.0
2025-08-26 11:45,0.0
2025-08-26 12:00,0.0
2025-08-26 12:15,0.0
2025-08-26 12:30,0.0
2025-08-26 12:45,0.0
2025-08-26 13:00,0.0
2025-08-26 13:15,0.0
2025-08-26 13:30,0.0
2025-08-26 13:45,0.0
2025-08-26 14:00,0.0
2025-08-26 14:15,0.0
2025-08-26 14:30,0.0
2025-08-26 14:45,0.0
2025-08-26 15:00,0.0
2025-08-26 15:15,0.0
2025-08-26 15:30,0.0
2025-08-26 15:45,0.0
2025-08-26 16:00,0.0
2025-08-26 16:15,0.001578
2025-08-26 16:30,0.0
2025-08-26 16:45,0.0
2025-08-26 17:00,0.0
2025-08-26 17:15,0.0
2025-08-26 17:30,0.0
2025-08-26 17:45,0.0
2025-08-26 18:00,0.0
2025-08-26 18:15,0.0
2025-08-26 18:30,0.001307
2025-08-26 18:45,0.0
2025-08-26 19:00,0.0
2025-08-26 19:15,0.0
2025-08-26 19:30,0.0
2025-08-26 19:45,0.0
2025-08-26 20:00,0.0
2025-08-26 20:15,0.0
2025-08-26 20:30,0.0
2025-08-26 20:45,0.0
2025-08-26 21:00,0.034215
2025-08-26 21:15,0.0
2025-08-26 21:30,0.0
2025-08-26 21:45,0.0
2025-08-26 22:00,0.0
2025-08-26 22:15,0.0
2025-08-26 22:30,0.0
2025-08-26 22:45,0.0
2025-08-26 23:00,0.139744
2025-08-26 23:15,0.375008
2025-08-26 23:30,0.267361
2025-08-26 23:45,0.035792
2025-08-27 00:00,0.077851
2025-08-27 00:00,0.150213
2025-08-27 00:15,0.284987
2025-08-27 00:30,0.317213
2025-08-27 00:45,0.008611
2025-08-27 01:00,0.002783
2025-08-27 01:15,0.02405
2025-08-27 01:30,0.138036
2025-08-27 01:45,0.003044
2025-08-27 02:00,0.0
2025-08-27 02:15,0.0
2025-08-27 02:30,0.020658
2025-08-27 02:45,0.0
2025-08-27 03:00,0.006089
2025-08-27 03:15,0.009133
2025-08-27 03:30,0.005045
2025-08-27 03:45,0.196703
2025-08-27 04:00,0.036096
2025-08-27 04:15,0.004088
2025-08-27 04:30,0.0
2025-08-27 04:45,0.0
2025-08-27 05:00,0.0
2025-08-27 05:15,0.0
2025-08-27 05:30,0.0
2025-08-27 05:45,0.0
2025-08-27 06:00,0.0
2025-08-27 06:15,0.069061
2025-08-27 06:30,0.0
2025-08-27 06:45,0.023832
2025-08-27 07:00,0.0
2025-08-27 07:15,0.00374
2025-08-27 07:30,0.0
2025-08-27 07:45,0.0
2025-08-27 08:00,0.003044
2025-08-27 08:15,0.003044
2025-08-27 08:30,0.02492
2025-08-27 08:45,0.004262
2025-08-27 09:00,0.0
2025-08-27 09:15,0.0
2025-08-27 09:30,0.003871
2025-08-27 09:45,0.0
2025-08-27 10:00,0.0
2025-08-27 10:15,0.0
2025-08-27 10:30,0.0
2025-08-27 10:45,0.0
2025-08-27 11:00,0.0
2025-08-27 11:15,0.0
2025-08-27 11:30,0.0
2025-08-27 11:45,0.064973
2025-08-27 12:00,0.0
2025-08-27 12:15,0.0
2025-08-27 12:30,0.0
2025-08-27 12:45,0.012873
2025-08-27 13:00,0.0
2025-08-27 13:15,0.003044
2025-08-27 13:30,0.0
2025-08-27 13:45,0.0
2025-08-27 14:00,0.0
2025-08-27 14:15,0.0
2025-08-27 14:30,0.0
2025-08-27 14:45,0.0
2025-08-27 15:00,0.0
2025-08-27 15:15,0.0
2025-08-27 15:30,0.0
2025-08-27 15:45,0.0
2025-08-27 16:00,0.0
2025-08-27 16:15,0.0
2025-08-27 16:30,0.0
2025-08-27 16:45,0.0
2025-08-27 17:00,0.0
2025-08-27 17:15,0.0
2025-08-27 17:30,0.0
2025-08-27 17:45,0.0
2025-08-27 18:00,0.0
2025-08-27 18:15,0.0
2025-08-27 18:30,0.0
2025-08-27 18:45,0.0
2025-08-27 19:00,0.0
2025-08-27 19:15,0.0
2025-08-27 19:30,0.0
2025-08-27 19:45,0.006089
2025-08-27 20:00,0.0
2025-08-27 20:15,0.0
2025-08-27 20:30,0.0
2025-08-27 20:45,0.0
2025-08-27 21:00,0.0
2025-08-27 21:15,0.0
2025-08-27 21:30,0.0
2025-08-27 21:45,0.0
2025-08-27 22:00,0.0
2025-08-27 22:15,0.0
2025-08-27 22:30,0.0
2025-08-27 22:45,0.0
2025-08-27 23:00,0.0
2025-08-27 23:15,0.006089
2025-08-27 23:30,0.004262
2025-08-27 23:45,0.045273
2025-08-28 00:00,0.112769
2025-08-28 00:15,0.018527
2025-08-28 00:30,0.069061
2025-08-28 00:45,0.077281
2025-08-28 01:00,0.158868
2025-08-28 01:15,0.016787
2025-08-28 01:30,0.0
2025-08-28 01:45,0.003044
2025-08-28 02:00,0.256067
2025-08-28 02:15,0.0
2025-08-28 02:30,0.0
2025-08-28 02:45,0.003044
2025-08-28 03:00,0.0
2025-08-28 03:15,0.073323
2025-08-28 03:30,0.069061
2025-08-28 03:45,0.108028
2025-08-28 04:00,0.085762
2025-08-28 04:15,0.109637
2025-08-28 04:30,0.062625
2025-08-28 04:45,0.20214
2025-08-28 05:00,0.251283
2025-08-28 05:15,0.200226
2025-08-28 05:30,0.149822
2025-08-28 05:45,0.078194
2025-08-28 06:00,0.0
2025-08-28 06:15,0.0
2025-08-28 06:30,0.080412
2025-08-28 06:45,0.065408
2025-08-28 07:00,0.009611
2025-08-28 07:15,0.152866
2025-08-28 07:30,0.0
2025-08-28 07:45,0.0
2025-08-28 08:00,0.066017
2025-08-28 08:15,0.068714
2025-08-28 08:30,0.031399
2025-08-28 08:45,0.004262
2025-08-28 09:00,0.0
2025-08-28 09:15,0.0
2025-08-28 09:30,0.0
2025-08-28 09:45,0.066496
2025-08-28 10:00,0.0
2025-08-28 10:15,0.0
2025-08-28 10:30,0.0
2025-08-28 10:45,0.004088
2025-08-28 11:00,0.0
2025-08-28 11:15,0.0
2025-08-28 11:30,0.0
2025-08-28 11:45,0.0
2025-08-28 12:00,0.0
2025-08-28 12:15,0.0
2025-08-28 12:30,0.0
2025-08-28 12:45,0.0
2025-08-28 13:00,0.0
2025-08-28 13:15,0.0
2025-08-28 13:30,0.0
2025-08-28 13:45,0.014134
2025-08-28 14:00,0.0
2025-08-28 14:15,0.0
2025-08-28 14:30,0.003044
2025-08-28 14:45,0.003044
2025-08-28 15:00,0.0
2025-08-28 15:15,0.016048
2025-08-28 15:30,0.0
2025-08-28 15:45,0.0
2025-08-28 16:00,0.003566
2025-08-28 16:15,0.0
2025-08-28 16:30,0.003044
2025-08-28 16:45,0.0
2025-08-28 17:00,0.0
2025-08-28 17:15,0.0
2025-08-28 17:30,0.0
2025-08-28 17:45,0.0
2025-08-28 18:00,0.0
2025-08-28 18:15,0.0
2025-08-28 18:30,0.0
2025-08-28 18:45,0.0
2025-08-28 19:00,0.0
2025-08-28 19:15,0.0
2025-08-28 19:30,0.0
2025-08-28 19:45,0.0
2025-08-28 20:00,0.0
2025-08-28 20:15,0.0
2025-08-28 20:30,0.0
2025-08-28 20:45,0.0
2025-08-28 21:00,0.0
2025-08-28 21:15,0.0
2025-08-28 21:30,0.0
2025-08-28 21:45,0.0
2025-08-28 22:00,0.0
2025-08-28 22:15,0.0
2025-08-28 22:30,0.0
2025-08-28 22:45,0.003044
2025-08-28 23:00,0.0
2025-08-28 23:15,0.108985
2025-08-28 23:30,0.126816
2025-08-28 23:45,0.445029
2025-08-29 00:00,0.007089
2025-08-29 00:15,1.0
2025-08-29 00:30,0.175611
2025-08-29 00:45,0.066017
2025-08-29 01:00,0.004262
2025-08-29 01:15,0.0
2025-08-29 01:30,0.057189
2025-08-29 01:45,0.066017
2025-08-29 02:00,0.065408
2025-08-29 02:15,0.006089
2025-08-29 02:30,0.003871
2025-08-29 02:45,0.0
2025-08-29 03:00,0.198052
2025-08-29 03:15,0.129121
2025-08-29 03:30,0.196399
2025-08-29 03:45,0.068453
2025-08-29 04:00,0.006784
2025-08-29 04:15,0.003044
2025-08-29 04:30,0.132034
2025-08-29 04:45,0.096677
2025-08-29 05:00,0.136296
2025-08-29 05:15,0.257285
2025-08-29 05:30,0.006089
2025-08-29 05:45,0.007002
2025-08-29 06:00,0.029964
2025-08-29 06:15,0.0
2025-08-29 06:30,0.12525
2025-08-29 06:45,0.197704
2025-08-29 07:00,0.003044
2025-08-29 07:15,0.19579
2025-08-29 07:30,0.009959
2025-08-29 07:45,0.074063
2025-08-29 08:00,0.006915
2025-08-29 08:15,0.003044
2025-08-29 08:30,0.005741
2025-08-29 08:45,0.070236
2025-08-29 09:00,0.0
2025-08-29 09:15,0.0
2025-08-29 09:30,0.0
2025-08-29 09:45,0.0
2025-08-29 10:00,0.0
2025-08-29 10:15,0.0
2025-08-29 10:30,0.0
2025-08-29 10:45,0.0
2025-08-29 11:00,0.0
2025-08-29 11:15,0.0
2025-08-29 11:30,0.0
2025-08-29 11:45,0.0
2025-08-29 12:00,0.0
2025-08-29 12:15,0.0
2025-08-29 12:30,0.0
2025-08-29 12:45,0.0
2025-08-29 13:00,0.0
2025-08-29 13:15,0.066017
2025-08-29 13:30,0.0
2025-08-29 13:45,0.0
2025-08-29 14:00,0.0
2025-08-29 14:15,0.0
2025-08-29 14:30,0.0
2025-08-29 14:45,0.003044
2025-08-29 15:00,0.0
2025-08-29 15:15,0.0
2025-08-29 15:30,0.132034
2025-08-29 15:45,0.0
2025-08-29 16:00,0.0
2025-08-29 16:15,0.081326
2025-08-29 16:30,0.0
2025-08-29 16:45,0.021223
2025-08-29 17:00,0.129425
2025-08-29 17:15,0.138558
2025-08-29 17:30,0.126816
2025-08-29 17:45,0.003044
2025-08-29 18:00,0.0
2025-08-29 18:15,0.066017
2025-08-29 18:30,0.0
2025-08-29 18:45,0.0
2025-08-29 19:00,0.0
2025-08-29 19:15,0.0
2025-08-29 19:30,0.066017
2025-08-29 19:45,0.0
2025-08-29 20:00,0.0
2025-08-29 20:15,0.006436
2025-08-29 20:30,0.0
2025-08-29 20:45,0.0
2025-08-29 21:00,0.0
2025-08-29 21:15,0.0
2025-08-29 21:30,0.0
2025-08-29 21:45,0.0
2025-08-29 22:00,0.0
2025-08-29 22:15,0.0
2025-08-29 22:30,0.0
2025-08-29 22:45,0.0
2025-08-29 23:00,0.0
2025-08-29 23:15,0.0
2025-08-29 23:30,0.0
2025-08-29 23:45,0.0
2025-08-30 00:00,0.0
2025-08-30 00:15,0.0
2025-08-30 00:30,0.0
2025-08-30 00:45,0.0
2025-08-30 01:00,0.0
2025-08-30 01:15,0.0
2025-08-30 01:30,0.0
2025-08-30 01:45,0.0
2025-08-30 02:00,0.0
2025-08-30 02:15,0.0
2025-08-30 02:30,0.0
2025-08-30 02:45,0.0
2025-08-30 03:00,0.0
2025-08-30 03:15,0.0
2025-08-30 03:30,0.0
2025-08-30 03:45,0.0
2025-08-30 04:00,0.00374
2025-08-30 04:15,0.0
2025-08-30 04:30,0.0
2025-08-30 04:45,0.0
2025-08-30 05:00,0.0
2025-08-30 05:15,0.0
2025-08-30 05:30,0.0
2025-08-30 05:45,0.0
2025-08-30 06:00,0.0
2025-08-30 06:15,0.0
2025-08-30 06:30,0.0
2025-08-30 06:45,0.0
2025-08-30 07:00,0.0
2025-08-30 07:15,0.0
2025-08-30 07:30,0.0
2025-08-30 07:45,0.062625
2025-08-30 08:00,0.0
2025-08-30 08:15,0.0
2025-08-30 08:30,0.062625
2025-08-30 08:45,0.0
2025-08-30 09:00,0.0
2025-08-30 09:15,0.0
2025-08-30 09:30,0.0
2025-08-30 09:45,0.0
2025-08-30 10:00,0.0
2025-08-30 10:15,0.0
2025-08-30 10:30,0.0
2025-08-30 10:45,0.0
2025-08-30 11:00,0.0
2025-08-30 11:15,0.0
2025-08-30 11:30,0.0
2025-08-30 11:45,0.0
2025-08-30 12:00,0.0
2025-08-30 12:15,0.0
2025-08-30 12:30,0.063408
2025-08-30 12:45,0.0
2025-08-30 13:00,0.0
2025-08-30 13:15,0.0
2025-08-30 13:30,0.0
2025-08-30 13:45,0.0
2025-08-30 14:00,0.0
2025-08-30 14:15,0.0
2025-08-30 14:30,0.0
2025-08-30 14:45,0.0
2025-08-30 15:00,0.0
2025-08-30 15:15,0.0
2025-08-30 15:30,0.0
2025-08-30 15:45,0.0
2025-08-30 16:00,0.0
2025-08-30 16:15,0.0
2025-08-30 16:30,0.0
2025-08-30 16:45,0.0
2025-08-30 17:00,0.0
2025-08-30 17:15,0.0
2025-08-30 17:30,0.0
2025-08-30 17:45,0.0
2025-08-30 18:00,0.0
2025-08-30 18:15,0.0
2025-08-30 18:30,0.0
2025-08-30 18:45,0.0
2025-08-30 19:00,0.0
2025-08-30 19:15,0.0
2025-08-30 19:30,0.0
2025-08-30 19:45,0.0
2025-08-30 20:00,0.0
2025-08-30 20:15,0.0
2025-08-30 20:30,0.0
2025-08-30 20:45,0.0
2025-08-30 21:00,0.0
2025-08-30 21:15,0.0
2025-08-30 21:30,0.0
2025-08-30 21:45,0.0
2025-08-30 22:00,0.0
2025-08-30 22:15,0.0
2025-08-30 22:30,0.0
2025-08-30 22:45,0.0
2025-08-30 23:00,0.0
2025-08-30 23:15,0.0
2025-08-30 23:30,0.004262
2025-08-30 23:45,0.0
2025-08-31 00:00,0.0
2025-08-31 00:15,0.0
2025-08-31 00:30,0.0
2025-08-31 00:45,0.00661
2025-08-31 01:00,0.0
2025-08-31 01:15,0.003044
2025-08-31 01:30,0.0
2025-08-31 01:45,0.0
2025-08-31 02:00,0.0
2025-08-31 02:15,0.0
2025-08-31 02:30,0.0
2025-08-31 02:45,0.0
2025-08-31 03:00,0.0
2025-08-31 03:15,0.003044
2025-08-31 03:30,0.0
2025-08-31 03:45,0.0
2025-08-31 04:00,0.0
2025-08-31 04:15,0.0
2025-08-31 04:30,0.0
2025-08-31 04:45,0.0
2025-08-31 05:00,0.0
2025-08-31 05:15,0.0
2025-08-31 05:30,0.0
2025-08-31 05:45,0.0
2025-08-31 06:00,0.0
2025-08-31 06:15,0.0
2025-08-31 06:30,0.0
2025-08-31 06:45,0.0
2025-08-31 07:00,0.0
2025-08-31 07:15,0.003044
2025-08-31 07:30,0.0
2025-08-31 07:45,0.0
2025-08-31 08:00,0.003044
2025-08-31 08:15,0.0
2025-08-31 08:30,0.0
2025-08-31 08:45,0.0
2025-08-31 09:00,0.0
2025-08-31 09:15,0.0
2025-08-31 09:30,0.0
2025-08-31 09:45,0.0
2025-08-31 10:00,0.0
2025-08-31 10:15,0.0
2025-08-31 10:30,0.0
2025-08-31 10:45,0.0
2025-08-31 11:00,0.0
2025-08-31 11:15,0.0
2025-08-31 11:30,0.0
2025-08-31 11:45,0.0
2025-08-31 12:00,0.004088
2025-08-31 12:15,0.0
2025-08-31 12:30,0.003044
2025-08-31 12:45,0.0
2025-08-31 13:00,0.004088
2025-08-31 13:15,0.0
2025-08-31 13:30,0.0
2025-08-31 13:45,0.0
2025-08-31 14:00,0.0
2025-08-31 14:15,0.0
2025-08-31 14:30,0.0
2025-08-31 14:45,0.009655
2025-08-31 15:00,0.0
2025-08-31 15:15,0.0
2025-08-31 15:30,0.0
2025-08-31 15:45,0.0
2025-08-31 16:00,0.0
2025-08-31 16:15,0.0
2025-08-31 16:30,0.0
2025-08-31 16:45,0.0
2025-08-31 17:00,0.0
2025-08-31 17:15,0.0
2025-08-31 17:30,0.0
2025-08-31 17:45,0.0
2025-08-31 18:00,0.0
2025-08-31 18:15,0.0
2025-08-31 18:30,0.0
2025-08-31 18:45,0.0
2025-08-31 19:00,0.0
2025-08-31 19:15,0.0
2025-08-31 19:30,0.0
2025-08-31 19:45,0.0
2025-08-31 20:00,0.0
2025-08-31 20:15,0.0
2025-08-31 20:30,0.0
2025-08-31 20:45,0.0
2025-08-31 21:00,0.0
2025-08-31 21:15,0.0
2025-08-31 21:30,0.0
2025-08-31 21:45,0.0
2025-08-31 22:00,0.0
2025-08-31 22:15,0.0
2025-08-31 22:30,0.003566
2025-08-31 22:45,0.0
2025-08-31 23:00,0.069061
2025-08-31 23:15,0.714882
2025-08-31 23:30,0.009568
2025-08-31 23:45,0.32939
2025-09-01 00:00,0.132034
2025-09-01 00:15,0.025572
2025-09-01 00:30,0.085762
2025-09-01 00:45,0.128468
2025-09-01 01:00,0.211273
2025-09-01 01:15,0.004218
2025-09-01 01:30,0.134557
2025-09-01 01:45,0.29673
2025-09-01 02:00,0.002522
2025-09-01 02:15,0.009133
2025-09-01 02:30,0.0
2025-09-01 02:45,0.0
2025-09-01 03:00,0.123771
2025-09-01 03:15,0.003044
2025-09-01 03:30,0.069888
2025-09-01 03:45,0.909977
2025-09-01 04:00,0.127772
2025-09-01 04:15,0.071584
2025-09-01 04:30,0.327912
2025-09-01 04:45,0.012177
2025-09-01 05:00,0.151126
2025-09-01 05:15,0.0
2025-09-01 05:30,0.066844
2025-09-01 05:45,0.175785
2025-09-01 06:00,0.066017
2025-09-01 06:15,0.003044
2025-09-01 06:30,0.071584
2025-09-01 06:45,0.135079
2025-09-01 07:00,0.004349
2025-09-01 07:15,0.0
2025-09-01 07:30,0.013656
2025-09-01 07:45,0.197791
2025-09-01 08:00,0.071758
2025-09-01 08:15,0.071932
2025-09-01 08:30,0.062625
2025-09-01 08:45,0.014613
2025-09-01 09:00,0.136427
2025-09-01 09:15,0.003044
2025-09-01 09:30,0.003044
2025-09-01 09:45,0.0
2025-09-01 10:00,0.0
2025-09-01 10:15,0.0
2025-09-01 10:30,0.0
2025-09-01 10:45,0.0
2025-09-01 11:00,0.0
2025-09-01 11:15,0.0
2025-09-01 11:30,0.0
2025-09-01 11:45,0.0
2025-09-01 12:00,0.0
2025-09-01 12:15,0.0
2025-09-01 12:30,0.0
2025-09-01 12:45,0.0
2025-09-01 13:00,0.0
2025-09-01 13:15,0.0
2025-09-01 13:30,0.004262
2025-09-01 13:45,0.0
2025-09-01 14:00,0.0
2025-09-01 14:15,0.0
2025-09-01 14:30,0.0
2025-09-01 14:45,0.0
2025-09-01 15:00,0.0
2025-09-01 15:15,0.0
2025-09-01 15:30,0.003044
2025-09-01 15:45,0.0
2025-09-01 16:00,0.003044
2025-09-01 16:15,0.003044
2025-09-01 16:30,0.0
2025-09-01 16:45,0.0
2025-09-01 17:00,0.0
2025-09-01 17:15,0.0
2025-09-01 17:30,0.0
2025-09-01 17:45,0.0
2025-09-01 18:00,0.0
2025-09-01 18:15,0.0
2025-09-01 18:30,0.003044
2025-09-01 18:45,0.003044
2025-09-01 19:00,0.0
2025-09-01 19:15,0.0
2025-09-01 19:30,0.0
2025-09-01 19:45,0.0
2025-09-01 20:00,0.0
2025-09-01 20:15,0.0
2025-09-01 20:30,0.0
2025-09-01 20:45,0.0
2025-09-01 21:00,0.0
2025-09-01 21:15,0.0
2025-09-01 21:30,0.0
2025-09-01 21:45,0.0
2025-09-01 22:00,0.0
2025-09-01 22:15,0.0
2025-09-01 22:30,0.0
2025-09-01 22:45,0.0
2025-09-01 23:00,0.0
2025-09-01 23:15,0.139819
2025-09-01 23:30,0.003044
2025-09-01 23:45,0.006089
2025-09-02 00:00,0.272375
2025-09-02 00:15,0.003044
2025-09-02 00:30,0.14856
2025-09-02 00:45,0.062625
2025-09-02 01:00,0.074889
2025-09-02 01:15,0.267679
2025-09-02 01:30,0.020788
2025-09-02 01:45,0.075107
2025-09-02 02:00,0.003044
2025-09-02 02:15,0.0
2025-09-02 02:30,0.003044
2025-09-02 02:45,0.074106
2025-09-02 03:00,0.163912
2025-09-02 03:15,0.079934
2025-09-02 03:30,0.072541
2025-09-02 03:45,0.206924
2025-09-02 04:00,0.206663
2025-09-02 04:15,0.0
2025-09-02 04:30,0.135905
2025-09-02 04:45,0.179134
2025-09-02 05:00,0.011873
2025-09-02 05:15,0.006089
2025-09-02 05:30,0.07515
2025-09-02 05:45,0.050144
2025-09-02 06:00,0.015221
2025-09-02 06:15,0.003044
2025-09-02 06:30,0.0
2025-09-02 06:45,0.006654
2025-09-02 07:00,0.167261
2025-09-02 07:15,0.083413
2025-09-02 07:30,0.014091
2025-09-02 07:45,0.003044
2025-09-02 08:00,0.192485
2025-09-02 08:15,0.066974
2025-09-02 08:30,0.043446
2025-09-02 08:45,0.0
2025-09-02 09:00,0.138123
2025-09-02 09:15,0.0
2025-09-02 09:30,0.0
2025-09-02 09:45,0.0
2025-09-02 10:00,0.006089
2025-09-02 10:15,0.0
2025-09-02 10:30,0.0
2025-09-02 10:45,0.0
2025-09-02 11:00,0.0
2025-09-02 11:15,0.0
2025-09-02 11:30,0.0
2025-09-02 11:45,0.0
2025-09-02 12:00,0.0
2025-09-02 12:15,0.0
2025-09-02 12:30,0.0
2025-09-02 12:45,0.0
2025-09-02 13:00,0.0
2025-09-02 13:15,0.0
2025-09-02 13:30,0.0
2025-09-02 13:45,0.004262
2025-09-02 14:00,0.0
2025-09-02 14:15,0.0
2025-09-02 14:30,0.0
2025-09-02 14:45,0.012221
2025-09-02 15:00,0.0
2025-09-02 15:15,0.0
2025-09-02 15:30,0.0
2025-09-02 15:45,0.0
2025-09-02 16:00,0.006089
2025-09-02 16:15,0.0
2025-09-02 16:30,0.0
2025-09-02 16:45,0.0
2025-09-02 17:00,0.0
2025-09-02 17:15,0.0
2025-09-02 17:30,0.0
2025-09-02 17:45,0.0
2025-09-02 18:00,0.0
2025-09-02 18:15,0.003044
2025-09-02 18:30,0.0
2025-09-02 18:45,0.0
2025-09-02 19:00,0.0
2025-09-02 19:15,0.0
2025-09-02 19:30,0.0
2025-09-02 19:45,0.0
2025-09-02 20:00,0.004262
2025-09-02 20:15,0.0
2025-09-02 20:30,0.0
2025-09-02 20:45,0.0
2025-09-02 21:00,0.0
2025-09-02 21:15,0.0
2025-09-02 21:30,0.0
2025-09-02 21:45,0.0
2025-09-02 22:00,0.0
2025-09-02 22:15,0.0
2025-09-02 22:30,0.0
2025-09-02 22:45,0.0
2025-09-02 23:00,0.198052
2025-09-02 23:15,0.047491
2025-09-02 23:30,0.00661
2025-09-02 23:45,0.00935
2025-09-03 00:00,0.00548
2025-09-03 00:00,0.007088
2025-09-03 00:15,0.342521
2025-09-03 00:30,0.116668
2025-09-03 00:45,0.057209
2025-09-03 01:00,0.455532
2025-09-03 01:15,0.043033
2025-09-03 01:30,0.016707
2025-09-03 01:45,0.015526
2025-09-03 02:00,0.003938
2025-09-03 02:15,0.0
2025-09-03 02:30,0.0
2025-09-03 02:45,0.003938
2025-09-03 03:00,0.0
2025-09-03 03:15,0.169657
2025-09-03 03:30,0.022557
2025-09-03 03:45,0.173089
2025-09-03 04:00,0.003938
2025-09-03 04:15,0.011138
2025-09-03 04:30,0.171232
2025-09-03 04:45,0.072116
2025-09-03 05:00,0.362716
2025-09-03 05:15,0.167689
2025-09-03 05:30,0.081004
2025-09-03 05:45,0.084941
2025-09-03 06:00,0.005456
2025-09-03 06:15,0.011813
2025-09-03 06:30,0.049727
2025-09-03 06:45,0.098442
2025-09-03 07:00,0.009732
2025-09-03 07:15,0.014963
2025-09-03 07:30,0.085391
2025-09-03 07:45,0.151544
2025-09-03 08:00,0.084941
2025-09-03 08:15,0.003938
2025-09-03 08:30,0.003938
2025-09-03 08:45,0.370535
2025-09-03 09:00,0.017776
2025-09-03 09:15,0.0
2025-09-03 09:30,0.0
2025-09-03 09:45,0.0
2025-09-03 10:00,0.0
2025-09-03 10:15,0.003938
2025-09-03 10:30,0.0
2025-09-03 10:45,0.0036
2025-09-03 11:00,0.0
2025-09-03 11:15,0.089329
2025-09-03 11:30,0.0
2025-09-03 11:45,0.0
2025-09-03 12:00,0.0
2025-09-03 12:15,0.0
2025-09-03 12:30,0.0
2025-09-03 12:45,0.0
2025-09-03 13:00,0.0
2025-09-03 13:15,0.0
2025-09-03 13:30,0.0
2025-09-03 13:45,0.0
2025-09-03 14:00,0.0
2025-09-03 14:15,0.0
2025-09-03 14:30,0.0
2025-09-03 14:45,0.0
2025-09-03 15:00,0.0
2025-09-03 15:15,0.0
2025-09-03 15:30,0.0
2025-09-03 15:45,0.0
2025-09-03 16:00,0.0
2025-09-03 16:15,0.0
2025-09-03 16:30,0.0
2025-09-03 16:45,0.0
2025-09-03 17:00,0.0
2025-09-03 17:15,0.0
2025-09-03 17:30,0.0
2025-09-03 17:45,0.0
2025-09-03 18:00,0.0
2025-09-03 18:15,0.0
2025-09-03 18:30,0.0
2025-09-03 18:45,0.0
2025-09-03 19:00,0.0
2025-09-03 19:15,0.0
2025-09-03 19:30,0.0
2025-09-03 19:45,0.0
2025-09-03 20:00,0.0
2025-09-03 20:15,0.0
2025-09-03 20:30,0.0
2025-09-03 20:45,0.0
2025-09-03 21:00,0.006132
2025-09-03 21:15,0.0
2025-09-03 21:30,0.0
2025-09-03 21:45,0.0
2025-09-03 22:00,0.0
2025-09-03 22:15,0.0
2025-09-03 22:30,0.011813
2025-09-03 22:45,0.0
2025-09-03 23:00,0.0
2025-09-03 23:15,0.0
2025-09-03 23:30,0.345784
2025-09-03 23:45,0.085391
2025-09-04 00:00,0.079316
2025-09-04 00:15,0.175283
2025-09-04 00:30,0.526467
2025-09-04 00:45,0.167407
2025-09-04 01:00,0.07611
2025-09-04 01:15,0.003938
2025-09-04 01:30,0.173145
2025-09-04 01:45,0.0
2025-09-04 02:00,0.0
2025-09-04 02:15,0.173033
2025-09-04 02:30,0.0
2025-09-04 02:45,0.03347
2025-09-04 03:00,0.0
2025-09-04 03:15,0.003938
2025-09-04 03:30,0.166395
2025-09-04 03:45,0.085391
2025-09-04 04:00,0.081004
2025-09-04 04:15,0.003938
2025-09-04 04:30,0.0
2025-09-04 04:45,0.165945
2025-09-04 05:00,0.068966
2025-09-04 05:15,0.324914
2025-09-04 05:30,0.0
2025-09-04 05:45,0.178208
2025-09-04 06:00,0.003263
2025-09-04 06:15,1.0
2025-09-04 06:30,0.098779
2025-09-04 06:45,0.029083
2025-09-04 07:00,0.097204
2025-09-04 07:15,0.096417
2025-09-04 07:30,0.0
2025-09-04 07:45,0.0
2025-09-04 08:00,0.230523
2025-09-04 08:15,0.003263
2025-09-04 08:30,0.116105
2025-09-04 08:45,0.0
2025-09-04 09:00,0.005288
2025-09-04 09:15,0.0
2025-09-04 09:30,0.162007
2025-09-04 09:45,0.0
2025-09-04 10:00,0.0
2025-09-04 10:15,0.0
2025-09-04 10:30,0.005513
2025-09-04 10:45,0.0
2025-09-04 11:00,0.005681
2025-09-04 11:15,0.0
2025-09-04 11:30,0.0
2025-09-04 11:45,0.0
2025-09-04 12:00,0.0
2025-09-04 12:15,0.0
2025-09-04 12:30,0.007875
2025-09-04 12:45,0.0
2025-09-04 13:00,0.0
2025-09-04 13:15,0.0
2025-09-04 13:30,0.0
2025-09-04 13:45,0.0
2025-09-04 14:00,0.005288
2025-09-04 14:15,0.0
2025-09-04 14:30,0.0
2025-09-04 14:45,0.0
2025-09-04 15:00,0.0
2025-09-04 15:15,0.0
2025-09-04 15:30,0.0
2025-09-04 15:45,0.0
2025-09-04 16:00,0.0
2025-09-04 16:15,0.0
2025-09-04 16:30,0.0
2025-09-04 16:45,0.0
2025-09-04 17:00,0.0
2025-09-04 17:15,0.0
2025-09-04 17:30,0.0
2025-09-04 17:45,0.0
2025-09-04 18:00,0.0
2025-09-04 18:15,0.0
2025-09-04 18:30,0.0
2025-09-04 18:45,0.0
2025-09-04 19:00,0.0
2025-09-04 19:15,0.0
2025-09-04 19:30,0.0
2025-09-04 19:45,0.0
2025-09-04 20:00,0.0
2025-09-04 20:15,0.0
2025-09-04 20:30,0.0
2025-09-04 20:45,0.0
2025-09-04 21:00,0.0
2025-09-04 21:15,0.0
2025-09-04 21:30,0.0
2025-09-04 21:45,0.0
2025-09-04 22:00,0.0
2025-09-04 22:15,0.0
2025-09-04 22:30,0.0
2025-09-04 22:45,0.0
2025-09-04 23:00,0.325195
2025-09-04 23:15,0.014457
2025-09-04 23:30,0.085391
2025-09-04 23:45,0.0
2025-09-05 00:00,0.179952
2025-09-05 00:15,0.493559
2025-09-05 00:30,0.126006
2025-09-05 00:45,0.005288
2025-09-05 01:00,0.0036
2025-09-05 01:15,0.169882
2025-09-05 01:30,0.187152
2025-09-05 01:45,0.019351
2025-09-05 02:00,0.003263
2025-09-05 02:15,0.0
2025-09-05 02:30,0.0
2025-09-05 02:45,0.0
2025-09-05 03:00,0.0
2025-09-05 03:15,0.0
2025-09-05 03:30,0.005681
2025-09-05 03:45,0.0
2025-09-05 04:00,0.0
2025-09-05 04:15,0.0
2025-09-05 04:30,0.017382
2025-09-05 04:45,0.003938
2025-09-05 05:00,0.012601
2025-09-05 05:15,0.1318
2025-09-05 05:30,0.088654
2025-09-05 05:45,0.342184
2025-09-05 06:00,0.088879
2025-09-05 06:15,0.015413
2025-09-05 06:30,0.030208
2025-09-05 06:45,0.004613
2025-09-05 07:00,0.081004
2025-09-05 07:15,0.0
2025-09-05 07:30,0.011138
2025-09-05 07:45,0.0
2025-09-05 08:00,0.005681
2025-09-05 08:15,0.003938
2025-09-05 08:30,0.003938
2025-09-05 08:45,0.011813
2025-09-05 09:00,0.015751
2025-09-05 09:15,0.0
2025-09-05 09:30,0.164032
2025-09-05 09:45,0.0
2025-09-05 10:00,0.0
2025-09-05 10:15,0.079653
2025-09-05 10:30,0.0
2025-09-05 10:45,0.014063
2025-09-05 11:00,0.0
2025-09-05 11:15,0.007875
2025-09-05 11:30,0.0
2025-09-05 11:45,0.0
2025-09-05 12:00,0.0
2025-09-05 12:15,0.0
2025-09-05 12:30,0.0
2025-09-05 12:45,0.0
2025-09-05 13:00,0.0
2025-09-05 13:15,0.0
2025-09-05 13:30,0.0
2025-09-05 13:45,0.0
2025-09-05 14:00,0.0
2025-09-05 14:15,0.0
2025-09-05 14:30,0.0
2025-09-05 14:45,0.0
2025-09-05 15:00,0.0
2025-09-05 15:15,0.0
2025-09-05 15:30,0.0
2025-09-05 15:45,0.0
2025-09-05 16:00,0.0
2025-09-05 16:15,0.0
2025-09-05 16:30,0.0
2025-09-05 16:45,0.0
2025-09-05 17:00,0.0
2025-09-05 17:15,0.0
2025-09-05 17:30,0.015751
2025-09-05 17:45,0.0
2025-09-05 18:00,0.0
2025-09-05 18:15,0.0
2025-09-05 18:30,0.164032
2025-09-05 18:45,0.0
2025-09-05 19:00,0.0
2025-09-05 19:15,0.0
2025-09-05 19:30,0.0
2025-09-05 19:45,0.0
2025-09-05 20:00,0.0
2025-09-05 20:15,0.003938
2025-09-05 20:30,0.0
2025-09-05 20:45,0.0
2025-09-05 21:00,0.0
2025-09-05 21:15,0.0
2025-09-05 21:30,0.0
2025-09-05 21:45,0.0
2025-09-05 22:00,0.0
2025-09-05 22:15,0.0
2025-09-05 22:30,0.0
2025-09-05 22:45,0.0
2025-09-05 23:00,0.0
2025-09-05 23:15,0.0
2025-09-05 23:30,0.0
2025-09-05 23:45,0.0
2025-09-06 00:00,0.0
2025-09-06 00:15,0.0
2025-09-06 00:30,0.003938
2025-09-06 00:45,0.0
2025-09-06 01:00,0.0
2025-09-06 01:15,0.0
2025-09-06 01:30,0.0
2025-09-06 01:45,0.0
2025-09-06 02:00,0.0
2025-09-06 02:15,0.0
2025-09-06 02:30,0.003938
2025-09-06 02:45,0.0
2025-09-06 03:00,0.0
2025-09-06 03:15,0.0
2025-09-06 03:30,0.0
2025-09-06 03:45,0.0
2025-09-06 04:00,0.0
2025-09-06 04:15,0.0
2025-09-06 04:30,0.0
2025-09-06 04:45,0.0
2025-09-06 05:00,0.0
2025-09-06 05:15,0.0
2025-09-06 05:30,0.0
2025-09-06 05:45,0.0
2025-09-06 06:00,0.0
2025-09-06 06:15,0.0
2025-09-06 06:30,0.0
2025-09-06 06:45,0.0
2025-09-06 07:00,0.0
2025-09-06 07:15,0.0
2025-09-06 07:30,0.0
2025-09-06 07:45,0.0
2025-09-06 08:00,0.0
2025-09-06 08:15,0.0
2025-09-06 08:30,0.0
2025-09-06 08:45,0.0
2025-09-06 09:00,0.0
2025-09-06 09:15,0.0
2025-09-06 09:30,0.0
2025-09-06 09:45,0.0
2025-09-06 10:00,0.0
2025-09-06 10:15,0.0
2025-09-06 10:30,0.0
2025-09-06 10:45,0.0
2025-09-06 11:00,0.0
2025-09-06 11:15,0.0
2025-09-06 11:30,0.0
2025-09-06 11:45,0.0
2025-09-06 12:00,0.0
2025-09-06 12:15,0.0
2025-09-06 12:30,0.0
2025-09-06 12:45,0.0
2025-09-06 13:00,0.0
2025-09-06 13:15,0.0
2025-09-06 13:30,0.0
2025-09-06 13:45,0.0
2025-09-06 14:00,0.0
2025-09-06 14:15,0.0
2025-09-06 14:30,0.0
2025-09-06 14:45,0.0
2025-09-06 15:00,0.0
2025-09-06 15:15,0.0
2025-09-06 15:30,0.0
2025-09-06 15:45,0.0
2025-09-06 16:00,0.0
2025-09-06 16:15,0.0
2025-09-06 16:30,0.0
2025-09-06 16:45,0.0
2025-09-06 17:00,0.0
2025-09-06 17:15,0.0
2025-09-06 17:30,0.0
2025-09-06 17:45,0.0
2025-09-06 18:00,0.0
2025-09-06 18:15,0.0
2025-09-06 18:30,0.0
2025-09-06 18:45,0.0
2025-09-06 19:00,0.0
2025-09-06 19:15,0.0
2025-09-06 19:30,0.0
2025-09-06 19:45,0.0
2025-09-06 20:00,0.0
2025-09-06 20:15,0.0
2025-09-06 20:30,0.0
2025-09-06 20:45,0.0
2025-09-06 21:00,0.0
2025-09-06 21:15,0.0
2025-09-06 21:30,0.003938
2025-09-06 21:45,0.0
2025-09-06 22:00,0.0
2025-09-06 22:15,0.0
2025-09-06 22:30,0.0
2025-09-06 22:45,0.0
2025-09-06 23:00,0.0
2025-09-06 23:15,0.0
2025-09-06 23:30,0.0
2025-09-06 23:45,0.0
2025-09-07 00:00,0.0
2025-09-07 00:15,0.0
2025-09-07 00:30,0.0
2025-09-07 00:45,0.005513
2025-09-07 01:00,0.0
2025-09-07 01:15,0.0
2025-09-07 01:30,0.0
2025-09-07 01:45,0.0
2025-09-07 02:00,0.0
2025-09-07 02:15,0.0
2025-09-07 02:30,0.0
2025-09-07 02:45,0.0
2025-09-07 03:00,0.0
2025-09-07 03:15,0.0
2025-09-07 03:30,0.0
2025-09-07 03:45,0.0
2025-09-07 04:00,0.0
2025-09-07 04:15,0.0
2025-09-07 04:30,0.0
2025-09-07 04:45,0.0
2025-09-07 05:00,0.0
2025-09-07 05:15,0.003938
2025-09-07 05:30,0.007875
2025-09-07 05:45,0.0
2025-09-07 06:00,0.0
2025-09-07 06:15,0.0
2025-09-07 06:30,0.003938
2025-09-07 06:45,0.0
2025-09-07 07:00,0.0
2025-09-07 07:15,0.0
2025-09-07 07:30,0.0
2025-09-07 07:45,0.0
2025-09-07 08:00,0.0
2025-09-07 08:15,0.0
2025-09-07 08:30,0.0
2025-09-07 08:45,0.0
2025-09-07 09:00,0.0
2025-09-07 09:15,0.0
2025-09-07 09:30,0.0
2025-09-07 09:45,0.005288
2025-09-07 10:00,0.0
2025-09-07 10:15,0.0
2025-09-07 10:30,0.0
2025-09-07 10:45,0.0
2025-09-07 11:00,0.0
2025-09-07 11:15,0.0
2025-09-07 11:30,0.0
2025-09-07 11:45,0.0
2025-09-07 12:00,0.0
2025-09-07 12:15,0.0
2025-09-07 12:30,0.0
2025-09-07 12:45,0.0
2025-09-07 13:00,0.0
2025-09-07 13:15,0.0
2025-09-07 13:30,0.0
2025-09-07 13:45,0.0
2025-09-07 14:00,0.0
2025-09-07 14:15,0.0
2025-09-07 14:30,0.0
2025-09-07 14:45,0.0
2025-09-07 15:00,0.0
2025-09-07 15:15,0.0
2025-09-07 15:30,0.0
2025-09-07 15:45,0.0
2025-09-07 16:00,0.0
2025-09-07 16:15,0.0
2025-09-07 16:30,0.0
2025-09-07 16:45,0.003938
2025-09-07 17:00,0.0
2025-09-07 17:15,0.0
2025-09-07 17:30,0.0
2025-09-07 17:45,0.0
2025-09-07 18:00,0.0
2025-09-07 18:15,0.0
2025-09-07 18:30,0.0
2025-09-07 18:45,0.0
2025-09-07 19:00,0.0
2025-09-07 19:15,0.085391
2025-09-07 19:30,0.0
2025-09-07 19:45,0.0
2025-09-07 20:00,0.0
2025-09-07 20:15,0.0
2025-09-07 20:30,0.0
2025-09-07 20:45,0.005288
2025-09-07 21:00,0.0
2025-09-07 21:15,0.0
2025-09-07 21:30,0.0
2025-09-07 21:45,0.0
2025-09-07 22:00,0.0
2025-09-07 22:15,0.0
2025-09-07 22:30,0.0
2025-09-07 22:45,0.0
2025-09-07 23:00,0.0
2025-09-07 23:15,0.08961
2025-09-07 23:30,0.425212
2025-09-07 23:45,0.0
2025-09-08 00:00,0.081004
2025-09-08 00:15,0.084941
2025-09-08 00:30,0.015751
2025-09-08 00:45,0.0036
2025-09-08 01:00,0.172695
2025-09-08 01:15,0.120718
2025-09-08 01:30,0.058671
2025-09-08 01:45,0.018451
2025-09-08 02:00,0.007875
2025-09-08 02:15,0.0
2025-09-08 02:30,0.035439
2025-09-08 02:45,0.0
2025-09-08 03:00,0.0
2025-09-08 03:15,0.105417
2025-09-08 03:30,0.0
2025-09-08 03:45,0.486021
2025-09-08 04:00,0.166676
2025-09-08 04:15,0.045902
2025-09-08 04:30,0.702649
2025-09-08 04:45,0.032683
2025-09-08 05:00,0.085391
2025-09-08 05:15,0.093267
2025-09-08 05:30,0.009675
2025-09-08 05:45,0.082016
2025-09-08 06:00,0.026945
2025-09-08 06:15,0.08421
2025-09-08 06:30,0.137369
2025-09-08 06:45,0.146088
2025-09-08 07:00,0.007875
2025-09-08 07:15,0.162007
2025-09-08 07:30,0.039658
2025-09-08 07:45,0.417731
2025-09-08 08:00,0.0
2025-09-08 08:15,0.099342
2025-09-08 08:30,0.0
2025-09-08 08:45,0.003938
2025-09-08 09:00,0.006975
2025-09-08 09:15,0.324014
2025-09-08 09:30,0.0
2025-09-08 09:45,0.0
2025-09-08 10:00,0.0
2025-09-08 10:15,0.0072
2025-09-08 10:30,0.0
2025-09-08 10:45,0.0
2025-09-08 11:00,0.003938
2025-09-08 11:15,0.0
2025-09-08 11:30,0.0
2025-09-08 11:45,0.0
2025-09-08 12:00,0.0
2025-09-08 12:15,0.0
2025-09-08 12:30,0.0
2025-09-08 12:45,0.0
2025-09-08 13:00,0.0
2025-09-08 13:15,0.0
2025-09-08 13:30,0.0
2025-09-08 13:45,0.0
2025-09-08 14:00,0.0
2025-09-08 14:15,0.0
2025-09-08 14:30,0.0
2025-09-08 14:45,0.0
2025-09-08 15:00,0.0
2025-09-08 15:15,0.0
2025-09-08 15:30,0.0
2025-09-08 15:45,0.0
2025-09-08 16:00,0.0
2025-09-08 16:15,0.0
2025-09-08 16:30,0.0
2025-09-08 16:45,0.0
2025-09-08 17:00,0.0
2025-09-08 17:15,0.0
2025-09-08 17:30,0.0
2025-09-08 17:45,0.0
2025-09-08 18:00,0.0
2025-09-08 18:15,0.0
2025-09-08 18:30,0.0
2025-09-08 18:45,0.004894
2025-09-08 19:00,0.0
2025-09-08 19:15,0.0
2025-09-08 19:30,0.0
2025-09-08 19:45,0.0
2025-09-08 20:00,0.0
2025-09-08 20:15,0.0
2025-09-08 20:30,0.005288
2025-09-08 20:45,0.0072
2025-09-08 21:00,0.003938
2025-09-08 21:15,0.0
2025-09-08 21:30,0.0
2025-09-08 21:45,0.0
2025-09-08 22:00,0.0
2025-09-08 22:15,0.0
2025-09-08 22:30,0.012544
2025-09-08 22:45,0.0
2025-09-08 23:00,0.003263
2025-09-08 23:15,0.018901
2025-09-08 23:30,0.073241
2025-09-08 23:45,0.170782
2025-09-09 00:00,0.21961
2025-09-09 00:15,0.004669
2025-09-09 00:30,0.202453
2025-09-09 00:45,0.14755
2025-09-09 01:00,0.016819
2025-09-09 01:15,0.007594
2025-09-09 01:30,0.0
2025-09-09 01:45,0.089835
2025-09-09 02:00,0.0
2025-09-09 02:15,0.003938
2025-09-09 02:30,0.0
2025-09-09 02:45,0.0
2025-09-09 03:00,0.0
2025-09-09 03:15,0.089329
2025-09-09 03:30,0.0
2025-09-09 03:45,0.011025
2025-09-09 04:00,0.081004
2025-09-09 04:15,0.323395
2025-09-09 04:30,0.343028
2025-09-09 04:45,0.085391
2025-09-09 05:00,0.007538
2025-09-09 05:15,0.204759
2025-09-09 05:30,0.334308
2025-09-09 05:45,0.019913
2025-09-09 06:00,0.17472
2025-09-09 06:15,0.031389
2025-09-09 06:30,0.196096
2025-09-09 06:45,0.175789
2025-09-09 07:00,0.251899
2025-09-09 07:15,0.08691
2025-09-09 07:30,0.274737
2025-09-09 07:45,0.007875
2025-09-09 08:00,0.003938
2025-09-09 08:15,0.038364
2025-09-09 08:30,0.003938
2025-09-09 08:45,0.0
2025-09-09 09:00,0.0
2025-09-09 09:15,0.0
2025-09-09 09:30,0.0
2025-09-09 09:45,0.003938
2025-09-09 10:00,0.046802
2025-09-09 10:15,0.0
2025-09-09 10:30,0.0
2025-09-09 10:45,0.0
2025-09-09 11:00,0.0
2025-09-09 11:15,0.0
2025-09-09 11:30,0.0
2025-09-09 11:45,0.0
2025-09-09 12:00,0.0
2025-09-09 12:15,0.164032
2025-09-09 12:30,0.007875
2025-09-09 12:45,0.0
2025-09-09 13:00,0.0
2025-09-09 13:15,0.0
2025-09-09 13:30,0.0
2025-09-09 13:45,0.0
2025-09-09 14:00,0.0
2025-09-09 14:15,0.0
2025-09-09 14:30,0.0
2025-09-09 14:45,0.0
2025-09-09 15:00,0.0
2025-09-09 15:15,0.0
2025-09-09 15:30,0.0
2025-09-09 15:45,0.0
2025-09-09 16:00,0.0
2025-09-09 16:15,0.0
2025-09-09 16:30,0.0
2025-09-09 16:45,0.0
2025-09-09 17:00,0.0
2025-09-09 17:15,0.0
2025-09-09 17:30,0.0
2025-09-09 17:45,0.0
2025-09-09 18:00,0.0
2025-09-09 18:15,0.003938
2025-09-09 18:30,0.0
2025-09-09 18:45,0.0
2025-09-09 19:00,0.0
2025-09-09 19:15,0.0
2025-09-09 19:30,0.0
2025-09-09 19:45,0.0
2025-09-09 20:00,0.0
2025-09-09 20:15,0.0
2025-09-09 20:30,0.0
2025-09-09 20:45,0.0
2025-09-09 21:00,0.0
2025-09-09 21:15,0.0
2025-09-09 21:30,0.0
2025-09-09 21:45,0.0
2025-09-09 22:00,0.0
2025-09-09 22:15,0.005513
2025-09-09 22:30,0.010125
2025-09-09 22:45,0.0
2025-09-09 23:00,0.162007
2025-09-09 23:15,0.00675
2025-09-09 23:30,0.17427
2025-09-09 23:45,0.251786
2025-09-10 00:00,0.562918
2025-09-10 00:00,0.688239
2025-09-10 00:15,0.42586
2025-09-10 00:30,0.009629
2025-09-10 00:45,0.011486
2025-09-10 01:00,0.0
2025-09-10 01:15,0.004814
2025-09-10 01:30,0.155021
2025-09-10 01:45,0.109972
2025-09-10 02:00,0.0
2025-09-10 02:15,0.004814
2025-09-10 02:30,0.007978
2025-09-10 02:45,0.0
2025-09-10 03:00,0.0
2025-09-10 03:15,0.009629
2025-09-10 03:30,0.213618
2025-09-10 03:45,0.0
2025-09-10 04:00,0.024415
2025-09-10 04:15,0.517056
2025-09-10 04:30,0.142503
2025-09-10 04:45,0.312105
2025-09-10 05:00,0.019257
2025-09-10 05:15,0.110041
2025-09-10 05:30,0.004814
2025-09-10 05:45,0.107497
2025-09-10 06:00,0.074622
2025-09-10 06:15,0.422421
2025-09-10 06:30,0.013067
2025-09-10 06:45,0.0
2025-09-10 07:00,0.006465
2025-09-10 07:15,0.0
2025-09-10 07:30,0.004814
2025-09-10 07:45,0.396149
2025-09-10 08:00,0.26121
2025-09-10 08:15,0.02022
2025-09-10 08:30,0.009629
2025-09-10 08:45,0.004814
2025-09-10 09:00,0.0
2025-09-10 09:15,0.0
2025-09-10 09:30,0.004814
2025-09-10 09:45,0.099037
2025-09-10 10:00,0.0
2025-09-10 10:15,0.0
2025-09-10 10:30,0.044154
2025-09-10 10:45,0.0
2025-09-10 11:00,0.0
2025-09-10 11:15,0.0
2025-09-10 11:30,0.0
2025-09-10 11:45,0.0
2025-09-10 12:00,0.0
2025-09-10 12:15,0.0
2025-09-10 12:30,0.0
2025-09-10 12:45,0.0
2025-09-10 13:00,0.0
2025-09-10 13:15,0.0
2025-09-10 13:30,0.0
2025-09-10 13:45,0.0
2025-09-10 14:00,0.0
2025-09-10 14:15,0.0
2025-09-10 14:30,0.0
2025-09-10 14:45,0.0
2025-09-10 15:00,0.0
2025-09-10 15:15,0.0
2025-09-10 15:30,0.0
2025-09-10 15:45,0.0
2025-09-10 16:00,0.0
2025-09-10 16:15,0.0
2025-09-10 16:30,0.0
2025-09-10 16:45,0.0
2025-09-10 17:00,0.0
2025-09-10 17:15,0.0
2025-09-10 17:30,0.0
2025-09-10 17:45,0.0
2025-09-10 18:00,0.0
2025-09-10 18:15,0.0
2025-09-10 18:30,0.004814
2025-09-10 18:45,0.0
2025-09-10 19:00,0.099037
2025-09-10 19:15,0.0
2025-09-10 19:30,0.0
2025-09-10 19:45,0.0
2025-09-10 20:00,0.0
2025-09-10 20:15,0.0
2025-09-10 20:30,0.0
2025-09-10 20:45,0.004814
2025-09-10 21:00,0.0
2025-09-10 21:15,0.015199
2025-09-10 21:30,0.0
2025-09-10 21:45,0.0
2025-09-10 22:00,0.005365
2025-09-10 22:15,0.0
2025-09-10 22:30,0.0
2025-09-10 22:45,0.009629
2025-09-10 23:00,0.104402
2025-09-10 23:15,0.555433
2025-09-10 23:30,0.327648
2025-09-10 23:45,0.0
2025-09-11 00:00,0.222421
2025-09-11 00:15,0.108253
2025-09-11 00:30,0.018432
2025-09-11 00:45,0.360248
2025-09-11 01:00,0.210385
2025-09-11 01:15,0.066231
2025-09-11 01:30,0.018432
2025-09-11 01:45,0.0
2025-09-11 02:00,0.016094
2025-09-11 02:15,0.0
2025-09-11 02:30,0.006396
2025-09-11 02:45,0.0
2025-09-11 03:00,0.026685
2025-09-11 03:15,0.0
2025-09-11 03:30,0.11403
2025-09-11 03:45,0.202889
2025-09-11 04:00,0.0
2025-09-11 04:15,0.236039
2025-09-11 04:30,0.104402
2025-09-11 04:45,0.035901
2025-09-11 05:00,1.0
2025-09-11 05:15,0.009629
2025-09-11 05:30,0.0
2025-09-11 05:45,0.099037
2025-09-11 06:00,0.004814
2025-09-11 06:15,0.045186
2025-09-11 06:30,0.212242
2025-09-11 06:45,0.164099
2025-09-11 07:00,0.109629
2025-09-11 07:15,0.025791
2025-09-11 07:30,0.100275
2025-09-11 07:45,0.091609
2025-09-11 08:00,0.0
2025-09-11 08:15,0.006465
2025-09-11 08:30,0.258047
2025-09-11 08:45,0.004814
2025-09-11 09:00,0.0
2025-09-11 09:15,0.11403
2025-09-11 09:30,0.025309
2025-09-11 09:45,0.0
2025-09-11 10:00,0.004814
2025-09-11 10:15,0.0
2025-09-11 10:30,0.0
2025-09-11 10:45,0.0
2025-09-11 11:00,0.0
2025-09-11 11:15,0.0
2025-09-11 11:30,0.005365
2025-09-11 11:45,0.0
2025-09-11 12:00,0.0
2025-09-11 12:15,0.006534
2025-09-11 12:30,0.0
2025-09-11 12:45,0.0
2025-09-11 13:00,0.003989
2025-09-11 13:15,0.009629
2025-09-11 13:30,0.0
2025-09-11 13:45,0.0
2025-09-11 14:00,0.0
2025-09-11 14:15,0.0
2025-09-11 14:30,0.0
2025-09-11 14:45,0.0
2025-09-11 15:00,0.0
2025-09-11 15:15,0.0
2025-09-11 15:30,0.0
2025-09-11 15:45,0.0
2025-09-11 16:00,0.0
2025-09-11 16:15,0.0
2025-09-11 16:30,0.0
2025-09-11 16:45,0.0
2025-09-11 17:00,0.0
2025-09-11 17:15,0.0
2025-09-11 17:30,0.0
2025-09-11 17:45,0.01795
2025-09-11 18:00,0.0
2025-09-11 18:15,0.0
2025-09-11 18:30,0.0
2025-09-11 18:45,0.0
2025-09-11 19:00,0.0
2025-09-11 19:15,0.0
2025-09-11 19:30,0.014993
2025-09-11 19:45,0.0
2025-09-11 20:00,0.0
2025-09-11 20:15,0.0
2025-09-11 20:30,0.104402
2025-09-11 20:45,0.0
2025-09-11 21:00,0.0
2025-09-11 21:15,0.0
2025-09-11 21:30,0.0
2025-09-11 21:45,0.0
2025-09-11 22:00,0.0
2025-09-11 22:15,0.0
2025-09-11 22:30,0.0
2025-09-11 22:45,0.0
2025-09-11 23:00,0.008803
2025-09-11 23:15,0.014443
2025-09-11 23:30,0.312105
2025-09-11 23:45,0.305296
2025-09-12 00:00,0.115956
2025-09-12 00:15,0.009629
2025-09-12 00:30,0.122283
2025-09-12 00:45,0.004402
2025-09-12 01:00,0.114718
2025-09-12 01:15,0.04663
2025-09-12 01:30,0.004814
2025-09-12 01:45,0.0
2025-09-12 02:00,0.202889
2025-09-12 02:15,0.0
2025-09-12 02:30,0.0
2025-09-12 02:45,0.547868
2025-09-12 03:00,0.0
2025-09-12 03:15,0.223796
2025-09-12 03:30,0.107015
2025-09-12 03:45,0.023246
2025-09-12 04:00,0.115131
2025-09-12 04:15,0.021389
2025-09-12 04:30,0.050757
2025-09-12 04:45,0.121939
2025-09-12 05:00,0.289546
2025-09-12 05:15,0.071045
2025-09-12 05:30,0.259354
2025-09-12 05:45,0.230124
2025-09-12 06:00,0.208803
2025-09-12 06:15,0.181431
2025-09-12 06:30,0.008803
2025-09-12 06:45,0.01575
2025-09-12 07:00,0.42978
2025-09-12 07:15,0.048831
2025-09-12 07:30,0.223934
2025-09-12 07:45,0.009629
2025-09-12 08:00,0.111142
2025-09-12 08:15,0.120151
2025-09-12 08:30,0.0
2025-09-12 08:45,0.022421
2025-09-12 09:00,0.211761
2025-09-12 09:15,0.005158
2025-09-12 09:30,0.044911
2025-09-12 09:45,0.0
2025-09-12 10:00,0.0
2025-09-12 10:15,0.104402
2025-09-12 10:30,0.0
2025-09-12 10:45,0.0
2025-09-12 11:00,0.009629
2025-09-12 11:15,0.0
2025-09-12 11:30,0.0
2025-09-12 11:45,0.0
2025-09-12 12:00,0.0
2025-09-12 12:15,0.0
2025-09-12 12:30,0.104402
2025-09-12 12:45,0.006121
2025-09-12 13:00,0.0
2025-09-12 13:15,0.0
2025-09-12 13:30,0.0
2025-09-12 13:45,0.0
2025-09-12 14:00,0.004814
2025-09-12 14:15,0.0
2025-09-12 14:30,0.0
2025-09-12 14:45,0.0
2025-09-12 15:00,0.0
2025-09-12 15:15,0.118845
2025-09-12 15:30,0.009629
2025-09-12 15:45,0.208803
2025-09-12 16:00,0.0
2025-09-12 16:15,0.0
2025-09-12 16:30,0.0
2025-09-12 16:45,0.205365
2025-09-12 17:00,0.0
2025-09-12 17:15,0.0
2025-09-12 17:30,0.0
2025-09-12 17:45,0.0
2025-09-12 18:00,0.0
2025-09-12 18:15,0.100275
2025-09-12 18:30,0.0
2025-09-12 18:45,0.110867
2025-09-12 19:00,0.0
2025-09-12 19:15,0.0
2025-09-12 19:30,0.0
2025-09-12 19:45,0.0
2025-09-12 20:00,0.0
2025-09-12 20:15,0.0
2025-09-12 20:30,0.0
2025-09-12 20:45,0.0
2025-09-12 21:00,0.0
2025-09-12 21:15,0.0
2025-09-12 21:30,0.0
2025-09-12 21:45,0.0
2025-09-12 22:00,0.0
2025-09-12 22:15,0.0
2025-09-12 22:30,0.0
2025-09-12 22:45,0.0
2025-09-12 23:00,0.0
2025-09-12 23:15,0.0
2025-09-12 23:30,0.0
2025-09-12 23:45,0.0
2025-09-13 00:00,0.0
2025-09-13 00:15,0.0
2025-09-13 00:30,0.0
2025-09-13 00:45,0.0
2025-09-13 01:00,0.0
2025-09-13 01:15,0.0
2025-09-13 01:30,0.0
2025-09-13 01:45,0.0
2025-09-13 02:00,0.0
2025-09-13 02:15,0.0
2025-09-13 02:30,0.0
2025-09-13 02:45,0.0
2025-09-13 03:00,0.0
2025-09-13 03:15,0.0
2025-09-13 03:30,0.0
2025-09-13 03:45,0.0
2025-09-13 04:00,0.0
2025-09-13 04:15,0.0
2025-09-13 04:30,0.0
2025-09-13 04:45,0.0
2025-09-13 05:00,0.0
2025-09-13 05:15,0.0
2025-09-13 05:30,0.0
2025-09-13 05:45,0.0
2025-09-13 06:00,0.0
2025-09-13 06:15,0.0
2025-09-13 06:30,0.0
2025-09-13 06:45,0.0
2025-09-13 07:00,0.0
2025-09-13 07:15,0.0
2025-09-13 07:30,0.0
2025-09-13 07:45,0.0
2025-09-13 08:00,0.0
2025-09-13 08:15,0.0
2025-09-13 08:30,0.0
2025-09-13 08:45,0.0
2025-09-13 09:00,0.0
2025-09-13 09:15,0.0
2025-09-13 09:30,0.0
2025-09-13 09:45,0.0
2025-09-13 10:00,0.0
2025-09-13 10:15,0.0
2025-09-13 10:30,0.0
2025-09-13 10:45,0.0
2025-09-13 11:00,0.0
2025-09-13 11:15,0.0
2025-09-13 11:30,0.0
2025-09-13 11:45,0.0
2025-09-13 12:00,0.0
2025-09-13 12:15,0.0
2025-09-13 12:30,0.0
2025-09-13 12:45,0.0
2025-09-13 13:00,0.0
2025-09-13 13:15,0.0
2025-09-13 13:30,0.0
2025-09-13 13:45,0.0
2025-09-13 14:00,0.0
2025-09-13 14:15,0.0
2025-09-13 14:30,0.0
2025-09-13 14:45,0.0
2025-09-13 15:00,0.0
2025-09-13 15:15,0.0
2025-09-13 15:30,0.0
2025-09-13 15:45,0.0
2025-09-13 16:00,0.0
2025-09-13 16:15,0.0
2025-09-13 16:30,0.0
2025-09-13 16:45,0.0
2025-09-13 17:00,0.0
2025-09-13 17:15,0.0
2025-09-13 17:30,0.0
2025-09-13 17:45,0.0
2025-09-13 18:00,0.0
2025-09-13 18:15,0.0
2025-09-13 18:30,0.0
2025-09-13 18:45,0.0
2025-09-13 19:00,0.0
2025-09-13 19:15,0.0
2025-09-13 19:30,0.0
2025-09-13 19:45,0.0
2025-09-13 20:00,0.0
2025-09-13 20:15,0.0
2025-09-13 20:30,0.0
2025-09-13 20:45,0.0
2025-09-13 21:00,0.0
2025-09-13 21:15,0.0
2025-09-13 21:30,0.0
2025-09-13 21:45,0.0
2025-09-13 22:00,0.0
2025-09-13 22:15,0.0
2025-09-13 22:30,0.0
2025-09-13 22:45,0.0
2025-09-13 23:00,0.0
2025-09-13 23:15,0.0
2025-09-13 23:30,0.0
2025-09-13 23:45,0.0
2025-09-14 00:00,0.0
2025-09-14 00:15,0.0
2025-09-14 00:30,0.0
2025-09-14 00:45,0.0
2025-09-14 01:00,0.0
2025-09-14 01:15,0.0
2025-09-14 01:30,0.0
2025-09-14 01:45,0.0
2025-09-14 02:00,0.0
2025-09-14 02:15,0.0
2025-09-14 02:30,0.0
2025-09-14 02:45,0.0
2025-09-14 03:00,0.0
2025-09-14 03:15,0.0
2025-09-14 03:30,0.0
2025-09-14 03:45,0.0
2025-09-14 04:00,0.0
2025-09-14 04:15,0.0
2025-09-14 04:30,0.0
2025-09-14 04:45,0.0
2025-09-14 05:00,0.0
2025-09-14 05:15,0.0
2025-09-14 05:30,0.0
2025-09-14 05:45,0.0
2025-09-14 06:00,0.0
2025-09-14 06:15,0.0
2025-09-14 06:30,0.0
2025-09-14 06:45,0.0
2025-09-14 07:00,0.0
2025-09-14 07:15,0.0
2025-09-14 07:30,0.0
2025-09-14 07:45,0.0
2025-09-14 08:00,0.0
2025-09-14 08:15,0.0
2025-09-14 08:30,0.0
2025-09-14 08:45,0.0
2025-09-14 09:00,0.0
2025-09-14 09:15,0.0
2025-09-14 09:30,0.0
2025-09-14 09:45,0.0
2025-09-14 10:00,0.0
2025-09-14 10:15,0.0
2025-09-14 10:30,0.0
2025-09-14 10:45,0.0
2025-09-14 11:00,0.0
2025-09-14 11:15,0.0
2025-09-14 11:30,0.0
2025-09-14 11:45,0.0
2025-09-14 12:00,0.0
2025-09-14 12:15,0.0
2025-09-14 12:30,0.0
2025-09-14 12:45,0.0
2025-09-14 13:00,0.0
2025-09-14 13:15,0.0
2025-09-14 13:30,0.0
2025-09-14 13:45,0.0
2025-09-14 14:00,0.0
2025-09-14 14:15,0.0
2025-09-14 14:30,0.0
2025-09-14 14:45,0.0
2025-09-14 15:00,0.0
2025-09-14 15:15,0.0
2025-09-14 15:30,0.0
2025-09-14 15:45,0.0
2025-09-14 16:00,0.0
2025-09-14 16:15,0.0
2025-09-14 16:30,0.0
2025-09-14 16:45,0.0
2025-09-14 17:00,0.0
2025-09-14 17:15,0.0
2025-09-14 17:30,0.0
2025-09-14 17:45,0.0
2025-09-14 18:00,0.0
2025-09-14 18:15,0.0
2025-09-14 18:30,0.0
2025-09-14 18:45,0.0
2025-09-14 19:00,0.0
2025-09-14 19:15,0.0
2025-09-14 19:30,0.0
2025-09-14 19:45,0.0
2025-09-14 20:00,0.0
2025-09-14 20:15,0.0
2025-09-14 20:30,0.0
2025-09-14 20:45,0.0
2025-09-14 21:00,0.0
2025-09-14 21:15,0.0
2025-09-14 21:30,0.0
2025-09-14 21:45,0.0
2025-09-14 22:00,0.0
2025-09-14 22:15,0.249175
2025-09-14 22:30,0.0
2025-09-14 22:45,0.422008
2025-09-14 23:00,0.208803
2025-09-14 23:15,0.318569
2025-09-14 23:30,0.261142
2025-09-14 23:45,0.0
2025-09-15 00:00,0.30784
2025-09-15 00:15,0.396149
2025-09-15 00:30,0.164787
2025-09-15 00:45,0.522008
2025-09-15 01:00,0.223796
2025-09-15 01:15,0.01575
2025-09-15 01:30,0.013618
2025-09-15 01:45,0.122834
2025-09-15 02:00,0.009629
2025-09-15 02:15,0.0
2025-09-15 02:30,0.0
2025-09-15 02:45,0.00956
2025-09-15 03:00,0.004814
2025-09-15 03:15,0.004814
2025-09-15 03:30,0.0
2025-09-15 03:45,0.006396
2025-09-15 04:00,0.104402
2025-09-15 04:15,0.198074
2025-09-15 04:30,0.122215
2025-09-15 04:45,0.211623
2025-09-15 05:00,0.100275
2025-09-15 05:15,0.083494
2025-09-15 05:30,0.0
2025-09-15 05:45,0.104402
2025-09-15 06:00,0.204608
2025-09-15 06:15,0.027098
2025-09-15 06:30,0.009216
2025-09-15 06:45,0.289615
2025-09-15 07:00,0.221596
2025-09-15 07:15,0.219051
2025-09-15 07:30,0.203439
2025-09-15 07:45,0.018019
2025-09-15 08:00,0.028336
2025-09-15 08:15,0.118845
2025-09-15 08:30,0.185763
2025-09-15 08:45,0.526823
2025-09-15 09:00,0.112792
2025-09-15 09:15,0.0
2025-09-15 09:30,0.0
2025-09-15 09:45,0.0
2025-09-15 10:00,0.0
2025-09-15 10:15,0.0
2025-09-15 10:30,0.0
2025-09-15 10:45,0.0
2025-09-15 11:00,0.0
2025-09-15 11:15,0.0
2025-09-15 11:30,0.0
2025-09-15 11:45,0.0
2025-09-15 12:00,0.0
2025-09-15 12:15,0.0
2025-09-15 12:30,0.0
2025-09-15 12:45,0.0
2025-09-15 13:00,0.0
2025-09-15 13:15,0.0
2025-09-15 13:30,0.0
2025-09-15 13:45,0.0
2025-09-15 14:00,0.0
2025-09-15 14:15,0.0
2025-09-15 14:30,0.0
2025-09-15 14:45,0.0
2025-09-15 15:00,0.0
2025-09-15 15:15,0.0
2025-09-15 15:30,0.0
2025-09-15 15:45,0.0
2025-09-15 16:00,0.0
2025-09-15 16:15,0.0
2025-09-15 16:30,0.0
2025-09-15 16:45,0.0
2025-09-15 17:00,0.0
2025-09-15 17:15,0.0
2025-09-15 17:30,0.0
2025-09-15 17:45,0.0
2025-09-15 18:00,0.0
2025-09-15 18:15,0.0
2025-09-15 18:30,0.0
2025-09-15 18:45,0.0
2025-09-15 19:00,0.0
2025-09-15 19:15,0.0
2025-09-15 19:30,0.0
2025-09-15 19:45,0.0
2025-09-15 20:00,0.0
2025-09-15 20:15,0.0
2025-09-15 20:30,0.0
2025-09-15 20:45,0.0
2025-09-15 21:00,0.0
2025-09-15 21:15,0.0
2025-09-15 21:30,0.0
2025-09-15 21:45,0.0
2025-09-15 22:00,0.0
2025-09-15 22:15,0.0
2025-09-15 22:30,0.0
2025-09-15 22:45,0.0
2025-09-15 23:00,0.009629
2025-09-15 23:15,0.099037
2025-09-15 23:30,0.104402
2025-09-15 23:45,0.053783
2025-09-16 00:00,0.318019
2025-09-16 00:15,0.743604
2025-09-16 00:30,0.229986
2025-09-16 00:45,0.203989
2025-09-16 01:00,0.100275
2025-09-16 01:15,0.126823
2025-09-16 01:30,0.225447
2025-09-16 01:45,0.013893
2025-09-16 02:00,0.0
2025-09-16 02:15,0.0
2025-09-16 02:30,0.0
2025-09-16 02:45,0.0
2025-09-16 03:00,0.104402
2025-09-16 03:15,0.0
2025-09-16 03:30,0.239065
2025-09-16 03:45,0.106671
2025-09-16 04:00,0.075378
2025-09-16 04:15,0.0
2025-09-16 04:30,0.089271
2025-09-16 04:45,0.233425
2025-09-16 05:00,0.199312
2025-09-16 05:15,0.106602
2025-09-16 05:30,0.024072
2025-09-16 05:45,0.131499
2025-09-16 06:00,0.208803
2025-09-16 06:15,0.205021
2025-09-16 06:30,0.0
2025-09-16 06:45,0.0
2025-09-16 07:00,0.0
2025-09-16 07:15,0.198074
2025-09-16 07:30,0.4011
2025-09-16 07:45,0.035626
2025-09-16 08:00,0.009629
2025-09-16 08:15,0.196011
2025-09-16 08:30,0.211692
2025-09-16 08:45,0.0
2025-09-16 09:00,0.027235
2025-09-16 09:15,0.0
2025-09-16 09:30,0.0
2025-09-16 09:45,0.0
2025-09-16 10:00,0.0
2025-09-16 10:15,0.0
2025-09-16 10:30,0.0
2025-09-16 10:45,0.100275
2025-09-16 11:00,0.0
2025-09-16 11:15,0.0
2025-09-16 11:30,0.0
2025-09-16 11:45,0.0
2025-09-16 12:00,0.0
2025-09-16 12:15,0.0
2025-09-16 12:30,0.0
2025-09-16 12:45,0.0
2025-09-16 13:00,0.0
2025-09-16 13:15,0.0
2025-09-16 13:30,0.0
2025-09-16 13:45,0.0
2025-09-16 14:00,0.0
2025-09-16 14:15,0.0
2025-09-16 14:30,0.0
2025-09-16 14:45,0.0
2025-09-16 15:00,0.0
2025-09-16 15:15,0.0
2025-09-16 15:30,0.0
2025-09-16 15:45,0.0
2025-09-16 16:00,0.0
2025-09-16 16:15,0.009629
2025-09-16 16:30,0.0
2025-09-16 16:45,0.0
2025-09-16 17:00,0.0
2025-09-16 17:15,0.0
2025-09-16 17:30,0.0
2025-09-16 17:45,0.0
2025-09-16 18:00,0.0
2025-09-16 18:15,0.0
2025-09-16 18:30,0.0
2025-09-16 18:45,0.0
2025-09-16 19:00,0.0
2025-09-16 19:15,0.0
2025-09-16 19:30,0.0
2025-09-16 19:45,0.0
2025-09-16 20:00,0.0
2025-09-16 20:15,0.0
2025-09-16 20:30,0.0
2025-09-16 20:45,0.0
2025-09-16 21:00,0.0
2025-09-16 21:15,0.0
2025-09-16 21:30,0.0
2025-09-16 21:45,0.0
2025-09-16 22:00,0.0
2025-09-16 22:15,0.0
2025-09-16 22:30,0.0
2025-09-16 22:45,0.0
2025-09-16 23:00,0.099312
2025-09-16 23:15,0.208803
2025-09-16 23:30,0.009766
2025-09-16 23:45,0.594223
2025-09-17 00:00,0.0
2025-09-17 00:00,0.0
2025-09-17 00:15,0.310261
2025-09-17 00:30,0.011209
2025-09-17 00:45,0.005835
2025-09-17 01:00,0.516293
2025-09-17 01:15,0.191588
2025-09-17 01:30,0.171135
2025-09-17 01:45,0.095794
2025-09-17 02:00,0.0
2025-09-17 02:15,0.005431
2025-09-17 02:30,0.0
2025-09-17 02:45,0.008089
2025-09-17 03:00,0.010111
2025-09-17 03:15,0.004738
2025-09-17 03:30,0.0
2025-09-17 03:45,0.277791
2025-09-17 04:00,0.01872
2025-09-17 04:15,0.012595
2025-09-17 04:30,0.005431
2025-09-17 04:45,0.0
2025-09-17 05:00,0.004044
2025-09-17 05:15,0.0
2025-09-17 05:30,0.848163
2025-09-17 05:45,0.0
2025-09-17 06:00,0.092732
2025-09-17 06:15,0.212618
2025-09-17 06:30,0.429166
2025-09-17 06:45,0.267853
2025-09-17 07:00,0.0
2025-09-17 07:15,0.193321
2025-09-17 07:30,0.020684
2025-09-17 07:45,0.171828
2025-09-17 08:00,0.005662
2025-09-17 08:15,0.0
2025-09-17 08:30,0.091749
2025-09-17 08:45,0.099376
2025-09-17 09:00,0.0
2025-09-17 09:15,0.004044
2025-09-17 09:30,0.0
2025-09-17 09:45,0.004969
2025-09-17 10:00,0.019991
2025-09-17 10:15,0.0
2025-09-17 10:30,0.0
2025-09-17 10:45,0.0
2025-09-17 11:00,0.0
2025-09-17 11:15,0.0
2025-09-17 11:30,0.0
2025-09-17 11:45,0.0
2025-09-17 12:00,0.0
2025-09-17 12:15,0.0
2025-09-17 12:30,0.0
2025-09-17 12:45,0.257742
2025-09-17 13:00,0.004044
2025-09-17 13:15,0.0
2025-09-17 13:30,0.0
2025-09-17 13:45,0.005662
2025-09-17 14:00,0.0
2025-09-17 14:15,0.0
2025-09-17 14:30,0.0
2025-09-17 14:45,0.0
2025-09-17 15:00,0.0
2025-09-17 15:15,0.0
2025-09-17 15:30,0.0
2025-09-17 15:45,0.0
2025-09-17 16:00,0.0
2025-09-17 16:15,0.0
2025-09-17 16:30,0.0
2025-09-17 16:45,0.0
2025-09-17 17:00,0.0
2025-09-17 17:15,0.0
2025-09-17 17:30,0.0
2025-09-17 17:45,0.0
2025-09-17 18:00,0.0
2025-09-17 18:15,0.0
2025-09-17 18:30,0.0
2025-09-17 18:45,0.0
2025-09-17 19:00,0.0
2025-09-17 19:15,0.0
2025-09-17 19:30,0.0
2025-09-17 19:45,0.0
2025-09-17 20:00,0.0
2025-09-17 20:15,0.0
2025-09-17 20:30,0.0
2025-09-17 20:45,0.0
2025-09-17 21:00,0.0
2025-09-17 21:15,0.0
2025-09-17 21:30,0.004044
2025-09-17 21:45,0.0
2025-09-17 22:00,0.0
2025-09-17 22:15,0.0
2025-09-17 22:30,0.0
2025-09-17 22:45,0.0
2025-09-17 23:00,0.0
2025-09-17 23:15,0.586896
2025-09-17 23:30,0.17749
2025-09-17 23:45,0.183499
2025-09-18 00:00,0.087705
2025-09-18 00:15,0.020222
2025-09-18 00:30,0.351167
2025-09-18 00:45,0.0
2025-09-18 01:00,0.447134
2025-09-18 01:15,0.0
2025-09-18 01:30,0.24324
2025-09-18 01:45,0.0
2025-09-18 02:00,0.0
2025-09-18 02:15,0.0
2025-09-18 02:30,0.054888
2025-09-18 02:45,0.01144
2025-09-18 03:00,0.003351
2025-09-18 03:15,0.0
2025-09-18 03:30,0.008089
2025-09-18 03:45,0.183499
2025-09-18 04:00,0.012133
2025-09-18 04:15,0.087705
2025-09-18 04:30,0.008031
2025-09-18 04:45,0.358909
2025-09-18 05:00,0.099954
2025-09-18 05:15,0.090883
2025-09-18 05:30,0.152415
2025-09-18 05:45,0.178183
2025-09-18 06:00,0.071759
2025-09-18 06:15,0.090998
2025-09-18 06:30,0.0
2025-09-18 06:45,0.020164
2025-09-18 07:00,0.244858
2025-09-18 07:15,0.004044
2025-09-18 07:30,0.027733
2025-09-18 07:45,0.276057
2025-09-18 08:00,0.126069
2025-09-18 08:15,0.0
2025-09-18 08:30,0.0
2025-09-18 08:45,0.022764
2025-09-18 09:00,0.0
2025-09-18 09:15,0.004738
2025-09-18 09:30,0.0
2025-09-18 09:45,0.01456
2025-09-18 10:00,0.0
2025-09-18 10:15,0.0
2025-09-18 10:30,0.0
2025-09-18 10:45,0.0
2025-09-18 11:00,0.0
2025-09-18 11:15,0.011324
2025-09-18 11:30,0.0
2025-09-18 11:45,0.0
2025-09-18 12:00,0.0
2025-09-18 12:15,0.0
2025-09-18 12:30,0.0
2025-09-18 12:45,0.003698
2025-09-18 13:00,0.0
2025-09-18 13:15,0.006702
2025-09-18 13:30,0.0
2025-09-18 13:45,0.0
2025-09-18 14:00,0.0
2025-09-18 14:15,0.0
2025-09-18 14:30,0.0
2025-09-18 14:45,0.0
2025-09-18 15:00,0.0
2025-09-18 15:15,0.0
2025-09-18 15:30,0.0
2025-09-18 15:45,0.0
2025-09-18 16:00,0.0
2025-09-18 16:15,0.0
2025-09-18 16:30,0.0
2025-09-18 16:45,0.0
2025-09-18 17:00,0.0
2025-09-18 17:15,0.0
2025-09-18 17:30,0.0
2025-09-18 17:45,0.027617
2025-09-18 18:00,0.0
2025-09-18 18:15,0.0
2025-09-18 18:30,0.0
2025-09-18 18:45,0.0
2025-09-18 19:00,0.0
2025-09-18 19:15,0.0
2025-09-18 19:30,0.0
2025-09-18 19:45,0.0
2025-09-18 20:00,0.0
2025-09-18 20:15,0.0
2025-09-18 20:30,0.0
2025-09-18 20:45,0.0
2025-09-18 21:00,0.0
2025-09-18 21:15,0.0
2025-09-18 21:30,0.0
2025-09-18 21:45,0.0
2025-09-18 22:00,0.0
2025-09-18 22:15,0.0
2025-09-18 22:30,0.0
2025-09-18 22:45,0.0
2025-09-18 23:00,0.074705
2025-09-18 23:15,0.286053
2025-09-18 23:30,0.0
2025-09-18 23:45,0.0
2025-09-19 00:00,0.268084
2025-09-19 00:15,0.350012
2025-09-19 00:30,0.502889
2025-09-19 00:45,0.170441
2025-09-19 01:00,0.011844
2025-09-19 01:15,0.673561
2025-09-19 01:30,0.0
2025-09-19 01:45,0.029466
2025-09-19 02:00,0.0
2025-09-19 02:15,0.183499
2025-09-19 02:30,0.0
2025-09-19 02:45,0.0
2025-09-19 03:00,0.0
2025-09-19 03:15,0.005662
2025-09-19 03:30,0.253987
2025-09-19 03:45,0.2734
2025-09-19 04:00,0.074705
2025-09-19 04:15,0.013404
2025-09-19 04:30,0.010862
2025-09-19 04:45,0.083199
2025-09-19 05:00,0.199214
2025-09-19 05:15,0.0
2025-09-19 05:30,0.17541
2025-09-19 05:45,0.040386
2025-09-19 06:00,0.040155
2025-09-19 06:15,0.003351
2025-09-19 06:30,0.070488
2025-09-19 06:45,0.0
2025-09-19 07:00,0.0
2025-09-19 07:15,0.008089
2025-09-19 07:30,0.0
2025-09-19 07:45,0.004044
2025-09-19 08:00,0.107003
2025-09-19 08:15,0.17541
2025-09-19 08:30,0.259533
2025-09-19 08:45,0.084239
2025-09-19 09:00,0.0
2025-09-19 09:15,0.0
2025-09-19 09:30,0.0
2025-09-19 09:45,0.004044
2025-09-19 10:00,0.0
2025-09-19 10:15,0.0
2025-09-19 10:30,0.0
2025-09-19 10:45,0.0
2025-09-19 11:00,0.0
2025-09-19 11:15,0.0
2025-09-19 11:30,0.0
2025-09-19 11:45,0.0
2025-09-19 12:00,0.0
2025-09-19 12:15,0.0
2025-09-19 12:30,0.006702
2025-09-19 12:45,0.0
2025-09-19 13:00,0.0
2025-09-19 13:15,0.0
2025-09-19 13:30,0.0
2025-09-19 13:45,0.0
2025-09-19 14:00,0.009938
2025-09-19 14:15,0.0
2025-09-19 14:30,0.0
2025-09-19 14:45,0.0
2025-09-19 15:00,0.0
2025-09-19 15:15,0.0
2025-09-19 15:30,0.0
2025-09-19 15:45,0.0
2025-09-19 16:00,0.0
2025-09-19 16:15,0.0
2025-09-19 16:30,0.0
2025-09-19 16:45,0.0
2025-09-19 17:00,0.0
2025-09-19 17:15,0.0
2025-09-19 17:30,0.0
2025-09-19 17:45,0.0
2025-09-19 18:00,0.0
2025-09-19 18:15,0.0
2025-09-19 18:30,0.0
2025-09-19 18:45,0.0
2025-09-19 19:00,0.004044
2025-09-19 19:15,0.0
2025-09-19 19:30,0.0
2025-09-19 19:45,0.0
2025-09-19 20:00,0.0
2025-09-19 20:15,0.0
2025-09-19 20:30,0.0
2025-09-19 20:45,0.0
2025-09-19 21:00,0.0
2025-09-19 21:15,0.0
2025-09-19 21:30,0.0
2025-09-19 21:45,0.0
2025-09-19 22:00,0.0
2025-09-19 22:15,0.0
2025-09-19 22:30,0.0
2025-09-19 22:45,0.0
2025-09-19 23:00,0.0
2025-09-19 23:15,0.0
2025-09-19 23:30,0.0
2025-09-19 23:45,0.0
2025-09-20 00:00,0.0
2025-09-20 00:15,0.0
2025-09-20 00:30,0.0
2025-09-20 00:45,0.0
2025-09-20 01:00,0.0
2025-09-20 01:15,0.0
2025-09-20 01:30,0.0
2025-09-20 01:45,0.0
2025-09-20 02:00,0.0
2025-09-20 02:15,0.0
2025-09-20 02:30,0.0
2025-09-20 02:45,0.0
2025-09-20 03:00,0.0
2025-09-20 03:15,0.0
2025-09-20 03:30,0.0
2025-09-20 03:45,0.0
2025-09-20 04:00,0.0
2025-09-20 04:15,0.748787
2025-09-20 04:30,0.0
2025-09-20 04:45,0.070141
2025-09-20 05:00,0.0
2025-09-20 05:15,0.0
2025-09-20 05:30,0.0
2025-09-20 05:45,0.0
2025-09-20 06:00,0.0
2025-09-20 06:15,0.0
2025-09-20 06:30,0.0
2025-09-20 06:45,0.0
2025-09-20 07:00,0.0
2025-09-20 07:15,0.0
2025-09-20 07:30,0.0
2025-09-20 07:45,0.0
2025-09-20 08:00,0.0
2025-09-20 08:15,0.0
2025-09-20 08:30,0.0
2025-09-20 08:45,0.0
2025-09-20 09:00,0.0
2025-09-20 09:15,0.0
2025-09-20 09:30,0.0
2025-09-20 09:45,0.0
2025-09-20 10:00,0.0
2025-09-20 10:15,0.0
2025-09-20 10:30,0.0
2025-09-20 10:45,0.0
2025-09-20 11:00,0.0
2025-09-20 11:15,0.0
2025-09-20 11:30,0.0
2025-09-20 11:45,0.0
2025-09-20 12:00,0.084239
2025-09-20 12:15,0.168477
2025-09-20 12:30,0.0
2025-09-20 12:45,0.0
2025-09-20 13:00,0.0
2025-09-20 13:15,0.0
2025-09-20 13:30,0.0
2025-09-20 13:45,0.0
2025-09-20 14:00,0.0
2025-09-20 14:15,0.0
2025-09-20 14:30,0.0
2025-09-20 14:45,0.0
2025-09-20 15:00,0.0
2025-09-20 15:15,0.0
2025-09-20 15:30,0.0
2025-09-20 15:45,0.0
2025-09-20 16:00,0.0
2025-09-20 16:15,0.0
2025-09-20 16:30,0.0
2025-09-20 16:45,0.0
2025-09-20 17:00,0.0
2025-09-20 17:15,0.0
2025-09-20 17:30,0.0
2025-09-20 17:45,0.0
2025-09-20 18:00,0.0
2025-09-20 18:15,0.0
2025-09-20 18:30,0.0
2025-09-20 18:45,0.0
2025-09-20 19:00,0.0
2025-09-20 19:15,0.0
2025-09-20 19:30,0.0
2025-09-20 19:45,0.0
2025-09-20 20:00,0.0
2025-09-20 20:15,0.0
2025-09-20 20:30,0.0
2025-09-20 20:45,0.0
2025-09-20 21:00,0.0
2025-09-20 21:15,0.0
2025-09-20 21:30,0.0
2025-09-20 21:45,0.0
2025-09-20 22:00,0.0
2025-09-20 22:15,0.0
2025-09-20 22:30,0.0
2025-09-20 22:45,0.0
2025-09-20 23:00,0.0
2025-09-20 23:15,0.0
2025-09-20 23:30,0.0
2025-09-20 23:45,0.0
2025-09-21 00:00,0.0
2025-09-21 00:15,0.0
2025-09-21 00:30,0.004044
2025-09-21 00:45,0.0
2025-09-21 01:00,0.0
2025-09-21 01:15,0.0
2025-09-21 01:30,0.0
2025-09-21 01:45,0.0
2025-09-21 02:00,0.0
2025-09-21 02:15,0.0
2025-09-21 02:30,0.0
2025-09-21 02:45,0.0
2025-09-21 03:00,0.0
2025-09-21 03:15,0.0
2025-09-21 03:30,0.0
2025-09-21 03:45,0.0
2025-09-21 04:00,0.0
2025-09-21 04:15,0.0
2025-09-21 04:30,0.0
2025-09-21 04:45,0.0
2025-09-21 05:00,0.0
2025-09-21 05:15,0.0
2025-09-21 05:30,0.0
2025-09-21 05:45,0.0
2025-09-21 06:00,0.008089
2025-09-21 06:15,0.0
2025-09-21 06:30,0.0
2025-09-21 06:45,0.0
2025-09-21 07:00,0.0
2025-09-21 07:15,0.0
2025-09-21 07:30,0.0
2025-09-21 07:45,0.0
2025-09-21 08:00,0.0
2025-09-21 08:15,0.263115
2025-09-21 08:30,0.008089
2025-09-21 08:45,0.0
2025-09-21 09:00,0.0
2025-09-21 09:15,0.0
2025-09-21 09:30,0.0
2025-09-21 09:45,0.0
2025-09-21 10:00,0.0
2025-09-21 10:15,0.0
2025-09-21 10:30,0.0
2025-09-21 10:45,0.0
2025-09-21 11:00,0.0
2025-09-21 11:15,0.0
2025-09-21 11:30,0.0
2025-09-21 11:45,0.0
2025-09-21 12:00,0.0
2025-09-21 12:15,0.0
2025-09-21 12:30,0.0
2025-09-21 12:45,0.0
2025-09-21 13:00,0.0
2025-09-21 13:15,0.0
2025-09-21 13:30,0.0
2025-09-21 13:45,0.0
2025-09-21 14:00,0.0
2025-09-21 14:15,0.0
2025-09-21 14:30,0.0
2025-09-21 14:45,0.0
2025-09-21 15:00,0.0
2025-09-21 15:15,0.0
2025-09-21 15:30,0.0
2025-09-21 15:45,0.0
2025-09-21 16:00,0.0
2025-09-21 16:15,0.0
2025-09-21 16:30,0.0
2025-09-21 16:45,0.0
2025-09-21 17:00,0.0
2025-09-21 17:15,0.0
2025-09-21 17:30,0.0
2025-09-21 17:45,0.0
2025-09-21 18:00,0.0
2025-09-21 18:15,0.0
2025-09-21 18:30,0.0
2025-09-21 18:45,0.0
2025-09-21 19:00,0.0
2025-09-21 19:15,0.0
2025-09-21 19:30,0.0
2025-09-21 19:45,0.0
2025-09-21 20:00,0.0
2025-09-21 20:15,0.0
2025-09-21 20:30,0.0
2025-09-21 20:45,0.0
2025-09-21 21:00,0.0
2025-09-21 21:15,0.0
2025-09-21 21:30,0.0
2025-09-21 21:45,0.0
2025-09-21 22:00,0.0
2025-09-21 22:15,0.0
2025-09-21 22:30,0.0
2025-09-21 22:45,0.010053
2025-09-21 23:00,0.0
2025-09-21 23:15,0.087705
2025-09-21 23:30,0.083199
2025-09-21 23:45,0.0
2025-09-22 00:00,0.128727
2025-09-22 00:15,0.014791
2025-09-22 00:30,0.176566
2025-09-22 00:45,0.0
2025-09-22 01:00,0.10238
2025-09-22 01:15,0.31887
2025-09-22 01:30,0.360238
2025-09-22 01:45,0.336838
2025-09-22 02:00,0.084239
2025-09-22 02:15,0.0
2025-09-22 02:30,0.0
2025-09-22 02:45,0.075919
2025-09-22 03:00,0.084412
2025-09-22 03:15,0.042004
2025-09-22 03:30,0.004044
2025-09-22 03:45,0.0
2025-09-22 04:00,0.004044
2025-09-22 04:15,0.359718
2025-09-22 04:30,0.504507
2025-09-22 04:45,0.228218
2025-09-22 05:00,0.016177
2025-09-22 05:15,0.641091
2025-09-22 05:30,0.008089
2025-09-22 05:45,0.022764
2025-09-22 06:00,0.08655
2025-09-22 06:15,0.088283
2025-09-22 06:30,0.271204
2025-09-22 06:45,0.0
2025-09-22 07:00,0.008089
2025-09-22 07:15,0.042524
2025-09-22 07:30,0.0
2025-09-22 07:45,0.0
2025-09-22 08:00,0.087243
2025-09-22 08:15,0.037902
2025-09-22 08:30,0.007395
2025-09-22 08:45,0.091287
2025-09-22 09:00,0.003871
2025-09-22 09:15,0.084239
2025-09-22 09:30,0.0
2025-09-22 09:45,0.0
2025-09-22 10:00,0.003351
2025-09-22 10:15,0.0
2025-09-22 10:30,0.003351
2025-09-22 10:45,0.0
2025-09-22 11:00,0.0
2025-09-22 11:15,0.0
2025-09-22 11:30,0.0
2025-09-22 11:45,0.0
2025-09-22 12:00,0.0
2025-09-22 12:15,0.0
2025-09-22 12:30,0.0
2025-09-22 12:45,0.008089
2025-09-22 13:00,0.0
2025-09-22 13:15,0.0
2025-09-22 13:30,0.0
2025-09-22 13:45,0.0
2025-09-22 14:00,0.0
2025-09-22 14:15,0.0
2025-09-22 14:30,0.0
2025-09-22 14:45,0.0
2025-09-22 15:00,0.0
2025-09-22 15:15,0.0
2025-09-22 15:30,0.0
2025-09-22 15:45,0.0
2025-09-22 16:00,0.0
2025-09-22 16:15,0.0
2025-09-22 16:30,0.0
2025-09-22 16:45,0.0
2025-09-22 17:00,0.0
2025-09-22 17:15,0.0
2025-09-22 17:30,0.0
2025-09-22 17:45,0.0
2025-09-22 18:00,0.0
2025-09-22 18:15,0.0
2025-09-22 18:30,0.0
2025-09-22 18:45,0.0
2025-09-22 19:00,0.0
2025-09-22 19:15,0.0
2025-09-22 19:30,0.0
2025-09-22 19:45,0.0
2025-09-22 20:00,0.0
2025-09-22 20:15,0.0
2025-09-22 20:30,0.0
2025-09-22 20:45,0.0
2025-09-22 21:00,0.004044
2025-09-22 21:15,0.0
2025-09-22 21:30,0.0
2025-09-22 21:45,0.0
2025-09-22 22:00,0.0
2025-09-22 22:15,0.0
2025-09-22 22:30,0.0
2025-09-22 22:45,0.0
2025-09-22 23:00,0.004044
2025-09-22 23:15,0.173099
2025-09-22 23:30,0.752484
2025-09-22 23:45,0.290155
2025-09-23 00:00,0.549226
2025-09-23 00:15,0.015484
2025-09-23 00:30,0.26664
2025-09-23 00:45,0.919228
2025-09-23 01:00,0.024728
2025-09-23 01:15,0.182632
2025-09-23 01:30,0.0
2025-09-23 01:45,0.0
2025-09-23 02:00,0.120869
2025-09-23 02:15,0.008089
2025-09-23 02:30,0.0
2025-09-23 02:45,0.0
2025-09-23 03:00,0.083199
2025-09-23 03:15,0.050208
2025-09-23 03:30,0.0
2025-09-23 03:45,0.087705
2025-09-23 04:00,0.090594
2025-09-23 04:15,0.005142
2025-09-23 04:30,0.07043
2025-09-23 04:45,0.891842
2025-09-23 05:00,0.0
2025-09-23 05:15,0.183499
2025-09-23 05:30,0.069505
2025-09-23 05:45,0.308528
2025-09-23 06:00,0.292235
2025-09-23 06:15,0.009475
2025-09-23 06:30,1.0
2025-09-23 06:45,0.062977
2025-09-23 07:00,0.0
2025-09-23 07:15,0.0
2025-09-23 07:30,0.332794
2025-09-23 07:45,0.0
2025-09-23 08:00,0.004044
2025-09-23 08:15,0.30431
2025-09-23 08:30,0.010284
2025-09-23 08:45,0.0
2025-09-23 09:00,0.0
2025-09-23 09:15,0.0
2025-09-23 09:30,0.0
2025-09-23 09:45,0.0
2025-09-23 10:00,0.0
2025-09-23 10:15,0.0
2025-09-23 10:30,0.0
2025-09-23 10:45,0.0
2025-09-23 11:00,0.0
2025-09-23 11:15,0.0
2025-09-23 11:30,0.0
2025-09-23 11:45,0.020453
2025-09-23 12:00,0.0
2025-09-23 12:15,0.0
2025-09-23 12:30,0.0
2025-09-23 12:45,0.0
2025-09-23 13:00,0.0
2025-09-23 13:15,0.0
2025-09-23 13:30,0.0
2025-09-23 13:45,0.0
2025-09-23 14:00,0.0
2025-09-23 14:15,0.0
2025-09-23 14:30,0.0
2025-09-23 14:45,0.0
2025-09-23 15:00,0.0
2025-09-23 15:15,0.0
2025-09-23 15:30,0.0
2025-09-23 15:45,0.0
2025-09-23 16:00,0.0
2025-09-23 16:15,0.0
2025-09-23 16:30,0.0
2025-09-23 16:45,0.0
2025-09-23 17:00,0.0
2025-09-23 17:15,0.0
2025-09-23 17:30,0.0
2025-09-23 17:45,0.0
2025-09-23 18:00,0.0
2025-09-23 18:15,0.0
2025-09-23 18:30,0.0
2025-09-23 18:45,0.0
2025-09-23 19:00,0.0
2025-09-23 19:15,0.0
2025-09-23 19:30,0.0
2025-09-23 19:45,0.0
2025-09-23 20:00,0.0
2025-09-23 20:15,0.0
2025-09-23 20:30,0.0
2025-09-23 20:45,0.0
2025-09-23 21:00,0.0
2025-09-23 21:15,0.0
2025-09-23 21:30,0.0
2025-09-23 21:45,0.0
2025-09-23 22:00,0.0
2025-09-23 22:15,0.0
2025-09-23 22:30,0.0
2025-09-23 22:45,0.015138
2025-09-23 23:00,0.178761
2025-09-23 23:15,0.0
2025-09-23 23:30,0.008089
2025-09-23 23:45,0.021031
2025-09-24 00:00,0.03975
2025-09-24 00:00,0.022405
2025-09-24 00:15,0.059563
2025-09-24 00:30,0.046895
2025-09-24 00:45,0.0
2025-09-24 01:00,0.0
2025-09-24 01:15,0.013775
2025-09-24 01:30,0.037516
2025-09-24 01:45,0.09887
2025-09-24 02:00,0.00228
2025-09-24 02:15,0.0
2025-09-24 02:30,0.003289
2025-09-24 02:45,0.17312
2025-09-24 03:00,0.020158
2025-09-24 03:15,0.285896
2025-09-24 03:30,0.007458
2025-09-24 03:45,0.054711
2025-09-24 04:00,0.069202
2025-09-24 04:15,0.112808
2025-09-24 04:30,0.011203
2025-09-24 04:45,0.325496
2025-09-24 05:00,0.190054
2025-09-24 05:15,0.053734
2025-09-24 05:30,0.103755
2025-09-24 05:45,0.206402
2025-09-24 06:00,0.147784
2025-09-24 06:15,0.009151
2025-09-24 06:30,0.006448
2025-09-24 06:45,0.004559
2025-09-24 07:00,0.004559
2025-09-24 07:15,0.088221
2025-09-24 07:30,0.188752
2025-09-24 07:45,0.053147
2025-09-24 08:00,0.00228
2025-09-24 08:15,0.0
2025-09-24 08:30,0.001889
2025-09-24 08:45,0.0
2025-09-24 09:00,0.076465
2025-09-24 09:15,0.0
2025-09-24 09:30,0.0
2025-09-24 09:45,0.0
2025-09-24 10:00,0.0
2025-09-24 10:15,0.0
2025-09-24 10:30,0.0
2025-09-24 10:45,0.0
2025-09-24 11:00,0.0
2025-09-24 11:15,0.0
2025-09-24 11:30,0.0
2025-09-24 11:45,0.0
2025-09-24 12:00,0.0
2025-09-24 12:15,0.0
2025-09-24 12:30,0.10115
2025-09-24 12:45,0.0
2025-09-24 13:00,0.0
2025-09-24 13:15,0.0
2025-09-24 13:30,0.0
2025-09-24 13:45,0.0
2025-09-24 14:00,0.0
2025-09-24 14:15,0.002801
2025-09-24 14:30,0.0
2025-09-24 14:45,0.0
2025-09-24 15:00,0.0
2025-09-24 15:15,0.0
2025-09-24 15:30,0.0
2025-09-24 15:45,0.0
2025-09-24 16:00,0.003191
2025-09-24 16:15,0.0
2025-09-24 16:30,0.0
2025-09-24 16:45,0.0
2025-09-24 17:00,0.0
2025-09-24 17:15,0.0
2025-09-24 17:30,0.0
2025-09-24 17:45,0.0
2025-09-24 18:00,0.0
2025-09-24 18:15,0.003061
2025-09-24 18:30,0.004494
2025-09-24 18:45,0.0
2025-09-24 19:00,0.0
2025-09-24 19:15,0.0
2025-09-24 19:30,0.0
2025-09-24 19:45,0.0
2025-09-24 20:00,0.0
2025-09-24 20:15,0.0
2025-09-24 20:30,0.0
2025-09-24 20:45,0.0
2025-09-24 21:00,0.0
2025-09-24 21:15,0.0
2025-09-24 21:30,0.0
2025-09-24 21:45,0.0
2025-09-24 22:00,0.0
2025-09-24 22:15,0.0
2025-09-24 22:30,0.09887
2025-09-24 22:45,0.0
2025-09-24 23:00,0.0
2025-09-24 23:15,0.0
2025-09-24 23:30,0.013678
2025-09-24 23:45,0.162113
2025-09-25 00:00,0.137884
2025-09-25 00:15,0.09379
2025-09-25 00:30,0.050705
2025-09-25 00:45,0.006839
2025-09-25 01:00,0.095679
2025-09-25 01:15,0.004559
2025-09-25 01:30,0.0
2025-09-25 01:45,0.10115
2025-09-25 02:00,0.0
2025-09-25 02:15,0.008337
2025-09-25 02:30,0.0
2025-09-25 02:45,0.0
2025-09-25 03:00,0.00228
2025-09-25 03:15,0.189859
2025-09-25 03:30,0.145765
2025-09-25 03:45,0.2433
2025-09-25 04:00,0.028756
2025-09-25 04:15,0.004006
2025-09-25 04:30,0.0
2025-09-25 04:45,0.098251
2025-09-25 05:00,0.0
2025-09-25 05:15,0.19774
2025-09-25 05:30,0.007295
2025-09-25 05:45,0.053147
2025-09-25 06:00,0.204188
2025-09-25 06:15,0.056372
2025-09-25 06:30,0.155925
2025-09-25 06:45,0.145765
2025-09-25 07:00,0.120754
2025-09-25 07:15,0.206858
2025-09-25 07:30,0.0
2025-09-25 07:45,0.240271
2025-09-25 08:00,0.059107
2025-09-25 08:15,1.0
2025-09-25 08:30,0.094213
2025-09-25 08:45,0.0
2025-09-25 09:00,0.001889
2025-09-25 09:15,0.0
2025-09-25 09:30,0.0
2025-09-25 09:45,0.074543
2025-09-25 10:00,0.0
2025-09-25 10:15,0.0
2025-09-25 10:30,0.0
2025-09-25 10:45,0.0
2025-09-25 11:00,0.0
2025-09-25 11:15,0.0
2025-09-25 11:30,0.017846
2025-09-25 11:45,0.0
2025-09-25 12:00,0.00228
2025-09-25 12:15,0.0
2025-09-25 12:30,0.003778
2025-09-25 12:45,0.004559
2025-09-25 13:00,0.0
2025-09-25 13:15,0.0
2025-09-25 13:30,0.0
2025-09-25 13:45,0.0
2025-09-25 14:00,0.0
2025-09-25 14:15,0.0
2025-09-25 14:30,0.0
2025-09-25 14:45,0.0
2025-09-25 15:00,0.00228
2025-09-25 15:15,0.0
2025-09-25 15:30,0.0
2025-09-25 15:45,0.0
2025-09-25 16:00,0.0
2025-09-25 16:15,0.0
2025-09-25 16:30,0.002833
2025-09-25 16:45,0.0
2025-09-25 17:00,0.037711
2025-09-25 17:15,0.0
2025-09-25 17:30,0.0
2025-09-25 17:45,0.0
2025-09-25 18:00,0.0
2025-09-25 18:15,0.0
2025-09-25 18:30,0.0
2025-09-25 18:45,0.0
2025-09-25 19:00,0.00228
2025-09-25 19:15,0.0
2025-09-25 19:30,0.0
2025-09-25 19:45,0.0
2025-09-25 20:00,0.0
2025-09-25 20:15,0.0
2025-09-25 20:30,0.0
2025-09-25 20:45,0.0
2025-09-25 21:00,0.0
2025-09-25 21:15,0.0
2025-09-25 21:30,0.0
2025-09-25 21:45,0.0
2025-09-25 22:00,0.0
2025-09-25 22:15,0.0
2025-09-25 22:30,0.0
2025-09-25 22:45,0.0
2025-09-25 23:00,0.0
2025-09-25 23:15,0.052626
2025-09-25 23:30,0.00228
2025-09-25 23:45,0.028072
2025-09-26 00:00,0.004559
2025-09-26 00:15,0.187579
2025-09-26 00:30,0.196698
2025-09-26 00:45,0.234539
2025-09-26 01:00,0.140066
2025-09-26 01:15,0.09633
2025-09-26 01:30,0.194418
2025-09-26 01:45,0.005797
2025-09-26 02:00,0.0
2025-09-26 02:15,0.004559
2025-09-26 02:30,0.0
2025-09-26 02:45,0.0
2025-09-26 03:00,0.003778
2025-09-26 03:15,0.245221
2025-09-26 03:30,0.243658
2025-09-26 03:45,0.006578
2025-09-26 04:00,0.00228
2025-09-26 04:15,0.004559
2025-09-26 04:30,0.049435
2025-09-26 04:45,0.128537
2025-09-26 05:00,0.105709
2025-09-26 05:15,0.046895
2025-09-26 05:30,0.159605
2025-09-26 05:45,0.0
2025-09-26 06:00,0.011398
2025-09-26 06:15,0.0
2025-09-26 06:30,0.109682
2025-09-26 06:45,0.027355
2025-09-26 07:00,0.006383
2025-09-26 07:15,0.111799
2025-09-26 07:30,0.19266
2025-09-26 07:45,0.046895
2025-09-26 08:00,0.006741
2025-09-26 08:15,0.00228
2025-09-26 08:30,0.0
2025-09-26 08:45,0.110984
2025-09-26 09:00,0.00228
2025-09-26 09:15,0.0
2025-09-26 09:30,0.0
2025-09-26 09:45,0.0
2025-09-26 10:00,0.0
2025-09-26 10:15,0.0
2025-09-26 10:30,0.0
2025-09-26 10:45,0.00228
2025-09-26 11:00,0.004559
2025-09-26 11:15,0.0
2025-09-26 11:30,0.0
2025-09-26 11:45,0.0
2025-09-26 12:00,0.0
2025-09-26 12:15,0.017227
2025-09-26 12:30,0.0
2025-09-26 12:45,0.150845
2025-09-26 13:00,0.0
2025-09-26 13:15,0.0
2025-09-26 13:30,0.00228
2025-09-26 13:45,0.350604
2025-09-26 14:00,0.05204
2025-09-26 14:15,0.004559
2025-09-26 14:30,0.00228
2025-09-26 14:45,0.10649
2025-09-26 15:00,0.004559
2025-09-26 15:15,0.0
2025-09-26 15:30,0.00228
2025-09-26 15:45,0.004559
2025-09-26 16:00,0.0
2025-09-26 16:15,0.00228
2025-09-26 16:30,0.0
2025-09-26 16:45,0.094962
2025-09-26 17:00,0.0
2025-09-26 17:15,0.0
2025-09-26 17:30,0.0
2025-09-26 17:45,0.0
2025-09-26 18:00,0.00228
2025-09-26 18:15,0.003061
2025-09-26 18:30,0.0
2025-09-26 18:45,0.0
2025-09-26 19:00,0.0
2025-09-26 19:15,0.0
2025-09-26 19:30,0.006122
2025-09-26 19:45,0.07412
2025-09-26 20:00,0.0
2025-09-26 20:15,0.0
2025-09-26 20:30,0.0
2025-09-26 20:45,0.0
2025-09-26 21:00,0.0
2025-09-26 21:15,0.0
2025-09-26 21:30,0.0
2025-09-26 21:45,0.0
2025-09-26 22:00,0.0
2025-09-26 22:15,0.0
2025-09-26 22:30,0.0
2025-09-26 22:45,0.0
2025-09-26 23:00,0.0
2025-09-26 23:15,0.0
2025-09-26 23:30,0.0
2025-09-26 23:45,0.0
2025-09-27 00:00,0.0
2025-09-27 00:15,0.0
2025-09-27 00:30,0.0
2025-09-27 00:45,0.0
2025-09-27 01:00,0.0
2025-09-27 01:15,0.0
2025-09-27 01:30,0.0
2025-09-27 01:45,0.0
2025-09-27 02:00,0.0
2025-09-27 02:15,0.0
2025-09-27 02:30,0.0
2025-09-27 02:45,0.0
2025-09-27 03:00,0.0
2025-09-27 03:15,0.0
2025-09-27 03:30,0.0
2025-09-27 03:45,0.0
2025-09-27 04:00,0.0
2025-09-27 04:15,0.0
2025-09-27 04:30,0.0
2025-09-27 04:45,0.0
2025-09-27 05:00,0.0
2025-09-27 05:15,0.0
2025-09-27 05:30,0.0
2025-09-27 05:45,0.0
2025-09-27 06:00,0.0
2025-09-27 06:15,0.0
2025-09-27 06:30,0.0
2025-09-27 06:45,0.0
2025-09-27 07:00,0.0
2025-09-27 07:15,0.0
2025-09-27 07:30,0.0
2025-09-27 07:45,0.0
2025-09-27 08:00,0.0
2025-09-27 08:15,0.0
2025-09-27 08:30,0.0
2025-09-27 08:45,0.0
2025-09-27 09:00,0.0
2025-09-27 09:15,0.0
2025-09-27 09:30,0.0
2025-09-27 09:45,0.0
2025-09-27 10:00,0.0
2025-09-27 10:15,0.0
2025-09-27 10:30,0.0
2025-09-27 10:45,0.0
2025-09-27 11:00,0.0
2025-09-27 11:15,0.0
2025-09-27 11:30,0.0
2025-09-27 11:45,0.0
2025-09-27 12:00,0.0
2025-09-27 12:15,0.0
2025-09-27 12:30,0.0
2025-09-27 12:45,0.0
2025-09-27 13:00,0.0
2025-09-27 13:15,0.0
2025-09-27 13:30,0.0
2025-09-27 13:45,0.0
2025-09-27 14:00,0.0
2025-09-27 14:15,0.0
2025-09-27 14:30,0.004559
2025-09-27 14:45,0.0
2025-09-27 15:00,0.0
2025-09-27 15:15,0.0
2025-09-27 15:30,0.0
2025-09-27 15:45,0.0
2025-09-27 16:00,0.0
2025-09-27 16:15,0.0
2025-09-27 16:30,0.0
2025-09-27 16:45,0.0
2025-09-27 17:00,0.0
2025-09-27 17:15,0.0
2025-09-27 17:30,0.0
2025-09-27 17:45,0.0
2025-09-27 18:00,0.0
2025-09-27 18:15,0.0
2025-09-27 18:30,0.0
2025-09-27 18:45,0.0
2025-09-27 19:00,0.0
2025-09-27 19:15,0.0
2025-09-27 19:30,0.0
2025-09-27 19:45,0.0
2025-09-27 20:00,0.0
2025-09-27 20:15,0.0
2025-09-27 20:30,0.0
2025-09-27 20:45,0.0
2025-09-27 21:00,0.0
2025-09-27 21:15,0.0
2025-09-27 21:30,0.0
2025-09-27 21:45,0.0
2025-09-27 22:00,0.0
2025-09-27 22:15,0.0
2025-09-27 22:30,0.0
2025-09-27 22:45,0.0
2025-09-27 23:00,0.0
2025-09-27 23:15,0.0
2025-09-27 23:30,0.0
2025-09-27 23:45,0.0
2025-09-28 00:00,0.0
2025-09-28 00:15,0.0
2025-09-28 00:30,0.0
2025-09-28 00:45,0.0
2025-09-28 01:00,0.0
2025-09-28 01:15,0.0
2025-09-28 01:30,0.0
2025-09-28 01:45,0.0
2025-09-28 02:00,0.0
2025-09-28 02:15,0.0
2025-09-28 02:30,0.0
2025-09-28 02:45,0.0
2025-09-28 03:00,0.0
2025-09-28 03:15,0.0
2025-09-28 03:30,0.0
2025-09-28 03:45,0.0
2025-09-28 04:00,0.0
2025-09-28 04:15,0.0
2025-09-28 04:30,0.0
2025-09-28 04:45,0.0
2025-09-28 05:00,0.0
2025-09-28 05:15,0.0
2025-09-28 05:30,0.0
2025-09-28 05:45,0.0
2025-09-28 06:00,0.0
2025-09-28 06:15,0.0
2025-09-28 06:30,0.0
2025-09-28 06:45,0.008728
2025-09-28 07:00,0.0
2025-09-28 07:15,0.0
2025-09-28 07:30,0.00228
2025-09-28 07:45,0.0
2025-09-28 08:00,0.0
2025-09-28 08:15,0.0
2025-09-28 08:30,0.094962
2025-09-28 08:45,0.0
2025-09-28 09:00,0.0
2025-09-28 09:15,0.0
2025-09-28 09:30,0.00228
2025-09-28 09:45,0.0
2025-09-28 10:00,0.0
2025-09-28 10:15,0.0
2025-09-28 10:30,0.004559
2025-09-28 10:45,0.049435
2025-09-28 11:00,0.0
2025-09-28 11:15,0.0
2025-09-28 11:30,0.0
2025-09-28 11:45,0.0
2025-09-28 12:00,0.0
2025-09-28 12:15,0.0
2025-09-28 12:30,0.0
2025-09-28 12:45,0.0
2025-09-28 13:00,0.0
2025-09-28 13:15,0.0
2025-09-28 13:30,0.0
2025-09-28 13:45,0.0
2025-09-28 14:00,0.0
2025-09-28 14:15,0.0
2025-09-28 14:30,0.0
2025-09-28 14:45,0.0
2025-09-28 15:00,0.0
2025-09-28 15:15,0.0
2025-09-28 15:30,0.0
2025-09-28 15:45,0.0
2025-09-28 16:00,0.0
2025-09-28 16:15,0.0
2025-09-28 16:30,0.0
2025-09-28 16:45,0.0
2025-09-28 17:00,0.0
2025-09-28 17:15,0.0
2025-09-28 17:30,0.0
2025-09-28 17:45,0.0
2025-09-28 18:00,0.004168
2025-09-28 18:15,0.0
2025-09-28 18:30,0.0
2025-09-28 18:45,0.0
2025-09-28 19:00,0.0
2025-09-28 19:15,0.0
2025-09-28 19:30,0.0
2025-09-28 19:45,0.0
2025-09-28 20:00,0.0
2025-09-28 20:15,0.0
2025-09-28 20:30,0.0
2025-09-28 20:45,0.0
2025-09-28 21:00,0.0
2025-09-28 21:15,0.0
2025-09-28 21:30,0.0
2025-09-28 21:45,0.0
2025-09-28 22:00,0.0
2025-09-28 22:15,0.0
2025-09-28 22:30,0.0
2025-09-28 22:45,0.0
2025-09-28 23:00,0.049435
2025-09-28 23:15,0.0
2025-09-28 23:30,0.086234
2025-09-28 23:45,0.0
2025-09-29 00:00,0.09887
2025-09-29 00:15,0.0
2025-09-29 00:30,0.004168
2025-09-29 00:45,0.004559
2025-09-29 01:00,0.103169
2025-09-29 01:15,0.090403
2025-09-29 01:30,0.119484
2025-09-29 01:45,0.092617
2025-09-29 02:00,0.0
2025-09-29 02:15,0.00228
2025-09-29 02:30,0.051161
2025-09-29 02:45,0.004559
2025-09-29 03:00,0.004559
2025-09-29 03:15,0.333344
2025-09-29 03:30,0.0
2025-09-29 03:45,0.094962
2025-09-29 04:00,0.050966
2025-09-29 04:15,0.342723
2025-09-29 04:30,0.262188
2025-09-29 04:45,0.0
2025-09-29 05:00,0.060051
2025-09-29 05:15,0.071189
2025-09-29 05:30,0.0
2025-09-29 05:45,0.154981
2025-09-29 06:00,0.097567
2025-09-29 06:15,0.102387
2025-09-29 06:30,0.0
2025-09-29 06:45,0.00228
2025-09-29 07:00,0.01967
2025-09-29 07:15,0.0
2025-09-29 07:30,0.24216
2025-09-29 07:45,0.016804
2025-09-29 08:00,0.054124
2025-09-29 08:15,0.009118
2025-09-29 08:30,0.047286
2025-09-29 08:45,0.058488
2025-09-29 09:00,0.00228
2025-09-29 09:15,0.004527
2025-09-29 09:30,0.003061
2025-09-29 09:45,0.0
2025-09-29 10:00,0.0
2025-09-29 10:15,0.03693
2025-09-29 10:30,0.009118
2025-09-29 10:45,0.004168
2025-09-29 11:00,0.001889
2025-09-29 11:15,0.0
2025-09-29 11:30,0.0
2025-09-29 11:45,0.0
2025-09-29 12:00,0.004527
2025-09-29 12:15,0.0
2025-09-29 12:30,0.0
2025-09-29 12:45,0.0
2025-09-29 13:00,0.00228
2025-09-29 13:15,0.00508
2025-09-29 13:30,0.0
2025-09-29 13:45,0.004168
2025-09-29 14:00,0.0
2025-09-29 14:15,0.0
2025-09-29 14:30,0.003778
2025-09-29 14:45,0.0
2025-09-29 15:00,0.0
2025-09-29 15:15,0.0
2025-09-29 15:30,0.0
2025-09-29 15:45,0.0
2025-09-29 16:00,0.0
2025-09-29 16:15,0.0
2025-09-29 16:30,0.002084
2025-09-29 16:45,0.0
2025-09-29 17:00,0.0
2025-09-29 17:15,0.0
2025-09-29 17:30,0.033217
2025-09-29 17:45,0.022405
2025-09-29 18:00,0.0
2025-09-29 18:15,0.0
2025-09-29 18:30,0.0
2025-09-29 18:45,0.0
2025-09-29 19:00,0.0
2025-09-29 19:15,0.0
2025-09-29 19:30,0.0
2025-09-29 19:45,0.003094
2025-09-29 20:00,0.0
2025-09-29 20:15,0.0
2025-09-29 20:30,0.002084
2025-09-29 20:45,0.0
2025-09-29 21:00,0.002898
2025-09-29 21:15,0.00267
2025-09-29 21:30,0.0
2025-09-29 21:45,0.0
2025-09-29 22:00,0.021917
2025-09-29 22:15,0.0
2025-09-29 22:30,0.0
2025-09-29 22:45,0.0
2025-09-29 23:00,0.0
2025-09-29 23:15,0.049435
2025-09-29 23:30,0.006448
2025-09-29 23:45,0.083922
2025-09-30 00:00,0.096069
2025-09-30 00:15,0.020451
2025-09-30 00:30,0.142834
2025-09-30 00:45,0.006578
2025-09-30 01:00,0.346338
2025-09-30 01:15,0.178819
2025-09-30 01:30,0.224281
2025-09-30 01:45,0.152343
2025-09-30 02:00,0.0
2025-09-30 02:15,0.00394
2025-09-30 02:30,0.09887
2025-09-30 02:45,0.0
2025-09-30 03:00,0.0
2025-09-30 03:15,0.117823
2025-09-30 03:30,0.11017
2025-09-30 03:45,0.286449
2025-09-30 04:00,0.241834
2025-09-30 04:15,0.008597
2025-09-30 04:30,0.120363
2025-09-30 04:45,0.004396
2025-09-30 05:00,0.046895
2025-09-30 05:15,0.053831
2025-09-30 05:30,0.199759
2025-09-30 05:45,0.031035
2025-09-30 06:00,0.383952
2025-09-30 06:15,0.044192
2025-09-30 06:30,0.033347
2025-09-30 06:45,0.0
2025-09-30 07:00,0.029928
2025-09-30 07:15,0.0
2025-09-30 07:30,0.036669
2025-09-30 07:45,0.187579
2025-09-30 08:00,0.197251
2025-09-30 08:15,0.003778
2025-09-30 08:30,0.064611
2025-09-30 08:45,0.002084
2025-09-30 09:00,0.0
2025-09-30 09:15,0.146351
2025-09-30 09:30,0.0
2025-09-30 09:45,0.008337
2025-09-30 10:00,0.001889
2025-09-30 10:15,0.009118
2025-09-30 10:30,0.0
2025-09-30 10:45,0.0
2025-09-30 11:00,0.006383
2025-09-30 11:15,0.0
2025-09-30 11:30,0.09379
2025-09-30 11:45,0.0
2025-09-30 12:00,0.004559
2025-09-30 12:15,0.0
2025-09-30 12:30,0.0
2025-09-30 12:45,0.0
2025-09-30 13:00,0.0
2025-09-30 13:15,0.0
2025-09-30 13:30,0.0
2025-09-30 13:45,0.0
2025-09-30 14:00,0.0
2025-09-30 14:15,0.0
2025-09-30 14:30,0.006122
2025-09-30 14:45,0.0
2025-09-30 15:00,0.0
2025-09-30 15:15,0.0
2025-09-30 15:30,0.00228
2025-09-30 15:45,0.0
2025-09-30 16:00,0.0
2025-09-30 16:15,0.0
2025-09-30 16:30,0.0
2025-09-30 16:45,0.0
2025-09-30 17:00,0.0
2025-09-30 17:15,0.0
2025-09-30 17:30,0.0
2025-09-30 17:45,0.0
2025-09-30 18:00,0.0
2025-09-30 18:15,0.0
2025-09-30 18:30,0.0
2025-09-30 18:45,0.0
2025-09-30 19:00,0.0
2025-09-30 19:15,0.0
2025-09-30 19:30,0.0
2025-09-30 19:45,0.0
2025-09-30 20:00,0.0
2025-09-30 20:15,0.0
2025-09-30 20:30,0.0
2025-09-30 20:45,0.0
2025-09-30 21:00,0.0
2025-09-30 21:15,0.0
2025-09-30 21:30,0.0
2025-09-30 21:45,0.0
2025-09-30 22:00,0.0
2025-09-30 22:15,0.0
2025-09-30 22:30,0.0
2025-09-30 22:45,0.0
2025-09-30 23:00,0.0
2025-09-30 23:15,0.0
2025-09-30 23:30,0.109747
2025-09-30 23:45,0.055199
2025-10-01 00:00,0.0
2025-10-01 00:00,0.0
2025-10-01 00:15,0.000686
2025-10-01 00:30,0.003853
2025-10-01 00:45,0.007148
2025-10-01 01:00,0.00103
2025-10-01 01:15,0.014889
2025-10-01 01:30,0.0
2025-10-01 01:45,0.0
2025-10-01 02:00,0.000931
2025-10-01 02:15,0.000343
2025-10-01 02:30,0.0
2025-10-01 02:45,0.014884
2025-10-01 03:00,0.0
2025-10-01 03:15,0.000686
2025-10-01 03:30,0.0
2025-10-01 03:45,0.018531
2025-10-01 04:00,0.007785
2025-10-01 04:15,0.000343
2025-10-01 04:30,0.007442
2025-10-01 04:45,0.021561
2025-10-01 05:00,0.015095
2025-10-01 05:15,0.0
2025-10-01 05:30,0.007162
2025-10-01 05:45,0.0
2025-10-01 06:00,0.0
2025-10-01 06:15,0.005589
2025-10-01 06:30,0.141955
2025-10-01 06:45,0.003814
2025-10-01 07:00,0.00706
2025-10-01 07:15,0.000686
2025-10-01 07:30,0.0
2025-10-01 07:45,0.0
2025-10-01 08:00,0.000343
2025-10-01 08:15,0.000495
2025-10-01 08:30,0.001657
2025-10-01 08:45,0.0
2025-10-01 09:00,0.001059
2025-10-01 09:15,0.0
2025-10-01 09:30,0.0
2025-10-01 09:45,0.0
2025-10-01 10:00,0.0
2025-10-01 10:15,0.0
2025-10-01 10:30,0.0
2025-10-01 10:45,0.0
2025-10-01 11:00,0.0
2025-10-01 11:15,0.0
2025-10-01 11:30,0.0
2025-10-01 11:45,0.0
2025-10-01 12:00,0.0
2025-10-01 12:15,0.0
2025-10-01 12:30,0.0
2025-10-01 12:45,0.0
2025-10-01 13:00,0.0
2025-10-01 13:15,0.0
2025-10-01 13:30,0.0
2025-10-01 13:45,0.0
2025-10-01 14:00,0.0
2025-10-01 14:15,0.0
2025-10-01 14:30,0.0
2025-10-01 14:45,0.0
2025-10-01 15:00,0.0
2025-10-01 15:15,0.007442
2025-10-01 15:30,0.0
2025-10-01 15:45,0.0
2025-10-01 16:00,0.001353
2025-10-01 16:15,0.0
2025-10-01 16:30,0.0
2025-10-01 16:45,0.0
2025-10-01 17:00,0.000343
2025-10-01 17:15,0.0
2025-10-01 17:30,0.0
2025-10-01 17:45,0.000569
2025-10-01 18:00,0.0
2025-10-01 18:15,0.0
2025-10-01 18:30,0.000686
2025-10-01 18:45,0.0
2025-10-01 19:00,0.0
2025-10-01 19:15,0.0
2025-10-01 19:30,0.0
2025-10-01 19:45,0.000402
2025-10-01 20:00,0.0
2025-10-01 20:15,0.0
2025-10-01 20:30,0.0
2025-10-01 20:45,0.004996
2025-10-01 21:00,0.0
2025-10-01 21:15,0.0
2025-10-01 21:30,0.0
2025-10-01 21:45,0.0
2025-10-01 22:00,0.0
2025-10-01 22:15,0.0
2025-10-01 22:30,0.0
2025-10-01 22:45,0.0
2025-10-01 23:00,0.000343
2025-10-01 23:15,0.015668
2025-10-01 23:30,0.003995
2025-10-01 23:45,0.007442
2025-10-02 00:00,0.000402
2025-10-02 00:15,0.000495
2025-10-02 00:30,0.021267
2025-10-02 00:45,0.021492
2025-10-02 01:00,0.025002
2025-10-02 01:15,0.028415
2025-10-02 01:30,0.001593
2025-10-02 01:45,0.001848
2025-10-02 02:00,0.045681
2025-10-02 02:15,0.009913
2025-10-02 02:30,0.015198
2025-10-02 02:45,0.008545
2025-10-02 03:00,0.007162
2025-10-02 03:15,0.014462
2025-10-02 03:30,0.000495
2025-10-02 03:45,0.02209
2025-10-02 04:00,0.01006
2025-10-02 04:15,0.018316
2025-10-02 04:30,0.0
2025-10-02 04:45,0.0
2025-10-02 05:00,0.007442
2025-10-02 05:15,0.014884
2025-10-02 05:30,0.007785
2025-10-02 05:45,0.008932
2025-10-02 06:00,0.0
2025-10-02 06:15,0.007442
2025-10-02 06:30,0.008128
2025-10-02 06:45,0.0
2025-10-02 07:00,0.000422
2025-10-02 07:15,0.0
2025-10-02 07:30,0.0
2025-10-02 07:45,0.781057
2025-10-02 08:00,0.074419
2025-10-02 08:15,0.378905
2025-10-02 08:30,0.0
2025-10-02 08:45,0.0
2025-10-02 09:00,0.0
2025-10-02 09:15,0.567644
2025-10-02 09:30,0.56732
2025-10-02 09:45,0.0
2025-10-02 10:00,0.007442
2025-10-02 10:15,0.000343
2025-10-02 10:30,0.0
2025-10-02 10:45,0.0
2025-10-02 11:00,0.0
2025-10-02 11:15,0.0
2025-10-02 11:30,0.0
2025-10-02 11:45,0.783008
2025-10-02 12:00,0.0
2025-10-02 12:15,0.0
2025-10-02 12:30,0.0
2025-10-02 12:45,0.0
2025-10-02 13:00,0.0
2025-10-02 13:15,0.0
2025-10-02 13:30,0.0
2025-10-02 13:45,0.0
2025-10-02 14:00,0.0
2025-10-02 14:15,0.0
2025-10-02 14:30,0.0
2025-10-02 14:45,0.000343
2025-10-02 15:00,0.0
2025-10-02 15:15,0.015364
2025-10-02 15:30,0.0
2025-10-02 15:45,0.0
2025-10-02 16:00,0.0
2025-10-02 16:15,0.0
2025-10-02 16:30,0.487714
2025-10-02 16:45,1.0
2025-10-02 17:00,0.559878
2025-10-02 17:15,0.0
2025-10-02 17:30,0.0
2025-10-02 17:45,0.0
2025-10-02 18:00,0.0
2025-10-02 18:15,0.0
2025-10-02 18:30,0.0
2025-10-02 18:45,0.0
2025-10-02 19:00,0.0
2025-10-02 19:15,0.0
2025-10-02 19:30,0.0
2025-10-02 19:45,0.096745
2025-10-02 20:00,0.0
2025-10-02 20:15,0.0
2025-10-02 20:30,0.0
2025-10-02 20:45,0.0
2025-10-02 21:00,0.000343
2025-10-02 21:15,0.002642
2025-10-02 21:30,0.0
2025-10-02 21:45,0.0
2025-10-02 22:00,0.725257
2025-10-02 22:15,0.074419
2025-10-02 22:30,0.044651
2025-10-02 22:45,0.089989
2025-10-02 23:00,0.059535
2025-10-02 23:15,0.0166
2025-10-02 23:30,0.029768
2025-10-02 23:45,0.121816
2025-10-03 00:00,0.092735
2025-10-03 00:15,0.068742
2025-10-03 00:30,0.078135
2025-10-03 00:45,0.11907
2025-10-03 01:00,0.089989
2025-10-03 01:15,0.163722
2025-10-03 01:30,0.136013
2025-10-03 01:45,0.045338
2025-10-03 02:00,0.104187
2025-10-03 02:15,0.0
2025-10-03 02:30,0.064908
2025-10-03 02:45,0.000343
2025-10-03 03:00,0.0
2025-10-03 03:15,0.0
2025-10-03 03:30,0.265183
2025-10-03 03:45,0.022326
2025-10-03 04:00,0.262643
2025-10-03 04:15,0.075105
2025-10-03 04:30,0.106589
2025-10-03 04:45,0.189626
2025-10-03 05:00,0.402079
2025-10-03 05:15,0.357898
2025-10-03 05:30,0.0
2025-10-03 05:45,0.0
2025-10-03 06:00,0.339435
2025-10-03 06:15,0.014884
2025-10-03 06:30,0.0
2025-10-03 06:45,0.000343
2025-10-03 07:00,0.0
2025-10-03 07:15,0.015247
2025-10-03 07:30,0.000961
2025-10-03 07:45,0.0
2025-10-03 08:00,0.000343
2025-10-03 08:15,0.000686
2025-10-03 08:30,0.0
2025-10-03 08:45,0.0
2025-10-03 09:00,0.0
2025-10-03 09:15,0.0
2025-10-03 09:30,0.0
2025-10-03 09:45,0.885038
2025-10-03 10:00,0.930876
2025-10-03 10:15,0.954162
2025-10-03 10:30,0.100578
2025-10-03 10:45,0.309432
2025-10-03 11:00,0.066977
2025-10-03 11:15,0.089989
2025-10-03 11:30,0.060222
2025-10-03 11:45,0.180665
2025-10-03 12:00,0.091362
2025-10-03 12:15,0.045338
2025-10-03 12:30,0.075792
2025-10-03 12:45,0.090676
2025-10-03 13:00,0.74019
2025-10-03 13:15,0.529826
2025-10-03 13:30,0.150211
2025-10-03 13:45,0.19349
2025-10-03 14:00,0.149495
2025-10-03 14:15,0.091705
2025-10-03 14:30,0.089989
2025-10-03 14:45,0.104187
2025-10-03 15:00,0.142073
2025-10-03 15:15,0.075105
2025-10-03 15:30,0.12113
2025-10-03 15:45,0.150897
2025-10-03 16:00,0.102422
2025-10-03 16:15,0.002628
2025-10-03 16:30,0.0
2025-10-03 16:45,0.035298
2025-10-03 17:00,0.165173
2025-10-03 17:15,0.515482
2025-10-03 17:30,0.955015
2025-10-03 17:45,0.209403
2025-10-03 18:00,0.081861
2025-10-03 18:15,0.25528
2025-10-03 18:30,0.892068
2025-10-03 18:45,0.655721
2025-10-03 19:00,0.399
2025-10-03 19:15,0.261918
2025-10-03 19:30,0.022326
2025-10-03 19:45,0.249152
2025-10-03 20:00,0.00501
2025-10-03 20:15,0.0
2025-10-03 20:30,0.0
2025-10-03 20:45,0.214796
2025-10-03 21:00,0.092048
2025-10-03 21:15,0.143132
2025-10-03 21:30,0.269968
2025-10-03 21:45,0.584116
2025-10-03 22:00,0.681567
2025-10-03 22:15,0.325002
2025-10-03 22:30,0.338072
2025-10-03 22:45,0.0
2025-10-03 23:00,0.030454
2025-10-03 23:15,0.077164
2025-10-03 23:30,0.187783
2025-10-03 23:45,0.0
2025-10-04 00:00,0.00048
2025-10-04 00:15,0.0
2025-10-04 00:30,0.0
2025-10-04 00:45,0.0
2025-10-04 01:00,0.0
2025-10-04 01:15,0.0
2025-10-04 01:30,0.0
2025-10-04 01:45,0.0
2025-10-04 02:00,0.0
2025-10-04 02:15,0.0
2025-10-04 02:30,0.0
2025-10-04 02:45,0.0
2025-10-04 03:00,0.0
2025-10-04 03:15,0.0
2025-10-04 03:30,0.0
2025-10-04 03:45,0.00706
2025-10-04 04:00,0.0
2025-10-04 04:15,0.0
2025-10-04 04:30,0.0
2025-10-04 04:45,0.0
2025-10-04 05:00,0.0
2025-10-04 05:15,0.0
2025-10-04 05:30,0.0
2025-10-04 05:45,0.0
2025-10-04 06:00,0.0
2025-10-04 06:15,0.0
2025-10-04 06:30,0.0
2025-10-04 06:45,0.0
2025-10-04 07:00,0.0
2025-10-04 07:15,0.0
2025-10-04 07:30,0.0
2025-10-04 07:45,0.0
2025-10-04 08:00,0.0
2025-10-04 08:15,0.0
2025-10-04 08:30,0.0
2025-10-04 08:45,0.014119
2025-10-04 09:00,0.0
2025-10-04 09:15,0.0
2025-10-04 09:30,0.000343
2025-10-04 09:45,0.0
2025-10-04 10:00,0.000686
2025-10-04 10:15,0.0
2025-10-04 10:30,0.0
2025-10-04 10:45,0.0
2025-10-04 11:00,0.0
2025-10-04 11:15,0.0
2025-10-04 11:30,0.0
2025-10-04 11:45,0.0
2025-10-04 12:00,0.000966
2025-10-04 12:15,0.0
2025-10-04 12:30,0.0
2025-10-04 12:45,0.0
2025-10-04 13:00,0.0
2025-10-04 13:15,0.0
2025-10-04 13:30,0.0
2025-10-04 13:45,0.0
2025-10-04 14:00,0.0
2025-10-04 14:15,0.000456
2025-10-04 14:30,0.0
2025-10-04 14:45,0.000456
2025-10-04 15:00,0.0
2025-10-04 15:15,0.0
2025-10-04 15:30,0.0
2025-10-04 15:45,0.0
2025-10-04 16:00,0.0
2025-10-04 16:15,0.0
2025-10-04 16:30,0.0
2025-10-04 16:45,0.0
2025-10-04 17:00,0.0
2025-10-04 17:15,0.0
2025-10-04 17:30,0.0
2025-10-04 17:45,0.0
2025-10-04 18:00,0.0
2025-10-04 18:15,0.0
2025-10-04 18:30,0.0
2025-10-04 18:45,0.0
2025-10-04 19:00,0.0
2025-10-04 19:15,0.0
2025-10-04 19:30,0.0
2025-10-04 19:45,0.0
2025-10-04 20:00,0.0
2025-10-04 20:15,0.0
2025-10-04 20:30,0.0
2025-10-04 20:45,0.0
2025-10-04 21:00,0.0
2025-10-04 21:15,0.0
2025-10-04 21:30,0.0
2025-10-04 21:45,0.0
2025-10-04 22:00,0.0
2025-10-04 22:15,0.0
2025-10-04 22:30,0.0
2025-10-04 22:45,0.0
2025-10-04 23:00,0.0
2025-10-04 23:15,0.0
2025-10-04 23:30,0.0
2025-10-04 23:45,0.0
2025-10-05 00:00,0.000873
2025-10-05 00:15,0.0
2025-10-05 00:30,0.0
2025-10-05 00:45,0.000569
2025-10-05 01:00,0.0
2025-10-05 01:15,0.0
2025-10-05 01:30,0.0
2025-10-05 01:45,0.0
2025-10-05 02:00,0.0
2025-10-05 02:15,0.0
2025-10-05 02:30,0.0
2025-10-05 02:45,0.0
2025-10-05 03:00,0.0
2025-10-05 03:15,0.0
2025-10-05 03:30,0.000343
2025-10-05 03:45,0.0
2025-10-05 04:00,0.0
2025-10-05 04:15,0.0
2025-10-05 04:30,0.001275
2025-10-05 04:45,0.0
2025-10-05 05:00,0.0
2025-10-05 05:15,0.0
2025-10-05 05:30,0.0
2025-10-05 05:45,0.000912
2025-10-05 06:00,0.0
2025-10-05 06:15,0.0
2025-10-05 06:30,0.0
2025-10-05 06:45,0.0
2025-10-05 07:00,0.0
2025-10-05 07:15,0.0
2025-10-05 07:30,0.0
2025-10-05 07:45,0.0
2025-10-05 08:00,0.0
2025-10-05 08:15,0.0
2025-10-05 08:30,0.000284
2025-10-05 08:45,0.001142
2025-10-05 09:00,0.0
2025-10-05 09:15,0.0
2025-10-05 09:30,0.0
2025-10-05 09:45,0.0
2025-10-05 10:00,0.0
2025-10-05 10:15,0.0
2025-10-05 10:30,0.0
2025-10-05 10:45,0.0
2025-10-05 11:00,0.0
2025-10-05 11:15,0.000681
2025-10-05 11:30,0.0
2025-10-05 11:45,0.0
2025-10-05 12:00,0.0
2025-10-05 12:15,0.0
2025-10-05 12:30,0.0
2025-10-05 12:45,0.0
2025-10-05 13:00,0.0
2025-10-05 13:15,0.007442
2025-10-05 13:30,0.0
2025-10-05 13:45,0.000343
2025-10-05 14:00,0.000628
2025-10-05 14:15,0.0
2025-10-05 14:30,0.0
2025-10-05 14:45,0.0
2025-10-05 15:00,0.0
2025-10-05 15:15,0.000922
2025-10-05 15:30,0.0
2025-10-05 15:45,0.0
2025-10-05 16:00,0.0
2025-10-05 16:15,0.000456
2025-10-05 16:30,0.0
2025-10-05 16:45,0.0
2025-10-05 17:00,0.0
2025-10-05 17:15,0.0
2025-10-05 17:30,0.0
2025-10-05 17:45,0.0
2025-10-05 18:00,0.0
2025-10-05 18:15,0.0
2025-10-05 18:30,0.0
2025-10-05 18:45,0.000284
2025-10-05 19:00,0.0
2025-10-05 19:15,0.0
2025-10-05 19:30,0.0
2025-10-05 19:45,0.0
2025-10-05 20:00,0.0
2025-10-05 20:15,0.0
2025-10-05 20:30,0.0
2025-10-05 20:45,0.0
2025-10-05 21:00,0.0
2025-10-05 21:15,0.0
2025-10-05 21:30,0.005657
2025-10-05 21:45,0.070595
2025-10-05 22:00,0.014884
2025-10-05 22:15,0.0
2025-10-05 22:30,0.0
2025-10-05 22:45,0.0
2025-10-05 23:00,0.0
2025-10-05 23:15,0.0
2025-10-05 23:30,0.0
2025-10-05 23:45,0.000284
2025-10-06 00:00,0.0
2025-10-06 00:15,0.014884
2025-10-06 00:30,0.0
2025-10-06 00:45,0.0
2025-10-06 01:00,0.0
2025-10-06 01:15,0.0
2025-10-06 01:30,0.0
2025-10-06 01:45,0.000461
2025-10-06 02:00,0.0
2025-10-06 02:15,0.000343
2025-10-06 02:30,0.0
2025-10-06 02:45,0.0
2025-10-06 03:00,0.00504
2025-10-06 03:15,0.0
2025-10-06 03:30,0.000922
2025-10-06 03:45,0.0
2025-10-06 04:00,0.00048
2025-10-06 04:15,0.0
2025-10-06 04:30,0.0
2025-10-06 04:45,0.0
2025-10-06 05:00,0.000343
2025-10-06 05:15,0.000686
2025-10-06 05:30,0.014296
2025-10-06 05:45,0.0
2025-10-06 06:00,0.0
2025-10-06 06:15,0.0
2025-10-06 06:30,0.0
2025-10-06 06:45,0.0
2025-10-06 07:00,0.0
2025-10-06 07:15,0.0
2025-10-06 07:30,0.0025
2025-10-06 07:45,0.0
2025-10-06 08:00,0.0
2025-10-06 08:15,0.0
2025-10-06 08:30,0.0
2025-10-06 08:45,0.0
2025-10-06 09:00,0.000873
2025-10-06 09:15,0.0
2025-10-06 09:30,0.000284
2025-10-06 09:45,0.000681
2025-10-06 10:00,0.0
2025-10-06 10:15,0.0
2025-10-06 10:30,0.0
2025-10-06 10:45,0.0
2025-10-06 11:00,0.0
2025-10-06 11:15,0.0
2025-10-06 11:30,0.0
2025-10-06 11:45,0.0
2025-10-06 12:00,0.0
2025-10-06 12:15,0.0
2025-10-06 12:30,0.0
2025-10-06 12:45,0.0
2025-10-06 13:00,0.0
2025-10-06 13:15,0.0
2025-10-06 13:30,0.0
2025-10-06 13:45,0.0
2025-10-06 14:00,0.0
2025-10-06 14:15,0.0
2025-10-06 14:30,0.0
2025-10-06 14:45,0.0
2025-10-06 15:00,0.0
2025-10-06 15:15,0.0
2025-10-06 15:30,0.0
2025-10-06 15:45,0.0
2025-10-06 16:00,0.0
2025-10-06 16:15,0.014119
2025-10-06 16:30,0.014884
2025-10-06 16:45,0.0
2025-10-06 17:00,0.000765
2025-10-06 17:15,0.014119
2025-10-06 17:30,0.0
2025-10-06 17:45,0.0
2025-10-06 18:00,0.000456
2025-10-06 18:15,0.0
2025-10-06 18:30,0.0
2025-10-06 18:45,0.0
2025-10-06 19:00,0.000569
2025-10-06 19:15,0.0
2025-10-06 19:30,0.0
2025-10-06 19:45,0.0
2025-10-06 20:00,0.0
2025-10-06 20:15,0.0
2025-10-06 20:30,0.0
2025-10-06 20:45,0.091774
2025-10-06 21:00,0.000686
2025-10-06 21:15,0.0
2025-10-06 21:30,0.0
2025-10-06 21:45,0.0
2025-10-06 22:00,0.0
2025-10-06 22:15,0.000343
2025-10-06 22:30,0.0
2025-10-06 22:45,0.0
2025-10-06 23:00,0.0
2025-10-06 23:15,0.0
2025-10-06 23:30,0.0
2025-10-06 23:45,0.0
2025-10-07 00:00,0.0
2025-10-07 00:15,0.0
2025-10-07 00:30,0.0
2025-10-07 00:45,0.0
2025-10-07 01:00,0.000569
2025-10-07 01:15,0.0
2025-10-07 01:30,0.000628
2025-10-07 01:45,0.0
2025-10-07 02:00,0.0
2025-10-07 02:15,0.0
2025-10-07 02:30,0.0
2025-10-07 02:45,0.0
2025-10-07 03:00,0.0
2025-10-07 03:15,0.0
2025-10-07 03:30,0.0
2025-10-07 03:45,0.0
2025-10-07 04:00,0.0
2025-10-07 04:15,0.0
2025-10-07 04:30,0.000343
2025-10-07 04:45,0.0
2025-10-07 05:00,0.0
2025-10-07 05:15,0.0
2025-10-07 05:30,0.0
2025-10-07 05:45,0.0
2025-10-07 06:00,0.0
2025-10-07 06:15,0.0
2025-10-07 06:30,0.0
2025-10-07 06:45,0.0
2025-10-07 07:00,0.0
2025-10-07 07:15,0.0
2025-10-07 07:30,0.014884
2025-10-07 07:45,0.0
2025-10-07 08:00,0.0
2025-10-07 08:15,0.0
2025-10-07 08:30,0.0
2025-10-07 08:45,0.000343
2025-10-07 09:00,0.0
2025-10-07 09:15,0.0
2025-10-07 09:30,0.0
2025-10-07 09:45,0.0
2025-10-07 10:00,0.0
2025-10-07 10:15,0.000544
2025-10-07 10:30,0.0
2025-10-07 10:45,0.0
2025-10-07 11:00,0.0
2025-10-07 11:15,0.0
2025-10-07 11:30,0.0
2025-10-07 11:45,0.0
2025-10-07 12:00,0.0
2025-10-07 12:15,0.0
2025-10-07 12:30,0.0
2025-10-07 12:45,0.0
2025-10-07 13:00,0.0
2025-10-07 13:15,0.0
2025-10-07 13:30,0.0
2025-10-07 13:45,0.0
2025-10-07 14:00,0.0
2025-10-07 14:15,0.0
2025-10-07 14:30,0.000961
2025-10-07 14:45,0.0
2025-10-07 15:00,0.0
2025-10-07 15:15,0.0
2025-10-07 15:30,0.0
2025-10-07 15:45,0.014805
2025-10-07 16:00,0.000284
2025-10-07 16:15,0.0
2025-10-07 16:30,0.0
2025-10-07 16:45,0.0
2025-10-07 17:00,0.0
2025-10-07 17:15,0.0
2025-10-07 17:30,0.0
2025-10-07 17:45,0.0
2025-10-07 18:00,0.0
2025-10-07 18:15,0.0
2025-10-07 18:30,0.0
2025-10-07 18:45,0.000343
2025-10-07 19:00,0.0
2025-10-07 19:15,0.0
2025-10-07 19:30,0.0
2025-10-07 19:45,0.000314
2025-10-07 20:00,0.0
2025-10-07 20:15,0.0
2025-10-07 20:30,0.0
2025-10-07 20:45,0.0
2025-10-07 21:00,0.0
2025-10-07 21:15,0.00706
2025-10-07 21:30,0.0
2025-10-07 21:45,0.0
2025-10-07 22:00,0.0
2025-10-07 22:15,0.0
2025-10-07 22:30,0.0
2025-10-07 22:45,0.0
2025-10-07 23:00,0.0
2025-10-07 23:15,0.0
2025-10-07 23:30,0.0
2025-10-07 23:45,0.0
2025-10-08 00:00,0.0
2025-10-08 00:00,0.0
2025-10-08 00:15,0.0
2025-10-08 00:30,0.0
2025-10-08 00:45,0.001236
2025-10-08 01:00,0.026814
2025-10-08 01:15,0.0
2025-10-08 01:30,0.0
2025-10-08 01:45,0.078323
2025-10-08 02:00,0.0
2025-10-08 02:15,0.0
2025-10-08 02:30,0.0
2025-10-08 02:45,0.0
2025-10-08 03:00,0.003886
2025-10-08 03:15,0.0
2025-10-08 03:30,0.0
2025-10-08 03:45,0.004557
2025-10-08 04:00,0.0
2025-10-08 04:15,0.051509
2025-10-08 04:30,0.0
2025-10-08 04:45,0.0
2025-10-08 05:00,0.0
2025-10-08 05:15,0.0
2025-10-08 05:30,0.0
2025-10-08 05:45,0.054865
2025-10-08 06:00,0.028051
2025-10-08 06:15,0.066594
2025-10-08 06:30,0.0
2025-10-08 06:45,0.0
2025-10-08 07:00,0.0
2025-10-08 07:15,0.0
2025-10-08 07:30,0.0
2025-10-08 07:45,0.008479
2025-10-08 08:00,0.002473
2025-10-08 08:15,0.0
2025-10-08 08:30,0.0
2025-10-08 08:45,0.0
2025-10-08 09:00,0.0
2025-10-08 09:15,0.0
2025-10-08 09:30,0.0
2025-10-08 09:45,0.0
2025-10-08 10:00,0.00431
2025-10-08 10:15,0.0
2025-10-08 10:30,0.0
2025-10-08 10:45,0.0
2025-10-08 11:00,0.0
2025-10-08 11:15,0.00166
2025-10-08 11:30,0.0
2025-10-08 11:45,0.005794
2025-10-08 12:00,0.0
2025-10-08 12:15,0.0
2025-10-08 12:30,0.0
2025-10-08 12:45,0.0
2025-10-08 13:00,0.0
2025-10-08 13:15,0.0
2025-10-08 13:30,0.0
2025-10-08 13:45,0.0
2025-10-08 14:00,0.0
2025-10-08 14:15,0.0
2025-10-08 14:30,0.053628
2025-10-08 14:45,0.0
2025-10-08 15:00,0.0
2025-10-08 15:15,0.0
2025-10-08 15:30,0.0
2025-10-08 15:45,0.0
2025-10-08 16:00,0.0
2025-10-08 16:15,0.0
2025-10-08 16:30,0.0
2025-10-08 16:45,0.127182
2025-10-08 17:00,0.0
2025-10-08 17:15,0.0
2025-10-08 17:30,0.0
2025-10-08 17:45,0.0
2025-10-08 18:00,0.0
2025-10-08 18:15,0.0
2025-10-08 18:30,0.0
2025-10-08 18:45,0.0
2025-10-08 19:00,0.0
2025-10-08 19:15,0.0
2025-10-08 19:30,0.0
2025-10-08 19:45,0.0
2025-10-08 20:00,0.0
2025-10-08 20:15,0.0
2025-10-08 20:30,0.0
2025-10-08 20:45,0.0
2025-10-08 21:00,0.0
2025-10-08 21:15,0.0
2025-10-08 21:30,0.0
2025-10-08 21:45,0.0
2025-10-08 22:00,0.0
2025-10-08 22:15,0.0
2025-10-08 22:30,0.0
2025-10-08 22:45,0.0
2025-10-08 23:00,0.0
2025-10-08 23:15,0.0
2025-10-08 23:30,0.0
2025-10-08 23:45,0.0
2025-10-09 00:00,0.0
2025-10-09 00:15,0.0
2025-10-09 00:30,0.0
2025-10-09 00:45,0.0
2025-10-09 01:00,0.0
2025-10-09 01:15,0.00537
2025-10-09 01:30,0.0
2025-10-09 01:45,0.050873
2025-10-09 02:00,0.0
2025-10-09 02:15,0.0
2025-10-09 02:30,0.0
2025-10-09 02:45,0.0
2025-10-09 03:00,0.003091
2025-10-09 03:15,0.0
2025-10-09 03:30,0.0
2025-10-09 03:45,0.0
2025-10-09 04:00,0.0
2025-10-09 04:15,0.0
2025-10-09 04:30,0.0
2025-10-09 04:45,0.0
2025-10-09 05:00,0.0
2025-10-09 05:15,0.0
2025-10-09 05:30,0.0
2025-10-09 05:45,0.0
2025-10-09 06:00,0.0
2025-10-09 06:15,0.028051
2025-10-09 06:30,0.0
2025-10-09 06:45,0.0
2025-10-09 07:00,0.0
2025-10-09 07:15,0.0
2025-10-09 07:30,0.0
2025-10-09 07:45,0.0
2025-10-09 08:00,0.0
2025-10-09 08:15,0.0
2025-10-09 08:30,0.0
2025-10-09 08:45,0.0
2025-10-09 09:00,0.0
2025-10-09 09:15,0.0
2025-10-09 09:30,0.0
2025-10-09 09:45,0.002155
2025-10-09 10:00,0.002473
2025-10-09 10:15,0.0
2025-10-09 10:30,0.0
2025-10-09 10:45,0.0
2025-10-09 11:00,0.0
2025-10-09 11:15,0.0
2025-10-09 11:30,0.0
2025-10-09 11:45,0.0
2025-10-09 12:00,0.001025
2025-10-09 12:15,0.0
2025-10-09 12:30,0.0
2025-10-09 12:45,0.0
2025-10-09 13:00,0.0
2025-10-09 13:15,0.0
2025-10-09 13:30,0.0
2025-10-09 13:45,0.0
2025-10-09 14:00,0.0
2025-10-09 14:15,0.0
2025-10-09 14:30,0.002473
2025-10-09 14:45,0.0
2025-10-09 15:00,0.0
2025-10-09 15:15,0.0
2025-10-09 15:30,0.0
2025-10-09 15:45,0.0
2025-10-09 16:00,0.0
2025-10-09 16:15,0.20349
2025-10-09 16:30,0.0
2025-10-09 16:45,0.0
2025-10-09 17:00,0.0
2025-10-09 17:15,0.0
2025-10-09 17:30,0.0
2025-10-09 17:45,0.0
2025-10-09 18:00,0.0
2025-10-09 18:15,0.0
2025-10-09 18:30,0.0
2025-10-09 18:45,0.0
2025-10-09 19:00,0.0
2025-10-09 19:15,0.0
2025-10-09 19:30,0.0
2025-10-09 19:45,0.0
2025-10-09 20:00,0.0
2025-10-09 20:15,0.0
2025-10-09 20:30,0.0
2025-10-09 20:45,0.0
2025-10-09 21:00,0.0
2025-10-09 21:15,0.0
2025-10-09 21:30,0.0
2025-10-09 21:45,0.0
2025-10-09 22:00,0.0
2025-10-09 22:15,0.0
2025-10-09 22:30,0.0
2025-10-09 22:45,0.0
2025-10-09 23:00,0.025436
2025-10-09 23:15,0.20349
2025-10-09 23:30,0.079948
2025-10-09 23:45,0.041299
2025-10-10 00:00,0.002261
2025-10-10 00:15,0.077687
2025-10-10 00:30,0.0
2025-10-10 00:45,0.053628
2025-10-10 01:00,0.004628
2025-10-10 01:15,0.113156
2025-10-10 01:30,0.0
2025-10-10 01:45,0.013478
2025-10-10 02:00,0.002756
2025-10-10 02:15,0.002473
2025-10-10 02:30,0.0
2025-10-10 02:45,0.0
2025-10-10 03:00,0.056596
2025-10-10 03:15,0.0
2025-10-10 03:30,0.002473
2025-10-10 03:45,0.002261
2025-10-10 04:00,0.0
2025-10-10 04:15,0.001643
2025-10-10 04:30,0.0
2025-10-10 04:45,0.0
2025-10-10 05:00,0.007066
2025-10-10 05:15,0.0
2025-10-10 05:30,0.0
2025-10-10 05:45,0.0
2025-10-10 06:00,0.002473
2025-10-10 06:15,0.028475
2025-10-10 06:30,0.0
2025-10-10 06:45,0.0
2025-10-10 07:00,0.076309
2025-10-10 07:15,0.082915
2025-10-10 07:30,0.055271
2025-10-10 07:45,0.039002
2025-10-10 08:00,0.0
2025-10-10 08:15,0.002261
2025-10-10 08:30,0.0
2025-10-10 08:45,0.026814
2025-10-10 09:00,0.006606
2025-10-10 09:15,0.0
2025-10-10 09:30,0.002473
2025-10-10 09:45,0.0
2025-10-10 10:00,0.0
2025-10-10 10:15,0.0
2025-10-10 10:30,0.0
2025-10-10 10:45,0.0
2025-10-10 11:00,0.0
2025-10-10 11:15,0.0
2025-10-10 11:30,0.0
2025-10-10 11:45,0.0
2025-10-10 12:00,0.0
2025-10-10 12:15,0.00166
2025-10-10 12:30,0.0
2025-10-10 12:45,0.0
2025-10-10 13:00,0.0
2025-10-10 13:15,0.0
2025-10-10 13:30,0.0
2025-10-10 13:45,0.0
2025-10-10 14:00,0.0
2025-10-10 14:15,0.0
2025-10-10 14:30,0.053628
2025-10-10 14:45,0.323076
2025-10-10 15:00,0.0
2025-10-10 15:15,0.0
2025-10-10 15:30,0.0
2025-10-10 15:45,0.0
2025-10-10 16:00,0.0
2025-10-10 16:15,0.0
2025-10-10 16:30,0.0
2025-10-10 16:45,0.001236
2025-10-10 17:00,0.0
2025-10-10 17:15,0.0
2025-10-10 17:30,0.0
2025-10-10 17:45,0.0
2025-10-10 18:00,0.0
2025-10-10 18:15,0.0
2025-10-10 18:30,0.0
2025-10-10 18:45,0.0
2025-10-10 19:00,0.0
2025-10-10 19:15,0.0
2025-10-10 19:30,0.0
2025-10-10 19:45,0.0
2025-10-10 20:00,0.0
2025-10-10 20:15,0.0
2025-10-10 20:30,0.0
2025-10-10 20:45,0.0
2025-10-10 21:00,0.0
2025-10-10 21:15,0.0
2025-10-10 21:30,0.0
2025-10-10 21:45,0.0
2025-10-10 22:00,0.0
2025-10-10 22:15,0.0
2025-10-10 22:30,0.0
2025-10-10 22:45,0.0
2025-10-10 23:00,0.0
2025-10-10 23:15,0.0
2025-10-10 23:30,0.0
2025-10-10 23:45,0.0
2025-10-11 00:00,0.0
2025-10-11 00:15,0.0
2025-10-11 00:30,0.0
2025-10-11 00:45,0.0
2025-10-11 01:00,0.0
2025-10-11 01:15,0.0
2025-10-11 01:30,0.0
2025-10-11 01:45,0.0
2025-10-11 02:00,0.0
2025-10-11 02:15,0.0
2025-10-11 02:30,0.0
2025-10-11 02:45,0.0
2025-10-11 03:00,0.0
2025-10-11 03:15,0.0
2025-10-11 03:30,0.0
2025-10-11 03:45,0.0
2025-10-11 04:00,0.0
2025-10-11 04:15,0.0
2025-10-11 04:30,0.0
2025-10-11 04:45,0.0
2025-10-11 05:00,0.0
2025-10-11 05:15,0.0
2025-10-11 05:30,0.0
2025-10-11 05:45,0.0
2025-10-11 06:00,0.0
2025-10-11 06:15,0.0
2025-10-11 06:30,0.0
2025-10-11 06:45,0.0
2025-10-11 07:00,0.0
2025-10-11 07:15,0.0
2025-10-11 07:30,0.0
2025-10-11 07:45,0.0
2025-10-11 08:00,0.0
2025-10-11 08:15,0.0
2025-10-11 08:30,0.0
2025-10-11 08:45,0.0
2025-10-11 09:00,0.0
2025-10-11 09:15,0.0
2025-10-11 09:30,0.0
2025-10-11 09:45,0.0
2025-10-11 10:00,0.0
2025-10-11 10:15,0.0
2025-10-11 10:30,0.0
2025-10-11 10:45,0.0
2025-10-11 11:00,0.0
2025-10-11 11:15,0.0
2025-10-11 11:30,0.0
2025-10-11 11:45,0.0
2025-10-11 12:00,0.0
2025-10-11 12:15,0.0
2025-10-11 12:30,0.0
2025-10-11 12:45,0.0
2025-10-11 13:00,0.0
2025-10-11 13:15,0.0
2025-10-11 13:30,0.0
2025-10-11 13:45,0.0
2025-10-11 14:00,0.0
2025-10-11 14:15,0.0
2025-10-11 14:30,0.0
2025-10-11 14:45,0.0
2025-10-11 15:00,0.0
2025-10-11 15:15,0.0
2025-10-11 15:30,0.001131
2025-10-11 15:45,0.0
2025-10-11 16:00,0.0
2025-10-11 16:15,0.0
2025-10-11 16:30,0.0
2025-10-11 16:45,0.001236
2025-10-11 17:00,0.002756
2025-10-11 17:15,0.0
2025-10-11 17:30,0.0
2025-10-11 17:45,0.0
2025-10-11 18:00,0.0
2025-10-11 18:15,0.0
2025-10-11 18:30,0.0
2025-10-11 18:45,0.0
2025-10-11 19:00,0.026814
2025-10-11 19:15,0.0
2025-10-11 19:30,0.0
2025-10-11 19:45,0.0
2025-10-11 20:00,0.0
2025-10-11 20:15,0.0
2025-10-11 20:30,0.0
2025-10-11 20:45,0.0
2025-10-11 21:00,0.0
2025-10-11 21:15,0.0
2025-10-11 21:30,0.0
2025-10-11 21:45,0.0
2025-10-11 22:00,0.0
2025-10-11 22:15,0.0
2025-10-11 22:30,0.0
2025-10-11 22:45,0.0
2025-10-11 23:00,0.0
2025-10-11 23:15,0.0
2025-10-11 23:30,0.0
2025-10-11 23:45,0.0
2025-10-12 00:00,0.0
2025-10-12 00:15,0.0
2025-10-12 00:30,0.0
2025-10-12 00:45,0.0
2025-10-12 01:00,0.0
2025-10-12 01:15,0.0
2025-10-12 01:30,0.0
2025-10-12 01:45,0.0
2025-10-12 02:00,0.0
2025-10-12 02:15,0.0
2025-10-12 02:30,0.0
2025-10-12 02:45,0.0
2025-10-12 03:00,0.0
2025-10-12 03:15,0.0
2025-10-12 03:30,0.0
2025-10-12 03:45,0.0
2025-10-12 04:00,0.0
2025-10-12 04:15,0.0
2025-10-12 04:30,0.0
2025-10-12 04:45,0.0
2025-10-12 05:00,0.0
2025-10-12 05:15,0.0
2025-10-12 05:30,0.0
2025-10-12 05:45,0.0
2025-10-12 06:00,0.0
2025-10-12 06:15,0.0
2025-10-12 06:30,0.0
2025-10-12 06:45,0.0
2025-10-12 07:00,0.0
2025-10-12 07:15,0.0
2025-10-12 07:30,0.0
2025-10-12 07:45,0.0
2025-10-12 08:00,0.0
2025-10-12 08:15,0.0
2025-10-12 08:30,0.0
2025-10-12 08:45,0.0
2025-10-12 09:00,0.0
2025-10-12 09:15,0.0
2025-10-12 09:30,0.0
2025-10-12 09:45,0.0
2025-10-12 10:00,0.0
2025-10-12 10:15,0.0
2025-10-12 10:30,0.0
2025-10-12 10:45,0.0
2025-10-12 11:00,0.0
2025-10-12 11:15,0.0
2025-10-12 11:30,0.0
2025-10-12 11:45,0.0
2025-10-12 12:00,0.0
2025-10-12 12:15,0.0
2025-10-12 12:30,0.0
2025-10-12 12:45,0.0
2025-10-12 13:00,0.0
2025-10-12 13:15,0.0
2025-10-12 13:30,0.0
2025-10-12 13:45,0.0
2025-10-12 14:00,0.0
2025-10-12 14:15,0.0
2025-10-12 14:30,0.0
2025-10-12 14:45,0.0
2025-10-12 15:00,0.0
2025-10-12 15:15,0.0
2025-10-12 15:30,0.0
2025-10-12 15:45,0.0
2025-10-12 16:00,0.0
2025-10-12 16:15,0.0
2025-10-12 16:30,0.0
2025-10-12 16:45,0.0
2025-10-12 17:00,0.0
2025-10-12 17:15,0.0
2025-10-12 17:30,0.0
2025-10-12 17:45,0.0
2025-10-12 18:00,0.0
2025-10-12 18:15,0.0
2025-10-12 18:30,0.0
2025-10-12 18:45,0.0
2025-10-12 19:00,0.0
2025-10-12 19:15,0.0
2025-10-12 19:30,0.0
2025-10-12 19:45,0.050873
2025-10-12 20:00,0.0
2025-10-12 20:15,0.0
2025-10-12 20:30,0.0
2025-10-12 20:45,0.0
2025-10-12 21:00,0.0
2025-10-12 21:15,0.0
2025-10-12 21:30,0.0
2025-10-12 21:45,0.0
2025-10-12 22:00,0.0
2025-10-12 22:15,0.0
2025-10-12 22:30,0.053628
2025-10-12 22:45,0.0
2025-10-12 23:00,0.138963
2025-10-12 23:15,0.084947
2025-10-12 23:30,0.071257
2025-10-12 23:45,0.025436
2025-10-13 00:00,0.0
2025-10-13 00:15,0.053522
2025-10-13 00:30,0.115347
2025-10-13 00:45,0.152618
2025-10-13 01:00,0.053717
2025-10-13 01:15,0.050873
2025-10-13 01:30,0.020314
2025-10-13 01:45,0.028192
2025-10-13 02:00,0.050873
2025-10-13 02:15,0.002049
2025-10-13 02:30,0.0
2025-10-13 02:45,0.050873
2025-10-13 03:00,0.0
2025-10-13 03:15,0.018653
2025-10-13 03:30,0.029958
2025-10-13 03:45,0.0
2025-10-13 04:00,0.053346
2025-10-13 04:15,0.034657
2025-10-13 04:30,0.062602
2025-10-13 04:45,0.03176
2025-10-13 05:00,0.004946
2025-10-13 05:15,0.00862
2025-10-13 05:30,0.027909
2025-10-13 05:45,0.103529
2025-10-13 06:00,0.027998
2025-10-13 06:15,0.077051
2025-10-13 06:30,0.034233
2025-10-13 06:45,0.029216
2025-10-13 07:00,0.027238
2025-10-13 07:15,0.060058
2025-10-13 07:30,0.003497
2025-10-13 07:45,0.142161
2025-10-13 08:00,0.003321
2025-10-13 08:15,0.076309
2025-10-13 08:30,0.057055
2025-10-13 08:45,0.017593
2025-10-13 09:00,0.029287
2025-10-13 09:15,0.003462
2025-10-13 09:30,0.0
2025-10-13 09:45,0.0
2025-10-13 10:00,0.037483
2025-10-13 10:15,0.0
2025-10-13 10:30,0.0
2025-10-13 10:45,0.0
2025-10-13 11:00,0.003286
2025-10-13 11:15,0.0
2025-10-13 11:30,0.0
2025-10-13 11:45,0.0
2025-10-13 12:00,0.002049
2025-10-13 12:15,0.0
2025-10-13 12:30,0.0
2025-10-13 12:45,0.0
2025-10-13 13:00,0.0
2025-10-13 13:15,0.0
2025-10-13 13:30,0.0
2025-10-13 13:45,0.0
2025-10-13 14:00,0.0
2025-10-13 14:15,0.0
2025-10-13 14:30,0.0
2025-10-13 14:45,0.0
2025-10-13 15:00,0.0
2025-10-13 15:15,0.0
2025-10-13 15:30,0.0
2025-10-13 15:45,0.107256
2025-10-13 16:00,0.0
2025-10-13 16:15,0.0
2025-10-13 16:30,0.0
2025-10-13 16:45,0.0
2025-10-13 17:00,0.002897
2025-10-13 17:15,0.0
2025-10-13 17:30,0.0
2025-10-13 17:45,0.0
2025-10-13 18:00,0.0
2025-10-13 18:15,0.001025
2025-10-13 18:30,0.001572
2025-10-13 18:45,0.0
2025-10-13 19:00,0.0
2025-10-13 19:15,0.0
2025-10-13 19:30,0.0
2025-10-13 19:45,0.0
2025-10-13 20:00,0.0
2025-10-13 20:15,0.0
2025-10-13 20:30,0.0
2025-10-13 20:45,0.0
2025-10-13 21:00,0.0
2025-10-13 21:15,0.0
2025-10-13 21:30,0.0
2025-10-13 21:45,0.0
2025-10-13 22:00,0.0
2025-10-13 22:15,0.0
2025-10-13 22:30,0.0
2025-10-13 22:45,0.0
2025-10-13 23:00,0.026814
2025-10-13 23:15,0.027945
2025-10-13 23:30,0.177595
2025-10-13 23:45,0.130997
2025-10-14 00:00,0.001572
2025-10-14 00:15,0.027697
2025-10-14 00:30,0.018459
2025-10-14 00:45,0.040362
2025-10-14 01:00,0.09906
2025-10-14 01:15,0.001236
2025-10-14 01:30,0.051509
2025-10-14 01:45,0.027097
2025-10-14 02:00,0.0
2025-10-14 02:15,0.002473
2025-10-14 02:30,0.026814
2025-10-14 02:45,0.0
2025-10-14 03:00,0.050873
2025-10-14 03:15,0.001236
2025-10-14 03:30,0.003709
2025-10-14 03:45,0.010369
2025-10-14 04:00,0.002703
2025-10-14 04:15,0.176641
2025-10-14 04:30,0.013001
2025-10-14 04:45,0.0
2025-10-14 05:00,0.081679
2025-10-14 05:15,0.0
2025-10-14 05:30,0.001236
2025-10-14 05:45,0.067883
2025-10-14 06:00,0.084576
2025-10-14 06:15,0.042394
2025-10-14 06:30,0.005017
2025-10-14 06:45,0.0
2025-10-14 07:00,0.055677
2025-10-14 07:15,0.027697
2025-10-14 07:30,0.010651
2025-10-14 07:45,0.001784
2025-10-14 08:00,0.002862
2025-10-14 08:15,0.051403
2025-10-14 08:30,0.0
2025-10-14 08:45,0.108493
2025-10-14 09:00,0.0
2025-10-14 09:15,0.078782
2025-10-14 09:30,0.0
2025-10-14 09:45,0.0
2025-10-14 10:00,0.0
2025-10-14 10:15,0.0
2025-10-14 10:30,0.0
2025-10-14 10:45,0.0
2025-10-14 11:00,0.0
2025-10-14 11:15,0.002261
2025-10-14 11:30,0.0
2025-10-14 11:45,0.0
2025-10-14 12:00,0.0
2025-10-14 12:15,0.051509
2025-10-14 12:30,0.0
2025-10-14 12:45,0.0
2025-10-14 13:00,0.0
2025-10-14 13:15,0.0
2025-10-14 13:30,0.001025
2025-10-14 13:45,0.053628
2025-10-14 14:00,0.0
2025-10-14 14:15,0.0
2025-10-14 14:30,0.0
2025-10-14 14:45,0.0
2025-10-14 15:00,0.0
2025-10-14 15:15,0.0
2025-10-14 15:30,0.0
2025-10-14 15:45,0.0
2025-10-14 16:00,0.0
2025-10-14 16:15,0.0
2025-10-14 16:30,0.0
2025-10-14 16:45,0.0
2025-10-14 17:00,0.0
2025-10-14 17:15,0.0
2025-10-14 17:30,0.0
2025-10-14 17:45,0.0
2025-10-14 18:00,0.0
2025-10-14 18:15,0.0
2025-10-14 18:30,0.0
2025-10-14 18:45,0.0
2025-10-14 19:00,0.003038
2025-10-14 19:15,0.0
2025-10-14 19:30,0.160885
2025-10-14 19:45,0.51936
2025-10-14 20:00,0.40963
2025-10-14 20:15,0.438918
2025-10-14 20:30,0.0
2025-10-14 20:45,0.053628
2025-10-14 21:00,0.0
2025-10-14 21:15,0.0
2025-10-14 21:30,0.0
2025-10-14 21:45,0.0
2025-10-14 22:00,0.0
2025-10-14 22:15,0.0
2025-10-14 22:30,0.0
2025-10-14 22:45,0.078323
2025-10-14 23:00,0.152618
2025-10-14 23:15,0.522433
2025-10-14 23:30,0.163552
2025-10-14 23:45,0.007419
2025-10-15 00:00,1.0
2025-10-15 00:00,0.315363
2025-10-15 00:15,0.056742
2025-10-15 00:30,0.000925
2025-10-15 00:45,0.008668
2025-10-15 01:00,0.029753
2025-10-15 01:15,0.016066
2025-10-15 01:30,0.008022
2025-10-15 01:45,0.008456
2025-10-15 02:00,0.0
2025-10-15 02:15,0.0
2025-10-15 02:30,0.00156
2025-10-15 02:45,0.0
2025-10-15 03:00,0.000457
2025-10-15 03:15,0.0
2025-10-15 03:30,0.025413
2025-10-15 03:45,0.001426
2025-10-15 04:00,0.0
2025-10-15 04:15,0.0
2025-10-15 04:30,0.025034
2025-10-15 04:45,0.017603
2025-10-15 05:00,0.017302
2025-10-15 05:15,0.005136
2025-10-15 05:30,0.0
2025-10-15 05:45,0.000713
2025-10-15 06:00,0.004646
2025-10-15 06:15,0.046693
2025-10-15 06:30,0.002902
2025-10-15 06:45,0.000646
2025-10-15 07:00,0.016043
2025-10-15 07:15,0.028009
2025-10-15 07:30,0.000992
2025-10-15 07:45,0.000373
2025-10-15 08:00,0.004044
2025-10-15 08:15,0.000496
2025-10-15 08:30,0.0
2025-10-15 08:45,0.0
2025-10-15 09:00,0.016912
2025-10-15 09:15,0.00078
2025-10-15 09:30,0.0
2025-10-15 09:45,0.00156
2025-10-15 10:00,0.145493
2025-10-15 10:15,0.096616
2025-10-15 10:30,0.0
2025-10-15 10:45,0.0
2025-10-15 11:00,0.0
2025-10-15 11:15,0.0
2025-10-15 11:30,0.0
2025-10-15 11:45,0.0
2025-10-15 12:00,0.0
2025-10-15 12:15,0.0
2025-10-15 12:30,0.0
2025-10-15 12:45,0.0
2025-10-15 13:00,0.0
2025-10-15 13:15,0.0
2025-10-15 13:30,0.0
2025-10-15 13:45,0.0
2025-10-15 14:00,0.0
2025-10-15 14:15,0.0
2025-10-15 14:30,0.0
2025-10-15 14:45,0.0
2025-10-15 15:00,0.008456
2025-10-15 15:15,0.000524
2025-10-15 15:30,0.0
2025-10-15 15:45,0.0
2025-10-15 16:00,0.0
2025-10-15 16:15,0.0
2025-10-15 16:30,0.0
2025-10-15 16:45,0.0
2025-10-15 17:00,0.0
2025-10-15 17:15,0.0
2025-10-15 17:30,0.0
2025-10-15 17:45,0.0
2025-10-15 18:00,0.0
2025-10-15 18:15,0.0
2025-10-15 18:30,0.0
2025-10-15 18:45,0.0
2025-10-15 19:00,0.0
2025-10-15 19:15,0.0
2025-10-15 19:30,0.000646
2025-10-15 19:45,0.0
2025-10-15 20:00,0.0
2025-10-15 20:15,0.0
2025-10-15 20:30,0.0
2025-10-15 20:45,0.0
2025-10-15 21:00,0.0
2025-10-15 21:15,0.0
2025-10-15 21:30,0.0
2025-10-15 21:45,0.000914
2025-10-15 22:00,0.0
2025-10-15 22:15,0.0
2025-10-15 22:30,0.0
2025-10-15 22:45,0.0
2025-10-15 23:00,0.00078
2025-10-15 23:15,0.107635
2025-10-15 23:30,0.104159
2025-10-15 23:45,0.033295
2025-10-16 00:00,0.005292
2025-10-16 00:15,0.077565
2025-10-16 00:30,0.016244
2025-10-16 00:45,0.010205
2025-10-16 01:00,0.00078
2025-10-16 01:15,0.00039
2025-10-16 01:30,0.008913
2025-10-16 01:45,0.017436
2025-10-16 02:00,0.0
2025-10-16 02:15,0.0
2025-10-16 02:30,0.0
2025-10-16 02:45,0.0
2025-10-16 03:00,0.0
2025-10-16 03:15,0.000713
2025-10-16 03:30,0.0
2025-10-16 03:45,0.016595
2025-10-16 04:00,0.034733
2025-10-16 04:15,0.000323
2025-10-16 04:30,0.008022
2025-10-16 04:45,0.00039
2025-10-16 05:00,0.0
2025-10-16 05:15,0.028989
2025-10-16 05:30,0.002384
2025-10-16 05:45,0.016912
2025-10-16 06:00,0.000457
2025-10-16 06:15,0.004345
2025-10-16 06:30,0.018316
2025-10-16 06:45,0.00039
2025-10-16 07:00,0.065488
2025-10-16 07:15,0.016043
2025-10-16 07:30,0.000457
2025-10-16 07:45,0.016912
2025-10-16 08:00,0.008022
2025-10-16 08:15,0.009236
2025-10-16 08:30,0.0
2025-10-16 08:45,0.00068
2025-10-16 09:00,0.032087
2025-10-16 09:15,0.03339
2025-10-16 09:30,0.00078
2025-10-16 09:45,0.008456
2025-10-16 10:00,0.0
2025-10-16 10:15,0.0
2025-10-16 10:30,0.0
2025-10-16 10:45,0.0
2025-10-16 11:00,0.0
2025-10-16 11:15,0.0
2025-10-16 11:30,0.0
2025-10-16 11:45,0.00078
2025-10-16 12:00,0.00078
2025-10-16 12:15,0.101474
2025-10-16 12:30,0.059193
2025-10-16 12:45,0.000646
2025-10-16 13:00,0.0
2025-10-16 13:15,0.0
2025-10-16 13:30,0.0
2025-10-16 13:45,0.0
2025-10-16 14:00,0.003292
2025-10-16 14:15,0.0
2025-10-16 14:30,0.0
2025-10-16 14:45,0.0
2025-10-16 15:00,0.0
2025-10-16 15:15,0.0
2025-10-16 15:30,0.0
2025-10-16 15:45,0.0
2025-10-16 16:00,0.0
2025-10-16 16:15,0.0
2025-10-16 16:30,0.050737
2025-10-16 16:45,0.059193
2025-10-16 17:00,0.0
2025-10-16 17:15,0.0
2025-10-16 17:30,0.016912
2025-10-16 17:45,0.0
2025-10-16 18:00,0.0
2025-10-16 18:15,0.0
2025-10-16 18:30,0.0
2025-10-16 18:45,0.00117
2025-10-16 19:00,0.0
2025-10-16 19:15,0.0
2025-10-16 19:30,0.0
2025-10-16 19:45,0.147236
2025-10-16 20:00,0.0
2025-10-16 20:15,0.0
2025-10-16 20:30,0.0
2025-10-16 20:45,0.0
2025-10-16 21:00,0.0
2025-10-16 21:15,0.0
2025-10-16 21:30,0.0
2025-10-16 21:45,0.0
2025-10-16 22:00,0.0
2025-10-16 22:15,0.000323
2025-10-16 22:30,0.0
2025-10-16 22:45,0.0
2025-10-16 23:00,0.00078
2025-10-16 23:15,0.120325
2025-10-16 23:30,0.116949
2025-10-16 23:45,0.036376
2025-10-17 00:00,0.023263
2025-10-17 00:15,0.001816
2025-10-17 00:30,0.016756
2025-10-17 00:45,0.0
2025-10-17 01:00,0.038231
2025-10-17 01:15,0.002139
2025-10-17 01:30,0.068106
2025-10-17 01:45,0.009776
2025-10-17 02:00,0.001593
2025-10-17 02:15,0.017993
2025-10-17 02:30,0.0
2025-10-17 02:45,0.0
2025-10-17 03:00,0.042693
2025-10-17 03:15,0.0
2025-10-17 03:30,0.000953
2025-10-17 03:45,0.005075
2025-10-17 04:00,0.042626
2025-10-17 04:15,0.051082
2025-10-17 04:30,0.037841
2025-10-17 04:45,0.00234
2025-10-17 05:00,0.237653
2025-10-17 05:15,0.129628
2025-10-17 05:30,0.154461
2025-10-17 05:45,0.167981
2025-10-17 06:00,0.112203
2025-10-17 06:15,0.141315
2025-10-17 06:30,0.093642
2025-10-17 06:45,0.083631
2025-10-17 07:00,0.129895
2025-10-17 07:15,0.080244
2025-10-17 07:30,0.11901
2025-10-17 07:45,0.036164
2025-10-17 08:00,0.138284
2025-10-17 08:15,0.202736
2025-10-17 08:30,0.235904
2025-10-17 08:45,0.122286
2025-10-17 09:00,0.144089
2025-10-17 09:15,0.034605
2025-10-17 09:30,0.220573
2025-10-17 09:45,0.130007
2025-10-17 10:00,0.237185
2025-10-17 10:15,0.687289
2025-10-17 10:30,0.138418
2025-10-17 10:45,0.106153
2025-10-17 11:00,0.051873
2025-10-17 11:15,0.89027
2025-10-17 11:30,0.068429
2025-10-17 11:45,0.038504
2025-10-17 12:00,0.103034
2025-10-17 12:15,0.152991
2025-10-17 12:30,0.069209
2025-10-17 12:45,0.034605
2025-10-17 13:00,0.358457
2025-10-17 13:15,0.0
2025-10-17 13:30,0.0
2025-10-17 13:45,0.0
2025-10-17 14:00,0.035886
2025-10-17 14:15,0.229876
2025-10-17 14:30,0.118386
2025-10-17 14:45,0.365587
2025-10-17 15:00,1.0
2025-10-17 15:15,0.522177
2025-10-17 15:30,0.503292
2025-10-17 15:45,0.405383
2025-10-17 16:00,0.008456
2025-10-17 16:15,0.356808
2025-10-17 16:30,0.147877
2025-10-17 16:45,0.0
2025-10-17 17:00,0.0
2025-10-17 17:15,0.0
2025-10-17 17:30,0.0
2025-10-17 17:45,0.0
2025-10-17 18:00,0.0
2025-10-17 18:15,0.008456
2025-10-17 18:30,0.016244
2025-10-17 18:45,0.0
2025-10-17 19:00,0.0
2025-10-17 19:15,0.008456
2025-10-17 19:30,0.0
2025-10-17 19:45,0.0
2025-10-17 20:00,0.0
2025-10-17 20:15,0.0
2025-10-17 20:30,0.0
2025-10-17 20:45,0.0
2025-10-17 21:00,0.032087
2025-10-17 21:15,0.0
2025-10-17 21:30,0.09626
2025-10-17 21:45,0.00078
2025-10-17 22:00,0.0
2025-10-17 22:15,0.0
2025-10-17 22:30,0.000418
2025-10-17 22:45,0.0
2025-10-17 23:00,0.0
2025-10-17 23:15,0.0
2025-10-17 23:30,0.0
2025-10-17 23:45,0.0
2025-10-18 00:00,0.0
2025-10-18 00:15,0.0
2025-10-18 00:30,0.0
2025-10-18 00:45,0.0
2025-10-18 01:00,0.0
2025-10-18 01:15,0.032443
2025-10-18 01:30,0.0
2025-10-18 01:45,0.0
2025-10-18 02:00,0.0
2025-10-18 02:15,0.008022
2025-10-18 02:30,0.0
2025-10-18 02:45,0.0
2025-10-18 03:00,0.0
2025-10-18 03:15,0.0
2025-10-18 03:30,0.0
2025-10-18 03:45,0.016912
2025-10-18 04:00,0.0
2025-10-18 04:15,0.0
2025-10-18 04:30,0.0
2025-10-18 04:45,0.0
2025-10-18 05:00,0.0
2025-10-18 05:15,0.0
2025-10-18 05:30,0.0
2025-10-18 05:45,0.0
2025-10-18 06:00,0.0
2025-10-18 06:15,0.0
2025-10-18 06:30,0.0
2025-10-18 06:45,0.0
2025-10-18 07:00,0.0
2025-10-18 07:15,0.000323
2025-10-18 07:30,0.0
2025-10-18 07:45,0.0
2025-10-18 08:00,0.0
2025-10-18 08:15,0.0
2025-10-18 08:30,0.0
2025-10-18 08:45,0.0
2025-10-18 09:00,0.0
2025-10-18 09:15,0.0
2025-10-18 09:30,0.0
2025-10-18 09:45,0.0
2025-10-18 10:00,0.000451
2025-10-18 10:15,0.0
2025-10-18 10:30,0.0
2025-10-18 10:45,0.0
2025-10-18 11:00,0.00039
2025-10-18 11:15,0.0
2025-10-18 11:30,0.0
2025-10-18 11:45,0.0
2025-10-18 12:00,0.0
2025-10-18 12:15,0.0
2025-10-18 12:30,0.0
2025-10-18 12:45,0.0
2025-10-18 13:00,0.0
2025-10-18 13:15,0.0
2025-10-18 13:30,0.0
2025-10-18 13:45,0.0
2025-10-18 14:00,0.0
2025-10-18 14:15,0.0
2025-10-18 14:30,0.0
2025-10-18 14:45,0.0
2025-10-18 15:00,0.0
2025-10-18 15:15,0.00039
2025-10-18 15:30,0.0
2025-10-18 15:45,0.00039
2025-10-18 16:00,0.0
2025-10-18 16:15,0.0
2025-10-18 16:30,0.0
2025-10-18 16:45,0.0
2025-10-18 17:00,0.0
2025-10-18 17:15,0.0
2025-10-18 17:30,0.0
2025-10-18 17:45,0.0
2025-10-18 18:00,0.0
2025-10-18 18:15,0.001047
2025-10-18 18:30,0.0
2025-10-18 18:45,0.0
2025-10-18 19:00,0.0
2025-10-18 19:15,0.0
2025-10-18 19:30,0.0
2025-10-18 19:45,0.0
2025-10-18 20:00,0.0
2025-10-18 20:15,0.0
2025-10-18 20:30,0.00117
2025-10-18 20:45,0.0
2025-10-18 21:00,0.001359
2025-10-18 21:15,0.0
2025-10-18 21:30,0.0
2025-10-18 21:45,0.0
2025-10-18 22:00,0.0
2025-10-18 22:15,0.0
2025-10-18 22:30,0.0
2025-10-18 22:45,0.0
2025-10-18 23:00,0.00039
2025-10-18 23:15,0.0
2025-10-18 23:30,0.0
2025-10-18 23:45,0.0
2025-10-19 00:00,0.0
2025-10-19 00:15,0.0
2025-10-19 00:30,0.0
2025-10-19 00:45,0.0
2025-10-19 01:00,0.0
2025-10-19 01:15,0.0
2025-10-19 01:30,0.0
2025-10-19 01:45,0.0
2025-10-19 02:00,0.0
2025-10-19 02:15,0.0
2025-10-19 02:30,0.0
2025-10-19 02:45,0.0
2025-10-19 03:00,0.0
2025-10-19 03:15,0.0
2025-10-19 03:30,0.0
2025-10-19 03:45,0.0
2025-10-19 04:00,0.0
2025-10-19 04:15,0.0
2025-10-19 04:30,0.0
2025-10-19 04:45,0.0
2025-10-19 05:00,0.000323
2025-10-19 05:15,0.0
2025-10-19 05:30,0.0
2025-10-19 05:45,0.0
2025-10-19 06:00,0.0
2025-10-19 06:15,0.0
2025-10-19 06:30,0.0
2025-10-19 06:45,0.0
2025-10-19 07:00,0.0
2025-10-19 07:15,0.0
2025-10-19 07:30,0.0
2025-10-19 07:45,0.0
2025-10-19 08:00,0.0
2025-10-19 08:15,0.0
2025-10-19 08:30,0.0
2025-10-19 08:45,0.0
2025-10-19 09:00,0.0
2025-10-19 09:15,0.0
2025-10-19 09:30,0.0
2025-10-19 09:45,0.0
2025-10-19 10:00,0.0
2025-10-19 10:15,0.0
2025-10-19 10:30,0.0
2025-10-19 10:45,0.0
2025-10-19 11:00,0.0
2025-10-19 11:15,0.077275
2025-10-19 11:30,0.0
2025-10-19 11:45,0.0
2025-10-19 12:00,0.001058
2025-10-19 12:15,0.0
2025-10-19 12:30,0.0
2025-10-19 12:45,0.0
2025-10-19 13:00,0.0
2025-10-19 13:15,0.0
2025-10-19 13:30,0.0
2025-10-19 13:45,0.0
2025-10-19 14:00,0.0
2025-10-19 14:15,0.0
2025-10-19 14:30,0.0
2025-10-19 14:45,0.0
2025-10-19 15:00,0.0
2025-10-19 15:15,0.000323
2025-10-19 15:30,0.0
2025-10-19 15:45,0.0
2025-10-19 16:00,0.0
2025-10-19 16:15,0.0
2025-10-19 16:30,0.0
2025-10-19 16:45,0.0
2025-10-19 17:00,0.0
2025-10-19 17:15,0.0
2025-10-19 17:30,0.0
2025-10-19 17:45,0.0
2025-10-19 18:00,0.0
2025-10-19 18:15,0.0
2025-10-19 18:30,0.0
2025-10-19 18:45,0.0
2025-10-19 19:00,0.0
2025-10-19 19:15,0.0
2025-10-19 19:30,0.0
2025-10-19 19:45,0.0
2025-10-19 20:00,0.0
2025-10-19 20:15,0.0
2025-10-19 20:30,0.0
2025-10-19 20:45,0.0
2025-10-19 21:00,0.0
2025-10-19 21:15,0.0
2025-10-19 21:30,0.0
2025-10-19 21:45,0.008456
2025-10-19 22:00,0.0
2025-10-19 22:15,0.0
2025-10-19 22:30,0.0
2025-10-19 22:45,0.034605
2025-10-19 23:00,0.060218
2025-10-19 23:15,0.01738
2025-10-19 23:30,0.010228
2025-10-19 23:45,0.017191
2025-10-20 00:00,0.013798
2025-10-20 00:15,0.009392
2025-10-20 00:30,0.029792
2025-10-20 00:45,0.035396
2025-10-20 01:00,0.00078
2025-10-20 01:15,0.089564
2025-10-20 01:30,0.032933
2025-10-20 01:45,0.008022
2025-10-20 02:00,0.0
2025-10-20 02:15,0.000485
2025-10-20 02:30,0.001047
2025-10-20 02:45,0.00039
2025-10-20 03:00,0.00039
2025-10-20 03:15,0.020611
2025-10-20 03:30,0.00805
2025-10-20 03:45,0.009754
2025-10-20 04:00,0.04061
2025-10-20 04:15,0.086985
2025-10-20 04:30,0.0
2025-10-20 04:45,0.163943
2025-10-20 05:00,0.025747
2025-10-20 05:15,0.015392
2025-10-20 05:30,0.010478
2025-10-20 05:45,0.019168
2025-10-20 06:00,0.036181
2025-10-20 06:15,0.010595
2025-10-20 06:30,0.011175
2025-10-20 06:45,0.009698
2025-10-20 07:00,0.017269
2025-10-20 07:15,0.00918
2025-10-20 07:30,0.019503
2025-10-20 07:45,0.021269
2025-10-20 08:00,0.024277
2025-10-20 08:15,0.001883
2025-10-20 08:30,0.023786
2025-10-20 08:45,0.016043
2025-10-20 09:00,0.001627
2025-10-20 09:15,0.0
2025-10-20 09:30,0.0
2025-10-20 09:45,0.00039
2025-10-20 10:00,0.000435
2025-10-20 10:15,0.000958
2025-10-20 10:30,0.019965
2025-10-20 10:45,0.008456
2025-10-20 11:00,0.0
2025-10-20 11:15,0.000646
2025-10-20 11:30,0.000357
2025-10-20 11:45,0.0
2025-10-20 12:00,0.0
2025-10-20 12:15,0.0
2025-10-20 12:30,0.0
2025-10-20 12:45,0.0
2025-10-20 13:00,0.0
2025-10-20 13:15,0.0
2025-10-20 13:30,0.0
2025-10-20 13:45,0.008022
2025-10-20 14:00,0.0
2025-10-20 14:15,0.0
2025-10-20 14:30,0.0
2025-10-20 14:45,0.0
2025-10-20 15:00,0.0
2025-10-20 15:15,0.00078
2025-10-20 15:30,0.008456
2025-10-20 15:45,0.0
2025-10-20 16:00,0.00039
2025-10-20 16:15,0.0
2025-10-20 16:30,0.0
2025-10-20 16:45,0.0
2025-10-20 17:00,0.0
2025-10-20 17:15,0.007186
2025-10-20 17:30,0.0
2025-10-20 17:45,0.0
2025-10-20 18:00,0.032087
2025-10-20 18:15,0.0
2025-10-20 18:30,0.0
2025-10-20 18:45,0.000713
2025-10-20 19:00,0.0
2025-10-20 19:15,0.0
2025-10-20 19:30,0.0
2025-10-20 19:45,0.008022
2025-10-20 20:00,0.00078
2025-10-20 20:15,0.0
2025-10-20 20:30,0.001259
2025-10-20 20:45,0.0
2025-10-20 21:00,0.0
2025-10-20 21:15,0.0
2025-10-20 21:30,0.0
2025-10-20 21:45,0.000479
2025-10-20 22:00,0.0
2025-10-20 22:15,0.000914
2025-10-20 22:30,0.0
2025-10-20 22:45,0.0
2025-10-20 23:00,0.064886
2025-10-20 23:15,0.056608
2025-10-20 23:30,0.05028
2025-10-20 23:45,0.018795
2025-10-21 00:00,0.018907
2025-10-21 00:15,0.083236
2025-10-21 00:30,0.000323
2025-10-21 00:45,0.038359
2025-10-21 01:00,0.001604
2025-10-21 01:15,0.008345
2025-10-21 01:30,0.001983
2025-10-21 01:45,0.002406
2025-10-21 02:00,0.016043
2025-10-21 02:15,0.0
2025-10-21 02:30,0.000902
2025-10-21 02:45,0.0
2025-10-21 03:00,0.05243
2025-10-21 03:15,0.09626
2025-10-21 03:30,0.000969
2025-10-21 03:45,0.008345
2025-10-21 04:00,0.024839
2025-10-21 04:15,0.016043
2025-10-21 04:30,0.017018
2025-10-21 04:45,0.001593
2025-10-21 05:00,0.017213
2025-10-21 05:15,0.084294
2025-10-21 05:30,0.00078
2025-10-21 05:45,0.002329
2025-10-21 06:00,0.032627
2025-10-21 06:15,0.129995
2025-10-21 06:30,0.111462
2025-10-21 06:45,0.009375
2025-10-21 07:00,0.018584
2025-10-21 07:15,0.048899
2025-10-21 07:30,0.038114
2025-10-21 07:45,0.004557
2025-10-21 08:00,0.000563
2025-10-21 08:15,0.032087
2025-10-21 08:30,0.00078
2025-10-21 08:45,0.01552
2025-10-21 09:00,0.00039
2025-10-21 09:15,0.005715
2025-10-21 09:30,0.0
2025-10-21 09:45,0.005192
2025-10-21 10:00,0.0
2025-10-21 10:15,0.0
2025-10-21 10:30,0.001348
2025-10-21 10:45,0.004312
2025-10-21 11:00,0.0
2025-10-21 11:15,0.000914
2025-10-21 11:30,0.00078
2025-10-21 11:45,0.0
2025-10-21 12:00,0.0
2025-10-21 12:15,0.0
2025-10-21 12:30,0.002095
2025-10-21 12:45,0.0
2025-10-21 13:00,0.0
2025-10-21 13:15,0.0
2025-10-21 13:30,0.0
2025-10-21 13:45,0.000524
2025-10-21 14:00,0.0
2025-10-21 14:15,0.001092
2025-10-21 14:30,0.0
2025-10-21 14:45,0.0
2025-10-21 15:00,0.0
2025-10-21 15:15,0.00039
2025-10-21 15:30,0.0
2025-10-21 15:45,0.0
2025-10-21 16:00,0.008022
2025-10-21 16:15,0.0
2025-10-21 16:30,0.016043
2025-10-21 16:45,0.0
2025-10-21 17:00,0.0
2025-10-21 17:15,0.000908
2025-10-21 17:30,0.0
2025-10-21 17:45,0.00039
2025-10-21 18:00,0.00039
2025-10-21 18:15,0.0
2025-10-21 18:30,0.0
2025-10-21 18:45,0.0
2025-10-21 19:00,0.0
2025-10-21 19:15,0.0
2025-10-21 19:30,0.001092
2025-10-21 19:45,0.0
2025-10-21 20:00,0.0
2025-10-21 20:15,0.0
2025-10-21 20:30,0.002947
2025-10-21 20:45,0.000524
2025-10-21 21:00,0.0
2025-10-21 21:15,0.0
2025-10-21 21:30,0.0
2025-10-21 21:45,0.0
2025-10-21 22:00,0.024065
2025-10-21 22:15,0.0
2025-10-21 22:30,0.0
2025-10-21 22:45,0.0
2025-10-21 23:00,0.0
2025-10-21 23:15,0.016433
2025-10-21 23:30,0.040543
2025-10-21 23:45,0.052949
2025-10-22 00:00,0.01499
2025-10-22 00:00,0.078634
2025-10-22 00:15,0.191602
2025-10-22 00:30,0.050669
2025-10-22 00:45,0.077319
2025-10-22 01:00,0.004091
2025-10-22 01:15,0.134533
2025-10-22 01:30,0.063059
2025-10-22 01:45,0.004091
2025-10-22 02:00,0.002045
2025-10-22 02:15,0.051633
2025-10-22 02:30,0.002864
2025-10-22 02:45,0.003857
2025-10-22 03:00,0.003916
2025-10-22 03:15,0.130793
2025-10-22 03:30,1.0
2025-10-22 03:45,0.980656
2025-10-22 04:00,0.006136
2025-10-22 04:15,0.181404
2025-10-22 04:30,0.084156
2025-10-22 04:45,0.062095
2025-10-22 05:00,0.061159
2025-10-22 05:15,0.044357
2025-10-22 05:30,0.099819
2025-10-22 05:45,0.046403
2025-10-22 06:00,0.599644
2025-10-22 06:15,0.049851
2025-10-22 06:30,0.25919
2025-10-22 06:45,0.006136
2025-10-22 07:00,0.057448
2025-10-22 07:15,0.015458
2025-10-22 07:30,0.181053
2025-10-22 07:45,0.17518
2025-10-22 08:00,0.190024
2025-10-22 08:15,0.024896
2025-10-22 08:30,0.015136
2025-10-22 08:45,0.202852
2025-10-22 09:00,0.12828
2025-10-22 09:15,0.049968
2025-10-22 09:30,0.004091
2025-10-22 09:45,0.0
2025-10-22 10:00,0.0
2025-10-22 10:15,0.0
2025-10-22 10:30,0.0
2025-10-22 10:45,0.0
2025-10-22 11:00,0.0
2025-10-22 11:15,0.002045
2025-10-22 11:30,0.0
2025-10-22 11:45,0.0
2025-10-22 12:00,0.0
2025-10-22 12:15,0.0
2025-10-22 12:30,0.0
2025-10-22 12:45,0.0
2025-10-22 13:00,0.0
2025-10-22 13:15,0.0
2025-10-22 13:30,0.0
2025-10-22 13:45,0.0
2025-10-22 14:00,0.0
2025-10-22 14:15,0.0
2025-10-22 14:30,0.0
2025-10-22 14:45,0.133072
2025-10-22 15:00,0.0
2025-10-22 15:15,0.0
2025-10-22 15:30,0.0
2025-10-22 15:45,0.0
2025-10-22 16:00,0.0
2025-10-22 16:15,0.0
2025-10-22 16:30,0.0
2025-10-22 16:45,0.0
2025-10-22 17:00,0.0
2025-10-22 17:15,0.0
2025-10-22 17:30,0.0
2025-10-22 17:45,0.0
2025-10-22 18:00,0.0
2025-10-22 18:15,0.0
2025-10-22 18:30,0.0
2025-10-22 18:45,0.0
2025-10-22 19:00,0.004558
2025-10-22 19:15,0.0
2025-10-22 19:30,0.0
2025-10-22 19:45,0.0
2025-10-22 20:00,0.0
2025-10-22 20:15,0.0
2025-10-22 20:30,0.0
2025-10-22 20:45,0.0
2025-10-22 21:00,0.0
2025-10-22 21:15,0.0
2025-10-22 21:30,0.0
2025-10-22 21:45,0.0
2025-10-22 22:00,0.0
2025-10-22 22:15,0.0
2025-10-22 22:30,0.088715
2025-10-22 22:45,0.0
2025-10-22 23:00,0.0
2025-10-22 23:15,0.258343
2025-10-22 23:30,0.001695
2025-10-22 23:45,0.109754
2025-10-23 00:00,0.042078
2025-10-23 00:15,0.084156
2025-10-23 00:30,0.127053
2025-10-23 00:45,0.540529
2025-10-23 01:00,0.594617
2025-10-23 01:15,0.3406
2025-10-23 01:30,0.005903
2025-10-23 01:45,0.194524
2025-10-23 02:00,0.0
2025-10-23 02:15,0.004091
2025-10-23 02:30,0.133072
2025-10-23 02:45,0.042692
2025-10-23 03:00,0.0
2025-10-23 03:15,0.042604
2025-10-23 03:30,0.002045
2025-10-23 03:45,0.130384
2025-10-23 04:00,0.215797
2025-10-23 04:15,0.162469
2025-10-23 04:30,0.0559
2025-10-23 04:45,0.068231
2025-10-23 05:00,0.009994
2025-10-23 05:15,0.033487
2025-10-23 05:30,0.063585
2025-10-23 05:45,0.236281
2025-10-23 06:00,0.009292
2025-10-23 06:15,0.038805
2025-10-23 06:30,0.171644
2025-10-23 06:45,0.319239
2025-10-23 07:00,0.184793
2025-10-23 07:15,0.151686
2025-10-23 07:30,0.038689
2025-10-23 07:45,0.214716
2025-10-23 08:00,0.012331
2025-10-23 08:15,0.002045
2025-10-23 08:30,0.214394
2025-10-23 08:45,0.003916
2025-10-23 09:00,0.0
2025-10-23 09:15,0.0
2025-10-23 09:30,0.034305
2025-10-23 09:45,0.0
2025-10-23 10:00,0.0
2025-10-23 10:15,0.0
2025-10-23 10:30,0.0
2025-10-23 10:45,0.0
2025-10-23 11:00,0.0
2025-10-23 11:15,0.085208
2025-10-23 11:30,0.0
2025-10-23 11:45,0.0
2025-10-23 12:00,0.0
2025-10-23 12:15,0.0
2025-10-23 12:30,0.0
2025-10-23 12:45,0.0
2025-10-23 13:00,0.0
2025-10-23 13:15,0.0
2025-10-23 13:30,0.0
2025-10-23 13:45,0.0
2025-10-23 14:00,0.0
2025-10-23 14:15,0.0
2025-10-23 14:30,0.0
2025-10-23 14:45,0.0
2025-10-23 15:00,0.0
2025-10-23 15:15,0.0
2025-10-23 15:30,0.0
2025-10-23 15:45,0.0
2025-10-23 16:00,0.0
2025-10-23 16:15,0.0
2025-10-23 16:30,0.0
2025-10-23 16:45,0.003068
2025-10-23 17:00,0.002864
2025-10-23 17:15,0.0
2025-10-23 17:30,0.0
2025-10-23 17:45,0.0
2025-10-23 18:00,0.0
2025-10-23 18:15,0.0
2025-10-23 18:30,0.0
2025-10-23 18:45,0.0
2025-10-23 19:00,0.0
2025-10-23 19:15,0.0
2025-10-23 19:30,0.0
2025-10-23 19:45,0.0
2025-10-23 20:00,0.0
2025-10-23 20:15,0.25656
2025-10-23 20:30,0.0
2025-10-23 20:45,0.0
2025-10-23 21:00,0.0
2025-10-23 21:15,0.0
2025-10-23 21:30,0.0
2025-10-23 21:45,0.004091
2025-10-23 22:00,0.004412
2025-10-23 22:15,0.0
2025-10-23 22:30,0.0
2025-10-23 22:45,0.0
2025-10-23 23:00,0.042078
2025-10-23 23:15,0.009351
2025-10-23 23:30,0.044007
2025-10-23 23:45,0.046403
2025-10-24 00:00,0.040383
2025-10-24 00:15,0.046491
2025-10-24 00:30,0.002045
2025-10-24 00:45,0.002045
2025-10-24 01:00,0.0
2025-10-24 01:15,0.003565
2025-10-24 01:30,0.088715
2025-10-24 01:45,0.0
2025-10-24 02:00,0.006721
2025-10-24 02:15,0.057448
2025-10-24 02:30,0.0
2025-10-24 02:45,0.023494
2025-10-24 03:00,0.146602
2025-10-24 03:15,0.109754
2025-10-24 03:30,0.005786
2025-10-24 03:45,0.130851
2025-10-24 04:00,0.012331
2025-10-24 04:15,0.046695
2025-10-24 04:30,0.313366
2025-10-24 04:45,0.048448
2025-10-24 05:00,0.114312
2025-10-24 05:15,0.088247
2025-10-24 05:30,0.004091
2025-10-24 05:45,0.010578
2025-10-24 06:00,0.044942
2025-10-24 06:15,0.01011
2025-10-24 06:30,0.101923
2025-10-24 06:45,0.005026
2025-10-24 07:00,0.082111
2025-10-24 07:15,0.050932
2025-10-24 07:30,0.131874
2025-10-24 07:45,0.050377
2025-10-24 08:00,0.002045
2025-10-24 08:15,0.0
2025-10-24 08:30,0.006136
2025-10-24 08:45,0.061481
2025-10-24 09:00,0.0
2025-10-24 09:15,0.029951
2025-10-24 09:30,0.0
2025-10-24 09:45,0.0
2025-10-24 10:00,0.085208
2025-10-24 10:15,0.0
2025-10-24 10:30,0.0
2025-10-24 10:45,0.0
2025-10-24 11:00,0.0
2025-10-24 11:15,0.0
2025-10-24 11:30,0.0
2025-10-24 11:45,0.0
2025-10-24 12:00,0.0
2025-10-24 12:15,0.0
2025-10-24 12:30,0.0
2025-10-24 12:45,0.0
2025-10-24 13:00,0.0
2025-10-24 13:15,0.0
2025-10-24 13:30,0.0
2025-10-24 13:45,0.0
2025-10-24 14:00,0.0
2025-10-24 14:15,0.0
2025-10-24 14:30,0.678102
2025-10-24 14:45,0.0
2025-10-24 15:00,0.002045
2025-10-24 15:15,0.0
2025-10-24 15:30,0.0
2025-10-24 15:45,0.0
2025-10-24 16:00,0.0
2025-10-24 16:15,0.0
2025-10-24 16:30,0.0
2025-10-24 16:45,0.0
2025-10-24 17:00,0.0
2025-10-24 17:15,0.007481
2025-10-24 17:30,0.0
2025-10-24 17:45,0.0
2025-10-24 18:00,0.0
2025-10-24 18:15,0.0
2025-10-24 18:30,0.0
2025-10-24 18:45,0.0
2025-10-24 19:00,0.0
2025-10-24 19:15,0.0
2025-10-24 19:30,0.17743
2025-10-24 19:45,0.0
2025-10-24 20:00,0.0
2025-10-24 20:15,0.0
2025-10-24 20:30,0.0
2025-10-24 20:45,0.0
2025-10-24 21:00,0.0
2025-10-24 21:15,0.0
2025-10-24 21:30,0.0
2025-10-24 21:45,0.0
2025-10-24 22:00,0.0
2025-10-24 22:15,0.0
2025-10-24 22:30,0.0
2025-10-24 22:45,0.0
2025-10-24 23:00,0.0
2025-10-24 23:15,0.0
2025-10-24 23:30,0.0
2025-10-24 23:45,0.0
2025-10-25 00:00,0.0
2025-10-25 00:15,0.04126
2025-10-25 00:30,0.0
2025-10-25 00:45,0.0
2025-10-25 01:00,0.084156
2025-10-25 01:15,0.0
2025-10-25 01:30,0.0
2025-10-25 01:45,0.0
2025-10-25 02:00,0.0
2025-10-25 02:15,0.0
2025-10-25 02:30,0.0
2025-10-25 02:45,0.0
2025-10-25 03:00,0.0
2025-10-25 03:15,0.0
2025-10-25 03:30,0.0
2025-10-25 03:45,0.0
2025-10-25 04:00,0.0
2025-10-25 04:15,0.0
2025-10-25 04:30,0.0
2025-10-25 04:45,0.0
2025-10-25 05:00,0.0
2025-10-25 05:15,0.0
2025-10-25 05:30,0.0
2025-10-25 05:45,0.0
2025-10-25 06:00,0.0
2025-10-25 06:15,0.0
2025-10-25 06:30,0.0
2025-10-25 06:45,0.0
2025-10-25 07:00,0.0
2025-10-25 07:15,0.0
2025-10-25 07:30,0.0
2025-10-25 07:45,0.0
2025-10-25 08:00,0.165741
2025-10-25 08:15,0.0
2025-10-25 08:30,0.0
2025-10-25 08:45,0.002045
2025-10-25 09:00,0.0
2025-10-25 09:15,0.0
2025-10-25 09:30,0.0
2025-10-25 09:45,0.0
2025-10-25 10:00,0.0
2025-10-25 10:15,0.0
2025-10-25 10:30,0.0
2025-10-25 10:45,0.0
2025-10-25 11:00,0.0
2025-10-25 11:15,0.005727
2025-10-25 11:30,0.0
2025-10-25 11:45,0.0
2025-10-25 12:00,0.0
2025-10-25 12:15,0.0
2025-10-25 12:30,0.0
2025-10-25 12:45,0.0
2025-10-25 13:00,0.002045
2025-10-25 13:15,0.0
2025-10-25 13:30,0.0
2025-10-25 13:45,0.004412
2025-10-25 14:00,0.0
2025-10-25 14:15,0.0
2025-10-25 14:30,0.0
2025-10-25 14:45,0.0
2025-10-25 15:00,0.004091
2025-10-25 15:15,0.0
2025-10-25 15:30,0.0
2025-10-25 15:45,0.0
2025-10-25 16:00,0.0
2025-10-25 16:15,0.0
2025-10-25 16:30,0.0
2025-10-25 16:45,0.0
2025-10-25 17:00,0.0
2025-10-25 17:15,0.0
2025-10-25 17:30,0.0
2025-10-25 17:45,0.0
2025-10-25 18:00,0.0
2025-10-25 18:15,0.0
2025-10-25 18:30,0.0
2025-10-25 18:45,0.0
2025-10-25 19:00,0.0
2025-10-25 19:15,0.0
2025-10-25 19:30,0.0
2025-10-25 19:45,0.0
2025-10-25 20:00,0.0
2025-10-25 20:15,0.0
2025-10-25 20:30,0.0
2025-10-25 20:45,0.002045
2025-10-25 21:00,0.0
2025-10-25 21:15,0.0
2025-10-25 21:30,0.0
2025-10-25 21:45,0.0
2025-10-25 22:00,0.0
2025-10-25 22:15,0.0
2025-10-25 22:30,0.0
2025-10-25 22:45,0.0
2025-10-25 23:00,0.0
2025-10-25 23:15,0.0
2025-10-25 23:30,0.0
2025-10-25 23:45,0.0
2025-10-26 00:00,0.0
2025-10-26 00:15,0.0
2025-10-26 00:30,0.0
2025-10-26 00:45,0.0
2025-10-26 01:00,0.002045
2025-10-26 01:15,0.0
2025-10-26 01:30,0.0
2025-10-26 01:45,0.0
2025-10-26 02:00,0.0
2025-10-26 02:15,0.0
2025-10-26 02:30,0.0
2025-10-26 02:45,0.0
2025-10-26 03:00,0.0
2025-10-26 03:15,0.0
2025-10-26 03:30,0.0
2025-10-26 03:45,0.0
2025-10-26 04:00,0.0
2025-10-26 04:15,0.0
2025-10-26 04:30,0.0
2025-10-26 04:45,0.0
2025-10-26 05:00,0.0
2025-10-26 05:15,0.0
2025-10-26 05:30,0.0
2025-10-26 05:45,0.0
2025-10-26 06:00,0.0
2025-10-26 06:15,0.0
2025-10-26 06:30,0.0
2025-10-26 06:45,0.0
2025-10-26 07:00,0.044357
2025-10-26 07:15,0.0
2025-10-26 07:30,0.0
2025-10-26 07:45,0.0
2025-10-26 08:00,0.0
2025-10-26 08:15,0.0
2025-10-26 08:30,0.0
2025-10-26 08:45,0.0
2025-10-26 09:00,0.0
2025-10-26 09:15,0.0
2025-10-26 09:30,0.0
2025-10-26 09:45,0.0
2025-10-26 10:00,0.010461
2025-10-26 10:15,0.0
2025-10-26 10:30,0.0
2025-10-26 10:45,0.0
2025-10-26 11:00,0.008182
2025-10-26 11:15,0.0
2025-10-26 11:30,0.0
2025-10-26 11:45,0.0
2025-10-26 12:00,0.0
2025-10-26 12:15,0.0
2025-10-26 12:30,0.0
2025-10-26 12:45,0.0
2025-10-26 13:00,0.0
2025-10-26 13:15,0.0
2025-10-26 13:30,0.0
2025-10-26 13:45,0.0
2025-10-26 14:00,0.0
2025-10-26 14:15,0.0
2025-10-26 14:30,0.0
2025-10-26 14:45,0.0
2025-10-26 15:00,0.0
2025-10-26 15:15,0.0
2025-10-26 15:30,0.0
2025-10-26 15:45,0.0
2025-10-26 16:00,0.0
2025-10-26 16:15,0.0
2025-10-26 16:30,0.0
2025-10-26 16:45,0.0
2025-10-26 17:00,0.0
2025-10-26 17:15,0.0
2025-10-26 17:30,0.0
2025-10-26 17:45,0.0
2025-10-26 18:00,0.0
2025-10-26 18:15,0.0
2025-10-26 18:30,0.0
2025-10-26 18:45,0.0
2025-10-26 19:00,0.0
2025-10-26 19:15,0.0
2025-10-26 19:30,0.0
2025-10-26 19:45,0.004091
2025-10-26 20:00,0.004091
2025-10-26 20:15,0.0
2025-10-26 20:30,0.0
2025-10-26 20:45,0.0
2025-10-26 21:00,0.0
2025-10-26 21:15,0.0
2025-10-26 21:30,0.0
2025-10-26 21:45,0.0
2025-10-26 22:00,0.0
2025-10-26 22:15,0.0
2025-10-26 22:30,0.0
2025-10-26 22:45,0.0
2025-10-26 23:00,0.0
2025-10-26 23:15,0.296184
2025-10-26 23:30,0.119777
2025-10-26 23:45,0.511776
2025-10-27 00:00,0.122962
2025-10-27 00:15,0.00374
2025-10-27 00:30,0.0
2025-10-27 00:45,0.052861
2025-10-27 01:00,0.115131
2025-10-27 01:15,0.101134
2025-10-27 01:30,0.042078
2025-10-27 01:45,0.168196
2025-10-27 02:00,0.08965
2025-10-27 02:15,0.0
2025-10-27 02:30,0.0
2025-10-27 02:45,0.004091
2025-10-27 03:00,0.032903
2025-10-27 03:15,0.0
2025-10-27 03:30,0.111332
2025-10-27 03:45,0.399451
2025-10-27 04:00,0.183683
2025-10-27 04:15,0.018409
2025-10-27 04:30,0.012273
2025-10-27 04:45,0.002045
2025-10-27 05:00,0.088715
2025-10-27 05:15,0.044796
2025-10-27 05:30,0.085208
2025-10-27 05:45,0.002045
2025-10-27 06:00,0.252469
2025-10-27 06:15,0.005786
2025-10-27 06:30,0.002162
2025-10-27 06:45,0.045205
2025-10-27 07:00,0.0675
2025-10-27 07:15,0.053124
2025-10-27 07:30,0.018614
2025-10-27 07:45,0.052919
2025-10-27 08:00,0.002045
2025-10-27 08:15,0.0
2025-10-27 08:30,0.044357
2025-10-27 08:45,0.0
2025-10-27 09:00,0.0
2025-10-27 09:15,0.0
2025-10-27 09:30,0.062708
2025-10-27 09:45,0.09415
2025-10-27 10:00,0.015633
2025-10-27 10:15,0.002396
2025-10-27 10:30,0.0
2025-10-27 10:45,0.006136
2025-10-27 11:00,0.0
2025-10-27 11:15,0.0
2025-10-27 11:30,0.0
2025-10-27 11:45,0.0
2025-10-27 12:00,0.0
2025-10-27 12:15,0.0
2025-10-27 12:30,0.0
2025-10-27 12:45,0.006136
2025-10-27 13:00,0.0
2025-10-27 13:15,0.0
2025-10-27 13:30,0.044357
2025-10-27 13:45,0.00339
2025-10-27 14:00,0.0
2025-10-27 14:15,0.0
2025-10-27 14:30,0.0
2025-10-27 14:45,0.0
2025-10-27 15:00,0.0
2025-10-27 15:15,0.0
2025-10-27 15:30,0.0
2025-10-27 15:45,0.0
2025-10-27 16:00,0.0
2025-10-27 16:15,0.0
2025-10-27 16:30,0.044357
2025-10-27 16:45,0.0
2025-10-27 17:00,0.0
2025-10-27 17:15,0.0
2025-10-27 17:30,0.0
2025-10-27 17:45,0.0
2025-10-27 18:00,0.0
2025-10-27 18:15,0.0
2025-10-27 18:30,0.015516
2025-10-27 18:45,0.01727
2025-10-27 19:00,0.004091
2025-10-27 19:15,0.0
2025-10-27 19:30,0.044357
2025-10-27 19:45,0.0
2025-10-27 20:00,0.0
2025-10-27 20:15,0.0
2025-10-27 20:30,0.002045
2025-10-27 20:45,0.0
2025-10-27 21:00,0.0
2025-10-27 21:15,0.0
2025-10-27 21:30,0.0
2025-10-27 21:45,0.0
2025-10-27 22:00,0.0
2025-10-27 22:15,0.0
2025-10-27 22:30,0.0
2025-10-27 22:45,0.087254
2025-10-27 23:00,0.0
2025-10-27 23:15,0.257028
2025-10-27 23:30,0.136403
2025-10-27 23:45,0.043948
2025-10-28 00:00,0.050786
2025-10-28 00:15,0.047192
2025-10-28 00:30,0.044357
2025-10-28 00:45,0.088715
2025-10-28 01:00,0.008474
2025-10-28 01:15,0.100228
2025-10-28 01:30,0.01762
2025-10-28 01:45,0.036409
2025-10-28 02:00,0.002045
2025-10-28 02:15,0.0
2025-10-28 02:30,0.0
2025-10-28 02:45,0.061948
2025-10-28 03:00,0.0
2025-10-28 03:15,0.012565
2025-10-28 03:30,0.044357
2025-10-28 03:45,0.167086
2025-10-28 04:00,0.046958
2025-10-28 04:15,0.050494
2025-10-28 04:30,0.088481
2025-10-28 04:45,0.068465
2025-10-28 05:00,0.002776
2025-10-28 05:15,0.17743
2025-10-28 05:30,0.343814
2025-10-28 05:45,0.107942
2025-10-28 06:00,0.350681
2025-10-28 06:15,0.137076
2025-10-28 06:30,0.0
2025-10-28 06:45,0.084156
2025-10-28 07:00,0.004442
2025-10-28 07:15,0.05175
2025-10-28 07:30,0.137163
2025-10-28 07:45,0.050728
2025-10-28 08:00,0.004792
2025-10-28 08:15,0.062591
2025-10-28 08:30,0.0
2025-10-28 08:45,0.045585
2025-10-28 09:00,0.0
2025-10-28 09:15,0.0
2025-10-28 09:30,0.0
2025-10-28 09:45,0.0
2025-10-28 10:00,0.003068
2025-10-28 10:15,0.084156
2025-10-28 10:30,0.008182
2025-10-28 10:45,0.0
2025-10-28 11:00,0.0
2025-10-28 11:15,0.0
2025-10-28 11:30,0.002045
2025-10-28 11:45,0.0
2025-10-28 12:00,0.0
2025-10-28 12:15,0.0
2025-10-28 12:30,0.0
2025-10-28 12:45,0.042078
2025-10-28 13:00,0.0
2025-10-28 13:15,0.0
2025-10-28 13:30,0.135118
2025-10-28 13:45,0.0
2025-10-28 14:00,0.0
2025-10-28 14:15,0.004091
2025-10-28 14:30,0.00187
2025-10-28 14:45,0.0
2025-10-28 15:00,0.0
2025-10-28 15:15,0.0
2025-10-28 15:30,0.0
2025-10-28 15:45,0.0
2025-10-28 16:00,0.0
2025-10-28 16:15,0.0
2025-10-28 16:30,0.0
2025-10-28 16:45,0.0
2025-10-28 17:00,0.0
2025-10-28 17:15,0.0
2025-10-28 17:30,0.0
2025-10-28 17:45,0.0
2025-10-28 18:00,0.0
2025-10-28 18:15,0.0
2025-10-28 18:30,0.0
2025-10-28 18:45,0.0
2025-10-28 19:00,0.0
2025-10-28 19:15,0.0
2025-10-28 19:30,0.0
2025-10-28 19:45,0.0
2025-10-28 20:00,0.0
2025-10-28 20:15,0.0
2025-10-28 20:30,0.002045
2025-10-28 20:45,0.0
2025-10-28 21:00,0.0
2025-10-28 21:15,0.0
2025-10-28 21:30,0.0
2025-10-28 21:45,0.0
2025-10-28 22:00,0.0
2025-10-28 22:15,0.007481
2025-10-28 22:30,0.0
2025-10-28 22:45,0.0
2025-10-28 23:00,0.0
2025-10-28 23:15,0.378704
2025-10-28 23:30,0.046724
2025-10-28 23:45,0.031559
2025-10-29 00:00,0.166384
2025-10-29 00:00,0.120035
2025-10-29 00:15,0.001876
2025-10-29 00:30,0.003795
2025-10-29 00:45,0.001476
2025-10-29 01:00,0.0
2025-10-29 01:15,0.068808
2025-10-29 01:30,0.035627
2025-10-29 01:45,0.341766
2025-10-29 02:00,0.014398
2025-10-29 02:15,0.174214
2025-10-29 02:30,0.026077
2025-10-29 02:45,0.005861
2025-10-29 03:00,0.030546
2025-10-29 03:15,0.001876
2025-10-29 03:30,0.193144
2025-10-29 03:45,0.010878
2025-10-29 04:00,0.119234
2025-10-29 04:15,0.100177
2025-10-29 04:30,0.034594
2025-10-29 04:45,0.005903
2025-10-29 05:00,0.001476
2025-10-29 05:15,0.002698
2025-10-29 05:30,0.038873
2025-10-29 05:45,0.095834
2025-10-29 06:00,0.108631
2025-10-29 06:15,0.001476
2025-10-29 06:30,0.068429
2025-10-29 06:45,0.072687
2025-10-29 07:00,0.004069
2025-10-29 07:15,0.001476
2025-10-29 07:30,0.125095
2025-10-29 07:45,0.587275
2025-10-29 08:00,0.515284
2025-10-29 08:15,0.064845
2025-10-29 08:30,0.380597
2025-10-29 08:45,0.003921
2025-10-29 09:00,0.0
2025-10-29 09:15,0.001223
2025-10-29 09:30,0.0
2025-10-29 09:45,0.0
2025-10-29 10:00,0.121427
2025-10-29 10:15,0.0
2025-10-29 10:30,0.0
2025-10-29 10:45,0.0
2025-10-29 11:00,0.0
2025-10-29 11:15,0.0
2025-10-29 11:30,0.0
2025-10-29 11:45,0.0
2025-10-29 12:00,0.0
2025-10-29 12:15,0.0
2025-10-29 12:30,0.0
2025-10-29 12:45,0.0
2025-10-29 13:00,0.0
2025-10-29 13:15,0.0
2025-10-29 13:30,0.0
2025-10-29 13:45,0.0
2025-10-29 14:00,0.0
2025-10-29 14:15,0.0
2025-10-29 14:30,0.0
2025-10-29 14:45,0.0
2025-10-29 15:00,0.0
2025-10-29 15:15,0.36428
2025-10-29 15:30,0.0
2025-10-29 15:45,0.54642
2025-10-29 16:00,0.0
2025-10-29 16:15,0.0
2025-10-29 16:30,0.060713
2025-10-29 16:45,0.0
2025-10-29 17:00,0.0
2025-10-29 17:15,0.0
2025-10-29 17:30,0.0
2025-10-29 17:45,0.0
2025-10-29 18:00,0.0
2025-10-29 18:15,0.0
2025-10-29 18:30,0.0
2025-10-29 18:45,0.0
2025-10-29 19:00,0.0
2025-10-29 19:15,0.0
2025-10-29 19:30,0.0
2025-10-29 19:45,0.0
2025-10-29 20:00,0.0
2025-10-29 20:15,0.0
2025-10-29 20:30,0.0
2025-10-29 20:45,0.0
2025-10-29 21:00,0.0
2025-10-29 21:15,0.0
2025-10-29 21:30,0.0
2025-10-29 21:45,0.0
2025-10-29 22:00,0.032001
2025-10-29 22:15,0.0
2025-10-29 22:30,0.002951
2025-10-29 22:45,0.0
2025-10-29 23:00,0.032001
2025-10-29 23:15,0.094359
2025-10-29 23:30,0.076377
2025-10-29 23:45,0.00721
2025-10-30 00:00,0.083881
2025-10-30 00:15,0.276499
2025-10-30 00:30,0.305085
2025-10-30 00:45,0.044376
2025-10-30 01:00,0.002951
2025-10-30 01:15,0.030357
2025-10-30 01:30,0.006556
2025-10-30 01:45,0.036892
2025-10-30 02:00,0.064002
2025-10-30 02:15,0.0
2025-10-30 02:30,0.0
2025-10-30 02:45,0.03491
2025-10-30 03:00,0.0
2025-10-30 03:15,0.001476
2025-10-30 03:30,0.010182
2025-10-30 03:45,0.0
2025-10-30 04:00,0.002698
2025-10-30 04:15,0.064887
2025-10-30 04:30,0.106586
2025-10-30 04:45,0.228603
2025-10-30 05:00,0.030357
2025-10-30 05:15,0.15777
2025-10-30 05:30,0.065014
2025-10-30 05:45,0.062969
2025-10-30 06:00,0.055043
2025-10-30 06:15,0.0
2025-10-30 06:30,0.061472
2025-10-30 06:45,0.002951
2025-10-30 07:00,0.0
2025-10-30 07:15,0.143478
2025-10-30 07:30,0.043385
2025-10-30 07:45,0.254195
2025-10-30 08:00,0.051649
2025-10-30 08:15,0.163968
2025-10-30 08:30,0.212497
2025-10-30 08:45,0.0
2025-10-30 09:00,0.0
2025-10-30 09:15,0.007842
2025-10-30 09:30,0.030209
2025-10-30 09:45,0.0
2025-10-30 10:00,0.0
2025-10-30 10:15,0.0
2025-10-30 10:30,0.0
2025-10-30 10:45,0.0
2025-10-30 11:00,0.0
2025-10-30 11:15,0.0
2025-10-30 11:30,0.0
2025-10-30 11:45,0.0
2025-10-30 12:00,0.0
2025-10-30 12:15,0.0
2025-10-30 12:30,0.0
2025-10-30 12:45,0.002951
2025-10-30 13:00,0.0
2025-10-30 13:15,0.0
2025-10-30 13:30,0.0
2025-10-30 13:45,0.0
2025-10-30 14:00,0.0
2025-10-30 14:15,0.0
2025-10-30 14:30,0.0
2025-10-30 14:45,0.0
2025-10-30 15:00,0.0
2025-10-30 15:15,0.0
2025-10-30 15:30,0.0
2025-10-30 15:45,0.0
2025-10-30 16:00,0.303567
2025-10-30 16:15,0.242854
2025-10-30 16:30,0.0
2025-10-30 16:45,0.0
2025-10-30 17:00,0.0
2025-10-30 17:15,0.0
2025-10-30 17:30,0.0
2025-10-30 17:45,0.0
2025-10-30 18:00,0.0
2025-10-30 18:15,0.0
2025-10-30 18:30,0.0
2025-10-30 18:45,0.0
2025-10-30 19:00,0.0
2025-10-30 19:15,0.0
2025-10-30 19:30,0.0
2025-10-30 19:45,0.0
2025-10-30 20:00,0.0
2025-10-30 20:15,0.0
2025-10-30 20:30,0.667847
2025-10-30 20:45,0.0
2025-10-30 21:00,0.0
2025-10-30 21:15,0.0
2025-10-30 21:30,0.0
2025-10-30 21:45,0.0
2025-10-30 22:00,0.0
2025-10-30 22:15,0.0
2025-10-30 22:30,0.0
2025-10-30 22:45,0.0
2025-10-30 23:00,0.138418
2025-10-30 23:15,0.227675
2025-10-30 23:30,0.428978
2025-10-30 23:45,0.160406
2025-10-31 00:00,0.064171
2025-10-31 00:15,0.070959
2025-10-31 00:30,0.183489
2025-10-31 00:45,0.109453
2025-10-31 01:00,0.161122
2025-10-31 01:15,0.289485
2025-10-31 01:30,0.049372
2025-10-31 01:45,0.064677
2025-10-31 02:00,0.0
2025-10-31 02:15,0.064002
2025-10-31 02:30,0.0
2025-10-31 02:45,0.0
2025-10-31 03:00,0.033687
2025-10-31 03:15,0.007378
2025-10-31 03:30,0.194409
2025-10-31 03:45,0.121279
2025-10-31 04:00,0.052682
2025-10-31 04:15,0.0
2025-10-31 04:30,0.214352
2025-10-31 04:45,0.033687
2025-10-31 05:00,1.0
2025-10-31 05:15,0.126444
2025-10-31 05:30,0.095666
2025-10-31 05:45,0.072856
2025-10-31 06:00,0.07254
2025-10-31 06:15,0.099566
2025-10-31 06:30,0.033308
2025-10-31 06:45,0.036259
2025-10-31 07:00,0.001476
2025-10-31 07:15,0.0
2025-10-31 07:30,0.065225
2025-10-31 07:45,0.03666
2025-10-31 08:00,0.060713
2025-10-31 08:15,0.003499
2025-10-31 08:30,0.0
2025-10-31 08:45,0.033245
2025-10-31 09:00,0.068429
2025-10-31 09:15,0.002951
2025-10-31 09:30,0.072477
2025-10-31 09:45,0.0
2025-10-31 10:00,0.002951
2025-10-31 10:15,0.0
2025-10-31 10:30,0.0
2025-10-31 10:45,0.0
2025-10-31 11:00,0.0
2025-10-31 11:15,0.002951
2025-10-31 11:30,0.0
2025-10-31 11:45,0.0
2025-10-31 12:00,0.0
2025-10-31 12:15,0.121427
2025-10-31 12:30,0.005481
2025-10-31 12:45,0.0
2025-10-31 13:00,0.022978
2025-10-31 13:15,0.0
2025-10-31 13:30,0.0
2025-10-31 13:45,0.0
2025-10-31 14:00,0.0
2025-10-31 14:15,0.002509
2025-10-31 14:30,0.0
2025-10-31 14:45,0.0
2025-10-31 15:00,0.0
2025-10-31 15:15,0.0
2025-10-31 15:30,0.001644
2025-10-31 15:45,0.003626
2025-10-31 16:00,0.0
2025-10-31 16:15,0.054979
2025-10-31 16:30,0.0
2025-10-31 16:45,0.0
2025-10-31 17:00,0.0
2025-10-31 17:15,0.060713
2025-10-31 17:30,0.0
2025-10-31 17:45,0.002951
2025-10-31 18:00,0.0
2025-10-31 18:15,0.001476
2025-10-31 18:30,0.0
2025-10-31 18:45,0.016696
2025-10-31 19:00,0.002698
2025-10-31 19:15,0.0
2025-10-31 19:30,0.005903
2025-10-31 19:45,0.002951
2025-10-31 20:00,0.0
2025-10-31 20:15,0.0
2025-10-31 20:30,0.001476
2025-10-31 20:45,0.022599
2025-10-31 21:00,0.0
2025-10-31 21:15,0.021123
2025-10-31 21:30,0.0
2025-10-31 21:45,0.0
2025-10-31 22:00,0.0
2025-10-31 22:15,0.072877
2025-10-31 22:30,0.002045
2025-10-31 22:45,0.0
2025-10-31 23:00,0.0
2025-10-31 23:15,0.001476
2025-10-31 23:30,0.0
2025-10-31 23:45,0.0
2025-11-01 00:00,0.0
2025-11-01 00:15,0.0
2025-11-01 00:30,0.046463
2025-11-01 00:45,0.030357
2025-11-01 01:00,0.02087
2025-11-01 01:15,0.0
2025-11-01 01:30,0.039253
2025-11-01 01:45,0.0
2025-11-01 02:00,0.030357
2025-11-01 02:15,0.0
2025-11-01 02:30,0.06358
2025-11-01 02:45,0.057045
2025-11-01 03:00,0.0
2025-11-01 03:15,0.0
2025-11-01 03:30,0.0
2025-11-01 03:45,0.0
2025-11-01 04:00,0.0
2025-11-01 04:15,0.0
2025-11-01 04:30,0.0
2025-11-01 04:45,0.0
2025-11-01 05:00,0.0
2025-11-01 05:15,0.0
2025-11-01 05:30,0.013618
2025-11-01 05:45,0.0
2025-11-01 06:00,0.0
2025-11-01 06:15,0.122945
2025-11-01 06:30,0.03004
2025-11-01 06:45,0.0
2025-11-01 07:00,0.0
2025-11-01 07:15,0.0
2025-11-01 07:30,0.0
2025-11-01 07:45,0.0
2025-11-01 08:00,0.0
2025-11-01 08:15,0.0
2025-11-01 08:30,0.0
2025-11-01 08:45,0.0
2025-11-01 09:00,0.002951
2025-11-01 09:15,0.0
2025-11-01 09:30,0.029682
2025-11-01 09:45,0.040897
2025-11-01 10:00,0.003689
2025-11-01 10:15,0.001476
2025-11-01 10:30,0.003689
2025-11-01 10:45,0.0
2025-11-01 11:00,0.0
2025-11-01 11:15,0.002045
2025-11-01 11:30,0.0
2025-11-01 11:45,0.016696
2025-11-01 12:00,0.0
2025-11-01 12:15,0.0
2025-11-01 12:30,0.001476
2025-11-01 12:45,0.030694
2025-11-01 13:00,0.0
2025-11-01 13:15,0.0
2025-11-01 13:30,0.0
2025-11-01 13:45,0.0
2025-11-01 14:00,0.0
2025-11-01 14:15,0.0
2025-11-01 14:30,0.0
2025-11-01 14:45,0.0
2025-11-01 15:00,0.0
2025-11-01 15:15,0.018088
2025-11-01 15:30,0.0
2025-11-01 15:45,0.0
2025-11-01 16:00,0.0
2025-11-01 16:15,0.0
2025-11-01 16:30,0.001476
2025-11-01 16:45,0.0
2025-11-01 17:00,0.032001
2025-11-01 17:15,0.0
2025-11-01 17:30,0.0
2025-11-01 17:45,0.0
2025-11-01 18:00,0.0
2025-11-01 18:15,0.0
2025-11-01 18:30,0.0
2025-11-01 18:45,0.0
2025-11-01 19:00,0.0
2025-11-01 19:15,0.058437
2025-11-01 19:30,0.0
2025-11-01 19:45,0.0
2025-11-01 20:00,0.0
2025-11-01 20:15,0.045957
2025-11-01 20:30,0.0
2025-11-01 20:45,0.001644
2025-11-01 21:00,0.0
2025-11-01 21:15,0.0
2025-11-01 21:30,0.0
2025-11-01 21:45,0.0
2025-11-01 22:00,0.0
2025-11-01 22:15,0.0
2025-11-01 22:30,0.0
2025-11-01 22:45,0.009212
2025-11-01 23:00,0.033392
2025-11-01 23:15,0.002951
2025-11-01 23:30,0.0
2025-11-01 23:45,0.0
2025-11-02 00:00,0.0
2025-11-02 00:15,0.003457
2025-11-02 00:30,0.0
2025-11-02 00:45,0.032001
2025-11-02 01:00,0.001476
2025-11-02 01:15,0.001644
2025-11-02 01:30,0.002951
2025-11-02 01:45,0.0
2025-11-02 02:00,0.002003
2025-11-02 02:15,0.0
2025-11-02 02:30,0.002951
2025-11-02 02:45,0.018425
2025-11-02 03:00,0.0
2025-11-02 03:15,0.0
2025-11-02 03:30,0.0
2025-11-02 03:45,0.001349
2025-11-02 04:00,0.0
2025-11-02 04:15,0.0
2025-11-02 04:30,0.0
2025-11-02 04:45,0.0
2025-11-02 05:00,0.0
2025-11-02 05:15,0.0
2025-11-02 05:30,0.0
2025-11-02 05:45,0.0
2025-11-02 06:00,0.0
2025-11-02 06:15,0.001476
2025-11-02 06:30,0.001476
2025-11-02 06:45,0.0
2025-11-02 07:00,0.0
2025-11-02 07:15,0.001349
2025-11-02 07:30,0.0
2025-11-02 07:45,0.0
2025-11-02 08:00,0.0
2025-11-02 08:15,0.0
2025-11-02 08:30,0.0
2025-11-02 08:45,0.0
2025-11-02 09:00,0.0
2025-11-02 09:15,0.0
2025-11-02 09:30,0.005249
2025-11-02 09:45,0.001476
2025-11-02 10:00,0.0
2025-11-02 10:15,0.022978
2025-11-02 10:30,0.004596
2025-11-02 10:45,0.0
2025-11-02 11:00,0.002951
2025-11-02 11:15,0.005017
2025-11-02 11:30,0.0
2025-11-02 11:45,0.098954
2025-11-02 12:00,0.0
2025-11-02 12:15,0.0
2025-11-02 12:30,0.0
2025-11-02 12:45,0.009212
2025-11-02 13:00,0.024623
2025-11-02 13:15,0.0
2025-11-02 13:30,0.0
2025-11-02 13:45,0.0
2025-11-02 14:00,0.0
2025-11-02 14:15,0.0
2025-11-02 14:30,0.0
2025-11-02 14:45,0.0
2025-11-02 15:00,0.030736
2025-11-02 15:15,0.0
2025-11-02 15:30,0.0
2025-11-02 15:45,0.0
2025-11-02 16:00,0.0
2025-11-02 16:15,0.002951
2025-11-02 16:30,0.0
2025-11-02 16:45,0.001982
2025-11-02 17:00,0.0
2025-11-02 17:15,0.0
2025-11-02 17:30,0.0
2025-11-02 17:45,0.001476
2025-11-02 18:00,0.0
2025-11-02 18:15,0.0
2025-11-02 18:30,0.0
2025-11-02 18:45,0.033392
2025-11-02 19:00,0.0429
2025-11-02 19:15,0.0
2025-11-02 19:30,0.0
2025-11-02 19:45,0.0
2025-11-02 20:00,0.0
2025-11-02 20:15,0.0
2025-11-02 20:30,0.0
2025-11-02 20:45,0.0
2025-11-02 21:00,0.0
2025-11-02 21:15,0.0
2025-11-02 21:30,0.0
2025-11-02 21:45,0.0
2025-11-02 22:00,0.0
2025-11-02 22:15,0.036955
2025-11-02 22:30,0.0
2025-11-02 22:45,0.004427
2025-11-02 23:00,0.367569
2025-11-02 23:15,0.098195
2025-11-02 23:30,0.323151
2025-11-02 23:45,0.028122
2025-11-03 00:00,0.161481
2025-11-03 00:15,0.062358
2025-11-03 00:30,0.243886
2025-11-03 00:45,0.002698
2025-11-03 01:00,0.132853
2025-11-03 01:15,0.897504
2025-11-03 01:30,0.033182
2025-11-03 01:45,0.064002
2025-11-03 02:00,0.003225
2025-11-03 02:15,0.002698
2025-11-03 02:30,0.030736
2025-11-03 02:45,0.001476
2025-11-03 03:00,0.001476
2025-11-03 03:15,0.259803
2025-11-03 03:30,0.002698
2025-11-03 03:45,0.002445
2025-11-03 04:00,0.09731
2025-11-03 04:15,0.160996
2025-11-03 04:30,0.123451
2025-11-03 04:45,0.071823
2025-11-03 05:00,0.062737
2025-11-03 05:15,0.080319
2025-11-03 05:30,0.06961
2025-11-03 05:45,0.0
2025-11-03 06:00,0.06299
2025-11-03 06:15,0.011342
2025-11-03 06:30,0.007695
2025-11-03 06:45,0.013576
2025-11-03 07:00,0.012417
2025-11-03 07:15,0.045029
2025-11-03 07:30,0.063833
2025-11-03 07:45,0.096003
2025-11-03 08:00,0.12636
2025-11-03 08:15,0.065478
2025-11-03 08:30,0.062358
2025-11-03 08:45,0.001476
2025-11-03 09:00,0.0
2025-11-03 09:15,0.0
2025-11-03 09:30,0.002951
2025-11-03 09:45,0.0
2025-11-03 10:00,0.0
2025-11-03 10:15,0.0
2025-11-03 10:30,0.001476
2025-11-03 10:45,0.0
2025-11-03 11:00,0.0
2025-11-03 11:15,0.001349
2025-11-03 11:30,0.0
2025-11-03 11:45,0.0
2025-11-03 12:00,0.00565
2025-11-03 12:15,0.0
2025-11-03 12:30,0.0
2025-11-03 12:45,0.0
2025-11-03 13:00,0.0
2025-11-03 13:15,0.0
2025-11-03 13:30,0.0
2025-11-03 13:45,0.0
2025-11-03 14:00,0.0
2025-11-03 14:15,0.0
2025-11-03 14:30,0.004132
2025-11-03 14:45,0.0
2025-11-03 15:00,0.0
2025-11-03 15:15,0.0
2025-11-03 15:30,0.0
2025-11-03 15:45,0.0
2025-11-03 16:00,0.002951
2025-11-03 16:15,0.0
2025-11-03 16:30,0.007378
2025-11-03 16:45,0.0
2025-11-03 17:00,0.0
2025-11-03 17:15,0.0
2025-11-03 17:30,0.0
2025-11-03 17:45,0.0
2025-11-03 18:00,0.0
2025-11-03 18:15,0.0
2025-11-03 18:30,0.0
2025-11-03 18:45,0.0
2025-11-03 19:00,0.0
2025-11-03 19:15,0.0
2025-11-03 19:30,0.0
2025-11-03 19:45,0.0
2025-11-03 20:00,0.0
2025-11-03 20:15,0.0
2025-11-03 20:30,0.0
2025-11-03 20:45,0.0
2025-11-03 21:00,0.0
2025-11-03 21:15,0.0
2025-11-03 21:30,0.04739
2025-11-03 21:45,0.0
2025-11-03 22:00,0.0
2025-11-03 22:15,0.024285
2025-11-03 22:30,0.003626
2025-11-03 22:45,0.005903
2025-11-03 23:00,0.104414
2025-11-03 23:15,0.001223
2025-11-03 23:30,0.002951
2025-11-03 23:45,0.0
2025-11-04 00:00,0.299477
2025-11-04 00:15,0.024749
2025-11-04 00:30,0.283245
2025-11-04 00:45,0.015979
2025-11-04 01:00,0.035606
2025-11-04 01:15,0.121427
2025-11-04 01:30,0.118096
2025-11-04 01:45,0.071106
2025-11-04 02:00,0.0
2025-11-04 02:15,0.0
2025-11-04 02:30,0.09107
2025-11-04 02:45,0.06826
2025-11-04 03:00,0.0
2025-11-04 03:15,0.060713
2025-11-04 03:30,0.100008
2025-11-04 03:45,0.030357
2025-11-04 04:00,0.001982
2025-11-04 04:15,0.062358
2025-11-04 04:30,0.039337
2025-11-04 04:45,0.0
2025-11-04 05:00,0.007673
2025-11-04 05:15,0.033687
2025-11-04 05:30,0.122945
2025-11-04 05:45,0.007716
2025-11-04 06:00,0.063665
2025-11-04 06:15,0.002951
2025-11-04 06:30,0.002951
2025-11-04 06:45,0.0
2025-11-04 07:00,0.032802
2025-11-04 07:15,0.097479
2025-11-04 07:30,0.016759
2025-11-04 07:45,0.098617
2025-11-04 08:00,0.002003
2025-11-04 08:15,0.009655
2025-11-04 08:30,0.0
2025-11-04 08:45,0.030357
2025-11-04 09:00,0.0
2025-11-04 09:15,0.004764
2025-11-04 09:30,0.0
2025-11-04 09:45,0.0
2025-11-04 10:00,0.0
2025-11-04 10:15,0.064002
2025-11-04 10:30,0.030357
2025-11-04 10:45,0.0
2025-11-04 11:00,0.0
2025-11-04 11:15,0.004301
2025-11-04 11:30,0.060713
2025-11-04 11:45,0.0
2025-11-04 12:00,0.004912
2025-11-04 12:15,0.001476
2025-11-04 12:30,0.074838
2025-11-04 12:45,0.0
2025-11-04 13:00,0.002256
2025-11-04 13:15,0.001223
2025-11-04 13:30,0.064002
2025-11-04 13:45,0.030736
2025-11-04 14:00,0.0
2025-11-04 14:15,0.0
2025-11-04 14:30,0.002445
2025-11-04 14:45,0.0
2025-11-04 15:00,0.001223
2025-11-04 15:15,0.0
2025-11-04 15:30,0.0
2025-11-04 15:45,0.0
2025-11-04 16:00,0.0
2025-11-04 16:15,0.0
2025-11-04 16:30,0.0
2025-11-04 16:45,0.0
2025-11-04 17:00,0.0
2025-11-04 17:15,0.0
2025-11-04 17:30,0.0
2025-11-04 17:45,0.0
2025-11-04 18:00,0.001476
2025-11-04 18:15,0.004427
2025-11-04 18:30,0.003289
2025-11-04 18:45,0.0
2025-11-04 19:00,0.001961
2025-11-04 19:15,0.024328
2025-11-04 19:30,0.005903
2025-11-04 19:45,0.0
2025-11-04 20:00,0.020596
2025-11-04 20:15,0.0
2025-11-04 20:30,0.0
2025-11-04 20:45,0.0
2025-11-04 21:00,0.023442
2025-11-04 21:15,0.0
2025-11-04 21:30,0.242854
2025-11-04 21:45,0.001961
2025-11-04 22:00,0.0
2025-11-04 22:15,0.003289
2025-11-04 22:30,0.0
2025-11-04 22:45,0.0
2025-11-04 23:00,0.0
2025-11-04 23:15,0.030357
2025-11-04 23:30,0.132621
2025-11-04 23:45,0.003921
2025-11-05 00:00,0.001223
2025-11-05 00:00,0.001671
2025-11-05 00:15,0.024323
2025-11-05 00:30,0.066513
2025-11-05 00:45,0.082997
2025-11-05 01:00,0.045764
2025-11-05 01:15,0.060375
2025-11-05 01:30,0.181556
2025-11-05 01:45,0.0
2025-11-05 02:00,0.100202
2025-11-05 02:15,0.002709
2025-11-05 02:30,0.0
2025-11-05 02:45,0.306225
2025-11-05 03:00,0.218905
2025-11-05 03:15,0.270893
2025-11-05 03:30,0.0
2025-11-05 03:45,0.04536
2025-11-05 04:00,0.082997
2025-11-05 04:15,0.139222
2025-11-05 04:30,0.065648
2025-11-05 04:45,0.045764
2025-11-05 05:00,0.095562
2025-11-05 05:15,0.002017
2025-11-05 05:30,0.111643
2025-11-05 05:45,0.004035
2025-11-05 06:00,0.377752
2025-11-05 06:15,0.011527
2025-11-05 06:30,0.033833
2025-11-05 06:45,0.051988
2025-11-05 07:00,0.002017
2025-11-05 07:15,0.0
2025-11-05 07:30,0.020432
2025-11-05 07:45,0.181326
2025-11-05 08:00,0.544409
2025-11-05 08:15,0.0
2025-11-05 08:30,0.168069
2025-11-05 08:45,0.0
2025-11-05 09:00,0.0
2025-11-05 09:15,0.0
2025-11-05 09:30,0.0
2025-11-05 09:45,0.0
2025-11-05 10:00,0.218732
2025-11-05 10:15,0.0
2025-11-05 10:30,0.0
2025-11-05 10:45,0.0
2025-11-05 11:00,0.082997
2025-11-05 11:15,0.0
2025-11-05 11:30,0.041499
2025-11-05 11:45,0.0
2025-11-05 12:00,0.002017
2025-11-05 12:15,0.0
2025-11-05 12:30,0.0
2025-11-05 12:45,0.0
2025-11-05 13:00,0.004035
2025-11-05 13:15,0.0
2025-11-05 13:30,0.0
2025-11-05 13:45,0.0
2025-11-05 14:00,0.0
2025-11-05 14:15,0.0
2025-11-05 14:30,0.002017
2025-11-05 14:45,0.0
2025-11-05 15:00,0.336138
2025-11-05 15:15,0.0
2025-11-05 15:30,0.0
2025-11-05 15:45,0.0
2025-11-05 16:00,0.0
2025-11-05 16:15,0.0
2025-11-05 16:30,0.0
2025-11-05 16:45,0.0
2025-11-05 17:00,0.0
2025-11-05 17:15,0.0
2025-11-05 17:30,0.0
2025-11-05 17:45,0.0
2025-11-05 18:00,0.0
2025-11-05 18:15,0.0
2025-11-05 18:30,0.0
2025-11-05 18:45,0.0
2025-11-05 19:00,0.0
2025-11-05 19:15,0.0
2025-11-05 19:30,0.0
2025-11-05 19:45,0.004035
2025-11-05 20:00,0.0
2025-11-05 20:15,0.165994
2025-11-05 20:30,0.0
2025-11-05 20:45,0.0
2025-11-05 21:00,0.003862
2025-11-05 21:15,0.0
2025-11-05 21:30,0.014582
2025-11-05 21:45,0.0
2025-11-05 22:00,0.0
2025-11-05 22:15,0.0
2025-11-05 22:30,0.0
2025-11-05 22:45,0.0
2025-11-05 23:00,0.0
2025-11-05 23:15,0.211182
2025-11-05 23:30,0.176081
2025-11-05 23:45,0.0
2025-11-06 00:00,0.048818
2025-11-06 00:15,0.003343
2025-11-06 00:30,0.0
2025-11-06 00:45,0.170029
2025-11-06 01:00,0.20098
2025-11-06 01:15,0.524957
2025-11-06 01:30,0.199769
2025-11-06 01:45,0.046311
2025-11-06 02:00,0.366398
2025-11-06 02:15,0.133256
2025-11-06 02:30,0.0
2025-11-06 02:45,0.0
2025-11-06 03:00,0.010836
2025-11-06 03:15,0.041182
2025-11-06 03:30,0.048127
2025-11-06 03:45,0.0
2025-11-06 04:00,0.001844
2025-11-06 04:15,0.0
2025-11-06 04:30,0.004035
2025-11-06 04:45,0.008415
2025-11-06 05:00,0.175533
2025-11-06 05:15,0.098674
2025-11-06 05:30,0.249625
2025-11-06 05:45,0.084841
2025-11-06 06:00,0.093862
2025-11-06 06:15,0.089568
2025-11-06 06:30,0.273343
2025-11-06 06:45,0.559424
2025-11-06 07:00,0.3783
2025-11-06 07:15,0.671354
2025-11-06 07:30,0.379769
2025-11-06 07:45,0.0
2025-11-06 08:00,0.128991
2025-11-06 08:15,0.086052
2025-11-06 08:30,0.049971
2025-11-06 08:45,0.0
2025-11-06 09:00,0.29049
2025-11-06 09:15,0.002017
2025-11-06 09:30,0.0
2025-11-06 09:45,0.0
2025-11-06 10:00,0.0
2025-11-06 10:15,0.0
2025-11-06 10:30,0.0
2025-11-06 10:45,0.349971
2025-11-06 11:00,0.0
2025-11-06 11:15,0.0
2025-11-06 11:30,0.0
2025-11-06 11:45,0.0
2025-11-06 12:00,0.0
2025-11-06 12:15,0.0
2025-11-06 12:30,0.0
2025-11-06 12:45,0.0
2025-11-06 13:00,0.004726
2025-11-06 13:15,0.0
2025-11-06 13:30,0.0
2025-11-06 13:45,0.0
2025-11-06 14:00,0.001671
2025-11-06 14:15,0.0
2025-11-06 14:30,0.0
2025-11-06 14:45,0.0
2025-11-06 15:00,0.0
2025-11-06 15:15,0.028156
2025-11-06 15:30,0.0
2025-11-06 15:45,0.0
2025-11-06 16:00,0.0
2025-11-06 16:15,0.0
2025-11-06 16:30,0.0
2025-11-06 16:45,0.0
2025-11-06 17:00,0.0
2025-11-06 17:15,0.0
2025-11-06 17:30,0.0
2025-11-06 17:45,0.042017
2025-11-06 18:00,0.0
2025-11-06 18:15,0.0
2025-11-06 18:30,0.0
2025-11-06 18:45,0.0
2025-11-06 19:00,0.0
2025-11-06 19:15,0.0
2025-11-06 19:30,0.0
2025-11-06 19:45,0.0
2025-11-06 20:00,0.002017
2025-11-06 20:15,0.0
2025-11-06 20:30,0.0
2025-11-06 20:45,0.0
2025-11-06 21:00,0.399683
2025-11-06 21:15,0.0
2025-11-06 21:30,0.0
2025-11-06 21:45,0.0
2025-11-06 22:00,0.0
2025-11-06 22:15,0.004035
2025-11-06 22:30,0.0
2025-11-06 22:45,0.0
2025-11-06 23:00,0.043746
2025-11-06 23:15,0.0
2025-11-06 23:30,0.032104
2025-11-06 23:45,0.002017
2025-11-07 00:00,0.017464
2025-11-07 00:15,0.137291
2025-11-07 00:30,0.156369
2025-11-07 00:45,0.055331
2025-11-07 01:00,0.0
2025-11-07 01:15,0.0
2025-11-07 01:30,0.092997
2025-11-07 01:45,0.093775
2025-11-07 02:00,0.004496
2025-11-07 02:15,0.037752
2025-11-07 02:30,0.0
2025-11-07 02:45,0.004035
2025-11-07 03:00,0.003689
2025-11-07 03:15,0.045274
2025-11-07 03:30,0.005014
2025-11-07 03:45,0.091527
2025-11-07 04:00,0.002824
2025-11-07 04:15,0.133256
2025-11-07 04:30,0.045591
2025-11-07 04:45,0.041499
2025-11-07 05:00,0.003343
2025-11-07 05:15,0.177118
2025-11-07 05:30,0.045764
2025-11-07 05:45,0.0
2025-11-07 06:00,0.165994
2025-11-07 06:15,0.076052
2025-11-07 06:30,0.004496
2025-11-07 06:45,0.017983
2025-11-07 07:00,0.0
2025-11-07 07:15,0.0
2025-11-07 07:30,0.064553
2025-11-07 07:45,0.112507
2025-11-07 08:00,0.004063
2025-11-07 08:15,0.044035
2025-11-07 08:30,0.084035
2025-11-07 08:45,0.011873
2025-11-07 09:00,0.0
2025-11-07 09:15,0.045187
2025-11-07 09:30,0.0
2025-11-07 09:45,0.041499
2025-11-07 10:00,0.0
2025-11-07 10:15,0.0
2025-11-07 10:30,0.0
2025-11-07 10:45,0.0
2025-11-07 11:00,0.004035
2025-11-07 11:15,0.0
2025-11-07 11:30,0.037233
2025-11-07 11:45,0.084035
2025-11-07 12:00,0.0
2025-11-07 12:15,0.0
2025-11-07 12:30,0.0
2025-11-07 12:45,0.0
2025-11-07 13:00,0.0
2025-11-07 13:15,0.0
2025-11-07 13:30,0.0
2025-11-07 13:45,0.0
2025-11-07 14:00,0.084035
2025-11-07 14:15,0.043746
2025-11-07 14:30,0.084035
2025-11-07 14:45,0.0
2025-11-07 15:00,0.0
2025-11-07 15:15,0.0
2025-11-07 15:30,0.0
2025-11-07 15:45,0.0
2025-11-07 16:00,0.0
2025-11-07 16:15,0.0
2025-11-07 16:30,0.0
2025-11-07 16:45,0.0
2025-11-07 17:00,0.0
2025-11-07 17:15,0.0
2025-11-07 17:30,0.0
2025-11-07 17:45,0.002017
2025-11-07 18:00,0.0
2025-11-07 18:15,0.031585
2025-11-07 18:30,0.0
2025-11-07 18:45,0.0
2025-11-07 19:00,0.0
2025-11-07 19:15,0.0
2025-11-07 19:30,0.0
2025-11-07 19:45,0.0
2025-11-07 20:00,0.0
2025-11-07 20:15,0.0
2025-11-07 20:30,0.0
2025-11-07 20:45,0.0
2025-11-07 21:00,0.0
2025-11-07 21:15,0.417233
2025-11-07 21:30,0.0
2025-11-07 21:45,0.0
2025-11-07 22:00,0.0
2025-11-07 22:15,0.0
2025-11-07 22:30,0.0
2025-11-07 22:45,0.0
2025-11-07 23:00,0.0
2025-11-07 23:15,0.0
2025-11-07 23:30,0.0
2025-11-07 23:45,0.0
2025-11-08 00:00,0.0
2025-11-08 00:15,0.0
2025-11-08 00:30,0.0
2025-11-08 00:45,0.0
2025-11-08 01:00,0.004035
2025-11-08 01:15,0.0
2025-11-08 01:30,0.0
2025-11-08 01:45,0.0
2025-11-08 02:00,0.0
2025-11-08 02:15,0.0
2025-11-08 02:30,0.0
2025-11-08 02:45,0.0
2025-11-08 03:00,0.0
2025-11-08 03:15,0.002248
2025-11-08 03:30,0.007723
2025-11-08 03:45,0.04755
2025-11-08 04:00,0.0
2025-11-08 04:15,0.0
2025-11-08 04:30,0.004352
2025-11-08 04:45,0.0
2025-11-08 05:00,0.0
2025-11-08 05:15,0.082997
2025-11-08 05:30,0.0
2025-11-08 05:45,0.005245
2025-11-08 06:00,0.0
2025-11-08 06:15,0.012392
2025-11-08 06:30,0.0
2025-11-08 06:45,0.0
2025-11-08 07:00,0.0
2025-11-08 07:15,0.002017
2025-11-08 07:30,0.0
2025-11-08 07:45,0.0
2025-11-08 08:00,0.0
2025-11-08 08:15,0.002017
2025-11-08 08:30,0.0
2025-11-08 08:45,0.0
2025-11-08 09:00,0.0
2025-11-08 09:15,0.0
2025-11-08 09:30,0.0
2025-11-08 09:45,0.0
2025-11-08 10:00,0.0
2025-11-08 10:15,0.002017
2025-11-08 10:30,0.0
2025-11-08 10:45,0.0
2025-11-08 11:00,0.0
2025-11-08 11:15,0.002017
2025-11-08 11:30,0.0
2025-11-08 11:45,0.0
2025-11-08 12:00,0.0
2025-11-08 12:15,0.0
2025-11-08 12:30,0.0
2025-11-08 12:45,0.0
2025-11-08 13:00,0.004035
2025-11-08 13:15,0.0
2025-11-08 13:30,0.0
2025-11-08 13:45,0.0
2025-11-08 14:00,0.0
2025-11-08 14:15,0.0
2025-11-08 14:30,0.0
2025-11-08 14:45,0.0
2025-11-08 15:00,0.0
2025-11-08 15:15,0.0
2025-11-08 15:30,0.0
2025-11-08 15:45,0.0
2025-11-08 16:00,0.0
2025-11-08 16:15,0.0
2025-11-08 16:30,0.0
2025-11-08 16:45,0.0
2025-11-08 17:00,0.0
2025-11-08 17:15,0.0
2025-11-08 17:30,0.0
2025-11-08 17:45,0.0
2025-11-08 18:00,0.0
2025-11-08 18:15,0.0
2025-11-08 18:30,0.007723
2025-11-08 18:45,0.0
2025-11-08 19:00,0.0
2025-11-08 19:15,0.0
2025-11-08 19:30,0.0
2025-11-08 19:45,0.0
2025-11-08 20:00,0.0
2025-11-08 20:15,0.0
2025-11-08 20:30,0.0
2025-11-08 20:45,0.0
2025-11-08 21:00,0.0
2025-11-08 21:15,0.002363
2025-11-08 21:30,0.0
2025-11-08 21:45,0.0
2025-11-08 22:00,0.0
2025-11-08 22:15,0.0
2025-11-08 22:30,0.0
2025-11-08 22:45,0.006859
2025-11-08 23:00,0.0
2025-11-08 23:15,0.0
2025-11-08 23:30,0.0
2025-11-08 23:45,0.0
2025-11-09 00:00,0.0
2025-11-09 00:15,0.0
2025-11-09 00:30,0.0
2025-11-09 00:45,0.0
2025-11-09 01:00,0.082997
2025-11-09 01:15,0.0
2025-11-09 01:30,0.0
2025-11-09 01:45,0.0
2025-11-09 02:00,0.0
2025-11-09 02:15,0.0
2025-11-09 02:30,0.0
2025-11-09 02:45,0.0
2025-11-09 03:00,0.0
2025-11-09 03:15,0.0
2025-11-09 03:30,0.0
2025-11-09 03:45,0.0
2025-11-09 04:00,0.0
2025-11-09 04:15,0.0
2025-11-09 04:30,0.004352
2025-11-09 04:45,0.0
2025-11-09 05:00,0.0
2025-11-09 05:15,0.0
2025-11-09 05:30,0.0
2025-11-09 05:45,0.0
2025-11-09 06:00,0.0
2025-11-09 06:15,0.0
2025-11-09 06:30,0.0
2025-11-09 06:45,0.0
2025-11-09 07:00,0.0
2025-11-09 07:15,0.0
2025-11-09 07:30,0.0
2025-11-09 07:45,0.0
2025-11-09 08:00,0.0
2025-11-09 08:15,0.002248
2025-11-09 08:30,0.005418
2025-11-09 08:45,0.0
2025-11-09 09:00,0.0
2025-11-09 09:15,0.0
2025-11-09 09:30,0.0
2025-11-09 09:45,0.0
2025-11-09 10:00,0.0
2025-11-09 10:15,0.0
2025-11-09 10:30,0.0
2025-11-09 10:45,0.0
2025-11-09 11:00,0.0
2025-11-09 11:15,0.0
2025-11-09 11:30,0.0
2025-11-09 11:45,0.0
2025-11-09 12:00,0.0
2025-11-09 12:15,0.0
2025-11-09 12:30,0.0
2025-11-09 12:45,0.0
2025-11-09 13:00,0.0
2025-11-09 13:15,0.0
2025-11-09 13:30,0.0
2025-11-09 13:45,0.0
2025-11-09 14:00,0.0
2025-11-09 14:15,0.0
2025-11-09 14:30,0.004035
2025-11-09 14:45,0.0
2025-11-09 15:00,0.0
2025-11-09 15:15,0.0
2025-11-09 15:30,0.0
2025-11-09 15:45,0.0
2025-11-09 16:00,0.0
2025-11-09 16:15,0.0
2025-11-09 16:30,0.0
2025-11-09 16:45,0.0
2025-11-09 17:00,0.045418
2025-11-09 17:15,0.0
2025-11-09 17:30,0.0
2025-11-09 17:45,0.0
2025-11-09 18:00,0.0
2025-11-09 18:15,0.0
2025-11-09 18:30,0.0
2025-11-09 18:45,0.002017
2025-11-09 19:00,0.0
2025-11-09 19:15,0.0
2025-11-09 19:30,0.0
2025-11-09 19:45,0.0
2025-11-09 20:00,0.0
2025-11-09 20:15,0.0
2025-11-09 20:30,0.0
2025-11-09 20:45,0.0
2025-11-09 21:00,0.0
2025-11-09 21:15,0.0
2025-11-09 21:30,0.0
2025-11-09 21:45,0.0
2025-11-09 22:00,0.0
2025-11-09 22:15,0.0
2025-11-09 22:30,0.0
2025-11-09 22:45,0.0
2025-11-09 23:00,0.045764
2025-11-09 23:15,0.004035
2025-11-09 23:30,0.0
2025-11-09 23:45,0.209568
2025-11-10 00:00,0.109164
2025-11-10 00:15,0.041499
2025-11-10 00:30,0.359597
2025-11-10 00:45,0.225072
2025-11-10 01:00,0.188473
2025-11-10 01:15,0.008386
2025-11-10 01:30,0.003689
2025-11-10 01:45,0.07853
2025-11-10 02:00,0.072738
2025-11-10 02:15,0.004035
2025-11-10 02:30,0.012622
2025-11-10 02:45,0.0
2025-11-10 03:00,0.092161
2025-11-10 03:15,0.0
2025-11-10 03:30,0.458156
2025-11-10 03:45,0.041095
2025-11-10 04:00,0.039308
2025-11-10 04:15,0.126744
2025-11-10 04:30,0.069452
2025-11-10 04:45,0.084035
2025-11-10 05:00,0.148876
2025-11-10 05:15,0.04755
2025-11-10 05:30,1.0
2025-11-10 05:45,0.0
2025-11-10 06:00,0.030519
2025-11-10 06:15,0.012219
2025-11-10 06:30,0.0
2025-11-10 06:45,0.0
2025-11-10 07:00,0.17049
2025-11-10 07:15,0.0
2025-11-10 07:30,0.002017
2025-11-10 07:45,0.058934
2025-11-10 08:00,0.069942
2025-11-10 08:15,0.004035
2025-11-10 08:30,0.0
2025-11-10 08:45,0.0
2025-11-10 09:00,0.0
2025-11-10 09:15,0.041499
2025-11-10 09:30,0.0
2025-11-10 09:45,0.046225
2025-11-10 10:00,0.003141
2025-11-10 10:15,0.0
2025-11-10 10:30,0.0
2025-11-10 10:45,0.082997
2025-11-10 11:00,0.037233
2025-11-10 11:15,0.0
2025-11-10 11:30,0.0
2025-11-10 11:45,0.0
2025-11-10 12:00,0.004035
2025-11-10 12:15,0.0
2025-11-10 12:30,0.0
2025-11-10 12:45,0.0
2025-11-10 13:00,0.0
2025-11-10 13:15,0.0
2025-11-10 13:30,0.0
2025-11-10 13:45,0.0
2025-11-10 14:00,0.0
2025-11-10 14:15,0.006282
2025-11-10 14:30,0.0
2025-11-10 14:45,0.0
2025-11-10 15:00,0.0
2025-11-10 15:15,0.0
2025-11-10 15:30,0.0
2025-11-10 15:45,0.0
2025-11-10 16:00,0.0
2025-11-10 16:15,0.0
2025-11-10 16:30,0.0
2025-11-10 16:45,0.004035
2025-11-10 17:00,0.0
2025-11-10 17:15,0.0
2025-11-10 17:30,0.0
2025-11-10 17:45,0.082997
2025-11-10 18:00,0.0
2025-11-10 18:15,0.0
2025-11-10 18:30,0.084035
2025-11-10 18:45,0.0
2025-11-10 19:00,0.0
2025-11-10 19:15,0.0
2025-11-10 19:30,0.0
2025-11-10 19:45,0.0
2025-11-10 20:00,0.0
2025-11-10 20:15,0.0
2025-11-10 20:30,0.004726
2025-11-10 20:45,0.0
2025-11-10 21:00,0.0
2025-11-10 21:15,0.0
2025-11-10 21:30,0.0
2025-11-10 21:45,0.0
2025-11-10 22:00,0.0
2025-11-10 22:15,0.0
2025-11-10 22:30,0.0
2025-11-10 22:45,0.0
2025-11-10 23:00,0.0
2025-11-10 23:15,0.002017
2025-11-10 23:30,0.0
2025-11-10 23:45,0.176484
2025-11-11 00:00,0.091527
2025-11-11 00:15,0.255043
2025-11-11 00:30,0.094697
2025-11-11 00:45,0.041499
2025-11-11 01:00,0.127954
2025-11-11 01:15,0.124496
2025-11-11 01:30,0.085245
2025-11-11 01:45,0.052104
2025-11-11 02:00,0.11049
2025-11-11 02:15,0.041499
2025-11-11 02:30,0.012334
2025-11-11 02:45,0.084207
2025-11-11 03:00,0.17219
2025-11-11 03:15,0.517349
2025-11-11 03:30,0.0
2025-11-11 03:45,0.050922
2025-11-11 04:00,0.001844
2025-11-11 04:15,0.033429
2025-11-11 04:30,0.215562
2025-11-11 04:45,0.001671
2025-11-11 05:00,0.127954
2025-11-11 05:15,0.001844
2025-11-11 05:30,0.043746
2025-11-11 05:45,0.066513
2025-11-11 06:00,0.002017
2025-11-11 06:15,0.0
2025-11-11 06:30,0.049107
2025-11-11 06:45,0.092219
2025-11-11 07:00,0.331988
2025-11-11 07:15,0.002017
2025-11-11 07:30,0.0
2025-11-11 07:45,0.0
2025-11-11 08:00,0.0
2025-11-11 08:15,0.040288
2025-11-11 08:30,0.004035
2025-11-11 08:45,0.082997
2025-11-11 09:00,0.0
2025-11-11 09:15,0.0
2025-11-11 09:30,0.0
2025-11-11 09:45,0.0
2025-11-11 10:00,0.0
2025-11-11 10:15,0.0
2025-11-11 10:30,0.0
2025-11-11 10:45,0.0
2025-11-11 11:00,0.0
2025-11-11 11:15,0.0
2025-11-11 11:30,0.0
2025-11-11 11:45,0.0
2025-11-11 12:00,0.0
2025-11-11 12:15,0.0
2025-11-11 12:30,0.0
2025-11-11 12:45,0.0
2025-11-11 13:00,0.0
2025-11-11 13:15,0.0
2025-11-11 13:30,0.004035
2025-11-11 13:45,0.0
2025-11-11 14:00,0.0
2025-11-11 14:15,0.0
2025-11-11 14:30,0.0
2025-11-11 14:45,0.0
2025-11-11 15:00,0.0
2025-11-11 15:15,0.0
2025-11-11 15:30,0.0
2025-11-11 15:45,0.0
2025-11-11 16:00,0.0
2025-11-11 16:15,0.0
2025-11-11 16:30,0.0
2025-11-11 16:45,0.0
2025-11-11 17:00,0.043746
2025-11-11 17:15,0.0
2025-11-11 17:30,0.0
2025-11-11 17:45,0.0
2025-11-11 18:00,0.0
2025-11-11 18:15,0.0
2025-11-11 18:30,0.0
2025-11-11 18:45,0.009424
2025-11-11 19:00,0.0
2025-11-11 19:15,0.0
2025-11-11 19:30,0.0
2025-11-11 19:45,0.0
2025-11-11 20:00,0.0
2025-11-11 20:15,0.0
2025-11-11 20:30,0.0
2025-11-11 20:45,0.0
2025-11-11 21:00,0.0
2025-11-11 21:15,0.0
2025-11-11 21:30,0.0
2025-11-11 21:45,0.0
2025-11-11 22:00,0.0
2025-11-11 22:15,0.0
2025-11-11 22:30,0.0
2025-11-11 22:45,0.0
2025-11-11 23:00,0.041499
2025-11-11 23:15,0.00513
2025-11-11 23:30,0.006052
2025-11-11 23:45,0.167839
2025-11-12 00:00,0.077867
2025-11-12 00:00,0.033917
2025-11-12 00:15,0.069227
2025-11-12 00:30,0.019055
2025-11-12 00:45,0.003314
2025-11-12 01:00,0.072302
2025-11-12 01:15,0.294831
2025-11-12 01:30,0.036151
2025-11-12 01:45,0.107398
2025-11-12 02:00,0.0
2025-11-12 02:15,0.0
2025-11-12 02:30,0.001757
2025-11-12 02:45,0.0
2025-11-12 03:00,0.038109
2025-11-12 03:15,0.136357
2025-11-12 03:30,0.055306
2025-11-12 03:45,0.005548
2025-11-12 04:00,0.225692
2025-11-12 04:15,0.01736
2025-11-12 04:30,0.091356
2025-11-12 04:45,0.000879
2025-11-12 05:00,0.01918
2025-11-12 05:15,0.056247
2025-11-12 05:30,0.108453
2025-11-12 05:45,0.038988
2025-11-12 06:00,0.037908
2025-11-12 06:15,0.038988
2025-11-12 06:30,0.020059
2025-11-12 06:45,0.002084
2025-11-12 07:00,0.052017
2025-11-12 07:15,0.008184
2025-11-12 07:30,0.004117
2025-11-12 07:45,0.038109
2025-11-12 08:00,0.002598
2025-11-12 08:15,0.002385
2025-11-12 08:30,0.018075
2025-11-12 08:45,0.0
2025-11-12 09:00,0.0
2025-11-12 09:15,0.0
2025-11-12 09:30,0.001757
2025-11-12 09:45,0.0
2025-11-12 10:00,0.001757
2025-11-12 10:15,0.0
2025-11-12 10:30,0.0
2025-11-12 10:45,0.0
2025-11-12 11:00,0.0
2025-11-12 11:15,0.0
2025-11-12 11:30,0.0
2025-11-12 11:45,0.0
2025-11-12 12:00,0.0
2025-11-12 12:15,0.0
2025-11-12 12:30,0.0
2025-11-12 12:45,0.0
2025-11-12 13:00,0.0
2025-11-12 13:15,0.0
2025-11-12 13:30,0.0
2025-11-12 13:45,0.0
2025-11-12 14:00,0.0
2025-11-12 14:15,0.021063
2025-11-12 14:30,0.006527
2025-11-12 14:45,0.009389
2025-11-12 15:00,0.0
2025-11-12 15:15,0.0
2025-11-12 15:30,0.0
2025-11-12 15:45,0.005071
2025-11-12 16:00,0.0
2025-11-12 16:15,0.0
2025-11-12 16:30,0.0
2025-11-12 16:45,0.0
2025-11-12 17:00,0.0
2025-11-12 17:15,0.0
2025-11-12 17:30,0.0
2025-11-12 17:45,0.0
2025-11-12 18:00,0.0
2025-11-12 18:15,0.0
2025-11-12 18:30,0.019055
2025-11-12 18:45,0.0
2025-11-12 19:00,0.0
2025-11-12 19:15,0.0
2025-11-12 19:30,0.0
2025-11-12 19:45,0.0
2025-11-12 20:00,0.0
2025-11-12 20:15,0.002285
2025-11-12 20:30,0.072302
2025-11-12 20:45,0.00236
2025-11-12 21:00,0.0
2025-11-12 21:15,0.019055
2025-11-12 21:30,0.0
2025-11-12 21:45,0.0
2025-11-12 22:00,0.0
2025-11-12 22:15,0.0
2025-11-12 22:30,0.0
2025-11-12 22:45,0.0
2025-11-12 23:00,0.064243
2025-11-12 23:15,0.052205
2025-11-12 23:30,0.012979
2025-11-12 23:45,0.451698
2025-11-13 00:00,0.001456
2025-11-13 00:15,0.045377
2025-11-13 00:30,0.085118
2025-11-13 00:45,0.003653
2025-11-13 01:00,0.073181
2025-11-13 01:15,0.056511
2025-11-13 01:30,0.001757
2025-11-13 01:45,0.052017
2025-11-13 02:00,0.0
2025-11-13 02:15,0.001029
2025-11-13 02:30,0.019055
2025-11-13 02:45,0.0
2025-11-13 03:00,0.00541
2025-11-13 03:15,0.001607
2025-11-13 03:30,0.026586
2025-11-13 03:45,0.05744
2025-11-13 04:00,0.002234
2025-11-13 04:15,0.06098
2025-11-13 04:30,0.047699
2025-11-13 04:45,0.040343
2025-11-13 05:00,0.000879
2025-11-13 05:15,0.006603
2025-11-13 05:30,0.038385
2025-11-13 05:45,0.002573
2025-11-13 06:00,0.054063
2025-11-13 06:15,0.126754
2025-11-13 06:30,0.055657
2025-11-13 06:45,0.009188
2025-11-13 07:00,0.006427
2025-11-13 07:15,0.072528
2025-11-13 07:30,0.05636
2025-11-13 07:45,0.090603
2025-11-13 08:00,0.002335
2025-11-13 08:15,0.0
2025-11-13 08:30,0.048979
2025-11-13 08:45,0.038712
2025-11-13 09:00,0.0
2025-11-13 09:15,0.038172
2025-11-13 09:30,0.057164
2025-11-13 09:45,0.0
2025-11-13 10:00,0.0
2025-11-13 10:15,0.0
2025-11-13 10:30,0.0
2025-11-13 10:45,0.0
2025-11-13 11:00,0.0
2025-11-13 11:15,0.0
2025-11-13 11:30,0.0
2025-11-13 11:45,0.0
2025-11-13 12:00,0.018075
2025-11-13 12:15,0.0
2025-11-13 12:30,0.0
2025-11-13 12:45,0.001456
2025-11-13 13:00,0.0
2025-11-13 13:15,0.0
2025-11-13 13:30,0.0
2025-11-13 13:45,0.036151
2025-11-13 14:00,0.0
2025-11-13 14:15,0.0
2025-11-13 14:30,0.0
2025-11-13 14:45,0.0
2025-11-13 15:00,0.0
2025-11-13 15:15,0.0
2025-11-13 15:30,0.0
2025-11-13 15:45,0.0
2025-11-13 16:00,0.0
2025-11-13 16:15,0.000929
2025-11-13 16:30,0.00123
2025-11-13 16:45,0.0
2025-11-13 17:00,0.0
2025-11-13 17:15,0.002159
2025-11-13 17:30,0.0
2025-11-13 17:45,0.0
2025-11-13 18:00,0.0
2025-11-13 18:15,0.0
2025-11-13 18:30,0.002536
2025-11-13 18:45,0.002159
2025-11-13 19:00,0.0
2025-11-13 19:15,0.0
2025-11-13 19:30,0.0
2025-11-13 19:45,0.0
2025-11-13 20:00,0.0
2025-11-13 20:15,0.00123
2025-11-13 20:30,0.0
2025-11-13 20:45,0.0
2025-11-13 21:00,0.0
2025-11-13 21:15,0.0
2025-11-13 21:30,0.0
2025-11-13 21:45,0.0
2025-11-13 22:00,0.0
2025-11-13 22:15,0.0
2025-11-13 22:30,0.0
2025-11-13 22:45,0.0
2025-11-13 23:00,0.051816
2025-11-13 23:15,0.076218
2025-11-13 23:30,0.040092
2025-11-13 23:45,0.044247
2025-11-14 00:00,0.024703
2025-11-14 00:15,0.077235
2025-11-14 00:30,0.023573
2025-11-14 00:45,0.002636
2025-11-14 01:00,0.076218
2025-11-14 01:15,0.016971
2025-11-14 01:30,0.0
2025-11-14 01:45,0.09772
2025-11-14 02:00,0.0
2025-11-14 02:15,0.078678
2025-11-14 02:30,0.0
2025-11-14 02:45,0.000879
2025-11-14 03:00,0.0
2025-11-14 03:15,0.036151
2025-11-14 03:30,0.0
2025-11-14 03:45,0.001757
2025-11-14 04:00,0.036
2025-11-14 04:15,0.036151
2025-11-14 04:30,0.095524
2025-11-14 04:45,0.029021
2025-11-14 05:00,0.041624
2025-11-14 05:15,0.001757
2025-11-14 05:30,0.086436
2025-11-14 05:45,0.215952
2025-11-14 06:00,0.039866
2025-11-14 06:15,0.047549
2025-11-14 06:30,0.003766
2025-11-14 06:45,0.14852
2025-11-14 07:00,0.036151
2025-11-14 07:15,0.001757
2025-11-14 07:30,0.018075
2025-11-14 07:45,0.025657
2025-11-14 08:00,0.446364
2025-11-14 08:15,0.005674
2025-11-14 08:30,0.39343
2025-11-14 08:45,0.036151
2025-11-14 09:00,0.0
2025-11-14 09:15,0.0
2025-11-14 09:30,0.0
2025-11-14 09:45,0.0
2025-11-14 10:00,0.0
2025-11-14 10:15,0.0
2025-11-14 10:30,0.0
2025-11-14 10:45,0.0
2025-11-14 11:00,0.0
2025-11-14 11:15,0.0
2025-11-14 11:30,0.001757
2025-11-14 11:45,0.0
2025-11-14 12:00,0.00123
2025-11-14 12:15,0.0
2025-11-14 12:30,0.0
2025-11-14 12:45,0.0
2025-11-14 13:00,0.0
2025-11-14 13:15,0.0
2025-11-14 13:30,0.0
2025-11-14 13:45,0.0
2025-11-14 14:00,0.0
2025-11-14 14:15,0.0
2025-11-14 14:30,0.0
2025-11-14 14:45,0.0
2025-11-14 15:00,0.0
2025-11-14 15:15,0.0
2025-11-14 15:30,0.0
2025-11-14 15:45,0.0
2025-11-14 16:00,0.000879
2025-11-14 16:15,0.0
2025-11-14 16:30,0.0
2025-11-14 16:45,0.0
2025-11-14 17:00,0.0
2025-11-14 17:15,0.0
2025-11-14 17:30,0.0
2025-11-14 17:45,0.018075
2025-11-14 18:00,0.0
2025-11-14 18:15,0.0
2025-11-14 18:30,0.0
2025-11-14 18:45,0.0
2025-11-14 19:00,0.001682
2025-11-14 19:15,0.0
2025-11-14 19:30,0.0
2025-11-14 19:45,0.0
2025-11-14 20:00,0.0
2025-11-14 20:15,0.0
2025-11-14 20:30,0.0
2025-11-14 20:45,0.0
2025-11-14 21:00,0.0
2025-11-14 21:15,0.0
2025-11-14 21:30,0.018578
2025-11-14 21:45,0.0
2025-11-14 22:00,0.0
2025-11-14 22:15,0.0
2025-11-14 22:30,0.0
2025-11-14 22:45,0.0
2025-11-14 23:00,0.0
2025-11-14 23:15,0.0
2025-11-14 23:30,0.0
2025-11-14 23:45,0.0
2025-11-15 00:00,0.0
2025-11-15 00:15,0.0
2025-11-15 00:30,0.0
2025-11-15 00:45,0.0
2025-11-15 01:00,0.0
2025-11-15 01:15,0.0
2025-11-15 01:30,0.0
2025-11-15 01:45,0.0
2025-11-15 02:00,0.0
2025-11-15 02:15,0.0
2025-11-15 02:30,0.0
2025-11-15 02:45,0.0
2025-11-15 03:00,0.0
2025-11-15 03:15,0.0
2025-11-15 03:30,0.0
2025-11-15 03:45,0.0
2025-11-15 04:00,0.0
2025-11-15 04:15,0.0
2025-11-15 04:30,0.0
2025-11-15 04:45,0.0
2025-11-15 05:00,0.0
2025-11-15 05:15,0.0
2025-11-15 05:30,0.0
2025-11-15 05:45,0.0
2025-11-15 06:00,0.0
2025-11-15 06:15,0.0
2025-11-15 06:30,0.0
2025-11-15 06:45,0.0
2025-11-15 07:00,0.0
2025-11-15 07:15,0.0
2025-11-15 07:30,0.0
2025-11-15 07:45,0.0
2025-11-15 08:00,0.002059
2025-11-15 08:15,0.0
2025-11-15 08:30,0.0
2025-11-15 08:45,0.0
2025-11-15 09:00,0.0
2025-11-15 09:15,0.0
2025-11-15 09:30,0.0
2025-11-15 09:45,0.0
2025-11-15 10:00,0.0
2025-11-15 10:15,0.0
2025-11-15 10:30,0.0
2025-11-15 10:45,0.0
2025-11-15 11:00,0.0
2025-11-15 11:15,0.0
2025-11-15 11:30,0.0
2025-11-15 11:45,0.0
2025-11-15 12:00,0.0
2025-11-15 12:15,0.0
2025-11-15 12:30,0.0
2025-11-15 12:45,0.0
2025-11-15 13:00,0.0
2025-11-15 13:15,0.0
2025-11-15 13:30,0.0
2025-11-15 13:45,0.0
2025-11-15 14:00,0.0
2025-11-15 14:15,0.0
2025-11-15 14:30,0.0
2025-11-15 14:45,0.0
2025-11-15 15:00,0.0
2025-11-15 15:15,0.0
2025-11-15 15:30,0.026661
2025-11-15 15:45,0.0
2025-11-15 16:00,0.0
2025-11-15 16:15,0.0
2025-11-15 16:30,0.0
2025-11-15 16:45,0.0
2025-11-15 17:00,0.0
2025-11-15 17:15,0.0
2025-11-15 17:30,0.0
2025-11-15 17:45,0.0
2025-11-15 18:00,0.0
2025-11-15 18:15,0.0
2025-11-15 18:30,0.0
2025-11-15 18:45,0.0
2025-11-15 19:00,0.0
2025-11-15 19:15,0.0
2025-11-15 19:30,0.0
2025-11-15 19:45,0.0
2025-11-15 20:00,0.0
2025-11-15 20:15,0.0
2025-11-15 20:30,0.0
2025-11-15 20:45,0.0
2025-11-15 21:00,0.0
2025-11-15 21:15,0.0
2025-11-15 21:30,0.0
2025-11-15 21:45,0.0
2025-11-15 22:00,0.0
2025-11-15 22:15,0.0
2025-11-15 22:30,0.0
2025-11-15 22:45,0.0
2025-11-15 23:00,0.0
2025-11-15 23:15,0.0
2025-11-15 23:30,0.0
2025-11-15 23:45,0.0
2025-11-16 00:00,0.0
2025-11-16 00:15,0.001757
2025-11-16 00:30,0.0
2025-11-16 00:45,0.0
2025-11-16 01:00,0.0
2025-11-16 01:15,0.0
2025-11-16 01:30,0.0
2025-11-16 01:45,0.0
2025-11-16 02:00,0.00246
2025-11-16 02:15,0.0
2025-11-16 02:30,0.0
2025-11-16 02:45,0.0
2025-11-16 03:00,0.0
2025-11-16 03:15,0.0
2025-11-16 03:30,0.00236
2025-11-16 03:45,0.0
2025-11-16 04:00,0.0
2025-11-16 04:15,0.0
2025-11-16 04:30,0.0
2025-11-16 04:45,0.0
2025-11-16 05:00,0.0
2025-11-16 05:15,0.001192
2025-11-16 05:30,0.0
2025-11-16 05:45,0.0
2025-11-16 06:00,0.001757
2025-11-16 06:15,0.0
2025-11-16 06:30,0.0
2025-11-16 06:45,0.0
2025-11-16 07:00,0.0
2025-11-16 07:15,0.0
2025-11-16 07:30,0.035084
2025-11-16 07:45,0.0
2025-11-16 08:00,0.0
2025-11-16 08:15,0.0
2025-11-16 08:30,0.0
2025-11-16 08:45,0.0
2025-11-16 09:00,0.0
2025-11-16 09:15,0.001757
2025-11-16 09:30,0.0
2025-11-16 09:45,0.0
2025-11-16 10:00,0.0
2025-11-16 10:15,0.0
2025-11-16 10:30,0.0
2025-11-16 10:45,0.0
2025-11-16 11:00,0.0
2025-11-16 11:15,0.0
2025-11-16 11:30,0.0
2025-11-16 11:45,0.0
2025-11-16 12:00,0.0
2025-11-16 12:15,0.0
2025-11-16 12:30,0.0
2025-11-16 12:45,0.0
2025-11-16 13:00,0.0
2025-11-16 13:15,0.0
2025-11-16 13:30,0.0
2025-11-16 13:45,0.0
2025-11-16 14:00,0.0
2025-11-16 14:15,0.0
2025-11-16 14:30,0.0
2025-11-16 14:45,0.0
2025-11-16 15:00,0.0
2025-11-16 15:15,0.0
2025-11-16 15:30,0.0
2025-11-16 15:45,0.0
2025-11-16 16:00,0.0
2025-11-16 16:15,0.0
2025-11-16 16:30,0.0
2025-11-16 16:45,0.0
2025-11-16 17:00,0.0
2025-11-16 17:15,0.0
2025-11-16 17:30,0.0
2025-11-16 17:45,0.0
2025-11-16 18:00,0.0
2025-11-16 18:15,0.0
2025-11-16 18:30,0.0
2025-11-16 18:45,0.0
2025-11-16 19:00,0.0
2025-11-16 19:15,0.0
2025-11-16 19:30,0.0
2025-11-16 19:45,0.000879
2025-11-16 20:00,0.0
2025-11-16 20:15,0.0
2025-11-16 20:30,0.0
2025-11-16 20:45,0.0
2025-11-16 21:00,0.0
2025-11-16 21:15,0.0
2025-11-16 21:30,0.0
2025-11-16 21:45,0.001757
2025-11-16 22:00,0.0
2025-11-16 22:15,0.0
2025-11-16 22:30,0.0
2025-11-16 22:45,0.0
2025-11-16 23:00,0.075503
2025-11-16 23:15,0.0
2025-11-16 23:30,0.064293
2025-11-16 23:45,0.07426
2025-11-17 00:00,0.527829
2025-11-17 00:15,0.036151
2025-11-17 00:30,0.016845
2025-11-17 00:45,0.020272
2025-11-17 01:00,0.0
2025-11-17 01:15,0.114026
2025-11-17 01:30,0.094896
2025-11-17 01:45,0.077825
2025-11-17 02:00,0.018301
2025-11-17 02:15,0.019933
2025-11-17 02:30,0.001757
2025-11-17 02:45,0.001757
2025-11-17 03:00,0.018301
2025-11-17 03:15,0.022293
2025-11-17 03:30,0.0
2025-11-17 03:45,0.000879
2025-11-17 04:00,0.000879
2025-11-17 04:15,0.038197
2025-11-17 04:30,0.148934
2025-11-17 04:45,0.132001
2025-11-17 05:00,0.03703
2025-11-17 05:15,0.04903
2025-11-17 05:30,0.056436
2025-11-17 05:45,0.004293
2025-11-17 06:00,0.025745
2025-11-17 06:15,0.167223
2025-11-17 06:30,0.015891
2025-11-17 06:45,0.138403
2025-11-17 07:00,0.001757
2025-11-17 07:15,0.150478
2025-11-17 07:30,0.095951
2025-11-17 07:45,0.297015
2025-11-17 08:00,0.000728
2025-11-17 08:15,0.0
2025-11-17 08:30,0.287525
2025-11-17 08:45,0.00241
2025-11-17 09:00,0.0
2025-11-17 09:15,0.054226
2025-11-17 09:30,0.002636
2025-11-17 09:45,0.0
2025-11-17 10:00,0.0
2025-11-17 10:15,0.0
2025-11-17 10:30,0.0
2025-11-17 10:45,0.0
2025-11-17 11:00,0.0
2025-11-17 11:15,0.0
2025-11-17 11:30,0.0
2025-11-17 11:45,0.002159
2025-11-17 12:00,0.0
2025-11-17 12:15,0.0
2025-11-17 12:30,0.0
2025-11-17 12:45,0.002561
2025-11-17 13:00,0.0
2025-11-17 13:15,0.000879
2025-11-17 13:30,0.0
2025-11-17 13:45,0.0
2025-11-17 14:00,0.0
2025-11-17 14:15,0.0
2025-11-17 14:30,0.0
2025-11-17 14:45,0.0
2025-11-17 15:00,0.0
2025-11-17 15:15,0.0
2025-11-17 15:30,0.0
2025-11-17 15:45,0.0
2025-11-17 16:00,0.0
2025-11-17 16:15,0.0
2025-11-17 16:30,0.0
2025-11-17 16:45,0.0
2025-11-17 17:00,0.0
2025-11-17 17:15,0.0
2025-11-17 17:30,0.0
2025-11-17 17:45,0.0
2025-11-17 18:00,0.0
2025-11-17 18:15,0.0
2025-11-17 18:30,0.0
2025-11-17 18:45,0.0
2025-11-17 19:00,0.003515
2025-11-17 19:15,0.0
2025-11-17 19:30,0.0
2025-11-17 19:45,0.0
2025-11-17 20:00,0.0
2025-11-17 20:15,0.0
2025-11-17 20:30,0.0
2025-11-17 20:45,0.0
2025-11-17 21:00,0.001757
2025-11-17 21:15,0.0
2025-11-17 21:30,0.0
2025-11-17 21:45,0.0
2025-11-17 22:00,0.0
2025-11-17 22:15,0.0
2025-11-17 22:30,0.0
2025-11-17 22:45,0.0
2025-11-17 23:00,0.036151
2025-11-17 23:15,0.276617
2025-11-17 23:30,1.0
2025-11-17 23:45,0.147817
2025-11-18 00:00,0.145482
2025-11-18 00:15,0.072302
2025-11-18 00:30,0.001607
2025-11-18 00:45,0.014837
2025-11-18 01:00,0.005875
2025-11-18 01:15,0.174817
2025-11-18 01:30,0.182964
2025-11-18 01:45,0.018075
2025-11-18 02:00,0.0
2025-11-18 02:15,0.005146
2025-11-18 02:30,0.001958
2025-11-18 02:45,0.0
2025-11-18 03:00,0.0
2025-11-18 03:15,0.001757
2025-11-18 03:30,0.145583
2025-11-18 03:45,0.042879
2025-11-18 04:00,0.072302
2025-11-18 04:15,0.039728
2025-11-18 04:30,0.003841
2025-11-18 04:45,0.030804
2025-11-18 05:00,0.082294
2025-11-18 05:15,0.0
2025-11-18 05:30,0.001757
2025-11-18 05:45,0.000879
2025-11-18 06:00,0.072302
2025-11-18 06:15,0.043595
2025-11-18 06:30,0.105164
2025-11-18 06:45,0.000879
2025-11-18 07:00,0.00664
2025-11-18 07:15,0.267793
2025-11-18 07:30,0.001757
2025-11-18 07:45,0.093741
2025-11-18 08:00,0.000879
2025-11-18 08:15,0.127407
2025-11-18 08:30,0.020812
2025-11-18 08:45,0.0
2025-11-18 09:00,0.001757
2025-11-18 09:15,0.0
2025-11-18 09:30,0.0
2025-11-18 09:45,0.0
2025-11-18 10:00,0.0
2025-11-18 10:15,0.0
2025-11-18 10:30,0.0
2025-11-18 10:45,0.0
2025-11-18 11:00,0.0
2025-11-18 11:15,0.0
2025-11-18 11:30,0.0
2025-11-18 11:45,0.0
2025-11-18 12:00,0.0
2025-11-18 12:15,0.0
2025-11-18 12:30,0.0
2025-11-18 12:45,0.0
2025-11-18 13:00,0.0
2025-11-18 13:15,0.0
2025-11-18 13:30,0.0
2025-11-18 13:45,0.003515
2025-11-18 14:00,0.0
2025-11-18 14:15,0.0
2025-11-18 14:30,0.0
2025-11-18 14:45,0.0
2025-11-18 15:00,0.0
2025-11-18 15:15,0.0
2025-11-18 15:30,0.0
2025-11-18 15:45,0.000879
2025-11-18 16:00,0.0
2025-11-18 16:15,0.0
2025-11-18 16:30,0.0
2025-11-18 16:45,0.0
2025-11-18 17:00,0.0
2025-11-18 17:15,0.001757
2025-11-18 17:30,0.152436
2025-11-18 17:45,0.0
2025-11-18 18:00,0.000879
2025-11-18 18:15,0.0
2025-11-18 18:30,0.0
2025-11-18 18:45,0.0
2025-11-18 19:00,0.0
2025-11-18 19:15,0.0
2025-11-18 19:30,0.0
2025-11-18 19:45,0.002536
2025-11-18 20:00,0.0
2025-11-18 20:15,0.0
2025-11-18 20:30,0.0
2025-11-18 20:45,0.0
2025-11-18 21:00,0.001895
2025-11-18 21:15,0.000879
2025-11-18 21:30,0.0
2025-11-18 21:45,0.0
2025-11-18 22:00,0.0
2025-11-18 22:15,0.0
2025-11-18 22:30,0.0
2025-11-18 22:45,0.027214
2025-11-18 23:00,0.0
2025-11-18 23:15,0.0
2025-11-18 23:30,0.038285
2025-11-18 23:45,0.050285
2025-11-19 00:00,0.261667
2025-11-19 00:00,0.32136
2025-11-19 00:15,0.0
2025-11-19 00:30,0.025729
2025-11-19 00:45,0.00259
2025-11-19 01:00,0.001079
2025-11-19 01:15,0.048838
2025-11-19 01:30,0.044953
2025-11-19 01:45,0.0
2025-11-19 02:00,0.001079
2025-11-19 02:15,0.0
2025-11-19 02:30,0.001264
2025-11-19 02:45,0.0
2025-11-19 03:00,0.049948
2025-11-19 03:15,0.0
2025-11-19 03:30,0.022199
2025-11-19 03:45,0.10176
2025-11-19 04:00,0.015909
2025-11-19 04:15,0.090769
2025-11-19 04:30,0.003484
2025-11-19 04:45,0.161266
2025-11-19 05:00,0.016896
2025-11-19 05:15,0.047882
2025-11-19 05:30,0.071437
2025-11-19 05:45,0.29688
2025-11-19 06:00,0.003237
2025-11-19 06:15,0.017944
2025-11-19 06:30,0.057964
2025-11-19 06:45,0.012857
2025-11-19 07:00,0.0
2025-11-19 07:15,0.140408
2025-11-19 07:30,0.006089
2025-11-19 07:45,0.05448
2025-11-19 08:00,0.005642
2025-11-19 08:15,0.002158
2025-11-19 08:30,0.005935
2025-11-19 08:45,0.0
2025-11-19 09:00,0.001079
2025-11-19 09:15,0.177591
2025-11-19 09:30,0.001079
2025-11-19 09:45,0.0
2025-11-19 10:00,0.047882
2025-11-19 10:15,0.0
2025-11-19 10:30,0.0
2025-11-19 10:45,0.004316
2025-11-19 11:00,0.0
2025-11-19 11:15,0.010051
2025-11-19 11:30,0.0
2025-11-19 11:45,0.002158
2025-11-19 12:00,0.0
2025-11-19 12:15,0.0
2025-11-19 12:30,0.0
2025-11-19 12:45,0.0
2025-11-19 13:00,0.0
2025-11-19 13:15,0.0
2025-11-19 13:30,0.0
2025-11-19 13:45,0.0
2025-11-19 14:00,0.0
2025-11-19 14:15,0.0
2025-11-19 14:30,0.0
2025-11-19 14:45,0.0
2025-11-19 15:00,0.0
2025-11-19 15:15,0.0
2025-11-19 15:30,0.0
2025-11-19 15:45,0.048961
2025-11-19 16:00,0.0
2025-11-19 16:15,0.0
2025-11-19 16:30,0.0
2025-11-19 16:45,0.0
2025-11-19 17:00,0.0
2025-11-19 17:15,0.0
2025-11-19 17:30,0.0
2025-11-19 17:45,0.0
2025-11-19 18:00,0.0
2025-11-19 18:15,0.0
2025-11-19 18:30,0.0
2025-11-19 18:45,0.0
2025-11-19 19:00,0.0
2025-11-19 19:15,0.0
2025-11-19 19:30,0.0
2025-11-19 19:45,0.0
2025-11-19 20:00,0.0
2025-11-19 20:15,0.019794
2025-11-19 20:30,0.0
2025-11-19 20:45,0.0
2025-11-19 21:00,0.0
2025-11-19 21:15,0.0
2025-11-19 21:30,0.001973
2025-11-19 21:45,0.0
2025-11-19 22:00,0.0
2025-11-19 22:15,0.0
2025-11-19 22:30,0.0
2025-11-19 22:45,0.0
2025-11-19 23:00,0.0
2025-11-19 23:15,0.046803
2025-11-19 23:30,0.001079
2025-11-19 23:45,0.223562
2025-11-20 00:00,0.001079
2025-11-20 00:15,0.026639
2025-11-20 00:30,0.0
2025-11-20 00:45,0.004193
2025-11-20 01:00,0.026515
2025-11-20 01:15,0.001048
2025-11-20 01:30,0.046556
2025-11-20 01:45,0.022199
2025-11-20 02:00,0.0
2025-11-20 02:15,0.0
2025-11-20 02:30,0.003237
2025-11-20 02:45,0.0
2025-11-20 03:00,0.001079
2025-11-20 03:15,0.0
2025-11-20 03:30,0.003222
2025-11-20 03:45,0.0
2025-11-20 04:00,0.0
2025-11-20 04:15,0.001079
2025-11-20 04:30,0.000987
2025-11-20 04:45,0.029059
2025-11-20 05:00,0.005211
2025-11-20 05:15,0.005396
2025-11-20 05:30,0.005396
2025-11-20 05:45,0.177098
2025-11-20 06:00,0.0
2025-11-20 06:15,0.001264
2025-11-20 06:30,0.063437
2025-11-20 06:45,0.046803
2025-11-20 07:00,0.092311
2025-11-20 07:15,0.0
2025-11-20 07:30,0.03262
2025-11-20 07:45,0.026793
2025-11-20 08:00,0.001079
2025-11-20 08:15,0.001079
2025-11-20 08:30,0.005056
2025-11-20 08:45,0.0
2025-11-20 09:00,0.0
2025-11-20 09:15,0.0
2025-11-20 09:30,0.0
2025-11-20 09:45,0.0
2025-11-20 10:00,0.002328
2025-11-20 10:15,0.002405
2025-11-20 10:30,0.0
2025-11-20 10:45,0.0
2025-11-20 11:00,0.0
2025-11-20 11:15,0.0
2025-11-20 11:30,0.006043
2025-11-20 11:45,0.0
2025-11-20 12:00,0.002158
2025-11-20 12:15,0.0
2025-11-20 12:30,0.0
2025-11-20 12:45,0.0
2025-11-20 13:00,0.0
2025-11-20 13:15,0.0
2025-11-20 13:30,0.0
2025-11-20 13:45,0.0
2025-11-20 14:00,0.0
2025-11-20 14:15,0.002158
2025-11-20 14:30,0.0
2025-11-20 14:45,0.0
2025-11-20 15:00,0.0
2025-11-20 15:15,0.0
2025-11-20 15:30,0.0
2025-11-20 15:45,0.0
2025-11-20 16:00,0.0
2025-11-20 16:15,0.001526
2025-11-20 16:30,0.0
2025-11-20 16:45,0.012425
2025-11-20 17:00,0.002158
2025-11-20 17:15,0.0
2025-11-20 17:30,0.0
2025-11-20 17:45,0.002158
2025-11-20 18:00,0.0
2025-11-20 18:15,0.0
2025-11-20 18:30,0.0
2025-11-20 18:45,0.0
2025-11-20 19:00,0.0
2025-11-20 19:15,0.0
2025-11-20 19:30,0.0
2025-11-20 19:45,0.0
2025-11-20 20:00,0.002158
2025-11-20 20:15,0.0
2025-11-20 20:30,0.0
2025-11-20 20:45,0.0
2025-11-20 21:00,0.0
2025-11-20 21:15,0.0
2025-11-20 21:30,0.0
2025-11-20 21:45,0.001079
2025-11-20 22:00,0.0
2025-11-20 22:15,0.0
2025-11-20 22:30,0.0
2025-11-20 22:45,0.0
2025-11-20 23:00,0.0
2025-11-20 23:15,0.0
2025-11-20 23:30,0.250802
2025-11-20 23:45,0.045477
2025-11-21 00:00,0.0
2025-11-21 00:15,0.010267
2025-11-21 00:30,0.044953
2025-11-21 00:45,0.486896
2025-11-21 01:00,0.038016
2025-11-21 01:15,0.046556
2025-11-21 01:30,0.260036
2025-11-21 01:45,1.0
2025-11-21 02:00,0.312265
2025-11-21 02:15,0.024295
2025-11-21 02:30,0.002158
2025-11-21 02:45,0.0
2025-11-21 03:00,0.029059
2025-11-21 03:15,0.088796
2025-11-21 03:30,0.01335
2025-11-21 03:45,0.031603
2025-11-21 04:00,0.119335
2025-11-21 04:15,0.002158
2025-11-21 04:30,0.044398
2025-11-21 04:45,0.0113
2025-11-21 05:00,0.025313
2025-11-21 05:15,0.046803
2025-11-21 05:30,0.067583
2025-11-21 05:45,0.092403
2025-11-21 06:00,0.027872
2025-11-21 06:15,0.012703
2025-11-21 06:30,0.026747
2025-11-21 06:45,0.4472
2025-11-21 07:00,0.004656
2025-11-21 07:15,0.001079
2025-11-21 07:30,0.005611
2025-11-21 07:45,0.044398
2025-11-21 08:00,0.046186
2025-11-21 08:15,0.002158
2025-11-21 08:30,0.005812
2025-11-21 08:45,0.0
2025-11-21 09:00,0.0
2025-11-21 09:15,0.0
2025-11-21 09:30,0.0
2025-11-21 09:45,0.0
2025-11-21 10:00,0.0
2025-11-21 10:15,0.002158
2025-11-21 10:30,0.009065
2025-11-21 10:45,0.0
2025-11-21 11:00,0.0
2025-11-21 11:15,0.0
2025-11-21 11:30,0.0
2025-11-21 11:45,0.0
2025-11-21 12:00,0.004316
2025-11-21 12:15,0.001079
2025-11-21 12:30,0.0
2025-11-21 12:45,0.0
2025-11-21 13:00,0.0
2025-11-21 13:15,0.005349
2025-11-21 13:30,0.044398
2025-11-21 13:45,0.0
2025-11-21 14:00,0.0
2025-11-21 14:15,0.0
2025-11-21 14:30,0.0
2025-11-21 14:45,0.0
2025-11-21 15:00,0.0
2025-11-21 15:15,0.0
2025-11-21 15:30,0.003237
2025-11-21 15:45,0.0
2025-11-21 16:00,0.0
2025-11-21 16:15,0.0
2025-11-21 16:30,0.0
2025-11-21 16:45,0.0
2025-11-21 17:00,0.0
2025-11-21 17:15,0.0
2025-11-21 17:30,0.002158
2025-11-21 17:45,0.001079
2025-11-21 18:00,0.0
2025-11-21 18:15,0.0
2025-11-21 18:30,0.044398
2025-11-21 18:45,0.266387
2025-11-21 19:00,0.0
2025-11-21 19:15,0.134273
2025-11-21 19:30,0.001079
2025-11-21 19:45,0.0
2025-11-21 20:00,0.0
2025-11-21 20:15,0.093605
2025-11-21 20:30,0.0
2025-11-21 20:45,0.003052
2025-11-21 21:00,0.0
2025-11-21 21:15,0.0
2025-11-21 21:30,0.0
2025-11-21 21:45,0.0
2025-11-21 22:00,0.0
2025-11-21 22:15,0.002158
2025-11-21 22:30,0.0
2025-11-21 22:45,0.0
2025-11-21 23:00,0.0
2025-11-21 23:15,0.0
2025-11-21 23:30,0.0
2025-11-21 23:45,0.177591
2025-11-22 00:00,0.0
2025-11-22 00:15,0.0
2025-11-22 00:30,0.0
2025-11-22 00:45,0.0
2025-11-22 01:00,0.0
2025-11-22 01:15,0.0
2025-11-22 01:30,0.0
2025-11-22 01:45,0.0
2025-11-22 02:00,0.001079
2025-11-22 02:15,0.0
2025-11-22 02:30,0.023864
2025-11-22 02:45,0.0
2025-11-22 03:00,0.0
2025-11-22 03:15,0.0
2025-11-22 03:30,0.0
2025-11-22 03:45,0.0
2025-11-22 04:00,0.0
2025-11-22 04:15,0.0
2025-11-22 04:30,0.001079
2025-11-22 04:45,0.0
2025-11-22 05:00,0.0
2025-11-22 05:15,0.0
2025-11-22 05:30,0.0
2025-11-22 05:45,0.022199
2025-11-22 06:00,0.0
2025-11-22 06:15,0.0
2025-11-22 06:30,0.0
2025-11-22 06:45,0.0
2025-11-22 07:00,0.0
2025-11-22 07:15,0.0
2025-11-22 07:30,0.0
2025-11-22 07:45,0.0
2025-11-22 08:00,0.0
2025-11-22 08:15,0.0
2025-11-22 08:30,0.0
2025-11-22 08:45,0.0
2025-11-22 09:00,0.0
2025-11-22 09:15,0.0
2025-11-22 09:30,0.001619
2025-11-22 09:45,0.0
2025-11-22 10:00,0.0
2025-11-22 10:15,0.0
2025-11-22 10:30,0.0
2025-11-22 10:45,0.0
2025-11-22 11:00,0.0
2025-11-22 11:15,0.0
2025-11-22 11:30,0.003361
2025-11-22 11:45,0.0
2025-11-22 12:00,0.0
2025-11-22 12:15,0.0
2025-11-22 12:30,0.0
2025-11-22 12:45,0.0
2025-11-22 13:00,0.0
2025-11-22 13:15,0.0
2025-11-22 13:30,0.0
2025-11-22 13:45,0.020627
2025-11-22 14:00,0.0
2025-11-22 14:15,0.0
2025-11-22 14:30,0.001526
2025-11-22 14:45,0.0
2025-11-22 15:00,0.044398
2025-11-22 15:15,0.0
2025-11-22 15:30,0.0
2025-11-22 15:45,0.0
2025-11-22 16:00,0.0
2025-11-22 16:15,0.0
2025-11-22 16:30,0.0
2025-11-22 16:45,0.0
2025-11-22 17:00,0.0
2025-11-22 17:15,0.0
2025-11-22 17:30,0.002282
2025-11-22 17:45,0.0
2025-11-22 18:00,0.0
2025-11-22 18:15,0.0
2025-11-22 18:30,0.0
2025-11-22 18:45,0.0
2025-11-22 19:00,0.0
2025-11-22 19:15,0.0
2025-11-22 19:30,0.002806
2025-11-22 19:45,0.001619
2025-11-22 20:00,0.0
2025-11-22 20:15,0.0
2025-11-22 20:30,0.0
2025-11-22 20:45,0.002898
2025-11-22 21:00,0.001788
2025-11-22 21:15,0.0
2025-11-22 21:30,0.0
2025-11-22 21:45,0.002158
2025-11-22 22:00,0.0
2025-11-22 22:15,0.002328
2025-11-22 22:30,0.0
2025-11-22 22:45,0.0
2025-11-22 23:00,0.003022
2025-11-22 23:15,0.0
2025-11-22 23:30,0.0
2025-11-22 23:45,0.002158
2025-11-23 00:00,0.0
2025-11-23 00:15,0.0
2025-11-23 00:30,0.0
2025-11-23 00:45,0.0
2025-11-23 01:00,0.0
2025-11-23 01:15,0.0
2025-11-23 01:30,0.003114
2025-11-23 01:45,0.0
2025-11-23 02:00,0.0
2025-11-23 02:15,0.0
2025-11-23 02:30,0.0
2025-11-23 02:45,0.0
2025-11-23 03:00,0.0
2025-11-23 03:15,0.0
2025-11-23 03:30,0.0
2025-11-23 03:45,0.002158
2025-11-23 04:00,0.0
2025-11-23 04:15,0.0
2025-11-23 04:30,0.0
2025-11-23 04:45,0.0
2025-11-23 05:00,0.0
2025-11-23 05:15,0.0
2025-11-23 05:30,0.0
2025-11-23 05:45,0.0
2025-11-23 06:00,0.0
2025-11-23 06:15,0.002898
2025-11-23 06:30,0.002158
2025-11-23 06:45,0.0
2025-11-23 07:00,0.0
2025-11-23 07:15,0.0
2025-11-23 07:30,0.0
2025-11-23 07:45,0.002343
2025-11-23 08:00,0.0
2025-11-23 08:15,0.0
2025-11-23 08:30,0.004316
2025-11-23 08:45,0.0
2025-11-23 09:00,0.001079
2025-11-23 09:15,0.0
2025-11-23 09:30,0.0
2025-11-23 09:45,0.01631
2025-11-23 10:00,0.0
2025-11-23 10:15,0.0
2025-11-23 10:30,0.002158
2025-11-23 10:45,0.0
2025-11-23 11:00,0.002158
2025-11-23 11:15,0.0
2025-11-23 11:30,0.0
2025-11-23 11:45,0.0
2025-11-23 12:00,0.0
2025-11-23 12:15,0.002158
2025-11-23 12:30,0.0
2025-11-23 12:45,0.0
2025-11-23 13:00,0.0
2025-11-23 13:15,0.0
2025-11-23 13:30,0.0
2025-11-23 13:45,0.0
2025-11-23 14:00,0.001619
2025-11-23 14:15,0.0
2025-11-23 14:30,0.0
2025-11-23 14:45,0.0
2025-11-23 15:00,0.002898
2025-11-23 15:15,0.0
2025-11-23 15:30,0.0
2025-11-23 15:45,0.0
2025-11-23 16:00,0.0
2025-11-23 16:15,0.0
2025-11-23 16:30,0.0
2025-11-23 16:45,0.002158
2025-11-23 17:00,0.0
2025-11-23 17:15,0.0
2025-11-23 17:30,0.0
2025-11-23 17:45,0.0
2025-11-23 18:00,0.0
2025-11-23 18:15,0.0
2025-11-23 18:30,0.0
2025-11-23 18:45,0.0
2025-11-23 19:00,0.0
2025-11-23 19:15,0.001619
2025-11-23 19:30,0.0
2025-11-23 19:45,0.001079
2025-11-23 20:00,0.0
2025-11-23 20:15,0.0
2025-11-23 20:30,0.0
2025-11-23 20:45,0.0
2025-11-23 21:00,0.0
2025-11-23 21:15,0.002158
2025-11-23 21:30,0.0
2025-11-23 21:45,0.0
2025-11-23 22:00,0.0
2025-11-23 22:15,0.0
2025-11-23 22:30,0.0
2025-11-23 22:45,0.004316
2025-11-23 23:00,0.018098
2025-11-23 23:15,0.02448
2025-11-23 23:30,0.000987
2025-11-23 23:45,0.007307
2025-11-24 00:00,0.002158
2025-11-24 00:15,0.0
2025-11-24 00:30,0.001511
2025-11-24 00:45,0.048776
2025-11-24 01:00,0.003237
2025-11-24 01:15,0.024357
2025-11-24 01:30,0.037954
2025-11-24 01:45,0.248998
2025-11-24 02:00,0.003237
2025-11-24 02:15,0.0
2025-11-24 02:30,0.0
2025-11-24 02:45,0.0
2025-11-24 03:00,0.031017
2025-11-24 03:15,0.057563
2025-11-24 03:30,0.046803
2025-11-24 03:45,0.048822
2025-11-24 04:00,0.034193
2025-11-24 04:15,0.096658
2025-11-24 04:30,0.0
2025-11-24 04:45,0.068755
2025-11-24 05:00,0.083878
2025-11-24 05:15,0.044799
2025-11-24 05:30,0.036197
2025-11-24 05:45,0.002405
2025-11-24 06:00,0.046803
2025-11-24 06:15,0.248782
2025-11-24 06:30,0.642967
2025-11-24 06:45,0.99075
2025-11-24 07:00,0.629802
2025-11-24 07:15,0.223685
2025-11-24 07:30,0.672288
2025-11-24 07:45,0.044398
2025-11-24 08:00,0.045384
2025-11-24 08:15,0.023401
2025-11-24 08:30,0.0
2025-11-24 08:45,0.0
2025-11-24 09:00,0.035025
2025-11-24 09:15,0.0
2025-11-24 09:30,0.027255
2025-11-24 09:45,0.444549
2025-11-24 10:00,0.004316
2025-11-24 10:15,0.001202
2025-11-24 10:30,0.0
2025-11-24 10:45,0.001619
2025-11-24 11:00,0.072208
2025-11-24 11:15,0.0
2025-11-24 11:30,0.0
2025-11-24 11:45,0.0
2025-11-24 12:00,0.0
2025-11-24 12:15,0.045569
2025-11-24 12:30,0.0
2025-11-24 12:45,0.001665
2025-11-24 13:00,0.001079
2025-11-24 13:15,0.0
2025-11-24 13:30,0.0
2025-11-24 13:45,0.0
2025-11-24 14:00,0.0
2025-11-24 14:15,0.0
2025-11-24 14:30,0.0
2025-11-24 14:45,0.0
2025-11-24 15:00,0.0
2025-11-24 15:15,0.002158
2025-11-24 15:30,0.0
2025-11-24 15:45,0.0
2025-11-24 16:00,0.0
2025-11-24 16:15,0.0
2025-11-24 16:30,0.0
2025-11-24 16:45,0.0
2025-11-24 17:00,0.0
2025-11-24 17:15,0.0
2025-11-24 17:30,0.0
2025-11-24 17:45,0.0
2025-11-24 18:00,0.0
2025-11-24 18:15,0.0
2025-11-24 18:30,0.0
2025-11-24 18:45,0.0
2025-11-24 19:00,0.0
2025-11-24 19:15,0.0
2025-11-24 19:30,0.0
2025-11-24 19:45,0.0
2025-11-24 20:00,0.0
2025-11-24 20:15,0.0
2025-11-24 20:30,0.0
2025-11-24 20:45,0.0
2025-11-24 21:00,0.0
2025-11-24 21:15,0.0
2025-11-24 21:30,0.0
2025-11-24 21:45,0.0
2025-11-24 22:00,0.0
2025-11-24 22:15,0.0
2025-11-24 22:30,0.0
2025-11-24 22:45,0.0
2025-11-24 23:00,0.0
2025-11-24 23:15,0.047003
2025-11-24 23:30,0.019624
2025-11-24 23:45,0.4396
2025-11-25 00:00,0.000894
2025-11-25 00:15,0.090723
2025-11-25 00:30,0.007384
2025-11-25 00:45,0.008756
2025-11-25 01:00,0.024357
2025-11-25 01:15,0.015339
2025-11-25 01:30,0.011593
2025-11-25 01:45,0.091817
2025-11-25 02:00,0.048961
2025-11-25 02:15,0.0
2025-11-25 02:30,0.0
2025-11-25 02:45,0.022199
2025-11-25 03:00,0.017852
2025-11-25 03:15,0.021181
2025-11-25 03:30,0.024897
2025-11-25 03:45,0.001079
2025-11-25 04:00,0.023648
2025-11-25 04:15,0.429241
2025-11-25 04:30,0.046587
2025-11-25 04:45,0.093605
2025-11-25 05:00,0.001079
2025-11-25 05:15,0.066597
2025-11-25 05:30,0.180736
2025-11-25 05:45,0.344284
2025-11-25 06:00,0.907597
2025-11-25 06:15,0.840969
2025-11-25 06:30,0.473423
2025-11-25 06:45,0.123266
2025-11-25 07:00,0.195104
2025-11-25 07:15,0.0
2025-11-25 07:30,0.003977
2025-11-25 07:45,0.02448
2025-11-25 08:00,0.541715
2025-11-25 08:15,0.002158
2025-11-25 08:30,0.001449
2025-11-25 08:45,0.022199
2025-11-25 09:00,0.0
2025-11-25 09:15,0.003715
2025-11-25 09:30,0.0
2025-11-25 09:45,0.0
2025-11-25 10:00,0.0
2025-11-25 10:15,0.0
2025-11-25 10:30,0.003237
2025-11-25 10:45,0.0
2025-11-25 11:00,0.0
2025-11-25 11:15,0.0
2025-11-25 11:30,0.0
2025-11-25 11:45,0.0
2025-11-25 12:00,0.0
2025-11-25 12:15,0.0
2025-11-25 12:30,0.003576
2025-11-25 12:45,0.0
2025-11-25 13:00,0.0
2025-11-25 13:15,0.002158
2025-11-25 13:30,0.026176
2025-11-25 13:45,0.0
2025-11-25 14:00,0.0
2025-11-25 14:15,0.0
2025-11-25 14:30,0.0
2025-11-25 14:45,0.002158
2025-11-25 15:00,0.0
2025-11-25 15:15,0.0
2025-11-25 15:30,0.0
2025-11-25 15:45,0.002158
2025-11-25 16:00,0.0
2025-11-25 16:15,0.0
2025-11-25 16:30,0.0
2025-11-25 16:45,0.0
2025-11-25 17:00,0.0
2025-11-25 17:15,0.0
2025-11-25 17:30,0.0
2025-11-25 17:45,0.0
2025-11-25 18:00,0.379263
2025-11-25 18:15,0.003237
2025-11-25 18:30,0.0
2025-11-25 18:45,0.0
2025-11-25 19:00,0.0
2025-11-25 19:15,0.0
2025-11-25 19:30,0.0
2025-11-25 19:45,0.0
2025-11-25 20:00,0.0
2025-11-25 20:15,0.0
2025-11-25 20:30,0.0
2025-11-25 20:45,0.0
2025-11-25 21:00,0.0
2025-11-25 21:15,0.002158
2025-11-25 21:30,0.0
2025-11-25 21:45,0.0
2025-11-25 22:00,0.0
2025-11-25 22:15,0.0
2025-11-25 22:30,0.0
2025-11-25 22:45,0.005766
2025-11-25 23:00,0.0
2025-11-25 23:15,0.069063
2025-11-25 23:30,0.0
2025-11-25 23:45,0.066859
2025-11-26 00:00,0.002158
2025-11-26 00:00,0.003148
2025-11-26 00:15,0.115808
2025-11-26 00:30,0.0
2025-11-26 00:45,0.680009
2025-11-26 01:00,0.268361
2025-11-26 01:15,0.261929
2025-11-26 01:30,0.282842
2025-11-26 01:45,0.039262
2025-11-26 02:00,0.0
2025-11-26 02:15,0.0
2025-11-26 02:30,0.0
2025-11-26 02:45,0.068271
2025-11-26 03:00,0.014841
2025-11-26 03:15,0.089521
2025-11-26 03:30,0.0
2025-11-26 03:45,0.02125
2025-11-26 04:00,0.137981
2025-11-26 04:15,0.002226
2025-11-26 04:30,0.62224
2025-11-26 04:45,0.194288
2025-11-26 05:00,0.0
2025-11-26 05:15,0.117135
2025-11-26 05:30,0.100742
2025-11-26 05:45,0.001574
2025-11-26 06:00,0.011244
2025-11-26 06:15,0.064763
2025-11-26 06:30,0.125703
2025-11-26 06:45,0.045019
2025-11-26 07:00,0.0
2025-11-26 07:15,0.003013
2025-11-26 07:30,0.294581
2025-11-26 07:45,0.196852
2025-11-26 08:00,0.0
2025-11-26 08:15,0.0
2025-11-26 08:30,0.0
2025-11-26 08:45,0.004407
2025-11-26 09:00,0.0
2025-11-26 09:15,0.012818
2025-11-26 09:30,0.003148
2025-11-26 09:45,0.0
2025-11-26 10:00,0.0
2025-11-26 10:15,0.0
2025-11-26 10:30,0.006296
2025-11-26 10:45,0.0
2025-11-26 11:00,0.0
2025-11-26 11:15,0.0
2025-11-26 11:30,0.0
2025-11-26 11:45,0.0
2025-11-26 12:00,0.0
2025-11-26 12:15,0.0
2025-11-26 12:30,0.0
2025-11-26 12:45,0.001934
2025-11-26 13:00,0.0
2025-11-26 13:15,0.0
2025-11-26 13:30,0.0
2025-11-26 13:45,0.0
2025-11-26 14:00,0.0
2025-11-26 14:15,0.0
2025-11-26 14:30,0.0
2025-11-26 14:45,0.0
2025-11-26 15:00,0.0
2025-11-26 15:15,0.0
2025-11-26 15:30,0.20814
2025-11-26 15:45,0.0
2025-11-26 16:00,0.0
2025-11-26 16:15,0.0
2025-11-26 16:30,0.063818
2025-11-26 16:45,0.0
2025-11-26 17:00,0.003148
2025-11-26 17:15,0.0
2025-11-26 17:30,0.0
2025-11-26 17:45,0.0
2025-11-26 18:00,0.0
2025-11-26 18:15,0.0
2025-11-26 18:30,0.002271
2025-11-26 18:45,0.0
2025-11-26 19:00,0.0
2025-11-26 19:15,0.0
2025-11-26 19:30,0.004722
2025-11-26 19:45,0.0
2025-11-26 20:00,0.0
2025-11-26 20:15,0.0
2025-11-26 20:30,0.0
2025-11-26 20:45,0.0
2025-11-26 21:00,0.0
2025-11-26 21:15,0.0
2025-11-26 21:30,0.0
2025-11-26 21:45,0.0
2025-11-26 22:00,0.0
2025-11-26 22:15,0.0
2025-11-26 22:30,0.0
2025-11-26 22:45,0.0
2025-11-26 23:00,0.001574
2025-11-26 23:15,0.003148
2025-11-26 23:30,0.0
2025-11-26 23:45,0.065707
2025-11-27 00:00,0.064763
2025-11-27 00:15,0.194288
2025-11-27 00:30,0.002609
2025-11-27 00:45,0.068271
2025-11-27 01:00,0.169463
2025-11-27 01:15,0.457657
2025-11-27 01:30,0.001574
2025-11-27 01:45,0.066359
2025-11-27 02:00,0.027727
2025-11-27 02:15,0.0
2025-11-27 02:30,0.002204
2025-11-27 02:45,0.0
2025-11-27 03:00,0.009085
2025-11-27 03:15,0.132674
2025-11-27 03:30,0.066382
2025-11-27 03:45,0.002609
2025-11-27 04:00,0.001574
2025-11-27 04:15,0.005217
2025-11-27 04:30,0.096065
2025-11-27 04:45,0.0
2025-11-27 05:00,0.133753
2025-11-27 05:15,0.101642
2025-11-27 05:30,0.001574
2025-11-27 05:45,0.0
2025-11-27 06:00,0.0
2025-11-27 06:15,0.009445
2025-11-27 06:30,0.141556
2025-11-27 06:45,0.0
2025-11-27 07:00,0.102406
2025-11-27 07:15,0.003148
2025-11-27 07:30,0.0
2025-11-27 07:45,0.003148
2025-11-27 08:00,0.279424
2025-11-27 08:15,0.0
2025-11-27 08:30,0.033955
2025-11-27 08:45,0.0
2025-11-27 09:00,0.001574
2025-11-27 09:15,0.0
2025-11-27 09:30,0.0
2025-11-27 09:45,0.0
2025-11-27 10:00,0.0
2025-11-27 10:15,0.0
2025-11-27 10:30,0.0
2025-11-27 10:45,0.004407
2025-11-27 11:00,0.0
2025-11-27 11:15,0.0
2025-11-27 11:30,0.0
2025-11-27 11:45,0.0
2025-11-27 12:00,0.004407
2025-11-27 12:15,0.0
2025-11-27 12:30,0.0
2025-11-27 12:45,0.0
2025-11-27 13:00,0.0
2025-11-27 13:15,0.001574
2025-11-27 13:30,0.0
2025-11-27 13:45,0.034135
2025-11-27 14:00,0.0
2025-11-27 14:15,0.0
2025-11-27 14:30,0.0
2025-11-27 14:45,0.0
2025-11-27 15:00,0.0
2025-11-27 15:15,0.0
2025-11-27 15:30,0.068271
2025-11-27 15:45,0.0
2025-11-27 16:00,0.001439
2025-11-27 16:15,0.0
2025-11-27 16:30,0.0
2025-11-27 16:45,0.0
2025-11-27 17:00,0.0
2025-11-27 17:15,0.0
2025-11-27 17:30,0.0
2025-11-27 17:45,0.0
2025-11-27 18:00,0.0
2025-11-27 18:15,0.0
2025-11-27 18:30,0.0
2025-11-27 18:45,0.0
2025-11-27 19:00,0.0
2025-11-27 19:15,0.0
2025-11-27 19:30,0.0
2025-11-27 19:45,0.001574
2025-11-27 20:00,0.0
2025-11-27 20:15,0.0
2025-11-27 20:30,0.0
2025-11-27 20:45,0.0
2025-11-27 21:00,0.0
2025-11-27 21:15,0.0
2025-11-27 21:30,0.0
2025-11-27 21:45,0.0
2025-11-27 22:00,0.0
2025-11-27 22:15,0.0
2025-11-27 22:30,0.0
2025-11-27 22:45,0.0
2025-11-27 23:00,0.074567
2025-11-27 23:15,0.202114
2025-11-27 23:30,0.004722
2025-11-27 23:45,0.003148
2025-11-28 00:00,0.008095
2025-11-28 00:15,0.084866
2025-11-28 00:30,0.066517
2025-11-28 00:45,0.04385
2025-11-28 01:00,0.102406
2025-11-28 01:15,1.0
2025-11-28 01:30,0.095255
2025-11-28 01:45,0.184731
2025-11-28 02:00,0.068271
2025-11-28 02:15,0.0
2025-11-28 02:30,0.068271
2025-11-28 02:45,0.032381
2025-11-28 03:00,0.079964
2025-11-28 03:15,0.033461
2025-11-28 03:30,0.068271
2025-11-28 03:45,0.334743
2025-11-28 04:00,0.006116
2025-11-28 04:15,0.004722
2025-11-28 04:30,0.025096
2025-11-28 04:45,0.105802
2025-11-28 05:00,0.001574
2025-11-28 05:15,0.064763
2025-11-28 05:30,0.464853
2025-11-28 05:45,0.110142
2025-11-28 06:00,0.019294
2025-11-28 06:15,0.032786
2025-11-28 06:30,0.458444
2025-11-28 06:45,0.330403
2025-11-28 07:00,0.21275
2025-11-28 07:15,0.136541
2025-11-28 07:30,0.033281
2025-11-28 07:45,0.132899
2025-11-28 08:00,0.064763
2025-11-28 08:15,0.0
2025-11-28 08:30,0.0
2025-11-28 08:45,0.038408
2025-11-28 09:00,0.0
2025-11-28 09:15,0.0
2025-11-28 09:30,0.0
2025-11-28 09:45,0.003148
2025-11-28 10:00,0.0
2025-11-28 10:15,0.0
2025-11-28 10:30,0.0
2025-11-28 10:45,0.0
2025-11-28 11:00,0.128941
2025-11-28 11:15,0.0
2025-11-28 11:30,0.0
2025-11-28 11:45,0.003148
2025-11-28 12:00,0.0
2025-11-28 12:15,0.0
2025-11-28 12:30,0.0
2025-11-28 12:45,0.0
2025-11-28 13:00,0.0
2025-11-28 13:15,0.0
2025-11-28 13:30,0.0
2025-11-28 13:45,0.0
2025-11-28 14:00,0.0
2025-11-28 14:15,0.0
2025-11-28 14:30,0.0
2025-11-28 14:45,0.0
2025-11-28 15:00,0.0
2025-11-28 15:15,0.0
2025-11-28 15:30,0.0
2025-11-28 15:45,0.004722
2025-11-28 16:00,0.004228
2025-11-28 16:15,0.0
2025-11-28 16:30,0.002114
2025-11-28 16:45,0.0
2025-11-28 17:00,0.0
2025-11-28 17:15,0.003148
2025-11-28 17:30,0.0
2025-11-28 17:45,0.0
2025-11-28 18:00,0.002271
2025-11-28 18:15,0.0
2025-11-28 18:30,0.002361
2025-11-28 18:45,0.0
2025-11-28 19:00,0.0
2025-11-28 19:15,0.0
2025-11-28 19:30,0.003148
2025-11-28 19:45,0.015066
2025-11-28 20:00,0.0
2025-11-28 20:15,0.0
2025-11-28 20:30,0.0
2025-11-28 20:45,0.0
2025-11-28 21:00,0.0
2025-11-28 21:15,0.0
2025-11-28 21:30,0.0
2025-11-28 21:45,0.0
2025-11-28 22:00,0.0
2025-11-28 22:15,0.0
2025-11-28 22:30,0.204812
2025-11-28 22:45,0.032854
2025-11-28 23:00,0.0
2025-11-28 23:15,0.0
2025-11-28 23:30,0.0
2025-11-28 23:45,0.0
2025-11-29 00:00,0.0
2025-11-29 00:15,0.0
2025-11-29 00:30,0.0
2025-11-29 00:45,0.003148
2025-11-29 01:00,0.0
2025-11-29 01:15,0.0
2025-11-29 01:30,0.0
2025-11-29 01:45,0.003148
2025-11-29 02:00,0.0
2025-11-29 02:15,0.004722
2025-11-29 02:30,0.0
2025-11-29 02:45,0.0
2025-11-29 03:00,0.003688
2025-11-29 03:15,0.0
2025-11-29 03:30,0.006296
2025-11-29 03:45,0.0
2025-11-29 04:00,0.0
2025-11-29 04:15,0.0
2025-11-29 04:30,0.0
2025-11-29 04:45,0.0
2025-11-29 05:00,0.0
2025-11-29 05:15,0.0
2025-11-29 05:30,0.0
2025-11-29 05:45,0.0
2025-11-29 06:00,0.0
2025-11-29 06:15,0.0
2025-11-29 06:30,0.0
2025-11-29 06:45,0.0
2025-11-29 07:00,0.0
2025-11-29 07:15,0.0
2025-11-29 07:30,0.0
2025-11-29 07:45,0.0
2025-11-29 08:00,0.0
2025-11-29 08:15,0.0
2025-11-29 08:30,0.0
2025-11-29 08:45,0.0
2025-11-29 09:00,0.0
2025-11-29 09:15,0.001574
2025-11-29 09:30,0.0
2025-11-29 09:45,0.0
2025-11-29 10:00,0.0
2025-11-29 10:15,0.019519
2025-11-29 10:30,0.0
2025-11-29 10:45,0.0
2025-11-29 11:00,0.0
2025-11-29 11:15,0.0
2025-11-29 11:30,0.0
2025-11-29 11:45,0.0
2025-11-29 12:00,0.0
2025-11-29 12:15,0.0
2025-11-29 12:30,0.0
2025-11-29 12:45,0.0
2025-11-29 13:00,0.008545
2025-11-29 13:15,0.0
2025-11-29 13:30,0.001574
2025-11-29 13:45,0.00895
2025-11-29 14:00,0.0
2025-11-29 14:15,0.0
2025-11-29 14:30,0.006296
2025-11-29 14:45,0.0
2025-11-29 15:00,0.0
2025-11-29 15:15,0.0
2025-11-29 15:30,0.0
2025-11-29 15:45,0.0
2025-11-29 16:00,0.0
2025-11-29 16:15,0.0
2025-11-29 16:30,0.0
2025-11-29 16:45,0.001574
2025-11-29 17:00,0.0
2025-11-29 17:15,0.0
2025-11-29 17:30,0.0
2025-11-29 17:45,0.0
2025-11-29 18:00,0.004407
2025-11-29 18:15,0.0
2025-11-29 18:30,0.0
2025-11-29 18:45,0.0
2025-11-29 19:00,0.0
2025-11-29 19:15,0.0
2025-11-29 19:30,0.0
2025-11-29 19:45,0.0
2025-11-29 20:00,0.0
2025-11-29 20:15,0.0
2025-11-29 20:30,0.0
2025-11-29 20:45,0.0
2025-11-29 21:00,0.0
2025-11-29 21:15,0.0
2025-11-29 21:30,0.0
2025-11-29 21:45,0.0
2025-11-29 22:00,0.0
2025-11-29 22:15,0.0
2025-11-29 22:30,0.0
2025-11-29 22:45,0.0
2025-11-29 23:00,0.0
2025-11-29 23:15,0.0
2025-11-29 23:30,0.0
2025-11-29 23:45,0.0
2025-11-30 00:00,0.0
2025-11-30 00:15,0.0
2025-11-30 00:30,0.0
2025-11-30 00:45,0.0
2025-11-30 01:00,0.0
2025-11-30 01:15,0.0
2025-11-30 01:30,0.0
2025-11-30 01:45,0.002271
2025-11-30 02:00,0.0
2025-11-30 02:15,0.0
2025-11-30 02:30,0.0
2025-11-30 02:45,0.0
2025-11-30 03:00,0.001574
2025-11-30 03:15,0.075017
2025-11-30 03:30,0.018215
2025-11-30 03:45,0.0
2025-11-30 04:00,0.0
2025-11-30 04:15,0.0
2025-11-30 04:30,0.003148
2025-11-30 04:45,0.0
2025-11-30 05:00,0.0
2025-11-30 05:15,0.0
2025-11-30 05:30,0.0
2025-11-30 05:45,0.0
2025-11-30 06:00,0.0
2025-11-30 06:15,0.0
2025-11-30 06:30,0.0
2025-11-30 06:45,0.0
2025-11-30 07:00,0.0
2025-11-30 07:15,0.0
2025-11-30 07:30,0.0
2025-11-30 07:45,0.0
2025-11-30 08:00,0.0
2025-11-30 08:15,0.0
2025-11-30 08:30,0.0
2025-11-30 08:45,0.0
2025-11-30 09:00,0.0
2025-11-30 09:15,0.0
2025-11-30 09:30,0.0
2025-11-30 09:45,0.0
2025-11-30 10:00,0.0
2025-11-30 10:15,0.0
2025-11-30 10:30,0.0
2025-11-30 10:45,0.0
2025-11-30 11:00,0.001574
2025-11-30 11:15,0.0
2025-11-30 11:30,0.0
2025-11-30 11:45,0.0
2025-11-30 12:00,0.0
2025-11-30 12:15,0.0
2025-11-30 12:30,0.0
2025-11-30 12:45,0.0
2025-11-30 13:00,0.0
2025-11-30 13:15,0.0
2025-11-30 13:30,0.0
2025-11-30 13:45,0.0
2025-11-30 14:00,0.0
2025-11-30 14:15,0.0
2025-11-30 14:30,0.0
2025-11-30 14:45,0.0
2025-11-30 15:00,0.0
2025-11-30 15:15,0.003148
2025-11-30 15:30,0.003148
2025-11-30 15:45,0.0
2025-11-30 16:00,0.0
2025-11-30 16:15,0.0
2025-11-30 16:30,0.0
2025-11-30 16:45,0.0
2025-11-30 17:00,0.0
2025-11-30 17:15,0.0
2025-11-30 17:30,0.0
2025-11-30 17:45,0.064763
2025-11-30 18:00,0.0
2025-11-30 18:15,0.0
2025-11-30 18:30,0.0
2025-11-30 18:45,0.0
2025-11-30 19:00,0.0
2025-11-30 19:15,0.0
2025-11-30 19:30,0.0
2025-11-30 19:45,0.204812
2025-11-30 20:00,0.003148
2025-11-30 20:15,0.0
2025-11-30 20:30,0.0
2025-11-30 20:45,0.0
2025-11-30 21:00,0.0
2025-11-30 21:15,0.0
2025-11-30 21:30,0.0
2025-11-30 21:45,0.0
2025-11-30 22:00,0.0
2025-11-30 22:15,0.011963
2025-11-30 22:30,0.006634
2025-11-30 22:45,0.0
2025-11-30 23:00,0.034135
2025-11-30 23:15,0.004318
2025-11-30 23:30,0.136541
2025-11-30 23:45,0.147155
2025-12-01 00:00,0.052935
2025-12-01 00:15,0.167754
2025-12-01 00:30,0.050956
2025-12-01 00:45,0.452035
2025-12-01 01:00,0.061232
2025-12-01 01:15,0.214347
2025-12-01 01:30,0.001574
2025-12-01 01:45,0.003508
2025-12-01 02:00,0.194288
2025-12-01 02:15,0.0
2025-12-01 02:30,0.001574
2025-12-01 02:45,0.0
2025-12-01 03:00,0.906679
2025-12-01 03:15,0.011513
2025-12-01 03:30,0.135867
2025-12-01 03:45,0.534563
2025-12-01 04:00,0.489094
2025-12-01 04:15,0.065437
2025-12-01 04:30,0.0
2025-12-01 04:45,0.003148
2025-12-01 05:00,0.0
2025-12-01 05:15,0.105464
2025-12-01 05:30,0.148347
2025-12-01 05:45,0.067506
2025-12-01 06:00,0.084641
2025-12-01 06:15,0.004542
2025-12-01 06:30,0.027277
2025-12-01 06:45,0.0
2025-12-01 07:00,0.206454
2025-12-01 07:15,0.045042
2025-12-01 07:30,0.0
2025-12-01 07:45,0.03553
2025-12-01 08:00,0.002609
2025-12-01 08:15,0.0
2025-12-01 08:30,0.032381
2025-12-01 08:45,0.006634
2025-12-01 09:00,0.07776
2025-12-01 09:15,0.136541
2025-12-01 09:30,0.004362
2025-12-01 09:45,0.0
2025-12-01 10:00,0.0
2025-12-01 10:15,0.0
2025-12-01 10:30,0.0
2025-12-01 10:45,0.013515
2025-12-01 11:00,0.129526
2025-12-01 11:15,0.006296
2025-12-01 11:30,0.001439
2025-12-01 11:45,0.0
2025-12-01 12:00,0.0
2025-12-01 12:15,0.024106
2025-12-01 12:30,0.015314
2025-12-01 12:45,0.0
2025-12-01 13:00,0.006027
2025-12-01 13:15,0.0
2025-12-01 13:30,0.0
2025-12-01 13:45,0.0
2025-12-01 14:00,0.0
2025-12-01 14:15,0.0
2025-12-01 14:30,0.0
2025-12-01 14:45,0.0
2025-12-01 15:00,0.0
2025-12-01 15:15,0.0
2025-12-01 15:30,0.0
2025-12-01 15:45,0.0
2025-12-01 16:00,0.0
2025-12-01 16:15,0.011513
2025-12-01 16:30,0.0
2025-12-01 16:45,0.0
2025-12-01 17:00,0.0
2025-12-01 17:15,0.0
2025-12-01 17:30,0.0
2025-12-01 17:45,0.0
2025-12-01 18:00,0.0
2025-12-01 18:15,0.0
2025-12-01 18:30,0.001574
2025-12-01 18:45,0.013492
2025-12-01 19:00,0.0
2025-12-01 19:15,0.0
2025-12-01 19:30,0.0
2025-12-01 19:45,0.0
2025-12-01 20:00,0.068271
2025-12-01 20:15,0.0
2025-12-01 20:30,0.0
2025-12-01 20:45,0.0
2025-12-01 21:00,0.0
2025-12-01 21:15,0.0
2025-12-01 21:30,0.0
2025-12-01 21:45,0.0
2025-12-01 22:00,0.0
2025-12-01 22:15,0.0
2025-12-01 22:30,0.0
2025-12-01 22:45,0.006027
2025-12-01 23:00,0.004003
2025-12-01 23:15,0.034135
2025-12-01 23:30,0.0
2025-12-01 23:45,0.034135
2025-12-02 00:00,0.004452
2025-12-02 00:15,0.0
2025-12-02 00:30,0.012323
2025-12-02 00:45,0.242231
2025-12-02 01:00,0.119429
2025-12-02 01:15,0.013402
2025-12-02 01:30,0.0
2025-12-02 01:45,0.064763
2025-12-02 02:00,0.004228
2025-12-02 02:15,0.0
2025-12-02 02:30,0.200675
2025-12-02 02:45,0.501327
2025-12-02 03:00,0.134338
2025-12-02 03:15,0.189566
2025-12-02 03:30,0.557499
2025-12-02 03:45,0.135777
2025-12-02 04:00,0.159906
2025-12-02 04:15,0.16447
2025-12-02 04:30,0.003148
2025-12-02 04:45,0.201484
2025-12-02 05:00,0.659996
2025-12-02 05:15,0.323814
2025-12-02 05:30,0.037284
2025-12-02 05:45,0.129526
2025-12-02 06:00,0.040139
2025-12-02 06:15,0.120216
2025-12-02 06:30,0.0
2025-12-02 06:45,0.19195
2025-12-02 07:00,0.080234
2025-12-02 07:15,0.03499
2025-12-02 07:30,0.0
2025-12-02 07:45,0.16492
2025-12-02 08:00,0.067911
2025-12-02 08:15,0.064763
2025-12-02 08:30,0.005757
2025-12-02 08:45,0.003148
2025-12-02 09:00,0.0
2025-12-02 09:15,0.0
2025-12-02 09:30,0.008095
2025-12-02 09:45,0.034135
2025-12-02 10:00,0.0
2025-12-02 10:15,0.129526
2025-12-02 10:30,0.0
2025-12-02 10:45,0.082977
2025-12-02 11:00,0.090218
2025-12-02 11:15,0.134248
2025-12-02 11:30,0.0
2025-12-02 11:45,0.0
2025-12-02 12:00,0.0
2025-12-02 12:15,0.001574
2025-12-02 12:30,0.0
2025-12-02 12:45,0.0
2025-12-02 13:00,0.0
2025-12-02 13:15,0.0
2025-12-02 13:30,0.0
2025-12-02 13:45,0.0
2025-12-02 14:00,0.0
2025-12-02 14:15,0.0
2025-12-02 14:30,0.0
2025-12-02 14:45,0.0
2025-12-02 15:00,0.0
2025-12-02 15:15,0.006386
2025-12-02 15:30,0.0
2025-12-02 15:45,0.0
2025-12-02 16:00,0.0
2025-12-02 16:15,0.003148
2025-12-02 16:30,0.0
2025-12-02 16:45,0.0
2025-12-02 17:00,0.0
2025-12-02 17:15,0.0
2025-12-02 17:30,0.0
2025-12-02 17:45,0.0
2025-12-02 18:00,0.007083
2025-12-02 18:15,0.0
2025-12-02 18:30,0.001574
2025-12-02 18:45,0.0
2025-12-02 19:00,0.0
2025-12-02 19:15,0.001574
2025-12-02 19:30,0.0
2025-12-02 19:45,0.0
2025-12-02 20:00,0.003148
2025-12-02 20:15,0.0
2025-12-02 20:30,0.0
2025-12-02 20:45,0.0
2025-12-02 21:00,0.0
2025-12-02 21:15,0.0
2025-12-02 21:30,0.0
2025-12-02 21:45,0.0
2025-12-02 22:00,0.0
2025-12-02 22:15,0.0
2025-12-02 22:30,0.0
2025-12-02 22:45,0.0
2025-12-02 23:00,0.064763
2025-12-02 23:15,0.034135
2025-12-02 23:30,0.067754
2025-12-02 23:45,0.23544
2025-12-03 00:00,0.028019
2025-12-03 00:00,0.025769
2025-12-03 00:15,0.002647
2025-12-03 00:30,0.007466
2025-12-03 00:45,0.0
2025-12-03 01:00,0.123139
2025-12-03 01:15,0.075902
2025-12-03 01:30,0.0
2025-12-03 01:45,0.007962
2025-12-03 02:00,0.008066
2025-12-03 02:15,0.0
2025-12-03 02:30,0.0
2025-12-03 02:45,0.353284
2025-12-03 03:00,0.127895
2025-12-03 03:15,0.0
2025-12-03 03:30,0.035986
2025-12-03 03:45,0.031395
2025-12-03 04:00,0.506453
2025-12-03 04:15,0.061797
2025-12-03 04:30,0.032677
2025-12-03 04:45,0.135506
2025-12-03 05:00,0.08223
2025-12-03 05:15,0.033173
2025-12-03 05:30,0.075591
2025-12-03 05:45,0.118858
2025-12-03 06:00,0.003475
2025-12-03 06:15,0.0
2025-12-03 06:30,0.0
2025-12-03 06:45,0.0
2025-12-03 07:00,0.008728
2025-12-03 07:15,0.0
2025-12-03 07:30,0.18357
2025-12-03 07:45,0.0
2025-12-03 08:00,0.032842
2025-12-03 08:15,0.033339
2025-12-03 08:30,0.031395
2025-12-03 08:45,0.00335
2025-12-03 09:00,0.011582
2025-12-03 09:15,0.0
2025-12-03 09:30,0.0
2025-12-03 09:45,0.0
2025-12-03 10:00,0.002895
2025-12-03 10:15,0.0
2025-12-03 10:30,0.0
2025-12-03 10:45,0.001448
2025-12-03 11:00,0.036607
2025-12-03 11:15,0.0
2025-12-03 11:30,0.001448
2025-12-03 11:45,0.0
2025-12-03 12:00,0.0
2025-12-03 12:15,0.0
2025-12-03 12:30,0.0
2025-12-03 12:45,0.0
2025-12-03 13:00,0.0
2025-12-03 13:15,0.0
2025-12-03 13:30,0.0
2025-12-03 13:45,0.0
2025-12-03 14:00,0.0
2025-12-03 14:15,0.0
2025-12-03 14:30,0.0
2025-12-03 14:45,0.0
2025-12-03 15:00,0.0
2025-12-03 15:15,0.0
2025-12-03 15:30,0.011582
2025-12-03 15:45,0.001448
2025-12-03 16:00,0.0
2025-12-03 16:15,0.0
2025-12-03 16:30,0.0
2025-12-03 16:45,0.0
2025-12-03 17:00,0.0
2025-12-03 17:15,0.0
2025-12-03 17:30,0.0
2025-12-03 17:45,0.004343
2025-12-03 18:00,0.0
2025-12-03 18:15,0.0
2025-12-03 18:30,0.032677
2025-12-03 18:45,0.0
2025-12-03 19:00,0.006784
2025-12-03 19:15,0.0
2025-12-03 19:30,0.002172
2025-12-03 19:45,0.0
2025-12-03 20:00,0.0
2025-12-03 20:15,0.0
2025-12-03 20:30,0.029782
2025-12-03 20:45,0.002172
2025-12-03 21:00,0.002895
2025-12-03 21:15,0.0
2025-12-03 21:30,0.001448
2025-12-03 21:45,0.003123
2025-12-03 22:00,0.0
2025-12-03 22:15,0.0
2025-12-03 22:30,0.0
2025-12-03 22:45,0.0
2025-12-03 23:00,0.031395
2025-12-03 23:15,0.031395
2025-12-03 23:30,0.033918
2025-12-03 23:45,0.282387
2025-12-04 00:00,0.031395
2025-12-04 00:15,0.001448
2025-12-04 00:30,0.18688
2025-12-04 00:45,0.0
2025-12-04 01:00,0.053896
2025-12-04 01:15,0.052718
2025-12-04 01:30,0.018324
2025-12-04 01:45,0.002771
2025-12-04 02:00,0.0
2025-12-04 02:15,0.0
2025-12-04 02:30,0.001448
2025-12-04 02:45,0.119126
2025-12-04 03:00,0.0
2025-12-04 03:15,0.003061
2025-12-04 03:30,0.035324
2025-12-04 03:45,0.095467
2025-12-04 04:00,0.074992
2025-12-04 04:15,0.064237
2025-12-04 04:30,0.007383
2025-12-04 04:45,0.160821
2025-12-04 05:00,0.144399
2025-12-04 05:15,0.001448
2025-12-04 05:30,0.316016
2025-12-04 05:45,0.0
2025-12-04 06:00,0.032842
2025-12-04 06:15,0.001448
2025-12-04 06:30,0.043783
2025-12-04 06:45,0.417625
2025-12-04 07:00,0.006701
2025-12-04 07:15,0.09284
2025-12-04 07:30,0.333513
2025-12-04 07:45,0.00699
2025-12-04 08:00,0.003475
2025-12-04 08:15,0.094474
2025-12-04 08:30,0.001448
2025-12-04 08:45,0.0
2025-12-04 09:00,0.007466
2025-12-04 09:15,0.0
2025-12-04 09:30,0.089345
2025-12-04 09:45,0.002172
2025-12-04 10:00,0.0
2025-12-04 10:15,0.0
2025-12-04 10:30,0.0
2025-12-04 10:45,0.001448
2025-12-04 11:00,0.0
2025-12-04 11:15,0.0
2025-12-04 11:30,0.0
2025-12-04 11:45,0.0
2025-12-04 12:00,0.0
2025-12-04 12:15,0.063327
2025-12-04 12:30,0.029782
2025-12-04 12:45,0.059563
2025-12-04 13:00,0.0
2025-12-04 13:15,0.0
2025-12-04 13:30,0.0
2025-12-04 13:45,0.0
2025-12-04 14:00,0.0
2025-12-04 14:15,0.0
2025-12-04 14:30,0.094184
2025-12-04 14:45,0.127027
2025-12-04 15:00,0.0
2025-12-04 15:15,0.0
2025-12-04 15:30,0.128226
2025-12-04 15:45,0.0
2025-12-04 16:00,0.127027
2025-12-04 16:15,0.0
2025-12-04 16:30,0.0
2025-12-04 16:45,0.0
2025-12-04 17:00,0.0
2025-12-04 17:15,0.0
2025-12-04 17:30,0.0
2025-12-04 17:45,0.0
2025-12-04 18:00,0.0
2025-12-04 18:15,0.001448
2025-12-04 18:30,0.0
2025-12-04 18:45,0.0
2025-12-04 19:00,0.0
2025-12-04 19:15,0.159869
2025-12-04 19:30,0.00575
2025-12-04 19:45,0.0
2025-12-04 20:00,0.0
2025-12-04 20:15,0.0
2025-12-04 20:30,0.0
2025-12-04 20:45,0.775769
2025-12-04 21:00,0.0
2025-12-04 21:15,0.0
2025-12-04 21:30,0.0
2025-12-04 21:45,0.0
2025-12-04 22:00,0.0
2025-12-04 22:15,0.0
2025-12-04 22:30,0.0
2025-12-04 22:45,0.0
2025-12-04 23:00,0.0
2025-12-04 23:15,0.161772
2025-12-04 23:30,0.500372
2025-12-04 23:45,0.221087
2025-12-05 00:00,0.003061
2025-12-05 00:15,0.001448
2025-12-05 00:30,0.038364
2025-12-05 00:45,0.033173
2025-12-05 01:00,0.0
2025-12-05 01:15,0.001448
2025-12-05 01:30,0.161338
2025-12-05 01:45,0.210415
2025-12-05 02:00,0.001779
2025-12-05 02:15,0.060763
2025-12-05 02:30,0.0
2025-12-05 02:45,0.00546
2025-12-05 03:00,0.001448
2025-12-05 03:15,0.037868
2025-12-05 03:30,0.002771
2025-12-05 03:45,0.104567
2025-12-05 04:00,0.104897
2025-12-05 04:15,0.092571
2025-12-05 04:30,0.0
2025-12-05 04:45,0.047361
2025-12-05 05:00,0.046906
2025-12-05 05:15,0.06279
2025-12-05 05:30,0.0
2025-12-05 05:45,0.030154
2025-12-05 06:00,0.060308
2025-12-05 06:15,0.018489
2025-12-05 06:30,0.031229
2025-12-05 06:45,0.12045
2025-12-05 07:00,1.0
2025-12-05 07:15,0.119499
2025-12-05 07:30,0.025914
2025-12-05 07:45,0.046823
2025-12-05 08:00,0.128475
2025-12-05 08:15,0.031229
2025-12-05 08:30,0.001448
2025-12-05 08:45,0.014456
2025-12-05 09:00,0.0
2025-12-05 09:15,0.001448
2025-12-05 09:30,0.0
2025-12-05 09:45,0.0
2025-12-05 10:00,0.004054
2025-12-05 10:15,0.0
2025-12-05 10:30,0.0
2025-12-05 10:45,0.0
2025-12-05 11:00,0.031395
2025-12-05 11:15,0.0
2025-12-05 11:30,0.0
2025-12-05 11:45,0.0
2025-12-05 12:00,0.0
2025-12-05 12:15,0.0
2025-12-05 12:30,0.0
2025-12-05 12:45,0.0
2025-12-05 13:00,0.001448
2025-12-05 13:15,0.029782
2025-12-05 13:30,0.001324
2025-12-05 13:45,0.0
2025-12-05 14:00,0.0
2025-12-05 14:15,0.0
2025-12-05 14:30,0.0
2025-12-05 14:45,0.0
2025-12-05 15:00,0.0
2025-12-05 15:15,0.063058
2025-12-05 15:30,0.059563
2025-12-05 15:45,0.0
2025-12-05 16:00,0.0
2025-12-05 16:15,0.0
2025-12-05 16:30,0.0
2025-12-05 16:45,0.208471
2025-12-05 17:00,0.388609
2025-12-05 17:15,0.0
2025-12-05 17:30,0.0
2025-12-05 17:45,0.0
2025-12-05 18:00,0.0
2025-12-05 18:15,0.0
2025-12-05 18:30,0.0
2025-12-05 18:45,0.001448
2025-12-05 19:00,0.0
2025-12-05 19:15,0.0
2025-12-05 19:30,0.0
2025-12-05 19:45,0.0
2025-12-05 20:00,0.002895
2025-12-05 20:15,0.0
2025-12-05 20:30,0.011582
2025-12-05 20:45,0.001613
2025-12-05 21:00,0.0
2025-12-05 21:15,0.0
2025-12-05 21:30,0.0
2025-12-05 21:45,0.0
2025-12-05 22:00,0.0
2025-12-05 22:15,0.0
2025-12-05 22:30,0.0
2025-12-05 22:45,0.0
2025-12-05 23:00,0.0
2025-12-05 23:15,0.0
2025-12-05 23:30,0.001448
2025-12-05 23:45,0.0
2025-12-06 00:00,0.0
2025-12-06 00:15,0.0
2025-12-06 00:30,0.17869
2025-12-06 00:45,0.0
2025-12-06 01:00,0.0
2025-12-06 01:15,0.001448
2025-12-06 01:30,0.0
2025-12-06 01:45,0.0
2025-12-06 02:00,0.0
2025-12-06 02:15,0.0
2025-12-06 02:30,0.0
2025-12-06 02:45,0.0
2025-12-06 03:00,0.0
2025-12-06 03:15,0.002895
2025-12-06 03:30,0.0
2025-12-06 03:45,0.002895
2025-12-06 04:00,0.0
2025-12-06 04:15,0.0
2025-12-06 04:30,0.0
2025-12-06 04:45,0.0
2025-12-06 05:00,0.0
2025-12-06 05:15,0.0
2025-12-06 05:30,0.0
2025-12-06 05:45,0.0
2025-12-06 06:00,0.0
2025-12-06 06:15,0.0
2025-12-06 06:30,0.0
2025-12-06 06:45,0.0
2025-12-06 07:00,0.0
2025-12-06 07:15,0.0
2025-12-06 07:30,0.0
2025-12-06 07:45,0.0
2025-12-06 08:00,0.0
2025-12-06 08:15,0.058012
2025-12-06 08:30,0.0
2025-12-06 08:45,0.0
2025-12-06 09:00,0.0
2025-12-06 09:15,0.0
2025-12-06 09:30,0.0
2025-12-06 09:45,0.0
2025-12-06 10:00,0.029782
2025-12-06 10:15,0.0
2025-12-06 10:30,0.0
2025-12-06 10:45,0.004343
2025-12-06 11:00,0.0
2025-12-06 11:15,0.0
2025-12-06 11:30,0.0
2025-12-06 11:45,0.030526
2025-12-06 12:00,0.0
2025-12-06 12:15,0.0
2025-12-06 12:30,0.0
2025-12-06 12:45,0.001448
2025-12-06 13:00,0.0
2025-12-06 13:15,0.0
2025-12-06 13:30,0.0
2025-12-06 13:45,0.0
2025-12-06 14:00,0.0
2025-12-06 14:15,0.0
2025-12-06 14:30,0.0
2025-12-06 14:45,0.0
2025-12-06 15:00,0.0
2025-12-06 15:15,0.0
2025-12-06 15:30,0.0
2025-12-06 15:45,0.0
2025-12-06 16:00,0.0
2025-12-06 16:15,0.0
2025-12-06 16:30,0.0
2025-12-06 16:45,0.0
2025-12-06 17:00,0.0
2025-12-06 17:15,0.001448
2025-12-06 17:30,0.0
2025-12-06 17:45,0.0
2025-12-06 18:00,0.0
2025-12-06 18:15,0.0
2025-12-06 18:30,0.0
2025-12-06 18:45,0.0
2025-12-06 19:00,0.0
2025-12-06 19:15,0.0
2025-12-06 19:30,0.026018
2025-12-06 19:45,0.0
2025-12-06 20:00,0.0
2025-12-06 20:15,0.001448
2025-12-06 20:30,0.0
2025-12-06 20:45,0.021881
2025-12-06 21:00,0.0
2025-12-06 21:15,0.0
2025-12-06 21:30,0.0
2025-12-06 21:45,0.0
2025-12-06 22:00,0.0
2025-12-06 22:15,0.06279
2025-12-06 22:30,0.0
2025-12-06 22:45,0.0
2025-12-06 23:00,0.002895
2025-12-06 23:15,0.0
2025-12-06 23:30,0.0
2025-12-06 23:45,0.0
2025-12-07 00:00,0.0
2025-12-07 00:15,0.804103
2025-12-07 00:30,0.0
2025-12-07 00:45,0.0
2025-12-07 01:00,0.0
2025-12-07 01:15,0.0
2025-12-07 01:30,0.0
2025-12-07 01:45,0.0
2025-12-07 02:00,0.0
2025-12-07 02:15,0.0
2025-12-07 02:30,0.0
2025-12-07 02:45,0.0
2025-12-07 03:00,0.0
2025-12-07 03:15,0.0
2025-12-07 03:30,0.0
2025-12-07 03:45,0.0
2025-12-07 04:00,0.0
2025-12-07 04:15,0.0
2025-12-07 04:30,0.0
2025-12-07 04:45,0.044755
2025-12-07 05:00,0.0
2025-12-07 05:15,0.0
2025-12-07 05:30,0.0
2025-12-07 05:45,0.0
2025-12-07 06:00,0.0
2025-12-07 06:15,0.0
2025-12-07 06:30,0.0
2025-12-07 06:45,0.0
2025-12-07 07:00,0.0
2025-12-07 07:15,0.0
2025-12-07 07:30,0.0
2025-12-07 07:45,0.0
2025-12-07 08:00,0.0
2025-12-07 08:15,0.0
2025-12-07 08:30,0.0
2025-12-07 08:45,0.0
2025-12-07 09:00,0.0
2025-12-07 09:15,0.0
2025-12-07 09:30,0.0
2025-12-07 09:45,0.0
2025-12-07 10:00,0.0
2025-12-07 10:15,0.0
2025-12-07 10:30,0.0
2025-12-07 10:45,0.0
2025-12-07 11:00,0.002213
2025-12-07 11:15,0.0
2025-12-07 11:30,0.0
2025-12-07 11:45,0.0
2025-12-07 12:00,0.0
2025-12-07 12:15,0.0
2025-12-07 12:30,0.0
2025-12-07 12:45,0.0
2025-12-07 13:00,0.0
2025-12-07 13:15,0.0
2025-12-07 13:30,0.0
2025-12-07 13:45,0.0
2025-12-07 14:00,0.029782
2025-12-07 14:15,0.0
2025-12-07 14:30,0.0
2025-12-07 14:45,0.0
2025-12-07 15:00,0.0
2025-12-07 15:15,0.0
2025-12-07 15:30,0.0
2025-12-07 15:45,0.0
2025-12-07 16:00,0.0
2025-12-07 16:15,0.0
2025-12-07 16:30,0.0
2025-12-07 16:45,0.0
2025-12-07 17:00,0.0
2025-12-07 17:15,0.0
2025-12-07 17:30,0.0
2025-12-07 17:45,0.0
2025-12-07 18:00,0.0
2025-12-07 18:15,0.0
2025-12-07 18:30,0.0
2025-12-07 18:45,0.0
2025-12-07 19:00,0.0
2025-12-07 19:15,0.0
2025-12-07 19:30,0.029409
2025-12-07 19:45,0.0
2025-12-07 20:00,0.0
2025-12-07 20:15,0.0
2025-12-07 20:30,0.0
2025-12-07 20:45,0.0
2025-12-07 21:00,0.010982
2025-12-07 21:15,0.0
2025-12-07 21:30,0.0
2025-12-07 21:45,0.0
2025-12-07 22:00,0.0
2025-12-07 22:15,0.002895
2025-12-07 22:30,0.002213
2025-12-07 22:45,0.0
2025-12-07 23:00,0.0
2025-12-07 23:15,0.667542
2025-12-07 23:30,0.919279
2025-12-07 23:45,0.034373
2025-12-08 00:00,0.015222
2025-12-08 00:15,0.072489
2025-12-08 00:30,0.105663
2025-12-08 00:45,0.09981
2025-12-08 01:00,0.001448
2025-12-08 01:15,0.111495
2025-12-08 01:30,0.0
2025-12-08 01:45,0.065685
2025-12-08 02:00,0.0
2025-12-08 02:15,0.005791
2025-12-08 02:30,0.031229
2025-12-08 02:45,0.004343
2025-12-08 03:00,0.0
2025-12-08 03:15,0.031395
2025-12-08 03:30,0.160614
2025-12-08 03:45,0.059563
2025-12-08 04:00,0.001448
2025-12-08 04:15,0.035407
2025-12-08 04:30,0.151018
2025-12-08 04:45,0.094722
2025-12-08 05:00,0.129509
2025-12-08 05:15,0.087959
2025-12-08 05:30,0.001448
2025-12-08 05:45,0.018159
2025-12-08 06:00,0.10165
2025-12-08 06:15,0.062335
2025-12-08 06:30,0.036896
2025-12-08 06:45,0.001448
2025-12-08 07:00,0.180137
2025-12-08 07:15,0.313989
2025-12-08 07:30,0.0
2025-12-08 07:45,0.059563
2025-12-08 08:00,0.08374
2025-12-08 08:15,0.03429
2025-12-08 08:30,0.066057
2025-12-08 08:45,0.120574
2025-12-08 09:00,0.031395
2025-12-08 09:15,0.0
2025-12-08 09:30,0.0
2025-12-08 09:45,0.029078
2025-12-08 10:00,0.0
2025-12-08 10:15,0.0
2025-12-08 10:30,0.004219
2025-12-08 10:45,0.059563
2025-12-08 11:00,0.001944
2025-12-08 11:15,0.0
2025-12-08 11:30,0.061011
2025-12-08 11:45,0.0
2025-12-08 12:00,0.012368
2025-12-08 12:15,0.0
2025-12-08 12:30,0.0
2025-12-08 12:45,0.0
2025-12-08 13:00,0.0
2025-12-08 13:15,0.0
2025-12-08 13:30,0.0
2025-12-08 13:45,0.0
2025-12-08 14:00,0.0
2025-12-08 14:15,0.0
2025-12-08 14:30,0.0
2025-12-08 14:45,0.0
2025-12-08 15:00,0.0
2025-12-08 15:15,0.001448
2025-12-08 15:30,0.0
2025-12-08 15:45,0.0
2025-12-08 16:00,0.0
2025-12-08 16:15,0.0
2025-12-08 16:30,0.00153
2025-12-08 16:45,0.0
2025-12-08 17:00,0.0
2025-12-08 17:15,0.0
2025-12-08 17:30,0.0
2025-12-08 17:45,0.0
2025-12-08 18:00,0.0
2025-12-08 18:15,0.0
2025-12-08 18:30,0.0
2025-12-08 18:45,0.002027
2025-12-08 19:00,0.001448
2025-12-08 19:15,0.0
2025-12-08 19:30,0.0
2025-12-08 19:45,0.0
2025-12-08 20:00,0.02184
2025-12-08 20:15,0.0
2025-12-08 20:30,0.0
2025-12-08 20:45,0.0
2025-12-08 21:00,0.029782
2025-12-08 21:15,0.0
2025-12-08 21:30,0.0
2025-12-08 21:45,0.0
2025-12-08 22:00,0.0
2025-12-08 22:15,0.0
2025-12-08 22:30,0.0
2025-12-08 22:45,0.011582
2025-12-08 23:00,0.003847
2025-12-08 23:15,0.062252
2025-12-08 23:30,0.0012
2025-12-08 23:45,0.001944
2025-12-09 00:00,0.065685
2025-12-09 00:15,0.029037
2025-12-09 00:30,0.059563
2025-12-09 00:45,0.059563
2025-12-09 01:00,0.0
2025-12-09 01:15,0.006329
2025-12-09 01:30,0.06825
2025-12-09 01:45,0.035614
2025-12-09 02:00,0.031395
2025-12-09 02:15,0.094184
2025-12-09 02:30,0.029782
2025-12-09 02:45,0.06279
2025-12-09 03:00,0.0
2025-12-09 03:15,0.092943
2025-12-09 03:30,0.03642
2025-12-09 03:45,0.006391
2025-12-09 04:00,0.125414
2025-12-09 04:15,0.418556
2025-12-09 04:30,0.001448
2025-12-09 04:45,0.050443
2025-12-09 05:00,0.189816
2025-12-09 05:15,0.090441
2025-12-09 05:30,0.0
2025-12-09 05:45,0.107172
2025-12-09 06:00,0.025563
2025-12-09 06:15,0.09648
2025-12-09 06:30,0.031353
2025-12-09 06:45,0.03369
2025-12-09 07:00,0.048292
2025-12-09 07:15,0.051477
2025-12-09 07:30,0.0
2025-12-09 07:45,0.0
2025-12-09 08:00,0.032677
2025-12-09 08:15,0.0
2025-12-09 08:30,0.014291
2025-12-09 08:45,0.002895
2025-12-09 09:00,0.090544
2025-12-09 09:15,0.0
2025-12-09 09:30,0.011602
2025-12-09 09:45,0.0
2025-12-09 10:00,0.0
2025-12-09 10:15,0.061176
2025-12-09 10:30,0.029782
2025-12-09 10:45,0.0
2025-12-09 11:00,0.0
2025-12-09 11:15,0.001448
2025-12-09 11:30,0.0
2025-12-09 11:45,0.0
2025-12-09 12:00,0.09224
2025-12-09 12:15,0.0
2025-12-09 12:30,0.029782
2025-12-09 12:45,0.0
2025-12-09 13:00,0.0
2025-12-09 13:15,0.0
2025-12-09 13:30,0.0
2025-12-09 13:45,0.001448
2025-12-09 14:00,0.0
2025-12-09 14:15,0.0
2025-12-09 14:30,0.0
2025-12-09 14:45,0.0
2025-12-09 15:00,0.0
2025-12-09 15:15,0.0
2025-12-09 15:30,0.001944
2025-12-09 15:45,0.0
2025-12-09 16:00,0.0
2025-12-09 16:15,0.0
2025-12-09 16:30,0.0
2025-12-09 16:45,0.002254
2025-12-09 17:00,0.0
2025-12-09 17:15,0.0
2025-12-09 17:30,0.0
2025-12-09 17:45,0.0
2025-12-09 18:00,0.0
2025-12-09 18:15,0.005253
2025-12-09 18:30,0.0
2025-12-09 18:45,0.0
2025-12-09 19:00,0.0
2025-12-09 19:15,0.0
2025-12-09 19:30,0.0
2025-12-09 19:45,0.0
2025-12-09 20:00,0.0
2025-12-09 20:15,0.0
2025-12-09 20:30,0.0
2025-12-09 20:45,0.002254
2025-12-09 21:00,0.0
2025-12-09 21:15,0.0
2025-12-09 21:30,0.0
2025-12-09 21:45,0.0
2025-12-09 22:00,0.001448
2025-12-09 22:15,0.0
2025-12-09 22:30,0.0261
2025-12-09 22:45,0.0
2025-12-09 23:00,0.001448
2025-12-09 23:15,0.06492
2025-12-09 23:30,0.0
2025-12-09 23:45,0.119499
2025-12-10 00:00,0.15201
2025-12-10 00:00,0.160166
2025-12-10 00:15,0.048311
2025-12-10 00:30,0.066899
2025-12-10 00:45,0.152648
2025-12-10 01:00,0.136282
2025-12-10 01:15,0.001525
2025-12-10 01:30,0.110285
2025-12-10 01:45,0.20499
2025-12-10 02:00,0.095206
2025-12-10 02:15,0.0
2025-12-10 02:30,0.097189
2025-12-10 02:45,0.001525
2025-12-10 03:00,0.219525
2025-12-10 03:15,0.0
2025-12-10 03:30,0.118697
2025-12-10 03:45,0.331205
2025-12-10 04:00,0.03613
2025-12-10 04:15,0.006319
2025-12-10 04:30,0.130181
2025-12-10 04:45,0.381303
2025-12-10 05:00,0.0
2025-12-10 05:15,0.224406
2025-12-10 05:30,0.068316
2025-12-10 05:45,0.035324
2025-12-10 06:00,0.380976
2025-12-10 06:15,0.133362
2025-12-10 06:30,0.052016
2025-12-10 06:45,0.070451
2025-12-10 07:00,0.220832
2025-12-10 07:15,0.010351
2025-12-10 07:30,0.068119
2025-12-10 07:45,0.034169
2025-12-10 08:00,0.196383
2025-12-10 08:15,0.07093
2025-12-10 08:30,0.003051
2025-12-10 08:45,0.445413
2025-12-10 09:00,0.007997
2025-12-10 09:15,0.010482
2025-12-10 09:30,0.0
2025-12-10 09:45,0.0
2025-12-10 10:00,0.0
2025-12-10 10:15,0.0
2025-12-10 10:30,0.0
2025-12-10 10:45,0.0
2025-12-10 11:00,0.0
2025-12-10 11:15,0.003661
2025-12-10 11:30,0.0
2025-12-10 11:45,0.066158
2025-12-10 12:00,0.0
2025-12-10 12:15,0.0
2025-12-10 12:30,0.0
2025-12-10 12:45,0.0
2025-12-10 13:00,0.0
2025-12-10 13:15,0.0
2025-12-10 13:30,0.0
2025-12-10 13:45,0.0
2025-12-10 14:00,0.001525
2025-12-10 14:15,0.0
2025-12-10 14:30,0.0
2025-12-10 14:45,0.0
2025-12-10 15:00,0.0
2025-12-10 15:15,0.0
2025-12-10 15:30,0.0
2025-12-10 15:45,0.0
2025-12-10 16:00,0.0
2025-12-10 16:15,0.0
2025-12-10 16:30,0.033079
2025-12-10 16:45,0.0
2025-12-10 17:00,0.001525
2025-12-10 17:15,0.0
2025-12-10 17:30,0.407932
2025-12-10 17:45,0.0
2025-12-10 18:00,0.0
2025-12-10 18:15,0.003574
2025-12-10 18:30,0.031467
2025-12-10 18:45,0.0
2025-12-10 19:00,0.0
2025-12-10 19:15,0.0
2025-12-10 19:30,0.0
2025-12-10 19:45,0.0
2025-12-10 20:00,0.0
2025-12-10 20:15,0.0
2025-12-10 20:30,0.0
2025-12-10 20:45,0.0
2025-12-10 21:00,0.0
2025-12-10 21:15,0.0
2025-12-10 21:30,0.0
2025-12-10 21:45,0.001787
2025-12-10 22:00,0.0
2025-12-10 22:15,0.0
2025-12-10 22:30,0.0
2025-12-10 22:45,0.0
2025-12-10 23:00,0.003443
2025-12-10 23:15,0.225539
2025-12-10 23:30,0.171933
2025-12-10 23:45,0.165417
2025-12-11 00:00,0.126629
2025-12-11 00:15,0.064458
2025-12-11 00:30,0.305927
2025-12-11 00:45,0.116038
2025-12-11 01:00,0.568904
2025-12-11 01:15,0.348224
2025-12-11 01:30,0.004053
2025-12-11 01:45,0.950076
2025-12-11 02:00,0.0
2025-12-11 02:15,0.012791
2025-12-11 02:30,0.003879
2025-12-11 02:45,0.0
2025-12-11 03:00,0.07555
2025-12-11 03:15,0.06557
2025-12-11 03:30,0.0
2025-12-11 03:45,0.038135
2025-12-11 04:00,0.129963
2025-12-11 04:15,0.238963
2025-12-11 04:30,0.106559
2025-12-11 04:45,0.023012
2025-12-11 05:00,0.063151
2025-12-11 05:15,0.001525
2025-12-11 05:30,0.07226
2025-12-11 05:45,0.131597
2025-12-11 06:00,0.0
2025-12-11 06:15,0.034474
2025-12-11 06:30,0.068817
2025-12-11 06:45,0.055807
2025-12-11 07:00,0.003901
2025-12-11 07:15,0.066245
2025-12-11 07:30,0.077991
2025-12-11 07:45,0.066158
2025-12-11 08:00,0.037503
2025-12-11 08:15,0.033079
2025-12-11 08:30,0.004293
2025-12-11 08:45,0.007453
2025-12-11 09:00,0.001525
2025-12-11 09:15,0.004576
2025-12-11 09:30,0.0
2025-12-11 09:45,0.002528
2025-12-11 10:00,0.0
2025-12-11 10:15,0.00329
2025-12-11 10:30,0.0
2025-12-11 10:45,0.001525
2025-12-11 11:00,0.0
2025-12-11 11:15,0.0
2025-12-11 11:30,0.0
2025-12-11 11:45,0.0
2025-12-11 12:00,0.0
2025-12-11 12:15,0.0
2025-12-11 12:30,0.0
2025-12-11 12:45,0.0
2025-12-11 13:00,0.0
2025-12-11 13:15,0.0
2025-12-11 13:30,0.0
2025-12-11 13:45,0.0
2025-12-11 14:00,0.031379
2025-12-11 14:15,0.0
2025-12-11 14:30,0.0
2025-12-11 14:45,0.0
2025-12-11 15:00,0.0
2025-12-11 15:15,0.0
2025-12-11 15:30,0.033079
2025-12-11 15:45,0.0
2025-12-11 16:00,0.0
2025-12-11 16:15,0.0
2025-12-11 16:30,0.032774
2025-12-11 16:45,0.0
2025-12-11 17:00,0.0
2025-12-11 17:15,0.0
2025-12-11 17:30,0.0
2025-12-11 17:45,0.0
2025-12-11 18:00,0.0
2025-12-11 18:15,0.0
2025-12-11 18:30,0.0
2025-12-11 18:45,0.2
2025-12-11 19:00,0.915014
2025-12-11 19:15,0.066158
2025-12-11 19:30,0.0
2025-12-11 19:45,0.0
2025-12-11 20:00,0.001525
2025-12-11 20:15,0.0
2025-12-11 20:30,0.0
2025-12-11 20:45,0.198475
2025-12-11 21:00,0.001939
2025-12-11 21:15,0.002528
2025-12-11 21:30,0.596208
2025-12-11 21:45,0.599259
2025-12-11 22:00,0.002528
2025-12-11 22:15,0.013598
2025-12-11 22:30,0.0
2025-12-11 22:45,0.039137
2025-12-11 23:00,0.0
2025-12-11 23:15,0.209501
2025-12-11 23:30,0.464633
2025-12-11 23:45,0.08163
2025-12-12 00:00,0.031772
2025-12-12 00:15,0.002136
2025-12-12 00:30,0.003051
2025-12-12 00:45,0.036544
2025-12-12 01:00,0.033188
2025-12-12 01:15,0.1601
2025-12-12 01:30,0.227871
2025-12-12 01:45,0.302811
2025-12-12 02:00,0.100937
2025-12-12 02:15,1.0
2025-12-12 02:30,0.001525
2025-12-12 02:45,0.0
2025-12-12 03:00,0.077904
2025-12-12 03:15,0.0
2025-12-12 03:30,0.001395
2025-12-12 03:45,0.031772
2025-12-12 04:00,0.130159
2025-12-12 04:15,0.156548
2025-12-12 04:30,0.0
2025-12-12 04:45,0.003269
2025-12-12 05:00,0.039508
2025-12-12 05:15,0.327217
2025-12-12 05:30,0.51022
2025-12-12 05:45,0.166354
2025-12-12 06:00,0.004402
2025-12-12 06:15,0.196426
2025-12-12 06:30,0.022641
2025-12-12 06:45,0.006886
2025-12-12 07:00,0.380126
2025-12-12 07:15,0.32238
2025-12-12 07:30,0.104554
2025-12-12 07:45,0.392242
2025-12-12 08:00,0.099956
2025-12-12 08:15,0.001525
2025-12-12 08:30,0.0
2025-12-12 08:45,0.025714
2025-12-12 09:00,0.031379
2025-12-12 09:15,0.0
2025-12-12 09:30,0.0
2025-12-12 09:45,0.008716
2025-12-12 10:00,0.0
2025-12-12 10:15,0.0
2025-12-12 10:30,0.0
2025-12-12 10:45,0.0
2025-12-12 11:00,0.0
2025-12-12 11:15,0.0
2025-12-12 11:30,0.0
2025-12-12 11:45,0.0
2025-12-12 12:00,0.0
2025-12-12 12:15,0.001787
2025-12-12 12:30,0.0
2025-12-12 12:45,0.031837
2025-12-12 13:00,0.0
2025-12-12 13:15,0.001525
2025-12-12 13:30,0.0
2025-12-12 13:45,0.0
2025-12-12 14:00,0.0
2025-12-12 14:15,0.002136
2025-12-12 14:30,0.0
2025-12-12 14:45,0.001525
2025-12-12 15:00,0.001525
2025-12-12 15:15,0.0
2025-12-12 15:30,0.002201
2025-12-12 15:45,0.0
2025-12-12 16:00,0.0
2025-12-12 16:15,0.002136
2025-12-12 16:30,0.010547
2025-12-12 16:45,0.0
2025-12-12 17:00,0.0
2025-12-12 17:15,0.0
2025-12-12 17:30,0.0
2025-12-12 17:45,0.0
2025-12-12 18:00,0.0
2025-12-12 18:15,0.004271
2025-12-12 18:30,0.0
2025-12-12 18:45,0.0
2025-12-12 19:00,0.0
2025-12-12 19:15,0.0
2025-12-12 19:30,0.0
2025-12-12 19:45,0.0
2025-12-12 20:00,0.031772
2025-12-12 20:15,0.0
2025-12-12 20:30,0.0
2025-12-12 20:45,0.0
2025-12-12 21:00,0.0
2025-12-12 21:15,0.0
2025-12-12 21:30,0.0
2025-12-12 21:45,0.0
2025-12-12 22:00,0.0
2025-12-12 22:15,0.0
2025-12-12 22:30,0.061538
2025-12-12 22:45,0.0
2025-12-12 23:00,0.0
2025-12-12 23:15,0.0
2025-12-12 23:30,0.0
2025-12-12 23:45,0.0
2025-12-13 00:00,0.0
2025-12-13 00:15,0.0
2025-12-13 00:30,0.0
2025-12-13 00:45,0.0
2025-12-13 01:00,0.0
2025-12-13 01:15,0.0
2025-12-13 01:30,0.0
2025-12-13 01:45,0.0
2025-12-13 02:00,0.0
2025-12-13 02:15,0.0
2025-12-13 02:30,0.0
2025-12-13 02:45,0.0
2025-12-13 03:00,0.0
2025-12-13 03:15,0.001525
2025-12-13 03:30,0.0
2025-12-13 03:45,0.0
2025-12-13 04:00,0.0
2025-12-13 04:15,0.0
2025-12-13 04:30,0.0
2025-12-13 04:45,0.0
2025-12-13 05:00,0.004402
2025-12-13 05:15,0.0
2025-12-13 05:30,0.0
2025-12-13 05:45,0.0
2025-12-13 06:00,0.0
2025-12-13 06:15,0.0
2025-12-13 06:30,0.0
2025-12-13 06:45,0.0
2025-12-13 07:00,0.004576
2025-12-13 07:15,0.0
2025-12-13 07:30,0.0
2025-12-13 07:45,0.0
2025-12-13 08:00,0.0
2025-12-13 08:15,0.0
2025-12-13 08:30,0.0
2025-12-13 08:45,0.0
2025-12-13 09:00,0.0
2025-12-13 09:15,0.0
2025-12-13 09:30,0.0
2025-12-13 09:45,0.0
2025-12-13 10:00,0.003051
2025-12-13 10:15,0.0
2025-12-13 10:30,0.0
2025-12-13 10:45,0.008608
2025-12-13 11:00,0.0
2025-12-13 11:15,0.0
2025-12-13 11:30,0.0
2025-12-13 11:45,0.0
2025-12-13 12:00,0.0
2025-12-13 12:15,0.0
2025-12-13 12:30,0.0
2025-12-13 12:45,0.0
2025-12-13 13:00,0.0
2025-12-13 13:15,0.0
2025-12-13 13:30,0.011506
2025-12-13 13:45,0.0
2025-12-13 14:00,0.0
2025-12-13 14:15,0.0
2025-12-13 14:30,0.0
2025-12-13 14:45,0.0
2025-12-13 15:00,0.0
2025-12-13 15:15,0.0
2025-12-13 15:30,0.0
2025-12-13 15:45,0.0
2025-12-13 16:00,0.0
2025-12-13 16:15,0.0
2025-12-13 16:30,0.012181
2025-12-13 16:45,0.0
2025-12-13 17:00,0.0
2025-12-13 17:15,0.0
2025-12-13 17:30,0.001525
2025-12-13 17:45,0.0
2025-12-13 18:00,0.0
2025-12-13 18:15,0.0
2025-12-13 18:30,0.0
2025-12-13 18:45,0.0
2025-12-13 19:00,0.0
2025-12-13 19:15,0.0
2025-12-13 19:30,0.0
2025-12-13 19:45,0.0
2025-12-13 20:00,0.0
2025-12-13 20:15,0.0
2025-12-13 20:30,0.0
2025-12-13 20:45,0.0
2025-12-13 21:00,0.001264
2025-12-13 21:15,0.0
2025-12-13 21:30,0.0
2025-12-13 21:45,0.0
2025-12-13 22:00,0.0
2025-12-13 22:15,0.0
2025-12-13 22:30,0.0
2025-12-13 22:45,0.0
2025-12-13 23:00,0.0
2025-12-13 23:15,0.0
2025-12-13 23:30,0.0
2025-12-13 23:45,0.0
2025-12-14 00:00,0.0
2025-12-14 00:15,0.0
2025-12-14 00:30,0.0
2025-12-14 00:45,0.0
2025-12-14 01:00,0.0
2025-12-14 01:15,0.0
2025-12-14 01:30,0.0
2025-12-14 01:45,0.004097
2025-12-14 02:00,0.0
2025-12-14 02:15,0.0
2025-12-14 02:30,0.0
2025-12-14 02:45,0.0
2025-12-14 03:00,0.0
2025-12-14 03:15,0.0
2025-12-14 03:30,0.0
2025-12-14 03:45,0.0
2025-12-14 04:00,0.0
2025-12-14 04:15,0.0
2025-12-14 04:30,0.0
2025-12-14 04:45,0.0
2025-12-14 05:00,0.002375
2025-12-14 05:15,0.0
2025-12-14 05:30,0.0
2025-12-14 05:45,0.0
2025-12-14 06:00,0.0
2025-12-14 06:15,0.0
2025-12-14 06:30,0.0
2025-12-14 06:45,0.0
2025-12-14 07:00,0.0
2025-12-14 07:15,0.0
2025-12-14 07:30,0.0
2025-12-14 07:45,0.0
2025-12-14 08:00,0.0
2025-12-14 08:15,0.0
2025-12-14 08:30,0.013598
2025-12-14 08:45,0.0
2025-12-14 09:00,0.0
2025-12-14 09:15,0.0
2025-12-14 09:30,0.0
2025-12-14 09:45,0.0
2025-12-14 10:00,0.0
2025-12-14 10:15,0.0
2025-12-14 10:30,0.0
2025-12-14 10:45,0.0
2025-12-14 11:00,0.0
2025-12-14 11:15,0.0
2025-12-14 11:30,0.0
2025-12-14 11:45,0.0
2025-12-14 12:00,0.0
2025-12-14 12:15,0.0
2025-12-14 12:30,0.0
2025-12-14 12:45,0.001395
2025-12-14 13:00,0.0
2025-12-14 13:15,0.0
2025-12-14 13:30,0.0
2025-12-14 13:45,0.0
2025-12-14 14:00,0.0
2025-12-14 14:15,0.0
2025-12-14 14:30,0.0
2025-12-14 14:45,0.0
2025-12-14 15:00,0.0
2025-12-14 15:15,0.0
2025-12-14 15:30,0.0
2025-12-14 15:45,0.0
2025-12-14 16:00,0.0
2025-12-14 16:15,0.0
2025-12-14 16:30,0.0
2025-12-14 16:45,0.0
2025-12-14 17:00,0.0
2025-12-14 17:15,0.0
2025-12-14 17:30,0.0
2025-12-14 17:45,0.0
2025-12-14 18:00,0.0
2025-12-14 18:15,0.0
2025-12-14 18:30,0.0
2025-12-14 18:45,0.0
2025-12-14 19:00,0.0
2025-12-14 19:15,0.0
2025-12-14 19:30,0.0
2025-12-14 19:45,0.0
2025-12-14 20:00,0.0
2025-12-14 20:15,0.0
2025-12-14 20:30,0.0
2025-12-14 20:45,0.0
2025-12-14 21:00,0.0
2025-12-14 21:15,0.0
2025-12-14 21:30,0.0
2025-12-14 21:45,0.0
2025-12-14 22:00,0.0
2025-12-14 22:15,0.0
2025-12-14 22:30,0.0
2025-12-14 22:45,0.086751
2025-12-14 23:00,0.147156
2025-12-14 23:15,0.651035
2025-12-14 23:30,0.031837
2025-12-14 23:45,0.100327
2025-12-15 00:00,0.03443
2025-12-15 00:15,0.005927
2025-12-15 00:30,0.026019
2025-12-15 00:45,0.032382
2025-12-15 01:00,0.135956
2025-12-15 01:15,0.124406
2025-12-15 01:30,0.001395
2025-12-15 01:45,0.033079
2025-12-15 02:00,0.003312
2025-12-15 02:15,0.0
2025-12-15 02:30,0.031379
2025-12-15 02:45,0.0
2025-12-15 03:00,0.0
2025-12-15 03:15,0.066311
2025-12-15 03:30,0.035868
2025-12-15 03:45,0.013205
2025-12-15 04:00,0.165657
2025-12-15 04:15,0.127217
2025-12-15 04:30,0.019416
2025-12-15 04:45,0.06886
2025-12-15 05:00,0.039202
2025-12-15 05:15,0.0
2025-12-15 05:30,0.069209
2025-12-15 05:45,0.007496
2025-12-15 06:00,0.06873
2025-12-15 06:15,0.003051
2025-12-15 06:30,0.043147
2025-12-15 06:45,0.037394
2025-12-15 07:00,0.008564
2025-12-15 07:15,0.038483
2025-12-15 07:30,0.132338
2025-12-15 07:45,0.319721
2025-12-15 08:00,0.0
2025-12-15 08:15,0.016779
2025-12-15 08:30,0.757681
2025-12-15 08:45,0.00353
2025-12-15 09:00,0.0
2025-12-15 09:15,0.0
2025-12-15 09:30,0.0
2025-12-15 09:45,0.0
2025-12-15 10:00,0.0
2025-12-15 10:15,0.0
2025-12-15 10:30,0.0
2025-12-15 10:45,0.001525
2025-12-15 11:00,0.0
2025-12-15 11:15,0.006145
2025-12-15 11:30,0.376553
2025-12-15 11:45,0.0
2025-12-15 12:00,0.0
2025-12-15 12:15,0.0
2025-12-15 12:30,0.0
2025-12-15 12:45,0.0
2025-12-15 13:00,0.0
2025-12-15 13:15,0.0
2025-12-15 13:30,0.0
2025-12-15 13:45,0.0
2025-12-15 14:00,0.0
2025-12-15 14:15,0.0
2025-12-15 14:30,0.0
2025-12-15 14:45,0.0
2025-12-15 15:00,0.0
2025-12-15 15:15,0.0
2025-12-15 15:30,0.031379
2025-12-15 15:45,0.0
2025-12-15 16:00,0.0
2025-12-15 16:15,0.0
2025-12-15 16:30,0.0
2025-12-15 16:45,0.0
2025-12-15 17:00,0.0
2025-12-15 17:15,0.0
2025-12-15 17:30,0.0
2025-12-15 17:45,0.0
2025-12-15 18:00,0.0
2025-12-15 18:15,0.0
2025-12-15 18:30,0.031379
2025-12-15 18:45,0.0
2025-12-15 19:00,0.0
2025-12-15 19:15,0.0
2025-12-15 19:30,0.0
2025-12-15 19:45,0.0
2025-12-15 20:00,0.0
2025-12-15 20:15,0.0
2025-12-15 20:30,0.031379
2025-12-15 20:45,0.0
2025-12-15 21:00,0.0
2025-12-15 21:15,0.0
2025-12-15 21:30,0.0
2025-12-15 21:45,0.0
2025-12-15 22:00,0.004097
2025-12-15 22:15,0.0
2025-12-15 22:30,0.0
2025-12-15 22:45,0.002855
2025-12-15 23:00,0.0
2025-12-15 23:15,0.064698
2025-12-15 23:30,0.067684
2025-12-15 23:45,0.061321
2025-12-16 00:00,0.009414
2025-12-16 00:15,0.069383
2025-12-16 00:30,0.062759
2025-12-16 00:45,0.003051
2025-12-16 01:00,0.062759
2025-12-16 01:15,0.130268
2025-12-16 01:30,0.004184
2025-12-16 01:45,0.003051
2025-12-16 02:00,0.064807
2025-12-16 02:15,0.0
2025-12-16 02:30,0.015145
2025-12-16 02:45,0.003138
2025-12-16 03:00,0.001264
2025-12-16 03:15,0.001395
2025-12-16 03:30,0.09976
2025-12-16 03:45,0.013946
2025-12-16 04:00,0.038679
2025-12-16 04:15,0.136108
2025-12-16 04:30,0.036914
2025-12-16 04:45,0.003312
2025-12-16 05:00,0.004184
2025-12-16 05:15,0.070604
2025-12-16 05:30,0.066768
2025-12-16 05:45,0.138287
2025-12-16 06:00,0.0
2025-12-16 06:15,0.0
2025-12-16 06:30,0.002136
2025-12-16 06:45,0.096666
2025-12-16 07:00,0.006102
2025-12-16 07:15,0.0
2025-12-16 07:30,0.007213
2025-12-16 07:45,0.033036
2025-12-16 08:00,0.0
2025-12-16 08:15,0.0
2025-12-16 08:30,0.0
2025-12-16 08:45,0.0
2025-12-16 09:00,0.0
2025-12-16 09:15,0.0
2025-12-16 09:30,0.001525
2025-12-16 09:45,0.0
2025-12-16 10:00,0.0
2025-12-16 10:15,0.0
2025-12-16 10:30,0.0
2025-12-16 10:45,0.0
2025-12-16 11:00,0.0
2025-12-16 11:15,0.003051
2025-12-16 11:30,0.0
2025-12-16 11:45,0.0
2025-12-16 12:00,0.001525
2025-12-16 12:15,0.001525
2025-12-16 12:30,0.0
2025-12-16 12:45,0.001525
2025-12-16 13:00,0.0
2025-12-16 13:15,0.0
2025-12-16 13:30,0.0
2025-12-16 13:45,0.0
2025-12-16 14:00,0.0
2025-12-16 14:15,0.0
2025-12-16 14:30,0.0
2025-12-16 14:45,0.001525
2025-12-16 15:00,0.0
2025-12-16 15:15,0.0
2025-12-16 15:30,0.0
2025-12-16 15:45,0.002048
2025-12-16 16:00,0.0
2025-12-16 16:15,0.0
2025-12-16 16:30,0.0
2025-12-16 16:45,0.0
2025-12-16 17:00,0.0
2025-12-16 17:15,0.001525
2025-12-16 17:30,0.0
2025-12-16 17:45,0.001525
2025-12-16 18:00,0.0
2025-12-16 18:15,0.0
2025-12-16 18:30,0.0
2025-12-16 18:45,0.0
2025-12-16 19:00,0.0
2025-12-16 19:15,0.003051
2025-12-16 19:30,0.0
2025-12-16 19:45,0.0
2025-12-16 20:00,0.0
2025-12-16 20:15,0.0
2025-12-16 20:30,0.0
2025-12-16 20:45,0.0
2025-12-16 21:00,0.0
2025-12-16 21:15,0.0
2025-12-16 21:30,0.0
2025-12-16 21:45,0.0
2025-12-16 22:00,0.125518
2025-12-16 22:15,0.0
2025-12-16 22:30,0.0
2025-12-16 22:45,0.003051
2025-12-16 23:00,0.066158
2025-12-16 23:15,0.001525
2025-12-16 23:30,0.064458
2025-12-16 23:45,0.043321
2025-12-17 00:00,0.0
2025-12-17 00:00,0.0
2025-12-17 00:15,0.085345
2025-12-17 00:30,0.034952
2025-12-17 00:45,0.169447
2025-12-17 01:00,0.176365
2025-12-17 01:15,0.188401
2025-12-17 01:30,0.066391
2025-12-17 01:45,0.06502
2025-12-17 02:00,0.002741
2025-12-17 02:15,0.0
2025-12-17 02:30,0.0
2025-12-17 02:45,0.0
2025-12-17 03:00,0.0
2025-12-17 03:15,0.002998
2025-12-17 03:30,0.064057
2025-12-17 03:45,0.098045
2025-12-17 04:00,0.119097
2025-12-17 04:15,0.191463
2025-12-17 04:30,0.098366
2025-12-17 04:45,0.007453
2025-12-17 05:00,0.017262
2025-12-17 05:15,0.0
2025-12-17 05:30,0.823935
2025-12-17 05:45,0.021309
2025-12-17 06:00,0.498876
2025-12-17 06:15,0.902705
2025-12-17 06:30,0.101964
2025-12-17 06:45,0.0
2025-12-17 07:00,0.06335
2025-12-17 07:15,0.051271
2025-12-17 07:30,0.00287
2025-12-17 07:45,0.255156
2025-12-17 08:00,0.0
2025-12-17 08:15,0.033602
2025-12-17 08:30,0.00287
2025-12-17 08:45,0.061679
2025-12-17 09:00,0.001499
2025-12-17 09:15,0.00529
2025-12-17 09:30,0.095261
2025-12-17 09:45,0.001371
2025-12-17 10:00,0.975692
2025-12-17 10:15,0.0
2025-12-17 10:30,0.0
2025-12-17 10:45,0.03084
2025-12-17 11:00,0.0
2025-12-17 11:15,0.0
2025-12-17 11:30,0.0
2025-12-17 11:45,0.0
2025-12-17 12:00,0.0
2025-12-17 12:15,0.0
2025-12-17 12:30,0.0
2025-12-17 12:45,0.002163
2025-12-17 13:00,0.004112
2025-12-17 13:15,0.0
2025-12-17 13:30,0.0
2025-12-17 13:45,0.0
2025-12-17 14:00,0.0
2025-12-17 14:15,0.0
2025-12-17 14:30,0.0
2025-12-17 14:45,0.0
2025-12-17 15:00,0.0
2025-12-17 15:15,0.0
2025-12-17 15:30,0.0
2025-12-17 15:45,0.0
2025-12-17 16:00,0.0
2025-12-17 16:15,0.0
2025-12-17 16:30,0.0
2025-12-17 16:45,0.0
2025-12-17 17:00,0.0
2025-12-17 17:15,0.0
2025-12-17 17:30,0.004026
2025-12-17 17:45,0.0
2025-12-17 18:00,0.0
2025-12-17 18:15,0.0
2025-12-17 18:30,0.003341
2025-12-17 18:45,0.0
2025-12-17 19:00,0.0
2025-12-17 19:15,0.0
2025-12-17 19:30,0.195061
2025-12-17 19:45,0.0
2025-12-17 20:00,0.00287
2025-12-17 20:15,0.0
2025-12-17 20:30,0.0
2025-12-17 20:45,0.0
2025-12-17 21:00,0.0
2025-12-17 21:15,0.0
2025-12-17 21:30,0.0
2025-12-17 21:45,0.003234
2025-12-17 22:00,0.03084
2025-12-17 22:15,0.0
2025-12-17 22:30,0.0
2025-12-17 22:45,0.002013
2025-12-17 23:00,0.0
2025-12-17 23:15,0.039449
2025-12-17 23:30,0.22196
2025-12-17 23:45,0.08119
2025-12-18 00:00,0.098195
2025-12-18 00:15,0.005311
2025-12-18 00:30,0.003234
2025-12-18 00:45,0.074101
2025-12-18 01:00,0.005033
2025-12-18 01:15,0.067184
2025-12-18 01:30,0.067719
2025-12-18 01:45,0.070139
2025-12-18 02:00,0.0
2025-12-18 02:15,0.034009
2025-12-18 02:30,0.001499
2025-12-18 02:45,0.0
2025-12-18 03:00,0.483434
2025-12-18 03:15,0.001499
2025-12-18 03:30,0.002013
2025-12-18 03:45,0.095261
2025-12-18 04:00,0.039021
2025-12-18 04:15,0.006104
2025-12-18 04:30,0.001371
2025-12-18 04:45,0.00424
2025-12-18 05:00,0.449746
2025-12-18 05:15,0.036644
2025-12-18 05:30,0.0
2025-12-18 05:45,0.021416
2025-12-18 06:00,0.07046
2025-12-18 06:15,0.002249
2025-12-18 06:30,0.004497
2025-12-18 06:45,0.001756
2025-12-18 07:00,0.224573
2025-12-18 07:15,0.0
2025-12-18 07:30,0.069411
2025-12-18 07:45,0.046559
2025-12-18 08:00,0.0
2025-12-18 08:15,0.001499
2025-12-18 08:30,0.001499
2025-12-18 08:45,0.012571
2025-12-18 09:00,0.005525
2025-12-18 09:15,0.0
2025-12-18 09:30,0.006082
2025-12-18 09:45,0.0
2025-12-18 10:00,0.0
2025-12-18 10:15,0.03084
2025-12-18 10:30,0.0
2025-12-18 10:45,0.001371
2025-12-18 11:00,0.0
2025-12-18 11:15,0.0
2025-12-18 11:30,0.023986
2025-12-18 11:45,0.0
2025-12-18 12:00,0.0
2025-12-18 12:15,0.0
2025-12-18 12:30,0.0
2025-12-18 12:45,0.0
2025-12-18 13:00,0.001499
2025-12-18 13:15,0.0
2025-12-18 13:30,0.001242
2025-12-18 13:45,0.001499
2025-12-18 14:00,0.0
2025-12-18 14:15,0.0
2025-12-18 14:30,0.0
2025-12-18 14:45,0.0
2025-12-18 15:00,0.0
2025-12-18 15:15,0.0
2025-12-18 15:30,0.0
2025-12-18 15:45,0.0
2025-12-18 16:00,0.001242
2025-12-18 16:15,0.0
2025-12-18 16:30,0.001242
2025-12-18 16:45,0.0
2025-12-18 17:00,0.0
2025-12-18 17:15,0.061679
2025-12-18 17:30,0.030369
2025-12-18 17:45,0.455143
2025-12-18 18:00,0.003812
2025-12-18 18:15,0.0
2025-12-18 18:30,0.0
2025-12-18 18:45,0.0
2025-12-18 19:00,0.0
2025-12-18 19:15,0.003812
2025-12-18 19:30,0.0
2025-12-18 19:45,0.0
2025-12-18 20:00,0.001242
2025-12-18 20:15,0.0
2025-12-18 20:30,0.0
2025-12-18 20:45,0.03251
2025-12-18 21:00,0.0
2025-12-18 21:15,0.0
2025-12-18 21:30,0.0
2025-12-18 21:45,0.0
2025-12-18 22:00,0.0
2025-12-18 22:15,0.0
2025-12-18 22:30,0.001499
2025-12-18 22:45,0.0
2025-12-18 23:00,0.0
2025-12-18 23:15,0.096803
2025-12-18 23:30,0.189579
2025-12-18 23:45,0.17146
2025-12-19 00:00,0.070524
2025-12-19 00:15,0.061679
2025-12-19 00:30,0.126186
2025-12-19 00:45,0.034823
2025-12-19 01:00,0.0
2025-12-19 01:15,0.006832
2025-12-19 01:30,0.008995
2025-12-19 01:45,0.03251
2025-12-19 02:00,0.061123
2025-12-19 02:15,0.015613
2025-12-19 02:30,0.101279
2025-12-19 02:45,0.0
2025-12-19 03:00,0.004112
2025-12-19 03:15,0.073994
2025-12-19 03:30,0.033581
2025-12-19 03:45,0.173538
2025-12-19 04:00,0.043047
2025-12-19 04:15,0.06652
2025-12-19 04:30,0.004198
2025-12-19 04:45,0.06335
2025-12-19 05:00,0.254171
2025-12-19 05:15,0.047909
2025-12-19 05:30,0.096695
2025-12-19 05:45,0.001371
2025-12-19 06:00,0.0
2025-12-19 06:15,0.098623
2025-12-19 06:30,0.007239
2025-12-19 06:45,0.064592
2025-12-19 07:00,0.070439
2025-12-19 07:15,0.002077
2025-12-19 07:30,0.0
2025-12-19 07:45,0.034695
2025-12-19 08:00,0.005997
2025-12-19 08:15,0.062065
2025-12-19 08:30,0.062515
2025-12-19 08:45,0.005997
2025-12-19 09:00,0.0
2025-12-19 09:15,0.012807
2025-12-19 09:30,0.001242
2025-12-19 09:45,0.0
2025-12-19 10:00,0.004026
2025-12-19 10:15,0.004669
2025-12-19 10:30,0.0
2025-12-19 10:45,0.0
2025-12-19 11:00,0.0
2025-12-19 11:15,0.002998
2025-12-19 11:30,0.002977
2025-12-19 11:45,0.003898
2025-12-19 12:00,0.00167
2025-12-19 12:15,0.0
2025-12-19 12:30,0.001242
2025-12-19 12:45,0.0
2025-12-19 13:00,0.0
2025-12-19 13:15,0.002013
2025-12-19 13:30,0.0
2025-12-19 13:45,0.0
2025-12-19 14:00,0.0
2025-12-19 14:15,0.001371
2025-12-19 14:30,0.004476
2025-12-19 14:45,0.0
2025-12-19 15:00,0.0
2025-12-19 15:15,0.0
2025-12-19 15:30,0.0
2025-12-19 15:45,0.0
2025-12-19 16:00,0.0
2025-12-19 16:15,0.012743
2025-12-19 16:30,0.0
2025-12-19 16:45,0.244405
2025-12-19 17:00,0.001499
2025-12-19 17:15,0.002013
2025-12-19 17:30,0.03341
2025-12-19 17:45,0.003041
2025-12-19 18:00,0.0
2025-12-19 18:15,0.0
2025-12-19 18:30,0.001499
2025-12-19 18:45,0.0
2025-12-19 19:00,0.0
2025-12-19 19:15,0.0
2025-12-19 19:30,0.0
2025-12-19 19:45,0.001499
2025-12-19 20:00,0.002998
2025-12-19 20:15,0.001499
2025-12-19 20:30,0.002334
2025-12-19 20:45,0.012571
2025-12-19 21:00,0.031225
2025-12-19 21:15,0.002998
2025-12-19 21:30,0.0
2025-12-19 21:45,0.03251
2025-12-19 22:00,0.068361
2025-12-19 22:15,0.004026
2025-12-19 22:30,0.0
2025-12-19 22:45,0.0
2025-12-19 23:00,0.0
2025-12-19 23:15,0.002998
2025-12-19 23:30,0.0
2025-12-19 23:45,0.0
2025-12-20 00:00,0.0
2025-12-20 00:15,0.0
2025-12-20 00:30,0.0
2025-12-20 00:45,0.001499
2025-12-20 01:00,0.007967
2025-12-20 01:15,0.0
2025-12-20 01:30,0.003983
2025-12-20 01:45,0.004497
2025-12-20 02:00,0.002484
2025-12-20 02:15,0.0
2025-12-20 02:30,0.0
2025-12-20 02:45,0.002998
2025-12-20 03:00,0.002998
2025-12-20 03:15,0.0
2025-12-20 03:30,0.0
2025-12-20 03:45,0.0
2025-12-20 04:00,0.0
2025-12-20 04:15,0.0
2025-12-20 04:30,0.014306
2025-12-20 04:45,0.0
2025-12-20 05:00,0.0
2025-12-20 05:15,0.0
2025-12-20 05:30,0.0
2025-12-20 05:45,0.0
2025-12-20 06:00,0.0
2025-12-20 06:15,0.002013
2025-12-20 06:30,0.0
2025-12-20 06:45,0.0
2025-12-20 07:00,0.0
2025-12-20 07:15,0.0
2025-12-20 07:30,0.002099
2025-12-20 07:45,0.0
2025-12-20 08:00,0.0
2025-12-20 08:15,0.0
2025-12-20 08:30,0.001242
2025-12-20 08:45,0.061251
2025-12-20 09:00,0.0
2025-12-20 09:15,0.0
2025-12-20 09:30,0.059452
2025-12-20 09:45,0.0
2025-12-20 10:00,0.015977
2025-12-20 10:15,0.0
2025-12-20 10:30,0.0
2025-12-20 10:45,0.0
2025-12-20 11:00,0.0
2025-12-20 11:15,0.0
2025-12-20 11:30,0.0
2025-12-20 11:45,0.0
2025-12-20 12:00,0.002998
2025-12-20 12:15,0.0
2025-12-20 12:30,0.0
2025-12-20 12:45,0.0
2025-12-20 13:00,0.001242
2025-12-20 13:15,0.00167
2025-12-20 13:30,0.0
2025-12-20 13:45,0.0
2025-12-20 14:00,0.001992
2025-12-20 14:15,0.0
2025-12-20 14:30,0.004155
2025-12-20 14:45,0.0
2025-12-20 15:00,0.0
2025-12-20 15:15,0.0
2025-12-20 15:30,0.007153
2025-12-20 15:45,0.0
2025-12-20 16:00,0.0
2025-12-20 16:15,0.001992
2025-12-20 16:30,0.0
2025-12-20 16:45,0.0
2025-12-20 17:00,0.0
2025-12-20 17:15,0.0
2025-12-20 17:30,0.0
2025-12-20 17:45,0.0
2025-12-20 18:00,0.011929
2025-12-20 18:15,0.0
2025-12-20 18:30,0.0
2025-12-20 18:45,0.0
2025-12-20 19:00,0.0
2025-12-20 19:15,0.002998
2025-12-20 19:30,0.0
2025-12-20 19:45,0.002099
2025-12-20 20:00,0.0
2025-12-20 20:15,0.0
2025-12-20 20:30,0.0
2025-12-20 20:45,0.0
2025-12-20 21:00,0.0
2025-12-20 21:15,0.0
2025-12-20 21:30,0.0
2025-12-20 21:45,0.0
2025-12-20 22:00,0.0
2025-12-20 22:15,0.0
2025-12-20 22:30,0.0
2025-12-20 22:45,0.0
2025-12-20 23:00,0.0
2025-12-20 23:15,0.0
2025-12-20 23:30,0.0
2025-12-20 23:45,0.0
2025-12-21 00:00,0.0
2025-12-21 00:15,0.0
2025-12-21 00:30,0.033838
2025-12-21 00:45,0.0
2025-12-21 01:00,0.0
2025-12-21 01:15,0.061679
2025-12-21 01:30,0.0
2025-12-21 01:45,0.0
2025-12-21 02:00,0.004026
2025-12-21 02:15,0.026899
2025-12-21 02:30,0.031397
2025-12-21 02:45,0.0
2025-12-21 03:00,0.0
2025-12-21 03:15,0.0
2025-12-21 03:30,0.0
2025-12-21 03:45,0.003983
2025-12-21 04:00,0.0
2025-12-21 04:15,0.0
2025-12-21 04:30,0.0
2025-12-21 04:45,0.0
2025-12-21 05:00,0.021802
2025-12-21 05:15,0.0
2025-12-21 05:30,0.0
2025-12-21 05:45,0.002484
2025-12-21 06:00,0.0
2025-12-21 06:15,0.0
2025-12-21 06:30,0.0
2025-12-21 06:45,0.0
2025-12-21 07:00,0.0
2025-12-21 07:15,0.001499
2025-12-21 07:30,0.005954
2025-12-21 07:45,0.002013
2025-12-21 08:00,0.001906
2025-12-21 08:15,0.004026
2025-12-21 08:30,0.0
2025-12-21 08:45,0.0
2025-12-21 09:00,0.0
2025-12-21 09:15,0.0
2025-12-21 09:30,0.0
2025-12-21 09:45,0.0
2025-12-21 10:00,0.004198
2025-12-21 10:15,0.0
2025-12-21 10:30,0.0
2025-12-21 10:45,0.0
2025-12-21 11:00,0.0
2025-12-21 11:15,0.0
2025-12-21 11:30,0.001992
2025-12-21 11:45,0.0
2025-12-21 12:00,0.0
2025-12-21 12:15,0.001242
2025-12-21 12:30,0.0
2025-12-21 12:45,0.0
2025-12-21 13:00,0.0
2025-12-21 13:15,0.001992
2025-12-21 13:30,0.0
2025-12-21 13:45,0.0
2025-12-21 14:00,0.0
2025-12-21 14:15,0.0
2025-12-21 14:30,0.0
2025-12-21 14:45,0.0
2025-12-21 15:00,0.0
2025-12-21 15:15,0.0
2025-12-21 15:30,0.0
2025-12-21 15:45,0.0
2025-12-21 16:00,0.0
2025-12-21 16:15,0.0
2025-12-21 16:30,0.0
2025-12-21 16:45,0.0
2025-12-21 17:00,0.0
2025-12-21 17:15,0.0
2025-12-21 17:30,0.0
2025-12-21 17:45,0.0
2025-12-21 18:00,0.0
2025-12-21 18:15,0.0
2025-12-21 18:30,0.0
2025-12-21 18:45,0.0
2025-12-21 19:00,0.0
2025-12-21 19:15,0.0
2025-12-21 19:30,0.0
2025-12-21 19:45,0.0
2025-12-21 20:00,0.0
2025-12-21 20:15,0.0
2025-12-21 20:30,0.0
2025-12-21 20:45,0.0
2025-12-21 21:00,0.0
2025-12-21 21:15,0.0
2025-12-21 21:30,0.0
2025-12-21 21:45,0.0
2025-12-21 22:00,0.002013
2025-12-21 22:15,0.0
2025-12-21 22:30,0.0
2025-12-21 22:45,0.036751
2025-12-21 23:00,0.03251
2025-12-21 23:15,0.002998
2025-12-21 23:30,0.200801
2025-12-21 23:45,0.002998
2025-12-22 00:00,0.197417
2025-12-22 00:15,0.037864
2025-12-22 00:30,0.002741
2025-12-22 00:45,0.230356
2025-12-22 01:00,0.002506
2025-12-22 01:15,0.130512
2025-12-22 01:30,0.077592
2025-12-22 01:45,0.0
2025-12-22 02:00,0.006789
2025-12-22 02:15,0.0
2025-12-22 02:30,0.001499
2025-12-22 02:45,0.001842
2025-12-22 03:00,0.005226
2025-12-22 03:15,0.03251
2025-12-22 03:30,0.100358
2025-12-22 03:45,0.019703
2025-12-22 04:00,0.170604
2025-12-22 04:15,0.00424
2025-12-22 04:30,0.221811
2025-12-22 04:45,0.045617
2025-12-22 05:00,0.190585
2025-12-22 05:15,0.101557
2025-12-22 05:30,0.038678
2025-12-22 05:45,0.024522
2025-12-22 06:00,0.065106
2025-12-22 06:15,0.061679
2025-12-22 06:30,0.126057
2025-12-22 06:45,1.0
2025-12-22 07:00,0.01844
2025-12-22 07:15,0.092519
2025-12-22 07:30,0.171503
2025-12-22 07:45,0.005483
2025-12-22 08:00,0.0
2025-12-22 08:15,0.03084
2025-12-22 08:30,0.004904
2025-12-22 08:45,0.0
2025-12-22 09:00,0.03084
2025-12-22 09:15,0.0
2025-12-22 09:30,0.0
2025-12-22 09:45,0.0
2025-12-22 10:00,0.001756
2025-12-22 10:15,0.0
2025-12-22 10:30,0.0
2025-12-22 10:45,0.0
2025-12-22 11:00,0.0
2025-12-22 11:15,0.0
2025-12-22 11:30,0.0
2025-12-22 11:45,0.0
2025-12-22 12:00,0.0
2025-12-22 12:15,0.002891
2025-12-22 12:30,0.0
2025-12-22 12:45,0.002998
2025-12-22 13:00,0.0
2025-12-22 13:15,0.0
2025-12-22 13:30,0.0
2025-12-22 13:45,0.0
2025-12-22 14:00,0.0
2025-12-22 14:15,0.003684
2025-12-22 14:30,0.0
2025-12-22 14:45,0.0
2025-12-22 15:00,0.0
2025-12-22 15:15,0.0
2025-12-22 15:30,0.0
2025-12-22 15:45,0.0
2025-12-22 16:00,0.0
2025-12-22 16:15,0.0
2025-12-22 16:30,0.0
2025-12-22 16:45,0.002163
2025-12-22 17:00,0.0
2025-12-22 17:15,0.0
2025-12-22 17:30,0.0
2025-12-22 17:45,0.0
2025-12-22 18:00,0.0
2025-12-22 18:15,0.0
2025-12-22 18:30,0.0
2025-12-22 18:45,0.0
2025-12-22 19:00,0.0
2025-12-22 19:15,0.0
2025-12-22 19:30,0.0
2025-12-22 19:45,0.0
2025-12-22 20:00,0.0
2025-12-22 20:15,0.0
2025-12-22 20:30,0.0
2025-12-22 20:45,0.0
2025-12-22 21:00,0.0
2025-12-22 21:15,0.0
2025-12-22 21:30,0.0
2025-12-22 21:45,0.0
2025-12-22 22:00,0.0
2025-12-22 22:15,0.0
2025-12-22 22:30,0.031225
2025-12-22 22:45,0.0
2025-12-22 23:00,0.0
2025-12-22 23:15,0.193776
2025-12-22 23:30,0.031225
2025-12-22 23:45,0.002741
2025-12-23 00:00,0.070246
2025-12-23 00:15,0.048444
2025-12-23 00:30,0.0
2025-12-23 00:45,0.005868
2025-12-23 01:00,0.00938
2025-12-23 01:15,0.063136
2025-12-23 01:30,0.09586
2025-12-23 01:45,0.154584
2025-12-23 02:00,0.002484
2025-12-23 02:15,0.002977
2025-12-23 02:30,0.001499
2025-12-23 02:45,0.0
2025-12-23 03:00,0.03251
2025-12-23 03:15,0.153513
2025-12-23 03:30,0.065663
2025-12-23 03:45,0.002891
2025-12-23 04:00,0.001371
2025-12-23 04:15,0.03251
2025-12-23 04:30,0.06819
2025-12-23 04:45,0.072431
2025-12-23 05:00,0.13154
2025-12-23 05:15,0.165421
2025-12-23 05:30,0.068704
2025-12-23 05:45,0.069668
2025-12-23 06:00,0.287495
2025-12-23 06:15,0.004091
2025-12-23 06:30,0.06502
2025-12-23 06:45,0.03251
2025-12-23 07:00,0.003148
2025-12-23 07:15,0.064678
2025-12-23 07:30,0.008031
2025-12-23 07:45,0.034009
2025-12-23 08:00,0.001499
2025-12-23 08:15,0.00998
2025-12-23 08:30,0.002998
2025-12-23 08:45,0.0
2025-12-23 09:00,0.0
2025-12-23 09:15,0.030883
2025-12-23 09:30,0.0
2025-12-23 09:45,0.0
2025-12-23 10:00,0.005311
2025-12-23 10:15,0.0
2025-12-23 10:30,0.021288
2025-12-23 10:45,0.0
2025-12-23 11:00,0.0
2025-12-23 11:15,0.0
2025-12-23 11:30,0.0
2025-12-23 11:45,0.0
2025-12-23 12:00,0.0
2025-12-23 12:15,0.002099
2025-12-23 12:30,0.0
2025-12-23 12:45,0.0
2025-12-23 13:00,0.0
2025-12-23 13:15,0.0
2025-12-23 13:30,0.0
2025-12-23 13:45,0.0
2025-12-23 14:00,0.0
2025-12-23 14:15,0.0
2025-12-23 14:30,0.0
2025-12-23 14:45,0.0
2025-12-23 15:00,0.0
2025-12-23 15:15,0.0
2025-12-23 15:30,0.0
2025-12-23 15:45,0.0
2025-12-23 16:00,0.0
2025-12-23 16:15,0.002099
2025-12-23 16:30,0.0
2025-12-23 16:45,0.0
2025-12-23 17:00,0.001499
2025-12-23 17:15,0.0
2025-12-23 17:30,0.0
2025-12-23 17:45,0.0
2025-12-23 18:00,0.0
2025-12-23 18:15,0.0
2025-12-23 18:30,0.0
2025-12-23 18:45,0.004198
2025-12-23 19:00,0.0
2025-12-23 19:15,0.0
2025-12-23 19:30,0.0
2025-12-23 19:45,0.0
2025-12-23 20:00,0.0
2025-12-23 20:15,0.0
2025-12-23 20:30,0.0
2025-12-23 20:45,0.0
2025-12-23 21:00,0.0
2025-12-23 21:15,0.0
2025-12-23 21:30,0.0
2025-12-23 21:45,0.001499
2025-12-23 22:00,0.09903
2025-12-23 22:15,0.005997
2025-12-23 22:30,0.0
2025-12-23 22:45,0.0
2025-12-23 23:00,0.297818
2025-12-23 23:15,0.006425
2025-12-23 23:30,0.0
2025-12-23 23:45,0.06652
2025-12-24 00:00,0.02842
2025-12-24 00:00,0.041888
2025-12-24 00:15,0.0
2025-12-24 00:30,0.00404
2025-12-24 00:45,0.0
2025-12-24 01:00,0.183617
2025-12-24 01:15,0.117551
2025-12-24 01:30,0.0
2025-12-24 01:45,0.013763
2025-12-24 02:00,0.0
2025-12-24 02:15,0.0
2025-12-24 02:30,0.348011
2025-12-24 02:45,0.0
2025-12-24 03:00,0.006629
2025-12-24 03:15,0.043813
2025-12-24 03:30,0.0
2025-12-24 03:45,0.24375
2025-12-24 04:00,0.002146
2025-12-24 04:15,0.045455
2025-12-24 04:30,0.017172
2025-12-24 04:45,0.0
2025-12-24 05:00,0.144381
2025-12-24 05:15,0.024179
2025-12-24 05:30,0.005871
2025-12-24 05:45,0.14375
2025-12-24 06:00,0.009533
2025-12-24 06:15,0.00202
2025-12-24 06:30,0.231439
2025-12-24 06:45,0.111143
2025-12-24 07:00,0.053346
2025-12-24 07:15,0.006124
2025-12-24 07:30,0.0
2025-12-24 07:45,0.0
2025-12-24 08:00,0.0
2025-12-24 08:15,0.0
2025-12-24 08:30,0.005429
2025-12-24 08:45,0.093119
2025-12-24 09:00,0.0
2025-12-24 09:15,0.0
2025-12-24 09:30,0.0
2025-12-24 09:45,0.0
2025-12-24 10:00,0.0
2025-12-24 10:15,0.0
2025-12-24 10:30,0.047917
2025-12-24 10:45,0.0
2025-12-24 11:00,0.0
2025-12-24 11:15,0.0
2025-12-24 11:30,0.00221
2025-12-24 11:45,0.0
2025-12-24 12:00,0.0
2025-12-24 12:15,0.047917
2025-12-24 12:30,0.0
2025-12-24 12:45,0.0
2025-12-24 13:00,0.0
2025-12-24 13:15,0.0
2025-12-24 13:30,0.0
2025-12-24 13:45,0.0
2025-12-24 14:00,0.0
2025-12-24 14:15,0.0
2025-12-24 14:30,0.0
2025-12-24 14:45,0.00221
2025-12-24 15:00,0.00221
2025-12-24 15:15,0.0
2025-12-24 15:30,0.0
2025-12-24 15:45,0.0
2025-12-24 16:00,0.0
2025-12-24 16:15,0.0
2025-12-24 16:30,0.0
2025-12-24 16:45,0.766667
2025-12-24 17:00,0.0
2025-12-24 17:15,0.004419
2025-12-24 17:30,0.0
2025-12-24 17:45,0.003093
2025-12-24 18:00,0.0
2025-12-24 18:15,0.0
2025-12-24 18:30,0.0
2025-12-24 18:45,0.002967
2025-12-24 19:00,0.0
2025-12-24 19:15,0.0
2025-12-24 19:30,0.0
2025-12-24 19:45,0.0
2025-12-24 20:00,0.0
2025-12-24 20:15,0.0
2025-12-24 20:30,0.0
2025-12-24 20:45,0.0
2025-12-24 21:00,0.0
2025-12-24 21:15,0.0
2025-12-24 21:30,0.0
2025-12-24 21:45,0.0
2025-12-24 22:00,0.0
2025-12-24 22:15,0.0
2025-12-24 22:30,0.0
2025-12-24 22:45,0.0
2025-12-24 23:00,0.0
2025-12-24 23:15,0.0
2025-12-24 23:30,0.0
2025-12-24 23:45,0.0
2025-12-25 00:00,0.0
2025-12-25 00:15,0.0
2025-12-25 00:30,0.0
2025-12-25 00:45,0.0
2025-12-25 01:00,0.0
2025-12-25 01:15,0.0
2025-12-25 01:30,0.0
2025-12-25 01:45,0.0
2025-12-25 02:00,0.0
2025-12-25 02:15,0.0
2025-12-25 02:30,0.0
2025-12-25 02:45,0.0
2025-12-25 03:00,0.0
2025-12-25 03:15,0.0
2025-12-25 03:30,0.00221
2025-12-25 03:45,0.0
2025-12-25 04:00,0.0
2025-12-25 04:15,0.0
2025-12-25 04:30,0.0
2025-12-25 04:45,0.0
2025-12-25 05:00,0.00221
2025-12-25 05:15,0.006187
2025-12-25 05:30,0.0
2025-12-25 05:45,0.0
2025-12-25 06:00,0.0
2025-12-25 06:15,0.0
2025-12-25 06:30,0.0
2025-12-25 06:45,0.0
2025-12-25 07:00,0.0
2025-12-25 07:15,0.006187
2025-12-25 07:30,0.0
2025-12-25 07:45,0.0
2025-12-25 08:00,0.0
2025-12-25 08:15,0.0
2025-12-25 08:30,0.0
2025-12-25 08:45,0.004419
2025-12-25 09:00,0.0
2025-12-25 09:15,0.0
2025-12-25 09:30,0.0
2025-12-25 09:45,0.00202
2025-12-25 10:00,0.0
2025-12-25 10:15,0.0
2025-12-25 10:30,0.0
2025-12-25 10:45,0.0
2025-12-25 11:00,0.0
2025-12-25 11:15,0.0
2025-12-25 11:30,0.022348
2025-12-25 11:45,0.003662
2025-12-25 12:00,0.0
2025-12-25 12:15,0.0
2025-12-25 12:30,0.0
2025-12-25 12:45,0.0
2025-12-25 13:00,0.0
2025-12-25 13:15,0.0
2025-12-25 13:30,0.0
2025-12-25 13:45,0.0
2025-12-25 14:00,0.0
2025-12-25 14:15,0.0
2025-12-25 14:30,0.0
2025-12-25 14:45,0.0
2025-12-25 15:00,0.0
2025-12-25 15:15,0.0
2025-12-25 15:30,0.0
2025-12-25 15:45,0.0
2025-12-25 16:00,0.0
2025-12-25 16:15,0.0
2025-12-25 16:30,0.0
2025-12-25 16:45,0.0
2025-12-25 17:00,0.0
2025-12-25 17:15,0.0
2025-12-25 17:30,0.0
2025-12-25 17:45,0.0
2025-12-25 18:00,0.0
2025-12-25 18:15,0.0
2025-12-25 18:30,0.0
2025-12-25 18:45,0.004419
2025-12-25 19:00,0.0
2025-12-25 19:15,0.0
2025-12-25 19:30,0.0
2025-12-25 19:45,0.0
2025-12-25 20:00,0.0
2025-12-25 20:15,0.0
2025-12-25 20:30,0.0
2025-12-25 20:45,0.0
2025-12-25 21:00,0.0
2025-12-25 21:15,0.0
2025-12-25 21:30,0.0
2025-12-25 21:45,0.0
2025-12-25 22:00,0.0
2025-12-25 22:15,0.0
2025-12-25 22:30,0.0
2025-12-25 22:45,0.0
2025-12-25 23:00,0.096149
2025-12-25 23:15,0.0
2025-12-25 23:30,0.150726
2025-12-25 23:45,0.047917
2025-12-26 00:00,0.0
2025-12-26 00:15,0.051073
2025-12-26 00:30,0.0
2025-12-26 00:45,0.198548
2025-12-26 01:00,0.090909
2025-12-26 01:15,0.019949
2025-12-26 01:30,0.00221
2025-12-26 01:45,0.0
2025-12-26 02:00,0.0
2025-12-26 02:15,0.0
2025-12-26 02:30,0.0
2025-12-26 02:45,0.003662
2025-12-26 03:00,0.0
2025-12-26 03:15,0.095833
2025-12-26 03:30,0.032355
2025-12-26 03:45,0.001831
2025-12-26 04:00,0.058554
2025-12-26 04:15,0.064268
2025-12-26 04:30,0.054198
2025-12-26 04:45,0.054545
2025-12-26 05:00,0.003662
2025-12-26 05:15,0.0
2025-12-26 05:30,0.050126
2025-12-26 05:45,0.373485
2025-12-26 06:00,0.018277
2025-12-26 06:15,0.097822
2025-12-26 06:30,0.005871
2025-12-26 06:45,0.011742
2025-12-26 07:00,0.004419
2025-12-26 07:15,0.0
2025-12-26 07:30,0.187626
2025-12-26 07:45,0.004419
2025-12-26 08:00,0.052336
2025-12-26 08:15,0.059564
2025-12-26 08:30,0.002936
2025-12-26 08:45,0.0
2025-12-26 09:00,0.009975
2025-12-26 09:15,0.090909
2025-12-26 09:30,0.004766
2025-12-26 09:45,0.0
2025-12-26 10:00,0.0
2025-12-26 10:15,0.0
2025-12-26 10:30,0.0
2025-12-26 10:45,0.0
2025-12-26 11:00,0.0
2025-12-26 11:15,0.0
2025-12-26 11:30,0.005934
2025-12-26 11:45,0.0
2025-12-26 12:00,0.0
2025-12-26 12:15,0.0
2025-12-26 12:30,0.0
2025-12-26 12:45,0.0
2025-12-26 13:00,0.0
2025-12-26 13:15,0.0
2025-12-26 13:30,0.0
2025-12-26 13:45,0.0
2025-12-26 14:00,0.0
2025-12-26 14:15,0.0
2025-12-26 14:30,0.0
2025-12-26 14:45,0.0
2025-12-26 15:00,0.0
2025-12-26 15:15,0.0
2025-12-26 15:30,0.0
2025-12-26 15:45,0.0
2025-12-26 16:00,0.0
2025-12-26 16:15,0.0
2025-12-26 16:30,0.0
2025-12-26 16:45,0.0
2025-12-26 17:00,0.0
2025-12-26 17:15,0.0
2025-12-26 17:30,0.0
2025-12-26 17:45,0.0
2025-12-26 18:00,0.0
2025-12-26 18:15,0.0
2025-12-26 18:30,0.0
2025-12-26 18:45,0.0
2025-12-26 19:00,0.0
2025-12-26 19:15,0.0
2025-12-26 19:30,0.0
2025-12-26 19:45,0.0
2025-12-26 20:00,0.0
2025-12-26 20:15,0.0
2025-12-26 20:30,0.0
2025-12-26 20:45,0.00221
2025-12-26 21:00,0.0
2025-12-26 21:15,0.0
2025-12-26 21:30,0.0
2025-12-26 21:45,0.0
2025-12-26 22:00,0.0
2025-12-26 22:15,0.0
2025-12-26 22:30,0.0
2025-12-26 22:45,0.0
2025-12-26 23:00,0.0
2025-12-26 23:15,0.0
2025-12-26 23:30,0.0
2025-12-26 23:45,0.0
2025-12-27 00:00,0.0
2025-12-27 00:15,0.0
2025-12-27 00:30,0.0
2025-12-27 00:45,0.0
2025-12-27 01:00,0.0
2025-12-27 01:15,0.0
2025-12-27 01:30,0.0
2025-12-27 01:45,0.0
2025-12-27 02:00,0.0
2025-12-27 02:15,0.0
2025-12-27 02:30,0.0
2025-12-27 02:45,0.0
2025-12-27 03:00,0.0
2025-12-27 03:15,0.0
2025-12-27 03:30,0.0
2025-12-27 03:45,0.0
2025-12-27 04:00,0.0
2025-12-27 04:15,0.0
2025-12-27 04:30,0.0
2025-12-27 04:45,0.0
2025-12-27 05:00,0.0
2025-12-27 05:15,0.0
2025-12-27 05:30,0.0
2025-12-27 05:45,0.003977
2025-12-27 06:00,0.0
2025-12-27 06:15,0.0
2025-12-27 06:30,0.0
2025-12-27 06:45,0.0
2025-12-27 07:00,0.024432
2025-12-27 07:15,0.0
2025-12-27 07:30,0.0
2025-12-27 07:45,0.0
2025-12-27 08:00,0.0
2025-12-27 08:15,0.006092
2025-12-27 08:30,0.0
2025-12-27 08:45,0.0
2025-12-27 09:00,0.0
2025-12-27 09:15,0.0
2025-12-27 09:30,0.0
2025-12-27 09:45,0.0
2025-12-27 10:00,0.0
2025-12-27 10:15,0.0
2025-12-27 10:30,0.0
2025-12-27 10:45,0.0
2025-12-27 11:00,0.0
2025-12-27 11:15,0.0
2025-12-27 11:30,0.0
2025-12-27 11:45,0.0
2025-12-27 12:00,0.0
2025-12-27 12:15,0.0
2025-12-27 12:30,0.00221
2025-12-27 12:45,0.0
2025-12-27 13:00,0.0
2025-12-27 13:15,0.0
2025-12-27 13:30,0.0
2025-12-27 13:45,0.0
2025-12-27 14:00,0.0
2025-12-27 14:15,0.0
2025-12-27 14:30,0.0
2025-12-27 14:45,0.003125
2025-12-27 15:00,0.0
2025-12-27 15:15,0.0
2025-12-27 15:30,0.0
2025-12-27 15:45,0.0
2025-12-27 16:00,0.0
2025-12-27 16:15,0.0
2025-12-27 16:30,0.0
2025-12-27 16:45,0.0
2025-12-27 17:00,0.005997
2025-12-27 17:15,0.0
2025-12-27 17:30,0.0
2025-12-27 17:45,0.0
2025-12-27 18:00,0.0
2025-12-27 18:15,0.090783
2025-12-27 18:30,0.0
2025-12-27 18:45,0.0
2025-12-27 19:00,0.006187
2025-12-27 19:15,0.0
2025-12-27 19:30,0.0
2025-12-27 19:45,0.0
2025-12-27 20:00,0.0
2025-12-27 20:15,0.0
2025-12-27 20:30,0.0
2025-12-27 20:45,0.0
2025-12-27 21:00,0.0
2025-12-27 21:15,0.0
2025-12-27 21:30,0.0
2025-12-27 21:45,0.0
2025-12-27 22:00,0.004419
2025-12-27 22:15,0.0
2025-12-27 22:30,0.0
2025-12-27 22:45,0.0
2025-12-27 23:00,0.0
2025-12-27 23:15,0.0
2025-12-27 23:30,0.0
2025-12-27 23:45,0.0
2025-12-28 00:00,0.0
2025-12-28 00:15,0.0
2025-12-28 00:30,0.0
2025-12-28 00:45,0.0
2025-12-28 01:00,0.0
2025-12-28 01:15,0.0
2025-12-28 01:30,0.0
2025-12-28 01:45,0.0
2025-12-28 02:00,0.0
2025-12-28 02:15,0.0
2025-12-28 02:30,0.0
2025-12-28 02:45,0.0
2025-12-28 03:00,0.0
2025-12-28 03:15,0.0
2025-12-28 03:30,0.0
2025-12-28 03:45,0.0
2025-12-28 04:00,0.0
2025-12-28 04:15,0.00221
2025-12-28 04:30,0.0
2025-12-28 04:45,0.0
2025-12-28 05:00,0.0
2025-12-28 05:15,0.006629
2025-12-28 05:30,0.0
2025-12-28 05:45,0.0
2025-12-28 06:00,0.0
2025-12-28 06:15,0.0
2025-12-28 06:30,0.0
2025-12-28 06:45,0.0
2025-12-28 07:00,0.0
2025-12-28 07:15,0.0
2025-12-28 07:30,0.0
2025-12-28 07:45,0.0
2025-12-28 08:00,0.00221
2025-12-28 08:15,0.0
2025-12-28 08:30,0.0
2025-12-28 08:45,0.0
2025-12-28 09:00,0.0
2025-12-28 09:15,0.0
2025-12-28 09:30,0.0
2025-12-28 09:45,0.0
2025-12-28 10:00,0.0
2025-12-28 10:15,0.0
2025-12-28 10:30,0.0
2025-12-28 10:45,0.0
2025-12-28 11:00,0.0
2025-12-28 11:15,0.0
2025-12-28 11:30,0.0
2025-12-28 11:45,0.0
2025-12-28 12:00,0.0
2025-12-28 12:15,0.0
2025-12-28 12:30,0.0
2025-12-28 12:45,0.0
2025-12-28 13:00,0.0
2025-12-28 13:15,0.0
2025-12-28 13:30,0.0
2025-12-28 13:45,0.0
2025-12-28 14:00,0.0
2025-12-28 14:15,0.0
2025-12-28 14:30,0.0
2025-12-28 14:45,0.0
2025-12-28 15:00,0.004419
2025-12-28 15:15,0.0
2025-12-28 15:30,0.0
2025-12-28 15:45,0.0
2025-12-28 16:00,0.0
2025-12-28 16:15,0.0
2025-12-28 16:30,0.0
2025-12-28 16:45,0.0
2025-12-28 17:00,0.0
2025-12-28 17:15,0.0
2025-12-28 17:30,0.0
2025-12-28 17:45,0.0
2025-12-28 18:00,0.0
2025-12-28 18:15,0.0
2025-12-28 18:30,0.0
2025-12-28 18:45,0.0
2025-12-28 19:00,0.0
2025-12-28 19:15,0.0
2025-12-28 19:30,0.0
2025-12-28 19:45,0.0
2025-12-28 20:00,0.004419
2025-12-28 20:15,0.0
2025-12-28 20:30,0.0
2025-12-28 20:45,0.0
2025-12-28 21:00,0.0
2025-12-28 21:15,0.0
2025-12-28 21:30,0.0
2025-12-28 21:45,0.0
2025-12-28 22:00,0.0
2025-12-28 22:15,0.005934
2025-12-28 22:30,0.052336
2025-12-28 22:45,0.0
2025-12-28 23:00,0.008081
2025-12-28 23:15,0.045455
2025-12-28 23:30,0.285669
2025-12-28 23:45,0.052336
2025-12-29 00:00,0.181818
2025-12-29 00:15,0.184091
2025-12-29 00:30,0.053504
2025-12-29 00:45,0.0
2025-12-29 01:00,0.00423
2025-12-29 01:15,0.0
2025-12-29 01:30,0.090909
2025-12-29 01:45,0.199558
2025-12-29 02:00,0.0
2025-12-29 02:15,0.00221
2025-12-29 02:30,0.020076
2025-12-29 02:45,0.0
2025-12-29 03:00,0.0
2025-12-29 03:15,0.003662
2025-12-29 03:30,0.046023
2025-12-29 03:45,0.0
2025-12-29 04:00,0.093119
2025-12-29 04:15,0.138573
2025-12-29 04:30,0.011774
2025-12-29 04:45,0.008775
2025-12-29 05:00,0.006629
2025-12-29 05:15,0.144381
2025-12-29 05:30,0.0
2025-12-29 05:45,0.00404
2025-12-29 06:00,0.0
2025-12-29 06:15,0.113826
2025-12-29 06:30,0.250505
2025-12-29 06:45,0.00221
2025-12-29 07:00,0.004419
2025-12-29 07:15,0.0
2025-12-29 07:30,0.017424
2025-12-29 07:45,0.025379
2025-12-29 08:00,0.002715
2025-12-29 08:15,0.0
2025-12-29 08:30,0.0
2025-12-29 08:45,0.0
2025-12-29 09:00,0.097159
2025-12-29 09:15,0.006629
2025-12-29 09:30,0.090909
2025-12-29 09:45,0.007323
2025-12-29 10:00,0.0
2025-12-29 10:15,0.0
2025-12-29 10:30,0.0
2025-12-29 10:45,0.0
2025-12-29 11:00,0.0
2025-12-29 11:15,0.0
2025-12-29 11:30,0.0
2025-12-29 11:45,0.0
2025-12-29 12:00,0.01029
2025-12-29 12:15,0.092045
2025-12-29 12:30,0.012374
2025-12-29 12:45,0.0
2025-12-29 13:00,0.0
2025-12-29 13:15,0.005177
2025-12-29 13:30,0.0
2025-12-29 13:45,0.0
2025-12-29 14:00,0.0
2025-12-29 14:15,0.013573
2025-12-29 14:30,0.004419
2025-12-29 14:45,0.0
2025-12-29 15:00,0.0
2025-12-29 15:15,0.0
2025-12-29 15:30,0.0
2025-12-29 15:45,0.29072
2025-12-29 16:00,0.0
2025-12-29 16:15,0.0
2025-12-29 16:30,0.0
2025-12-29 16:45,0.0
2025-12-29 17:00,0.005934
2025-12-29 17:15,0.0
2025-12-29 17:30,0.0
2025-12-29 17:45,0.0
2025-12-29 18:00,0.004419
2025-12-29 18:15,0.0
2025-12-29 18:30,0.0
2025-12-29 18:45,0.0
2025-12-29 19:00,0.0
2025-12-29 19:15,0.0
2025-12-29 19:30,0.0
2025-12-29 19:45,0.0
2025-12-29 20:00,0.0
2025-12-29 20:15,0.0
2025-12-29 20:30,0.008081
2025-12-29 20:45,0.0
2025-12-29 21:00,0.0
2025-12-29 21:15,0.0
2025-12-29 21:30,0.0
2025-12-29 21:45,0.0
2025-12-29 22:00,0.0
2025-12-29 22:15,0.0
2025-12-29 22:30,0.0
2025-12-29 22:45,0.0
2025-12-29 23:00,0.0
2025-12-29 23:15,0.0
2025-12-29 23:30,0.01673
2025-12-29 23:45,0.098611
2025-12-30 00:00,0.365657
2025-12-30 00:15,0.004419
2025-12-30 00:30,0.005619
2025-12-30 00:45,0.095833
2025-12-30 01:00,0.640025
2025-12-30 01:15,0.18548
2025-12-30 01:30,0.698295
2025-12-30 01:45,0.0
2025-12-30 02:00,0.373801
2025-12-30 02:15,0.108586
2025-12-30 02:30,0.0
2025-12-30 02:45,0.0
2025-12-30 03:00,0.005177
2025-12-30 03:15,0.005871
2025-12-30 03:30,0.035543
2025-12-30 03:45,0.00846
2025-12-30 04:00,0.494634
2025-12-30 04:15,0.37923
2025-12-30 04:30,0.045455
2025-12-30 04:45,0.058144
2025-12-30 05:00,0.147664
2025-12-30 05:15,0.0
2025-12-30 05:30,0.014646
2025-12-30 05:45,0.19476
2025-12-30 06:00,0.008838
2025-12-30 06:15,0.044097
2025-12-30 06:30,0.102146
2025-12-30 06:45,0.053662
2025-12-30 07:00,0.005177
2025-12-30 07:15,0.061869
2025-12-30 07:30,0.006376
2025-12-30 07:45,0.146591
2025-12-30 08:00,0.00404
2025-12-30 08:15,0.010038
2025-12-30 08:30,0.0
2025-12-30 08:45,0.183838
2025-12-30 09:00,0.0
2025-12-30 09:15,0.016667
2025-12-30 09:30,0.00625
2025-12-30 09:45,0.0
2025-12-30 10:00,0.0
2025-12-30 10:15,0.007229
2025-12-30 10:30,0.06572
2025-12-30 10:45,0.181818
2025-12-30 11:00,0.090909
2025-12-30 11:15,0.00947
2025-12-30 11:30,0.093718
2025-12-30 11:45,0.363636
2025-12-30 12:00,0.005871
2025-12-30 12:15,0.0
2025-12-30 12:30,0.0
2025-12-30 12:45,0.0
2025-12-30 13:00,0.003662
2025-12-30 13:15,0.0
2025-12-30 13:30,0.0
2025-12-30 13:45,0.0
2025-12-30 14:00,0.0
2025-12-30 14:15,0.0
2025-12-30 14:30,0.005871
2025-12-30 14:45,0.0
2025-12-30 15:00,0.005871
2025-12-30 15:15,0.0
2025-12-30 15:30,0.0
2025-12-30 15:45,0.0
2025-12-30 16:00,0.0
2025-12-30 16:15,0.0
2025-12-30 16:30,0.0
2025-12-30 16:45,0.0
2025-12-30 17:00,0.0
2025-12-30 17:15,0.0
2025-12-30 17:30,0.0
2025-12-30 17:45,0.0
2025-12-30 18:00,0.0
2025-12-30 18:15,0.0
2025-12-30 18:30,0.0
2025-12-30 18:45,0.0
2025-12-30 19:00,0.0
2025-12-30 19:15,0.0
2025-12-30 19:30,0.0
2025-12-30 19:45,0.003662
2025-12-30 20:00,0.008838
2025-12-30 20:15,0.0
2025-12-30 20:30,0.0
2025-12-30 20:45,0.0
2025-12-30 21:00,0.0
2025-12-30 21:15,0.0
2025-12-30 21:30,0.01029
2025-12-30 21:45,1.0
2025-12-30 22:00,0.363636
2025-12-30 22:15,0.0
2025-12-30 22:30,0.0
2025-12-30 22:45,0.0
2025-12-30 23:00,0.0
2025-12-30 23:15,0.10303
2025-12-30 23:30,0.00202
2025-12-30 23:45,0.0
2025-12-31 00:00,0.00221
2025-12-31 00:00,0.0037
2025-12-31 00:15,0.251374
2025-12-31 00:30,0.160465
2025-12-31 00:45,0.307082
2025-12-31 01:00,0.159302
2025-12-31 01:15,0.0
2025-12-31 01:30,0.160465
2025-12-31 01:45,0.164165
2025-12-31 02:00,0.087632
2025-12-31 02:15,0.015433
2025-12-31 02:30,0.007082
2025-12-31 02:45,0.003594
2025-12-31 03:00,0.0
2025-12-31 03:15,0.079387
2025-12-31 03:30,0.0
2025-12-31 03:45,0.0074
2025-12-31 04:00,0.0074
2025-12-31 04:15,0.154123
2025-12-31 04:30,0.0
2025-12-31 04:45,0.0
2025-12-31 05:00,0.0037
2025-12-31 05:15,0.0
2025-12-31 05:30,1.0
2025-12-31 05:45,0.0
2025-12-31 06:00,0.0
2025-12-31 06:15,0.0037
2025-12-31 06:30,0.0
2025-12-31 06:45,0.0
2025-12-31 07:00,0.0
2025-12-31 07:15,0.0
2025-12-31 07:30,0.0074
2025-12-31 07:45,0.0
2025-12-31 08:00,0.0
2025-12-31 08:15,0.0074
2025-12-31 08:30,0.0
2025-12-31 08:45,0.00518
2025-12-31 09:00,0.0
2025-12-31 09:15,0.32093
2025-12-31 09:30,0.0
2025-12-31 09:45,0.0
2025-12-31 10:00,0.0
2025-12-31 10:15,0.0
2025-12-31 10:30,0.0
2025-12-31 10:45,0.0
2025-12-31 11:00,0.0074
2025-12-31 11:15,0.0
2025-12-31 11:30,0.0
2025-12-31 11:45,0.0
2025-12-31 12:00,0.0
2025-12-31 12:15,0.0074
2025-12-31 12:30,0.0
2025-12-31 12:45,0.0
2025-12-31 13:00,0.0
2025-12-31 13:15,0.0
2025-12-31 13:30,0.0
2025-12-31 13:45,0.0
2025-12-31 14:00,0.0
2025-12-31 14:15,0.0
2025-12-31 14:30,0.0
2025-12-31 14:45,0.0
2025-12-31 15:00,0.0
2025-12-31 15:15,0.0
2025-12-31 15:30,0.0
2025-12-31 15:45,0.0
2025-12-31 16:00,0.0
2025-12-31 16:15,0.0
2025-12-31 16:30,0.0
2025-12-31 16:45,0.0
2025-12-31 17:00,0.0
2025-12-31 17:15,0.0
2025-12-31 17:30,0.0
2025-12-31 17:45,0.0
2025-12-31 18:00,0.0
2025-12-31 18:15,0.0
2025-12-31 18:30,0.009937
2025-12-31 18:45,0.0
2025-12-31 19:00,0.0
2025-12-31 19:15,0.0
2025-12-31 19:30,0.0
2025-12-31 19:45,0.0
2025-12-31 20:00,0.0
2025-12-31 20:15,0.0
2025-12-31 20:30,0.0
2025-12-31 20:45,0.0
2025-12-31 21:00,0.0
2025-12-31 21:15,0.0
2025-12-31 21:30,0.0
2025-12-31 21:45,0.0
2025-12-31 22:00,0.0
2025-12-31 22:15,0.0
2025-12-31 22:30,0.0
2025-12-31 22:45,0.0
2025-12-31 23:00,0.0
2025-12-31 23:15,0.0
2025-12-31 23:30,0.0
2025-12-31 23:45,0.0
