timestamp,value
2025-01-01 00:00,0.034628
2025-01-01 00:15,0.046292
2025-01-01 00:30,0.038019
2025-01-01 00:45,0.046292
2025-01-01 01:00,0.037943
2025-01-01 01:15,0.038019
2025-01-01 01:30,0.088114
2025-01-01 01:45,0.068176
2025-01-01 02:00,0.16835
2025-01-01 02:15,0.0
2025-01-01 02:30,0.034628
2025-01-01 02:45,0.0
2025-01-01 03:00,0.000677
2025-01-01 03:15,0.0
2025-01-01 03:30,0.010242
2025-01-01 03:45,0.046292
2025-01-01 04:00,0.0
2025-01-01 04:15,0.0007
2025-01-01 04:30,0.055485
2025-01-01 04:45,0.009474
2025-01-01 05:00,0.0
2025-01-01 05:15,0.0
2025-01-01 05:30,0.0
2025-01-01 05:45,0.0
2025-01-01 06:00,0.010501
2025-01-01 06:15,0.0
2025-01-01 06:30,0.000662
2025-01-01 06:45,0.0
2025-01-01 07:00,0.065241
2025-01-01 07:15,0.0
2025-01-01 07:30,0.0
2025-01-01 07:45,0.011543
2025-01-01 08:00,0.0
2025-01-01 08:15,0.000768
2025-01-01 08:30,0.0
2025-01-01 08:45,0.0
2025-01-01 09:00,0.0
2025-01-01 09:15,0.059219
2025-01-01 09:30,0.047372
2025-01-01 09:45,0.006304
2025-01-01 10:00,0.0
2025-01-01 10:15,0.0
2025-01-01 10:30,0.0
2025-01-01 10:45,0.133706
2025-01-01 11:00,0.0
2025-01-01 11:15,0.094379
2025-01-01 11:30,0.075917
2025-01-01 11:45,0.116005
2025-01-01 12:00,0.0
2025-01-01 12:15,0.028423
2025-01-01 12:30,0.047684
2025-01-01 12:45,0.025336
2025-01-01 13:00,0.0
2025-01-01 13:15,0.000532
2025-01-01 13:30,0.043312
2025-01-01 13:45,0.062511
2025-01-01 14:00,0.102029
2025-01-01 14:15,0.069522
2025-01-01 14:30,0.0
2025-01-01 14:45,0.095854
2025-01-01 15:00,0.011794
2025-01-01 15:15,0.0
2025-01-01 15:30,0.039038
2025-01-01 15:45,0.089148
2025-01-01 16:00,0.038019
2025-01-01 16:15,0.116948
2025-01-01 16:30,0.0
2025-01-01 16:45,0.0
2025-01-01 17:00,0.000487
2025-01-01 17:15,0.093923
2025-01-01 17:30,0.228116
2025-01-01 17:45,0.033191
2025-01-01 18:00,0.051547
2025-01-01 18:15,0.076959
2025-01-01 18:30,0.06807
2025-01-01 18:45,0.0
2025-01-01 19:00,0.0
2025-01-01 19:15,0.056968
2025-01-01 19:30,0.028423
2025-01-01 19:45,0.071796
2025-01-01 20:00,0.275169
2025-01-01 20:15,0.084312
2025-01-01 20:30,1.0
2025-01-01 20:45,0.094835
2025-01-01 21:00,0.0
2025-01-01 21:15,0.0
2025-01-01 21:30,0.0
2025-01-01 21:45,0.0
2025-01-01 22:00,0.013869
2025-01-01 22:15,0.0
2025-01-01 22:30,0.012075
2025-01-01 22:45,0.0
2025-01-01 23:00,0.132832
2025-01-01 23:15,0.255444
2025-01-01 23:30,0.280537
2025-01-01 23:45,0.552375
2025-01-02 00:00,0.633554
2025-01-02 00:15,0.073393
2025-01-02 00:30,0.0
2025-01-02 00:45,0.0
2025-01-02 01:00,0.010151
2025-01-02 01:15,0.0
2025-01-02 01:30,0.125601
2025-01-02 01:45,0.038019
2025-01-02 02:00,0.0
2025-01-02 02:15,0.046825
2025-01-02 02:30,0.001019
2025-01-02 02:45,0.0
2025-01-02 03:00,0.013991
2025-01-02 03:15,0.011543
2025-01-02 03:30,0.0
2025-01-02 03:45,0.001156
2025-01-02 04:00,0.0
2025-01-02 04:15,0.018949
2025-01-02 04:30,0.0
2025-01-02 04:45,0.0
2025-01-02 05:00,0.00806
2025-01-02 05:15,0.0
2025-01-02 05:30,0.113936
2025-01-02 05:45,0.000532
2025-01-02 06:00,0.038019
2025-01-02 06:15,0.002251
2025-01-02 06:30,0.025405
2025-01-02 06:45,0.02107
2025-01-02 07:00,0.030317
2025-01-02 07:15,0.071598
2025-01-02 07:30,0.050619
2025-01-02 07:45,0.016782
2025-01-02 08:00,0.012219
2025-01-02 08:15,0.0
2025-01-02 08:30,0.002707
2025-01-02 08:45,0.007589
2025-01-02 09:00,0.212315
2025-01-02 09:15,0.227014
2025-01-02 09:30,0.0
2025-01-02 09:45,0.000532
2025-01-02 10:00,0.138512
2025-01-02 10:15,0.290985
2025-01-02 10:30,0.005749
2025-01-02 10:45,0.065241
2025-01-02 11:00,0.000532
2025-01-02 11:15,0.056885
2025-01-02 11:30,0.02123
2025-01-02 11:45,0.267938
2025-01-02 12:00,0.041502
2025-01-02 12:15,0.12992
2025-01-02 12:30,0.083445
2025-01-02 12:45,0.013139
2025-01-02 13:00,0.0
2025-01-02 13:15,0.050916
2025-01-02 13:30,0.091391
2025-01-02 13:45,0.123304
2025-01-02 14:00,0.079141
2025-01-02 14:15,0.067309
2025-01-02 14:30,0.080533
2025-01-02 14:45,0.175163
2025-01-02 15:00,0.09847
2025-01-02 15:15,0.063264
2025-01-02 15:30,0.238298
2025-01-02 15:45,0.217699
2025-01-02 16:00,0.150701
2025-01-02 16:15,0.044042
2025-01-02 16:30,0.095733
2025-01-02 16:45,0.161673
2025-01-02 17:00,0.304581
2025-01-02 17:15,0.001452
2025-01-02 17:30,0.0
2025-01-02 17:45,0.012075
2025-01-02 18:00,0.074913
2025-01-02 18:15,0.196134
2025-01-02 18:30,0.0
2025-01-02 18:45,0.038552
2025-01-02 19:00,0.015177
2025-01-02 19:15,0.003011
2025-01-02 19:30,0.000654
2025-01-02 19:45,0.000532
2025-01-02 20:00,0.0
2025-01-02 20:15,0.000532
2025-01-02 20:30,0.0
2025-01-02 20:45,0.022135
2025-01-02 21:00,0.000578
2025-01-02 21:15,0.001323
2025-01-02 21:30,0.0
2025-01-02 21:45,0.0
2025-01-02 22:00,0.006638
2025-01-02 22:15,0.0
2025-01-02 22:30,0.0
2025-01-02 22:45,0.039586
2025-01-02 23:00,0.000532
2025-01-02 23:15,0.001209
2025-01-02 23:30,0.0
2025-01-02 23:45,0.386626
2025-01-03 00:00,0.276211
2025-01-03 00:15,0.152077
2025-01-03 00:30,0.085513
2025-01-03 00:45,0.094988
2025-01-03 01:00,0.013657
2025-01-03 01:15,0.076039
2025-01-03 01:30,0.268934
2025-01-03 01:45,0.229181
2025-01-03 02:00,0.064192
2025-01-03 02:15,0.0
2025-01-03 02:30,0.099124
2025-01-03 02:45,0.001353
2025-01-03 03:00,0.013428
2025-01-03 03:15,0.0
2025-01-03 03:30,0.000532
2025-01-03 03:45,0.014326
2025-01-03 04:00,0.000532
2025-01-03 04:15,0.003102
2025-01-03 04:30,0.002251
2025-01-03 04:45,0.013231
2025-01-03 05:00,0.009474
2025-01-03 05:15,0.046171
2025-01-03 05:30,0.077271
2025-01-03 05:45,0.024386
2025-01-03 06:00,0.0
2025-01-03 06:15,0.013558
2025-01-03 06:30,0.010653
2025-01-03 06:45,0.010007
2025-01-03 07:00,0.0
2025-01-03 07:15,0.0
2025-01-03 07:30,0.038019
2025-01-03 07:45,0.078403
2025-01-03 08:00,0.106553
2025-01-03 08:15,0.13836
2025-01-03 08:30,0.248236
2025-01-03 08:45,0.739818
2025-01-03 09:00,0.265588
2025-01-03 09:15,0.484009
2025-01-03 09:30,0.347215
2025-01-03 09:45,0.0
2025-01-03 10:00,0.001315
2025-01-03 10:15,0.019481
2025-01-03 10:30,0.047448
2025-01-03 10:45,0.047304
2025-01-03 11:00,0.047372
2025-01-03 11:15,0.170905
2025-01-03 11:30,0.16524
2025-01-03 11:45,0.106409
2025-01-03 12:00,0.047494
2025-01-03 12:15,0.175885
2025-01-03 12:30,0.33086
2025-01-03 12:45,0.085232
2025-01-03 13:00,0.08419
2025-01-03 13:15,0.108127
2025-01-03 13:30,0.199419
2025-01-03 13:45,0.068191
2025-01-03 14:00,0.131958
2025-01-03 14:15,0.073514
2025-01-03 14:30,0.023618
2025-01-03 14:45,0.051995
2025-01-03 15:00,0.099702
2025-01-03 15:15,0.104462
2025-01-03 15:30,0.115898
2025-01-03 15:45,0.090288
2025-01-03 16:00,0.107808
2025-01-03 16:15,0.034628
2025-01-03 16:30,0.03954
2025-01-03 16:45,0.0
2025-01-03 17:00,0.0
2025-01-03 17:15,0.000532
2025-01-03 17:30,0.0
2025-01-03 17:45,0.0
2025-01-03 18:00,0.000684
2025-01-03 18:15,0.080533
2025-01-03 18:30,0.0
2025-01-03 18:45,0.0
2025-01-03 19:00,0.0
2025-01-03 19:15,0.0
2025-01-03 19:30,0.010919
2025-01-03 19:45,0.0
2025-01-03 20:00,0.0
2025-01-03 20:15,0.000532
2025-01-03 20:30,0.0
2025-01-03 20:45,0.0
2025-01-03 21:00,0.0
2025-01-03 21:15,0.0
2025-01-03 21:30,0.0
2025-01-03 21:45,0.0
2025-01-03 22:00,0.000532
2025-01-03 22:15,0.0
2025-01-03 22:30,0.0
2025-01-03 22:45,0.001437
2025-01-03 23:00,0.0
2025-01-03 23:15,0.032218
2025-01-03 23:30,0.0
2025-01-03 23:45,0.0
2025-01-04 00:00,0.057234
2025-01-04 00:15,0.003133
2025-01-04 00:30,0.0
2025-01-04 00:45,0.0
2025-01-04 01:00,0.094318
2025-01-04 01:15,0.00149
2025-01-04 01:30,0.019481
2025-01-04 01:45,0.001947
2025-01-04 02:00,0.034849
2025-01-04 02:15,0.0
2025-01-04 02:30,0.0
2025-01-04 02:45,0.000684
2025-01-04 03:00,0.019435
2025-01-04 03:15,0.000487
2025-01-04 03:30,0.011543
2025-01-04 03:45,0.012075
2025-01-04 04:00,0.000441
2025-01-04 04:15,0.0
2025-01-04 04:30,0.012448
2025-01-04 04:45,0.001034
2025-01-04 05:00,0.0
2025-01-04 05:15,0.002251
2025-01-04 05:30,0.0
2025-01-04 05:45,0.000608
2025-01-04 06:00,0.046292
2025-01-04 06:15,0.076039
2025-01-04 06:30,0.068298
2025-01-04 06:45,0.0
2025-01-04 07:00,0.0
2025-01-04 07:15,0.0
2025-01-04 07:30,0.0
2025-01-04 07:45,0.0
2025-01-04 08:00,0.011543
2025-01-04 08:15,0.023618
2025-01-04 08:30,0.0
2025-01-04 08:45,0.0
2025-01-04 09:00,0.0
2025-01-04 09:15,0.0
2025-01-04 09:30,0.010189
2025-01-04 09:45,0.200119
2025-01-04 10:00,0.001065
2025-01-04 10:15,0.0
2025-01-04 10:30,0.0
2025-01-04 10:45,0.001658
2025-01-04 11:00,0.0
2025-01-04 11:15,0.047494
2025-01-04 11:30,0.0
2025-01-04 11:45,0.009474
2025-01-04 12:00,0.001285
2025-01-04 12:15,0.087315
2025-01-04 12:30,0.046292
2025-01-04 12:45,0.048612
2025-01-04 13:00,0.061105
2025-01-04 13:15,0.121434
2025-01-04 13:30,0.176539
2025-01-04 13:45,0.225272
2025-01-04 14:00,0.119373
2025-01-04 14:15,0.010592
2025-01-04 14:30,0.012394
2025-01-04 14:45,0.027602
2025-01-04 15:00,0.018949
2025-01-04 15:15,0.0007
2025-01-04 15:30,0.056451
2025-01-04 15:45,0.038019
2025-01-04 16:00,0.03294
2025-01-04 16:15,0.009474
2025-01-04 16:30,0.0
2025-01-04 16:45,0.028423
2025-01-04 17:00,0.011543
2025-01-04 17:15,0.010075
2025-01-04 17:30,0.006539
2025-01-04 17:45,0.087186
2025-01-04 18:00,0.011543
2025-01-04 18:15,0.0
2025-01-04 18:30,0.0
2025-01-04 18:45,0.245863
2025-01-04 19:00,0.304155
2025-01-04 19:15,0.000532
2025-01-04 19:30,0.0
2025-01-04 19:45,0.009474
2025-01-04 20:00,0.0
2025-01-04 20:15,0.0
2025-01-04 20:30,0.0
2025-01-04 20:45,0.0
2025-01-04 21:00,0.09555
2025-01-04 21:15,0.094835
2025-01-04 21:30,0.0
2025-01-04 21:45,0.0
2025-01-04 22:00,0.0
2025-01-04 22:15,0.0
2025-01-04 22:30,0.001171
2025-01-04 22:45,0.012029
2025-01-04 23:00,0.006996
2025-01-04 23:15,0.046292
2025-01-04 23:30,0.0
2025-01-04 23:45,0.0
2025-01-05 00:00,0.000563
2025-01-05 00:15,0.047228
2025-01-05 00:30,0.0
2025-01-05 00:45,0.062914
2025-01-05 01:00,0.077339
2025-01-05 01:15,0.392892
2025-01-05 01:30,0.060443
2025-01-05 01:45,0.259049
2025-01-05 02:00,0.561477
2025-01-05 02:15,0.033807
2025-01-05 02:30,0.167802
2025-01-05 02:45,0.221136
2025-01-05 03:00,0.39001
2025-01-05 03:15,0.207274
2025-01-05 03:30,0.186013
2025-01-05 03:45,0.011543
2025-01-05 04:00,0.282195
2025-01-05 04:15,0.134862
2025-01-05 04:30,0.088114
2025-01-05 04:45,0.047927
2025-01-05 05:00,0.0549
2025-01-05 05:15,0.208855
2025-01-05 05:30,0.003072
2025-01-05 05:45,0.0
2025-01-05 06:00,0.0
2025-01-05 06:15,0.023618
2025-01-05 06:30,0.034126
2025-01-05 06:45,0.097215
2025-01-05 07:00,0.003042
2025-01-05 07:15,0.053546
2025-01-05 07:30,0.0
2025-01-05 07:45,0.076039
2025-01-05 08:00,0.082913
2025-01-05 08:15,0.038019
2025-01-05 08:30,0.058367
2025-01-05 08:45,0.242609
2025-01-05 09:00,0.002251
2025-01-05 09:15,0.41286
2025-01-05 09:30,0.053577
2025-01-05 09:45,0.032195
2025-01-05 10:00,0.149705
2025-01-05 10:15,0.051615
2025-01-05 10:30,0.011543
2025-01-05 10:45,0.0
2025-01-05 11:00,0.0
2025-01-05 11:15,0.0
2025-01-05 11:30,0.008425
2025-01-05 11:45,0.0
2025-01-05 12:00,0.0
2025-01-05 12:15,0.009474
2025-01-05 12:30,0.051569
2025-01-05 12:45,0.040878
2025-01-05 13:00,0.002829
2025-01-05 13:15,0.003042
2025-01-05 13:30,0.049091
2025-01-05 13:45,0.100105
2025-01-05 14:00,0.066367
2025-01-05 14:15,0.135851
2025-01-05 14:30,0.056847
2025-01-05 14:45,0.010007
2025-01-05 15:00,0.079681
2025-01-05 15:15,0.000532
2025-01-05 15:30,0.030758
2025-01-05 15:45,0.001931
2025-01-05 16:00,0.001399
2025-01-05 16:15,0.038384
2025-01-05 16:30,0.009474
2025-01-05 16:45,0.02929
2025-01-05 17:00,0.009474
2025-01-05 17:15,0.046292
2025-01-05 17:30,0.038019
2025-01-05 17:45,0.002798
2025-01-05 18:00,0.0
2025-01-05 18:15,0.0
2025-01-05 18:30,0.0
2025-01-05 18:45,0.0
2025-01-05 19:00,0.0
2025-01-05 19:15,0.0
2025-01-05 19:30,0.0
2025-01-05 19:45,0.001688
2025-01-05 20:00,0.001323
2025-01-05 20:15,0.001201
2025-01-05 20:30,0.033685
2025-01-05 20:45,0.02047
2025-01-05 21:00,0.000593
2025-01-05 21:15,0.004076
2025-01-05 21:30,0.0
2025-01-05 21:45,0.0
2025-01-05 22:00,0.000532
2025-01-05 22:15,0.116081
2025-01-05 22:30,0.071537
2025-01-05 22:45,0.16692
2025-01-05 23:00,0.009474
2025-01-05 23:15,0.360028
2025-01-05 23:30,0.038019
2025-01-05 23:45,0.0
2025-01-06 00:00,0.011543
2025-01-06 00:15,0.0
2025-01-06 00:30,0.0
2025-01-06 00:45,0.0
2025-01-06 01:00,0.041586
2025-01-06 01:15,0.02047
2025-01-06 01:30,0.048574
2025-01-06 01:45,0.0
2025-01-06 02:00,0.002251
2025-01-06 02:15,0.0
2025-01-06 02:30,0.000532
2025-01-06 02:45,0.383311
2025-01-06 03:00,0.018949
2025-01-06 03:15,0.11567
2025-01-06 03:30,0.0
2025-01-06 03:45,0.0
2025-01-06 04:00,0.009474
2025-01-06 04:15,0.0
2025-01-06 04:30,0.0
2025-01-06 04:45,0.00295
2025-01-06 05:00,0.0
2025-01-06 05:15,0.002251
2025-01-06 05:30,0.023085
2025-01-06 05:45,0.0
2025-01-06 06:00,0.0
2025-01-06 06:15,0.0
2025-01-06 06:30,0.001103
2025-01-06 06:45,0.010182
2025-01-06 07:00,0.000532
2025-01-06 07:15,0.00111
2025-01-06 07:30,0.000532
2025-01-06 07:45,0.002137
2025-01-06 08:00,0.002829
2025-01-06 08:15,0.0
2025-01-06 08:30,0.0
2025-01-06 08:45,0.03954
2025-01-06 09:00,0.000593
2025-01-06 09:15,0.049562
2025-01-06 09:30,0.0
2025-01-06 09:45,0.0
2025-01-06 10:00,0.011832
2025-01-06 10:15,0.0
2025-01-06 10:30,0.00384
2025-01-06 10:45,0.0
2025-01-06 11:00,0.001718
2025-01-06 11:15,0.092585
2025-01-06 11:30,0.002251
2025-01-06 11:45,0.022272
2025-01-06 12:00,0.010592
2025-01-06 12:15,0.001741
2025-01-06 12:30,0.85177
2025-01-06 12:45,0.279503
2025-01-06 13:00,0.002251
2025-01-06 13:15,0.002509
2025-01-06 13:30,0.031237
2025-01-06 13:45,0.090805
2025-01-06 14:00,0.021549
2025-01-06 14:15,0.0
2025-01-06 14:30,0.052201
2025-01-06 14:45,0.327286
2025-01-06 15:00,0.001544
2025-01-06 15:15,0.0
2025-01-06 15:30,0.009474
2025-01-06 15:45,0.0
2025-01-06 16:00,0.003498
2025-01-06 16:15,0.042346
2025-01-06 16:30,0.009474
2025-01-06 16:45,0.061895
2025-01-06 17:00,0.011543
2025-01-06 17:15,0.20094
2025-01-06 17:30,0.249954
2025-01-06 17:45,0.012607
2025-01-06 18:00,0.01282
2025-01-06 18:15,0.012075
2025-01-06 18:30,0.0
2025-01-06 18:45,0.0
2025-01-06 19:00,0.0
2025-01-06 19:15,0.076396
2025-01-06 19:30,0.0
2025-01-06 19:45,0.010592
2025-01-06 20:00,0.0
2025-01-06 20:15,0.000532
2025-01-06 20:30,0.0
2025-01-06 20:45,0.0
2025-01-06 21:00,0.085513
2025-01-06 21:15,0.0
2025-01-06 21:30,0.0
2025-01-06 21:45,0.0
2025-01-06 22:00,0.038552
2025-01-06 22:15,0.011543
2025-01-06 22:30,0.194765
2025-01-06 22:45,0.30528
2025-01-06 23:00,0.279503
2025-01-06 23:15,0.014485
2025-01-06 23:30,0.000532
2025-01-06 23:45,0.005414
2025-01-07 00:00,0.0
2025-01-07 00:15,0.0
2025-01-07 00:30,0.0
2025-01-07 00:45,0.0
2025-01-07 01:00,0.0
2025-01-07 01:15,0.010592
2025-01-07 01:30,0.0
2025-01-07 01:45,0.0
2025-01-07 02:00,0.0
2025-01-07 02:15,0.0
2025-01-07 02:30,0.057447
2025-01-07 02:45,0.0
2025-01-07 03:00,0.049729
2025-01-07 03:15,0.016151
2025-01-07 03:30,0.0
2025-01-07 03:45,0.000593
2025-01-07 04:00,0.000624
2025-01-07 04:15,0.002076
2025-01-07 04:30,0.038019
2025-01-07 04:45,0.029199
2025-01-07 05:00,0.047015
2025-01-07 05:15,0.0
2025-01-07 05:30,0.000532
2025-01-07 05:45,0.038019
2025-01-07 06:00,0.0
2025-01-07 06:15,0.009056
2025-01-07 06:30,0.114058
2025-01-07 06:45,0.023207
2025-01-07 07:00,0.004859
2025-01-07 07:15,0.0
2025-01-07 07:30,0.0
2025-01-07 07:45,0.0
2025-01-07 08:00,0.0
2025-01-07 08:15,0.0
2025-01-07 08:30,0.040848
2025-01-07 08:45,0.0
2025-01-07 09:00,0.0
2025-01-07 09:15,0.022188
2025-01-07 09:30,0.039084
2025-01-07 09:45,0.089034
2025-01-07 10:00,0.037943
2025-01-07 10:15,0.239225
2025-01-07 10:30,0.009474
2025-01-07 10:45,0.0
2025-01-07 11:00,0.00222
2025-01-07 11:15,0.001232
2025-01-07 11:30,0.003863
2025-01-07 11:45,0.463806
2025-01-07 12:00,0.842022
2025-01-07 12:15,0.081331
2025-01-07 12:30,0.004471
2025-01-07 12:45,0.0
2025-01-07 13:00,0.0
2025-01-07 13:15,0.0
2025-01-07 13:30,0.004365
2025-01-07 13:45,0.006859
2025-01-07 14:00,0.0
2025-01-07 14:15,0.000487
2025-01-07 14:30,0.011543
2025-01-07 14:45,0.041259
2025-01-07 15:00,0.0
2025-01-07 15:15,0.279495
2025-01-07 15:30,0.209608
2025-01-07 15:45,0.0
2025-01-07 16:00,0.044277
2025-01-07 16:15,0.01431
2025-01-07 16:30,0.038019
2025-01-07 16:45,0.056656
2025-01-07 17:00,0.020477
2025-01-07 17:15,0.008889
2025-01-07 17:30,0.0
2025-01-07 17:45,0.016424
2025-01-07 18:00,0.115434
2025-01-07 18:15,0.010592
2025-01-07 18:30,0.0
2025-01-07 18:45,0.0
2025-01-07 19:00,0.0
2025-01-07 19:15,0.0
2025-01-07 19:30,0.0
2025-01-07 19:45,0.0
2025-01-07 20:00,0.01831
2025-01-07 20:15,0.0
2025-01-07 20:30,0.003133
2025-01-07 20:45,0.0
2025-01-07 21:00,0.048604
2025-01-07 21:15,0.017413
2025-01-07 21:30,0.0
2025-01-07 21:45,0.0
2025-01-07 22:00,0.0
2025-01-07 22:15,0.0
2025-01-07 22:30,0.0
2025-01-07 22:45,0.0
2025-01-07 23:00,0.0
2025-01-07 23:15,0.0
2025-01-07 23:30,0.0
2025-01-07 23:45,0.0
2025-01-08 00:00,0.0
2025-01-08 00:00,0.0
2025-01-08 00:15,0.0
2025-01-08 00:30,0.0
2025-01-08 00:45,0.00859
2025-01-08 01:00,0.0
2025-01-08 01:15,0.00859
2025-01-08 01:30,0.0
2025-01-08 01:45,0.001449
2025-01-08 02:00,0.0
2025-01-08 02:15,0.000362
2025-01-08 02:30,0.0
2025-01-08 02:45,0.00859
2025-01-08 03:00,0.0
2025-01-08 03:15,0.0
2025-01-08 03:30,0.042039
2025-01-08 03:45,0.0
2025-01-08 04:00,0.028294
2025-01-08 04:15,0.0
2025-01-08 04:30,0.0
2025-01-08 04:45,0.0
2025-01-08 05:00,0.0
2025-01-08 05:15,0.0
2025-01-08 05:30,0.004323
2025-01-08 05:45,0.0341
2025-01-08 06:00,0.000515
2025-01-08 06:15,0.036556
2025-01-08 06:30,0.0
2025-01-08 06:45,0.012206
2025-01-08 07:00,0.041354
2025-01-08 07:15,0.00945
2025-01-08 07:30,0.000781
2025-01-08 07:45,0.0
2025-01-08 08:00,0.035345
2025-01-08 08:15,0.062518
2025-01-08 08:30,0.0
2025-01-08 08:45,0.0
2025-01-08 09:00,0.00859
2025-01-08 09:15,0.036545
2025-01-08 09:30,0.017576
2025-01-08 09:45,0.007051
2025-01-08 10:00,0.0
2025-01-08 10:15,0.00077
2025-01-08 10:30,0.0
2025-01-08 10:45,0.021164
2025-01-08 11:00,0.028203
2025-01-08 11:15,0.032187
2025-01-08 11:30,0.0
2025-01-08 11:45,0.026687
2025-01-08 12:00,0.048552
2025-01-08 12:15,0.072229
2025-01-08 12:30,0.0
2025-01-08 12:45,0.048552
2025-01-08 13:00,0.014102
2025-01-08 13:15,0.076665
2025-01-08 13:30,0.028294
2025-01-08 13:45,0.03436
2025-01-08 14:00,0.079744
2025-01-08 14:15,0.028294
2025-01-08 14:30,0.0
2025-01-08 14:45,0.0
2025-01-08 15:00,0.0
2025-01-08 15:15,0.056497
2025-01-08 15:30,0.0
2025-01-08 15:45,0.028203
2025-01-08 16:00,0.070509
2025-01-08 16:15,0.016207
2025-01-08 16:30,0.0
2025-01-08 16:45,0.0
2025-01-08 17:00,0.0
2025-01-08 17:15,0.0
2025-01-08 17:30,0.113176
2025-01-08 17:45,0.233595
2025-01-08 18:00,0.230924
2025-01-08 18:15,0.074832
2025-01-08 18:30,0.077758
2025-01-08 18:45,0.072201
2025-01-08 19:00,0.001318
2025-01-08 19:15,0.0
2025-01-08 19:30,0.0
2025-01-08 19:45,0.0
2025-01-08 20:00,0.0
2025-01-08 20:15,0.0
2025-01-08 20:30,0.0
2025-01-08 20:45,0.0
2025-01-08 21:00,0.0
2025-01-08 21:15,0.0
2025-01-08 21:30,0.0
2025-01-08 21:45,0.0
2025-01-08 22:00,0.039051
2025-01-08 22:15,0.053306
2025-01-08 22:30,0.074311
2025-01-08 22:45,0.001675
2025-01-08 23:00,0.0
2025-01-08 23:15,0.0
2025-01-08 23:30,0.0
2025-01-08 23:45,0.0
2025-01-09 00:00,0.0055
2025-01-09 00:15,0.0
2025-01-09 00:30,0.003735
2025-01-09 00:45,0.0
2025-01-09 01:00,0.0
2025-01-09 01:15,0.060583
2025-01-09 01:30,0.0
2025-01-09 01:45,0.001545
2025-01-09 02:00,0.040268
2025-01-09 02:15,0.0
2025-01-09 02:30,0.0
2025-01-09 02:45,0.000492
2025-01-09 03:00,0.03015
2025-01-09 03:15,0.038819
2025-01-09 03:30,0.0
2025-01-09 03:45,0.0
2025-01-09 04:00,0.035899
2025-01-09 04:15,0.0
2025-01-09 04:30,0.000396
2025-01-09 04:45,0.0
2025-01-09 05:00,0.0
2025-01-09 05:15,0.03788
2025-01-09 05:30,0.0
2025-01-09 05:45,0.034824
2025-01-09 06:00,0.031237
2025-01-09 06:15,0.0
2025-01-09 06:30,0.0
2025-01-09 06:45,0.0
2025-01-09 07:00,0.034451
2025-01-09 07:15,0.00515
2025-01-09 07:30,0.001754
2025-01-09 07:45,0.026212
2025-01-09 08:00,0.0
2025-01-09 08:15,0.009077
2025-01-09 08:30,0.007402
2025-01-09 08:45,0.121777
2025-01-09 09:00,0.004838
2025-01-09 09:15,0.002286
2025-01-09 09:30,0.01718
2025-01-09 09:45,0.000549
2025-01-09 10:00,0.0
2025-01-09 10:15,0.0
2025-01-09 10:30,0.000532
2025-01-09 10:45,0.01718
2025-01-09 11:00,0.031418
2025-01-09 11:15,0.0
2025-01-09 11:30,0.093472
2025-01-09 11:45,0.117624
2025-01-09 12:00,0.053295
2025-01-09 12:15,0.00859
2025-01-09 12:30,0.002309
2025-01-09 12:45,0.0
2025-01-09 13:00,0.000396
2025-01-09 13:15,0.000509
2025-01-09 13:30,0.035815
2025-01-09 13:45,0.184177
2025-01-09 14:00,0.177681
2025-01-09 14:15,0.412028
2025-01-09 14:30,0.143326
2025-01-09 14:45,0.036567
2025-01-09 15:00,0.058037
2025-01-09 15:15,0.028826
2025-01-09 15:30,0.014102
2025-01-09 15:45,0.042396
2025-01-09 16:00,0.0
2025-01-09 16:15,0.030127
2025-01-09 16:30,0.000572
2025-01-09 16:45,0.028294
2025-01-09 17:00,0.007051
2025-01-09 17:15,0.0
2025-01-09 17:30,0.0
2025-01-09 17:45,0.0
2025-01-09 18:00,0.028294
2025-01-09 18:15,0.0
2025-01-09 18:30,0.113781
2025-01-09 18:45,0.19992
2025-01-09 19:00,0.201091
2025-01-09 19:15,0.03049
2025-01-09 19:30,0.0
2025-01-09 19:45,0.0
2025-01-09 20:00,0.0
2025-01-09 20:15,0.0
2025-01-09 20:30,0.0
2025-01-09 20:45,0.0
2025-01-09 21:00,0.0
2025-01-09 21:15,0.0
2025-01-09 21:30,0.0
2025-01-09 21:45,0.0
2025-01-09 22:00,0.0
2025-01-09 22:15,0.0
2025-01-09 22:30,0.0
2025-01-09 22:45,0.036941
2025-01-09 23:00,0.0
2025-01-09 23:15,0.0
2025-01-09 23:30,0.00859
2025-01-09 23:45,0.001211
2025-01-10 00:00,0.0
2025-01-10 00:15,0.0
2025-01-10 00:30,0.045135
2025-01-10 00:45,0.062745
2025-01-10 01:00,0.050103
2025-01-10 01:15,0.001992
2025-01-10 01:30,0.0
2025-01-10 01:45,0.0
2025-01-10 02:00,0.0
2025-01-10 02:15,0.0
2025-01-10 02:30,0.00859
2025-01-10 02:45,0.02809
2025-01-10 03:00,0.000396
2025-01-10 03:15,0.0
2025-01-10 03:30,0.081091
2025-01-10 03:45,0.044133
2025-01-10 04:00,0.00859
2025-01-10 04:15,0.0
2025-01-10 04:30,0.028294
2025-01-10 04:45,0.02577
2025-01-10 05:00,0.035005
2025-01-10 05:15,0.0
2025-01-10 05:30,0.0
2025-01-10 05:45,0.0
2025-01-10 06:00,0.0
2025-01-10 06:15,0.0
2025-01-10 06:30,0.0
2025-01-10 06:45,0.00859
2025-01-10 07:00,0.0
2025-01-10 07:15,0.000328
2025-01-10 07:30,0.0
2025-01-10 07:45,0.095679
2025-01-10 08:00,0.0
2025-01-10 08:15,0.036884
2025-01-10 08:30,0.000532
2025-01-10 08:45,0.026528
2025-01-10 09:00,0.031486
2025-01-10 09:15,0.016869
2025-01-10 09:30,0.0
2025-01-10 09:45,0.068902
2025-01-10 10:00,0.0
2025-01-10 10:15,0.003158
2025-01-10 10:30,0.044767
2025-01-10 10:45,0.016365
2025-01-10 11:00,0.012495
2025-01-10 11:15,0.030603
2025-01-10 11:30,0.04776
2025-01-10 11:45,0.103533
2025-01-10 12:00,0.10136
2025-01-10 12:15,0.151599
2025-01-10 12:30,0.014102
2025-01-10 12:45,0.128698
2025-01-10 13:00,0.136824
2025-01-10 13:15,0.0
2025-01-10 13:30,0.007051
2025-01-10 13:45,0.099691
2025-01-10 14:00,0.007447
2025-01-10 14:15,0.0
2025-01-10 14:30,0.021153
2025-01-10 14:45,0.039979
2025-01-10 15:00,0.01718
2025-01-10 15:15,0.022924
2025-01-10 15:30,0.029211
2025-01-10 15:45,0.113963
2025-01-10 16:00,0.054268
2025-01-10 16:15,0.02328
2025-01-10 16:30,0.0
2025-01-10 16:45,0.017672
2025-01-10 17:00,0.009156
2025-01-10 17:15,0.0
2025-01-10 17:30,0.0
2025-01-10 17:45,0.0
2025-01-10 18:00,0.0
2025-01-10 18:15,0.00077
2025-01-10 18:30,0.101247
2025-01-10 18:45,0.400665
2025-01-10 19:00,0.182717
2025-01-10 19:15,0.0813
2025-01-10 19:30,0.0
2025-01-10 19:45,0.0
2025-01-10 20:00,0.0
2025-01-10 20:15,0.0
2025-01-10 20:30,0.0
2025-01-10 20:45,0.0
2025-01-10 21:00,0.00859
2025-01-10 21:15,0.0
2025-01-10 21:30,0.000396
2025-01-10 21:45,0.001675
2025-01-10 22:00,0.0
2025-01-10 22:15,0.00859
2025-01-10 22:30,0.00859
2025-01-10 22:45,0.000396
2025-01-10 23:00,0.0
2025-01-10 23:15,0.016037
2025-01-10 23:30,0.0
2025-01-10 23:45,0.02869
2025-01-11 00:00,0.043573
2025-01-11 00:15,0.0
2025-01-11 00:30,0.0
2025-01-11 00:45,0.000396
2025-01-11 01:00,0.0
2025-01-11 01:15,0.071176
2025-01-11 01:30,0.007051
2025-01-11 01:45,0.00584
2025-01-11 02:00,0.101179
2025-01-11 02:15,0.029194
2025-01-11 02:30,0.0
2025-01-11 02:45,0.001675
2025-01-11 03:00,0.000396
2025-01-11 03:15,0.0
2025-01-11 03:30,0.016195
2025-01-11 03:45,0.001675
2025-01-11 04:00,0.0
2025-01-11 04:15,0.008986
2025-01-11 04:30,0.099912
2025-01-11 04:45,0.072772
2025-01-11 05:00,0.0
2025-01-11 05:15,0.031616
2025-01-11 05:30,0.002467
2025-01-11 05:45,0.0
2025-01-11 06:00,0.0
2025-01-11 06:15,0.138369
2025-01-11 06:30,0.148
2025-01-11 06:45,0.0
2025-01-11 07:00,0.0
2025-01-11 07:15,0.000985
2025-01-11 07:30,0.090156
2025-01-11 07:45,0.015641
2025-01-11 08:00,0.177313
2025-01-11 08:15,0.000396
2025-01-11 08:30,0.000396
2025-01-11 08:45,0.000396
2025-01-11 09:00,0.023405
2025-01-11 09:15,0.0
2025-01-11 09:30,0.010044
2025-01-11 09:45,0.02577
2025-01-11 10:00,0.111761
2025-01-11 10:15,0.067045
2025-01-11 10:30,0.003418
2025-01-11 10:45,0.0
2025-01-11 11:00,0.043352
2025-01-11 11:15,0.007051
2025-01-11 11:30,0.0
2025-01-11 11:45,0.000362
2025-01-11 12:00,0.015641
2025-01-11 12:15,0.035837
2025-01-11 12:30,0.005449
2025-01-11 12:45,0.0
2025-01-11 13:00,0.071307
2025-01-11 13:15,0.078222
2025-01-11 13:30,0.059995
2025-01-11 13:45,0.002603
2025-01-11 14:00,0.007447
2025-01-11 14:15,0.058438
2025-01-11 14:30,0.020847
2025-01-11 14:45,0.007883
2025-01-11 15:00,0.008477
2025-01-11 15:15,0.0
2025-01-11 15:30,0.000792
2025-01-11 15:45,0.0
2025-01-11 16:00,0.0
2025-01-11 16:15,0.044071
2025-01-11 16:30,0.133966
2025-01-11 16:45,0.115768
2025-01-11 17:00,0.001211
2025-01-11 17:15,0.014102
2025-01-11 17:30,0.00859
2025-01-11 17:45,0.007051
2025-01-11 18:00,0.0
2025-01-11 18:15,0.0
2025-01-11 18:30,0.007051
2025-01-11 18:45,0.0
2025-01-11 19:00,0.0
2025-01-11 19:15,0.048881
2025-01-11 19:30,0.001856
2025-01-11 19:45,0.0
2025-01-11 20:00,0.0
2025-01-11 20:15,0.057109
2025-01-11 20:30,0.0
2025-01-11 20:45,0.00262
2025-01-11 21:00,0.0
2025-01-11 21:15,0.0
2025-01-11 21:30,0.0
2025-01-11 21:45,0.00859
2025-01-11 22:00,0.001907
2025-01-11 22:15,0.0
2025-01-11 22:30,0.0
2025-01-11 22:45,0.028305
2025-01-11 23:00,0.0
2025-01-11 23:15,0.034451
2025-01-11 23:30,0.054098
2025-01-11 23:45,0.066412
2025-01-12 00:00,0.0
2025-01-12 00:15,0.123679
2025-01-12 00:30,0.050873
2025-01-12 00:45,0.100376
2025-01-12 01:00,0.0
2025-01-12 01:15,0.030558
2025-01-12 01:30,0.178212
2025-01-12 01:45,0.087785
2025-01-12 02:00,0.0
2025-01-12 02:15,0.039012
2025-01-12 02:30,0.0
2025-01-12 02:45,0.008907
2025-01-12 03:00,0.0
2025-01-12 03:15,0.000787
2025-01-12 03:30,0.247482
2025-01-12 03:45,0.807335
2025-01-12 04:00,0.946887
2025-01-12 04:15,1.0
2025-01-12 04:30,0.167693
2025-01-12 04:45,0.0
2025-01-12 05:00,0.001947
2025-01-12 05:15,0.043041
2025-01-12 05:30,0.03436
2025-01-12 05:45,0.141821
2025-01-12 06:00,0.340139
2025-01-12 06:15,0.120034
2025-01-12 06:30,0.172333
2025-01-12 06:45,0.586036
2025-01-12 07:00,0.073836
2025-01-12 07:15,0.002394
2025-01-12 07:30,0.021905
2025-01-12 07:45,0.0
2025-01-12 08:00,0.001856
2025-01-12 08:15,0.01718
2025-01-12 08:30,0.0
2025-01-12 08:45,0.028815
2025-01-12 09:00,0.265024
2025-01-12 09:15,0.082664
2025-01-12 09:30,0.015222
2025-01-12 09:45,0.007571
2025-01-12 10:00,0.009337
2025-01-12 10:15,0.071091
2025-01-12 10:30,0.026693
2025-01-12 10:45,0.061715
2025-01-12 11:00,0.089686
2025-01-12 11:15,0.062869
2025-01-12 11:30,0.055745
2025-01-12 11:45,0.057844
2025-01-12 12:00,0.11776
2025-01-12 12:15,0.096839
2025-01-12 12:30,0.079574
2025-01-12 12:45,0.120261
2025-01-12 13:00,0.053962
2025-01-12 13:15,0.046481
2025-01-12 13:30,0.008318
2025-01-12 13:45,0.074719
2025-01-12 14:00,0.04557
2025-01-12 14:15,0.137514
2025-01-12 14:30,0.209953
2025-01-12 14:45,0.160693
2025-01-12 15:00,0.179237
2025-01-12 15:15,0.065099
2025-01-12 15:30,0.0
2025-01-12 15:45,0.000396
2025-01-12 16:00,0.018827
2025-01-12 16:15,0.0
2025-01-12 16:30,0.024627
2025-01-12 16:45,0.056254
2025-01-12 17:00,0.10376
2025-01-12 17:15,0.233505
2025-01-12 17:30,0.210247
2025-01-12 17:45,0.014102
2025-01-12 18:00,0.040992
2025-01-12 18:15,0.000396
2025-01-12 18:30,0.0
2025-01-12 18:45,0.0
2025-01-12 19:00,0.0
2025-01-12 19:15,0.000883
2025-01-12 19:30,0.0
2025-01-12 19:45,0.0
2025-01-12 20:00,0.0
2025-01-12 20:15,0.0
2025-01-12 20:30,0.0
2025-01-12 20:45,0.0
2025-01-12 21:00,0.0
2025-01-12 21:15,0.0
2025-01-12 21:30,0.003429
2025-01-12 21:45,0.00318
2025-01-12 22:00,0.027292
2025-01-12 22:15,0.079336
2025-01-12 22:30,0.028294
2025-01-12 22:45,0.0
2025-01-12 23:00,0.059361
2025-01-12 23:15,0.001403
2025-01-12 23:30,0.000396
2025-01-12 23:45,0.0
2025-01-13 00:00,0.000396
2025-01-13 00:15,0.000396
2025-01-13 00:30,0.076133
2025-01-13 00:45,0.008251
2025-01-13 01:00,0.01718
2025-01-13 01:15,0.0
2025-01-13 01:30,0.0
2025-01-13 01:45,0.07731
2025-01-13 02:00,0.0
2025-01-13 02:15,0.007051
2025-01-13 02:30,0.000328
2025-01-13 02:45,0.0
2025-01-13 03:00,0.0
2025-01-13 03:15,0.0
2025-01-13 03:30,0.000883
2025-01-13 03:45,0.0
2025-01-13 04:00,0.0
2025-01-13 04:15,0.0
2025-01-13 04:30,0.0
2025-01-13 04:45,0.0
2025-01-13 05:00,0.00859
2025-01-13 05:15,0.052729
2025-01-13 05:30,0.096392
2025-01-13 05:45,0.082166
2025-01-13 06:00,0.056939
2025-01-13 06:15,0.212952
2025-01-13 06:30,0.095283
2025-01-13 06:45,0.049882
2025-01-13 07:00,0.036035
2025-01-13 07:15,0.082177
2025-01-13 07:30,0.062745
2025-01-13 07:45,0.036986
2025-01-13 08:00,0.009988
2025-01-13 08:15,0.001007
2025-01-13 08:30,0.0
2025-01-13 08:45,0.0
2025-01-13 09:00,0.009094
2025-01-13 09:15,0.008403
2025-01-13 09:30,0.0
2025-01-13 09:45,0.011363
2025-01-13 10:00,0.0
2025-01-13 10:15,0.041502
2025-01-13 10:30,0.00859
2025-01-13 10:45,0.00859
2025-01-13 11:00,0.093834
2025-01-13 11:15,0.137984
2025-01-13 11:30,0.071369
2025-01-13 11:45,0.0
2025-01-13 12:00,0.042339
2025-01-13 12:15,0.126916
2025-01-13 12:30,0.129564
2025-01-13 12:45,0.166023
2025-01-13 13:00,0.092074
2025-01-13 13:15,0.060815
2025-01-13 13:30,0.084525
2025-01-13 13:45,0.032238
2025-01-13 14:00,0.080943
2025-01-13 14:15,0.285611
2025-01-13 14:30,0.312275
2025-01-13 14:45,0.137961
2025-01-13 15:00,0.028249
2025-01-13 15:15,0.053102
2025-01-13 15:30,0.103584
2025-01-13 15:45,0.049916
2025-01-13 16:00,0.028294
2025-01-13 16:15,0.012415
2025-01-13 16:30,0.0
2025-01-13 16:45,0.000894
2025-01-13 17:00,0.001234
2025-01-13 17:15,0.017678
2025-01-13 17:30,0.034451
2025-01-13 17:45,0.079099
2025-01-13 18:00,0.067232
2025-01-13 18:15,0.007051
2025-01-13 18:30,0.000504
2025-01-13 18:45,0.0
2025-01-13 19:00,0.0
2025-01-13 19:15,0.0
2025-01-13 19:30,0.0
2025-01-13 19:45,0.0
2025-01-13 20:00,0.0
2025-01-13 20:15,0.034451
2025-01-13 20:30,0.012698
2025-01-13 20:45,0.001296
2025-01-13 21:00,0.000396
2025-01-13 21:15,0.007051
2025-01-13 21:30,0.0
2025-01-13 21:45,0.0
2025-01-13 22:00,0.0
2025-01-13 22:15,0.013706
2025-01-13 22:30,0.0
2025-01-13 22:45,0.027338
2025-01-13 23:00,0.0
2025-01-13 23:15,0.036573
2025-01-13 23:30,0.015641
2025-01-13 23:45,0.18098
2025-01-14 00:00,0.028294
2025-01-14 00:15,0.007883
2025-01-14 00:30,0.00859
2025-01-14 00:45,0.000396
2025-01-14 01:00,0.010972
2025-01-14 01:15,0.0
2025-01-14 01:30,0.000464
2025-01-14 01:45,0.0
2025-01-14 02:00,0.0
2025-01-14 02:15,0.0
2025-01-14 02:30,0.001618
2025-01-14 02:45,0.014651
2025-01-14 03:00,0.075138
2025-01-14 03:15,0.0
2025-01-14 03:30,0.0
2025-01-14 03:45,0.0
2025-01-14 04:00,0.01546
2025-01-14 04:15,0.00069
2025-01-14 04:30,0.009411
2025-01-14 04:45,0.0
2025-01-14 05:00,0.002105
2025-01-14 05:15,0.023292
2025-01-14 05:30,0.010446
2025-01-14 05:45,0.036748
2025-01-14 06:00,0.0
2025-01-14 06:15,0.0
2025-01-14 06:30,0.0
2025-01-14 06:45,0.000951
2025-01-14 07:00,0.00859
2025-01-14 07:15,0.0
2025-01-14 07:30,0.0
2025-01-14 07:45,0.034836
2025-01-14 08:00,0.009054
2025-01-14 08:15,0.001041
2025-01-14 08:30,0.036827
2025-01-14 08:45,0.021436
2025-01-14 09:00,0.034722
2025-01-14 09:15,0.004278
2025-01-14 09:30,0.00859
2025-01-14 09:45,0.001002
2025-01-14 10:00,0.0
2025-01-14 10:15,0.010622
2025-01-14 10:30,0.076654
2025-01-14 10:45,0.0
2025-01-14 11:00,0.036601
2025-01-14 11:15,0.0
2025-01-14 11:30,0.027445
2025-01-14 11:45,0.012608
2025-01-14 12:00,0.02491
2025-01-14 12:15,0.137978
2025-01-14 12:30,0.00859
2025-01-14 12:45,0.0
2025-01-14 13:00,0.014594
2025-01-14 13:15,0.056741
2025-01-14 13:30,0.000441
2025-01-14 13:45,0.052027
2025-01-14 14:00,0.000362
2025-01-14 14:15,0.047738
2025-01-14 14:30,0.156296
2025-01-14 14:45,0.026336
2025-01-14 15:00,0.016037
2025-01-14 15:15,0.060447
2025-01-14 15:30,0.093053
2025-01-14 15:45,0.007441
2025-01-14 16:00,0.001047
2025-01-14 16:15,0.007051
2025-01-14 16:30,0.009145
2025-01-14 16:45,0.188523
2025-01-14 17:00,0.085578
2025-01-14 17:15,0.399313
2025-01-14 17:30,0.057018
2025-01-14 17:45,0.0
2025-01-14 18:00,0.007883
2025-01-14 18:15,0.007883
2025-01-14 18:30,0.037812
2025-01-14 18:45,0.051902
2025-01-14 19:00,0.0
2025-01-14 19:15,0.000804
2025-01-14 19:30,0.0
2025-01-14 19:45,0.000939
2025-01-14 20:00,0.068947
2025-01-14 20:15,0.055954
2025-01-14 20:30,0.00859
2025-01-14 20:45,0.083875
2025-01-14 21:00,0.038174
2025-01-14 21:15,0.0
2025-01-14 21:30,0.070842
2025-01-14 21:45,0.072806
2025-01-14 22:00,0.01718
2025-01-14 22:15,0.044744
2025-01-14 22:30,0.054726
2025-01-14 22:45,0.090286
2025-01-14 23:00,0.023009
2025-01-14 23:15,0.00859
2025-01-14 23:30,0.0
2025-01-14 23:45,0.00859
2025-01-15 00:00,0.0
2025-01-15 00:00,0.0
2025-01-15 00:15,0.05501
2025-01-15 00:30,0.002433
2025-01-15 00:45,0.001449
2025-01-15 01:00,0.00255
2025-01-15 01:15,0.001005
2025-01-15 01:30,0.013181
2025-01-15 01:45,0.016059
2025-01-15 02:00,0.016799
2025-01-15 02:15,0.0
2025-01-15 02:30,0.000741
2025-01-15 02:45,0.0
2025-01-15 03:00,0.013181
2025-01-15 03:15,0.047753
2025-01-15 03:30,0.02924
2025-01-15 03:45,0.0
2025-01-15 04:00,0.053571
2025-01-15 04:15,0.055603
2025-01-15 04:30,0.0
2025-01-15 04:45,0.028351
2025-01-15 05:00,0.0
2025-01-15 05:15,0.000741
2025-01-15 05:30,0.0
2025-01-15 05:45,0.000825
2025-01-15 06:00,0.001068
2025-01-15 06:15,0.0
2025-01-15 06:30,0.0
2025-01-15 06:45,0.18932
2025-01-15 07:00,0.104837
2025-01-15 07:15,0.122525
2025-01-15 07:30,0.191499
2025-01-15 07:45,0.000825
2025-01-15 08:00,0.016059
2025-01-15 08:15,0.0
2025-01-15 08:30,0.0
2025-01-15 08:45,0.073248
2025-01-15 09:00,0.0
2025-01-15 09:15,0.0
2025-01-15 09:30,0.052894
2025-01-15 09:45,0.0
2025-01-15 10:00,0.0
2025-01-15 10:15,0.0
2025-01-15 10:30,0.0
2025-01-15 10:45,0.035746
2025-01-15 11:00,0.042421
2025-01-15 11:15,0.054534
2025-01-15 11:30,0.266842
2025-01-15 11:45,0.227298
2025-01-15 12:00,0.316689
2025-01-15 12:15,0.170912
2025-01-15 12:30,0.082938
2025-01-15 12:45,0.009584
2025-01-15 13:00,0.00986
2025-01-15 13:15,0.486882
2025-01-15 13:30,0.002729
2025-01-15 13:45,0.032985
2025-01-15 14:00,0.042421
2025-01-15 14:15,0.0
2025-01-15 14:30,0.064975
2025-01-15 14:45,0.016884
2025-01-15 15:00,0.226938
2025-01-15 15:15,0.134161
2025-01-15 15:30,0.348341
2025-01-15 15:45,0.026754
2025-01-15 16:00,0.013181
2025-01-15 16:15,0.005057
2025-01-15 16:30,0.084345
2025-01-15 16:45,0.016059
2025-01-15 17:00,0.0
2025-01-15 17:15,0.250275
2025-01-15 17:30,0.256379
2025-01-15 17:45,0.028097
2025-01-15 18:00,0.00182
2025-01-15 18:15,0.0
2025-01-15 18:30,0.0
2025-01-15 18:45,0.000825
2025-01-15 19:00,0.0
2025-01-15 19:15,0.014736
2025-01-15 19:30,0.001735
2025-01-15 19:45,0.0
2025-01-15 20:00,0.0
2025-01-15 20:15,0.0
2025-01-15 20:30,0.015562
2025-01-15 20:45,0.014155
2025-01-15 21:00,0.049869
2025-01-15 21:15,0.0
2025-01-15 21:30,0.0
2025-01-15 21:45,0.0
2025-01-15 22:00,0.003131
2025-01-15 22:15,0.096522
2025-01-15 22:30,0.016059
2025-01-15 22:45,0.205981
2025-01-15 23:00,0.227552
2025-01-15 23:15,0.009151
2025-01-15 23:30,0.07913
2025-01-15 23:45,0.0
2025-01-16 00:00,0.016059
2025-01-16 00:15,0.000825
2025-01-16 00:30,0.003131
2025-01-16 00:45,0.0
2025-01-16 01:00,0.0
2025-01-16 01:15,0.0
2025-01-16 01:30,0.052894
2025-01-16 01:45,0.05391
2025-01-16 02:00,0.02211
2025-01-16 02:15,0.052894
2025-01-16 02:30,0.013181
2025-01-16 02:45,0.097749
2025-01-16 03:00,0.072254
2025-01-16 03:15,0.0
2025-01-16 03:30,0.0
2025-01-16 03:45,0.0
2025-01-16 04:00,0.0
2025-01-16 04:15,0.0
2025-01-16 04:30,0.052894
2025-01-16 04:45,0.215682
2025-01-16 05:00,0.094311
2025-01-16 05:15,0.068583
2025-01-16 05:30,0.0
2025-01-16 05:45,0.016059
2025-01-16 06:00,0.008738
2025-01-16 06:15,0.0
2025-01-16 06:30,0.080463
2025-01-16 06:45,0.003131
2025-01-16 07:00,0.082663
2025-01-16 07:15,0.105789
2025-01-16 07:30,0.003153
2025-01-16 07:45,0.028404
2025-01-16 08:00,0.0
2025-01-16 08:15,0.013181
2025-01-16 08:30,0.039544
2025-01-16 08:45,0.05611
2025-01-16 09:00,0.137155
2025-01-16 09:15,0.0
2025-01-16 09:30,0.000741
2025-01-16 09:45,0.0
2025-01-16 10:00,0.080463
2025-01-16 10:15,0.016059
2025-01-16 10:30,0.0
2025-01-16 10:45,0.00584
2025-01-16 11:00,0.001492
2025-01-16 11:15,0.015456
2025-01-16 11:30,0.0
2025-01-16 11:45,0.0
2025-01-16 12:00,0.016059
2025-01-16 12:15,0.032117
2025-01-16 12:30,0.04569
2025-01-16 12:45,0.50402
2025-01-16 13:00,0.267847
2025-01-16 13:15,0.168003
2025-01-16 13:30,0.169421
2025-01-16 13:45,0.244711
2025-01-16 14:00,0.093337
2025-01-16 14:15,0.132426
2025-01-16 14:30,0.027346
2025-01-16 14:45,0.154113
2025-01-16 15:00,0.043162
2025-01-16 15:15,0.112168
2025-01-16 15:30,0.083034
2025-01-16 15:45,0.135314
2025-01-16 16:00,0.091729
2025-01-16 16:15,0.052894
2025-01-16 16:30,0.005057
2025-01-16 16:45,0.097114
2025-01-16 17:00,0.149279
2025-01-16 17:15,0.014969
2025-01-16 17:30,0.061135
2025-01-16 17:45,0.084282
2025-01-16 18:00,0.054672
2025-01-16 18:15,0.299932
2025-01-16 18:30,0.239273
2025-01-16 18:45,0.357862
2025-01-16 19:00,0.716031
2025-01-16 19:15,0.347379
2025-01-16 19:30,0.0
2025-01-16 19:45,0.0
2025-01-16 20:00,0.0
2025-01-16 20:15,0.071418
2025-01-16 20:30,0.027103
2025-01-16 20:45,0.0
2025-01-16 21:00,0.0
2025-01-16 21:15,0.0
2025-01-16 21:30,0.026363
2025-01-16 21:45,0.093232
2025-01-16 22:00,0.083848
2025-01-16 22:15,0.072888
2025-01-16 22:30,0.066076
2025-01-16 22:45,0.054703
2025-01-16 23:00,0.041406
2025-01-16 23:15,0.094427
2025-01-16 23:30,0.00695
2025-01-16 23:45,0.012642
2025-01-17 00:00,0.056491
2025-01-17 00:15,0.016799
2025-01-17 00:30,0.0
2025-01-17 00:45,0.0
2025-01-17 01:00,0.016059
2025-01-17 01:15,0.00383
2025-01-17 01:30,0.002423
2025-01-17 01:45,0.001608
2025-01-17 02:00,0.0
2025-01-17 02:15,0.0
2025-01-17 02:30,0.004771
2025-01-17 02:45,0.00073
2025-01-17 03:00,0.016059
2025-01-17 03:15,0.013922
2025-01-17 03:30,0.041543
2025-01-17 03:45,0.0
2025-01-17 04:00,0.000741
2025-01-17 04:15,0.046039
2025-01-17 04:30,0.0
2025-01-17 04:45,0.0
2025-01-17 05:00,0.0
2025-01-17 05:15,0.0
2025-01-17 05:30,0.0
2025-01-17 05:45,0.0
2025-01-17 06:00,0.0
2025-01-17 06:15,0.017688
2025-01-17 06:30,0.000783
2025-01-17 06:45,0.0
2025-01-17 07:00,0.014736
2025-01-17 07:15,0.0
2025-01-17 07:30,0.0
2025-01-17 07:45,0.006019
2025-01-17 08:00,0.0
2025-01-17 08:15,0.016059
2025-01-17 08:30,0.0
2025-01-17 08:45,0.083256
2025-01-17 09:00,0.113152
2025-01-17 09:15,0.0
2025-01-17 09:30,0.0
2025-01-17 09:45,0.0
2025-01-17 10:00,0.013181
2025-01-17 10:15,0.033112
2025-01-17 10:30,0.035249
2025-01-17 10:45,0.0
2025-01-17 11:00,0.064404
2025-01-17 11:15,0.0
2025-01-17 11:30,0.030319
2025-01-17 11:45,0.092438
2025-01-17 12:00,0.039544
2025-01-17 12:15,0.37354
2025-01-17 12:30,0.026363
2025-01-17 12:45,0.064404
2025-01-17 13:00,0.0
2025-01-17 13:15,0.07273
2025-01-17 13:30,0.024797
2025-01-17 13:45,0.009479
2025-01-17 14:00,0.000741
2025-01-17 14:15,0.046441
2025-01-17 14:30,0.019095
2025-01-17 14:45,0.026363
2025-01-17 15:00,0.009817
2025-01-17 15:15,0.048176
2025-01-17 15:30,0.113321
2025-01-17 15:45,0.001566
2025-01-17 16:00,0.0
2025-01-17 16:15,0.02924
2025-01-17 16:30,0.0
2025-01-17 16:45,0.055603
2025-01-17 17:00,0.01425
2025-01-17 17:15,0.013181
2025-01-17 17:30,0.0
2025-01-17 17:45,0.02157
2025-01-17 18:00,0.0
2025-01-17 18:15,0.000741
2025-01-17 18:30,0.004676
2025-01-17 18:45,0.0
2025-01-17 19:00,0.057782
2025-01-17 19:15,0.053688
2025-01-17 19:30,0.158514
2025-01-17 19:45,0.0
2025-01-17 20:00,0.0
2025-01-17 20:15,0.000741
2025-01-17 20:30,0.0
2025-01-17 20:45,0.0
2025-01-17 21:00,0.001671
2025-01-17 21:15,0.0
2025-01-17 21:30,0.002423
2025-01-17 21:45,0.000952
2025-01-17 22:00,0.000741
2025-01-17 22:15,0.0
2025-01-17 22:30,0.0
2025-01-17 22:45,0.06013
2025-01-17 23:00,0.002888
2025-01-17 23:15,0.0
2025-01-17 23:30,0.0
2025-01-17 23:45,0.0
2025-01-18 00:00,0.0
2025-01-18 00:15,0.009426
2025-01-18 00:30,0.013181
2025-01-18 00:45,0.0
2025-01-18 01:00,0.00073
2025-01-18 01:15,0.013181
2025-01-18 01:30,0.077585
2025-01-18 01:45,0.33023
2025-01-18 02:00,0.278309
2025-01-18 02:15,0.0
2025-01-18 02:30,0.0
2025-01-18 02:45,0.0
2025-01-18 03:00,0.013181
2025-01-18 03:15,0.000741
2025-01-18 03:30,0.0
2025-01-18 03:45,0.02924
2025-01-18 04:00,0.0
2025-01-18 04:15,0.0
2025-01-18 04:30,0.0
2025-01-18 04:45,0.0
2025-01-18 05:00,0.0
2025-01-18 05:15,0.0
2025-01-18 05:30,0.0
2025-01-18 05:45,0.003131
2025-01-18 06:00,0.003131
2025-01-18 06:15,0.016059
2025-01-18 06:30,0.061357
2025-01-18 06:45,0.067028
2025-01-18 07:00,0.112411
2025-01-18 07:15,0.356297
2025-01-18 07:30,0.238289
2025-01-18 07:45,0.016799
2025-01-18 08:00,0.121001
2025-01-18 08:15,0.152547
2025-01-18 08:30,0.27705
2025-01-18 08:45,1.0
2025-01-18 09:00,0.318318
2025-01-18 09:15,0.065906
2025-01-18 09:30,0.000741
2025-01-18 09:45,0.293479
2025-01-18 10:00,0.131813
2025-01-18 10:15,0.171357
2025-01-18 10:30,0.150516
2025-01-18 10:45,0.217586
2025-01-18 11:00,0.255057
2025-01-18 11:15,0.003935
2025-01-18 11:30,0.0
2025-01-18 11:45,0.059855
2025-01-18 12:00,0.08279
2025-01-18 12:15,0.013181
2025-01-18 12:30,0.049636
2025-01-18 12:45,0.55574
2025-01-18 13:00,0.25091
2025-01-18 13:15,0.292294
2025-01-18 13:30,0.053466
2025-01-18 13:45,0.016059
2025-01-18 14:00,0.0
2025-01-18 14:15,0.093179
2025-01-18 14:30,0.017318
2025-01-18 14:45,0.146877
2025-01-18 15:00,0.396951
2025-01-18 15:15,0.355768
2025-01-18 15:30,0.320593
2025-01-18 15:45,0.306354
2025-01-18 16:00,0.416713
2025-01-18 16:15,0.655065
2025-01-18 16:30,0.399458
2025-01-18 16:45,0.910376
2025-01-18 17:00,0.64346
2025-01-18 17:15,0.504824
2025-01-18 17:30,0.66905
2025-01-18 17:45,0.615521
2025-01-18 18:00,0.490299
2025-01-18 18:15,0.016799
2025-01-18 18:30,0.0
2025-01-18 18:45,0.0
2025-01-18 19:00,0.0
2025-01-18 19:15,0.0
2025-01-18 19:30,0.0
2025-01-18 19:45,0.0
2025-01-18 20:00,0.000867
2025-01-18 20:15,0.0
2025-01-18 20:30,0.003576
2025-01-18 20:45,0.0
2025-01-18 21:00,0.0
2025-01-18 21:15,0.0
2025-01-18 21:30,0.066816
2025-01-18 21:45,0.033345
2025-01-18 22:00,0.053508
2025-01-18 22:15,0.009108
2025-01-18 22:30,0.05958
2025-01-18 22:45,0.015107
2025-01-18 23:00,0.062976
2025-01-18 23:15,0.016059
2025-01-18 23:30,0.027336
2025-01-18 23:45,0.0
2025-01-19 00:00,0.103535
2025-01-19 00:15,0.115701
2025-01-19 00:30,0.247895
2025-01-19 00:45,0.177059
2025-01-19 01:00,0.269137
2025-01-19 01:15,0.262367
2025-01-19 01:30,0.107693
2025-01-19 01:45,0.115648
2025-01-19 02:00,0.109904
2025-01-19 02:15,0.451485
2025-01-19 02:30,0.488871
2025-01-19 02:45,0.016313
2025-01-19 03:00,0.017011
2025-01-19 03:15,0.115479
2025-01-19 03:30,0.556322
2025-01-19 03:45,0.484015
2025-01-19 04:00,0.182824
2025-01-19 04:15,0.056745
2025-01-19 04:30,0.093168
2025-01-19 04:45,0.096522
2025-01-19 05:00,0.202279
2025-01-19 05:15,0.203199
2025-01-19 05:30,0.290221
2025-01-19 05:45,0.277886
2025-01-19 06:00,0.214392
2025-01-19 06:15,0.109438
2025-01-19 06:30,0.144613
2025-01-19 06:45,0.256622
2025-01-19 07:00,0.306057
2025-01-19 07:15,0.346702
2025-01-19 07:30,0.128406
2025-01-19 07:45,0.542284
2025-01-19 08:00,0.272385
2025-01-19 08:15,0.252338
2025-01-19 08:30,0.071238
2025-01-19 08:45,0.032117
2025-01-19 09:00,0.163719
2025-01-19 09:15,0.316351
2025-01-19 09:30,0.065219
2025-01-19 09:45,0.083594
2025-01-19 10:00,0.072296
2025-01-19 10:15,0.064404
2025-01-19 10:30,0.003935
2025-01-19 10:45,0.113152
2025-01-19 11:00,0.258601
2025-01-19 11:15,0.080548
2025-01-19 11:30,0.083933
2025-01-19 11:45,0.074116
2025-01-19 12:00,0.192461
2025-01-19 12:15,0.112242
2025-01-19 12:30,0.780531
2025-01-19 12:45,0.485877
2025-01-19 13:00,0.378417
2025-01-19 13:15,0.166533
2025-01-19 13:30,0.138414
2025-01-19 13:45,0.00421
2025-01-19 14:00,0.135452
2025-01-19 14:15,0.407117
2025-01-19 14:30,0.28619
2025-01-19 14:45,0.206256
2025-01-19 15:00,0.287259
2025-01-19 15:15,0.333012
2025-01-19 15:30,0.133209
2025-01-19 15:45,0.358042
2025-01-19 16:00,0.377751
2025-01-19 16:15,0.032117
2025-01-19 16:30,0.0
2025-01-19 16:45,0.014165
2025-01-19 17:00,0.119943
2025-01-19 17:15,0.269031
2025-01-19 17:30,0.32475
2025-01-19 17:45,0.000741
2025-01-19 18:00,0.0
2025-01-19 18:15,0.0
2025-01-19 18:30,0.0
2025-01-19 18:45,0.028478
2025-01-19 19:00,0.0
2025-01-19 19:15,0.002349
2025-01-19 19:30,0.0
2025-01-19 19:45,0.016059
2025-01-19 20:00,0.033842
2025-01-19 20:15,0.017836
2025-01-19 20:30,0.050652
2025-01-19 20:45,0.068276
2025-01-19 21:00,0.032117
2025-01-19 21:15,0.0
2025-01-19 21:30,0.0
2025-01-19 21:45,0.0
2025-01-19 22:00,0.000741
2025-01-19 22:15,0.016059
2025-01-19 22:30,0.109639
2025-01-19 22:45,0.080463
2025-01-19 23:00,0.207759
2025-01-19 23:15,0.0
2025-01-19 23:30,0.0
2025-01-19 23:45,0.0
2025-01-20 00:00,0.00237
2025-01-20 00:15,0.000825
2025-01-20 00:30,0.0
2025-01-20 00:45,0.0
2025-01-20 01:00,0.0
2025-01-20 01:15,0.017011
2025-01-20 01:30,0.000867
2025-01-20 01:45,0.0
2025-01-20 02:00,0.044304
2025-01-20 02:15,0.0
2025-01-20 02:30,0.00073
2025-01-20 02:45,0.0
2025-01-20 03:00,0.0
2025-01-20 03:15,0.063452
2025-01-20 03:30,0.005046
2025-01-20 03:45,0.016355
2025-01-20 04:00,0.017815
2025-01-20 04:15,0.000984
2025-01-20 04:30,0.0
2025-01-20 04:45,0.0
2025-01-20 05:00,0.0
2025-01-20 05:15,0.0
2025-01-20 05:30,0.01371
2025-01-20 05:45,0.211578
2025-01-20 06:00,0.211578
2025-01-20 06:15,0.00091
2025-01-20 06:30,0.0
2025-01-20 06:45,0.001439
2025-01-20 07:00,0.016059
2025-01-20 07:15,0.05829
2025-01-20 07:30,0.030002
2025-01-20 07:45,0.079257
2025-01-20 08:00,0.061865
2025-01-20 08:15,0.0
2025-01-20 08:30,0.01754
2025-01-20 08:45,0.097833
2025-01-20 09:00,0.096501
2025-01-20 09:15,0.205801
2025-01-20 09:30,0.048176
2025-01-20 09:45,0.008685
2025-01-20 10:00,0.012906
2025-01-20 10:15,0.016059
2025-01-20 10:30,0.085181
2025-01-20 10:45,0.0
2025-01-20 11:00,0.004105
2025-01-20 11:15,0.153499
2025-01-20 11:30,0.116685
2025-01-20 11:45,0.249429
2025-01-20 12:00,0.296663
2025-01-20 12:15,0.0
2025-01-20 12:30,0.561855
2025-01-20 12:45,0.28984
2025-01-20 13:00,0.01754
2025-01-20 13:15,0.057158
2025-01-20 13:30,0.295383
2025-01-20 13:45,0.57346
2025-01-20 14:00,0.214159
2025-01-20 14:15,0.179333
2025-01-20 14:30,0.75183
2025-01-20 14:45,0.34941
2025-01-20 15:00,0.030467
2025-01-20 15:15,0.059221
2025-01-20 15:30,0.147988
2025-01-20 15:45,0.017286
2025-01-20 16:00,0.179481
2025-01-20 16:15,0.070265
2025-01-20 16:30,0.217904
2025-01-20 16:45,0.103937
2025-01-20 17:00,0.0
2025-01-20 17:15,0.00621
2025-01-20 17:30,0.105789
2025-01-20 17:45,0.113384
2025-01-20 18:00,0.0
2025-01-20 18:15,0.0
2025-01-20 18:30,0.0
2025-01-20 18:45,0.048917
2025-01-20 19:00,0.0
2025-01-20 19:15,0.016059
2025-01-20 19:30,0.016059
2025-01-20 19:45,0.0
2025-01-20 20:00,0.067536
2025-01-20 20:15,0.054608
2025-01-20 20:30,0.372228
2025-01-20 20:45,0.274088
2025-01-20 21:00,0.235168
2025-01-20 21:15,0.027283
2025-01-20 21:30,0.052894
2025-01-20 21:45,0.0
2025-01-20 22:00,0.0
2025-01-20 22:15,0.177979
2025-01-20 22:30,0.065272
2025-01-20 22:45,0.171917
2025-01-20 23:00,0.000741
2025-01-20 23:15,0.016059
2025-01-20 23:30,0.0
2025-01-20 23:45,0.0
2025-01-21 00:00,0.0
2025-01-21 00:15,0.0
2025-01-21 00:30,0.0
2025-01-21 00:45,0.0
2025-01-21 01:00,0.0
2025-01-21 01:15,0.0
2025-01-21 01:30,0.019931
2025-01-21 01:45,0.0
2025-01-21 02:00,0.0
2025-01-21 02:15,0.0
2025-01-21 02:30,0.0
2025-01-21 02:45,0.001724
2025-01-21 03:00,0.0
2025-01-21 03:15,0.013456
2025-01-21 03:30,0.0
2025-01-21 03:45,0.0
2025-01-21 04:00,0.000741
2025-01-21 04:15,0.002126
2025-01-21 04:30,0.0
2025-01-21 04:45,0.0
2025-01-21 05:00,0.000741
2025-01-21 05:15,0.0
2025-01-21 05:30,0.016059
2025-01-21 05:45,0.0
2025-01-21 06:00,0.000899
2025-01-21 06:15,0.0
2025-01-21 06:30,0.133378
2025-01-21 06:45,0.021708
2025-01-21 07:00,0.002708
2025-01-21 07:15,0.081034
2025-01-21 07:30,0.12921
2025-01-21 07:45,0.239855
2025-01-21 08:00,0.083764
2025-01-21 08:15,0.0
2025-01-21 08:30,0.0
2025-01-21 08:45,0.016059
2025-01-21 09:00,0.03454
2025-01-21 09:15,0.013181
2025-01-21 09:30,0.069799
2025-01-21 09:45,0.174848
2025-01-21 10:00,0.0
2025-01-21 10:15,0.0
2025-01-21 10:30,0.0
2025-01-21 10:45,0.001502
2025-01-21 11:00,0.002042
2025-01-21 11:15,0.003131
2025-01-21 11:30,0.0
2025-01-21 11:45,0.000825
2025-01-21 12:00,0.0
2025-01-21 12:15,0.054407
2025-01-21 12:30,0.121509
2025-01-21 12:45,0.068403
2025-01-21 13:00,0.000825
2025-01-21 13:15,0.050112
2025-01-21 13:30,0.000741
2025-01-21 13:45,0.200216
2025-01-21 14:00,0.080622
2025-01-21 14:15,0.001714
2025-01-21 14:30,0.003131
2025-01-21 14:45,0.530277
2025-01-21 15:00,0.119076
2025-01-21 15:15,0.158694
2025-01-21 15:30,0.486977
2025-01-21 15:45,0.009436
2025-01-21 16:00,0.004115
2025-01-21 16:15,0.072635
2025-01-21 16:30,0.018894
2025-01-21 16:45,0.05501
2025-01-21 17:00,0.014123
2025-01-21 17:15,0.0
2025-01-21 17:30,0.0
2025-01-21 17:45,0.0
2025-01-21 18:00,0.000741
2025-01-21 18:15,0.0
2025-01-21 18:30,0.0
2025-01-21 18:45,0.0
2025-01-21 19:00,0.0
2025-01-21 19:15,0.0
2025-01-21 19:30,0.0
2025-01-21 19:45,0.000846
2025-01-21 20:00,0.0
2025-01-21 20:15,0.0
2025-01-21 20:30,0.0
2025-01-21 20:45,0.002698
2025-01-21 21:00,0.0
2025-01-21 21:15,0.0
2025-01-21 21:30,0.0
2025-01-21 21:45,0.005289
2025-01-21 22:00,0.007257
2025-01-21 22:15,0.076538
2025-01-21 22:30,0.197
2025-01-21 22:45,0.020079
2025-01-21 23:00,0.014937
2025-01-21 23:15,0.081288
2025-01-21 23:30,0.116114
2025-01-21 23:45,0.016799
2025-01-22 00:00,0.000741
2025-01-22 00:00,0.000279
2025-01-22 00:15,0.001305
2025-01-22 00:30,0.000875
2025-01-22 00:45,0.0
2025-01-22 01:00,0.000346
2025-01-22 01:15,0.0
2025-01-22 01:30,0.004254
2025-01-22 01:45,0.0
2025-01-22 02:00,0.004958
2025-01-22 02:15,0.0
2025-01-22 02:30,0.052344
2025-01-22 02:45,0.006502
2025-01-22 03:00,0.0
2025-01-22 03:15,0.012359
2025-01-22 03:30,0.0
2025-01-22 03:45,0.0
2025-01-22 04:00,0.09439
2025-01-22 04:15,0.039595
2025-01-22 04:30,0.0
2025-01-22 04:45,0.0
2025-01-22 05:00,0.0
2025-01-22 05:15,0.0
2025-01-22 05:30,0.000919
2025-01-22 05:45,0.0
2025-01-22 06:00,0.030264
2025-01-22 06:15,0.008165
2025-01-22 06:30,0.004305
2025-01-22 06:45,0.015462
2025-01-22 07:00,0.0
2025-01-22 07:15,0.034983
2025-01-22 07:30,0.000279
2025-01-22 07:45,0.019895
2025-01-22 08:00,0.046387
2025-01-22 08:15,0.003776
2025-01-22 08:30,0.09778
2025-01-22 08:45,0.115076
2025-01-22 09:00,0.000362
2025-01-22 09:15,0.046538
2025-01-22 09:30,0.049515
2025-01-22 09:45,0.006605
2025-01-22 10:00,0.030571
2025-01-22 10:15,0.000589
2025-01-22 10:30,0.0
2025-01-22 10:45,0.006884
2025-01-22 11:00,0.0
2025-01-22 11:15,0.001695
2025-01-22 11:30,0.000557
2025-01-22 11:45,0.020452
2025-01-22 12:00,0.025935
2025-01-22 12:15,0.036352
2025-01-22 12:30,0.079572
2025-01-22 12:45,0.220325
2025-01-22 13:00,0.32802
2025-01-22 13:15,0.072843
2025-01-22 13:30,0.010998
2025-01-22 13:45,0.014873
2025-01-22 14:00,0.114452
2025-01-22 14:15,0.186487
2025-01-22 14:30,0.02038
2025-01-22 14:45,0.005678
2025-01-22 15:00,0.000844
2025-01-22 15:15,0.048854
2025-01-22 15:30,0.009916
2025-01-22 15:45,0.02453
2025-01-22 16:00,0.039754
2025-01-22 16:15,0.024789
2025-01-22 16:30,0.068733
2025-01-22 16:45,0.041541
2025-01-22 17:00,0.046479
2025-01-22 17:15,0.044119
2025-01-22 17:30,0.06068
2025-01-22 17:45,0.0
2025-01-22 18:00,0.0
2025-01-22 18:15,0.0
2025-01-22 18:30,0.00604
2025-01-22 18:45,0.023269
2025-01-22 19:00,0.013377
2025-01-22 19:15,0.010696
2025-01-22 19:30,0.084418
2025-01-22 19:45,0.00567
2025-01-22 20:00,0.0
2025-01-22 20:15,0.0
2025-01-22 20:30,0.000279
2025-01-22 20:45,0.060863
2025-01-22 21:00,0.070054
2025-01-22 21:15,0.001448
2025-01-22 21:30,0.037983
2025-01-22 21:45,0.002642
2025-01-22 22:00,0.0
2025-01-22 22:15,0.0
2025-01-22 22:30,0.006645
2025-01-22 22:45,0.005352
2025-01-22 23:00,0.061097
2025-01-22 23:15,0.064233
2025-01-22 23:30,0.079206
2025-01-22 23:45,0.000326
2025-01-23 00:00,0.0
2025-01-23 00:15,0.0
2025-01-23 00:30,0.020691
2025-01-23 00:45,0.00269
2025-01-23 01:00,0.0
2025-01-23 01:15,0.0
2025-01-23 01:30,0.005268
2025-01-23 01:45,0.000402
2025-01-23 02:00,0.0
2025-01-23 02:15,0.0
2025-01-23 02:30,0.00803
2025-01-23 02:45,0.0
2025-01-23 03:00,0.0
2025-01-23 03:15,0.0
2025-01-23 03:30,0.0
2025-01-23 03:45,0.0
2025-01-23 04:00,0.0
2025-01-23 04:15,0.000255
2025-01-23 04:30,0.0
2025-01-23 04:45,0.024224
2025-01-23 05:00,0.080312
2025-01-23 05:15,0.143331
2025-01-23 05:30,0.002666
2025-01-23 05:45,0.0
2025-01-23 06:00,0.00604
2025-01-23 06:15,0.0
2025-01-23 06:30,0.012391
2025-01-23 06:45,0.0
2025-01-23 07:00,0.000541
2025-01-23 07:15,0.005801
2025-01-23 07:30,0.004958
2025-01-23 07:45,0.00148
2025-01-23 08:00,0.000354
2025-01-23 08:15,0.0
2025-01-23 08:30,0.000279
2025-01-23 08:45,0.00031
2025-01-23 09:00,0.018677
2025-01-23 09:15,0.006502
2025-01-23 09:30,0.00031
2025-01-23 09:45,0.0
2025-01-23 10:00,0.0
2025-01-23 10:15,0.0
2025-01-23 10:30,0.0
2025-01-23 10:45,0.004958
2025-01-23 11:00,0.010568
2025-01-23 11:15,0.018685
2025-01-23 11:30,0.014977
2025-01-23 11:45,0.035142
2025-01-23 12:00,0.110385
2025-01-23 12:15,0.057512
2025-01-23 12:30,0.118542
2025-01-23 12:45,0.092551
2025-01-23 13:00,0.013306
2025-01-23 13:15,0.014436
2025-01-23 13:30,0.029747
2025-01-23 13:45,0.07319
2025-01-23 14:00,0.010194
2025-01-23 14:15,0.199093
2025-01-23 14:30,0.086865
2025-01-23 14:45,0.172525
2025-01-23 15:00,0.0272
2025-01-23 15:15,0.0
2025-01-23 15:30,0.010696
2025-01-23 15:45,0.004958
2025-01-23 16:00,0.044648
2025-01-23 16:15,0.124316
2025-01-23 16:30,0.178318
2025-01-23 16:45,0.031709
2025-01-23 17:00,0.0
2025-01-23 17:15,0.0
2025-01-23 17:30,0.024224
2025-01-23 17:45,0.026627
2025-01-23 18:00,0.024853
2025-01-23 18:15,0.001639
2025-01-23 18:30,0.021566
2025-01-23 18:45,0.104433
2025-01-23 19:00,0.05218
2025-01-23 19:15,0.044063
2025-01-23 19:30,0.0
2025-01-23 19:45,0.002316
2025-01-23 20:00,0.0
2025-01-23 20:15,0.0
2025-01-23 20:30,0.000279
2025-01-23 20:45,0.03979
2025-01-23 21:00,0.011794
2025-01-23 21:15,0.0
2025-01-23 21:30,0.0
2025-01-23 21:45,0.0
2025-01-23 22:00,0.008873
2025-01-23 22:15,0.001178
2025-01-23 22:30,0.062454
2025-01-23 22:45,0.018956
2025-01-23 23:00,0.839384
2025-01-23 23:15,0.0
2025-01-23 23:30,0.0
2025-01-23 23:45,0.025935
2025-01-24 00:00,0.0
2025-01-24 00:15,0.021073
2025-01-24 00:30,0.140824
2025-01-24 00:45,0.002833
2025-01-24 01:00,0.040136
2025-01-24 01:15,0.11103
2025-01-24 01:30,0.0
2025-01-24 01:45,0.08476
2025-01-24 02:00,0.097107
2025-01-24 02:15,0.207691
2025-01-24 02:30,0.081581
2025-01-24 02:45,0.00195
2025-01-24 03:00,0.032166
2025-01-24 03:15,0.0
2025-01-24 03:30,0.0
2025-01-24 03:45,0.0
2025-01-24 04:00,0.0
2025-01-24 04:15,0.015176
2025-01-24 04:30,0.000653
2025-01-24 04:45,0.018447
2025-01-24 05:00,0.006319
2025-01-24 05:15,0.0
2025-01-24 05:30,0.012924
2025-01-24 05:45,0.0
2025-01-24 06:00,0.0
2025-01-24 06:15,0.0
2025-01-24 06:30,0.006016
2025-01-24 06:45,0.062351
2025-01-24 07:00,0.00604
2025-01-24 07:15,0.004958
2025-01-24 07:30,0.031426
2025-01-24 07:45,0.002117
2025-01-24 08:00,0.000366
2025-01-24 08:15,0.00039
2025-01-24 08:30,0.017269
2025-01-24 08:45,0.01508
2025-01-24 09:00,0.006406
2025-01-24 09:15,0.000279
2025-01-24 09:30,0.05487
2025-01-24 09:45,0.02658
2025-01-24 10:00,0.0
2025-01-24 10:15,0.000541
2025-01-24 10:30,0.0
2025-01-24 10:45,0.0
2025-01-24 11:00,0.012554
2025-01-24 11:15,0.027304
2025-01-24 11:30,0.031975
2025-01-24 11:45,0.103549
2025-01-24 12:00,0.074435
2025-01-24 12:15,0.080121
2025-01-24 12:30,0.014873
2025-01-24 12:45,0.020941
2025-01-24 13:00,0.040431
2025-01-24 13:15,0.01929
2025-01-24 13:30,0.053251
2025-01-24 13:45,0.09809
2025-01-24 14:00,0.056263
2025-01-24 14:15,0.079417
2025-01-24 14:30,0.03478
2025-01-24 14:45,0.120516
2025-01-24 15:00,0.055618
2025-01-24 15:15,0.002547
2025-01-24 15:30,0.079452
2025-01-24 15:45,0.004958
2025-01-24 16:00,0.0
2025-01-24 16:15,0.000593
2025-01-24 16:30,0.001178
2025-01-24 16:45,0.0
2025-01-24 17:00,0.000374
2025-01-24 17:15,0.00604
2025-01-24 17:30,0.00604
2025-01-24 17:45,0.0
2025-01-24 18:00,0.0
2025-01-24 18:15,0.016879
2025-01-24 18:30,0.001178
2025-01-24 18:45,0.024224
2025-01-24 19:00,0.342074
2025-01-24 19:15,1.0
2025-01-24 19:30,0.07956
2025-01-24 19:45,0.070134
2025-01-24 20:00,0.03979
2025-01-24 20:15,0.0
2025-01-24 20:30,0.0
2025-01-24 20:45,0.0
2025-01-24 21:00,0.0
2025-01-24 21:15,0.0
2025-01-24 21:30,0.00148
2025-01-24 21:45,0.0
2025-01-24 22:00,0.020436
2025-01-24 22:15,0.0
2025-01-24 22:30,0.0
2025-01-24 22:45,0.0
2025-01-24 23:00,0.0
2025-01-24 23:15,0.0
2025-01-24 23:30,0.0
2025-01-24 23:45,0.031721
2025-01-25 00:00,0.060266
2025-01-25 00:15,0.0
2025-01-25 00:30,0.092408
2025-01-25 00:45,0.118411
2025-01-25 01:00,0.185851
2025-01-25 01:15,0.173524
2025-01-25 01:30,0.265454
2025-01-25 01:45,0.03979
2025-01-25 02:00,0.00947
2025-01-25 02:15,0.00604
2025-01-25 02:30,0.004958
2025-01-25 02:45,0.006096
2025-01-25 03:00,0.000692
2025-01-25 03:15,0.0
2025-01-25 03:30,0.0
2025-01-25 03:45,0.004958
2025-01-25 04:00,0.000346
2025-01-25 04:15,0.000386
2025-01-25 04:30,0.000279
2025-01-25 04:45,0.0
2025-01-25 05:00,0.0
2025-01-25 05:15,0.113274
2025-01-25 05:30,0.019895
2025-01-25 05:45,0.025871
2025-01-25 06:00,0.0
2025-01-25 06:15,0.036511
2025-01-25 06:30,0.133722
2025-01-25 06:45,0.179608
2025-01-25 07:00,0.228036
2025-01-25 07:15,0.199184
2025-01-25 07:30,0.147326
2025-01-25 07:45,0.094254
2025-01-25 08:00,0.052236
2025-01-25 08:15,0.03753
2025-01-25 08:30,0.011834
2025-01-25 08:45,0.038143
2025-01-25 09:00,0.061909
2025-01-25 09:15,0.121304
2025-01-25 09:30,0.012359
2025-01-25 09:45,0.044246
2025-01-25 10:00,0.030224
2025-01-25 10:15,0.081251
2025-01-25 10:30,0.045838
2025-01-25 10:45,0.02946
2025-01-25 11:00,0.001528
2025-01-25 11:15,0.008758
2025-01-25 11:30,0.213799
2025-01-25 11:45,0.08825
2025-01-25 12:00,0.027224
2025-01-25 12:15,0.188334
2025-01-25 12:30,0.011718
2025-01-25 12:45,0.023269
2025-01-25 13:00,0.001787
2025-01-25 13:15,0.062295
2025-01-25 13:30,0.005268
2025-01-25 13:45,0.001695
2025-01-25 14:00,0.012359
2025-01-25 14:15,0.079456
2025-01-25 14:30,0.036702
2025-01-25 14:45,0.136261
2025-01-25 15:00,0.123615
2025-01-25 15:15,0.128104
2025-01-25 15:30,0.029747
2025-01-25 15:45,0.010775
2025-01-25 16:00,0.00259
2025-01-25 16:15,0.001178
2025-01-25 16:30,0.066803
2025-01-25 16:45,0.025131
2025-01-25 17:00,0.005555
2025-01-25 17:15,0.000621
2025-01-25 17:30,0.000279
2025-01-25 17:45,0.0
2025-01-25 18:00,0.001365
2025-01-25 18:15,0.010194
2025-01-25 18:30,0.0
2025-01-25 18:45,0.0
2025-01-25 19:00,0.0
2025-01-25 19:15,0.0
2025-01-25 19:30,0.001934
2025-01-25 19:45,0.005543
2025-01-25 20:00,0.0
2025-01-25 20:15,0.000279
2025-01-25 20:30,0.0
2025-01-25 20:45,0.07958
2025-01-25 21:00,0.0
2025-01-25 21:15,0.0
2025-01-25 21:30,0.0
2025-01-25 21:45,0.0
2025-01-25 22:00,0.000326
2025-01-25 22:15,0.005543
2025-01-25 22:30,0.0
2025-01-25 22:45,0.00604
2025-01-25 23:00,0.012912
2025-01-25 23:15,0.011408
2025-01-25 23:30,0.000342
2025-01-25 23:45,0.0
2025-01-26 00:00,0.00604
2025-01-26 00:15,0.03215
2025-01-26 00:30,0.048138
2025-01-26 00:45,0.00604
2025-01-26 01:00,0.02506
2025-01-26 01:15,0.0
2025-01-26 01:30,0.02005
2025-01-26 01:45,0.035158
2025-01-26 02:00,0.006482
2025-01-26 02:15,0.037968
2025-01-26 02:30,0.006319
2025-01-26 02:45,0.051293
2025-01-26 03:00,0.113616
2025-01-26 03:15,0.046272
2025-01-26 03:30,0.139408
2025-01-26 03:45,0.028227
2025-01-26 04:00,0.047573
2025-01-26 04:15,0.06144
2025-01-26 04:30,0.000279
2025-01-26 04:45,0.060465
2025-01-26 05:00,0.05446
2025-01-26 05:15,0.046861
2025-01-26 05:30,0.047724
2025-01-26 05:45,0.011758
2025-01-26 06:00,0.016867
2025-01-26 06:15,0.073468
2025-01-26 06:30,0.055527
2025-01-26 06:45,0.027925
2025-01-26 07:00,0.191871
2025-01-26 07:15,0.155117
2025-01-26 07:30,0.044326
2025-01-26 07:45,0.142356
2025-01-26 08:00,0.050024
2025-01-26 08:15,0.026619
2025-01-26 08:30,0.013194
2025-01-26 08:45,0.076938
2025-01-26 09:00,0.025247
2025-01-26 09:15,0.040701
2025-01-26 09:30,0.150454
2025-01-26 09:45,0.110186
2025-01-26 10:00,0.168757
2025-01-26 10:15,0.010194
2025-01-26 10:30,0.0
2025-01-26 10:45,0.00604
2025-01-26 11:00,0.0
2025-01-26 11:15,0.005236
2025-01-26 11:30,0.134717
2025-01-26 11:45,0.095707
2025-01-26 12:00,0.235138
2025-01-26 12:15,0.000279
2025-01-26 12:30,0.044883
2025-01-26 12:45,0.000279
2025-01-26 13:00,0.02416
2025-01-26 13:15,0.097589
2025-01-26 13:30,0.092392
2025-01-26 13:45,0.061682
2025-01-26 14:00,0.145496
2025-01-26 14:15,0.109016
2025-01-26 14:30,0.061499
2025-01-26 14:45,0.073146
2025-01-26 15:00,0.100048
2025-01-26 15:15,0.035437
2025-01-26 15:30,0.05074
2025-01-26 15:45,0.084168
2025-01-26 16:00,0.021833
2025-01-26 16:15,0.0
2025-01-26 16:30,0.005543
2025-01-26 16:45,0.008829
2025-01-26 17:00,0.025394
2025-01-26 17:15,0.0
2025-01-26 17:30,0.002555
2025-01-26 17:45,0.005543
2025-01-26 18:00,0.0
2025-01-26 18:15,0.0
2025-01-26 18:30,0.0
2025-01-26 18:45,0.0
2025-01-26 19:00,0.052753
2025-01-26 19:15,0.001257
2025-01-26 19:30,0.010759
2025-01-26 19:45,0.000836
2025-01-26 20:00,0.0
2025-01-26 20:15,0.0
2025-01-26 20:30,0.0
2025-01-26 20:45,0.0
2025-01-26 21:00,0.0
2025-01-26 21:15,0.00604
2025-01-26 21:30,0.0
2025-01-26 21:45,0.0
2025-01-26 22:00,0.042241
2025-01-26 22:15,0.000362
2025-01-26 22:30,0.007182
2025-01-26 22:45,0.195201
2025-01-26 23:00,0.141135
2025-01-26 23:15,0.095806
2025-01-26 23:30,0.0
2025-01-26 23:45,0.0
2025-01-27 00:00,0.015518
2025-01-27 00:15,0.0
2025-01-27 00:30,0.0
2025-01-27 00:45,0.005157
2025-01-27 01:00,0.046093
2025-01-27 01:15,0.11937
2025-01-27 01:30,0.104433
2025-01-27 01:45,0.059685
2025-01-27 02:00,0.024853
2025-01-27 02:15,0.008913
2025-01-27 02:30,0.03823
2025-01-27 02:45,0.038186
2025-01-27 03:00,0.001615
2025-01-27 03:15,0.020364
2025-01-27 03:30,0.014873
2025-01-27 03:45,0.0
2025-01-27 04:00,0.010298
2025-01-27 04:15,0.0
2025-01-27 04:30,0.0
2025-01-27 04:45,0.001178
2025-01-27 05:00,0.0
2025-01-27 05:15,0.025593
2025-01-27 05:30,0.0
2025-01-27 05:45,0.024224
2025-01-27 06:00,0.0
2025-01-27 06:15,0.004771
2025-01-27 06:30,0.114221
2025-01-27 06:45,0.0
2025-01-27 07:00,0.0
2025-01-27 07:15,0.134741
2025-01-27 07:30,0.000672
2025-01-27 07:45,0.0
2025-01-27 08:00,0.000279
2025-01-27 08:15,0.0
2025-01-27 08:30,0.0
2025-01-27 08:45,0.000653
2025-01-27 09:00,0.00037
2025-01-27 09:15,0.0
2025-01-27 09:30,0.0
2025-01-27 09:45,0.00604
2025-01-27 10:00,0.000279
2025-01-27 10:15,0.0
2025-01-27 10:30,0.00043
2025-01-27 10:45,0.005045
2025-01-27 11:00,0.0
2025-01-27 11:15,0.040005
2025-01-27 11:30,0.005328
2025-01-27 11:45,0.024316
2025-01-27 12:00,0.024789
2025-01-27 12:15,0.037816
2025-01-27 12:30,0.004958
2025-01-27 12:45,0.006319
2025-01-27 13:00,0.0
2025-01-27 13:15,0.154902
2025-01-27 13:30,0.013807
2025-01-27 13:45,0.0
2025-01-27 14:00,0.012777
2025-01-27 14:15,0.236587
2025-01-27 14:30,0.033356
2025-01-27 14:45,0.012466
2025-01-27 15:00,0.130364
2025-01-27 15:15,0.008085
2025-01-27 15:30,0.0
2025-01-27 15:45,0.000255
2025-01-27 16:00,0.01208
2025-01-27 16:15,0.001305
2025-01-27 16:30,0.0053
2025-01-27 16:45,0.0
2025-01-27 17:00,0.000354
2025-01-27 17:15,0.000533
2025-01-27 17:30,0.0
2025-01-27 17:45,0.015741
2025-01-27 18:00,0.067277
2025-01-27 18:15,0.050076
2025-01-27 18:30,0.019895
2025-01-27 18:45,0.019895
2025-01-27 19:00,0.03979
2025-01-27 19:15,0.004958
2025-01-27 19:30,0.00604
2025-01-27 19:45,0.0
2025-01-27 20:00,0.183821
2025-01-27 20:15,0.0
2025-01-27 20:30,0.0
2025-01-27 20:45,0.0
2025-01-27 21:00,0.0
2025-01-27 21:15,0.0
2025-01-27 21:30,0.00604
2025-01-27 21:45,0.0
2025-01-27 22:00,0.000692
2025-01-27 22:15,0.01208
2025-01-27 22:30,0.014774
2025-01-27 22:45,0.0
2025-01-27 23:00,0.000987
2025-01-27 23:15,0.019923
2025-01-27 23:30,0.047629
2025-01-27 23:45,0.005312
2025-01-28 00:00,0.005881
2025-01-28 00:15,0.0
2025-01-28 00:30,0.0
2025-01-28 00:45,0.0
2025-01-28 01:00,0.0
2025-01-28 01:15,0.0
2025-01-28 01:30,0.074471
2025-01-28 01:45,0.0
2025-01-28 02:00,0.0
2025-01-28 02:15,0.007365
2025-01-28 02:30,0.000279
2025-01-28 02:45,0.00604
2025-01-28 03:00,0.030758
2025-01-28 03:15,0.038461
2025-01-28 03:30,0.04022
2025-01-28 03:45,0.092718
2025-01-28 04:00,0.007218
2025-01-28 04:15,0.020691
2025-01-28 04:30,0.0
2025-01-28 04:45,0.0
2025-01-28 05:00,0.0
2025-01-28 05:15,0.002348
2025-01-28 05:30,0.000354
2025-01-28 05:45,0.005236
2025-01-28 06:00,0.0
2025-01-28 06:15,0.004958
2025-01-28 06:30,0.00047
2025-01-28 06:45,0.0
2025-01-28 07:00,0.019752
2025-01-28 07:15,0.016441
2025-01-28 07:30,0.025207
2025-01-28 07:45,0.0
2025-01-28 08:00,0.0
2025-01-28 08:15,0.0
2025-01-28 08:30,0.001122
2025-01-28 08:45,0.0
2025-01-28 09:00,0.010286
2025-01-28 09:15,0.0
2025-01-28 09:30,0.00604
2025-01-28 09:45,0.097987
2025-01-28 10:00,0.114006
2025-01-28 10:15,0.0
2025-01-28 10:30,0.0
2025-01-28 10:45,0.000541
2025-01-28 11:00,0.012116
2025-01-28 11:15,0.010262
2025-01-28 11:30,0.006677
2025-01-28 11:45,0.041004
2025-01-28 12:00,0.026874
2025-01-28 12:15,0.050115
2025-01-28 12:30,0.167261
2025-01-28 12:45,0.077395
2025-01-28 13:00,0.036551
2025-01-28 13:15,0.058666
2025-01-28 13:30,0.042937
2025-01-28 13:45,0.081991
2025-01-28 14:00,0.038871
2025-01-28 14:15,0.120492
2025-01-28 14:30,0.035787
2025-01-28 14:45,0.055033
2025-01-28 15:00,0.018677
2025-01-28 15:15,0.01397
2025-01-28 15:30,0.048022
2025-01-28 15:45,0.019127
2025-01-28 16:00,0.018677
2025-01-28 16:15,0.030328
2025-01-28 16:30,0.0
2025-01-28 16:45,0.031458
2025-01-28 17:00,0.024717
2025-01-28 17:15,0.101838
2025-01-28 17:30,0.026214
2025-01-28 17:45,0.0
2025-01-28 18:00,0.0
2025-01-28 18:15,0.024224
2025-01-28 18:30,0.002336
2025-01-28 18:45,0.002196
2025-01-28 19:00,0.019831
2025-01-28 19:15,0.005236
2025-01-28 19:30,0.00031
2025-01-28 19:45,0.0
2025-01-28 20:00,0.0
2025-01-28 20:15,0.0
2025-01-28 20:30,0.004958
2025-01-28 20:45,0.0
2025-01-28 21:00,0.0
2025-01-28 21:15,0.001671
2025-01-28 21:30,0.019895
2025-01-28 21:45,0.0
2025-01-28 22:00,0.000374
2025-01-28 22:15,0.0
2025-01-28 22:30,0.000279
2025-01-28 22:45,0.0
2025-01-28 23:00,0.004958
2025-01-28 23:15,0.024224
2025-01-28 23:30,0.0
2025-01-28 23:45,0.024224
2025-01-29 00:00,0.000382
2025-01-29 00:00,0.001137
2025-01-29 00:15,0.0
2025-01-29 00:30,0.044281
2025-01-29 00:45,0.05923
2025-01-29 01:00,0.0
2025-01-29 01:15,0.01476
2025-01-29 01:30,0.0
2025-01-29 01:45,0.001433
2025-01-29 02:00,0.0
2025-01-29 02:15,0.0
2025-01-29 02:30,0.001078
2025-01-29 02:45,0.077213
2025-01-29 03:00,0.0
2025-01-29 03:15,0.073446
2025-01-29 03:30,0.003506
2025-01-29 03:45,0.017982
2025-01-29 04:00,0.02952
2025-01-29 04:15,0.0
2025-01-29 04:30,0.01476
2025-01-29 04:45,0.0
2025-01-29 05:00,0.0
2025-01-29 05:15,0.0
2025-01-29 05:30,0.018954
2025-01-29 05:45,0.053947
2025-01-29 06:00,0.053947
2025-01-29 06:15,0.062263
2025-01-29 06:30,0.41767
2025-01-29 06:45,0.318162
2025-01-29 07:00,0.169186
2025-01-29 07:15,0.068707
2025-01-29 07:30,0.064348
2025-01-29 07:45,0.022697
2025-01-29 08:00,0.069537
2025-01-29 08:15,0.038547
2025-01-29 08:30,0.224152
2025-01-29 08:45,0.074844
2025-01-29 09:00,0.254122
2025-01-29 09:15,0.137201
2025-01-29 09:30,0.019783
2025-01-29 09:45,0.0
2025-01-29 10:00,0.053947
2025-01-29 10:15,0.251753
2025-01-29 10:30,0.631196
2025-01-29 10:45,0.022816
2025-01-29 11:00,0.05923
2025-01-29 11:15,0.006338
2025-01-29 11:30,0.0
2025-01-29 11:45,0.0
2025-01-29 12:00,0.016217
2025-01-29 12:15,0.026606
2025-01-29 12:30,0.0
2025-01-29 12:45,0.056008
2025-01-29 13:00,0.052845
2025-01-29 13:15,0.106366
2025-01-29 13:30,0.383802
2025-01-29 13:45,0.160313
2025-01-29 14:00,0.296295
2025-01-29 14:15,0.120214
2025-01-29 14:30,0.151239
2025-01-29 14:45,0.060166
2025-01-29 15:00,0.103878
2025-01-29 15:15,0.070176
2025-01-29 15:30,0.051791
2025-01-29 15:45,0.217305
2025-01-29 16:00,0.011325
2025-01-29 16:15,0.0
2025-01-29 16:30,0.0
2025-01-29 16:45,0.077213
2025-01-29 17:00,0.001895
2025-01-29 17:15,0.0
2025-01-29 17:30,0.020044
2025-01-29 17:45,0.107894
2025-01-29 18:00,0.120854
2025-01-29 18:15,0.01476
2025-01-29 18:30,0.0
2025-01-29 18:45,0.0
2025-01-29 19:00,0.0
2025-01-29 19:15,0.0
2025-01-29 19:30,0.003341
2025-01-29 19:45,0.064834
2025-01-29 20:00,0.063329
2025-01-29 20:15,0.0
2025-01-29 20:30,0.034448
2025-01-29 20:45,0.017982
2025-01-29 21:00,0.006539
2025-01-29 21:15,0.0
2025-01-29 21:30,0.0
2025-01-29 21:45,0.0
2025-01-29 22:00,0.0
2025-01-29 22:15,0.185297
2025-01-29 22:30,0.130852
2025-01-29 22:45,0.614433
2025-01-29 23:00,0.0
2025-01-29 23:15,0.342992
2025-01-29 23:30,0.000829
2025-01-29 23:45,0.0
2025-01-30 00:00,0.0
2025-01-30 00:15,0.0616
2025-01-30 00:30,0.0
2025-01-30 00:45,0.0
2025-01-30 01:00,0.0
2025-01-30 01:15,0.067511
2025-01-30 01:30,0.244977
2025-01-30 01:45,0.04415
2025-01-30 02:00,0.000687
2025-01-30 02:15,0.074441
2025-01-30 02:30,0.152566
2025-01-30 02:45,0.110181
2025-01-30 03:00,0.028987
2025-01-30 03:15,0.018681
2025-01-30 03:30,0.073635
2025-01-30 03:45,0.053236
2025-01-30 04:00,0.070934
2025-01-30 04:15,0.001931
2025-01-30 04:30,0.005378
2025-01-30 04:45,0.021678
2025-01-30 05:00,0.010531
2025-01-30 05:15,0.001196
2025-01-30 05:30,0.024652
2025-01-30 05:45,0.0
2025-01-30 06:00,0.018812
2025-01-30 06:15,0.081667
2025-01-30 06:30,0.070543
2025-01-30 06:45,0.001031
2025-01-30 07:00,0.0
2025-01-30 07:15,0.02092
2025-01-30 07:30,0.094757
2025-01-30 07:45,0.00507
2025-01-30 08:00,0.109671
2025-01-30 08:15,0.200898
2025-01-30 08:30,0.274924
2025-01-30 08:45,0.305286
2025-01-30 09:00,0.009394
2025-01-30 09:15,0.01476
2025-01-30 09:30,0.001907
2025-01-30 09:45,0.150836
2025-01-30 10:00,0.07925
2025-01-30 10:15,0.000829
2025-01-30 10:30,0.074855
2025-01-30 10:45,0.063578
2025-01-30 11:00,0.103511
2025-01-30 11:15,0.060889
2025-01-30 11:30,0.002511
2025-01-30 11:45,0.003281
2025-01-30 12:00,0.019736
2025-01-30 12:15,0.106354
2025-01-30 12:30,0.214367
2025-01-30 12:45,0.52618
2025-01-30 13:00,0.243331
2025-01-30 13:15,0.155587
2025-01-30 13:30,0.159828
2025-01-30 13:45,0.374502
2025-01-30 14:00,0.258008
2025-01-30 14:15,0.282648
2025-01-30 14:30,0.0
2025-01-30 14:45,0.0
2025-01-30 15:00,0.211974
2025-01-30 15:15,0.05987
2025-01-30 15:30,0.123673
2025-01-30 15:45,0.174754
2025-01-30 16:00,0.287078
2025-01-30 16:15,0.164874
2025-01-30 16:30,0.0
2025-01-30 16:45,0.0
2025-01-30 17:00,0.0
2025-01-30 17:15,0.072119
2025-01-30 17:30,0.0
2025-01-30 17:45,0.001587
2025-01-30 18:00,0.0
2025-01-30 18:15,0.035965
2025-01-30 18:30,0.0
2025-01-30 18:45,0.0
2025-01-30 19:00,0.174351
2025-01-30 19:15,0.036912
2025-01-30 19:30,0.017982
2025-01-30 19:45,0.109079
2025-01-30 20:00,0.02952
2025-01-30 20:15,0.072948
2025-01-30 20:30,0.0
2025-01-30 20:45,0.0
2025-01-30 21:00,0.015589
2025-01-30 21:15,0.017982
2025-01-30 21:30,0.018812
2025-01-30 21:45,0.004596
2025-01-30 22:00,0.057785
2025-01-30 22:15,0.056435
2025-01-30 22:30,0.325341
2025-01-30 22:45,0.076005
2025-01-30 23:00,0.05923
2025-01-30 23:15,0.0
2025-01-30 23:30,0.0
2025-01-30 23:45,0.017982
2025-01-31 00:00,0.01604
2025-01-31 00:15,0.0
2025-01-31 00:30,0.0
2025-01-31 00:45,0.034259
2025-01-31 01:00,0.0
2025-01-31 01:15,0.015755
2025-01-31 01:30,0.0
2025-01-31 01:45,0.019499
2025-01-31 02:00,0.046484
2025-01-31 02:15,0.01463
2025-01-31 02:30,0.101095
2025-01-31 02:45,0.0
2025-01-31 03:00,0.000924
2025-01-31 03:15,0.037386
2025-01-31 03:30,0.033702
2025-01-31 03:45,0.086026
2025-01-31 04:00,0.0
2025-01-31 04:15,0.072782
2025-01-31 04:30,0.0
2025-01-31 04:45,0.099886
2025-01-31 05:00,0.0
2025-01-31 05:15,0.090931
2025-01-31 05:30,0.01476
2025-01-31 05:45,0.0
2025-01-31 06:00,0.0
2025-01-31 06:15,0.008434
2025-01-31 06:30,0.0
2025-01-31 06:45,0.0
2025-01-31 07:00,0.001054
2025-01-31 07:15,0.0
2025-01-31 07:30,0.021607
2025-01-31 07:45,0.037244
2025-01-31 08:00,0.048924
2025-01-31 08:15,0.0
2025-01-31 08:30,0.059088
2025-01-31 08:45,0.0
2025-01-31 09:00,0.0
2025-01-31 09:15,0.0
2025-01-31 09:30,0.222801
2025-01-31 09:45,0.177869
2025-01-31 10:00,0.088561
2025-01-31 10:15,0.153312
2025-01-31 10:30,0.05961
2025-01-31 10:45,0.195437
2025-01-31 11:00,0.256053
2025-01-31 11:15,0.019499
2025-01-31 11:30,0.107397
2025-01-31 11:45,0.093691
2025-01-31 12:00,0.167314
2025-01-31 12:15,0.511467
2025-01-31 12:30,0.068589
2025-01-31 12:45,0.089912
2025-01-31 13:00,0.031013
2025-01-31 13:15,0.025031
2025-01-31 13:30,0.009655
2025-01-31 13:45,0.080245
2025-01-31 14:00,0.245001
2025-01-31 14:15,0.035965
2025-01-31 14:30,0.179966
2025-01-31 14:45,0.02881
2025-01-31 15:00,0.090741
2025-01-31 15:15,0.15606
2025-01-31 15:30,0.133837
2025-01-31 15:45,0.017982
2025-01-31 16:00,0.001279
2025-01-31 16:15,0.051211
2025-01-31 16:30,0.160965
2025-01-31 16:45,0.102291
2025-01-31 17:00,0.019641
2025-01-31 17:15,0.245036
2025-01-31 17:30,0.087318
2025-01-31 17:45,0.054776
2025-01-31 18:00,0.00327
2025-01-31 18:15,0.035965
2025-01-31 18:30,0.303781
2025-01-31 18:45,0.173699
2025-01-31 19:00,0.237514
2025-01-31 19:15,0.09696
2025-01-31 19:30,0.093276
2025-01-31 19:45,0.013682
2025-01-31 20:00,0.075625
2025-01-31 20:15,0.116874
2025-01-31 20:30,0.072119
2025-01-31 20:45,0.017982
2025-01-31 21:00,0.003506
2025-01-31 21:15,0.000912
2025-01-31 21:30,0.036794
2025-01-31 21:45,0.010247
2025-01-31 22:00,0.084439
2025-01-31 22:15,0.02047
2025-01-31 22:30,0.039471
2025-01-31 22:45,0.0
2025-01-31 23:00,0.158809
2025-01-31 23:15,0.037765
2025-01-31 23:30,0.008458
2025-01-31 23:45,0.055748
2025-02-01 00:00,0.0
2025-02-01 00:15,0.017982
2025-02-01 00:30,0.017982
2025-02-01 00:45,0.30923
2025-02-01 01:00,0.183674
2025-02-01 01:15,0.001931
2025-02-01 01:30,0.114623
2025-02-01 01:45,0.03985
2025-02-01 02:00,0.222588
2025-02-01 02:15,0.1164
2025-02-01 02:30,0.160752
2025-02-01 02:45,0.548889
2025-02-01 03:00,0.102836
2025-02-01 03:15,0.0
2025-02-01 03:30,0.108084
2025-02-01 03:45,0.241518
2025-02-01 04:00,0.007771
2025-02-01 04:15,0.031179
2025-02-01 04:30,0.035965
2025-02-01 04:45,0.088751
2025-02-01 05:00,0.005757
2025-02-01 05:15,0.0
2025-02-01 05:30,0.072119
2025-02-01 05:45,0.100893
2025-02-01 06:00,0.257345
2025-02-01 06:15,0.514026
2025-02-01 06:30,0.506042
2025-02-01 06:45,0.0
2025-02-01 07:00,0.176791
2025-02-01 07:15,0.0
2025-02-01 07:30,0.016739
2025-02-01 07:45,0.005911
2025-02-01 08:00,0.406819
2025-02-01 08:15,0.758944
2025-02-01 08:30,0.043677
2025-02-01 08:45,0.0
2025-02-01 09:00,0.059728
2025-02-01 09:15,0.039791
2025-02-01 09:30,0.062926
2025-02-01 09:45,0.177502
2025-02-01 10:00,0.298593
2025-02-01 10:15,0.323825
2025-02-01 10:30,0.095006
2025-02-01 10:45,0.818873
2025-02-01 11:00,0.417551
2025-02-01 11:15,0.123365
2025-02-01 11:30,0.079499
2025-02-01 11:45,0.046437
2025-02-01 12:00,0.039471
2025-02-01 12:15,0.042978
2025-02-01 12:30,0.212732
2025-02-01 12:45,0.116412
2025-02-01 13:00,0.087211
2025-02-01 13:15,0.198244
2025-02-01 13:30,0.150718
2025-02-01 13:45,0.342494
2025-02-01 14:00,0.228464
2025-02-01 14:15,0.282056
2025-02-01 14:30,0.204748
2025-02-01 14:45,0.117963
2025-02-01 15:00,0.175204
2025-02-01 15:15,0.079393
2025-02-01 15:30,0.221332
2025-02-01 15:45,0.189301
2025-02-01 16:00,0.179599
2025-02-01 16:15,0.07309
2025-02-01 16:30,0.055606
2025-02-01 16:45,0.057572
2025-02-01 17:00,0.107432
2025-02-01 17:15,0.073007
2025-02-01 17:30,0.053947
2025-02-01 17:45,0.071929
2025-02-01 18:00,0.072759
2025-02-01 18:15,0.037765
2025-02-01 18:30,0.073588
2025-02-01 18:45,0.09317
2025-02-01 19:00,0.074239
2025-02-01 19:15,0.255236
2025-02-01 19:30,0.060889
2025-02-01 19:45,0.131255
2025-02-01 20:00,0.123199
2025-02-01 20:15,0.000829
2025-02-01 20:30,0.0
2025-02-01 20:45,0.0
2025-02-01 21:00,0.0
2025-02-01 21:15,0.065485
2025-02-01 21:30,0.001741
2025-02-01 21:45,0.051554
2025-02-01 22:00,0.071929
2025-02-01 22:15,0.097564
2025-02-01 22:30,0.000829
2025-02-01 22:45,0.017982
2025-02-01 23:00,0.523076
2025-02-01 23:15,0.171271
2025-02-01 23:30,0.090101
2025-02-01 23:45,0.054231
2025-02-02 00:00,0.147176
2025-02-02 00:15,0.111946
2025-02-02 00:30,0.001658
2025-02-02 00:45,0.106662
2025-02-02 01:00,0.403099
2025-02-02 01:15,0.398929
2025-02-02 01:30,0.129881
2025-02-02 01:45,0.20598
2025-02-02 02:00,0.558283
2025-02-02 02:15,0.119432
2025-02-02 02:30,0.215469
2025-02-02 02:45,0.160491
2025-02-02 03:00,0.017307
2025-02-02 03:15,0.05923
2025-02-02 03:30,0.481591
2025-02-02 03:45,0.038855
2025-02-02 04:00,0.098394
2025-02-02 04:15,0.036522
2025-02-02 04:30,0.230454
2025-02-02 04:45,0.00815
2025-02-02 05:00,0.002736
2025-02-02 05:15,0.000758
2025-02-02 05:30,0.00327
2025-02-02 05:45,0.01476
2025-02-02 06:00,0.0
2025-02-02 06:15,0.017982
2025-02-02 06:30,0.0
2025-02-02 06:45,0.01476
2025-02-02 07:00,0.167788
2025-02-02 07:15,0.02952
2025-02-02 07:30,0.114907
2025-02-02 07:45,0.102279
2025-02-02 08:00,0.106342
2025-02-02 08:15,0.421922
2025-02-02 08:30,0.481129
2025-02-02 08:45,0.632546
2025-02-02 09:00,1.0
2025-02-02 09:15,0.51341
2025-02-02 09:30,0.687986
2025-02-02 09:45,0.033098
2025-02-02 10:00,0.017982
2025-02-02 10:15,0.303698
2025-02-02 10:30,0.791331
2025-02-02 10:45,0.989587
2025-02-02 11:00,0.568376
2025-02-02 11:15,0.612905
2025-02-02 11:30,0.268551
2025-02-02 11:45,0.486697
2025-02-02 12:00,0.294293
2025-02-02 12:15,0.238343
2025-02-02 12:30,0.036628
2025-02-02 12:45,0.112739
2025-02-02 13:00,0.089485
2025-02-02 13:15,0.118082
2025-02-02 13:30,0.199855
2025-02-02 13:45,0.236401
2025-02-02 14:00,0.160159
2025-02-02 14:15,0.31173
2025-02-02 14:30,0.211429
2025-02-02 14:45,0.180534
2025-02-02 15:00,0.376457
2025-02-02 15:15,0.519108
2025-02-02 15:30,0.654426
2025-02-02 15:45,0.865819
2025-02-02 16:00,0.435806
2025-02-02 16:15,0.231117
2025-02-02 16:30,0.343087
2025-02-02 16:45,0.926625
2025-02-02 17:00,0.252322
2025-02-02 17:15,0.19809
2025-02-02 17:30,0.387936
2025-02-02 17:45,0.275019
2025-02-02 18:00,0.263599
2025-02-02 18:15,0.071929
2025-02-02 18:30,0.0
2025-02-02 18:45,0.0
2025-02-02 19:00,0.088561
2025-02-02 19:15,0.0
2025-02-02 19:30,0.0
2025-02-02 19:45,0.0
2025-02-02 20:00,0.053947
2025-02-02 20:15,0.017982
2025-02-02 20:30,0.001895
2025-02-02 20:45,0.035965
2025-02-02 21:00,0.018196
2025-02-02 21:15,0.0
2025-02-02 21:30,0.0
2025-02-02 21:45,0.0
2025-02-02 22:00,0.062737
2025-02-02 22:15,0.107894
2025-02-02 22:30,0.126232
2025-02-02 22:45,0.134963
2025-02-02 23:00,0.144665
2025-02-02 23:15,0.182454
2025-02-02 23:30,0.017982
2025-02-02 23:45,0.0
2025-02-03 00:00,0.05923
2025-02-03 00:15,0.003566
2025-02-03 00:30,0.0
2025-02-03 00:45,0.0
2025-02-03 01:00,0.019499
2025-02-03 01:15,0.003566
2025-02-03 01:30,0.0
2025-02-03 01:45,0.072119
2025-02-03 02:00,0.030373
2025-02-03 02:15,0.0
2025-02-03 02:30,0.00289
2025-02-03 02:45,0.009098
2025-02-03 03:00,0.0
2025-02-03 03:15,0.0
2025-02-03 03:30,0.0
2025-02-03 03:45,0.016324
2025-02-03 04:00,0.053947
2025-02-03 04:15,0.001078
2025-02-03 04:30,0.0
2025-02-03 04:45,0.018812
2025-02-03 05:00,0.094662
2025-02-03 05:15,0.035965
2025-02-03 05:30,0.004549
2025-02-03 05:45,0.015886
2025-02-03 06:00,0.094721
2025-02-03 06:15,0.155824
2025-02-03 06:30,0.015589
2025-02-03 06:45,0.0
2025-02-03 07:00,0.035965
2025-02-03 07:15,0.002879
2025-02-03 07:30,0.0
2025-02-03 07:45,0.017982
2025-02-03 08:00,0.0
2025-02-03 08:15,0.053592
2025-02-03 08:30,0.249183
2025-02-03 08:45,0.0
2025-02-03 09:00,0.004549
2025-02-03 09:15,0.033193
2025-02-03 09:30,0.090101
2025-02-03 09:45,0.0
2025-02-03 10:00,0.0
2025-02-03 10:15,0.010756
2025-02-03 10:30,0.0
2025-02-03 10:45,0.000829
2025-02-03 11:00,0.000829
2025-02-03 11:15,0.001753
2025-02-03 11:30,0.078089
2025-02-03 11:45,0.017982
2025-02-03 12:00,0.079096
2025-02-03 12:15,0.08926
2025-02-03 12:30,0.061706
2025-02-03 12:45,0.034733
2025-02-03 13:00,0.371529
2025-02-03 13:15,0.182454
2025-02-03 13:30,0.03696
2025-02-03 13:45,0.021418
2025-02-03 14:00,0.24076
2025-02-03 14:15,0.002026
2025-02-03 14:30,0.0
2025-02-03 14:45,0.075282
2025-02-03 15:00,0.184005
2025-02-03 15:15,0.030326
2025-02-03 15:30,0.103523
2025-02-03 15:45,0.032743
2025-02-03 16:00,0.445721
2025-02-03 16:15,0.01476
2025-02-03 16:30,0.0
2025-02-03 16:45,0.0
2025-02-03 17:00,0.04511
2025-02-03 17:15,0.001244
2025-02-03 17:30,0.000829
2025-02-03 17:45,0.035965
2025-02-03 18:00,0.0
2025-02-03 18:15,0.035965
2025-02-03 18:30,0.0
2025-02-03 18:45,0.0
2025-02-03 19:00,0.0
2025-02-03 19:15,0.0
2025-02-03 19:30,0.0
2025-02-03 19:45,0.144238
2025-02-03 20:00,0.0
2025-02-03 20:15,0.003886
2025-02-03 20:30,0.03606
2025-02-03 20:45,0.0
2025-02-03 21:00,0.14919
2025-02-03 21:15,0.023811
2025-02-03 21:30,0.060107
2025-02-03 21:45,0.078303
2025-02-03 22:00,0.017994
2025-02-03 22:15,0.111235
2025-02-03 22:30,0.018906
2025-02-03 22:45,0.092246
2025-02-03 23:00,0.01803
2025-02-03 23:15,0.01803
2025-02-03 23:30,0.074737
2025-02-03 23:45,0.0
2025-02-04 00:00,0.0
2025-02-04 00:15,0.001078
2025-02-04 00:30,0.014192
2025-02-04 00:45,0.01803
2025-02-04 01:00,0.017319
2025-02-04 01:15,0.020589
2025-02-04 01:30,0.0
2025-02-04 01:45,0.065059
2025-02-04 02:00,0.12994
2025-02-04 02:15,0.0616
2025-02-04 02:30,0.015933
2025-02-04 02:45,0.007534
2025-02-04 03:00,0.0
2025-02-04 03:15,0.0
2025-02-04 03:30,0.008813
2025-02-04 03:45,0.0
2025-02-04 04:00,0.002559
2025-02-04 04:15,0.001019
2025-02-04 04:30,0.067499
2025-02-04 04:45,0.091262
2025-02-04 05:00,0.072119
2025-02-04 05:15,0.0
2025-02-04 05:30,0.0
2025-02-04 05:45,0.016893
2025-02-04 06:00,0.0
2025-02-04 06:15,0.090149
2025-02-04 06:30,0.045584
2025-02-04 06:45,0.041106
2025-02-04 07:00,0.049837
2025-02-04 07:15,0.01803
2025-02-04 07:30,0.067902
2025-02-04 07:45,0.000758
2025-02-04 08:00,0.001516
2025-02-04 08:15,0.0
2025-02-04 08:30,0.032624
2025-02-04 08:45,0.0
2025-02-04 09:00,0.0
2025-02-04 09:15,0.021963
2025-02-04 09:30,0.000971
2025-02-04 09:45,0.353464
2025-02-04 10:00,0.499716
2025-02-04 10:15,0.0
2025-02-04 10:30,0.0
2025-02-04 10:45,0.0
2025-02-04 11:00,0.044423
2025-02-04 11:15,0.002559
2025-02-04 11:30,0.074038
2025-02-04 11:45,0.169198
2025-02-04 12:00,0.256042
2025-02-04 12:15,0.187405
2025-02-04 12:30,0.386301
2025-02-04 12:45,0.004407
2025-02-04 13:00,0.032837
2025-02-04 13:15,0.065106
2025-02-04 13:30,0.022413
2025-02-04 13:45,0.005212
2025-02-04 14:00,0.241945
2025-02-04 14:15,0.002109
2025-02-04 14:30,0.02952
2025-02-04 14:45,0.029615
2025-02-04 15:00,0.014808
2025-02-04 15:15,0.004502
2025-02-04 15:30,0.132842
2025-02-04 15:45,0.015672
2025-02-04 16:00,0.101734
2025-02-04 16:15,0.063732
2025-02-04 16:30,0.0
2025-02-04 16:45,0.05923
2025-02-04 17:00,0.0
2025-02-04 17:15,0.0
2025-02-04 17:30,0.029615
2025-02-04 17:45,0.078137
2025-02-04 18:00,0.054089
2025-02-04 18:15,0.0
2025-02-04 18:30,0.004407
2025-02-04 18:45,0.0
2025-02-04 19:00,0.0
2025-02-04 19:15,0.072119
2025-02-04 19:30,0.0
2025-02-04 19:45,0.029615
2025-02-04 20:00,0.024818
2025-02-04 20:15,0.0
2025-02-04 20:30,0.001753
2025-02-04 20:45,0.002038
2025-02-04 21:00,0.014808
2025-02-04 21:15,0.0
2025-02-04 21:30,0.004454
2025-02-04 21:45,0.005414
2025-02-04 22:00,0.0
2025-02-04 22:15,0.008126
2025-02-04 22:30,0.0
2025-02-04 22:45,0.09542
2025-02-04 23:00,0.023289
2025-02-04 23:15,0.068897
2025-02-04 23:30,0.0
2025-02-04 23:45,0.0
2025-02-05 00:00,0.0
2025-02-05 00:00,0.0
2025-02-05 00:15,0.002283
2025-02-05 00:30,0.0
2025-02-05 00:45,0.360423
2025-02-05 01:00,0.000393
2025-02-05 01:15,0.03068
2025-02-05 01:30,0.0
2025-02-05 01:45,0.001184
2025-02-05 02:00,0.0
2025-02-05 02:15,0.0
2025-02-05 02:30,0.0
2025-02-05 02:45,0.0
2025-02-05 03:00,0.001147
2025-02-05 03:15,0.000626
2025-02-05 03:30,0.149422
2025-02-05 03:45,0.0
2025-02-05 04:00,0.065765
2025-02-05 04:15,0.0
2025-02-05 04:30,0.039577
2025-02-05 04:45,0.0
2025-02-05 05:00,0.0
2025-02-05 05:15,0.008198
2025-02-05 05:30,0.0
2025-02-05 05:45,0.001816
2025-02-05 06:00,0.018751
2025-02-05 06:15,0.231336
2025-02-05 06:30,0.0
2025-02-05 06:45,0.0
2025-02-05 07:00,0.0
2025-02-05 07:15,0.0
2025-02-05 07:30,0.001092
2025-02-05 07:45,0.007989
2025-02-05 08:00,0.01534
2025-02-05 08:15,0.00767
2025-02-05 08:30,0.017647
2025-02-05 08:45,0.0
2025-02-05 09:00,0.050738
2025-02-05 09:15,0.0
2025-02-05 09:30,0.016506
2025-02-05 09:45,0.000454
2025-02-05 10:00,0.017978
2025-02-05 10:15,0.000454
2025-02-05 10:30,0.0
2025-02-05 10:45,0.025513
2025-02-05 11:00,0.032496
2025-02-05 11:15,0.084369
2025-02-05 11:30,0.094567
2025-02-05 11:45,0.084111
2025-02-05 12:00,0.07692
2025-02-05 12:15,0.092683
2025-02-05 12:30,0.141899
2025-02-05 12:45,0.009682
2025-02-05 13:00,0.341721
2025-02-05 13:15,0.093695
2025-02-05 13:30,0.001012
2025-02-05 13:45,0.009216
2025-02-05 14:00,0.01534
2025-02-05 14:15,0.008148
2025-02-05 14:30,0.038349
2025-02-05 14:45,0.018095
2025-02-05 15:00,0.015794
2025-02-05 15:15,0.0
2025-02-05 15:30,0.0
2025-02-05 15:45,0.0
2025-02-05 16:00,0.0
2025-02-05 16:15,0.0
2025-02-05 16:30,0.0
2025-02-05 16:45,0.0
2025-02-05 17:00,0.0
2025-02-05 17:15,0.0
2025-02-05 17:30,0.0
2025-02-05 17:45,0.0
2025-02-05 18:00,0.0
2025-02-05 18:15,0.0
2025-02-05 18:30,0.0
2025-02-05 18:45,0.0
2025-02-05 19:00,0.0
2025-02-05 19:15,0.0
2025-02-05 19:30,0.0
2025-02-05 19:45,0.0
2025-02-05 20:00,0.0
2025-02-05 20:15,0.0
2025-02-05 20:30,0.0
2025-02-05 20:45,0.0
2025-02-05 21:00,0.0
2025-02-05 21:15,0.0
2025-02-05 21:30,0.0
2025-02-05 21:45,0.0
2025-02-05 22:00,0.0
2025-02-05 22:15,0.0
2025-02-05 22:30,0.0
2025-02-05 22:45,0.0
2025-02-05 23:00,0.0
2025-02-05 23:15,0.0
2025-02-05 23:30,0.0
2025-02-05 23:45,0.0
2025-02-06 00:00,0.0
2025-02-06 00:15,0.0
2025-02-06 00:30,0.0
2025-02-06 00:45,0.001062
2025-02-06 01:00,0.008283
2025-02-06 01:15,0.0
2025-02-06 01:30,0.000877
2025-02-06 01:45,0.001571
2025-02-06 02:00,0.0
2025-02-06 02:15,0.007848
2025-02-06 02:30,0.0
2025-02-06 02:45,0.000503
2025-02-06 03:00,0.0
2025-02-06 03:15,0.000626
2025-02-06 03:30,0.0
2025-02-06 03:45,0.0
2025-02-06 04:00,0.035821
2025-02-06 04:15,0.246075
2025-02-06 04:30,0.13553
2025-02-06 04:45,0.000847
2025-02-06 05:00,0.0
2025-02-06 05:15,0.015291
2025-02-06 05:30,0.000454
2025-02-06 05:45,0.0
2025-02-06 06:00,0.0
2025-02-06 06:15,0.0
2025-02-06 06:30,0.0
2025-02-06 06:45,0.000577
2025-02-06 07:00,0.008124
2025-02-06 07:15,0.0
2025-02-06 07:30,0.003191
2025-02-06 07:45,0.0
2025-02-06 08:00,0.000454
2025-02-06 08:15,0.0
2025-02-06 08:30,0.037355
2025-02-06 08:45,0.009339
2025-02-06 09:00,0.049842
2025-02-06 09:15,0.0
2025-02-06 09:30,0.0
2025-02-06 09:45,0.0259
2025-02-06 10:00,0.049725
2025-02-06 10:15,0.00767
2025-02-06 10:30,0.008283
2025-02-06 10:45,0.023132
2025-02-06 11:00,0.00605
2025-02-06 11:15,0.031692
2025-02-06 11:30,0.094419
2025-02-06 11:45,0.164356
2025-02-06 12:00,0.167885
2025-02-06 12:15,0.070673
2025-02-06 12:30,0.147084
2025-02-06 12:45,0.175867
2025-02-06 13:00,0.094027
2025-02-06 13:15,0.012769
2025-02-06 13:30,0.206878
2025-02-06 13:45,0.133971
2025-02-06 14:00,0.360301
2025-02-06 14:15,0.184973
2025-02-06 14:30,0.309569
2025-02-06 14:45,0.132217
2025-02-06 15:00,0.168873
2025-02-06 15:15,0.186826
2025-02-06 15:30,0.130449
2025-02-06 15:45,0.034551
2025-02-06 16:00,0.162344
2025-02-06 16:15,0.053204
2025-02-06 16:30,0.006823
2025-02-06 16:45,0.106716
2025-02-06 17:00,0.041724
2025-02-06 17:15,0.022261
2025-02-06 17:30,0.039172
2025-02-06 17:45,0.186777
2025-02-06 18:00,0.086314
2025-02-06 18:15,0.21842
2025-02-06 18:30,0.053573
2025-02-06 18:45,0.037355
2025-02-06 19:00,0.000546
2025-02-06 19:15,0.086154
2025-02-06 19:30,0.093389
2025-02-06 19:45,0.084958
2025-02-06 20:00,0.150784
2025-02-06 20:15,0.150477
2025-02-06 20:30,0.057027
2025-02-06 20:45,0.172247
2025-02-06 21:00,0.0
2025-02-06 21:15,0.0
2025-02-06 21:30,0.0
2025-02-06 21:45,0.041012
2025-02-06 22:00,0.083424
2025-02-06 22:15,0.06012
2025-02-06 22:30,0.074711
2025-02-06 22:45,0.077214
2025-02-06 23:00,0.078632
2025-02-06 23:15,0.189366
2025-02-06 23:30,0.206068
2025-02-06 23:45,0.280037
2025-02-07 00:00,0.117263
2025-02-07 00:15,0.113422
2025-02-07 00:30,0.037355
2025-02-07 00:45,0.0
2025-02-07 01:00,0.0
2025-02-07 01:15,0.0
2025-02-07 01:30,0.0
2025-02-07 01:45,0.0
2025-02-07 02:00,0.003626
2025-02-07 02:15,0.0
2025-02-07 02:30,0.0
2025-02-07 02:45,0.0
2025-02-07 03:00,0.078834
2025-02-07 03:15,0.0
2025-02-07 03:30,0.055027
2025-02-07 03:45,0.030784
2025-02-07 04:00,0.0
2025-02-07 04:15,0.0
2025-02-07 04:30,0.0
2025-02-07 04:45,0.0
2025-02-07 05:00,0.0
2025-02-07 05:15,0.0
2025-02-07 05:30,0.0
2025-02-07 05:45,0.009339
2025-02-07 06:00,0.237447
2025-02-07 06:15,0.149931
2025-02-07 06:30,0.024237
2025-02-07 06:45,0.210683
2025-02-07 07:00,0.295481
2025-02-07 07:15,0.159215
2025-02-07 07:30,0.018678
2025-02-07 07:45,0.114754
2025-02-07 08:00,0.037355
2025-02-07 08:15,0.050327
2025-02-07 08:30,0.155263
2025-02-07 08:45,0.050143
2025-02-07 09:00,0.017383
2025-02-07 09:15,0.0
2025-02-07 09:30,0.084369
2025-02-07 09:45,0.0
2025-02-07 10:00,0.064832
2025-02-07 10:15,0.009793
2025-02-07 10:30,0.003142
2025-02-07 10:45,0.001019
2025-02-07 11:00,0.009106
2025-02-07 11:15,0.000454
2025-02-07 11:30,0.069029
2025-02-07 11:45,0.13588
2025-02-07 12:00,0.027489
2025-02-07 12:15,0.008283
2025-02-07 12:30,0.00046
2025-02-07 12:45,0.040927
2025-02-07 13:00,0.076098
2025-02-07 13:15,0.010149
2025-02-07 13:30,0.036141
2025-02-07 13:45,0.014646
2025-02-07 14:00,0.260015
2025-02-07 14:15,0.064734
2025-02-07 14:30,0.025176
2025-02-07 14:45,0.008241
2025-02-07 15:00,0.002454
2025-02-07 15:15,0.018334
2025-02-07 15:30,0.026102
2025-02-07 15:45,0.032471
2025-02-07 16:00,0.013622
2025-02-07 16:15,0.0
2025-02-07 16:30,0.009983
2025-02-07 16:45,0.008277
2025-02-07 17:00,0.123203
2025-02-07 17:15,0.192324
2025-02-07 17:30,0.033858
2025-02-07 17:45,0.002841
2025-02-07 18:00,0.001816
2025-02-07 18:15,0.040196
2025-02-07 18:30,0.087707
2025-02-07 18:45,0.29499
2025-02-07 19:00,0.021304
2025-02-07 19:15,0.0
2025-02-07 19:30,0.000644
2025-02-07 19:45,0.023918
2025-02-07 20:00,0.022151
2025-02-07 20:15,0.0
2025-02-07 20:30,0.0
2025-02-07 20:45,0.05661
2025-02-07 21:00,0.052695
2025-02-07 21:15,0.086553
2025-02-07 21:30,0.03068
2025-02-07 21:45,0.0
2025-02-07 22:00,0.00243
2025-02-07 22:15,0.101378
2025-02-07 22:30,0.049357
2025-02-07 22:45,0.057236
2025-02-07 23:00,0.002503
2025-02-07 23:15,0.0
2025-02-07 23:30,0.000454
2025-02-07 23:45,0.0
2025-02-08 00:00,0.0
2025-02-08 00:15,0.000908
2025-02-08 00:30,0.0
2025-02-08 00:45,0.000454
2025-02-08 01:00,0.000503
2025-02-08 01:15,0.0
2025-02-08 01:30,0.070698
2025-02-08 01:45,0.002307
2025-02-08 02:00,0.0
2025-02-08 02:15,0.0
2025-02-08 02:30,0.0
2025-02-08 02:45,0.057616
2025-02-08 03:00,0.099469
2025-02-08 03:15,0.008658
2025-02-08 03:30,0.015561
2025-02-08 03:45,0.0
2025-02-08 04:00,0.03068
2025-02-08 04:15,0.0
2025-02-08 04:30,0.017009
2025-02-08 04:45,0.009339
2025-02-08 05:00,0.232434
2025-02-08 05:15,0.270459
2025-02-08 05:30,0.0
2025-02-08 05:45,0.037355
2025-02-08 06:00,0.0
2025-02-08 06:15,0.0
2025-02-08 06:30,0.006185
2025-02-08 06:45,0.096684
2025-02-08 07:00,0.018678
2025-02-08 07:15,0.038435
2025-02-08 07:30,0.0
2025-02-08 07:45,0.03068
2025-02-08 08:00,0.00767
2025-02-08 08:15,0.001687
2025-02-08 08:30,0.015917
2025-02-08 08:45,0.002786
2025-02-08 09:00,0.034754
2025-02-08 09:15,0.086529
2025-02-08 09:30,0.0185
2025-02-08 09:45,0.225703
2025-02-08 10:00,0.038349
2025-02-08 10:15,0.071348
2025-02-08 10:30,0.040374
2025-02-08 10:45,0.033244
2025-02-08 11:00,0.011032
2025-02-08 11:15,0.0
2025-02-08 11:30,0.100383
2025-02-08 11:45,0.034373
2025-02-08 12:00,0.000583
2025-02-08 12:15,0.002283
2025-02-08 12:30,0.017463
2025-02-08 12:45,0.02004
2025-02-08 13:00,0.017536
2025-02-08 13:15,0.069943
2025-02-08 13:30,0.034472
2025-02-08 13:45,0.062212
2025-02-08 14:00,0.182359
2025-02-08 14:15,0.182507
2025-02-08 14:30,0.159478
2025-02-08 14:45,0.010364
2025-02-08 15:00,0.047719
2025-02-08 15:15,0.109391
2025-02-08 15:30,0.113723
2025-02-08 15:45,0.112128
2025-02-08 16:00,0.093229
2025-02-08 16:15,0.099782
2025-02-08 16:30,0.037171
2025-02-08 16:45,0.218567
2025-02-08 17:00,0.174616
2025-02-08 17:15,0.100445
2025-02-08 17:30,0.070673
2025-02-08 17:45,0.076331
2025-02-08 18:00,0.039073
2025-02-08 18:15,0.039172
2025-02-08 18:30,0.157092
2025-02-08 18:45,0.001816
2025-02-08 19:00,0.0
2025-02-08 19:15,0.0
2025-02-08 19:30,0.0
2025-02-08 19:45,0.038938
2025-02-08 20:00,0.009192
2025-02-08 20:15,0.0
2025-02-08 20:30,0.001062
2025-02-08 20:45,0.016567
2025-02-08 21:00,0.001104
2025-02-08 21:15,0.001154
2025-02-08 21:30,0.000454
2025-02-08 21:45,0.199957
2025-02-08 22:00,0.097279
2025-02-08 22:15,0.067814
2025-02-08 22:30,0.0
2025-02-08 22:45,0.0
2025-02-08 23:00,0.133462
2025-02-08 23:15,0.133947
2025-02-08 23:30,0.229667
2025-02-08 23:45,0.260604
2025-02-09 00:00,0.01534
2025-02-09 00:15,0.019107
2025-02-09 00:30,0.022813
2025-02-09 00:45,0.053689
2025-02-09 01:00,0.171683
2025-02-09 01:15,0.090879
2025-02-09 01:30,0.036055
2025-02-09 01:45,0.28694
2025-02-09 02:00,0.153103
2025-02-09 02:15,0.075281
2025-02-09 02:30,0.052744
2025-02-09 02:45,0.000454
2025-02-09 03:00,0.017481
2025-02-09 03:15,0.190943
2025-02-09 03:30,0.059782
2025-02-09 03:45,0.001074
2025-02-09 04:00,0.00038
2025-02-09 04:15,0.00767
2025-02-09 04:30,0.039172
2025-02-09 04:45,0.0
2025-02-09 05:00,0.0
2025-02-09 05:15,0.017009
2025-02-09 05:30,0.0
2025-02-09 05:45,0.001816
2025-02-09 06:00,0.0
2025-02-09 06:15,0.018757
2025-02-09 06:30,0.0
2025-02-09 06:45,0.113134
2025-02-09 07:00,0.000908
2025-02-09 07:15,0.039245
2025-02-09 07:30,0.018395
2025-02-09 07:45,0.018678
2025-02-09 08:00,0.0
2025-02-09 08:15,0.037809
2025-02-09 08:30,0.0
2025-02-09 08:45,0.019015
2025-02-09 09:00,0.002025
2025-02-09 09:15,0.000773
2025-02-09 09:30,0.00062
2025-02-09 09:45,0.001816
2025-02-09 10:00,0.003988
2025-02-09 10:15,0.004743
2025-02-09 10:30,0.026464
2025-02-09 10:45,0.015291
2025-02-09 11:00,0.112692
2025-02-09 11:15,0.128891
2025-02-09 11:30,0.000859
2025-02-09 11:45,0.086216
2025-02-09 12:00,0.06752
2025-02-09 12:15,0.007437
2025-02-09 12:30,0.050953
2025-02-09 12:45,0.03068
2025-02-09 13:00,0.009339
2025-02-09 13:15,0.00767
2025-02-09 13:30,0.0
2025-02-09 13:45,0.020911
2025-02-09 14:00,0.047805
2025-02-09 14:15,0.181525
2025-02-09 14:30,0.237079
2025-02-09 14:45,0.215285
2025-02-09 15:00,0.079393
2025-02-09 15:15,0.276312
2025-02-09 15:30,0.308685
2025-02-09 15:45,0.125228
2025-02-09 16:00,0.172149
2025-02-09 16:15,0.163663
2025-02-09 16:30,0.117908
2025-02-09 16:45,0.259905
2025-02-09 17:00,0.14239
2025-02-09 17:15,0.319656
2025-02-09 17:30,0.27449
2025-02-09 17:45,0.132217
2025-02-09 18:00,0.188992
2025-02-09 18:15,0.102826
2025-02-09 18:30,0.080025
2025-02-09 18:45,0.093916
2025-02-09 19:00,0.037355
2025-02-09 19:15,0.0
2025-02-09 19:30,0.0
2025-02-09 19:45,0.001166
2025-02-09 20:00,0.0
2025-02-09 20:15,0.009517
2025-02-09 20:30,0.0
2025-02-09 20:45,0.008547
2025-02-09 21:00,0.0
2025-02-09 21:15,0.001816
2025-02-09 21:30,0.0
2025-02-09 21:45,0.076699
2025-02-09 22:00,0.0
2025-02-09 22:15,0.000644
2025-02-09 22:30,0.009185
2025-02-09 22:45,0.001571
2025-02-09 23:00,0.10409
2025-02-09 23:15,0.000577
2025-02-09 23:30,0.008198
2025-02-09 23:45,0.009339
2025-02-10 00:00,0.002405
2025-02-10 00:15,0.0
2025-02-10 00:30,0.0
2025-02-10 00:45,0.0
2025-02-10 01:00,0.003516
2025-02-10 01:15,0.0
2025-02-10 01:30,0.0
2025-02-10 01:45,0.0
2025-02-10 02:00,0.001816
2025-02-10 02:15,0.0
2025-02-10 02:30,0.0
2025-02-10 02:45,0.0
2025-02-10 03:00,0.0
2025-02-10 03:15,0.000454
2025-02-10 03:30,0.0
2025-02-10 03:45,0.0
2025-02-10 04:00,0.037355
2025-02-10 04:15,0.037809
2025-02-10 04:30,0.00767
2025-02-10 04:45,0.001816
2025-02-10 05:00,0.003362
2025-02-10 05:15,0.009339
2025-02-10 05:30,0.0
2025-02-10 05:45,0.105194
2025-02-10 06:00,0.061359
2025-02-10 06:15,0.093241
2025-02-10 06:30,0.0
2025-02-10 06:45,0.037355
2025-02-10 07:00,0.0
2025-02-10 07:15,0.00767
2025-02-10 07:30,0.0249
2025-02-10 07:45,0.061359
2025-02-10 08:00,0.017131
2025-02-10 08:15,0.07122
2025-02-10 08:30,0.003166
2025-02-10 08:45,0.017095
2025-02-10 09:00,0.046694
2025-02-10 09:15,0.023887
2025-02-10 09:30,0.008277
2025-02-10 09:45,0.018678
2025-02-10 10:00,0.000454
2025-02-10 10:15,0.191183
2025-02-10 10:30,0.008547
2025-02-10 10:45,0.000546
2025-02-10 11:00,0.042497
2025-02-10 11:15,0.0
2025-02-10 11:30,0.09091
2025-02-10 11:45,0.256929
2025-02-10 12:00,0.075159
2025-02-10 12:15,0.04597
2025-02-10 12:30,0.238141
2025-02-10 12:45,0.02463
2025-02-10 13:00,0.05669
2025-02-10 13:15,0.017009
2025-02-10 13:30,0.032459
2025-02-10 13:45,0.108606
2025-02-10 14:00,0.010744
2025-02-10 14:15,0.14042
2025-02-10 14:30,0.17329
2025-02-10 14:45,0.190477
2025-02-10 15:00,0.326639
2025-02-10 15:15,0.238368
2025-02-10 15:30,0.177113
2025-02-10 15:45,0.297358
2025-02-10 16:00,0.366467
2025-02-10 16:15,0.042473
2025-02-10 16:30,0.000454
2025-02-10 16:45,0.011039
2025-02-10 17:00,0.017978
2025-02-10 17:15,0.00767
2025-02-10 17:30,0.029207
2025-02-10 17:45,0.031134
2025-02-10 18:00,0.01534
2025-02-10 18:15,0.004933
2025-02-10 18:30,0.002258
2025-02-10 18:45,0.0
2025-02-10 19:00,0.00767
2025-02-10 19:15,0.056119
2025-02-10 19:30,0.046019
2025-02-10 19:45,0.031717
2025-02-10 20:00,0.008823
2025-02-10 20:15,0.0
2025-02-10 20:30,0.00767
2025-02-10 20:45,0.02301
2025-02-10 21:00,0.053689
2025-02-10 21:15,0.012689
2025-02-10 21:30,0.0
2025-02-10 21:45,0.0
2025-02-10 22:00,0.0
2025-02-10 22:15,0.009511
2025-02-10 22:30,0.299089
2025-02-10 22:45,0.009793
2025-02-10 23:00,0.00062
2025-02-10 23:15,0.151815
2025-02-10 23:30,0.054045
2025-02-10 23:45,0.009339
2025-02-11 00:00,0.000454
2025-02-11 00:15,0.000454
2025-02-11 00:30,0.118018
2025-02-11 00:45,0.0
2025-02-11 01:00,0.000908
2025-02-11 01:15,0.0
2025-02-11 01:30,0.0
2025-02-11 01:45,0.0
2025-02-11 02:00,0.007848
2025-02-11 02:15,0.000558
2025-02-11 02:30,0.262543
2025-02-11 02:45,0.291149
2025-02-11 03:00,0.061359
2025-02-11 03:15,0.003123
2025-02-11 03:30,0.0
2025-02-11 03:45,0.0
2025-02-11 04:00,0.001092
2025-02-11 04:15,0.000454
2025-02-11 04:30,0.0
2025-02-11 04:45,0.000614
2025-02-11 05:00,0.061813
2025-02-11 05:15,0.00805
2025-02-11 05:30,0.007228
2025-02-11 05:45,0.000595
2025-02-11 06:00,0.01534
2025-02-11 06:15,0.003037
2025-02-11 06:30,0.0
2025-02-11 06:45,0.0
2025-02-11 07:00,0.037355
2025-02-11 07:15,0.009339
2025-02-11 07:30,0.002283
2025-02-11 07:45,0.00038
2025-02-11 08:00,0.00805
2025-02-11 08:15,0.02501
2025-02-11 08:30,0.0
2025-02-11 08:45,0.001933
2025-02-11 09:00,0.00767
2025-02-11 09:15,0.036374
2025-02-11 09:30,0.000454
2025-02-11 09:45,0.0
2025-02-11 10:00,0.03411
2025-02-11 10:15,0.090094
2025-02-11 10:30,0.000859
2025-02-11 10:45,0.144268
2025-02-11 11:00,0.145875
2025-02-11 11:15,0.002448
2025-02-11 11:30,0.103513
2025-02-11 11:45,0.2232
2025-02-11 12:00,0.044608
2025-02-11 12:15,0.166025
2025-02-11 12:30,0.154551
2025-02-11 12:45,0.06304
2025-02-11 13:00,0.055886
2025-02-11 13:15,0.048511
2025-02-11 13:30,0.018678
2025-02-11 13:45,1.0
2025-02-11 14:00,0.072391
2025-02-11 14:15,0.102267
2025-02-11 14:30,0.118012
2025-02-11 14:45,0.116153
2025-02-11 15:00,0.000792
2025-02-11 15:15,0.0
2025-02-11 15:30,0.019537
2025-02-11 15:45,0.0
2025-02-11 16:00,0.0
2025-02-11 16:15,0.01534
2025-02-11 16:30,0.015291
2025-02-11 16:45,0.008265
2025-02-11 17:00,0.11827
2025-02-11 17:15,0.076552
2025-02-11 17:30,0.03068
2025-02-11 17:45,0.0
2025-02-11 18:00,0.0
2025-02-11 18:15,0.0
2025-02-11 18:30,0.095806
2025-02-11 18:45,0.121933
2025-02-11 19:00,0.075619
2025-02-11 19:15,0.019132
2025-02-11 19:30,0.000644
2025-02-11 19:45,0.0
2025-02-11 20:00,0.0
2025-02-11 20:15,0.0
2025-02-11 20:30,0.000454
2025-02-11 20:45,0.002037
2025-02-11 21:00,0.0
2025-02-11 21:15,0.0
2025-02-11 21:30,0.002332
2025-02-11 21:45,0.0
2025-02-11 22:00,0.045001
2025-02-11 22:15,0.0
2025-02-11 22:30,0.170689
2025-02-11 22:45,0.0
2025-02-11 23:00,0.009339
2025-02-11 23:15,0.010247
2025-02-11 23:30,0.009339
2025-02-11 23:45,0.077497
2025-02-12 00:00,0.176285
2025-02-12 00:00,0.149088
2025-02-12 00:15,0.200815
2025-02-12 00:30,0.355502
2025-02-12 00:45,0.248208
2025-02-12 01:00,0.044929
2025-02-12 01:15,0.27361
2025-02-12 01:30,0.145497
2025-02-12 01:45,0.0
2025-02-12 02:00,0.01946
2025-02-12 02:15,0.000607
2025-02-12 02:30,0.001536
2025-02-12 02:45,0.0
2025-02-12 03:00,0.075338
2025-02-12 03:15,0.012973
2025-02-12 03:30,0.048317
2025-02-12 03:45,0.048888
2025-02-12 04:00,0.000446
2025-02-12 04:15,0.0
2025-02-12 04:30,0.0
2025-02-12 04:45,0.000633
2025-02-12 05:00,0.031385
2025-02-12 05:15,0.031976
2025-02-12 05:30,0.096313
2025-02-12 05:45,0.078078
2025-02-12 06:00,0.063185
2025-02-12 06:15,0.048925
2025-02-12 06:30,0.001536
2025-02-12 06:45,0.063683
2025-02-12 07:00,0.0
2025-02-12 07:15,0.046044
2025-02-12 07:30,0.000384
2025-02-12 07:45,0.168978
2025-02-12 08:00,0.12556
2025-02-12 08:15,0.039791
2025-02-12 08:30,0.164272
2025-02-12 08:45,0.127667
2025-02-12 09:00,0.077948
2025-02-12 09:15,0.204375
2025-02-12 09:30,0.062541
2025-02-12 09:45,0.052458
2025-02-12 10:00,0.079713
2025-02-12 10:15,0.0854
2025-02-12 10:30,0.060715
2025-02-12 10:45,0.199102
2025-02-12 11:00,0.168569
2025-02-12 11:15,0.17054
2025-02-12 11:30,0.141501
2025-02-12 11:45,0.012242
2025-02-12 12:00,0.053304
2025-02-12 12:15,0.0
2025-02-12 12:30,0.014322
2025-02-12 12:45,0.0
2025-02-12 13:00,0.01728
2025-02-12 13:15,0.003207
2025-02-12 13:30,0.0
2025-02-12 13:45,0.040777
2025-02-12 14:00,0.080522
2025-02-12 14:15,0.201495
2025-02-12 14:30,0.075909
2025-02-12 14:45,0.147277
2025-02-12 15:00,0.187515
2025-02-12 15:15,0.19451
2025-02-12 15:30,0.290579
2025-02-12 15:45,0.186046
2025-02-12 16:00,0.047575
2025-02-12 16:15,0.030056
2025-02-12 16:30,0.037435
2025-02-12 16:45,0.100973
2025-02-12 17:00,0.307678
2025-02-12 17:15,0.026948
2025-02-12 17:30,0.065343
2025-02-12 17:45,0.024794
2025-02-12 18:00,0.039848
2025-02-12 18:15,0.020373
2025-02-12 18:30,0.0
2025-02-12 18:45,0.007898
2025-02-12 19:00,0.0
2025-02-12 19:15,0.0
2025-02-12 19:30,0.0
2025-02-12 19:45,0.001536
2025-02-12 20:00,0.0
2025-02-12 20:15,0.0
2025-02-12 20:30,0.0
2025-02-12 20:45,0.006487
2025-02-12 21:00,0.0
2025-02-12 21:15,0.016564
2025-02-12 21:30,0.007898
2025-02-12 21:45,0.0
2025-02-12 22:00,0.008282
2025-02-12 22:15,0.034659
2025-02-12 22:30,0.025946
2025-02-12 22:45,0.000384
2025-02-12 23:00,0.045001
2025-02-12 23:15,0.144791
2025-02-12 23:30,0.01728
2025-02-12 23:45,0.007914
2025-02-13 00:00,0.0
2025-02-13 00:15,0.0
2025-02-13 00:30,0.002096
2025-02-13 00:45,0.009227
2025-02-13 01:00,0.0
2025-02-13 01:15,0.0
2025-02-13 01:30,0.0
2025-02-13 01:45,0.013617
2025-02-13 02:00,0.000322
2025-02-13 02:15,0.0
2025-02-13 02:30,0.168527
2025-02-13 02:45,0.164749
2025-02-13 03:00,0.011271
2025-02-13 03:15,0.000332
2025-02-13 03:30,0.0
2025-02-13 03:45,0.0
2025-02-13 04:00,0.0
2025-02-13 04:15,0.0
2025-02-13 04:30,0.0
2025-02-13 04:45,0.007898
2025-02-13 05:00,0.007898
2025-02-13 05:15,0.0
2025-02-13 05:30,0.039874
2025-02-13 05:45,0.000384
2025-02-13 06:00,0.0
2025-02-13 06:15,0.0
2025-02-13 06:30,0.026823
2025-02-13 06:45,0.006756
2025-02-13 07:00,0.0
2025-02-13 07:15,0.018474
2025-02-13 07:30,0.000768
2025-02-13 07:45,0.00192
2025-02-13 08:00,0.032859
2025-02-13 08:15,0.082011
2025-02-13 08:30,0.08582
2025-02-13 08:45,0.000446
2025-02-13 09:00,0.031592
2025-02-13 09:15,0.040705
2025-02-13 09:30,0.016128
2025-02-13 09:45,0.006206
2025-02-13 10:00,0.000384
2025-02-13 10:15,0.0
2025-02-13 10:30,0.00342
2025-02-13 10:45,0.067886
2025-02-13 11:00,0.065634
2025-02-13 11:15,0.266921
2025-02-13 11:30,0.123577
2025-02-13 11:45,0.098295
2025-02-13 12:00,0.063143
2025-02-13 12:15,0.0
2025-02-13 12:30,0.095057
2025-02-13 12:45,0.030248
2025-02-13 13:00,0.142581
2025-02-13 13:15,0.142404
2025-02-13 13:30,0.213176
2025-02-13 13:45,0.194245
2025-02-13 14:00,0.237944
2025-02-13 14:15,0.078773
2025-02-13 14:30,0.025339
2025-02-13 14:45,0.200431
2025-02-13 15:00,0.068306
2025-02-13 15:15,0.001536
2025-02-13 15:30,0.021608
2025-02-13 15:45,0.014115
2025-02-13 16:00,0.001536
2025-02-13 16:15,0.0
2025-02-13 16:30,0.007794
2025-02-13 16:45,0.098835
2025-02-13 17:00,0.052464
2025-02-13 17:15,0.083817
2025-02-13 17:30,0.0
2025-02-13 17:45,0.0
2025-02-13 18:00,0.032433
2025-02-13 18:15,0.01946
2025-02-13 18:30,0.029579
2025-02-13 18:45,0.052609
2025-02-13 19:00,0.01946
2025-02-13 19:15,0.0
2025-02-13 19:30,0.001536
2025-02-13 19:45,0.0
2025-02-13 20:00,0.0
2025-02-13 20:15,0.0
2025-02-13 20:30,0.0
2025-02-13 20:45,0.000384
2025-02-13 21:00,0.001915
2025-02-13 21:15,0.016564
2025-02-13 21:30,0.0
2025-02-13 21:45,0.0
2025-02-13 22:00,0.005412
2025-02-13 22:15,0.065146
2025-02-13 22:30,0.157775
2025-02-13 22:45,0.070906
2025-02-13 23:00,0.0
2025-02-13 23:15,0.0
2025-02-13 23:30,0.01055
2025-02-13 23:45,0.007898
2025-02-14 00:00,0.000586
2025-02-14 00:15,0.0
2025-02-14 00:30,0.006871
2025-02-14 00:45,0.0
2025-02-14 01:00,0.0
2025-02-14 01:15,0.013669
2025-02-14 01:30,0.003098
2025-02-14 01:45,0.060855
2025-02-14 02:00,0.01946
2025-02-14 02:15,0.006871
2025-02-14 02:30,0.0
2025-02-14 02:45,0.001002
2025-02-14 03:00,0.0
2025-02-14 03:15,0.0
2025-02-14 03:30,0.0
2025-02-14 03:45,0.0
2025-02-14 04:00,0.007898
2025-02-14 04:15,0.0
2025-02-14 04:30,0.0
2025-02-14 04:45,0.0
2025-02-14 05:00,0.0
2025-02-14 05:15,0.014385
2025-02-14 05:30,0.000519
2025-02-14 05:45,0.000509
2025-02-14 06:00,0.000384
2025-02-14 06:15,0.011915
2025-02-14 06:30,0.0
2025-02-14 06:45,0.091373
2025-02-14 07:00,0.001598
2025-02-14 07:15,0.0
2025-02-14 07:30,0.052111
2025-02-14 07:45,0.125959
2025-02-14 08:00,0.002973
2025-02-14 08:15,0.0
2025-02-14 08:30,0.0
2025-02-14 08:45,0.091492
2025-02-14 09:00,0.013783
2025-02-14 09:15,0.000758
2025-02-14 09:30,0.0
2025-02-14 09:45,0.0
2025-02-14 10:00,0.103038
2025-02-14 10:15,0.119239
2025-02-14 10:30,0.079489
2025-02-14 10:45,0.000472
2025-02-14 11:00,0.042511
2025-02-14 11:15,0.065499
2025-02-14 11:30,0.080257
2025-02-14 11:45,0.037404
2025-02-14 12:00,0.0
2025-02-14 12:15,0.007898
2025-02-14 12:30,0.0
2025-02-14 12:45,0.009175
2025-02-14 13:00,0.000384
2025-02-14 13:15,0.048883
2025-02-14 13:30,0.071586
2025-02-14 13:45,0.073433
2025-02-14 14:00,0.186254
2025-02-14 14:15,0.126598
2025-02-14 14:30,0.313801
2025-02-14 14:45,0.077123
2025-02-14 15:00,0.163582
2025-02-14 15:15,0.050507
2025-02-14 15:30,0.236232
2025-02-14 15:45,0.306956
2025-02-14 16:00,0.125295
2025-02-14 16:15,0.19919
2025-02-14 16:30,0.120184
2025-02-14 16:45,0.066973
2025-02-14 17:00,0.054882
2025-02-14 17:15,0.014468
2025-02-14 17:30,0.0
2025-02-14 17:45,0.001183
2025-02-14 18:00,0.000384
2025-02-14 18:15,0.057539
2025-02-14 18:30,0.034249
2025-02-14 18:45,0.533193
2025-02-14 19:00,0.788101
2025-02-14 19:15,0.468722
2025-02-14 19:30,0.762487
2025-02-14 19:45,0.507636
2025-02-14 20:00,0.842568
2025-02-14 20:15,0.551517
2025-02-14 20:30,0.005563
2025-02-14 20:45,0.0
2025-02-14 21:00,0.000384
2025-02-14 21:15,0.0
2025-02-14 21:30,0.0
2025-02-14 21:45,0.001619
2025-02-14 22:00,0.0
2025-02-14 22:15,0.031592
2025-02-14 22:30,0.0
2025-02-14 22:45,0.007898
2025-02-14 23:00,0.008386
2025-02-14 23:15,0.008282
2025-02-14 23:30,0.069225
2025-02-14 23:45,0.000384
2025-02-15 00:00,0.008282
2025-02-15 00:15,0.151044
2025-02-15 00:30,0.143899
2025-02-15 00:45,0.187655
2025-02-15 01:00,0.115612
2025-02-15 01:15,0.090812
2025-02-15 01:30,0.018806
2025-02-15 01:45,0.000841
2025-02-15 02:00,0.00042
2025-02-15 02:15,0.000545
2025-02-15 02:30,0.0
2025-02-15 02:45,0.0
2025-02-15 03:00,0.0
2025-02-15 03:15,0.007898
2025-02-15 03:30,0.040912
2025-02-15 03:45,0.055722
2025-02-15 04:00,0.0
2025-02-15 04:15,0.008396
2025-02-15 04:30,0.0
2025-02-15 04:45,0.002999
2025-02-15 05:00,0.01618
2025-02-15 05:15,0.036626
2025-02-15 05:30,0.041763
2025-02-15 05:45,0.125098
2025-02-15 06:00,0.008666
2025-02-15 06:15,0.009496
2025-02-15 06:30,0.013357
2025-02-15 06:45,0.02222
2025-02-15 07:00,0.006969
2025-02-15 07:15,0.012932
2025-02-15 07:30,0.176373
2025-02-15 07:45,0.03673
2025-02-15 08:00,0.022719
2025-02-15 08:15,0.026128
2025-02-15 08:30,0.009631
2025-02-15 08:45,0.059262
2025-02-15 09:00,0.063429
2025-02-15 09:15,0.008666
2025-02-15 09:30,0.032122
2025-02-15 09:45,0.016564
2025-02-15 10:00,0.01618
2025-02-15 10:15,0.070273
2025-02-15 10:30,0.015412
2025-02-15 10:45,0.015293
2025-02-15 11:00,0.033139
2025-02-15 11:15,0.12859
2025-02-15 11:30,0.199445
2025-02-15 11:45,0.069578
2025-02-15 12:00,0.0
2025-02-15 12:15,0.000586
2025-02-15 12:30,0.012932
2025-02-15 12:45,0.000384
2025-02-15 13:00,0.039838
2025-02-15 13:15,0.002263
2025-02-15 13:30,0.031592
2025-02-15 13:45,0.129441
2025-02-15 14:00,0.196041
2025-02-15 14:15,0.04742
2025-02-15 14:30,0.079604
2025-02-15 14:45,0.016248
2025-02-15 15:00,0.0
2025-02-15 15:15,0.071934
2025-02-15 15:30,0.083324
2025-02-15 15:45,0.006487
2025-02-15 16:00,0.020383
2025-02-15 16:15,0.070387
2025-02-15 16:30,0.006123
2025-02-15 16:45,0.149856
2025-02-15 17:00,0.025832
2025-02-15 17:15,0.0
2025-02-15 17:30,0.007244
2025-02-15 17:45,0.0
2025-02-15 18:00,0.026289
2025-02-15 18:15,0.007229
2025-02-15 18:30,0.0
2025-02-15 18:45,0.007898
2025-02-15 19:00,0.0
2025-02-15 19:15,0.055214
2025-02-15 19:30,0.028032
2025-02-15 19:45,0.051893
2025-02-15 20:00,0.05813
2025-02-15 20:15,0.079521
2025-02-15 20:30,0.0
2025-02-15 20:45,0.0
2025-02-15 21:00,0.0
2025-02-15 21:15,0.0
2025-02-15 21:30,0.0
2025-02-15 21:45,0.0
2025-02-15 22:00,0.0
2025-02-15 22:15,0.001832
2025-02-15 22:30,0.006487
2025-02-15 22:45,0.000467
2025-02-15 23:00,0.008282
2025-02-15 23:15,0.000431
2025-02-15 23:30,0.031592
2025-02-15 23:45,0.054332
2025-02-16 00:00,0.0
2025-02-16 00:15,0.007031
2025-02-16 00:30,0.044508
2025-02-16 00:45,0.259277
2025-02-16 01:00,0.351444
2025-02-16 01:15,0.136852
2025-02-16 01:30,0.006487
2025-02-16 01:45,0.078991
2025-02-16 02:00,0.029735
2025-02-16 02:15,0.000332
2025-02-16 02:30,0.006487
2025-02-16 02:45,0.058379
2025-02-16 03:00,0.244815
2025-02-16 03:15,0.03495
2025-02-16 03:30,0.163275
2025-02-16 03:45,0.089494
2025-02-16 04:00,0.001951
2025-02-16 04:15,0.000747
2025-02-16 04:30,0.001251
2025-02-16 04:45,0.0
2025-02-16 05:00,0.136146
2025-02-16 05:15,0.086806
2025-02-16 05:30,0.072235
2025-02-16 05:45,0.069827
2025-02-16 06:00,0.007898
2025-02-16 06:15,0.042827
2025-02-16 06:30,0.072546
2025-02-16 06:45,0.052111
2025-02-16 07:00,0.037975
2025-02-16 07:15,0.075784
2025-02-16 07:30,0.051727
2025-02-16 07:45,0.388734
2025-02-16 08:00,0.04578
2025-02-16 08:15,0.07251
2025-02-16 08:30,0.0
2025-02-16 08:45,0.000924
2025-02-16 09:00,0.099971
2025-02-16 09:15,0.079292
2025-02-16 09:30,0.27266
2025-02-16 09:45,0.365694
2025-02-16 10:00,0.116717
2025-02-16 10:15,0.034675
2025-02-16 10:30,0.026984
2025-02-16 10:45,0.135295
2025-02-16 11:00,0.014924
2025-02-16 11:15,0.059926
2025-02-16 11:30,0.012932
2025-02-16 11:45,0.030954
2025-02-16 12:00,0.034145
2025-02-16 12:15,0.000768
2025-02-16 12:30,0.043849
2025-02-16 12:45,0.026533
2025-02-16 13:00,0.023559
2025-02-16 13:15,0.089152
2025-02-16 13:30,0.013492
2025-02-16 13:45,0.014104
2025-02-16 14:00,0.024639
2025-02-16 14:15,0.043974
2025-02-16 14:30,0.000405
2025-02-16 14:45,0.170893
2025-02-16 15:00,0.053662
2025-02-16 15:15,0.063595
2025-02-16 15:30,0.131341
2025-02-16 15:45,0.051851
2025-02-16 16:00,0.040196
2025-02-16 16:15,0.034664
2025-02-16 16:30,0.01618
2025-02-16 16:45,0.002314
2025-02-16 17:00,0.000726
2025-02-16 17:15,0.069879
2025-02-16 17:30,0.053465
2025-02-16 17:45,0.008012
2025-02-16 18:00,0.0
2025-02-16 18:15,0.000384
2025-02-16 18:30,0.0
2025-02-16 18:45,0.025946
2025-02-16 19:00,0.012973
2025-02-16 19:15,0.0
2025-02-16 19:30,0.0
2025-02-16 19:45,0.007613
2025-02-16 20:00,0.0
2025-02-16 20:15,0.0
2025-02-16 20:30,0.0
2025-02-16 20:45,0.0
2025-02-16 21:00,0.0
2025-02-16 21:15,0.0
2025-02-16 21:30,0.038079
2025-02-16 21:45,1.0
2025-02-16 22:00,0.927485
2025-02-16 22:15,0.420902
2025-02-16 22:30,0.004473
2025-02-16 22:45,0.0
2025-02-16 23:00,0.027358
2025-02-16 23:15,0.0736
2025-02-16 23:30,0.007898
2025-02-16 23:45,0.060159
2025-02-17 00:00,0.020202
2025-02-17 00:15,0.050092
2025-02-17 00:30,0.006746
2025-02-17 00:45,0.0
2025-02-17 01:00,0.0
2025-02-17 01:15,0.0
2025-02-17 01:30,0.105815
2025-02-17 01:45,0.027358
2025-02-17 02:00,0.051893
2025-02-17 02:15,0.0
2025-02-17 02:30,0.002465
2025-02-17 02:45,0.006487
2025-02-17 03:00,0.0
2025-02-17 03:15,0.0
2025-02-17 03:30,0.0
2025-02-17 03:45,0.033627
2025-02-17 04:00,0.066672
2025-02-17 04:15,0.065136
2025-02-17 04:30,0.045655
2025-02-17 04:45,0.29966
2025-02-17 05:00,0.049132
2025-02-17 05:15,0.033128
2025-02-17 05:30,0.0
2025-02-17 05:45,0.048157
2025-02-17 06:00,0.047264
2025-02-17 06:15,0.055733
2025-02-17 06:30,0.023694
2025-02-17 06:45,0.013336
2025-02-17 07:00,0.035381
2025-02-17 07:15,0.07251
2025-02-17 07:30,0.000384
2025-02-17 07:45,0.0
2025-02-17 08:00,0.013627
2025-02-17 08:15,0.030741
2025-02-17 08:30,0.0
2025-02-17 08:45,0.063392
2025-02-17 09:00,0.003882
2025-02-17 09:15,0.014706
2025-02-17 09:30,0.0
2025-02-17 09:45,0.006056
2025-02-17 10:00,0.0
2025-02-17 10:15,0.000384
2025-02-17 10:30,0.0
2025-02-17 10:45,0.0
2025-02-17 11:00,0.0
2025-02-17 11:15,0.0
2025-02-17 11:30,0.003508
2025-02-17 11:45,0.0
2025-02-17 12:00,0.024462
2025-02-17 12:15,0.069993
2025-02-17 12:30,0.001733
2025-02-17 12:45,0.046096
2025-02-17 13:00,0.073164
2025-02-17 13:15,0.123827
2025-02-17 13:30,0.107304
2025-02-17 13:45,0.054218
2025-02-17 14:00,0.101129
2025-02-17 14:15,0.024
2025-02-17 14:30,0.056807
2025-02-17 14:45,0.041789
2025-02-17 15:00,0.0843
2025-02-17 15:15,0.024234
2025-02-17 15:30,0.069132
2025-02-17 15:45,0.101264
2025-02-17 16:00,0.113054
2025-02-17 16:15,0.025946
2025-02-17 16:30,0.031364
2025-02-17 16:45,0.007898
2025-02-17 17:00,0.010773
2025-02-17 17:15,0.019844
2025-02-17 17:30,0.034711
2025-02-17 17:45,0.001536
2025-02-17 18:00,0.008521
2025-02-17 18:15,0.000389
2025-02-17 18:30,0.0
2025-02-17 18:45,0.0
2025-02-17 19:00,0.007587
2025-02-17 19:15,0.0
2025-02-17 19:30,0.0
2025-02-17 19:45,0.001941
2025-02-17 20:00,0.0
2025-02-17 20:15,0.007296
2025-02-17 20:30,0.0
2025-02-17 20:45,0.0
2025-02-17 21:00,0.0
2025-02-17 21:15,0.0
2025-02-17 21:30,0.000384
2025-02-17 21:45,0.00056
2025-02-17 22:00,0.002973
2025-02-17 22:15,0.09595
2025-02-17 22:30,0.087709
2025-02-17 22:45,0.134267
2025-02-17 23:00,0.096697
2025-02-17 23:15,0.108196
2025-02-17 23:30,0.071861
2025-02-17 23:45,0.133401
2025-02-18 00:00,0.127085
2025-02-18 00:15,0.079344
2025-02-18 00:30,0.190867
2025-02-18 00:45,0.108726
2025-02-18 01:00,0.293724
2025-02-18 01:15,0.124574
2025-02-18 01:30,0.085602
2025-02-18 01:45,0.120723
2025-02-18 02:00,0.039874
2025-02-18 02:15,0.126369
2025-02-18 02:30,0.066257
2025-02-18 02:45,0.351771
2025-02-18 03:00,0.120972
2025-02-18 03:15,0.00974
2025-02-18 03:30,0.010015
2025-02-18 03:45,0.001536
2025-02-18 04:00,0.015796
2025-02-18 04:15,0.02605
2025-02-18 04:30,0.0
2025-02-18 04:45,0.032319
2025-02-18 05:00,0.000446
2025-02-18 05:15,0.010067
2025-02-18 05:30,0.063678
2025-02-18 05:45,0.0
2025-02-18 06:00,0.0
2025-02-18 06:15,0.078223
2025-02-18 06:30,0.007898
2025-02-18 06:45,0.01946
2025-02-18 07:00,0.040533
2025-02-18 07:15,0.053522
2025-02-18 07:30,0.000524
2025-02-18 07:45,0.0
2025-02-18 08:00,0.007898
2025-02-18 08:15,0.0
2025-02-18 08:30,0.000426
2025-02-18 08:45,0.091767
2025-02-18 09:00,0.036932
2025-02-18 09:15,0.106972
2025-02-18 09:30,0.041743
2025-02-18 09:45,0.012932
2025-02-18 10:00,0.016632
2025-02-18 10:15,0.000581
2025-02-18 10:30,0.006871
2025-02-18 10:45,0.001536
2025-02-18 11:00,0.007898
2025-02-18 11:15,0.0
2025-02-18 11:30,0.145232
2025-02-18 11:45,0.009009
2025-02-18 12:00,0.031551
2025-02-18 12:15,0.1845
2025-02-18 12:30,0.194951
2025-02-18 12:45,0.107159
2025-02-18 13:00,0.3013
2025-02-18 13:15,0.425194
2025-02-18 13:30,0.262339
2025-02-18 13:45,0.21097
2025-02-18 14:00,0.076698
2025-02-18 14:15,0.046345
2025-02-18 14:30,0.296194
2025-02-18 14:45,0.051447
2025-02-18 15:00,0.114117
2025-02-18 15:15,0.060279
2025-02-18 15:30,0.027389
2025-02-18 15:45,0.0891
2025-02-18 16:00,0.145227
2025-02-18 16:15,0.054716
2025-02-18 16:30,0.00905
2025-02-18 16:45,0.03949
2025-02-18 17:00,0.108798
2025-02-18 17:15,0.008282
2025-02-18 17:30,0.049309
2025-02-18 17:45,0.007898
2025-02-18 18:00,0.0
2025-02-18 18:15,0.0
2025-02-18 18:30,0.033128
2025-02-18 18:45,0.031592
2025-02-18 19:00,0.031592
2025-02-18 19:15,0.033128
2025-02-18 19:30,0.0
2025-02-18 19:45,0.080527
2025-02-18 20:00,0.109691
2025-02-18 20:15,0.054036
2025-02-18 20:30,0.01946
2025-02-18 20:45,0.025946
2025-02-18 21:00,0.02633
2025-02-18 21:15,0.03949
2025-02-18 21:30,0.0
2025-02-18 21:45,0.0
2025-02-18 22:00,0.0
2025-02-18 22:15,0.034882
2025-02-18 22:30,0.192699
2025-02-18 22:45,0.22617
2025-02-18 23:00,0.129441
2025-02-18 23:15,0.065151
2025-02-18 23:30,0.03755
2025-02-18 23:45,0.078524
2025-02-19 00:00,0.079365
2025-02-19 00:00,0.149639
2025-02-19 00:15,0.219498
2025-02-19 00:30,0.293818
2025-02-19 00:45,0.079643
2025-02-19 01:00,0.045399
2025-02-19 01:15,0.12102
2025-02-19 01:30,0.01634
2025-02-19 01:45,0.06029
2025-02-19 02:00,0.052717
2025-02-19 02:15,0.016672
2025-02-19 02:30,0.0213
2025-02-19 02:45,0.07252
2025-02-19 03:00,0.062462
2025-02-19 03:15,0.001634
2025-02-19 03:30,0.079545
2025-02-19 03:45,0.117224
2025-02-19 04:00,0.197014
2025-02-19 04:15,0.028981
2025-02-19 04:30,0.026828
2025-02-19 04:45,0.02446
2025-02-19 05:00,0.0
2025-02-19 05:15,0.0
2025-02-19 05:30,0.0
2025-02-19 05:45,0.0
2025-02-19 06:00,0.027278
2025-02-19 06:15,0.150793
2025-02-19 06:30,0.133466
2025-02-19 06:45,0.004755
2025-02-19 07:00,0.005782
2025-02-19 07:15,0.072579
2025-02-19 07:30,0.092734
2025-02-19 07:45,0.090934
2025-02-19 08:00,0.064957
2025-02-19 08:15,0.414614
2025-02-19 08:30,0.121519
2025-02-19 08:45,0.059566
2025-02-19 09:00,0.045399
2025-02-19 09:15,0.014304
2025-02-19 09:30,0.003835
2025-02-19 09:45,0.014891
2025-02-19 10:00,0.085357
2025-02-19 10:15,0.000724
2025-02-19 10:30,0.308358
2025-02-19 10:45,0.346966
2025-02-19 11:00,0.090797
2025-02-19 11:15,0.065622
2025-02-19 11:30,0.309023
2025-02-19 11:45,0.160578
2025-02-19 12:00,0.000841
2025-02-19 12:15,0.00454
2025-02-19 12:30,0.04714
2025-02-19 12:45,0.008688
2025-02-19 13:00,0.184021
2025-02-19 13:15,0.078635
2025-02-19 13:30,0.054243
2025-02-19 13:45,0.320177
2025-02-19 14:00,0.228235
2025-02-19 14:15,0.397325
2025-02-19 14:30,0.526476
2025-02-19 14:45,0.11514
2025-02-19 15:00,0.0
2025-02-19 15:15,0.050682
2025-02-19 15:30,0.137849
2025-02-19 15:45,0.002896
2025-02-19 16:00,0.357141
2025-02-19 16:15,0.509148
2025-02-19 16:30,0.0
2025-02-19 16:45,0.001419
2025-02-19 17:00,0.179911
2025-02-19 17:15,0.108144
2025-02-19 17:30,0.214997
2025-02-19 17:45,0.011477
2025-02-19 18:00,0.238264
2025-02-19 18:15,0.108487
2025-02-19 18:30,0.074457
2025-02-19 18:45,0.0
2025-02-19 19:00,0.0
2025-02-19 19:15,0.077354
2025-02-19 19:30,0.168053
2025-02-19 19:45,0.0
2025-02-19 20:00,0.0
2025-02-19 20:15,0.002162
2025-02-19 20:30,0.003366
2025-02-19 20:45,0.195243
2025-02-19 21:00,0.004041
2025-02-19 21:15,0.0
2025-02-19 21:30,0.01223
2025-02-19 21:45,0.0
2025-02-19 22:00,0.057942
2025-02-19 22:15,0.307966
2025-02-19 22:30,0.016506
2025-02-19 22:45,0.059566
2025-02-19 23:00,0.014891
2025-02-19 23:15,0.001565
2025-02-19 23:30,0.01223
2025-02-19 23:45,0.060065
2025-02-20 00:00,0.0
2025-02-20 00:15,0.0
2025-02-20 00:30,0.0
2025-02-20 00:45,0.0
2025-02-20 01:00,0.157349
2025-02-20 01:15,0.003209
2025-02-20 01:30,0.065984
2025-02-20 01:45,0.207943
2025-02-20 02:00,0.056729
2025-02-20 02:15,0.056592
2025-02-20 02:30,0.059566
2025-02-20 02:45,0.0
2025-02-20 03:00,0.025752
2025-02-20 03:15,0.039274
2025-02-20 03:30,0.057961
2025-02-20 03:45,0.077158
2025-02-20 04:00,0.227462
2025-02-20 04:15,0.0
2025-02-20 04:30,0.013033
2025-02-20 04:45,0.0
2025-02-20 05:00,0.057462
2025-02-20 05:15,0.210222
2025-02-20 05:30,0.204205
2025-02-20 05:45,0.030742
2025-02-20 06:00,0.168835
2025-02-20 06:15,0.004647
2025-02-20 06:30,0.0
2025-02-20 06:45,0.0
2025-02-20 07:00,0.269632
2025-02-20 07:15,0.187983
2025-02-20 07:30,0.02039
2025-02-20 07:45,0.163532
2025-02-20 08:00,0.01678
2025-02-20 08:15,0.0
2025-02-20 08:30,0.014304
2025-02-20 08:45,0.0
2025-02-20 09:00,0.014334
2025-02-20 09:15,0.0
2025-02-20 09:30,0.000861
2025-02-20 09:45,0.0
2025-02-20 10:00,0.025106
2025-02-20 10:15,0.0
2025-02-20 10:30,0.0
2025-02-20 10:45,0.015919
2025-02-20 11:00,0.0
2025-02-20 11:15,0.0
2025-02-20 11:30,0.0
2025-02-20 11:45,0.003053
2025-02-20 12:00,0.0
2025-02-20 12:15,0.027797
2025-02-20 12:30,0.028452
2025-02-20 12:45,0.0
2025-02-20 13:00,0.387257
2025-02-20 13:15,1.0
2025-02-20 13:30,0.352866
2025-02-20 13:45,0.213539
2025-02-20 14:00,0.0
2025-02-20 14:15,0.1079
2025-02-20 14:30,0.07614
2025-02-20 14:45,0.103986
2025-02-20 15:00,0.100082
2025-02-20 15:15,0.001507
2025-02-20 15:30,0.163669
2025-02-20 15:45,0.233978
2025-02-20 16:00,0.325499
2025-02-20 16:15,0.225544
2025-02-20 16:30,0.049645
2025-02-20 16:45,0.074027
2025-02-20 17:00,0.052414
2025-02-20 17:15,0.130345
2025-02-20 17:30,0.017396
2025-02-20 17:45,0.080778
2025-02-20 18:00,0.228587
2025-02-20 18:15,0.345469
2025-02-20 18:30,0.042013
2025-02-20 18:45,0.53946
2025-02-20 19:00,0.0
2025-02-20 19:15,0.0
2025-02-20 19:30,0.108487
2025-02-20 19:45,0.013199
2025-02-20 20:00,0.0
2025-02-20 20:15,0.0
2025-02-20 20:30,0.0
2025-02-20 20:45,0.014891
2025-02-20 21:00,0.0
2025-02-20 21:15,0.0
2025-02-20 21:30,0.0
2025-02-20 21:45,0.0
2025-02-20 22:00,0.002896
2025-02-20 22:15,0.0245
2025-02-20 22:30,0.064634
2025-02-20 22:45,0.077354
2025-02-20 23:00,0.033491
2025-02-20 23:15,0.075181
2025-02-20 23:30,0.098566
2025-02-20 23:45,0.195683
2025-02-21 00:00,0.000724
2025-02-21 00:15,0.0
2025-02-21 00:30,0.01223
2025-02-21 00:45,0.0
2025-02-21 01:00,0.0
2025-02-21 01:15,0.0
2025-02-21 01:30,0.000724
2025-02-21 01:45,0.0
2025-02-21 02:00,0.0
2025-02-21 02:15,0.01223
2025-02-21 02:30,0.0
2025-02-21 02:45,0.0
2025-02-21 03:00,0.000802
2025-02-21 03:15,0.0
2025-02-21 03:30,0.0
2025-02-21 03:45,0.0
2025-02-21 04:00,0.010391
2025-02-21 04:15,0.0
2025-02-21 04:30,0.0
2025-02-21 04:45,0.0
2025-02-21 05:00,0.003757
2025-02-21 05:15,0.031505
2025-02-21 05:30,0.118486
2025-02-21 05:45,0.001448
2025-02-21 06:00,0.032317
2025-02-21 06:15,0.019118
2025-02-21 06:30,0.472164
2025-02-21 06:45,0.0
2025-02-21 07:00,0.18268
2025-02-21 07:15,0.029705
2025-02-21 07:30,0.017005
2025-02-21 07:45,0.0
2025-02-21 08:00,0.024382
2025-02-21 08:15,0.0
2025-02-21 08:30,0.059566
2025-02-21 08:45,0.04033
2025-02-21 09:00,0.0
2025-02-21 09:15,0.034382
2025-02-21 09:30,0.4687
2025-02-21 09:45,0.016359
2025-02-21 10:00,0.0
2025-02-21 10:15,0.028521
2025-02-21 10:30,0.003894
2025-02-21 10:45,0.0
2025-02-21 11:00,0.000724
2025-02-21 11:15,0.000724
2025-02-21 11:30,0.014304
2025-02-21 11:45,0.0
2025-02-21 12:00,0.014588
2025-02-21 12:15,0.027122
2025-02-21 12:30,0.0
2025-02-21 12:45,0.021819
2025-02-21 13:00,0.019138
2025-02-21 13:15,0.109504
2025-02-21 13:30,0.067863
2025-02-21 13:45,0.033794
2025-02-21 14:00,0.22346
2025-02-21 14:15,0.123006
2025-02-21 14:30,0.083792
2025-02-21 14:45,0.02446
2025-02-21 15:00,0.00137
2025-02-21 15:15,0.0
2025-02-21 15:30,0.0
2025-02-21 15:45,0.0
2025-02-21 16:00,0.0
2025-02-21 16:15,0.0
2025-02-21 16:30,0.01223
2025-02-21 16:45,0.0
2025-02-21 17:00,0.052776
2025-02-21 17:15,0.028012
2025-02-21 17:30,0.208266
2025-02-21 17:45,0.02583
2025-02-21 18:00,0.049841
2025-02-21 18:15,0.025243
2025-02-21 18:30,0.078371
2025-02-21 18:45,0.0
2025-02-21 19:00,0.006976
2025-02-21 19:15,0.0
2025-02-21 19:30,0.013629
2025-02-21 19:45,0.0
2025-02-21 20:00,0.0
2025-02-21 20:15,0.0
2025-02-21 20:30,0.0
2025-02-21 20:45,0.0
2025-02-21 21:00,0.0
2025-02-21 21:15,0.10424
2025-02-21 21:30,0.386288
2025-02-21 21:45,0.003923
2025-02-21 22:00,0.0
2025-02-21 22:15,0.015841
2025-02-21 22:30,0.015616
2025-02-21 22:45,0.0
2025-02-21 23:00,0.147056
2025-02-21 23:15,0.059566
2025-02-21 23:30,0.029783
2025-02-21 23:45,0.131832
2025-02-22 00:00,0.029783
2025-02-22 00:15,0.014891
2025-02-22 00:30,0.000724
2025-02-22 00:45,0.0
2025-02-22 01:00,0.0
2025-02-22 01:15,0.059566
2025-02-22 01:30,0.000959
2025-02-22 01:45,0.025409
2025-02-22 02:00,0.01223
2025-02-22 02:15,0.077941
2025-02-22 02:30,0.048921
2025-02-22 02:45,0.039577
2025-02-22 03:00,0.015616
2025-02-22 03:15,0.0
2025-02-22 03:30,0.0
2025-02-22 03:45,0.0
2025-02-22 04:00,0.046886
2025-02-22 04:15,0.0
2025-02-22 04:30,0.048843
2025-02-22 04:45,0.0
2025-02-22 05:00,0.048921
2025-02-22 05:15,0.003835
2025-02-22 05:30,0.0
2025-02-22 05:45,0.0
2025-02-22 06:00,0.245103
2025-02-22 06:15,0.115306
2025-02-22 06:30,0.061073
2025-02-22 06:45,0.072041
2025-02-22 07:00,0.025498
2025-02-22 07:15,0.0
2025-02-22 07:30,0.0
2025-02-22 07:45,0.015889
2025-02-22 08:00,0.100718
2025-02-22 08:15,0.122145
2025-02-22 08:30,0.137683
2025-02-22 08:45,0.122615
2025-02-22 09:00,0.000724
2025-02-22 09:15,0.228734
2025-02-22 09:30,0.000959
2025-02-22 09:45,0.110072
2025-02-22 10:00,0.098566
2025-02-22 10:15,0.007984
2025-02-22 10:30,0.059566
2025-02-22 10:45,0.0145
2025-02-22 11:00,0.072031
2025-02-22 11:15,0.104964
2025-02-22 11:30,0.0
2025-02-22 11:45,0.040908
2025-02-22 12:00,0.0
2025-02-22 12:15,0.090523
2025-02-22 12:30,0.063812
2025-02-22 12:45,0.030116
2025-02-22 13:00,0.001223
2025-02-22 13:15,0.002896
2025-02-22 13:30,0.0
2025-02-22 13:45,0.074908
2025-02-22 14:00,0.028443
2025-02-22 14:15,0.046582
2025-02-22 14:30,0.276089
2025-02-22 14:45,0.076082
2025-02-22 15:00,0.016614
2025-02-22 15:15,0.013228
2025-02-22 15:30,0.10653
2025-02-22 15:45,0.116813
2025-02-22 16:00,0.016721
2025-02-22 16:15,0.013629
2025-02-22 16:30,0.030507
2025-02-22 16:45,0.123359
2025-02-22 17:00,0.059566
2025-02-22 17:15,0.014891
2025-02-22 17:30,0.013698
2025-02-22 17:45,0.13148
2025-02-22 18:00,0.0
2025-02-22 18:15,0.002857
2025-02-22 18:30,0.013629
2025-02-22 18:45,0.0
2025-02-22 19:00,0.0
2025-02-22 19:15,0.0
2025-02-22 19:30,0.014304
2025-02-22 19:45,0.0
2025-02-22 20:00,0.001526
2025-02-22 20:15,0.0
2025-02-22 20:30,0.0
2025-02-22 20:45,0.0
2025-02-22 21:00,0.0
2025-02-22 21:15,0.0
2025-02-22 21:30,0.0
2025-02-22 21:45,0.014891
2025-02-22 22:00,0.0
2025-02-22 22:15,0.000724
2025-02-22 22:30,0.0
2025-02-22 22:45,0.0
2025-02-22 23:00,0.014891
2025-02-22 23:15,0.044136
2025-02-22 23:30,0.0
2025-02-22 23:45,0.003503
2025-02-23 00:00,0.127625
2025-02-23 00:15,0.064536
2025-02-23 00:30,0.0
2025-02-23 00:45,0.01223
2025-02-23 01:00,0.015616
2025-02-23 01:15,0.0
2025-02-23 01:30,0.087382
2025-02-23 01:45,0.076414
2025-02-23 02:00,0.195918
2025-02-23 02:15,0.30734
2025-02-23 02:30,0.228039
2025-02-23 02:45,0.076375
2025-02-23 03:00,0.260494
2025-02-23 03:15,0.05303
2025-02-23 03:30,0.177602
2025-02-23 03:45,0.051445
2025-02-23 04:00,0.097842
2025-02-23 04:15,0.014891
2025-02-23 04:30,0.015527
2025-02-23 04:45,0.0
2025-02-23 05:00,0.0
2025-02-23 05:15,0.004638
2025-02-23 05:30,0.0
2025-02-23 05:45,0.029705
2025-02-23 06:00,0.0
2025-02-23 06:15,0.062462
2025-02-23 06:30,0.036612
2025-02-23 06:45,0.02446
2025-02-23 07:00,0.455022
2025-02-23 07:15,0.024382
2025-02-23 07:30,0.153641
2025-02-23 07:45,0.08477
2025-02-23 08:00,0.153787
2025-02-23 08:15,0.259319
2025-02-23 08:30,0.058157
2025-02-23 08:45,0.024382
2025-02-23 09:00,0.108174
2025-02-23 09:15,0.078899
2025-02-23 09:30,0.101579
2025-02-23 09:45,0.136
2025-02-23 10:00,0.097685
2025-02-23 10:15,0.073146
2025-02-23 10:30,0.074193
2025-02-23 10:45,0.101736
2025-02-23 11:00,0.121099
2025-02-23 11:15,0.07663
2025-02-23 11:30,0.224957
2025-02-23 11:45,0.09881
2025-02-23 12:00,0.040037
2025-02-23 12:15,0.125726
2025-02-23 12:30,0.028002
2025-02-23 12:45,0.0
2025-02-23 13:00,0.252353
2025-02-23 13:15,0.148661
2025-02-23 13:30,0.345322
2025-02-23 13:45,0.419095
2025-02-23 14:00,0.213187
2025-02-23 14:15,0.066082
2025-02-23 14:30,0.014891
2025-02-23 14:45,0.040076
2025-02-23 15:00,0.033452
2025-02-23 15:15,0.059566
2025-02-23 15:30,0.0
2025-02-23 15:45,0.030429
2025-02-23 16:00,0.150774
2025-02-23 16:15,0.15142
2025-02-23 16:30,0.074868
2025-02-23 16:45,0.004012
2025-02-23 17:00,0.066806
2025-02-23 17:15,0.075181
2025-02-23 17:30,0.0
2025-02-23 17:45,0.143514
2025-02-23 18:00,0.168483
2025-02-23 18:15,0.059566
2025-02-23 18:30,0.0
2025-02-23 18:45,0.0
2025-02-23 19:00,0.0
2025-02-23 19:15,0.0
2025-02-23 19:30,0.0
2025-02-23 19:45,0.015811
2025-02-23 20:00,0.0
2025-02-23 20:15,0.0
2025-02-23 20:30,0.0
2025-02-23 20:45,0.0
2025-02-23 21:00,0.0
2025-02-23 21:15,0.0
2025-02-23 21:30,0.001106
2025-02-23 21:45,0.0
2025-02-23 22:00,0.012719
2025-02-23 22:15,0.000724
2025-02-23 22:30,0.119132
2025-02-23 22:45,0.323171
2025-02-23 23:00,0.022484
2025-02-23 23:15,0.437528
2025-02-23 23:30,0.003718
2025-02-23 23:45,0.002896
2025-02-24 00:00,0.000724
2025-02-24 00:15,0.0
2025-02-24 00:30,0.0
2025-02-24 00:45,0.001252
2025-02-24 01:00,0.064018
2025-02-24 01:15,0.0
2025-02-24 01:30,0.0
2025-02-24 01:45,0.0
2025-02-24 02:00,0.0
2025-02-24 02:15,0.003718
2025-02-24 02:30,0.0
2025-02-24 02:45,0.00135
2025-02-24 03:00,0.0
2025-02-24 03:15,0.0
2025-02-24 03:30,0.003327
2025-02-24 03:45,0.0
2025-02-24 04:00,0.0
2025-02-24 04:15,0.0
2025-02-24 04:30,0.002505
2025-02-24 04:45,0.014891
2025-02-24 05:00,0.037904
2025-02-24 05:15,0.002211
2025-02-24 05:30,0.003561
2025-02-24 05:45,0.0
2025-02-24 06:00,0.00315
2025-02-24 06:15,0.0
2025-02-24 06:30,0.0
2025-02-24 06:45,0.0
2025-02-24 07:00,0.0
2025-02-24 07:15,0.0
2025-02-24 07:30,0.0
2025-02-24 07:45,0.0
2025-02-24 08:00,0.000724
2025-02-24 08:15,0.0
2025-02-24 08:30,0.0
2025-02-24 08:45,0.016428
2025-02-24 09:00,0.0
2025-02-24 09:15,0.000724
2025-02-24 09:30,0.01358
2025-02-24 09:45,0.002162
2025-02-24 10:00,0.000724
2025-02-24 10:15,0.003219
2025-02-24 10:30,0.002593
2025-02-24 10:45,0.071796
2025-02-24 11:00,0.074027
2025-02-24 11:15,0.029783
2025-02-24 11:30,0.060887
2025-02-24 11:45,0.060329
2025-02-24 12:00,0.029783
2025-02-24 12:15,0.012465
2025-02-24 12:30,0.001419
2025-02-24 12:45,0.060339
2025-02-24 13:00,0.183081
2025-02-24 13:15,0.188913
2025-02-24 13:30,0.18041
2025-02-24 13:45,0.218402
2025-02-24 14:00,0.186897
2025-02-24 14:15,0.042757
2025-02-24 14:30,0.44242
2025-02-24 14:45,0.239683
2025-02-24 15:00,0.101462
2025-02-24 15:15,0.002172
2025-02-24 15:30,0.083459
2025-02-24 15:45,0.030018
2025-02-24 16:00,0.040859
2025-02-24 16:15,0.000802
2025-02-24 16:30,0.000802
2025-02-24 16:45,0.158836
2025-02-24 17:00,0.170675
2025-02-24 17:15,0.013483
2025-02-24 17:30,0.035849
2025-02-24 17:45,0.035243
2025-02-24 18:00,0.000802
2025-02-24 18:15,0.0
2025-02-24 18:30,0.000802
2025-02-24 18:45,0.0
2025-02-24 19:00,0.0
2025-02-24 19:15,0.0
2025-02-24 19:30,0.001076
2025-02-24 19:45,0.0
2025-02-24 20:00,0.0
2025-02-24 20:15,0.0
2025-02-24 20:30,0.017249
2025-02-24 20:45,0.0
2025-02-24 21:00,0.027317
2025-02-24 21:15,0.09064
2025-02-24 21:30,0.015068
2025-02-24 21:45,0.025948
2025-02-24 22:00,0.051582
2025-02-24 22:15,0.001321
2025-02-24 22:30,0.027317
2025-02-24 22:45,0.049645
2025-02-24 23:00,0.035879
2025-02-24 23:15,0.123946
2025-02-24 23:30,0.156987
2025-02-24 23:45,0.000724
2025-02-25 00:00,0.003738
2025-02-25 00:15,0.001751
2025-02-25 00:30,0.121607
2025-02-25 00:45,0.045477
2025-02-25 01:00,0.01223
2025-02-25 01:15,0.0
2025-02-25 01:30,0.036691
2025-02-25 01:45,0.027357
2025-02-25 02:00,0.075348
2025-02-25 02:15,0.059566
2025-02-25 02:30,0.0
2025-02-25 02:45,0.007544
2025-02-25 03:00,0.014891
2025-02-25 03:15,0.002886
2025-02-25 03:30,0.02493
2025-02-25 03:45,0.10201
2025-02-25 04:00,0.050457
2025-02-25 04:15,0.02539
2025-02-25 04:30,0.125854
2025-02-25 04:45,0.01223
2025-02-25 05:00,0.014891
2025-02-25 05:15,0.02446
2025-02-25 05:30,0.000929
2025-02-25 05:45,0.000607
2025-02-25 06:00,0.0
2025-02-25 06:15,0.014891
2025-02-25 06:30,0.014891
2025-02-25 06:45,0.104162
2025-02-25 07:00,0.007338
2025-02-25 07:15,0.00364
2025-02-25 07:30,0.000626
2025-02-25 07:45,0.0
2025-02-25 08:00,0.064302
2025-02-25 08:15,0.081991
2025-02-25 08:30,0.0
2025-02-25 08:45,0.013698
2025-02-25 09:00,0.0
2025-02-25 09:15,0.336732
2025-02-25 09:30,0.255308
2025-02-25 09:45,0.29055
2025-02-25 10:00,0.457586
2025-02-25 10:15,0.089271
2025-02-25 10:30,0.001751
2025-02-25 10:45,0.00092
2025-02-25 11:00,0.220222
2025-02-25 11:15,0.0
2025-02-25 11:30,0.001135
2025-02-25 11:45,0.014148
2025-02-25 12:00,0.06029
2025-02-25 12:15,0.141704
2025-02-25 12:30,0.210438
2025-02-25 12:45,0.129092
2025-02-25 13:00,0.369597
2025-02-25 13:15,0.025595
2025-02-25 13:30,0.094036
2025-02-25 13:45,0.164423
2025-02-25 14:00,0.168366
2025-02-25 14:15,0.192396
2025-02-25 14:30,0.223343
2025-02-25 14:45,0.1727
2025-02-25 15:00,0.048843
2025-02-25 15:15,0.045868
2025-02-25 15:30,0.014891
2025-02-25 15:45,0.362347
2025-02-25 16:00,0.391278
2025-02-25 16:15,0.65503
2025-02-25 16:30,0.299317
2025-02-25 16:45,0.025272
2025-02-25 17:00,0.262079
2025-02-25 17:15,0.0
2025-02-25 17:30,0.008845
2025-02-25 17:45,0.00089
2025-02-25 18:00,0.0
2025-02-25 18:15,0.001937
2025-02-25 18:30,0.000724
2025-02-25 18:45,0.0
2025-02-25 19:00,0.0
2025-02-25 19:15,0.0136
2025-02-25 19:30,0.0
2025-02-25 19:45,0.0
2025-02-25 20:00,0.0
2025-02-25 20:15,0.0
2025-02-25 20:30,0.0
2025-02-25 20:45,0.0
2025-02-25 21:00,0.00137
2025-02-25 21:15,0.0
2025-02-25 21:30,0.0
2025-02-25 21:45,0.0
2025-02-25 22:00,0.002857
2025-02-25 22:15,0.014891
2025-02-25 22:30,0.074457
2025-02-25 22:45,0.037552
2025-02-25 23:00,0.0
2025-02-25 23:15,0.039352
2025-02-25 23:30,0.032601
2025-02-25 23:45,0.113076
2025-02-26 00:00,0.019285
2025-02-26 00:00,0.020133
2025-02-26 00:15,0.000756
2025-02-26 00:30,0.129275
2025-02-26 00:45,0.739826
2025-02-26 01:00,0.090705
2025-02-26 01:15,0.481512
2025-02-26 01:30,0.075424
2025-02-26 01:45,0.017079
2025-02-26 02:00,0.06713
2025-02-26 02:15,0.028315
2025-02-26 02:30,0.035322
2025-02-26 02:45,0.188509
2025-02-26 03:00,0.028968
2025-02-26 03:15,0.002942
2025-02-26 03:30,0.0
2025-02-26 03:45,0.000756
2025-02-26 04:00,0.062186
2025-02-26 04:15,0.0
2025-02-26 04:30,0.00335
2025-02-26 04:45,0.001042
2025-02-26 05:00,0.015546
2025-02-26 05:15,0.0
2025-02-26 05:30,0.016302
2025-02-26 05:45,0.157171
2025-02-26 06:00,0.168029
2025-02-26 06:15,0.131788
2025-02-26 06:30,0.235853
2025-02-26 06:45,0.114321
2025-02-26 07:00,0.118672
2025-02-26 07:15,0.281736
2025-02-26 07:30,0.155598
2025-02-26 07:45,0.105169
2025-02-26 08:00,0.134729
2025-02-26 08:15,0.26382
2025-02-26 08:30,0.079377
2025-02-26 08:45,0.19809
2025-02-26 09:00,0.0
2025-02-26 09:15,0.0
2025-02-26 09:30,0.014382
2025-02-26 09:45,0.0
2025-02-26 10:00,0.0
2025-02-26 10:15,0.079724
2025-02-26 10:30,0.002043
2025-02-26 10:45,0.079367
2025-02-26 11:00,0.015546
2025-02-26 11:15,0.000878
2025-02-26 11:30,0.0
2025-02-26 11:45,0.050909
2025-02-26 12:00,0.07141
2025-02-26 12:15,0.01572
2025-02-26 12:30,0.08764
2025-02-26 12:45,0.237446
2025-02-26 13:00,0.026292
2025-02-26 13:15,0.155077
2025-02-26 13:30,0.260756
2025-02-26 13:45,0.092789
2025-02-26 14:00,0.191971
2025-02-26 14:15,0.841113
2025-02-26 14:30,0.620133
2025-02-26 14:45,0.192594
2025-02-26 15:00,0.350082
2025-02-26 15:15,0.164004
2025-02-26 15:30,0.064637
2025-02-26 15:45,0.140592
2025-02-26 16:00,0.07476
2025-02-26 16:15,0.002339
2025-02-26 16:30,0.031328
2025-02-26 16:45,0.539101
2025-02-26 17:00,0.590909
2025-02-26 17:15,0.550429
2025-02-26 17:30,0.249499
2025-02-26 17:45,0.041982
2025-02-26 18:00,0.034372
2025-02-26 18:15,0.0
2025-02-26 18:30,0.015546
2025-02-26 18:45,0.147007
2025-02-26 19:00,0.181491
2025-02-26 19:15,0.06474
2025-02-26 19:30,0.0
2025-02-26 19:45,0.001818
2025-02-26 20:00,0.0
2025-02-26 20:15,0.0
2025-02-26 20:30,0.064934
2025-02-26 20:45,0.569724
2025-02-26 21:00,0.004208
2025-02-26 21:15,0.0
2025-02-26 21:30,0.0
2025-02-26 21:45,0.0
2025-02-26 22:00,0.003023
2025-02-26 22:15,0.140674
2025-02-26 22:30,0.015546
2025-02-26 22:45,0.257722
2025-02-26 23:00,0.13714
2025-02-26 23:15,0.371011
2025-02-26 23:30,0.154106
2025-02-26 23:45,0.017814
2025-02-27 00:00,0.0
2025-02-27 00:15,0.0
2025-02-27 00:30,0.465638
2025-02-27 00:45,0.026292
2025-02-27 01:00,0.00095
2025-02-27 01:15,0.0
2025-02-27 01:30,0.0
2025-02-27 01:45,0.0
2025-02-27 02:00,0.0
2025-02-27 02:15,0.0
2025-02-27 02:30,0.0
2025-02-27 02:45,0.0
2025-02-27 03:00,0.00141
2025-02-27 03:15,0.000878
2025-02-27 03:30,0.005853
2025-02-27 03:45,0.0
2025-02-27 04:00,0.0
2025-02-27 04:15,0.005271
2025-02-27 04:30,0.006037
2025-02-27 04:45,0.000756
2025-02-27 05:00,0.402554
2025-02-27 05:15,0.147365
2025-02-27 05:30,0.16666
2025-02-27 05:45,0.184229
2025-02-27 06:00,0.471553
2025-02-27 06:15,0.285649
2025-02-27 06:30,0.054188
2025-02-27 06:45,0.216394
2025-02-27 07:00,0.159295
2025-02-27 07:15,0.160868
2025-02-27 07:30,0.19095
2025-02-27 07:45,0.070337
2025-02-27 08:00,0.148693
2025-02-27 08:15,0.076609
2025-02-27 08:30,0.0
2025-02-27 08:45,0.000756
2025-02-27 09:00,0.159244
2025-02-27 09:15,0.031849
2025-02-27 09:30,0.003023
2025-02-27 09:45,0.0
2025-02-27 10:00,0.000756
2025-02-27 10:15,0.00143
2025-02-27 10:30,0.156977
2025-02-27 10:45,0.031849
2025-02-27 11:00,0.000756
2025-02-27 11:15,0.065209
2025-02-27 11:30,0.053606
2025-02-27 11:45,0.000756
2025-02-27 12:00,0.002625
2025-02-27 12:15,0.032094
2025-02-27 12:30,0.019928
2025-02-27 12:45,0.043943
2025-02-27 13:00,0.00571
2025-02-27 13:15,0.200245
2025-02-27 13:30,0.121379
2025-02-27 13:45,0.138774
2025-02-27 14:00,0.012768
2025-02-27 14:15,0.02621
2025-02-27 14:30,0.165802
2025-02-27 14:45,0.120817
2025-02-27 15:00,0.065209
2025-02-27 15:15,0.016956
2025-02-27 15:30,0.007916
2025-02-27 15:45,0.152686
2025-02-27 16:00,0.017242
2025-02-27 16:15,0.088601
2025-02-27 16:30,0.015546
2025-02-27 16:45,0.131236
2025-02-27 17:00,0.111461
2025-02-27 17:15,0.051011
2025-02-27 17:30,0.062186
2025-02-27 17:45,0.035363
2025-02-27 18:00,0.0
2025-02-27 18:15,0.0
2025-02-27 18:30,0.0
2025-02-27 18:45,0.023412
2025-02-27 19:00,0.0
2025-02-27 19:15,0.0
2025-02-27 19:30,0.062186
2025-02-27 19:45,0.0
2025-02-27 20:00,0.0
2025-02-27 20:15,0.0
2025-02-27 20:30,0.0
2025-02-27 20:45,0.0
2025-02-27 21:00,0.0
2025-02-27 21:15,0.0
2025-02-27 21:30,0.0
2025-02-27 21:45,0.0
2025-02-27 22:00,0.000838
2025-02-27 22:15,0.410174
2025-02-27 22:30,0.588825
2025-02-27 22:45,0.306803
2025-02-27 23:00,0.051175
2025-02-27 23:15,0.145577
2025-02-27 23:30,0.015546
2025-02-27 23:45,0.048805
2025-02-28 00:00,0.100306
2025-02-28 00:15,0.063698
2025-02-28 00:30,0.050419
2025-02-28 00:45,0.047395
2025-02-28 01:00,0.015546
2025-02-28 01:15,0.00525
2025-02-28 01:30,0.0
2025-02-28 01:45,0.0
2025-02-28 02:00,0.0
2025-02-28 02:15,0.0
2025-02-28 02:30,0.0
2025-02-28 02:45,0.0
2025-02-28 03:00,0.042094
2025-02-28 03:15,0.02621
2025-02-28 03:30,0.023412
2025-02-28 03:45,0.015546
2025-02-28 04:00,0.0
2025-02-28 04:15,0.003371
2025-02-28 04:30,0.041839
2025-02-28 04:45,0.0
2025-02-28 05:00,0.695812
2025-02-28 05:15,0.006578
2025-02-28 05:30,0.0
2025-02-28 05:45,0.0
2025-02-28 06:00,0.141624
2025-02-28 06:15,0.19334
2025-02-28 06:30,0.052891
2025-02-28 06:45,0.048396
2025-02-28 07:00,0.016445
2025-02-28 07:15,0.0
2025-02-28 07:30,0.0
2025-02-28 07:45,0.0
2025-02-28 08:00,0.631685
2025-02-28 08:15,0.685373
2025-02-28 08:30,0.220102
2025-02-28 08:45,0.0
2025-02-28 09:00,0.342717
2025-02-28 09:15,0.012768
2025-02-28 09:30,0.02907
2025-02-28 09:45,0.027508
2025-02-28 10:00,0.000756
2025-02-28 10:15,0.000756
2025-02-28 10:30,0.000756
2025-02-28 10:45,0.63049
2025-02-28 11:00,0.512278
2025-02-28 11:15,0.630051
2025-02-28 11:30,0.0
2025-02-28 11:45,0.0
2025-02-28 12:00,0.015546
2025-02-28 12:15,0.139203
2025-02-28 12:30,0.0
2025-02-28 12:45,0.001961
2025-02-28 13:00,0.130858
2025-02-28 13:15,0.179367
2025-02-28 13:30,0.258059
2025-02-28 13:45,0.098805
2025-02-28 14:00,0.123616
2025-02-28 14:15,0.270991
2025-02-28 14:30,0.163534
2025-02-28 14:45,0.155975
2025-02-28 15:00,0.167538
2025-02-28 15:15,0.173565
2025-02-28 15:30,0.15522
2025-02-28 15:45,0.081164
2025-02-28 16:00,0.0
2025-02-28 16:15,0.079796
2025-02-28 16:30,0.000633
2025-02-28 16:45,0.0
2025-02-28 17:00,0.0
2025-02-28 17:15,0.25712
2025-02-28 17:30,0.015546
2025-02-28 17:45,0.0
2025-02-28 18:00,0.0
2025-02-28 18:15,0.016302
2025-02-28 18:30,0.0
2025-02-28 18:45,0.0
2025-02-28 19:00,0.0
2025-02-28 19:15,0.0
2025-02-28 19:30,0.0
2025-02-28 19:45,0.0
2025-02-28 20:00,0.0
2025-02-28 20:15,0.0
2025-02-28 20:30,0.0
2025-02-28 20:45,0.0
2025-02-28 21:00,0.002206
2025-02-28 21:15,0.015546
2025-02-28 21:30,0.000838
2025-02-28 21:45,0.013504
2025-02-28 22:00,0.0
2025-02-28 22:15,0.0
2025-02-28 22:30,0.012768
2025-02-28 22:45,0.0
2025-02-28 23:00,0.204372
2025-02-28 23:15,0.065414
2025-02-28 23:30,0.16
2025-02-28 23:45,0.051093
2025-03-01 00:00,0.127395
2025-03-01 00:15,0.000756
2025-03-01 00:30,0.0
2025-03-01 00:45,0.0
2025-03-01 01:00,0.047293
2025-03-01 01:15,0.016854
2025-03-01 01:30,0.015546
2025-03-01 01:45,0.012768
2025-03-01 02:00,0.0
2025-03-01 02:15,0.0
2025-03-01 02:30,0.0
2025-03-01 02:45,0.0
2025-03-01 03:00,0.0
2025-03-01 03:15,0.078488
2025-03-01 03:30,0.103412
2025-03-01 03:45,0.006721
2025-03-01 04:00,0.002155
2025-03-01 04:15,0.0
2025-03-01 04:30,0.0
2025-03-01 04:45,0.127395
2025-03-01 05:00,0.159724
2025-03-01 05:15,0.143473
2025-03-01 05:30,0.08762
2025-03-01 05:45,0.117017
2025-03-01 06:00,0.263095
2025-03-01 06:15,0.351093
2025-03-01 06:30,0.086067
2025-03-01 06:45,0.0
2025-03-01 07:00,0.0
2025-03-01 07:15,0.0
2025-03-01 07:30,0.0
2025-03-01 07:45,0.0
2025-03-01 08:00,0.0
2025-03-01 08:15,0.0
2025-03-01 08:30,0.301961
2025-03-01 08:45,0.098274
2025-03-01 09:00,0.310317
2025-03-01 09:15,0.389203
2025-03-01 09:30,0.192615
2025-03-01 09:45,0.067457
2025-03-01 10:00,0.43571
2025-03-01 10:15,0.095506
2025-03-01 10:30,0.20903
2025-03-01 10:45,0.170807
2025-03-01 11:00,0.030562
2025-03-01 11:15,0.068325
2025-03-01 11:30,0.302022
2025-03-01 11:45,0.051073
2025-03-01 12:00,0.0
2025-03-01 12:15,0.0
2025-03-01 12:30,0.016057
2025-03-01 12:45,0.016466
2025-03-01 13:00,0.021869
2025-03-01 13:15,0.016435
2025-03-01 13:30,0.001073
2025-03-01 13:45,0.0
2025-03-01 14:00,0.0
2025-03-01 14:15,0.032523
2025-03-01 14:30,0.098682
2025-03-01 14:45,0.004382
2025-03-01 15:00,0.029683
2025-03-01 15:15,0.191338
2025-03-01 15:30,0.046782
2025-03-01 15:45,0.0
2025-03-01 16:00,0.031093
2025-03-01 16:15,0.172523
2025-03-01 16:30,0.087763
2025-03-01 16:45,0.0
2025-03-01 17:00,0.0
2025-03-01 17:15,0.0
2025-03-01 17:30,0.0
2025-03-01 17:45,0.0
2025-03-01 18:00,0.029275
2025-03-01 18:15,0.004923
2025-03-01 18:30,0.0
2025-03-01 18:45,0.0
2025-03-01 19:00,0.000756
2025-03-01 19:15,0.0
2025-03-01 19:30,0.0
2025-03-01 19:45,0.0
2025-03-01 20:00,0.0
2025-03-01 20:15,0.0
2025-03-01 20:30,0.0
2025-03-01 20:45,0.0
2025-03-01 21:00,0.0
2025-03-01 21:15,0.0
2025-03-01 21:30,0.000878
2025-03-01 21:45,0.0
2025-03-01 22:00,0.313953
2025-03-01 22:15,0.0
2025-03-01 22:30,0.000715
2025-03-01 22:45,0.0
2025-03-01 23:00,0.0
2025-03-01 23:15,0.011665
2025-03-01 23:30,0.044454
2025-03-01 23:45,0.017406
2025-03-02 00:00,0.013524
2025-03-02 00:15,0.0
2025-03-02 00:30,0.0
2025-03-02 00:45,0.01572
2025-03-02 01:00,0.158141
2025-03-02 01:15,0.0
2025-03-02 01:30,0.097814
2025-03-02 01:45,0.083636
2025-03-02 02:00,0.14143
2025-03-02 02:15,0.08
2025-03-02 02:30,0.000633
2025-03-02 02:45,0.096302
2025-03-02 03:00,0.241491
2025-03-02 03:15,0.210235
2025-03-02 03:30,0.174127
2025-03-02 03:45,0.049847
2025-03-02 04:00,0.0
2025-03-02 04:15,0.0
2025-03-02 04:30,0.002319
2025-03-02 04:45,0.0
2025-03-02 05:00,0.001001
2025-03-02 05:15,0.0
2025-03-02 05:30,0.078488
2025-03-02 05:45,0.100878
2025-03-02 06:00,1.0
2025-03-02 06:15,0.285434
2025-03-02 06:30,0.148784
2025-03-02 06:45,0.625986
2025-03-02 07:00,0.341726
2025-03-02 07:15,0.249254
2025-03-02 07:30,0.228917
2025-03-02 07:45,0.103412
2025-03-02 08:00,0.328876
2025-03-02 08:15,0.209561
2025-03-02 08:30,0.160255
2025-03-02 08:45,0.000766
2025-03-02 09:00,0.11191
2025-03-02 09:15,0.517385
2025-03-02 09:30,0.0
2025-03-02 09:45,0.062942
2025-03-02 10:00,0.225342
2025-03-02 10:15,0.208938
2025-03-02 10:30,0.173136
2025-03-02 10:45,0.0
2025-03-02 11:00,0.0
2025-03-02 11:15,0.023677
2025-03-02 11:30,0.121348
2025-03-02 11:45,0.100409
2025-03-02 12:00,0.140756
2025-03-02 12:15,0.051828
2025-03-02 12:30,0.062186
2025-03-02 12:45,0.186006
2025-03-02 13:00,0.010266
2025-03-02 13:15,0.174974
2025-03-02 13:30,0.012155
2025-03-02 13:45,0.001706
2025-03-02 14:00,0.0
2025-03-02 14:15,0.011154
2025-03-02 14:30,0.0
2025-03-02 14:45,0.015301
2025-03-02 15:00,0.000654
2025-03-02 15:15,0.19095
2025-03-02 15:30,0.269254
2025-03-02 15:45,0.329336
2025-03-02 16:00,0.067967
2025-03-02 16:15,0.050909
2025-03-02 16:30,0.045516
2025-03-02 16:45,0.057967
2025-03-02 17:00,0.169745
2025-03-02 17:15,0.015546
2025-03-02 17:30,0.0
2025-03-02 17:45,0.001706
2025-03-02 18:00,0.001614
2025-03-02 18:15,0.0
2025-03-02 18:30,0.001573
2025-03-02 18:45,0.009663
2025-03-02 19:00,0.117937
2025-03-02 19:15,0.052074
2025-03-02 19:30,0.0
2025-03-02 19:45,0.028519
2025-03-02 20:00,0.0
2025-03-02 20:15,0.023555
2025-03-02 20:30,0.0
2025-03-02 20:45,0.001073
2025-03-02 21:00,0.077732
2025-03-02 21:15,0.078774
2025-03-02 21:30,0.0
2025-03-02 21:45,0.001839
2025-03-02 22:00,0.001614
2025-03-02 22:15,0.001512
2025-03-02 22:30,0.0
2025-03-02 22:45,0.003555
2025-03-02 23:00,0.017773
2025-03-02 23:15,0.171307
2025-03-02 23:30,0.001798
2025-03-02 23:45,0.069622
2025-03-03 00:00,0.278141
2025-03-03 00:15,0.031093
2025-03-03 00:30,0.031747
2025-03-03 00:45,0.142227
2025-03-03 01:00,0.051073
2025-03-03 01:15,0.106149
2025-03-03 01:30,0.10857
2025-03-03 01:45,0.460735
2025-03-03 02:00,0.040358
2025-03-03 02:15,0.0
2025-03-03 02:30,0.0
2025-03-03 02:45,0.0
2025-03-03 03:00,0.0
2025-03-03 03:15,0.006006
2025-03-03 03:30,0.001798
2025-03-03 03:45,0.015138
2025-03-03 04:00,0.0
2025-03-03 04:15,0.0
2025-03-03 04:30,0.000838
2025-03-03 04:45,0.255281
2025-03-03 05:00,0.251767
2025-03-03 05:15,0.062186
2025-03-03 05:30,0.062186
2025-03-03 05:45,0.0
2025-03-03 06:00,0.0
2025-03-03 06:15,0.0
2025-03-03 06:30,0.031011
2025-03-03 06:45,0.0
2025-03-03 07:00,0.0
2025-03-03 07:15,0.0
2025-03-03 07:30,0.0
2025-03-03 07:45,0.0
2025-03-03 08:00,0.001073
2025-03-03 08:15,0.0
2025-03-03 08:30,0.047293
2025-03-03 08:45,0.062186
2025-03-03 09:00,0.019346
2025-03-03 09:15,0.404045
2025-03-03 09:30,0.252625
2025-03-03 09:45,0.263953
2025-03-03 10:00,0.003023
2025-03-03 10:15,0.01716
2025-03-03 10:30,0.001073
2025-03-03 10:45,0.032605
2025-03-03 11:00,0.041001
2025-03-03 11:15,0.015546
2025-03-03 11:30,0.142186
2025-03-03 11:45,0.134607
2025-03-03 12:00,0.015158
2025-03-03 12:15,0.901185
2025-03-03 12:30,0.02954
2025-03-03 12:45,0.096027
2025-03-03 13:00,0.059928
2025-03-03 13:15,0.072074
2025-03-03 13:30,0.159367
2025-03-03 13:45,0.076527
2025-03-03 14:00,0.246558
2025-03-03 14:15,0.096496
2025-03-03 14:30,0.034985
2025-03-03 14:45,0.032063
2025-03-03 15:00,0.039714
2025-03-03 15:15,0.01714
2025-03-03 15:30,0.002932
2025-03-03 15:45,0.036527
2025-03-03 16:00,0.0
2025-03-03 16:15,0.020807
2025-03-03 16:30,0.015546
2025-03-03 16:45,0.017263
2025-03-03 17:00,0.0
2025-03-03 17:15,0.0
2025-03-03 17:30,0.032503
2025-03-03 17:45,0.00093
2025-03-03 18:00,0.0
2025-03-03 18:15,0.0
2025-03-03 18:30,0.0
2025-03-03 18:45,0.0
2025-03-03 19:00,0.0
2025-03-03 19:15,0.0
2025-03-03 19:30,0.000633
2025-03-03 19:45,0.0
2025-03-03 20:00,0.005148
2025-03-03 20:15,0.0
2025-03-03 20:30,0.062186
2025-03-03 20:45,0.026568
2025-03-03 21:00,0.0
2025-03-03 21:15,0.0
2025-03-03 21:30,0.00571
2025-03-03 21:45,0.0
2025-03-03 22:00,0.000756
2025-03-03 22:15,0.126639
2025-03-03 22:30,0.019612
2025-03-03 22:45,0.164147
2025-03-03 23:00,0.012809
2025-03-03 23:15,0.02763
2025-03-03 23:30,0.015546
2025-03-03 23:45,0.000756
2025-03-04 00:00,0.02954
2025-03-04 00:15,0.065209
2025-03-04 00:30,0.028315
2025-03-04 00:45,0.000889
2025-03-04 01:00,0.0
2025-03-04 01:15,0.0
2025-03-04 01:30,0.0
2025-03-04 01:45,0.001379
2025-03-04 02:00,0.0
2025-03-04 02:15,0.015546
2025-03-04 02:30,0.0
2025-03-04 02:45,0.025536
2025-03-04 03:00,0.00095
2025-03-04 03:15,0.000756
2025-03-04 03:30,0.063473
2025-03-04 03:45,0.0
2025-03-04 04:00,0.013401
2025-03-04 04:15,0.00097
2025-03-04 04:30,0.0
2025-03-04 04:45,0.001124
2025-03-04 05:00,0.0
2025-03-04 05:15,0.0
2025-03-04 05:30,0.0
2025-03-04 05:45,0.003759
2025-03-04 06:00,0.053933
2025-03-04 06:15,0.101982
2025-03-04 06:30,0.050909
2025-03-04 06:45,0.001113
2025-03-04 07:00,0.04476
2025-03-04 07:15,0.031093
2025-03-04 07:30,0.004852
2025-03-04 07:45,0.0
2025-03-04 08:00,0.001042
2025-03-04 08:15,0.020061
2025-03-04 08:30,0.0
2025-03-04 08:45,0.019326
2025-03-04 09:00,0.012768
2025-03-04 09:15,0.012768
2025-03-04 09:30,0.0
2025-03-04 09:45,0.001042
2025-03-04 10:00,0.0
2025-03-04 10:15,0.0
2025-03-04 10:30,0.0
2025-03-04 10:45,0.0
2025-03-04 11:00,0.004168
2025-03-04 11:15,0.0
2025-03-04 11:30,0.000756
2025-03-04 11:45,0.066088
2025-03-04 12:00,0.0
2025-03-04 12:15,0.0
2025-03-04 12:30,0.003136
2025-03-04 12:45,0.03142
2025-03-04 13:00,0.0
2025-03-04 13:15,0.022962
2025-03-04 13:30,0.24617
2025-03-04 13:45,0.082921
2025-03-04 14:00,0.20856
2025-03-04 14:15,0.120562
2025-03-04 14:30,0.045689
2025-03-04 14:45,0.0
2025-03-04 15:00,0.018652
2025-03-04 15:15,0.064964
2025-03-04 15:30,0.039408
2025-03-04 15:45,0.0
2025-03-04 16:00,0.008366
2025-03-04 16:15,0.065128
2025-03-04 16:30,0.012339
2025-03-04 16:45,0.0
2025-03-04 17:00,0.0
2025-03-04 17:15,0.0
2025-03-04 17:30,0.0
2025-03-04 17:45,0.0
2025-03-04 18:00,0.0
2025-03-04 18:15,0.028458
2025-03-04 18:30,0.0
2025-03-04 18:45,0.0
2025-03-04 19:00,0.0
2025-03-04 19:15,0.0
2025-03-04 19:30,0.0
2025-03-04 19:45,0.0
2025-03-04 20:00,0.0
2025-03-04 20:15,0.0
2025-03-04 20:30,0.0
2025-03-04 20:45,0.0
2025-03-04 21:00,0.0143
2025-03-04 21:15,0.0
2025-03-04 21:30,0.0
2025-03-04 21:45,0.0
2025-03-04 22:00,0.081134
2025-03-04 22:15,0.083994
2025-03-04 22:30,0.127395
2025-03-04 22:45,0.001226
2025-03-04 23:00,0.096997
2025-03-04 23:15,0.0
2025-03-04 23:30,0.0
2025-03-04 23:45,0.03667
2025-03-05 00:00,0.031849
2025-03-05 00:00,0.026814
2025-03-05 00:15,0.000636
2025-03-05 00:30,0.004506
2025-03-05 00:45,0.011248
2025-03-05 01:00,0.0
2025-03-05 01:15,0.053627
2025-03-05 01:30,0.0
2025-03-05 01:45,0.0
2025-03-05 02:00,0.0
2025-03-05 02:15,0.0
2025-03-05 02:30,0.0
2025-03-05 02:45,0.002202
2025-03-05 03:00,0.000705
2025-03-05 03:15,0.0
2025-03-05 03:30,0.0
2025-03-05 03:45,0.001944
2025-03-05 04:00,0.000602
2025-03-05 04:15,0.0
2025-03-05 04:30,0.0
2025-03-05 04:45,0.064274
2025-03-05 05:00,0.0
2025-03-05 05:15,0.0
2025-03-05 05:30,0.0
2025-03-05 05:45,0.008015
2025-03-05 06:00,0.0
2025-03-05 06:15,0.013295
2025-03-05 06:30,0.013295
2025-03-05 06:45,0.0
2025-03-05 07:00,0.092188
2025-03-05 07:15,0.049379
2025-03-05 07:30,0.00884
2025-03-05 07:45,0.0
2025-03-05 08:00,0.0
2025-03-05 08:15,0.003749
2025-03-05 08:30,0.071386
2025-03-05 08:45,0.190052
2025-03-05 09:00,0.227925
2025-03-05 09:15,0.330389
2025-03-05 09:30,0.12411
2025-03-05 09:45,0.214251
2025-03-05 10:00,0.093538
2025-03-05 10:15,0.211568
2025-03-05 10:30,0.226394
2025-03-05 10:45,0.121719
2025-03-05 11:00,0.175243
2025-03-05 11:15,0.225732
2025-03-05 11:30,0.153177
2025-03-05 11:45,0.248314
2025-03-05 12:00,0.303602
2025-03-05 12:15,0.261223
2025-03-05 12:30,0.168776
2025-03-05 12:45,0.27051
2025-03-05 13:00,0.210347
2025-03-05 13:15,0.188349
2025-03-05 13:30,0.152884
2025-03-05 13:45,0.176052
2025-03-05 14:00,0.258711
2025-03-05 14:15,0.158164
2025-03-05 14:30,0.121521
2025-03-05 14:45,0.027871
2025-03-05 15:00,0.013725
2025-03-05 15:15,0.074249
2025-03-05 15:30,0.201111
2025-03-05 15:45,0.245898
2025-03-05 16:00,0.218457
2025-03-05 16:15,0.552862
2025-03-05 16:30,0.915724
2025-03-05 16:45,0.54778
2025-03-05 17:00,0.451498
2025-03-05 17:15,0.198677
2025-03-05 17:30,0.214509
2025-03-05 17:45,0.221337
2025-03-05 18:00,0.079581
2025-03-05 18:15,0.26007
2025-03-05 18:30,0.052991
2025-03-05 18:45,0.317963
2025-03-05 19:00,0.550961
2025-03-05 19:15,0.065443
2025-03-05 19:30,0.014447
2025-03-05 19:45,0.054264
2025-03-05 20:00,0.0
2025-03-05 20:15,0.000636
2025-03-05 20:30,0.0
2025-03-05 20:45,0.0
2025-03-05 21:00,0.001049
2025-03-05 21:15,0.0
2025-03-05 21:30,0.0
2025-03-05 21:45,0.0
2025-03-05 22:00,0.000636
2025-03-05 22:15,0.079091
2025-03-05 22:30,0.132013
2025-03-05 22:45,0.107891
2025-03-05 23:00,0.0008
2025-03-05 23:15,0.145188
2025-03-05 23:30,0.033994
2025-03-05 23:45,0.0
2025-03-06 00:00,0.000851
2025-03-06 00:15,0.003199
2025-03-06 00:30,0.001342
2025-03-06 00:45,0.001789
2025-03-06 01:00,0.005108
2025-03-06 01:15,0.0
2025-03-06 01:30,0.0
2025-03-06 01:45,0.0
2025-03-06 02:00,0.000636
2025-03-06 02:15,0.001651
2025-03-06 02:30,0.0
2025-03-06 02:45,0.0
2025-03-06 03:00,0.002202
2025-03-06 03:15,0.060559
2025-03-06 03:30,0.0
2025-03-06 03:45,0.0
2025-03-06 04:00,0.0
2025-03-06 04:15,0.0
2025-03-06 04:30,0.0
2025-03-06 04:45,0.0
2025-03-06 05:00,0.0
2025-03-06 05:15,0.0
2025-03-06 05:30,0.000636
2025-03-06 05:45,0.0
2025-03-06 06:00,0.0
2025-03-06 06:15,0.0
2025-03-06 06:30,0.0
2025-03-06 06:45,0.085996
2025-03-06 07:00,0.0
2025-03-06 07:15,0.0
2025-03-06 07:30,0.001548
2025-03-06 07:45,0.00055
2025-03-06 08:00,0.0
2025-03-06 08:15,0.0
2025-03-06 08:30,0.0
2025-03-06 08:45,0.000748
2025-03-06 09:00,0.0
2025-03-06 09:15,0.0
2025-03-06 09:30,0.000636
2025-03-06 09:45,0.0
2025-03-06 10:00,0.018231
2025-03-06 10:15,0.079805
2025-03-06 10:30,0.078532
2025-03-06 10:45,0.095215
2025-03-06 11:00,0.00258
2025-03-06 11:15,0.0
2025-03-06 11:30,0.0
2025-03-06 11:45,0.0
2025-03-06 12:00,0.004412
2025-03-06 12:15,0.0
2025-03-06 12:30,0.380422
2025-03-06 12:45,0.084397
2025-03-06 13:00,0.0
2025-03-06 13:15,0.078463
2025-03-06 13:30,0.039257
2025-03-06 13:45,0.0
2025-03-06 14:00,0.09672
2025-03-06 14:15,0.0
2025-03-06 14:30,0.028964
2025-03-06 14:45,0.0
2025-03-06 15:00,0.0
2025-03-06 15:15,0.021104
2025-03-06 15:30,0.050153
2025-03-06 15:45,0.08579
2025-03-06 16:00,0.0
2025-03-06 16:15,0.0
2025-03-06 16:30,0.0
2025-03-06 16:45,0.012573
2025-03-06 17:00,0.0
2025-03-06 17:15,0.0
2025-03-06 17:30,0.0
2025-03-06 17:45,0.042861
2025-03-06 18:00,0.0
2025-03-06 18:15,0.0
2025-03-06 18:30,0.0
2025-03-06 18:45,0.0
2025-03-06 19:00,0.0
2025-03-06 19:15,0.0
2025-03-06 19:30,0.0
2025-03-06 19:45,0.0
2025-03-06 20:00,0.0
2025-03-06 20:15,0.0
2025-03-06 20:30,0.0
2025-03-06 20:45,0.0
2025-03-06 21:00,0.0
2025-03-06 21:15,0.0
2025-03-06 21:30,0.0
2025-03-06 21:45,0.045544
2025-03-06 22:00,0.000869
2025-03-06 22:15,0.0
2025-03-06 22:30,0.453596
2025-03-06 22:45,0.016391
2025-03-06 23:00,0.013089
2025-03-06 23:15,0.185623
2025-03-06 23:30,0.157064
2025-03-06 23:45,0.013089
2025-03-07 00:00,0.042637
2025-03-07 00:15,0.0
2025-03-07 00:30,0.011601
2025-03-07 00:45,0.0
2025-03-07 01:00,0.026917
2025-03-07 01:15,0.00338
2025-03-07 01:30,0.0
2025-03-07 01:45,0.0
2025-03-07 02:00,0.00172
2025-03-07 02:15,0.0
2025-03-07 02:30,0.00301
2025-03-07 02:45,0.000765
2025-03-07 03:00,0.023795
2025-03-07 03:15,0.002545
2025-03-07 03:30,0.026177
2025-03-07 03:45,0.006974
2025-03-07 04:00,0.000636
2025-03-07 04:15,0.000636
2025-03-07 04:30,0.000636
2025-03-07 04:45,0.0
2025-03-07 05:00,0.0
2025-03-07 05:15,0.003603
2025-03-07 05:30,0.0
2025-03-07 05:45,0.0
2025-03-07 06:00,0.013089
2025-03-07 06:15,0.0
2025-03-07 06:30,0.013906
2025-03-07 06:45,0.0
2025-03-07 07:00,0.0
2025-03-07 07:15,0.052355
2025-03-07 07:30,0.0
2025-03-07 07:45,0.0
2025-03-07 08:00,0.0
2025-03-07 08:15,0.0
2025-03-07 08:30,0.0
2025-03-07 08:45,0.0
2025-03-07 09:00,0.020209
2025-03-07 09:15,0.000808
2025-03-07 09:30,0.0
2025-03-07 09:45,0.0
2025-03-07 10:00,0.013089
2025-03-07 10:15,0.0
2025-03-07 10:30,0.004928
2025-03-07 10:45,0.01075
2025-03-07 11:00,0.0
2025-03-07 11:15,0.0
2025-03-07 11:30,0.01075
2025-03-07 11:45,0.0
2025-03-07 12:00,0.01075
2025-03-07 12:15,0.013089
2025-03-07 12:30,0.003724
2025-03-07 12:45,0.0
2025-03-07 13:00,0.196725
2025-03-07 13:15,0.000636
2025-03-07 13:30,0.011575
2025-03-07 13:45,0.000937
2025-03-07 14:00,0.0
2025-03-07 14:15,0.016838
2025-03-07 14:30,0.003268
2025-03-07 14:45,0.051133
2025-03-07 15:00,0.068187
2025-03-07 15:15,0.040539
2025-03-07 15:30,0.0
2025-03-07 15:45,0.013089
2025-03-07 16:00,0.036927
2025-03-07 16:15,0.038372
2025-03-07 16:30,0.038131
2025-03-07 16:45,0.054212
2025-03-07 17:00,0.013089
2025-03-07 17:15,0.0
2025-03-07 17:30,0.0
2025-03-07 17:45,0.039902
2025-03-07 18:00,0.0
2025-03-07 18:15,0.065443
2025-03-07 18:30,0.052991
2025-03-07 18:45,0.028086
2025-03-07 19:00,0.039266
2025-03-07 19:15,0.066716
2025-03-07 19:30,0.200148
2025-03-07 19:45,0.080441
2025-03-07 20:00,0.026177
2025-03-07 20:15,0.053094
2025-03-07 20:30,0.013089
2025-03-07 20:45,0.0
2025-03-07 21:00,0.104709
2025-03-07 21:15,0.38817
2025-03-07 21:30,0.169086
2025-03-07 21:45,0.044065
2025-03-07 22:00,0.043841
2025-03-07 22:15,0.013089
2025-03-07 22:30,0.0
2025-03-07 22:45,0.0
2025-03-07 23:00,0.002545
2025-03-07 23:15,0.042861
2025-03-07 23:30,0.061806
2025-03-07 23:45,0.0
2025-03-08 00:00,0.0
2025-03-08 00:15,0.026177
2025-03-08 00:30,0.000636
2025-03-08 00:45,0.161467
2025-03-08 01:00,0.089703
2025-03-08 01:15,0.057927
2025-03-08 01:30,0.052355
2025-03-08 01:45,0.004661
2025-03-08 02:00,0.039507
2025-03-08 02:15,0.040539
2025-03-08 02:30,0.065538
2025-03-08 02:45,0.030443
2025-03-08 03:00,0.0
2025-03-08 03:15,0.0
2025-03-08 03:30,0.0
2025-03-08 03:45,0.056646
2025-03-08 04:00,0.0
2025-03-08 04:15,0.0
2025-03-08 04:30,0.0
2025-03-08 04:45,0.000757
2025-03-08 05:00,0.026108
2025-03-08 05:15,0.0
2025-03-08 05:30,0.0
2025-03-08 05:45,0.0
2025-03-08 06:00,0.110385
2025-03-08 06:15,0.0
2025-03-08 06:30,0.017732
2025-03-08 06:45,0.018016
2025-03-08 07:00,0.013949
2025-03-08 07:15,0.062743
2025-03-08 07:30,0.097227
2025-03-08 07:45,0.128719
2025-03-08 08:00,0.02143
2025-03-08 08:15,0.085996
2025-03-08 08:30,0.00141
2025-03-08 08:45,0.0
2025-03-08 09:00,0.0
2025-03-08 09:15,0.0
2025-03-08 09:30,0.029196
2025-03-08 09:45,0.021499
2025-03-08 10:00,0.057858
2025-03-08 10:15,0.02745
2025-03-08 10:30,0.131626
2025-03-08 10:45,0.053627
2025-03-08 11:00,0.109164
2025-03-08 11:15,0.093727
2025-03-08 11:30,0.001273
2025-03-08 11:45,0.056087
2025-03-08 12:00,0.040582
2025-03-08 12:15,0.068608
2025-03-08 12:30,0.067877
2025-03-08 12:45,0.000851
2025-03-08 13:00,0.055554
2025-03-08 13:15,0.009442
2025-03-08 13:30,0.002545
2025-03-08 13:45,0.0
2025-03-08 14:00,0.049775
2025-03-08 14:15,0.01075
2025-03-08 14:30,0.000963
2025-03-08 14:45,0.0
2025-03-08 15:00,0.0
2025-03-08 15:15,0.000636
2025-03-08 15:30,0.042998
2025-03-08 15:45,0.028439
2025-03-08 16:00,0.046206
2025-03-08 16:15,0.031767
2025-03-08 16:30,0.055794
2025-03-08 16:45,0.042861
2025-03-08 17:00,0.012693
2025-03-08 17:15,0.092721
2025-03-08 17:30,0.002391
2025-03-08 17:45,0.001514
2025-03-08 18:00,0.0
2025-03-08 18:15,0.00565
2025-03-08 18:30,0.0
2025-03-08 18:45,0.002545
2025-03-08 19:00,0.0
2025-03-08 19:15,0.0
2025-03-08 19:30,0.0
2025-03-08 19:45,0.0
2025-03-08 20:00,0.0
2025-03-08 20:15,0.0
2025-03-08 20:30,0.0
2025-03-08 20:45,0.0
2025-03-08 21:00,0.0
2025-03-08 21:15,0.002735
2025-03-08 21:30,0.0
2025-03-08 21:45,0.0
2025-03-08 22:00,0.0
2025-03-08 22:15,0.0
2025-03-08 22:30,0.0
2025-03-08 22:45,0.024758
2025-03-08 23:00,0.052355
2025-03-08 23:15,0.000636
2025-03-08 23:30,0.0
2025-03-08 23:45,0.0
2025-03-09 00:00,0.0
2025-03-09 00:15,0.000817
2025-03-09 00:30,0.124695
2025-03-09 00:45,0.026177
2025-03-09 01:00,0.237195
2025-03-09 01:15,0.120343
2025-03-09 01:30,0.066716
2025-03-09 01:45,0.074318
2025-03-09 02:00,0.198875
2025-03-09 02:15,0.218766
2025-03-09 02:30,0.013089
2025-03-09 02:45,0.058976
2025-03-09 03:00,0.029686
2025-03-09 03:15,0.0
2025-03-09 03:30,0.002545
2025-03-09 03:45,0.001342
2025-03-09 04:00,0.052355
2025-03-09 04:15,0.0
2025-03-09 04:30,0.0
2025-03-09 04:45,0.021568
2025-03-09 05:00,0.0
2025-03-09 05:15,0.0
2025-03-09 05:30,0.013295
2025-03-09 05:45,0.002545
2025-03-09 06:00,0.0
2025-03-09 06:15,0.000636
2025-03-09 06:30,0.13676
2025-03-09 06:45,0.022626
2025-03-09 07:00,0.082565
2025-03-09 07:15,0.114865
2025-03-09 07:30,0.350848
2025-03-09 07:45,0.024595
2025-03-09 08:00,0.039292
2025-03-09 08:15,0.000636
2025-03-09 08:30,0.018429
2025-03-09 08:45,0.0
2025-03-09 09:00,0.000636
2025-03-09 09:15,0.001651
2025-03-09 09:30,0.053258
2025-03-09 09:45,0.02143
2025-03-09 10:00,0.077001
2025-03-09 10:15,0.006759
2025-03-09 10:30,0.00424
2025-03-09 10:45,0.0
2025-03-09 11:00,0.000636
2025-03-09 11:15,0.0
2025-03-09 11:30,0.002356
2025-03-09 11:45,0.0
2025-03-09 12:00,0.001832
2025-03-09 12:15,0.016425
2025-03-09 12:30,0.001694
2025-03-09 12:45,0.0
2025-03-09 13:00,0.006132
2025-03-09 13:15,0.018825
2025-03-09 13:30,0.089746
2025-03-09 13:45,0.088396
2025-03-09 14:00,0.130818
2025-03-09 14:15,0.096402
2025-03-09 14:30,0.095568
2025-03-09 14:45,0.212093
2025-03-09 15:00,0.430567
2025-03-09 15:15,0.187386
2025-03-09 15:30,0.29219
2025-03-09 15:45,0.139048
2025-03-09 16:00,0.001273
2025-03-09 16:15,0.167555
2025-03-09 16:30,0.099085
2025-03-09 16:45,0.115906
2025-03-09 17:00,0.065349
2025-03-09 17:15,0.012057
2025-03-09 17:30,0.000636
2025-03-09 17:45,0.052355
2025-03-09 18:00,0.0
2025-03-09 18:15,0.0
2025-03-09 18:30,0.0
2025-03-09 18:45,0.023959
2025-03-09 19:00,0.0
2025-03-09 19:15,0.002545
2025-03-09 19:30,0.0
2025-03-09 19:45,0.0
2025-03-09 20:00,0.013089
2025-03-09 20:15,0.0
2025-03-09 20:30,0.023959
2025-03-09 20:45,0.013089
2025-03-09 21:00,0.0
2025-03-09 21:15,0.0
2025-03-09 21:30,0.000636
2025-03-09 21:45,0.0
2025-03-09 22:00,0.263682
2025-03-09 22:15,0.17643
2025-03-09 22:30,0.185993
2025-03-09 22:45,0.066716
2025-03-09 23:00,0.011558
2025-03-09 23:15,0.5008
2025-03-09 23:30,0.0
2025-03-09 23:45,0.0
2025-03-10 00:00,0.033066
2025-03-10 00:15,0.050316
2025-03-10 00:30,0.070018
2025-03-10 00:45,0.202642
2025-03-10 01:00,0.012057
2025-03-10 01:15,0.0
2025-03-10 01:30,0.002545
2025-03-10 01:45,0.0
2025-03-10 02:00,0.046748
2025-03-10 02:15,0.000894
2025-03-10 02:30,0.000636
2025-03-10 02:45,0.011283
2025-03-10 03:00,0.0
2025-03-10 03:15,0.0
2025-03-10 03:30,0.0
2025-03-10 03:45,0.0
2025-03-10 04:00,0.001703
2025-03-10 04:15,0.0
2025-03-10 04:30,0.0
2025-03-10 04:45,0.0
2025-03-10 05:00,0.011283
2025-03-10 05:15,0.002864
2025-03-10 05:30,0.042998
2025-03-10 05:45,0.052355
2025-03-10 06:00,0.026177
2025-03-10 06:15,0.014361
2025-03-10 06:30,0.0
2025-03-10 06:45,0.018825
2025-03-10 07:00,0.013089
2025-03-10 07:15,0.000636
2025-03-10 07:30,0.000869
2025-03-10 07:45,0.013639
2025-03-10 08:00,0.0
2025-03-10 08:15,0.013639
2025-03-10 08:30,0.01075
2025-03-10 08:45,0.12055
2025-03-10 09:00,0.0
2025-03-10 09:15,0.0
2025-03-10 09:30,0.0
2025-03-10 09:45,0.0
2025-03-10 10:00,0.013089
2025-03-10 10:15,0.145351
2025-03-10 10:30,0.144439
2025-03-10 10:45,0.0
2025-03-10 11:00,0.0
2025-03-10 11:15,0.002545
2025-03-10 11:30,0.017629
2025-03-10 11:45,0.064291
2025-03-10 12:00,0.000636
2025-03-10 12:15,0.002202
2025-03-10 12:30,0.034519
2025-03-10 12:45,0.039902
2025-03-10 13:00,0.040702
2025-03-10 13:15,0.057454
2025-03-10 13:30,0.172732
2025-03-10 13:45,0.085274
2025-03-10 14:00,0.170668
2025-03-10 14:15,0.142092
2025-03-10 14:30,0.162636
2025-03-10 14:45,0.293076
2025-03-10 15:00,0.375649
2025-03-10 15:15,0.023838
2025-03-10 15:30,0.14198
2025-03-10 15:45,0.033435
2025-03-10 16:00,0.0
2025-03-10 16:15,0.255134
2025-03-10 16:30,0.005504
2025-03-10 16:45,0.0
2025-03-10 17:00,0.017956
2025-03-10 17:15,0.150906
2025-03-10 17:30,0.111434
2025-03-10 17:45,0.0
2025-03-10 18:00,0.001565
2025-03-10 18:15,0.001204
2025-03-10 18:30,0.0
2025-03-10 18:45,0.001565
2025-03-10 19:00,0.0
2025-03-10 19:15,0.057274
2025-03-10 19:30,0.006527
2025-03-10 19:45,0.0
2025-03-10 20:00,0.037838
2025-03-10 20:15,0.0
2025-03-10 20:30,0.0
2025-03-10 20:45,0.066957
2025-03-10 21:00,0.252889
2025-03-10 21:15,0.013089
2025-03-10 21:30,0.0
2025-03-10 21:45,0.038939
2025-03-10 22:00,0.015944
2025-03-10 22:15,0.0148
2025-03-10 22:30,0.0
2025-03-10 22:45,0.025661
2025-03-10 23:00,0.254515
2025-03-10 23:15,0.0
2025-03-10 23:30,0.000808
2025-03-10 23:45,0.01075
2025-03-11 00:00,0.074215
2025-03-11 00:15,0.0
2025-03-11 00:30,0.0
2025-03-11 00:45,0.013089
2025-03-11 01:00,0.0
2025-03-11 01:15,0.017509
2025-03-11 01:30,0.0
2025-03-11 01:45,0.006157
2025-03-11 02:00,0.000636
2025-03-11 02:15,0.0
2025-03-11 02:30,0.0
2025-03-11 02:45,0.0
2025-03-11 03:00,0.0
2025-03-11 03:15,0.0
2025-03-11 03:30,0.0
2025-03-11 03:45,0.0
2025-03-11 04:00,0.0
2025-03-11 04:15,0.0
2025-03-11 04:30,0.004386
2025-03-11 04:45,0.0
2025-03-11 05:00,0.0
2025-03-11 05:15,0.013089
2025-03-11 05:30,0.042998
2025-03-11 05:45,0.0
2025-03-11 06:00,0.005332
2025-03-11 06:15,0.000636
2025-03-11 06:30,0.0
2025-03-11 06:45,0.0
2025-03-11 07:00,0.0
2025-03-11 07:15,0.0
2025-03-11 07:30,0.0
2025-03-11 07:45,0.003629
2025-03-11 08:00,0.0
2025-03-11 08:15,0.0
2025-03-11 08:30,0.046232
2025-03-11 08:45,0.0
2025-03-11 09:00,0.0
2025-03-11 09:15,0.013089
2025-03-11 09:30,0.0
2025-03-11 09:45,0.0
2025-03-11 10:00,0.0
2025-03-11 10:15,0.000851
2025-03-11 10:30,0.0
2025-03-11 10:45,0.003904
2025-03-11 11:00,0.024079
2025-03-11 11:15,0.0
2025-03-11 11:30,0.0
2025-03-11 11:45,0.083915
2025-03-11 12:00,0.139744
2025-03-11 12:15,0.0
2025-03-11 12:30,0.046945
2025-03-11 12:45,0.190688
2025-03-11 13:00,0.438022
2025-03-11 13:15,0.15801
2025-03-11 13:30,0.128358
2025-03-11 13:45,0.196441
2025-03-11 14:00,1.0
2025-03-11 14:15,0.63627
2025-03-11 14:30,0.511291
2025-03-11 14:45,0.21033
2025-03-11 15:00,0.181349
2025-03-11 15:15,0.363799
2025-03-11 15:30,0.220804
2025-03-11 15:45,0.12282
2025-03-11 16:00,0.104434
2025-03-11 16:15,0.003302
2025-03-11 16:30,0.002021
2025-03-11 16:45,0.099756
2025-03-11 17:00,0.310412
2025-03-11 17:15,0.431719
2025-03-11 17:30,0.0
2025-03-11 17:45,0.0
2025-03-11 18:00,0.00074
2025-03-11 18:15,0.0
2025-03-11 18:30,0.013089
2025-03-11 18:45,0.0
2025-03-11 19:00,0.0
2025-03-11 19:15,0.000903
2025-03-11 19:30,0.01971
2025-03-11 19:45,0.0
2025-03-11 20:00,0.0
2025-03-11 20:15,0.0
2025-03-11 20:30,0.0
2025-03-11 20:45,0.015583
2025-03-11 21:00,0.002958
2025-03-11 21:15,0.0
2025-03-11 21:30,0.000972
2025-03-11 21:45,0.043635
2025-03-11 22:00,0.0
2025-03-11 22:15,0.059982
2025-03-11 22:30,0.104116
2025-03-11 22:45,0.176361
2025-03-11 23:00,0.052991
2025-03-11 23:15,0.01075
2025-03-11 23:30,0.0
2025-03-11 23:45,0.0
2025-03-12 00:00,0.0
2025-03-12 00:00,0.0
2025-03-12 00:15,0.019743
2025-03-12 00:30,0.0
2025-03-12 00:45,0.001911
2025-03-12 01:00,0.00193
2025-03-12 01:15,0.0
2025-03-12 01:30,0.0
2025-03-12 01:45,0.011834
2025-03-12 02:00,0.002712
2025-03-12 02:15,0.0
2025-03-12 02:30,0.0
2025-03-12 02:45,0.0
2025-03-12 03:00,0.0
2025-03-12 03:15,0.0
2025-03-12 03:30,0.0
2025-03-12 03:45,0.0
2025-03-12 04:00,0.0
2025-03-12 04:15,0.0
2025-03-12 04:30,0.0
2025-03-12 04:45,0.0
2025-03-12 05:00,0.0
2025-03-12 05:15,0.0
2025-03-12 05:30,0.006663
2025-03-12 05:45,0.0
2025-03-12 06:00,0.0
2025-03-12 06:15,0.0
2025-03-12 06:30,0.000478
2025-03-12 06:45,0.0
2025-03-12 07:00,0.000594
2025-03-12 07:15,0.0
2025-03-12 07:30,0.0
2025-03-12 07:45,0.0
2025-03-12 08:00,0.0
2025-03-12 08:15,0.019653
2025-03-12 08:30,0.005694
2025-03-12 08:45,0.028756
2025-03-12 09:00,0.0
2025-03-12 09:15,0.030015
2025-03-12 09:30,0.0
2025-03-12 09:45,0.0
2025-03-12 10:00,0.0
2025-03-12 10:15,0.001091
2025-03-12 10:30,0.0
2025-03-12 10:45,0.0
2025-03-12 11:00,0.0
2025-03-12 11:15,0.002428
2025-03-12 11:30,0.0
2025-03-12 11:45,0.000478
2025-03-12 12:00,0.0
2025-03-12 12:15,0.019278
2025-03-12 12:30,0.0
2025-03-12 12:45,0.00643
2025-03-12 13:00,0.074388
2025-03-12 13:15,0.00306
2025-03-12 13:30,0.000742
2025-03-12 13:45,0.036193
2025-03-12 14:00,0.00807
2025-03-12 14:15,0.0
2025-03-12 14:30,0.065749
2025-03-12 14:45,0.142429
2025-03-12 15:00,0.016412
2025-03-12 15:15,0.092291
2025-03-12 15:30,0.23419
2025-03-12 15:45,0.002221
2025-03-12 16:00,0.08914
2025-03-12 16:15,0.073394
2025-03-12 16:30,0.048266
2025-03-12 16:45,0.000478
2025-03-12 17:00,0.089353
2025-03-12 17:15,0.145212
2025-03-12 17:30,0.111536
2025-03-12 17:45,0.0
2025-03-12 18:00,0.050771
2025-03-12 18:15,0.039964
2025-03-12 18:30,0.016089
2025-03-12 18:45,0.001278
2025-03-12 19:00,0.0
2025-03-12 19:15,0.0
2025-03-12 19:30,0.0
2025-03-12 19:45,0.0
2025-03-12 20:00,0.002789
2025-03-12 20:15,0.081348
2025-03-12 20:30,0.001227
2025-03-12 20:45,0.0
2025-03-12 21:00,0.0
2025-03-12 21:15,0.036568
2025-03-12 21:30,0.035018
2025-03-12 21:45,0.06828
2025-03-12 22:00,0.001911
2025-03-12 22:15,0.039305
2025-03-12 22:30,0.0
2025-03-12 22:45,0.010304
2025-03-12 23:00,0.039305
2025-03-12 23:15,0.092349
2025-03-12 23:30,0.000788
2025-03-12 23:45,0.001911
2025-03-13 00:00,0.009439
2025-03-13 00:15,0.000478
2025-03-13 00:30,0.0
2025-03-13 00:45,0.003144
2025-03-13 01:00,0.0
2025-03-13 01:15,0.0
2025-03-13 01:30,0.0
2025-03-13 01:45,0.0
2025-03-13 02:00,0.000801
2025-03-13 02:15,0.000588
2025-03-13 02:30,0.028917
2025-03-13 02:45,0.059771
2025-03-13 03:00,0.011092
2025-03-13 03:15,0.020608
2025-03-13 03:30,0.096151
2025-03-13 03:45,0.160384
2025-03-13 04:00,0.154347
2025-03-13 04:15,0.058635
2025-03-13 04:30,0.081728
2025-03-13 04:45,0.02135
2025-03-13 05:00,0.044935
2025-03-13 05:15,0.016663
2025-03-13 05:30,0.129652
2025-03-13 05:45,0.013145
2025-03-13 06:00,0.001698
2025-03-13 06:15,0.045477
2025-03-13 06:30,0.131912
2025-03-13 06:45,0.62972
2025-03-13 07:00,0.199521
2025-03-13 07:15,0.222285
2025-03-13 07:30,0.049222
2025-03-13 07:45,0.106462
2025-03-13 08:00,0.019291
2025-03-13 08:15,0.029479
2025-03-13 08:30,0.014042
2025-03-13 08:45,0.070559
2025-03-13 09:00,0.112673
2025-03-13 09:15,0.0
2025-03-13 09:30,0.000504
2025-03-13 09:45,0.049609
2025-03-13 10:00,0.0
2025-03-13 10:15,0.0
2025-03-13 10:30,0.032281
2025-03-13 10:45,0.076983
2025-03-13 11:00,0.048369
2025-03-13 11:15,0.030073
2025-03-13 11:30,0.016089
2025-03-13 11:45,0.021654
2025-03-13 12:00,0.036464
2025-03-13 12:15,0.00532
2025-03-13 12:30,0.016566
2025-03-13 12:45,0.043953
2025-03-13 13:00,0.008535
2025-03-13 13:15,0.060481
2025-03-13 13:30,0.107637
2025-03-13 13:45,0.27336
2025-03-13 14:00,0.010381
2025-03-13 14:15,0.017341
2025-03-13 14:30,0.019291
2025-03-13 14:45,0.039886
2025-03-13 15:00,0.036142
2025-03-13 15:15,0.425745
2025-03-13 15:30,0.299669
2025-03-13 15:45,0.395065
2025-03-13 16:00,0.097849
2025-03-13 16:15,0.0
2025-03-13 16:30,0.0
2025-03-13 16:45,0.002428
2025-03-13 17:00,0.00102
2025-03-13 17:15,0.0362
2025-03-13 17:30,0.037672
2025-03-13 17:45,0.0
2025-03-13 18:00,0.0
2025-03-13 18:15,0.0
2025-03-13 18:30,0.0
2025-03-13 18:45,0.0
2025-03-13 19:00,0.0
2025-03-13 19:15,0.017987
2025-03-13 19:30,0.0
2025-03-13 19:45,0.0
2025-03-13 20:00,0.079746
2025-03-13 20:15,0.0
2025-03-13 20:30,0.000478
2025-03-13 20:45,0.018026
2025-03-13 21:00,0.000478
2025-03-13 21:15,0.0
2025-03-13 21:30,0.0
2025-03-13 21:45,0.0
2025-03-13 22:00,0.0
2025-03-13 22:15,0.002763
2025-03-13 22:30,0.011518
2025-03-13 22:45,0.009826
2025-03-13 23:00,0.00807
2025-03-13 23:15,0.072632
2025-03-13 23:30,0.013016
2025-03-13 23:45,0.034153
2025-03-14 00:00,0.0
2025-03-14 00:15,0.001149
2025-03-14 00:30,0.021544
2025-03-14 00:45,0.032707
2025-03-14 01:00,0.012551
2025-03-14 01:15,0.003241
2025-03-14 01:30,0.000904
2025-03-14 01:45,0.010104
2025-03-14 02:00,0.059939
2025-03-14 02:15,0.044173
2025-03-14 02:30,0.000478
2025-03-14 02:45,0.009013
2025-03-14 03:00,0.010414
2025-03-14 03:15,0.0004
2025-03-14 03:30,0.000433
2025-03-14 03:45,0.0
2025-03-14 04:00,0.067815
2025-03-14 04:15,0.02658
2025-03-14 04:30,0.011305
2025-03-14 04:45,0.014894
2025-03-14 05:00,0.0
2025-03-14 05:15,0.033572
2025-03-14 05:30,0.004539
2025-03-14 05:45,0.107469
2025-03-14 06:00,1.0
2025-03-14 06:15,0.196267
2025-03-14 06:30,0.011892
2025-03-14 06:45,0.008884
2025-03-14 07:00,0.012538
2025-03-14 07:15,0.007437
2025-03-14 07:30,0.016599
2025-03-14 07:45,0.009826
2025-03-14 08:00,0.039783
2025-03-14 08:15,0.008548
2025-03-14 08:30,0.0
2025-03-14 08:45,0.019653
2025-03-14 09:00,0.0
2025-03-14 09:15,0.0
2025-03-14 09:30,0.000678
2025-03-14 09:45,0.032281
2025-03-14 10:00,0.009846
2025-03-14 10:15,0.049609
2025-03-14 10:30,0.000478
2025-03-14 10:45,0.073174
2025-03-14 11:00,0.108011
2025-03-14 11:15,0.00306
2025-03-14 11:30,0.116617
2025-03-14 11:45,0.053496
2025-03-14 12:00,0.045568
2025-03-14 12:15,0.092213
2025-03-14 12:30,0.033378
2025-03-14 12:45,0.010459
2025-03-14 13:00,0.268266
2025-03-14 13:15,0.359298
2025-03-14 13:30,0.256238
2025-03-14 13:45,0.329806
2025-03-14 14:00,0.231828
2025-03-14 14:15,0.370751
2025-03-14 14:30,0.331362
2025-03-14 14:45,0.135708
2025-03-14 15:00,0.141887
2025-03-14 15:15,0.100393
2025-03-14 15:30,0.172457
2025-03-14 15:45,0.019601
2025-03-14 16:00,0.040764
2025-03-14 16:15,0.09956
2025-03-14 16:30,0.129472
2025-03-14 16:45,0.034192
2025-03-14 17:00,0.066188
2025-03-14 17:15,0.009155
2025-03-14 17:30,0.196073
2025-03-14 17:45,0.065601
2025-03-14 18:00,0.0
2025-03-14 18:15,0.001433
2025-03-14 18:30,0.0
2025-03-14 18:45,0.151184
2025-03-14 19:00,0.081541
2025-03-14 19:15,0.009826
2025-03-14 19:30,0.0
2025-03-14 19:45,0.0
2025-03-14 20:00,0.0
2025-03-14 20:15,0.0
2025-03-14 20:30,0.071844
2025-03-14 20:45,0.0
2025-03-14 21:00,0.001879
2025-03-14 21:15,0.0
2025-03-14 21:30,0.07309
2025-03-14 21:45,0.0
2025-03-14 22:00,0.098372
2025-03-14 22:15,0.0
2025-03-14 22:30,0.067635
2025-03-14 22:45,0.034786
2025-03-14 23:00,0.019653
2025-03-14 23:15,0.034786
2025-03-14 23:30,0.177092
2025-03-14 23:45,0.0
2025-03-15 00:00,0.071637
2025-03-15 00:15,0.020789
2025-03-15 00:30,0.099399
2025-03-15 00:45,0.0
2025-03-15 01:00,0.257394
2025-03-15 01:15,0.151842
2025-03-15 01:30,0.187655
2025-03-15 01:45,0.017167
2025-03-15 02:00,0.048847
2025-03-15 02:15,0.00111
2025-03-15 02:30,0.067015
2025-03-15 02:45,0.000478
2025-03-15 03:00,0.014798
2025-03-15 03:15,0.009826
2025-03-15 03:30,0.00807
2025-03-15 03:45,0.000633
2025-03-15 04:00,0.032281
2025-03-15 04:15,0.0
2025-03-15 04:30,0.0
2025-03-15 04:45,0.023475
2025-03-15 05:00,0.120084
2025-03-15 05:15,0.0
2025-03-15 05:30,0.049131
2025-03-15 05:45,0.000478
2025-03-15 06:00,0.0
2025-03-15 06:15,0.0
2025-03-15 06:30,0.016089
2025-03-15 06:45,0.043811
2025-03-15 07:00,0.084395
2025-03-15 07:15,0.011595
2025-03-15 07:30,0.008102
2025-03-15 07:45,0.057757
2025-03-15 08:00,0.0
2025-03-15 08:15,0.003183
2025-03-15 08:30,0.0
2025-03-15 08:45,0.0
2025-03-15 09:00,0.0
2025-03-15 09:15,0.010304
2025-03-15 09:30,0.0
2025-03-15 09:45,0.016566
2025-03-15 10:00,0.010717
2025-03-15 10:15,0.0
2025-03-15 10:30,0.0
2025-03-15 10:45,0.000478
2025-03-15 11:00,0.0
2025-03-15 11:15,0.071483
2025-03-15 11:30,0.039783
2025-03-15 11:45,0.004442
2025-03-15 12:00,0.000478
2025-03-15 12:15,0.0
2025-03-15 12:30,0.122176
2025-03-15 12:45,0.042004
2025-03-15 13:00,0.070643
2025-03-15 13:15,0.052346
2025-03-15 13:30,0.192271
2025-03-15 13:45,0.017483
2025-03-15 14:00,0.074678
2025-03-15 14:15,0.04908
2025-03-15 14:30,0.006611
2025-03-15 14:45,0.0
2025-03-15 15:00,0.155968
2025-03-15 15:15,0.000549
2025-03-15 15:30,0.001911
2025-03-15 15:45,0.073878
2025-03-15 16:00,0.20107
2025-03-15 16:15,0.029479
2025-03-15 16:30,0.222363
2025-03-15 16:45,0.048589
2025-03-15 17:00,0.026664
2025-03-15 17:15,0.018258
2025-03-15 17:30,0.080547
2025-03-15 17:45,0.038272
2025-03-15 18:00,0.378653
2025-03-15 18:15,0.270216
2025-03-15 18:30,0.0
2025-03-15 18:45,0.032177
2025-03-15 19:00,0.032281
2025-03-15 19:15,0.149305
2025-03-15 19:30,0.041771
2025-03-15 19:45,0.0
2025-03-15 20:00,0.001039
2025-03-15 20:15,0.0
2025-03-15 20:30,0.0
2025-03-15 20:45,0.0
2025-03-15 21:00,0.0
2025-03-15 21:15,0.0
2025-03-15 21:30,0.021028
2025-03-15 21:45,0.0
2025-03-15 22:00,0.001065
2025-03-15 22:15,0.0
2025-03-15 22:30,0.071173
2025-03-15 22:45,0.052953
2025-03-15 23:00,0.070695
2025-03-15 23:15,0.255715
2025-03-15 23:30,0.150816
2025-03-15 23:45,0.019252
2025-03-16 00:00,0.007599
2025-03-16 00:15,0.132041
2025-03-16 00:30,0.29617
2025-03-16 00:45,0.028975
2025-03-16 01:00,0.0
2025-03-16 01:15,0.049131
2025-03-16 01:30,0.010304
2025-03-16 01:45,0.010453
2025-03-16 02:00,0.040887
2025-03-16 02:15,0.001911
2025-03-16 02:30,0.0
2025-03-16 02:45,0.055394
2025-03-16 03:00,0.167847
2025-03-16 03:15,0.15979
2025-03-16 03:30,0.189036
2025-03-16 03:45,0.090431
2025-03-16 04:00,0.169332
2025-03-16 04:15,0.0
2025-03-16 04:30,0.016089
2025-03-16 04:45,0.06553
2025-03-16 05:00,0.022138
2025-03-16 05:15,0.373753
2025-03-16 05:30,0.285801
2025-03-16 05:45,0.135205
2025-03-16 06:00,0.089082
2025-03-16 06:15,0.034657
2025-03-16 06:30,0.0
2025-03-16 06:45,0.0
2025-03-16 07:00,0.009826
2025-03-16 07:15,0.0
2025-03-16 07:30,0.011737
2025-03-16 07:45,0.0
2025-03-16 08:00,0.036819
2025-03-16 08:15,0.022158
2025-03-16 08:30,0.069739
2025-03-16 08:45,0.062612
2025-03-16 09:00,0.197681
2025-03-16 09:15,0.370506
2025-03-16 09:30,0.091781
2025-03-16 09:45,0.012486
2025-03-16 10:00,0.099657
2025-03-16 10:15,0.145935
2025-03-16 10:30,0.028853
2025-03-16 10:45,0.088391
2025-03-16 11:00,0.025915
2025-03-16 11:15,0.131751
2025-03-16 11:30,0.050797
2025-03-16 11:45,0.00807
2025-03-16 12:00,0.027626
2025-03-16 12:15,0.012757
2025-03-16 12:30,0.045994
2025-03-16 12:45,0.297732
2025-03-16 13:00,0.148969
2025-03-16 13:15,0.105933
2025-03-16 13:30,0.06828
2025-03-16 13:45,0.042591
2025-03-16 14:00,0.202355
2025-03-16 14:15,0.16542
2025-03-16 14:30,0.059306
2025-03-16 14:45,0.009962
2025-03-16 15:00,0.021208
2025-03-16 15:15,0.01831
2025-03-16 15:30,0.115759
2025-03-16 15:45,0.009439
2025-03-16 16:00,0.000529
2025-03-16 16:15,0.001872
2025-03-16 16:30,0.0045
2025-03-16 16:45,0.030383
2025-03-16 17:00,0.048847
2025-03-16 17:15,0.016566
2025-03-16 17:30,0.003009
2025-03-16 17:45,0.002712
2025-03-16 18:00,0.0
2025-03-16 18:15,0.0
2025-03-16 18:30,0.0
2025-03-16 18:45,0.048744
2025-03-16 19:00,0.0
2025-03-16 19:15,0.0
2025-03-16 19:30,0.0
2025-03-16 19:45,0.0
2025-03-16 20:00,0.0
2025-03-16 20:15,0.0
2025-03-16 20:30,0.0
2025-03-16 20:45,0.0
2025-03-16 21:00,0.0
2025-03-16 21:15,0.0
2025-03-16 21:30,0.0
2025-03-16 21:45,0.0
2025-03-16 22:00,0.001911
2025-03-16 22:15,0.0
2025-03-16 22:30,0.010782
2025-03-16 22:45,0.000529
2025-03-16 23:00,0.0
2025-03-16 23:15,0.004849
2025-03-16 23:30,0.013571
2025-03-16 23:45,0.00235
2025-03-17 00:00,0.017987
2025-03-17 00:15,0.041726
2025-03-17 00:30,0.0
2025-03-17 00:45,0.029479
2025-03-17 01:00,0.017896
2025-03-17 01:15,0.027723
2025-03-17 01:30,0.0
2025-03-17 01:45,0.0
2025-03-17 02:00,0.0
2025-03-17 02:15,0.0
2025-03-17 02:30,0.002318
2025-03-17 02:45,0.075188
2025-03-17 03:00,0.000659
2025-03-17 03:15,0.0
2025-03-17 03:30,0.0
2025-03-17 03:45,0.023772
2025-03-17 04:00,0.004416
2025-03-17 04:15,0.010704
2025-03-17 04:30,0.009826
2025-03-17 04:45,0.068668
2025-03-17 05:00,0.033591
2025-03-17 05:15,0.0
2025-03-17 05:30,0.0
2025-03-17 05:45,0.001304
2025-03-17 06:00,0.000478
2025-03-17 06:15,0.00807
2025-03-17 06:30,0.008393
2025-03-17 06:45,0.005765
2025-03-17 07:00,0.0
2025-03-17 07:15,0.0
2025-03-17 07:30,0.041836
2025-03-17 07:45,0.0
2025-03-17 08:00,0.039305
2025-03-17 08:15,0.019653
2025-03-17 08:30,0.000478
2025-03-17 08:45,0.019601
2025-03-17 09:00,0.009826
2025-03-17 09:15,0.0
2025-03-17 09:30,0.009826
2025-03-17 09:45,0.007179
2025-03-17 10:00,0.0
2025-03-17 10:15,0.059861
2025-03-17 10:30,0.062663
2025-03-17 10:45,0.050268
2025-03-17 11:00,0.128697
2025-03-17 11:15,0.060468
2025-03-17 11:30,0.023817
2025-03-17 11:45,0.13044
2025-03-17 12:00,0.030176
2025-03-17 12:15,0.023952
2025-03-17 12:30,0.030008
2025-03-17 12:45,0.059435
2025-03-17 13:00,0.049609
2025-03-17 13:15,0.148053
2025-03-17 13:30,0.236482
2025-03-17 13:45,0.027813
2025-03-17 14:00,0.092762
2025-03-17 14:15,0.264031
2025-03-17 14:30,0.053173
2025-03-17 14:45,0.071147
2025-03-17 15:00,0.074956
2025-03-17 15:15,0.042017
2025-03-17 15:30,0.000678
2025-03-17 15:45,0.132209
2025-03-17 16:00,0.064587
2025-03-17 16:15,0.153295
2025-03-17 16:30,0.155948
2025-03-17 16:45,0.01862
2025-03-17 17:00,0.039305
2025-03-17 17:15,0.018284
2025-03-17 17:30,0.046375
2025-03-17 17:45,0.00654
2025-03-17 18:00,0.0
2025-03-17 18:15,0.000478
2025-03-17 18:30,0.002905
2025-03-17 18:45,0.008922
2025-03-17 19:00,0.0
2025-03-17 19:15,0.0
2025-03-17 19:30,0.0
2025-03-17 19:45,0.0
2025-03-17 20:00,0.0
2025-03-17 20:15,0.0
2025-03-17 20:30,0.0
2025-03-17 20:45,0.0
2025-03-17 21:00,0.0
2025-03-17 21:15,0.0
2025-03-17 21:30,0.0
2025-03-17 21:45,0.0
2025-03-17 22:00,0.0
2025-03-17 22:15,0.029479
2025-03-17 22:30,0.061824
2025-03-17 22:45,0.054787
2025-03-17 23:00,0.07116
2025-03-17 23:15,0.000478
2025-03-17 23:30,0.027852
2025-03-17 23:45,0.031512
2025-03-18 00:00,0.0
2025-03-18 00:15,0.075537
2025-03-18 00:30,0.0
2025-03-18 00:45,0.001911
2025-03-18 01:00,0.00807
2025-03-18 01:15,0.00807
2025-03-18 01:30,0.0
2025-03-18 01:45,0.001395
2025-03-18 02:00,0.0
2025-03-18 02:15,0.097811
2025-03-18 02:30,0.0
2025-03-18 02:45,0.032281
2025-03-18 03:00,0.088436
2025-03-18 03:15,0.0
2025-03-18 03:30,0.0
2025-03-18 03:45,0.0
2025-03-18 04:00,0.002996
2025-03-18 04:15,0.034928
2025-03-18 04:30,0.043024
2025-03-18 04:45,0.083181
2025-03-18 05:00,0.07094
2025-03-18 05:15,0.0
2025-03-18 05:30,0.0
2025-03-18 05:45,0.000478
2025-03-18 06:00,0.001214
2025-03-18 06:15,0.020066
2025-03-18 06:30,0.000904
2025-03-18 06:45,0.009826
2025-03-18 07:00,0.003099
2025-03-18 07:15,0.01614
2025-03-18 07:30,0.0
2025-03-18 07:45,0.012699
2025-03-18 08:00,0.020582
2025-03-18 08:15,0.0
2025-03-18 08:30,0.017154
2025-03-18 08:45,0.0
2025-03-18 09:00,0.034037
2025-03-18 09:15,0.002402
2025-03-18 09:30,0.166065
2025-03-18 09:45,0.0
2025-03-18 10:00,0.0
2025-03-18 10:15,0.00787
2025-03-18 10:30,0.000478
2025-03-18 10:45,0.032177
2025-03-18 11:00,0.220245
2025-03-18 11:15,0.0
2025-03-18 11:30,0.010304
2025-03-18 11:45,0.030137
2025-03-18 12:00,0.009826
2025-03-18 12:15,0.079566
2025-03-18 12:30,0.030615
2025-03-18 12:45,0.167047
2025-03-18 13:00,0.089573
2025-03-18 13:15,0.096545
2025-03-18 13:30,0.136832
2025-03-18 13:45,0.090334
2025-03-18 14:00,0.14221
2025-03-18 14:15,0.10437
2025-03-18 14:30,0.120149
2025-03-18 14:45,0.029847
2025-03-18 15:00,0.044702
2025-03-18 15:15,0.026393
2025-03-18 15:30,0.098573
2025-03-18 15:45,0.307222
2025-03-18 16:00,0.019601
2025-03-18 16:15,0.000478
2025-03-18 16:30,0.0
2025-03-18 16:45,0.016618
2025-03-18 17:00,0.0
2025-03-18 17:15,0.000671
2025-03-18 17:30,0.0
2025-03-18 17:45,0.001504
2025-03-18 18:00,0.014798
2025-03-18 18:15,0.0
2025-03-18 18:30,0.002014
2025-03-18 18:45,0.0
2025-03-18 19:00,0.01113
2025-03-18 19:15,0.0
2025-03-18 19:30,0.0
2025-03-18 19:45,0.0
2025-03-18 20:00,0.011092
2025-03-18 20:15,0.0
2025-03-18 20:30,0.039964
2025-03-18 20:45,0.0
2025-03-18 21:00,0.009826
2025-03-18 21:15,0.000529
2025-03-18 21:30,0.0
2025-03-18 21:45,0.0
2025-03-18 22:00,0.0
2025-03-18 22:15,0.014204
2025-03-18 22:30,0.090347
2025-03-18 22:45,0.001976
2025-03-18 23:00,0.033533
2025-03-18 23:15,0.0
2025-03-18 23:30,0.021951
2025-03-18 23:45,0.008393
2025-03-19 00:00,0.0
2025-03-19 00:00,0.0
2025-03-19 00:15,0.001918
2025-03-19 00:30,0.000479
2025-03-19 00:45,0.0
2025-03-19 01:00,0.024532
2025-03-19 01:15,0.077535
2025-03-19 01:30,0.02715
2025-03-19 01:45,0.000479
2025-03-19 02:00,0.011002
2025-03-19 02:15,0.0
2025-03-19 02:30,0.002268
2025-03-19 02:45,0.0
2025-03-19 03:00,0.009862
2025-03-19 03:15,0.000907
2025-03-19 03:30,0.0
2025-03-19 03:45,0.014113
2025-03-19 04:00,0.044074
2025-03-19 04:15,0.0
2025-03-19 04:30,0.0
2025-03-19 04:45,0.089808
2025-03-19 05:00,0.164686
2025-03-19 05:15,0.067207
2025-03-19 05:30,0.099786
2025-03-19 05:45,0.0
2025-03-19 06:00,0.0
2025-03-19 06:15,0.0
2025-03-19 06:30,0.019672
2025-03-19 06:45,0.0
2025-03-19 07:00,0.0
2025-03-19 07:15,0.010821
2025-03-19 07:30,0.018752
2025-03-19 07:45,0.0
2025-03-19 08:00,0.010341
2025-03-19 08:15,0.000616
2025-03-19 08:30,0.0328
2025-03-19 08:45,0.100616
2025-03-19 09:00,0.000713
2025-03-19 09:15,0.0
2025-03-19 09:30,0.0
2025-03-19 09:45,0.032398
2025-03-19 10:00,0.051033
2025-03-19 10:15,0.074658
2025-03-19 10:30,0.014799
2025-03-19 10:45,0.021188
2025-03-19 11:00,0.032294
2025-03-19 11:15,0.08084
2025-03-19 11:30,0.016147
2025-03-19 11:45,0.0
2025-03-19 12:00,0.0
2025-03-19 12:15,0.0
2025-03-19 12:30,0.0
2025-03-19 12:45,0.016147
2025-03-19 13:00,0.0
2025-03-19 13:15,0.0
2025-03-19 13:30,0.039448
2025-03-19 13:45,0.0
2025-03-19 14:00,0.0
2025-03-19 14:15,0.039882
2025-03-19 14:30,0.065418
2025-03-19 14:45,0.019724
2025-03-19 15:00,0.130435
2025-03-19 15:15,0.00556
2025-03-19 15:30,0.01664
2025-03-19 15:45,0.01675
2025-03-19 16:00,0.0
2025-03-19 16:15,0.021409
2025-03-19 16:30,0.0
2025-03-19 16:45,0.000661
2025-03-19 17:00,0.004905
2025-03-19 17:15,0.039448
2025-03-19 17:30,0.0
2025-03-19 17:45,0.076965
2025-03-19 18:00,0.0
2025-03-19 18:15,0.0
2025-03-19 18:30,0.000402
2025-03-19 18:45,0.0
2025-03-19 19:00,0.0
2025-03-19 19:15,0.0
2025-03-19 19:30,0.0
2025-03-19 19:45,0.0
2025-03-19 20:00,0.0
2025-03-19 20:15,0.000415
2025-03-19 20:30,0.0
2025-03-19 20:45,0.0
2025-03-19 21:00,0.0
2025-03-19 21:15,0.0
2025-03-19 21:30,0.0
2025-03-19 21:45,0.051059
2025-03-19 22:00,0.097194
2025-03-19 22:15,0.0
2025-03-19 22:30,0.010017
2025-03-19 22:45,0.0
2025-03-19 23:00,0.0
2025-03-19 23:15,0.0
2025-03-19 23:30,0.04931
2025-03-19 23:45,0.000544
2025-03-20 00:00,0.0
2025-03-20 00:15,0.063747
2025-03-20 00:30,0.009862
2025-03-20 00:45,0.058025
2025-03-20 01:00,0.212408
2025-03-20 01:15,0.016199
2025-03-20 01:30,0.0
2025-03-20 01:45,0.000616
2025-03-20 02:00,0.042143
2025-03-20 02:15,0.003862
2025-03-20 02:30,0.0
2025-03-20 02:45,0.009862
2025-03-20 03:00,0.029534
2025-03-20 03:15,0.086995
2025-03-20 03:30,0.090961
2025-03-20 03:45,0.010821
2025-03-20 04:00,0.0
2025-03-20 04:15,0.027065
2025-03-20 04:30,0.0
2025-03-20 04:45,0.0
2025-03-20 05:00,0.001017
2025-03-20 05:15,0.030623
2025-03-20 05:30,0.071587
2025-03-20 05:45,0.038696
2025-03-20 06:00,0.048461
2025-03-20 06:15,0.092639
2025-03-20 06:30,0.018765
2025-03-20 06:45,0.001238
2025-03-20 07:00,0.009862
2025-03-20 07:15,0.000816
2025-03-20 07:30,0.000531
2025-03-20 07:45,0.011521
2025-03-20 08:00,0.018506
2025-03-20 08:15,0.000415
2025-03-20 08:30,0.054558
2025-03-20 08:45,0.012609
2025-03-20 09:00,0.03475
2025-03-20 09:15,0.000907
2025-03-20 09:30,0.019724
2025-03-20 09:45,0.0
2025-03-20 10:00,0.000616
2025-03-20 10:15,0.0
2025-03-20 10:30,0.000415
2025-03-20 10:45,0.020203
2025-03-20 11:00,0.112
2025-03-20 11:15,0.0
2025-03-20 11:30,0.0
2025-03-20 11:45,0.0
2025-03-20 12:00,0.009609
2025-03-20 12:15,0.019724
2025-03-20 12:30,0.022504
2025-03-20 12:45,0.0
2025-03-20 13:00,0.001769
2025-03-20 13:15,0.0247
2025-03-20 13:30,0.0
2025-03-20 13:45,0.0
2025-03-20 14:00,0.030247
2025-03-20 14:15,0.018506
2025-03-20 14:30,0.071185
2025-03-20 14:45,0.288952
2025-03-20 15:00,0.165917
2025-03-20 15:15,0.144347
2025-03-20 15:30,0.161576
2025-03-20 15:45,0.097544
2025-03-20 16:00,0.086023
2025-03-20 16:15,0.302534
2025-03-20 16:30,0.064135
2025-03-20 16:45,0.141256
2025-03-20 17:00,0.01397
2025-03-20 17:15,0.001076
2025-03-20 17:30,0.000622
2025-03-20 17:45,0.0014
2025-03-20 18:00,0.0
2025-03-20 18:15,0.0
2025-03-20 18:30,0.000479
2025-03-20 18:45,0.0
2025-03-20 19:00,0.0
2025-03-20 19:15,0.0
2025-03-20 19:30,0.036104
2025-03-20 19:45,0.0
2025-03-20 20:00,0.0
2025-03-20 20:15,0.0
2025-03-20 20:30,0.0
2025-03-20 20:45,0.0
2025-03-20 21:00,0.0
2025-03-20 21:15,0.0
2025-03-20 21:30,0.019724
2025-03-20 21:45,0.032878
2025-03-20 22:00,0.196864
2025-03-20 22:15,0.075313
2025-03-20 22:30,0.237504
2025-03-20 22:45,0.080555
2025-03-20 23:00,0.055077
2025-03-20 23:15,0.11443
2025-03-20 23:30,0.130629
2025-03-20 23:45,0.005184
2025-03-21 00:00,0.009862
2025-03-21 00:15,0.0
2025-03-21 00:30,0.010341
2025-03-21 00:45,0.002397
2025-03-21 01:00,0.0
2025-03-21 01:15,0.079803
2025-03-21 01:30,0.0
2025-03-21 01:45,0.072695
2025-03-21 02:00,0.0
2025-03-21 02:15,0.05636
2025-03-21 02:30,0.006531
2025-03-21 02:45,0.009843
2025-03-21 03:00,0.008184
2025-03-21 03:15,0.0
2025-03-21 03:30,0.0
2025-03-21 03:45,0.022251
2025-03-21 04:00,0.0
2025-03-21 04:15,0.0201
2025-03-21 04:30,0.0
2025-03-21 04:45,0.0
2025-03-21 05:00,0.0
2025-03-21 05:15,0.0
2025-03-21 05:30,0.0
2025-03-21 05:45,0.002877
2025-03-21 06:00,0.0
2025-03-21 06:15,0.004704
2025-03-21 06:30,0.0
2025-03-21 06:45,0.009182
2025-03-21 07:00,0.040912
2025-03-21 07:15,0.0
2025-03-21 07:30,0.043219
2025-03-21 07:45,0.0
2025-03-21 08:00,0.0
2025-03-21 08:15,0.0
2025-03-21 08:30,0.0
2025-03-21 08:45,0.00543
2025-03-21 09:00,0.019724
2025-03-21 09:15,0.0
2025-03-21 09:30,0.004756
2025-03-21 09:45,0.000415
2025-03-21 10:00,0.0
2025-03-21 10:15,0.039927
2025-03-21 10:30,0.000894
2025-03-21 10:45,0.0
2025-03-21 11:00,0.041113
2025-03-21 11:15,0.279349
2025-03-21 11:30,0.041366
2025-03-21 11:45,0.009862
2025-03-21 12:00,0.0
2025-03-21 12:15,0.067155
2025-03-21 12:30,0.019905
2025-03-21 12:45,0.0
2025-03-21 13:00,0.065554
2025-03-21 13:15,0.290313
2025-03-21 13:30,0.0
2025-03-21 13:45,0.000479
2025-03-21 14:00,0.0
2025-03-21 14:15,0.053638
2025-03-21 14:30,0.104633
2025-03-21 14:45,0.161615
2025-03-21 15:00,0.016549
2025-03-21 15:15,0.096456
2025-03-21 15:30,0.067103
2025-03-21 15:45,0.055258
2025-03-21 16:00,0.109467
2025-03-21 16:15,0.358867
2025-03-21 16:30,0.153476
2025-03-21 16:45,0.098037
2025-03-21 17:00,0.081216
2025-03-21 17:15,0.099637
2025-03-21 17:30,0.016147
2025-03-21 17:45,0.169397
2025-03-21 18:00,0.293404
2025-03-21 18:15,0.129592
2025-03-21 18:30,0.043012
2025-03-21 18:45,0.130072
2025-03-21 19:00,0.06731
2025-03-21 19:15,0.097194
2025-03-21 19:30,0.009862
2025-03-21 19:45,0.0
2025-03-21 20:00,0.080814
2025-03-21 20:15,0.0
2025-03-21 20:30,0.0
2025-03-21 20:45,0.026152
2025-03-21 21:00,0.0
2025-03-21 21:15,0.000479
2025-03-21 21:30,0.036493
2025-03-21 21:45,0.0
2025-03-21 22:00,0.000415
2025-03-21 22:15,0.0
2025-03-21 22:30,0.000998
2025-03-21 22:45,0.002877
2025-03-21 23:00,0.0014
2025-03-21 23:15,0.0
2025-03-21 23:30,0.0
2025-03-21 23:45,0.009862
2025-03-22 00:00,0.0
2025-03-22 00:15,0.009862
2025-03-22 00:30,0.0
2025-03-22 00:45,0.001322
2025-03-22 01:00,0.000402
2025-03-22 01:15,0.0081
2025-03-22 01:30,0.01907
2025-03-22 01:45,0.040225
2025-03-22 02:00,0.0
2025-03-22 02:15,0.0
2025-03-22 02:30,0.0
2025-03-22 02:45,0.0
2025-03-22 03:00,0.0
2025-03-22 03:15,0.048442
2025-03-22 03:30,0.086101
2025-03-22 03:45,0.027409
2025-03-22 04:00,0.000603
2025-03-22 04:15,0.0
2025-03-22 04:30,0.001724
2025-03-22 04:45,0.0
2025-03-22 05:00,0.0
2025-03-22 05:15,0.017223
2025-03-22 05:30,0.0
2025-03-22 05:45,0.0
2025-03-22 06:00,0.000622
2025-03-22 06:15,0.0
2025-03-22 06:30,0.001309
2025-03-22 06:45,0.000415
2025-03-22 07:00,0.0
2025-03-22 07:15,0.0
2025-03-22 07:30,0.0
2025-03-22 07:45,0.033033
2025-03-22 08:00,0.009862
2025-03-22 08:15,0.000479
2025-03-22 08:30,0.048027
2025-03-22 08:45,0.010173
2025-03-22 09:00,0.08579
2025-03-22 09:15,0.025355
2025-03-22 09:30,0.004892
2025-03-22 09:45,0.031672
2025-03-22 10:00,0.010341
2025-03-22 10:15,0.0
2025-03-22 10:30,0.000479
2025-03-22 10:45,0.023366
2025-03-22 11:00,0.039267
2025-03-22 11:15,0.000985
2025-03-22 11:30,0.0
2025-03-22 11:45,0.009862
2025-03-22 12:00,0.017793
2025-03-22 12:15,0.082084
2025-03-22 12:30,0.094278
2025-03-22 12:45,0.049971
2025-03-22 13:00,0.101328
2025-03-22 13:15,0.254617
2025-03-22 13:30,0.11005
2025-03-22 13:45,0.159029
2025-03-22 14:00,0.214981
2025-03-22 14:15,0.051429
2025-03-22 14:30,0.14237
2025-03-22 14:45,0.058343
2025-03-22 15:00,0.115739
2025-03-22 15:15,0.083056
2025-03-22 15:30,0.212707
2025-03-22 15:45,0.036778
2025-03-22 16:00,0.064589
2025-03-22 16:15,0.066559
2025-03-22 16:30,0.109544
2025-03-22 16:45,0.051189
2025-03-22 17:00,0.024247
2025-03-22 17:15,0.11292
2025-03-22 17:30,0.000428
2025-03-22 17:45,0.0
2025-03-22 18:00,0.0
2025-03-22 18:15,0.0
2025-03-22 18:30,0.0
2025-03-22 18:45,0.0
2025-03-22 19:00,0.001957
2025-03-22 19:15,0.007542
2025-03-22 19:30,0.0
2025-03-22 19:45,0.0
2025-03-22 20:00,0.0
2025-03-22 20:15,0.0
2025-03-22 20:30,0.0
2025-03-22 20:45,0.008611
2025-03-22 21:00,0.00116
2025-03-22 21:15,0.010341
2025-03-22 21:30,0.0
2025-03-22 21:45,0.0
2025-03-22 22:00,0.000415
2025-03-22 22:15,0.001892
2025-03-22 22:30,0.0
2025-03-22 22:45,0.000479
2025-03-22 23:00,0.0
2025-03-22 23:15,0.002436
2025-03-22 23:30,0.001264
2025-03-22 23:45,0.0
2025-03-23 00:00,0.0
2025-03-23 00:15,0.010341
2025-03-23 00:30,1.0
2025-03-23 00:45,0.458641
2025-03-23 01:00,0.000479
2025-03-23 01:15,0.011741
2025-03-23 01:30,0.091233
2025-03-23 01:45,0.005372
2025-03-23 02:00,0.050269
2025-03-23 02:15,0.041729
2025-03-23 02:30,0.086924
2025-03-23 02:45,0.0
2025-03-23 03:00,0.059742
2025-03-23 03:15,0.002462
2025-03-23 03:30,0.000479
2025-03-23 03:45,0.013439
2025-03-23 04:00,0.0
2025-03-23 04:15,0.002806
2025-03-23 04:30,0.000609
2025-03-23 04:45,0.039448
2025-03-23 05:00,0.0
2025-03-23 05:15,0.019724
2025-03-23 05:30,0.000415
2025-03-23 05:45,0.159308
2025-03-23 06:00,0.099099
2025-03-23 06:15,0.143705
2025-03-23 06:30,0.000415
2025-03-23 06:45,0.032294
2025-03-23 07:00,0.000479
2025-03-23 07:15,0.128271
2025-03-23 07:30,0.0649
2025-03-23 07:45,0.039448
2025-03-23 08:00,0.130253
2025-03-23 08:15,0.069513
2025-03-23 08:30,0.094713
2025-03-23 08:45,0.019724
2025-03-23 09:00,0.188233
2025-03-23 09:15,0.064356
2025-03-23 09:30,0.040997
2025-03-23 09:45,0.066248
2025-03-23 10:00,0.047496
2025-03-23 10:15,0.123605
2025-03-23 10:30,0.157098
2025-03-23 10:45,0.107536
2025-03-23 11:00,0.059392
2025-03-23 11:15,0.171049
2025-03-23 11:30,0.083548
2025-03-23 11:45,0.110244
2025-03-23 12:00,0.279887
2025-03-23 12:15,0.240705
2025-03-23 12:30,0.150962
2025-03-23 12:45,0.242753
2025-03-23 13:00,0.142228
2025-03-23 13:15,0.168613
2025-03-23 13:30,0.311294
2025-03-23 13:45,0.090676
2025-03-23 14:00,0.369675
2025-03-23 14:15,0.430078
2025-03-23 14:30,0.436331
2025-03-23 14:45,0.321733
2025-03-23 15:00,0.416387
2025-03-23 15:15,0.3455
2025-03-23 15:30,0.491091
2025-03-23 15:45,0.339623
2025-03-23 16:00,0.519095
2025-03-23 16:15,0.322854
2025-03-23 16:30,0.325044
2025-03-23 16:45,0.307899
2025-03-23 17:00,0.082524
2025-03-23 17:15,0.378818
2025-03-23 17:30,0.483328
2025-03-23 17:45,0.107374
2025-03-23 18:00,0.308767
2025-03-23 18:15,0.352958
2025-03-23 18:30,0.36315
2025-03-23 18:45,0.039448
2025-03-23 19:00,0.018298
2025-03-23 19:15,0.017547
2025-03-23 19:30,0.0
2025-03-23 19:45,0.0
2025-03-23 20:00,0.001082
2025-03-23 20:15,0.0
2025-03-23 20:30,0.004231
2025-03-23 20:45,0.001179
2025-03-23 21:00,0.0
2025-03-23 21:15,0.120262
2025-03-23 21:30,0.043128
2025-03-23 21:45,0.0
2025-03-23 22:00,0.004004
2025-03-23 22:15,0.066805
2025-03-23 22:30,0.017962
2025-03-23 22:45,0.017962
2025-03-23 23:00,0.090306
2025-03-23 23:15,0.114534
2025-03-23 23:30,0.151856
2025-03-23 23:45,0.003499
2025-03-24 00:00,0.031588
2025-03-24 00:15,0.02172
2025-03-24 00:30,0.000479
2025-03-24 00:45,0.0
2025-03-24 01:00,0.0
2025-03-24 01:15,0.0
2025-03-24 01:30,0.0
2025-03-24 01:45,0.0
2025-03-24 02:00,0.0
2025-03-24 02:15,0.0
2025-03-24 02:30,0.0
2025-03-24 02:45,0.009473
2025-03-24 03:00,0.0
2025-03-24 03:15,0.0
2025-03-24 03:30,0.003499
2025-03-24 03:45,0.001387
2025-03-24 04:00,0.010082
2025-03-24 04:15,0.00565
2025-03-24 04:30,0.0
2025-03-24 04:45,0.02851
2025-03-24 05:00,0.010419
2025-03-24 05:15,0.112797
2025-03-24 05:30,0.177127
2025-03-24 05:45,0.029586
2025-03-24 06:00,0.050697
2025-03-24 06:15,0.000415
2025-03-24 06:30,0.001918
2025-03-24 06:45,0.0
2025-03-24 07:00,0.000402
2025-03-24 07:15,0.0
2025-03-24 07:30,0.039448
2025-03-24 07:45,0.0
2025-03-24 08:00,0.0
2025-03-24 08:15,0.0
2025-03-24 08:30,0.001451
2025-03-24 08:45,0.010873
2025-03-24 09:00,0.0
2025-03-24 09:15,0.004925
2025-03-24 09:30,0.000479
2025-03-24 09:45,0.017197
2025-03-24 10:00,0.016147
2025-03-24 10:15,0.001322
2025-03-24 10:30,0.12218
2025-03-24 10:45,0.146271
2025-03-24 11:00,0.016147
2025-03-24 11:15,0.003713
2025-03-24 11:30,0.000907
2025-03-24 11:45,0.000402
2025-03-24 12:00,0.0448
2025-03-24 12:15,0.106324
2025-03-24 12:30,0.267207
2025-03-24 12:45,0.266423
2025-03-24 13:00,0.179006
2025-03-24 13:15,0.236552
2025-03-24 13:30,0.146763
2025-03-24 13:45,0.385369
2025-03-24 14:00,0.331614
2025-03-24 14:15,0.215674
2025-03-24 14:30,0.054694
2025-03-24 14:45,0.034925
2025-03-24 15:00,0.054409
2025-03-24 15:15,0.034161
2025-03-24 15:30,0.0
2025-03-24 15:45,0.015123
2025-03-24 16:00,0.129515
2025-03-24 16:15,0.0
2025-03-24 16:30,0.01513
2025-03-24 16:45,0.0
2025-03-24 17:00,0.064796
2025-03-24 17:15,0.0
2025-03-24 17:30,0.078896
2025-03-24 17:45,0.0
2025-03-24 18:00,0.0014
2025-03-24 18:15,0.008754
2025-03-24 18:30,0.03072
2025-03-24 18:45,0.024726
2025-03-24 19:00,0.001134
2025-03-24 19:15,0.0
2025-03-24 19:30,0.0
2025-03-24 19:45,0.0
2025-03-24 20:00,0.0
2025-03-24 20:15,0.009862
2025-03-24 20:30,0.0
2025-03-24 20:45,0.0081
2025-03-24 21:00,0.011067
2025-03-24 21:15,0.032923
2025-03-24 21:30,0.296896
2025-03-24 21:45,0.126443
2025-03-24 22:00,0.135709
2025-03-24 22:15,0.182388
2025-03-24 22:30,0.125141
2025-03-24 22:45,0.274989
2025-03-24 23:00,0.127934
2025-03-24 23:15,0.048364
2025-03-24 23:30,0.032398
2025-03-24 23:45,0.235677
2025-03-25 00:00,0.009862
2025-03-25 00:15,0.132586
2025-03-25 00:30,0.115493
2025-03-25 00:45,0.166215
2025-03-25 01:00,0.060131
2025-03-25 01:15,0.029677
2025-03-25 01:30,0.0
2025-03-25 01:45,0.020203
2025-03-25 02:00,0.0
2025-03-25 02:15,0.00438
2025-03-25 02:30,0.0
2025-03-25 02:45,0.001244
2025-03-25 03:00,0.0
2025-03-25 03:15,0.001607
2025-03-25 03:30,0.012687
2025-03-25 03:45,0.016147
2025-03-25 04:00,0.0
2025-03-25 04:15,0.0
2025-03-25 04:30,0.032398
2025-03-25 04:45,0.101808
2025-03-25 05:00,0.069513
2025-03-25 05:15,0.06153
2025-03-25 05:30,0.020942
2025-03-25 05:45,0.020203
2025-03-25 06:00,0.0
2025-03-25 06:15,0.0
2025-03-25 06:30,0.0
2025-03-25 06:45,0.0
2025-03-25 07:00,0.000479
2025-03-25 07:15,0.0
2025-03-25 07:30,0.0
2025-03-25 07:45,0.003032
2025-03-25 08:00,0.0
2025-03-25 08:15,0.0
2025-03-25 08:30,0.0
2025-03-25 08:45,0.0
2025-03-25 09:00,0.0
2025-03-25 09:15,0.006324
2025-03-25 09:30,0.093449
2025-03-25 09:45,0.0
2025-03-25 10:00,0.019672
2025-03-25 10:15,0.001218
2025-03-25 10:30,0.002825
2025-03-25 10:45,0.001322
2025-03-25 11:00,0.0
2025-03-25 11:15,0.013763
2025-03-25 11:30,0.017041
2025-03-25 11:45,0.015091
2025-03-25 12:00,0.429405
2025-03-25 12:15,0.016147
2025-03-25 12:30,0.061427
2025-03-25 12:45,0.254435
2025-03-25 13:00,0.057889
2025-03-25 13:15,0.047755
2025-03-25 13:30,0.166747
2025-03-25 13:45,0.133325
2025-03-25 14:00,0.128154
2025-03-25 14:15,0.147269
2025-03-25 14:30,0.039448
2025-03-25 14:45,0.160118
2025-03-25 15:00,0.048118
2025-03-25 15:15,0.105294
2025-03-25 15:30,0.167861
2025-03-25 15:45,0.007659
2025-03-25 16:00,0.170997
2025-03-25 16:15,0.096883
2025-03-25 16:30,0.171691
2025-03-25 16:45,0.066125
2025-03-25 17:00,0.275565
2025-03-25 17:15,0.120411
2025-03-25 17:30,0.064693
2025-03-25 17:45,0.129592
2025-03-25 18:00,0.08428
2025-03-25 18:15,0.016147
2025-03-25 18:30,0.000479
2025-03-25 18:45,0.0
2025-03-25 19:00,0.097428
2025-03-25 19:15,0.000531
2025-03-25 19:30,0.0
2025-03-25 19:45,0.0
2025-03-25 20:00,0.001659
2025-03-25 20:15,0.0
2025-03-25 20:30,0.0
2025-03-25 20:45,0.000538
2025-03-25 21:00,0.002644
2025-03-25 21:15,0.0
2025-03-25 21:30,0.0
2025-03-25 21:45,0.000693
2025-03-25 22:00,0.061343
2025-03-25 22:15,0.010341
2025-03-25 22:30,0.165541
2025-03-25 22:45,0.0
2025-03-25 23:00,0.029586
2025-03-25 23:15,0.081002
2025-03-25 23:30,0.004925
2025-03-25 23:45,0.0
2025-03-26 00:00,0.032878
2025-03-26 00:00,0.053409
2025-03-26 00:15,0.0
2025-03-26 00:30,0.032041
2025-03-26 00:45,0.02162
2025-03-26 01:00,0.0
2025-03-26 01:15,0.0
2025-03-26 01:30,0.003453
2025-03-26 01:45,0.0
2025-03-26 02:00,0.0
2025-03-26 02:15,0.0
2025-03-26 02:30,0.027115
2025-03-26 02:45,0.11487
2025-03-26 03:00,0.0
2025-03-26 03:15,0.039472
2025-03-26 03:30,0.01861
2025-03-26 03:45,0.016021
2025-03-26 04:00,0.012589
2025-03-26 04:15,0.081082
2025-03-26 04:30,0.0
2025-03-26 04:45,0.001063
2025-03-26 05:00,0.0
2025-03-26 05:15,0.0
2025-03-26 05:30,0.065156
2025-03-26 05:45,0.048841
2025-03-26 06:00,0.32239
2025-03-26 06:15,0.0
2025-03-26 06:30,0.018473
2025-03-26 06:45,0.0
2025-03-26 07:00,0.146164
2025-03-26 07:15,0.016021
2025-03-26 07:30,0.040683
2025-03-26 07:45,0.000779
2025-03-26 08:00,0.05263
2025-03-26 08:15,0.002874
2025-03-26 08:30,0.020126
2025-03-26 08:45,0.092292
2025-03-26 09:00,0.019136
2025-03-26 09:15,0.0
2025-03-26 09:30,0.0
2025-03-26 09:45,0.013157
2025-03-26 10:00,0.000779
2025-03-26 10:15,0.240308
2025-03-26 10:30,0.054125
2025-03-26 10:45,0.015852
2025-03-26 11:00,0.0
2025-03-26 11:15,0.032041
2025-03-26 11:30,0.0
2025-03-26 11:45,0.016021
2025-03-26 12:00,0.009863
2025-03-26 12:15,0.003895
2025-03-26 12:30,0.100671
2025-03-26 12:45,0.053135
2025-03-26 13:00,0.055461
2025-03-26 13:15,0.214099
2025-03-26 13:30,0.22233
2025-03-26 13:45,0.293812
2025-03-26 14:00,0.405587
2025-03-26 14:15,0.492911
2025-03-26 14:30,0.249403
2025-03-26 14:45,0.321295
2025-03-26 15:00,0.456143
2025-03-26 15:15,0.74365
2025-03-26 15:30,0.432344
2025-03-26 15:45,0.178963
2025-03-26 16:00,0.269781
2025-03-26 16:15,0.280012
2025-03-26 16:30,0.517289
2025-03-26 16:45,0.446396
2025-03-26 17:00,0.538215
2025-03-26 17:15,0.537909
2025-03-26 17:30,1.0
2025-03-26 17:45,0.070314
2025-03-26 18:00,0.025368
2025-03-26 18:15,0.040515
2025-03-26 18:30,0.054272
2025-03-26 18:45,0.0
2025-03-26 19:00,0.0
2025-03-26 19:15,0.0
2025-03-26 19:30,0.003031
2025-03-26 19:45,0.0
2025-03-26 20:00,0.0
2025-03-26 20:15,0.0
2025-03-26 20:30,0.001021
2025-03-26 20:45,0.0
2025-03-26 21:00,0.0
2025-03-26 21:15,0.0
2025-03-26 21:30,0.0
2025-03-26 21:45,0.331379
2025-03-26 22:00,0.0
2025-03-26 22:15,0.0
2025-03-26 22:30,0.282338
2025-03-26 22:45,0.1817
2025-03-26 23:00,0.148753
2025-03-26 23:15,0.037915
2025-03-26 23:30,0.065777
2025-03-26 23:45,0.0
2025-03-27 00:00,0.0
2025-03-27 00:15,0.080103
2025-03-27 00:30,0.0
2025-03-27 00:45,0.0
2025-03-27 01:00,0.002274
2025-03-27 01:15,0.102492
2025-03-27 01:30,0.012168
2025-03-27 01:45,0.287612
2025-03-27 02:00,0.254371
2025-03-27 02:15,0.026231
2025-03-27 02:30,0.245992
2025-03-27 02:45,0.226877
2025-03-27 03:00,0.065556
2025-03-27 03:15,0.193973
2025-03-27 03:30,0.064082
2025-03-27 03:45,0.065556
2025-03-27 04:00,0.0
2025-03-27 04:15,0.067198
2025-03-27 04:30,0.032041
2025-03-27 04:45,0.115754
2025-03-27 05:00,0.36022
2025-03-27 05:15,0.170647
2025-03-27 05:30,0.066966
2025-03-27 05:45,0.067166
2025-03-27 06:00,0.0
2025-03-27 06:15,0.0
2025-03-27 06:30,0.067198
2025-03-27 06:45,0.059282
2025-03-27 07:00,0.016021
2025-03-27 07:15,0.084439
2025-03-27 07:30,0.013157
2025-03-27 07:45,0.0
2025-03-27 08:00,0.003379
2025-03-27 08:15,0.098565
2025-03-27 08:30,0.002347
2025-03-27 08:45,0.063282
2025-03-27 09:00,0.005958
2025-03-27 09:15,0.0
2025-03-27 09:30,0.018505
2025-03-27 09:45,0.006358
2025-03-27 10:00,0.031957
2025-03-27 10:15,0.015389
2025-03-27 10:30,0.0
2025-03-27 10:45,0.013073
2025-03-27 11:00,0.00101
2025-03-27 11:15,0.016926
2025-03-27 11:30,0.0
2025-03-27 11:45,0.000779
2025-03-27 12:00,0.029957
2025-03-27 12:15,0.016021
2025-03-27 12:30,0.10026
2025-03-27 12:45,0.14409
2025-03-27 13:00,0.1799
2025-03-27 13:15,0.01781
2025-03-27 13:30,0.001642
2025-03-27 13:45,0.0
2025-03-27 14:00,0.016021
2025-03-27 14:15,0.062903
2025-03-27 14:30,0.060619
2025-03-27 14:45,0.002379
2025-03-27 15:00,0.061082
2025-03-27 15:15,0.132027
2025-03-27 15:30,0.198446
2025-03-27 15:45,0.067008
2025-03-27 16:00,0.086039
2025-03-27 16:15,0.0
2025-03-27 16:30,0.000779
2025-03-27 16:45,0.016021
2025-03-27 17:00,0.0
2025-03-27 17:15,0.362725
2025-03-27 17:30,0.389167
2025-03-27 17:45,0.098586
2025-03-27 18:00,0.0
2025-03-27 18:15,0.0
2025-03-27 18:30,0.0
2025-03-27 18:45,0.0
2025-03-27 19:00,0.002274
2025-03-27 19:15,0.0
2025-03-27 19:30,0.0
2025-03-27 19:45,0.0
2025-03-27 20:00,0.0
2025-03-27 20:15,0.0
2025-03-27 20:30,0.029389
2025-03-27 20:45,0.132385
2025-03-27 21:00,0.019852
2025-03-27 21:15,0.226624
2025-03-27 21:30,0.009073
2025-03-27 21:45,0.0
2025-03-27 22:00,0.0
2025-03-27 22:15,0.0
2025-03-27 22:30,0.061977
2025-03-27 22:45,0.065114
2025-03-27 23:00,0.196204
2025-03-27 23:15,0.058124
2025-03-27 23:30,0.001105
2025-03-27 23:45,0.358052
2025-03-28 00:00,0.016021
2025-03-28 00:15,0.016557
2025-03-28 00:30,0.016021
2025-03-28 00:45,0.000958
2025-03-28 01:00,0.005958
2025-03-28 01:15,0.0076
2025-03-28 01:30,0.016799
2025-03-28 01:45,0.017884
2025-03-28 02:00,0.0
2025-03-28 02:15,0.000821
2025-03-28 02:30,0.006189
2025-03-28 02:45,0.0
2025-03-28 03:00,0.143385
2025-03-28 03:15,0.044578
2025-03-28 03:30,0.029925
2025-03-28 03:45,0.003284
2025-03-28 04:00,0.001779
2025-03-28 04:15,0.032041
2025-03-28 04:30,0.084903
2025-03-28 04:45,0.032041
2025-03-28 05:00,0.0
2025-03-28 05:15,0.031957
2025-03-28 05:30,0.067198
2025-03-28 05:45,0.003768
2025-03-28 06:00,0.0
2025-03-28 06:15,0.016021
2025-03-28 06:30,0.015715
2025-03-28 06:45,0.0
2025-03-28 07:00,0.0
2025-03-28 07:15,0.0
2025-03-28 07:30,0.0
2025-03-28 07:45,0.0
2025-03-28 08:00,0.0
2025-03-28 08:15,0.0
2025-03-28 08:30,0.001042
2025-03-28 08:45,0.0
2025-03-28 09:00,0.0
2025-03-28 09:15,0.0
2025-03-28 09:30,0.052462
2025-03-28 09:45,0.126754
2025-03-28 10:00,0.0
2025-03-28 10:15,0.01981
2025-03-28 10:30,0.0
2025-03-28 10:45,0.001105
2025-03-28 11:00,0.110649
2025-03-28 11:15,0.001074
2025-03-28 11:30,0.0
2025-03-28 11:45,0.0
2025-03-28 12:00,0.0
2025-03-28 12:15,0.0
2025-03-28 12:30,0.000779
2025-03-28 12:45,0.069893
2025-03-28 13:00,0.323527
2025-03-28 13:15,0.0
2025-03-28 13:30,0.019894
2025-03-28 13:45,0.0
2025-03-28 14:00,0.0
2025-03-28 14:15,0.30438
2025-03-28 14:30,0.084503
2025-03-28 14:45,0.002695
2025-03-28 15:00,0.0
2025-03-28 15:15,0.0
2025-03-28 15:30,0.0
2025-03-28 15:45,0.000674
2025-03-28 16:00,0.078692
2025-03-28 16:15,0.031504
2025-03-28 16:30,0.183615
2025-03-28 16:45,0.145301
2025-03-28 17:00,0.104923
2025-03-28 17:15,0.146122
2025-03-28 17:30,0.183763
2025-03-28 17:45,0.026315
2025-03-28 18:00,0.013157
2025-03-28 18:15,0.032041
2025-03-28 18:30,0.0
2025-03-28 18:45,0.128164
2025-03-28 19:00,0.461006
2025-03-28 19:15,0.113702
2025-03-28 19:30,0.048062
2025-03-28 19:45,0.032041
2025-03-28 20:00,0.0
2025-03-28 20:15,0.19332
2025-03-28 20:30,0.0
2025-03-28 20:45,0.0
2025-03-28 21:00,0.0
2025-03-28 21:15,0.000779
2025-03-28 21:30,0.000779
2025-03-28 21:45,0.0
2025-03-28 22:00,0.0
2025-03-28 22:15,0.001105
2025-03-28 22:30,0.0
2025-03-28 22:45,0.106449
2025-03-28 23:00,0.287159
2025-03-28 23:15,0.116712
2025-03-28 23:30,0.0
2025-03-28 23:45,0.0
2025-03-29 00:00,0.016273
2025-03-29 00:15,0.0
2025-03-29 00:30,0.083218
2025-03-29 00:45,0.0
2025-03-29 01:00,0.0
2025-03-29 01:15,0.155795
2025-03-29 01:30,0.262055
2025-03-29 01:45,0.060114
2025-03-29 02:00,0.07604
2025-03-29 02:15,0.166805
2025-03-29 02:30,0.073429
2025-03-29 02:45,0.0
2025-03-29 03:00,0.004505
2025-03-29 03:15,0.013157
2025-03-29 03:30,0.0
2025-03-29 03:45,0.0
2025-03-29 04:00,0.064082
2025-03-29 04:15,0.0
2025-03-29 04:30,0.006379
2025-03-29 04:45,0.0
2025-03-29 05:00,0.000863
2025-03-29 05:15,0.017578
2025-03-29 05:30,0.036346
2025-03-29 05:45,0.001421
2025-03-29 06:00,0.056714
2025-03-29 06:15,0.001105
2025-03-29 06:30,0.064082
2025-03-29 06:45,0.035936
2025-03-29 07:00,0.016694
2025-03-29 07:15,0.0
2025-03-29 07:30,0.0
2025-03-29 07:45,0.0
2025-03-29 08:00,0.0
2025-03-29 08:15,0.031957
2025-03-29 08:30,0.000674
2025-03-29 08:45,0.065187
2025-03-29 09:00,0.003453
2025-03-29 09:15,0.000779
2025-03-29 09:30,0.031778
2025-03-29 09:45,0.000779
2025-03-29 10:00,0.0
2025-03-29 10:15,0.000779
2025-03-29 10:30,0.05263
2025-03-29 10:45,0.0
2025-03-29 11:00,0.05263
2025-03-29 11:15,0.020315
2025-03-29 11:30,0.0
2025-03-29 11:45,0.0
2025-03-29 12:00,0.013936
2025-03-29 12:15,0.067072
2025-03-29 12:30,0.000674
2025-03-29 12:45,0.092418
2025-03-29 13:00,0.09126
2025-03-29 13:15,0.047451
2025-03-29 13:30,0.015284
2025-03-29 13:45,0.112302
2025-03-29 14:00,0.066987
2025-03-29 14:15,0.101744
2025-03-29 14:30,0.002095
2025-03-29 14:45,0.000779
2025-03-29 15:00,0.085976
2025-03-29 15:15,0.019736
2025-03-29 15:30,0.126122
2025-03-29 15:45,0.221498
2025-03-29 16:00,0.0
2025-03-29 16:15,0.0
2025-03-29 16:30,0.0
2025-03-29 16:45,0.029389
2025-03-29 17:00,0.0
2025-03-29 17:15,0.132596
2025-03-29 17:30,0.001432
2025-03-29 17:45,0.242308
2025-03-29 18:00,0.0
2025-03-29 18:15,0.0
2025-03-29 18:30,0.0
2025-03-29 18:45,0.064082
2025-03-29 19:00,0.0
2025-03-29 19:15,0.0
2025-03-29 19:30,0.0
2025-03-29 19:45,0.029389
2025-03-29 20:00,0.016021
2025-03-29 20:15,0.016021
2025-03-29 20:30,0.016021
2025-03-29 20:45,0.010568
2025-03-29 21:00,0.0
2025-03-29 21:15,0.161342
2025-03-29 21:30,0.24874
2025-03-29 21:45,0.0
2025-03-29 22:00,0.042336
2025-03-29 22:15,0.0
2025-03-29 22:30,0.0
2025-03-29 22:45,0.045977
2025-03-29 23:00,0.099534
2025-03-29 23:15,0.0
2025-03-29 23:30,0.0
2025-03-29 23:45,0.05543
2025-03-30 00:00,0.183626
2025-03-30 00:15,0.132059
2025-03-30 00:30,0.116712
2025-03-30 00:45,0.131091
2025-03-30 01:00,0.055261
2025-03-30 01:15,0.141932
2025-03-30 01:30,0.0
2025-03-30 01:45,0.162542
2025-03-30 02:00,0.138059
2025-03-30 02:15,0.628075
2025-03-30 02:30,0.480522
2025-03-30 02:45,0.026231
2025-03-30 03:00,0.029094
2025-03-30 03:15,0.054735
2025-03-30 03:30,0.0
2025-03-30 03:45,0.0
2025-03-30 04:00,0.001053
2025-03-30 04:15,0.033599
2025-03-30 04:30,0.086839
2025-03-30 04:45,0.0
2025-03-30 05:00,0.0
2025-03-30 05:15,0.073198
2025-03-30 05:30,0.298443
2025-03-30 05:45,0.064082
2025-03-30 06:00,0.240308
2025-03-30 06:15,0.0
2025-03-30 06:30,0.000674
2025-03-30 06:45,0.0
2025-03-30 07:00,0.001432
2025-03-30 07:15,0.016021
2025-03-30 07:30,0.00741
2025-03-30 07:45,0.093871
2025-03-30 08:00,0.055598
2025-03-30 08:15,0.026231
2025-03-30 08:30,0.013157
2025-03-30 08:45,0.175258
2025-03-30 09:00,0.40544
2025-03-30 09:15,0.053325
2025-03-30 09:30,0.097828
2025-03-30 09:45,0.196015
2025-03-30 10:00,0.074377
2025-03-30 10:15,0.004642
2025-03-30 10:30,0.064987
2025-03-30 10:45,0.064082
2025-03-30 11:00,0.091218
2025-03-30 11:15,0.099239
2025-03-30 11:30,0.157342
2025-03-30 11:45,0.138459
2025-03-30 12:00,0.044441
2025-03-30 12:15,0.05564
2025-03-30 12:30,0.022757
2025-03-30 12:45,0.281833
2025-03-30 13:00,0.013157
2025-03-30 13:15,0.000779
2025-03-30 13:30,0.256329
2025-03-30 13:45,0.404229
2025-03-30 14:00,0.15189
2025-03-30 14:15,0.147722
2025-03-30 14:30,0.093387
2025-03-30 14:45,0.273202
2025-03-30 15:00,0.429607
2025-03-30 15:15,0.856089
2025-03-30 15:30,0.296527
2025-03-30 15:45,0.173405
2025-03-30 16:00,0.026231
2025-03-30 16:15,0.0
2025-03-30 16:30,0.0
2025-03-30 16:45,0.033831
2025-03-30 17:00,0.183921
2025-03-30 17:15,0.171047
2025-03-30 17:30,0.021452
2025-03-30 17:45,0.048062
2025-03-30 18:00,0.0
2025-03-30 18:15,0.000779
2025-03-30 18:30,0.0
2025-03-30 18:45,0.0
2025-03-30 19:00,0.0
2025-03-30 19:15,0.0
2025-03-30 19:30,0.0
2025-03-30 19:45,0.0
2025-03-30 20:00,0.0
2025-03-30 20:15,0.0
2025-03-30 20:30,0.0
2025-03-30 20:45,0.0
2025-03-30 21:00,0.0
2025-03-30 21:15,0.0
2025-03-30 21:30,0.0
2025-03-30 21:45,0.003484
2025-03-30 22:00,0.0
2025-03-30 22:15,0.0
2025-03-30 22:30,0.001126
2025-03-30 22:45,0.00121
2025-03-30 23:00,0.0
2025-03-30 23:15,0.0
2025-03-30 23:30,0.000947
2025-03-30 23:45,0.000674
2025-03-31 00:00,0.080882
2025-03-31 00:15,0.389609
2025-03-31 00:30,0.400514
2025-03-31 00:45,0.0
2025-03-31 01:00,0.0
2025-03-31 01:15,0.042609
2025-03-31 01:30,0.0
2025-03-31 01:45,0.004631
2025-03-31 02:00,0.0
2025-03-31 02:15,0.0
2025-03-31 02:30,0.0
2025-03-31 02:45,0.0
2025-03-31 03:00,0.0
2025-03-31 03:15,0.0
2025-03-31 03:30,0.0
2025-03-31 03:45,0.0
2025-03-31 04:00,0.000989
2025-03-31 04:15,0.000779
2025-03-31 04:30,0.0
2025-03-31 04:45,0.136017
2025-03-31 05:00,0.003831
2025-03-31 05:15,0.000779
2025-03-31 05:30,0.0
2025-03-31 05:45,0.0
2025-03-31 06:00,0.0
2025-03-31 06:15,0.0
2025-03-31 06:30,0.003747
2025-03-31 06:45,0.0
2025-03-31 07:00,0.017663
2025-03-31 07:15,0.0
2025-03-31 07:30,0.0
2025-03-31 07:45,0.0
2025-03-31 08:00,0.002274
2025-03-31 08:15,0.0
2025-03-31 08:30,0.0
2025-03-31 08:45,0.0
2025-03-31 09:00,0.0
2025-03-31 09:15,0.0
2025-03-31 09:30,0.0
2025-03-31 09:45,0.0
2025-03-31 10:00,0.002642
2025-03-31 10:15,0.010568
2025-03-31 10:30,0.0
2025-03-31 10:45,0.0
2025-03-31 11:00,0.064082
2025-03-31 11:15,0.0
2025-03-31 11:30,0.001621
2025-03-31 11:45,0.0
2025-03-31 12:00,0.0
2025-03-31 12:15,0.0
2025-03-31 12:30,0.009052
2025-03-31 12:45,0.001
2025-03-31 13:00,0.127343
2025-03-31 13:15,0.05263
2025-03-31 13:30,0.70562
2025-03-31 13:45,0.0
2025-03-31 14:00,0.0
2025-03-31 14:15,0.000779
2025-03-31 14:30,0.0
2025-03-31 14:45,0.045346
2025-03-31 15:00,0.016021
2025-03-31 15:15,0.000905
2025-03-31 15:30,0.000779
2025-03-31 15:45,0.028399
2025-03-31 16:00,0.011052
2025-03-31 16:15,0.099271
2025-03-31 16:30,0.1589
2025-03-31 16:45,0.066545
2025-03-31 17:00,0.561498
2025-03-31 17:15,0.244645
2025-03-31 17:30,0.29317
2025-03-31 17:45,0.0
2025-03-31 18:00,0.0
2025-03-31 18:15,0.0
2025-03-31 18:30,0.0
2025-03-31 18:45,0.0
2025-03-31 19:00,0.0
2025-03-31 19:15,0.0
2025-03-31 19:30,0.0
2025-03-31 19:45,0.0
2025-03-31 20:00,0.0
2025-03-31 20:15,0.0
2025-03-31 20:30,0.0
2025-03-31 20:45,0.0
2025-03-31 21:00,0.0
2025-03-31 21:15,0.001453
2025-03-31 21:30,0.000779
2025-03-31 21:45,0.000863
2025-03-31 22:00,0.224288
2025-03-31 22:15,0.002126
2025-03-31 22:30,0.045977
2025-03-31 22:45,0.113702
2025-03-31 23:00,0.272833
2025-03-31 23:15,0.318179
2025-03-31 23:30,0.006516
2025-03-31 23:45,0.0
2025-04-01 00:00,0.0
2025-04-01 00:15,0.052883
2025-04-01 00:30,0.229509
2025-04-01 00:45,0.016021
2025-04-01 01:00,0.000674
2025-04-01 01:15,0.0
2025-04-01 01:30,0.005052
2025-04-01 01:45,0.0
2025-04-01 02:00,0.0
2025-04-01 02:15,0.016021
2025-04-01 02:30,0.0
2025-04-01 02:45,0.013157
2025-04-01 03:00,0.0
2025-04-01 03:15,0.007789
2025-04-01 03:30,0.000863
2025-04-01 03:45,0.0
2025-04-01 04:00,0.000895
2025-04-01 04:15,0.0
2025-04-01 04:30,0.0
2025-04-01 04:45,0.0
2025-04-01 05:00,0.000863
2025-04-01 05:15,0.032715
2025-04-01 05:30,0.137248
2025-04-01 05:45,0.003958
2025-04-01 06:00,0.002158
2025-04-01 06:15,0.02722
2025-04-01 06:30,0.062398
2025-04-01 06:45,0.0
2025-04-01 07:00,0.0
2025-04-01 07:15,0.0
2025-04-01 07:30,0.0
2025-04-01 07:45,0.0
2025-04-01 08:00,0.0
2025-04-01 08:15,0.0
2025-04-01 08:30,0.0
2025-04-01 08:45,0.0
2025-04-01 09:00,0.0
2025-04-01 09:15,0.002
2025-04-01 09:30,0.0
2025-04-01 09:45,0.0
2025-04-01 10:00,0.002021
2025-04-01 10:15,0.0
2025-04-01 10:30,0.0
2025-04-01 10:45,0.03141
2025-04-01 11:00,0.002695
2025-04-01 11:15,0.0
2025-04-01 11:30,0.0
2025-04-01 11:45,0.144185
2025-04-01 12:00,0.07085
2025-04-01 12:15,0.451691
2025-04-01 12:30,0.0
2025-04-01 12:45,0.149448
2025-04-01 13:00,0.013157
2025-04-01 13:15,0.013157
2025-04-01 13:30,0.225909
2025-04-01 13:45,0.013157
2025-04-01 14:00,0.05263
2025-04-01 14:15,0.004758
2025-04-01 14:30,0.064861
2025-04-01 14:45,0.000695
2025-04-01 15:00,0.019926
2025-04-01 15:15,0.003758
2025-04-01 15:30,0.072292
2025-04-01 15:45,0.055682
2025-04-01 16:00,0.084671
2025-04-01 16:15,0.118796
2025-04-01 16:30,0.13829
2025-04-01 16:45,0.039767
2025-04-01 17:00,0.029178
2025-04-01 17:15,0.016021
2025-04-01 17:30,0.032946
2025-04-01 17:45,0.149648
2025-04-01 18:00,0.21052
2025-04-01 18:15,0.033262
2025-04-01 18:30,0.016021
2025-04-01 18:45,0.016021
2025-04-01 19:00,0.0
2025-04-01 19:15,0.0
2025-04-01 19:30,0.0
2025-04-01 19:45,0.0
2025-04-01 20:00,0.0
2025-04-01 20:15,0.000674
2025-04-01 20:30,0.013157
2025-04-01 20:45,0.109154
2025-04-01 21:00,0.0
2025-04-01 21:15,0.0
2025-04-01 21:30,0.0
2025-04-01 21:45,0.064082
2025-04-01 22:00,0.0
2025-04-01 22:15,0.09846
2025-04-01 22:30,0.023115
2025-04-01 22:45,0.247887
2025-04-01 23:00,0.211383
2025-04-01 23:15,0.10526
2025-04-01 23:30,0.003074
2025-04-01 23:45,0.016021
2025-04-02 00:00,0.0
2025-04-02 00:00,0.0
2025-04-02 00:15,0.0
2025-04-02 00:30,0.0
2025-04-02 00:45,0.0
2025-04-02 01:00,0.080973
2025-04-02 01:15,0.019624
2025-04-02 01:30,0.0
2025-04-02 01:45,0.0
2025-04-02 02:00,0.020746
2025-04-02 02:15,0.0
2025-04-02 02:30,0.0
2025-04-02 02:45,0.015825
2025-04-02 03:00,0.0
2025-04-02 03:15,0.0
2025-04-02 03:30,0.0
2025-04-02 03:45,0.0
2025-04-02 04:00,0.0
2025-04-02 04:15,0.0
2025-04-02 04:30,0.009621
2025-04-02 04:45,0.0
2025-04-02 05:00,0.0
2025-04-02 05:15,0.0
2025-04-02 05:30,0.0
2025-04-02 05:45,0.0
2025-04-02 06:00,0.0
2025-04-02 06:15,0.0
2025-04-02 06:30,0.0
2025-04-02 06:45,0.036006
2025-04-02 07:00,0.011161
2025-04-02 07:15,0.126219
2025-04-02 07:30,0.0
2025-04-02 07:45,0.009167
2025-04-02 08:00,0.0
2025-04-02 08:15,0.005911
2025-04-02 08:30,0.0
2025-04-02 08:45,0.0
2025-04-02 09:00,0.0
2025-04-02 09:15,0.009973
2025-04-02 09:30,0.064972
2025-04-02 09:45,0.0
2025-04-02 10:00,0.001753
2025-04-02 10:15,0.0
2025-04-02 10:30,0.0
2025-04-02 10:45,0.0
2025-04-02 11:00,0.092017
2025-04-02 11:15,0.904551
2025-04-02 11:30,0.654298
2025-04-02 11:45,1.0
2025-04-02 12:00,0.136104
2025-04-02 12:15,0.045099
2025-04-02 12:30,0.049455
2025-04-02 12:45,0.009167
2025-04-02 13:00,0.0
2025-04-02 13:15,0.053496
2025-04-02 13:30,0.119077
2025-04-02 13:45,0.31873
2025-04-02 14:00,0.0
2025-04-02 14:15,0.265917
2025-04-02 14:30,0.081949
2025-04-02 14:45,0.156043
2025-04-02 15:00,0.040421
2025-04-02 15:15,0.0
2025-04-02 15:30,0.002171
2025-04-02 15:45,0.011704
2025-04-02 16:00,0.0
2025-04-02 16:15,0.011931
2025-04-02 16:30,0.011161
2025-04-02 16:45,0.043559
2025-04-02 17:00,0.007869
2025-04-02 17:15,0.112169
2025-04-02 17:30,0.011161
2025-04-02 17:45,0.0
2025-04-02 18:00,0.00616
2025-04-02 18:15,0.011161
2025-04-02 18:30,0.0
2025-04-02 18:45,0.0
2025-04-02 19:00,0.0
2025-04-02 19:15,0.00077
2025-04-02 19:30,0.009152
2025-04-02 19:45,0.0
2025-04-02 20:00,0.0
2025-04-02 20:15,0.0
2025-04-02 20:30,0.0
2025-04-02 20:45,0.0
2025-04-02 21:00,0.003879
2025-04-02 21:15,0.0
2025-04-02 21:30,0.013009
2025-04-02 21:45,0.0
2025-04-02 22:00,0.011161
2025-04-02 22:15,0.000689
2025-04-02 22:30,0.078304
2025-04-02 22:45,0.148123
2025-04-02 23:00,0.126498
2025-04-02 23:15,0.297318
2025-04-02 23:30,0.049829
2025-04-02 23:45,0.0
2025-04-03 00:00,0.000601
2025-04-03 00:15,0.090374
2025-04-03 00:30,0.011161
2025-04-03 00:45,0.0
2025-04-03 01:00,0.0
2025-04-03 01:15,0.0
2025-04-03 01:30,0.0
2025-04-03 01:45,0.0
2025-04-03 02:00,0.0
2025-04-03 02:15,0.0
2025-04-03 02:30,0.0
2025-04-03 02:45,0.0
2025-04-03 03:00,0.0
2025-04-03 03:15,0.0
2025-04-03 03:30,0.000543
2025-04-03 03:45,0.0
2025-04-03 04:00,0.0
2025-04-03 04:15,0.0
2025-04-03 04:30,0.0
2025-04-03 04:45,0.0
2025-04-03 05:00,0.0
2025-04-03 05:15,0.0
2025-04-03 05:30,0.001305
2025-04-03 05:45,0.001386
2025-04-03 06:00,0.000543
2025-04-03 06:15,0.00704
2025-04-03 06:30,0.0
2025-04-03 06:45,0.0
2025-04-03 07:00,0.0
2025-04-03 07:15,0.0
2025-04-03 07:30,0.0
2025-04-03 07:45,0.0
2025-04-03 08:00,0.0
2025-04-03 08:15,0.041359
2025-04-03 08:30,0.0
2025-04-03 08:45,0.011858
2025-04-03 09:00,0.0
2025-04-03 09:15,0.0
2025-04-03 09:30,0.001709
2025-04-03 09:45,0.000543
2025-04-03 10:00,0.009621
2025-04-03 10:15,0.0
2025-04-03 10:30,0.011161
2025-04-03 10:45,0.0
2025-04-03 11:00,0.0
2025-04-03 11:15,0.011161
2025-04-03 11:30,0.01163
2025-04-03 11:45,0.009709
2025-04-03 12:00,0.205286
2025-04-03 12:15,0.0
2025-04-03 12:30,0.009709
2025-04-03 12:45,0.0
2025-04-03 13:00,0.010164
2025-04-03 13:15,0.01383
2025-04-03 13:30,0.018333
2025-04-03 13:45,0.055806
2025-04-03 14:00,0.013332
2025-04-03 14:15,0.022322
2025-04-03 14:30,0.0
2025-04-03 14:45,0.034994
2025-04-03 15:00,0.067685
2025-04-03 15:15,0.114992
2025-04-03 15:30,0.088057
2025-04-03 15:45,0.095464
2025-04-03 16:00,0.058922
2025-04-03 16:15,0.048736
2025-04-03 16:30,0.04837
2025-04-03 16:45,0.048619
2025-04-03 17:00,0.021266
2025-04-03 17:15,0.029494
2025-04-03 17:30,0.035676
2025-04-03 17:45,0.055644
2025-04-03 18:00,0.0
2025-04-03 18:15,0.0
2025-04-03 18:30,0.0
2025-04-03 18:45,0.0
2025-04-03 19:00,0.0
2025-04-03 19:15,0.0
2025-04-03 19:30,0.0
2025-04-03 19:45,0.0
2025-04-03 20:00,0.0
2025-04-03 20:15,0.0
2025-04-03 20:30,0.0
2025-04-03 20:45,0.0
2025-04-03 21:00,0.0
2025-04-03 21:15,0.0
2025-04-03 21:30,0.0
2025-04-03 21:45,0.0
2025-04-03 22:00,0.011161
2025-04-03 22:15,0.0
2025-04-03 22:30,0.0
2025-04-03 22:45,0.002068
2025-04-03 23:00,0.000711
2025-04-03 23:15,0.051156
2025-04-03 23:30,0.099834
2025-04-03 23:45,0.000741
2025-04-04 00:00,0.0
2025-04-04 00:15,0.000543
2025-04-04 00:30,0.0
2025-04-04 00:45,0.0
2025-04-04 01:00,0.0
2025-04-04 01:15,0.0
2025-04-04 01:30,0.0
2025-04-04 01:45,0.0
2025-04-04 02:00,0.0
2025-04-04 02:15,0.022322
2025-04-04 02:30,0.0
2025-04-04 02:45,0.0
2025-04-04 03:00,0.0
2025-04-04 03:15,0.0
2025-04-04 03:30,0.0
2025-04-04 03:45,0.009167
2025-04-04 04:00,0.0
2025-04-04 04:15,0.0
2025-04-04 04:30,0.002171
2025-04-04 04:45,0.0
2025-04-04 05:00,0.0
2025-04-04 05:15,0.238461
2025-04-04 05:30,0.02307
2025-04-04 05:45,0.147991
2025-04-04 06:00,0.116833
2025-04-04 06:15,0.082
2025-04-04 06:30,0.0
2025-04-04 06:45,0.0
2025-04-04 07:00,0.018788
2025-04-04 07:15,0.0
2025-04-04 07:30,0.0
2025-04-04 07:45,0.0
2025-04-04 08:00,0.012188
2025-04-04 08:15,0.004429
2025-04-04 08:30,0.0
2025-04-04 08:45,0.000697
2025-04-04 09:00,0.0
2025-04-04 09:15,0.011161
2025-04-04 09:30,0.0
2025-04-04 09:45,0.000543
2025-04-04 10:00,0.0
2025-04-04 10:15,0.0
2025-04-04 10:30,0.0
2025-04-04 10:45,0.054999
2025-04-04 11:00,0.119165
2025-04-04 11:15,0.070692
2025-04-04 11:30,0.12135
2025-04-04 11:45,0.089128
2025-04-04 12:00,0.045833
2025-04-04 12:15,0.01163
2025-04-04 12:30,0.029135
2025-04-04 12:45,0.033483
2025-04-04 13:00,0.002405
2025-04-04 13:15,0.066175
2025-04-04 13:30,0.000469
2025-04-04 13:45,0.018333
2025-04-04 14:00,0.010721
2025-04-04 14:15,0.082499
2025-04-04 14:30,0.031892
2025-04-04 14:45,0.114075
2025-04-04 15:00,0.0
2025-04-04 15:15,0.059267
2025-04-04 15:30,0.018626
2025-04-04 15:45,0.000543
2025-04-04 16:00,0.064562
2025-04-04 16:15,0.059106
2025-04-04 16:30,0.038221
2025-04-04 16:45,0.018333
2025-04-04 17:00,0.0121
2025-04-04 17:15,0.0
2025-04-04 17:30,0.100524
2025-04-04 17:45,0.009167
2025-04-04 18:00,0.0
2025-04-04 18:15,0.0
2025-04-04 18:30,0.0
2025-04-04 18:45,0.0
2025-04-04 19:00,0.038529
2025-04-04 19:15,0.0
2025-04-04 19:30,0.0
2025-04-04 19:45,0.0
2025-04-04 20:00,0.0
2025-04-04 20:15,0.0
2025-04-04 20:30,0.026781
2025-04-04 20:45,0.017776
2025-04-04 21:00,0.029281
2025-04-04 21:15,0.0
2025-04-04 21:30,0.0
2025-04-04 21:45,0.000543
2025-04-04 22:00,0.002171
2025-04-04 22:15,0.0
2025-04-04 22:30,0.0
2025-04-04 22:45,0.012789
2025-04-04 23:00,0.148043
2025-04-04 23:15,0.0
2025-04-04 23:30,0.047307
2025-04-04 23:45,0.0
2025-04-05 00:00,0.0
2025-04-05 00:15,0.0
2025-04-05 00:30,0.017042
2025-04-05 00:45,0.0
2025-04-05 01:00,0.0
2025-04-05 01:15,0.0
2025-04-05 01:30,0.0
2025-04-05 01:45,0.033483
2025-04-05 02:00,0.004202
2025-04-05 02:15,0.000543
2025-04-05 02:30,0.0
2025-04-05 02:45,0.0
2025-04-05 03:00,0.0
2025-04-05 03:15,0.000697
2025-04-05 03:30,0.0
2025-04-05 03:45,0.009533
2025-04-05 04:00,0.000543
2025-04-05 04:15,0.036666
2025-04-05 04:30,0.0
2025-04-05 04:45,0.000697
2025-04-05 05:00,0.0
2025-04-05 05:15,0.0
2025-04-05 05:30,0.0
2025-04-05 05:45,0.0
2025-04-05 06:00,0.0
2025-04-05 06:15,0.0
2025-04-05 06:30,0.0
2025-04-05 06:45,0.022322
2025-04-05 07:00,0.002992
2025-04-05 07:15,0.119715
2025-04-05 07:30,0.009167
2025-04-05 07:45,0.0
2025-04-05 08:00,0.0
2025-04-05 08:15,0.002405
2025-04-05 08:30,0.0
2025-04-05 08:45,0.0
2025-04-05 09:00,0.0
2025-04-05 09:15,0.001313
2025-04-05 09:30,0.002398
2025-04-05 09:45,0.000543
2025-04-05 10:00,0.0
2025-04-05 10:15,0.001085
2025-04-05 10:30,0.0
2025-04-05 10:45,0.0
2025-04-05 11:00,0.002171
2025-04-05 11:15,0.0
2025-04-05 11:30,0.010538
2025-04-05 11:45,0.047827
2025-04-05 12:00,0.022762
2025-04-05 12:15,0.0
2025-04-05 12:30,0.001027
2025-04-05 12:45,0.000821
2025-04-05 13:00,0.034407
2025-04-05 13:15,0.024449
2025-04-05 13:30,0.0
2025-04-05 13:45,0.029699
2025-04-05 14:00,0.000704
2025-04-05 14:15,0.082499
2025-04-05 14:30,0.019015
2025-04-05 14:45,0.0
2025-04-05 15:00,0.012642
2025-04-05 15:15,0.017145
2025-04-05 15:30,0.0
2025-04-05 15:45,0.011161
2025-04-05 16:00,0.017849
2025-04-05 16:15,0.241937
2025-04-05 16:30,0.044645
2025-04-05 16:45,0.0
2025-04-05 17:00,0.010266
2025-04-05 17:15,0.032061
2025-04-05 17:30,0.129042
2025-04-05 17:45,0.001078
2025-04-05 18:00,0.000543
2025-04-05 18:15,0.042797
2025-04-05 18:30,0.289911
2025-04-05 18:45,0.502442
2025-04-05 19:00,0.114178
2025-04-05 19:15,0.067715
2025-04-05 19:30,0.023598
2025-04-05 19:45,0.0033
2025-04-05 20:00,0.056436
2025-04-05 20:15,0.022322
2025-04-05 20:30,0.001041
2025-04-05 20:45,0.00088
2025-04-05 21:00,0.028541
2025-04-05 21:15,0.0
2025-04-05 21:30,0.022322
2025-04-05 21:45,0.0
2025-04-05 22:00,0.0
2025-04-05 22:15,0.0
2025-04-05 22:30,0.10045
2025-04-05 22:45,0.078671
2025-04-05 23:00,0.112814
2025-04-05 23:15,0.464427
2025-04-05 23:30,0.253003
2025-04-05 23:45,0.010912
2025-04-06 00:00,0.0
2025-04-06 00:15,0.002713
2025-04-06 00:30,0.0
2025-04-06 00:45,0.0
2025-04-06 01:00,0.003183
2025-04-06 01:15,0.146899
2025-04-06 01:30,0.022865
2025-04-06 01:45,0.131008
2025-04-06 02:00,0.062479
2025-04-06 02:15,0.055806
2025-04-06 02:30,0.114581
2025-04-06 02:45,0.009167
2025-04-06 03:00,0.113943
2025-04-06 03:15,0.09696
2025-04-06 03:30,0.00308
2025-04-06 03:45,0.0
2025-04-06 04:00,0.0
2025-04-06 04:15,0.002171
2025-04-06 04:30,0.0
2025-04-06 04:45,0.0
2025-04-06 05:00,0.022322
2025-04-06 05:15,0.049998
2025-04-06 05:30,0.0
2025-04-06 05:45,0.079756
2025-04-06 06:00,0.0
2025-04-06 06:15,0.079213
2025-04-06 06:30,0.01405
2025-04-06 06:45,0.101462
2025-04-06 07:00,0.057434
2025-04-06 07:15,0.011161
2025-04-06 07:30,0.0
2025-04-06 07:45,0.066967
2025-04-06 08:00,0.089832
2025-04-06 08:15,0.088754
2025-04-06 08:30,0.041433
2025-04-06 08:45,0.018876
2025-04-06 09:00,0.049646
2025-04-06 09:15,0.037443
2025-04-06 09:30,0.080269
2025-04-06 09:45,0.0
2025-04-06 10:00,0.0
2025-04-06 10:15,0.036666
2025-04-06 10:30,0.010721
2025-04-06 10:45,0.0
2025-04-06 11:00,0.014285
2025-04-06 11:15,0.002376
2025-04-06 11:30,0.001056
2025-04-06 11:45,0.005177
2025-04-06 12:00,0.0165
2025-04-06 12:15,0.070619
2025-04-06 12:30,0.073222
2025-04-06 12:45,0.059876
2025-04-06 13:00,0.014879
2025-04-06 13:15,0.016676
2025-04-06 13:30,0.0
2025-04-06 13:45,0.0
2025-04-06 14:00,0.075869
2025-04-06 14:15,0.039702
2025-04-06 14:30,0.451264
2025-04-06 14:45,0.089788
2025-04-06 15:00,0.011161
2025-04-06 15:15,0.036937
2025-04-06 15:30,0.010325
2025-04-06 15:45,0.000543
2025-04-06 16:00,0.011704
2025-04-06 16:15,0.011161
2025-04-06 16:30,0.000543
2025-04-06 16:45,0.060983
2025-04-06 17:00,0.0
2025-04-06 17:15,0.021633
2025-04-06 17:30,0.004774
2025-04-06 17:45,0.0
2025-04-06 18:00,0.0
2025-04-06 18:15,0.0
2025-04-06 18:30,0.0
2025-04-06 18:45,0.004268
2025-04-06 19:00,0.051156
2025-04-06 19:15,0.178578
2025-04-06 19:30,0.0
2025-04-06 19:45,0.0
2025-04-06 20:00,0.0
2025-04-06 20:15,0.000543
2025-04-06 20:30,0.0
2025-04-06 20:45,0.000741
2025-04-06 21:00,0.0
2025-04-06 21:15,0.044645
2025-04-06 21:30,0.370914
2025-04-06 21:45,0.552623
2025-04-06 22:00,0.115718
2025-04-06 22:15,0.07056
2025-04-06 22:30,0.033483
2025-04-06 22:45,0.0
2025-04-06 23:00,0.036666
2025-04-06 23:15,0.251206
2025-04-06 23:30,0.001437
2025-04-06 23:45,0.0
2025-04-07 00:00,0.0
2025-04-07 00:15,0.0
2025-04-07 00:30,0.047211
2025-04-07 00:45,0.000543
2025-04-07 01:00,0.0
2025-04-07 01:15,0.0
2025-04-07 01:30,0.011704
2025-04-07 01:45,0.023408
2025-04-07 02:00,0.079213
2025-04-07 02:15,0.002171
2025-04-07 02:30,0.022322
2025-04-07 02:45,0.118123
2025-04-07 03:00,0.0
2025-04-07 03:15,0.0
2025-04-07 03:30,0.0
2025-04-07 03:45,0.0
2025-04-07 04:00,0.009167
2025-04-07 04:15,0.0
2025-04-07 04:30,0.0
2025-04-07 04:45,0.0
2025-04-07 05:00,0.044645
2025-04-07 05:15,0.0
2025-04-07 05:30,0.0
2025-04-07 05:45,0.0
2025-04-07 06:00,0.0
2025-04-07 06:15,0.001027
2025-04-07 06:30,0.0
2025-04-07 06:45,0.043471
2025-04-07 07:00,0.0
2025-04-07 07:15,0.0
2025-04-07 07:30,0.0
2025-04-07 07:45,0.0
2025-04-07 08:00,0.0
2025-04-07 08:15,0.0
2025-04-07 08:30,0.001951
2025-04-07 08:45,0.0
2025-04-07 09:00,0.0
2025-04-07 09:15,0.0
2025-04-07 09:30,0.009167
2025-04-07 09:45,0.0
2025-04-07 10:00,0.0
2025-04-07 10:15,0.0
2025-04-07 10:30,0.001027
2025-04-07 10:45,0.0
2025-04-07 11:00,0.010721
2025-04-07 11:15,0.0
2025-04-07 11:30,0.011161
2025-04-07 11:45,0.005456
2025-04-07 12:00,0.000543
2025-04-07 12:15,0.004781
2025-04-07 12:30,0.024288
2025-04-07 12:45,0.0
2025-04-07 13:00,0.024126
2025-04-07 13:15,0.015326
2025-04-07 13:30,0.006688
2025-04-07 13:45,0.0
2025-04-07 14:00,0.023122
2025-04-07 14:15,0.010611
2025-04-07 14:30,0.156256
2025-04-07 14:45,0.245868
2025-04-07 15:00,0.121687
2025-04-07 15:15,0.011161
2025-04-07 15:30,0.012503
2025-04-07 15:45,0.082924
2025-04-07 16:00,0.022865
2025-04-07 16:15,0.011161
2025-04-07 16:30,0.048986
2025-04-07 16:45,0.012965
2025-04-07 17:00,0.112697
2025-04-07 17:15,0.0
2025-04-07 17:30,0.009167
2025-04-07 17:45,0.034253
2025-04-07 18:00,0.0
2025-04-07 18:15,0.016925
2025-04-07 18:30,0.0
2025-04-07 18:45,0.0
2025-04-07 19:00,0.0
2025-04-07 19:15,0.0
2025-04-07 19:30,0.0
2025-04-07 19:45,0.000543
2025-04-07 20:00,0.0
2025-04-07 20:15,0.0
2025-04-07 20:30,0.0
2025-04-07 20:45,0.0
2025-04-07 21:00,0.001584
2025-04-07 21:15,0.0
2025-04-07 21:30,0.0
2025-04-07 21:45,0.0
2025-04-07 22:00,0.0
2025-04-07 22:15,0.018597
2025-04-07 22:30,0.003168
2025-04-07 22:45,0.046779
2025-04-07 23:00,0.009167
2025-04-07 23:15,0.001239
2025-04-07 23:30,0.307503
2025-04-07 23:45,0.0
2025-04-08 00:00,0.0
2025-04-08 00:15,0.003109
2025-04-08 00:30,0.0
2025-04-08 00:45,0.0
2025-04-08 01:00,0.004202
2025-04-08 01:15,0.0
2025-04-08 01:30,0.000543
2025-04-08 01:45,0.0
2025-04-08 02:00,0.011161
2025-04-08 02:15,0.0
2025-04-08 02:30,0.0
2025-04-08 02:45,0.003073
2025-04-08 03:00,0.002911
2025-04-08 03:15,0.000469
2025-04-08 03:30,0.009167
2025-04-08 03:45,0.0
2025-04-08 04:00,0.0
2025-04-08 04:15,0.009621
2025-04-08 04:30,0.009167
2025-04-08 04:45,0.000469
2025-04-08 05:00,0.001283
2025-04-08 05:15,0.0
2025-04-08 05:30,0.0
2025-04-08 05:45,0.0
2025-04-08 06:00,0.0
2025-04-08 06:15,0.0
2025-04-08 06:30,0.0
2025-04-08 06:45,0.000631
2025-04-08 07:00,0.0
2025-04-08 07:15,0.000601
2025-04-08 07:30,0.002405
2025-04-08 07:45,0.0
2025-04-08 08:00,0.0
2025-04-08 08:15,0.000469
2025-04-08 08:30,0.0
2025-04-08 08:45,0.0
2025-04-08 09:00,0.003315
2025-04-08 09:15,0.009167
2025-04-08 09:30,0.009167
2025-04-08 09:45,0.0
2025-04-08 10:00,0.000587
2025-04-08 10:15,0.0
2025-04-08 10:30,0.0
2025-04-08 10:45,0.0
2025-04-08 11:00,0.047827
2025-04-08 11:15,0.021882
2025-04-08 11:30,0.000601
2025-04-08 11:45,0.000631
2025-04-08 12:00,0.0
2025-04-08 12:15,0.0
2025-04-08 12:30,0.01163
2025-04-08 12:45,0.0
2025-04-08 13:00,0.005625
2025-04-08 13:15,0.004173
2025-04-08 13:30,0.0
2025-04-08 13:45,0.246374
2025-04-08 14:00,0.225393
2025-04-08 14:15,0.011799
2025-04-08 14:30,0.011454
2025-04-08 14:45,0.013002
2025-04-08 15:00,0.0
2025-04-08 15:15,0.181702
2025-04-08 15:30,0.000697
2025-04-08 15:45,0.10045
2025-04-08 16:00,0.000631
2025-04-08 16:15,0.00121
2025-04-08 16:30,0.002977
2025-04-08 16:45,0.018333
2025-04-08 17:00,0.006043
2025-04-08 17:15,0.000543
2025-04-08 17:30,0.236012
2025-04-08 17:45,0.096886
2025-04-08 18:00,0.0
2025-04-08 18:15,0.0
2025-04-08 18:30,0.0
2025-04-08 18:45,0.000543
2025-04-08 19:00,0.0
2025-04-08 19:15,0.0
2025-04-08 19:30,0.0
2025-04-08 19:45,0.02043
2025-04-08 20:00,0.000609
2025-04-08 20:15,0.000623
2025-04-08 20:30,0.0
2025-04-08 20:45,0.0
2025-04-08 21:00,0.0
2025-04-08 21:15,0.004481
2025-04-08 21:30,0.001584
2025-04-08 21:45,0.010736
2025-04-08 22:00,0.0
2025-04-08 22:15,0.022322
2025-04-08 22:30,0.0
2025-04-08 22:45,0.009167
2025-04-08 23:00,0.011161
2025-04-08 23:15,0.082939
2025-04-08 23:30,0.071968
2025-04-08 23:45,0.0
2025-04-09 00:00,0.0
2025-04-09 00:00,0.0
2025-04-09 00:15,0.0
2025-04-09 00:30,0.0
2025-04-09 00:45,0.046657
2025-04-09 01:00,0.0
2025-04-09 01:15,0.0
2025-04-09 01:30,0.0
2025-04-09 01:45,0.009193
2025-04-09 02:00,0.000447
2025-04-09 02:15,0.0
2025-04-09 02:30,0.00755
2025-04-09 02:45,0.016791
2025-04-09 03:00,0.0
2025-04-09 03:15,0.03677
2025-04-09 03:30,0.0
2025-04-09 03:45,0.0
2025-04-09 04:00,0.010413
2025-04-09 04:15,0.0
2025-04-09 04:30,0.000707
2025-04-09 04:45,0.0
2025-04-09 05:00,0.009193
2025-04-09 05:15,0.0
2025-04-09 05:30,0.000447
2025-04-09 05:45,0.0
2025-04-09 06:00,0.0
2025-04-09 06:15,0.009023
2025-04-09 06:30,0.0
2025-04-09 06:45,0.000447
2025-04-09 07:00,0.0
2025-04-09 07:15,0.0
2025-04-09 07:30,0.0
2025-04-09 07:45,0.0
2025-04-09 08:00,0.0
2025-04-09 08:15,0.0
2025-04-09 08:30,0.0
2025-04-09 08:45,0.0
2025-04-09 09:00,0.000447
2025-04-09 09:15,0.009639
2025-04-09 09:30,0.0
2025-04-09 09:45,0.151254
2025-04-09 10:00,0.077128
2025-04-09 10:15,0.0
2025-04-09 10:30,0.0
2025-04-09 10:45,0.0
2025-04-09 11:00,0.000495
2025-04-09 11:15,0.0
2025-04-09 11:30,0.0
2025-04-09 11:45,0.0
2025-04-09 12:00,0.0
2025-04-09 12:15,0.014659
2025-04-09 12:30,0.046464
2025-04-09 12:45,0.066136
2025-04-09 13:00,0.064843
2025-04-09 13:15,0.000441
2025-04-09 13:30,0.009193
2025-04-09 13:45,0.0
2025-04-09 14:00,0.015486
2025-04-09 14:15,0.047316
2025-04-09 14:30,0.045298
2025-04-09 14:45,0.011427
2025-04-09 15:00,0.054346
2025-04-09 15:15,0.085034
2025-04-09 15:30,0.231124
2025-04-09 15:45,0.372431
2025-04-09 16:00,0.351424
2025-04-09 16:15,0.415899
2025-04-09 16:30,0.142013
2025-04-09 16:45,0.034137
2025-04-09 17:00,0.041856
2025-04-09 17:15,0.021737
2025-04-09 17:30,0.009337
2025-04-09 17:45,0.001498
2025-04-09 18:00,0.0
2025-04-09 18:15,0.0
2025-04-09 18:30,0.0
2025-04-09 18:45,0.03677
2025-04-09 19:00,0.0
2025-04-09 19:15,0.000447
2025-04-09 19:30,0.0
2025-04-09 19:45,0.001395
2025-04-09 20:00,0.001305
2025-04-09 20:15,0.0
2025-04-09 20:30,0.0
2025-04-09 20:45,0.001305
2025-04-09 21:00,0.0
2025-04-09 21:15,0.0
2025-04-09 21:30,0.00755
2025-04-09 21:45,0.00755
2025-04-09 22:00,0.008045
2025-04-09 22:15,0.014338
2025-04-09 22:30,0.009193
2025-04-09 22:45,0.039391
2025-04-09 23:00,0.002174
2025-04-09 23:15,0.000447
2025-04-09 23:30,0.0
2025-04-09 23:45,0.009193
2025-04-10 00:00,0.0
2025-04-10 00:15,0.011941
2025-04-10 00:30,0.0
2025-04-10 00:45,0.0
2025-04-10 01:00,0.0
2025-04-10 01:15,0.0
2025-04-10 01:30,0.0
2025-04-10 01:45,0.000616
2025-04-10 02:00,0.0
2025-04-10 02:15,0.0
2025-04-10 02:30,0.0
2025-04-10 02:45,0.0
2025-04-10 03:00,0.000568
2025-04-10 03:15,0.054153
2025-04-10 03:30,0.0
2025-04-10 03:45,0.0
2025-04-10 04:00,0.0
2025-04-10 04:15,0.016585
2025-04-10 04:30,0.046458
2025-04-10 04:45,0.0
2025-04-10 05:00,0.0
2025-04-10 05:15,0.00061
2025-04-10 05:30,0.027578
2025-04-10 05:45,0.003884
2025-04-10 06:00,0.024304
2025-04-10 06:15,0.0
2025-04-10 06:30,0.015716
2025-04-10 06:45,0.0
2025-04-10 07:00,0.007924
2025-04-10 07:15,0.00854
2025-04-10 07:30,0.024666
2025-04-10 07:45,0.000447
2025-04-10 08:00,0.039621
2025-04-10 08:15,0.0
2025-04-10 08:30,0.0
2025-04-10 08:45,0.028025
2025-04-10 09:00,0.00755
2025-04-10 09:15,0.0
2025-04-10 09:30,0.009543
2025-04-10 09:45,0.0
2025-04-10 10:00,0.241966
2025-04-10 10:15,0.095966
2025-04-10 10:30,0.101118
2025-04-10 10:45,0.03915
2025-04-10 11:00,0.0
2025-04-10 11:15,0.052135
2025-04-10 11:30,0.004596
2025-04-10 11:45,0.007924
2025-04-10 12:00,0.0
2025-04-10 12:15,0.00755
2025-04-10 12:30,0.0
2025-04-10 12:45,0.0
2025-04-10 13:00,0.00755
2025-04-10 13:15,0.941239
2025-04-10 13:30,0.156177
2025-04-10 13:45,0.120481
2025-04-10 14:00,0.190899
2025-04-10 14:15,0.136245
2025-04-10 14:30,0.141107
2025-04-10 14:45,0.179255
2025-04-10 15:00,0.04043
2025-04-10 15:15,0.050982
2025-04-10 15:30,0.043945
2025-04-10 15:45,0.026201
2025-04-10 16:00,0.023157
2025-04-10 16:15,0.00755
2025-04-10 16:30,0.031044
2025-04-10 16:45,0.077732
2025-04-10 17:00,0.09239
2025-04-10 17:15,0.01429
2025-04-10 17:30,0.000634
2025-04-10 17:45,0.008456
2025-04-10 18:00,0.001075
2025-04-10 18:15,0.0
2025-04-10 18:30,0.003672
2025-04-10 18:45,0.00883
2025-04-10 19:00,0.0
2025-04-10 19:15,0.000447
2025-04-10 19:30,0.0
2025-04-10 19:45,0.0
2025-04-10 20:00,0.0
2025-04-10 20:15,0.0
2025-04-10 20:30,0.0
2025-04-10 20:45,0.000592
2025-04-10 21:00,0.001196
2025-04-10 21:15,0.000447
2025-04-10 21:30,0.0
2025-04-10 21:45,0.0
2025-04-10 22:00,0.006088
2025-04-10 22:15,0.000616
2025-04-10 22:30,0.0
2025-04-10 22:45,0.0
2025-04-10 23:00,0.001262
2025-04-10 23:15,0.038558
2025-04-10 23:30,0.0
2025-04-10 23:45,0.0
2025-04-11 00:00,0.0
2025-04-11 00:15,0.0
2025-04-11 00:30,0.0
2025-04-11 00:45,0.0
2025-04-11 01:00,0.0
2025-04-11 01:15,0.0
2025-04-11 01:30,0.009766
2025-04-11 01:45,0.0
2025-04-11 02:00,0.001546
2025-04-11 02:15,0.0
2025-04-11 02:30,0.015317
2025-04-11 02:45,0.001981
2025-04-11 03:00,0.0
2025-04-11 03:15,0.0
2025-04-11 03:30,0.0
2025-04-11 03:45,0.091925
2025-04-11 04:00,0.0
2025-04-11 04:15,0.0
2025-04-11 04:30,0.0
2025-04-11 04:45,0.0
2025-04-11 05:00,0.0
2025-04-11 05:15,0.0
2025-04-11 05:30,0.0
2025-04-11 05:45,0.002356
2025-04-11 06:00,0.0
2025-04-11 06:15,0.0
2025-04-11 06:30,0.001238
2025-04-11 06:45,0.0
2025-04-11 07:00,0.0
2025-04-11 07:15,0.0
2025-04-11 07:30,0.009193
2025-04-11 07:45,0.0
2025-04-11 08:00,0.0
2025-04-11 08:15,0.0
2025-04-11 08:30,0.0
2025-04-11 08:45,0.0
2025-04-11 09:00,0.0
2025-04-11 09:15,0.000972
2025-04-11 09:30,0.0
2025-04-11 09:45,0.008432
2025-04-11 10:00,0.0
2025-04-11 10:15,0.0
2025-04-11 10:30,0.0
2025-04-11 10:45,0.0
2025-04-11 11:00,0.001788
2025-04-11 11:15,0.0
2025-04-11 11:30,0.0
2025-04-11 11:45,0.0
2025-04-11 12:00,0.0
2025-04-11 12:15,0.045298
2025-04-11 12:30,0.005043
2025-04-11 12:45,0.022649
2025-04-11 13:00,0.015945
2025-04-11 13:15,0.018385
2025-04-11 13:30,0.009193
2025-04-11 13:45,0.008124
2025-04-11 14:00,0.146259
2025-04-11 14:15,0.018385
2025-04-11 14:30,0.018385
2025-04-11 14:45,0.08016
2025-04-11 15:00,0.009845
2025-04-11 15:15,0.000489
2025-04-11 15:30,0.009193
2025-04-11 15:45,0.010896
2025-04-11 16:00,0.0
2025-04-11 16:15,0.00273
2025-04-11 16:30,0.0255
2025-04-11 16:45,0.027578
2025-04-11 17:00,0.03677
2025-04-11 17:15,0.020892
2025-04-11 17:30,0.0
2025-04-11 17:45,0.000447
2025-04-11 18:00,0.0
2025-04-11 18:15,0.009337
2025-04-11 18:30,0.0
2025-04-11 18:45,0.0
2025-04-11 19:00,0.001909
2025-04-11 19:15,0.009754
2025-04-11 19:30,0.0
2025-04-11 19:45,0.0
2025-04-11 20:00,0.030773
2025-04-11 20:15,0.120796
2025-04-11 20:30,0.030749
2025-04-11 20:45,0.0
2025-04-11 21:00,0.0
2025-04-11 21:15,0.0
2025-04-11 21:30,0.0
2025-04-11 21:45,0.0
2025-04-11 22:00,0.0
2025-04-11 22:15,0.0
2025-04-11 22:30,0.0
2025-04-11 22:45,0.0
2025-04-11 23:00,0.0
2025-04-11 23:15,0.0
2025-04-11 23:30,0.00755
2025-04-11 23:45,0.0
2025-04-12 00:00,0.0
2025-04-12 00:15,0.234965
2025-04-12 00:30,0.207019
2025-04-12 00:45,0.120796
2025-04-12 01:00,0.000447
2025-04-12 01:15,0.0
2025-04-12 01:30,0.0
2025-04-12 01:45,0.0
2025-04-12 02:00,0.060398
2025-04-12 02:15,0.0
2025-04-12 02:30,0.0
2025-04-12 02:45,0.016827
2025-04-12 03:00,0.0
2025-04-12 03:15,0.0
2025-04-12 03:30,0.0
2025-04-12 03:45,0.001099
2025-04-12 04:00,0.0
2025-04-12 04:15,0.0
2025-04-12 04:30,0.0
2025-04-12 04:45,0.0
2025-04-12 05:00,0.009193
2025-04-12 05:15,0.0
2025-04-12 05:30,0.0
2025-04-12 05:45,0.0
2025-04-12 06:00,0.0
2025-04-12 06:15,0.002005
2025-04-12 06:30,0.0
2025-04-12 06:45,0.0
2025-04-12 07:00,0.0
2025-04-12 07:15,0.011252
2025-04-12 07:30,0.0
2025-04-12 07:45,0.0
2025-04-12 08:00,0.009392
2025-04-12 08:15,0.0
2025-04-12 08:30,0.0
2025-04-12 08:45,0.00755
2025-04-12 09:00,0.005949
2025-04-12 09:15,0.0
2025-04-12 09:30,0.005665
2025-04-12 09:45,0.0
2025-04-12 10:00,0.000562
2025-04-12 10:15,0.01766
2025-04-12 10:30,0.009639
2025-04-12 10:45,0.0
2025-04-12 11:00,0.055602
2025-04-12 11:15,0.0
2025-04-12 11:30,0.001788
2025-04-12 11:45,0.03677
2025-04-12 12:00,0.0
2025-04-12 12:15,0.00755
2025-04-12 12:30,0.0
2025-04-12 12:45,0.05193
2025-04-12 13:00,0.125676
2025-04-12 13:15,0.095114
2025-04-12 13:30,0.110407
2025-04-12 13:45,0.114889
2025-04-12 14:00,0.064275
2025-04-12 14:15,0.128345
2025-04-12 14:30,0.046567
2025-04-12 14:45,0.056943
2025-04-12 15:00,0.048197
2025-04-12 15:15,0.00755
2025-04-12 15:30,0.018772
2025-04-12 15:45,0.009193
2025-04-12 16:00,0.012533
2025-04-12 16:15,0.057263
2025-04-12 16:30,0.027046
2025-04-12 16:45,0.00755
2025-04-12 17:00,0.0
2025-04-12 17:15,0.000634
2025-04-12 17:30,0.037954
2025-04-12 17:45,0.002223
2025-04-12 18:00,0.016742
2025-04-12 18:15,0.0
2025-04-12 18:30,0.0
2025-04-12 18:45,0.0
2025-04-12 19:00,0.0
2025-04-12 19:15,0.000592
2025-04-12 19:30,0.008999
2025-04-12 19:45,0.016827
2025-04-12 20:00,0.0
2025-04-12 20:15,0.0
2025-04-12 20:30,0.0
2025-04-12 20:45,0.0
2025-04-12 21:00,0.0
2025-04-12 21:15,0.0
2025-04-12 21:30,0.0
2025-04-12 21:45,0.0
2025-04-12 22:00,0.0
2025-04-12 22:15,0.030199
2025-04-12 22:30,0.000519
2025-04-12 22:45,0.0
2025-04-12 23:00,0.009193
2025-04-12 23:15,0.00755
2025-04-12 23:30,0.0
2025-04-12 23:45,0.030199
2025-04-13 00:00,0.001939
2025-04-13 00:15,0.001981
2025-04-13 00:30,0.0
2025-04-13 00:45,0.202864
2025-04-13 01:00,0.153924
2025-04-13 01:15,0.150994
2025-04-13 01:30,0.030199
2025-04-13 01:45,0.030199
2025-04-13 02:00,0.000894
2025-04-13 02:15,0.002283
2025-04-13 02:30,0.0
2025-04-13 02:45,0.075304
2025-04-13 03:00,0.0
2025-04-13 03:15,0.07354
2025-04-13 03:30,0.225984
2025-04-13 03:45,0.143747
2025-04-13 04:00,0.150656
2025-04-13 04:15,0.179702
2025-04-13 04:30,0.312993
2025-04-13 04:45,0.041844
2025-04-13 05:00,0.066136
2025-04-13 05:15,0.082056
2025-04-13 05:30,0.000519
2025-04-13 05:45,0.015661
2025-04-13 06:00,0.0
2025-04-13 06:15,0.000447
2025-04-13 06:30,0.0
2025-04-13 06:45,0.0
2025-04-13 07:00,0.008631
2025-04-13 07:15,0.0
2025-04-13 07:30,0.0
2025-04-13 07:45,0.009193
2025-04-13 08:00,0.002863
2025-04-13 08:15,0.011029
2025-04-13 08:30,0.321135
2025-04-13 08:45,0.045298
2025-04-13 09:00,0.170292
2025-04-13 09:15,0.032941
2025-04-13 09:30,0.000447
2025-04-13 09:45,0.002283
2025-04-13 10:00,0.0
2025-04-13 10:15,0.00514
2025-04-13 10:30,0.00755
2025-04-13 10:45,0.015099
2025-04-13 11:00,0.009193
2025-04-13 11:15,0.01397
2025-04-13 11:30,0.028025
2025-04-13 11:45,0.007018
2025-04-13 12:00,0.027662
2025-04-13 12:15,0.008631
2025-04-13 12:30,0.040032
2025-04-13 12:45,0.183603
2025-04-13 13:00,0.073577
2025-04-13 13:15,0.106336
2025-04-13 13:30,0.063406
2025-04-13 13:45,0.129904
2025-04-13 14:00,0.244098
2025-04-13 14:15,0.190966
2025-04-13 14:30,0.090597
2025-04-13 14:45,0.312269
2025-04-13 15:00,0.408241
2025-04-13 15:15,0.241929
2025-04-13 15:30,0.259765
2025-04-13 15:45,0.739196
2025-04-13 16:00,0.134125
2025-04-13 16:15,0.047775
2025-04-13 16:30,0.024425
2025-04-13 16:45,0.00755
2025-04-13 17:00,0.009766
2025-04-13 17:15,0.148029
2025-04-13 17:30,0.119829
2025-04-13 17:45,0.001752
2025-04-13 18:00,0.046385
2025-04-13 18:15,0.048753
2025-04-13 18:30,0.019774
2025-04-13 18:45,0.062306
2025-04-13 19:00,0.028472
2025-04-13 19:15,0.000447
2025-04-13 19:30,0.0
2025-04-13 19:45,0.01853
2025-04-13 20:00,0.049713
2025-04-13 20:15,0.000568
2025-04-13 20:30,0.0
2025-04-13 20:45,0.0
2025-04-13 21:00,0.0
2025-04-13 21:15,0.03677
2025-04-13 21:30,0.009193
2025-04-13 21:45,0.0
2025-04-13 22:00,0.059564
2025-04-13 22:15,0.042037
2025-04-13 22:30,0.018107
2025-04-13 22:45,0.011596
2025-04-13 23:00,0.027143
2025-04-13 23:15,0.037127
2025-04-13 23:30,0.113191
2025-04-13 23:45,0.244514
2025-04-14 00:00,0.147214
2025-04-14 00:15,0.073099
2025-04-14 00:30,0.132229
2025-04-14 00:45,0.168184
2025-04-14 01:00,0.010968
2025-04-14 01:15,0.116036
2025-04-14 01:30,0.05042
2025-04-14 01:45,0.273064
2025-04-14 02:00,0.259155
2025-04-14 02:15,0.018053
2025-04-14 02:30,0.058356
2025-04-14 02:45,0.025313
2025-04-14 03:00,0.000894
2025-04-14 03:15,0.030887
2025-04-14 03:30,0.018385
2025-04-14 03:45,0.0
2025-04-14 04:00,0.085801
2025-04-14 04:15,0.013118
2025-04-14 04:30,0.0
2025-04-14 04:45,0.00755
2025-04-14 05:00,0.0
2025-04-14 05:15,0.001788
2025-04-14 05:30,0.000918
2025-04-14 05:45,0.0
2025-04-14 06:00,0.0
2025-04-14 06:15,0.0
2025-04-14 06:30,0.001407
2025-04-14 06:45,0.0
2025-04-14 07:00,0.0
2025-04-14 07:15,0.00755
2025-04-14 07:30,0.00055
2025-04-14 07:45,0.0
2025-04-14 08:00,0.000544
2025-04-14 08:15,0.0
2025-04-14 08:30,0.0
2025-04-14 08:45,0.008124
2025-04-14 09:00,0.002247
2025-04-14 09:15,0.016404
2025-04-14 09:30,0.00755
2025-04-14 09:45,0.004065
2025-04-14 10:00,0.000453
2025-04-14 10:15,0.018639
2025-04-14 10:30,0.040575
2025-04-14 10:45,0.018603
2025-04-14 11:00,0.00755
2025-04-14 11:15,0.040762
2025-04-14 11:30,0.00755
2025-04-14 11:45,0.003419
2025-04-14 12:00,0.0
2025-04-14 12:15,0.035762
2025-04-14 12:30,0.062838
2025-04-14 12:45,0.149563
2025-04-14 13:00,0.149666
2025-04-14 13:15,0.120639
2025-04-14 13:30,0.0
2025-04-14 13:45,0.023181
2025-04-14 14:00,0.019895
2025-04-14 14:15,0.075026
2025-04-14 14:30,0.090391
2025-04-14 14:45,0.096371
2025-04-14 15:00,0.055119
2025-04-14 15:15,0.140389
2025-04-14 15:30,0.60527
2025-04-14 15:45,0.368704
2025-04-14 16:00,0.221038
2025-04-14 16:15,0.04705
2025-04-14 16:30,0.0
2025-04-14 16:45,0.016827
2025-04-14 17:00,0.01554
2025-04-14 17:15,0.05222
2025-04-14 17:30,0.187269
2025-04-14 17:45,0.030646
2025-04-14 18:00,0.000942
2025-04-14 18:15,0.000489
2025-04-14 18:30,0.0
2025-04-14 18:45,0.0
2025-04-14 19:00,0.001788
2025-04-14 19:15,0.016416
2025-04-14 19:30,0.03311
2025-04-14 19:45,0.063997
2025-04-14 20:00,0.0
2025-04-14 20:15,0.0
2025-04-14 20:30,0.090597
2025-04-14 20:45,0.002585
2025-04-14 21:00,0.128992
2025-04-14 21:15,0.091327
2025-04-14 21:30,0.040835
2025-04-14 21:45,0.015099
2025-04-14 22:00,0.0
2025-04-14 22:15,0.0
2025-04-14 22:30,0.0
2025-04-14 22:45,0.078783
2025-04-14 23:00,0.174586
2025-04-14 23:15,0.616239
2025-04-14 23:30,0.496705
2025-04-14 23:45,0.96506
2025-04-15 00:00,1.0
2025-04-15 00:15,0.054479
2025-04-15 00:30,0.0
2025-04-15 00:45,0.000821
2025-04-15 01:00,0.001172
2025-04-15 01:15,0.009193
2025-04-15 01:30,0.000447
2025-04-15 01:45,0.0
2025-04-15 02:00,0.000616
2025-04-15 02:15,0.05774
2025-04-15 02:30,0.0
2025-04-15 02:45,0.012369
2025-04-15 03:00,0.094317
2025-04-15 03:15,0.015546
2025-04-15 03:30,0.000387
2025-04-15 03:45,0.003098
2025-04-15 04:00,0.00906
2025-04-15 04:15,0.0
2025-04-15 04:30,0.0
2025-04-15 04:45,0.00755
2025-04-15 05:00,0.009639
2025-04-15 05:15,0.0
2025-04-15 05:30,0.0
2025-04-15 05:45,0.0
2025-04-15 06:00,0.009193
2025-04-15 06:15,0.0
2025-04-15 06:30,0.001981
2025-04-15 06:45,0.0
2025-04-15 07:00,0.02373
2025-04-15 07:15,0.244545
2025-04-15 07:30,0.115879
2025-04-15 07:45,0.001691
2025-04-15 08:00,0.0
2025-04-15 08:15,0.003165
2025-04-15 08:30,0.0
2025-04-15 08:45,0.051048
2025-04-15 09:00,0.015649
2025-04-15 09:15,0.0
2025-04-15 09:30,0.0
2025-04-15 09:45,0.0
2025-04-15 10:00,0.000447
2025-04-15 10:15,0.038075
2025-04-15 10:30,0.002005
2025-04-15 10:45,0.0
2025-04-15 11:00,0.037344
2025-04-15 11:15,0.0
2025-04-15 11:30,0.001093
2025-04-15 11:45,0.015099
2025-04-15 12:00,0.000592
2025-04-15 12:15,0.02736
2025-04-15 12:30,0.008299
2025-04-15 12:45,0.000936
2025-04-15 13:00,0.008492
2025-04-15 13:15,0.035351
2025-04-15 13:30,0.006783
2025-04-15 13:45,0.008456
2025-04-15 14:00,0.015099
2025-04-15 14:15,0.0203
2025-04-15 14:30,0.01731
2025-04-15 14:45,0.053512
2025-04-15 15:00,0.0
2025-04-15 15:15,0.018385
2025-04-15 15:30,0.000616
2025-04-15 15:45,0.0
2025-04-15 16:00,0.070146
2025-04-15 16:15,0.032609
2025-04-15 16:30,0.039633
2025-04-15 16:45,0.155766
2025-04-15 17:00,0.0
2025-04-15 17:15,0.008456
2025-04-15 17:30,0.0
2025-04-15 17:45,0.0
2025-04-15 18:00,0.0
2025-04-15 18:15,0.0
2025-04-15 18:30,0.0
2025-04-15 18:45,0.0
2025-04-15 19:00,0.0
2025-04-15 19:15,0.002235
2025-04-15 19:30,0.0
2025-04-15 19:45,0.0
2025-04-15 20:00,0.0
2025-04-15 20:15,0.00755
2025-04-15 20:30,0.001788
2025-04-15 20:45,0.0
2025-04-15 21:00,0.032083
2025-04-15 21:15,0.003298
2025-04-15 21:30,0.0
2025-04-15 21:45,0.030199
2025-04-15 22:00,0.00755
2025-04-15 22:15,0.0
2025-04-15 22:30,0.00755
2025-04-15 22:45,0.03677
2025-04-15 23:00,0.008607
2025-04-15 23:15,0.045214
2025-04-15 23:30,0.091176
2025-04-15 23:45,0.017461
2025-04-16 00:00,0.000447
2025-04-16 00:00,0.00084
2025-04-16 00:15,0.0
2025-04-16 00:30,0.0
2025-04-16 00:45,0.0
2025-04-16 01:00,0.001089
2025-04-16 01:15,0.0
2025-04-16 01:30,0.0
2025-04-16 01:45,0.002667
2025-04-16 02:00,0.00084
2025-04-16 02:15,0.017271
2025-04-16 02:30,0.000976
2025-04-16 02:45,0.063354
2025-04-16 03:00,0.000896
2025-04-16 03:15,0.009248
2025-04-16 03:30,0.0
2025-04-16 03:45,0.22491
2025-04-16 04:00,0.0
2025-04-16 04:15,0.139009
2025-04-16 04:30,0.0
2025-04-16 04:45,0.00084
2025-04-16 05:00,0.014185
2025-04-16 05:15,0.042554
2025-04-16 05:30,0.014185
2025-04-16 05:45,0.0
2025-04-16 06:00,0.00084
2025-04-16 06:15,0.0
2025-04-16 06:30,0.0
2025-04-16 06:45,0.000828
2025-04-16 07:00,0.0
2025-04-16 07:15,0.098861
2025-04-16 07:30,0.070923
2025-04-16 07:45,0.070923
2025-04-16 08:00,0.07587
2025-04-16 08:15,0.028369
2025-04-16 08:30,0.104988
2025-04-16 08:45,0.015864
2025-04-16 09:00,0.0
2025-04-16 09:15,0.0
2025-04-16 09:30,0.024
2025-04-16 09:45,0.0
2025-04-16 10:00,0.001157
2025-04-16 10:15,0.0
2025-04-16 10:30,0.0
2025-04-16 10:45,0.004199
2025-04-16 11:00,0.0
2025-04-16 11:15,0.0
2025-04-16 11:30,0.001078
2025-04-16 11:45,0.0
2025-04-16 12:00,0.0
2025-04-16 12:15,0.0
2025-04-16 12:30,0.014185
2025-04-16 12:45,0.004357
2025-04-16 13:00,0.017498
2025-04-16 13:15,0.015773
2025-04-16 13:30,0.010406
2025-04-16 13:45,0.003904
2025-04-16 14:00,0.02004
2025-04-16 14:15,0.006196
2025-04-16 14:30,0.000828
2025-04-16 14:45,0.120898
2025-04-16 15:00,0.017271
2025-04-16 15:15,0.0
2025-04-16 15:30,0.00084
2025-04-16 15:45,0.017271
2025-04-16 16:00,0.0
2025-04-16 16:15,0.0
2025-04-16 16:30,0.228042
2025-04-16 16:45,0.133743
2025-04-16 17:00,0.0
2025-04-16 17:15,0.0
2025-04-16 17:30,0.0
2025-04-16 17:45,0.007262
2025-04-16 18:00,0.0
2025-04-16 18:15,0.0
2025-04-16 18:30,0.0
2025-04-16 18:45,0.0
2025-04-16 19:00,0.025396
2025-04-16 19:15,0.019382
2025-04-16 19:30,0.033112
2025-04-16 19:45,0.016976
2025-04-16 20:00,0.00084
2025-04-16 20:15,0.0
2025-04-16 20:30,0.0
2025-04-16 20:45,0.0
2025-04-16 21:00,0.014185
2025-04-16 21:15,0.0
2025-04-16 21:30,0.0
2025-04-16 21:45,0.811709
2025-04-16 22:00,0.00194
2025-04-16 22:15,0.0
2025-04-16 22:30,0.161205
2025-04-16 22:45,0.276928
2025-04-16 23:00,0.0352
2025-04-16 23:15,0.526712
2025-04-16 23:30,0.410376
2025-04-16 23:45,0.141165
2025-04-17 00:00,0.040806
2025-04-17 00:15,0.003722
2025-04-17 00:30,0.059008
2025-04-17 00:45,0.014185
2025-04-17 01:00,0.169454
2025-04-17 01:15,0.048375
2025-04-17 01:30,0.125823
2025-04-17 01:45,0.05936
2025-04-17 02:00,0.0
2025-04-17 02:15,0.001101
2025-04-17 02:30,0.0
2025-04-17 02:45,0.003359
2025-04-17 03:00,0.0
2025-04-17 03:15,0.0
2025-04-17 03:30,0.0
2025-04-17 03:45,0.0
2025-04-17 04:00,0.0
2025-04-17 04:15,0.016136
2025-04-17 04:30,0.033112
2025-04-17 04:45,0.016976
2025-04-17 05:00,0.023671
2025-04-17 05:15,0.016136
2025-04-17 05:30,0.0
2025-04-17 05:45,0.016136
2025-04-17 06:00,0.018292
2025-04-17 06:15,0.0
2025-04-17 06:30,0.052755
2025-04-17 06:45,0.017271
2025-04-17 07:00,0.004267
2025-04-17 07:15,0.042554
2025-04-17 07:30,0.098225
2025-04-17 07:45,0.050304
2025-04-17 08:00,0.015217
2025-04-17 08:15,0.015365
2025-04-17 08:30,0.0
2025-04-17 08:45,0.0
2025-04-17 09:00,0.103854
2025-04-17 09:15,0.0
2025-04-17 09:30,0.0
2025-04-17 09:45,0.018111
2025-04-17 10:00,0.003359
2025-04-17 10:15,0.0
2025-04-17 10:30,0.0
2025-04-17 10:45,0.0
2025-04-17 11:00,0.0
2025-04-17 11:15,0.0
2025-04-17 11:30,0.009918
2025-04-17 11:45,0.00084
2025-04-17 12:00,0.006582
2025-04-17 12:15,0.005492
2025-04-17 12:30,0.0
2025-04-17 12:45,0.0
2025-04-17 13:00,0.157256
2025-04-17 13:15,0.115791
2025-04-17 13:30,0.01659
2025-04-17 13:45,0.020403
2025-04-17 14:00,0.017271
2025-04-17 14:15,0.0
2025-04-17 14:30,0.029549
2025-04-17 14:45,0.07317
2025-04-17 15:00,0.286914
2025-04-17 15:15,0.0
2025-04-17 15:30,0.004936
2025-04-17 15:45,0.086356
2025-04-17 16:00,0.002133
2025-04-17 16:15,0.309484
2025-04-17 16:30,0.300803
2025-04-17 16:45,0.0
2025-04-17 17:00,0.069084
2025-04-17 17:15,0.018111
2025-04-17 17:30,0.0
2025-04-17 17:45,0.0
2025-04-17 18:00,0.001067
2025-04-17 18:15,0.0
2025-04-17 18:30,0.00084
2025-04-17 18:45,0.0
2025-04-17 19:00,0.0
2025-04-17 19:15,0.0
2025-04-17 19:30,0.0
2025-04-17 19:45,0.0
2025-04-17 20:00,0.0
2025-04-17 20:15,0.0
2025-04-17 20:30,0.0
2025-04-17 20:45,0.0
2025-04-17 21:00,0.00084
2025-04-17 21:15,0.045844
2025-04-17 21:30,0.00084
2025-04-17 21:45,0.0
2025-04-17 22:00,0.014185
2025-04-17 22:15,0.018111
2025-04-17 22:30,0.120898
2025-04-17 22:45,0.208706
2025-04-17 23:00,0.223412
2025-04-17 23:15,0.033305
2025-04-17 23:30,0.337388
2025-04-17 23:45,0.290273
2025-04-18 00:00,0.0
2025-04-18 00:15,0.0
2025-04-18 00:30,0.00194
2025-04-18 00:45,0.0
2025-04-18 01:00,0.014185
2025-04-18 01:15,0.049725
2025-04-18 01:30,0.001679
2025-04-18 01:45,0.036244
2025-04-18 02:00,0.0
2025-04-18 02:15,0.0
2025-04-18 02:30,0.0
2025-04-18 02:45,0.0
2025-04-18 03:00,0.014968
2025-04-18 03:15,0.000851
2025-04-18 03:30,0.0
2025-04-18 03:45,0.0
2025-04-18 04:00,0.0
2025-04-18 04:15,0.0
2025-04-18 04:30,0.0
2025-04-18 04:45,0.0
2025-04-18 05:00,0.000828
2025-04-18 05:15,0.0
2025-04-18 05:30,0.0
2025-04-18 05:45,0.0
2025-04-18 06:00,0.0
2025-04-18 06:15,0.0
2025-04-18 06:30,0.138169
2025-04-18 06:45,0.0
2025-04-18 07:00,0.0
2025-04-18 07:15,0.027098
2025-04-18 07:30,0.0
2025-04-18 07:45,0.014185
2025-04-18 08:00,0.063116
2025-04-18 08:15,0.099451
2025-04-18 08:30,0.042554
2025-04-18 08:45,0.014185
2025-04-18 09:00,0.042281
2025-04-18 09:15,0.002031
2025-04-18 09:30,0.003722
2025-04-18 09:45,0.017271
2025-04-18 10:00,0.035382
2025-04-18 10:15,0.017271
2025-04-18 10:30,0.069913
2025-04-18 10:45,0.0
2025-04-18 11:00,0.001055
2025-04-18 11:15,0.056738
2025-04-18 11:30,0.069084
2025-04-18 11:45,0.0
2025-04-18 12:00,0.0
2025-04-18 12:15,0.002383
2025-04-18 12:30,0.0
2025-04-18 12:45,0.017271
2025-04-18 13:00,0.033158
2025-04-18 13:15,0.024205
2025-04-18 13:30,0.011132
2025-04-18 13:45,0.0
2025-04-18 14:00,0.017271
2025-04-18 14:15,0.051813
2025-04-18 14:30,0.001271
2025-04-18 14:45,0.0
2025-04-18 15:00,0.028369
2025-04-18 15:15,0.045799
2025-04-18 15:30,0.0
2025-04-18 15:45,0.014185
2025-04-18 16:00,0.141176
2025-04-18 16:15,0.089374
2025-04-18 16:30,0.0
2025-04-18 16:45,0.0
2025-04-18 17:00,0.001929
2025-04-18 17:15,0.0
2025-04-18 17:30,0.009396
2025-04-18 17:45,0.007126
2025-04-18 18:00,0.0
2025-04-18 18:15,0.0
2025-04-18 18:30,0.000942
2025-04-18 18:45,0.0
2025-04-18 19:00,0.0
2025-04-18 19:15,0.0
2025-04-18 19:30,0.0
2025-04-18 19:45,0.0
2025-04-18 20:00,0.0
2025-04-18 20:15,0.017271
2025-04-18 20:30,0.0
2025-04-18 20:45,0.0
2025-04-18 21:00,0.0
2025-04-18 21:15,0.0
2025-04-18 21:30,0.0
2025-04-18 21:45,0.014752
2025-04-18 22:00,0.340112
2025-04-18 22:15,1.0
2025-04-18 22:30,0.276338
2025-04-18 22:45,0.0
2025-04-18 23:00,0.0
2025-04-18 23:15,0.034542
2025-04-18 23:30,0.005753
2025-04-18 23:45,0.017271
2025-04-19 00:00,0.0
2025-04-19 00:15,0.0
2025-04-19 00:30,0.0
2025-04-19 00:45,0.0
2025-04-19 01:00,0.0
2025-04-19 01:15,0.0
2025-04-19 01:30,0.0
2025-04-19 01:45,0.0
2025-04-19 02:00,0.0
2025-04-19 02:15,0.0
2025-04-19 02:30,0.00084
2025-04-19 02:45,0.0
2025-04-19 03:00,0.218045
2025-04-19 03:15,0.377468
2025-04-19 03:30,0.0
2025-04-19 03:45,0.0
2025-04-19 04:00,0.003359
2025-04-19 04:15,0.017271
2025-04-19 04:30,0.0
2025-04-19 04:45,0.034542
2025-04-19 05:00,0.0
2025-04-19 05:15,0.0
2025-04-19 05:30,0.0
2025-04-19 05:45,0.0
2025-04-19 06:00,0.056738
2025-04-19 06:15,0.0
2025-04-19 06:30,0.0
2025-04-19 06:45,0.0
2025-04-19 07:00,0.0
2025-04-19 07:15,0.0
2025-04-19 07:30,0.0
2025-04-19 07:45,0.0
2025-04-19 08:00,0.002122
2025-04-19 08:15,0.075711
2025-04-19 08:30,0.138214
2025-04-19 08:45,0.214334
2025-04-19 09:00,0.006355
2025-04-19 09:15,0.256638
2025-04-19 09:30,0.316804
2025-04-19 09:45,0.28326
2025-04-19 10:00,0.033181
2025-04-19 10:15,0.085947
2025-04-19 10:30,0.154351
2025-04-19 10:45,0.059825
2025-04-19 11:00,0.106191
2025-04-19 11:15,0.018928
2025-04-19 11:30,0.028369
2025-04-19 11:45,0.0
2025-04-19 12:00,0.0
2025-04-19 12:15,0.00084
2025-04-19 12:30,0.01162
2025-04-19 12:45,0.011223
2025-04-19 13:00,0.000919
2025-04-19 13:15,0.07519
2025-04-19 13:30,0.0
2025-04-19 13:45,0.032454
2025-04-19 14:00,0.031274
2025-04-19 14:15,0.188189
2025-04-19 14:30,0.051791
2025-04-19 14:45,0.0
2025-04-19 15:00,0.168127
2025-04-19 15:15,0.092449
2025-04-19 15:30,0.014185
2025-04-19 15:45,0.004528
2025-04-19 16:00,0.017532
2025-04-19 16:15,0.335924
2025-04-19 16:30,0.0
2025-04-19 16:45,0.0
2025-04-19 17:00,0.0
2025-04-19 17:15,0.012528
2025-04-19 17:30,0.032454
2025-04-19 17:45,0.056738
2025-04-19 18:00,0.014185
2025-04-19 18:15,0.0
2025-04-19 18:30,0.0
2025-04-19 18:45,0.001974
2025-04-19 19:00,0.0
2025-04-19 19:15,0.0
2025-04-19 19:30,0.0
2025-04-19 19:45,0.028369
2025-04-19 20:00,0.000931
2025-04-19 20:15,0.006094
2025-04-19 20:30,0.000931
2025-04-19 20:45,0.003359
2025-04-19 21:00,0.0
2025-04-19 21:15,0.0
2025-04-19 21:30,0.0
2025-04-19 21:45,0.0
2025-04-19 22:00,0.208093
2025-04-19 22:15,0.419613
2025-04-19 22:30,0.261019
2025-04-19 22:45,0.192683
2025-04-19 23:00,0.202998
2025-04-19 23:15,0.165403
2025-04-19 23:30,0.004584
2025-04-19 23:45,0.015319
2025-04-20 00:00,0.0
2025-04-20 00:15,0.003722
2025-04-20 00:30,0.016397
2025-04-20 00:45,0.004108
2025-04-20 01:00,0.084381
2025-04-20 01:15,0.014185
2025-04-20 01:30,0.0
2025-04-20 01:45,0.034542
2025-04-20 02:00,0.173074
2025-04-20 02:15,0.019143
2025-04-20 02:30,0.078276
2025-04-20 02:45,0.078412
2025-04-20 03:00,0.004085
2025-04-20 03:15,0.001192
2025-04-20 03:30,0.077096
2025-04-20 03:45,0.15544
2025-04-20 04:00,0.073124
2025-04-20 04:15,0.00143
2025-04-20 04:30,0.0
2025-04-20 04:45,0.051813
2025-04-20 05:00,0.069084
2025-04-20 05:15,0.0
2025-04-20 05:30,0.0
2025-04-20 05:45,0.031456
2025-04-20 06:00,0.061277
2025-04-20 06:15,0.052052
2025-04-20 06:30,0.139871
2025-04-20 06:45,0.044483
2025-04-20 07:00,0.094435
2025-04-20 07:15,0.136013
2025-04-20 07:30,0.160183
2025-04-20 07:45,0.074009
2025-04-20 08:00,0.336628
2025-04-20 08:15,0.122747
2025-04-20 08:30,0.128887
2025-04-20 08:45,0.033657
2025-04-20 09:00,0.095751
2025-04-20 09:15,0.017271
2025-04-20 09:30,0.124018
2025-04-20 09:45,0.002247
2025-04-20 10:00,0.084971
2025-04-20 10:15,0.014185
2025-04-20 10:30,0.0
2025-04-20 10:45,0.0
2025-04-20 11:00,0.070923
2025-04-20 11:15,0.0
2025-04-20 11:30,0.0
2025-04-20 11:45,0.003257
2025-04-20 12:00,0.002451
2025-04-20 12:15,0.0
2025-04-20 12:30,0.000931
2025-04-20 12:45,0.035495
2025-04-20 13:00,0.002111
2025-04-20 13:15,0.464141
2025-04-20 13:30,0.382348
2025-04-20 13:45,0.003767
2025-04-20 14:00,0.018111
2025-04-20 14:15,0.120898
2025-04-20 14:30,0.164983
2025-04-20 14:45,0.410944
2025-04-20 15:00,0.165971
2025-04-20 15:15,0.135241
2025-04-20 15:30,0.018111
2025-04-20 15:45,0.039331
2025-04-20 16:00,0.002406
2025-04-20 16:15,0.001305
2025-04-20 16:30,0.017271
2025-04-20 16:45,0.332588
2025-04-20 17:00,0.00084
2025-04-20 17:15,0.0
2025-04-20 17:30,0.0
2025-04-20 17:45,0.162476
2025-04-20 18:00,0.202941
2025-04-20 18:15,0.0
2025-04-20 18:30,0.0
2025-04-20 18:45,0.000931
2025-04-20 19:00,0.0
2025-04-20 19:15,0.0
2025-04-20 19:30,0.0
2025-04-20 19:45,0.0
2025-04-20 20:00,0.0
2025-04-20 20:15,0.01078
2025-04-20 20:30,0.0
2025-04-20 20:45,0.0
2025-04-20 21:00,0.0
2025-04-20 21:15,0.0
2025-04-20 21:30,0.0
2025-04-20 21:45,0.0
2025-04-20 22:00,0.018542
2025-04-20 22:15,0.014185
2025-04-20 22:30,0.0
2025-04-20 22:45,0.070174
2025-04-20 23:00,0.069084
2025-04-20 23:15,0.00446
2025-04-20 23:30,0.0
2025-04-20 23:45,0.0
2025-04-21 00:00,0.005662
2025-04-21 00:15,0.017271
2025-04-21 00:30,0.0
2025-04-21 00:45,0.0
2025-04-21 01:00,0.020936
2025-04-21 01:15,0.0
2025-04-21 01:30,0.001589
2025-04-21 01:45,0.0
2025-04-21 02:00,0.001589
2025-04-21 02:15,0.0
2025-04-21 02:30,0.0
2025-04-21 02:45,0.014888
2025-04-21 03:00,0.000704
2025-04-21 03:15,0.0
2025-04-21 03:30,0.0
2025-04-21 03:45,0.014888
2025-04-21 04:00,0.0
2025-04-21 04:15,0.0
2025-04-21 04:30,0.0
2025-04-21 04:45,0.0
2025-04-21 05:00,0.0
2025-04-21 05:15,0.0
2025-04-21 05:30,0.0
2025-04-21 05:45,0.0
2025-04-21 06:00,0.0
2025-04-21 06:15,0.0
2025-04-21 06:30,0.0
2025-04-21 06:45,0.000704
2025-04-21 07:00,0.0
2025-04-21 07:15,0.018758
2025-04-21 07:30,0.047047
2025-04-21 07:45,0.0
2025-04-21 08:00,0.0
2025-04-21 08:15,0.0
2025-04-21 08:30,0.003359
2025-04-21 08:45,0.0
2025-04-21 09:00,0.0
2025-04-21 09:15,0.035382
2025-04-21 09:30,0.004221
2025-04-21 09:45,0.016636
2025-04-21 10:00,0.0
2025-04-21 10:15,0.0
2025-04-21 10:30,0.056738
2025-04-21 10:45,0.018587
2025-04-21 11:00,0.141256
2025-04-21 11:15,0.914087
2025-04-21 11:30,0.344072
2025-04-21 11:45,0.0
2025-04-21 12:00,0.01659
2025-04-21 12:15,0.0
2025-04-21 12:30,0.004721
2025-04-21 12:45,0.183809
2025-04-21 13:00,0.040034
2025-04-21 13:15,0.021787
2025-04-21 13:30,0.113488
2025-04-21 13:45,0.313672
2025-04-21 14:00,0.017271
2025-04-21 14:15,0.021016
2025-04-21 14:30,0.133925
2025-04-21 14:45,0.078685
2025-04-21 15:00,0.001067
2025-04-21 15:15,0.003359
2025-04-21 15:30,0.034973
2025-04-21 15:45,0.220144
2025-04-21 16:00,0.208683
2025-04-21 16:15,0.263424
2025-04-21 16:30,0.435931
2025-04-21 16:45,0.243225
2025-04-21 17:00,0.252678
2025-04-21 17:15,0.0
2025-04-21 17:30,0.05574
2025-04-21 17:45,0.019075
2025-04-21 18:00,0.017271
2025-04-21 18:15,0.0
2025-04-21 18:30,0.0
2025-04-21 18:45,0.142799
2025-04-21 19:00,0.0
2025-04-21 19:15,0.0
2025-04-21 19:30,0.0
2025-04-21 19:45,0.0
2025-04-21 20:00,0.017271
2025-04-21 20:15,0.002644
2025-04-21 20:30,0.0
2025-04-21 20:45,0.017271
2025-04-21 21:00,0.0
2025-04-21 21:15,0.006729
2025-04-21 21:30,0.032772
2025-04-21 21:45,0.0
2025-04-21 22:00,0.0
2025-04-21 22:15,0.0
2025-04-21 22:30,0.0
2025-04-21 22:45,0.213642
2025-04-21 23:00,0.0
2025-04-21 23:15,0.0
2025-04-21 23:30,0.086356
2025-04-21 23:45,0.001192
2025-04-22 00:00,0.0
2025-04-22 00:15,0.069084
2025-04-22 00:30,0.0
2025-04-22 00:45,0.208933
2025-04-22 01:00,0.023331
2025-04-22 01:15,0.0
2025-04-22 01:30,0.002928
2025-04-22 01:45,0.014185
2025-04-22 02:00,0.005118
2025-04-22 02:15,0.00337
2025-04-22 02:30,0.00084
2025-04-22 02:45,0.0
2025-04-22 03:00,0.0
2025-04-22 03:15,0.00084
2025-04-22 03:30,0.001532
2025-04-22 03:45,0.01743
2025-04-22 04:00,0.0
2025-04-22 04:15,0.0
2025-04-22 04:30,0.001226
2025-04-22 04:45,0.0
2025-04-22 05:00,0.0
2025-04-22 05:15,0.0
2025-04-22 05:30,0.034542
2025-04-22 05:45,0.0
2025-04-22 06:00,0.0
2025-04-22 06:15,0.004675
2025-04-22 06:30,0.016817
2025-04-22 06:45,0.0
2025-04-22 07:00,0.031751
2025-04-22 07:15,0.066928
2025-04-22 07:30,0.014185
2025-04-22 07:45,0.01667
2025-04-22 08:00,0.0
2025-04-22 08:15,0.0
2025-04-22 08:30,0.017271
2025-04-22 08:45,0.0
2025-04-22 09:00,0.0
2025-04-22 09:15,0.0
2025-04-22 09:30,0.034542
2025-04-22 09:45,0.0
2025-04-22 10:00,0.0
2025-04-22 10:15,0.0
2025-04-22 10:30,0.0
2025-04-22 10:45,0.0
2025-04-22 11:00,0.000931
2025-04-22 11:15,0.0
2025-04-22 11:30,0.001668
2025-04-22 11:45,0.0
2025-04-22 12:00,0.0
2025-04-22 12:15,0.0
2025-04-22 12:30,0.0
2025-04-22 12:45,0.030434
2025-04-22 13:00,0.005084
2025-04-22 13:15,0.013016
2025-04-22 13:30,0.043757
2025-04-22 13:45,0.012119
2025-04-22 14:00,0.062787
2025-04-22 14:15,0.000726
2025-04-22 14:30,0.0
2025-04-22 14:45,0.133641
2025-04-22 15:00,0.021685
2025-04-22 15:15,0.046548
2025-04-22 15:30,0.083428
2025-04-22 15:45,0.001157
2025-04-22 16:00,0.015887
2025-04-22 16:15,0.090463
2025-04-22 16:30,0.077096
2025-04-22 16:45,0.0
2025-04-22 17:00,0.0
2025-04-22 17:15,0.283691
2025-04-22 17:30,0.000931
2025-04-22 17:45,0.001589
2025-04-22 18:00,0.0
2025-04-22 18:15,0.0
2025-04-22 18:30,0.0
2025-04-22 18:45,0.0
2025-04-22 19:00,0.0
2025-04-22 19:15,0.0
2025-04-22 19:30,0.016749
2025-04-22 19:45,0.0
2025-04-22 20:00,0.0
2025-04-22 20:15,0.0
2025-04-22 20:30,0.0
2025-04-22 20:45,0.0
2025-04-22 21:00,0.033249
2025-04-22 21:15,0.0
2025-04-22 21:30,0.001396
2025-04-22 21:45,0.01659
2025-04-22 22:00,0.10054
2025-04-22 22:15,0.042939
2025-04-22 22:30,0.145726
2025-04-22 22:45,0.0
2025-04-22 23:00,0.0
2025-04-22 23:15,0.0
2025-04-22 23:30,0.024783
2025-04-22 23:45,0.0
2025-04-23 00:00,0.0
2025-04-23 00:00,0.0
2025-04-23 00:15,0.00016
2025-04-23 00:30,0.000364
2025-04-23 00:45,0.0
2025-04-23 01:00,0.000714
2025-04-23 01:15,0.0
2025-04-23 01:30,0.0036
2025-04-23 01:45,0.0
2025-04-23 02:00,0.0
2025-04-23 02:15,0.001873
2025-04-23 02:30,0.000886
2025-04-23 02:45,0.0
2025-04-23 03:00,0.0
2025-04-23 03:15,0.0
2025-04-23 03:30,0.002986
2025-04-23 03:45,0.002828
2025-04-23 04:00,0.001149
2025-04-23 04:15,0.023192
2025-04-23 04:30,0.0
2025-04-23 04:45,0.0
2025-04-23 05:00,0.0
2025-04-23 05:15,0.006562
2025-04-23 05:30,0.000332
2025-04-23 05:45,0.006562
2025-04-23 06:00,0.0
2025-04-23 06:15,0.0
2025-04-23 06:30,0.0
2025-04-23 06:45,0.0
2025-04-23 07:00,0.0
2025-04-23 07:15,0.0
2025-04-23 07:30,0.0
2025-04-23 07:45,0.00016
2025-04-23 08:00,0.0
2025-04-23 08:15,0.000332
2025-04-23 08:30,0.0
2025-04-23 08:45,0.010088
2025-04-23 09:00,0.0
2025-04-23 09:15,0.0
2025-04-23 09:30,0.0002
2025-04-23 09:45,0.0
2025-04-23 10:00,0.0
2025-04-23 10:15,0.000535
2025-04-23 10:30,0.0
2025-04-23 10:45,0.0
2025-04-23 11:00,0.0
2025-04-23 11:15,0.004089
2025-04-23 11:30,0.0
2025-04-23 11:45,0.001078
2025-04-23 12:00,0.002695
2025-04-23 12:15,0.021466
2025-04-23 12:30,0.001354
2025-04-23 12:45,0.006958
2025-04-23 13:00,0.14603
2025-04-23 13:15,0.06447
2025-04-23 13:30,0.164741
2025-04-23 13:45,0.097421
2025-04-23 14:00,0.120663
2025-04-23 14:15,0.103086
2025-04-23 14:30,0.083862
2025-04-23 14:45,0.336349
2025-04-23 15:00,0.111053
2025-04-23 15:15,0.000974
2025-04-23 15:30,0.040814
2025-04-23 15:45,0.042716
2025-04-23 16:00,0.045781
2025-04-23 16:15,0.0
2025-04-23 16:30,0.03796
2025-04-23 16:45,0.042651
2025-04-23 17:00,0.027536
2025-04-23 17:15,0.117071
2025-04-23 17:30,0.117352
2025-04-23 17:45,0.030325
2025-04-23 18:00,0.058193
2025-04-23 18:15,0.041931
2025-04-23 18:30,0.0
2025-04-23 18:45,0.0
2025-04-23 19:00,0.0
2025-04-23 19:15,0.0
2025-04-23 19:30,0.0
2025-04-23 19:45,0.000466
2025-04-23 20:00,0.0
2025-04-23 20:15,0.00056
2025-04-23 20:30,0.0
2025-04-23 20:45,0.019905
2025-04-23 21:00,0.222541
2025-04-23 21:15,0.056585
2025-04-23 21:30,0.098249
2025-04-23 21:45,0.0
2025-04-23 22:00,0.0
2025-04-23 22:15,0.000267
2025-04-23 22:30,0.003548
2025-04-23 22:45,0.0
2025-04-23 23:00,0.00344
2025-04-23 23:15,0.0
2025-04-23 23:30,0.0
2025-04-23 23:45,0.013283
2025-04-24 00:00,0.0
2025-04-24 00:15,0.010013
2025-04-24 00:30,0.046729
2025-04-24 00:45,0.0
2025-04-24 01:00,0.0
2025-04-24 01:15,0.002695
2025-04-24 01:30,0.0
2025-04-24 01:45,0.00016
2025-04-24 02:00,0.0
2025-04-24 02:15,0.005389
2025-04-24 02:30,0.001802
2025-04-24 02:45,0.0
2025-04-24 03:00,0.013123
2025-04-24 03:15,0.0
2025-04-24 03:30,0.0
2025-04-24 03:45,0.0
2025-04-24 04:00,0.0
2025-04-24 04:15,0.0
2025-04-24 04:30,0.003673
2025-04-24 04:45,0.0
2025-04-24 05:00,0.0
2025-04-24 05:15,0.003281
2025-04-24 05:30,0.0
2025-04-24 05:45,0.010136
2025-04-24 06:00,0.0
2025-04-24 06:15,0.0
2025-04-24 06:30,0.003281
2025-04-24 06:45,0.0
2025-04-24 07:00,0.000302
2025-04-24 07:15,0.0
2025-04-24 07:30,0.0
2025-04-24 07:45,0.0
2025-04-24 08:00,0.0
2025-04-24 08:15,0.003281
2025-04-24 08:30,0.010778
2025-04-24 08:45,0.005868
2025-04-24 09:00,0.001412
2025-04-24 09:15,0.003734
2025-04-24 09:30,0.018215
2025-04-24 09:45,0.006191
2025-04-24 10:00,0.0
2025-04-24 10:15,0.0
2025-04-24 10:30,0.016564
2025-04-24 10:45,0.105946
2025-04-24 11:00,0.002832
2025-04-24 11:15,0.022459
2025-04-24 11:30,0.019314
2025-04-24 11:45,0.003684
2025-04-24 12:00,0.013123
2025-04-24 12:15,0.021392
2025-04-24 12:30,0.005669
2025-04-24 12:45,0.000535
2025-04-24 13:00,0.00016
2025-04-24 13:15,0.002695
2025-04-24 13:30,0.08231
2025-04-24 13:45,0.036434
2025-04-24 14:00,0.003414
2025-04-24 14:15,0.0
2025-04-24 14:30,0.010062
2025-04-24 14:45,0.043026
2025-04-24 15:00,0.002906
2025-04-24 15:15,0.052494
2025-04-24 15:30,0.053112
2025-04-24 15:45,0.003863
2025-04-24 16:00,0.013123
2025-04-24 16:15,0.000532
2025-04-24 16:30,0.0
2025-04-24 16:45,0.00349
2025-04-24 17:00,0.0036
2025-04-24 17:15,0.000157
2025-04-24 17:30,0.013123
2025-04-24 17:45,0.0
2025-04-24 18:00,0.0
2025-04-24 18:15,0.0
2025-04-24 18:30,0.0
2025-04-24 18:45,0.000257
2025-04-24 19:00,0.0
2025-04-24 19:15,0.0
2025-04-24 19:30,0.0
2025-04-24 19:45,0.0
2025-04-24 20:00,0.003281
2025-04-24 20:15,0.0
2025-04-24 20:30,0.0
2025-04-24 20:45,0.0
2025-04-24 21:00,0.0
2025-04-24 21:15,0.065966
2025-04-24 21:30,0.003281
2025-04-24 21:45,0.0
2025-04-24 22:00,0.03937
2025-04-24 22:15,0.02383
2025-04-24 22:30,0.044406
2025-04-24 22:45,0.046091
2025-04-24 23:00,0.000341
2025-04-24 23:15,0.013123
2025-04-24 23:30,0.001257
2025-04-24 23:45,0.001828
2025-04-25 00:00,0.0
2025-04-25 00:15,0.003427
2025-04-25 00:30,0.0
2025-04-25 00:45,0.0
2025-04-25 01:00,0.0
2025-04-25 01:15,0.0
2025-04-25 01:30,0.024361
2025-04-25 01:45,0.0
2025-04-25 02:00,0.000278
2025-04-25 02:15,0.001093
2025-04-25 02:30,0.0
2025-04-25 02:45,0.000836
2025-04-25 03:00,0.192442
2025-04-25 03:15,0.0
2025-04-25 03:30,0.014218
2025-04-25 03:45,0.01438
2025-04-25 04:00,0.0
2025-04-25 04:15,0.0
2025-04-25 04:30,0.000196
2025-04-25 04:45,0.001061
2025-04-25 05:00,0.0
2025-04-25 05:15,0.006562
2025-04-25 05:30,0.000319
2025-04-25 05:45,0.00016
2025-04-25 06:00,0.002832
2025-04-25 06:15,0.0
2025-04-25 06:30,0.00016
2025-04-25 06:45,0.0
2025-04-25 07:00,0.0
2025-04-25 07:15,0.0
2025-04-25 07:30,0.000638
2025-04-25 07:45,0.00867
2025-04-25 08:00,0.0
2025-04-25 08:15,0.0
2025-04-25 08:30,0.0
2025-04-25 08:45,0.008174
2025-04-25 09:00,0.0
2025-04-25 09:15,0.026247
2025-04-25 09:30,0.0
2025-04-25 09:45,0.0
2025-04-25 10:00,0.0
2025-04-25 10:15,0.000638
2025-04-25 10:30,0.00016
2025-04-25 10:45,0.0
2025-04-25 11:00,0.0
2025-04-25 11:15,0.010778
2025-04-25 11:30,0.0
2025-04-25 11:45,0.005096
2025-04-25 12:00,0.0
2025-04-25 12:15,0.00016
2025-04-25 12:30,0.0
2025-04-25 12:45,0.002695
2025-04-25 13:00,0.0
2025-04-25 13:15,0.003281
2025-04-25 13:30,0.014014
2025-04-25 13:45,0.037932
2025-04-25 14:00,0.053371
2025-04-25 14:15,0.02233
2025-04-25 14:30,0.005975
2025-04-25 14:45,0.064416
2025-04-25 15:00,0.013343
2025-04-25 15:15,0.006146
2025-04-25 15:30,0.039879
2025-04-25 15:45,0.043759
2025-04-25 16:00,0.072066
2025-04-25 16:15,0.010002
2025-04-25 16:30,0.012028
2025-04-25 16:45,0.053037
2025-04-25 17:00,0.068251
2025-04-25 17:15,0.003354
2025-04-25 17:30,0.006736
2025-04-25 17:45,0.0
2025-04-25 18:00,0.0
2025-04-25 18:15,0.000638
2025-04-25 18:30,0.0
2025-04-25 18:45,0.002285
2025-04-25 19:00,0.00344
2025-04-25 19:15,0.002367
2025-04-25 19:30,0.0
2025-04-25 19:45,0.0
2025-04-25 20:00,0.006881
2025-04-25 20:15,0.0
2025-04-25 20:30,0.0
2025-04-25 20:45,0.0
2025-04-25 21:00,0.0
2025-04-25 21:15,0.0
2025-04-25 21:30,0.000638
2025-04-25 21:45,0.003281
2025-04-25 22:00,0.003018
2025-04-25 22:15,0.010575
2025-04-25 22:30,0.0
2025-04-25 22:45,0.000629
2025-04-25 23:00,0.013123
2025-04-25 23:15,0.005898
2025-04-25 23:30,0.00016
2025-04-25 23:45,0.0
2025-04-26 00:00,0.003281
2025-04-26 00:15,0.003281
2025-04-26 00:30,0.049279
2025-04-26 00:45,0.055548
2025-04-26 01:00,0.003203
2025-04-26 01:15,0.0
2025-04-26 01:30,0.043694
2025-04-26 01:45,0.0
2025-04-26 02:00,0.000226
2025-04-26 02:15,0.004272
2025-04-26 02:30,0.0
2025-04-26 02:45,0.0
2025-04-26 03:00,0.000295
2025-04-26 03:15,0.009733
2025-04-26 03:30,0.077641
2025-04-26 03:45,0.009187
2025-04-26 04:00,0.062925
2025-04-26 04:15,0.084088
2025-04-26 04:30,0.210552
2025-04-26 04:45,0.129169
2025-04-26 05:00,0.046747
2025-04-26 05:15,0.00673
2025-04-26 05:30,0.008898
2025-04-26 05:45,0.003281
2025-04-26 06:00,0.014085
2025-04-26 06:15,0.035723
2025-04-26 06:30,0.003152
2025-04-26 06:45,0.000638
2025-04-26 07:00,0.029103
2025-04-26 07:15,0.036814
2025-04-26 07:30,0.000196
2025-04-26 07:45,0.0
2025-04-26 08:00,0.0
2025-04-26 08:15,0.009286
2025-04-26 08:30,0.000785
2025-04-26 08:45,0.0
2025-04-26 09:00,0.0
2025-04-26 09:15,0.015818
2025-04-26 09:30,0.003317
2025-04-26 09:45,0.021088
2025-04-26 10:00,0.000293
2025-04-26 10:15,0.044218
2025-04-26 10:30,0.004154
2025-04-26 10:45,0.136375
2025-04-26 11:00,0.086677
2025-04-26 11:15,0.01992
2025-04-26 11:30,0.17593
2025-04-26 11:45,0.299247
2025-04-26 12:00,0.200474
2025-04-26 12:15,0.052614
2025-04-26 12:30,0.0
2025-04-26 12:45,0.151117
2025-04-26 13:00,0.032347
2025-04-26 13:15,0.283312
2025-04-26 13:30,0.006978
2025-04-26 13:45,0.03156
2025-04-26 14:00,0.141887
2025-04-26 14:15,0.331818
2025-04-26 14:30,0.097479
2025-04-26 14:45,0.021084
2025-04-26 15:00,0.043158
2025-04-26 15:15,0.074459
2025-04-26 15:30,0.076761
2025-04-26 15:45,0.036003
2025-04-26 16:00,0.020627
2025-04-26 16:15,0.001274
2025-04-26 16:30,0.004139
2025-04-26 16:45,0.049346
2025-04-26 17:00,0.07857
2025-04-26 17:15,0.041034
2025-04-26 17:30,0.002695
2025-04-26 17:45,0.001619
2025-04-26 18:00,0.066414
2025-04-26 18:15,0.010002
2025-04-26 18:30,0.020164
2025-04-26 18:45,0.001789
2025-04-26 19:00,0.027044
2025-04-26 19:15,0.11811
2025-04-26 19:30,0.0
2025-04-26 19:45,0.000397
2025-04-26 20:00,0.0
2025-04-26 20:15,0.0
2025-04-26 20:30,0.0
2025-04-26 20:45,0.0
2025-04-26 21:00,0.0
2025-04-26 21:15,0.000157
2025-04-26 21:30,0.0
2025-04-26 21:45,0.000231
2025-04-26 22:00,0.000134
2025-04-26 22:15,0.010347
2025-04-26 22:30,0.016404
2025-04-26 22:45,0.052494
2025-04-26 23:00,0.007118
2025-04-26 23:15,0.000798
2025-04-26 23:30,0.045535
2025-04-26 23:45,0.02724
2025-04-27 00:00,0.006006
2025-04-27 00:15,0.013384
2025-04-27 00:30,0.027902
2025-04-27 00:45,0.0
2025-04-27 01:00,0.0
2025-04-27 01:15,0.0
2025-04-27 01:30,0.006497
2025-04-27 01:45,0.013761
2025-04-27 02:00,0.000707
2025-04-27 02:15,0.153575
2025-04-27 02:30,0.377842
2025-04-27 02:45,0.748942
2025-04-27 03:00,1.0
2025-04-27 03:15,0.964851
2025-04-27 03:30,0.809649
2025-04-27 03:45,0.810358
2025-04-27 04:00,0.768616
2025-04-27 04:15,0.765392
2025-04-27 04:30,0.834559
2025-04-27 04:45,0.812487
2025-04-27 05:00,0.747603
2025-04-27 05:15,0.796338
2025-04-27 05:30,0.846413
2025-04-27 05:45,0.773993
2025-04-27 06:00,0.741141
2025-04-27 06:15,0.816137
2025-04-27 06:30,0.698854
2025-04-27 06:45,0.111691
2025-04-27 07:00,0.060933
2025-04-27 07:15,0.047889
2025-04-27 07:30,0.064694
2025-04-27 07:45,0.100055
2025-04-27 08:00,0.010778
2025-04-27 08:15,0.049029
2025-04-27 08:30,0.118384
2025-04-27 08:45,0.114204
2025-04-27 09:00,0.080624
2025-04-27 09:15,0.125892
2025-04-27 09:30,0.175376
2025-04-27 09:45,0.041345
2025-04-27 10:00,0.010778
2025-04-27 10:15,0.052653
2025-04-27 10:30,0.084207
2025-04-27 10:45,0.079846
2025-04-27 11:00,0.021142
2025-04-27 11:15,0.004145
2025-04-27 11:30,0.028941
2025-04-27 11:45,0.01803
2025-04-27 12:00,0.013468
2025-04-27 12:15,0.008101
2025-04-27 12:30,0.020909
2025-04-27 12:45,0.060594
2025-04-27 13:00,0.023869
2025-04-27 13:15,0.105884
2025-04-27 13:30,0.022149
2025-04-27 13:45,0.02446
2025-04-27 14:00,0.043565
2025-04-27 14:15,0.14963
2025-04-27 14:30,0.003938
2025-04-27 14:45,0.0223
2025-04-27 15:00,0.036626
2025-04-27 15:15,0.046736
2025-04-27 15:30,0.000177
2025-04-27 15:45,0.0
2025-04-27 16:00,0.006006
2025-04-27 16:15,0.003018
2025-04-27 16:30,0.0
2025-04-27 16:45,0.042944
2025-04-27 17:00,0.029538
2025-04-27 17:15,0.0
2025-04-27 17:30,0.0
2025-04-27 17:45,0.0
2025-04-27 18:00,0.0
2025-04-27 18:15,0.0
2025-04-27 18:30,0.0
2025-04-27 18:45,0.0
2025-04-27 19:00,0.0
2025-04-27 19:15,0.0
2025-04-27 19:30,0.0
2025-04-27 19:45,0.0
2025-04-27 20:00,0.001274
2025-04-27 20:15,0.0
2025-04-27 20:30,0.0
2025-04-27 20:45,0.0
2025-04-27 21:00,0.0
2025-04-27 21:15,0.002552
2025-04-27 21:30,0.00016
2025-04-27 21:45,0.0
2025-04-27 22:00,0.000224
2025-04-27 22:15,0.003496
2025-04-27 22:30,0.014024
2025-04-27 22:45,0.035822
2025-04-27 23:00,0.028075
2025-04-27 23:15,0.038353
2025-04-27 23:30,0.0
2025-04-27 23:45,0.0
2025-04-28 00:00,0.0
2025-04-28 00:15,0.0
2025-04-28 00:30,0.010778
2025-04-28 00:45,0.0
2025-04-28 01:00,0.0
2025-04-28 01:15,0.0
2025-04-28 01:30,0.0
2025-04-28 01:45,0.0
2025-04-28 02:00,0.0
2025-04-28 02:15,0.0
2025-04-28 02:30,0.0
2025-04-28 02:45,0.0
2025-04-28 03:00,0.001002
2025-04-28 03:15,0.003718
2025-04-28 03:30,0.0
2025-04-28 03:45,0.0
2025-04-28 04:00,0.0
2025-04-28 04:15,0.0
2025-04-28 04:30,0.0
2025-04-28 04:45,0.0
2025-04-28 05:00,0.0
2025-04-28 05:15,0.0
2025-04-28 05:30,0.000435
2025-04-28 05:45,0.0
2025-04-28 06:00,0.002695
2025-04-28 06:15,0.002695
2025-04-28 06:30,0.0
2025-04-28 06:45,0.0
2025-04-28 07:00,0.0
2025-04-28 07:15,0.000343
2025-04-28 07:30,0.0
2025-04-28 07:45,0.0
2025-04-28 08:00,0.00016
2025-04-28 08:15,0.0
2025-04-28 08:30,0.0
2025-04-28 08:45,0.0
2025-04-28 09:00,0.0
2025-04-28 09:15,0.000196
2025-04-28 09:30,0.00016
2025-04-28 09:45,0.0
2025-04-28 10:00,0.0
2025-04-28 10:15,0.026561
2025-04-28 10:30,0.042483
2025-04-28 10:45,0.050049
2025-04-28 11:00,0.00066
2025-04-28 11:15,0.0
2025-04-28 11:30,0.003281
2025-04-28 11:45,0.003466
2025-04-28 12:00,0.01418
2025-04-28 12:15,0.003333
2025-04-28 12:30,0.002873
2025-04-28 12:45,0.014184
2025-04-28 13:00,0.029528
2025-04-28 13:15,0.084254
2025-04-28 13:30,0.258079
2025-04-28 13:45,0.191212
2025-04-28 14:00,0.022955
2025-04-28 14:15,0.016393
2025-04-28 14:30,0.0
2025-04-28 14:45,0.015421
2025-04-28 15:00,0.001599
2025-04-28 15:15,0.0
2025-04-28 15:30,0.002938
2025-04-28 15:45,0.005753
2025-04-28 16:00,0.0036
2025-04-28 16:15,0.011308
2025-04-28 16:30,0.000259
2025-04-28 16:45,0.0
2025-04-28 17:00,0.000638
2025-04-28 17:15,0.000267
2025-04-28 17:30,0.0
2025-04-28 17:45,0.0
2025-04-28 18:00,0.0
2025-04-28 18:15,0.0
2025-04-28 18:30,0.0
2025-04-28 18:45,0.008528
2025-04-28 19:00,0.0
2025-04-28 19:15,0.0
2025-04-28 19:30,0.0
2025-04-28 19:45,0.000226
2025-04-28 20:00,0.0
2025-04-28 20:15,0.0
2025-04-28 20:30,0.0
2025-04-28 20:45,0.0
2025-04-28 21:00,0.0
2025-04-28 21:15,0.001108
2025-04-28 21:30,0.012858
2025-04-28 21:45,0.002695
2025-04-28 22:00,0.003281
2025-04-28 22:15,0.0
2025-04-28 22:30,0.030377
2025-04-28 22:45,0.010162
2025-04-28 23:00,0.004009
2025-04-28 23:15,0.014468
2025-04-28 23:30,0.00344
2025-04-28 23:45,0.000211
2025-04-29 00:00,0.0
2025-04-29 00:15,0.0
2025-04-29 00:30,0.0
2025-04-29 00:45,0.003729
2025-04-29 01:00,0.0
2025-04-29 01:15,0.01188
2025-04-29 01:30,0.0
2025-04-29 01:45,0.0
2025-04-29 02:00,0.0
2025-04-29 02:15,0.0
2025-04-29 02:30,0.00016
2025-04-29 02:45,0.013123
2025-04-29 03:00,0.000793
2025-04-29 03:15,0.0
2025-04-29 03:30,0.0
2025-04-29 03:45,0.000157
2025-04-29 04:00,0.0
2025-04-29 04:15,0.0
2025-04-29 04:30,0.0
2025-04-29 04:45,0.0
2025-04-29 05:00,0.0
2025-04-29 05:15,0.0
2025-04-29 05:30,0.0
2025-04-29 05:45,0.01637
2025-04-29 06:00,0.0
2025-04-29 06:15,0.000192
2025-04-29 06:30,0.0
2025-04-29 06:45,0.0
2025-04-29 07:00,0.0
2025-04-29 07:15,0.003281
2025-04-29 07:30,0.000431
2025-04-29 07:45,0.0
2025-04-29 08:00,0.001054
2025-04-29 08:15,0.0
2025-04-29 08:30,0.000504
2025-04-29 08:45,0.000196
2025-04-29 09:00,0.0
2025-04-29 09:15,0.0
2025-04-29 09:30,0.00019
2025-04-29 09:45,0.0
2025-04-29 10:00,0.0
2025-04-29 10:15,0.0
2025-04-29 10:30,0.013123
2025-04-29 10:45,0.0
2025-04-29 11:00,0.084772
2025-04-29 11:15,0.003035
2025-04-29 11:30,0.000349
2025-04-29 11:45,0.000638
2025-04-29 12:00,0.0
2025-04-29 12:15,0.0
2025-04-29 12:30,0.0
2025-04-29 12:45,0.036055
2025-04-29 13:00,0.027682
2025-04-29 13:15,0.221541
2025-04-29 13:30,0.031248
2025-04-29 13:45,0.016723
2025-04-29 14:00,0.025147
2025-04-29 14:15,0.0
2025-04-29 14:30,0.002695
2025-04-29 14:45,0.017422
2025-04-29 15:00,0.016553
2025-04-29 15:15,0.02181
2025-04-29 15:30,0.015219
2025-04-29 15:45,0.0
2025-04-29 16:00,0.00016
2025-04-29 16:15,0.039696
2025-04-29 16:30,0.0
2025-04-29 16:45,0.230138
2025-04-29 17:00,0.107397
2025-04-29 17:15,0.013123
2025-04-29 17:30,0.00016
2025-04-29 17:45,0.0
2025-04-29 18:00,0.0
2025-04-29 18:15,0.00016
2025-04-29 18:30,0.000621
2025-04-29 18:45,0.0
2025-04-29 19:00,0.0
2025-04-29 19:15,0.0
2025-04-29 19:30,0.0
2025-04-29 19:45,0.0
2025-04-29 20:00,0.0
2025-04-29 20:15,0.000233
2025-04-29 20:30,0.003281
2025-04-29 20:45,0.0
2025-04-29 21:00,0.0
2025-04-29 21:15,0.0
2025-04-29 21:30,0.010778
2025-04-29 21:45,0.00016
2025-04-29 22:00,0.001052
2025-04-29 22:15,0.0
2025-04-29 22:30,0.010778
2025-04-29 22:45,0.003833
2025-04-29 23:00,0.016723
2025-04-29 23:15,0.000323
2025-04-29 23:30,0.0
2025-04-29 23:45,0.00016
2025-04-30 00:00,0.0
2025-04-30 00:00,0.0
2025-04-30 00:15,0.0
2025-04-30 00:30,0.0
2025-04-30 00:45,0.0
2025-04-30 01:00,0.000157
2025-04-30 01:15,0.0
2025-04-30 01:30,0.003305
2025-04-30 01:45,0.003239
2025-04-30 02:00,0.0
2025-04-30 02:15,0.0
2025-04-30 02:30,0.001881
2025-04-30 02:45,0.000817
2025-04-30 03:00,0.0
2025-04-30 03:15,0.000157
2025-04-30 03:30,0.016076
2025-04-30 03:45,0.04433
2025-04-30 04:00,0.0
2025-04-30 04:15,0.003112
2025-04-30 04:30,0.0
2025-04-30 04:45,0.000183
2025-04-30 05:00,0.0
2025-04-30 05:15,0.00063
2025-04-30 05:30,0.0
2025-04-30 05:45,0.0
2025-04-30 06:00,0.0
2025-04-30 06:15,0.0
2025-04-30 06:30,0.0
2025-04-30 06:45,0.003397
2025-04-30 07:00,0.0
2025-04-30 07:15,0.0
2025-04-30 07:30,0.0
2025-04-30 07:45,0.0
2025-04-30 08:00,0.0
2025-04-30 08:15,0.00063
2025-04-30 08:30,0.0
2025-04-30 08:45,0.0059
2025-04-30 09:00,0.002792
2025-04-30 09:15,0.000217
2025-04-30 09:30,0.0
2025-04-30 09:45,0.0
2025-04-30 10:00,0.015022
2025-04-30 10:15,0.003239
2025-04-30 10:30,0.003239
2025-04-30 10:45,0.026388
2025-04-30 11:00,0.003239
2025-04-30 11:15,0.052647
2025-04-30 11:30,0.049374
2025-04-30 11:45,0.191132
2025-04-30 12:00,0.000617
2025-04-30 12:15,0.0
2025-04-30 12:30,0.0
2025-04-30 12:45,0.076817
2025-04-30 13:00,0.0
2025-04-30 13:15,0.011157
2025-04-30 13:30,0.003397
2025-04-30 13:45,0.003239
2025-04-30 14:00,0.000211
2025-04-30 14:15,0.001881
2025-04-30 14:30,0.003239
2025-04-30 14:45,0.000164
2025-04-30 15:00,0.005576
2025-04-30 15:15,0.000545
2025-04-30 15:30,0.000404
2025-04-30 15:45,0.0
2025-04-30 16:00,0.0
2025-04-30 16:15,0.000157
2025-04-30 16:30,0.0
2025-04-30 16:45,0.0
2025-04-30 17:00,0.0
2025-04-30 17:15,0.001375
2025-04-30 17:30,0.0
2025-04-30 17:45,0.0
2025-04-30 18:00,0.0
2025-04-30 18:15,0.0
2025-04-30 18:30,0.0
2025-04-30 18:45,0.0
2025-04-30 19:00,0.0
2025-04-30 19:15,0.000157
2025-04-30 19:30,0.001192
2025-04-30 19:45,0.0
2025-04-30 20:00,0.0
2025-04-30 20:15,0.0
2025-04-30 20:30,0.0
2025-04-30 20:45,0.0
2025-04-30 21:00,0.0
2025-04-30 21:15,0.0
2025-04-30 21:30,0.0
2025-04-30 21:45,0.021284
2025-04-30 22:00,0.012958
2025-04-30 22:15,0.000545
2025-04-30 22:30,0.006509
2025-04-30 22:45,0.0
2025-04-30 23:00,0.0
2025-04-30 23:15,0.0
2025-04-30 23:30,0.006479
2025-04-30 23:45,0.0
2025-05-01 00:00,0.000204
2025-05-01 00:15,0.000157
2025-05-01 00:30,0.003239
2025-05-01 00:45,0.003371
2025-05-01 01:00,0.019619
2025-05-01 01:15,0.028009
2025-05-01 01:30,0.000962
2025-05-01 01:45,0.000926
2025-05-01 02:00,0.001669
2025-05-01 02:15,0.000988
2025-05-01 02:30,0.000136
2025-05-01 02:45,0.0
2025-05-01 03:00,0.006432
2025-05-01 03:15,0.023089
2025-05-01 03:30,0.005962
2025-05-01 03:45,0.006351
2025-05-01 04:00,0.003239
2025-05-01 04:15,0.0012
2025-05-01 04:30,0.010995
2025-05-01 04:45,0.0
2025-05-01 05:00,0.0
2025-05-01 05:15,0.0
2025-05-01 05:30,0.011766
2025-05-01 05:45,0.015963
2025-05-01 06:00,0.015963
2025-05-01 06:15,0.025572
2025-05-01 06:30,0.033931
2025-05-01 06:45,0.013462
2025-05-01 07:00,0.026337
2025-05-01 07:15,0.00753
2025-05-01 07:30,0.064788
2025-05-01 07:45,0.052922
2025-05-01 08:00,0.00392
2025-05-01 08:15,0.000396
2025-05-01 08:30,0.00266
2025-05-01 08:45,0.014773
2025-05-01 09:00,0.065443
2025-05-01 09:15,0.09407
2025-05-01 09:30,0.063332
2025-05-01 09:45,0.0
2025-05-01 10:00,0.0
2025-05-01 10:15,0.0
2025-05-01 10:30,0.0
2025-05-01 10:45,0.0
2025-05-01 11:00,0.0
2025-05-01 11:15,0.056877
2025-05-01 11:30,0.003239
2025-05-01 11:45,0.0
2025-05-01 12:00,0.010642
2025-05-01 12:15,0.003239
2025-05-01 12:30,0.0
2025-05-01 12:45,0.0
2025-05-01 13:00,0.0
2025-05-01 13:15,0.02944
2025-05-01 13:30,0.033111
2025-05-01 13:45,0.01283
2025-05-01 14:00,0.027803
2025-05-01 14:15,0.019677
2025-05-01 14:30,0.077145
2025-05-01 14:45,0.003784
2025-05-01 15:00,0.0
2025-05-01 15:15,0.0
2025-05-01 15:30,0.000762
2025-05-01 15:45,0.000732
2025-05-01 16:00,0.006351
2025-05-01 16:15,0.0
2025-05-01 16:30,0.003239
2025-05-01 16:45,0.0
2025-05-01 17:00,0.0
2025-05-01 17:15,0.098669
2025-05-01 17:30,0.021284
2025-05-01 17:45,0.0
2025-05-01 18:00,0.0
2025-05-01 18:15,0.0
2025-05-01 18:30,0.0
2025-05-01 18:45,0.0
2025-05-01 19:00,0.0
2025-05-01 19:15,0.0
2025-05-01 19:30,0.0
2025-05-01 19:45,0.0
2025-05-01 20:00,0.0
2025-05-01 20:15,0.0
2025-05-01 20:30,0.0
2025-05-01 20:45,0.0
2025-05-01 21:00,0.003239
2025-05-01 21:15,0.0
2025-05-01 21:30,0.0
2025-05-01 21:45,0.00063
2025-05-01 22:00,0.0
2025-05-01 22:15,0.0
2025-05-01 22:30,0.010033
2025-05-01 22:45,0.007764
2025-05-01 23:00,0.0
2025-05-01 23:15,0.00027
2025-05-01 23:30,0.0
2025-05-01 23:45,0.0
2025-05-02 00:00,0.003039
2025-05-02 00:15,0.020011
2025-05-02 00:30,0.00266
2025-05-02 00:45,0.0
2025-05-02 01:00,0.0
2025-05-02 01:15,0.003239
2025-05-02 01:30,0.0
2025-05-02 01:45,0.0
2025-05-02 02:00,0.0
2025-05-02 02:15,0.0
2025-05-02 02:30,0.0
2025-05-02 02:45,0.0
2025-05-02 03:00,0.0
2025-05-02 03:15,0.0
2025-05-02 03:30,0.000196
2025-05-02 03:45,0.000396
2025-05-02 04:00,0.0
2025-05-02 04:15,0.0
2025-05-02 04:30,0.01678
2025-05-02 04:45,0.040196
2025-05-02 05:00,0.067797
2025-05-02 05:15,0.007981
2025-05-02 05:30,0.0
2025-05-02 05:45,0.0
2025-05-02 06:00,0.0
2025-05-02 06:15,0.0
2025-05-02 06:30,0.0
2025-05-02 06:45,0.0
2025-05-02 07:00,0.0
2025-05-02 07:15,0.0
2025-05-02 07:30,0.0
2025-05-02 07:45,0.0
2025-05-02 08:00,0.00266
2025-05-02 08:15,0.0
2025-05-02 08:30,0.000179
2025-05-02 08:45,0.0
2025-05-02 09:00,0.0
2025-05-02 09:15,0.0
2025-05-02 09:30,0.0
2025-05-02 09:45,0.0
2025-05-02 10:00,0.0
2025-05-02 10:15,0.0
2025-05-02 10:30,0.000217
2025-05-02 10:45,0.003554
2025-05-02 11:00,0.000157
2025-05-02 11:15,0.003397
2025-05-02 11:30,0.728634
2025-05-02 11:45,0.774952
2025-05-02 12:00,0.856535
2025-05-02 12:15,0.889484
2025-05-02 12:30,0.716164
2025-05-02 12:45,0.735943
2025-05-02 13:00,0.704618
2025-05-02 13:15,0.345672
2025-05-02 13:30,0.016197
2025-05-02 13:45,0.010365
2025-05-02 14:00,0.026073
2025-05-02 14:15,0.003397
2025-05-02 14:30,0.0
2025-05-02 14:45,0.000238
2025-05-02 15:00,0.0
2025-05-02 15:15,0.003239
2025-05-02 15:30,0.0
2025-05-02 15:45,0.013115
2025-05-02 16:00,0.010372
2025-05-02 16:15,0.019594
2025-05-02 16:30,0.055308
2025-05-02 16:45,0.047241
2025-05-02 17:00,0.0
2025-05-02 17:15,0.020462
2025-05-02 17:30,0.004184
2025-05-02 17:45,0.011621
2025-05-02 18:00,0.023936
2025-05-02 18:15,0.019594
2025-05-02 18:30,0.016354
2025-05-02 18:45,0.006479
2025-05-02 19:00,0.016512
2025-05-02 19:15,0.017772
2025-05-02 19:30,0.022833
2025-05-02 19:45,0.038873
2025-05-02 20:00,0.006636
2025-05-02 20:15,0.02623
2025-05-02 20:30,0.000157
2025-05-02 20:45,0.0
2025-05-02 21:00,0.0
2025-05-02 21:15,0.0
2025-05-02 21:30,0.0
2025-05-02 21:45,0.00046
2025-05-02 22:00,0.003239
2025-05-02 22:15,0.0
2025-05-02 22:30,0.0
2025-05-02 22:45,0.007726
2025-05-02 23:00,0.0
2025-05-02 23:15,0.000157
2025-05-02 23:30,0.091544
2025-05-02 23:45,0.012958
2025-05-03 00:00,0.003869
2025-05-03 00:15,0.0
2025-05-03 00:30,0.013758
2025-05-03 00:45,0.0
2025-05-03 01:00,0.0
2025-05-03 01:15,0.0
2025-05-03 01:30,0.0
2025-05-03 01:45,0.003239
2025-05-03 02:00,0.0
2025-05-03 02:15,0.006423
2025-05-03 02:30,0.0
2025-05-03 02:45,0.000157
2025-05-03 03:00,0.00046
2025-05-03 03:15,0.00266
2025-05-03 03:30,0.004048
2025-05-03 03:45,0.0
2025-05-03 04:00,0.0
2025-05-03 04:15,0.001062
2025-05-03 04:30,0.012958
2025-05-03 04:45,0.000379
2025-05-03 05:00,0.0
2025-05-03 05:15,0.0
2025-05-03 05:30,0.0
2025-05-03 05:45,0.0
2025-05-03 06:00,0.0
2025-05-03 06:15,0.026715
2025-05-03 06:30,0.0
2025-05-03 06:45,0.0
2025-05-03 07:00,0.000334
2025-05-03 07:15,0.000157
2025-05-03 07:30,0.000773
2025-05-03 07:45,0.00016
2025-05-03 08:00,0.0
2025-05-03 08:15,0.045224
2025-05-03 08:30,0.021284
2025-05-03 08:45,0.008756
2025-05-03 09:00,0.0
2025-05-03 09:15,0.0
2025-05-03 09:30,0.00036
2025-05-03 09:45,0.049336
2025-05-03 10:00,0.000432
2025-05-03 10:15,0.004114
2025-05-03 10:30,0.337852
2025-05-03 10:45,0.070024
2025-05-03 11:00,0.003239
2025-05-03 11:15,0.06685
2025-05-03 11:30,0.003239
2025-05-03 11:45,0.013811
2025-05-03 12:00,0.039418
2025-05-03 12:15,0.047016
2025-05-03 12:30,0.014839
2025-05-03 12:45,0.03094
2025-05-03 13:00,0.048206
2025-05-03 13:15,0.0
2025-05-03 13:30,0.00266
2025-05-03 13:45,0.077877
2025-05-03 14:00,0.011059
2025-05-03 14:15,0.006655
2025-05-03 14:30,0.00879
2025-05-03 14:45,0.007762
2025-05-03 15:00,0.016512
2025-05-03 15:15,0.001175
2025-05-03 15:30,0.041835
2025-05-03 15:45,0.362305
2025-05-03 16:00,0.274935
2025-05-03 16:15,0.784536
2025-05-03 16:30,0.767356
2025-05-03 16:45,0.792632
2025-05-03 17:00,0.731742
2025-05-03 17:15,0.692137
2025-05-03 17:30,0.703285
2025-05-03 17:45,0.666611
2025-05-03 18:00,0.755311
2025-05-03 18:15,0.737852
2025-05-03 18:30,1.0
2025-05-03 18:45,0.810615
2025-05-03 19:00,0.888448
2025-05-03 19:15,0.783391
2025-05-03 19:30,0.786752
2025-05-03 19:45,0.853291
2025-05-03 20:00,0.087089
2025-05-03 20:15,0.0
2025-05-03 20:30,0.000136
2025-05-03 20:45,0.0
2025-05-03 21:00,0.000157
2025-05-03 21:15,0.0
2025-05-03 21:30,0.000157
2025-05-03 21:45,0.0
2025-05-03 22:00,0.013247
2025-05-03 22:15,0.000157
2025-05-03 22:30,0.0
2025-05-03 22:45,0.0
2025-05-03 23:00,0.0
2025-05-03 23:15,0.00859
2025-05-03 23:30,0.000741
2025-05-03 23:45,0.002975
2025-05-04 00:00,0.029212
2025-05-04 00:15,0.05183
2025-05-04 00:30,0.002567
2025-05-04 00:45,0.013439
2025-05-04 01:00,0.412856
2025-05-04 01:15,0.417477
2025-05-04 01:30,0.450139
2025-05-04 01:45,0.239417
2025-05-04 02:00,0.113542
2025-05-04 02:15,0.0
2025-05-04 02:30,0.066699
2025-05-04 02:45,0.028327
2025-05-04 03:00,0.022633
2025-05-04 03:15,0.022346
2025-05-04 03:30,0.001613
2025-05-04 03:45,0.001273
2025-05-04 04:00,0.0
2025-05-04 04:15,0.0
2025-05-04 04:30,0.000157
2025-05-04 04:45,0.006636
2025-05-04 05:00,0.0
2025-05-04 05:15,0.002861
2025-05-04 05:30,0.162742
2025-05-04 05:45,0.070549
2025-05-04 06:00,0.077068
2025-05-04 06:15,0.038072
2025-05-04 06:30,0.034999
2025-05-04 06:45,0.079222
2025-05-04 07:00,0.00266
2025-05-04 07:15,0.038873
2025-05-04 07:30,0.007109
2025-05-04 07:45,0.02994
2025-05-04 08:00,0.0
2025-05-04 08:15,0.066061
2025-05-04 08:30,0.111552
2025-05-04 08:45,0.077603
2025-05-04 09:00,0.081306
2025-05-04 09:15,0.176715
2025-05-04 09:30,0.171534
2025-05-04 09:45,0.139775
2025-05-04 10:00,0.133321
2025-05-04 10:15,0.190451
2025-05-04 10:30,0.073497
2025-05-04 10:45,0.117316
2025-05-04 11:00,0.073037
2025-05-04 11:15,0.060007
2025-05-04 11:30,0.074576
2025-05-04 11:45,0.124695
2025-05-04 12:00,0.014426
2025-05-04 12:15,0.104559
2025-05-04 12:30,0.095013
2025-05-04 12:45,0.059533
2025-05-04 13:00,0.032219
2025-05-04 13:15,0.040307
2025-05-04 13:30,0.031845
2025-05-04 13:45,0.004425
2025-05-04 14:00,0.003239
2025-05-04 14:15,0.038217
2025-05-04 14:30,0.023293
2025-05-04 14:45,0.006066
2025-05-04 15:00,0.001513
2025-05-04 15:15,0.041618
2025-05-04 15:30,0.023204
2025-05-04 15:45,0.039103
2025-05-04 16:00,0.040571
2025-05-04 16:15,0.048237
2025-05-04 16:30,0.02162
2025-05-04 16:45,0.00626
2025-05-04 17:00,0.01598
2025-05-04 17:15,0.041984
2025-05-04 17:30,0.016197
2025-05-04 17:45,0.023148
2025-05-04 18:00,0.006636
2025-05-04 18:15,0.016827
2025-05-04 18:30,0.032394
2025-05-04 18:45,0.035633
2025-05-04 19:00,0.012958
2025-05-04 19:15,0.019862
2025-05-04 19:30,0.02623
2025-05-04 19:45,0.0
2025-05-04 20:00,0.01128
2025-05-04 20:15,0.0
2025-05-04 20:30,0.005938
2025-05-04 20:45,0.0
2025-05-04 21:00,0.000132
2025-05-04 21:15,0.000385
2025-05-04 21:30,0.003444
2025-05-04 21:45,0.043146
2025-05-04 22:00,0.025915
2025-05-04 22:15,0.016354
2025-05-04 22:30,0.040058
2025-05-04 22:45,0.013094
2025-05-04 23:00,0.000781
2025-05-04 23:15,0.035454
2025-05-04 23:30,0.019085
2025-05-04 23:45,0.021709
2025-05-05 00:00,0.014328
2025-05-05 00:15,0.030487
2025-05-05 00:30,0.014218
2025-05-05 00:45,0.020381
2025-05-05 01:00,0.039054
2025-05-05 01:15,0.007892
2025-05-05 01:30,0.010452
2025-05-05 01:45,0.017706
2025-05-05 02:00,0.052824
2025-05-05 02:15,0.044217
2025-05-05 02:30,0.019905
2025-05-05 02:45,0.003508
2025-05-05 03:00,0.00193
2025-05-05 03:15,0.0
2025-05-05 03:30,0.004014
2025-05-05 03:45,0.01914
2025-05-05 04:00,0.020264
2025-05-05 04:15,0.000223
2025-05-05 04:30,0.000177
2025-05-05 04:45,0.007156
2025-05-05 05:00,0.011148
2025-05-05 05:15,0.010897
2025-05-05 05:30,0.003239
2025-05-05 05:45,0.0
2025-05-05 06:00,0.022169
2025-05-05 06:15,0.054601
2025-05-05 06:30,0.067091
2025-05-05 06:45,0.023599
2025-05-05 07:00,0.028069
2025-05-05 07:15,0.031926
2025-05-05 07:30,0.05455
2025-05-05 07:45,0.014507
2025-05-05 08:00,0.015963
2025-05-05 08:15,0.013115
2025-05-05 08:30,0.0
2025-05-05 08:45,0.0
2025-05-05 09:00,0.0
2025-05-05 09:15,0.0
2025-05-05 09:30,0.0
2025-05-05 09:45,0.02311
2025-05-05 10:00,0.003554
2025-05-05 10:15,0.001417
2025-05-05 10:30,0.032551
2025-05-05 10:45,0.012958
2025-05-05 11:00,0.059671
2025-05-05 11:15,0.010506
2025-05-05 11:30,0.015171
2025-05-05 11:45,0.006266
2025-05-05 12:00,0.0
2025-05-05 12:15,0.003239
2025-05-05 12:30,0.0
2025-05-05 12:45,0.012958
2025-05-05 13:00,0.000221
2025-05-05 13:15,0.000183
2025-05-05 13:30,0.000513
2025-05-05 13:45,0.124365
2025-05-05 14:00,0.002301
2025-05-05 14:15,0.013671
2025-05-05 14:30,0.000315
2025-05-05 14:45,0.0
2025-05-05 15:00,0.022991
2025-05-05 15:15,0.045884
2025-05-05 15:30,0.048657
2025-05-05 15:45,0.035203
2025-05-05 16:00,0.02686
2025-05-05 16:15,0.0
2025-05-05 16:30,0.109092
2025-05-05 16:45,0.094947
2025-05-05 17:00,0.039056
2025-05-05 17:15,0.013115
2025-05-05 17:30,0.037349
2025-05-05 17:45,0.003239
2025-05-05 18:00,0.000417
2025-05-05 18:15,0.005078
2025-05-05 18:30,0.018887
2025-05-05 18:45,0.038613
2025-05-05 19:00,0.009935
2025-05-05 19:15,0.006636
2025-05-05 19:30,0.012779
2025-05-05 19:45,0.003397
2025-05-05 20:00,0.006479
2025-05-05 20:15,0.022893
2025-05-05 20:30,0.0
2025-05-05 20:45,0.024523
2025-05-05 21:00,0.016354
2025-05-05 21:15,0.007181
2025-05-05 21:30,0.00109
2025-05-05 21:45,0.013915
2025-05-05 22:00,0.0
2025-05-05 22:15,0.0
2025-05-05 22:30,0.000315
2025-05-05 22:45,0.0
2025-05-05 23:00,0.0
2025-05-05 23:15,0.000545
2025-05-05 23:30,0.024315
2025-05-05 23:45,0.069572
2025-05-06 00:00,0.050549
2025-05-06 00:15,0.023599
2025-05-06 00:30,0.0
2025-05-06 00:45,0.000223
2025-05-06 01:00,0.0
2025-05-06 01:15,0.0
2025-05-06 01:30,0.0
2025-05-06 01:45,0.005398
2025-05-06 02:00,0.0
2025-05-06 02:15,0.0
2025-05-06 02:30,0.0
2025-05-06 02:45,0.0
2025-05-06 03:00,0.0
2025-05-06 03:15,0.0
2025-05-06 03:30,0.0
2025-05-06 03:45,0.000547
2025-05-06 04:00,0.005585
2025-05-06 04:15,0.003239
2025-05-06 04:30,0.051707
2025-05-06 04:45,0.006636
2025-05-06 05:00,0.0
2025-05-06 05:15,0.0
2025-05-06 05:30,0.0
2025-05-06 05:45,0.0
2025-05-06 06:00,0.03177
2025-05-06 06:15,0.012013
2025-05-06 06:30,0.01532
2025-05-06 06:45,0.003218
2025-05-06 07:00,0.001939
2025-05-06 07:15,0.000136
2025-05-06 07:30,0.0
2025-05-06 07:45,0.00266
2025-05-06 08:00,0.000157
2025-05-06 08:15,0.015509
2025-05-06 08:30,0.015833
2025-05-06 08:45,0.003522
2025-05-06 09:00,0.000334
2025-05-06 09:15,0.0
2025-05-06 09:30,0.0
2025-05-06 09:45,0.0
2025-05-06 10:00,0.0
2025-05-06 10:15,0.0
2025-05-06 10:30,0.0
2025-05-06 10:45,0.0
2025-05-06 11:00,0.0
2025-05-06 11:15,0.0
2025-05-06 11:30,0.000177
2025-05-06 11:45,0.00481
2025-05-06 12:00,0.0
2025-05-06 12:15,0.003893
2025-05-06 12:30,0.000787
2025-05-06 12:45,0.0
2025-05-06 13:00,0.006479
2025-05-06 13:15,0.005478
2025-05-06 13:30,0.01581
2025-05-06 13:45,0.0
2025-05-06 14:00,0.013115
2025-05-06 14:15,0.000298
2025-05-06 14:30,0.019436
2025-05-06 14:45,0.015429
2025-05-06 15:00,0.003239
2025-05-06 15:15,0.016354
2025-05-06 15:30,0.0
2025-05-06 15:45,0.0
2025-05-06 16:00,0.019796
2025-05-06 16:15,0.027179
2025-05-06 16:30,0.017297
2025-05-06 16:45,0.01346
2025-05-06 17:00,0.0
2025-05-06 17:15,0.0
2025-05-06 17:30,0.0
2025-05-06 17:45,0.0
2025-05-06 18:00,0.0
2025-05-06 18:15,0.0
2025-05-06 18:30,0.0
2025-05-06 18:45,0.0
2025-05-06 19:00,0.05246
2025-05-06 19:15,0.0
2025-05-06 19:30,0.006479
2025-05-06 19:45,0.00358
2025-05-06 20:00,0.026073
2025-05-06 20:15,0.003239
2025-05-06 20:30,0.0
2025-05-06 20:45,0.024683
2025-05-06 21:00,0.033005
2025-05-06 21:15,0.019492
2025-05-06 21:30,0.019226
2025-05-06 21:45,0.011468
2025-05-06 22:00,0.000368
2025-05-06 22:15,0.017208
2025-05-06 22:30,0.034241
2025-05-06 22:45,0.013847
2025-05-06 23:00,0.036629
2025-05-06 23:15,0.018745
2025-05-06 23:30,0.0
2025-05-06 23:45,0.04353
2025-05-07 00:00,0.00046
2025-05-07 00:00,0.001791
2025-05-07 00:15,0.05048
2025-05-07 00:30,0.001161
2025-05-07 00:45,0.0
2025-05-07 01:00,0.003516
2025-05-07 01:15,0.026053
2025-05-07 01:30,0.000614
2025-05-07 01:45,0.002546
2025-05-07 02:00,0.020729
2025-05-07 02:15,0.016152
2025-05-07 02:30,0.028407
2025-05-07 02:45,0.065836
2025-05-07 03:00,0.011078
2025-05-07 03:15,0.018889
2025-05-07 03:30,0.055837
2025-05-07 03:45,0.041459
2025-05-07 04:00,0.014461
2025-05-07 04:15,0.02524
2025-05-07 04:30,0.116532
2025-05-07 04:45,0.023839
2025-05-07 05:00,0.155868
2025-05-07 05:15,0.0
2025-05-07 05:30,0.01262
2025-05-07 05:45,0.0
2025-05-07 06:00,0.026799
2025-05-07 06:15,0.024378
2025-05-07 06:30,0.01597
2025-05-07 06:45,0.039659
2025-05-07 07:00,0.164956
2025-05-07 07:15,0.074145
2025-05-07 07:30,0.066765
2025-05-07 07:45,0.011385
2025-05-07 08:00,0.096665
2025-05-07 08:15,0.042163
2025-05-07 08:30,0.041475
2025-05-07 08:45,0.101366
2025-05-07 09:00,0.040853
2025-05-07 09:15,0.01262
2025-05-07 09:30,0.005788
2025-05-07 09:45,0.0
2025-05-07 10:00,0.0
2025-05-07 10:15,0.380425
2025-05-07 10:30,0.065571
2025-05-07 10:45,0.008142
2025-05-07 11:00,0.000614
2025-05-07 11:15,0.019933
2025-05-07 11:30,0.018515
2025-05-07 11:45,0.013234
2025-05-07 12:00,0.010365
2025-05-07 12:15,0.100512
2025-05-07 12:30,0.075107
2025-05-07 12:45,0.016293
2025-05-07 13:00,0.036218
2025-05-07 13:15,0.002454
2025-05-07 13:30,0.345658
2025-05-07 13:45,0.0
2025-05-07 14:00,0.057321
2025-05-07 14:15,0.496965
2025-05-07 14:30,0.809821
2025-05-07 14:45,0.765526
2025-05-07 15:00,0.168156
2025-05-07 15:15,0.409205
2025-05-07 15:30,0.205295
2025-05-07 15:45,0.143712
2025-05-07 16:00,0.171879
2025-05-07 16:15,0.00068
2025-05-07 16:30,0.0
2025-05-07 16:45,0.001144
2025-05-07 17:00,0.05048
2025-05-07 17:15,0.0
2025-05-07 17:30,0.00592
2025-05-07 17:45,0.032321
2025-05-07 18:00,0.002421
2025-05-07 18:15,0.0
2025-05-07 18:30,0.0
2025-05-07 18:45,0.0
2025-05-07 19:00,0.0
2025-05-07 19:15,0.051094
2025-05-07 19:30,0.0
2025-05-07 19:45,0.036782
2025-05-07 20:00,0.095935
2025-05-07 20:15,0.0
2025-05-07 20:30,0.0
2025-05-07 20:45,0.05116
2025-05-07 21:00,0.014195
2025-05-07 21:15,0.07572
2025-05-07 21:30,0.000614
2025-05-07 21:45,0.040314
2025-05-07 22:00,0.038797
2025-05-07 22:15,0.0
2025-05-07 22:30,0.002454
2025-05-07 22:45,0.11358
2025-05-07 23:00,0.054079
2025-05-07 23:15,0.077553
2025-05-07 23:30,0.001459
2025-05-07 23:45,0.0
2025-05-08 00:00,0.010116
2025-05-08 00:15,0.15877
2025-05-08 00:30,0.154848
2025-05-08 00:45,0.0
2025-05-08 01:00,0.0
2025-05-08 01:15,0.025854
2025-05-08 01:30,0.013267
2025-05-08 01:45,0.065588
2025-05-08 02:00,0.037661
2025-05-08 02:15,0.227227
2025-05-08 02:30,0.099915
2025-05-08 02:45,0.012819
2025-05-08 03:00,0.077843
2025-05-08 03:15,0.05257
2025-05-08 03:30,0.035281
2025-05-08 03:45,0.125885
2025-05-08 04:00,0.174102
2025-05-08 04:15,0.091657
2025-05-08 04:30,0.266911
2025-05-08 04:45,0.260352
2025-05-08 05:00,0.293519
2025-05-08 05:15,0.0
2025-05-08 05:30,0.0
2025-05-08 05:45,0.055671
2025-05-08 06:00,0.084907
2025-05-08 06:15,0.01262
2025-05-08 06:30,0.226597
2025-05-08 06:45,0.056732
2025-05-08 07:00,0.0
2025-05-08 07:15,0.022985
2025-05-08 07:30,0.067213
2025-05-08 07:45,0.01262
2025-05-08 08:00,0.010365
2025-05-08 08:15,0.146017
2025-05-08 08:30,0.010365
2025-05-08 08:45,0.068589
2025-05-08 09:00,0.071541
2025-05-08 09:15,0.027728
2025-05-08 09:30,0.0
2025-05-08 09:45,0.0
2025-05-08 10:00,0.0
2025-05-08 10:15,0.016509
2025-05-08 10:30,0.093746
2025-05-08 10:45,0.0
2025-05-08 11:00,0.000614
2025-05-08 11:15,0.022437
2025-05-08 11:30,0.000614
2025-05-08 11:45,0.027081
2025-05-08 12:00,0.01262
2025-05-08 12:15,0.001269
2025-05-08 12:30,0.022006
2025-05-08 12:45,0.027263
2025-05-08 13:00,0.093481
2025-05-08 13:15,0.015174
2025-05-08 13:30,0.01262
2025-05-08 13:45,0.056201
2025-05-08 14:00,0.142336
2025-05-08 14:15,0.078937
2025-05-08 14:30,0.100222
2025-05-08 14:45,0.01262
2025-05-08 15:00,0.027694
2025-05-08 15:15,0.011119
2025-05-08 15:30,0.039576
2025-05-08 15:45,0.025854
2025-05-08 16:00,0.039983
2025-05-08 16:15,0.113414
2025-05-08 16:30,0.029353
2025-05-08 16:45,0.013308
2025-05-08 17:00,0.0
2025-05-08 17:15,0.0
2025-05-08 17:30,0.01262
2025-05-08 17:45,0.05048
2025-05-08 18:00,0.03786
2025-05-08 18:15,0.076334
2025-05-08 18:30,0.000614
2025-05-08 18:45,0.01262
2025-05-08 19:00,0.01262
2025-05-08 19:15,0.13882
2025-05-08 19:30,0.07572
2025-05-08 19:45,0.0631
2025-05-08 20:00,0.05048
2025-05-08 20:15,0.0
2025-05-08 20:30,0.02524
2025-05-08 20:45,0.0
2025-05-08 21:00,0.01262
2025-05-08 21:15,0.015074
2025-05-08 21:30,0.109783
2025-05-08 21:45,0.01199
2025-05-08 22:00,0.053565
2025-05-08 22:15,0.053332
2025-05-08 22:30,0.0
2025-05-08 22:45,0.129616
2025-05-08 23:00,0.0
2025-05-08 23:15,0.051823
2025-05-08 23:30,0.0
2025-05-08 23:45,0.0
2025-05-09 00:00,0.0
2025-05-09 00:15,0.0
2025-05-09 00:30,0.0
2025-05-09 00:45,0.02126
2025-05-09 01:00,0.0
2025-05-09 01:15,0.0
2025-05-09 01:30,0.002454
2025-05-09 01:45,0.05048
2025-05-09 02:00,0.118373
2025-05-09 02:15,0.026567
2025-05-09 02:30,0.009892
2025-05-09 02:45,0.036003
2025-05-09 03:00,0.03786
2025-05-09 03:15,0.015423
2025-05-09 03:30,0.018847
2025-05-09 03:45,0.0697
2025-05-09 04:00,0.0
2025-05-09 04:15,0.043515
2025-05-09 04:30,0.023689
2025-05-09 04:45,0.003798
2025-05-09 05:00,0.000531
2025-05-09 05:15,0.0
2025-05-09 05:30,0.012288
2025-05-09 05:45,0.05048
2025-05-09 06:00,0.0
2025-05-09 06:15,0.041459
2025-05-09 06:30,0.002123
2025-05-09 06:45,0.0
2025-05-09 07:00,0.0
2025-05-09 07:15,0.0
2025-05-09 07:30,0.003018
2025-05-09 07:45,0.023217
2025-05-09 08:00,0.0
2025-05-09 08:15,0.0
2025-05-09 08:30,0.0
2025-05-09 08:45,0.019204
2025-05-09 09:00,0.0
2025-05-09 09:15,0.0
2025-05-09 09:30,0.01262
2025-05-09 09:45,0.0631
2025-05-09 10:00,0.115703
2025-05-09 10:15,0.0
2025-05-09 10:30,0.001169
2025-05-09 10:45,0.0
2025-05-09 11:00,0.0
2025-05-09 11:15,0.0
2025-05-09 11:30,0.000605
2025-05-09 11:45,0.000614
2025-05-09 12:00,0.012852
2025-05-09 12:15,0.0
2025-05-09 12:30,0.0
2025-05-09 12:45,0.01262
2025-05-09 13:00,0.003317
2025-05-09 13:15,0.0
2025-05-09 13:30,0.00403
2025-05-09 13:45,0.009652
2025-05-09 14:00,0.00272
2025-05-09 14:15,0.048789
2025-05-09 14:30,0.079592
2025-05-09 14:45,0.023681
2025-05-09 15:00,0.026641
2025-05-09 15:15,0.003267
2025-05-09 15:30,0.016103
2025-05-09 15:45,0.0
2025-05-09 16:00,0.0
2025-05-09 16:15,0.020729
2025-05-09 16:30,0.0
2025-05-09 16:45,0.0
2025-05-09 17:00,0.076947
2025-05-09 17:15,0.020729
2025-05-09 17:30,0.051641
2025-05-09 17:45,0.0
2025-05-09 18:00,0.021957
2025-05-09 18:15,0.0
2025-05-09 18:30,0.0
2025-05-09 18:45,0.0
2025-05-09 19:00,0.0
2025-05-09 19:15,0.00097
2025-05-09 19:30,0.001169
2025-05-09 19:45,0.00165
2025-05-09 20:00,0.00165
2025-05-09 20:15,0.0
2025-05-09 20:30,0.0
2025-05-09 20:45,0.000614
2025-05-09 21:00,0.005539
2025-05-09 21:15,0.001227
2025-05-09 21:30,0.010365
2025-05-09 21:45,0.002056
2025-05-09 22:00,0.004577
2025-05-09 22:15,0.042503
2025-05-09 22:30,0.0
2025-05-09 22:45,0.0
2025-05-09 23:00,0.0
2025-05-09 23:15,0.049021
2025-05-09 23:30,0.010365
2025-05-09 23:45,0.041459
2025-05-10 00:00,0.149235
2025-05-10 00:15,0.04281
2025-05-10 00:30,0.293793
2025-05-10 00:45,0.0
2025-05-10 01:00,0.0
2025-05-10 01:15,0.016484
2025-05-10 01:30,0.0
2025-05-10 01:45,0.0
2025-05-10 02:00,0.013267
2025-05-10 02:15,0.0
2025-05-10 02:30,0.002454
2025-05-10 02:45,0.0
2025-05-10 03:00,0.04849
2025-05-10 03:15,0.0
2025-05-10 03:30,0.0
2025-05-10 03:45,0.0
2025-05-10 04:00,0.01262
2025-05-10 04:15,0.01262
2025-05-10 04:30,0.156266
2025-05-10 04:45,0.084874
2025-05-10 05:00,0.244623
2025-05-10 05:15,0.19935
2025-05-10 05:30,0.254664
2025-05-10 05:45,0.216481
2025-05-10 06:00,0.002454
2025-05-10 06:15,0.033349
2025-05-10 06:30,0.318204
2025-05-10 06:45,0.151225
2025-05-10 07:00,0.510531
2025-05-10 07:15,0.020729
2025-05-10 07:30,0.0
2025-05-10 07:45,0.01262
2025-05-10 08:00,0.0
2025-05-10 08:15,0.002819
2025-05-10 08:30,0.062603
2025-05-10 08:45,0.0
2025-05-10 09:00,0.0
2025-05-10 09:15,0.158538
2025-05-10 09:30,0.099625
2025-05-10 09:45,0.100985
2025-05-10 10:00,0.047951
2025-05-10 10:15,0.058225
2025-05-10 10:30,0.044543
2025-05-10 10:45,0.071209
2025-05-10 11:00,0.004395
2025-05-10 11:15,0.167236
2025-05-10 11:30,0.212418
2025-05-10 11:45,0.0
2025-05-10 12:00,0.009295
2025-05-10 12:15,0.101391
2025-05-10 12:30,0.023184
2025-05-10 12:45,0.240925
2025-05-10 13:00,0.119973
2025-05-10 13:15,0.077561
2025-05-10 13:30,0.039087
2025-05-10 13:45,0.133895
2025-05-10 14:00,0.078962
2025-05-10 14:15,0.210262
2025-05-10 14:30,0.136482
2025-05-10 14:45,0.203711
2025-05-10 15:00,0.387481
2025-05-10 15:15,0.438815
2025-05-10 15:30,0.092071
2025-05-10 15:45,0.094012
2025-05-10 16:00,0.143729
2025-05-10 16:15,0.0
2025-05-10 16:30,0.001169
2025-05-10 16:45,0.036666
2025-05-10 17:00,0.039087
2025-05-10 17:15,0.020729
2025-05-10 17:30,0.086201
2025-05-10 17:45,0.0
2025-05-10 18:00,0.054576
2025-05-10 18:15,0.0049
2025-05-10 18:30,0.019817
2025-05-10 18:45,0.113481
2025-05-10 19:00,0.095537
2025-05-10 19:15,0.06378
2025-05-10 19:30,0.041459
2025-05-10 19:45,0.355085
2025-05-10 20:00,1.0
2025-05-10 20:15,0.166979
2025-05-10 20:30,0.006169
2025-05-10 20:45,0.0
2025-05-10 21:00,0.0
2025-05-10 21:15,0.000614
2025-05-10 21:30,0.04849
2025-05-10 21:45,0.0
2025-05-10 22:00,0.116035
2025-05-10 22:15,0.007363
2025-05-10 22:30,0.175843
2025-05-10 22:45,0.168107
2025-05-10 23:00,0.026467
2025-05-10 23:15,0.0
2025-05-10 23:30,0.010365
2025-05-10 23:45,0.003151
2025-05-11 00:00,0.070397
2025-05-11 00:15,0.083033
2025-05-11 00:30,0.070662
2025-05-11 00:45,0.046367
2025-05-11 01:00,0.364737
2025-05-11 01:15,0.177543
2025-05-11 01:30,0.32696
2025-05-11 01:45,0.18071
2025-05-11 02:00,0.368899
2025-05-11 02:15,0.125155
2025-05-11 02:30,0.068722
2025-05-11 02:45,0.009552
2025-05-11 03:00,0.002454
2025-05-11 03:15,0.002454
2025-05-11 03:30,0.018159
2025-05-11 03:45,0.056185
2025-05-11 04:00,0.079402
2025-05-11 04:15,0.001551
2025-05-11 04:30,0.136897
2025-05-11 04:45,0.140661
2025-05-11 05:00,0.165287
2025-05-11 05:15,0.073465
2025-05-11 05:30,0.313113
2025-05-11 05:45,0.081193
2025-05-11 06:00,0.009527
2025-05-11 06:15,0.103415
2025-05-11 06:30,0.0
2025-05-11 06:45,0.010978
2025-05-11 07:00,0.010365
2025-05-11 07:15,0.0
2025-05-11 07:30,0.0
2025-05-11 07:45,0.0
2025-05-11 08:00,0.057395
2025-05-11 08:15,0.138571
2025-05-11 08:30,0.051823
2025-05-11 08:45,0.075239
2025-05-11 09:00,0.041459
2025-05-11 09:15,0.312864
2025-05-11 09:30,0.25813
2025-05-11 09:45,0.045041
2025-05-11 10:00,0.138746
2025-05-11 10:15,0.024286
2025-05-11 10:30,0.20367
2025-05-11 10:45,0.121093
2025-05-11 11:00,0.02524
2025-05-11 11:15,0.142087
2025-05-11 11:30,0.12766
2025-05-11 11:45,0.287649
2025-05-11 12:00,0.309771
2025-05-11 12:15,0.184848
2025-05-11 12:30,0.461734
2025-05-11 12:45,0.535124
2025-05-11 13:00,0.042479
2025-05-11 13:15,0.062967
2025-05-11 13:30,0.420971
2025-05-11 13:45,0.179375
2025-05-11 14:00,0.429578
2025-05-11 14:15,0.08645
2025-05-11 14:30,0.108182
2025-05-11 14:45,0.163977
2025-05-11 15:00,0.375616
2025-05-11 15:15,0.339688
2025-05-11 15:30,0.786363
2025-05-11 15:45,0.13125
2025-05-11 16:00,0.152717
2025-05-11 16:15,0.104567
2025-05-11 16:30,0.0
2025-05-11 16:45,0.041459
2025-05-11 17:00,0.0
2025-05-11 17:15,0.0
2025-05-11 17:30,0.0
2025-05-11 17:45,0.000614
2025-05-11 18:00,0.0
2025-05-11 18:15,0.0
2025-05-11 18:30,0.0
2025-05-11 18:45,0.0
2025-05-11 19:00,0.0
2025-05-11 19:15,0.0
2025-05-11 19:30,0.0
2025-05-11 19:45,0.0
2025-05-11 20:00,0.0
2025-05-11 20:15,0.011608
2025-05-11 20:30,0.0
2025-05-11 20:45,0.0
2025-05-11 21:00,0.0
2025-05-11 21:15,0.0
2025-05-11 21:30,0.0
2025-05-11 21:45,0.03786
2025-05-11 22:00,0.24779
2025-05-11 22:15,0.665039
2025-05-11 22:30,0.149881
2025-05-11 22:45,0.004096
2025-05-11 23:00,0.0
2025-05-11 23:15,0.08965
2025-05-11 23:30,0.0
2025-05-11 23:45,0.210171
2025-05-12 00:00,0.385085
2025-05-12 00:15,0.259772
2025-05-12 00:30,0.128812
2025-05-12 00:45,0.171871
2025-05-12 01:00,0.237044
2025-05-12 01:15,0.224573
2025-05-12 01:30,0.383708
2025-05-12 01:45,0.336014
2025-05-12 02:00,0.001227
2025-05-12 02:15,0.002272
2025-05-12 02:30,0.0
2025-05-12 02:45,0.0
2025-05-12 03:00,0.01262
2025-05-12 03:15,0.002852
2025-05-12 03:30,0.0
2025-05-12 03:45,0.080073
2025-05-12 04:00,0.0
2025-05-12 04:15,0.002454
2025-05-12 04:30,0.025439
2025-05-12 04:45,0.0
2025-05-12 05:00,0.01262
2025-05-12 05:15,0.0
2025-05-12 05:30,0.0
2025-05-12 05:45,0.0
2025-05-12 06:00,0.0
2025-05-12 06:15,0.054725
2025-05-12 06:30,0.0
2025-05-12 06:45,0.0
2025-05-12 07:00,0.012819
2025-05-12 07:15,0.000614
2025-05-12 07:30,0.211033
2025-05-12 07:45,0.149301
2025-05-12 08:00,0.0
2025-05-12 08:15,0.0
2025-05-12 08:30,0.0
2025-05-12 08:45,0.0
2025-05-12 09:00,0.0
2025-05-12 09:15,0.0
2025-05-12 09:30,0.011144
2025-05-12 09:45,0.000813
2025-05-12 10:00,0.077561
2025-05-12 10:15,0.010365
2025-05-12 10:30,0.121374
2025-05-12 10:45,0.519651
2025-05-12 11:00,0.049949
2025-05-12 11:15,0.032628
2025-05-12 11:30,0.014046
2025-05-12 11:45,0.029651
2025-05-12 12:00,0.010779
2025-05-12 12:15,0.0
2025-05-12 12:30,0.214557
2025-05-12 12:45,0.261372
2025-05-12 13:00,0.190262
2025-05-12 13:15,0.231066
2025-05-12 13:30,0.207716
2025-05-12 13:45,0.242898
2025-05-12 14:00,0.548639
2025-05-12 14:15,0.294315
2025-05-12 14:30,0.502264
2025-05-12 14:45,0.304497
2025-05-12 15:00,0.51369
2025-05-12 15:15,0.115637
2025-05-12 15:30,0.170387
2025-05-12 15:45,0.000614
2025-05-12 16:00,0.006418
2025-05-12 16:15,0.046989
2025-05-12 16:30,0.064593
2025-05-12 16:45,0.052934
2025-05-12 17:00,0.0
2025-05-12 17:15,0.0
2025-05-12 17:30,0.0
2025-05-12 17:45,0.0
2025-05-12 18:00,0.0
2025-05-12 18:15,0.000614
2025-05-12 18:30,0.0
2025-05-12 18:45,0.0
2025-05-12 19:00,0.0
2025-05-12 19:15,0.0
2025-05-12 19:30,0.0
2025-05-12 19:45,0.00325
2025-05-12 20:00,0.0
2025-05-12 20:15,0.0
2025-05-12 20:30,0.0
2025-05-12 20:45,0.000647
2025-05-12 21:00,0.0
2025-05-12 21:15,0.0
2025-05-12 21:30,0.0
2025-05-12 21:45,0.0
2025-05-12 22:00,0.104642
2025-05-12 22:15,0.219449
2025-05-12 22:30,0.134376
2025-05-12 22:45,0.167767
2025-05-12 23:00,0.092851
2025-05-12 23:15,0.150595
2025-05-12 23:30,0.221008
2025-05-12 23:45,0.0
2025-05-13 00:00,0.00068
2025-05-13 00:15,0.0
2025-05-13 00:30,0.0
2025-05-13 00:45,0.003424
2025-05-13 01:00,0.003101
2025-05-13 01:15,0.0
2025-05-13 01:30,0.0
2025-05-13 01:45,0.0
2025-05-13 02:00,0.0
2025-05-13 02:15,0.0
2025-05-13 02:30,0.0
2025-05-13 02:45,0.022786
2025-05-13 03:00,0.0
2025-05-13 03:15,0.0
2025-05-13 03:30,0.0
2025-05-13 03:45,0.0
2025-05-13 04:00,0.0
2025-05-13 04:15,0.010365
2025-05-13 04:30,0.0
2025-05-13 04:45,0.003151
2025-05-13 05:00,0.055065
2025-05-13 05:15,0.092022
2025-05-13 05:30,0.218222
2025-05-13 05:45,0.216381
2025-05-13 06:00,0.157244
2025-05-13 06:15,0.074692
2025-05-13 06:30,0.139683
2025-05-13 06:45,0.108348
2025-05-13 07:00,0.280758
2025-05-13 07:15,0.144989
2025-05-13 07:30,0.138837
2025-05-13 07:45,0.027927
2025-05-13 08:00,0.072362
2025-05-13 08:15,0.15144
2025-05-13 08:30,0.0
2025-05-13 08:45,0.013234
2025-05-13 09:00,0.009784
2025-05-13 09:15,0.0
2025-05-13 09:30,0.0
2025-05-13 09:45,0.0
2025-05-13 10:00,0.0
2025-05-13 10:15,0.000846
2025-05-13 10:30,0.0
2025-05-13 10:45,0.0631
2025-05-13 11:00,0.000614
2025-05-13 11:15,0.103216
2025-05-13 11:30,0.05048
2025-05-13 11:45,0.0
2025-05-13 12:00,0.000904
2025-05-13 12:15,0.020572
2025-05-13 12:30,0.0
2025-05-13 12:45,0.019817
2025-05-13 13:00,0.038474
2025-05-13 13:15,0.035605
2025-05-13 13:30,0.015904
2025-05-13 13:45,0.092254
2025-05-13 14:00,0.009303
2025-05-13 14:15,0.013914
2025-05-13 14:30,0.002496
2025-05-13 14:45,0.0
2025-05-13 15:00,0.001866
2025-05-13 15:15,0.003839
2025-05-13 15:30,0.15474
2025-05-13 15:45,0.064443
2025-05-13 16:00,0.00335
2025-05-13 16:15,0.010365
2025-05-13 16:30,0.0
2025-05-13 16:45,0.0631
2025-05-13 17:00,0.098406
2025-05-13 17:15,0.362092
2025-05-13 17:30,0.318701
2025-05-13 17:45,0.141474
2025-05-13 18:00,0.120205
2025-05-13 18:15,0.05048
2025-05-13 18:30,0.103415
2025-05-13 18:45,0.177907
2025-05-13 19:00,0.002454
2025-05-13 19:15,0.315501
2025-05-13 19:30,0.066583
2025-05-13 19:45,0.0
2025-05-13 20:00,0.0
2025-05-13 20:15,0.0
2025-05-13 20:30,0.0
2025-05-13 20:45,0.0
2025-05-13 21:00,0.0
2025-05-13 21:15,0.0
2025-05-13 21:30,0.0
2025-05-13 21:45,0.0
2025-05-13 22:00,0.0
2025-05-13 22:15,0.000788
2025-05-13 22:30,0.039701
2025-05-13 22:45,0.164674
2025-05-13 23:00,0.243661
2025-05-13 23:15,0.013234
2025-05-13 23:30,0.0
2025-05-13 23:45,0.041459
2025-05-14 00:00,0.126034
2025-05-14 00:00,0.045321
2025-05-14 00:15,0.000593
2025-05-14 00:30,0.0
2025-05-14 00:45,0.0
2025-05-14 01:00,0.0
2025-05-14 01:15,0.0
2025-05-14 01:30,0.0
2025-05-14 01:45,0.0
2025-05-14 02:00,0.0
2025-05-14 02:15,0.0
2025-05-14 02:30,0.0
2025-05-14 02:45,0.0
2025-05-14 03:00,0.0
2025-05-14 03:15,0.0
2025-05-14 03:30,0.0
2025-05-14 03:45,0.0
2025-05-14 04:00,0.0
2025-05-14 04:15,0.015296
2025-05-14 04:30,0.001109
2025-05-14 04:45,0.013614
2025-05-14 05:00,0.063754
2025-05-14 05:15,0.062138
2025-05-14 05:30,0.099546
2025-05-14 05:45,0.093231
2025-05-14 06:00,0.110793
2025-05-14 06:15,0.152548
2025-05-14 06:30,0.0
2025-05-14 06:45,0.00167
2025-05-14 07:00,0.013435
2025-05-14 07:15,0.0
2025-05-14 07:30,0.0
2025-05-14 07:45,0.0
2025-05-14 08:00,0.0
2025-05-14 08:15,0.000883
2025-05-14 08:30,0.0
2025-05-14 08:45,0.0
2025-05-14 09:00,0.0
2025-05-14 09:15,0.0
2025-05-14 09:30,0.006834
2025-05-14 09:45,0.0
2025-05-14 10:00,0.0
2025-05-14 10:15,0.0
2025-05-14 10:30,0.0
2025-05-14 10:45,0.000221
2025-05-14 11:00,0.114681
2025-05-14 11:15,0.037271
2025-05-14 11:30,0.000185
2025-05-14 11:45,0.000221
2025-05-14 12:00,0.0
2025-05-14 12:15,0.004538
2025-05-14 12:30,0.009076
2025-05-14 12:45,0.0
2025-05-14 13:00,0.017991
2025-05-14 13:15,0.069559
2025-05-14 13:30,0.114806
2025-05-14 13:45,0.050551
2025-05-14 14:00,0.028111
2025-05-14 14:15,0.051994
2025-05-14 14:30,0.087715
2025-05-14 14:45,0.041284
2025-05-14 15:00,0.019035
2025-05-14 15:15,0.001187
2025-05-14 15:30,0.001795
2025-05-14 15:45,0.007454
2025-05-14 16:00,0.049442
2025-05-14 16:15,0.091168
2025-05-14 16:30,0.023674
2025-05-14 16:45,0.051994
2025-05-14 17:00,0.094781
2025-05-14 17:15,0.008742
2025-05-14 17:30,0.009076
2025-05-14 17:45,0.018152
2025-05-14 18:00,0.009518
2025-05-14 18:15,0.009076
2025-05-14 18:30,0.052406
2025-05-14 18:45,0.129041
2025-05-14 19:00,0.118432
2025-05-14 19:15,0.0
2025-05-14 19:30,0.0
2025-05-14 19:45,0.0
2025-05-14 20:00,0.0
2025-05-14 20:15,0.000835
2025-05-14 20:30,0.0
2025-05-14 20:45,0.0
2025-05-14 21:00,0.0
2025-05-14 21:15,0.0
2025-05-14 21:30,0.000489
2025-05-14 21:45,0.009076
2025-05-14 22:00,0.0
2025-05-14 22:15,0.0
2025-05-14 22:30,0.036818
2025-05-14 22:45,0.054457
2025-05-14 23:00,0.009166
2025-05-14 23:15,0.047057
2025-05-14 23:30,0.051786
2025-05-14 23:45,0.007454
2025-05-15 00:00,0.076879
2025-05-15 00:15,0.0
2025-05-15 00:30,0.0
2025-05-15 00:45,0.0
2025-05-15 01:00,0.0
2025-05-15 01:15,0.036305
2025-05-15 01:30,0.0
2025-05-15 01:45,0.0
2025-05-15 02:00,0.0
2025-05-15 02:15,0.0
2025-05-15 02:30,0.009518
2025-05-15 02:45,0.031021
2025-05-15 03:00,0.100465
2025-05-15 03:15,0.004252
2025-05-15 03:30,0.000441
2025-05-15 03:45,0.011873
2025-05-15 04:00,0.007454
2025-05-15 04:15,0.0
2025-05-15 04:30,0.0
2025-05-15 04:45,0.0
2025-05-15 05:00,0.003184
2025-05-15 05:15,0.000441
2025-05-15 05:30,0.0
2025-05-15 05:45,0.0
2025-05-15 06:00,0.052126
2025-05-15 06:15,0.018152
2025-05-15 06:30,0.054863
2025-05-15 06:45,0.000435
2025-05-15 07:00,0.014908
2025-05-15 07:15,0.0
2025-05-15 07:30,0.009518
2025-05-15 07:45,0.037712
2025-05-15 08:00,0.000489
2025-05-15 08:15,0.0
2025-05-15 08:30,0.0
2025-05-15 08:45,0.000382
2025-05-15 09:00,0.0
2025-05-15 09:15,0.0
2025-05-15 09:30,0.001437
2025-05-15 09:45,0.0
2025-05-15 10:00,0.0
2025-05-15 10:15,0.007872
2025-05-15 10:30,0.033091
2025-05-15 10:45,0.023132
2025-05-15 11:00,0.078406
2025-05-15 11:15,0.009076
2025-05-15 11:30,0.077589
2025-05-15 11:45,0.03807
2025-05-15 12:00,0.078385
2025-05-15 12:15,0.102826
2025-05-15 12:30,0.033532
2025-05-15 12:45,0.049919
2025-05-15 13:00,0.028553
2025-05-15 13:15,0.069026
2025-05-15 13:30,0.074888
2025-05-15 13:45,0.002034
2025-05-15 14:00,0.028183
2025-05-15 14:15,0.078442
2025-05-15 14:30,0.124634
2025-05-15 14:45,0.046559
2025-05-15 15:00,0.182192
2025-05-15 15:15,0.056735
2025-05-15 15:30,0.068084
2025-05-15 15:45,0.064845
2025-05-15 16:00,0.000441
2025-05-15 16:15,0.0
2025-05-15 16:30,0.018087
2025-05-15 16:45,0.024849
2025-05-15 17:00,0.0
2025-05-15 17:15,0.0
2025-05-15 17:30,0.0
2025-05-15 17:45,0.0
2025-05-15 18:00,0.0
2025-05-15 18:15,0.0
2025-05-15 18:30,0.0
2025-05-15 18:45,0.009076
2025-05-15 19:00,0.0
2025-05-15 19:15,0.000411
2025-05-15 19:30,0.005767
2025-05-15 19:45,0.0
2025-05-15 20:00,0.0
2025-05-15 20:15,0.0
2025-05-15 20:30,0.000221
2025-05-15 20:45,0.0
2025-05-15 21:00,0.0
2025-05-15 21:15,0.000271
2025-05-15 21:30,0.000221
2025-05-15 21:45,0.007791
2025-05-15 22:00,0.000292
2025-05-15 22:15,0.038046
2025-05-15 22:30,0.002359
2025-05-15 22:45,0.008265
2025-05-15 23:00,0.044579
2025-05-15 23:15,0.028108
2025-05-15 23:30,0.02609
2025-05-15 23:45,0.000644
2025-05-16 00:00,0.0
2025-05-16 00:15,0.0
2025-05-16 00:30,0.000549
2025-05-16 00:45,0.000561
2025-05-16 01:00,0.03154
2025-05-16 01:15,0.000462
2025-05-16 01:30,0.0
2025-05-16 01:45,0.000477
2025-05-16 02:00,0.013614
2025-05-16 02:15,0.000441
2025-05-16 02:30,0.012779
2025-05-16 02:45,0.0
2025-05-16 03:00,0.0
2025-05-16 03:15,0.0
2025-05-16 03:30,0.004723
2025-05-16 03:45,0.0
2025-05-16 04:00,0.002496
2025-05-16 04:15,0.0
2025-05-16 04:30,0.0
2025-05-16 04:45,0.005811
2025-05-16 05:00,0.000221
2025-05-16 05:15,0.0
2025-05-16 05:30,0.0
2025-05-16 05:45,0.0
2025-05-16 06:00,0.0
2025-05-16 06:15,0.0
2025-05-16 06:30,0.0
2025-05-16 06:45,0.00079
2025-05-16 07:00,0.002821
2025-05-16 07:15,0.004085
2025-05-16 07:30,0.000489
2025-05-16 07:45,0.005629
2025-05-16 08:00,0.000191
2025-05-16 08:15,0.0
2025-05-16 08:30,0.0
2025-05-16 08:45,0.003727
2025-05-16 09:00,0.0
2025-05-16 09:15,0.0
2025-05-16 09:30,0.0
2025-05-16 09:45,0.0
2025-05-16 10:00,0.0
2025-05-16 10:15,0.0
2025-05-16 10:30,0.000221
2025-05-16 10:45,0.007454
2025-05-16 11:00,0.014324
2025-05-16 11:15,0.010409
2025-05-16 11:30,0.138314
2025-05-16 11:45,1.0
2025-05-16 12:00,0.618074
2025-05-16 12:15,0.0
2025-05-16 12:30,0.0
2025-05-16 12:45,0.004538
2025-05-16 13:00,0.004759
2025-05-16 13:15,0.004538
2025-05-16 13:30,0.051136
2025-05-16 13:45,0.054696
2025-05-16 14:00,0.067759
2025-05-16 14:15,0.058202
2025-05-16 14:30,0.041693
2025-05-16 14:45,0.018677
2025-05-16 15:00,0.002889
2025-05-16 15:15,0.0
2025-05-16 15:30,0.045718
2025-05-16 15:45,0.054228
2025-05-16 16:00,0.009076
2025-05-16 16:15,0.001348
2025-05-16 16:30,0.016805
2025-05-16 16:45,0.018588
2025-05-16 17:00,0.130287
2025-05-16 17:15,0.233704
2025-05-16 17:30,0.099481
2025-05-16 17:45,0.041222
2025-05-16 18:00,0.026415
2025-05-16 18:15,0.040745
2025-05-16 18:30,0.050945
2025-05-16 18:45,0.032441
2025-05-16 19:00,0.021832
2025-05-16 19:15,0.000441
2025-05-16 19:30,0.0
2025-05-16 19:45,0.0
2025-05-16 20:00,0.0
2025-05-16 20:15,0.000441
2025-05-16 20:30,0.0
2025-05-16 20:45,0.0
2025-05-16 21:00,0.063534
2025-05-16 21:15,0.050337
2025-05-16 21:30,0.0
2025-05-16 21:45,0.000698
2025-05-16 22:00,0.009076
2025-05-16 22:15,0.035977
2025-05-16 22:30,0.001044
2025-05-16 22:45,0.0
2025-05-16 23:00,0.0
2025-05-16 23:15,0.000289
2025-05-16 23:30,0.0
2025-05-16 23:45,0.0
2025-05-17 00:00,0.0
2025-05-17 00:15,0.002988
2025-05-17 00:30,0.0
2025-05-17 00:45,0.0
2025-05-17 01:00,0.018635
2025-05-17 01:15,0.011831
2025-05-17 01:30,0.022577
2025-05-17 01:45,0.013107
2025-05-17 02:00,0.007454
2025-05-17 02:15,0.016972
2025-05-17 02:30,0.011497
2025-05-17 02:45,0.007454
2025-05-17 03:00,0.00037
2025-05-17 03:15,0.000435
2025-05-17 03:30,0.000441
2025-05-17 03:45,0.001893
2025-05-17 04:00,0.0
2025-05-17 04:15,0.0
2025-05-17 04:30,0.0
2025-05-17 04:45,0.0
2025-05-17 05:00,0.000584
2025-05-17 05:15,0.0
2025-05-17 05:30,0.001157
2025-05-17 05:45,0.0
2025-05-17 06:00,0.07382
2025-05-17 06:15,0.073934
2025-05-17 06:30,0.05995
2025-05-17 06:45,0.013376
2025-05-17 07:00,0.154976
2025-05-17 07:15,0.183206
2025-05-17 07:30,0.161267
2025-05-17 07:45,0.072643
2025-05-17 08:00,0.022983
2025-05-17 08:15,0.039304
2025-05-17 08:30,0.051965
2025-05-17 08:45,0.009076
2025-05-17 09:00,0.004979
2025-05-17 09:15,0.001989
2025-05-17 09:30,0.0
2025-05-17 09:45,0.0
2025-05-17 10:00,0.0
2025-05-17 10:15,0.002755
2025-05-17 10:30,0.009494
2025-05-17 10:45,0.0
2025-05-17 11:00,0.048118
2025-05-17 11:15,0.039996
2025-05-17 11:30,0.036722
2025-05-17 11:45,0.051589
2025-05-17 12:00,0.048721
2025-05-17 12:15,0.048431
2025-05-17 12:30,0.087918
2025-05-17 12:45,0.060462
2025-05-17 13:00,0.060635
2025-05-17 13:15,0.077148
2025-05-17 13:30,0.152053
2025-05-17 13:45,0.21517
2025-05-17 14:00,0.001067
2025-05-17 14:15,0.072583
2025-05-17 14:30,0.054627
2025-05-17 14:45,0.041135
2025-05-17 15:00,0.009124
2025-05-17 15:15,0.009732
2025-05-17 15:30,0.037867
2025-05-17 15:45,0.028493
2025-05-17 16:00,0.05853
2025-05-17 16:15,0.000572
2025-05-17 16:30,0.063975
2025-05-17 16:45,0.649218
2025-05-17 17:00,0.02767
2025-05-17 17:15,0.000674
2025-05-17 17:30,0.0
2025-05-17 17:45,0.000441
2025-05-17 18:00,0.001503
2025-05-17 18:15,0.000728
2025-05-17 18:30,0.001586
2025-05-17 18:45,0.0
2025-05-17 19:00,0.001139
2025-05-17 19:15,0.0
2025-05-17 19:30,0.0
2025-05-17 19:45,0.0
2025-05-17 20:00,0.015892
2025-05-17 20:15,0.009959
2025-05-17 20:30,0.0
2025-05-17 20:45,0.002135
2025-05-17 21:00,0.0
2025-05-17 21:15,0.0
2025-05-17 21:30,0.0
2025-05-17 21:45,0.0
2025-05-17 22:00,0.0
2025-05-17 22:15,0.000513
2025-05-17 22:30,0.021766
2025-05-17 22:45,0.006381
2025-05-17 23:00,0.017344
2025-05-17 23:15,0.009076
2025-05-17 23:30,0.040932
2025-05-17 23:45,0.0
2025-05-18 00:00,0.019918
2025-05-18 00:15,0.011199
2025-05-18 00:30,0.0
2025-05-18 00:45,0.016149
2025-05-18 01:00,0.001998
2025-05-18 01:15,0.155548
2025-05-18 01:30,0.352225
2025-05-18 01:45,0.104004
2025-05-18 02:00,0.045667
2025-05-18 02:15,0.094334
2025-05-18 02:30,0.068847
2025-05-18 02:45,0.026096
2025-05-18 03:00,0.044952
2025-05-18 03:15,0.127025
2025-05-18 03:30,0.05534
2025-05-18 03:45,0.047146
2025-05-18 04:00,0.011918
2025-05-18 04:15,0.012171
2025-05-18 04:30,0.018152
2025-05-18 04:45,0.0
2025-05-18 05:00,0.0
2025-05-18 05:15,0.0
2025-05-18 05:30,0.023382
2025-05-18 05:45,0.000441
2025-05-18 06:00,0.000382
2025-05-18 06:15,0.09799
2025-05-18 06:30,0.2124
2025-05-18 06:45,0.102027
2025-05-18 07:00,0.000221
2025-05-18 07:15,0.004538
2025-05-18 07:30,0.026301
2025-05-18 07:45,0.014568
2025-05-18 08:00,0.034087
2025-05-18 08:15,0.09276
2025-05-18 08:30,0.018594
2025-05-18 08:45,0.035846
2025-05-18 09:00,0.033699
2025-05-18 09:15,0.032697
2025-05-18 09:30,0.037304
2025-05-18 09:45,0.027661
2025-05-18 10:00,0.082083
2025-05-18 10:15,0.039701
2025-05-18 10:30,0.035992
2025-05-18 10:45,0.061947
2025-05-18 11:00,0.054654
2025-05-18 11:15,0.126456
2025-05-18 11:30,0.001258
2025-05-18 11:45,0.0
2025-05-18 12:00,0.000662
2025-05-18 12:15,0.007895
2025-05-18 12:30,0.009661
2025-05-18 12:45,0.025475
2025-05-18 13:00,0.001067
2025-05-18 13:15,0.018373
2025-05-18 13:30,0.008671
2025-05-18 13:45,0.014205
2025-05-18 14:00,0.006262
2025-05-18 14:15,0.009076
2025-05-18 14:30,0.024056
2025-05-18 14:45,0.088094
2025-05-18 15:00,0.064616
2025-05-18 15:15,0.067744
2025-05-18 15:30,0.085264
2025-05-18 15:45,0.052546
2025-05-18 16:00,0.06017
2025-05-18 16:15,0.08239
2025-05-18 16:30,0.087986
2025-05-18 16:45,0.0
2025-05-18 17:00,0.0
2025-05-18 17:15,0.009076
2025-05-18 17:30,0.022363
2025-05-18 17:45,0.019846
2025-05-18 18:00,0.075126
2025-05-18 18:15,0.004353
2025-05-18 18:30,0.0
2025-05-18 18:45,0.0
2025-05-18 19:00,0.0
2025-05-18 19:15,0.0
2025-05-18 19:30,0.0
2025-05-18 19:45,0.0
2025-05-18 20:00,0.0
2025-05-18 20:15,0.0
2025-05-18 20:30,0.0
2025-05-18 20:45,0.000543
2025-05-18 21:00,0.0
2025-05-18 21:15,0.0
2025-05-18 21:30,0.000662
2025-05-18 21:45,0.022643
2025-05-18 22:00,0.035607
2025-05-18 22:15,0.0
2025-05-18 22:30,0.001032
2025-05-18 22:45,0.000728
2025-05-18 23:00,0.007454
2025-05-18 23:15,0.094453
2025-05-18 23:30,0.0
2025-05-18 23:45,0.009076
2025-05-19 00:00,0.008033
2025-05-19 00:15,0.0
2025-05-19 00:30,0.0
2025-05-19 00:45,0.0
2025-05-19 01:00,0.000552
2025-05-19 01:15,0.005617
2025-05-19 01:30,0.001637
2025-05-19 01:45,0.010287
2025-05-19 02:00,0.0
2025-05-19 02:15,0.0
2025-05-19 02:30,0.0
2025-05-19 02:45,0.026954
2025-05-19 03:00,0.065475
2025-05-19 03:15,0.102677
2025-05-19 03:30,0.05398
2025-05-19 03:45,0.009756
2025-05-19 04:00,0.0095
2025-05-19 04:15,0.037957
2025-05-19 04:30,0.000441
2025-05-19 04:45,0.036746
2025-05-19 05:00,0.037307
2025-05-19 05:15,0.018152
2025-05-19 05:30,0.040098
2025-05-19 05:45,0.009589
2025-05-19 06:00,0.05404
2025-05-19 06:15,0.018367
2025-05-19 06:30,0.092527
2025-05-19 06:45,0.009866
2025-05-19 07:00,0.009076
2025-05-19 07:15,0.0
2025-05-19 07:30,0.01049
2025-05-19 07:45,0.015305
2025-05-19 08:00,0.01597
2025-05-19 08:15,0.000441
2025-05-19 08:30,0.008045
2025-05-19 08:45,0.0
2025-05-19 09:00,0.000823
2025-05-19 09:15,0.0
2025-05-19 09:30,0.0
2025-05-19 09:45,0.0
2025-05-19 10:00,0.0
2025-05-19 10:15,0.0
2025-05-19 10:30,0.000567
2025-05-19 10:45,0.000948
2025-05-19 11:00,0.0
2025-05-19 11:15,0.01653
2025-05-19 11:30,0.008015
2025-05-19 11:45,0.004168
2025-05-19 12:00,0.0
2025-05-19 12:15,0.022321
2025-05-19 12:30,0.003727
2025-05-19 12:45,0.000441
2025-05-19 13:00,0.004538
2025-05-19 13:15,0.009679
2025-05-19 13:30,0.038786
2025-05-19 13:45,0.01501
2025-05-19 14:00,0.009786
2025-05-19 14:15,0.045816
2025-05-19 14:30,0.08521
2025-05-19 14:45,0.060987
2025-05-19 15:00,0.009374
2025-05-19 15:15,0.0
2025-05-19 15:30,0.017091
2025-05-19 15:45,0.014908
2025-05-19 16:00,0.027604
2025-05-19 16:15,0.082151
2025-05-19 16:30,0.223974
2025-05-19 16:45,0.18905
2025-05-19 17:00,0.172651
2025-05-19 17:15,0.084751
2025-05-19 17:30,0.023889
2025-05-19 17:45,0.018594
2025-05-19 18:00,0.0
2025-05-19 18:15,0.031767
2025-05-19 18:30,0.0
2025-05-19 18:45,0.0
2025-05-19 19:00,0.0
2025-05-19 19:15,0.0
2025-05-19 19:30,0.0
2025-05-19 19:45,0.0
2025-05-19 20:00,0.001741
2025-05-19 20:15,0.0
2025-05-19 20:30,0.003727
2025-05-19 20:45,0.012463
2025-05-19 21:00,0.037578
2025-05-19 21:15,0.004168
2025-05-19 21:30,0.068364
2025-05-19 21:45,0.012708
2025-05-19 22:00,0.014908
2025-05-19 22:15,0.007454
2025-05-19 22:30,0.004538
2025-05-19 22:45,0.146579
2025-05-19 23:00,0.141385
2025-05-19 23:15,0.035768
2025-05-19 23:30,0.000584
2025-05-19 23:45,0.018594
2025-05-20 00:00,0.0
2025-05-20 00:15,0.0
2025-05-20 00:30,0.011074
2025-05-20 00:45,0.0
2025-05-20 01:00,0.0
2025-05-20 01:15,0.0
2025-05-20 01:30,0.00068
2025-05-20 01:45,0.0
2025-05-20 02:00,0.0
2025-05-20 02:15,0.0
2025-05-20 02:30,0.0
2025-05-20 02:45,0.0
2025-05-20 03:00,0.0
2025-05-20 03:15,0.00266
2025-05-20 03:30,0.0
2025-05-20 03:45,0.007824
2025-05-20 04:00,0.002898
2025-05-20 04:15,0.0
2025-05-20 04:30,0.009076
2025-05-20 04:45,0.018152
2025-05-20 05:00,0.0
2025-05-20 05:15,0.0
2025-05-20 05:30,0.0
2025-05-20 05:45,0.0
2025-05-20 06:00,0.0
2025-05-20 06:15,0.0
2025-05-20 06:30,0.0
2025-05-20 06:45,0.0
2025-05-20 07:00,0.0
2025-05-20 07:15,0.0
2025-05-20 07:30,0.0
2025-05-20 07:45,0.0
2025-05-20 08:00,0.0
2025-05-20 08:15,0.0
2025-05-20 08:30,0.009076
2025-05-20 08:45,0.005081
2025-05-20 09:00,0.007454
2025-05-20 09:15,0.011623
2025-05-20 09:30,0.000537
2025-05-20 09:45,0.0
2025-05-20 10:00,0.0
2025-05-20 10:15,0.0
2025-05-20 10:30,0.0
2025-05-20 10:45,0.0
2025-05-20 11:00,0.000185
2025-05-20 11:15,0.010364
2025-05-20 11:30,0.008718
2025-05-20 11:45,0.004538
2025-05-20 12:00,0.02693
2025-05-20 12:15,0.072586
2025-05-20 12:30,0.15104
2025-05-20 12:45,0.425437
2025-05-20 13:00,0.498393
2025-05-20 13:15,0.434555
2025-05-20 13:30,0.48703
2025-05-20 13:45,0.500748
2025-05-20 14:00,0.544585
2025-05-20 14:15,0.573489
2025-05-20 14:30,0.057737
2025-05-20 14:45,0.023227
2025-05-20 15:00,0.071426
2025-05-20 15:15,0.021522
2025-05-20 15:30,0.007985
2025-05-20 15:45,0.003274
2025-05-20 16:00,0.027673
2025-05-20 16:15,0.009684
2025-05-20 16:30,0.0
2025-05-20 16:45,0.0
2025-05-20 17:00,0.105208
2025-05-20 17:15,0.013233
2025-05-20 17:30,0.000507
2025-05-20 17:45,0.000441
2025-05-20 18:00,0.0
2025-05-20 18:15,0.0
2025-05-20 18:30,0.0
2025-05-20 18:45,0.0
2025-05-20 19:00,0.0
2025-05-20 19:15,0.0
2025-05-20 19:30,0.002889
2025-05-20 19:45,0.003864
2025-05-20 20:00,0.0
2025-05-20 20:15,0.001509
2025-05-20 20:30,0.0
2025-05-20 20:45,0.000441
2025-05-20 21:00,0.000441
2025-05-20 21:15,0.0
2025-05-20 21:30,0.0
2025-05-20 21:45,0.0
2025-05-20 22:00,0.018594
2025-05-20 22:15,0.004538
2025-05-20 22:30,0.061434
2025-05-20 22:45,0.009076
2025-05-20 23:00,0.020714
2025-05-20 23:15,0.000513
2025-05-20 23:30,0.0
2025-05-20 23:45,0.0
2025-05-21 00:00,0.0
2025-05-21 00:00,0.0
2025-05-21 00:15,0.0
2025-05-21 00:30,0.0
2025-05-21 00:45,0.002748
2025-05-21 01:00,0.008841
2025-05-21 01:15,0.000651
2025-05-21 01:30,0.018011
2025-05-21 01:45,0.055523
2025-05-21 02:00,0.012854
2025-05-21 02:15,0.006427
2025-05-21 02:30,0.062121
2025-05-21 02:45,0.154422
2025-05-21 03:00,0.019156
2025-05-21 03:15,0.0
2025-05-21 03:30,0.000637
2025-05-21 03:45,0.007724
2025-05-21 04:00,0.006691
2025-05-21 04:15,0.016485
2025-05-21 04:30,0.000422
2025-05-21 04:45,0.0
2025-05-21 05:00,0.013382
2025-05-21 05:15,0.0
2025-05-21 05:30,0.0
2025-05-21 05:45,0.0
2025-05-21 06:00,0.0
2025-05-21 06:15,0.0
2025-05-21 06:30,0.0
2025-05-21 06:45,0.003148
2025-05-21 07:00,0.025159
2025-05-21 07:15,0.0
2025-05-21 07:30,0.0
2025-05-21 07:45,0.00016
2025-05-21 08:00,0.0
2025-05-21 08:15,0.000501
2025-05-21 08:30,0.0
2025-05-21 08:45,0.000677
2025-05-21 09:00,0.0
2025-05-21 09:15,0.002057
2025-05-21 09:30,0.0
2025-05-21 09:45,0.000561
2025-05-21 10:00,0.000888
2025-05-21 10:15,0.006972
2025-05-21 10:30,0.020073
2025-05-21 10:45,0.000431
2025-05-21 11:00,0.000804
2025-05-21 11:15,0.000778
2025-05-21 11:30,0.012388
2025-05-21 11:45,0.00153
2025-05-21 12:00,0.0
2025-05-21 12:15,0.0
2025-05-21 12:30,0.006858
2025-05-21 12:45,0.000554
2025-05-21 13:00,0.00582
2025-05-21 13:15,0.0
2025-05-21 13:30,0.000413
2025-05-21 13:45,0.021752
2025-05-21 14:00,0.01995
2025-05-21 14:15,0.010702
2025-05-21 14:30,0.0
2025-05-21 14:45,0.001213
2025-05-21 15:00,0.004071
2025-05-21 15:15,0.0
2025-05-21 15:30,0.000563
2025-05-21 15:45,0.0
2025-05-21 16:00,0.0519
2025-05-21 16:15,0.049263
2025-05-21 16:30,0.029441
2025-05-21 16:45,0.096277
2025-05-21 17:00,0.028614
2025-05-21 17:15,0.034549
2025-05-21 17:30,0.0
2025-05-21 17:45,0.370935
2025-05-21 18:00,0.400217
2025-05-21 18:15,0.179651
2025-05-21 18:30,0.0
2025-05-21 18:45,0.0
2025-05-21 19:00,0.0
2025-05-21 19:15,0.0
2025-05-21 19:30,0.0
2025-05-21 19:45,0.0
2025-05-21 20:00,0.0
2025-05-21 20:15,0.0
2025-05-21 20:30,0.0
2025-05-21 20:45,0.0
2025-05-21 21:00,0.0
2025-05-21 21:15,0.000818
2025-05-21 21:30,0.0
2025-05-21 21:45,0.005987
2025-05-21 22:00,0.00038
2025-05-21 22:15,0.006691
2025-05-21 22:30,0.006691
2025-05-21 22:45,0.211906
2025-05-21 23:00,0.003258
2025-05-21 23:15,0.01025
2025-05-21 23:30,0.005495
2025-05-21 23:45,0.005267
2025-05-22 00:00,0.001029
2025-05-22 00:15,0.0
2025-05-22 00:30,0.0
2025-05-22 00:45,0.0
2025-05-22 01:00,0.0
2025-05-22 01:15,0.0
2025-05-22 01:30,0.0
2025-05-22 01:45,0.0
2025-05-22 02:00,0.000325
2025-05-22 02:15,0.0
2025-05-22 02:30,0.0
2025-05-22 02:45,0.0
2025-05-22 03:00,0.000281
2025-05-22 03:15,0.0
2025-05-22 03:30,0.0
2025-05-22 03:45,0.006691
2025-05-22 04:00,0.0
2025-05-22 04:15,0.0
2025-05-22 04:30,0.003345
2025-05-22 04:45,0.000629
2025-05-22 05:00,0.003345
2025-05-22 05:15,0.0
2025-05-22 05:30,0.0
2025-05-22 05:45,0.0
2025-05-22 06:00,0.0
2025-05-22 06:15,0.0
2025-05-22 06:30,0.00721
2025-05-22 06:45,0.000734
2025-05-22 07:00,0.012379
2025-05-22 07:15,0.0
2025-05-22 07:30,0.0
2025-05-22 07:45,0.0
2025-05-22 08:00,0.0
2025-05-22 08:15,0.007865
2025-05-22 08:30,0.01168
2025-05-22 08:45,0.0
2025-05-22 09:00,0.000218
2025-05-22 09:15,0.034778
2025-05-22 09:30,0.01751
2025-05-22 09:45,0.003187
2025-05-22 10:00,0.027379
2025-05-22 10:15,0.010381
2025-05-22 10:30,0.028966
2025-05-22 10:45,0.085359
2025-05-22 11:00,0.080561
2025-05-22 11:15,0.024996
2025-05-22 11:30,0.015211
2025-05-22 11:45,0.174042
2025-05-22 12:00,0.672991
2025-05-22 12:15,0.718961
2025-05-22 12:30,1.0
2025-05-22 12:45,0.764523
2025-05-22 13:00,0.216486
2025-05-22 13:15,0.009918
2025-05-22 13:30,0.014564
2025-05-22 13:45,0.020398
2025-05-22 14:00,0.057462
2025-05-22 14:15,0.030716
2025-05-22 14:30,0.023937
2025-05-22 14:45,0.031876
2025-05-22 15:00,0.018059
2025-05-22 15:15,0.025361
2025-05-22 15:30,0.007102
2025-05-22 15:45,0.126346
2025-05-22 16:00,0.087869
2025-05-22 16:15,0.029909
2025-05-22 16:30,0.0
2025-05-22 16:45,0.006691
2025-05-22 17:00,0.047544
2025-05-22 17:15,0.011368
2025-05-22 17:30,0.0
2025-05-22 17:45,0.020398
2025-05-22 18:00,0.040207
2025-05-22 18:15,0.0
2025-05-22 18:30,0.0
2025-05-22 18:45,0.000325
2025-05-22 19:00,0.0
2025-05-22 19:15,0.073463
2025-05-22 19:30,0.079677
2025-05-22 19:45,0.008098
2025-05-22 20:00,0.024073
2025-05-22 20:15,0.0
2025-05-22 20:30,0.0
2025-05-22 20:45,0.0
2025-05-22 21:00,0.007016
2025-05-22 21:15,0.001561
2025-05-22 21:30,0.0
2025-05-22 21:45,0.0
2025-05-22 22:00,0.000554
2025-05-22 22:15,0.0
2025-05-22 22:30,0.000835
2025-05-22 22:45,0.007069
2025-05-22 23:00,0.022548
2025-05-22 23:15,0.0
2025-05-22 23:30,0.006322
2025-05-22 23:45,0.012889
2025-05-23 00:00,0.003517
2025-05-23 00:15,0.006772
2025-05-23 00:30,0.00178
2025-05-23 00:45,0.000281
2025-05-23 01:00,0.001539
2025-05-23 01:15,0.000571
2025-05-23 01:30,0.01656
2025-05-23 01:45,0.010282
2025-05-23 02:00,0.077222
2025-05-23 02:15,0.014912
2025-05-23 02:30,0.058187
2025-05-23 02:45,0.092896
2025-05-23 03:00,0.029931
2025-05-23 03:15,0.019136
2025-05-23 03:30,0.016107
2025-05-23 03:45,0.006832
2025-05-23 04:00,0.000163
2025-05-23 04:15,0.004576
2025-05-23 04:30,0.001574
2025-05-23 04:45,0.019202
2025-05-23 05:00,0.00044
2025-05-23 05:15,0.023554
2025-05-23 05:30,0.000248
2025-05-23 05:45,0.0
2025-05-23 06:00,0.006089
2025-05-23 06:15,0.033999
2025-05-23 06:30,0.0
2025-05-23 06:45,0.0
2025-05-23 07:00,0.003618
2025-05-23 07:15,0.002739
2025-05-23 07:30,0.002484
2025-05-23 07:45,0.00659
2025-05-23 08:00,0.0
2025-05-23 08:15,0.0
2025-05-23 08:30,0.006691
2025-05-23 08:45,0.000413
2025-05-23 09:00,0.0
2025-05-23 09:15,0.0
2025-05-23 09:30,0.013698
2025-05-23 09:45,0.009271
2025-05-23 10:00,0.0
2025-05-23 10:15,0.0
2025-05-23 10:30,0.0
2025-05-23 10:45,0.003345
2025-05-23 11:00,0.001732
2025-05-23 11:15,0.005495
2025-05-23 11:30,0.232888
2025-05-23 11:45,0.493837
2025-05-23 12:00,0.003937
2025-05-23 12:15,0.0
2025-05-23 12:30,0.009166
2025-05-23 12:45,0.037754
2025-05-23 13:00,0.019822
2025-05-23 13:15,0.0
2025-05-23 13:30,0.035688
2025-05-23 13:45,0.005495
2025-05-23 14:00,0.001561
2025-05-23 14:15,0.006691
2025-05-23 14:30,0.000163
2025-05-23 14:45,0.0
2025-05-23 15:00,0.0
2025-05-23 15:15,0.0
2025-05-23 15:30,0.0
2025-05-23 15:45,0.003126
2025-05-23 16:00,0.01383
2025-05-23 16:15,0.01099
2025-05-23 16:30,0.049316
2025-05-23 16:45,0.005495
2025-05-23 17:00,0.000356
2025-05-23 17:15,0.005495
2025-05-23 17:30,0.0
2025-05-23 17:45,0.0
2025-05-23 18:00,0.0
2025-05-23 18:15,0.0
2025-05-23 18:30,0.0
2025-05-23 18:45,0.0
2025-05-23 19:00,0.0
2025-05-23 19:15,0.0
2025-05-23 19:30,0.0
2025-05-23 19:45,0.0
2025-05-23 20:00,0.000325
2025-05-23 20:15,0.0
2025-05-23 20:30,0.0
2025-05-23 20:45,0.0
2025-05-23 21:00,0.016485
2025-05-23 21:15,0.0
2025-05-23 21:30,0.0
2025-05-23 21:45,0.0
2025-05-23 22:00,0.0
2025-05-23 22:15,0.008841
2025-05-23 22:30,0.008933
2025-05-23 22:45,0.024042
2025-05-23 23:00,0.000418
2025-05-23 23:15,0.000259
2025-05-23 23:30,0.00171
2025-05-23 23:45,0.214789
2025-05-24 00:00,0.010036
2025-05-24 00:15,0.086586
2025-05-24 00:30,0.029419
2025-05-24 00:45,0.03607
2025-05-24 01:00,0.057545
2025-05-24 01:15,0.042994
2025-05-24 01:30,0.0
2025-05-24 01:45,0.054283
2025-05-24 02:00,0.000651
2025-05-24 02:15,0.055905
2025-05-24 02:30,0.110413
2025-05-24 02:45,0.102262
2025-05-24 03:00,0.0
2025-05-24 03:15,0.0
2025-05-24 03:30,0.0
2025-05-24 03:45,0.0
2025-05-24 04:00,0.000325
2025-05-24 04:15,0.001024
2025-05-24 04:30,0.0
2025-05-24 04:45,0.00764
2025-05-24 05:00,0.0
2025-05-24 05:15,0.00213
2025-05-24 05:30,0.0
2025-05-24 05:45,0.0004
2025-05-24 06:00,0.0
2025-05-24 06:15,0.0
2025-05-24 06:30,0.000857
2025-05-24 06:45,0.0
2025-05-24 07:00,0.0
2025-05-24 07:15,0.0
2025-05-24 07:30,0.020692
2025-05-24 07:45,0.02406
2025-05-24 08:00,0.030223
2025-05-24 08:15,0.000409
2025-05-24 08:30,0.030856
2025-05-24 08:45,0.133189
2025-05-24 09:00,0.054885
2025-05-24 09:15,0.00089
2025-05-24 09:30,0.0
2025-05-24 09:45,0.000378
2025-05-24 10:00,0.006009
2025-05-24 10:15,0.000231
2025-05-24 10:30,0.002748
2025-05-24 10:45,0.000163
2025-05-24 11:00,0.003653
2025-05-24 11:15,0.002646
2025-05-24 11:30,0.0
2025-05-24 11:45,0.000448
2025-05-24 12:00,0.142157
2025-05-24 12:15,0.0
2025-05-24 12:30,0.001011
2025-05-24 12:45,0.006691
2025-05-24 13:00,0.000593
2025-05-24 13:15,0.00029
2025-05-24 13:30,0.0
2025-05-24 13:45,0.003486
2025-05-24 14:00,0.002816
2025-05-24 14:15,0.0093
2025-05-24 14:30,0.003669
2025-05-24 14:45,0.002998
2025-05-24 15:00,0.002748
2025-05-24 15:15,0.044757
2025-05-24 15:30,0.0
2025-05-24 15:45,0.007084
2025-05-24 16:00,0.004464
2025-05-24 16:15,0.000163
2025-05-24 16:30,0.003007
2025-05-24 16:45,0.006691
2025-05-24 17:00,0.010243
2025-05-24 17:15,0.006691
2025-05-24 17:30,0.016083
2025-05-24 17:45,0.014138
2025-05-24 18:00,0.003759
2025-05-24 18:15,0.02752
2025-05-24 18:30,0.003345
2025-05-24 18:45,0.055063
2025-05-24 19:00,0.052824
2025-05-24 19:15,0.09682
2025-05-24 19:30,0.003405
2025-05-24 19:45,0.022822
2025-05-24 20:00,0.000163
2025-05-24 20:15,0.0
2025-05-24 20:30,0.000165
2025-05-24 20:45,0.023875
2025-05-24 21:00,0.0
2025-05-24 21:15,0.0
2025-05-24 21:30,0.000218
2025-05-24 21:45,0.006691
2025-05-24 22:00,0.003508
2025-05-24 22:15,0.000334
2025-05-24 22:30,0.006486
2025-05-24 22:45,0.0
2025-05-24 23:00,0.005915
2025-05-24 23:15,0.082073
2025-05-24 23:30,0.049942
2025-05-24 23:45,0.026607
2025-05-25 00:00,0.085078
2025-05-25 00:15,0.012212
2025-05-25 00:30,0.026218
2025-05-25 00:45,0.009913
2025-05-25 01:00,0.006752
2025-05-25 01:15,0.011149
2025-05-25 01:30,0.000325
2025-05-25 01:45,0.015446
2025-05-25 02:00,0.014114
2025-05-25 02:15,0.150303
2025-05-25 02:30,0.007847
2025-05-25 02:45,0.003345
2025-05-25 03:00,0.0
2025-05-25 03:15,0.000163
2025-05-25 03:30,0.0
2025-05-25 03:45,0.000163
2025-05-25 04:00,0.009601
2025-05-25 04:15,0.01441
2025-05-25 04:30,0.013733
2025-05-25 04:45,0.014837
2025-05-25 05:00,0.03327
2025-05-25 05:15,0.0
2025-05-25 05:30,0.001281
2025-05-25 05:45,0.01989
2025-05-25 06:00,0.073615
2025-05-25 06:15,0.246661
2025-05-25 06:30,0.24272
2025-05-25 06:45,0.070907
2025-05-25 07:00,0.078622
2025-05-25 07:15,0.156926
2025-05-25 07:30,0.073694
2025-05-25 07:45,0.062161
2025-05-25 08:00,0.040578
2025-05-25 08:15,0.073591
2025-05-25 08:30,0.087661
2025-05-25 08:45,0.157229
2025-05-25 09:00,0.111028
2025-05-25 09:15,0.033057
2025-05-25 09:30,0.000141
2025-05-25 09:45,0.000488
2025-05-25 10:00,0.002178
2025-05-25 10:15,0.0
2025-05-25 10:30,0.012744
2025-05-25 10:45,0.005658
2025-05-25 11:00,0.0
2025-05-25 11:15,0.000163
2025-05-25 11:30,0.011153
2025-05-25 11:45,0.0
2025-05-25 12:00,0.013329
2025-05-25 12:15,0.000325
2025-05-25 12:30,0.000479
2025-05-25 12:45,0.000163
2025-05-25 13:00,0.025181
2025-05-25 13:15,0.006352
2025-05-25 13:30,0.255365
2025-05-25 13:45,0.022425
2025-05-25 14:00,0.076336
2025-05-25 14:15,0.050529
2025-05-25 14:30,0.068608
2025-05-25 14:45,0.025464
2025-05-25 15:00,0.072654
2025-05-25 15:15,0.105293
2025-05-25 15:30,0.085735
2025-05-25 15:45,0.054815
2025-05-25 16:00,0.076209
2025-05-25 16:15,0.076319
2025-05-25 16:30,0.104357
2025-05-25 16:45,0.074593
2025-05-25 17:00,0.099295
2025-05-25 17:15,0.086808
2025-05-25 17:30,0.082425
2025-05-25 17:45,0.006691
2025-05-25 18:00,0.009067
2025-05-25 18:15,0.0
2025-05-25 18:30,0.0
2025-05-25 18:45,0.0
2025-05-25 19:00,0.009847
2025-05-25 19:15,0.0
2025-05-25 19:30,0.000317
2025-05-25 19:45,0.004251
2025-05-25 20:00,0.0
2025-05-25 20:15,0.0
2025-05-25 20:30,0.000163
2025-05-25 20:45,0.0
2025-05-25 21:00,0.00067
2025-05-25 21:15,0.0
2025-05-25 21:30,0.0
2025-05-25 21:45,0.0
2025-05-25 22:00,0.009208
2025-05-25 22:15,0.006192
2025-05-25 22:30,0.013382
2025-05-25 22:45,0.00075
2025-05-25 23:00,0.009491
2025-05-25 23:15,0.0
2025-05-25 23:30,0.003093
2025-05-25 23:45,0.0
2025-05-26 00:00,0.0
2025-05-26 00:15,0.0
2025-05-26 00:30,0.0
2025-05-26 00:45,0.0
2025-05-26 01:00,0.0
2025-05-26 01:15,0.000141
2025-05-26 01:30,0.002748
2025-05-26 01:45,0.006691
2025-05-26 02:00,0.0
2025-05-26 02:15,0.000209
2025-05-26 02:30,0.014485
2025-05-26 02:45,0.005768
2025-05-26 03:00,0.002748
2025-05-26 03:15,0.0
2025-05-26 03:30,0.0
2025-05-26 03:45,0.003587
2025-05-26 04:00,0.000231
2025-05-26 04:15,0.0
2025-05-26 04:30,0.0
2025-05-26 04:45,0.0
2025-05-26 05:00,0.0
2025-05-26 05:15,0.0
2025-05-26 05:30,0.0
2025-05-26 05:45,0.000396
2025-05-26 06:00,0.021732
2025-05-26 06:15,0.026146
2025-05-26 06:30,0.028641
2025-05-26 06:45,0.037574
2025-05-26 07:00,0.030272
2025-05-26 07:15,0.027502
2025-05-26 07:30,0.016727
2025-05-26 07:45,0.0
2025-05-26 08:00,0.035037
2025-05-26 08:15,0.03949
2025-05-26 08:30,0.01913
2025-05-26 08:45,0.021249
2025-05-26 09:00,0.013382
2025-05-26 09:15,0.000141
2025-05-26 09:30,0.0
2025-05-26 09:45,0.0
2025-05-26 10:00,0.00291
2025-05-26 10:15,0.006691
2025-05-26 10:30,0.006832
2025-05-26 10:45,0.0
2025-05-26 11:00,0.002748
2025-05-26 11:15,0.000319
2025-05-26 11:30,0.011399
2025-05-26 11:45,0.000325
2025-05-26 12:00,0.014336
2025-05-26 12:15,0.000325
2025-05-26 12:30,0.001468
2025-05-26 12:45,0.000222
2025-05-26 13:00,0.071217
2025-05-26 13:15,0.024429
2025-05-26 13:30,0.003194
2025-05-26 13:45,0.008186
2025-05-26 14:00,0.001741
2025-05-26 14:15,0.065913
2025-05-26 14:30,0.021189
2025-05-26 14:45,0.0002
2025-05-26 15:00,0.006124
2025-05-26 15:15,0.0
2025-05-26 15:30,0.0
2025-05-26 15:45,0.000325
2025-05-26 16:00,0.000637
2025-05-26 16:15,0.003589
2025-05-26 16:30,0.014384
2025-05-26 16:45,0.023042
2025-05-26 17:00,0.000317
2025-05-26 17:15,0.000422
2025-05-26 17:30,0.0
2025-05-26 17:45,0.0
2025-05-26 18:00,0.0
2025-05-26 18:15,0.02399
2025-05-26 18:30,0.0
2025-05-26 18:45,0.000163
2025-05-26 19:00,0.0
2025-05-26 19:15,0.0
2025-05-26 19:30,0.0
2025-05-26 19:45,0.0
2025-05-26 20:00,0.0
2025-05-26 20:15,0.0
2025-05-26 20:30,0.0
2025-05-26 20:45,0.0
2025-05-26 21:00,0.0
2025-05-26 21:15,0.0
2025-05-26 21:30,0.0
2025-05-26 21:45,0.0
2025-05-26 22:00,0.000204
2025-05-26 22:15,0.0
2025-05-26 22:30,0.0
2025-05-26 22:45,0.010911
2025-05-26 23:00,0.03558
2025-05-26 23:15,0.008065
2025-05-26 23:30,0.007069
2025-05-26 23:45,0.001675
2025-05-27 00:00,0.00091
2025-05-27 00:15,0.0
2025-05-27 00:30,0.0
2025-05-27 00:45,0.000224
2025-05-27 01:00,0.0
2025-05-27 01:15,0.005495
2025-05-27 01:30,0.009601
2025-05-27 01:45,0.0
2025-05-27 02:00,0.001238
2025-05-27 02:15,0.003345
2025-05-27 02:30,0.000222
2025-05-27 02:45,0.0
2025-05-27 03:00,0.00042
2025-05-27 03:15,0.0
2025-05-27 03:30,0.0
2025-05-27 03:45,0.0
2025-05-27 04:00,0.0
2025-05-27 04:15,0.014182
2025-05-27 04:30,0.0
2025-05-27 04:45,0.00473
2025-05-27 05:00,0.0
2025-05-27 05:15,0.0
2025-05-27 05:30,0.003345
2025-05-27 05:45,0.0
2025-05-27 06:00,0.000473
2025-05-27 06:15,0.00517
2025-05-27 06:30,0.003192
2025-05-27 06:45,0.011793
2025-05-27 07:00,0.007731
2025-05-27 07:15,0.0
2025-05-27 07:30,0.0
2025-05-27 07:45,0.0
2025-05-27 08:00,0.0
2025-05-27 08:15,0.010261
2025-05-27 08:30,0.0
2025-05-27 08:45,0.000163
2025-05-27 09:00,0.0
2025-05-27 09:15,0.008243
2025-05-27 09:30,0.002748
2025-05-27 09:45,0.009263
2025-05-27 10:00,0.0
2025-05-27 10:15,0.006691
2025-05-27 10:30,0.000879
2025-05-27 10:45,0.0
2025-05-27 11:00,0.011806
2025-05-27 11:15,0.007141
2025-05-27 11:30,0.006093
2025-05-27 11:45,0.0
2025-05-27 12:00,0.012511
2025-05-27 12:15,0.000325
2025-05-27 12:30,0.000163
2025-05-27 12:45,0.007016
2025-05-27 13:00,0.003508
2025-05-27 13:15,0.000163
2025-05-27 13:30,0.010036
2025-05-27 13:45,0.006803
2025-05-27 14:00,0.021624
2025-05-27 14:15,0.008427
2025-05-27 14:30,0.01099
2025-05-27 14:45,0.026113
2025-05-27 15:00,0.010661
2025-05-27 15:15,0.000367
2025-05-27 15:30,0.006854
2025-05-27 15:45,0.000571
2025-05-27 16:00,0.025774
2025-05-27 16:15,0.076116
2025-05-27 16:30,0.020139
2025-05-27 16:45,0.02446
2025-05-27 17:00,0.005939
2025-05-27 17:15,0.00062
2025-05-27 17:30,0.0
2025-05-27 17:45,0.003345
2025-05-27 18:00,0.000325
2025-05-27 18:15,0.0
2025-05-27 18:30,0.0
2025-05-27 18:45,0.0
2025-05-27 19:00,0.0
2025-05-27 19:15,0.000413
2025-05-27 19:30,0.0
2025-05-27 19:45,0.0
2025-05-27 20:00,0.0
2025-05-27 20:15,0.0
2025-05-27 20:30,0.000163
2025-05-27 20:45,0.012186
2025-05-27 21:00,0.0
2025-05-27 21:15,0.0
2025-05-27 21:30,0.000281
2025-05-27 21:45,0.000435
2025-05-27 22:00,0.000967
2025-05-27 22:15,0.000378
2025-05-27 22:30,0.0
2025-05-27 22:45,0.004669
2025-05-27 23:00,0.038229
2025-05-27 23:15,0.030971
2025-05-27 23:30,0.000308
2025-05-27 23:45,0.010036
2025-05-28 00:00,0.003345
2025-05-28 00:00,0.003586
2025-05-28 00:15,0.032984
2025-05-28 00:30,0.018257
2025-05-28 00:45,0.0
2025-05-28 01:00,0.015005
2025-05-28 01:15,0.014313
2025-05-28 01:30,0.010118
2025-05-28 01:45,0.01452
2025-05-28 02:00,0.014345
2025-05-28 02:15,0.007173
2025-05-28 02:30,0.00689
2025-05-28 02:45,0.007347
2025-05-28 03:00,0.023116
2025-05-28 03:15,0.043211
2025-05-28 03:30,0.010759
2025-05-28 03:45,0.00525
2025-05-28 04:00,0.000471
2025-05-28 04:15,0.0
2025-05-28 04:30,0.003191
2025-05-28 04:45,0.0
2025-05-28 05:00,0.005891
2025-05-28 05:15,0.0
2025-05-28 05:30,0.0
2025-05-28 05:45,0.023823
2025-05-28 06:00,0.007173
2025-05-28 06:15,0.010231
2025-05-28 06:30,0.015472
2025-05-28 06:45,0.017729
2025-05-28 07:00,0.021728
2025-05-28 07:15,0.016539
2025-05-28 07:30,0.011433
2025-05-28 07:45,0.038258
2025-05-28 08:00,0.072663
2025-05-28 08:15,0.029674
2025-05-28 08:30,0.003968
2025-05-28 08:45,0.016876
2025-05-28 09:00,0.02904
2025-05-28 09:15,0.014732
2025-05-28 09:30,0.014694
2025-05-28 09:45,0.00787
2025-05-28 10:00,0.254585
2025-05-28 10:15,0.034582
2025-05-28 10:30,0.093305
2025-05-28 10:45,0.05217
2025-05-28 11:00,0.05955
2025-05-28 11:15,0.06861
2025-05-28 11:30,0.064814
2025-05-28 11:45,0.047622
2025-05-28 12:00,0.0
2025-05-28 12:15,0.0
2025-05-28 12:30,0.002945
2025-05-28 12:45,0.021276
2025-05-28 13:00,0.001256
2025-05-28 13:15,0.017524
2025-05-28 13:30,0.03527
2025-05-28 13:45,0.044297
2025-05-28 14:00,0.073862
2025-05-28 14:15,0.312663
2025-05-28 14:30,0.089633
2025-05-28 14:45,0.084966
2025-05-28 15:00,0.060591
2025-05-28 15:15,0.034481
2025-05-28 15:30,0.114241
2025-05-28 15:45,0.029209
2025-05-28 16:00,0.056786
2025-05-28 16:15,0.0057
2025-05-28 16:30,0.000669
2025-05-28 16:45,0.010439
2025-05-28 17:00,0.003761
2025-05-28 17:15,0.027282
2025-05-28 17:30,0.007408
2025-05-28 17:45,0.006042
2025-05-28 18:00,0.015114
2025-05-28 18:15,0.00378
2025-05-28 18:30,0.003586
2025-05-28 18:45,0.001496
2025-05-28 19:00,0.0
2025-05-28 19:15,0.002957
2025-05-28 19:30,0.000174
2025-05-28 19:45,0.0
2025-05-28 20:00,0.002781
2025-05-28 20:15,0.000174
2025-05-28 20:30,0.0
2025-05-28 20:45,0.000174
2025-05-28 21:00,0.00128
2025-05-28 21:15,0.0
2025-05-28 21:30,0.0
2025-05-28 21:45,0.003992
2025-05-28 22:00,0.029572
2025-05-28 22:15,0.014647
2025-05-28 22:30,0.001767
2025-05-28 22:45,0.051552
2025-05-28 23:00,0.019607
2025-05-28 23:15,0.054927
2025-05-28 23:30,0.02747
2025-05-28 23:45,0.0
2025-05-29 00:00,0.007053
2025-05-29 00:15,0.012338
2025-05-29 00:30,0.01452
2025-05-29 00:45,0.0
2025-05-29 01:00,0.0
2025-05-29 01:15,0.003671
2025-05-29 01:30,0.0
2025-05-29 01:45,0.000391
2025-05-29 02:00,0.0
2025-05-29 02:15,0.003575
2025-05-29 02:30,0.001159
2025-05-29 02:45,0.004157
2025-05-29 03:00,0.053739
2025-05-29 03:15,0.000254
2025-05-29 03:30,0.000229
2025-05-29 03:45,0.005891
2025-05-29 04:00,0.000264
2025-05-29 04:15,0.009312
2025-05-29 04:30,0.021518
2025-05-29 04:45,0.0
2025-05-29 05:00,0.013544
2025-05-29 05:15,0.0
2025-05-29 05:30,0.000224
2025-05-29 05:45,0.002945
2025-05-29 06:00,0.017142
2025-05-29 06:15,0.0
2025-05-29 06:30,0.010759
2025-05-29 06:45,0.035204
2025-05-29 07:00,0.083686
2025-05-29 07:15,0.050497
2025-05-29 07:30,0.057585
2025-05-29 07:45,0.040911
2025-05-29 08:00,0.022334
2025-05-29 08:15,0.032584
2025-05-29 08:30,0.023681
2025-05-29 08:45,0.000151
2025-05-29 09:00,0.001009
2025-05-29 09:15,0.007521
2025-05-29 09:30,0.0
2025-05-29 09:45,0.012512
2025-05-29 10:00,0.001395
2025-05-29 10:15,0.014694
2025-05-29 10:30,0.248737
2025-05-29 10:45,0.861046
2025-05-29 11:00,0.950217
2025-05-29 11:15,0.806232
2025-05-29 11:30,0.816506
2025-05-29 11:45,0.835597
2025-05-29 12:00,0.851012
2025-05-29 12:15,0.048051
2025-05-29 12:30,0.0
2025-05-29 12:45,0.000214
2025-05-29 13:00,0.000229
2025-05-29 13:15,0.007521
2025-05-29 13:30,0.014727
2025-05-29 13:45,0.032211
2025-05-29 14:00,0.029853
2025-05-29 14:15,0.017682
2025-05-29 14:30,0.032459
2025-05-29 14:45,0.046868
2025-05-29 15:00,0.057592
2025-05-29 15:15,0.207765
2025-05-29 15:30,0.118822
2025-05-29 15:45,0.013408
2025-05-29 16:00,0.003445
2025-05-29 16:15,0.0
2025-05-29 16:30,0.018172
2025-05-29 16:45,0.054679
2025-05-29 17:00,0.000415
2025-05-29 17:15,0.063263
2025-05-29 17:30,0.003803
2025-05-29 17:45,0.005394
2025-05-29 18:00,0.024737
2025-05-29 18:15,0.0
2025-05-29 18:30,0.000349
2025-05-29 18:45,0.0
2025-05-29 19:00,0.0
2025-05-29 19:15,0.0
2025-05-29 19:30,0.0
2025-05-29 19:45,0.000542
2025-05-29 20:00,0.0
2025-05-29 20:15,0.000193
2025-05-29 20:30,0.0
2025-05-29 20:45,0.0
2025-05-29 21:00,0.0
2025-05-29 21:15,0.0
2025-05-29 21:30,0.001381
2025-05-29 21:45,0.000349
2025-05-29 22:00,0.0
2025-05-29 22:15,0.0
2025-05-29 22:30,0.0
2025-05-29 22:45,0.010712
2025-05-29 23:00,0.02329
2025-05-29 23:15,0.062651
2025-05-29 23:30,0.065457
2025-05-29 23:45,0.027322
2025-05-30 00:00,0.0
2025-05-30 00:15,0.028922
2025-05-30 00:30,0.001461
2025-05-30 00:45,0.0
2025-05-30 01:00,0.0
2025-05-30 01:15,0.0
2025-05-30 01:30,0.0
2025-05-30 01:45,0.0
2025-05-30 02:00,0.0
2025-05-30 02:15,0.014345
2025-05-30 02:30,0.003586
2025-05-30 02:45,0.000219
2025-05-30 03:00,0.0
2025-05-30 03:15,0.021985
2025-05-30 03:30,0.005422
2025-05-30 03:45,0.0
2025-05-30 04:00,0.007173
2025-05-30 04:15,0.022953
2025-05-30 04:30,0.0
2025-05-30 04:45,0.0
2025-05-30 05:00,0.00033
2025-05-30 05:15,0.000203
2025-05-30 05:30,0.0
2025-05-30 05:45,0.0
2025-05-30 06:00,0.0
2025-05-30 06:15,0.0
2025-05-30 06:30,0.0
2025-05-30 06:45,0.000186
2025-05-30 07:00,0.0
2025-05-30 07:15,0.000226
2025-05-30 07:30,0.0
2025-05-30 07:45,0.0
2025-05-30 08:00,0.000151
2025-05-30 08:15,0.023314
2025-05-30 08:30,0.007701
2025-05-30 08:45,0.016337
2025-05-30 09:00,0.018257
2025-05-30 09:15,0.003532
2025-05-30 09:30,0.0
2025-05-30 09:45,0.0
2025-05-30 10:00,0.0
2025-05-30 10:15,0.000943
2025-05-30 10:30,0.0
2025-05-30 10:45,0.000247
2025-05-30 11:00,0.0
2025-05-30 11:15,0.0
2025-05-30 11:30,0.000174
2025-05-30 11:45,0.005891
2025-05-30 12:00,0.0
2025-05-30 12:15,0.004397
2025-05-30 12:30,0.036627
2025-05-30 12:45,0.014727
2025-05-30 13:00,0.037405
2025-05-30 13:15,0.012149
2025-05-30 13:30,0.113977
2025-05-30 13:45,0.002945
2025-05-30 14:00,0.006065
2025-05-30 14:15,0.00205
2025-05-30 14:30,0.003758
2025-05-30 14:45,0.007177
2025-05-30 15:00,0.002519
2025-05-30 15:15,0.0
2025-05-30 15:30,0.003827
2025-05-30 15:45,0.00435
2025-05-30 16:00,0.004025
2025-05-30 16:15,0.006386
2025-05-30 16:30,0.20071
2025-05-30 16:45,1.0
2025-05-30 17:00,0.806065
2025-05-30 17:15,0.086898
2025-05-30 17:30,0.000544
2025-05-30 17:45,0.044658
2025-05-30 18:00,0.046522
2025-05-30 18:15,0.135307
2025-05-30 18:30,0.892173
2025-05-30 18:45,0.980126
2025-05-30 19:00,0.78158
2025-05-30 19:15,0.592807
2025-05-30 19:30,0.0
2025-05-30 19:45,0.0
2025-05-30 20:00,0.043644
2025-05-30 20:15,0.112558
2025-05-30 20:30,0.297799
2025-05-30 20:45,0.352221
2025-05-30 21:00,0.108887
2025-05-30 21:15,0.225845
2025-05-30 21:30,0.126796
2025-05-30 21:45,0.0
2025-05-30 22:00,0.001129
2025-05-30 22:15,0.0
2025-05-30 22:30,0.0
2025-05-30 22:45,0.000266
2025-05-30 23:00,0.003817
2025-05-30 23:15,0.018245
2025-05-30 23:30,0.002945
2025-05-30 23:45,0.007347
2025-05-31 00:00,0.001909
2025-05-31 00:15,0.011174
2025-05-31 00:30,0.027864
2025-05-31 00:45,0.070962
2025-05-31 01:00,0.024129
2025-05-31 01:15,0.065276
2025-05-31 01:30,0.139211
2025-05-31 01:45,0.085503
2025-05-31 02:00,0.042414
2025-05-31 02:15,0.03749
2025-05-31 02:30,0.088943
2025-05-31 02:45,0.022286
2025-05-31 03:00,0.0
2025-05-31 03:15,0.043267
2025-05-31 03:30,0.023778
2025-05-31 03:45,0.022334
2025-05-31 04:00,0.007173
2025-05-31 04:15,0.082093
2025-05-31 04:30,0.021433
2025-05-31 04:45,0.062076
2025-05-31 05:00,0.010674
2025-05-31 05:15,0.028865
2025-05-31 05:30,0.035864
2025-05-31 05:45,0.018182
2025-05-31 06:00,0.0
2025-05-31 06:15,0.0
2025-05-31 06:30,0.000186
2025-05-31 06:45,0.0
2025-05-31 07:00,0.008836
2025-05-31 07:15,0.01099
2025-05-31 07:30,0.014944
2025-05-31 07:45,0.047669
2025-05-31 08:00,0.195691
2025-05-31 08:15,0.024049
2025-05-31 08:30,0.010243
2025-05-31 08:45,0.003445
2025-05-31 09:00,0.006065
2025-05-31 09:15,0.002493
2025-05-31 09:30,0.009725
2025-05-31 09:45,0.04138
2025-05-31 10:00,0.030963
2025-05-31 10:15,0.053645
2025-05-31 10:30,0.062366
2025-05-31 10:45,0.055754
2025-05-31 11:00,0.057905
2025-05-31 11:15,0.025156
2025-05-31 11:30,0.051715
2025-05-31 11:45,0.016195
2025-05-31 12:00,0.036613
2025-05-31 12:15,0.013389
2025-05-31 12:30,0.032895
2025-05-31 12:45,0.025925
2025-05-31 13:00,0.112589
2025-05-31 13:15,0.018144
2025-05-31 13:30,0.029292
2025-05-31 13:45,0.0
2025-05-31 14:00,0.010118
2025-05-31 14:15,0.000363
2025-05-31 14:30,0.097586
2025-05-31 14:45,0.03309
2025-05-31 15:00,0.033498
2025-05-31 15:15,0.036754
2025-05-31 15:30,0.02751
2025-05-31 15:45,0.010535
2025-05-31 16:00,0.013064
2025-05-31 16:15,0.014694
2025-05-31 16:30,0.026731
2025-05-31 16:45,0.015481
2025-05-31 17:00,0.00312
2025-05-31 17:15,0.017355
2025-05-31 17:30,0.03084
2025-05-31 17:45,0.144327
2025-05-31 18:00,0.007022
2025-05-31 18:15,0.0
2025-05-31 18:30,0.0
2025-05-31 18:45,0.0
2025-05-31 19:00,0.0
2025-05-31 19:15,0.0
2025-05-31 19:30,0.0
2025-05-31 19:45,0.000221
2025-05-31 20:00,0.0
2025-05-31 20:15,0.000747
2025-05-31 20:30,0.008836
2025-05-31 20:45,0.006739
2025-05-31 21:00,0.000174
2025-05-31 21:15,0.007173
2025-05-31 21:30,0.0
2025-05-31 21:45,0.000174
2025-05-31 22:00,0.0005
2025-05-31 22:15,0.025043
2025-05-31 22:30,0.014753
2025-05-31 22:45,0.037721
2025-05-31 23:00,0.010283
2025-05-31 23:15,0.005891
2025-05-31 23:30,0.007279
2025-05-31 23:45,0.034337
2025-06-01 00:00,0.000349
2025-06-01 00:15,0.003737
2025-06-01 00:30,0.076205
2025-06-01 00:45,0.039646
2025-06-01 01:00,0.000193
2025-06-01 01:15,0.010769
2025-06-01 01:30,0.001268
2025-06-01 01:45,0.010759
2025-06-01 02:00,0.014237
2025-06-01 02:15,0.009374
2025-06-01 02:30,0.004046
2025-06-01 02:45,0.008648
2025-06-01 03:00,0.003586
2025-06-01 03:15,0.002479
2025-06-01 03:30,0.0
2025-06-01 03:45,0.000174
2025-06-01 04:00,0.012531
2025-06-01 04:15,0.002005
2025-06-01 04:30,0.002945
2025-06-01 04:45,0.000846
2025-06-01 05:00,0.0
2025-06-01 05:15,0.0
2025-06-01 05:30,0.012962
2025-06-01 05:45,0.000262
2025-06-01 06:00,0.007347
2025-06-01 06:15,0.000174
2025-06-01 06:30,0.001975
2025-06-01 06:45,0.0
2025-06-01 07:00,0.003586
2025-06-01 07:15,0.001419
2025-06-01 07:30,0.002945
2025-06-01 07:45,0.000266
2025-06-01 08:00,0.001199
2025-06-01 08:15,0.000617
2025-06-01 08:30,0.02477
2025-06-01 08:45,0.037973
2025-06-01 09:00,0.02904
2025-06-01 09:15,0.011464
2025-06-01 09:30,0.0
2025-06-01 09:45,0.007173
2025-06-01 10:00,0.037032
2025-06-01 10:15,0.047405
2025-06-01 10:30,0.069098
2025-06-01 10:45,0.066237
2025-06-01 11:00,0.055544
2025-06-01 11:15,0.049547
2025-06-01 11:30,0.060111
2025-06-01 11:45,0.056152
2025-06-01 12:00,0.069725
2025-06-01 12:15,0.040765
2025-06-01 12:30,0.032094
2025-06-01 12:45,0.055487
2025-06-01 13:00,0.043482
2025-06-01 13:15,0.003445
2025-06-01 13:30,0.006134
2025-06-01 13:45,0.089598
2025-06-01 14:00,0.074748
2025-06-01 14:15,0.059036
2025-06-01 14:30,0.00845
2025-06-01 14:45,0.022077
2025-06-01 15:00,0.041241
2025-06-01 15:15,0.006013
2025-06-01 15:30,0.014541
2025-06-01 15:45,0.000535
2025-06-01 16:00,0.0
2025-06-01 16:15,0.0
2025-06-01 16:30,0.000245
2025-06-01 16:45,0.115947
2025-06-01 17:00,0.03621
2025-06-01 17:15,0.00024
2025-06-01 17:30,0.000349
2025-06-01 17:45,0.0
2025-06-01 18:00,0.0
2025-06-01 18:15,0.0
2025-06-01 18:30,0.0
2025-06-01 18:45,0.0
2025-06-01 19:00,0.0
2025-06-01 19:15,0.001722
2025-06-01 19:30,0.0
2025-06-01 19:45,0.0
2025-06-01 20:00,0.0
2025-06-01 20:15,0.0
2025-06-01 20:30,0.00066
2025-06-01 20:45,0.0
2025-06-01 21:00,0.0
2025-06-01 21:15,0.0
2025-06-01 21:30,0.0
2025-06-01 21:45,0.003452
2025-06-01 22:00,0.0
2025-06-01 22:15,0.006216
2025-06-01 22:30,0.0
2025-06-01 22:45,0.0
2025-06-01 23:00,0.0
2025-06-01 23:15,0.033041
2025-06-01 23:30,0.029454
2025-06-01 23:45,0.003586
2025-06-02 00:00,0.000193
2025-06-02 00:15,0.012715
2025-06-02 00:30,0.022338
2025-06-02 00:45,0.002945
2025-06-02 01:00,0.02042
2025-06-02 01:15,0.025797
2025-06-02 01:30,0.003586
2025-06-02 01:45,0.000928
2025-06-02 02:00,0.000504
2025-06-02 02:15,0.011171
2025-06-02 02:30,0.000174
2025-06-02 02:45,0.0
2025-06-02 03:00,0.003935
2025-06-02 03:15,0.016612
2025-06-02 03:30,0.007521
2025-06-02 03:45,0.002945
2025-06-02 04:00,0.00312
2025-06-02 04:15,0.01201
2025-06-02 04:30,0.007347
2025-06-02 04:45,0.0
2025-06-02 05:00,0.027758
2025-06-02 05:15,0.011282
2025-06-02 05:30,0.021693
2025-06-02 05:45,0.011108
2025-06-02 06:00,0.037678
2025-06-02 06:15,0.058256
2025-06-02 06:30,0.04626
2025-06-02 06:45,0.014968
2025-06-02 07:00,0.003761
2025-06-02 07:15,0.006534
2025-06-02 07:30,0.036571
2025-06-02 07:45,0.050042
2025-06-02 08:00,0.122771
2025-06-02 08:15,0.064852
2025-06-02 08:30,0.024975
2025-06-02 08:45,0.014746
2025-06-02 09:00,0.003791
2025-06-02 09:15,0.0
2025-06-02 09:30,0.019416
2025-06-02 09:45,0.018464
2025-06-02 10:00,0.018021
2025-06-02 10:15,0.007159
2025-06-02 10:30,0.000174
2025-06-02 10:45,0.009581
2025-06-02 11:00,0.0
2025-06-02 11:15,0.000349
2025-06-02 11:30,0.000224
2025-06-02 11:45,0.0
2025-06-02 12:00,0.000372
2025-06-02 12:15,0.015368
2025-06-02 12:30,0.177085
2025-06-02 12:45,0.002969
2025-06-02 13:00,0.0
2025-06-02 13:15,0.0
2025-06-02 13:30,0.000933
2025-06-02 13:45,0.0
2025-06-02 14:00,0.005891
2025-06-02 14:15,0.008645
2025-06-02 14:30,0.000639
2025-06-02 14:45,0.025585
2025-06-02 15:00,0.007173
2025-06-02 15:15,0.002945
2025-06-02 15:30,0.010118
2025-06-02 15:45,0.007521
2025-06-02 16:00,0.009649
2025-06-02 16:15,0.0
2025-06-02 16:30,0.006734
2025-06-02 16:45,0.008836
2025-06-02 17:00,0.010118
2025-06-02 17:15,0.0324
2025-06-02 17:30,0.060108
2025-06-02 17:45,0.080347
2025-06-02 18:00,0.030086
2025-06-02 18:15,0.000509
2025-06-02 18:30,0.0
2025-06-02 18:45,0.004838
2025-06-02 19:00,0.0
2025-06-02 19:15,0.0
2025-06-02 19:30,0.00033
2025-06-02 19:45,0.0
2025-06-02 20:00,0.0
2025-06-02 20:15,0.0
2025-06-02 20:30,0.0
2025-06-02 20:45,0.0
2025-06-02 21:00,0.011862
2025-06-02 21:15,0.009774
2025-06-02 21:30,0.025802
2025-06-02 21:45,0.011659
2025-06-02 22:00,0.04544
2025-06-02 22:15,0.007724
2025-06-02 22:30,0.018832
2025-06-02 22:45,0.008667
2025-06-02 23:00,0.0
2025-06-02 23:15,0.0
2025-06-02 23:30,0.023651
2025-06-02 23:45,0.003445
2025-06-03 00:00,0.0
2025-06-03 00:15,0.01415
2025-06-03 00:30,0.0
2025-06-03 00:45,0.0
2025-06-03 01:00,0.0
2025-06-03 01:15,0.097063
2025-06-03 01:30,0.03182
2025-06-03 01:45,0.017696
2025-06-03 02:00,0.013064
2025-06-03 02:15,0.0
2025-06-03 02:30,0.007347
2025-06-03 02:45,0.0
2025-06-03 03:00,0.006638
2025-06-03 03:15,0.026964
2025-06-03 03:30,0.0
2025-06-03 03:45,0.0
2025-06-03 04:00,0.000247
2025-06-03 04:15,0.0
2025-06-03 04:30,0.0
2025-06-03 04:45,0.0
2025-06-03 05:00,0.0
2025-06-03 05:15,0.0
2025-06-03 05:30,0.003798
2025-06-03 05:45,0.006885
2025-06-03 06:00,0.024501
2025-06-03 06:15,0.0
2025-06-03 06:30,0.0002
2025-06-03 06:45,0.0
2025-06-03 07:00,0.003758
2025-06-03 07:15,0.00024
2025-06-03 07:30,0.000266
2025-06-03 07:45,0.000193
2025-06-03 08:00,0.000516
2025-06-03 08:15,0.008162
2025-06-03 08:30,0.012642
2025-06-03 08:45,0.003586
2025-06-03 09:00,0.0
2025-06-03 09:15,0.003963
2025-06-03 09:30,0.012314
2025-06-03 09:45,0.028839
2025-06-03 10:00,0.019548
2025-06-03 10:15,0.021082
2025-06-03 10:30,0.006515
2025-06-03 10:45,0.003586
2025-06-03 11:00,0.017722
2025-06-03 11:15,0.003605
2025-06-03 11:30,0.0
2025-06-03 11:45,0.003158
2025-06-03 12:00,0.000174
2025-06-03 12:15,0.011108
2025-06-03 12:30,0.006447
2025-06-03 12:45,0.040376
2025-06-03 13:00,0.114646
2025-06-03 13:15,0.046675
2025-06-03 13:30,0.069131
2025-06-03 13:45,0.05201
2025-06-03 14:00,0.1446
2025-06-03 14:15,0.142899
2025-06-03 14:30,0.072545
2025-06-03 14:45,0.064286
2025-06-03 15:00,0.000615
2025-06-03 15:15,0.014345
2025-06-03 15:30,0.000174
2025-06-03 15:45,0.003761
2025-06-03 16:00,0.0
2025-06-03 16:15,0.0
2025-06-03 16:30,0.000174
2025-06-03 16:45,0.000174
2025-06-03 17:00,0.0
2025-06-03 17:15,0.014694
2025-06-03 17:30,0.0
2025-06-03 17:45,0.0
2025-06-03 18:00,0.0
2025-06-03 18:15,0.0
2025-06-03 18:30,0.0
2025-06-03 18:45,0.0
2025-06-03 19:00,0.0
2025-06-03 19:15,0.0
2025-06-03 19:30,0.0
2025-06-03 19:45,0.0
2025-06-03 20:00,0.0
2025-06-03 20:15,0.0
2025-06-03 20:30,0.0
2025-06-03 20:45,0.0
2025-06-03 21:00,0.0
2025-06-03 21:15,0.000372
2025-06-03 21:30,0.0
2025-06-03 21:45,0.006565
2025-06-03 22:00,0.0
2025-06-03 22:15,0.0
2025-06-03 22:30,0.0
2025-06-03 22:45,0.0
2025-06-03 23:00,0.032593
2025-06-03 23:15,0.036976
2025-06-03 23:30,0.031236
2025-06-03 23:45,0.000495
2025-06-04 00:00,0.0
2025-06-04 00:00,0.0
2025-06-04 00:15,0.001204
2025-06-04 00:30,0.0
2025-06-04 00:45,0.0
2025-06-04 01:00,0.0
2025-06-04 01:15,0.002017
2025-06-04 01:30,0.014956
2025-06-04 01:45,0.0
2025-06-04 02:00,0.0
2025-06-04 02:15,0.01298
2025-06-04 02:30,0.0
2025-06-04 02:45,0.0
2025-06-04 03:00,0.021341
2025-06-04 03:15,0.01067
2025-06-04 03:30,0.0
2025-06-04 03:45,0.050115
2025-06-04 04:00,0.138568
2025-06-04 04:15,0.099628
2025-06-04 04:30,0.177004
2025-06-04 04:45,0.150946
2025-06-04 05:00,0.050717
2025-06-04 05:15,0.076075
2025-06-04 05:30,0.0
2025-06-04 05:45,0.0
2025-06-04 06:00,0.0
2025-06-04 06:15,0.0
2025-06-04 06:30,0.021341
2025-06-04 06:45,0.0
2025-06-04 07:00,0.0
2025-06-04 07:15,0.0
2025-06-04 07:30,0.0
2025-06-04 07:45,0.0
2025-06-04 08:00,0.0
2025-06-04 08:15,0.0
2025-06-04 08:30,0.001261
2025-06-04 08:45,0.001627
2025-06-04 09:00,0.041624
2025-06-04 09:15,0.0
2025-06-04 09:30,0.025358
2025-06-04 09:45,0.0
2025-06-04 10:00,0.013208
2025-06-04 10:15,0.017778
2025-06-04 10:30,0.0
2025-06-04 10:45,0.0
2025-06-04 11:00,0.0
2025-06-04 11:15,0.000667
2025-06-04 11:30,0.00588
2025-06-04 11:45,0.001911
2025-06-04 12:00,0.034922
2025-06-04 12:15,0.135851
2025-06-04 12:30,0.037858
2025-06-04 12:45,0.0
2025-06-04 13:00,0.038338
2025-06-04 13:15,0.089055
2025-06-04 13:30,0.165805
2025-06-04 13:45,0.070675
2025-06-04 14:00,0.160453
2025-06-04 14:15,0.208307
2025-06-04 14:30,0.06381
2025-06-04 14:45,0.097334
2025-06-04 15:00,0.029229
2025-06-04 15:15,0.066014
2025-06-04 15:30,0.08498
2025-06-04 15:45,0.030498
2025-06-04 16:00,0.285496
2025-06-04 16:15,0.041469
2025-06-04 16:30,0.026611
2025-06-04 16:45,0.001879
2025-06-04 17:00,0.043015
2025-06-04 17:15,0.137348
2025-06-04 17:30,0.0879
2025-06-04 17:45,0.1038
2025-06-04 18:00,0.000903
2025-06-04 18:15,0.013159
2025-06-04 18:30,0.001708
2025-06-04 18:45,0.005888
2025-06-04 19:00,0.010573
2025-06-04 19:15,0.001822
2025-06-04 19:30,0.0
2025-06-04 19:45,0.0
2025-06-04 20:00,0.000756
2025-06-04 20:15,0.0
2025-06-04 20:30,0.0
2025-06-04 20:45,0.0
2025-06-04 21:00,0.0
2025-06-04 21:15,0.02069
2025-06-04 21:30,0.000594
2025-06-04 21:45,0.0
2025-06-04 22:00,0.037135
2025-06-04 22:15,0.0
2025-06-04 22:30,0.024756
2025-06-04 22:45,0.005449
2025-06-04 23:00,0.061867
2025-06-04 23:15,0.054677
2025-06-04 23:30,0.010166
2025-06-04 23:45,0.0
2025-06-05 00:00,0.000805
2025-06-05 00:15,0.0
2025-06-05 00:30,0.0
2025-06-05 00:45,0.0
2025-06-05 01:00,0.0
2025-06-05 01:15,0.00309
2025-06-05 01:30,0.0
2025-06-05 01:45,0.000602
2025-06-05 02:00,0.012378
2025-06-05 02:15,0.0
2025-06-05 02:30,0.0
2025-06-05 02:45,0.0
2025-06-05 03:00,0.0
2025-06-05 03:15,0.0
2025-06-05 03:30,0.0
2025-06-05 03:45,0.114527
2025-06-05 04:00,0.0
2025-06-05 04:15,0.07466
2025-06-05 04:30,0.001041
2025-06-05 04:45,0.000602
2025-06-05 05:00,0.001757
2025-06-05 05:15,0.00501
2025-06-05 05:30,0.0
2025-06-05 05:45,0.010166
2025-06-05 06:00,0.0
2025-06-05 06:15,0.001415
2025-06-05 06:30,0.0
2025-06-05 06:45,0.0
2025-06-05 07:00,0.0
2025-06-05 07:15,0.0
2025-06-05 07:30,0.0
2025-06-05 07:45,0.0
2025-06-05 08:00,0.0
2025-06-05 08:15,0.0
2025-06-05 08:30,0.0
2025-06-05 08:45,0.039241
2025-06-05 09:00,0.228631
2025-06-05 09:15,0.001464
2025-06-05 09:30,0.002627
2025-06-05 09:45,0.014363
2025-06-05 10:00,0.010573
2025-06-05 10:15,0.0
2025-06-05 10:30,0.0
2025-06-05 10:45,0.000521
2025-06-05 11:00,0.001204
2025-06-05 11:15,0.012378
2025-06-05 11:30,0.002895
2025-06-05 11:45,0.019259
2025-06-05 12:00,0.065502
2025-06-05 12:15,0.149742
2025-06-05 12:30,0.065453
2025-06-05 12:45,0.011606
2025-06-05 13:00,0.325469
2025-06-05 13:15,0.110753
2025-06-05 13:30,0.039737
2025-06-05 13:45,0.077051
2025-06-05 14:00,0.179313
2025-06-05 14:15,0.187405
2025-06-05 14:30,0.199792
2025-06-05 14:45,0.31427
2025-06-05 15:00,0.101433
2025-06-05 15:15,0.121993
2025-06-05 15:30,0.170074
2025-06-05 15:45,0.042779
2025-06-05 16:00,0.0
2025-06-05 16:15,0.002407
2025-06-05 16:30,0.0
2025-06-05 16:45,0.163926
2025-06-05 17:00,0.166333
2025-06-05 17:15,0.383342
2025-06-05 17:30,0.152995
2025-06-05 17:45,0.029766
2025-06-05 18:00,0.1156
2025-06-05 18:15,0.012378
2025-06-05 18:30,0.0
2025-06-05 18:45,0.0
2025-06-05 19:00,0.0
2025-06-05 19:15,0.026627
2025-06-05 19:30,0.0
2025-06-05 19:45,0.010922
2025-06-05 20:00,0.0
2025-06-05 20:15,0.010166
2025-06-05 20:30,0.0
2025-06-05 20:45,0.0
2025-06-05 21:00,0.0
2025-06-05 21:15,0.0
2025-06-05 21:30,0.0
2025-06-05 21:45,0.0
2025-06-05 22:00,0.0
2025-06-05 22:15,0.0
2025-06-05 22:30,0.000602
2025-06-05 22:45,0.105906
2025-06-05 23:00,0.091047
2025-06-05 23:15,0.287806
2025-06-05 23:30,0.337009
2025-06-05 23:45,0.229249
2025-06-06 00:00,0.0
2025-06-06 00:15,0.0
2025-06-06 00:30,0.0
2025-06-06 00:45,0.0
2025-06-06 01:00,0.0
2025-06-06 01:15,0.0
2025-06-06 01:30,0.004278
2025-06-06 01:45,0.0
2025-06-06 02:00,0.037736
2025-06-06 02:15,0.111851
2025-06-06 02:30,0.441809
2025-06-06 02:45,0.88222
2025-06-06 03:00,1.0
2025-06-06 03:15,0.174694
2025-06-06 03:30,0.0
2025-06-06 03:45,0.001139
2025-06-06 04:00,0.050115
2025-06-06 04:15,0.0
2025-06-06 04:30,0.007352
2025-06-06 04:45,0.0
2025-06-06 05:00,0.0
2025-06-06 05:15,0.0
2025-06-06 05:30,0.002359
2025-06-06 05:45,0.0
2025-06-06 06:00,0.0
2025-06-06 06:15,0.0
2025-06-06 06:30,0.0
2025-06-06 06:45,0.0
2025-06-06 07:00,0.514558
2025-06-06 07:15,0.32664
2025-06-06 07:30,0.024756
2025-06-06 07:45,0.00597
2025-06-06 08:00,0.0
2025-06-06 08:15,0.021341
2025-06-06 08:30,0.0
2025-06-06 08:45,0.002359
2025-06-06 09:00,0.0
2025-06-06 09:15,0.024756
2025-06-06 09:30,0.0
2025-06-06 09:45,0.009255
2025-06-06 10:00,0.0
2025-06-06 10:15,0.0
2025-06-06 10:30,0.0
2025-06-06 10:45,0.0
2025-06-06 11:00,0.0
2025-06-06 11:15,0.001936
2025-06-06 11:30,0.010987
2025-06-06 11:45,0.015981
2025-06-06 12:00,0.032068
2025-06-06 12:15,0.002635
2025-06-06 12:30,0.012882
2025-06-06 12:45,0.006872
2025-06-06 13:00,0.012834
2025-06-06 13:15,0.061403
2025-06-06 13:30,0.000521
2025-06-06 13:45,0.013135
2025-06-06 14:00,0.153207
2025-06-06 14:15,0.000667
2025-06-06 14:30,0.010166
2025-06-06 14:45,0.00083
2025-06-06 15:00,0.229965
2025-06-06 15:15,0.0798
2025-06-06 15:30,0.001936
2025-06-06 15:45,0.0
2025-06-06 16:00,0.0
2025-06-06 16:15,0.156492
2025-06-06 16:30,0.021381
2025-06-06 16:45,0.053352
2025-06-06 17:00,0.0
2025-06-06 17:15,0.0
2025-06-06 17:30,0.042055
2025-06-06 17:45,0.049497
2025-06-06 18:00,0.0
2025-06-06 18:15,0.001936
2025-06-06 18:30,0.023447
2025-06-06 18:45,0.000642
2025-06-06 19:00,0.07479
2025-06-06 19:15,0.0
2025-06-06 19:30,0.0
2025-06-06 19:45,0.075205
2025-06-06 20:00,0.214455
2025-06-06 20:15,0.101921
2025-06-06 20:30,0.006571
2025-06-06 20:45,0.004294
2025-06-06 21:00,0.0
2025-06-06 21:15,0.0
2025-06-06 21:30,0.0
2025-06-06 21:45,0.0
2025-06-06 22:00,0.0
2025-06-06 22:15,0.0
2025-06-06 22:30,0.007019
2025-06-06 22:45,0.145765
2025-06-06 23:00,0.071903
2025-06-06 23:15,0.03528
2025-06-06 23:30,0.0
2025-06-06 23:45,0.0
2025-06-07 00:00,0.033402
2025-06-07 00:15,0.0
2025-06-07 00:30,0.012378
2025-06-07 00:45,0.0
2025-06-07 01:00,0.0
2025-06-07 01:15,0.000968
2025-06-07 01:30,0.001936
2025-06-07 01:45,0.020283
2025-06-07 02:00,0.003798
2025-06-07 02:15,0.003953
2025-06-07 02:30,0.242603
2025-06-07 02:45,0.001757
2025-06-07 03:00,0.010166
2025-06-07 03:15,0.020332
2025-06-07 03:30,0.000968
2025-06-07 03:45,0.003871
2025-06-07 04:00,0.00758
2025-06-07 04:15,0.014916
2025-06-07 04:30,0.034435
2025-06-07 04:45,0.025122
2025-06-07 05:00,0.023122
2025-06-07 05:15,0.0
2025-06-07 05:30,0.00083
2025-06-07 05:45,0.001936
2025-06-07 06:00,0.003944
2025-06-07 06:15,0.010166
2025-06-07 06:30,0.027896
2025-06-07 06:45,0.0
2025-06-07 07:00,0.00083
2025-06-07 07:15,0.0
2025-06-07 07:30,0.0
2025-06-07 07:45,0.00932
2025-06-07 08:00,0.025895
2025-06-07 08:15,0.05192
2025-06-07 08:30,0.053799
2025-06-07 08:45,0.421843
2025-06-07 09:00,0.043828
2025-06-07 09:15,0.015387
2025-06-07 09:30,0.033426
2025-06-07 09:45,0.0
2025-06-07 10:00,0.022829
2025-06-07 10:15,0.070927
2025-06-07 10:30,0.10384
2025-06-07 10:45,0.024756
2025-06-07 11:00,0.196262
2025-06-07 11:15,0.206331
2025-06-07 11:30,0.0
2025-06-07 11:45,0.023244
2025-06-07 12:00,0.0
2025-06-07 12:15,0.0
2025-06-07 12:30,0.0
2025-06-07 12:45,0.010687
2025-06-07 13:00,0.0
2025-06-07 13:15,0.000911
2025-06-07 13:30,0.061891
2025-06-07 13:45,0.0
2025-06-07 14:00,0.0
2025-06-07 14:15,0.0
2025-06-07 14:30,0.239139
2025-06-07 14:45,0.469461
2025-06-07 15:00,0.130297
2025-06-07 15:15,0.635428
2025-06-07 15:30,0.311895
2025-06-07 15:45,0.107581
2025-06-07 16:00,0.051229
2025-06-07 16:15,0.122969
2025-06-07 16:30,0.013313
2025-06-07 16:45,0.012378
2025-06-07 17:00,0.222539
2025-06-07 17:15,0.134574
2025-06-07 17:30,0.154573
2025-06-07 17:45,0.242774
2025-06-07 18:00,0.0
2025-06-07 18:15,0.000667
2025-06-07 18:30,0.125905
2025-06-07 18:45,0.491664
2025-06-07 19:00,0.097968
2025-06-07 19:15,0.143008
2025-06-07 19:30,0.179541
2025-06-07 19:45,0.0
2025-06-07 20:00,0.001204
2025-06-07 20:15,0.0
2025-06-07 20:30,0.025431
2025-06-07 20:45,0.19945
2025-06-07 21:00,0.0
2025-06-07 21:15,0.024756
2025-06-07 21:30,0.024756
2025-06-07 21:45,0.0
2025-06-07 22:00,0.002058
2025-06-07 22:15,0.001204
2025-06-07 22:30,0.012378
2025-06-07 22:45,0.0
2025-06-07 23:00,0.0
2025-06-07 23:15,0.06181
2025-06-07 23:30,0.148465
2025-06-07 23:45,0.345289
2025-06-08 00:00,0.03271
2025-06-08 00:15,0.000602
2025-06-08 00:30,0.0
2025-06-08 00:45,0.005823
2025-06-08 01:00,0.045853
2025-06-08 01:15,0.01921
2025-06-08 01:30,0.2204
2025-06-08 01:45,0.062981
2025-06-08 02:00,0.070447
2025-06-08 02:15,0.0
2025-06-08 02:30,0.010166
2025-06-08 02:45,0.0
2025-06-08 03:00,0.0
2025-06-08 03:15,0.025993
2025-06-08 03:30,0.001724
2025-06-08 03:45,0.002847
2025-06-08 04:00,0.0
2025-06-08 04:15,0.0
2025-06-08 04:30,0.041705
2025-06-08 04:45,0.0
2025-06-08 05:00,0.034922
2025-06-08 05:15,0.000789
2025-06-08 05:30,0.235397
2025-06-08 05:45,0.184811
2025-06-08 06:00,0.049513
2025-06-08 06:15,0.0
2025-06-08 06:30,0.000602
2025-06-08 06:45,0.020934
2025-06-08 07:00,0.059679
2025-06-08 07:15,0.0
2025-06-08 07:30,0.0
2025-06-08 07:45,0.053392
2025-06-08 08:00,0.013834
2025-06-08 08:15,0.245913
2025-06-08 08:30,0.352746
2025-06-08 08:45,0.189211
2025-06-08 09:00,0.101311
2025-06-08 09:15,0.031165
2025-06-08 09:30,0.063453
2025-06-08 09:45,0.090706
2025-06-08 10:00,0.083541
2025-06-08 10:15,0.000854
2025-06-08 10:30,0.026228
2025-06-08 10:45,0.075359
2025-06-08 11:00,0.183616
2025-06-08 11:15,0.144147
2025-06-08 11:30,0.083573
2025-06-08 11:45,0.069845
2025-06-08 12:00,0.103385
2025-06-08 12:15,0.115072
2025-06-08 12:30,0.066047
2025-06-08 12:45,0.262545
2025-06-08 13:00,0.227875
2025-06-08 13:15,0.13616
2025-06-08 13:30,0.140129
2025-06-08 13:45,0.10075
2025-06-08 14:00,0.1751
2025-06-08 14:15,0.050115
2025-06-08 14:30,0.023146
2025-06-08 14:45,0.0
2025-06-08 15:00,0.004319
2025-06-08 15:15,0.001358
2025-06-08 15:30,0.0
2025-06-08 15:45,0.0
2025-06-08 16:00,0.001
2025-06-08 16:15,0.03271
2025-06-08 16:30,0.0
2025-06-08 16:45,0.001025
2025-06-08 17:00,0.149498
2025-06-08 17:15,0.031352
2025-06-08 17:30,0.074871
2025-06-08 17:45,0.0
2025-06-08 18:00,0.004701
2025-06-08 18:15,0.010768
2025-06-08 18:30,0.0
2025-06-08 18:45,0.0
2025-06-08 19:00,0.0
2025-06-08 19:15,0.0
2025-06-08 19:30,0.010166
2025-06-08 19:45,0.0
2025-06-08 20:00,0.0
2025-06-08 20:15,0.0
2025-06-08 20:30,0.0
2025-06-08 20:45,0.0
2025-06-08 21:00,0.0
2025-06-08 21:15,0.0
2025-06-08 21:30,0.010166
2025-06-08 21:45,0.0
2025-06-08 22:00,0.0
2025-06-08 22:15,0.004741
2025-06-08 22:30,0.0
2025-06-08 22:45,0.0
2025-06-08 23:00,0.037899
2025-06-08 23:15,0.356309
2025-06-08 23:30,0.013907
2025-06-08 23:45,0.0
2025-06-09 00:00,0.024756
2025-06-09 00:15,0.000602
2025-06-09 00:30,0.030498
2025-06-09 00:45,0.020755
2025-06-09 01:00,0.036321
2025-06-09 01:15,0.001529
2025-06-09 01:30,0.010768
2025-06-09 01:45,0.0
2025-06-09 02:00,0.0
2025-06-09 02:15,0.020332
2025-06-09 02:30,0.0
2025-06-09 02:45,0.0
2025-06-09 03:00,0.0
2025-06-09 03:15,0.0
2025-06-09 03:30,0.0
2025-06-09 03:45,0.140267
2025-06-09 04:00,0.103182
2025-06-09 04:15,0.070252
2025-06-09 04:30,0.00148
2025-06-09 04:45,0.0
2025-06-09 05:00,0.010939
2025-06-09 05:15,0.0
2025-06-09 05:30,0.0
2025-06-09 05:45,0.0
2025-06-09 06:00,0.0
2025-06-09 06:15,0.0
2025-06-09 06:30,0.000602
2025-06-09 06:45,0.0
2025-06-09 07:00,0.000781
2025-06-09 07:15,0.009491
2025-06-09 07:30,0.001139
2025-06-09 07:45,0.010573
2025-06-09 08:00,0.010166
2025-06-09 08:15,0.021113
2025-06-09 08:30,0.020332
2025-06-09 08:45,0.012378
2025-06-09 09:00,0.0
2025-06-09 09:15,0.0
2025-06-09 09:30,0.0054
2025-06-09 09:45,0.0
2025-06-09 10:00,0.001651
2025-06-09 10:15,0.01067
2025-06-09 10:30,0.033158
2025-06-09 10:45,0.0
2025-06-09 11:00,0.012378
2025-06-09 11:15,0.013704
2025-06-09 11:30,0.0
2025-06-09 11:45,0.0
2025-06-09 12:00,0.053587
2025-06-09 12:15,0.181802
2025-06-09 12:30,0.000602
2025-06-09 12:45,0.116007
2025-06-09 13:00,0.750264
2025-06-09 13:15,0.202785
2025-06-09 13:30,0.038794
2025-06-09 13:45,0.051066
2025-06-09 14:00,0.000602
2025-06-09 14:15,0.009385
2025-06-09 14:30,0.0
2025-06-09 14:45,0.011597
2025-06-09 15:00,0.001586
2025-06-09 15:15,0.011109
2025-06-09 15:30,0.031482
2025-06-09 15:45,0.014184
2025-06-09 16:00,0.001342
2025-06-09 16:15,0.037135
2025-06-09 16:30,0.010573
2025-06-09 16:45,0.003774
2025-06-09 17:00,0.000602
2025-06-09 17:15,0.0
2025-06-09 17:30,0.025651
2025-06-09 17:45,0.0
2025-06-09 18:00,0.0
2025-06-09 18:15,0.0
2025-06-09 18:30,0.0
2025-06-09 18:45,0.012378
2025-06-09 19:00,0.0
2025-06-09 19:15,0.0
2025-06-09 19:30,0.001179
2025-06-09 19:45,0.000659
2025-06-09 20:00,0.022658
2025-06-09 20:15,0.000659
2025-06-09 20:30,0.001838
2025-06-09 20:45,0.0
2025-06-09 21:00,0.0
2025-06-09 21:15,0.025993
2025-06-09 21:30,0.0
2025-06-09 21:45,0.0
2025-06-09 22:00,0.03145
2025-06-09 22:15,0.000602
2025-06-09 22:30,0.011386
2025-06-09 22:45,0.049513
2025-06-09 23:00,0.081833
2025-06-09 23:15,0.071699
2025-06-09 23:30,0.010166
2025-06-09 23:45,0.0
2025-06-10 00:00,0.025358
2025-06-10 00:15,0.001529
2025-06-10 00:30,0.0
2025-06-10 00:45,0.0
2025-06-10 01:00,0.0
2025-06-10 01:15,0.0
2025-06-10 01:30,0.002619
2025-06-10 01:45,0.080003
2025-06-10 02:00,0.000602
2025-06-10 02:15,0.0
2025-06-10 02:30,0.061956
2025-06-10 02:45,0.0061
2025-06-10 03:00,0.029457
2025-06-10 03:15,0.015387
2025-06-10 03:30,0.0
2025-06-10 03:45,0.011541
2025-06-10 04:00,0.050944
2025-06-10 04:15,0.113567
2025-06-10 04:30,0.15698
2025-06-10 04:45,0.121513
2025-06-10 05:00,0.074969
2025-06-10 05:15,0.012378
2025-06-10 05:30,0.148539
2025-06-10 05:45,0.026058
2025-06-10 06:00,0.076124
2025-06-10 06:15,0.141398
2025-06-10 06:30,0.087249
2025-06-10 06:45,0.051416
2025-06-10 07:00,0.024756
2025-06-10 07:15,0.050399
2025-06-10 07:30,0.025358
2025-06-10 07:45,0.039038
2025-06-10 08:00,0.050115
2025-06-10 08:15,0.08903
2025-06-10 08:30,0.114511
2025-06-10 08:45,0.102084
2025-06-10 09:00,0.091007
2025-06-10 09:15,0.087786
2025-06-10 09:30,0.088453
2025-06-10 09:45,0.101758
2025-06-10 10:00,0.124384
2025-06-10 10:15,0.126986
2025-06-10 10:30,0.099026
2025-06-10 10:45,0.063095
2025-06-10 11:00,0.159388
2025-06-10 11:15,0.039168
2025-06-10 11:30,0.069804
2025-06-10 11:45,0.177508
2025-06-10 12:00,0.152881
2025-06-10 12:15,0.001805
2025-06-10 12:30,0.00466
2025-06-10 12:45,0.091836
2025-06-10 13:00,0.000813
2025-06-10 13:15,0.0
2025-06-10 13:30,0.161364
2025-06-10 13:45,0.179313
2025-06-10 14:00,0.041868
2025-06-10 14:15,0.320321
2025-06-10 14:30,0.109306
2025-06-10 14:45,0.0
2025-06-10 15:00,0.026212
2025-06-10 15:15,0.008182
2025-06-10 15:30,0.02757
2025-06-10 15:45,0.101156
2025-06-10 16:00,0.227281
2025-06-10 16:15,0.187161
2025-06-10 16:30,0.075839
2025-06-10 16:45,0.192383
2025-06-10 17:00,0.135868
2025-06-10 17:15,0.074269
2025-06-10 17:30,0.146326
2025-06-10 17:45,0.07601
2025-06-10 18:00,0.207632
2025-06-10 18:15,0.190374
2025-06-10 18:30,0.09979
2025-06-10 18:45,0.067747
2025-06-10 19:00,0.075473
2025-06-10 19:15,0.202346
2025-06-10 19:30,0.21487
2025-06-10 19:45,0.484694
2025-06-10 20:00,0.432115
2025-06-10 20:15,0.225313
2025-06-10 20:30,0.37595
2025-06-10 20:45,0.0
2025-06-10 21:00,0.0
2025-06-10 21:15,0.0
2025-06-10 21:30,0.0
2025-06-10 21:45,0.0
2025-06-10 22:00,0.0
2025-06-10 22:15,0.036346
2025-06-10 22:30,0.133135
2025-06-10 22:45,0.012378
2025-06-10 23:00,0.038745
2025-06-10 23:15,0.010166
2025-06-10 23:30,0.02535
2025-06-10 23:45,0.01137
2025-06-11 00:00,0.000667
2025-06-11 00:00,0.00027
2025-06-11 00:15,0.0
2025-06-11 00:30,0.010375
2025-06-11 00:45,0.001867
2025-06-11 01:00,0.009474
2025-06-11 01:15,0.000363
2025-06-11 01:30,0.000244
2025-06-11 01:45,0.015563
2025-06-11 02:00,0.00059
2025-06-11 02:15,0.002768
2025-06-11 02:30,0.019918
2025-06-11 02:45,0.011744
2025-06-11 03:00,0.021059
2025-06-11 03:15,0.002553
2025-06-11 03:30,0.015062
2025-06-11 03:45,0.006357
2025-06-11 04:00,0.004499
2025-06-11 04:15,0.001491
2025-06-11 04:30,0.0
2025-06-11 04:45,0.007313
2025-06-11 05:00,0.014825
2025-06-11 05:15,0.0
2025-06-11 05:30,0.0
2025-06-11 05:45,0.000567
2025-06-11 06:00,0.005021
2025-06-11 06:15,0.005443
2025-06-11 06:30,0.000205
2025-06-11 06:45,0.009873
2025-06-11 07:00,0.034782
2025-06-11 07:15,0.012898
2025-06-11 07:30,0.018259
2025-06-11 07:45,0.005021
2025-06-11 08:00,0.000307
2025-06-11 08:15,0.010371
2025-06-11 08:30,0.118976
2025-06-11 08:45,0.005403
2025-06-11 09:00,0.010285
2025-06-11 09:15,0.020205
2025-06-11 09:30,0.005021
2025-06-11 09:45,0.010252
2025-06-11 10:00,0.008247
2025-06-11 10:15,0.010375
2025-06-11 10:30,0.0
2025-06-11 10:45,0.001458
2025-06-11 11:00,0.0
2025-06-11 11:15,0.000247
2025-06-11 11:30,0.000244
2025-06-11 11:45,0.05721
2025-06-11 12:00,0.152009
2025-06-11 12:15,0.0
2025-06-11 12:30,0.050999
2025-06-11 12:45,0.004123
2025-06-11 13:00,0.017058
2025-06-11 13:15,0.010355
2025-06-11 13:30,0.000488
2025-06-11 13:45,0.004123
2025-06-11 14:00,0.022438
2025-06-11 14:15,0.005265
2025-06-11 14:30,0.018506
2025-06-11 14:45,0.017582
2025-06-11 15:00,0.006327
2025-06-11 15:15,0.000594
2025-06-11 15:30,0.001778
2025-06-11 15:45,0.00064
2025-06-11 16:00,0.030368
2025-06-11 16:15,0.033838
2025-06-11 16:30,0.005265
2025-06-11 16:45,0.000488
2025-06-11 17:00,0.006149
2025-06-11 17:15,0.0
2025-06-11 17:30,0.008735
2025-06-11 17:45,0.0
2025-06-11 18:00,0.004084
2025-06-11 18:15,0.000627
2025-06-11 18:30,0.0
2025-06-11 18:45,0.0
2025-06-11 19:00,0.000581
2025-06-11 19:15,0.0
2025-06-11 19:30,0.000462
2025-06-11 19:45,0.0
2025-06-11 20:00,0.0
2025-06-11 20:15,0.0
2025-06-11 20:30,0.0
2025-06-11 20:45,0.0
2025-06-11 21:00,0.004424
2025-06-11 21:15,0.0
2025-06-11 21:30,0.012664
2025-06-11 21:45,0.0
2025-06-11 22:00,0.0
2025-06-11 22:15,0.021165
2025-06-11 22:30,0.0
2025-06-11 22:45,0.071085
2025-06-11 23:00,0.011447
2025-06-11 23:15,0.107542
2025-06-11 23:30,0.051144
2025-06-11 23:45,0.000409
2025-06-12 00:00,0.000422
2025-06-12 00:15,0.0
2025-06-12 00:30,0.010252
2025-06-12 00:45,0.00161
2025-06-12 01:00,0.0
2025-06-12 01:15,0.0
2025-06-12 01:30,0.009857
2025-06-12 01:45,0.022319
2025-06-12 02:00,0.050319
2025-06-12 02:15,0.211782
2025-06-12 02:30,0.063158
2025-06-12 02:45,0.096947
2025-06-12 03:00,0.184099
2025-06-12 03:15,0.050949
2025-06-12 03:30,0.016197
2025-06-12 03:45,0.001735
2025-06-12 04:00,0.000488
2025-06-12 04:15,0.004368
2025-06-12 04:30,0.017206
2025-06-12 04:45,0.000244
2025-06-12 05:00,0.0
2025-06-12 05:15,0.0
2025-06-12 05:30,0.0
2025-06-12 05:45,0.040165
2025-06-12 06:00,0.052955
2025-06-12 06:15,0.116607
2025-06-12 06:30,0.026947
2025-06-12 06:45,0.050748
2025-06-12 07:00,0.070652
2025-06-12 07:15,0.077563
2025-06-12 07:30,0.050167
2025-06-12 07:45,0.105405
2025-06-12 08:00,0.059895
2025-06-12 08:15,0.0919
2025-06-12 08:30,0.028495
2025-06-12 08:45,0.063342
2025-06-12 09:00,0.082442
2025-06-12 09:15,0.039657
2025-06-12 09:30,0.022771
2025-06-12 09:45,0.000307
2025-06-12 10:00,0.00921
2025-06-12 10:15,0.036481
2025-06-12 10:30,0.031675
2025-06-12 10:45,0.009893
2025-06-12 11:00,0.0
2025-06-12 11:15,0.027792
2025-06-12 11:30,0.160972
2025-06-12 11:45,0.142954
2025-06-12 12:00,0.127381
2025-06-12 12:15,0.089689
2025-06-12 12:30,0.123498
2025-06-12 12:45,0.193907
2025-06-12 13:00,0.116568
2025-06-12 13:15,0.225997
2025-06-12 13:30,0.154866
2025-06-12 13:45,0.208348
2025-06-12 14:00,0.123129
2025-06-12 14:15,0.096049
2025-06-12 14:30,0.08673
2025-06-12 14:45,0.086826
2025-06-12 15:00,0.098583
2025-06-12 15:15,0.109185
2025-06-12 15:30,0.01808
2025-06-12 15:45,0.001214
2025-06-12 16:00,0.052638
2025-06-12 16:15,0.010866
2025-06-12 16:30,0.002019
2025-06-12 16:45,0.010378
2025-06-12 17:00,0.025064
2025-06-12 17:15,0.01116
2025-06-12 17:30,0.000488
2025-06-12 17:45,0.010041
2025-06-12 18:00,0.032107
2025-06-12 18:15,0.030124
2025-06-12 18:30,0.035762
2025-06-12 18:45,0.020083
2025-06-12 19:00,0.030124
2025-06-12 19:15,0.030124
2025-06-12 19:30,0.025103
2025-06-12 19:45,0.031137
2025-06-12 20:00,0.003256
2025-06-12 20:15,0.040654
2025-06-12 20:30,0.0
2025-06-12 20:45,0.0
2025-06-12 21:00,0.0
2025-06-12 21:15,0.0
2025-06-12 21:30,0.0
2025-06-12 21:45,0.0
2025-06-12 22:00,0.000505
2025-06-12 22:15,0.0
2025-06-12 22:30,0.000732
2025-06-12 22:45,0.023639
2025-06-12 23:00,0.036444
2025-06-12 23:15,0.021392
2025-06-12 23:30,0.006548
2025-06-12 23:45,0.000673
2025-06-13 00:00,0.0
2025-06-13 00:15,0.0
2025-06-13 00:30,0.001564
2025-06-13 00:45,0.0
2025-06-13 01:00,0.02193
2025-06-13 01:15,0.009388
2025-06-13 01:30,0.0
2025-06-13 01:45,0.000488
2025-06-13 02:00,0.005021
2025-06-13 02:15,0.016494
2025-06-13 02:30,0.009388
2025-06-13 02:45,0.0
2025-06-13 03:00,0.028178
2025-06-13 03:15,0.025103
2025-06-13 03:30,0.008979
2025-06-13 03:45,0.034155
2025-06-13 04:00,0.0
2025-06-13 04:15,0.027317
2025-06-13 04:30,0.0
2025-06-13 04:45,0.010041
2025-06-13 05:00,0.000472
2025-06-13 05:15,0.001959
2025-06-13 05:30,0.000244
2025-06-13 05:45,0.004123
2025-06-13 06:00,0.0
2025-06-13 06:15,0.0
2025-06-13 06:30,0.0
2025-06-13 06:45,0.0
2025-06-13 07:00,0.01053
2025-06-13 07:15,0.0
2025-06-13 07:30,0.021059
2025-06-13 07:45,0.025592
2025-06-13 08:00,0.01053
2025-06-13 08:15,0.029069
2025-06-13 08:30,0.020083
2025-06-13 08:45,0.0
2025-06-13 09:00,0.000244
2025-06-13 09:15,0.0
2025-06-13 09:30,0.0089
2025-06-13 09:45,0.0
2025-06-13 10:00,0.0
2025-06-13 10:15,0.0
2025-06-13 10:30,0.000307
2025-06-13 10:45,0.059166
2025-06-13 11:00,0.0
2025-06-13 11:15,0.0
2025-06-13 11:30,0.061515
2025-06-13 11:45,0.0
2025-06-13 12:00,0.010246
2025-06-13 12:15,0.014165
2025-06-13 12:30,0.032123
2025-06-13 12:45,0.000244
2025-06-13 13:00,0.00888
2025-06-13 13:15,0.077639
2025-06-13 13:30,0.032987
2025-06-13 13:45,0.004328
2025-06-13 14:00,0.010497
2025-06-13 14:15,0.003348
2025-06-13 14:30,0.001524
2025-06-13 14:45,0.000313
2025-06-13 15:00,0.001339
2025-06-13 15:15,0.008557
2025-06-13 15:30,0.0
2025-06-13 15:45,0.000284
2025-06-13 16:00,0.005304
2025-06-13 16:15,0.101021
2025-06-13 16:30,0.225419
2025-06-13 16:45,0.051817
2025-06-13 17:00,0.001079
2025-06-13 17:15,0.00444
2025-06-13 17:30,0.047723
2025-06-13 17:45,0.02132
2025-06-13 18:00,0.013178
2025-06-13 18:15,0.0
2025-06-13 18:30,0.0
2025-06-13 18:45,0.0
2025-06-13 19:00,0.0
2025-06-13 19:15,0.0
2025-06-13 19:30,0.0
2025-06-13 19:45,0.0
2025-06-13 20:00,0.000244
2025-06-13 20:15,0.0
2025-06-13 20:30,0.0
2025-06-13 20:45,0.0
2025-06-13 21:00,0.0
2025-06-13 21:15,0.000957
2025-06-13 21:30,0.0
2025-06-13 21:45,0.0
2025-06-13 22:00,0.0
2025-06-13 22:15,0.004123
2025-06-13 22:30,0.01237
2025-06-13 22:45,0.015049
2025-06-13 23:00,0.083029
2025-06-13 23:15,0.014765
2025-06-13 23:30,0.008247
2025-06-13 23:45,0.175948
2025-06-14 00:00,0.22953
2025-06-14 00:15,0.241425
2025-06-14 00:30,0.054894
2025-06-14 00:45,0.051526
2025-06-14 01:00,0.0
2025-06-14 01:15,0.000422
2025-06-14 01:30,0.0
2025-06-14 01:45,0.0
2025-06-14 02:00,0.0
2025-06-14 02:15,0.084474
2025-06-14 02:30,0.008735
2025-06-14 02:45,0.0
2025-06-14 03:00,0.0
2025-06-14 03:15,0.0
2025-06-14 03:30,0.000393
2025-06-14 03:45,0.0
2025-06-14 04:00,0.0
2025-06-14 04:15,0.0
2025-06-14 04:30,0.0
2025-06-14 04:45,0.0
2025-06-14 05:00,0.0
2025-06-14 05:15,0.0
2025-06-14 05:30,0.0
2025-06-14 05:45,0.000868
2025-06-14 06:00,0.0
2025-06-14 06:15,0.0
2025-06-14 06:30,0.009774
2025-06-14 06:45,0.020083
2025-06-14 07:00,0.02449
2025-06-14 07:15,0.029379
2025-06-14 07:30,0.005021
2025-06-14 07:45,0.046466
2025-06-14 08:00,0.010579
2025-06-14 08:15,0.012783
2025-06-14 08:30,0.091778
2025-06-14 08:45,0.011572
2025-06-14 09:00,0.0
2025-06-14 09:15,0.004123
2025-06-14 09:30,0.0
2025-06-14 09:45,0.0
2025-06-14 10:00,0.0
2025-06-14 10:15,0.0
2025-06-14 10:30,0.005647
2025-06-14 10:45,0.233439
2025-06-14 11:00,0.641275
2025-06-14 11:15,0.755352
2025-06-14 11:30,0.795491
2025-06-14 11:45,0.95294
2025-06-14 12:00,0.926062
2025-06-14 12:15,0.682674
2025-06-14 12:30,0.938571
2025-06-14 12:45,0.81339
2025-06-14 13:00,1.0
2025-06-14 13:15,0.853549
2025-06-14 13:30,0.91477
2025-06-14 13:45,0.879448
2025-06-14 14:00,0.272133
2025-06-14 14:15,0.025875
2025-06-14 14:30,0.007683
2025-06-14 14:45,0.0003
2025-06-14 15:00,0.000732
2025-06-14 15:15,0.010041
2025-06-14 15:30,0.000976
2025-06-14 15:45,0.002909
2025-06-14 16:00,0.007138
2025-06-14 16:15,0.000343
2025-06-14 16:30,0.000287
2025-06-14 16:45,0.056748
2025-06-14 17:00,0.000647
2025-06-14 17:15,0.000976
2025-06-14 17:30,0.010599
2025-06-14 17:45,0.016441
2025-06-14 18:00,0.001046
2025-06-14 18:15,0.005483
2025-06-14 18:30,0.000244
2025-06-14 18:45,0.0
2025-06-14 19:00,0.0
2025-06-14 19:15,0.00921
2025-06-14 19:30,0.00027
2025-06-14 19:45,0.0
2025-06-14 20:00,0.0
2025-06-14 20:15,0.0
2025-06-14 20:30,0.000346
2025-06-14 20:45,0.00032
2025-06-14 21:00,0.007244
2025-06-14 21:15,0.0
2025-06-14 21:30,0.0
2025-06-14 21:45,0.0
2025-06-14 22:00,0.0
2025-06-14 22:15,0.0
2025-06-14 22:30,0.0
2025-06-14 22:45,0.037889
2025-06-14 23:00,0.000303
2025-06-14 23:15,0.005548
2025-06-14 23:30,0.010041
2025-06-14 23:45,0.020954
2025-06-15 00:00,0.0
2025-06-15 00:15,0.013479
2025-06-15 00:30,0.040763
2025-06-15 00:45,0.01371
2025-06-15 01:00,0.013518
2025-06-15 01:15,0.000327
2025-06-15 01:30,0.001494
2025-06-15 01:45,0.014287
2025-06-15 02:00,0.024741
2025-06-15 02:15,0.02095
2025-06-15 02:30,0.037975
2025-06-15 02:45,0.082119
2025-06-15 03:00,0.126569
2025-06-15 03:15,0.043002
2025-06-15 03:30,0.076841
2025-06-15 03:45,0.097273
2025-06-15 04:00,0.068102
2025-06-15 04:15,0.048458
2025-06-15 04:30,0.061752
2025-06-15 04:45,0.000976
2025-06-15 05:00,0.008168
2025-06-15 05:15,0.024741
2025-06-15 05:30,0.089175
2025-06-15 05:45,0.15797
2025-06-15 06:00,0.056659
2025-06-15 06:15,0.016725
2025-06-15 06:30,0.035145
2025-06-15 06:45,0.060736
2025-06-15 07:00,0.037734
2025-06-15 07:15,0.054739
2025-06-15 07:30,0.04543
2025-06-15 07:45,0.0
2025-06-15 08:00,0.012964
2025-06-15 08:15,0.027159
2025-06-15 08:30,0.00032
2025-06-15 08:45,0.005021
2025-06-15 09:00,0.000244
2025-06-15 09:15,0.0
2025-06-15 09:30,0.079754
2025-06-15 09:45,0.010741
2025-06-15 10:00,0.0
2025-06-15 10:15,0.000244
2025-06-15 10:30,0.04384
2025-06-15 10:45,0.117551
2025-06-15 11:00,0.103679
2025-06-15 11:15,0.12329
2025-06-15 11:30,0.079721
2025-06-15 11:45,0.00701
2025-06-15 12:00,0.008943
2025-06-15 12:15,0.008959
2025-06-15 12:30,0.000897
2025-06-15 12:45,0.000244
2025-06-15 13:00,0.010866
2025-06-15 13:15,0.14626
2025-06-15 13:30,0.145761
2025-06-15 13:45,0.171917
2025-06-15 14:00,0.106645
2025-06-15 14:15,0.058137
2025-06-15 14:30,0.061103
2025-06-15 14:45,0.110303
2025-06-15 15:00,0.07378
2025-06-15 15:15,0.03308
2025-06-15 15:30,0.025671
2025-06-15 15:45,0.056831
2025-06-15 16:00,0.031285
2025-06-15 16:15,0.056415
2025-06-15 16:30,0.025103
2025-06-15 16:45,0.102043
2025-06-15 17:00,0.074367
2025-06-15 17:15,0.056785
2025-06-15 17:30,0.029959
2025-06-15 17:45,0.10581
2025-06-15 18:00,0.000244
2025-06-15 18:15,0.033063
2025-06-15 18:30,0.048247
2025-06-15 18:45,0.031589
2025-06-15 19:00,0.0
2025-06-15 19:15,0.0
2025-06-15 19:30,0.0
2025-06-15 19:45,0.0
2025-06-15 20:00,0.0
2025-06-15 20:15,0.001343
2025-06-15 20:30,0.0
2025-06-15 20:45,0.0
2025-06-15 21:00,0.001184
2025-06-15 21:15,0.0
2025-06-15 21:30,0.0
2025-06-15 21:45,0.0
2025-06-15 22:00,0.0
2025-06-15 22:15,0.0
2025-06-15 22:30,0.017615
2025-06-15 22:45,0.034066
2025-06-15 23:00,0.0
2025-06-15 23:15,0.0
2025-06-15 23:30,0.0
2025-06-15 23:45,0.004123
2025-06-16 00:00,0.004123
2025-06-16 00:15,0.004123
2025-06-16 00:30,0.0
2025-06-16 00:45,0.0
2025-06-16 01:00,0.0
2025-06-16 01:15,0.0
2025-06-16 01:30,0.01745
2025-06-16 01:45,0.000825
2025-06-16 02:00,0.000244
2025-06-16 02:15,0.0
2025-06-16 02:30,0.0
2025-06-16 02:45,0.0
2025-06-16 03:00,0.0
2025-06-16 03:15,0.0
2025-06-16 03:30,0.0
2025-06-16 03:45,0.000343
2025-06-16 04:00,0.008247
2025-06-16 04:15,0.0
2025-06-16 04:30,0.000333
2025-06-16 04:45,0.0
2025-06-16 05:00,0.0
2025-06-16 05:15,0.0
2025-06-16 05:30,0.024516
2025-06-16 05:45,0.004823
2025-06-16 06:00,0.003962
2025-06-16 06:15,0.009853
2025-06-16 06:30,0.0
2025-06-16 06:45,0.0
2025-06-16 07:00,0.0
2025-06-16 07:15,0.0
2025-06-16 07:30,0.010041
2025-06-16 07:45,0.005265
2025-06-16 08:00,0.0
2025-06-16 08:15,0.004889
2025-06-16 08:30,0.000811
2025-06-16 08:45,0.0
2025-06-16 09:00,0.004123
2025-06-16 09:15,0.008247
2025-06-16 09:30,0.0
2025-06-16 09:45,0.0
2025-06-16 10:00,0.0
2025-06-16 10:15,0.0
2025-06-16 10:30,0.010041
2025-06-16 10:45,0.001069
2025-06-16 11:00,0.0
2025-06-16 11:15,0.00066
2025-06-16 11:30,0.0
2025-06-16 11:45,0.0
2025-06-16 12:00,0.0
2025-06-16 12:15,0.0
2025-06-16 12:30,0.0
2025-06-16 12:45,0.012694
2025-06-16 13:00,0.005687
2025-06-16 13:15,0.021561
2025-06-16 13:30,0.132656
2025-06-16 13:45,0.0
2025-06-16 14:00,0.001719
2025-06-16 14:15,0.000515
2025-06-16 14:30,0.010041
2025-06-16 14:45,0.0
2025-06-16 15:00,0.003893
2025-06-16 15:15,0.00984
2025-06-16 15:30,0.0
2025-06-16 15:45,0.035145
2025-06-16 16:00,0.0
2025-06-16 16:15,0.002098
2025-06-16 16:30,0.003556
2025-06-16 16:45,0.020808
2025-06-16 17:00,0.044827
2025-06-16 17:15,0.005304
2025-06-16 17:30,0.0
2025-06-16 17:45,0.009771
2025-06-16 18:00,0.0
2025-06-16 18:15,0.0
2025-06-16 18:30,0.0
2025-06-16 18:45,0.0
2025-06-16 19:00,0.0
2025-06-16 19:15,0.001405
2025-06-16 19:30,0.0
2025-06-16 19:45,0.0
2025-06-16 20:00,0.0
2025-06-16 20:15,0.0
2025-06-16 20:30,0.005624
2025-06-16 20:45,0.0
2025-06-16 21:00,0.0
2025-06-16 21:15,0.0
2025-06-16 21:30,0.0
2025-06-16 21:45,0.0
2025-06-16 22:00,0.006076
2025-06-16 22:15,0.00097
2025-06-16 22:30,0.004948
2025-06-16 22:45,0.000244
2025-06-16 23:00,0.005265
2025-06-16 23:15,0.01402
2025-06-16 23:30,0.012486
2025-06-16 23:45,0.021059
2025-06-17 00:00,0.0
2025-06-17 00:15,0.0
2025-06-17 00:30,0.001725
2025-06-17 00:45,0.0
2025-06-17 01:00,0.0
2025-06-17 01:15,0.0
2025-06-17 01:30,0.0
2025-06-17 01:45,0.0
2025-06-17 02:00,0.0
2025-06-17 02:15,0.000211
2025-06-17 02:30,0.006014
2025-06-17 02:45,0.008313
2025-06-17 03:00,0.0
2025-06-17 03:15,0.004123
2025-06-17 03:30,0.0
2025-06-17 03:45,0.0
2025-06-17 04:00,0.0
2025-06-17 04:15,0.010312
2025-06-17 04:30,0.0
2025-06-17 04:45,0.000211
2025-06-17 05:00,0.0
2025-06-17 05:15,0.0
2025-06-17 05:30,0.0
2025-06-17 05:45,0.0
2025-06-17 06:00,0.004123
2025-06-17 06:15,0.001478
2025-06-17 06:30,0.0
2025-06-17 06:45,0.0
2025-06-17 07:00,0.004612
2025-06-17 07:15,0.009009
2025-06-17 07:30,0.0
2025-06-17 07:45,0.0
2025-06-17 08:00,0.000488
2025-06-17 08:15,0.0
2025-06-17 08:30,0.000244
2025-06-17 08:45,0.0
2025-06-17 09:00,0.0
2025-06-17 09:15,0.0
2025-06-17 09:30,0.004123
2025-06-17 09:45,0.0
2025-06-17 10:00,0.0
2025-06-17 10:15,0.045767
2025-06-17 10:30,0.072526
2025-06-17 10:45,0.016513
2025-06-17 11:00,0.000851
2025-06-17 11:15,0.012598
2025-06-17 11:30,0.005667
2025-06-17 11:45,0.010612
2025-06-17 12:00,0.01655
2025-06-17 12:15,0.010506
2025-06-17 12:30,0.004288
2025-06-17 12:45,0.011846
2025-06-17 13:00,0.036679
2025-06-17 13:15,0.016494
2025-06-17 13:30,0.088198
2025-06-17 13:45,0.219416
2025-06-17 14:00,0.009946
2025-06-17 14:15,0.011592
2025-06-17 14:30,0.000244
2025-06-17 14:45,0.009207
2025-06-17 15:00,0.018202
2025-06-17 15:15,0.050296
2025-06-17 15:30,0.036629
2025-06-17 15:45,0.00474
2025-06-17 16:00,0.0
2025-06-17 16:15,0.005278
2025-06-17 16:30,0.01115
2025-06-17 16:45,0.042597
2025-06-17 17:00,0.009144
2025-06-17 17:15,0.000765
2025-06-17 17:30,0.0
2025-06-17 17:45,0.0
2025-06-17 18:00,0.005509
2025-06-17 18:15,0.005987
2025-06-17 18:30,0.0
2025-06-17 18:45,0.0
2025-06-17 19:00,0.011391
2025-06-17 19:15,0.0
2025-06-17 19:30,0.0
2025-06-17 19:45,0.0
2025-06-17 20:00,0.0
2025-06-17 20:15,0.0
2025-06-17 20:30,0.000501
2025-06-17 20:45,0.0
2025-06-17 21:00,0.0
2025-06-17 21:15,0.000508
2025-06-17 21:30,0.0
2025-06-17 21:45,0.027168
2025-06-17 22:00,0.000455
2025-06-17 22:15,0.000488
2025-06-17 22:30,0.041386
2025-06-17 22:45,0.010041
2025-06-17 23:00,0.004123
2025-06-17 23:15,0.0
2025-06-17 23:30,0.017859
2025-06-17 23:45,0.004704
2025-06-18 00:00,0.003609
2025-06-18 00:00,0.00276
2025-06-18 00:15,0.0
2025-06-18 00:30,0.0
2025-06-18 00:45,0.010096
2025-06-18 01:00,0.0
2025-06-18 01:15,0.000545
2025-06-18 01:30,0.001511
2025-06-18 01:45,0.007679
2025-06-18 02:00,0.0
2025-06-18 02:15,0.010933
2025-06-18 02:30,0.011072
2025-06-18 02:45,0.162151
2025-06-18 03:00,0.264849
2025-06-18 03:15,0.235769
2025-06-18 03:30,0.00137
2025-06-18 03:45,0.000187
2025-06-18 04:00,0.000187
2025-06-18 04:15,0.015562
2025-06-18 04:30,0.00053
2025-06-18 04:45,0.000207
2025-06-18 05:00,0.000237
2025-06-18 05:15,0.011183
2025-06-18 05:30,0.000414
2025-06-18 05:45,0.006307
2025-06-18 06:00,0.0
2025-06-18 06:15,0.0
2025-06-18 06:30,0.00726
2025-06-18 06:45,0.0
2025-06-18 07:00,0.0
2025-06-18 07:15,0.0006
2025-06-18 07:30,0.0
2025-06-18 07:45,0.000575
2025-06-18 08:00,0.0
2025-06-18 08:15,0.0
2025-06-18 08:30,0.0
2025-06-18 08:45,0.0
2025-06-18 09:00,0.022537
2025-06-18 09:15,0.004374
2025-06-18 09:30,0.0
2025-06-18 09:45,0.006491
2025-06-18 10:00,0.0
2025-06-18 10:15,0.0
2025-06-18 10:30,0.012558
2025-06-18 10:45,0.006307
2025-06-18 11:00,0.004475
2025-06-18 11:15,0.003839
2025-06-18 11:30,0.0
2025-06-18 11:45,0.044428
2025-06-18 12:00,0.084548
2025-06-18 12:15,0.025912
2025-06-18 12:30,0.022996
2025-06-18 12:45,0.0
2025-06-18 13:00,0.015267
2025-06-18 13:15,0.000421
2025-06-18 13:30,0.07311
2025-06-18 13:45,0.042695
2025-06-18 14:00,0.001218
2025-06-18 14:15,0.003895
2025-06-18 14:30,0.0
2025-06-18 14:45,0.000252
2025-06-18 15:00,0.006571
2025-06-18 15:15,0.007679
2025-06-18 15:30,0.000643
2025-06-18 15:45,0.004029
2025-06-18 16:00,0.044464
2025-06-18 16:15,0.022557
2025-06-18 16:30,0.001289
2025-06-18 16:45,0.026346
2025-06-18 17:00,0.003839
2025-06-18 17:15,0.026412
2025-06-18 17:30,0.024066
2025-06-18 17:45,0.10655
2025-06-18 18:00,0.050314
2025-06-18 18:15,0.000479
2025-06-18 18:30,0.008163
2025-06-18 18:45,0.0
2025-06-18 19:00,0.003839
2025-06-18 19:15,0.0
2025-06-18 19:30,0.0
2025-06-18 19:45,0.0
2025-06-18 20:00,0.0
2025-06-18 20:15,0.0
2025-06-18 20:30,0.0
2025-06-18 20:45,0.0
2025-06-18 21:00,0.0
2025-06-18 21:15,0.0
2025-06-18 21:30,0.0
2025-06-18 21:45,0.000421
2025-06-18 22:00,0.000779
2025-06-18 22:15,0.003453
2025-06-18 22:30,0.003143
2025-06-18 22:45,0.021929
2025-06-18 23:00,0.010219
2025-06-18 23:15,0.004586
2025-06-18 23:30,0.00056
2025-06-18 23:45,0.007679
2025-06-19 00:00,0.0
2025-06-19 00:15,0.0
2025-06-19 00:30,0.003663
2025-06-19 00:45,0.003839
2025-06-19 01:00,0.007535
2025-06-19 01:15,0.000424
2025-06-19 01:30,0.008481
2025-06-19 01:45,0.018239
2025-06-19 02:00,0.014745
2025-06-19 02:15,0.019654
2025-06-19 02:30,0.016155
2025-06-19 02:45,0.044196
2025-06-19 03:00,0.00334
2025-06-19 03:15,0.0
2025-06-19 03:30,0.010774
2025-06-19 03:45,0.004089
2025-06-19 04:00,0.008695
2025-06-19 04:15,0.023518
2025-06-19 04:30,0.043848
2025-06-19 04:45,0.057339
2025-06-19 05:00,0.023359
2025-06-19 05:15,0.011831
2025-06-19 05:30,0.014712
2025-06-19 05:45,0.007679
2025-06-19 06:00,0.006541
2025-06-19 06:15,0.0
2025-06-19 06:30,0.02145
2025-06-19 06:45,0.019384
2025-06-19 07:00,0.010524
2025-06-19 07:15,0.007679
2025-06-19 07:30,0.015711
2025-06-19 07:45,0.000156
2025-06-19 08:00,0.00331
2025-06-19 08:15,0.018511
2025-06-19 08:30,0.045975
2025-06-19 08:45,0.026876
2025-06-19 09:00,0.007866
2025-06-19 09:15,0.028024
2025-06-19 09:30,0.015693
2025-06-19 09:45,0.007679
2025-06-19 10:00,0.003153
2025-06-19 10:15,0.0
2025-06-19 10:30,0.000411
2025-06-19 10:45,0.001599
2025-06-19 11:00,0.000459
2025-06-19 11:15,0.003506
2025-06-19 11:30,0.004399
2025-06-19 11:45,0.020027
2025-06-19 12:00,0.012454
2025-06-19 12:15,0.011705
2025-06-19 12:30,0.004415
2025-06-19 12:45,0.004044
2025-06-19 13:00,0.003839
2025-06-19 13:15,0.021922
2025-06-19 13:30,0.004046
2025-06-19 13:45,0.059816
2025-06-19 14:00,0.073567
2025-06-19 14:15,0.082775
2025-06-19 14:30,0.040089
2025-06-19 14:45,0.025549
2025-06-19 15:00,0.007679
2025-06-19 15:15,0.019197
2025-06-19 15:30,0.031745
2025-06-19 15:45,0.024974
2025-06-19 16:00,0.007709
2025-06-19 16:15,0.038339
2025-06-19 16:30,0.008415
2025-06-19 16:45,0.049443
2025-06-19 17:00,0.015358
2025-06-19 17:15,0.02227
2025-06-19 17:30,0.100718
2025-06-19 17:45,0.030746
2025-06-19 18:00,0.0
2025-06-19 18:15,0.038659
2025-06-19 18:30,0.007679
2025-06-19 18:45,0.0
2025-06-19 19:00,0.000674
2025-06-19 19:15,0.000265
2025-06-19 19:30,0.0
2025-06-19 19:45,0.0
2025-06-19 20:00,0.0
2025-06-19 20:15,0.0
2025-06-19 20:30,0.0
2025-06-19 20:45,0.0
2025-06-19 21:00,0.0
2025-06-19 21:15,0.0
2025-06-19 21:30,0.0
2025-06-19 21:45,0.000373
2025-06-19 22:00,0.0
2025-06-19 22:15,0.0
2025-06-19 22:30,0.003839
2025-06-19 22:45,0.004975
2025-06-19 23:00,0.022307
2025-06-19 23:15,0.040455
2025-06-19 23:30,0.000202
2025-06-19 23:45,0.000265
2025-06-20 00:00,0.029061
2025-06-20 00:15,0.136678
2025-06-20 00:30,0.016846
2025-06-20 00:45,0.0
2025-06-20 01:00,0.00053
2025-06-20 01:15,0.0
2025-06-20 01:30,0.0
2025-06-20 01:45,0.000323
2025-06-20 02:00,0.000373
2025-06-20 02:15,0.0
2025-06-20 02:30,0.003839
2025-06-20 02:45,0.010809
2025-06-20 03:00,0.03844
2025-06-20 03:15,0.000467
2025-06-20 03:30,0.023037
2025-06-20 03:45,0.060048
2025-06-20 04:00,0.030715
2025-06-20 04:15,0.023405
2025-06-20 04:30,0.027486
2025-06-20 04:45,0.0
2025-06-20 05:00,0.007679
2025-06-20 05:15,0.001163
2025-06-20 05:30,0.000323
2025-06-20 05:45,0.0
2025-06-20 06:00,0.007679
2025-06-20 06:15,0.0
2025-06-20 06:30,0.003839
2025-06-20 06:45,0.0
2025-06-20 07:00,0.0
2025-06-20 07:15,0.0
2025-06-20 07:30,0.000156
2025-06-20 07:45,0.0
2025-06-20 08:00,0.003383
2025-06-20 08:15,0.000459
2025-06-20 08:30,0.0
2025-06-20 08:45,0.0
2025-06-20 09:00,0.000459
2025-06-20 09:15,0.0
2025-06-20 09:30,0.0
2025-06-20 09:45,0.0
2025-06-20 10:00,0.00194
2025-06-20 10:15,0.015731
2025-06-20 10:30,0.0
2025-06-20 10:45,0.0234
2025-06-20 11:00,0.11848
2025-06-20 11:15,0.012167
2025-06-20 11:30,0.0
2025-06-20 11:45,0.006546
2025-06-20 12:00,0.0
2025-06-20 12:15,0.003688
2025-06-20 12:30,0.0
2025-06-20 12:45,0.00027
2025-06-20 13:00,0.001889
2025-06-20 13:15,0.000732
2025-06-20 13:30,0.0
2025-06-20 13:45,0.0008
2025-06-20 14:00,0.000373
2025-06-20 14:15,0.0
2025-06-20 14:30,0.010734
2025-06-20 14:45,0.006307
2025-06-20 15:00,0.012227
2025-06-20 15:15,0.039827
2025-06-20 15:30,0.0234
2025-06-20 15:45,0.006561
2025-06-20 16:00,0.006307
2025-06-20 16:15,0.015976
2025-06-20 16:30,0.06666
2025-06-20 16:45,0.067467
2025-06-20 17:00,0.003229
2025-06-20 17:15,0.0
2025-06-20 17:30,0.000353
2025-06-20 17:45,0.0
2025-06-20 18:00,0.0
2025-06-20 18:15,0.001491
2025-06-20 18:30,0.0
2025-06-20 18:45,0.003577
2025-06-20 19:00,0.0
2025-06-20 19:15,0.0
2025-06-20 19:30,0.0
2025-06-20 19:45,0.003153
2025-06-20 20:00,0.0
2025-06-20 20:15,0.0
2025-06-20 20:30,0.000373
2025-06-20 20:45,0.0
2025-06-20 21:00,0.13217
2025-06-20 21:15,0.02013
2025-06-20 21:30,0.0
2025-06-20 21:45,0.0
2025-06-20 22:00,0.004001
2025-06-20 22:15,0.018198
2025-06-20 22:30,0.050561
2025-06-20 22:45,0.06018
2025-06-20 23:00,0.0
2025-06-20 23:15,0.004097
2025-06-20 23:30,0.000875
2025-06-20 23:45,0.0
2025-06-21 00:00,0.000187
2025-06-21 00:15,0.037839
2025-06-21 00:30,0.00117
2025-06-21 00:45,0.001602
2025-06-21 01:00,0.0
2025-06-21 01:15,0.043326
2025-06-21 01:30,0.0
2025-06-21 01:45,0.0
2025-06-21 02:00,0.0
2025-06-21 02:15,0.007348
2025-06-21 02:30,0.007946
2025-06-21 02:45,0.001655
2025-06-21 03:00,0.0
2025-06-21 03:15,0.106326
2025-06-21 03:30,0.000734
2025-06-21 03:45,0.0
2025-06-21 04:00,0.026697
2025-06-21 04:15,0.076327
2025-06-21 04:30,0.074084
2025-06-21 04:45,0.009102
2025-06-21 05:00,0.011019
2025-06-21 05:15,0.0
2025-06-21 05:30,0.01892
2025-06-21 05:45,0.0
2025-06-21 06:00,0.00054
2025-06-21 06:15,0.0
2025-06-21 06:30,0.001569
2025-06-21 06:45,0.00051
2025-06-21 07:00,0.000242
2025-06-21 07:15,0.000187
2025-06-21 07:30,0.016251
2025-06-21 07:45,0.035788
2025-06-21 08:00,0.01616
2025-06-21 08:15,0.015358
2025-06-21 08:30,0.023269
2025-06-21 08:45,0.023037
2025-06-21 09:00,0.0
2025-06-21 09:15,0.003438
2025-06-21 09:30,0.007298
2025-06-21 09:45,0.008837
2025-06-21 10:00,0.003857
2025-06-21 10:15,0.0
2025-06-21 10:30,0.0
2025-06-21 10:45,0.007918
2025-06-21 11:00,0.012265
2025-06-21 11:15,0.031386
2025-06-21 11:30,0.00334
2025-06-21 11:45,0.008597
2025-06-21 12:00,0.010958
2025-06-21 12:15,0.0
2025-06-21 12:30,0.001877
2025-06-21 12:45,0.0
2025-06-21 13:00,0.000739
2025-06-21 13:15,0.007997
2025-06-21 13:30,0.0
2025-06-21 13:45,0.002263
2025-06-21 14:00,0.236969
2025-06-21 14:15,1.0
2025-06-21 14:30,0.00107
2025-06-21 14:45,0.702029
2025-06-21 15:00,0.247655
2025-06-21 15:15,0.044993
2025-06-21 15:30,0.023304
2025-06-21 15:45,0.0
2025-06-21 16:00,0.415354
2025-06-21 16:15,0.674477
2025-06-21 16:30,0.004026
2025-06-21 16:45,0.0
2025-06-21 17:00,0.003279
2025-06-21 17:15,0.0
2025-06-21 17:30,0.0
2025-06-21 17:45,0.0
2025-06-21 18:00,0.0
2025-06-21 18:15,0.0
2025-06-21 18:30,0.000404
2025-06-21 18:45,0.0
2025-06-21 19:00,0.0
2025-06-21 19:15,0.000419
2025-06-21 19:30,0.0
2025-06-21 19:45,0.0
2025-06-21 20:00,0.0
2025-06-21 20:15,0.0
2025-06-21 20:30,0.0008
2025-06-21 20:45,0.0
2025-06-21 21:00,0.0
2025-06-21 21:15,0.000974
2025-06-21 21:30,0.0
2025-06-21 21:45,0.0
2025-06-21 22:00,0.000237
2025-06-21 22:15,0.001115
2025-06-21 22:30,0.0
2025-06-21 22:45,0.007179
2025-06-21 23:00,0.00136
2025-06-21 23:15,0.002866
2025-06-21 23:30,0.000247
2025-06-21 23:45,0.003153
2025-06-22 00:00,0.015544
2025-06-22 00:15,0.03008
2025-06-22 00:30,0.015358
2025-06-22 00:45,0.008605
2025-06-22 01:00,0.027905
2025-06-22 01:15,0.003961
2025-06-22 01:30,0.028939
2025-06-22 01:45,0.043167
2025-06-22 02:00,0.016417
2025-06-22 02:15,0.040185
2025-06-22 02:30,0.043803
2025-06-22 02:45,0.018604
2025-06-22 03:00,0.069977
2025-06-22 03:15,0.00024
2025-06-22 03:30,0.008713
2025-06-22 03:45,0.0
2025-06-22 04:00,0.00024
2025-06-22 04:15,0.004056
2025-06-22 04:30,0.004097
2025-06-22 04:45,0.010633
2025-06-22 05:00,0.072972
2025-06-22 05:15,0.044756
2025-06-22 05:30,0.0
2025-06-22 05:45,0.035286
2025-06-22 06:00,0.007936
2025-06-22 06:15,0.0
2025-06-22 06:30,0.000888
2025-06-22 06:45,0.000747
2025-06-22 07:00,0.007679
2025-06-22 07:15,0.007896
2025-06-22 07:30,0.000187
2025-06-22 07:45,0.004097
2025-06-22 08:00,0.011705
2025-06-22 08:15,0.010832
2025-06-22 08:30,0.024762
2025-06-22 08:45,0.040861
2025-06-22 09:00,0.011882
2025-06-22 09:15,0.0
2025-06-22 09:30,0.01619
2025-06-22 09:45,0.019384
2025-06-22 10:00,0.018894
2025-06-22 10:15,0.038197
2025-06-22 10:30,0.029898
2025-06-22 10:45,0.040914
2025-06-22 11:00,0.050525
2025-06-22 11:15,0.116214
2025-06-22 11:30,0.057627
2025-06-22 11:45,0.035733
2025-06-22 12:00,0.047198
2025-06-22 12:15,0.02064
2025-06-22 12:30,0.073118
2025-06-22 12:45,0.028173
2025-06-22 13:00,0.023281
2025-06-22 13:15,0.023682
2025-06-22 13:30,0.073897
2025-06-22 13:45,0.023359
2025-06-22 14:00,0.065593
2025-06-22 14:15,0.019989
2025-06-22 14:30,0.099835
2025-06-22 14:45,0.082992
2025-06-22 15:00,0.040079
2025-06-22 15:15,0.070202
2025-06-22 15:30,0.046613
2025-06-22 15:45,0.039701
2025-06-22 16:00,0.181078
2025-06-22 16:15,0.05078
2025-06-22 16:30,0.096177
2025-06-22 16:45,0.043833
2025-06-22 17:00,0.103521
2025-06-22 17:15,0.07752
2025-06-22 17:30,0.062177
2025-06-22 17:45,0.06583
2025-06-22 18:00,0.048126
2025-06-22 18:15,0.056829
2025-06-22 18:30,0.030715
2025-06-22 18:45,0.031164
2025-06-22 19:00,0.02341
2025-06-22 19:15,0.077535
2025-06-22 19:30,0.02341
2025-06-22 19:45,0.0
2025-06-22 20:00,0.0
2025-06-22 20:15,0.000245
2025-06-22 20:30,0.0
2025-06-22 20:45,0.0
2025-06-22 21:00,0.0
2025-06-22 21:15,0.000373
2025-06-22 21:30,0.019126
2025-06-22 21:45,0.011892
2025-06-22 22:00,0.000747
2025-06-22 22:15,0.007679
2025-06-22 22:30,0.077535
2025-06-22 22:45,0.069205
2025-06-22 23:00,0.043984
2025-06-22 23:15,0.011518
2025-06-22 23:30,0.015731
2025-06-22 23:45,0.0
2025-06-23 00:00,0.0
2025-06-23 00:15,0.003839
2025-06-23 00:30,0.0
2025-06-23 00:45,0.000505
2025-06-23 01:00,0.000187
2025-06-23 01:15,0.001183
2025-06-23 01:30,0.0
2025-06-23 01:45,0.006294
2025-06-23 02:00,0.0
2025-06-23 02:15,0.0
2025-06-23 02:30,0.000414
2025-06-23 02:45,0.003441
2025-06-23 03:00,0.000187
2025-06-23 03:15,0.00414
2025-06-23 03:30,0.0
2025-06-23 03:45,0.0
2025-06-23 04:00,0.013622
2025-06-23 04:15,0.0
2025-06-23 04:30,0.046073
2025-06-23 04:45,0.008113
2025-06-23 05:00,0.008052
2025-06-23 05:15,0.0
2025-06-23 05:30,0.003839
2025-06-23 05:45,0.007174
2025-06-23 06:00,0.011892
2025-06-23 06:15,0.015544
2025-06-23 06:30,0.0
2025-06-23 06:45,0.0
2025-06-23 07:00,0.0
2025-06-23 07:15,0.00331
2025-06-23 07:30,0.0
2025-06-23 07:45,0.008269
2025-06-23 08:00,0.000303
2025-06-23 08:15,0.0
2025-06-23 08:30,0.0
2025-06-23 08:45,0.0
2025-06-23 09:00,0.0
2025-06-23 09:15,0.072538
2025-06-23 09:30,0.0
2025-06-23 09:45,0.0
2025-06-23 10:00,0.0
2025-06-23 10:15,0.000242
2025-06-23 10:30,0.0
2025-06-23 10:45,0.003839
2025-06-23 11:00,0.0
2025-06-23 11:15,0.0
2025-06-23 11:30,0.000621
2025-06-23 11:45,0.007467
2025-06-23 12:00,0.0
2025-06-23 12:15,0.003688
2025-06-23 12:30,0.050795
2025-06-23 12:45,0.032812
2025-06-23 13:00,0.00946
2025-06-23 13:15,0.0
2025-06-23 13:30,0.006629
2025-06-23 13:45,0.00061
2025-06-23 14:00,0.000187
2025-06-23 14:15,0.008239
2025-06-23 14:30,0.026344
2025-06-23 14:45,0.041558
2025-06-23 15:00,0.037743
2025-06-23 15:15,0.006728
2025-06-23 15:30,0.015519
2025-06-23 15:45,0.169045
2025-06-23 16:00,0.026598
2025-06-23 16:15,0.017918
2025-06-23 16:30,0.000323
2025-06-23 16:45,0.012028
2025-06-23 17:00,0.00668
2025-06-23 17:15,0.024141
2025-06-23 17:30,0.045447
2025-06-23 17:45,0.027436
2025-06-23 18:00,0.0
2025-06-23 18:15,0.007679
2025-06-23 18:30,0.073726
2025-06-23 18:45,0.055356
2025-06-23 19:00,0.020862
2025-06-23 19:15,0.027249
2025-06-23 19:30,0.043868
2025-06-23 19:45,0.02005
2025-06-23 20:00,0.000545
2025-06-23 20:15,0.0
2025-06-23 20:30,0.0
2025-06-23 20:45,0.0
2025-06-23 21:00,0.0
2025-06-23 21:15,0.093665
2025-06-23 21:30,0.004188
2025-06-23 21:45,0.045659
2025-06-23 22:00,0.064246
2025-06-23 22:15,0.007679
2025-06-23 22:30,0.058679
2025-06-23 22:45,0.00023
2025-06-23 23:00,0.000699
2025-06-23 23:15,0.029946
2025-06-23 23:30,0.090955
2025-06-23 23:45,0.000545
2025-06-24 00:00,0.019954
2025-06-24 00:15,0.016833
2025-06-24 00:30,0.000376
2025-06-24 00:45,0.045548
2025-06-24 01:00,0.000454
2025-06-24 01:15,0.0
2025-06-24 01:30,0.00054
2025-06-24 01:45,0.007926
2025-06-24 02:00,0.001443
2025-06-24 02:15,0.0
2025-06-24 02:30,0.008511
2025-06-24 02:45,0.019197
2025-06-24 03:00,0.023607
2025-06-24 03:15,0.025713
2025-06-24 03:30,0.000373
2025-06-24 03:45,0.0
2025-06-24 04:00,0.0
2025-06-24 04:15,0.0
2025-06-24 04:30,0.008065
2025-06-24 04:45,0.003431
2025-06-24 05:00,0.0
2025-06-24 05:15,0.0
2025-06-24 05:30,0.0
2025-06-24 05:45,0.0
2025-06-24 06:00,0.0
2025-06-24 06:15,0.001917
2025-06-24 06:30,0.0
2025-06-24 06:45,0.0
2025-06-24 07:00,0.003153
2025-06-24 07:15,0.027956
2025-06-24 07:30,0.151324
2025-06-24 07:45,0.133073
2025-06-24 08:00,0.047476
2025-06-24 08:15,0.049574
2025-06-24 08:30,0.0
2025-06-24 08:45,0.04182
2025-06-24 09:00,0.151932
2025-06-24 09:15,0.118634
2025-06-24 09:30,0.205492
2025-06-24 09:45,0.185175
2025-06-24 10:00,0.062949
2025-06-24 10:15,0.105715
2025-06-24 10:30,0.1907
2025-06-24 10:45,0.203464
2025-06-24 11:00,0.043011
2025-06-24 11:15,0.001292
2025-06-24 11:30,0.006307
2025-06-24 11:45,0.003552
2025-06-24 12:00,0.000187
2025-06-24 12:15,0.000404
2025-06-24 12:30,0.03909
2025-06-24 12:45,0.053752
2025-06-24 13:00,0.044781
2025-06-24 13:15,0.030481
2025-06-24 13:30,0.030821
2025-06-24 13:45,0.008183
2025-06-24 14:00,0.132576
2025-06-24 14:15,0.049721
2025-06-24 14:30,0.056015
2025-06-24 14:45,0.043576
2025-06-24 15:00,0.015163
2025-06-24 15:15,0.099172
2025-06-24 15:30,0.077742
2025-06-24 15:45,0.040642
2025-06-24 16:00,0.154629
2025-06-24 16:15,0.143088
2025-06-24 16:30,0.126391
2025-06-24 16:45,0.076793
2025-06-24 17:00,0.019182
2025-06-24 17:15,0.003567
2025-06-24 17:30,0.000373
2025-06-24 17:45,0.031639
2025-06-24 18:00,0.007679
2025-06-24 18:15,0.042857
2025-06-24 18:30,0.118217
2025-06-24 18:45,0.000197
2025-06-24 19:00,0.0
2025-06-24 19:15,0.0
2025-06-24 19:30,0.0
2025-06-24 19:45,0.040369
2025-06-24 20:00,0.0
2025-06-24 20:15,0.0
2025-06-24 20:30,0.0
2025-06-24 20:45,0.0
2025-06-24 21:00,0.0
2025-06-24 21:15,0.0
2025-06-24 21:30,0.0
2025-06-24 21:45,0.0
2025-06-24 22:00,0.0
2025-06-24 22:15,0.006993
2025-06-24 22:30,0.016104
2025-06-24 22:45,0.002898
2025-06-24 23:00,0.008052
2025-06-24 23:15,0.008193
2025-06-24 23:30,0.01118
2025-06-24 23:45,0.043508
2025-06-25 00:00,0.003683
2025-06-25 00:00,0.008897
2025-06-25 00:15,0.052335
2025-06-25 00:30,0.138497
2025-06-25 00:45,0.020695
2025-06-25 01:00,0.072713
2025-06-25 01:15,0.008909
2025-06-25 01:30,0.02298
2025-06-25 01:45,0.039769
2025-06-25 02:00,0.039903
2025-06-25 02:15,0.11119
2025-06-25 02:30,0.133848
2025-06-25 02:45,0.032883
2025-06-25 03:00,0.015948
2025-06-25 03:15,0.00858
2025-06-25 03:30,0.01855
2025-06-25 03:45,0.007617
2025-06-25 04:00,0.01649
2025-06-25 04:15,0.00039
2025-06-25 04:30,0.0
2025-06-25 04:45,0.001231
2025-06-25 05:00,0.0
2025-06-25 05:15,0.004461
2025-06-25 05:30,0.016819
2025-06-25 05:45,0.009665
2025-06-25 06:00,0.002681
2025-06-25 06:15,0.016301
2025-06-25 06:30,0.000573
2025-06-25 06:45,0.101635
2025-06-25 07:00,0.341688
2025-06-25 07:15,0.30655
2025-06-25 07:30,0.244453
2025-06-25 07:45,0.037551
2025-06-25 08:00,0.025692
2025-06-25 08:15,0.091495
2025-06-25 08:30,0.112543
2025-06-25 08:45,0.0
2025-06-25 09:00,0.009275
2025-06-25 09:15,0.000451
2025-06-25 09:30,0.007995
2025-06-25 09:45,0.011585
2025-06-25 10:00,0.001322
2025-06-25 10:15,0.0
2025-06-25 10:30,0.025034
2025-06-25 10:45,0.103999
2025-06-25 11:00,0.112592
2025-06-25 11:15,0.115724
2025-06-25 11:30,0.160649
2025-06-25 11:45,0.027593
2025-06-25 12:00,0.066321
2025-06-25 12:15,0.111751
2025-06-25 12:30,0.152434
2025-06-25 12:45,0.160234
2025-06-25 13:00,0.19015
2025-06-25 13:15,0.130082
2025-06-25 13:30,0.066826
2025-06-25 13:45,0.173117
2025-06-25 14:00,0.240333
2025-06-25 14:15,0.125328
2025-06-25 14:30,0.226037
2025-06-25 14:45,0.375089
2025-06-25 15:00,0.299902
2025-06-25 15:15,0.097052
2025-06-25 15:30,0.179016
2025-06-25 15:45,0.193605
2025-06-25 16:00,0.178145
2025-06-25 16:15,0.037441
2025-06-25 16:30,0.166286
2025-06-25 16:45,0.040884
2025-06-25 17:00,0.024108
2025-06-25 17:15,0.018099
2025-06-25 17:30,0.000938
2025-06-25 17:45,0.001091
2025-06-25 18:00,0.031079
2025-06-25 18:15,0.0
2025-06-25 18:30,0.097583
2025-06-25 18:45,0.01855
2025-06-25 19:00,0.0
2025-06-25 19:15,0.02618
2025-06-25 19:30,0.12322
2025-06-25 19:45,0.267634
2025-06-25 20:00,0.0
2025-06-25 20:15,0.0
2025-06-25 20:30,0.0
2025-06-25 20:45,0.0
2025-06-25 21:00,0.008781
2025-06-25 21:15,0.020354
2025-06-25 21:30,0.162922
2025-06-25 21:45,0.227426
2025-06-25 22:00,0.090995
2025-06-25 22:15,0.04863
2025-06-25 22:30,0.007617
2025-06-25 22:45,0.124195
2025-06-25 23:00,0.095005
2025-06-25 23:15,0.017941
2025-06-25 23:30,0.0
2025-06-25 23:45,0.009726
2025-06-26 00:00,0.001572
2025-06-26 00:15,0.215817
2025-06-26 00:30,0.0
2025-06-26 00:45,0.000622
2025-06-26 01:00,0.02735
2025-06-26 01:15,0.001304
2025-06-26 01:30,0.009897
2025-06-26 01:45,0.05604
2025-06-26 02:00,0.0
2025-06-26 02:15,0.0
2025-06-26 02:30,0.002255
2025-06-26 02:45,0.008909
2025-06-26 03:00,0.009275
2025-06-26 03:15,0.005472
2025-06-26 03:30,0.00192
2025-06-26 03:45,0.002791
2025-06-26 04:00,0.0
2025-06-26 04:15,0.0
2025-06-26 04:30,0.0
2025-06-26 04:45,0.000853
2025-06-26 05:00,0.0
2025-06-26 05:15,0.015235
2025-06-26 05:30,0.011511
2025-06-26 05:45,0.0
2025-06-26 06:00,0.0
2025-06-26 06:15,0.0
2025-06-26 06:30,0.001109
2025-06-26 06:45,0.001718
2025-06-26 07:00,0.0
2025-06-26 07:15,0.000683
2025-06-26 07:30,0.017429
2025-06-26 07:45,0.002035
2025-06-26 08:00,0.009897
2025-06-26 08:15,0.0
2025-06-26 08:30,0.018587
2025-06-26 08:45,0.001956
2025-06-26 09:00,0.0
2025-06-26 09:15,0.001048
2025-06-26 09:30,0.0
2025-06-26 09:45,0.000451
2025-06-26 10:00,0.001006
2025-06-26 10:15,0.010116
2025-06-26 10:30,0.0
2025-06-26 10:45,0.002517
2025-06-26 11:00,0.053176
2025-06-26 11:15,0.0
2025-06-26 11:30,0.07016
2025-06-26 11:45,0.001828
2025-06-26 12:00,0.028276
2025-06-26 12:15,0.052786
2025-06-26 12:30,0.0
2025-06-26 12:45,0.023992
2025-06-26 13:00,0.0
2025-06-26 13:15,0.049574
2025-06-26 13:30,0.131209
2025-06-26 13:45,0.079971
2025-06-26 14:00,0.16731
2025-06-26 14:15,0.07821
2025-06-26 14:30,0.217262
2025-06-26 14:45,0.051695
2025-06-26 15:00,0.135688
2025-06-26 15:15,0.024418
2025-06-26 15:30,0.002578
2025-06-26 15:45,0.038087
2025-06-26 16:00,0.177127
2025-06-26 16:15,0.107113
2025-06-26 16:30,0.064047
2025-06-26 16:45,0.02476
2025-06-26 17:00,0.199486
2025-06-26 17:15,0.02579
2025-06-26 17:30,0.022078
2025-06-26 17:45,0.008532
2025-06-26 18:00,0.171508
2025-06-26 18:15,0.047728
2025-06-26 18:30,0.005119
2025-06-26 18:45,0.0005
2025-06-26 19:00,0.007483
2025-06-26 19:15,0.007361
2025-06-26 19:30,0.008312
2025-06-26 19:45,0.017666
2025-06-26 20:00,0.000451
2025-06-26 20:15,0.0
2025-06-26 20:30,0.0
2025-06-26 20:45,0.026594
2025-06-26 21:00,0.0
2025-06-26 21:15,0.0
2025-06-26 21:30,0.0
2025-06-26 21:45,0.0
2025-06-26 22:00,0.0
2025-06-26 22:15,0.040994
2025-06-26 22:30,0.153068
2025-06-26 22:45,0.036466
2025-06-26 23:00,0.0
2025-06-26 23:15,0.01855
2025-06-26 23:30,0.018038
2025-06-26 23:45,0.000603
2025-06-27 00:00,0.010177
2025-06-27 00:15,0.065315
2025-06-27 00:30,0.017612
2025-06-27 00:45,0.001097
2025-06-27 01:00,0.0
2025-06-27 01:15,0.000555
2025-06-27 01:30,0.027807
2025-06-27 01:45,0.009458
2025-06-27 02:00,0.195275
2025-06-27 02:15,0.01855
2025-06-27 02:30,0.012401
2025-06-27 02:45,0.046345
2025-06-27 03:00,0.001987
2025-06-27 03:15,0.050525
2025-06-27 03:30,0.099076
2025-06-27 03:45,0.01855
2025-06-27 04:00,0.019001
2025-06-27 04:15,0.000902
2025-06-27 04:30,0.01855
2025-06-27 04:45,0.028221
2025-06-27 05:00,0.056869
2025-06-27 05:15,0.001432
2025-06-27 05:30,0.013053
2025-06-27 05:45,0.009726
2025-06-27 06:00,0.047569
2025-06-27 06:15,0.157236
2025-06-27 06:30,0.124792
2025-06-27 06:45,0.028727
2025-06-27 07:00,0.021609
2025-06-27 07:15,0.047874
2025-06-27 07:30,0.057399
2025-06-27 07:45,0.01855
2025-06-27 08:00,0.019708
2025-06-27 08:15,0.119076
2025-06-27 08:30,0.020975
2025-06-27 08:45,0.102744
2025-06-27 09:00,0.13286
2025-06-27 09:15,0.71941
2025-06-27 09:30,0.153677
2025-06-27 09:45,0.162166
2025-06-27 10:00,0.060745
2025-06-27 10:15,0.158577
2025-06-27 10:30,0.191271
2025-06-27 10:45,0.173544
2025-06-27 11:00,0.143293
2025-06-27 11:15,0.020975
2025-06-27 11:30,0.091312
2025-06-27 11:45,0.057003
2025-06-27 12:00,0.045997
2025-06-27 12:15,0.020232
2025-06-27 12:30,0.03047
2025-06-27 12:45,0.000871
2025-06-27 13:00,0.000902
2025-06-27 13:15,0.0
2025-06-27 13:30,0.000902
2025-06-27 13:45,0.001463
2025-06-27 14:00,0.007617
2025-06-27 14:15,0.026289
2025-06-27 14:30,0.016734
2025-06-27 14:45,0.0
2025-06-27 15:00,0.0
2025-06-27 15:15,0.017819
2025-06-27 15:30,0.672809
2025-06-27 15:45,0.282101
2025-06-27 16:00,0.111836
2025-06-27 16:15,0.193946
2025-06-27 16:30,0.132239
2025-06-27 16:45,0.194873
2025-06-27 17:00,0.015235
2025-06-27 17:15,0.016551
2025-06-27 17:30,0.029251
2025-06-27 17:45,0.0
2025-06-27 18:00,0.009275
2025-06-27 18:15,0.06367
2025-06-27 18:30,0.048435
2025-06-27 18:45,0.000451
2025-06-27 19:00,0.0
2025-06-27 19:15,0.0
2025-06-27 19:30,0.0
2025-06-27 19:45,0.0
2025-06-27 20:00,0.009897
2025-06-27 20:15,0.009799
2025-06-27 20:30,0.027825
2025-06-27 20:45,0.028605
2025-06-27 21:00,0.026588
2025-06-27 21:15,0.035753
2025-06-27 21:30,0.007617
2025-06-27 21:45,0.0
2025-06-27 22:00,0.00078
2025-06-27 22:15,0.0
2025-06-27 22:30,0.0
2025-06-27 22:45,0.0
2025-06-27 23:00,0.000378
2025-06-27 23:15,0.0
2025-06-27 23:30,0.0
2025-06-27 23:45,0.01855
2025-06-28 00:00,0.056637
2025-06-28 00:15,0.0
2025-06-28 00:30,0.0
2025-06-28 00:45,0.0
2025-06-28 01:00,0.089886
2025-06-28 01:15,0.01855
2025-06-28 01:30,0.020049
2025-06-28 01:45,0.138363
2025-06-28 02:00,0.27786
2025-06-28 02:15,0.131642
2025-06-28 02:30,0.269164
2025-06-28 02:45,0.211795
2025-06-28 03:00,0.437193
2025-06-28 03:15,0.147973
2025-06-28 03:30,0.104121
2025-06-28 03:45,0.169424
2025-06-28 04:00,0.216823
2025-06-28 04:15,0.087582
2025-06-28 04:30,0.167438
2025-06-28 04:45,0.041451
2025-06-28 05:00,0.169308
2025-06-28 05:15,0.171837
2025-06-28 05:30,0.103244
2025-06-28 05:45,0.16918
2025-06-28 06:00,0.171222
2025-06-28 06:15,0.234861
2025-06-28 06:30,0.063706
2025-06-28 06:45,0.015009
2025-06-28 07:00,0.000756
2025-06-28 07:15,0.015235
2025-06-28 07:30,0.022487
2025-06-28 07:45,0.010177
2025-06-28 08:00,0.053176
2025-06-28 08:15,0.029288
2025-06-28 08:30,0.0742
2025-06-28 08:45,0.0371
2025-06-28 09:00,0.019452
2025-06-28 09:15,0.056552
2025-06-28 09:30,0.0
2025-06-28 09:45,0.003151
2025-06-28 10:00,0.091976
2025-06-28 10:15,0.065991
2025-06-28 10:30,0.000859
2025-06-28 10:45,0.051323
2025-06-28 11:00,0.149016
2025-06-28 11:15,0.19068
2025-06-28 11:30,0.078466
2025-06-28 11:45,0.129265
2025-06-28 12:00,0.122476
2025-06-28 12:15,0.119984
2025-06-28 12:30,0.046314
2025-06-28 12:45,0.076784
2025-06-28 13:00,0.218511
2025-06-28 13:15,0.274728
2025-06-28 13:30,0.135158
2025-06-28 13:45,0.174586
2025-06-28 14:00,0.422878
2025-06-28 14:15,0.401616
2025-06-28 14:30,0.195049
2025-06-28 14:45,0.134987
2025-06-28 15:00,0.145286
2025-06-28 15:15,0.027916
2025-06-28 15:30,0.011207
2025-06-28 15:45,0.077497
2025-06-28 16:00,0.178449
2025-06-28 16:15,0.17497
2025-06-28 16:30,0.11843
2025-06-28 16:45,0.000902
2025-06-28 17:00,0.228146
2025-06-28 17:15,0.075992
2025-06-28 17:30,0.010798
2025-06-28 17:45,0.0
2025-06-28 18:00,0.000902
2025-06-28 18:15,0.0
2025-06-28 18:30,0.025899
2025-06-28 18:45,0.027721
2025-06-28 19:00,0.000902
2025-06-28 19:15,0.0
2025-06-28 19:30,0.039824
2025-06-28 19:45,0.000451
2025-06-28 20:00,0.000451
2025-06-28 20:15,0.01855
2025-06-28 20:30,0.0
2025-06-28 20:45,0.0
2025-06-28 21:00,0.000451
2025-06-28 21:15,0.0
2025-06-28 21:30,0.0
2025-06-28 21:45,0.024961
2025-06-28 22:00,0.0
2025-06-28 22:15,0.0
2025-06-28 22:30,0.0
2025-06-28 22:45,0.0
2025-06-28 23:00,0.05345
2025-06-28 23:15,0.022048
2025-06-28 23:30,0.020921
2025-06-28 23:45,0.029775
2025-06-29 00:00,0.037551
2025-06-29 00:15,0.002511
2025-06-29 00:30,0.228274
2025-06-29 00:45,0.116193
2025-06-29 01:00,0.114115
2025-06-29 01:15,0.005497
2025-06-29 01:30,0.084566
2025-06-29 01:45,0.121123
2025-06-29 02:00,0.058356
2025-06-29 02:15,0.18954
2025-06-29 02:30,0.347282
2025-06-29 02:45,0.169546
2025-06-29 03:00,0.038703
2025-06-29 03:15,0.023358
2025-06-29 03:30,0.026777
2025-06-29 03:45,0.026692
2025-06-29 04:00,0.083707
2025-06-29 04:15,0.022737
2025-06-29 04:30,0.000475
2025-06-29 04:45,0.004705
2025-06-29 05:00,0.0
2025-06-29 05:15,0.0
2025-06-29 05:30,0.00117
2025-06-29 05:45,0.031061
2025-06-29 06:00,0.0
2025-06-29 06:15,0.007971
2025-06-29 06:30,0.096961
2025-06-29 06:45,0.151039
2025-06-29 07:00,0.125371
2025-06-29 07:15,0.015235
2025-06-29 07:30,0.062969
2025-06-29 07:45,0.183434
2025-06-29 08:00,0.197481
2025-06-29 08:15,0.257226
2025-06-29 08:30,0.191478
2025-06-29 08:45,0.072951
2025-06-29 09:00,0.08214
2025-06-29 09:15,0.127717
2025-06-29 09:30,0.032773
2025-06-29 09:45,0.03047
2025-06-29 10:00,0.041146
2025-06-29 10:15,0.092007
2025-06-29 10:30,0.172233
2025-06-29 10:45,0.442994
2025-06-29 11:00,0.220284
2025-06-29 11:15,0.739045
2025-06-29 11:30,0.638385
2025-06-29 11:45,0.621553
2025-06-29 12:00,0.277415
2025-06-29 12:15,0.793232
2025-06-29 12:30,0.386777
2025-06-29 12:45,0.570053
2025-06-29 13:00,0.368069
2025-06-29 13:15,0.86689
2025-06-29 13:30,0.793372
2025-06-29 13:45,0.655387
2025-06-29 14:00,0.65092
2025-06-29 14:15,0.637641
2025-06-29 14:30,0.525439
2025-06-29 14:45,0.562052
2025-06-29 15:00,1.0
2025-06-29 15:15,0.685107
2025-06-29 15:30,0.183288
2025-06-29 15:45,0.544599
2025-06-29 16:00,0.687112
2025-06-29 16:15,0.303802
2025-06-29 16:30,0.216555
2025-06-29 16:45,0.234825
2025-06-29 17:00,0.139064
2025-06-29 17:15,0.167029
2025-06-29 17:30,0.103378
2025-06-29 17:45,0.341335
2025-06-29 18:00,0.152922
2025-06-29 18:15,0.173397
2025-06-29 18:30,0.255373
2025-06-29 18:45,0.255946
2025-06-29 19:00,0.076211
2025-06-29 19:15,0.122306
2025-06-29 19:30,0.110581
2025-06-29 19:45,0.196128
2025-06-29 20:00,0.16645
2025-06-29 20:15,0.131203
2025-06-29 20:30,0.019452
2025-06-29 20:45,0.0
2025-06-29 21:00,0.0
2025-06-29 21:15,0.000853
2025-06-29 21:30,0.008909
2025-06-29 21:45,0.001073
2025-06-29 22:00,0.015235
2025-06-29 22:15,0.0
2025-06-29 22:30,0.0
2025-06-29 22:45,0.000451
2025-06-29 23:00,0.022852
2025-06-29 23:15,0.009275
2025-06-29 23:30,0.012273
2025-06-29 23:45,0.000689
2025-06-30 00:00,0.007617
2025-06-30 00:15,0.01969
2025-06-30 00:30,0.0005
2025-06-30 00:45,0.0
2025-06-30 01:00,0.029793
2025-06-30 01:15,0.0
2025-06-30 01:30,0.056924
2025-06-30 01:45,0.003492
2025-06-30 02:00,0.0
2025-06-30 02:15,0.015235
2025-06-30 02:30,0.0
2025-06-30 02:45,0.0
2025-06-30 03:00,0.009275
2025-06-30 03:15,0.0
2025-06-30 03:30,0.007922
2025-06-30 03:45,0.007617
2025-06-30 04:00,0.000579
2025-06-30 04:15,0.0
2025-06-30 04:30,0.015235
2025-06-30 04:45,0.0
2025-06-30 05:00,0.0
2025-06-30 05:15,0.001243
2025-06-30 05:30,0.000902
2025-06-30 05:45,0.0
2025-06-30 06:00,0.0
2025-06-30 06:15,0.0
2025-06-30 06:30,0.0
2025-06-30 06:45,0.0
2025-06-30 07:00,0.0
2025-06-30 07:15,0.0
2025-06-30 07:30,0.0
2025-06-30 07:45,0.010287
2025-06-30 08:00,0.263454
2025-06-30 08:15,0.0742
2025-06-30 08:30,0.054285
2025-06-30 08:45,0.170253
2025-06-30 09:00,0.023023
2025-06-30 09:15,0.084377
2025-06-30 09:30,0.114323
2025-06-30 09:45,0.225976
2025-06-30 10:00,0.08693
2025-06-30 10:15,0.134055
2025-06-30 10:30,0.120508
2025-06-30 10:45,0.336429
2025-06-30 11:00,0.242357
2025-06-30 11:15,0.102025
2025-06-30 11:30,0.125347
2025-06-30 11:45,0.054163
2025-06-30 12:00,0.009275
2025-06-30 12:15,0.001231
2025-06-30 12:30,0.0
2025-06-30 12:45,0.102476
2025-06-30 13:00,0.026143
2025-06-30 13:15,0.0
2025-06-30 13:30,0.28045
2025-06-30 13:45,0.233679
2025-06-30 14:00,0.309348
2025-06-30 14:15,0.366424
2025-06-30 14:30,0.2441
2025-06-30 14:45,0.167797
2025-06-30 15:00,0.157578
2025-06-30 15:15,0.056552
2025-06-30 15:30,0.287543
2025-06-30 15:45,0.195963
2025-06-30 16:00,0.183495
2025-06-30 16:15,0.406863
2025-06-30 16:30,0.188352
2025-06-30 16:45,0.055102
2025-06-30 17:00,0.086851
2025-06-30 17:15,0.009275
2025-06-30 17:30,0.0
2025-06-30 17:45,0.0
2025-06-30 18:00,0.0
2025-06-30 18:15,0.000451
2025-06-30 18:30,0.0
2025-06-30 18:45,0.0
2025-06-30 19:00,0.0
2025-06-30 19:15,0.0
2025-06-30 19:30,0.0
2025-06-30 19:45,0.0
2025-06-30 20:00,0.0
2025-06-30 20:15,0.0
2025-06-30 20:30,0.0
2025-06-30 20:45,0.0
2025-06-30 21:00,0.0
2025-06-30 21:15,0.0
2025-06-30 21:30,0.015186
2025-06-30 21:45,0.0
2025-06-30 22:00,0.0
2025-06-30 22:15,0.009275
2025-06-30 22:30,0.009275
2025-06-30 22:45,0.0
2025-06-30 23:00,0.0371
2025-06-30 23:15,0.013553
2025-06-30 23:30,0.0
2025-06-30 23:45,0.0
2025-07-01 00:00,0.019842
2025-07-01 00:15,0.008909
2025-07-01 00:30,0.0
2025-07-01 00:45,0.0
2025-07-01 01:00,0.0
2025-07-01 01:15,0.009275
2025-07-01 01:30,0.007922
2025-07-01 01:45,0.0
2025-07-01 02:00,0.0
2025-07-01 02:15,0.0
2025-07-01 02:30,0.0
2025-07-01 02:45,0.000603
2025-07-01 03:00,0.004985
2025-07-01 03:15,0.001432
2025-07-01 03:30,0.0
2025-07-01 03:45,0.0
2025-07-01 04:00,0.0
2025-07-01 04:15,0.0
2025-07-01 04:30,0.0
2025-07-01 04:45,0.0
2025-07-01 05:00,0.0
2025-07-01 05:15,0.000774
2025-07-01 05:30,0.008068
2025-07-01 05:45,0.01554
2025-07-01 06:00,0.0
2025-07-01 06:15,0.009872
2025-07-01 06:30,0.001365
2025-07-01 06:45,0.007922
2025-07-01 07:00,0.007617
2025-07-01 07:15,0.0
2025-07-01 07:30,0.0
2025-07-01 07:45,0.0
2025-07-01 08:00,0.0
2025-07-01 08:15,0.0
2025-07-01 08:30,0.0
2025-07-01 08:45,0.0
2025-07-01 09:00,0.00142
2025-07-01 09:15,0.0
2025-07-01 09:30,0.036027
2025-07-01 09:45,0.0
2025-07-01 10:00,0.004345
2025-07-01 10:15,0.009257
2025-07-01 10:30,0.084785
2025-07-01 10:45,0.271723
2025-07-01 11:00,0.080032
2025-07-01 11:15,0.019598
2025-07-01 11:30,0.009275
2025-07-01 11:45,0.000451
2025-07-01 12:00,0.028349
2025-07-01 12:15,0.026107
2025-07-01 12:30,0.004424
2025-07-01 12:45,0.026856
2025-07-01 13:00,0.03047
2025-07-01 13:15,0.09186
2025-07-01 13:30,0.092007
2025-07-01 13:45,0.143086
2025-07-01 14:00,0.427966
2025-07-01 14:15,0.126894
2025-07-01 14:30,0.080075
2025-07-01 14:45,0.065827
2025-07-01 15:00,0.133153
2025-07-01 15:15,0.181764
2025-07-01 15:30,0.119697
2025-07-01 15:45,0.059233
2025-07-01 16:00,0.119368
2025-07-01 16:15,0.218011
2025-07-01 16:30,0.195976
2025-07-01 16:45,0.273698
2025-07-01 17:00,0.066698
2025-07-01 17:15,0.1689
2025-07-01 17:30,0.05565
2025-07-01 17:45,0.007617
2025-07-01 18:00,0.035442
2025-07-01 18:15,0.0
2025-07-01 18:30,0.0
2025-07-01 18:45,0.0
2025-07-01 19:00,0.01036
2025-07-01 19:15,0.008873
2025-07-01 19:30,0.0
2025-07-01 19:45,0.000451
2025-07-01 20:00,0.019135
2025-07-01 20:15,0.0
2025-07-01 20:30,0.001024
2025-07-01 20:45,0.0
2025-07-01 21:00,0.0
2025-07-01 21:15,0.000597
2025-07-01 21:30,0.0
2025-07-01 21:45,0.0
2025-07-01 22:00,0.0
2025-07-01 22:15,0.0
2025-07-01 22:30,0.0
2025-07-01 22:45,0.0
2025-07-01 23:00,0.101007
2025-07-01 23:15,0.009665
2025-07-01 23:30,0.009726
2025-07-01 23:45,0.035759
2025-07-02 00:00,0.0
2025-07-02 00:00,0.0
2025-07-02 00:15,0.130455
2025-07-02 00:30,0.215683
2025-07-02 00:45,0.001151
2025-07-02 01:00,0.063362
2025-07-02 01:15,0.026239
2025-07-02 01:30,0.025022
2025-07-02 01:45,0.000526
2025-07-02 02:00,0.001562
2025-07-02 02:15,0.000789
2025-07-02 02:30,0.011426
2025-07-02 02:45,0.022466
2025-07-02 03:00,0.0
2025-07-02 03:15,0.0
2025-07-02 03:30,0.001669
2025-07-02 03:45,0.0
2025-07-02 04:00,0.001151
2025-07-02 04:15,0.002417
2025-07-02 04:30,0.012511
2025-07-02 04:45,0.001776
2025-07-02 05:00,0.013037
2025-07-02 05:15,0.047809
2025-07-02 05:30,0.000608
2025-07-02 05:45,0.083624
2025-07-02 06:00,0.0
2025-07-02 06:15,0.001447
2025-07-02 06:30,0.003436
2025-07-02 06:45,0.033029
2025-07-02 07:00,0.0
2025-07-02 07:15,0.0
2025-07-02 07:30,0.0
2025-07-02 07:45,0.0
2025-07-02 08:00,0.003913
2025-07-02 08:15,0.0
2025-07-02 08:30,0.002606
2025-07-02 08:45,0.088187
2025-07-02 09:00,0.08628
2025-07-02 09:15,0.000526
2025-07-02 09:30,0.010473
2025-07-02 09:45,0.0
2025-07-02 10:00,0.0
2025-07-02 10:15,0.0
2025-07-02 10:30,0.031344
2025-07-02 10:45,0.028376
2025-07-02 11:00,0.001677
2025-07-02 11:15,0.052396
2025-07-02 11:30,0.063312
2025-07-02 11:45,0.24059
2025-07-02 12:00,0.158535
2025-07-02 12:15,0.026001
2025-07-02 12:30,0.264133
2025-07-02 12:45,0.281395
2025-07-02 13:00,0.004932
2025-07-02 13:15,0.172641
2025-07-02 13:30,0.117574
2025-07-02 13:45,0.303294
2025-07-02 14:00,0.142621
2025-07-02 14:15,0.307815
2025-07-02 14:30,0.426195
2025-07-02 14:45,0.532227
2025-07-02 15:00,0.297531
2025-07-02 15:15,0.223771
2025-07-02 15:30,0.142374
2025-07-02 15:45,0.426343
2025-07-02 16:00,0.175157
2025-07-02 16:15,0.833483
2025-07-02 16:30,0.530518
2025-07-02 16:45,0.48275
2025-07-02 17:00,0.444797
2025-07-02 17:15,0.381518
2025-07-02 17:30,0.284083
2025-07-02 17:45,0.502651
2025-07-02 18:00,0.104841
2025-07-02 18:15,0.0
2025-07-02 18:30,0.0
2025-07-02 18:45,0.0
2025-07-02 19:00,0.00628
2025-07-02 19:15,0.0
2025-07-02 19:30,0.0
2025-07-02 19:45,0.0
2025-07-02 20:00,0.0
2025-07-02 20:15,0.0
2025-07-02 20:30,0.0
2025-07-02 20:45,0.0
2025-07-02 21:00,0.0
2025-07-02 21:15,0.0
2025-07-02 21:30,0.01372
2025-07-02 21:45,0.0
2025-07-02 22:00,0.012511
2025-07-02 22:15,0.008278
2025-07-02 22:30,0.002532
2025-07-02 22:45,0.0
2025-07-02 23:00,0.025812
2025-07-02 23:15,0.184421
2025-07-02 23:30,0.089239
2025-07-02 23:45,0.0
2025-07-03 00:00,0.0
2025-07-03 00:15,0.020814
2025-07-03 00:30,0.0
2025-07-03 00:45,0.027694
2025-07-03 01:00,0.0
2025-07-03 01:15,0.0
2025-07-03 01:30,0.0
2025-07-03 01:45,0.013119
2025-07-03 02:00,0.0
2025-07-03 02:15,0.00148
2025-07-03 02:30,0.000707
2025-07-03 02:45,0.001365
2025-07-03 03:00,0.016588
2025-07-03 03:15,0.000608
2025-07-03 03:30,0.001899
2025-07-03 03:45,0.0
2025-07-03 04:00,0.010275
2025-07-03 04:15,0.127849
2025-07-03 04:30,0.0
2025-07-03 04:45,0.0
2025-07-03 05:00,0.016925
2025-07-03 05:15,0.013119
2025-07-03 05:30,0.013021
2025-07-03 05:45,0.0
2025-07-03 06:00,0.012511
2025-07-03 06:15,0.030497
2025-07-03 06:30,0.002203
2025-07-03 06:45,0.010275
2025-07-03 07:00,0.000526
2025-07-03 07:15,0.216439
2025-07-03 07:30,0.292024
2025-07-03 07:45,0.060731
2025-07-03 08:00,0.000608
2025-07-03 08:15,0.0
2025-07-03 08:30,0.007604
2025-07-03 08:45,0.045803
2025-07-03 09:00,0.01427
2025-07-03 09:15,0.010382
2025-07-03 09:30,0.031936
2025-07-03 09:45,0.001184
2025-07-03 10:00,0.045392
2025-07-03 10:15,0.006231
2025-07-03 10:30,0.025022
2025-07-03 10:45,0.011056
2025-07-03 11:00,0.11302
2025-07-03 11:15,0.286919
2025-07-03 11:30,0.050242
2025-07-03 11:45,0.092091
2025-07-03 12:00,0.115478
2025-07-03 12:15,0.013728
2025-07-03 12:30,0.131335
2025-07-03 12:45,0.074582
2025-07-03 13:00,0.015092
2025-07-03 13:15,0.013629
2025-07-03 13:30,0.03783
2025-07-03 13:45,0.361
2025-07-03 14:00,0.062145
2025-07-03 14:15,0.064907
2025-07-03 14:30,0.323442
2025-07-03 14:45,0.442298
2025-07-03 15:00,0.017641
2025-07-03 15:15,0.000748
2025-07-03 15:30,0.076909
2025-07-03 15:45,0.104118
2025-07-03 16:00,0.085548
2025-07-03 16:15,0.025022
2025-07-03 16:30,0.025022
2025-07-03 16:45,0.039967
2025-07-03 17:00,0.013728
2025-07-03 17:15,0.0
2025-07-03 17:30,0.022277
2025-07-03 17:45,0.0
2025-07-03 18:00,0.0
2025-07-03 18:15,0.0
2025-07-03 18:30,0.000764
2025-07-03 18:45,0.002302
2025-07-03 19:00,0.0
2025-07-03 19:15,0.001348
2025-07-03 19:30,0.015438
2025-07-03 19:45,0.0
2025-07-03 20:00,0.0
2025-07-03 20:15,0.0
2025-07-03 20:30,0.0
2025-07-03 20:45,0.0
2025-07-03 21:00,0.0
2025-07-03 21:15,0.0
2025-07-03 21:30,0.010884
2025-07-03 21:45,0.075117
2025-07-03 22:00,0.022293
2025-07-03 22:15,0.092848
2025-07-03 22:30,0.126403
2025-07-03 22:45,0.001134
2025-07-03 23:00,0.34659
2025-07-03 23:15,0.076522
2025-07-03 23:30,0.014566
2025-07-03 23:45,0.012511
2025-07-04 00:00,0.0
2025-07-04 00:15,0.003962
2025-07-04 00:30,0.001028
2025-07-04 00:45,0.020551
2025-07-04 01:00,0.189222
2025-07-04 01:15,0.0
2025-07-04 01:30,0.0
2025-07-04 01:45,0.0
2025-07-04 02:00,0.000838
2025-07-04 02:15,0.045573
2025-07-04 02:30,0.00106
2025-07-04 02:45,0.006338
2025-07-04 03:00,0.000773
2025-07-04 03:15,0.003107
2025-07-04 03:30,0.001348
2025-07-04 03:45,0.011073
2025-07-04 04:00,0.004842
2025-07-04 04:15,0.0
2025-07-04 04:30,0.0
2025-07-04 04:45,0.000896
2025-07-04 05:00,0.029248
2025-07-04 05:15,0.0
2025-07-04 05:30,0.013325
2025-07-04 05:45,0.0
2025-07-04 06:00,0.012717
2025-07-04 06:15,0.010785
2025-07-04 06:30,0.0
2025-07-04 06:45,0.001776
2025-07-04 07:00,0.021389
2025-07-04 07:15,0.0
2025-07-04 07:30,0.025631
2025-07-04 07:45,0.0
2025-07-04 08:00,0.10526
2025-07-04 08:15,0.025631
2025-07-04 08:30,0.0
2025-07-04 08:45,0.010275
2025-07-04 09:00,0.000674
2025-07-04 09:15,0.000838
2025-07-04 09:30,0.0
2025-07-04 09:45,0.0
2025-07-04 10:00,0.0
2025-07-04 10:15,0.001217
2025-07-04 10:30,0.063164
2025-07-04 10:45,0.022786
2025-07-04 11:00,0.007661
2025-07-04 11:15,0.010777
2025-07-04 11:30,0.043354
2025-07-04 11:45,0.030826
2025-07-04 12:00,0.017213
2025-07-04 12:15,0.0
2025-07-04 12:30,0.0
2025-07-04 12:45,0.03113
2025-07-04 13:00,0.061035
2025-07-04 13:15,0.197047
2025-07-04 13:30,0.094081
2025-07-04 13:45,0.278534
2025-07-04 14:00,0.096752
2025-07-04 14:15,0.230323
2025-07-04 14:30,0.046099
2025-07-04 14:45,0.025779
2025-07-04 15:00,0.0006
2025-07-04 15:15,0.0
2025-07-04 15:30,0.014566
2025-07-04 15:45,0.002737
2025-07-04 16:00,0.0
2025-07-04 16:15,0.091343
2025-07-04 16:30,0.302784
2025-07-04 16:45,0.318559
2025-07-04 17:00,0.031738
2025-07-04 17:15,0.033062
2025-07-04 17:30,0.56025
2025-07-04 17:45,0.392368
2025-07-04 18:00,0.369146
2025-07-04 18:15,0.068877
2025-07-04 18:30,0.002647
2025-07-04 18:45,0.0
2025-07-04 19:00,0.0
2025-07-04 19:15,0.001217
2025-07-04 19:30,0.000608
2025-07-04 19:45,0.0
2025-07-04 20:00,0.004718
2025-07-04 20:15,0.0
2025-07-04 20:30,0.0
2025-07-04 20:45,0.0
2025-07-04 21:00,0.001439
2025-07-04 21:15,0.0
2025-07-04 21:30,0.012511
2025-07-04 21:45,0.0
2025-07-04 22:00,0.0
2025-07-04 22:15,0.0
2025-07-04 22:30,0.0
2025-07-04 22:45,0.037534
2025-07-04 23:00,0.053086
2025-07-04 23:15,0.08891
2025-07-04 23:30,0.016194
2025-07-04 23:45,0.103345
2025-07-05 00:00,0.0
2025-07-05 00:15,0.050653
2025-07-05 00:30,0.122112
2025-07-05 00:45,0.012511
2025-07-05 01:00,0.003584
2025-07-05 01:15,0.044471
2025-07-05 01:30,0.027957
2025-07-05 01:45,0.054665
2025-07-05 02:00,0.050809
2025-07-05 02:15,0.230537
2025-07-05 02:30,0.13893
2025-07-05 02:45,0.033111
2025-07-05 03:00,0.001217
2025-07-05 03:15,0.010259
2025-07-05 03:30,0.139234
2025-07-05 03:45,0.110776
2025-07-05 04:00,0.0
2025-07-05 04:15,0.02933
2025-07-05 04:30,0.0
2025-07-05 04:45,0.047077
2025-07-05 05:00,0.070982
2025-07-05 05:15,0.064784
2025-07-05 05:30,0.229961
2025-07-05 05:45,0.337383
2025-07-05 06:00,0.148704
2025-07-05 06:15,0.128022
2025-07-05 06:30,0.100607
2025-07-05 06:45,0.158881
2025-07-05 07:00,0.074163
2025-07-05 07:15,0.020748
2025-07-05 07:30,0.035298
2025-07-05 07:45,0.0
2025-07-05 08:00,0.036432
2025-07-05 08:15,0.055947
2025-07-05 08:30,0.070595
2025-07-05 08:45,0.024036
2025-07-05 09:00,0.000608
2025-07-05 09:15,0.002039
2025-07-05 09:30,0.135469
2025-07-05 09:45,0.187323
2025-07-05 10:00,0.032897
2025-07-05 10:15,0.047587
2025-07-05 10:30,0.040435
2025-07-05 10:45,0.037534
2025-07-05 11:00,0.011073
2025-07-05 11:15,0.098125
2025-07-05 11:30,0.001455
2025-07-05 11:45,0.003428
2025-07-05 12:00,0.004817
2025-07-05 12:15,0.060657
2025-07-05 12:30,0.02725
2025-07-05 12:45,0.011492
2025-07-05 13:00,0.185021
2025-07-05 13:15,0.159974
2025-07-05 13:30,0.026971
2025-07-05 13:45,0.274638
2025-07-05 14:00,0.051903
2025-07-05 14:15,0.073538
2025-07-05 14:30,0.253446
2025-07-05 14:45,0.038487
2025-07-05 15:00,0.084003
2025-07-05 15:15,0.276225
2025-07-05 15:30,0.161856
2025-07-05 15:45,0.112025
2025-07-05 16:00,0.148556
2025-07-05 16:15,0.03875
2025-07-05 16:30,0.129822
2025-07-05 16:45,0.001973
2025-07-05 17:00,0.000732
2025-07-05 17:15,0.003913
2025-07-05 17:30,0.0
2025-07-05 17:45,0.0
2025-07-05 18:00,0.001365
2025-07-05 18:15,0.0
2025-07-05 18:30,0.001726
2025-07-05 18:45,0.103049
2025-07-05 19:00,0.0
2025-07-05 19:15,0.050045
2025-07-05 19:30,0.001348
2025-07-05 19:45,0.0
2025-07-05 20:00,0.138231
2025-07-05 20:15,0.0
2025-07-05 20:30,0.035298
2025-07-05 20:45,0.0
2025-07-05 21:00,0.016851
2025-07-05 21:15,0.010275
2025-07-05 21:30,0.037353
2025-07-05 21:45,0.0
2025-07-05 22:00,0.025022
2025-07-05 22:15,0.145589
2025-07-05 22:30,0.000608
2025-07-05 22:45,0.037797
2025-07-05 23:00,0.068031
2025-07-05 23:15,0.155568
2025-07-05 23:30,0.108729
2025-07-05 23:45,0.215946
2025-07-06 00:00,0.070595
2025-07-06 00:15,0.126501
2025-07-06 00:30,0.069469
2025-07-06 00:45,0.071631
2025-07-06 01:00,0.176127
2025-07-06 01:15,0.194729
2025-07-06 01:30,0.237458
2025-07-06 01:45,0.122991
2025-07-06 02:00,0.153505
2025-07-06 02:15,0.066872
2025-07-06 02:30,0.005573
2025-07-06 02:45,0.105942
2025-07-06 03:00,0.068713
2025-07-06 03:15,0.003477
2025-07-06 03:30,0.091697
2025-07-06 03:45,0.028023
2025-07-06 04:00,0.01164
2025-07-06 04:15,0.162687
2025-07-06 04:30,0.087299
2025-07-06 04:45,0.170767
2025-07-06 05:00,0.06623
2025-07-06 05:15,0.0
2025-07-06 05:30,0.027456
2025-07-06 05:45,0.205448
2025-07-06 06:00,0.083822
2025-07-06 06:15,0.218165
2025-07-06 06:30,0.005705
2025-07-06 06:45,0.026239
2025-07-06 07:00,0.023395
2025-07-06 07:15,0.130685
2025-07-06 07:30,0.629374
2025-07-06 07:45,0.489466
2025-07-06 08:00,0.281625
2025-07-06 08:15,0.181996
2025-07-06 08:30,0.124816
2025-07-06 08:45,0.063888
2025-07-06 09:00,0.247626
2025-07-06 09:15,0.025631
2025-07-06 09:30,0.025022
2025-07-06 09:45,0.003584
2025-07-06 10:00,0.015199
2025-07-06 10:15,0.07307
2025-07-06 10:30,0.036876
2025-07-06 10:45,0.001151
2025-07-06 11:00,0.114261
2025-07-06 11:15,0.027373
2025-07-06 11:30,0.026239
2025-07-06 11:45,0.052478
2025-07-06 12:00,0.075067
2025-07-06 12:15,0.168786
2025-07-06 12:30,0.246895
2025-07-06 12:45,0.505027
2025-07-06 13:00,0.149452
2025-07-06 13:15,0.363425
2025-07-06 13:30,0.6905
2025-07-06 13:45,0.267651
2025-07-06 14:00,0.251843
2025-07-06 14:15,0.287544
2025-07-06 14:30,0.067603
2025-07-06 14:45,0.190841
2025-07-06 15:00,0.393223
2025-07-06 15:15,0.446219
2025-07-06 15:30,0.619625
2025-07-06 15:45,1.0
2025-07-06 16:00,0.539996
2025-07-06 16:15,0.158766
2025-07-06 16:30,0.176719
2025-07-06 16:45,0.164569
2025-07-06 17:00,0.113357
2025-07-06 17:15,0.161478
2025-07-06 17:30,0.178313
2025-07-06 17:45,0.094903
2025-07-06 18:00,0.327412
2025-07-06 18:15,0.052305
2025-07-06 18:30,0.135075
2025-07-06 18:45,0.157418
2025-07-06 19:00,0.154442
2025-07-06 19:15,0.090719
2025-07-06 19:30,0.167002
2025-07-06 19:45,0.078816
2025-07-06 20:00,0.115807
2025-07-06 20:15,0.180023
2025-07-06 20:30,0.253471
2025-07-06 20:45,0.119259
2025-07-06 21:00,0.086658
2025-07-06 21:15,0.010275
2025-07-06 21:30,0.0
2025-07-06 21:45,0.0
2025-07-06 22:00,0.169378
2025-07-06 22:15,0.140287
2025-07-06 22:30,0.052478
2025-07-06 22:45,0.068729
2025-07-06 23:00,0.0
2025-07-06 23:15,0.537349
2025-07-06 23:30,0.069149
2025-07-06 23:45,0.010514
2025-07-07 00:00,0.030826
2025-07-07 00:15,0.026075
2025-07-07 00:30,0.012511
2025-07-07 00:45,0.002219
2025-07-07 01:00,0.000863
2025-07-07 01:15,0.026075
2025-07-07 01:30,0.011023
2025-07-07 01:45,0.0
2025-07-07 02:00,0.010686
2025-07-07 02:15,0.0
2025-07-07 02:30,0.020551
2025-07-07 02:45,0.0
2025-07-07 03:00,0.0
2025-07-07 03:15,0.004011
2025-07-07 03:30,0.012824
2025-07-07 03:45,0.002285
2025-07-07 04:00,0.0
2025-07-07 04:15,0.033489
2025-07-07 04:30,0.312484
2025-07-07 04:45,0.384173
2025-07-07 05:00,0.126329
2025-07-07 05:15,0.044167
2025-07-07 05:30,0.010785
2025-07-07 05:45,0.001784
2025-07-07 06:00,0.000608
2025-07-07 06:15,0.020551
2025-07-07 06:30,0.013021
2025-07-07 06:45,0.012182
2025-07-07 07:00,0.032166
2025-07-07 07:15,0.0
2025-07-07 07:30,0.026527
2025-07-07 07:45,0.0
2025-07-07 08:00,0.0
2025-07-07 08:15,0.0
2025-07-07 08:30,0.001545
2025-07-07 08:45,0.020551
2025-07-07 09:00,0.006872
2025-07-07 09:15,0.0
2025-07-07 09:30,0.0
2025-07-07 09:45,0.0
2025-07-07 10:00,0.0
2025-07-07 10:15,0.001151
2025-07-07 10:30,0.228572
2025-07-07 10:45,0.026157
2025-07-07 11:00,0.050045
2025-07-07 11:15,0.012511
2025-07-07 11:30,0.025022
2025-07-07 11:45,0.0
2025-07-07 12:00,0.024036
2025-07-07 12:15,0.022178
2025-07-07 12:30,0.309722
2025-07-07 12:45,0.443679
2025-07-07 13:00,0.064923
2025-07-07 13:15,0.000789
2025-07-07 13:30,0.025022
2025-07-07 13:45,0.050653
2025-07-07 14:00,0.095026
2025-07-07 14:15,0.790779
2025-07-07 14:30,0.800347
2025-07-07 14:45,0.411743
2025-07-07 15:00,0.234515
2025-07-07 15:15,0.208728
2025-07-07 15:30,0.258198
2025-07-07 15:45,0.061923
2025-07-07 16:00,0.533789
2025-07-07 16:15,0.652465
2025-07-07 16:30,0.400441
2025-07-07 16:45,0.333479
2025-07-07 17:00,0.439396
2025-07-07 17:15,0.12572
2025-07-07 17:30,0.010884
2025-07-07 17:45,0.003855
2025-07-07 18:00,0.011722
2025-07-07 18:15,0.001348
2025-07-07 18:30,0.0
2025-07-07 18:45,0.000641
2025-07-07 19:00,0.0
2025-07-07 19:15,0.0
2025-07-07 19:30,0.021323
2025-07-07 19:45,0.0
2025-07-07 20:00,0.0
2025-07-07 20:15,0.0
2025-07-07 20:30,0.0
2025-07-07 20:45,0.012511
2025-07-07 21:00,0.0
2025-07-07 21:15,0.012511
2025-07-07 21:30,0.0
2025-07-07 21:45,0.0
2025-07-07 22:00,0.0
2025-07-07 22:15,0.0
2025-07-07 22:30,0.038142
2025-07-07 22:45,0.025631
2025-07-07 23:00,0.04919
2025-07-07 23:15,0.0
2025-07-07 23:30,0.021159
2025-07-07 23:45,0.013794
2025-07-08 00:00,0.013218
2025-07-08 00:15,0.025088
2025-07-08 00:30,0.001217
2025-07-08 00:45,0.001677
2025-07-08 01:00,0.366121
2025-07-08 01:15,0.201568
2025-07-08 01:30,0.0
2025-07-08 01:45,0.041882
2025-07-08 02:00,0.0
2025-07-08 02:15,0.0
2025-07-08 02:30,0.030826
2025-07-08 02:45,0.015158
2025-07-08 03:00,0.093275
2025-07-08 03:15,0.021389
2025-07-08 03:30,0.013119
2025-07-08 03:45,0.00753
2025-07-08 04:00,0.020551
2025-07-08 04:15,0.020551
2025-07-08 04:30,0.045573
2025-07-08 04:45,0.0
2025-07-08 05:00,0.024973
2025-07-08 05:15,0.0
2025-07-08 05:30,0.000764
2025-07-08 05:45,0.001611
2025-07-08 06:00,0.035594
2025-07-08 06:15,0.020551
2025-07-08 06:30,0.027102
2025-07-08 06:45,0.0
2025-07-08 07:00,0.0
2025-07-08 07:15,0.0
2025-07-08 07:30,0.027653
2025-07-08 07:45,0.0
2025-07-08 08:00,0.011393
2025-07-08 08:15,0.190044
2025-07-08 08:30,0.0
2025-07-08 08:45,0.0
2025-07-08 09:00,0.0
2025-07-08 09:15,0.012429
2025-07-08 09:30,0.0
2025-07-08 09:45,0.0
2025-07-08 10:00,0.0
2025-07-08 10:15,0.003436
2025-07-08 10:30,0.003009
2025-07-08 10:45,0.005039
2025-07-08 11:00,0.031451
2025-07-08 11:15,0.0
2025-07-08 11:30,0.021767
2025-07-08 11:45,0.0
2025-07-08 12:00,0.010275
2025-07-08 12:15,0.0
2025-07-08 12:30,0.581598
2025-07-08 12:45,0.132436
2025-07-08 13:00,0.167791
2025-07-08 13:15,0.091557
2025-07-08 13:30,0.60639
2025-07-08 13:45,0.398854
2025-07-08 14:00,0.850334
2025-07-08 14:15,0.855661
2025-07-08 14:30,0.000707
2025-07-08 14:45,0.020551
2025-07-08 15:00,0.215806
2025-07-08 15:15,0.102942
2025-07-08 15:30,0.255469
2025-07-08 15:45,0.27398
2025-07-08 16:00,0.195724
2025-07-08 16:15,0.034377
2025-07-08 16:30,0.000814
2025-07-08 16:45,0.045902
2025-07-08 17:00,0.081824
2025-07-08 17:15,0.119637
2025-07-08 17:30,0.191622
2025-07-08 17:45,0.20969
2025-07-08 18:00,0.165013
2025-07-08 18:15,0.161626
2025-07-08 18:30,0.166838
2025-07-08 18:45,0.046058
2025-07-08 19:00,0.224922
2025-07-08 19:15,0.052075
2025-07-08 19:30,0.001776
2025-07-08 19:45,0.0
2025-07-08 20:00,0.0
2025-07-08 20:15,0.0
2025-07-08 20:30,0.0
2025-07-08 20:45,0.010275
2025-07-08 21:00,0.0
2025-07-08 21:15,0.0
2025-07-08 21:30,0.000682
2025-07-08 21:45,0.000666
2025-07-08 22:00,0.000682
2025-07-08 22:15,0.076424
2025-07-08 22:30,0.093587
2025-07-08 22:45,0.079325
2025-07-08 23:00,0.163846
2025-07-08 23:15,0.01418
2025-07-08 23:30,0.011475
2025-07-08 23:45,0.052429
2025-07-09 00:00,0.045573
2025-07-09 00:00,0.040341
2025-07-09 00:15,0.002154
2025-07-09 00:30,0.031246
2025-07-09 00:45,0.158994
2025-07-09 01:00,0.176741
2025-07-09 01:15,0.304307
2025-07-09 01:30,0.510831
2025-07-09 01:45,0.450174
2025-07-09 02:00,0.0443
2025-07-09 02:15,0.045333
2025-07-09 02:30,0.0
2025-07-09 02:45,0.011075
2025-07-09 03:00,0.01873
2025-07-09 03:15,0.093839
2025-07-09 03:30,0.08331
2025-07-09 03:45,0.137244
2025-07-09 04:00,0.111114
2025-07-09 04:15,0.167995
2025-07-09 04:30,0.081862
2025-07-09 04:45,0.095214
2025-07-09 05:00,0.173525
2025-07-09 05:15,0.128032
2025-07-09 05:30,0.056212
2025-07-09 05:45,0.0
2025-07-09 06:00,0.0
2025-07-09 06:15,0.001324
2025-07-09 06:30,0.000742
2025-07-09 06:45,0.0
2025-07-09 07:00,0.000822
2025-07-09 07:15,0.000538
2025-07-09 07:30,0.00171
2025-07-09 07:45,0.0
2025-07-09 08:00,0.0
2025-07-09 08:15,0.001135
2025-07-09 08:30,0.038188
2025-07-09 08:45,0.029659
2025-07-09 09:00,0.018875
2025-07-09 09:15,0.0
2025-07-09 09:30,0.012152
2025-07-09 09:45,0.002023
2025-07-09 10:00,0.20301
2025-07-09 10:15,0.36332
2025-07-09 10:30,0.160784
2025-07-09 10:45,0.001805
2025-07-09 11:00,0.01921
2025-07-09 11:15,0.001179
2025-07-09 11:30,0.013236
2025-07-09 11:45,0.071885
2025-07-09 12:00,0.010638
2025-07-09 12:15,0.112336
2025-07-09 12:30,0.299956
2025-07-09 12:45,0.232443
2025-07-09 13:00,0.029958
2025-07-09 13:15,0.097099
2025-07-09 13:30,0.056568
2025-07-09 13:45,0.00115
2025-07-09 14:00,0.010638
2025-07-09 14:15,0.098561
2025-07-09 14:30,0.035168
2025-07-09 14:45,0.023314
2025-07-09 15:00,0.213743
2025-07-09 15:15,0.116113
2025-07-09 15:30,0.011715
2025-07-09 15:45,0.079002
2025-07-09 16:00,0.153209
2025-07-09 16:15,0.356982
2025-07-09 16:30,0.087588
2025-07-09 16:45,0.003507
2025-07-09 17:00,0.045071
2025-07-09 17:15,0.058999
2025-07-09 17:30,0.042008
2025-07-09 17:45,0.019574
2025-07-09 18:00,0.002751
2025-07-09 18:15,0.050339
2025-07-09 18:30,0.000902
2025-07-09 18:45,0.0
2025-07-09 19:00,0.0
2025-07-09 19:15,0.0
2025-07-09 19:30,0.0
2025-07-09 19:45,0.0
2025-07-09 20:00,0.0
2025-07-09 20:15,0.0
2025-07-09 20:30,0.001252
2025-07-09 20:45,0.0
2025-07-09 21:00,0.0
2025-07-09 21:15,0.0
2025-07-09 21:30,0.0
2025-07-09 21:45,0.0
2025-07-09 22:00,0.056743
2025-07-09 22:15,0.0
2025-07-09 22:30,0.05739
2025-07-09 22:45,0.0
2025-07-09 23:00,0.033465
2025-07-09 23:15,0.024631
2025-07-09 23:30,0.011613
2025-07-09 23:45,0.112758
2025-07-10 00:00,0.0
2025-07-10 00:15,0.01897
2025-07-10 00:30,0.039643
2025-07-10 00:45,0.044766
2025-07-10 01:00,0.057514
2025-07-10 01:15,0.089997
2025-07-10 01:30,0.458251
2025-07-10 01:45,0.215467
2025-07-10 02:00,0.000917
2025-07-10 02:15,0.0
2025-07-10 02:30,0.000538
2025-07-10 02:45,0.00946
2025-07-10 03:00,0.0
2025-07-10 03:15,0.023736
2025-07-10 03:30,0.1399
2025-07-10 03:45,0.050652
2025-07-10 04:00,0.042233
2025-07-10 04:15,0.033938
2025-07-10 04:30,0.0
2025-07-10 04:45,0.040873
2025-07-10 05:00,0.0
2025-07-10 05:15,0.000538
2025-07-10 05:30,0.000677
2025-07-10 05:45,0.017333
2025-07-10 06:00,0.001237
2025-07-10 06:15,0.002117
2025-07-10 06:30,0.018191
2025-07-10 06:45,0.018643
2025-07-10 07:00,0.095454
2025-07-10 07:15,0.150909
2025-07-10 07:30,0.037635
2025-07-10 07:45,0.29054
2025-07-10 08:00,0.112554
2025-07-10 08:15,0.207703
2025-07-10 08:30,0.266083
2025-07-10 08:45,0.138765
2025-07-10 09:00,0.252461
2025-07-10 09:15,0.37748
2025-07-10 09:30,0.168169
2025-07-10 09:45,0.040945
2025-07-10 10:00,0.029885
2025-07-10 10:15,0.102243
2025-07-10 10:30,0.14583
2025-07-10 10:45,0.079366
2025-07-10 11:00,0.2608
2025-07-10 11:15,0.335618
2025-07-10 11:30,0.773341
2025-07-10 11:45,0.156192
2025-07-10 12:00,0.136058
2025-07-10 12:15,0.094443
2025-07-10 12:30,0.123178
2025-07-10 12:45,0.110844
2025-07-10 13:00,0.261957
2025-07-10 13:15,0.321574
2025-07-10 13:30,0.217388
2025-07-10 13:45,0.094006
2025-07-10 14:00,0.291762
2025-07-10 14:15,0.288379
2025-07-10 14:30,0.124517
2025-07-10 14:45,0.167682
2025-07-10 15:00,0.56756
2025-07-10 15:15,0.38897
2025-07-10 15:30,0.741681
2025-07-10 15:45,0.535819
2025-07-10 16:00,0.262277
2025-07-10 16:15,0.15331
2025-07-10 16:30,0.117451
2025-07-10 16:45,0.154795
2025-07-10 17:00,0.111688
2025-07-10 17:15,0.098016
2025-07-10 17:30,0.054807
2025-07-10 17:45,0.016765
2025-07-10 18:00,0.134588
2025-07-10 18:15,0.065635
2025-07-10 18:30,0.022688
2025-07-10 18:45,0.006309
2025-07-10 19:00,0.000597
2025-07-10 19:15,0.001426
2025-07-10 19:30,0.0
2025-07-10 19:45,0.0
2025-07-10 20:00,0.02148
2025-07-10 20:15,0.04756
2025-07-10 20:30,0.009096
2025-07-10 20:45,0.027287
2025-07-10 21:00,0.037613
2025-07-10 21:15,0.036383
2025-07-10 21:30,0.066122
2025-07-10 21:45,0.045988
2025-07-10 22:00,0.036383
2025-07-10 22:15,0.067767
2025-07-10 22:30,0.0
2025-07-10 22:45,0.00521
2025-07-10 23:00,0.001295
2025-07-10 23:15,0.020287
2025-07-10 23:30,0.198185
2025-07-10 23:45,0.075393
2025-07-11 00:00,0.134093
2025-07-11 00:15,0.190552
2025-07-11 00:30,0.001455
2025-07-11 00:45,0.2332
2025-07-11 01:00,0.226142
2025-07-11 01:15,0.134064
2025-07-11 01:30,0.266134
2025-07-11 01:45,0.093279
2025-07-11 02:00,0.040029
2025-07-11 02:15,0.06303
2025-07-11 02:30,0.00083
2025-07-11 02:45,0.086271
2025-07-11 03:00,0.09445
2025-07-11 03:15,0.23678
2025-07-11 03:30,0.187721
2025-07-11 03:45,0.09397
2025-07-11 04:00,0.224024
2025-07-11 04:15,0.021248
2025-07-11 04:30,0.063787
2025-07-11 04:45,0.016911
2025-07-11 05:00,0.015768
2025-07-11 05:15,0.023816
2025-07-11 05:30,0.043187
2025-07-11 05:45,0.043398
2025-07-11 06:00,0.054429
2025-07-11 06:15,0.002285
2025-07-11 06:30,0.002168
2025-07-11 06:45,0.013491
2025-07-11 07:00,0.004519
2025-07-11 07:15,0.001172
2025-07-11 07:30,0.003602
2025-07-11 07:45,0.053796
2025-07-11 08:00,0.002198
2025-07-11 08:15,0.020251
2025-07-11 08:30,0.037031
2025-07-11 08:45,0.191265
2025-07-11 09:00,0.027986
2025-07-11 09:15,0.052013
2025-07-11 09:30,0.025031
2025-07-11 09:45,0.001077
2025-07-11 10:00,0.044838
2025-07-11 10:15,0.025228
2025-07-11 10:30,0.026079
2025-07-11 10:45,0.001484
2025-07-11 11:00,0.0
2025-07-11 11:15,0.0
2025-07-11 11:30,0.02215
2025-07-11 11:45,0.002154
2025-07-11 12:00,0.018221
2025-07-11 12:15,0.022688
2025-07-11 12:30,0.059304
2025-07-11 12:45,0.062841
2025-07-11 13:00,0.045653
2025-07-11 13:15,0.055622
2025-07-11 13:30,0.099675
2025-07-11 13:45,0.067978
2025-07-11 14:00,0.011075
2025-07-11 14:15,0.015841
2025-07-11 14:30,0.059406
2025-07-11 14:45,0.062062
2025-07-11 15:00,0.0
2025-07-11 15:15,0.389108
2025-07-11 15:30,0.519738
2025-07-11 15:45,0.149738
2025-07-11 16:00,0.121825
2025-07-11 16:15,0.123949
2025-07-11 16:30,0.1858
2025-07-11 16:45,0.179186
2025-07-11 17:00,0.0
2025-07-11 17:15,0.001863
2025-07-11 17:30,0.02215
2025-07-11 17:45,0.0
2025-07-11 18:00,0.0
2025-07-11 18:15,0.000538
2025-07-11 18:30,0.000764
2025-07-11 18:45,0.0
2025-07-11 19:00,0.011075
2025-07-11 19:15,0.001193
2025-07-11 19:30,0.0
2025-07-11 19:45,0.0
2025-07-11 20:00,0.0
2025-07-11 20:15,0.024922
2025-07-11 20:30,0.011075
2025-07-11 20:45,0.0
2025-07-11 21:00,0.001077
2025-07-11 21:15,0.0
2025-07-11 21:30,0.113515
2025-07-11 21:45,0.168846
2025-07-11 22:00,0.214376
2025-07-11 22:15,0.306061
2025-07-11 22:30,0.03484
2025-07-11 22:45,0.060134
2025-07-11 23:00,0.046861
2025-07-11 23:15,0.124517
2025-07-11 23:30,0.147962
2025-07-11 23:45,0.140438
2025-07-12 00:00,0.045042
2025-07-12 00:15,0.137469
2025-07-12 00:30,0.115341
2025-07-12 00:45,0.114519
2025-07-12 01:00,0.000742
2025-07-12 01:15,0.000466
2025-07-12 01:30,0.000713
2025-07-12 01:45,0.109069
2025-07-12 02:00,0.02215
2025-07-12 02:15,0.0
2025-07-12 02:30,0.012079
2025-07-12 02:45,0.024056
2025-07-12 03:00,0.042306
2025-07-12 03:15,0.009096
2025-07-12 03:30,0.015688
2025-07-12 03:45,0.0
2025-07-12 04:00,0.013214
2025-07-12 04:15,0.004082
2025-07-12 04:30,0.022827
2025-07-12 04:45,0.001004
2025-07-12 05:00,0.119722
2025-07-12 05:15,0.027287
2025-07-12 05:30,0.015565
2025-07-12 05:45,0.0
2025-07-12 06:00,0.046396
2025-07-12 06:15,0.0
2025-07-12 06:30,0.0
2025-07-12 06:45,0.201678
2025-07-12 07:00,0.235369
2025-07-12 07:15,0.180838
2025-07-12 07:30,0.227961
2025-07-12 07:45,0.181347
2025-07-12 08:00,0.260742
2025-07-12 08:15,0.362913
2025-07-12 08:30,0.404797
2025-07-12 08:45,0.027287
2025-07-12 09:00,0.11759
2025-07-12 09:15,0.214652
2025-07-12 09:30,0.252971
2025-07-12 09:45,0.215758
2025-07-12 10:00,0.240215
2025-07-12 10:15,0.232269
2025-07-12 10:30,0.430905
2025-07-12 10:45,0.259214
2025-07-12 11:00,0.116564
2025-07-12 11:15,0.073261
2025-07-12 11:30,0.105853
2025-07-12 11:45,0.054458
2025-07-12 12:00,0.329768
2025-07-12 12:15,0.515605
2025-07-12 12:30,0.468591
2025-07-12 12:45,0.353955
2025-07-12 13:00,1.0
2025-07-12 13:15,0.136589
2025-07-12 13:30,0.218516
2025-07-12 13:45,0.022616
2025-07-12 14:00,0.090644
2025-07-12 14:15,0.141915
2025-07-12 14:30,0.084045
2025-07-12 14:45,0.828986
2025-07-12 15:00,0.413238
2025-07-12 15:15,0.550023
2025-07-12 15:30,0.557038
2025-07-12 15:45,0.298828
2025-07-12 16:00,0.24298
2025-07-12 16:15,0.280382
2025-07-12 16:30,0.20274
2025-07-12 16:45,0.029805
2025-07-12 17:00,0.144033
2025-07-12 17:15,0.438582
2025-07-12 17:30,0.090419
2025-07-12 17:45,0.210599
2025-07-12 18:00,0.019123
2025-07-12 18:15,0.0
2025-07-12 18:30,0.064427
2025-07-12 18:45,0.001572
2025-07-12 19:00,0.0
2025-07-12 19:15,0.0
2025-07-12 19:30,0.0
2025-07-12 19:45,0.000538
2025-07-12 20:00,0.0
2025-07-12 20:15,0.0
2025-07-12 20:30,0.040632
2025-07-12 20:45,0.002831
2025-07-12 21:00,0.001768
2025-07-12 21:15,0.0
2025-07-12 21:30,0.0
2025-07-12 21:45,0.0
2025-07-12 22:00,0.053272
2025-07-12 22:15,0.068611
2025-07-12 22:30,0.022688
2025-07-12 22:45,0.0
2025-07-12 23:00,0.0
2025-07-12 23:15,0.081927
2025-07-12 23:30,0.111936
2025-07-12 23:45,0.056452
2025-07-13 00:00,0.190967
2025-07-13 00:15,0.1469
2025-07-13 00:30,0.013775
2025-07-13 00:45,0.046788
2025-07-13 01:00,0.018191
2025-07-13 01:15,0.035015
2025-07-13 01:30,0.179921
2025-07-13 01:45,0.134573
2025-07-13 02:00,0.194925
2025-07-13 02:15,0.135054
2025-07-13 02:30,0.644459
2025-07-13 02:45,0.12654
2025-07-13 03:00,0.119467
2025-07-13 03:15,0.375006
2025-07-13 03:30,0.206299
2025-07-13 03:45,0.475256
2025-07-13 04:00,0.420682
2025-07-13 04:15,0.272756
2025-07-13 04:30,0.159161
2025-07-13 04:45,0.011206
2025-07-13 05:00,0.0
2025-07-13 05:15,0.0886
2025-07-13 05:30,0.103706
2025-07-13 05:45,0.229096
2025-07-13 06:00,0.001077
2025-07-13 06:15,0.019763
2025-07-13 06:30,0.134762
2025-07-13 06:45,0.356538
2025-07-13 07:00,0.548284
2025-07-13 07:15,0.226797
2025-07-13 07:30,0.366187
2025-07-13 07:45,0.557874
2025-07-13 08:00,0.426357
2025-07-13 08:15,0.091845
2025-07-13 08:30,0.0
2025-07-13 08:45,0.316772
2025-07-13 09:00,0.373595
2025-07-13 09:15,0.044002
2025-07-13 09:30,0.005552
2025-07-13 09:45,0.003267
2025-07-13 10:00,0.009772
2025-07-13 10:15,0.089633
2025-07-13 10:30,0.01953
2025-07-13 10:45,0.024944
2025-07-13 11:00,0.057456
2025-07-13 11:15,0.023729
2025-07-13 11:30,0.00219
2025-07-13 11:45,0.03094
2025-07-13 12:00,0.088338
2025-07-13 12:15,0.0
2025-07-13 12:30,0.274335
2025-07-13 12:45,0.155501
2025-07-13 13:00,0.003122
2025-07-13 13:15,0.010355
2025-07-13 13:30,0.008565
2025-07-13 13:45,0.089997
2025-07-13 14:00,0.107795
2025-07-13 14:15,0.105671
2025-07-13 14:30,0.266134
2025-07-13 14:45,0.808509
2025-07-13 15:00,0.554185
2025-07-13 15:15,0.486076
2025-07-13 15:30,0.428242
2025-07-13 15:45,0.448544
2025-07-13 16:00,0.197836
2025-07-13 16:15,0.003522
2025-07-13 16:30,0.027273
2025-07-13 16:45,0.042124
2025-07-13 17:00,0.216238
2025-07-13 17:15,0.03094
2025-07-13 17:30,0.000466
2025-07-13 17:45,0.000538
2025-07-13 18:00,0.000466
2025-07-13 18:15,0.009998
2025-07-13 18:30,0.000466
2025-07-13 18:45,0.0
2025-07-13 19:00,0.0
2025-07-13 19:15,0.009874
2025-07-13 19:30,0.0
2025-07-13 19:45,0.0
2025-07-13 20:00,0.0
2025-07-13 20:15,0.000771
2025-07-13 20:30,0.027753
2025-07-13 20:45,0.000844
2025-07-13 21:00,0.0
2025-07-13 21:15,0.0
2025-07-13 21:30,0.001004
2025-07-13 21:45,0.035466
2025-07-13 22:00,0.02215
2025-07-13 22:15,0.082968
2025-07-13 22:30,0.286035
2025-07-13 22:45,0.025053
2025-07-13 23:00,0.209813
2025-07-13 23:15,0.202493
2025-07-13 23:30,0.0
2025-07-13 23:45,0.0
2025-07-14 00:00,0.013331
2025-07-14 00:15,0.0
2025-07-14 00:30,0.0
2025-07-14 00:45,0.02215
2025-07-14 01:00,0.0
2025-07-14 01:15,0.0
2025-07-14 01:30,0.0
2025-07-14 01:45,0.00072
2025-07-14 02:00,0.0
2025-07-14 02:15,0.034156
2025-07-14 02:30,0.037074
2025-07-14 02:45,0.0
2025-07-14 03:00,0.0
2025-07-14 03:15,0.004169
2025-07-14 03:30,0.015208
2025-07-14 03:45,0.017289
2025-07-14 04:00,0.0
2025-07-14 04:15,0.0
2025-07-14 04:30,0.002503
2025-07-14 04:45,0.0
2025-07-14 05:00,0.0
2025-07-14 05:15,0.0
2025-07-14 05:30,0.026268
2025-07-14 05:45,0.005727
2025-07-14 06:00,0.000931
2025-07-14 06:15,0.018191
2025-07-14 06:30,0.046163
2025-07-14 06:45,0.021815
2025-07-14 07:00,0.0645
2025-07-14 07:15,0.0
2025-07-14 07:30,0.02215
2025-07-14 07:45,0.002139
2025-07-14 08:00,0.000713
2025-07-14 08:15,0.0
2025-07-14 08:30,0.0
2025-07-14 08:45,0.0
2025-07-14 09:00,0.034622
2025-07-14 09:15,0.001746
2025-07-14 09:30,0.001674
2025-07-14 09:45,0.0
2025-07-14 10:00,0.000597
2025-07-14 10:15,0.001077
2025-07-14 10:30,0.020593
2025-07-14 10:45,0.292242
2025-07-14 11:00,0.425899
2025-07-14 11:15,0.090754
2025-07-14 11:30,0.022688
2025-07-14 11:45,0.000597
2025-07-14 12:00,0.041564
2025-07-14 12:15,0.0
2025-07-14 12:30,0.01798
2025-07-14 12:45,0.067665
2025-07-14 13:00,0.137833
2025-07-14 13:15,0.109149
2025-07-14 13:30,0.373959
2025-07-14 13:45,0.170076
2025-07-14 14:00,0.31723
2025-07-14 14:15,0.292075
2025-07-14 14:30,0.441318
2025-07-14 14:45,0.343317
2025-07-14 15:00,0.350499
2025-07-14 15:15,0.040341
2025-07-14 15:30,0.035925
2025-07-14 15:45,0.00259
2025-07-14 16:00,0.01595
2025-07-14 16:15,0.001543
2025-07-14 16:30,0.179921
2025-07-14 16:45,0.128767
2025-07-14 17:00,0.407271
2025-07-14 17:15,0.091612
2025-07-14 17:30,0.257635
2025-07-14 17:45,0.347021
2025-07-14 18:00,0.110561
2025-07-14 18:15,0.023729
2025-07-14 18:30,0.0
2025-07-14 18:45,0.00123
2025-07-14 19:00,0.0
2025-07-14 19:15,0.0
2025-07-14 19:30,0.021844
2025-07-14 19:45,0.000538
2025-07-14 20:00,0.000931
2025-07-14 20:15,0.0
2025-07-14 20:30,0.0
2025-07-14 20:45,0.0
2025-07-14 21:00,0.001077
2025-07-14 21:15,0.039315
2025-07-14 21:30,0.0
2025-07-14 21:45,0.012152
2025-07-14 22:00,0.045377
2025-07-14 22:15,0.061065
2025-07-14 22:30,0.076084
2025-07-14 22:45,0.279778
2025-07-14 23:00,0.002831
2025-07-14 23:15,0.226346
2025-07-14 23:30,0.100468
2025-07-14 23:45,0.107759
2025-07-15 00:00,0.08419
2025-07-15 00:15,0.463875
2025-07-15 00:30,0.254783
2025-07-15 00:45,0.332729
2025-07-15 01:00,0.290423
2025-07-15 01:15,0.33735
2025-07-15 01:30,0.390658
2025-07-15 01:45,0.067643
2025-07-15 02:00,0.0
2025-07-15 02:15,0.0
2025-07-15 02:30,0.0
2025-07-15 02:45,0.010231
2025-07-15 03:00,0.013862
2025-07-15 03:15,0.010638
2025-07-15 03:30,0.0
2025-07-15 03:45,0.044322
2025-07-15 04:00,0.0
2025-07-15 04:15,0.0
2025-07-15 04:30,0.000597
2025-07-15 04:45,0.0
2025-07-15 05:00,0.001615
2025-07-15 05:15,0.01285
2025-07-15 05:30,0.012137
2025-07-15 05:45,0.005763
2025-07-15 06:00,0.008732
2025-07-15 06:15,0.002067
2025-07-15 06:30,0.0
2025-07-15 06:45,0.000931
2025-07-15 07:00,0.000538
2025-07-15 07:15,0.0
2025-07-15 07:30,0.062033
2025-07-15 07:45,0.032672
2025-07-15 08:00,0.013287
2025-07-15 08:15,0.013665
2025-07-15 08:30,0.019407
2025-07-15 08:45,0.054465
2025-07-15 09:00,0.021917
2025-07-15 09:15,0.075073
2025-07-15 09:30,0.022688
2025-07-15 09:45,0.001004
2025-07-15 10:00,0.022688
2025-07-15 10:15,0.001572
2025-07-15 10:30,0.00099
2025-07-15 10:45,0.022914
2025-07-15 11:00,0.047043
2025-07-15 11:15,0.018701
2025-07-15 11:30,0.062477
2025-07-15 11:45,0.164553
2025-07-15 12:00,0.176443
2025-07-15 12:15,0.255561
2025-07-15 12:30,0.393678
2025-07-15 12:45,0.328538
2025-07-15 13:00,0.624215
2025-07-15 13:15,0.287331
2025-07-15 13:30,0.608454
2025-07-15 13:45,0.221434
2025-07-15 14:00,0.227823
2025-07-15 14:15,0.011024
2025-07-15 14:30,0.281939
2025-07-15 14:45,0.297125
2025-07-15 15:00,0.063139
2025-07-15 15:15,0.056757
2025-07-15 15:30,0.026167
2025-07-15 15:45,0.068946
2025-07-15 16:00,0.029266
2025-07-15 16:15,0.02875
2025-07-15 16:30,0.010646
2025-07-15 16:45,0.091074
2025-07-15 17:00,0.087341
2025-07-15 17:15,0.0
2025-07-15 17:30,0.000538
2025-07-15 17:45,0.0
2025-07-15 18:00,0.000538
2025-07-15 18:15,0.022688
2025-07-15 18:30,0.002991
2025-07-15 18:45,0.001324
2025-07-15 19:00,0.0
2025-07-15 19:15,0.0
2025-07-15 19:30,0.000538
2025-07-15 19:45,0.0
2025-07-15 20:00,0.0
2025-07-15 20:15,0.000538
2025-07-15 20:30,0.0
2025-07-15 20:45,0.0
2025-07-15 21:00,0.0
2025-07-15 21:15,0.111827
2025-07-15 21:30,0.08192
2025-07-15 21:45,0.011613
2025-07-15 22:00,0.031246
2025-07-15 22:15,0.0509
2025-07-15 22:30,0.102906
2025-07-15 22:45,0.009096
2025-07-15 23:00,0.013826
2025-07-15 23:15,0.162996
2025-07-15 23:30,0.0
2025-07-15 23:45,0.001019
2025-07-16 00:00,0.011039
2025-07-16 00:00,0.014534
2025-07-16 00:15,0.011976
2025-07-16 00:30,0.0
2025-07-16 00:45,0.0
2025-07-16 01:00,0.011976
2025-07-16 01:15,0.0
2025-07-16 01:30,0.00183
2025-07-16 01:45,0.031004
2025-07-16 02:00,0.018453
2025-07-16 02:15,0.071799
2025-07-16 02:30,0.067641
2025-07-16 02:45,0.043747
2025-07-16 03:00,0.040432
2025-07-16 03:15,0.00182
2025-07-16 03:30,0.0
2025-07-16 03:45,0.004311
2025-07-16 04:00,0.090904
2025-07-16 04:15,0.034041
2025-07-16 04:30,0.04185
2025-07-16 04:45,0.015626
2025-07-16 05:00,0.011976
2025-07-16 05:15,0.023952
2025-07-16 05:30,0.0
2025-07-16 05:45,0.02514
2025-07-16 06:00,0.029164
2025-07-16 06:15,0.001897
2025-07-16 06:30,0.298388
2025-07-16 06:45,0.061174
2025-07-16 07:00,0.039148
2025-07-16 07:15,0.212036
2025-07-16 07:30,0.123125
2025-07-16 07:45,0.127024
2025-07-16 08:00,0.073601
2025-07-16 08:15,0.015789
2025-07-16 08:30,0.0
2025-07-16 08:45,0.031445
2025-07-16 09:00,0.002836
2025-07-16 09:15,0.003056
2025-07-16 09:30,0.061299
2025-07-16 09:45,0.059881
2025-07-16 10:00,0.000699
2025-07-16 10:15,0.001418
2025-07-16 10:30,0.005653
2025-07-16 10:45,0.000757
2025-07-16 11:00,0.0
2025-07-16 11:15,0.023952
2025-07-16 11:30,0.099737
2025-07-16 11:45,0.023952
2025-07-16 12:00,0.512676
2025-07-16 12:15,0.491636
2025-07-16 12:30,0.037059
2025-07-16 12:45,0.071014
2025-07-16 13:00,0.030582
2025-07-16 13:15,0.039148
2025-07-16 13:30,0.107603
2025-07-16 13:45,0.03681
2025-07-16 14:00,0.00091
2025-07-16 14:15,0.126325
2025-07-16 14:30,0.39758
2025-07-16 14:45,0.53407
2025-07-16 15:00,0.000824
2025-07-16 15:15,0.026156
2025-07-16 15:30,0.010654
2025-07-16 15:45,0.0
2025-07-16 16:00,0.38431
2025-07-16 16:15,0.495334
2025-07-16 16:30,0.203873
2025-07-16 16:45,0.622463
2025-07-16 17:00,0.423774
2025-07-16 17:15,0.054429
2025-07-16 17:30,0.0
2025-07-16 17:45,0.000891
2025-07-16 18:00,0.049074
2025-07-16 18:15,0.0
2025-07-16 18:30,0.0
2025-07-16 18:45,0.0
2025-07-16 19:00,0.030582
2025-07-16 19:15,0.029164
2025-07-16 19:30,0.0
2025-07-16 19:45,0.0
2025-07-16 20:00,0.0
2025-07-16 20:15,0.0
2025-07-16 20:30,0.0
2025-07-16 20:45,0.0
2025-07-16 21:00,0.0
2025-07-16 21:15,0.0
2025-07-16 21:30,0.0
2025-07-16 21:45,0.015368
2025-07-16 22:00,0.089639
2025-07-16 22:15,0.178636
2025-07-16 22:30,0.007856
2025-07-16 22:45,0.0
2025-07-16 23:00,0.211327
2025-07-16 23:15,0.000977
2025-07-16 23:30,0.026367
2025-07-16 23:45,0.026338
2025-07-17 00:00,0.027746
2025-07-17 00:15,0.497883
2025-07-17 00:30,0.012589
2025-07-17 00:45,0.013298
2025-07-17 01:00,0.056413
2025-07-17 01:15,0.002098
2025-07-17 01:30,0.014582
2025-07-17 01:45,0.00182
2025-07-17 02:00,0.041141
2025-07-17 02:15,0.139278
2025-07-17 02:30,0.054908
2025-07-17 02:45,0.003698
2025-07-17 03:00,0.0
2025-07-17 03:15,0.0
2025-07-17 03:30,0.0
2025-07-17 03:45,0.065093
2025-07-17 04:00,0.124083
2025-07-17 04:15,0.132408
2025-07-17 04:30,0.138454
2025-07-17 04:45,0.002012
2025-07-17 05:00,0.030669
2025-07-17 05:15,0.0
2025-07-17 05:30,0.013432
2025-07-17 05:45,0.049514
2025-07-17 06:00,0.088106
2025-07-17 06:15,0.030391
2025-07-17 06:30,0.044954
2025-07-17 06:45,0.001418
2025-07-17 07:00,0.023924
2025-07-17 07:15,0.000709
2025-07-17 07:30,0.001226
2025-07-17 07:45,0.0
2025-07-17 08:00,0.0
2025-07-17 08:15,0.055186
2025-07-17 08:30,0.003123
2025-07-17 08:45,0.04321
2025-07-17 09:00,0.027737
2025-07-17 09:15,0.023952
2025-07-17 09:30,0.01257
2025-07-17 09:45,0.059201
2025-07-17 10:00,0.000747
2025-07-17 10:15,0.043976
2025-07-17 10:30,0.118641
2025-07-17 10:45,0.083833
2025-07-17 11:00,0.055991
2025-07-17 11:15,0.003813
2025-07-17 11:30,0.018644
2025-07-17 11:45,0.037231
2025-07-17 12:00,0.061107
2025-07-17 12:15,0.101337
2025-07-17 12:30,0.031119
2025-07-17 12:45,0.162196
2025-07-17 13:00,0.344952
2025-07-17 13:15,0.076303
2025-07-17 13:30,0.040173
2025-07-17 13:45,0.019009
2025-07-17 14:00,0.065093
2025-07-17 14:15,0.113266
2025-07-17 14:30,0.093749
2025-07-17 14:45,0.015291
2025-07-17 15:00,0.023952
2025-07-17 15:15,0.0
2025-07-17 15:30,0.025504
2025-07-17 15:45,0.064154
2025-07-17 16:00,0.06082
2025-07-17 16:15,0.029164
2025-07-17 16:30,0.014506
2025-07-17 16:45,0.04047
2025-07-17 17:00,0.118765
2025-07-17 17:15,0.061893
2025-07-17 17:30,0.03314
2025-07-17 17:45,0.011555
2025-07-17 18:00,0.01851
2025-07-17 18:15,0.014582
2025-07-17 18:30,0.043747
2025-07-17 18:45,0.014582
2025-07-17 19:00,0.393997
2025-07-17 19:15,0.365254
2025-07-17 19:30,0.272884
2025-07-17 19:45,0.32968
2025-07-17 20:00,0.327342
2025-07-17 20:15,0.478223
2025-07-17 20:30,0.487708
2025-07-17 20:45,0.355117
2025-07-17 21:00,0.334087
2025-07-17 21:15,0.310815
2025-07-17 21:30,0.32442
2025-07-17 21:45,0.451166
2025-07-17 22:00,0.07728
2025-07-17 22:15,0.001715
2025-07-17 22:30,0.027631
2025-07-17 22:45,0.02538
2025-07-17 23:00,0.000709
2025-07-17 23:15,0.163374
2025-07-17 23:30,0.196562
2025-07-17 23:45,0.040182
2025-07-18 00:00,0.014582
2025-07-18 00:15,0.077222
2025-07-18 00:30,0.355424
2025-07-18 00:45,0.011976
2025-07-18 01:00,0.085079
2025-07-18 01:15,0.002194
2025-07-18 01:30,0.067699
2025-07-18 01:45,0.0
2025-07-18 02:00,0.078372
2025-07-18 02:15,0.031828
2025-07-18 02:30,0.000709
2025-07-18 02:45,0.054429
2025-07-18 03:00,0.071828
2025-07-18 03:15,0.010501
2025-07-18 03:30,0.0
2025-07-18 03:45,0.037538
2025-07-18 04:00,0.126392
2025-07-18 04:15,0.020503
2025-07-18 04:30,0.029988
2025-07-18 04:45,0.204821
2025-07-18 05:00,0.128749
2025-07-18 05:15,0.124016
2025-07-18 05:30,0.418782
2025-07-18 05:45,0.352923
2025-07-18 06:00,0.357714
2025-07-18 06:15,0.386131
2025-07-18 06:30,0.149865
2025-07-18 06:45,0.121563
2025-07-18 07:00,0.23686
2025-07-18 07:15,0.515052
2025-07-18 07:30,0.312281
2025-07-18 07:45,0.31367
2025-07-18 08:00,0.463516
2025-07-18 08:15,0.212352
2025-07-18 08:30,0.347002
2025-07-18 08:45,0.059306
2025-07-18 09:00,0.210244
2025-07-18 09:15,0.36556
2025-07-18 09:30,0.094372
2025-07-18 09:45,0.001878
2025-07-18 10:00,0.03017
2025-07-18 10:15,0.029797
2025-07-18 10:30,0.0
2025-07-18 10:45,0.000977
2025-07-18 11:00,0.0
2025-07-18 11:15,0.001475
2025-07-18 11:30,0.015234
2025-07-18 11:45,0.000709
2025-07-18 12:00,0.020628
2025-07-18 12:15,0.246996
2025-07-18 12:30,0.499128
2025-07-18 12:45,0.059038
2025-07-18 13:00,0.0
2025-07-18 13:15,0.030659
2025-07-18 13:30,0.366183
2025-07-18 13:45,0.306197
2025-07-18 14:00,0.027631
2025-07-18 14:15,0.062487
2025-07-18 14:30,0.023952
2025-07-18 14:45,0.014582
2025-07-18 15:00,0.088202
2025-07-18 15:15,0.044456
2025-07-18 15:30,0.031588
2025-07-18 15:45,0.030266
2025-07-18 16:00,0.0
2025-07-18 16:15,0.014582
2025-07-18 16:30,0.068389
2025-07-18 16:45,0.072911
2025-07-18 17:00,0.000709
2025-07-18 17:15,0.0
2025-07-18 17:30,0.014582
2025-07-18 17:45,0.002184
2025-07-18 18:00,0.029164
2025-07-18 18:15,0.0
2025-07-18 18:30,0.006486
2025-07-18 18:45,0.195911
2025-07-18 19:00,0.089448
2025-07-18 19:15,0.116657
2025-07-18 19:30,0.0
2025-07-18 19:45,0.0
2025-07-18 20:00,0.0
2025-07-18 20:15,0.000613
2025-07-18 20:30,0.0
2025-07-18 20:45,0.001782
2025-07-18 21:00,0.0
2025-07-18 21:15,0.000709
2025-07-18 21:30,0.0
2025-07-18 21:45,0.000709
2025-07-18 22:00,0.090942
2025-07-18 22:15,0.187135
2025-07-18 22:30,0.000977
2025-07-18 22:45,0.007119
2025-07-18 23:00,0.015176
2025-07-18 23:15,0.012685
2025-07-18 23:30,0.003487
2025-07-18 23:45,0.01828
2025-07-19 00:00,0.029164
2025-07-19 00:15,0.01349
2025-07-19 00:30,0.0
2025-07-19 00:45,0.029164
2025-07-19 01:00,0.0
2025-07-19 01:15,0.000709
2025-07-19 01:30,0.016728
2025-07-19 01:45,0.0
2025-07-19 02:00,0.000709
2025-07-19 02:15,0.012685
2025-07-19 02:30,0.0
2025-07-19 02:45,0.050319
2025-07-19 03:00,0.100408
2025-07-19 03:15,0.0
2025-07-19 03:30,0.001226
2025-07-19 03:45,0.0
2025-07-19 04:00,0.0
2025-07-19 04:15,0.005614
2025-07-19 04:30,0.001293
2025-07-19 04:45,0.0
2025-07-19 05:00,0.002807
2025-07-19 05:15,0.01646
2025-07-19 05:30,0.0
2025-07-19 05:45,0.000891
2025-07-19 06:00,0.060944
2025-07-19 06:15,0.0
2025-07-19 06:30,0.0
2025-07-19 06:45,0.0
2025-07-19 07:00,0.0
2025-07-19 07:15,0.009888
2025-07-19 07:30,0.0
2025-07-19 07:45,0.0
2025-07-19 08:00,0.00091
2025-07-19 08:15,0.023262
2025-07-19 08:30,0.0
2025-07-19 08:45,0.072911
2025-07-19 09:00,0.0
2025-07-19 09:15,0.0
2025-07-19 09:30,0.114751
2025-07-19 09:45,0.122942
2025-07-19 10:00,0.05488
2025-07-19 10:15,0.058492
2025-07-19 10:30,0.015368
2025-07-19 10:45,0.000709
2025-07-19 11:00,0.025658
2025-07-19 11:15,0.025964
2025-07-19 11:30,0.049323
2025-07-19 11:45,0.024661
2025-07-19 12:00,0.017035
2025-07-19 12:15,0.206412
2025-07-19 12:30,0.055215
2025-07-19 12:45,0.149156
2025-07-19 13:00,0.149884
2025-07-19 13:15,0.206603
2025-07-19 13:30,0.254326
2025-07-19 13:45,0.211135
2025-07-19 14:00,0.496244
2025-07-19 14:15,1.0
2025-07-19 14:30,0.691456
2025-07-19 14:45,0.444172
2025-07-19 15:00,0.49635
2025-07-19 15:15,0.145668
2025-07-19 15:30,0.112432
2025-07-19 15:45,0.050731
2025-07-19 16:00,0.002663
2025-07-19 16:15,0.077385
2025-07-19 16:30,0.082588
2025-07-19 16:45,0.160682
2025-07-19 17:00,0.017351
2025-07-19 17:15,0.006534
2025-07-19 17:30,0.011976
2025-07-19 17:45,0.014582
2025-07-19 18:00,0.102947
2025-07-19 18:15,0.046333
2025-07-19 18:30,0.037902
2025-07-19 18:45,0.011976
2025-07-19 19:00,0.0
2025-07-19 19:15,0.00159
2025-07-19 19:30,0.298159
2025-07-19 19:45,0.093117
2025-07-19 20:00,0.043747
2025-07-19 20:15,0.0
2025-07-19 20:30,0.043747
2025-07-19 20:45,0.166785
2025-07-19 21:00,0.212974
2025-07-19 21:15,0.0
2025-07-19 21:30,0.0
2025-07-19 21:45,0.0
2025-07-19 22:00,0.01167
2025-07-19 22:15,0.000709
2025-07-19 22:30,0.07362
2025-07-19 22:45,0.074597
2025-07-19 23:00,0.121965
2025-07-19 23:15,0.0
2025-07-19 23:30,0.0
2025-07-19 23:45,0.030582
2025-07-20 00:00,0.030985
2025-07-20 00:15,0.018807
2025-07-20 00:30,0.022314
2025-07-20 00:45,0.090904
2025-07-20 01:00,0.024154
2025-07-20 01:15,0.017878
2025-07-20 01:30,0.000709
2025-07-20 01:45,0.040537
2025-07-20 02:00,0.130157
2025-07-20 02:15,0.083699
2025-07-20 02:30,0.062822
2025-07-20 02:45,0.0
2025-07-20 03:00,0.056087
2025-07-20 03:15,0.128126
2025-07-20 03:30,0.275452
2025-07-20 03:45,0.094305
2025-07-20 04:00,0.172188
2025-07-20 04:15,0.003832
2025-07-20 04:30,0.015138
2025-07-20 04:45,0.001408
2025-07-20 05:00,0.026443
2025-07-20 05:15,0.0
2025-07-20 05:30,0.074099
2025-07-20 05:45,0.024661
2025-07-20 06:00,0.073486
2025-07-20 06:15,0.026616
2025-07-20 06:30,0.31505
2025-07-20 06:45,0.239983
2025-07-20 07:00,0.285608
2025-07-20 07:15,0.127733
2025-07-20 07:30,0.7133
2025-07-20 07:45,0.478481
2025-07-20 08:00,0.060781
2025-07-20 08:15,0.119053
2025-07-20 08:30,0.016192
2025-07-20 08:45,0.230651
2025-07-20 09:00,0.132466
2025-07-20 09:15,0.310384
2025-07-20 09:30,0.119762
2025-07-20 09:45,0.118459
2025-07-20 10:00,0.233928
2025-07-20 10:15,0.237377
2025-07-20 10:30,0.307778
2025-07-20 10:45,0.226321
2025-07-20 11:00,0.243662
2025-07-20 11:15,0.162186
2025-07-20 11:30,0.243432
2025-07-20 11:45,0.148591
2025-07-20 12:00,0.430529
2025-07-20 12:15,0.192787
2025-07-20 12:30,0.143082
2025-07-20 12:45,0.344559
2025-07-20 13:00,0.151963
2025-07-20 13:15,0.261004
2025-07-20 13:30,0.585213
2025-07-20 13:45,0.630195
2025-07-20 14:00,0.40329
2025-07-20 14:15,0.512925
2025-07-20 14:30,0.469226
2025-07-20 14:45,0.48079
2025-07-20 15:00,0.297938
2025-07-20 15:15,0.600322
2025-07-20 15:30,0.640926
2025-07-20 15:45,0.688486
2025-07-20 16:00,0.378792
2025-07-20 16:15,0.516709
2025-07-20 16:30,0.737253
2025-07-20 16:45,0.045222
2025-07-20 17:00,0.033802
2025-07-20 17:15,0.091575
2025-07-20 17:30,0.150919
2025-07-20 17:45,0.059038
2025-07-20 18:00,0.146531
2025-07-20 18:15,0.168433
2025-07-20 18:30,0.208788
2025-07-20 18:45,0.054161
2025-07-20 19:00,0.043747
2025-07-20 19:15,0.0
2025-07-20 19:30,0.0
2025-07-20 19:45,0.0
2025-07-20 20:00,0.0
2025-07-20 20:15,0.0
2025-07-20 20:30,0.0
2025-07-20 20:45,0.0
2025-07-20 21:00,0.005662
2025-07-20 21:15,0.0
2025-07-20 21:30,0.078094
2025-07-20 21:45,0.0
2025-07-20 22:00,0.0
2025-07-20 22:15,0.003583
2025-07-20 22:30,0.012886
2025-07-20 22:45,0.150085
2025-07-20 23:00,0.064432
2025-07-20 23:15,0.379146
2025-07-20 23:30,0.151072
2025-07-20 23:45,0.01098
2025-07-21 00:00,0.0
2025-07-21 00:15,0.0
2025-07-21 00:30,0.0
2025-07-21 00:45,0.011976
2025-07-21 01:00,0.000709
2025-07-21 01:15,0.001341
2025-07-21 01:30,0.0
2025-07-21 01:45,0.020245
2025-07-21 02:00,0.073697
2025-07-21 02:15,0.001916
2025-07-21 02:30,0.009773
2025-07-21 02:45,0.091843
2025-07-21 03:00,0.051354
2025-07-21 03:15,0.104729
2025-07-21 03:30,0.208663
2025-07-21 03:45,0.10127
2025-07-21 04:00,0.094545
2025-07-21 04:15,0.32785
2025-07-21 04:30,0.219087
2025-07-21 04:45,0.10447
2025-07-21 05:00,0.038535
2025-07-21 05:15,0.182143
2025-07-21 05:30,0.000929
2025-07-21 05:45,0.054008
2025-07-21 06:00,0.068437
2025-07-21 06:15,0.05373
2025-07-21 06:30,0.043095
2025-07-21 06:45,0.076417
2025-07-21 07:00,0.055723
2025-07-21 07:15,0.048729
2025-07-21 07:30,0.088796
2025-07-21 07:45,0.007454
2025-07-21 08:00,0.121879
2025-07-21 08:15,0.046544
2025-07-21 08:30,0.212428
2025-07-21 08:45,0.15775
2025-07-21 09:00,0.162282
2025-07-21 09:15,0.214028
2025-07-21 09:30,0.141597
2025-07-21 09:45,0.088969
2025-07-21 10:00,0.003516
2025-07-21 10:15,0.000709
2025-07-21 10:30,0.324947
2025-07-21 10:45,0.200309
2025-07-21 11:00,0.014582
2025-07-21 11:15,0.000929
2025-07-21 11:30,0.001006
2025-07-21 11:45,0.13442
2025-07-21 12:00,0.167666
2025-07-21 12:15,0.121812
2025-07-21 12:30,0.144337
2025-07-21 12:45,0.326528
2025-07-21 13:00,0.410792
2025-07-21 13:15,0.037615
2025-07-21 13:30,0.397676
2025-07-21 13:45,0.099287
2025-07-21 14:00,0.918533
2025-07-21 14:15,0.598549
2025-07-21 14:30,0.173223
2025-07-21 14:45,0.317148
2025-07-21 15:00,0.44628
2025-07-21 15:15,0.414538
2025-07-21 15:30,0.265698
2025-07-21 15:45,0.284199
2025-07-21 16:00,0.515406
2025-07-21 16:15,0.223724
2025-07-21 16:30,0.074798
2025-07-21 16:45,0.41404
2025-07-21 17:00,0.628404
2025-07-21 17:15,0.115115
2025-07-21 17:30,0.003315
2025-07-21 17:45,0.664227
2025-07-21 18:00,0.260429
2025-07-21 18:15,0.000709
2025-07-21 18:30,0.000949
2025-07-21 18:45,0.000929
2025-07-21 19:00,0.0
2025-07-21 19:15,0.0
2025-07-21 19:30,0.000709
2025-07-21 19:45,0.014956
2025-07-21 20:00,0.0
2025-07-21 20:15,0.001801
2025-07-21 20:30,0.0
2025-07-21 20:45,0.0
2025-07-21 21:00,0.0
2025-07-21 21:15,0.023952
2025-07-21 21:30,0.0
2025-07-21 21:45,0.016824
2025-07-21 22:00,0.104202
2025-07-21 22:15,0.369124
2025-07-21 22:30,0.000709
2025-07-21 22:45,0.003679
2025-07-21 23:00,0.494089
2025-07-21 23:15,0.339912
2025-07-21 23:30,0.015291
2025-07-21 23:45,0.00663
2025-07-22 00:00,0.067699
2025-07-22 00:15,0.009255
2025-07-22 00:30,0.033514
2025-07-22 00:45,0.012685
2025-07-22 01:00,0.0
2025-07-22 01:15,0.000747
2025-07-22 01:30,0.041735
2025-07-22 01:45,0.014879
2025-07-22 02:00,0.484929
2025-07-22 02:15,0.053787
2025-07-22 02:30,0.027957
2025-07-22 02:45,0.002913
2025-07-22 03:00,0.036216
2025-07-22 03:15,0.090042
2025-07-22 03:30,0.040997
2025-07-22 03:45,0.06561
2025-07-22 04:00,0.09945
2025-07-22 04:15,0.007358
2025-07-22 04:30,0.05715
2025-07-22 04:45,0.01669
2025-07-22 05:00,0.017686
2025-07-22 05:15,0.040297
2025-07-22 05:30,0.0
2025-07-22 05:45,0.0
2025-07-22 06:00,0.051066
2025-07-22 06:15,0.147211
2025-07-22 06:30,0.047905
2025-07-22 06:45,0.051497
2025-07-22 07:00,0.24555
2025-07-22 07:15,0.217899
2025-07-22 07:30,0.038535
2025-07-22 07:45,0.0
2025-07-22 08:00,0.055129
2025-07-22 08:15,0.0
2025-07-22 08:30,0.031349
2025-07-22 08:45,0.00229
2025-07-22 09:00,0.005193
2025-07-22 09:15,0.005662
2025-07-22 09:30,0.088202
2025-07-22 09:45,0.031655
2025-07-22 10:00,0.0
2025-07-22 10:15,0.13305
2025-07-22 10:30,0.929254
2025-07-22 10:45,0.528254
2025-07-22 11:00,0.022142
2025-07-22 11:15,0.00182
2025-07-22 11:30,0.032441
2025-07-22 11:45,0.027631
2025-07-22 12:00,0.002328
2025-07-22 12:15,0.001226
2025-07-22 12:30,0.004484
2025-07-22 12:45,0.10197
2025-07-22 13:00,0.054017
2025-07-22 13:15,0.262977
2025-07-22 13:30,0.421264
2025-07-22 13:45,0.328731
2025-07-22 14:00,0.115853
2025-07-22 14:15,0.358068
2025-07-22 14:30,0.199417
2025-07-22 14:45,0.060082
2025-07-22 15:00,0.013576
2025-07-22 15:15,0.424943
2025-07-22 15:30,0.496752
2025-07-22 15:45,0.3027
2025-07-22 16:00,0.061165
2025-07-22 16:15,0.522554
2025-07-22 16:30,0.457384
2025-07-22 16:45,0.849455
2025-07-22 17:00,0.876799
2025-07-22 17:15,0.02126
2025-07-22 17:30,0.055723
2025-07-22 17:45,0.03613
2025-07-22 18:00,0.0
2025-07-22 18:15,0.0
2025-07-22 18:30,0.0
2025-07-22 18:45,0.0
2025-07-22 19:00,0.0
2025-07-22 19:15,0.0
2025-07-22 19:30,0.0
2025-07-22 19:45,0.031607
2025-07-22 20:00,0.0
2025-07-22 20:15,0.000709
2025-07-22 20:30,0.002529
2025-07-22 20:45,0.001571
2025-07-22 21:00,0.011976
2025-07-22 21:15,0.0
2025-07-22 21:30,0.0
2025-07-22 21:45,0.012072
2025-07-22 22:00,0.068408
2025-07-22 22:15,0.1493
2025-07-22 22:30,0.119148
2025-07-22 22:45,0.076686
2025-07-22 23:00,0.014582
2025-07-22 23:15,0.082281
2025-07-22 23:30,0.15661
2025-07-22 23:45,0.013394
2025-07-23 00:00,0.085864
2025-07-23 00:00,0.073555
2025-07-23 00:15,0.001018
2025-07-23 00:30,0.0
2025-07-23 00:45,0.024655
2025-07-23 01:00,0.0
2025-07-23 01:15,0.006968
2025-07-23 01:30,0.0
2025-07-23 01:45,0.024983
2025-07-23 02:00,0.0
2025-07-23 02:15,0.001051
2025-07-23 02:30,0.0
2025-07-23 02:45,0.024327
2025-07-23 03:00,0.0
2025-07-23 03:15,0.0
2025-07-23 03:30,0.0
2025-07-23 03:45,0.010826
2025-07-23 04:00,0.024983
2025-07-23 04:15,0.001215
2025-07-23 04:30,0.0
2025-07-23 04:45,0.072619
2025-07-23 05:00,0.000673
2025-07-23 05:15,0.0
2025-07-23 05:30,0.0
2025-07-23 05:45,0.0
2025-07-23 06:00,0.000862
2025-07-23 06:15,0.01067
2025-07-23 06:30,0.01131
2025-07-23 06:45,0.000648
2025-07-23 07:00,0.0
2025-07-23 07:15,0.0
2025-07-23 07:30,0.0
2025-07-23 07:45,0.012631
2025-07-23 08:00,0.0
2025-07-23 08:15,0.0
2025-07-23 08:30,0.0
2025-07-23 08:45,0.010259
2025-07-23 09:00,0.020519
2025-07-23 09:15,0.005023
2025-07-23 09:30,0.0
2025-07-23 09:45,0.000607
2025-07-23 10:00,0.0
2025-07-23 10:15,0.001527
2025-07-23 10:30,0.012845
2025-07-23 10:45,0.0
2025-07-23 11:00,0.000771
2025-07-23 11:15,0.0
2025-07-23 11:30,0.013239
2025-07-23 11:45,0.0
2025-07-23 12:00,0.017646
2025-07-23 12:15,0.001379
2025-07-23 12:30,0.014478
2025-07-23 12:45,0.018237
2025-07-23 13:00,0.025591
2025-07-23 13:15,0.030778
2025-07-23 13:30,0.058305
2025-07-23 13:45,0.014314
2025-07-23 14:00,0.0
2025-07-23 14:15,0.084701
2025-07-23 14:30,0.272568
2025-07-23 14:45,0.261021
2025-07-23 15:00,0.239181
2025-07-23 15:15,0.222035
2025-07-23 15:30,0.464983
2025-07-23 15:45,0.483368
2025-07-23 16:00,0.706601
2025-07-23 16:15,0.636461
2025-07-23 16:30,0.890743
2025-07-23 16:45,0.740916
2025-07-23 17:00,0.0
2025-07-23 17:15,0.0
2025-07-23 17:30,0.230587
2025-07-23 17:45,0.135923
2025-07-23 18:00,0.0
2025-07-23 18:15,0.093236
2025-07-23 18:30,0.0
2025-07-23 18:45,0.294893
2025-07-23 19:00,0.307376
2025-07-23 19:15,0.124925
2025-07-23 19:30,0.0
2025-07-23 19:45,0.012492
2025-07-23 20:00,0.0
2025-07-23 20:15,0.000862
2025-07-23 20:30,0.0
2025-07-23 20:45,0.055991
2025-07-23 21:00,0.0
2025-07-23 21:15,0.001362
2025-07-23 21:30,0.000607
2025-07-23 21:45,0.459271
2025-07-23 22:00,0.047702
2025-07-23 22:15,0.024704
2025-07-23 22:30,0.003882
2025-07-23 22:45,0.084208
2025-07-23 23:00,0.07115
2025-07-23 23:15,0.552671
2025-07-23 23:30,0.000607
2025-07-23 23:45,0.0
2025-07-24 00:00,0.002429
2025-07-24 00:15,0.0
2025-07-24 00:30,0.068269
2025-07-24 00:45,0.0
2025-07-24 01:00,0.039322
2025-07-24 01:15,0.0315
2025-07-24 01:30,0.0
2025-07-24 01:45,0.0
2025-07-24 02:00,0.0
2025-07-24 02:15,0.0
2025-07-24 02:30,0.024983
2025-07-24 02:45,0.0
2025-07-24 03:00,0.012492
2025-07-24 03:15,0.012492
2025-07-24 03:30,0.0
2025-07-24 03:45,0.004793
2025-07-24 04:00,0.0
2025-07-24 04:15,0.001215
2025-07-24 04:30,0.024729
2025-07-24 04:45,0.024893
2025-07-24 05:00,0.082271
2025-07-24 05:15,0.0
2025-07-24 05:30,0.000681
2025-07-24 05:45,0.053332
2025-07-24 06:00,0.023572
2025-07-24 06:15,0.148267
2025-07-24 06:30,0.139354
2025-07-24 06:45,0.031878
2025-07-24 07:00,0.011039
2025-07-24 07:15,0.044205
2025-07-24 07:30,0.004875
2025-07-24 07:45,0.0
2025-07-24 08:00,0.054243
2025-07-24 08:15,0.0
2025-07-24 08:30,0.01172
2025-07-24 08:45,0.0
2025-07-24 09:00,0.0
2025-07-24 09:15,0.014782
2025-07-24 09:30,0.0185
2025-07-24 09:45,0.024433
2025-07-24 10:00,0.034044
2025-07-24 10:15,0.020215
2025-07-24 10:30,0.00998
2025-07-24 10:45,0.055195
2025-07-24 11:00,0.01511
2025-07-24 11:15,0.089658
2025-07-24 11:30,0.230891
2025-07-24 11:45,0.014913
2025-07-24 12:00,0.0
2025-07-24 12:15,0.072373
2025-07-24 12:30,0.047061
2025-07-24 12:45,0.056738
2025-07-24 13:00,0.276516
2025-07-24 13:15,0.42736
2025-07-24 13:30,0.81979
2025-07-24 13:45,0.51582
2025-07-24 14:00,0.50973
2025-07-24 14:15,0.11364
2025-07-24 14:30,0.021586
2025-07-24 14:45,0.052634
2025-07-24 15:00,0.05641
2025-07-24 15:15,0.022849
2025-07-24 15:30,0.012845
2025-07-24 15:45,0.138188
2025-07-24 16:00,0.063829
2025-07-24 16:15,0.001937
2025-07-24 16:30,0.051805
2025-07-24 16:45,0.127313
2025-07-24 17:00,0.792878
2025-07-24 17:15,1.0
2025-07-24 17:30,0.062787
2025-07-24 17:45,0.0
2025-07-24 18:00,0.0
2025-07-24 18:15,0.001543
2025-07-24 18:30,0.0
2025-07-24 18:45,0.0
2025-07-24 19:00,0.0
2025-07-24 19:15,0.0
2025-07-24 19:30,0.0
2025-07-24 19:45,0.0
2025-07-24 20:00,0.001428
2025-07-24 20:15,0.0
2025-07-24 20:30,0.0
2025-07-24 20:45,0.0
2025-07-24 21:00,0.0
2025-07-24 21:15,0.0
2025-07-24 21:30,0.0
2025-07-24 21:45,0.0
2025-07-24 22:00,0.001313
2025-07-24 22:15,0.029448
2025-07-24 22:30,0.007953
2025-07-24 22:45,0.07083
2025-07-24 23:00,0.31331
2025-07-24 23:15,0.182902
2025-07-24 23:30,0.094681
2025-07-24 23:45,0.001067
2025-07-25 00:00,0.000706
2025-07-25 00:15,0.139428
2025-07-25 00:30,0.025591
2025-07-25 00:45,0.842812
2025-07-25 01:00,0.939027
2025-07-25 01:15,0.15233
2025-07-25 01:30,0.0
2025-07-25 01:45,0.01442
2025-07-25 02:00,0.001018
2025-07-25 02:15,0.024983
2025-07-25 02:30,0.000607
2025-07-25 02:45,0.020519
2025-07-25 03:00,0.030778
2025-07-25 03:15,0.0
2025-07-25 03:30,0.0
2025-07-25 03:45,0.011474
2025-07-25 04:00,0.012492
2025-07-25 04:15,0.033314
2025-07-25 04:30,0.007674
2025-07-25 04:45,0.0
2025-07-25 05:00,0.0
2025-07-25 05:15,0.0
2025-07-25 05:30,0.0
2025-07-25 05:45,0.018869
2025-07-25 06:00,0.027413
2025-07-25 06:15,0.023358
2025-07-25 06:30,0.010259
2025-07-25 06:45,0.0
2025-07-25 07:00,0.031713
2025-07-25 07:15,0.108477
2025-07-25 07:30,0.04977
2025-07-25 07:45,0.021331
2025-07-25 08:00,0.01067
2025-07-25 08:15,0.021536
2025-07-25 08:30,0.012139
2025-07-25 08:45,0.001215
2025-07-25 09:00,0.023605
2025-07-25 09:15,0.010259
2025-07-25 09:30,0.080654
2025-07-25 09:45,0.000706
2025-07-25 10:00,0.042088
2025-07-25 10:15,0.162474
2025-07-25 10:30,0.014576
2025-07-25 10:45,0.044213
2025-07-25 11:00,0.053857
2025-07-25 11:15,0.023153
2025-07-25 11:30,0.117744
2025-07-25 11:45,0.000763
2025-07-25 12:00,0.191249
2025-07-25 12:15,0.076961
2025-07-25 12:30,0.093844
2025-07-25 12:45,0.110472
2025-07-25 13:00,0.120542
2025-07-25 13:15,0.06602
2025-07-25 13:30,0.504272
2025-07-25 13:45,0.231794
2025-07-25 14:00,0.071035
2025-07-25 14:15,0.10755
2025-07-25 14:30,0.159848
2025-07-25 14:45,0.157353
2025-07-25 15:00,0.333295
2025-07-25 15:15,0.177953
2025-07-25 15:30,0.431448
2025-07-25 15:45,0.086966
2025-07-25 16:00,0.286045
2025-07-25 16:15,0.115216
2025-07-25 16:30,0.056771
2025-07-25 16:45,0.0
2025-07-25 17:00,0.352706
2025-07-25 17:15,0.085915
2025-07-25 17:30,0.0
2025-07-25 17:45,0.005212
2025-07-25 18:00,0.001724
2025-07-25 18:15,0.0
2025-07-25 18:30,0.060817
2025-07-25 18:45,0.0
2025-07-25 19:00,0.000607
2025-07-25 19:15,0.007034
2025-07-25 19:30,0.0
2025-07-25 19:45,0.0
2025-07-25 20:00,0.000607
2025-07-25 20:15,0.013017
2025-07-25 20:30,0.011999
2025-07-25 20:45,0.0
2025-07-25 21:00,0.35873
2025-07-25 21:15,0.393414
2025-07-25 21:30,0.020519
2025-07-25 21:45,0.0
2025-07-25 22:00,0.009767
2025-07-25 22:15,0.0
2025-07-25 22:30,0.0
2025-07-25 22:45,0.021421
2025-07-25 23:00,0.009135
2025-07-25 23:15,0.039289
2025-07-25 23:30,0.0
2025-07-25 23:45,0.066669
2025-07-26 00:00,0.206589
2025-07-26 00:15,0.0
2025-07-26 00:30,0.052864
2025-07-26 00:45,0.010259
2025-07-26 01:00,0.012467
2025-07-26 01:15,0.013772
2025-07-26 01:30,0.071667
2025-07-26 01:45,0.00128
2025-07-26 02:00,0.015939
2025-07-26 02:15,0.0
2025-07-26 02:30,0.0
2025-07-26 02:45,0.000607
2025-07-26 03:00,0.0
2025-07-26 03:15,0.0
2025-07-26 03:30,0.020519
2025-07-26 03:45,0.0
2025-07-26 04:00,0.010259
2025-07-26 04:15,0.0
2025-07-26 04:30,0.0
2025-07-26 04:45,0.0
2025-07-26 05:00,0.000895
2025-07-26 05:15,0.0
2025-07-26 05:30,0.001592
2025-07-26 05:45,0.0
2025-07-26 06:00,0.0
2025-07-26 06:15,0.001371
2025-07-26 06:30,0.076066
2025-07-26 06:45,0.026937
2025-07-26 07:00,0.114247
2025-07-26 07:15,0.305217
2025-07-26 07:30,0.013099
2025-07-26 07:45,0.013263
2025-07-26 08:00,0.0
2025-07-26 08:15,0.122849
2025-07-26 08:30,0.00073
2025-07-26 08:45,0.002265
2025-07-26 09:00,0.0
2025-07-26 09:15,0.047685
2025-07-26 09:30,0.0
2025-07-26 09:45,0.0
2025-07-26 10:00,0.021027
2025-07-26 10:15,0.038624
2025-07-26 10:30,0.127387
2025-07-26 10:45,0.166922
2025-07-26 11:00,0.205891
2025-07-26 11:15,0.15297
2025-07-26 11:30,0.138525
2025-07-26 11:45,0.08905
2025-07-26 12:00,0.225786
2025-07-26 12:15,0.308788
2025-07-26 12:30,0.255858
2025-07-26 12:45,0.026264
2025-07-26 13:00,0.06062
2025-07-26 13:15,0.058716
2025-07-26 13:30,0.000706
2025-07-26 13:45,0.032296
2025-07-26 14:00,0.024195
2025-07-26 14:15,0.081024
2025-07-26 14:30,0.166504
2025-07-26 14:45,0.190174
2025-07-26 15:00,0.111966
2025-07-26 15:15,0.09931
2025-07-26 15:30,0.093934
2025-07-26 15:45,0.265387
2025-07-26 16:00,0.927315
2025-07-26 16:15,0.803047
2025-07-26 16:30,0.421582
2025-07-26 16:45,0.531102
2025-07-26 17:00,0.090249
2025-07-26 17:15,0.241167
2025-07-26 17:30,0.12774
2025-07-26 17:45,0.054136
2025-07-26 18:00,0.114214
2025-07-26 18:15,0.138623
2025-07-26 18:30,0.142251
2025-07-26 18:45,0.129283
2025-07-26 19:00,0.078397
2025-07-26 19:15,0.192415
2025-07-26 19:30,0.10256
2025-07-26 19:45,0.050574
2025-07-26 20:00,0.0
2025-07-26 20:15,0.0
2025-07-26 20:30,0.012492
2025-07-26 20:45,0.012492
2025-07-26 21:00,0.0
2025-07-26 21:15,0.0
2025-07-26 21:30,0.012492
2025-07-26 21:45,0.0
2025-07-26 22:00,0.0
2025-07-26 22:15,0.0
2025-07-26 22:30,0.0
2025-07-26 22:45,0.002881
2025-07-26 23:00,0.000607
2025-07-26 23:15,0.012492
2025-07-26 23:30,0.0
2025-07-26 23:45,0.339377
2025-07-27 00:00,0.184716
2025-07-27 00:15,0.259133
2025-07-27 00:30,0.150155
2025-07-27 00:45,0.014166
2025-07-27 01:00,0.040742
2025-07-27 01:15,0.075467
2025-07-27 01:30,0.084192
2025-07-27 01:45,0.0
2025-07-27 02:00,0.011983
2025-07-27 02:15,0.0
2025-07-27 02:30,0.087146
2025-07-27 02:45,0.102264
2025-07-27 03:00,0.104136
2025-07-27 03:15,0.026182
2025-07-27 03:30,0.024983
2025-07-27 03:45,0.379552
2025-07-27 04:00,0.0
2025-07-27 04:15,0.010867
2025-07-27 04:30,0.000525
2025-07-27 04:45,0.012492
2025-07-27 05:00,0.105047
2025-07-27 05:15,0.037475
2025-07-27 05:30,0.051346
2025-07-27 05:45,0.101148
2025-07-27 06:00,0.311028
2025-07-27 06:15,0.18172
2025-07-27 06:30,0.0
2025-07-27 06:45,0.0
2025-07-27 07:00,0.070485
2025-07-27 07:15,0.01149
2025-07-27 07:30,0.0
2025-07-27 07:45,0.00078
2025-07-27 08:00,0.0
2025-07-27 08:15,0.037475
2025-07-27 08:30,0.050574
2025-07-27 08:45,0.001215
2025-07-27 09:00,0.035218
2025-07-27 09:15,0.003381
2025-07-27 09:30,0.068072
2025-07-27 09:45,0.062376
2025-07-27 10:00,0.044517
2025-07-27 10:15,0.036983
2025-07-27 10:30,0.0
2025-07-27 10:45,0.028266
2025-07-27 11:00,0.001863
2025-07-27 11:15,0.000788
2025-07-27 11:30,0.038838
2025-07-27 11:45,0.030253
2025-07-27 12:00,0.012689
2025-07-27 12:15,0.000607
2025-07-27 12:30,0.018319
2025-07-27 12:45,0.001559
2025-07-27 13:00,0.141077
2025-07-27 13:15,0.001445
2025-07-27 13:30,0.075287
2025-07-27 13:45,0.005105
2025-07-27 14:00,0.197602
2025-07-27 14:15,0.682595
2025-07-27 14:30,0.060998
2025-07-27 14:45,0.140987
2025-07-27 15:00,0.038238
2025-07-27 15:15,0.047537
2025-07-27 15:30,0.06268
2025-07-27 15:45,0.322527
2025-07-27 16:00,0.124818
2025-07-27 16:15,0.087146
2025-07-27 16:30,0.013706
2025-07-27 16:45,0.013871
2025-07-27 17:00,0.081672
2025-07-27 17:15,0.177937
2025-07-27 17:30,0.001953
2025-07-27 17:45,0.003037
2025-07-27 18:00,0.003201
2025-07-27 18:15,0.002446
2025-07-27 18:30,0.030778
2025-07-27 18:45,0.200885
2025-07-27 19:00,0.0
2025-07-27 19:15,0.0
2025-07-27 19:30,0.012492
2025-07-27 19:45,0.0
2025-07-27 20:00,0.001215
2025-07-27 20:15,0.0
2025-07-27 20:30,0.011482
2025-07-27 20:45,0.002971
2025-07-27 21:00,0.013239
2025-07-27 21:15,0.026198
2025-07-27 21:30,0.0
2025-07-27 21:45,0.001559
2025-07-27 22:00,0.0
2025-07-27 22:15,0.0
2025-07-27 22:30,0.045436
2025-07-27 22:45,0.0
2025-07-27 23:00,0.0
2025-07-27 23:15,0.0
2025-07-27 23:30,0.013854
2025-07-27 23:45,0.036671
2025-07-28 00:00,0.039765
2025-07-28 00:15,0.120961
2025-07-28 00:30,0.046782
2025-07-28 00:45,0.025377
2025-07-28 01:00,0.006829
2025-07-28 01:15,0.10192
2025-07-28 01:30,0.065823
2025-07-28 01:45,0.056467
2025-07-28 02:00,0.0179
2025-07-28 02:15,0.035161
2025-07-28 02:30,0.024836
2025-07-28 02:45,0.113041
2025-07-28 03:00,0.045075
2025-07-28 03:15,0.014511
2025-07-28 03:30,0.00197
2025-07-28 03:45,0.03869
2025-07-28 04:00,0.355348
2025-07-28 04:15,0.076165
2025-07-28 04:30,0.041858
2025-07-28 04:45,0.04185
2025-07-28 05:00,0.001855
2025-07-28 05:15,0.020519
2025-07-28 05:30,0.883922
2025-07-28 05:45,0.230825
2025-07-28 06:00,0.001248
2025-07-28 06:15,0.0
2025-07-28 06:30,0.054218
2025-07-28 06:45,0.076165
2025-07-28 07:00,0.075656
2025-07-28 07:15,0.128233
2025-07-28 07:30,0.162893
2025-07-28 07:45,0.0
2025-07-28 08:00,0.021356
2025-07-28 08:15,0.020519
2025-07-28 08:30,0.001658
2025-07-28 08:45,0.0
2025-07-28 09:00,0.110538
2025-07-28 09:15,0.046914
2025-07-28 09:30,0.0
2025-07-28 09:45,0.007945
2025-07-28 10:00,0.000821
2025-07-28 10:15,0.076674
2025-07-28 10:30,0.185955
2025-07-28 10:45,0.084651
2025-07-28 11:00,0.517092
2025-07-28 11:15,0.253741
2025-07-28 11:30,0.228724
2025-07-28 11:45,0.105851
2025-07-28 12:00,0.129981
2025-07-28 12:15,0.039453
2025-07-28 12:30,0.004875
2025-07-28 12:45,0.098686
2025-07-28 13:00,0.43968
2025-07-28 13:15,0.199752
2025-07-28 13:30,0.154997
2025-07-28 13:45,0.161473
2025-07-28 14:00,0.285635
2025-07-28 14:15,0.324045
2025-07-28 14:30,0.299924
2025-07-28 14:45,0.300966
2025-07-28 15:00,0.764168
2025-07-28 15:15,0.25951
2025-07-28 15:30,0.495859
2025-07-28 15:45,0.106114
2025-07-28 16:00,0.001879
2025-07-28 16:15,0.012492
2025-07-28 16:30,0.120862
2025-07-28 16:45,0.226984
2025-07-28 17:00,0.035801
2025-07-28 17:15,0.0
2025-07-28 17:30,0.020519
2025-07-28 17:45,0.0
2025-07-28 18:00,0.0
2025-07-28 18:15,0.0
2025-07-28 18:30,0.0
2025-07-28 18:45,0.0
2025-07-28 19:00,0.0
2025-07-28 19:15,0.000681
2025-07-28 19:30,0.0
2025-07-28 19:45,0.0
2025-07-28 20:00,0.0
2025-07-28 20:15,0.011999
2025-07-28 20:30,0.013099
2025-07-28 20:45,0.001346
2025-07-28 21:00,0.091414
2025-07-28 21:15,0.038649
2025-07-28 21:30,0.031032
2025-07-28 21:45,0.021725
2025-07-28 22:00,0.023941
2025-07-28 22:15,0.012492
2025-07-28 22:30,0.0
2025-07-28 22:45,0.014314
2025-07-28 23:00,0.11341
2025-07-28 23:15,0.37347
2025-07-28 23:30,0.151213
2025-07-28 23:45,0.010259
2025-07-29 00:00,0.129677
2025-07-29 00:15,0.010259
2025-07-29 00:30,0.001034
2025-07-29 00:45,0.0
2025-07-29 01:00,0.002922
2025-07-29 01:15,0.135094
2025-07-29 01:30,0.042662
2025-07-29 01:45,0.007469
2025-07-29 02:00,0.000525
2025-07-29 02:15,0.035743
2025-07-29 02:30,0.670004
2025-07-29 02:45,0.38272
2025-07-29 03:00,0.127018
2025-07-29 03:15,0.25127
2025-07-29 03:30,0.332417
2025-07-29 03:45,0.175286
2025-07-29 04:00,0.00247
2025-07-29 04:15,0.002643
2025-07-29 04:30,0.001609
2025-07-29 04:45,0.000763
2025-07-29 05:00,0.001133
2025-07-29 05:15,0.022193
2025-07-29 05:30,0.0
2025-07-29 05:45,0.003792
2025-07-29 06:00,0.0
2025-07-29 06:15,0.0
2025-07-29 06:30,0.0
2025-07-29 06:45,0.0
2025-07-29 07:00,0.036457
2025-07-29 07:15,0.0
2025-07-29 07:30,0.0
2025-07-29 07:45,0.0
2025-07-29 08:00,0.0
2025-07-29 08:15,0.0
2025-07-29 08:30,0.051296
2025-07-29 08:45,0.041037
2025-07-29 09:00,0.0
2025-07-29 09:15,0.000895
2025-07-29 09:30,0.0
2025-07-29 09:45,0.0
2025-07-29 10:00,0.0
2025-07-29 10:15,0.0
2025-07-29 10:30,0.001215
2025-07-29 10:45,0.0
2025-07-29 11:00,0.026888
2025-07-29 11:15,0.024983
2025-07-29 11:30,0.076222
2025-07-29 11:45,0.001124
2025-07-29 12:00,0.001494
2025-07-29 12:15,0.01291
2025-07-29 12:30,0.004875
2025-07-29 12:45,0.013969
2025-07-29 13:00,0.213475
2025-07-29 13:15,0.896669
2025-07-29 13:30,0.075237
2025-07-29 13:45,0.000648
2025-07-29 14:00,0.050566
2025-07-29 14:15,0.0
2025-07-29 14:30,0.023153
2025-07-29 14:45,0.269261
2025-07-29 15:00,0.067498
2025-07-29 15:15,0.002979
2025-07-29 15:30,0.001641
2025-07-29 15:45,0.024081
2025-07-29 16:00,0.20205
2025-07-29 16:15,0.022849
2025-07-29 16:30,0.0
2025-07-29 16:45,0.025591
2025-07-29 17:00,0.0
2025-07-29 17:15,0.0022
2025-07-29 17:30,0.001633
2025-07-29 17:45,0.007649
2025-07-29 18:00,0.0
2025-07-29 18:15,0.0
2025-07-29 18:30,0.000607
2025-07-29 18:45,0.0
2025-07-29 19:00,0.0
2025-07-29 19:15,0.0
2025-07-29 19:30,0.0
2025-07-29 19:45,0.0
2025-07-29 20:00,0.0
2025-07-29 20:15,0.0
2025-07-29 20:30,0.0
2025-07-29 20:45,0.0
2025-07-29 21:00,0.005171
2025-07-29 21:15,0.0
2025-07-29 21:30,0.0
2025-07-29 21:45,0.011613
2025-07-29 22:00,0.0
2025-07-29 22:15,0.037926
2025-07-29 22:30,0.004539
2025-07-29 22:45,0.0
2025-07-29 23:00,0.010374
2025-07-29 23:15,0.019895
2025-07-29 23:30,0.06428
2025-07-29 23:45,0.039166
2025-07-30 00:00,0.066989
2025-07-30 00:00,0.077466
2025-07-30 00:15,0.003236
2025-07-30 00:30,0.029498
2025-07-30 00:45,0.0
2025-07-30 01:00,0.0
2025-07-30 01:15,0.011864
2025-07-30 01:30,0.057782
2025-07-30 01:45,0.0
2025-07-30 02:00,0.000864
2025-07-30 02:15,0.0
2025-07-30 02:30,0.000702
2025-07-30 02:45,0.0
2025-07-30 03:00,0.071183
2025-07-30 03:15,0.001177
2025-07-30 03:30,0.0
2025-07-30 03:45,0.005448
2025-07-30 04:00,0.001993
2025-07-30 04:15,0.001727
2025-07-30 04:30,0.0
2025-07-30 04:45,0.001405
2025-07-30 05:00,0.071686
2025-07-30 05:15,0.043317
2025-07-30 05:30,0.059272
2025-07-30 05:45,0.025968
2025-07-30 06:00,0.012784
2025-07-30 06:15,0.044475
2025-07-30 06:30,0.014474
2025-07-30 06:45,0.011864
2025-07-30 07:00,0.0
2025-07-30 07:15,0.0
2025-07-30 07:30,0.013705
2025-07-30 07:45,0.000873
2025-07-30 08:00,0.025816
2025-07-30 08:15,0.011864
2025-07-30 08:30,0.030751
2025-07-30 08:45,0.001917
2025-07-30 09:00,0.024221
2025-07-30 09:15,0.0
2025-07-30 09:30,0.042748
2025-07-30 09:45,0.132733
2025-07-30 10:00,0.304911
2025-07-30 10:15,0.001405
2025-07-30 10:30,0.022133
2025-07-30 10:45,0.0
2025-07-30 11:00,0.0
2025-07-30 11:15,0.043336
2025-07-30 11:30,0.000702
2025-07-30 11:45,0.0
2025-07-30 12:00,0.0
2025-07-30 12:15,0.273666
2025-07-30 12:30,0.029261
2025-07-30 12:45,0.065849
2025-07-30 13:00,0.083379
2025-07-30 13:15,0.023728
2025-07-30 13:30,0.030884
2025-07-30 13:45,0.036731
2025-07-30 14:00,0.023509
2025-07-30 14:15,0.029593
2025-07-30 14:30,0.194112
2025-07-30 14:45,0.001405
2025-07-30 15:00,0.023728
2025-07-30 15:15,0.023728
2025-07-30 15:30,0.030115
2025-07-30 15:45,0.017464
2025-07-30 16:00,0.006729
2025-07-30 16:15,0.024667
2025-07-30 16:30,0.330356
2025-07-30 16:45,0.001642
2025-07-30 17:00,0.326826
2025-07-30 17:15,0.072227
2025-07-30 17:30,0.0
2025-07-30 17:45,0.003626
2025-07-30 18:00,0.02145
2025-07-30 18:15,0.005438
2025-07-30 18:30,0.014445
2025-07-30 18:45,0.014445
2025-07-30 19:00,0.025569
2025-07-30 19:15,0.000902
2025-07-30 19:30,0.061123
2025-07-30 19:45,0.023728
2025-07-30 20:00,0.0
2025-07-30 20:15,0.0
2025-07-30 20:30,0.0
2025-07-30 20:45,0.0
2025-07-30 21:00,0.0
2025-07-30 21:15,0.0
2025-07-30 21:30,0.014445
2025-07-30 21:45,0.0
2025-07-30 22:00,0.014142
2025-07-30 22:15,0.014445
2025-07-30 22:30,0.028891
2025-07-30 22:45,0.074638
2025-07-30 23:00,0.028454
2025-07-30 23:15,0.561085
2025-07-30 23:30,0.247138
2025-07-30 23:45,0.099324
2025-07-31 00:00,0.131527
2025-07-31 00:15,0.023728
2025-07-31 00:30,0.012566
2025-07-31 00:45,0.0
2025-07-31 01:00,0.0
2025-07-31 01:15,0.002335
2025-07-31 01:30,0.0
2025-07-31 01:45,0.037471
2025-07-31 02:00,0.000778
2025-07-31 02:15,0.043336
2025-07-31 02:30,0.0
2025-07-31 02:45,0.0
2025-07-31 03:00,0.029593
2025-07-31 03:15,0.0
2025-07-31 03:30,0.03879
2025-07-31 03:45,0.00242
2025-07-31 04:00,0.026309
2025-07-31 04:15,0.001405
2025-07-31 04:30,0.000864
2025-07-31 04:45,0.000997
2025-07-31 05:00,0.039616
2025-07-31 05:15,0.039132
2025-07-31 05:30,0.003768
2025-07-31 05:45,0.0
2025-07-31 06:00,0.0
2025-07-31 06:15,0.0
2025-07-31 06:30,0.008969
2025-07-31 06:45,0.0
2025-07-31 07:00,0.067178
2025-07-31 07:15,0.189233
2025-07-31 07:30,0.084091
2025-07-31 07:45,0.014066
2025-07-31 08:00,0.041799
2025-07-31 08:15,0.011826
2025-07-31 08:30,0.018963
2025-07-31 08:45,0.011864
2025-07-31 09:00,0.028388
2025-07-31 09:15,0.002639
2025-07-31 09:30,0.036854
2025-07-31 09:45,0.170963
2025-07-31 10:00,0.0
2025-07-31 10:15,0.0
2025-07-31 10:30,0.0
2025-07-31 10:45,0.012566
2025-07-31 11:00,0.0
2025-07-31 11:15,0.012566
2025-07-31 11:30,0.073034
2025-07-31 11:45,0.028891
2025-07-31 12:00,0.183482
2025-07-31 12:15,0.454595
2025-07-31 12:30,0.012784
2025-07-31 12:45,0.111198
2025-07-31 13:00,0.098461
2025-07-31 13:15,0.018584
2025-07-31 13:30,0.00074
2025-07-31 13:45,0.014445
2025-07-31 14:00,0.023728
2025-07-31 14:15,0.025246
2025-07-31 14:30,0.09941
2025-07-31 14:45,0.131005
2025-07-31 15:00,0.011826
2025-07-31 15:15,0.054707
2025-07-31 15:30,0.000816
2025-07-31 15:45,0.000702
2025-07-31 16:00,0.029925
2025-07-31 16:15,0.000702
2025-07-31 16:30,0.0
2025-07-31 16:45,0.002733
2025-07-31 17:00,0.005173
2025-07-31 17:15,0.058484
2025-07-31 17:30,0.043336
2025-07-31 17:45,0.0
2025-07-31 18:00,0.0
2025-07-31 18:15,0.001538
2025-07-31 18:30,0.027923
2025-07-31 18:45,0.047455
2025-07-31 19:00,0.000702
2025-07-31 19:15,0.054317
2025-07-31 19:30,0.060268
2025-07-31 19:45,0.047455
2025-07-31 20:00,0.0
2025-07-31 20:15,0.02443
2025-07-31 20:30,0.0
2025-07-31 20:45,0.0
2025-07-31 21:00,0.0
2025-07-31 21:15,0.000702
2025-07-31 21:30,0.131546
2025-07-31 21:45,0.0
2025-07-31 22:00,0.0
2025-07-31 22:15,0.015148
2025-07-31 22:30,0.0
2025-07-31 22:45,0.00429
2025-07-31 23:00,0.152047
2025-07-31 23:15,0.448017
2025-07-31 23:30,0.356808
2025-07-31 23:45,0.017587
2025-08-01 00:00,0.026537
2025-08-01 00:15,0.013743
2025-08-01 00:30,0.0
2025-08-01 00:45,0.138513
2025-08-01 01:00,0.028891
2025-08-01 01:15,0.0
2025-08-01 01:30,0.071183
2025-08-01 01:45,0.011864
2025-08-01 02:00,0.0
2025-08-01 02:15,0.0
2025-08-01 02:30,0.0
2025-08-01 02:45,0.0
2025-08-01 03:00,0.0
2025-08-01 03:15,0.016875
2025-08-01 03:30,0.030068
2025-08-01 03:45,0.000588
2025-08-01 04:00,0.061901
2025-08-01 04:15,0.0
2025-08-01 04:30,0.0
2025-08-01 04:45,0.0
2025-08-01 05:00,0.002202
2025-08-01 05:15,0.000968
2025-08-01 05:30,0.0
2025-08-01 05:45,0.0
2025-08-01 06:00,0.000702
2025-08-01 06:15,0.0
2025-08-01 06:30,0.000807
2025-08-01 06:45,0.029593
2025-08-01 07:00,0.0
2025-08-01 07:15,0.0
2025-08-01 07:30,0.0
2025-08-01 07:45,0.001765
2025-08-01 08:00,0.0
2025-08-01 08:15,0.032108
2025-08-01 08:30,0.000607
2025-08-01 08:45,0.039198
2025-08-01 09:00,0.0
2025-08-01 09:15,0.0
2025-08-01 09:30,0.391754
2025-08-01 09:45,0.572066
2025-08-01 10:00,0.000702
2025-08-01 10:15,0.0
2025-08-01 10:30,0.023652
2025-08-01 10:45,0.0
2025-08-01 11:00,0.001746
2025-08-01 11:15,0.0
2025-08-01 11:30,0.0
2025-08-01 11:45,0.012623
2025-08-01 12:00,0.000607
2025-08-01 12:15,0.001405
2025-08-01 12:30,0.068345
2025-08-01 12:45,0.048632
2025-08-01 13:00,0.0
2025-08-01 13:15,0.001993
2025-08-01 13:30,0.0
2025-08-01 13:45,0.002914
2025-08-01 14:00,0.0
2025-08-01 14:15,0.002695
2025-08-01 14:30,0.0
2025-08-01 14:45,0.013231
2025-08-01 15:00,0.069873
2025-08-01 15:15,0.0
2025-08-01 15:30,0.158254
2025-08-01 15:45,0.073015
2025-08-01 16:00,0.028881
2025-08-01 16:15,0.298219
2025-08-01 16:30,0.112555
2025-08-01 16:45,0.000693
2025-08-01 17:00,0.007251
2025-08-01 17:15,0.000769
2025-08-01 17:30,0.0
2025-08-01 17:45,0.0
2025-08-01 18:00,0.0
2025-08-01 18:15,0.0
2025-08-01 18:30,0.0
2025-08-01 18:45,0.0
2025-08-01 19:00,0.0
2025-08-01 19:15,0.0
2025-08-01 19:30,0.0
2025-08-01 19:45,0.0
2025-08-01 20:00,0.023728
2025-08-01 20:15,0.015148
2025-08-01 20:30,0.027714
2025-08-01 20:45,0.0
2025-08-01 21:00,0.0
2025-08-01 21:15,0.0
2025-08-01 21:30,0.0
2025-08-01 21:45,0.0
2025-08-01 22:00,0.014445
2025-08-01 22:15,0.014445
2025-08-01 22:30,0.000702
2025-08-01 22:45,0.030201
2025-08-01 23:00,0.0
2025-08-01 23:15,0.03096
2025-08-01 23:30,0.000778
2025-08-01 23:45,0.0
2025-08-02 00:00,0.058484
2025-08-02 00:15,0.002468
2025-08-02 00:30,0.000911
2025-08-02 00:45,0.099353
2025-08-02 01:00,0.056966
2025-08-02 01:15,0.232835
2025-08-02 01:30,0.339904
2025-08-02 01:45,0.24263
2025-08-02 02:00,0.042577
2025-08-02 02:15,0.020064
2025-08-02 02:30,0.037604
2025-08-02 02:45,0.047455
2025-08-02 03:00,0.009149
2025-08-02 03:15,0.002401
2025-08-02 03:30,0.001993
2025-08-02 03:45,0.024724
2025-08-02 04:00,0.0
2025-08-02 04:15,0.0
2025-08-02 04:30,0.013041
2025-08-02 04:45,0.0
2025-08-02 05:00,0.0
2025-08-02 05:15,0.0
2025-08-02 05:30,0.029498
2025-08-02 05:45,0.000892
2025-08-02 06:00,0.000902
2025-08-02 06:15,0.041495
2025-08-02 06:30,0.0
2025-08-02 06:45,0.029859
2025-08-02 07:00,0.858754
2025-08-02 07:15,0.325506
2025-08-02 07:30,0.0
2025-08-02 07:45,0.0
2025-08-02 08:00,0.0
2025-08-02 08:15,0.000949
2025-08-02 08:30,0.177559
2025-08-02 08:45,0.545016
2025-08-02 09:00,0.506539
2025-08-02 09:15,0.398284
2025-08-02 09:30,0.481806
2025-08-02 09:45,0.509842
2025-08-02 10:00,0.089814
2025-08-02 10:15,0.443072
2025-08-02 10:30,0.0
2025-08-02 10:45,0.001405
2025-08-02 11:00,0.0
2025-08-02 11:15,0.014445
2025-08-02 11:30,0.028891
2025-08-02 11:45,0.04886
2025-08-02 12:00,0.74898
2025-08-02 12:15,0.000968
2025-08-02 12:30,0.244006
2025-08-02 12:45,0.456872
2025-08-02 13:00,0.196428
2025-08-02 13:15,0.378799
2025-08-02 13:30,0.507507
2025-08-02 13:45,0.2777
2025-08-02 14:00,0.52873
2025-08-02 14:15,0.62383
2025-08-02 14:30,0.352461
2025-08-02 14:45,0.381134
2025-08-02 15:00,0.418016
2025-08-02 15:15,0.256886
2025-08-02 15:30,0.047474
2025-08-02 15:45,0.026442
2025-08-02 16:00,0.172947
2025-08-02 16:15,0.077637
2025-08-02 16:30,0.163361
2025-08-02 16:45,0.079915
2025-08-02 17:00,0.102314
2025-08-02 17:15,0.0
2025-08-02 17:30,0.0
2025-08-02 17:45,0.0
2025-08-02 18:00,0.07758
2025-08-02 18:15,0.039616
2025-08-02 18:30,0.001177
2025-08-02 18:45,0.0
2025-08-02 19:00,0.000902
2025-08-02 19:15,0.0
2025-08-02 19:30,0.0
2025-08-02 19:45,0.016609
2025-08-02 20:00,0.000788
2025-08-02 20:15,0.0
2025-08-02 20:30,0.0
2025-08-02 20:45,0.002819
2025-08-02 21:00,0.0
2025-08-02 21:15,0.030296
2025-08-02 21:30,0.155939
2025-08-02 21:45,0.161937
2025-08-02 22:00,0.142983
2025-08-02 22:15,0.477734
2025-08-02 22:30,0.310387
2025-08-02 22:45,0.061958
2025-08-02 23:00,0.00988
2025-08-02 23:15,0.001405
2025-08-02 23:30,0.120015
2025-08-02 23:45,0.014445
2025-08-03 00:00,0.0
2025-08-03 00:15,0.012747
2025-08-03 00:30,0.011864
2025-08-03 00:45,0.181356
2025-08-03 01:00,0.026812
2025-08-03 01:15,0.083474
2025-08-03 01:30,0.232209
2025-08-03 01:45,0.360927
2025-08-03 02:00,0.200926
2025-08-03 02:15,0.0
2025-08-03 02:30,0.064966
2025-08-03 02:45,0.000702
2025-08-03 03:00,0.047323
2025-08-03 03:15,0.034975
2025-08-03 03:30,0.270629
2025-08-03 03:45,0.259695
2025-08-03 04:00,0.104364
2025-08-03 04:15,0.0
2025-08-03 04:30,0.035592
2025-08-03 04:45,0.06267
2025-08-03 05:00,0.014237
2025-08-03 05:15,0.02089
2025-08-03 05:30,0.032744
2025-08-03 05:45,0.06546
2025-08-03 06:00,0.078681
2025-08-03 06:15,0.014445
2025-08-03 06:30,0.0
2025-08-03 06:45,0.131262
2025-08-03 07:00,0.146163
2025-08-03 07:15,0.023728
2025-08-03 07:30,0.09996
2025-08-03 07:45,0.04831
2025-08-03 08:00,0.167347
2025-08-03 08:15,0.081434
2025-08-03 08:30,0.126962
2025-08-03 08:45,0.10743
2025-08-03 09:00,0.000997
2025-08-03 09:15,0.0
2025-08-03 09:30,0.028891
2025-08-03 09:45,0.07105
2025-08-03 10:00,0.000702
2025-08-03 10:15,0.001557
2025-08-03 10:30,0.0
2025-08-03 10:45,0.043222
2025-08-03 11:00,0.000702
2025-08-03 11:15,0.028891
2025-08-03 11:30,0.028815
2025-08-03 11:45,0.024629
2025-08-03 12:00,0.182865
2025-08-03 12:15,0.034215
2025-08-03 12:30,0.164699
2025-08-03 12:45,0.154714
2025-08-03 13:00,0.834494
2025-08-03 13:15,0.279797
2025-08-03 13:30,0.231004
2025-08-03 13:45,0.211234
2025-08-03 14:00,0.328012
2025-08-03 14:15,0.230652
2025-08-03 14:30,0.458116
2025-08-03 14:45,0.094607
2025-08-03 15:00,0.147454
2025-08-03 15:15,0.679619
2025-08-03 15:30,0.204628
2025-08-03 15:45,0.044542
2025-08-03 16:00,0.206507
2025-08-03 16:15,0.324159
2025-08-03 16:30,0.639348
2025-08-03 16:45,0.2029
2025-08-03 17:00,0.180454
2025-08-03 17:15,0.130949
2025-08-03 17:30,0.072683
2025-08-03 17:45,0.125738
2025-08-03 18:00,0.052619
2025-08-03 18:15,0.02723
2025-08-03 18:30,0.153556
2025-08-03 18:45,0.079744
2025-08-03 19:00,0.087413
2025-08-03 19:15,0.100074
2025-08-03 19:30,0.011864
2025-08-03 19:45,0.0
2025-08-03 20:00,0.0
2025-08-03 20:15,0.0
2025-08-03 20:30,0.0
2025-08-03 20:45,0.000883
2025-08-03 21:00,0.025626
2025-08-03 21:15,0.0
2025-08-03 21:30,0.0
2025-08-03 21:45,0.0
2025-08-03 22:00,0.024905
2025-08-03 22:15,0.0
2025-08-03 22:30,0.0
2025-08-03 22:45,0.0
2025-08-03 23:00,0.0
2025-08-03 23:15,0.488392
2025-08-03 23:30,0.02462
2025-08-03 23:45,0.000873
2025-08-04 00:00,0.078928
2025-08-04 00:15,0.110505
2025-08-04 00:30,0.419392
2025-08-04 00:45,0.220383
2025-08-04 01:00,0.096961
2025-08-04 01:15,0.287409
2025-08-04 01:30,0.319242
2025-08-04 01:45,0.451292
2025-08-04 02:00,0.238767
2025-08-04 02:15,0.171741
2025-08-04 02:30,0.157533
2025-08-04 02:45,0.145688
2025-08-04 03:00,0.250517
2025-08-04 03:15,0.06564
2025-08-04 03:30,0.019722
2025-08-04 03:45,0.00298
2025-08-04 04:00,0.001035
2025-08-04 04:15,0.00504
2025-08-04 04:30,0.135362
2025-08-04 04:45,0.186196
2025-08-04 05:00,0.353761
2025-08-04 05:15,0.0
2025-08-04 05:30,0.000959
2025-08-04 05:45,0.0
2025-08-04 06:00,0.043336
2025-08-04 06:15,0.047996
2025-08-04 06:30,0.035592
2025-08-04 06:45,0.014673
2025-08-04 07:00,0.004423
2025-08-04 07:15,0.001727
2025-08-04 07:30,0.018783
2025-08-04 07:45,0.000997
2025-08-04 08:00,0.001158
2025-08-04 08:15,0.006027
2025-08-04 08:30,0.042662
2025-08-04 08:45,0.093098
2025-08-04 09:00,0.042909
2025-08-04 09:15,0.012149
2025-08-04 09:30,0.029498
2025-08-04 09:45,0.004404
2025-08-04 10:00,0.001879
2025-08-04 10:15,0.058826
2025-08-04 10:30,0.00801
2025-08-04 10:45,0.030523
2025-08-04 11:00,0.023633
2025-08-04 11:15,0.001063
2025-08-04 11:30,0.015831
2025-08-04 11:45,0.0
2025-08-04 12:00,0.001405
2025-08-04 12:15,0.023728
2025-08-04 12:30,0.274701
2025-08-04 12:45,0.20309
2025-08-04 13:00,0.011864
2025-08-04 13:15,0.087195
2025-08-04 13:30,0.264526
2025-08-04 13:45,0.178005
2025-08-04 14:00,0.120518
2025-08-04 14:15,0.173706
2025-08-04 14:30,0.254646
2025-08-04 14:45,0.088856
2025-08-04 15:00,0.236954
2025-08-04 15:15,0.320609
2025-08-04 15:30,0.285511
2025-08-04 15:45,0.340749
2025-08-04 16:00,0.462017
2025-08-04 16:15,0.544219
2025-08-04 16:30,0.312371
2025-08-04 16:45,0.104041
2025-08-04 17:00,0.059889
2025-08-04 17:15,0.035592
2025-08-04 17:30,0.023728
2025-08-04 17:45,0.051945
2025-08-04 18:00,0.0
2025-08-04 18:15,0.082202
2025-08-04 18:30,0.035307
2025-08-04 18:45,0.0
2025-08-04 19:00,0.000997
2025-08-04 19:15,0.023728
2025-08-04 19:30,0.0
2025-08-04 19:45,0.0
2025-08-04 20:00,0.000788
2025-08-04 20:15,0.0
2025-08-04 20:30,0.0
2025-08-04 20:45,0.048367
2025-08-04 21:00,0.051138
2025-08-04 21:15,0.003768
2025-08-04 21:30,0.0
2025-08-04 21:45,0.0
2025-08-04 22:00,0.000702
2025-08-04 22:15,0.0
2025-08-04 22:30,0.0
2025-08-04 22:45,0.001405
2025-08-04 23:00,0.001993
2025-08-04 23:15,0.512756
2025-08-04 23:30,0.275972
2025-08-04 23:45,0.216663
2025-08-05 00:00,0.82153
2025-08-05 00:15,0.751561
2025-08-05 00:30,0.3148
2025-08-05 00:45,0.0
2025-08-05 01:00,0.041049
2025-08-05 01:15,0.058712
2025-08-05 01:30,0.152987
2025-08-05 01:45,0.076062
2025-08-05 02:00,0.017302
2025-08-05 02:15,0.026309
2025-08-05 02:30,0.000607
2025-08-05 02:45,0.015024
2025-08-05 03:00,0.063552
2025-08-05 03:15,0.063903
2025-08-05 03:30,0.014199
2025-08-05 03:45,0.083844
2025-08-05 04:00,0.025721
2025-08-05 04:15,0.031055
2025-08-05 04:30,0.014445
2025-08-05 04:45,0.148668
2025-08-05 05:00,0.082753
2025-08-05 05:15,0.059889
2025-08-05 05:30,0.059186
2025-08-05 05:45,0.0
2025-08-05 06:00,0.001035
2025-08-05 06:15,0.077238
2025-08-05 06:30,0.0
2025-08-05 06:45,0.001405
2025-08-05 07:00,0.0
2025-08-05 07:15,0.001405
2025-08-05 07:30,0.0
2025-08-05 07:45,0.001006
2025-08-05 08:00,0.0
2025-08-05 08:15,0.000702
2025-08-05 08:30,0.023728
2025-08-05 08:45,0.000816
2025-08-05 09:00,0.028891
2025-08-05 09:15,0.0
2025-08-05 09:30,0.0
2025-08-05 09:45,0.026442
2025-08-05 10:00,0.0
2025-08-05 10:15,0.000607
2025-08-05 10:30,0.059186
2025-08-05 10:45,0.0
2025-08-05 11:00,0.0
2025-08-05 11:15,0.0
2025-08-05 11:30,0.0
2025-08-05 11:45,0.044665
2025-08-05 12:00,0.037898
2025-08-05 12:15,0.017606
2025-08-05 12:30,0.015414
2025-08-05 12:45,0.058142
2025-08-05 13:00,0.0
2025-08-05 13:15,0.002012
2025-08-05 13:30,0.447638
2025-08-05 13:45,0.366546
2025-08-05 14:00,0.000588
2025-08-05 14:15,0.017843
2025-08-05 14:30,0.05725
2025-08-05 14:45,0.0
2025-08-05 15:00,0.0
2025-08-05 15:15,0.0
2025-08-05 15:30,0.01286
2025-08-05 15:45,0.363926
2025-08-05 16:00,0.04848
2025-08-05 16:15,0.0
2025-08-05 16:30,0.0
2025-08-05 16:45,0.007564
2025-08-05 17:00,0.0
2025-08-05 17:15,0.000997
2025-08-05 17:30,0.0
2025-08-05 17:45,0.0
2025-08-05 18:00,0.0
2025-08-05 18:15,0.0
2025-08-05 18:30,0.0
2025-08-05 18:45,0.0
2025-08-05 19:00,0.000902
2025-08-05 19:15,0.0
2025-08-05 19:30,0.0
2025-08-05 19:45,0.0
2025-08-05 20:00,0.0
2025-08-05 20:15,0.03973
2025-08-05 20:30,0.0
2025-08-05 20:45,0.0
2025-08-05 21:00,0.026442
2025-08-05 21:15,0.000702
2025-08-05 21:30,0.000778
2025-08-05 21:45,0.026442
2025-08-05 22:00,0.013269
2025-08-05 22:15,0.005685
2025-08-05 22:30,0.215448
2025-08-05 22:45,0.173345
2025-08-05 23:00,0.043991
2025-08-05 23:15,1.0
2025-08-05 23:30,0.256032
2025-08-05 23:45,0.038173
2025-08-06 00:00,0.024724
2025-08-06 00:00,0.006538
2025-08-06 00:15,0.045181
2025-08-06 00:30,0.089516
2025-08-06 00:45,0.038076
2025-08-06 01:00,0.00764
2025-08-06 01:15,0.0
2025-08-06 01:30,0.000233
2025-08-06 01:45,0.000753
2025-08-06 02:00,0.0078
2025-08-06 02:15,0.003137
2025-08-06 02:30,0.0
2025-08-06 02:45,0.0
2025-08-06 03:00,0.000457
2025-08-06 03:15,0.0
2025-08-06 03:30,0.000238
2025-08-06 03:45,0.0
2025-08-06 04:00,0.0
2025-08-06 04:15,0.0
2025-08-06 04:30,0.000497
2025-08-06 04:45,0.000673
2025-08-06 05:00,0.0
2025-08-06 05:15,0.006937
2025-08-06 05:30,0.0
2025-08-06 05:45,0.0
2025-08-06 06:00,0.0
2025-08-06 06:15,0.014574
2025-08-06 06:30,0.0
2025-08-06 06:45,0.0
2025-08-06 07:00,0.0
2025-08-06 07:15,0.000351
2025-08-06 07:30,0.0
2025-08-06 07:45,0.0
2025-08-06 08:00,0.0
2025-08-06 08:15,0.0
2025-08-06 08:30,0.0
2025-08-06 08:45,0.009572
2025-08-06 09:00,0.016012
2025-08-06 09:15,0.008443
2025-08-06 09:30,0.00764
2025-08-06 09:45,0.036763
2025-08-06 10:00,0.000477
2025-08-06 10:15,0.0
2025-08-06 10:30,0.010591
2025-08-06 10:45,0.000718
2025-08-06 11:00,0.001511
2025-08-06 11:15,0.007961
2025-08-06 11:30,0.086055
2025-08-06 11:45,0.089082
2025-08-06 12:00,0.0078
2025-08-06 12:15,0.0
2025-08-06 12:30,0.000773
2025-08-06 12:45,0.006435
2025-08-06 13:00,0.004214
2025-08-06 13:15,0.016936
2025-08-06 13:30,0.00059
2025-08-06 13:45,0.003933
2025-08-06 14:00,0.011286
2025-08-06 14:15,0.036909
2025-08-06 14:30,0.097359
2025-08-06 14:45,0.033121
2025-08-06 15:00,0.056964
2025-08-06 15:15,0.006525
2025-08-06 15:30,0.007045
2025-08-06 15:45,0.062998
2025-08-06 16:00,0.094621
2025-08-06 16:15,0.006274
2025-08-06 16:30,0.000642
2025-08-06 16:45,0.00121
2025-08-06 17:00,0.013013
2025-08-06 17:15,0.006518
2025-08-06 17:30,0.047824
2025-08-06 17:45,0.000459
2025-08-06 18:00,0.000464
2025-08-06 18:15,0.003745
2025-08-06 18:30,0.000542
2025-08-06 18:45,0.003496
2025-08-06 19:00,0.0
2025-08-06 19:15,0.024167
2025-08-06 19:30,0.006791
2025-08-06 19:45,0.02196
2025-08-06 20:00,0.0
2025-08-06 20:15,0.0
2025-08-06 20:30,0.0
2025-08-06 20:45,0.0
2025-08-06 21:00,0.00382
2025-08-06 21:15,0.0
2025-08-06 21:30,0.0
2025-08-06 21:45,0.0
2025-08-06 22:00,0.003652
2025-08-06 22:15,0.016778
2025-08-06 22:30,0.000246
2025-08-06 22:45,0.006849
2025-08-06 23:00,0.005464
2025-08-06 23:15,0.013234
2025-08-06 23:30,0.000371
2025-08-06 23:45,0.000186
2025-08-07 00:00,0.001965
2025-08-07 00:15,0.000861
2025-08-07 00:30,0.0
2025-08-07 00:45,0.00382
2025-08-07 01:00,0.000156
2025-08-07 01:15,0.0
2025-08-07 01:30,0.01607
2025-08-07 01:45,0.00764
2025-08-07 02:00,0.016251
2025-08-07 02:15,0.000186
2025-08-07 02:30,0.0
2025-08-07 02:45,0.0
2025-08-07 03:00,0.044593
2025-08-07 03:15,0.061657
2025-08-07 03:30,0.10418
2025-08-07 03:45,0.004023
2025-08-07 04:00,0.00764
2025-08-07 04:15,0.018361
2025-08-07 04:30,0.000427
2025-08-07 04:45,0.042907
2025-08-07 05:00,0.010626
2025-08-07 05:15,0.042154
2025-08-07 05:30,0.019528
2025-08-07 05:45,0.016045
2025-08-07 06:00,0.032552
2025-08-07 06:15,0.00707
2025-08-07 06:30,0.0141
2025-08-07 06:45,0.008533
2025-08-07 07:00,0.072645
2025-08-07 07:15,0.030878
2025-08-07 07:30,0.029718
2025-08-07 07:45,0.004277
2025-08-07 08:00,0.004016
2025-08-07 08:15,0.001152
2025-08-07 08:30,0.001616
2025-08-07 08:45,0.0
2025-08-07 09:00,0.007228
2025-08-07 09:15,0.006307
2025-08-07 09:30,0.024764
2025-08-07 09:45,0.00764
2025-08-07 10:00,0.01415
2025-08-07 10:15,0.01146
2025-08-07 10:30,0.018607
2025-08-07 10:45,0.020189
2025-08-07 11:00,0.01028
2025-08-07 11:15,0.010139
2025-08-07 11:30,0.003835
2025-08-07 11:45,0.010604
2025-08-07 12:00,0.040799
2025-08-07 12:15,0.112819
2025-08-07 12:30,0.028544
2025-08-07 12:45,0.006806
2025-08-07 13:00,0.016612
2025-08-07 13:15,0.004721
2025-08-07 13:30,0.06934
2025-08-07 13:45,0.000527
2025-08-07 14:00,0.033982
2025-08-07 14:15,0.106755
2025-08-07 14:30,0.135166
2025-08-07 14:45,0.004716
2025-08-07 15:00,0.009597
2025-08-07 15:15,0.010777
2025-08-07 15:30,0.0
2025-08-07 15:45,0.018663
2025-08-07 16:00,0.000206
2025-08-07 16:15,0.0
2025-08-07 16:30,0.045738
2025-08-07 16:45,0.003722
2025-08-07 17:00,0.0296
2025-08-07 17:15,0.006985
2025-08-07 17:30,0.061158
2025-08-07 17:45,0.003137
2025-08-07 18:00,0.002199
2025-08-07 18:15,0.0
2025-08-07 18:30,0.0
2025-08-07 18:45,0.0
2025-08-07 19:00,0.0
2025-08-07 19:15,0.0
2025-08-07 19:30,0.004191
2025-08-07 19:45,0.000374
2025-08-07 20:00,0.002916
2025-08-07 20:15,0.0
2025-08-07 20:30,0.000371
2025-08-07 20:45,0.0
2025-08-07 21:00,0.0
2025-08-07 21:15,0.003105
2025-08-07 21:30,0.0
2025-08-07 21:45,0.004006
2025-08-07 22:00,0.004638
2025-08-07 22:15,0.030107
2025-08-07 22:30,0.001195
2025-08-07 22:45,0.000743
2025-08-07 23:00,0.004139
2025-08-07 23:15,0.008588
2025-08-07 23:30,0.020773
2025-08-07 23:45,0.015942
2025-08-08 00:00,0.025431
2025-08-08 00:15,0.019616
2025-08-08 00:30,0.016976
2025-08-08 00:45,0.041926
2025-08-08 01:00,0.032077
2025-08-08 01:15,0.027158
2025-08-08 01:30,0.0
2025-08-08 01:45,0.000497
2025-08-08 02:00,0.004307
2025-08-08 02:15,0.013738
2025-08-08 02:30,0.015129
2025-08-08 02:45,0.016489
2025-08-08 03:00,0.025002
2025-08-08 03:15,0.018572
2025-08-08 03:30,0.0
2025-08-08 03:45,0.0
2025-08-08 04:00,0.0
2025-08-08 04:15,0.000502
2025-08-08 04:30,0.000286
2025-08-08 04:45,0.0
2025-08-08 05:00,0.006646
2025-08-08 05:15,0.003955
2025-08-08 05:30,0.001122
2025-08-08 05:45,0.0
2025-08-08 06:00,0.000251
2025-08-08 06:15,0.020194
2025-08-08 06:30,0.002219
2025-08-08 06:45,0.0
2025-08-08 07:00,0.0
2025-08-08 07:15,0.000161
2025-08-08 07:30,0.0
2025-08-08 07:45,0.0
2025-08-08 08:00,0.0
2025-08-08 08:15,0.003137
2025-08-08 08:30,0.003373
2025-08-08 08:45,0.0
2025-08-08 09:00,0.01146
2025-08-08 09:15,0.007825
2025-08-08 09:30,0.010375
2025-08-08 09:45,0.000156
2025-08-08 10:00,0.000934
2025-08-08 10:15,0.000311
2025-08-08 10:30,0.0
2025-08-08 10:45,0.007487
2025-08-08 11:00,0.000264
2025-08-08 11:15,0.0
2025-08-08 11:30,0.012421
2025-08-08 11:45,0.009919
2025-08-08 12:00,0.004866
2025-08-08 12:15,0.019471
2025-08-08 12:30,0.008267
2025-08-08 12:45,0.000417
2025-08-08 13:00,0.0
2025-08-08 13:15,0.000186
2025-08-08 13:30,0.0
2025-08-08 13:45,0.000216
2025-08-08 14:00,0.006274
2025-08-08 14:15,0.0078
2025-08-08 14:30,0.006957
2025-08-08 14:45,0.02508
2025-08-08 15:00,0.003441
2025-08-08 15:15,0.0
2025-08-08 15:30,0.0
2025-08-08 15:45,0.000161
2025-08-08 16:00,0.003137
2025-08-08 16:15,0.000371
2025-08-08 16:30,0.049144
2025-08-08 16:45,0.023419
2025-08-08 17:00,0.022919
2025-08-08 17:15,0.0
2025-08-08 17:30,0.012549
2025-08-08 17:45,0.0
2025-08-08 18:00,0.007497
2025-08-08 18:15,0.00205
2025-08-08 18:30,0.0
2025-08-08 18:45,0.003137
2025-08-08 19:00,0.0
2025-08-08 19:15,0.0
2025-08-08 19:30,0.0
2025-08-08 19:45,0.0
2025-08-08 20:00,0.0
2025-08-08 20:15,0.0
2025-08-08 20:30,0.003137
2025-08-08 20:45,0.0
2025-08-08 21:00,0.0
2025-08-08 21:15,0.0
2025-08-08 21:30,0.026739
2025-08-08 21:45,0.00764
2025-08-08 22:00,0.001014
2025-08-08 22:15,0.000743
2025-08-08 22:30,0.001719
2025-08-08 22:45,0.000161
2025-08-08 23:00,0.0
2025-08-08 23:15,0.001584
2025-08-08 23:30,0.0
2025-08-08 23:45,0.0
2025-08-09 00:00,0.00117
2025-08-09 00:15,0.0
2025-08-09 00:30,0.003323
2025-08-09 00:45,0.0
2025-08-09 01:00,0.000186
2025-08-09 01:15,0.0
2025-08-09 01:30,0.000186
2025-08-09 01:45,0.00646
2025-08-09 02:00,0.007878
2025-08-09 02:15,0.0
2025-08-09 02:30,0.000813
2025-08-09 02:45,0.008245
2025-08-09 03:00,0.000186
2025-08-09 03:15,0.0
2025-08-09 03:30,0.007853
2025-08-09 03:45,0.0
2025-08-09 04:00,0.00382
2025-08-09 04:15,0.000422
2025-08-09 04:30,0.0
2025-08-09 04:45,0.005235
2025-08-09 05:00,0.0
2025-08-09 05:15,0.000248
2025-08-09 05:30,0.0
2025-08-09 05:45,0.0
2025-08-09 06:00,0.000284
2025-08-09 06:15,0.004377
2025-08-09 06:30,0.006274
2025-08-09 06:45,0.000381
2025-08-09 07:00,0.0
2025-08-09 07:15,0.0
2025-08-09 07:30,0.007507
2025-08-09 07:45,0.002967
2025-08-09 08:00,0.0
2025-08-09 08:15,0.000186
2025-08-09 08:30,0.0
2025-08-09 08:45,0.005948
2025-08-09 09:00,0.015927
2025-08-09 09:15,0.034916
2025-08-09 09:30,0.010119
2025-08-09 09:45,0.024862
2025-08-09 10:00,0.028405
2025-08-09 10:15,0.010069
2025-08-09 10:30,0.023308
2025-08-09 10:45,0.000233
2025-08-09 11:00,0.014454
2025-08-09 11:15,0.000532
2025-08-09 11:30,0.017237
2025-08-09 11:45,0.013643
2025-08-09 12:00,0.015686
2025-08-09 12:15,0.00764
2025-08-09 12:30,0.007364
2025-08-09 12:45,0.007825
2025-08-09 13:00,0.0
2025-08-09 13:15,0.00312
2025-08-09 13:30,0.001222
2025-08-09 13:45,0.036956
2025-08-09 14:00,0.0
2025-08-09 14:15,0.064001
2025-08-09 14:30,0.008608
2025-08-09 14:45,0.063984
2025-08-09 15:00,0.029585
2025-08-09 15:15,0.148465
2025-08-09 15:30,0.07916
2025-08-09 15:45,0.019581
2025-08-09 16:00,0.046953
2025-08-09 16:15,0.017649
2025-08-09 16:30,0.022204
2025-08-09 16:45,0.015279
2025-08-09 17:00,0.017659
2025-08-09 17:15,0.038941
2025-08-09 17:30,0.015746
2025-08-09 17:45,0.030559
2025-08-09 18:00,0.00133
2025-08-09 18:15,0.0
2025-08-09 18:30,0.007027
2025-08-09 18:45,0.000371
2025-08-09 19:00,0.008011
2025-08-09 19:15,0.000371
2025-08-09 19:30,0.0
2025-08-09 19:45,0.000196
2025-08-09 20:00,0.0
2025-08-09 20:15,0.012581
2025-08-09 20:30,0.011675
2025-08-09 20:45,0.0
2025-08-09 21:00,0.0
2025-08-09 21:15,0.000371
2025-08-09 21:30,0.0
2025-08-09 21:45,0.000467
2025-08-09 22:00,0.051749
2025-08-09 22:15,0.089782
2025-08-09 22:30,0.0
2025-08-09 22:45,0.0
2025-08-09 23:00,0.010777
2025-08-09 23:15,0.004234
2025-08-09 23:30,0.004899
2025-08-09 23:45,0.014772
2025-08-10 00:00,0.0103
2025-08-10 00:15,0.026423
2025-08-10 00:30,0.027045
2025-08-10 00:45,0.04765
2025-08-10 01:00,0.004887
2025-08-10 01:15,0.020259
2025-08-10 01:30,0.003019
2025-08-10 01:45,0.014715
2025-08-10 02:00,0.030714
2025-08-10 02:15,0.115996
2025-08-10 02:30,0.031603
2025-08-10 02:45,0.060498
2025-08-10 03:00,0.027236
2025-08-10 03:15,0.171013
2025-08-10 03:30,0.033985
2025-08-10 03:45,0.000188
2025-08-10 04:00,0.042761
2025-08-10 04:15,0.026071
2025-08-10 04:30,0.0
2025-08-10 04:45,0.0
2025-08-10 05:00,0.0
2025-08-10 05:15,0.0
2025-08-10 05:30,0.000186
2025-08-10 05:45,0.000848
2025-08-10 06:00,0.0
2025-08-10 06:15,0.0
2025-08-10 06:30,0.0
2025-08-10 06:45,0.007825
2025-08-10 07:00,0.025841
2025-08-10 07:15,0.00646
2025-08-10 07:30,0.015279
2025-08-10 07:45,0.000924
2025-08-10 08:00,0.002831
2025-08-10 08:15,0.009105
2025-08-10 08:30,0.0
2025-08-10 08:45,0.000216
2025-08-10 09:00,0.0
2025-08-10 09:15,0.0
2025-08-10 09:30,0.089343
2025-08-10 09:45,0.0
2025-08-10 10:00,0.006523
2025-08-10 10:15,0.022894
2025-08-10 10:30,0.048426
2025-08-10 10:45,0.006523
2025-08-10 11:00,0.000504
2025-08-10 11:15,0.0038
2025-08-10 11:30,0.00764
2025-08-10 11:45,0.0
2025-08-10 12:00,0.006274
2025-08-10 12:15,0.003827
2025-08-10 12:30,0.000186
2025-08-10 12:45,0.013412
2025-08-10 13:00,0.015892
2025-08-10 13:15,0.009291
2025-08-10 13:30,0.004696
2025-08-10 13:45,0.000334
2025-08-10 14:00,0.013789
2025-08-10 14:15,0.014685
2025-08-10 14:30,0.02511
2025-08-10 14:45,0.029753
2025-08-10 15:00,0.012423
2025-08-10 15:15,0.024556
2025-08-10 15:30,0.023868
2025-08-10 15:45,0.015781
2025-08-10 16:00,0.122027
2025-08-10 16:15,0.086306
2025-08-10 16:30,0.148006
2025-08-10 16:45,0.007825
2025-08-10 17:00,0.08425
2025-08-10 17:15,0.038691
2025-08-10 17:30,0.047876
2025-08-10 17:45,0.030993
2025-08-10 18:00,0.024947
2025-08-10 18:15,0.079828
2025-08-10 18:30,0.036136
2025-08-10 18:45,0.015934
2025-08-10 19:00,0.007958
2025-08-10 19:15,0.02196
2025-08-10 19:30,0.027462
2025-08-10 19:45,0.026139
2025-08-10 20:00,0.022982
2025-08-10 20:15,0.001222
2025-08-10 20:30,0.051121
2025-08-10 20:45,0.070635
2025-08-10 21:00,0.078493
2025-08-10 21:15,0.013327
2025-08-10 21:30,0.041652
2025-08-10 21:45,0.010114
2025-08-10 22:00,0.033832
2025-08-10 22:15,0.0
2025-08-10 22:30,0.0
2025-08-10 22:45,0.0
2025-08-10 23:00,0.000284
2025-08-10 23:15,0.006957
2025-08-10 23:30,0.0
2025-08-10 23:45,0.013929
2025-08-11 00:00,0.004103
2025-08-11 00:15,0.018146
2025-08-11 00:30,0.003935
2025-08-11 00:45,0.185424
2025-08-11 01:00,0.009964
2025-08-11 01:15,0.000914
2025-08-11 01:30,0.025695
2025-08-11 01:45,0.137658
2025-08-11 02:00,0.007047
2025-08-11 02:15,0.0
2025-08-11 02:30,0.001026
2025-08-11 02:45,0.001124
2025-08-11 03:00,0.000472
2025-08-11 03:15,0.007567
2025-08-11 03:30,0.003218
2025-08-11 03:45,0.00764
2025-08-11 04:00,0.0
2025-08-11 04:15,0.0
2025-08-11 04:30,0.00398
2025-08-11 04:45,0.008915
2025-08-11 05:00,0.004191
2025-08-11 05:15,0.0
2025-08-11 05:30,0.011941
2025-08-11 05:45,0.01811
2025-08-11 06:00,0.03096
2025-08-11 06:15,0.033199
2025-08-11 06:30,0.045507
2025-08-11 06:45,0.029389
2025-08-11 07:00,0.085844
2025-08-11 07:15,0.075027
2025-08-11 07:30,0.029977
2025-08-11 07:45,0.30005
2025-08-11 08:00,0.567339
2025-08-11 08:15,0.471785
2025-08-11 08:30,1.0
2025-08-11 08:45,0.626894
2025-08-11 09:00,0.566044
2025-08-11 09:15,0.336901
2025-08-11 09:30,0.038199
2025-08-11 09:45,0.007825
2025-08-11 10:00,0.023752
2025-08-11 10:15,0.016083
2025-08-11 10:30,0.051119
2025-08-11 10:45,0.084815
2025-08-11 11:00,0.029525
2025-08-11 11:15,0.046672
2025-08-11 11:30,0.008011
2025-08-11 11:45,0.03285
2025-08-11 12:00,0.029427
2025-08-11 12:15,0.012172
2025-08-11 12:30,0.037222
2025-08-11 12:45,0.04637
2025-08-11 13:00,0.012213
2025-08-11 13:15,0.011645
2025-08-11 13:30,0.021915
2025-08-11 13:45,0.048609
2025-08-11 14:00,0.026428
2025-08-11 14:15,0.024834
2025-08-11 14:30,0.014865
2025-08-11 14:45,0.056783
2025-08-11 15:00,0.069109
2025-08-11 15:15,0.039873
2025-08-11 15:30,0.019845
2025-08-11 15:45,0.042852
2025-08-11 16:00,0.025637
2025-08-11 16:15,0.069621
2025-08-11 16:30,0.05199
2025-08-11 16:45,0.081419
2025-08-11 17:00,0.037978
2025-08-11 17:15,0.073114
2025-08-11 17:30,0.106785
2025-08-11 17:45,0.082129
2025-08-11 18:00,0.053732
2025-08-11 18:15,0.022324
2025-08-11 18:30,0.000409
2025-08-11 18:45,0.003115
2025-08-11 19:00,0.0
2025-08-11 19:15,0.0
2025-08-11 19:30,0.0
2025-08-11 19:45,0.0
2025-08-11 20:00,0.0
2025-08-11 20:15,0.0
2025-08-11 20:30,0.0
2025-08-11 20:45,0.012998
2025-08-11 21:00,0.001594
2025-08-11 21:15,0.029751
2025-08-11 21:30,0.006653
2025-08-11 21:45,0.0
2025-08-11 22:00,0.005619
2025-08-11 22:15,0.0
2025-08-11 22:30,0.0
2025-08-11 22:45,0.00714
2025-08-11 23:00,0.008588
2025-08-11 23:15,0.008235
2025-08-11 23:30,0.000738
2025-08-11 23:45,0.0
2025-08-12 00:00,0.006274
2025-08-12 00:15,0.006166
2025-08-12 00:30,0.010867
2025-08-12 00:45,0.000186
2025-08-12 01:00,0.053551
2025-08-12 01:15,0.062626
2025-08-12 01:30,0.059742
2025-08-12 01:45,0.032587
2025-08-12 02:00,0.00382
2025-08-12 02:15,0.000743
2025-08-12 02:30,0.0
2025-08-12 02:45,0.008109
2025-08-12 03:00,0.020106
2025-08-12 03:15,0.124429
2025-08-12 03:30,0.010569
2025-08-12 03:45,0.005602
2025-08-12 04:00,0.047962
2025-08-12 04:15,0.079153
2025-08-12 04:30,0.0
2025-08-12 04:45,0.008473
2025-08-12 05:00,0.00256
2025-08-12 05:15,0.013312
2025-08-12 05:30,0.011645
2025-08-12 05:45,0.07322
2025-08-12 06:00,0.027625
2025-08-12 06:15,0.014941
2025-08-12 06:30,0.031535
2025-08-12 06:45,0.049259
2025-08-12 07:00,0.092916
2025-08-12 07:15,0.015465
2025-08-12 07:30,0.014243
2025-08-12 07:45,0.002608
2025-08-12 08:00,0.017621
2025-08-12 08:15,0.055779
2025-08-12 08:30,0.014421
2025-08-12 08:45,0.0
2025-08-12 09:00,0.006274
2025-08-12 09:15,0.022216
2025-08-12 09:30,0.048175
2025-08-12 09:45,0.022116
2025-08-12 10:00,0.009309
2025-08-12 10:15,0.0141
2025-08-12 10:30,0.005341
2025-08-12 10:45,0.013914
2025-08-12 11:00,0.030228
2025-08-12 11:15,0.000243
2025-08-12 11:30,0.003564
2025-08-12 11:45,0.001421
2025-08-12 12:00,0.01028
2025-08-12 12:15,0.004006
2025-08-12 12:30,0.003408
2025-08-12 12:45,0.015337
2025-08-12 13:00,0.018474
2025-08-12 13:15,0.007652
2025-08-12 13:30,0.0843
2025-08-12 13:45,0.0346
2025-08-12 14:00,0.028097
2025-08-12 14:15,0.006922
2025-08-12 14:30,0.006791
2025-08-12 14:45,0.007339
2025-08-12 15:00,0.006806
2025-08-12 15:15,0.006274
2025-08-12 15:30,0.024548
2025-08-12 15:45,0.013051
2025-08-12 16:00,0.013402
2025-08-12 16:15,0.003137
2025-08-12 16:30,0.114515
2025-08-12 16:45,0.056821
2025-08-12 17:00,0.020994
2025-08-12 17:15,0.095491
2025-08-12 17:30,0.007625
2025-08-12 17:45,0.015279
2025-08-12 18:00,0.0
2025-08-12 18:15,0.038384
2025-08-12 18:30,0.015443
2025-08-12 18:45,0.00382
2025-08-12 19:00,0.000462
2025-08-12 19:15,0.000236
2025-08-12 19:30,0.000432
2025-08-12 19:45,0.007825
2025-08-12 20:00,0.0
2025-08-12 20:15,0.0
2025-08-12 20:30,0.0
2025-08-12 20:45,0.0
2025-08-12 21:00,0.0
2025-08-12 21:15,0.0
2025-08-12 21:30,0.003536
2025-08-12 21:45,0.008011
2025-08-12 22:00,0.012079
2025-08-12 22:15,0.000467
2025-08-12 22:30,0.004668
2025-08-12 22:45,0.000186
2025-08-12 23:00,0.001807
2025-08-12 23:15,0.193704
2025-08-12 23:30,0.076839
2025-08-12 23:45,0.005557
2025-08-13 00:00,0.009208
2025-08-13 00:00,0.042924
2025-08-13 00:15,0.02176
2025-08-13 00:30,0.050236
2025-08-13 00:45,0.007335
2025-08-13 01:00,0.007745
2025-08-13 01:15,0.042445
2025-08-13 01:30,0.121297
2025-08-13 01:45,0.00117
2025-08-13 02:00,0.045159
2025-08-13 02:15,0.024826
2025-08-13 02:30,0.056191
2025-08-13 02:45,0.035612
2025-08-13 03:00,0.00475
2025-08-13 03:15,0.117741
2025-08-13 03:30,0.0
2025-08-13 03:45,0.042316
2025-08-13 04:00,0.0095
2025-08-13 04:15,0.037671
2025-08-13 04:30,0.001497
2025-08-13 04:45,0.089534
2025-08-13 05:00,0.048224
2025-08-13 05:15,0.052026
2025-08-13 05:30,0.013197
2025-08-13 05:45,0.010003
2025-08-13 06:00,0.017081
2025-08-13 06:15,0.0
2025-08-13 06:30,0.000854
2025-08-13 06:45,0.0
2025-08-13 07:00,0.058496
2025-08-13 07:15,0.029248
2025-08-13 07:30,0.000749
2025-08-13 07:45,0.0
2025-08-13 08:00,0.006914
2025-08-13 08:15,0.020743
2025-08-13 08:30,0.015186
2025-08-13 08:45,0.05515
2025-08-13 09:00,0.047054
2025-08-13 09:15,0.280898
2025-08-13 09:30,0.193411
2025-08-13 09:45,0.017525
2025-08-13 10:00,0.006786
2025-08-13 10:15,0.0
2025-08-13 10:30,0.046118
2025-08-13 10:45,0.035998
2025-08-13 11:00,0.002433
2025-08-13 11:15,0.003393
2025-08-13 11:30,0.0
2025-08-13 11:45,0.018766
2025-08-13 12:00,0.069692
2025-08-13 12:15,0.207836
2025-08-13 12:30,0.460749
2025-08-13 12:45,0.150299
2025-08-13 13:00,0.140238
2025-08-13 13:15,0.223887
2025-08-13 13:30,0.112336
2025-08-13 13:45,0.008002
2025-08-13 14:00,0.073845
2025-08-13 14:15,0.124035
2025-08-13 14:30,0.598741
2025-08-13 14:45,0.004902
2025-08-13 15:00,0.109434
2025-08-13 15:15,0.08868
2025-08-13 15:30,0.062041
2025-08-13 15:45,0.18459
2025-08-13 16:00,0.181852
2025-08-13 16:15,0.312731
2025-08-13 16:30,0.000866
2025-08-13 16:45,0.001731
2025-08-13 17:00,0.012717
2025-08-13 17:15,0.001228
2025-08-13 17:30,0.06844
2025-08-13 17:45,0.004937
2025-08-13 18:00,0.003802
2025-08-13 18:15,0.0
2025-08-13 18:30,0.017806
2025-08-13 18:45,0.03959
2025-08-13 19:00,0.0
2025-08-13 19:15,0.0
2025-08-13 19:30,0.002106
2025-08-13 19:45,0.0
2025-08-13 20:00,0.017806
2025-08-13 20:15,0.0
2025-08-13 20:30,0.013197
2025-08-13 20:45,0.0
2025-08-13 21:00,0.017806
2025-08-13 21:15,0.0
2025-08-13 21:30,0.0
2025-08-13 21:45,0.0
2025-08-13 22:00,0.017806
2025-08-13 22:15,0.031798
2025-08-13 22:30,0.051196
2025-08-13 22:45,0.000877
2025-08-13 23:00,0.047054
2025-08-13 23:15,0.30501
2025-08-13 23:30,0.033156
2025-08-13 23:45,0.010155
2025-08-14 00:00,0.000983
2025-08-14 00:15,0.070979
2025-08-14 00:30,0.000866
2025-08-14 00:45,0.01315
2025-08-14 01:00,0.451659
2025-08-14 01:15,0.505405
2025-08-14 01:30,0.22225
2025-08-14 01:45,0.464236
2025-08-14 02:00,0.046773
2025-08-14 02:15,0.153376
2025-08-14 02:30,0.184309
2025-08-14 02:45,0.163028
2025-08-14 03:00,0.109282
2025-08-14 03:15,0.166058
2025-08-14 03:30,0.041836
2025-08-14 03:45,0.049768
2025-08-14 04:00,0.118138
2025-08-14 04:15,0.072231
2025-08-14 04:30,0.039988
2025-08-14 04:45,0.00234
2025-08-14 05:00,0.065515
2025-08-14 05:15,0.138355
2025-08-14 05:30,0.075121
2025-08-14 05:45,0.451285
2025-08-14 06:00,0.029248
2025-08-14 06:15,0.059993
2025-08-14 06:30,0.015525
2025-08-14 06:45,0.07133
2025-08-14 07:00,0.033776
2025-08-14 07:15,0.123309
2025-08-14 07:30,0.004025
2025-08-14 07:45,0.031892
2025-08-14 08:00,0.002352
2025-08-14 08:15,0.068908
2025-08-14 08:30,0.082058
2025-08-14 08:45,0.01315
2025-08-14 09:00,0.079028
2025-08-14 09:15,0.033109
2025-08-14 09:30,0.033928
2025-08-14 09:45,0.119542
2025-08-14 10:00,0.12696
2025-08-14 10:15,0.163414
2025-08-14 10:30,0.240278
2025-08-14 10:45,0.651364
2025-08-14 11:00,0.40526
2025-08-14 11:15,0.014624
2025-08-14 11:30,0.018894
2025-08-14 11:45,0.014624
2025-08-14 12:00,0.035612
2025-08-14 12:15,0.193013
2025-08-14 12:30,0.110955
2025-08-14 12:45,0.118864
2025-08-14 13:00,0.057443
2025-08-14 13:15,0.061
2025-08-14 13:30,0.137746
2025-08-14 13:45,0.118244
2025-08-14 14:00,0.262682
2025-08-14 14:15,0.305068
2025-08-14 14:30,0.479175
2025-08-14 14:45,0.178436
2025-08-14 15:00,0.367776
2025-08-14 15:15,0.212656
2025-08-14 15:30,0.146053
2025-08-14 15:45,0.062357
2025-08-14 16:00,0.121531
2025-08-14 16:15,0.167638
2025-08-14 16:30,0.018777
2025-08-14 16:45,0.072336
2025-08-14 17:00,0.042527
2025-08-14 17:15,0.035612
2025-08-14 17:30,0.0
2025-08-14 17:45,0.008739
2025-08-14 18:00,0.338832
2025-08-14 18:15,0.000866
2025-08-14 18:30,0.0
2025-08-14 18:45,0.000959
2025-08-14 19:00,0.006704
2025-08-14 19:15,0.0
2025-08-14 19:30,0.0
2025-08-14 19:45,0.0
2025-08-14 20:00,0.0
2025-08-14 20:15,0.0
2025-08-14 20:30,0.0
2025-08-14 20:45,0.017853
2025-08-14 21:00,0.0
2025-08-14 21:15,0.003229
2025-08-14 21:30,0.004188
2025-08-14 21:45,0.014624
2025-08-14 22:00,0.0
2025-08-14 22:15,0.06486
2025-08-14 22:30,0.035612
2025-08-14 22:45,0.015852
2025-08-14 23:00,0.020392
2025-08-14 23:15,0.54014
2025-08-14 23:30,0.481468
2025-08-14 23:45,0.035612
2025-08-15 00:00,0.006259
2025-08-15 00:15,0.029248
2025-08-15 00:30,0.029833
2025-08-15 00:45,0.038549
2025-08-15 01:00,0.293767
2025-08-15 01:15,0.165731
2025-08-15 01:30,0.138811
2025-08-15 01:45,0.014624
2025-08-15 02:00,0.021573
2025-08-15 02:15,0.025925
2025-08-15 02:30,0.016847
2025-08-15 02:45,0.001088
2025-08-15 03:00,0.007838
2025-08-15 03:15,0.0
2025-08-15 03:30,0.157307
2025-08-15 03:45,0.00847
2025-08-15 04:00,0.30825
2025-08-15 04:15,0.051488
2025-08-15 04:30,0.076279
2025-08-15 04:45,0.003393
2025-08-15 05:00,0.018964
2025-08-15 05:15,0.239003
2025-08-15 05:30,0.247531
2025-08-15 05:45,0.0
2025-08-15 06:00,0.0
2025-08-15 06:15,0.0
2025-08-15 06:30,0.0
2025-08-15 06:45,0.0
2025-08-15 07:00,0.0
2025-08-15 07:15,0.018672
2025-08-15 07:30,0.0
2025-08-15 07:45,0.0011
2025-08-15 08:00,0.0
2025-08-15 08:15,0.83207
2025-08-15 08:30,0.26129
2025-08-15 08:45,0.017806
2025-08-15 09:00,0.003346
2025-08-15 09:15,0.0
2025-08-15 09:30,0.017806
2025-08-15 09:45,0.0
2025-08-15 10:00,0.015724
2025-08-15 10:15,0.002106
2025-08-15 10:30,0.013197
2025-08-15 10:45,0.0
2025-08-15 11:00,0.017139
2025-08-15 11:15,0.017806
2025-08-15 11:30,0.048809
2025-08-15 11:45,0.071225
2025-08-15 12:00,0.026627
2025-08-15 12:15,0.050236
2025-08-15 12:30,0.129101
2025-08-15 12:45,0.110943
2025-08-15 13:00,0.075343
2025-08-15 13:15,0.077039
2025-08-15 13:30,0.150077
2025-08-15 13:45,0.104544
2025-08-15 14:00,0.165742
2025-08-15 14:15,0.273632
2025-08-15 14:30,0.746011
2025-08-15 14:45,0.0
2025-08-15 15:00,0.029248
2025-08-15 15:15,0.035612
2025-08-15 15:30,0.087112
2025-08-15 15:45,0.032594
2025-08-15 16:00,0.048435
2025-08-15 16:15,0.036396
2025-08-15 16:30,0.052272
2025-08-15 16:45,0.0
2025-08-15 17:00,0.029037
2025-08-15 17:15,0.04207
2025-08-15 17:30,0.00227
2025-08-15 17:45,0.0
2025-08-15 18:00,0.017806
2025-08-15 18:15,0.089031
2025-08-15 18:30,0.017806
2025-08-15 18:45,0.0
2025-08-15 19:00,0.010155
2025-08-15 19:15,0.0
2025-08-15 19:30,0.029248
2025-08-15 19:45,0.064006
2025-08-15 20:00,0.0
2025-08-15 20:15,0.136377
2025-08-15 20:30,0.073822
2025-08-15 20:45,0.031003
2025-08-15 21:00,0.0
2025-08-15 21:15,0.071973
2025-08-15 21:30,0.0
2025-08-15 21:45,0.0
2025-08-15 22:00,0.229866
2025-08-15 22:15,0.232755
2025-08-15 22:30,0.548446
2025-08-15 22:45,0.232603
2025-08-15 23:00,0.066873
2025-08-15 23:15,0.001111
2025-08-15 23:30,0.001111
2025-08-15 23:45,0.0
2025-08-16 00:00,0.029611
2025-08-16 00:15,0.055033
2025-08-16 00:30,0.062333
2025-08-16 00:45,0.0
2025-08-16 01:00,0.090762
2025-08-16 01:15,0.03243
2025-08-16 01:30,0.402043
2025-08-16 01:45,0.0
2025-08-16 02:00,0.0
2025-08-16 02:15,0.018999
2025-08-16 02:30,0.0
2025-08-16 02:45,0.0
2025-08-16 03:00,0.048809
2025-08-16 03:15,0.000866
2025-08-16 03:30,0.029248
2025-08-16 03:45,0.002176
2025-08-16 04:00,0.035612
2025-08-16 04:15,0.0
2025-08-16 04:30,0.0
2025-08-16 04:45,0.013197
2025-08-16 05:00,0.0
2025-08-16 05:15,0.395854
2025-08-16 05:30,0.0
2025-08-16 05:45,0.118279
2025-08-16 06:00,0.128551
2025-08-16 06:15,0.020684
2025-08-16 06:30,0.014624
2025-08-16 06:45,0.001065
2025-08-16 07:00,0.0
2025-08-16 07:15,0.039075
2025-08-16 07:30,0.00227
2025-08-16 07:45,0.0
2025-08-16 08:00,0.01446
2025-08-16 08:15,0.015852
2025-08-16 08:30,0.000725
2025-08-16 08:45,0.02231
2025-08-16 09:00,0.002352
2025-08-16 09:15,0.048914
2025-08-16 09:30,0.0
2025-08-16 09:45,0.003884
2025-08-16 10:00,0.060064
2025-08-16 10:15,0.054062
2025-08-16 10:30,0.034208
2025-08-16 10:45,0.203285
2025-08-16 11:00,0.302471
2025-08-16 11:15,0.343746
2025-08-16 11:30,0.109926
2025-08-16 11:45,0.030348
2025-08-16 12:00,0.053419
2025-08-16 12:15,0.015782
2025-08-16 12:30,0.016355
2025-08-16 12:45,0.057993
2025-08-16 13:00,0.054682
2025-08-16 13:15,0.16249
2025-08-16 13:30,0.002293
2025-08-16 13:45,0.043872
2025-08-16 14:00,0.017572
2025-08-16 14:15,0.107375
2025-08-16 14:30,0.109083
2025-08-16 14:45,0.163017
2025-08-16 15:00,0.118536
2025-08-16 15:15,0.099665
2025-08-16 15:30,0.238582
2025-08-16 15:45,0.329192
2025-08-16 16:00,0.072231
2025-08-16 16:15,0.018824
2025-08-16 16:30,0.216037
2025-08-16 16:45,0.336317
2025-08-16 17:00,0.272065
2025-08-16 17:15,0.0
2025-08-16 17:30,0.087744
2025-08-16 17:45,0.048598
2025-08-16 18:00,0.119823
2025-08-16 18:15,0.060532
2025-08-16 18:30,0.036677
2025-08-16 18:45,0.0
2025-08-16 19:00,0.032594
2025-08-16 19:15,0.0
2025-08-16 19:30,0.0
2025-08-16 19:45,0.013197
2025-08-16 20:00,0.0
2025-08-16 20:15,0.032594
2025-08-16 20:30,0.002363
2025-08-16 20:45,0.001322
2025-08-16 21:00,0.021632
2025-08-16 21:15,0.0
2025-08-16 21:30,0.0
2025-08-16 21:45,0.091488
2025-08-16 22:00,0.0
2025-08-16 22:15,0.0
2025-08-16 22:30,0.001731
2025-08-16 22:45,0.078104
2025-08-16 23:00,0.063304
2025-08-16 23:15,0.018672
2025-08-16 23:30,0.017806
2025-08-16 23:45,0.150452
2025-08-17 00:00,0.0
2025-08-17 00:15,0.006633
2025-08-17 00:30,0.021562
2025-08-17 00:45,0.019514
2025-08-17 01:00,0.135921
2025-08-17 01:15,0.327905
2025-08-17 01:30,0.158033
2025-08-17 01:45,0.045603
2025-08-17 02:00,0.063012
2025-08-17 02:15,0.079788
2025-08-17 02:30,0.074992
2025-08-17 02:45,0.25592
2025-08-17 03:00,0.283893
2025-08-17 03:15,0.138074
2025-08-17 03:30,0.002153
2025-08-17 03:45,0.013009
2025-08-17 04:00,0.014624
2025-08-17 04:15,0.0367
2025-08-17 04:30,0.017806
2025-08-17 04:45,0.012179
2025-08-17 05:00,0.0
2025-08-17 05:15,0.003229
2025-08-17 05:30,0.001731
2025-08-17 05:45,0.0
2025-08-17 06:00,0.001731
2025-08-17 06:15,0.000866
2025-08-17 06:30,0.029248
2025-08-17 06:45,0.013197
2025-08-17 07:00,0.0
2025-08-17 07:15,0.152604
2025-08-17 07:30,0.163391
2025-08-17 07:45,0.167451
2025-08-17 08:00,0.2332
2025-08-17 08:15,0.12648
2025-08-17 08:30,0.078408
2025-08-17 08:45,0.018496
2025-08-17 09:00,0.404886
2025-08-17 09:15,0.118688
2025-08-17 09:30,0.252047
2025-08-17 09:45,0.113084
2025-08-17 10:00,0.020544
2025-08-17 10:15,0.023667
2025-08-17 10:30,0.019304
2025-08-17 10:45,0.0
2025-08-17 11:00,0.143537
2025-08-17 11:15,0.03112
2025-08-17 11:30,0.0
2025-08-17 11:45,0.027259
2025-08-17 12:00,0.02327
2025-08-17 12:15,0.001158
2025-08-17 12:30,0.117717
2025-08-17 12:45,0.526581
2025-08-17 13:00,0.035612
2025-08-17 13:15,0.125731
2025-08-17 13:30,0.025083
2025-08-17 13:45,0.00248
2025-08-17 14:00,0.294328
2025-08-17 14:15,0.328338
2025-08-17 14:30,0.246139
2025-08-17 14:45,0.211416
2025-08-17 15:00,0.473104
2025-08-17 15:15,0.255218
2025-08-17 15:30,0.189188
2025-08-17 15:45,0.110651
2025-08-17 16:00,0.110815
2025-08-17 16:15,0.0
2025-08-17 16:30,0.106837
2025-08-17 16:45,0.0
2025-08-17 17:00,0.020649
2025-08-17 17:15,0.017806
2025-08-17 17:30,0.029248
2025-08-17 17:45,0.000866
2025-08-17 18:00,0.0
2025-08-17 18:15,0.0
2025-08-17 18:30,0.027084
2025-08-17 18:45,0.074266
2025-08-17 19:00,0.240641
2025-08-17 19:15,0.062181
2025-08-17 19:30,0.001778
2025-08-17 19:45,0.0
2025-08-17 20:00,0.01246
2025-08-17 20:15,0.0
2025-08-17 20:30,0.0
2025-08-17 20:45,0.017806
2025-08-17 21:00,0.0
2025-08-17 21:15,0.0
2025-08-17 21:30,0.0
2025-08-17 21:45,0.0
2025-08-17 22:00,0.000749
2025-08-17 22:15,0.002597
2025-08-17 22:30,0.0
2025-08-17 22:45,0.060216
2025-08-17 23:00,0.059783
2025-08-17 23:15,0.63302
2025-08-17 23:30,0.0
2025-08-17 23:45,0.0
2025-08-18 00:00,0.029248
2025-08-18 00:15,0.0
2025-08-18 00:30,0.031459
2025-08-18 00:45,0.0
2025-08-18 01:00,0.002293
2025-08-18 01:15,0.000866
2025-08-18 01:30,0.029248
2025-08-18 01:45,0.0
2025-08-18 02:00,0.0
2025-08-18 02:15,0.0
2025-08-18 02:30,0.013197
2025-08-18 02:45,0.08992
2025-08-18 03:00,0.0
2025-08-18 03:15,0.0
2025-08-18 03:30,0.0
2025-08-18 03:45,0.027821
2025-08-18 04:00,0.037718
2025-08-18 04:15,0.013197
2025-08-18 04:30,0.0
2025-08-18 04:45,0.0
2025-08-18 05:00,0.000749
2025-08-18 05:15,0.0
2025-08-18 05:30,0.002387
2025-08-18 05:45,0.092096
2025-08-18 06:00,0.0
2025-08-18 06:15,0.0
2025-08-18 06:30,0.0
2025-08-18 06:45,0.0
2025-08-18 07:00,0.0
2025-08-18 07:15,0.013009
2025-08-18 07:30,0.001497
2025-08-18 07:45,0.00103
2025-08-18 08:00,0.003334
2025-08-18 08:15,0.0
2025-08-18 08:30,0.041368
2025-08-18 08:45,0.017806
2025-08-18 09:00,0.080806
2025-08-18 09:15,0.0
2025-08-18 09:30,0.017806
2025-08-18 09:45,0.0
2025-08-18 10:00,0.026627
2025-08-18 10:15,0.014624
2025-08-18 10:30,0.0
2025-08-18 10:45,0.037999
2025-08-18 11:00,0.140542
2025-08-18 11:15,0.002597
2025-08-18 11:30,0.001451
2025-08-18 11:45,0.109434
2025-08-18 12:00,0.000866
2025-08-18 12:15,0.017806
2025-08-18 12:30,0.520485
2025-08-18 12:45,0.08641
2025-08-18 13:00,0.072371
2025-08-18 13:15,0.017806
2025-08-18 13:30,0.207169
2025-08-18 13:45,0.02823
2025-08-18 14:00,0.397702
2025-08-18 14:15,0.572863
2025-08-18 14:30,0.2153
2025-08-18 14:45,0.08331
2025-08-18 15:00,0.002398
2025-08-18 15:15,0.039356
2025-08-18 15:30,0.094822
2025-08-18 15:45,0.085849
2025-08-18 16:00,0.003568
2025-08-18 16:15,0.620782
2025-08-18 16:30,0.444195
2025-08-18 16:45,0.678693
2025-08-18 17:00,1.0
2025-08-18 17:15,0.426915
2025-08-18 17:30,0.0
2025-08-18 17:45,0.029248
2025-08-18 18:00,0.026627
2025-08-18 18:15,0.0
2025-08-18 18:30,0.000971
2025-08-18 18:45,0.001673
2025-08-18 19:00,0.0
2025-08-18 19:15,0.0
2025-08-18 19:30,0.0
2025-08-18 19:45,0.0
2025-08-18 20:00,0.0
2025-08-18 20:15,0.0
2025-08-18 20:30,0.0
2025-08-18 20:45,0.0
2025-08-18 21:00,0.032676
2025-08-18 21:15,0.169287
2025-08-18 21:30,0.0
2025-08-18 21:45,0.0
2025-08-18 22:00,0.0
2025-08-18 22:15,0.002176
2025-08-18 22:30,0.004118
2025-08-18 22:45,0.0
2025-08-18 23:00,0.055548
2025-08-18 23:15,0.0
2025-08-18 23:30,0.005077
2025-08-18 23:45,0.047054
2025-08-19 00:00,0.033518
2025-08-19 00:15,0.071225
2025-08-19 00:30,0.0
2025-08-19 00:45,0.013197
2025-08-19 01:00,0.0
2025-08-19 01:15,0.004914
2025-08-19 01:30,0.0
2025-08-19 01:45,0.002597
2025-08-19 02:00,0.027821
2025-08-19 02:15,0.0
2025-08-19 02:30,0.0
2025-08-19 02:45,0.001919
2025-08-19 03:00,0.001731
2025-08-19 03:15,0.0
2025-08-19 03:30,0.002901
2025-08-19 03:45,0.0
2025-08-19 04:00,0.014624
2025-08-19 04:15,0.0
2025-08-19 04:30,0.026393
2025-08-19 04:45,0.002632
2025-08-19 05:00,0.01088
2025-08-19 05:15,0.029248
2025-08-19 05:30,0.0
2025-08-19 05:45,0.016075
2025-08-19 06:00,0.019854
2025-08-19 06:15,0.0
2025-08-19 06:30,0.0
2025-08-19 06:45,0.035612
2025-08-19 07:00,0.0
2025-08-19 07:15,0.004317
2025-08-19 07:30,0.01845
2025-08-19 07:45,0.0
2025-08-19 08:00,0.0
2025-08-19 08:15,0.0
2025-08-19 08:30,0.015958
2025-08-19 08:45,0.0
2025-08-19 09:00,0.0
2025-08-19 09:15,0.03491
2025-08-19 09:30,0.018719
2025-08-19 09:45,0.004165
2025-08-19 10:00,0.0
2025-08-19 10:15,0.015888
2025-08-19 10:30,0.021152
2025-08-19 10:45,0.002773
2025-08-19 11:00,0.001614
2025-08-19 11:15,0.0
2025-08-19 11:30,0.002223
2025-08-19 11:45,0.0
2025-08-19 12:00,0.036548
2025-08-19 12:15,0.0
2025-08-19 12:30,0.065749
2025-08-19 12:45,0.222484
2025-08-19 13:00,0.230661
2025-08-19 13:15,0.18335
2025-08-19 13:30,0.379604
2025-08-19 13:45,0.268532
2025-08-19 14:00,0.274522
2025-08-19 14:15,0.128633
2025-08-19 14:30,0.437772
2025-08-19 14:45,0.195259
2025-08-19 15:00,0.296715
2025-08-19 15:15,0.226824
2025-08-19 15:30,0.190264
2025-08-19 15:45,0.166421
2025-08-19 16:00,0.210047
2025-08-19 16:15,0.113997
2025-08-19 16:30,0.230193
2025-08-19 16:45,0.176623
2025-08-19 17:00,0.072652
2025-08-19 17:15,0.101572
2025-08-19 17:30,0.342973
2025-08-19 17:45,0.326127
2025-08-19 18:00,0.124503
2025-08-19 18:15,0.223864
2025-08-19 18:30,0.186555
2025-08-19 18:45,0.144181
2025-08-19 19:00,0.137173
2025-08-19 19:15,0.140156
2025-08-19 19:30,0.109657
2025-08-19 19:45,0.130001
2025-08-19 20:00,0.229152
2025-08-19 20:15,0.128375
2025-08-19 20:30,0.178062
2025-08-19 20:45,0.073822
2025-08-19 21:00,0.107703
2025-08-19 21:15,0.130516
2025-08-19 21:30,0.196734
2025-08-19 21:45,0.176868
2025-08-19 22:00,0.250948
2025-08-19 22:15,0.482685
2025-08-19 22:30,0.162993
2025-08-19 22:45,0.148229
2025-08-19 23:00,0.157307
2025-08-19 23:15,0.521515
2025-08-19 23:30,0.672282
2025-08-19 23:45,0.341371
2025-08-20 00:00,0.186321
2025-08-20 00:00,0.159957
2025-08-20 00:15,0.271303
2025-08-20 00:30,0.154353
2025-08-20 00:45,0.18569
2025-08-20 01:00,0.283747
2025-08-20 01:15,0.132176
2025-08-20 01:30,0.24768
2025-08-20 01:45,0.154594
2025-08-20 02:00,0.117392
2025-08-20 02:15,0.069543
2025-08-20 02:30,0.177062
2025-08-20 02:45,0.123539
2025-08-20 03:00,0.078954
2025-08-20 03:15,0.171899
2025-08-20 03:30,0.104184
2025-08-20 03:45,0.154594
2025-08-20 04:00,0.145414
2025-08-20 04:15,0.123067
2025-08-20 04:30,0.012555
2025-08-20 04:45,0.028625
2025-08-20 05:00,0.082419
2025-08-20 05:15,0.015287
2025-08-20 05:30,0.001888
2025-08-20 05:45,0.0
2025-08-20 06:00,0.015287
2025-08-20 06:15,0.001406
2025-08-20 06:30,0.0
2025-08-20 06:45,0.0
2025-08-20 07:00,0.0
2025-08-20 07:15,0.0
2025-08-20 07:30,0.037664
2025-08-20 07:45,0.0
2025-08-20 08:00,0.0
2025-08-20 08:15,0.004339
2025-08-20 08:30,0.003314
2025-08-20 08:45,0.013298
2025-08-20 09:00,0.037664
2025-08-20 09:15,0.007533
2025-08-20 09:30,0.0
2025-08-20 09:45,0.044615
2025-08-20 10:00,0.030573
2025-08-20 10:15,0.015287
2025-08-20 10:30,0.0
2025-08-20 10:45,0.0
2025-08-20 11:00,0.0
2025-08-20 11:15,0.04586
2025-08-20 11:30,0.0
2025-08-20 11:45,0.055683
2025-08-20 12:00,0.011329
2025-08-20 12:15,0.0
2025-08-20 12:30,0.000914
2025-08-20 12:45,0.030081
2025-08-20 13:00,0.101442
2025-08-20 13:15,0.603893
2025-08-20 13:30,0.002682
2025-08-20 13:45,0.017064
2025-08-20 14:00,0.304819
2025-08-20 14:15,0.226216
2025-08-20 14:30,0.765729
2025-08-20 14:45,0.273553
2025-08-20 15:00,0.028615
2025-08-20 15:15,0.003224
2025-08-20 15:30,0.012555
2025-08-20 15:45,0.049496
2025-08-20 16:00,0.010697
2025-08-20 16:15,0.109799
2025-08-20 16:30,0.075569
2025-08-20 16:45,0.031638
2025-08-20 17:00,0.001989
2025-08-20 17:15,0.0
2025-08-20 17:30,0.001085
2025-08-20 17:45,0.000994
2025-08-20 18:00,0.0
2025-08-20 18:15,0.0
2025-08-20 18:30,0.007372
2025-08-20 18:45,0.030573
2025-08-20 19:00,0.03206
2025-08-20 19:15,0.001055
2025-08-20 19:30,0.0
2025-08-20 19:45,0.001647
2025-08-20 20:00,0.0
2025-08-20 20:15,0.0
2025-08-20 20:30,0.0
2025-08-20 20:45,0.003656
2025-08-20 21:00,0.0
2025-08-20 21:15,0.0
2025-08-20 21:30,0.000824
2025-08-20 21:45,0.011329
2025-08-20 22:00,0.0
2025-08-20 22:15,0.0
2025-08-20 22:30,0.023794
2025-08-20 22:45,0.0
2025-08-20 23:00,0.028283
2025-08-20 23:15,0.993271
2025-08-20 23:30,0.015287
2025-08-20 23:45,0.0138
2025-08-21 00:00,0.000904
2025-08-21 00:15,0.002049
2025-08-21 00:30,0.014684
2025-08-21 00:45,0.0
2025-08-21 01:00,0.0
2025-08-21 01:15,0.00236
2025-08-21 01:30,0.023884
2025-08-21 01:45,0.0
2025-08-21 02:00,0.0
2025-08-21 02:15,0.012404
2025-08-21 02:30,0.025853
2025-08-21 02:45,0.0
2025-08-21 03:00,0.0
2025-08-21 03:15,0.015287
2025-08-21 03:30,0.0
2025-08-21 03:45,0.012555
2025-08-21 04:00,0.0
2025-08-21 04:15,0.018069
2025-08-21 04:30,0.011329
2025-08-21 04:45,0.0
2025-08-21 05:00,0.05968
2025-08-21 05:15,0.025109
2025-08-21 05:30,0.004761
2025-08-21 05:45,0.0
2025-08-21 06:00,0.000743
2025-08-21 06:15,0.0
2025-08-21 06:30,0.000944
2025-08-21 06:45,0.216645
2025-08-21 07:00,0.0
2025-08-21 07:15,0.0
2025-08-21 07:30,0.0
2025-08-21 07:45,0.0
2025-08-21 08:00,0.113535
2025-08-21 08:15,0.129766
2025-08-21 08:30,0.206601
2025-08-21 08:45,0.119561
2025-08-21 09:00,0.061147
2025-08-21 09:15,0.250151
2025-08-21 09:30,0.724951
2025-08-21 09:45,0.156613
2025-08-21 10:00,0.154634
2025-08-21 10:15,0.030573
2025-08-21 10:30,0.063015
2025-08-21 10:45,0.676479
2025-08-21 11:00,0.030573
2025-08-21 11:15,0.030573
2025-08-21 11:30,0.0092
2025-08-21 11:45,0.0
2025-08-21 12:00,0.0
2025-08-21 12:15,0.001366
2025-08-21 12:30,0.075549
2025-08-21 12:45,0.096702
2025-08-21 13:00,0.039412
2025-08-21 13:15,0.271544
2025-08-21 13:30,0.331887
2025-08-21 13:45,0.316189
2025-08-21 14:00,0.315937
2025-08-21 14:15,0.95875
2025-08-21 14:30,1.0
2025-08-21 14:45,0.735437
2025-08-21 15:00,0.476919
2025-08-21 15:15,0.249669
2025-08-21 15:30,0.127636
2025-08-21 15:45,0.094482
2025-08-21 16:00,0.171829
2025-08-21 16:15,0.13985
2025-08-21 16:30,0.000964
2025-08-21 16:45,0.292335
2025-08-21 17:00,0.0
2025-08-21 17:15,0.038407
2025-08-21 17:30,0.032281
2025-08-21 17:45,0.001486
2025-08-21 18:00,0.0
2025-08-21 18:15,0.012555
2025-08-21 18:30,0.090675
2025-08-21 18:45,0.01603
2025-08-21 19:00,0.0
2025-08-21 19:15,0.0
2025-08-21 19:30,0.0
2025-08-21 19:45,0.002782
2025-08-21 20:00,0.046603
2025-08-21 20:15,0.121249
2025-08-21 20:30,0.0
2025-08-21 20:45,0.001055
2025-08-21 21:00,0.0
2025-08-21 21:15,0.013057
2025-08-21 21:30,0.001486
2025-08-21 21:45,0.015427
2025-08-21 22:00,0.0
2025-08-21 22:15,0.047728
2025-08-21 22:30,0.0
2025-08-21 22:45,0.215128
2025-08-21 23:00,0.072355
2025-08-21 23:15,0.970381
2025-08-21 23:30,0.056426
2025-08-21 23:45,0.017074
2025-08-22 00:00,0.001486
2025-08-22 00:15,0.000984
2025-08-22 00:30,0.001486
2025-08-22 00:45,0.017074
2025-08-22 01:00,0.001055
2025-08-22 01:15,0.028183
2025-08-22 01:30,0.014202
2025-08-22 01:45,0.009883
2025-08-22 02:00,0.027982
2025-08-22 02:15,0.0
2025-08-22 02:30,0.0
2025-08-22 02:45,0.014152
2025-08-22 03:00,0.015287
2025-08-22 03:15,0.013489
2025-08-22 03:30,0.015287
2025-08-22 03:45,0.0046
2025-08-22 04:00,0.017757
2025-08-22 04:15,0.024447
2025-08-22 04:30,0.0
2025-08-22 04:45,0.004731
2025-08-22 05:00,0.015287
2025-08-22 05:15,0.008879
2025-08-22 05:30,0.0
2025-08-22 05:45,0.012555
2025-08-22 06:00,0.0
2025-08-22 06:15,0.000994
2025-08-22 06:30,0.0
2025-08-22 06:45,0.008879
2025-08-22 07:00,0.012555
2025-08-22 07:15,0.030573
2025-08-22 07:30,0.012555
2025-08-22 07:45,0.01149
2025-08-22 08:00,0.000954
2025-08-22 08:15,0.023502
2025-08-22 08:30,0.01149
2025-08-22 08:45,0.003284
2025-08-22 09:00,0.026064
2025-08-22 09:15,0.001446
2025-08-22 09:30,0.559108
2025-08-22 09:45,0.005082
2025-08-22 10:00,0.019344
2025-08-22 10:15,0.007643
2025-08-22 10:30,0.018199
2025-08-22 10:45,0.030573
2025-08-22 11:00,0.04363
2025-08-22 11:15,0.000743
2025-08-22 11:30,0.030573
2025-08-22 11:45,0.015909
2025-08-22 12:00,0.013499
2025-08-22 12:15,0.031317
2025-08-22 12:30,0.002009
2025-08-22 12:45,0.000904
2025-08-22 13:00,0.037664
2025-08-22 13:15,0.016773
2025-08-22 13:30,0.023723
2025-08-22 13:45,0.070065
2025-08-22 14:00,0.1031
2025-08-22 14:15,0.006257
2025-08-22 14:30,0.001908
2025-08-22 14:45,0.157708
2025-08-22 15:00,0.461844
2025-08-22 15:15,0.330159
2025-08-22 15:30,0.419579
2025-08-22 15:45,0.280483
2025-08-22 16:00,0.124443
2025-08-22 16:15,0.651772
2025-08-22 16:30,0.333986
2025-08-22 16:45,0.064843
2025-08-22 17:00,0.092202
2025-08-22 17:15,0.059369
2025-08-22 17:30,0.0
2025-08-22 17:45,0.0
2025-08-22 18:00,0.026355
2025-08-22 18:15,0.015287
2025-08-22 18:30,0.012555
2025-08-22 18:45,0.0
2025-08-22 19:00,0.0
2025-08-22 19:15,0.0
2025-08-22 19:30,0.0
2025-08-22 19:45,0.02298
2025-08-22 20:00,0.009391
2025-08-22 20:15,0.0
2025-08-22 20:30,0.0
2025-08-22 20:45,0.0
2025-08-22 21:00,0.0
2025-08-22 21:15,0.041802
2025-08-22 21:30,0.157446
2025-08-22 21:45,0.604927
2025-08-22 22:00,0.029428
2025-08-22 22:15,0.01149
2025-08-22 22:30,0.01596
2025-08-22 22:45,0.126692
2025-08-22 23:00,0.979712
2025-08-22 23:15,0.126291
2025-08-22 23:30,0.0
2025-08-22 23:45,0.002832
2025-08-23 00:00,0.009059
2025-08-23 00:15,0.000623
2025-08-23 00:30,0.014302
2025-08-23 00:45,0.0
2025-08-23 01:00,0.045277
2025-08-23 01:15,0.207937
2025-08-23 01:30,0.07577
2025-08-23 01:45,0.02985
2025-08-23 02:00,0.050219
2025-08-23 02:15,0.179503
2025-08-23 02:30,0.232363
2025-08-23 02:45,0.079165
2025-08-23 03:00,0.015287
2025-08-23 03:15,0.0275
2025-08-23 03:30,0.088827
2025-08-23 03:45,0.033345
2025-08-23 04:00,0.03206
2025-08-23 04:15,0.037544
2025-08-23 04:30,0.005253
2025-08-23 04:45,0.00449
2025-08-23 05:00,0.007613
2025-08-23 05:15,0.05039
2025-08-23 05:30,0.001486
2025-08-23 05:45,0.0
2025-08-23 06:00,0.003455
2025-08-23 06:15,0.031437
2025-08-23 06:30,0.041591
2025-08-23 06:45,0.080059
2025-08-23 07:00,0.017265
2025-08-23 07:15,0.128912
2025-08-23 07:30,0.085895
2025-08-23 07:45,0.065044
2025-08-23 08:00,0.083584
2025-08-23 08:15,0.007412
2025-08-23 08:30,0.017617
2025-08-23 08:45,0.136776
2025-08-23 09:00,0.004018
2025-08-23 09:15,0.015287
2025-08-23 09:30,0.017215
2025-08-23 09:45,0.001527
2025-08-23 10:00,0.006287
2025-08-23 10:15,0.000753
2025-08-23 10:30,0.01137
2025-08-23 10:45,0.055683
2025-08-23 11:00,0.0
2025-08-23 11:15,0.0
2025-08-23 11:30,0.0
2025-08-23 11:45,0.054056
2025-08-23 12:00,0.083936
2025-08-23 12:15,0.029288
2025-08-23 12:30,0.013057
2025-08-23 12:45,0.117462
2025-08-23 13:00,0.044996
2025-08-23 13:15,0.061388
2025-08-23 13:30,0.091941
2025-08-23 13:45,0.093136
2025-08-23 14:00,0.066289
2025-08-23 14:15,0.026998
2025-08-23 14:30,0.032512
2025-08-23 14:45,0.014865
2025-08-23 15:00,0.030754
2025-08-23 15:15,0.002481
2025-08-23 15:30,0.062071
2025-08-23 15:45,0.017315
2025-08-23 16:00,0.103692
2025-08-23 16:15,0.100418
2025-08-23 16:30,0.011751
2025-08-23 16:45,0.152646
2025-08-23 17:00,0.536178
2025-08-23 17:15,0.437367
2025-08-23 17:30,0.123036
2025-08-23 17:45,0.198526
2025-08-23 18:00,0.177795
2025-08-23 18:15,0.235326
2025-08-23 18:30,0.130409
2025-08-23 18:45,0.53902
2025-08-23 19:00,0.485095
2025-08-23 19:15,0.627978
2025-08-23 19:30,0.515909
2025-08-23 19:45,0.476337
2025-08-23 20:00,0.0
2025-08-23 20:15,0.000743
2025-08-23 20:30,0.0
2025-08-23 20:45,0.028123
2025-08-23 21:00,0.009371
2025-08-23 21:15,0.0
2025-08-23 21:30,0.030573
2025-08-23 21:45,0.0
2025-08-23 22:00,0.030573
2025-08-23 22:15,0.001386
2025-08-23 22:30,0.0
2025-08-23 22:45,0.116377
2025-08-23 23:00,0.467518
2025-08-23 23:15,0.694649
2025-08-23 23:30,0.144289
2025-08-23 23:45,0.197029
2025-08-24 00:00,0.164206
2025-08-24 00:15,0.044062
2025-08-24 00:30,0.070919
2025-08-24 00:45,0.141216
2025-08-24 01:00,0.102919
2025-08-24 01:15,0.091489
2025-08-24 01:30,0.005112
2025-08-24 01:45,0.0
2025-08-24 02:00,0.034531
2025-08-24 02:15,0.083625
2025-08-24 02:30,0.022016
2025-08-24 02:45,0.056788
2025-08-24 03:00,0.042003
2025-08-24 03:15,0.009763
2025-08-24 03:30,0.013609
2025-08-24 03:45,0.034792
2025-08-24 04:00,0.079748
2025-08-24 04:15,0.05953
2025-08-24 04:30,0.064963
2025-08-24 04:45,0.017526
2025-08-24 05:00,0.046021
2025-08-24 05:15,0.020007
2025-08-24 05:30,0.0
2025-08-24 05:45,0.056868
2025-08-24 06:00,0.002933
2025-08-24 06:15,0.015287
2025-08-24 06:30,0.022157
2025-08-24 06:45,0.04586
2025-08-24 07:00,0.007392
2025-08-24 07:15,0.132488
2025-08-24 07:30,0.082721
2025-08-24 07:45,0.0
2025-08-24 08:00,0.013509
2025-08-24 08:15,0.081124
2025-08-24 08:30,0.294404
2025-08-24 08:45,0.0
2025-08-24 09:00,0.280051
2025-08-24 09:15,0.122655
2025-08-24 09:30,0.222149
2025-08-24 09:45,0.242065
2025-08-24 10:00,0.298301
2025-08-24 10:15,0.060685
2025-08-24 10:30,0.054236
2025-08-24 10:45,0.038849
2025-08-24 11:00,0.025551
2025-08-24 11:15,0.04586
2025-08-24 11:30,0.200434
2025-08-24 11:45,0.014483
2025-08-24 12:00,0.0
2025-08-24 12:15,0.002772
2025-08-24 12:30,0.345657
2025-08-24 12:45,0.481349
2025-08-24 13:00,0.194287
2025-08-24 13:15,0.395414
2025-08-24 13:30,0.375045
2025-08-24 13:45,0.026094
2025-08-24 14:00,0.045257
2025-08-24 14:15,0.357268
2025-08-24 14:30,0.621821
2025-08-24 14:45,0.065606
2025-08-24 15:00,0.004218
2025-08-24 15:15,0.002431
2025-08-24 15:30,0.153851
2025-08-24 15:45,0.014795
2025-08-24 16:00,0.0
2025-08-24 16:15,0.001868
2025-08-24 16:30,0.102457
2025-08-24 16:45,0.138564
2025-08-24 17:00,0.046242
2025-08-24 17:15,0.0
2025-08-24 17:30,0.028484
2025-08-24 17:45,0.0
2025-08-24 18:00,0.0
2025-08-24 18:15,0.0
2025-08-24 18:30,0.0
2025-08-24 18:45,0.0
2025-08-24 19:00,0.0
2025-08-24 19:15,0.001788
2025-08-24 19:30,0.0
2025-08-24 19:45,0.0
2025-08-24 20:00,0.002581
2025-08-24 20:15,0.026204
2025-08-24 20:30,0.001486
2025-08-24 20:45,0.011229
2025-08-24 21:00,0.0
2025-08-24 21:15,0.0
2025-08-24 21:30,0.000974
2025-08-24 21:45,0.029147
2025-08-24 22:00,0.045458
2025-08-24 22:15,0.154735
2025-08-24 22:30,0.027902
2025-08-24 22:45,0.0
2025-08-24 23:00,0.204261
2025-08-24 23:15,0.443112
2025-08-24 23:30,0.002652
2025-08-24 23:45,0.018029
2025-08-25 00:00,0.012555
2025-08-25 00:15,0.012555
2025-08-25 00:30,0.0
2025-08-25 00:45,0.0
2025-08-25 01:00,0.000924
2025-08-25 01:15,0.004329
2025-08-25 01:30,0.001035
2025-08-25 01:45,0.0
2025-08-25 02:00,0.0
2025-08-25 02:15,0.0
2025-08-25 02:30,0.002009
2025-08-25 02:45,0.01149
2025-08-25 03:00,0.017547
2025-08-25 03:15,0.0
2025-08-25 03:30,0.0
2025-08-25 03:45,0.030573
2025-08-25 04:00,0.0
2025-08-25 04:15,0.001486
2025-08-25 04:30,0.0
2025-08-25 04:45,0.015287
2025-08-25 05:00,0.000743
2025-08-25 05:15,0.0
2025-08-25 05:30,0.0
2025-08-25 05:45,0.0
2025-08-25 06:00,0.001888
2025-08-25 06:15,0.009371
2025-08-25 06:30,0.063196
2025-08-25 06:45,0.0
2025-08-25 07:00,0.000864
2025-08-25 07:15,0.006729
2025-08-25 07:30,0.003114
2025-08-25 07:45,0.003164
2025-08-25 08:00,0.018742
2025-08-25 08:15,0.0
2025-08-25 08:30,0.001055
2025-08-25 08:45,0.0
2025-08-25 09:00,0.001486
2025-08-25 09:15,0.005825
2025-08-25 09:30,0.001597
2025-08-25 09:45,0.030573
2025-08-25 10:00,0.061147
2025-08-25 10:15,0.0
2025-08-25 10:30,0.001828
2025-08-25 10:45,0.0
2025-08-25 11:00,0.0
2025-08-25 11:15,0.001677
2025-08-25 11:30,0.030573
2025-08-25 11:45,0.00451
2025-08-25 12:00,0.000954
2025-08-25 12:15,0.384014
2025-08-25 12:30,0.075328
2025-08-25 12:45,0.030573
2025-08-25 13:00,0.316641
2025-08-25 13:15,0.108644
2025-08-25 13:30,0.003505
2025-08-25 13:45,0.015086
2025-08-25 14:00,0.215741
2025-08-25 14:15,0.100358
2025-08-25 14:30,0.120827
2025-08-25 14:45,0.547447
2025-08-25 15:00,0.602015
2025-08-25 15:15,0.262053
2025-08-25 15:30,0.05278
2025-08-25 15:45,0.0941
2025-08-25 16:00,0.003827
2025-08-25 16:15,0.545217
2025-08-25 16:30,0.35319
2025-08-25 16:45,0.139096
2025-08-25 17:00,0.030573
2025-08-25 17:15,0.0
2025-08-25 17:30,0.021795
2025-08-25 17:45,0.017617
2025-08-25 18:00,0.055683
2025-08-25 18:15,0.0
2025-08-25 18:30,0.0
2025-08-25 18:45,0.0
2025-08-25 19:00,0.0
2025-08-25 19:15,0.0
2025-08-25 19:30,0.0
2025-08-25 19:45,0.0
2025-08-25 20:00,0.0
2025-08-25 20:15,0.0
2025-08-25 20:30,0.0
2025-08-25 20:45,0.0
2025-08-25 21:00,0.0
2025-08-25 21:15,0.0
2025-08-25 21:30,0.0
2025-08-25 21:45,0.0
2025-08-25 22:00,0.0
2025-08-25 22:15,0.000864
2025-08-25 22:30,0.0
2025-08-25 22:45,0.000643
2025-08-25 23:00,0.065536
2025-08-25 23:15,0.0
2025-08-25 23:30,0.0
2025-08-25 23:45,0.005725
2025-08-26 00:00,0.0
2025-08-26 00:15,0.0
2025-08-26 00:30,0.061147
2025-08-26 00:45,0.0
2025-08-26 01:00,0.061147
2025-08-26 01:15,0.034932
2025-08-26 01:30,0.09172
2025-08-26 01:45,0.0
2025-08-26 02:00,0.000723
2025-08-26 02:15,0.0
2025-08-26 02:30,0.000643
2025-08-26 02:45,0.0
2025-08-26 03:00,0.01378
2025-08-26 03:15,0.0
2025-08-26 03:30,0.011169
2025-08-26 03:45,0.044082
2025-08-26 04:00,0.011169
2025-08-26 04:15,0.003114
2025-08-26 04:30,0.0
2025-08-26 04:45,0.02286
2025-08-26 05:00,0.015287
2025-08-26 05:15,0.026355
2025-08-26 05:30,0.0
2025-08-26 05:45,0.02286
2025-08-26 06:00,0.0
2025-08-26 06:15,0.05271
2025-08-26 06:30,0.0
2025-08-26 06:45,0.015287
2025-08-26 07:00,0.042385
2025-08-26 07:15,0.006207
2025-08-26 07:30,0.0
2025-08-26 07:45,0.001266
2025-08-26 08:00,0.013057
2025-08-26 08:15,0.0
2025-08-26 08:30,0.026355
2025-08-26 08:45,0.043128
2025-08-26 09:00,0.000623
2025-08-26 09:15,0.076433
2025-08-26 09:30,0.000974
2025-08-26 09:45,0.000944
2025-08-26 10:00,0.028082
2025-08-26 10:15,0.0
2025-08-26 10:30,0.0
2025-08-26 10:45,0.012876
2025-08-26 11:00,0.008276
2025-08-26 11:15,0.025853
2025-08-26 11:30,0.048853
2025-08-26 11:45,0.169037
2025-08-26 12:00,0.000964
2025-08-26 12:15,0.074284
2025-08-26 12:30,0.000984
2025-08-26 12:45,0.108101
2025-08-26 13:00,0.017315
2025-08-26 13:15,0.0
2025-08-26 13:30,0.822948
2025-08-26 13:45,0.346551
2025-08-26 14:00,0.103009
2025-08-26 14:15,0.165512
2025-08-26 14:30,0.186774
2025-08-26 14:45,0.273523
2025-08-26 15:00,0.001105
2025-08-26 15:15,0.021333
2025-08-26 15:30,0.356173
2025-08-26 15:45,0.103411
2025-08-26 16:00,0.098329
2025-08-26 16:15,0.126763
2025-08-26 16:30,0.012555
2025-08-26 16:45,0.100247
2025-08-26 17:00,0.030573
2025-08-26 17:15,0.018099
2025-08-26 17:30,0.061147
2025-08-26 17:45,0.000954
2025-08-26 18:00,0.0
2025-08-26 18:15,0.0
2025-08-26 18:30,0.02298
2025-08-26 18:45,0.0
2025-08-26 19:00,0.012555
2025-08-26 19:15,0.0
2025-08-26 19:30,0.093206
2025-08-26 19:45,0.0
2025-08-26 20:00,0.0
2025-08-26 20:15,0.000984
2025-08-26 20:30,0.01149
2025-08-26 20:45,0.0
2025-08-26 21:00,0.0
2025-08-26 21:15,0.015086
2025-08-26 21:30,0.000743
2025-08-26 21:45,0.0
2025-08-26 22:00,0.032622
2025-08-26 22:15,0.000743
2025-08-26 22:30,0.0
2025-08-26 22:45,0.01149
2025-08-26 23:00,0.177072
2025-08-26 23:15,0.613866
2025-08-26 23:30,0.051705
2025-08-26 23:45,0.01615
2025-08-27 00:00,0.015287
2025-08-27 00:00,0.008716
2025-08-27 00:15,0.0
2025-08-27 00:30,0.000533
2025-08-27 00:45,0.014316
2025-08-27 01:00,0.002468
2025-08-27 01:15,0.034863
2025-08-27 01:30,0.036134
2025-08-27 01:45,0.0
2025-08-27 02:00,0.0
2025-08-27 02:15,0.0
2025-08-27 02:30,0.008716
2025-08-27 02:45,0.0
2025-08-27 03:00,0.0
2025-08-27 03:15,0.008716
2025-08-27 03:30,0.0
2025-08-27 03:45,0.0
2025-08-27 04:00,0.0
2025-08-27 04:15,0.0
2025-08-27 04:30,0.0
2025-08-27 04:45,0.0
2025-08-27 05:00,0.03149
2025-08-27 05:15,0.0
2025-08-27 05:30,0.015026
2025-08-27 05:45,0.015233
2025-08-27 06:00,0.0
2025-08-27 06:15,0.00059
2025-08-27 06:30,0.046339
2025-08-27 06:45,0.0
2025-08-27 07:00,0.0
2025-08-27 07:15,0.007158
2025-08-27 07:30,0.004054
2025-08-27 07:45,0.0
2025-08-27 08:00,0.000578
2025-08-27 08:15,0.0
2025-08-27 08:30,0.000538
2025-08-27 08:45,0.006551
2025-08-27 09:00,0.0
2025-08-27 09:15,0.0
2025-08-27 09:30,0.000424
2025-08-27 09:45,0.07709
2025-08-27 10:00,0.029011
2025-08-27 10:15,0.000424
2025-08-27 10:30,0.0
2025-08-27 10:45,0.0
2025-08-27 11:00,0.0
2025-08-27 11:15,0.008384
2025-08-27 11:30,0.007782
2025-08-27 11:45,0.008716
2025-08-27 12:00,0.014843
2025-08-27 12:15,0.049179
2025-08-27 12:30,0.017432
2025-08-27 12:45,0.081351
2025-08-27 13:00,0.015977
2025-08-27 13:15,0.007158
2025-08-27 13:30,0.036467
2025-08-27 13:45,0.093629
2025-08-27 14:00,0.114181
2025-08-27 14:15,0.017432
2025-08-27 14:30,0.028633
2025-08-27 14:45,0.020398
2025-08-27 15:00,0.014167
2025-08-27 15:15,0.024704
2025-08-27 15:30,0.329596
2025-08-27 15:45,0.060157
2025-08-27 16:00,0.031582
2025-08-27 16:15,0.000538
2025-08-27 16:30,0.0082
2025-08-27 16:45,0.004438
2025-08-27 17:00,0.0
2025-08-27 17:15,0.0
2025-08-27 17:30,0.01474
2025-08-27 17:45,0.085898
2025-08-27 18:00,0.000355
2025-08-27 18:15,0.0
2025-08-27 18:30,0.000424
2025-08-27 18:45,0.0
2025-08-27 19:00,0.0
2025-08-27 19:15,0.0
2025-08-27 19:30,0.0
2025-08-27 19:45,0.0
2025-08-27 20:00,0.0
2025-08-27 20:15,0.000584
2025-08-27 20:30,0.0
2025-08-27 20:45,0.0
2025-08-27 21:00,0.034863
2025-08-27 21:15,0.042869
2025-08-27 21:30,0.0
2025-08-27 21:45,0.0
2025-08-27 22:00,0.000424
2025-08-27 22:15,0.000424
2025-08-27 22:30,0.0
2025-08-27 22:45,0.028633
2025-08-27 23:00,0.033953
2025-08-27 23:15,0.007158
2025-08-27 23:30,0.038906
2025-08-27 23:45,0.029354
2025-08-28 00:00,0.0
2025-08-28 00:15,0.061222
2025-08-28 00:30,0.007456
2025-08-28 00:45,0.0
2025-08-28 01:00,0.006551
2025-08-28 01:15,0.0
2025-08-28 01:30,0.0
2025-08-28 01:45,0.000624
2025-08-28 02:00,0.000561
2025-08-28 02:15,0.0
2025-08-28 02:30,0.015324
2025-08-28 02:45,0.006551
2025-08-28 03:00,0.000956
2025-08-28 03:15,0.01852
2025-08-28 03:30,0.023032
2025-08-28 03:45,0.0
2025-08-28 04:00,0.014316
2025-08-28 04:15,0.032172
2025-08-28 04:30,0.001145
2025-08-28 04:45,0.0
2025-08-28 05:00,0.0
2025-08-28 05:15,0.0
2025-08-28 05:30,0.0
2025-08-28 05:45,0.011505
2025-08-28 06:00,0.006551
2025-08-28 06:15,0.017351
2025-08-28 06:30,0.016343
2025-08-28 06:45,0.006551
2025-08-28 07:00,0.006551
2025-08-28 07:15,0.036077
2025-08-28 07:30,0.000911
2025-08-28 07:45,0.000447
2025-08-28 08:00,0.008492
2025-08-28 08:15,0.013938
2025-08-28 08:30,0.013641
2025-08-28 08:45,0.011092
2025-08-28 09:00,0.0
2025-08-28 09:15,0.0
2025-08-28 09:30,0.000848
2025-08-28 09:45,0.0
2025-08-28 10:00,0.0
2025-08-28 10:15,0.022104
2025-08-28 10:30,0.042262
2025-08-28 10:45,0.03949
2025-08-28 11:00,0.037091
2025-08-28 11:15,0.014683
2025-08-28 11:30,0.089271
2025-08-28 11:45,0.016653
2025-08-28 12:00,0.008246
2025-08-28 12:15,0.002669
2025-08-28 12:30,0.008246
2025-08-28 12:45,0.0
2025-08-28 13:00,0.008269
2025-08-28 13:15,0.025117
2025-08-28 13:30,0.007135
2025-08-28 13:45,0.001477
2025-08-28 14:00,0.000991
2025-08-28 14:15,0.035802
2025-08-28 14:30,0.025712
2025-08-28 14:45,0.117497
2025-08-28 15:00,0.027808
2025-08-28 15:15,0.230619
2025-08-28 15:30,0.130473
2025-08-28 15:45,0.069589
2025-08-28 16:00,0.053875
2025-08-28 16:15,0.105368
2025-08-28 16:30,0.0
2025-08-28 16:45,0.006551
2025-08-28 17:00,0.00047
2025-08-28 17:15,0.0
2025-08-28 17:30,0.0
2025-08-28 17:45,0.000424
2025-08-28 18:00,0.0
2025-08-28 18:15,0.000561
2025-08-28 18:30,0.0
2025-08-28 18:45,0.006975
2025-08-28 19:00,0.006551
2025-08-28 19:15,0.0
2025-08-28 19:30,0.0
2025-08-28 19:45,0.0
2025-08-28 20:00,0.0
2025-08-28 20:15,0.006551
2025-08-28 20:30,0.0
2025-08-28 20:45,0.0
2025-08-28 21:00,0.0
2025-08-28 21:15,0.0
2025-08-28 21:30,0.000492
2025-08-28 21:45,0.059556
2025-08-28 22:00,0.026634
2025-08-28 22:15,0.0
2025-08-28 22:30,0.0
2025-08-28 22:45,0.0
2025-08-28 23:00,0.018531
2025-08-28 23:15,0.077755
2025-08-28 23:30,0.077314
2025-08-28 23:45,0.022425
2025-08-29 00:00,0.001804
2025-08-29 00:15,0.166333
2025-08-29 00:30,0.02759
2025-08-29 00:45,0.006551
2025-08-29 01:00,0.008716
2025-08-29 01:15,0.000985
2025-08-29 01:30,0.0
2025-08-29 01:45,0.003745
2025-08-29 02:00,0.120177
2025-08-29 02:15,0.006551
2025-08-29 02:30,0.008584
2025-08-29 02:45,0.011424
2025-08-29 03:00,0.001529
2025-08-29 03:15,0.540882
2025-08-29 03:30,0.0
2025-08-29 03:45,0.0
2025-08-29 04:00,0.002348
2025-08-29 04:15,0.005383
2025-08-29 04:30,0.007158
2025-08-29 04:45,0.0
2025-08-29 05:00,0.0
2025-08-29 05:15,0.0
2025-08-29 05:30,0.076483
2025-08-29 05:45,0.000573
2025-08-29 06:00,0.239729
2025-08-29 06:15,0.18326
2025-08-29 06:30,0.309702
2025-08-29 06:45,0.0
2025-08-29 07:00,0.0
2025-08-29 07:15,0.0
2025-08-29 07:30,0.000366
2025-08-29 07:45,0.0
2025-08-29 08:00,0.017901
2025-08-29 08:15,0.025323
2025-08-29 08:30,0.026147
2025-08-29 08:45,0.000492
2025-08-29 09:00,0.0
2025-08-29 09:15,0.058846
2025-08-29 09:30,0.0
2025-08-29 09:45,0.0
2025-08-29 10:00,0.000848
2025-08-29 10:15,0.0
2025-08-29 10:30,0.000905
2025-08-29 10:45,0.028633
2025-08-29 11:00,0.0
2025-08-29 11:15,0.017432
2025-08-29 11:30,0.007061
2025-08-29 11:45,0.014316
2025-08-29 12:00,0.007273
2025-08-29 12:15,0.003413
2025-08-29 12:30,0.0
2025-08-29 12:45,0.033397
2025-08-29 13:00,0.0
2025-08-29 13:15,0.0
2025-08-29 13:30,0.0
2025-08-29 13:45,0.088899
2025-08-29 14:00,0.0
2025-08-29 14:15,0.057265
2025-08-29 14:30,0.191965
2025-08-29 14:45,0.187171
2025-08-29 15:00,0.234284
2025-08-29 15:15,0.054436
2025-08-29 15:30,0.003699
2025-08-29 15:45,0.606405
2025-08-29 16:00,0.382366
2025-08-29 16:15,0.117102
2025-08-29 16:30,0.179544
2025-08-29 16:45,0.665474
2025-08-29 17:00,0.879056
2025-08-29 17:15,0.570803
2025-08-29 17:30,1.0
2025-08-29 17:45,0.090181
2025-08-29 18:00,0.0
2025-08-29 18:15,0.0
2025-08-29 18:30,0.0
2025-08-29 18:45,0.0
2025-08-29 19:00,0.0
2025-08-29 19:15,0.0
2025-08-29 19:30,0.007845
2025-08-29 19:45,0.0
2025-08-29 20:00,0.0
2025-08-29 20:15,0.0
2025-08-29 20:30,0.0
2025-08-29 20:45,0.0
2025-08-29 21:00,0.079862
2025-08-29 21:15,0.000538
2025-08-29 21:30,0.000366
2025-08-29 21:45,0.010898
2025-08-29 22:00,0.007158
2025-08-29 22:15,0.000355
2025-08-29 22:30,0.001197
2025-08-29 22:45,0.002783
2025-08-29 23:00,0.353922
2025-08-29 23:15,0.000424
2025-08-29 23:30,0.023696
2025-08-29 23:45,0.000475
2025-08-30 00:00,0.0
2025-08-30 00:15,0.101205
2025-08-30 00:30,0.154021
2025-08-30 00:45,0.036781
2025-08-30 01:00,0.007158
2025-08-30 01:15,0.001437
2025-08-30 01:30,0.0
2025-08-30 01:45,0.0
2025-08-30 02:00,0.0
2025-08-30 02:15,0.003636
2025-08-30 02:30,0.001729
2025-08-30 02:45,0.000492
2025-08-30 03:00,0.006551
2025-08-30 03:15,0.0
2025-08-30 03:30,0.0348
2025-08-30 03:45,0.015164
2025-08-30 04:00,0.018268
2025-08-30 04:15,0.002405
2025-08-30 04:30,0.084718
2025-08-30 04:45,0.001546
2025-08-30 05:00,0.167879
2025-08-30 05:15,0.00055
2025-08-30 05:30,0.0
2025-08-30 05:45,0.014316
2025-08-30 06:00,0.0
2025-08-30 06:15,0.006551
2025-08-30 06:30,0.002943
2025-08-30 06:45,0.0
2025-08-30 07:00,0.000848
2025-08-30 07:15,0.0
2025-08-30 07:30,0.000481
2025-08-30 07:45,0.001168
2025-08-30 08:00,0.031152
2025-08-30 08:15,0.187721
2025-08-30 08:30,0.100438
2025-08-30 08:45,0.102379
2025-08-30 09:00,0.192623
2025-08-30 09:15,0.214699
2025-08-30 09:30,0.060209
2025-08-30 09:45,0.141886
2025-08-30 10:00,0.046339
2025-08-30 10:15,0.0
2025-08-30 10:30,0.024406
2025-08-30 10:45,0.01675
2025-08-30 11:00,0.014316
2025-08-30 11:15,0.00311
2025-08-30 11:30,0.0
2025-08-30 11:45,0.155321
2025-08-30 12:00,0.000968
2025-08-30 12:15,0.157485
2025-08-30 12:30,0.022288
2025-08-30 12:45,0.000727
2025-08-30 13:00,0.064275
2025-08-30 13:15,0.082061
2025-08-30 13:30,0.053978
2025-08-30 13:45,0.03547
2025-08-30 14:00,0.073357
2025-08-30 14:15,0.094018
2025-08-30 14:30,0.059533
2025-08-30 14:45,0.2527
2025-08-30 15:00,0.226879
2025-08-30 15:15,0.151833
2025-08-30 15:30,0.007857
2025-08-30 15:45,0.008716
2025-08-30 16:00,0.052673
2025-08-30 16:15,0.090588
2025-08-30 16:30,0.214916
2025-08-30 16:45,0.218123
2025-08-30 17:00,0.045148
2025-08-30 17:15,0.071393
2025-08-30 17:30,0.029188
2025-08-30 17:45,0.042147
2025-08-30 18:00,0.079163
2025-08-30 18:15,0.016773
2025-08-30 18:30,0.080967
2025-08-30 18:45,0.000544
2025-08-30 19:00,0.0
2025-08-30 19:15,0.0
2025-08-30 19:30,0.006551
2025-08-30 19:45,0.0
2025-08-30 20:00,0.007026
2025-08-30 20:15,0.0
2025-08-30 20:30,0.015954
2025-08-30 20:45,0.0
2025-08-30 21:00,0.0
2025-08-30 21:15,0.033386
2025-08-30 21:30,0.000492
2025-08-30 21:45,0.0
2025-08-30 22:00,0.0
2025-08-30 22:15,0.005383
2025-08-30 22:30,0.089242
2025-08-30 22:45,0.0
2025-08-30 23:00,0.014316
2025-08-30 23:15,0.015485
2025-08-30 23:30,0.058462
2025-08-30 23:45,0.013709
2025-08-31 00:00,0.177356
2025-08-31 00:15,0.267056
2025-08-31 00:30,0.271076
2025-08-31 00:45,0.180128
2025-08-31 01:00,0.192468
2025-08-31 01:15,0.188242
2025-08-31 01:30,0.122513
2025-08-31 01:45,0.318475
2025-08-31 02:00,0.229565
2025-08-31 02:15,0.397226
2025-08-31 02:30,0.279918
2025-08-31 02:45,0.273802
2025-08-31 03:00,0.3381
2025-08-31 03:15,0.640082
2025-08-31 03:30,0.25128
2025-08-31 03:45,0.286154
2025-08-31 04:00,0.273619
2025-08-31 04:15,0.039868
2025-08-31 04:30,0.064051
2025-08-31 04:45,0.141995
2025-08-31 05:00,0.066296
2025-08-31 05:15,0.0
2025-08-31 05:30,0.069239
2025-08-31 05:45,0.204414
2025-08-31 06:00,0.0
2025-08-31 06:15,0.202599
2025-08-31 06:30,0.195675
2025-08-31 06:45,0.291194
2025-08-31 07:00,0.049437
2025-08-31 07:15,0.119049
2025-08-31 07:30,0.160102
2025-08-31 07:45,0.136761
2025-08-31 08:00,0.084438
2025-08-31 08:15,0.129981
2025-08-31 08:30,0.219263
2025-08-31 08:45,0.321029
2025-08-31 09:00,0.396046
2025-08-31 09:15,0.229193
2025-08-31 09:30,0.026147
2025-08-31 09:45,0.186146
2025-08-31 10:00,0.060472
2025-08-31 10:15,0.073179
2025-08-31 10:30,0.029543
2025-08-31 10:45,0.043819
2025-08-31 11:00,0.0
2025-08-31 11:15,0.030946
2025-08-31 11:30,0.15981
2025-08-31 11:45,0.029904
2025-08-31 12:00,0.219446
2025-08-31 12:15,0.103513
2025-08-31 12:30,0.101474
2025-08-31 12:45,0.12501
2025-08-31 13:00,0.077228
2025-08-31 13:15,0.081683
2025-08-31 13:30,0.100661
2025-08-31 13:45,0.361922
2025-08-31 14:00,0.093239
2025-08-31 14:15,0.208789
2025-08-31 14:30,0.118018
2025-08-31 14:45,0.341616
2025-08-31 15:00,0.441126
2025-08-31 15:15,0.461879
2025-08-31 15:30,0.483307
2025-08-31 15:45,0.540515
2025-08-31 16:00,0.528673
2025-08-31 16:15,0.555187
2025-08-31 16:30,0.058857
2025-08-31 16:45,0.0
2025-08-31 17:00,0.031748
2025-08-31 17:15,0.005343
2025-08-31 17:30,0.0
2025-08-31 17:45,0.008716
2025-08-31 18:00,0.0
2025-08-31 18:15,0.0
2025-08-31 18:30,0.00047
2025-08-31 18:45,0.0
2025-08-31 19:00,0.0
2025-08-31 19:15,0.0
2025-08-31 19:30,0.017432
2025-08-31 19:45,0.0
2025-08-31 20:00,0.0
2025-08-31 20:15,0.008716
2025-08-31 20:30,0.0
2025-08-31 20:45,0.0
2025-08-31 21:00,0.0
2025-08-31 21:15,0.0
2025-08-31 21:30,0.000561
2025-08-31 21:45,0.000452
2025-08-31 22:00,0.001947
2025-08-31 22:15,0.005343
2025-08-31 22:30,0.0
2025-08-31 22:45,0.279804
2025-08-31 23:00,0.084054
2025-08-31 23:15,0.437661
2025-08-31 23:30,0.043796
2025-08-31 23:45,0.000836
2025-09-01 00:00,0.0
2025-09-01 00:15,0.02459
2025-09-01 00:30,0.014316
2025-09-01 00:45,0.013102
2025-09-01 01:00,0.004856
2025-09-01 01:15,0.008716
2025-09-01 01:30,0.022425
2025-09-01 01:45,0.0
2025-09-01 02:00,0.008063
2025-09-01 02:15,0.02207
2025-09-01 02:30,0.036215
2025-09-01 02:45,0.008298
2025-09-01 03:00,0.008063
2025-09-01 03:15,0.017798
2025-09-01 03:30,0.054448
2025-09-01 03:45,0.038471
2025-09-01 04:00,0.024384
2025-09-01 04:15,0.00047
2025-09-01 04:30,0.0
2025-09-01 04:45,0.0
2025-09-01 05:00,0.017432
2025-09-01 05:15,0.0
2025-09-01 05:30,0.006551
2025-09-01 05:45,0.032532
2025-09-01 06:00,0.005314
2025-09-01 06:15,0.040996
2025-09-01 06:30,0.006551
2025-09-01 06:45,0.016321
2025-09-01 07:00,0.025283
2025-09-01 07:15,0.014007
2025-09-01 07:30,0.008355
2025-09-01 07:45,0.018279
2025-09-01 08:00,0.007141
2025-09-01 08:15,0.014316
2025-09-01 08:30,0.018153
2025-09-01 08:45,0.008051
2025-09-01 09:00,0.017741
2025-09-01 09:15,0.020661
2025-09-01 09:30,0.052031
2025-09-01 09:45,0.0
2025-09-01 10:00,0.00914
2025-09-01 10:15,0.093056
2025-09-01 10:30,0.017432
2025-09-01 10:45,0.027046
2025-09-01 11:00,0.002268
2025-09-01 11:15,0.010262
2025-09-01 11:30,0.000424
2025-09-01 11:45,0.001168
2025-09-01 12:00,0.035608
2025-09-01 12:15,0.00055
2025-09-01 12:30,0.1403
2025-09-01 12:45,0.097173
2025-09-01 13:00,0.015605
2025-09-01 13:15,0.017432
2025-09-01 13:30,0.051
2025-09-01 13:45,0.043499
2025-09-01 14:00,0.16935
2025-09-01 14:15,0.253256
2025-09-01 14:30,0.102127
2025-09-01 14:45,0.0
2025-09-01 15:00,0.092449
2025-09-01 15:15,0.017432
2025-09-01 15:30,0.038803
2025-09-01 15:45,0.010147
2025-09-01 16:00,0.018279
2025-09-01 16:15,0.000447
2025-09-01 16:30,0.031731
2025-09-01 16:45,0.064332
2025-09-01 17:00,0.000424
2025-09-01 17:15,0.000848
2025-09-01 17:30,0.008429
2025-09-01 17:45,0.007158
2025-09-01 18:00,0.0
2025-09-01 18:15,0.0
2025-09-01 18:30,0.0
2025-09-01 18:45,0.0
2025-09-01 19:00,0.0
2025-09-01 19:15,0.0
2025-09-01 19:30,0.0
2025-09-01 19:45,0.0
2025-09-01 20:00,0.0
2025-09-01 20:15,0.0
2025-09-01 20:30,0.00914
2025-09-01 20:45,0.087959
2025-09-01 21:00,0.027842
2025-09-01 21:15,0.0
2025-09-01 21:30,0.032069
2025-09-01 21:45,0.002749
2025-09-01 22:00,0.023971
2025-09-01 22:15,0.02948
2025-09-01 22:30,0.026405
2025-09-01 22:45,0.028255
2025-09-01 23:00,0.035333
2025-09-01 23:15,0.081265
2025-09-01 23:30,0.0
2025-09-01 23:45,0.064446
2025-09-02 00:00,0.008429
2025-09-02 00:15,0.052363
2025-09-02 00:30,0.027207
2025-09-02 00:45,0.051281
2025-09-02 01:00,0.024704
2025-09-02 01:15,0.064194
2025-09-02 01:30,0.008223
2025-09-02 01:45,0.016653
2025-09-02 02:00,0.0268
2025-09-02 02:15,0.027842
2025-09-02 02:30,0.014316
2025-09-02 02:45,0.007651
2025-09-02 03:00,0.028633
2025-09-02 03:15,0.025157
2025-09-02 03:30,0.049145
2025-09-02 03:45,0.00118
2025-09-02 04:00,0.03898
2025-09-02 04:15,0.019115
2025-09-02 04:30,0.017701
2025-09-02 04:45,0.020787
2025-09-02 05:00,0.031439
2025-09-02 05:15,0.0
2025-09-02 05:30,0.046081
2025-09-02 05:45,0.089477
2025-09-02 06:00,0.066067
2025-09-02 06:15,0.008716
2025-09-02 06:30,0.001065
2025-09-02 06:45,0.017432
2025-09-02 07:00,0.002829
2025-09-02 07:15,0.000355
2025-09-02 07:30,0.028707
2025-09-02 07:45,0.007158
2025-09-02 08:00,0.013996
2025-09-02 08:15,0.017432
2025-09-02 08:30,0.009288
2025-09-02 08:45,0.015467
2025-09-02 09:00,0.0
2025-09-02 09:15,0.053222
2025-09-02 09:30,0.021681
2025-09-02 09:45,0.045955
2025-09-02 10:00,0.025437
2025-09-02 10:15,0.063564
2025-09-02 10:30,0.000848
2025-09-02 10:45,0.016229
2025-09-02 11:00,0.01474
2025-09-02 11:15,0.029635
2025-09-02 11:30,0.068489
2025-09-02 11:45,0.171166
2025-09-02 12:00,0.017432
2025-09-02 12:15,0.0
2025-09-02 12:30,0.045474
2025-09-02 12:45,0.09553
2025-09-02 13:00,0.031748
2025-09-02 13:15,0.099126
2025-09-02 13:30,0.023519
2025-09-02 13:45,0.011951
2025-09-02 14:00,0.08946
2025-09-02 14:15,0.055742
2025-09-02 14:30,0.0
2025-09-02 14:45,0.269799
2025-09-02 15:00,0.372236
2025-09-02 15:15,0.172282
2025-09-02 15:30,0.04532
2025-09-02 15:45,0.01119
2025-09-02 16:00,0.040206
2025-09-02 16:15,0.026365
2025-09-02 16:30,0.000802
2025-09-02 16:45,0.0
2025-09-02 17:00,0.0
2025-09-02 17:15,0.0
2025-09-02 17:30,0.018004
2025-09-02 17:45,0.016744
2025-09-02 18:00,0.0
2025-09-02 18:15,0.000601
2025-09-02 18:30,0.0
2025-09-02 18:45,0.0
2025-09-02 19:00,0.000848
2025-09-02 19:15,0.007444
2025-09-02 19:30,0.000424
2025-09-02 19:45,0.000424
2025-09-02 20:00,0.0
2025-09-02 20:15,0.017432
2025-09-02 20:30,0.0
2025-09-02 20:45,0.0
2025-09-02 21:00,0.0
2025-09-02 21:15,0.0
2025-09-02 21:30,0.0
2025-09-02 21:45,0.0
2025-09-02 22:00,0.001695
2025-09-02 22:15,0.040687
2025-09-02 22:30,0.305464
2025-09-02 22:45,0.000939
2025-09-02 23:00,0.004638
2025-09-02 23:15,0.112847
2025-09-02 23:30,0.029205
2025-09-02 23:45,0.0
2025-09-03 00:00,0.0
2025-09-03 00:00,0.0
2025-09-03 00:15,0.000932
2025-09-03 00:30,0.001661
2025-09-03 00:45,0.001852
2025-09-03 01:00,0.0
2025-09-03 01:15,0.0
2025-09-03 01:30,0.001975
2025-09-03 01:45,0.043483
2025-09-03 02:00,0.0
2025-09-03 02:15,0.018733
2025-09-03 02:30,0.01522
2025-09-03 02:45,0.001571
2025-09-03 03:00,0.014726
2025-09-03 03:15,0.0
2025-09-03 03:30,0.001179
2025-09-03 03:45,0.028061
2025-09-03 04:00,0.000696
2025-09-03 04:15,0.034167
2025-09-03 04:30,0.034167
2025-09-03 04:45,0.0
2025-09-03 05:00,0.0
2025-09-03 05:15,0.001167
2025-09-03 05:30,0.000831
2025-09-03 05:45,0.001448
2025-09-03 06:00,0.033269
2025-09-03 06:15,0.057187
2025-09-03 06:30,0.056121
2025-09-03 06:45,0.031563
2025-09-03 07:00,0.0
2025-09-03 07:15,0.0
2025-09-03 07:30,0.0
2025-09-03 07:45,0.0
2025-09-03 08:00,0.049027
2025-09-03 08:15,0.0
2025-09-03 08:30,0.032775
2025-09-03 08:45,0.034975
2025-09-03 09:00,0.171663
2025-09-03 09:15,0.140628
2025-09-03 09:30,0.001526
2025-09-03 09:45,0.007475
2025-09-03 10:00,0.01403
2025-09-03 10:15,0.001975
2025-09-03 10:30,0.0
2025-09-03 10:45,0.0
2025-09-03 11:00,0.0
2025-09-03 11:15,0.0
2025-09-03 11:30,0.001571
2025-09-03 11:45,0.001246
2025-09-03 12:00,0.002424
2025-09-03 12:15,0.018879
2025-09-03 12:30,0.073642
2025-09-03 12:45,0.086225
2025-09-03 13:00,0.0
2025-09-03 13:15,0.0
2025-09-03 13:30,0.00596
2025-09-03 13:45,0.024873
2025-09-03 14:00,0.003334
2025-09-03 14:15,0.002514
2025-09-03 14:30,0.0
2025-09-03 14:45,0.028554
2025-09-03 15:00,0.0
2025-09-03 15:15,0.0
2025-09-03 15:30,0.489545
2025-09-03 15:45,0.0
2025-09-03 16:00,0.068333
2025-09-03 16:15,0.0
2025-09-03 16:30,0.0
2025-09-03 16:45,0.002784
2025-09-03 17:00,0.034167
2025-09-03 17:15,0.0
2025-09-03 17:30,0.010304
2025-09-03 17:45,0.034167
2025-09-03 18:00,0.0
2025-09-03 18:15,0.0
2025-09-03 18:30,0.0
2025-09-03 18:45,0.0
2025-09-03 19:00,0.0
2025-09-03 19:15,0.0
2025-09-03 19:30,0.0
2025-09-03 19:45,0.0
2025-09-03 20:00,0.000831
2025-09-03 20:15,0.0
2025-09-03 20:30,0.001998
2025-09-03 20:45,0.0
2025-09-03 21:00,0.0
2025-09-03 21:15,0.0
2025-09-03 21:30,0.01403
2025-09-03 21:45,0.0
2025-09-03 22:00,0.0
2025-09-03 22:15,0.059331
2025-09-03 22:30,0.001684
2025-09-03 22:45,0.0
2025-09-03 23:00,0.01403
2025-09-03 23:15,0.210914
2025-09-03 23:30,0.284826
2025-09-03 23:45,0.086337
2025-09-04 00:00,0.0
2025-09-04 00:15,0.0
2025-09-04 00:30,0.001571
2025-09-04 00:45,0.0
2025-09-04 01:00,0.0
2025-09-04 01:15,0.0
2025-09-04 01:30,0.0
2025-09-04 01:45,0.0
2025-09-04 02:00,0.0
2025-09-04 02:15,0.0
2025-09-04 02:30,0.0
2025-09-04 02:45,0.0
2025-09-04 03:00,0.0
2025-09-04 03:15,0.014591
2025-09-04 03:30,0.028061
2025-09-04 03:45,0.0
2025-09-04 04:00,0.0
2025-09-04 04:15,0.00211
2025-09-04 04:30,0.0
2025-09-04 04:45,0.0
2025-09-04 05:00,0.000718
2025-09-04 05:15,0.0
2025-09-04 05:30,0.0
2025-09-04 05:45,0.0
2025-09-04 06:00,0.0
2025-09-04 06:15,0.0
2025-09-04 06:30,0.001021
2025-09-04 06:45,0.23242
2025-09-04 07:00,0.062766
2025-09-04 07:15,0.173459
2025-09-04 07:30,0.105126
2025-09-04 07:45,0.171663
2025-09-04 08:00,0.139158
2025-09-04 08:15,0.024996
2025-09-04 08:30,0.154445
2025-09-04 08:45,0.093677
2025-09-04 09:00,0.24223
2025-09-04 09:15,0.295242
2025-09-04 09:30,0.001863
2025-09-04 09:45,0.045671
2025-09-04 10:00,0.0
2025-09-04 10:15,0.028061
2025-09-04 10:30,0.01513
2025-09-04 10:45,0.038129
2025-09-04 11:00,0.230669
2025-09-04 11:15,0.0
2025-09-04 11:30,0.0
2025-09-04 11:45,0.0
2025-09-04 12:00,0.0
2025-09-04 12:15,0.0
2025-09-04 12:30,0.00348
2025-09-04 12:45,0.001695
2025-09-04 13:00,0.0
2025-09-04 13:15,0.003322
2025-09-04 13:30,0.0
2025-09-04 13:45,0.184751
2025-09-04 14:00,0.052945
2025-09-04 14:15,0.005859
2025-09-04 14:30,0.180665
2025-09-04 14:45,0.024547
2025-09-04 15:00,0.002941
2025-09-04 15:15,0.123646
2025-09-04 15:30,0.160462
2025-09-04 15:45,0.160316
2025-09-04 16:00,0.220623
2025-09-04 16:15,0.293132
2025-09-04 16:30,0.002267
2025-09-04 16:45,0.028061
2025-09-04 17:00,0.0
2025-09-04 17:15,0.0
2025-09-04 17:30,0.00523
2025-09-04 17:45,0.0
2025-09-04 18:00,0.0
2025-09-04 18:15,0.001145
2025-09-04 18:30,0.0
2025-09-04 18:45,0.0
2025-09-04 19:00,0.042091
2025-09-04 19:15,0.0
2025-09-04 19:30,0.0
2025-09-04 19:45,0.0
2025-09-04 20:00,0.012863
2025-09-04 20:15,0.0
2025-09-04 20:30,0.0
2025-09-04 20:45,0.0
2025-09-04 21:00,0.095518
2025-09-04 21:15,0.030395
2025-09-04 21:30,0.0
2025-09-04 21:45,0.0
2025-09-04 22:00,0.0
2025-09-04 22:15,0.095451
2025-09-04 22:30,0.0
2025-09-04 22:45,0.0
2025-09-04 23:00,0.0
2025-09-04 23:15,0.461338
2025-09-04 23:30,0.317376
2025-09-04 23:45,0.025075
2025-09-05 00:00,0.087078
2025-09-05 00:15,0.006959
2025-09-05 00:30,0.035603
2025-09-05 00:45,0.4322
2025-09-05 01:00,0.301168
2025-09-05 01:15,0.002222
2025-09-05 01:30,0.0
2025-09-05 01:45,0.0
2025-09-05 02:00,0.226662
2025-09-05 02:15,0.186479
2025-09-05 02:30,0.034167
2025-09-05 02:45,0.0
2025-09-05 03:00,0.10324
2025-09-05 03:15,0.0
2025-09-05 03:30,0.098953
2025-09-05 03:45,0.001437
2025-09-05 04:00,0.0
2025-09-05 04:15,0.0
2025-09-05 04:30,0.028061
2025-09-05 04:45,0.0
2025-09-05 05:00,0.0
2025-09-05 05:15,0.0
2025-09-05 05:30,0.0
2025-09-05 05:45,0.0
2025-09-05 06:00,0.0
2025-09-05 06:15,0.0
2025-09-05 06:30,0.029127
2025-09-05 06:45,0.0
2025-09-05 07:00,0.0
2025-09-05 07:15,0.012616
2025-09-05 07:30,0.0
2025-09-05 07:45,0.0
2025-09-05 08:00,0.0
2025-09-05 08:15,0.067054
2025-09-05 08:30,0.0
2025-09-05 08:45,0.0
2025-09-05 09:00,0.029744
2025-09-05 09:15,0.018251
2025-09-05 09:30,0.0
2025-09-05 09:45,0.0
2025-09-05 10:00,0.011325
2025-09-05 10:15,0.017914
2025-09-05 10:30,0.0
2025-09-05 10:45,0.023908
2025-09-05 11:00,0.0
2025-09-05 11:15,0.045144
2025-09-05 11:30,0.001661
2025-09-05 11:45,0.056121
2025-09-05 12:00,0.00284
2025-09-05 12:15,0.000831
2025-09-05 12:30,0.0
2025-09-05 12:45,0.007127
2025-09-05 13:00,0.0
2025-09-05 13:15,0.001751
2025-09-05 13:30,0.001122
2025-09-05 13:45,0.0
2025-09-05 14:00,0.0
2025-09-05 14:15,0.0
2025-09-05 14:30,0.0
2025-09-05 14:45,0.01641
2025-09-05 15:00,0.0
2025-09-05 15:15,0.053472
2025-09-05 15:30,0.215258
2025-09-05 15:45,0.0
2025-09-05 16:00,0.001841
2025-09-05 16:15,0.0
2025-09-05 16:30,0.069422
2025-09-05 16:45,0.099873
2025-09-05 17:00,0.017712
2025-09-05 17:15,0.0
2025-09-05 17:30,0.0
2025-09-05 17:45,0.14752
2025-09-05 18:00,0.0
2025-09-05 18:15,0.000831
2025-09-05 18:30,0.0
2025-09-05 18:45,0.0
2025-09-05 19:00,0.0
2025-09-05 19:15,0.001066
2025-09-05 19:30,0.0
2025-09-05 19:45,0.0
2025-09-05 20:00,0.0
2025-09-05 20:15,0.0
2025-09-05 20:30,0.0
2025-09-05 20:45,0.0
2025-09-05 21:00,0.0
2025-09-05 21:15,0.0
2025-09-05 21:30,0.01403
2025-09-05 21:45,0.0
2025-09-05 22:00,0.00092
2025-09-05 22:15,0.001066
2025-09-05 22:30,0.000808
2025-09-05 22:45,0.0
2025-09-05 23:00,0.001661
2025-09-05 23:15,0.000831
2025-09-05 23:30,0.019755
2025-09-05 23:45,0.045537
2025-09-06 00:00,0.03686
2025-09-06 00:15,0.001661
2025-09-06 00:30,0.036322
2025-09-06 00:45,0.028061
2025-09-06 01:00,0.011123
2025-09-06 01:15,0.0
2025-09-06 01:30,0.046322
2025-09-06 01:45,0.104587
2025-09-06 02:00,0.130583
2025-09-06 02:15,0.099503
2025-09-06 02:30,0.034167
2025-09-06 02:45,0.076785
2025-09-06 03:00,0.052137
2025-09-06 03:15,0.117203
2025-09-06 03:30,0.10562
2025-09-06 03:45,0.084204
2025-09-06 04:00,0.559561
2025-09-06 04:15,0.824936
2025-09-06 04:30,0.085113
2025-09-06 04:45,0.1191
2025-09-06 05:00,0.078693
2025-09-06 05:15,0.0
2025-09-06 05:30,0.0
2025-09-06 05:45,0.0
2025-09-06 06:00,0.087751
2025-09-06 06:15,0.070645
2025-09-06 06:30,0.031327
2025-09-06 06:45,0.134287
2025-09-06 07:00,0.378043
2025-09-06 07:15,0.184459
2025-09-06 07:30,0.370153
2025-09-06 07:45,0.192877
2025-09-06 08:00,0.124735
2025-09-06 08:15,0.162965
2025-09-06 08:30,0.061082
2025-09-06 08:45,0.169621
2025-09-06 09:00,0.38663
2025-09-06 09:15,0.162718
2025-09-06 09:30,0.103341
2025-09-06 09:45,1.0
2025-09-06 10:00,0.189095
2025-09-06 10:15,0.086314
2025-09-06 10:30,0.042764
2025-09-06 10:45,0.061385
2025-09-06 11:00,0.169935
2025-09-06 11:15,0.017959
2025-09-06 11:30,0.0
2025-09-06 11:45,0.000831
2025-09-06 12:00,0.011898
2025-09-06 12:15,0.017083
2025-09-06 12:30,0.017038
2025-09-06 12:45,0.130392
2025-09-06 13:00,0.009226
2025-09-06 13:15,0.186838
2025-09-06 13:30,0.105665
2025-09-06 13:45,0.085832
2025-09-06 14:00,0.005466
2025-09-06 14:15,0.006577
2025-09-06 14:30,0.068333
2025-09-06 14:45,0.002133
2025-09-06 15:00,0.007958
2025-09-06 15:15,0.001437
2025-09-06 15:30,0.035087
2025-09-06 15:45,0.009675
2025-09-06 16:00,0.268977
2025-09-06 16:15,0.823039
2025-09-06 16:30,0.261435
2025-09-06 16:45,0.566184
2025-09-06 17:00,0.369075
2025-09-06 17:15,0.353788
2025-09-06 17:30,0.004478
2025-09-06 17:45,0.0
2025-09-06 18:00,0.19914
2025-09-06 18:15,0.075404
2025-09-06 18:30,0.379558
2025-09-06 18:45,0.341374
2025-09-06 19:00,0.549796
2025-09-06 19:15,0.373194
2025-09-06 19:30,0.0
2025-09-06 19:45,0.0
2025-09-06 20:00,0.0
2025-09-06 20:15,0.0
2025-09-06 20:30,0.0
2025-09-06 20:45,0.002043
2025-09-06 21:00,0.0
2025-09-06 21:15,0.030305
2025-09-06 21:30,0.0
2025-09-06 21:45,0.003592
2025-09-06 22:00,0.08123
2025-09-06 22:15,0.034885
2025-09-06 22:30,0.0
2025-09-06 22:45,0.028061
2025-09-06 23:00,0.499557
2025-09-06 23:15,0.5358
2025-09-06 23:30,0.11882
2025-09-06 23:45,0.000831
2025-09-07 00:00,0.015602
2025-09-07 00:15,0.303952
2025-09-07 00:30,0.297319
2025-09-07 00:45,0.002615
2025-09-07 01:00,0.00211
2025-09-07 01:15,0.034167
2025-09-07 01:30,0.051385
2025-09-07 01:45,0.010214
2025-09-07 02:00,0.0
2025-09-07 02:15,0.03915
2025-09-07 02:30,0.143401
2025-09-07 02:45,0.059331
2025-09-07 03:00,0.002177
2025-09-07 03:15,0.359849
2025-09-07 03:30,0.193921
2025-09-07 03:45,0.624157
2025-09-07 04:00,0.75245
2025-09-07 04:15,0.629466
2025-09-07 04:30,0.160776
2025-09-07 04:45,0.214978
2025-09-07 05:00,0.05813
2025-09-07 05:15,0.022819
2025-09-07 05:30,0.02494
2025-09-07 05:45,0.021988
2025-09-07 06:00,0.00275
2025-09-07 06:15,0.017083
2025-09-07 06:30,0.002177
2025-09-07 06:45,0.01403
2025-09-07 07:00,0.025232
2025-09-07 07:15,0.019014
2025-09-07 07:30,0.002245
2025-09-07 07:45,0.122232
2025-09-07 08:00,0.018172
2025-09-07 08:15,0.05804
2025-09-07 08:30,0.08985
2025-09-07 08:45,0.028061
2025-09-07 09:00,0.058388
2025-09-07 09:15,0.140179
2025-09-07 09:30,0.057165
2025-09-07 09:45,0.043595
2025-09-07 10:00,0.006735
2025-09-07 10:15,0.035199
2025-09-07 10:30,0.0
2025-09-07 10:45,0.0
2025-09-07 11:00,0.200027
2025-09-07 11:15,0.097539
2025-09-07 11:30,0.038768
2025-09-07 11:45,0.0
2025-09-07 12:00,0.013738
2025-09-07 12:15,0.0
2025-09-07 12:30,0.0
2025-09-07 12:45,0.369569
2025-09-07 13:00,0.140303
2025-09-07 13:15,0.00147
2025-09-07 13:30,0.001796
2025-09-07 13:45,0.078031
2025-09-07 14:00,0.001538
2025-09-07 14:15,0.122389
2025-09-07 14:30,0.0871
2025-09-07 14:45,0.209781
2025-09-07 15:00,0.535766
2025-09-07 15:15,0.402377
2025-09-07 15:30,0.389627
2025-09-07 15:45,0.086022
2025-09-07 16:00,0.036569
2025-09-07 16:15,0.106731
2025-09-07 16:30,0.112242
2025-09-07 16:45,0.01513
2025-09-07 17:00,0.100075
2025-09-07 17:15,0.099312
2025-09-07 17:30,0.000831
2025-09-07 17:45,0.0
2025-09-07 18:00,0.001661
2025-09-07 18:15,0.0
2025-09-07 18:30,0.0
2025-09-07 18:45,0.0
2025-09-07 19:00,0.0
2025-09-07 19:15,0.0
2025-09-07 19:30,0.0
2025-09-07 19:45,0.0
2025-09-07 20:00,0.0
2025-09-07 20:15,0.0
2025-09-07 20:30,0.0
2025-09-07 20:45,0.0
2025-09-07 21:00,0.0
2025-09-07 21:15,0.009496
2025-09-07 21:30,0.0
2025-09-07 21:45,0.014939
2025-09-07 22:00,0.0
2025-09-07 22:15,0.014042
2025-09-07 22:30,0.017914
2025-09-07 22:45,0.0
2025-09-07 23:00,0.214944
2025-09-07 23:15,0.505809
2025-09-07 23:30,0.001021
2025-09-07 23:45,0.004232
2025-09-08 00:00,0.071644
2025-09-08 00:15,0.017083
2025-09-08 00:30,0.0
2025-09-08 00:45,0.0
2025-09-08 01:00,0.098335
2025-09-08 01:15,0.0
2025-09-08 01:30,0.0
2025-09-08 01:45,0.0
2025-09-08 02:00,0.0
2025-09-08 02:15,0.000831
2025-09-08 02:30,0.001021
2025-09-08 02:45,0.020451
2025-09-08 03:00,0.035087
2025-09-08 03:15,0.0
2025-09-08 03:30,0.0
2025-09-08 03:45,0.0
2025-09-08 04:00,0.0
2025-09-08 04:15,0.006488
2025-09-08 04:30,0.0
2025-09-08 04:45,0.00092
2025-09-08 05:00,0.0
2025-09-08 05:15,0.001975
2025-09-08 05:30,0.021371
2025-09-08 05:45,0.0
2025-09-08 06:00,0.0
2025-09-08 06:15,0.0
2025-09-08 06:30,0.001089
2025-09-08 06:45,0.066537
2025-09-08 07:00,0.085416
2025-09-08 07:15,0.0
2025-09-08 07:30,0.017083
2025-09-08 07:45,0.001066
2025-09-08 08:00,0.0
2025-09-08 08:15,0.000831
2025-09-08 08:30,0.050812
2025-09-08 08:45,0.019597
2025-09-08 09:00,0.136531
2025-09-08 09:15,0.0
2025-09-08 09:30,0.0
2025-09-08 09:45,0.049577
2025-09-08 10:00,0.0
2025-09-08 10:15,0.0
2025-09-08 10:30,0.034997
2025-09-08 10:45,0.01641
2025-09-08 11:00,0.036277
2025-09-08 11:15,0.0
2025-09-08 11:30,0.00559
2025-09-08 11:45,0.018744
2025-09-08 12:00,0.00825
2025-09-08 12:15,0.001122
2025-09-08 12:30,0.008328
2025-09-08 12:45,0.136666
2025-09-08 13:00,0.273355
2025-09-08 13:15,0.011741
2025-09-08 13:30,0.164693
2025-09-08 13:45,0.114599
2025-09-08 14:00,0.004759
2025-09-08 14:15,0.502531
2025-09-08 14:30,0.552221
2025-09-08 14:45,0.730226
2025-09-08 15:00,0.376393
2025-09-08 15:15,0.099682
2025-09-08 15:30,0.0
2025-09-08 15:45,0.079411
2025-09-08 16:00,0.136285
2025-09-08 16:15,0.182977
2025-09-08 16:30,0.34391
2025-09-08 16:45,0.110693
2025-09-08 17:00,0.291605
2025-09-08 17:15,0.035132
2025-09-08 17:30,0.004333
2025-09-08 17:45,0.0
2025-09-08 18:00,0.000831
2025-09-08 18:15,0.0
2025-09-08 18:30,0.000831
2025-09-08 18:45,0.0
2025-09-08 19:00,0.000943
2025-09-08 19:15,0.005118
2025-09-08 19:30,0.0
2025-09-08 19:45,0.0
2025-09-08 20:00,0.0
2025-09-08 20:15,0.001729
2025-09-08 20:30,0.0
2025-09-08 20:45,0.0
2025-09-08 21:00,0.0
2025-09-08 21:15,0.0
2025-09-08 21:30,0.017083
2025-09-08 21:45,0.0
2025-09-08 22:00,0.0
2025-09-08 22:15,0.015995
2025-09-08 22:30,0.019025
2025-09-08 22:45,0.04007
2025-09-08 23:00,0.01944
2025-09-08 23:15,0.014962
2025-09-08 23:30,0.034167
2025-09-08 23:45,0.01403
2025-09-09 00:00,0.0
2025-09-09 00:15,0.019575
2025-09-09 00:30,0.001931
2025-09-09 00:45,0.044268
2025-09-09 01:00,0.002357
2025-09-09 01:15,0.028061
2025-09-09 01:30,0.0
2025-09-09 01:45,0.0
2025-09-09 02:00,0.037489
2025-09-09 02:15,0.015804
2025-09-09 02:30,0.0
2025-09-09 02:45,0.0
2025-09-09 03:00,0.0
2025-09-09 03:15,0.0
2025-09-09 03:30,0.0
2025-09-09 03:45,0.001661
2025-09-09 04:00,0.003322
2025-09-09 04:15,0.018744
2025-09-09 04:30,0.0
2025-09-09 04:45,0.001549
2025-09-09 05:00,0.034167
2025-09-09 05:15,0.0
2025-09-09 05:30,0.001179
2025-09-09 05:45,0.035199
2025-09-09 06:00,0.1047
2025-09-09 06:15,0.002638
2025-09-09 06:30,0.000965
2025-09-09 06:45,0.0
2025-09-09 07:00,0.0
2025-09-09 07:15,0.0
2025-09-09 07:30,0.002492
2025-09-09 07:45,0.0
2025-09-09 08:00,0.0
2025-09-09 08:15,0.00642
2025-09-09 08:30,0.001661
2025-09-09 08:45,0.0
2025-09-09 09:00,0.0
2025-09-09 09:15,0.017083
2025-09-09 09:30,0.034862
2025-09-09 09:45,0.001122
2025-09-09 10:00,0.0
2025-09-09 10:15,0.01403
2025-09-09 10:30,0.0
2025-09-09 10:45,0.210544
2025-09-09 11:00,0.0
2025-09-09 11:15,0.034167
2025-09-09 11:30,0.131548
2025-09-09 11:45,0.034167
2025-09-09 12:00,0.001661
2025-09-09 12:15,0.05125
2025-09-09 12:30,0.0
2025-09-09 12:45,0.04621
2025-09-09 13:00,0.087886
2025-09-09 13:15,0.133299
2025-09-09 13:30,0.0
2025-09-09 13:45,0.0
2025-09-09 14:00,0.107259
2025-09-09 14:15,0.218075
2025-09-09 14:30,0.907984
2025-09-09 14:45,0.173684
2025-09-09 15:00,0.0
2025-09-09 15:15,0.0
2025-09-09 15:30,0.088222
2025-09-09 15:45,0.321821
2025-09-09 16:00,0.013985
2025-09-09 16:15,0.092128
2025-09-09 16:30,0.0033
2025-09-09 16:45,0.095698
2025-09-09 17:00,0.275712
2025-09-09 17:15,0.0
2025-09-09 17:30,0.1025
2025-09-09 17:45,0.0
2025-09-09 18:00,0.0
2025-09-09 18:15,0.001571
2025-09-09 18:30,0.0
2025-09-09 18:45,0.0
2025-09-09 19:00,0.0
2025-09-09 19:15,0.0
2025-09-09 19:30,0.0
2025-09-09 19:45,0.0
2025-09-09 20:00,0.0
2025-09-09 20:15,0.0
2025-09-09 20:30,0.017083
2025-09-09 20:45,0.0
2025-09-09 21:00,0.0
2025-09-09 21:15,0.0
2025-09-09 21:30,0.001841
2025-09-09 21:45,0.0
2025-09-09 22:00,0.017083
2025-09-09 22:15,0.028061
2025-09-09 22:30,0.01403
2025-09-09 22:45,0.001987
2025-09-09 23:00,0.088121
2025-09-09 23:15,0.0
2025-09-09 23:30,0.0
2025-09-09 23:45,0.040239
2025-09-10 00:00,0.002458
2025-09-10 00:00,0.001746
2025-09-10 00:15,0.000901
2025-09-10 00:30,0.009967
2025-09-10 00:45,0.012725
2025-09-10 01:00,0.012135
2025-09-10 01:15,0.024031
2025-09-10 01:30,0.00059
2025-09-10 01:45,0.085537
2025-09-10 02:00,0.0
2025-09-10 02:15,0.001355
2025-09-10 02:30,0.062016
2025-09-10 02:45,0.0
2025-09-10 03:00,0.0
2025-09-10 03:15,0.0
2025-09-10 03:30,0.0
2025-09-10 03:45,0.0
2025-09-10 04:00,0.0
2025-09-10 04:15,0.0
2025-09-10 04:30,0.0
2025-09-10 04:45,0.104003
2025-09-10 05:00,0.012135
2025-09-10 05:15,0.0
2025-09-10 05:30,0.0
2025-09-10 05:45,0.036406
2025-09-10 06:00,0.0
2025-09-10 06:15,0.0
2025-09-10 06:30,0.081248
2025-09-10 06:45,0.108931
2025-09-10 07:00,0.00118
2025-09-10 07:15,0.049785
2025-09-10 07:30,0.051491
2025-09-10 07:45,0.0
2025-09-10 08:00,0.0
2025-09-10 08:15,0.002328
2025-09-10 08:30,0.0
2025-09-10 08:45,0.0
2025-09-10 09:00,0.0
2025-09-10 09:15,0.000606
2025-09-10 09:30,0.0
2025-09-10 09:45,0.019933
2025-09-10 10:00,0.122135
2025-09-10 10:15,0.108229
2025-09-10 10:30,0.141462
2025-09-10 10:45,0.175524
2025-09-10 11:00,0.145624
2025-09-10 11:15,0.012725
2025-09-10 11:30,0.08415
2025-09-10 11:45,0.137722
2025-09-10 12:00,0.172446
2025-09-10 12:15,0.001938
2025-09-10 12:30,0.041429
2025-09-10 12:45,0.175667
2025-09-10 13:00,0.0
2025-09-10 13:15,0.002982
2025-09-10 13:30,0.026009
2025-09-10 13:45,0.133616
2025-09-10 14:00,0.109066
2025-09-10 14:15,0.006395
2025-09-10 14:30,0.060557
2025-09-10 14:45,0.061362
2025-09-10 15:00,0.012805
2025-09-10 15:15,0.039866
2025-09-10 15:30,0.082747
2025-09-10 15:45,0.054107
2025-09-10 16:00,0.072812
2025-09-10 16:15,0.033376
2025-09-10 16:30,0.032324
2025-09-10 16:45,0.0
2025-09-10 17:00,0.036406
2025-09-10 17:15,0.012327
2025-09-10 17:30,0.048119
2025-09-10 17:45,0.050742
2025-09-10 18:00,0.00059
2025-09-10 18:15,0.025451
2025-09-10 18:30,0.00118
2025-09-10 18:45,0.00118
2025-09-10 19:00,0.0
2025-09-10 19:15,0.00118
2025-09-10 19:30,0.0
2025-09-10 19:45,0.020723
2025-09-10 20:00,0.05059
2025-09-10 20:15,0.0
2025-09-10 20:30,0.0
2025-09-10 20:45,0.0
2025-09-10 21:00,0.0
2025-09-10 21:15,0.051483
2025-09-10 21:30,0.0
2025-09-10 21:45,0.0
2025-09-10 22:00,0.056419
2025-09-10 22:15,0.012135
2025-09-10 22:30,0.0
2025-09-10 22:45,0.0
2025-09-10 23:00,0.033639
2025-09-10 23:15,0.339422
2025-09-10 23:30,0.0
2025-09-10 23:45,0.0
2025-09-11 00:00,0.071329
2025-09-11 00:15,0.080705
2025-09-11 00:30,0.166083
2025-09-11 00:45,0.056339
2025-09-11 01:00,0.019933
2025-09-11 01:15,0.0
2025-09-11 01:30,0.0
2025-09-11 01:45,0.0
2025-09-11 02:00,0.001116
2025-09-11 02:15,0.000494
2025-09-11 02:30,0.0
2025-09-11 02:45,0.031925
2025-09-11 03:00,0.000877
2025-09-11 03:15,0.001722
2025-09-11 03:30,0.0
2025-09-11 03:45,0.001076
2025-09-11 04:00,0.0
2025-09-11 04:15,0.0
2025-09-11 04:30,0.000813
2025-09-11 04:45,0.0
2025-09-11 05:00,0.0
2025-09-11 05:15,0.0
2025-09-11 05:30,0.002209
2025-09-11 05:45,0.021655
2025-09-11 06:00,0.0
2025-09-11 06:15,0.0
2025-09-11 06:30,0.000742
2025-09-11 06:45,0.0
2025-09-11 07:00,0.0
2025-09-11 07:15,0.152234
2025-09-11 07:30,0.000742
2025-09-11 07:45,0.034237
2025-09-11 08:00,0.020428
2025-09-11 08:15,0.00118
2025-09-11 08:30,0.000726
2025-09-11 08:45,0.0
2025-09-11 09:00,0.0
2025-09-11 09:15,0.024271
2025-09-11 09:30,0.008874
2025-09-11 09:45,0.012135
2025-09-11 10:00,0.095033
2025-09-11 10:15,0.00059
2025-09-11 10:30,0.2065
2025-09-11 10:45,0.183019
2025-09-11 11:00,0.142578
2025-09-11 11:15,0.222367
2025-09-11 11:30,0.00059
2025-09-11 11:45,0.093734
2025-09-11 12:00,0.024271
2025-09-11 12:15,0.180451
2025-09-11 12:30,0.049721
2025-09-11 12:45,0.000989
2025-09-11 13:00,0.0
2025-09-11 13:15,0.001762
2025-09-11 13:30,0.007288
2025-09-11 13:45,0.002974
2025-09-11 14:00,0.092825
2025-09-11 14:15,0.205734
2025-09-11 14:30,0.466963
2025-09-11 14:45,0.829372
2025-09-11 15:00,0.631994
2025-09-11 15:15,0.358638
2025-09-11 15:30,0.268755
2025-09-11 15:45,0.00287
2025-09-11 16:00,0.092107
2025-09-11 16:15,0.061442
2025-09-11 16:30,0.0
2025-09-11 16:45,0.015803
2025-09-11 17:00,0.075467
2025-09-11 17:15,0.100623
2025-09-11 17:30,0.079733
2025-09-11 17:45,0.0
2025-09-11 18:00,0.0
2025-09-11 18:15,0.049721
2025-09-11 18:30,0.012135
2025-09-11 18:45,0.0
2025-09-11 19:00,0.000742
2025-09-11 19:15,0.002113
2025-09-11 19:30,0.00059
2025-09-11 19:45,0.0
2025-09-11 20:00,0.02506
2025-09-11 20:15,0.0
2025-09-11 20:30,0.0
2025-09-11 20:45,0.0
2025-09-11 21:00,0.0
2025-09-11 21:15,0.0
2025-09-11 21:30,0.002089
2025-09-11 21:45,0.0
2025-09-11 22:00,0.0
2025-09-11 22:15,0.012725
2025-09-11 22:30,0.01322
2025-09-11 22:45,0.263365
2025-09-11 23:00,0.367959
2025-09-11 23:15,0.608273
2025-09-11 23:30,0.112152
2025-09-11 23:45,0.152983
2025-09-12 00:00,0.125691
2025-09-12 00:15,0.160933
2025-09-12 00:30,0.098079
2025-09-12 00:45,0.009743
2025-09-12 01:00,0.001547
2025-09-12 01:15,0.050439
2025-09-12 01:30,0.0
2025-09-12 01:45,0.012135
2025-09-12 02:00,0.086717
2025-09-12 02:15,0.195887
2025-09-12 02:30,0.048541
2025-09-12 02:45,0.049426
2025-09-12 03:00,0.026049
2025-09-12 03:15,0.061139
2025-09-12 03:30,0.015779
2025-09-12 03:45,0.0
2025-09-12 04:00,0.048541
2025-09-12 04:15,0.0
2025-09-12 04:30,0.0
2025-09-12 04:45,0.0
2025-09-12 05:00,0.000646
2025-09-12 05:15,0.010461
2025-09-12 05:30,0.0
2025-09-12 05:45,0.0
2025-09-12 06:00,0.0
2025-09-12 06:15,0.039213
2025-09-12 06:30,0.293464
2025-09-12 06:45,0.197705
2025-09-12 07:00,0.112391
2025-09-12 07:15,0.198224
2025-09-12 07:30,0.121943
2025-09-12 07:45,0.1002
2025-09-12 08:00,0.000901
2025-09-12 08:15,0.0
2025-09-12 08:30,0.0
2025-09-12 08:45,0.0
2025-09-12 09:00,0.0
2025-09-12 09:15,0.000734
2025-09-12 09:30,0.000973
2025-09-12 09:45,0.0
2025-09-12 10:00,0.0
2025-09-12 10:15,0.0
2025-09-12 10:30,0.0
2025-09-12 10:45,0.0
2025-09-12 11:00,0.0
2025-09-12 11:15,0.002838
2025-09-12 11:30,0.012135
2025-09-12 11:45,0.0967
2025-09-12 12:00,0.013379
2025-09-12 12:15,0.32806
2025-09-12 12:30,0.092211
2025-09-12 12:45,0.024271
2025-09-12 13:00,0.0
2025-09-12 13:15,0.002456
2025-09-12 13:30,0.043247
2025-09-12 13:45,0.039803
2025-09-12 14:00,0.000749
2025-09-12 14:15,0.037945
2025-09-12 14:30,0.005533
2025-09-12 14:45,0.107599
2025-09-12 15:00,0.220525
2025-09-12 15:15,0.385946
2025-09-12 15:30,0.30741
2025-09-12 15:45,0.0
2025-09-12 16:00,0.323332
2025-09-12 16:15,0.076033
2025-09-12 16:30,0.00177
2025-09-12 16:45,0.068474
2025-09-12 17:00,0.105407
2025-09-12 17:15,0.046237
2025-09-12 17:30,0.00059
2025-09-12 17:45,0.012135
2025-09-12 18:00,0.063148
2025-09-12 18:15,0.0
2025-09-12 18:30,0.014328
2025-09-12 18:45,0.088408
2025-09-12 19:00,0.011386
2025-09-12 19:15,0.024271
2025-09-12 19:30,0.0
2025-09-12 19:45,0.0
2025-09-12 20:00,0.0
2025-09-12 20:15,0.0
2025-09-12 20:30,0.012135
2025-09-12 20:45,0.024271
2025-09-12 21:00,0.0
2025-09-12 21:15,0.0
2025-09-12 21:30,0.0
2025-09-12 21:45,0.012135
2025-09-12 22:00,0.0
2025-09-12 22:15,0.00059
2025-09-12 22:30,0.0
2025-09-12 22:45,0.0
2025-09-12 23:00,0.047816
2025-09-12 23:15,0.085633
2025-09-12 23:30,0.0
2025-09-12 23:45,0.009967
2025-09-13 00:00,0.154705
2025-09-13 00:15,0.090688
2025-09-13 00:30,0.167423
2025-09-13 00:45,0.312425
2025-09-13 01:00,0.121353
2025-09-13 01:15,0.163412
2025-09-13 01:30,0.211236
2025-09-13 01:45,0.370295
2025-09-13 02:00,0.132811
2025-09-13 02:15,0.246454
2025-09-13 02:30,0.449406
2025-09-13 02:45,0.250935
2025-09-13 03:00,0.134669
2025-09-13 03:15,0.063132
2025-09-13 03:30,0.251007
2025-09-13 03:45,0.074151
2025-09-13 04:00,0.206763
2025-09-13 04:15,0.049833
2025-09-13 04:30,0.014057
2025-09-13 04:45,0.040265
2025-09-13 05:00,0.00051
2025-09-13 05:15,0.0
2025-09-13 05:30,0.014958
2025-09-13 05:45,0.002169
2025-09-13 06:00,0.129311
2025-09-13 06:15,0.0
2025-09-13 06:30,0.014695
2025-09-13 06:45,0.09001
2025-09-13 07:00,0.19627
2025-09-13 07:15,0.000686
2025-09-13 07:30,0.018769
2025-09-13 07:45,0.004609
2025-09-13 08:00,0.0
2025-09-13 08:15,0.068156
2025-09-13 08:30,0.062582
2025-09-13 08:45,0.049976
2025-09-13 09:00,0.082747
2025-09-13 09:15,0.162288
2025-09-13 09:30,0.025546
2025-09-13 09:45,0.001435
2025-09-13 10:00,0.067964
2025-09-13 10:15,0.159091
2025-09-13 10:30,0.529497
2025-09-13 10:45,0.001435
2025-09-13 11:00,0.069352
2025-09-13 11:15,0.028154
2025-09-13 11:30,0.127062
2025-09-13 11:45,0.085059
2025-09-13 12:00,0.073992
2025-09-13 12:15,0.027747
2025-09-13 12:30,0.00059
2025-09-13 12:45,0.034724
2025-09-13 13:00,0.024956
2025-09-13 13:15,0.012725
2025-09-13 13:30,0.119432
2025-09-13 13:45,0.039531
2025-09-13 14:00,0.024861
2025-09-13 14:15,0.135785
2025-09-13 14:30,0.013427
2025-09-13 14:45,0.119966
2025-09-13 15:00,0.038623
2025-09-13 15:15,0.175093
2025-09-13 15:30,0.1635
2025-09-13 15:45,0.075172
2025-09-13 16:00,0.049905
2025-09-13 16:15,0.219616
2025-09-13 16:30,0.252673
2025-09-13 16:45,0.073992
2025-09-13 17:00,0.073992
2025-09-13 17:15,0.049131
2025-09-13 17:30,0.032818
2025-09-13 17:45,0.139309
2025-09-13 18:00,0.0
2025-09-13 18:15,0.019933
2025-09-13 18:30,0.040632
2025-09-13 18:45,0.254818
2025-09-13 19:00,0.0
2025-09-13 19:15,0.0
2025-09-13 19:30,0.0
2025-09-13 19:45,0.000765
2025-09-13 20:00,0.0
2025-09-13 20:15,0.010365
2025-09-13 20:30,0.0
2025-09-13 20:45,0.0
2025-09-13 21:00,0.00059
2025-09-13 21:15,0.021137
2025-09-13 21:30,0.012135
2025-09-13 21:45,0.037833
2025-09-13 22:00,0.032834
2025-09-13 22:15,0.0
2025-09-13 22:30,0.012247
2025-09-13 22:45,0.002081
2025-09-13 23:00,0.0
2025-09-13 23:15,0.028305
2025-09-13 23:30,0.126528
2025-09-13 23:45,0.107846
2025-09-14 00:00,0.140266
2025-09-14 00:15,0.155575
2025-09-14 00:30,0.10138
2025-09-14 00:45,0.060653
2025-09-14 01:00,0.018921
2025-09-14 01:15,0.009967
2025-09-14 01:30,0.036103
2025-09-14 01:45,0.074582
2025-09-14 02:00,0.207385
2025-09-14 02:15,0.001627
2025-09-14 02:30,0.049721
2025-09-14 02:45,0.135099
2025-09-14 03:00,0.037745
2025-09-14 03:15,0.110031
2025-09-14 03:30,0.19576
2025-09-14 03:45,0.172797
2025-09-14 04:00,0.098486
2025-09-14 04:15,0.145385
2025-09-14 04:30,0.00295
2025-09-14 04:45,0.0
2025-09-14 05:00,0.0
2025-09-14 05:15,0.0
2025-09-14 05:30,0.0
2025-09-14 05:45,0.0
2025-09-14 06:00,0.001762
2025-09-14 06:15,0.0
2025-09-14 06:30,0.000742
2025-09-14 06:45,0.0
2025-09-14 07:00,0.0
2025-09-14 07:15,0.00118
2025-09-14 07:30,0.0
2025-09-14 07:45,0.001786
2025-09-14 08:00,0.00059
2025-09-14 08:15,0.009042
2025-09-14 08:30,0.001292
2025-09-14 08:45,0.000494
2025-09-14 09:00,0.126376
2025-09-14 09:15,0.073641
2025-09-14 09:30,0.152736
2025-09-14 09:45,0.002894
2025-09-14 10:00,0.003867
2025-09-14 10:15,0.02376
2025-09-14 10:30,0.001587
2025-09-14 10:45,0.0
2025-09-14 11:00,0.0
2025-09-14 11:15,0.0
2025-09-14 11:30,0.001332
2025-09-14 11:45,0.00059
2025-09-14 12:00,0.0
2025-09-14 12:15,0.00118
2025-09-14 12:30,0.000837
2025-09-14 12:45,0.012909
2025-09-14 13:00,0.0
2025-09-14 13:15,0.037347
2025-09-14 13:30,0.080323
2025-09-14 13:45,0.05594
2025-09-14 14:00,0.002025
2025-09-14 14:15,0.318381
2025-09-14 14:30,0.229088
2025-09-14 14:45,0.073075
2025-09-14 15:00,0.039858
2025-09-14 15:15,0.123984
2025-09-14 15:30,0.386353
2025-09-14 15:45,0.229614
2025-09-14 16:00,0.583197
2025-09-14 16:15,0.076894
2025-09-14 16:30,0.039866
2025-09-14 16:45,0.011657
2025-09-14 17:00,0.0
2025-09-14 17:15,0.0
2025-09-14 17:30,0.038064
2025-09-14 17:45,0.001427
2025-09-14 18:00,0.024271
2025-09-14 18:15,0.10146
2025-09-14 18:30,0.0
2025-09-14 18:45,0.069766
2025-09-14 19:00,0.179399
2025-09-14 19:15,0.10134
2025-09-14 19:30,0.019933
2025-09-14 19:45,0.0598
2025-09-14 20:00,0.019933
2025-09-14 20:15,0.032794
2025-09-14 20:30,0.0
2025-09-14 20:45,0.001802
2025-09-14 21:00,0.0
2025-09-14 21:15,0.0
2025-09-14 21:30,0.0
2025-09-14 21:45,0.0
2025-09-14 22:00,0.000494
2025-09-14 22:15,0.001611
2025-09-14 22:30,0.034237
2025-09-14 22:45,0.063555
2025-09-14 23:00,0.185753
2025-09-14 23:15,0.595635
2025-09-14 23:30,0.024271
2025-09-14 23:45,0.0
2025-09-15 00:00,0.000837
2025-09-15 00:15,0.0
2025-09-15 00:30,0.0
2025-09-15 00:45,0.001387
2025-09-15 01:00,0.00118
2025-09-15 01:15,0.0
2025-09-15 01:30,0.00118
2025-09-15 01:45,0.0
2025-09-15 02:00,0.0
2025-09-15 02:15,0.001172
2025-09-15 02:30,0.0
2025-09-15 02:45,0.0
2025-09-15 03:00,0.010461
2025-09-15 03:15,0.0
2025-09-15 03:30,0.0
2025-09-15 03:45,0.0
2025-09-15 04:00,0.0
2025-09-15 04:15,0.0
2025-09-15 04:30,0.0
2025-09-15 04:45,0.004465
2025-09-15 05:00,0.0
2025-09-15 05:15,0.001722
2025-09-15 05:30,0.09796
2025-09-15 05:45,0.000757
2025-09-15 06:00,0.00059
2025-09-15 06:15,0.0
2025-09-15 06:30,0.0
2025-09-15 06:45,0.009983
2025-09-15 07:00,0.0
2025-09-15 07:15,0.0
2025-09-15 07:30,0.00059
2025-09-15 07:45,0.0
2025-09-15 08:00,0.003221
2025-09-15 08:15,0.0
2025-09-15 08:30,0.0
2025-09-15 08:45,0.0
2025-09-15 09:00,0.0
2025-09-15 09:15,0.0
2025-09-15 09:30,0.00118
2025-09-15 09:45,0.0
2025-09-15 10:00,0.0
2025-09-15 10:15,0.00118
2025-09-15 10:30,0.0
2025-09-15 10:45,0.024271
2025-09-15 11:00,0.001515
2025-09-15 11:15,0.0
2025-09-15 11:30,0.000574
2025-09-15 11:45,0.0
2025-09-15 12:00,0.0
2025-09-15 12:15,0.000598
2025-09-15 12:30,0.0
2025-09-15 12:45,0.0
2025-09-15 13:00,0.0
2025-09-15 13:15,0.086175
2025-09-15 13:30,0.009967
2025-09-15 13:45,0.440699
2025-09-15 14:00,0.49168
2025-09-15 14:15,0.001611
2025-09-15 14:30,0.019933
2025-09-15 14:45,0.073561
2025-09-15 15:00,0.038447
2025-09-15 15:15,0.200496
2025-09-15 15:30,0.254076
2025-09-15 15:45,0.037913
2025-09-15 16:00,0.00118
2025-09-15 16:15,0.001116
2025-09-15 16:30,0.0
2025-09-15 16:45,0.073561
2025-09-15 17:00,0.049131
2025-09-15 17:15,0.036406
2025-09-15 17:30,0.0
2025-09-15 17:45,0.0
2025-09-15 18:00,0.0
2025-09-15 18:15,0.0
2025-09-15 18:30,0.0
2025-09-15 18:45,0.0
2025-09-15 19:00,0.0
2025-09-15 19:15,0.012135
2025-09-15 19:30,0.009967
2025-09-15 19:45,0.0
2025-09-15 20:00,0.0
2025-09-15 20:15,0.0
2025-09-15 20:30,0.0
2025-09-15 20:45,0.009967
2025-09-15 21:00,0.0
2025-09-15 21:15,0.0
2025-09-15 21:30,0.0
2025-09-15 21:45,0.025339
2025-09-15 22:00,0.0
2025-09-15 22:15,0.0
2025-09-15 22:30,0.008125
2025-09-15 22:45,0.035226
2025-09-15 23:00,0.011657
2025-09-15 23:15,0.010541
2025-09-15 23:30,0.126121
2025-09-15 23:45,0.0
2025-09-16 00:00,0.037482
2025-09-16 00:15,0.011179
2025-09-16 00:30,0.0
2025-09-16 00:45,0.0
2025-09-16 01:00,0.0
2025-09-16 01:15,0.0
2025-09-16 01:30,0.024271
2025-09-16 01:45,0.0
2025-09-16 02:00,0.012135
2025-09-16 02:15,0.0
2025-09-16 02:30,0.012135
2025-09-16 02:45,0.0
2025-09-16 03:00,0.001898
2025-09-16 03:15,0.0
2025-09-16 03:30,0.009967
2025-09-16 03:45,0.013331
2025-09-16 04:00,0.0
2025-09-16 04:15,0.034253
2025-09-16 04:30,0.010557
2025-09-16 04:45,0.012223
2025-09-16 05:00,0.020922
2025-09-16 05:15,0.003054
2025-09-16 05:30,0.0
2025-09-16 05:45,0.0
2025-09-16 06:00,0.018036
2025-09-16 06:15,0.024271
2025-09-16 06:30,0.0513
2025-09-16 06:45,0.0
2025-09-16 07:00,0.0
2025-09-16 07:15,0.009967
2025-09-16 07:30,0.00059
2025-09-16 07:45,0.000494
2025-09-16 08:00,0.010365
2025-09-16 08:15,0.0
2025-09-16 08:30,0.0
2025-09-16 08:45,0.0
2025-09-16 09:00,0.024909
2025-09-16 09:15,0.0
2025-09-16 09:30,0.00059
2025-09-16 09:45,0.024494
2025-09-16 10:00,0.002416
2025-09-16 10:15,0.002456
2025-09-16 10:30,0.011657
2025-09-16 10:45,0.000869
2025-09-16 11:00,0.001874
2025-09-16 11:15,0.0
2025-09-16 11:30,0.0
2025-09-16 11:45,0.019933
2025-09-16 12:00,0.0
2025-09-16 12:15,0.151102
2025-09-16 12:30,0.001228
2025-09-16 12:45,0.053899
2025-09-16 13:00,0.034237
2025-09-16 13:15,0.025084
2025-09-16 13:30,0.199252
2025-09-16 13:45,0.181073
2025-09-16 14:00,0.744504
2025-09-16 14:15,1.0
2025-09-16 14:30,0.391328
2025-09-16 14:45,0.276928
2025-09-16 15:00,0.198104
2025-09-16 15:15,0.241542
2025-09-16 15:30,0.490891
2025-09-16 15:45,0.012957
2025-09-16 16:00,0.025666
2025-09-16 16:15,0.001483
2025-09-16 16:30,0.005071
2025-09-16 16:45,0.0
2025-09-16 17:00,0.000686
2025-09-16 17:15,0.005789
2025-09-16 17:30,0.001818
2025-09-16 17:45,0.020707
2025-09-16 18:00,0.0
2025-09-16 18:15,0.001674
2025-09-16 18:30,0.0
2025-09-16 18:45,0.0
2025-09-16 19:00,0.0
2025-09-16 19:15,0.0
2025-09-16 19:30,0.0
2025-09-16 19:45,0.0
2025-09-16 20:00,0.0
2025-09-16 20:15,0.008818
2025-09-16 20:30,0.001579
2025-09-16 20:45,0.00118
2025-09-16 21:00,0.00059
2025-09-16 21:15,0.0
2025-09-16 21:30,0.0
2025-09-16 21:45,0.00118
2025-09-16 22:00,0.014129
2025-09-16 22:15,0.072987
2025-09-16 22:30,0.0
2025-09-16 22:45,0.06373
2025-09-16 23:00,0.05563
2025-09-16 23:15,0.21185
2025-09-16 23:30,0.243902
2025-09-16 23:45,0.011545
2025-09-17 00:00,0.0
2025-09-17 00:00,0.0
2025-09-17 00:15,0.000801
2025-09-17 00:30,0.004079
2025-09-17 00:45,0.0
2025-09-17 01:00,0.0
2025-09-17 01:15,0.011304
2025-09-17 01:30,0.000801
2025-09-17 01:45,0.0
2025-09-17 02:00,0.000768
2025-09-17 02:15,0.012567
2025-09-17 02:30,0.0
2025-09-17 02:45,0.0
2025-09-17 03:00,0.037702
2025-09-17 03:15,0.010437
2025-09-17 03:30,0.0
2025-09-17 03:45,0.0
2025-09-17 04:00,0.0
2025-09-17 04:15,0.0
2025-09-17 04:30,0.0
2025-09-17 04:45,0.003245
2025-09-17 05:00,0.0
2025-09-17 05:15,0.011618
2025-09-17 05:30,0.0
2025-09-17 05:45,0.0
2025-09-17 06:00,0.001222
2025-09-17 06:15,0.0
2025-09-17 06:30,0.000512
2025-09-17 06:45,0.0
2025-09-17 07:00,0.013178
2025-09-17 07:15,0.03719
2025-09-17 07:30,0.0
2025-09-17 07:45,0.020643
2025-09-17 08:00,0.0
2025-09-17 08:15,0.0
2025-09-17 08:30,0.036232
2025-09-17 08:45,0.0
2025-09-17 09:00,0.010734
2025-09-17 09:15,0.0
2025-09-17 09:30,0.012567
2025-09-17 09:45,0.0
2025-09-17 10:00,0.001181
2025-09-17 10:15,0.013789
2025-09-17 10:30,0.002692
2025-09-17 10:45,0.021469
2025-09-17 11:00,0.0
2025-09-17 11:15,0.0
2025-09-17 11:30,0.039651
2025-09-17 11:45,0.0
2025-09-17 12:00,0.00076
2025-09-17 12:15,0.006986
2025-09-17 12:30,0.042508
2025-09-17 12:45,0.01322
2025-09-17 13:00,0.03193
2025-09-17 13:15,0.020643
2025-09-17 13:30,0.420834
2025-09-17 13:45,0.257533
2025-09-17 14:00,0.241299
2025-09-17 14:15,0.227105
2025-09-17 14:30,0.790119
2025-09-17 14:45,0.789145
2025-09-17 15:00,0.573039
2025-09-17 15:15,0.116294
2025-09-17 15:30,0.004946
2025-09-17 15:45,0.023087
2025-09-17 16:00,0.035547
2025-09-17 16:15,0.062796
2025-09-17 16:30,0.091555
2025-09-17 16:45,0.020643
2025-09-17 17:00,0.206726
2025-09-17 17:15,0.522307
2025-09-17 17:30,0.020643
2025-09-17 17:45,0.0
2025-09-17 18:00,0.0
2025-09-17 18:15,0.023054
2025-09-17 18:30,0.010321
2025-09-17 18:45,0.010321
2025-09-17 19:00,0.0
2025-09-17 19:15,0.002461
2025-09-17 19:30,0.0
2025-09-17 19:45,0.0
2025-09-17 20:00,0.0
2025-09-17 20:15,0.0
2025-09-17 20:30,0.0
2025-09-17 20:45,0.012254
2025-09-17 21:00,0.000619
2025-09-17 21:15,0.0
2025-09-17 21:30,0.06358
2025-09-17 21:45,0.0
2025-09-17 22:00,0.041286
2025-09-17 22:15,0.073051
2025-09-17 22:30,0.001222
2025-09-17 22:45,0.041286
2025-09-17 23:00,0.085627
2025-09-17 23:15,0.972372
2025-09-17 23:30,0.733137
2025-09-17 23:45,0.335257
2025-09-18 00:00,0.31686
2025-09-18 00:15,0.038544
2025-09-18 00:30,0.0
2025-09-18 00:45,0.012567
2025-09-18 01:00,0.0
2025-09-18 01:15,0.0
2025-09-18 01:30,0.0
2025-09-18 01:45,0.0
2025-09-18 02:00,0.001206
2025-09-18 02:15,0.000611
2025-09-18 02:30,0.037405
2025-09-18 02:45,0.015309
2025-09-18 03:00,0.000768
2025-09-18 03:15,0.0
2025-09-18 03:30,0.0
2025-09-18 03:45,0.0
2025-09-18 04:00,0.001222
2025-09-18 04:15,0.0
2025-09-18 04:30,0.000611
2025-09-18 04:45,0.0
2025-09-18 05:00,0.0
2025-09-18 05:15,0.012567
2025-09-18 05:30,0.010734
2025-09-18 05:45,0.0
2025-09-18 06:00,0.0
2025-09-18 06:15,0.001222
2025-09-18 06:30,0.098186
2025-09-18 06:45,0.107706
2025-09-18 07:00,0.129167
2025-09-18 07:15,0.095956
2025-09-18 07:30,0.08523
2025-09-18 07:45,0.049015
2025-09-18 08:00,0.053416
2025-09-18 08:15,0.085908
2025-09-18 08:30,0.022146
2025-09-18 08:45,0.041286
2025-09-18 09:00,0.003121
2025-09-18 09:15,0.0
2025-09-18 09:30,0.006259
2025-09-18 09:45,0.026753
2025-09-18 10:00,0.0
2025-09-18 10:15,0.0
2025-09-18 10:30,0.00976
2025-09-18 10:45,0.04264
2025-09-18 11:00,0.125996
2025-09-18 11:15,0.023004
2025-09-18 11:30,0.0
2025-09-18 11:45,0.045068
2025-09-18 12:00,0.105964
2025-09-18 12:15,0.045431
2025-09-18 12:30,0.037207
2025-09-18 12:45,0.104825
2025-09-18 13:00,0.077097
2025-09-18 13:15,0.237947
2025-09-18 13:30,0.033986
2025-09-18 13:45,0.094214
2025-09-18 14:00,0.257293
2025-09-18 14:15,0.329436
2025-09-18 14:30,0.174812
2025-09-18 14:45,0.294682
2025-09-18 15:00,0.649929
2025-09-18 15:15,1.0
2025-09-18 15:30,0.749172
2025-09-18 15:45,0.14071
2025-09-18 16:00,0.026027
2025-09-18 16:15,0.011725
2025-09-18 16:30,0.0
2025-09-18 16:45,0.000867
2025-09-18 17:00,0.0
2025-09-18 17:15,0.044787
2025-09-18 17:30,0.035019
2025-09-18 17:45,0.0
2025-09-18 18:00,0.010321
2025-09-18 18:15,0.010321
2025-09-18 18:30,0.066247
2025-09-18 18:45,0.0
2025-09-18 19:00,0.0
2025-09-18 19:15,0.010321
2025-09-18 19:30,0.0
2025-09-18 19:45,0.0
2025-09-18 20:00,0.0
2025-09-18 20:15,0.0
2025-09-18 20:30,0.0
2025-09-18 20:45,0.0
2025-09-18 21:00,0.0
2025-09-18 21:15,0.0
2025-09-18 21:30,0.0
2025-09-18 21:45,0.004063
2025-09-18 22:00,0.0
2025-09-18 22:15,0.013178
2025-09-18 22:30,0.015028
2025-09-18 22:45,0.0
2025-09-18 23:00,0.012567
2025-09-18 23:15,0.0
2025-09-18 23:30,0.242893
2025-09-18 23:45,0.02601
2025-09-19 00:00,0.0
2025-09-19 00:15,0.0
2025-09-19 00:30,0.007308
2025-09-19 00:45,0.011155
2025-09-19 01:00,0.000611
2025-09-19 01:15,0.0
2025-09-19 01:30,0.0
2025-09-19 01:45,0.0
2025-09-19 02:00,0.011098
2025-09-19 02:15,0.001536
2025-09-19 02:30,0.0
2025-09-19 02:45,0.05325
2025-09-19 03:00,0.0009
2025-09-19 03:15,0.05027
2025-09-19 03:30,0.136986
2025-09-19 03:45,0.152642
2025-09-19 04:00,0.078567
2025-09-19 04:15,0.026357
2025-09-19 04:30,0.126516
2025-09-19 04:45,0.106575
2025-09-19 05:00,0.050881
2025-09-19 05:15,0.179098
2025-09-19 05:30,0.026357
2025-09-19 05:45,0.076858
2025-09-19 06:00,0.126896
2025-09-19 06:15,0.102372
2025-09-19 06:30,0.103594
2025-09-19 06:45,0.070912
2025-09-19 07:00,0.153484
2025-09-19 07:15,0.314961
2025-09-19 07:30,0.053325
2025-09-19 07:45,0.098046
2025-09-19 08:00,0.076726
2025-09-19 08:15,0.038924
2025-09-19 08:30,0.026968
2025-09-19 08:45,0.152923
2025-09-19 09:00,0.066107
2025-09-19 09:15,0.190509
2025-09-19 09:30,0.075066
2025-09-19 09:45,0.089194
2025-09-19 10:00,0.265055
2025-09-19 10:15,0.05458
2025-09-19 10:30,0.201078
2025-09-19 10:45,0.031939
2025-09-19 11:00,0.001833
2025-09-19 11:15,0.0
2025-09-19 11:30,0.0
2025-09-19 11:45,0.0
2025-09-19 12:00,0.0
2025-09-19 12:15,0.003674
2025-09-19 12:30,0.0
2025-09-19 12:45,0.0
2025-09-19 13:00,0.0
2025-09-19 13:15,0.0
2025-09-19 13:30,0.0
2025-09-19 13:45,0.0
2025-09-19 14:00,0.0
2025-09-19 14:15,0.024144
2025-09-19 14:30,0.013467
2025-09-19 14:45,0.025746
2025-09-19 15:00,0.176802
2025-09-19 15:15,0.330666
2025-09-19 15:30,0.000677
2025-09-19 15:45,0.023599
2025-09-19 16:00,0.025135
2025-09-19 16:15,0.001569
2025-09-19 16:30,0.00559
2025-09-19 16:45,0.042937
2025-09-19 17:00,0.206066
2025-09-19 17:15,0.164301
2025-09-19 17:30,0.199567
2025-09-19 17:45,0.000677
2025-09-19 18:00,0.0
2025-09-19 18:15,0.0
2025-09-19 18:30,0.0
2025-09-19 18:45,0.0
2025-09-19 19:00,0.0
2025-09-19 19:15,0.0
2025-09-19 19:30,0.0
2025-09-19 19:45,0.0
2025-09-19 20:00,0.0
2025-09-19 20:15,0.0
2025-09-19 20:30,0.022311
2025-09-19 20:45,0.0
2025-09-19 21:00,0.0
2025-09-19 21:15,0.0
2025-09-19 21:30,0.0
2025-09-19 21:45,0.0
2025-09-19 22:00,0.0
2025-09-19 22:15,0.012567
2025-09-19 22:30,0.0
2025-09-19 22:45,0.0
2025-09-19 23:00,0.000751
2025-09-19 23:15,0.012567
2025-09-19 23:30,0.022889
2025-09-19 23:45,0.000603
2025-09-20 00:00,0.011362
2025-09-20 00:15,0.050757
2025-09-20 00:30,0.263114
2025-09-20 00:45,0.193275
2025-09-20 01:00,0.251183
2025-09-20 01:15,0.24262
2025-09-20 01:30,0.213571
2025-09-20 01:45,0.160486
2025-09-20 02:00,0.023417
2025-09-20 02:15,0.0
2025-09-20 02:30,0.0
2025-09-20 02:45,0.0
2025-09-20 03:00,0.0
2025-09-20 03:15,0.001701
2025-09-20 03:30,0.025135
2025-09-20 03:45,0.0
2025-09-20 04:00,0.002403
2025-09-20 04:15,0.003196
2025-09-20 04:30,0.0
2025-09-20 04:45,0.0
2025-09-20 05:00,0.001222
2025-09-20 05:15,0.025135
2025-09-20 05:30,0.0
2025-09-20 05:45,0.00123
2025-09-20 06:00,0.025135
2025-09-20 06:15,0.0
2025-09-20 06:30,0.011643
2025-09-20 06:45,0.003303
2025-09-20 07:00,0.071524
2025-09-20 07:15,0.0
2025-09-20 07:30,0.050881
2025-09-20 07:45,0.001222
2025-09-20 08:00,0.0
2025-09-20 08:15,0.013178
2025-09-20 08:30,0.05027
2025-09-20 08:45,0.025135
2025-09-20 09:00,0.0
2025-09-20 09:15,0.000677
2025-09-20 09:30,0.0
2025-09-20 09:45,0.0
2025-09-20 10:00,0.034812
2025-09-20 10:15,0.010321
2025-09-20 10:30,0.0
2025-09-20 10:45,0.0
2025-09-20 11:00,0.0
2025-09-20 11:15,0.0
2025-09-20 11:30,0.000941
2025-09-20 11:45,0.0
2025-09-20 12:00,0.001371
2025-09-20 12:15,0.0
2025-09-20 12:30,0.001536
2025-09-20 12:45,0.00076
2025-09-20 13:00,0.0
2025-09-20 13:15,0.000768
2025-09-20 13:30,0.007597
2025-09-20 13:45,0.006424
2025-09-20 14:00,0.096989
2025-09-20 14:15,0.025267
2025-09-20 14:30,0.000644
2025-09-20 14:45,0.000941
2025-09-20 15:00,0.08324
2025-09-20 15:15,0.002444
2025-09-20 15:30,0.246385
2025-09-20 15:45,0.326703
2025-09-20 16:00,0.213514
2025-09-20 16:15,0.323904
2025-09-20 16:30,0.227823
2025-09-20 16:45,0.270827
2025-09-20 17:00,0.354307
2025-09-20 17:15,0.191665
2025-09-20 17:30,0.308298
2025-09-20 17:45,0.42199
2025-09-20 18:00,0.439487
2025-09-20 18:15,0.150561
2025-09-20 18:30,0.617949
2025-09-20 18:45,0.215132
2025-09-20 19:00,0.0
2025-09-20 19:15,0.001222
2025-09-20 19:30,0.0
2025-09-20 19:45,0.0
2025-09-20 20:00,0.003757
2025-09-20 20:15,0.0
2025-09-20 20:30,0.0
2025-09-20 20:45,0.000784
2025-09-20 21:00,0.051607
2025-09-20 21:15,0.0
2025-09-20 21:30,0.0
2025-09-20 21:45,0.0
2025-09-20 22:00,0.0
2025-09-20 22:15,0.0235
2025-09-20 22:30,0.001883
2025-09-20 22:45,0.211301
2025-09-20 23:00,0.113883
2025-09-20 23:15,0.129926
2025-09-20 23:30,0.317678
2025-09-20 23:45,0.663248
2025-09-21 00:00,0.869099
2025-09-21 00:15,0.368146
2025-09-21 00:30,0.204233
2025-09-21 00:45,0.32724
2025-09-21 01:00,0.221721
2025-09-21 01:15,0.085775
2025-09-21 01:30,0.879462
2025-09-21 01:45,0.006284
2025-09-21 02:00,0.023731
2025-09-21 02:15,0.001156
2025-09-21 02:30,0.000528
2025-09-21 02:45,0.00289
2025-09-21 03:00,0.011544
2025-09-21 03:15,0.069501
2025-09-21 03:30,0.082984
2025-09-21 03:45,0.012287
2025-09-21 04:00,0.077849
2025-09-21 04:15,0.002857
2025-09-21 04:30,0.004335
2025-09-21 04:45,0.0
2025-09-21 05:00,0.021881
2025-09-21 05:15,0.0
2025-09-21 05:30,0.015127
2025-09-21 05:45,0.012171
2025-09-21 06:00,0.0
2025-09-21 06:15,0.0
2025-09-21 06:30,0.000817
2025-09-21 06:45,0.002791
2025-09-21 07:00,0.0
2025-09-21 07:15,0.001222
2025-09-21 07:30,0.000983
2025-09-21 07:45,0.000611
2025-09-21 08:00,0.062977
2025-09-21 08:15,0.02383
2025-09-21 08:30,0.000611
2025-09-21 08:45,0.000941
2025-09-21 09:00,0.005293
2025-09-21 09:15,0.045778
2025-09-21 09:30,0.048131
2025-09-21 09:45,0.003592
2025-09-21 10:00,0.052334
2025-09-21 10:15,0.015177
2025-09-21 10:30,0.065256
2025-09-21 10:45,0.026968
2025-09-21 11:00,0.002708
2025-09-21 11:15,0.055348
2025-09-21 11:30,0.005458
2025-09-21 11:45,0.0
2025-09-21 12:00,0.025135
2025-09-21 12:15,0.012567
2025-09-21 12:30,0.087064
2025-09-21 12:45,0.180188
2025-09-21 13:00,0.153055
2025-09-21 13:15,0.045778
2025-09-21 13:30,0.0
2025-09-21 13:45,0.04188
2025-09-21 14:00,0.025779
2025-09-21 14:15,0.074826
2025-09-21 14:30,0.051492
2025-09-21 14:45,0.11347
2025-09-21 15:00,0.286325
2025-09-21 15:15,0.172674
2025-09-21 15:30,0.032186
2025-09-21 15:45,0.127614
2025-09-21 16:00,0.15142
2025-09-21 16:15,0.067081
2025-09-21 16:30,0.034251
2025-09-21 16:45,0.155433
2025-09-21 17:00,0.123857
2025-09-21 17:15,0.025135
2025-09-21 17:30,0.0
2025-09-21 17:45,0.0
2025-09-21 18:00,0.0
2025-09-21 18:15,0.000611
2025-09-21 18:30,0.0
2025-09-21 18:45,0.0
2025-09-21 19:00,0.0
2025-09-21 19:15,0.0
2025-09-21 19:30,0.000611
2025-09-21 19:45,0.001222
2025-09-21 20:00,0.0
2025-09-21 20:15,0.0
2025-09-21 20:30,0.0
2025-09-21 20:45,0.0
2025-09-21 21:00,0.0
2025-09-21 21:15,0.0
2025-09-21 21:30,0.041286
2025-09-21 21:45,0.0
2025-09-21 22:00,0.001222
2025-09-21 22:15,0.000611
2025-09-21 22:30,0.011056
2025-09-21 22:45,0.057321
2025-09-21 23:00,0.058345
2025-09-21 23:15,0.427077
2025-09-21 23:30,0.366354
2025-09-21 23:45,0.0
2025-09-22 00:00,0.010751
2025-09-22 00:15,0.0
2025-09-22 00:30,0.021452
2025-09-22 00:45,0.116839
2025-09-22 01:00,0.00256
2025-09-22 01:15,0.000859
2025-09-22 01:30,0.0
2025-09-22 01:45,0.0
2025-09-22 02:00,0.0
2025-09-22 02:15,0.012072
2025-09-22 02:30,0.000826
2025-09-22 02:45,0.0
2025-09-22 03:00,0.046917
2025-09-22 03:15,0.000875
2025-09-22 03:30,0.063985
2025-09-22 03:45,0.041286
2025-09-22 04:00,0.069096
2025-09-22 04:15,0.012567
2025-09-22 04:30,0.002213
2025-09-22 04:45,0.001585
2025-09-22 05:00,0.013789
2025-09-22 05:15,0.044556
2025-09-22 05:30,0.0
2025-09-22 05:45,0.010321
2025-09-22 06:00,0.0
2025-09-22 06:15,0.0
2025-09-22 06:30,0.0
2025-09-22 06:45,0.0
2025-09-22 07:00,0.0
2025-09-22 07:15,0.011387
2025-09-22 07:30,0.0
2025-09-22 07:45,0.00128
2025-09-22 08:00,0.0
2025-09-22 08:15,0.0
2025-09-22 08:30,0.004888
2025-09-22 08:45,0.0
2025-09-22 09:00,0.0
2025-09-22 09:15,0.0
2025-09-22 09:30,0.0
2025-09-22 09:45,0.049741
2025-09-22 10:00,0.0
2025-09-22 10:15,0.035828
2025-09-22 10:30,0.0
2025-09-22 10:45,0.037702
2025-09-22 11:00,0.0
2025-09-22 11:15,0.012493
2025-09-22 11:30,0.001404
2025-09-22 11:45,0.042838
2025-09-22 12:00,0.054027
2025-09-22 12:15,0.066743
2025-09-22 12:30,0.115212
2025-09-22 12:45,0.338395
2025-09-22 13:00,0.54783
2025-09-22 13:15,0.067444
2025-09-22 13:30,0.227444
2025-09-22 13:45,0.069715
2025-09-22 14:00,0.024565
2025-09-22 14:15,0.042623
2025-09-22 14:30,0.027769
2025-09-22 14:45,0.034515
2025-09-22 15:00,0.004632
2025-09-22 15:15,0.031575
2025-09-22 15:30,0.0
2025-09-22 15:45,0.0
2025-09-22 16:00,0.0
2025-09-22 16:15,0.010321
2025-09-22 16:30,0.0
2025-09-22 16:45,0.00147
2025-09-22 17:00,0.000611
2025-09-22 17:15,0.0
2025-09-22 17:30,0.000628
2025-09-22 17:45,0.0
2025-09-22 18:00,0.0
2025-09-22 18:15,0.002139
2025-09-22 18:30,0.0
2025-09-22 18:45,0.0
2025-09-22 19:00,0.0
2025-09-22 19:15,0.001734
2025-09-22 19:30,0.0
2025-09-22 19:45,0.0
2025-09-22 20:00,0.0
2025-09-22 20:15,0.0
2025-09-22 20:30,0.002312
2025-09-22 20:45,0.0
2025-09-22 21:00,0.000677
2025-09-22 21:15,0.0
2025-09-22 21:30,0.025936
2025-09-22 21:45,0.001833
2025-09-22 22:00,0.001222
2025-09-22 22:15,0.010932
2025-09-22 22:30,0.013178
2025-09-22 22:45,0.036612
2025-09-22 23:00,0.010321
2025-09-22 23:15,0.421272
2025-09-22 23:30,0.022889
2025-09-22 23:45,0.0
2025-09-23 00:00,0.013789
2025-09-23 00:15,0.0
2025-09-23 00:30,0.012567
2025-09-23 00:45,0.000611
2025-09-23 01:00,0.0
2025-09-23 01:15,0.0
2025-09-23 01:30,0.002651
2025-09-23 01:45,0.001222
2025-09-23 02:00,0.033838
2025-09-23 02:15,0.010932
2025-09-23 02:30,0.0
2025-09-23 02:45,0.026192
2025-09-23 03:00,0.00275
2025-09-23 03:15,0.02587
2025-09-23 03:30,0.048288
2025-09-23 03:45,0.05316
2025-09-23 04:00,0.000784
2025-09-23 04:15,0.012072
2025-09-23 04:30,0.0
2025-09-23 04:45,0.0
2025-09-23 05:00,0.000512
2025-09-23 05:15,0.001552
2025-09-23 05:30,0.0
2025-09-23 05:45,0.010321
2025-09-23 06:00,0.0
2025-09-23 06:15,0.0
2025-09-23 06:30,0.000842
2025-09-23 06:45,0.00085
2025-09-23 07:00,0.001734
2025-09-23 07:15,0.0
2025-09-23 07:30,0.003006
2025-09-23 07:45,0.001139
2025-09-23 08:00,0.02478
2025-09-23 08:15,0.020643
2025-09-23 08:30,0.0
2025-09-23 08:45,0.0
2025-09-23 09:00,0.010321
2025-09-23 09:15,0.042037
2025-09-23 09:30,0.0
2025-09-23 09:45,0.114742
2025-09-23 10:00,0.036563
2025-09-23 10:15,0.0
2025-09-23 10:30,0.0
2025-09-23 10:45,0.012072
2025-09-23 11:00,0.255625
2025-09-23 11:15,0.153831
2025-09-23 11:30,0.137663
2025-09-23 11:45,0.002518
2025-09-23 12:00,0.0
2025-09-23 12:15,0.0
2025-09-23 12:30,0.025135
2025-09-23 12:45,0.018645
2025-09-23 13:00,0.001288
2025-09-23 13:15,0.026712
2025-09-23 13:30,0.05183
2025-09-23 13:45,0.231151
2025-09-23 14:00,0.128729
2025-09-23 14:15,0.039246
2025-09-23 14:30,0.082456
2025-09-23 14:45,0.052408
2025-09-23 15:00,0.107673
2025-09-23 15:15,0.230556
2025-09-23 15:30,0.258647
2025-09-23 15:45,0.070045
2025-09-23 16:00,0.0
2025-09-23 16:15,0.04515
2025-09-23 16:30,0.306324
2025-09-23 16:45,0.454689
2025-09-23 17:00,0.353431
2025-09-23 17:15,0.07225
2025-09-23 17:30,0.027133
2025-09-23 17:45,0.01341
2025-09-23 18:00,0.139463
2025-09-23 18:15,0.178586
2025-09-23 18:30,0.0
2025-09-23 18:45,0.0
2025-09-23 19:00,0.0
2025-09-23 19:15,0.0
2025-09-23 19:30,0.0
2025-09-23 19:45,0.0
2025-09-23 20:00,0.0
2025-09-23 20:15,0.0
2025-09-23 20:30,0.0
2025-09-23 20:45,0.0
2025-09-23 21:00,0.0
2025-09-23 21:15,0.0
2025-09-23 21:30,0.010932
2025-09-23 21:45,0.025746
2025-09-23 22:00,0.012567
2025-09-23 22:15,0.003641
2025-09-23 22:30,0.037702
2025-09-23 22:45,0.0
2025-09-23 23:00,0.0
2025-09-23 23:15,0.103826
2025-09-23 23:30,0.093207
2025-09-23 23:45,0.027579
2025-09-24 00:00,0.000603
2025-09-24 00:00,0.000711
2025-09-24 00:15,0.0
2025-09-24 00:30,0.044325
2025-09-24 00:45,0.0
2025-09-24 01:00,0.054032
2025-09-24 01:15,0.025086
2025-09-24 01:30,0.062813
2025-09-24 01:45,0.006198
2025-09-24 02:00,0.001247
2025-09-24 02:15,0.0
2025-09-24 02:30,0.0
2025-09-24 02:45,0.001832
2025-09-24 03:00,0.001988
2025-09-24 03:15,0.014833
2025-09-24 03:30,0.0
2025-09-24 03:45,0.0
2025-09-24 04:00,0.0
2025-09-24 04:15,0.0
2025-09-24 04:30,0.0
2025-09-24 04:45,0.000624
2025-09-24 05:00,0.0
2025-09-24 05:15,0.123794
2025-09-24 05:30,0.003684
2025-09-24 05:45,0.0
2025-09-24 06:00,0.0
2025-09-24 06:15,0.0
2025-09-24 06:30,0.0
2025-09-24 06:45,0.0
2025-09-24 07:00,0.14619
2025-09-24 07:15,0.036548
2025-09-24 07:30,0.0
2025-09-24 07:45,0.0
2025-09-24 08:00,0.012183
2025-09-24 08:15,0.0
2025-09-24 08:30,0.0
2025-09-24 08:45,0.04873
2025-09-24 09:00,0.0
2025-09-24 09:15,0.0
2025-09-24 09:30,0.0
2025-09-24 09:45,0.0
2025-09-24 10:00,0.045641
2025-09-24 10:15,0.0
2025-09-24 10:30,0.004191
2025-09-24 10:45,0.002505
2025-09-24 11:00,0.099322
2025-09-24 11:15,0.00382
2025-09-24 11:30,0.096495
2025-09-24 11:45,0.0
2025-09-24 12:00,0.24365
2025-09-24 12:15,0.018167
2025-09-24 12:30,0.001813
2025-09-24 12:45,0.185418
2025-09-24 13:00,0.106134
2025-09-24 13:15,0.137068
2025-09-24 13:30,0.182738
2025-09-24 13:45,0.262928
2025-09-24 14:00,0.049636
2025-09-24 14:15,0.005302
2025-09-24 14:30,0.008343
2025-09-24 14:45,0.116212
2025-09-24 15:00,0.051615
2025-09-24 15:15,0.002709
2025-09-24 15:30,0.212989
2025-09-24 15:45,0.047541
2025-09-24 16:00,0.0
2025-09-24 16:15,0.0
2025-09-24 16:30,0.0
2025-09-24 16:45,0.072959
2025-09-24 17:00,0.0
2025-09-24 17:15,0.001735
2025-09-24 17:30,0.0
2025-09-24 17:45,0.0
2025-09-24 18:00,0.001209
2025-09-24 18:15,0.12011
2025-09-24 18:30,0.0
2025-09-24 18:45,0.0
2025-09-24 19:00,0.0
2025-09-24 19:15,0.0
2025-09-24 19:30,0.0
2025-09-24 19:45,0.0
2025-09-24 20:00,0.0
2025-09-24 20:15,0.0
2025-09-24 20:30,0.0
2025-09-24 20:45,0.0
2025-09-24 21:00,0.0
2025-09-24 21:15,0.0
2025-09-24 21:30,0.0
2025-09-24 21:45,0.08518
2025-09-24 22:00,0.001871
2025-09-24 22:15,0.0
2025-09-24 22:30,0.0
2025-09-24 22:45,0.066643
2025-09-24 23:00,0.0
2025-09-24 23:15,0.239499
2025-09-24 23:30,0.287975
2025-09-24 23:45,0.0
2025-09-25 00:00,0.0
2025-09-25 00:15,0.080268
2025-09-25 00:30,0.031441
2025-09-25 00:45,0.001774
2025-09-25 01:00,0.0
2025-09-25 01:15,0.0
2025-09-25 01:30,0.0
2025-09-25 01:45,0.029667
2025-09-25 02:00,0.0
2025-09-25 02:15,0.0
2025-09-25 02:30,0.041421
2025-09-25 02:45,0.0
2025-09-25 03:00,0.0
2025-09-25 03:15,0.043311
2025-09-25 03:30,0.0
2025-09-25 03:45,0.0
2025-09-25 04:00,0.0
2025-09-25 04:15,0.0
2025-09-25 04:30,0.002846
2025-09-25 04:45,0.024365
2025-09-25 05:00,0.0
2025-09-25 05:15,0.0
2025-09-25 05:30,0.0
2025-09-25 05:45,0.0
2025-09-25 06:00,0.0
2025-09-25 06:15,0.0
2025-09-25 06:30,0.0
2025-09-25 06:45,0.003937
2025-09-25 07:00,0.04873
2025-09-25 07:15,0.0
2025-09-25 07:30,0.0
2025-09-25 07:45,0.0
2025-09-25 08:00,0.0
2025-09-25 08:15,0.0
2025-09-25 08:30,0.012183
2025-09-25 08:45,0.0
2025-09-25 09:00,0.010116
2025-09-25 09:15,0.0
2025-09-25 09:30,0.007875
2025-09-25 09:45,0.04873
2025-09-25 10:00,0.04873
2025-09-25 10:15,0.0
2025-09-25 10:30,0.00846
2025-09-25 10:45,0.090248
2025-09-25 11:00,0.00191
2025-09-25 11:15,0.0
2025-09-25 11:30,0.0
2025-09-25 11:45,0.012183
2025-09-25 12:00,0.024365
2025-09-25 12:15,0.001442
2025-09-25 12:30,0.052278
2025-09-25 12:45,0.025807
2025-09-25 13:00,0.001423
2025-09-25 13:15,0.074343
2025-09-25 13:30,0.000741
2025-09-25 13:45,0.042035
2025-09-25 14:00,0.246906
2025-09-25 14:15,0.058125
2025-09-25 14:30,0.0
2025-09-25 14:45,0.272518
2025-09-25 15:00,0.250434
2025-09-25 15:15,0.446407
2025-09-25 15:30,0.448317
2025-09-25 15:45,0.353391
2025-09-25 16:00,0.0
2025-09-25 16:15,0.002203
2025-09-25 16:30,0.106855
2025-09-25 16:45,0.0
2025-09-25 17:00,0.001871
2025-09-25 17:15,0.0
2025-09-25 17:30,0.0
2025-09-25 17:45,0.0
2025-09-25 18:00,0.0
2025-09-25 18:15,0.015009
2025-09-25 18:30,0.0
2025-09-25 18:45,0.0
2025-09-25 19:00,0.0
2025-09-25 19:15,0.0
2025-09-25 19:30,0.0
2025-09-25 19:45,0.001442
2025-09-25 20:00,0.0
2025-09-25 20:15,0.0
2025-09-25 20:30,0.0
2025-09-25 20:45,0.0
2025-09-25 21:00,0.0
2025-09-25 21:15,0.0
2025-09-25 21:30,0.029667
2025-09-25 21:45,0.0
2025-09-25 22:00,0.0
2025-09-25 22:15,0.0
2025-09-25 22:30,0.001442
2025-09-25 22:45,0.0
2025-09-25 23:00,0.139582
2025-09-25 23:15,0.0
2025-09-25 23:30,0.024365
2025-09-25 23:45,0.0
2025-09-26 00:00,0.0
2025-09-26 00:15,0.00191
2025-09-26 00:30,0.0
2025-09-26 00:45,0.0
2025-09-26 01:00,0.0
2025-09-26 01:15,0.0
2025-09-26 01:30,0.04873
2025-09-26 01:45,0.0
2025-09-26 02:00,0.028887
2025-09-26 02:15,0.0
2025-09-26 02:30,0.0
2025-09-26 02:45,0.029667
2025-09-26 03:00,0.0
2025-09-26 03:15,0.054032
2025-09-26 03:30,0.0
2025-09-26 03:45,0.001209
2025-09-26 04:00,0.051147
2025-09-26 04:15,0.032903
2025-09-26 04:30,0.0
2025-09-26 04:45,0.029667
2025-09-26 05:00,0.0
2025-09-26 05:15,0.0
2025-09-26 05:30,0.029667
2025-09-26 05:45,0.0
2025-09-26 06:00,0.0
2025-09-26 06:15,0.086662
2025-09-26 06:30,0.0
2025-09-26 06:45,0.024365
2025-09-26 07:00,0.036548
2025-09-26 07:15,0.029667
2025-09-26 07:30,0.002125
2025-09-26 07:45,0.029667
2025-09-26 08:00,0.029063
2025-09-26 08:15,0.0
2025-09-26 08:30,0.024365
2025-09-26 08:45,0.033117
2025-09-26 09:00,0.0
2025-09-26 09:15,0.001832
2025-09-26 09:30,0.0
2025-09-26 09:45,0.0
2025-09-26 10:00,0.001442
2025-09-26 10:15,0.028497
2025-09-26 10:30,0.0
2025-09-26 10:45,0.009161
2025-09-26 11:00,0.0
2025-09-26 11:15,0.001423
2025-09-26 11:30,0.0
2025-09-26 11:45,0.154377
2025-09-26 12:00,0.073095
2025-09-26 12:15,0.111183
2025-09-26 12:30,0.00193
2025-09-26 12:45,0.00614
2025-09-26 13:00,0.087285
2025-09-26 13:15,0.148334
2025-09-26 13:30,0.241487
2025-09-26 13:45,0.029667
2025-09-26 14:00,0.0
2025-09-26 14:15,0.029667
2025-09-26 14:30,0.200047
2025-09-26 14:45,0.170555
2025-09-26 15:00,0.10132
2025-09-26 15:15,0.0
2025-09-26 15:30,0.121825
2025-09-26 15:45,0.320079
2025-09-26 16:00,0.05064
2025-09-26 16:15,0.024365
2025-09-26 16:30,0.117829
2025-09-26 16:45,0.04873
2025-09-26 17:00,0.0
2025-09-26 17:15,0.0
2025-09-26 17:30,0.022338
2025-09-26 17:45,0.003723
2025-09-26 18:00,0.19492
2025-09-26 18:15,0.089585
2025-09-26 18:30,0.0
2025-09-26 18:45,0.0
2025-09-26 19:00,0.0
2025-09-26 19:15,0.037191
2025-09-26 19:30,0.0
2025-09-26 19:45,0.0
2025-09-26 20:00,0.0
2025-09-26 20:15,0.0
2025-09-26 20:30,0.0
2025-09-26 20:45,0.0
2025-09-26 21:00,0.0
2025-09-26 21:15,0.0
2025-09-26 21:30,0.0
2025-09-26 21:45,0.060971
2025-09-26 22:00,0.054032
2025-09-26 22:15,0.0
2025-09-26 22:30,0.013547
2025-09-26 22:45,0.003898
2025-09-26 23:00,0.0
2025-09-26 23:15,0.013372
2025-09-26 23:30,0.024365
2025-09-26 23:45,0.108064
2025-09-27 00:00,0.0
2025-09-27 00:15,0.0
2025-09-27 00:30,0.001598
2025-09-27 00:45,0.0
2025-09-27 01:00,0.0
2025-09-27 01:15,0.002768
2025-09-27 01:30,0.001442
2025-09-27 01:45,0.150069
2025-09-27 02:00,0.091223
2025-09-27 02:15,0.061224
2025-09-27 02:30,0.0
2025-09-27 02:45,0.0
2025-09-27 03:00,0.0
2025-09-27 03:15,0.003703
2025-09-27 03:30,0.0
2025-09-27 03:45,0.018225
2025-09-27 04:00,0.0
2025-09-27 04:15,0.0
2025-09-27 04:30,0.0
2025-09-27 04:45,0.031616
2025-09-27 05:00,0.003489
2025-09-27 05:15,0.0
2025-09-27 05:30,0.001442
2025-09-27 05:45,0.112079
2025-09-27 06:00,0.0
2025-09-27 06:15,0.0
2025-09-27 06:30,0.0
2025-09-27 06:45,0.027698
2025-09-27 07:00,0.059334
2025-09-27 07:15,0.007933
2025-09-27 07:30,0.0
2025-09-27 07:45,0.0
2025-09-27 08:00,0.020662
2025-09-27 08:15,0.0
2025-09-27 08:30,0.0
2025-09-27 08:45,0.007524
2025-09-27 09:00,0.001442
2025-09-27 09:15,0.055923
2025-09-27 09:30,0.09746
2025-09-27 09:45,0.004639
2025-09-27 10:00,0.001969
2025-09-27 10:15,0.001442
2025-09-27 10:30,0.001481
2025-09-27 10:45,0.0
2025-09-27 11:00,0.001442
2025-09-27 11:15,0.15274
2025-09-27 11:30,0.04873
2025-09-27 11:45,0.09746
2025-09-27 12:00,0.296123
2025-09-27 12:15,0.458589
2025-09-27 12:30,0.757617
2025-09-27 12:45,0.122644
2025-09-27 13:00,0.0
2025-09-27 13:15,0.052122
2025-09-27 13:30,0.0
2025-09-27 13:45,0.073095
2025-09-27 14:00,0.203555
2025-09-27 14:15,0.02608
2025-09-27 14:30,0.0
2025-09-27 14:45,0.001852
2025-09-27 15:00,0.0
2025-09-27 15:15,0.035281
2025-09-27 15:30,0.0
2025-09-27 15:45,0.029667
2025-09-27 16:00,0.078397
2025-09-27 16:15,0.0
2025-09-27 16:30,0.0
2025-09-27 16:45,0.0
2025-09-27 17:00,0.178001
2025-09-27 17:15,0.086486
2025-09-27 17:30,0.0
2025-09-27 17:45,0.0
2025-09-27 18:00,0.0
2025-09-27 18:15,0.0
2025-09-27 18:30,0.180106
2025-09-27 18:45,0.278034
2025-09-27 19:00,0.09746
2025-09-27 19:15,0.035066
2025-09-27 19:30,0.118668
2025-09-27 19:45,0.001657
2025-09-27 20:00,0.068378
2025-09-27 20:15,0.207668
2025-09-27 20:30,0.011734
2025-09-27 20:45,0.0
2025-09-27 21:00,0.0
2025-09-27 21:15,0.0
2025-09-27 21:30,0.001988
2025-09-27 21:45,0.029667
2025-09-27 22:00,0.032981
2025-09-27 22:15,0.0
2025-09-27 22:30,0.0
2025-09-27 22:45,0.001696
2025-09-27 23:00,0.000741
2025-09-27 23:15,0.0
2025-09-27 23:30,0.003119
2025-09-27 23:45,0.001053
2025-09-28 00:00,0.0
2025-09-28 00:15,0.033799
2025-09-28 00:30,0.282635
2025-09-28 00:45,0.454652
2025-09-28 01:00,0.411477
2025-09-28 01:15,0.0
2025-09-28 01:30,0.029667
2025-09-28 01:45,0.0
2025-09-28 02:00,0.0
2025-09-28 02:15,0.0
2025-09-28 02:30,0.032883
2025-09-28 02:45,0.001813
2025-09-28 03:00,0.0
2025-09-28 03:15,0.0
2025-09-28 03:30,0.0
2025-09-28 03:45,0.0
2025-09-28 04:00,0.029667
2025-09-28 04:15,0.0
2025-09-28 04:30,0.0
2025-09-28 04:45,0.0
2025-09-28 05:00,0.005692
2025-09-28 05:15,0.0
2025-09-28 05:30,0.0
2025-09-28 05:45,0.0
2025-09-28 06:00,0.0
2025-09-28 06:15,0.0
2025-09-28 06:30,0.121552
2025-09-28 06:45,0.150381
2025-09-28 07:00,0.121552
2025-09-28 07:15,0.179444
2025-09-28 07:30,0.153461
2025-09-28 07:45,0.328714
2025-09-28 08:00,0.089001
2025-09-28 08:15,0.089001
2025-09-28 08:30,0.059334
2025-09-28 08:45,0.002807
2025-09-28 09:00,0.024365
2025-09-28 09:15,0.024365
2025-09-28 09:30,0.219968
2025-09-28 09:45,0.434887
2025-09-28 10:00,0.327408
2025-09-28 10:15,0.293979
2025-09-28 10:30,0.050173
2025-09-28 10:45,0.063934
2025-09-28 11:00,0.0
2025-09-28 11:15,0.001813
2025-09-28 11:30,0.0
2025-09-28 11:45,0.0
2025-09-28 12:00,0.078748
2025-09-28 12:15,0.578641
2025-09-28 12:30,0.992788
2025-09-28 12:45,0.20644
2025-09-28 13:00,0.205388
2025-09-28 13:15,0.46853
2025-09-28 13:30,0.368828
2025-09-28 13:45,0.893476
2025-09-28 14:00,0.457829
2025-09-28 14:15,0.063661
2025-09-28 14:30,0.472506
2025-09-28 14:45,0.591739
2025-09-28 15:00,0.746993
2025-09-28 15:15,0.993236
2025-09-28 15:30,0.17461
2025-09-28 15:45,0.0
2025-09-28 16:00,0.073095
2025-09-28 16:15,0.325459
2025-09-28 16:30,0.19492
2025-09-28 16:45,0.148178
2025-09-28 17:00,0.126016
2025-09-28 17:15,0.029647
2025-09-28 17:30,0.0
2025-09-28 17:45,0.0
2025-09-28 18:00,0.0
2025-09-28 18:15,0.0
2025-09-28 18:30,0.0
2025-09-28 18:45,0.029667
2025-09-28 19:00,0.0
2025-09-28 19:15,0.0
2025-09-28 19:30,0.0
2025-09-28 19:45,0.0
2025-09-28 20:00,0.0
2025-09-28 20:15,0.0
2025-09-28 20:30,0.0
2025-09-28 20:45,0.004093
2025-09-28 21:00,0.0
2025-09-28 21:15,0.0
2025-09-28 21:30,0.0
2025-09-28 21:45,0.0
2025-09-28 22:00,0.0
2025-09-28 22:15,0.048555
2025-09-28 22:30,0.0
2025-09-28 22:45,0.044988
2025-09-28 23:00,0.025613
2025-09-28 23:15,0.238836
2025-09-28 23:30,0.123891
2025-09-28 23:45,0.16077
2025-09-29 00:00,0.004542
2025-09-29 00:15,0.0
2025-09-29 00:30,0.04873
2025-09-29 00:45,0.0
2025-09-29 01:00,0.0
2025-09-29 01:15,0.059334
2025-09-29 01:30,0.0
2025-09-29 01:45,0.0
2025-09-29 02:00,0.0
2025-09-29 02:15,0.001891
2025-09-29 02:30,0.0
2025-09-29 02:45,0.001969
2025-09-29 03:00,0.059334
2025-09-29 03:15,0.0
2025-09-29 03:30,0.0
2025-09-29 03:45,0.0
2025-09-29 04:00,0.076565
2025-09-29 04:15,0.0
2025-09-29 04:30,0.0
2025-09-29 04:45,0.0
2025-09-29 05:00,0.0
2025-09-29 05:15,0.0
2025-09-29 05:30,0.001442
2025-09-29 05:45,0.0
2025-09-29 06:00,0.0
2025-09-29 06:15,0.002203
2025-09-29 06:30,0.0
2025-09-29 06:45,0.0
2025-09-29 07:00,0.0
2025-09-29 07:15,0.0
2025-09-29 07:30,0.001442
2025-09-29 07:45,0.0
2025-09-29 08:00,0.0
2025-09-29 08:15,0.0
2025-09-29 08:30,0.0
2025-09-29 08:45,0.0
2025-09-29 09:00,0.029043
2025-09-29 09:15,0.0
2025-09-29 09:30,0.003626
2025-09-29 09:45,0.0
2025-09-29 10:00,0.024365
2025-09-29 10:15,0.0
2025-09-29 10:30,0.0
2025-09-29 10:45,0.0
2025-09-29 11:00,0.078397
2025-09-29 11:15,0.059334
2025-09-29 11:30,0.0
2025-09-29 11:45,0.002203
2025-09-29 12:00,0.0
2025-09-29 12:15,0.058164
2025-09-29 12:30,0.062511
2025-09-29 12:45,0.037483
2025-09-29 13:00,0.029667
2025-09-29 13:15,0.0
2025-09-29 13:30,0.058437
2025-09-29 13:45,0.055279
2025-09-29 14:00,0.050095
2025-09-29 14:15,0.065961
2025-09-29 14:30,0.0
2025-09-29 14:45,0.245541
2025-09-29 15:00,0.14619
2025-09-29 15:15,0.0
2025-09-29 15:30,0.251798
2025-09-29 15:45,0.099663
2025-09-29 16:00,0.00577
2025-09-29 16:15,0.060776
2025-09-29 16:30,0.0
2025-09-29 16:45,0.0
2025-09-29 17:00,0.080522
2025-09-29 17:15,0.0
2025-09-29 17:30,0.0
2025-09-29 17:45,0.0
2025-09-29 18:00,0.074966
2025-09-29 18:15,0.228466
2025-09-29 18:30,0.04873
2025-09-29 18:45,0.0
2025-09-29 19:00,0.0
2025-09-29 19:15,0.0
2025-09-29 19:30,0.0
2025-09-29 19:45,0.0
2025-09-29 20:00,0.0
2025-09-29 20:15,0.059334
2025-09-29 20:30,0.0
2025-09-29 20:45,0.0
2025-09-29 21:00,0.0
2025-09-29 21:15,0.03109
2025-09-29 21:30,0.0
2025-09-29 21:45,0.0
2025-09-29 22:00,0.0
2025-09-29 22:15,0.00191
2025-09-29 22:30,0.0
2025-09-29 22:45,0.0
2025-09-29 23:00,0.079703
2025-09-29 23:15,0.033448
2025-09-29 23:30,0.0
2025-09-29 23:45,0.172485
2025-09-30 00:00,0.003742
2025-09-30 00:15,0.0
2025-09-30 00:30,0.0
2025-09-30 00:45,0.0
2025-09-30 01:00,0.0
2025-09-30 01:15,0.0
2025-09-30 01:30,0.02725
2025-09-30 01:45,0.024365
2025-09-30 02:00,0.0
2025-09-30 02:15,0.001442
2025-09-30 02:30,0.0
2025-09-30 02:45,0.115042
2025-09-30 03:00,0.0
2025-09-30 03:15,0.0
2025-09-30 03:30,0.0
2025-09-30 03:45,0.0
2025-09-30 04:00,0.00191
2025-09-30 04:15,0.030875
2025-09-30 04:30,0.0
2025-09-30 04:45,0.001442
2025-09-30 05:00,0.12011
2025-09-30 05:15,0.0
2025-09-30 05:30,0.12011
2025-09-30 05:45,0.180243
2025-09-30 06:00,0.178001
2025-09-30 06:15,0.062219
2025-09-30 06:30,0.0
2025-09-30 06:45,0.0
2025-09-30 07:00,0.0
2025-09-30 07:15,0.0
2025-09-30 07:30,0.0
2025-09-30 07:45,0.0
2025-09-30 08:00,0.0
2025-09-30 08:15,0.0
2025-09-30 08:30,0.278346
2025-09-30 08:45,0.052667
2025-09-30 09:00,0.078338
2025-09-30 09:15,0.059334
2025-09-30 09:30,0.059334
2025-09-30 09:45,0.0
2025-09-30 10:00,0.0
2025-09-30 10:15,0.0
2025-09-30 10:30,0.001988
2025-09-30 10:45,0.545875
2025-09-30 11:00,0.106602
2025-09-30 11:15,0.114808
2025-09-30 11:30,0.0
2025-09-30 11:45,0.001442
2025-09-30 12:00,0.008499
2025-09-30 12:15,0.173733
2025-09-30 12:30,0.091885
2025-09-30 12:45,0.151219
2025-09-30 13:00,0.263552
2025-09-30 13:15,0.182835
2025-09-30 13:30,0.0
2025-09-30 13:45,0.00193
2025-09-30 14:00,0.024365
2025-09-30 14:15,1.0
2025-09-30 14:30,0.825605
2025-09-30 14:45,0.106543
2025-09-30 15:00,0.0
2025-09-30 15:15,0.226439
2025-09-30 15:30,0.200105
2025-09-30 15:45,0.075317
2025-09-30 16:00,0.0
2025-09-30 16:15,0.167398
2025-09-30 16:30,0.289223
2025-09-30 16:45,0.0
2025-09-30 17:00,0.0
2025-09-30 17:15,0.211099
2025-09-30 17:30,0.056897
2025-09-30 17:45,0.0
2025-09-30 18:00,0.059334
2025-09-30 18:15,0.0
2025-09-30 18:30,0.0
2025-09-30 18:45,0.059334
2025-09-30 19:00,0.0
2025-09-30 19:15,0.0
2025-09-30 19:30,0.003314
2025-09-30 19:45,0.029667
2025-09-30 20:00,0.0
2025-09-30 20:15,0.0
2025-09-30 20:30,0.02723
2025-09-30 20:45,0.028497
2025-09-30 21:00,0.0
2025-09-30 21:15,0.0
2025-09-30 21:30,0.0
2025-09-30 21:45,0.0
2025-09-30 22:00,0.0
2025-09-30 22:15,0.0
2025-09-30 22:30,0.104204
2025-09-30 22:45,0.032532
2025-09-30 23:00,0.004639
2025-09-30 23:15,0.088552
2025-09-30 23:30,0.0
2025-09-30 23:45,0.305869
2025-10-01 00:00,0.002651
2025-10-01 00:00,0.00239
2025-10-01 00:15,0.0
2025-10-01 00:30,0.0
2025-10-01 00:45,0.0
2025-10-01 01:00,0.001125
2025-10-01 01:15,0.00986
2025-10-01 01:30,0.0
2025-10-01 01:45,0.0
2025-10-01 02:00,0.0
2025-10-01 02:15,0.001301
2025-10-01 02:30,0.0
2025-10-01 02:45,0.0
2025-10-01 03:00,0.02197
2025-10-01 03:15,0.0
2025-10-01 03:30,0.0
2025-10-01 03:45,0.043738
2025-10-01 04:00,0.070656
2025-10-01 04:15,0.012936
2025-10-01 04:30,0.0
2025-10-01 04:45,0.106934
2025-10-01 05:00,0.097302
2025-10-01 05:15,0.066218
2025-10-01 05:30,0.092609
2025-10-01 05:45,0.123842
2025-10-01 06:00,0.218596
2025-10-01 06:15,0.303208
2025-10-01 06:30,0.244819
2025-10-01 06:45,0.152034
2025-10-01 07:00,0.114966
2025-10-01 07:15,0.026681
2025-10-01 07:30,0.232358
2025-10-01 07:45,0.061447
2025-10-01 08:00,0.0438
2025-10-01 08:15,0.0
2025-10-01 08:30,0.0
2025-10-01 08:45,0.026751
2025-10-01 09:00,0.02197
2025-10-01 09:15,0.066878
2025-10-01 09:30,0.107004
2025-10-01 09:45,0.147781
2025-10-01 10:00,0.135109
2025-10-01 10:15,0.108375
2025-10-01 10:30,0.261253
2025-10-01 10:45,0.374673
2025-10-01 11:00,0.085719
2025-10-01 11:15,0.0
2025-10-01 11:30,0.001969
2025-10-01 11:45,0.0
2025-10-01 12:00,0.263169
2025-10-01 12:15,0.228614
2025-10-01 12:30,0.122401
2025-10-01 12:45,0.092451
2025-10-01 13:00,0.093822
2025-10-01 13:15,0.095298
2025-10-01 13:30,0.144986
2025-10-01 13:45,0.060322
2025-10-01 14:00,0.0
2025-10-01 14:15,0.043941
2025-10-01 14:30,0.054275
2025-10-01 14:45,0.015643
2025-10-01 15:00,0.022849
2025-10-01 15:15,0.0
2025-10-01 15:30,0.166605
2025-10-01 15:45,0.057843
2025-10-01 16:00,0.008806
2025-10-01 16:15,0.00355
2025-10-01 16:30,0.333158
2025-10-01 16:45,0.119255
2025-10-01 17:00,0.001283
2025-10-01 17:15,0.0
2025-10-01 17:30,0.017576
2025-10-01 17:45,0.001301
2025-10-01 18:00,0.052904
2025-10-01 18:15,0.0
2025-10-01 18:30,0.0
2025-10-01 18:45,0.0
2025-10-01 19:00,0.0
2025-10-01 19:15,0.0
2025-10-01 19:30,0.0
2025-10-01 19:45,0.0
2025-10-01 20:00,0.001441
2025-10-01 20:15,0.0
2025-10-01 20:30,0.0
2025-10-01 20:45,0.0
2025-10-01 21:00,0.0
2025-10-01 21:15,0.0
2025-10-01 21:30,0.0
2025-10-01 21:45,0.0
2025-10-01 22:00,0.0
2025-10-01 22:15,0.0
2025-10-01 22:30,0.0
2025-10-01 22:45,0.092346
2025-10-01 23:00,0.065911
2025-10-01 23:15,0.02248
2025-10-01 23:30,0.001722
2025-10-01 23:45,0.007646
2025-10-02 00:00,0.0
2025-10-02 00:15,0.0
2025-10-02 00:30,0.0
2025-10-02 00:45,0.0
2025-10-02 01:00,0.0
2025-10-02 01:15,0.0
2025-10-02 01:30,0.026751
2025-10-02 01:45,0.0
2025-10-02 02:00,0.001512
2025-10-02 02:15,0.043941
2025-10-02 02:30,0.0
2025-10-02 02:45,0.026751
2025-10-02 03:00,0.0
2025-10-02 03:15,0.0
2025-10-02 03:30,0.003234
2025-10-02 03:45,0.00413
2025-10-02 04:00,0.0
2025-10-02 04:15,0.0
2025-10-02 04:30,0.02197
2025-10-02 04:45,0.016258
2025-10-02 05:00,0.003726
2025-10-02 05:15,0.0
2025-10-02 05:30,0.002601
2025-10-02 05:45,0.0
2025-10-02 06:00,0.053221
2025-10-02 06:15,0.0
2025-10-02 06:30,0.0
2025-10-02 06:45,0.026751
2025-10-02 07:00,0.0
2025-10-02 07:15,0.0
2025-10-02 07:30,0.116126
2025-10-02 07:45,0.01334
2025-10-02 08:00,0.001301
2025-10-02 08:15,0.01334
2025-10-02 08:30,0.001327
2025-10-02 08:45,0.02197
2025-10-02 09:00,0.083698
2025-10-02 09:15,0.028421
2025-10-02 09:30,0.0
2025-10-02 09:45,0.0
2025-10-02 10:00,0.043941
2025-10-02 10:15,0.0
2025-10-02 10:30,0.009175
2025-10-02 10:45,0.352474
2025-10-02 11:00,0.120485
2025-10-02 11:15,0.060849
2025-10-02 11:30,0.0
2025-10-02 11:45,0.001301
2025-10-02 12:00,0.0
2025-10-02 12:15,0.000668
2025-10-02 12:30,0.0
2025-10-02 12:45,0.0
2025-10-02 13:00,0.035697
2025-10-02 13:15,0.040496
2025-10-02 13:30,0.159873
2025-10-02 13:45,0.249881
2025-10-02 14:00,0.384814
2025-10-02 14:15,0.103647
2025-10-02 14:30,0.124194
2025-10-02 14:45,0.037701
2025-10-02 15:00,0.122682
2025-10-02 15:15,0.099569
2025-10-02 15:30,0.067071
2025-10-02 15:45,0.005238
2025-10-02 16:00,0.0
2025-10-02 16:15,0.091326
2025-10-02 16:30,0.120714
2025-10-02 16:45,0.18209
2025-10-02 17:00,0.026681
2025-10-02 17:15,0.055963
2025-10-02 17:30,0.098198
2025-10-02 17:45,0.0
2025-10-02 18:00,0.160506
2025-10-02 18:15,0.0
2025-10-02 18:30,0.0
2025-10-02 18:45,0.0
2025-10-02 19:00,0.0
2025-10-02 19:15,0.026751
2025-10-02 19:30,0.0
2025-10-02 19:45,0.0
2025-10-02 20:00,0.0
2025-10-02 20:15,0.053502
2025-10-02 20:30,0.001301
2025-10-02 20:45,0.0
2025-10-02 21:00,0.0
2025-10-02 21:15,0.0
2025-10-02 21:30,0.0
2025-10-02 21:45,0.0
2025-10-02 22:00,0.096704
2025-10-02 22:15,0.043941
2025-10-02 22:30,0.00167
2025-10-02 22:45,0.001301
2025-10-02 23:00,0.152984
2025-10-02 23:15,0.029352
2025-10-02 23:30,0.193321
2025-10-02 23:45,0.0
2025-10-03 00:00,0.0
2025-10-03 00:15,0.0
2025-10-03 00:30,0.0
2025-10-03 00:45,0.0
2025-10-03 01:00,0.0
2025-10-03 01:15,0.0
2025-10-03 01:30,0.0
2025-10-03 01:45,0.0
2025-10-03 02:00,0.0
2025-10-03 02:15,0.0
2025-10-03 02:30,0.003269
2025-10-03 02:45,0.0
2025-10-03 03:00,0.0
2025-10-03 03:15,0.0
2025-10-03 03:30,0.0
2025-10-03 03:45,0.0
2025-10-03 04:00,0.0
2025-10-03 04:15,0.001652
2025-10-03 04:30,0.00355
2025-10-03 04:45,0.0
2025-10-03 05:00,0.0
2025-10-03 05:15,0.0
2025-10-03 05:30,0.0
2025-10-03 05:45,0.0
2025-10-03 06:00,0.0
2025-10-03 06:15,0.0
2025-10-03 06:30,0.0
2025-10-03 06:45,0.053502
2025-10-03 07:00,0.0
2025-10-03 07:15,0.0
2025-10-03 07:30,0.043941
2025-10-03 07:45,0.0
2025-10-03 08:00,0.0
2025-10-03 08:15,0.0
2025-10-03 08:30,0.001793
2025-10-03 08:45,0.0
2025-10-03 09:00,0.0
2025-10-03 09:15,0.0
2025-10-03 09:30,0.001301
2025-10-03 09:45,0.0
2025-10-03 10:00,0.001301
2025-10-03 10:15,0.0
2025-10-03 10:30,0.0
2025-10-03 10:45,0.0
2025-10-03 11:00,0.0
2025-10-03 11:15,0.0
2025-10-03 11:30,0.0
2025-10-03 11:45,0.020828
2025-10-03 12:00,0.023025
2025-10-03 12:15,0.053502
2025-10-03 12:30,0.0
2025-10-03 12:45,0.023306
2025-10-03 13:00,0.0
2025-10-03 13:15,0.026751
2025-10-03 13:30,0.01443
2025-10-03 13:45,0.068407
2025-10-03 14:00,0.066456
2025-10-03 14:15,0.028052
2025-10-03 14:30,0.133755
2025-10-03 14:45,0.040074
2025-10-03 15:00,0.101081
2025-10-03 15:15,0.0
2025-10-03 15:30,0.160032
2025-10-03 15:45,0.098541
2025-10-03 16:00,0.025187
2025-10-03 16:15,0.169224
2025-10-03 16:30,0.144705
2025-10-03 16:45,0.0
2025-10-03 17:00,0.077248
2025-10-03 17:15,0.049073
2025-10-03 17:30,0.211548
2025-10-03 17:45,0.168134
2025-10-03 18:00,0.041656
2025-10-03 18:15,0.041656
2025-10-03 18:30,0.047579
2025-10-03 18:45,0.04888
2025-10-03 19:00,0.053502
2025-10-03 19:15,0.0
2025-10-03 19:30,0.026751
2025-10-03 19:45,0.020828
2025-10-03 20:00,0.026751
2025-10-03 20:15,0.0
2025-10-03 20:30,0.053502
2025-10-03 20:45,0.026751
2025-10-03 21:00,0.053502
2025-10-03 21:15,0.068407
2025-10-03 21:30,0.151244
2025-10-03 21:45,0.041656
2025-10-03 22:00,0.11537
2025-10-03 22:15,0.07433
2025-10-03 22:30,0.126584
2025-10-03 22:45,0.0
2025-10-03 23:00,0.0
2025-10-03 23:15,0.0
2025-10-03 23:30,0.0
2025-10-03 23:45,0.0
2025-10-04 00:00,0.095808
2025-10-04 00:15,0.054803
2025-10-04 00:30,0.21791
2025-10-04 00:45,0.388048
2025-10-04 01:00,0.0
2025-10-04 01:15,0.053502
2025-10-04 01:30,0.022849
2025-10-04 01:45,0.053502
2025-10-04 02:00,0.107004
2025-10-04 02:15,0.12516
2025-10-04 02:30,0.0
2025-10-04 02:45,0.004412
2025-10-04 03:00,0.191159
2025-10-04 03:15,0.001301
2025-10-04 03:30,0.338448
2025-10-04 03:45,0.045839
2025-10-04 04:00,0.517471
2025-10-04 04:15,0.127762
2025-10-04 04:30,0.0
2025-10-04 04:45,0.048018
2025-10-04 05:00,0.349451
2025-10-04 05:15,0.270727
2025-10-04 05:30,0.06345
2025-10-04 05:45,0.310739
2025-10-04 06:00,0.092381
2025-10-04 06:15,0.0
2025-10-04 06:30,0.007584
2025-10-04 06:45,0.002039
2025-10-04 07:00,0.0
2025-10-04 07:15,0.055277
2025-10-04 07:30,0.054381
2025-10-04 07:45,0.003603
2025-10-04 08:00,0.001793
2025-10-04 08:15,0.467194
2025-10-04 08:30,0.086581
2025-10-04 08:45,0.0
2025-10-04 09:00,0.0219
2025-10-04 09:15,0.01095
2025-10-04 09:30,0.045224
2025-10-04 09:45,0.001635
2025-10-04 10:00,0.001301
2025-10-04 10:15,0.037042
2025-10-04 10:30,0.009878
2025-10-04 10:45,0.0
2025-10-04 11:00,0.055453
2025-10-04 11:15,0.069707
2025-10-04 11:30,0.004183
2025-10-04 11:45,0.049846
2025-10-04 12:00,0.025819
2025-10-04 12:15,0.0
2025-10-04 12:30,0.415854
2025-10-04 12:45,0.557448
2025-10-04 13:00,0.446823
2025-10-04 13:15,0.004623
2025-10-04 13:30,0.158002
2025-10-04 13:45,0.108094
2025-10-04 14:00,0.111363
2025-10-04 14:15,0.318455
2025-10-04 14:30,0.714843
2025-10-04 14:45,0.857211
2025-10-04 15:00,0.976799
2025-10-04 15:15,1.0
2025-10-04 15:30,0.592179
2025-10-04 15:45,0.402935
2025-10-04 16:00,0.494666
2025-10-04 16:15,0.366218
2025-10-04 16:30,0.0
2025-10-04 16:45,0.08463
2025-10-04 17:00,0.0
2025-10-04 17:15,0.002601
2025-10-04 17:30,0.172528
2025-10-04 17:45,0.20392
2025-10-04 18:00,0.028386
2025-10-04 18:15,0.0
2025-10-04 18:30,0.006292
2025-10-04 18:45,0.0
2025-10-04 19:00,0.003515
2025-10-04 19:15,0.069215
2025-10-04 19:30,0.001301
2025-10-04 19:45,0.026751
2025-10-04 20:00,0.002584
2025-10-04 20:15,0.0
2025-10-04 20:30,0.054803
2025-10-04 20:45,0.731488
2025-10-04 21:00,0.133755
2025-10-04 21:15,0.872273
2025-10-04 21:30,0.0
2025-10-04 21:45,0.0
2025-10-04 22:00,0.158573
2025-10-04 22:15,0.583654
2025-10-04 22:30,0.734036
2025-10-04 22:45,0.56766
2025-10-04 23:00,0.758977
2025-10-04 23:15,0.182898
2025-10-04 23:30,0.023271
2025-10-04 23:45,0.001301
2025-10-05 00:00,0.02197
2025-10-05 00:15,0.0
2025-10-05 00:30,0.0
2025-10-05 00:45,0.461939
2025-10-05 01:00,0.295105
2025-10-05 01:15,0.112892
2025-10-05 01:30,0.159627
2025-10-05 01:45,0.306002
2025-10-05 02:00,0.22255
2025-10-05 02:15,0.0
2025-10-05 02:30,0.026751
2025-10-05 02:45,0.033272
2025-10-05 03:00,0.014254
2025-10-05 03:15,0.0
2025-10-05 03:30,0.00355
2025-10-05 03:45,0.000615
2025-10-05 04:00,0.0
2025-10-05 04:15,0.026751
2025-10-05 04:30,0.002241
2025-10-05 04:45,0.001301
2025-10-05 05:00,0.0
2025-10-05 05:15,0.001441
2025-10-05 05:30,0.0
2025-10-05 05:45,0.023605
2025-10-05 06:00,0.0
2025-10-05 06:15,0.109289
2025-10-05 06:30,0.0
2025-10-05 06:45,0.0
2025-10-05 07:00,0.057966
2025-10-05 07:15,0.05134
2025-10-05 07:30,0.012075
2025-10-05 07:45,0.0
2025-10-05 08:00,0.0
2025-10-05 08:15,0.0
2025-10-05 08:30,0.087881
2025-10-05 08:45,0.131822
2025-10-05 09:00,0.078425
2025-10-05 09:15,0.012672
2025-10-05 09:30,0.0
2025-10-05 09:45,0.0
2025-10-05 10:00,0.087881
2025-10-05 10:15,0.383847
2025-10-05 10:30,0.0438
2025-10-05 10:45,0.0
2025-10-05 11:00,0.0
2025-10-05 11:15,0.0
2025-10-05 11:30,0.01095
2025-10-05 11:45,0.01095
2025-10-05 12:00,0.002601
2025-10-05 12:15,0.003375
2025-10-05 12:30,0.005132
2025-10-05 12:45,0.0
2025-10-05 13:00,0.001441
2025-10-05 13:15,0.0
2025-10-05 13:30,0.001617
2025-10-05 13:45,0.047104
2025-10-05 14:00,0.025556
2025-10-05 14:15,0.01095
2025-10-05 14:30,0.094947
2025-10-05 14:45,0.084137
2025-10-05 15:00,0.0
2025-10-05 15:15,0.0
2025-10-05 15:30,0.169259
2025-10-05 15:45,0.245118
2025-10-05 16:00,0.096476
2025-10-05 16:15,0.0
2025-10-05 16:30,0.0
2025-10-05 16:45,0.028298
2025-10-05 17:00,0.0
2025-10-05 17:15,0.0
2025-10-05 17:30,0.0
2025-10-05 17:45,0.001635
2025-10-05 18:00,0.0
2025-10-05 18:15,0.0
2025-10-05 18:30,0.0
2025-10-05 18:45,0.0
2025-10-05 19:00,0.0
2025-10-05 19:15,0.0
2025-10-05 19:30,0.0
2025-10-05 19:45,0.026751
2025-10-05 20:00,0.052729
2025-10-05 20:15,0.0
2025-10-05 20:30,0.0
2025-10-05 20:45,0.0
2025-10-05 21:00,0.0
2025-10-05 21:15,0.0
2025-10-05 21:30,0.0
2025-10-05 21:45,0.055348
2025-10-05 22:00,0.001301
2025-10-05 22:15,0.015414
2025-10-05 22:30,0.026751
2025-10-05 22:45,0.0
2025-10-05 23:00,0.0
2025-10-05 23:15,0.0
2025-10-05 23:30,0.003955
2025-10-05 23:45,0.010282
2025-10-06 00:00,0.080253
2025-10-06 00:15,0.137657
2025-10-06 00:30,0.505809
2025-10-06 00:45,0.1636
2025-10-06 01:00,0.0
2025-10-06 01:15,0.00109
2025-10-06 01:30,0.0
2025-10-06 01:45,0.0
2025-10-06 02:00,0.011969
2025-10-06 02:15,0.0
2025-10-06 02:30,0.026751
2025-10-06 02:45,0.090939
2025-10-06 03:00,0.0
2025-10-06 03:15,0.020951
2025-10-06 03:30,0.001635
2025-10-06 03:45,0.0
2025-10-06 04:00,0.04786
2025-10-06 04:15,0.0
2025-10-06 04:30,0.159065
2025-10-06 04:45,0.078513
2025-10-06 05:00,0.053502
2025-10-06 05:15,0.0
2025-10-06 05:30,0.0
2025-10-06 05:45,0.0
2025-10-06 06:00,0.0
2025-10-06 06:15,0.02197
2025-10-06 06:30,0.001283
2025-10-06 06:45,0.062378
2025-10-06 07:00,0.293875
2025-10-06 07:15,0.220722
2025-10-06 07:30,0.322805
2025-10-06 07:45,0.080253
2025-10-06 08:00,0.0
2025-10-06 08:15,0.0
2025-10-06 08:30,0.0
2025-10-06 08:45,0.0
2025-10-06 09:00,0.046893
2025-10-06 09:15,0.026751
2025-10-06 09:30,0.0
2025-10-06 09:45,0.003006
2025-10-06 10:00,0.0
2025-10-06 10:15,0.026751
2025-10-06 10:30,0.001635
2025-10-06 10:45,0.054627
2025-10-06 11:00,0.026751
2025-10-06 11:15,0.005361
2025-10-06 11:30,0.0
2025-10-06 11:45,0.028052
2025-10-06 12:00,0.001301
2025-10-06 12:15,0.108639
2025-10-06 12:30,0.01262
2025-10-06 12:45,0.146006
2025-10-06 13:00,0.016205
2025-10-06 13:15,0.02197
2025-10-06 13:30,0.02197
2025-10-06 13:45,0.07259
2025-10-06 14:00,0.153634
2025-10-06 14:15,0.001222
2025-10-06 14:30,0.028052
2025-10-06 14:45,0.054732
2025-10-06 15:00,0.004675
2025-10-06 15:15,0.078671
2025-10-06 15:30,0.134423
2025-10-06 15:45,0.0
2025-10-06 16:00,0.016399
2025-10-06 16:15,0.243413
2025-10-06 16:30,0.182863
2025-10-06 16:45,0.179207
2025-10-06 17:00,0.085456
2025-10-06 17:15,0.041392
2025-10-06 17:30,0.015942
2025-10-06 17:45,0.024572
2025-10-06 18:00,0.001301
2025-10-06 18:15,0.0
2025-10-06 18:30,0.005378
2025-10-06 18:45,0.0
2025-10-06 19:00,0.0
2025-10-06 19:15,0.0
2025-10-06 19:30,0.0
2025-10-06 19:45,0.0
2025-10-06 20:00,0.0
2025-10-06 20:15,0.0
2025-10-06 20:30,0.0
2025-10-06 20:45,0.0
2025-10-06 21:00,0.0
2025-10-06 21:15,0.0
2025-10-06 21:30,0.0
2025-10-06 21:45,0.0
2025-10-06 22:00,0.0
2025-10-06 22:15,0.053502
2025-10-06 22:30,0.026751
2025-10-06 22:45,0.001301
2025-10-06 23:00,0.0
2025-10-06 23:15,0.01269
2025-10-06 23:30,0.001301
2025-10-06 23:45,0.0
2025-10-07 00:00,0.0
2025-10-07 00:15,0.0
2025-10-07 00:30,0.001722
2025-10-07 00:45,0.0
2025-10-07 01:00,0.025486
2025-10-07 01:15,0.0
2025-10-07 01:30,0.081554
2025-10-07 01:45,0.107004
2025-10-07 02:00,0.053502
2025-10-07 02:15,0.0
2025-10-07 02:30,0.0
2025-10-07 02:45,0.0
2025-10-07 03:00,0.0
2025-10-07 03:15,0.01095
2025-10-07 03:30,0.02197
2025-10-07 03:45,0.00355
2025-10-07 04:00,0.0
2025-10-07 04:15,0.0
2025-10-07 04:30,0.0
2025-10-07 04:45,0.0
2025-10-07 05:00,0.001635
2025-10-07 05:15,0.026751
2025-10-07 05:30,0.01334
2025-10-07 05:45,0.0
2025-10-07 06:00,0.032288
2025-10-07 06:15,0.003199
2025-10-07 06:30,0.0
2025-10-07 06:45,0.0
2025-10-07 07:00,0.0
2025-10-07 07:15,0.001265
2025-10-07 07:30,0.0
2025-10-07 07:45,0.002302
2025-10-07 08:00,0.078144
2025-10-07 08:15,0.0
2025-10-07 08:30,0.0
2025-10-07 08:45,0.0
2025-10-07 09:00,0.0
2025-10-07 09:15,0.02197
2025-10-07 09:30,0.0
2025-10-07 09:45,0.342807
2025-10-07 10:00,0.109605
2025-10-07 10:15,0.067212
2025-10-07 10:30,0.0
2025-10-07 10:45,0.053502
2025-10-07 11:00,0.0
2025-10-07 11:15,0.0
2025-10-07 11:30,0.02197
2025-10-07 11:45,0.0
2025-10-07 12:00,0.001125
2025-10-07 12:15,0.070692
2025-10-07 12:30,0.274471
2025-10-07 12:45,0.168134
2025-10-07 13:00,0.256349
2025-10-07 13:15,0.18789
2025-10-07 13:30,0.145145
2025-10-07 13:45,0.0
2025-10-07 14:00,0.005097
2025-10-07 14:15,0.033729
2025-10-07 14:30,0.162299
2025-10-07 14:45,0.111029
2025-10-07 15:00,0.059126
2025-10-07 15:15,0.055488
2025-10-07 15:30,0.0
2025-10-07 15:45,0.150453
2025-10-07 16:00,0.061271
2025-10-07 16:15,0.037701
2025-10-07 16:30,0.113402
2025-10-07 16:45,0.02531
2025-10-07 17:00,0.053502
2025-10-07 17:15,0.0
2025-10-07 17:30,0.028544
2025-10-07 17:45,0.0
2025-10-07 18:00,0.0
2025-10-07 18:15,0.0
2025-10-07 18:30,0.0
2025-10-07 18:45,0.001301
2025-10-07 19:00,0.0
2025-10-07 19:15,0.043941
2025-10-07 19:30,0.0
2025-10-07 19:45,0.0
2025-10-07 20:00,0.001635
2025-10-07 20:15,0.0
2025-10-07 20:30,0.0
2025-10-07 20:45,0.003357
2025-10-07 21:00,0.0
2025-10-07 21:15,0.0
2025-10-07 21:30,0.04561
2025-10-07 21:45,0.0
2025-10-07 22:00,0.026751
2025-10-07 22:15,0.058177
2025-10-07 22:30,0.0
2025-10-07 22:45,0.0
2025-10-07 23:00,0.0
2025-10-07 23:15,0.026698
2025-10-07 23:30,0.0
2025-10-07 23:45,0.0
2025-10-08 00:00,0.004166
2025-10-08 00:00,0.002511
2025-10-08 00:15,0.0
2025-10-08 00:30,0.035409
2025-10-08 00:45,0.032251
2025-10-08 01:00,0.017164
2025-10-08 01:15,0.048377
2025-10-08 01:30,0.0
2025-10-08 01:45,0.0
2025-10-08 02:00,0.0
2025-10-08 02:15,0.001589
2025-10-08 02:30,0.0
2025-10-08 02:45,0.0
2025-10-08 03:00,0.013901
2025-10-08 03:15,0.0
2025-10-08 03:30,0.0
2025-10-08 03:45,0.018202
2025-10-08 04:00,0.001695
2025-10-08 04:15,0.081666
2025-10-08 04:30,0.0
2025-10-08 04:45,0.016126
2025-10-08 05:00,0.035239
2025-10-08 05:15,0.0
2025-10-08 05:30,0.0
2025-10-08 05:45,0.0
2025-10-08 06:00,0.0
2025-10-08 06:15,0.0
2025-10-08 06:30,0.0
2025-10-08 06:45,0.032251
2025-10-08 07:00,0.0
2025-10-08 07:15,0.0
2025-10-08 07:30,0.0
2025-10-08 07:45,0.0
2025-10-08 08:00,0.0
2025-10-08 08:15,0.016126
2025-10-08 08:30,0.071315
2025-10-08 08:45,0.043143
2025-10-08 09:00,0.016783
2025-10-08 09:15,0.0
2025-10-08 09:30,0.0
2025-10-08 09:45,0.000678
2025-10-08 10:00,0.0
2025-10-08 10:15,0.0
2025-10-08 10:30,0.0
2025-10-08 10:45,0.0
2025-10-08 11:00,0.032929
2025-10-08 11:15,0.059682
2025-10-08 11:30,0.006601
2025-10-08 11:45,0.0
2025-10-08 12:00,0.0
2025-10-08 12:15,0.0
2025-10-08 12:30,0.008042
2025-10-08 12:45,0.0
2025-10-08 13:00,0.0
2025-10-08 13:15,0.100907
2025-10-08 13:30,0.000784
2025-10-08 13:45,0.0
2025-10-08 14:00,0.003804
2025-10-08 14:15,0.030037
2025-10-08 14:30,0.0
2025-10-08 14:45,0.026488
2025-10-08 15:00,0.010118
2025-10-08 15:15,0.0365
2025-10-08 15:30,0.0
2025-10-08 15:45,0.003963
2025-10-08 16:00,0.024559
2025-10-08 16:15,0.0
2025-10-08 16:30,0.001271
2025-10-08 16:45,0.0
2025-10-08 17:00,0.0
2025-10-08 17:15,0.049352
2025-10-08 17:30,0.082705
2025-10-08 17:45,0.0
2025-10-08 18:00,0.0
2025-10-08 18:15,0.000996
2025-10-08 18:30,0.016126
2025-10-08 18:45,0.000784
2025-10-08 19:00,0.0
2025-10-08 19:15,0.0
2025-10-08 19:30,0.0
2025-10-08 19:45,0.034964
2025-10-08 20:00,0.0
2025-10-08 20:15,0.0
2025-10-08 20:30,0.0
2025-10-08 20:45,0.0
2025-10-08 21:00,0.0
2025-10-08 21:15,0.0
2025-10-08 21:30,0.0
2025-10-08 21:45,0.032251
2025-10-08 22:00,0.0
2025-10-08 22:15,0.0
2025-10-08 22:30,0.001176
2025-10-08 22:45,0.015193
2025-10-08 23:00,0.079653
2025-10-08 23:15,0.01906
2025-10-08 23:30,0.0
2025-10-08 23:45,0.023182
2025-10-09 00:00,0.004874
2025-10-09 00:15,0.000975
2025-10-09 00:30,0.002797
2025-10-09 00:45,0.070743
2025-10-09 01:00,0.001769
2025-10-09 01:15,0.0
2025-10-09 01:30,0.000975
2025-10-09 01:45,0.14832
2025-10-09 02:00,0.033099
2025-10-09 02:15,0.00303
2025-10-09 02:30,0.001769
2025-10-09 02:45,0.000784
2025-10-09 03:00,0.000996
2025-10-09 03:15,0.0
2025-10-09 03:30,0.000975
2025-10-09 03:45,0.000996
2025-10-09 04:00,0.000996
2025-10-09 04:15,0.0
2025-10-09 04:30,0.0
2025-10-09 04:45,0.0
2025-10-09 05:00,0.0
2025-10-09 05:15,0.001759
2025-10-09 05:30,0.001971
2025-10-09 05:45,0.015988
2025-10-09 06:00,0.018541
2025-10-09 06:15,0.000975
2025-10-09 06:30,0.000996
2025-10-09 06:45,0.001992
2025-10-09 07:00,0.0
2025-10-09 07:15,0.001971
2025-10-09 07:30,0.000996
2025-10-09 07:45,0.001992
2025-10-09 08:00,0.001759
2025-10-09 08:15,0.000996
2025-10-09 08:30,0.029624
2025-10-09 08:45,0.013223
2025-10-09 09:00,0.002458
2025-10-09 09:15,0.000996
2025-10-09 09:30,0.0
2025-10-09 09:45,0.001981
2025-10-09 10:00,0.018117
2025-10-09 10:15,0.000996
2025-10-09 10:30,0.009578
2025-10-09 10:45,0.063528
2025-10-09 11:00,0.050157
2025-10-09 11:15,0.065498
2025-10-09 11:30,0.000985
2025-10-09 11:45,0.000975
2025-10-09 12:00,0.000985
2025-10-09 12:15,0.003009
2025-10-09 12:30,0.000975
2025-10-09 12:45,0.009038
2025-10-09 13:00,0.0171
2025-10-09 13:15,0.01424
2025-10-09 13:30,0.004365
2025-10-09 13:45,0.024188
2025-10-09 14:00,0.056863
2025-10-09 14:15,0.079081
2025-10-09 14:30,0.081433
2025-10-09 14:45,0.387703
2025-10-09 15:00,0.158554
2025-10-09 15:15,0.172137
2025-10-09 15:30,0.050369
2025-10-09 15:45,0.03526
2025-10-09 16:00,0.000985
2025-10-09 16:15,0.000996
2025-10-09 16:30,0.001971
2025-10-09 16:45,0.000985
2025-10-09 17:00,0.000996
2025-10-09 17:15,0.000985
2025-10-09 17:30,0.001992
2025-10-09 17:45,0.00178
2025-10-09 18:00,0.002045
2025-10-09 18:15,0.000985
2025-10-09 18:30,0.0
2025-10-09 18:45,0.001981
2025-10-09 19:00,0.00391
2025-10-09 19:15,0.001981
2025-10-09 19:30,0.0
2025-10-09 19:45,0.000975
2025-10-09 20:00,0.0171
2025-10-09 20:15,0.0
2025-10-09 20:30,0.0
2025-10-09 20:45,0.000996
2025-10-09 21:00,0.000996
2025-10-09 21:15,0.000985
2025-10-09 21:30,0.000985
2025-10-09 21:45,0.001971
2025-10-09 22:00,0.003041
2025-10-09 22:15,0.00392
2025-10-09 22:30,0.002988
2025-10-09 22:45,0.005308
2025-10-09 23:00,0.032251
2025-10-09 23:15,0.000996
2025-10-09 23:30,0.001971
2025-10-09 23:45,0.001971
2025-10-10 00:00,0.000784
2025-10-10 00:15,0.033237
2025-10-10 00:30,0.049373
2025-10-10 00:45,0.12376
2025-10-10 01:00,0.080522
2025-10-10 01:15,0.0
2025-10-10 01:30,0.01691
2025-10-10 01:45,0.0
2025-10-10 02:00,0.048525
2025-10-10 02:15,0.000985
2025-10-10 02:30,0.0
2025-10-10 02:45,0.000985
2025-10-10 03:00,0.0
2025-10-10 03:15,0.04167
2025-10-10 03:30,0.0
2025-10-10 03:45,0.002765
2025-10-10 04:00,0.016126
2025-10-10 04:15,0.000985
2025-10-10 04:30,0.0
2025-10-10 04:45,0.0
2025-10-10 05:00,0.0
2025-10-10 05:15,0.0
2025-10-10 05:30,0.0
2025-10-10 05:45,0.0
2025-10-10 06:00,0.0
2025-10-10 06:15,0.001971
2025-10-10 06:30,0.003126
2025-10-10 06:45,0.000975
2025-10-10 07:00,0.000996
2025-10-10 07:15,0.000985
2025-10-10 07:30,0.023796
2025-10-10 07:45,0.0
2025-10-10 08:00,0.000996
2025-10-10 08:15,0.00391
2025-10-10 08:30,0.019802
2025-10-10 08:45,0.0
2025-10-10 09:00,0.004789
2025-10-10 09:15,0.001992
2025-10-10 09:30,0.067003
2025-10-10 09:45,0.081211
2025-10-10 10:00,0.066219
2025-10-10 10:15,0.003973
2025-10-10 10:30,0.029465
2025-10-10 10:45,0.002977
2025-10-10 11:00,0.004132
2025-10-10 11:15,0.0
2025-10-10 11:30,0.008646
2025-10-10 11:45,0.298949
2025-10-10 12:00,0.049696
2025-10-10 12:15,0.01906
2025-10-10 12:30,0.023256
2025-10-10 12:45,0.033353
2025-10-10 13:00,0.112879
2025-10-10 13:15,0.167592
2025-10-10 13:30,0.134716
2025-10-10 13:45,0.14013
2025-10-10 14:00,0.034635
2025-10-10 14:15,0.067702
2025-10-10 14:30,0.035387
2025-10-10 14:45,0.015172
2025-10-10 15:00,0.010277
2025-10-10 15:15,0.021179
2025-10-10 15:30,0.041363
2025-10-10 15:45,0.069927
2025-10-10 16:00,0.031308
2025-10-10 16:15,0.039096
2025-10-10 16:30,0.104795
2025-10-10 16:45,0.125201
2025-10-10 17:00,0.21136
2025-10-10 17:15,0.059269
2025-10-10 17:30,0.0
2025-10-10 17:45,0.001981
2025-10-10 18:00,0.0
2025-10-10 18:15,0.00196
2025-10-10 18:30,0.001992
2025-10-10 18:45,0.000996
2025-10-10 19:00,0.002765
2025-10-10 19:15,0.0
2025-10-10 19:30,0.001791
2025-10-10 19:45,0.00196
2025-10-10 20:00,0.001971
2025-10-10 20:15,0.001981
2025-10-10 20:30,0.000985
2025-10-10 20:45,0.000996
2025-10-10 21:00,0.001971
2025-10-10 21:15,0.004916
2025-10-10 21:30,0.000996
2025-10-10 21:45,0.007872
2025-10-10 22:00,0.001992
2025-10-10 22:15,0.003062
2025-10-10 22:30,0.000784
2025-10-10 22:45,0.019633
2025-10-10 23:00,0.030461
2025-10-10 23:15,0.009684
2025-10-10 23:30,0.000996
2025-10-10 23:45,0.097559
2025-10-11 00:00,0.017906
2025-10-11 00:15,0.063538
2025-10-11 00:30,0.126971
2025-10-11 00:45,0.020099
2025-10-11 01:00,0.000975
2025-10-11 01:15,0.0
2025-10-11 01:30,0.002967
2025-10-11 01:45,0.0
2025-10-11 02:00,0.00196
2025-10-11 02:15,0.026488
2025-10-11 02:30,0.109976
2025-10-11 02:45,0.141592
2025-10-11 03:00,0.000784
2025-10-11 03:15,0.0
2025-10-11 03:30,0.239447
2025-10-11 03:45,0.026488
2025-10-11 04:00,0.032251
2025-10-11 04:15,0.052848
2025-10-11 04:30,0.087006
2025-10-11 04:45,0.0
2025-10-11 05:00,0.00196
2025-10-11 05:15,0.0
2025-10-11 05:30,0.0
2025-10-11 05:45,0.033152
2025-10-11 06:00,0.0
2025-10-11 06:15,0.000985
2025-10-11 06:30,0.000964
2025-10-11 06:45,0.005764
2025-10-11 07:00,0.0
2025-10-11 07:15,0.000784
2025-10-11 07:30,0.09705
2025-10-11 07:45,0.0
2025-10-11 08:00,0.033268
2025-10-11 08:15,0.008042
2025-10-11 08:30,0.088892
2025-10-11 08:45,0.017715
2025-10-11 09:00,0.0
2025-10-11 09:15,0.0
2025-10-11 09:30,0.0
2025-10-11 09:45,0.005848
2025-10-11 10:00,0.0
2025-10-11 10:15,0.0
2025-10-11 10:30,0.0
2025-10-11 10:45,0.0
2025-10-11 11:00,0.0
2025-10-11 11:15,0.0
2025-10-11 11:30,0.0
2025-10-11 11:45,0.0
2025-10-11 12:00,0.0
2025-10-11 12:15,0.0
2025-10-11 12:30,0.0
2025-10-11 12:45,0.041077
2025-10-11 13:00,0.115019
2025-10-11 13:15,0.082196
2025-10-11 13:30,0.158766
2025-10-11 13:45,0.259747
2025-10-11 14:00,0.185339
2025-10-11 14:15,0.351829
2025-10-11 14:30,0.202746
2025-10-11 14:45,0.159566
2025-10-11 15:00,0.273367
2025-10-11 15:15,0.270623
2025-10-11 15:30,0.04175
2025-10-11 15:45,0.100955
2025-10-11 16:00,0.016009
2025-10-11 16:15,0.141433
2025-10-11 16:30,0.081709
2025-10-11 16:45,0.072502
2025-10-11 17:00,0.033162
2025-10-11 17:15,0.05733
2025-10-11 17:30,0.033999
2025-10-11 17:45,0.0
2025-10-11 18:00,0.0
2025-10-11 18:15,0.054013
2025-10-11 18:30,0.01656
2025-10-11 18:45,0.0
2025-10-11 19:00,0.0
2025-10-11 19:15,0.0
2025-10-11 19:30,0.0
2025-10-11 19:45,0.013244
2025-10-11 20:00,0.0
2025-10-11 20:15,0.000784
2025-10-11 20:30,0.0
2025-10-11 20:45,0.040717
2025-10-11 21:00,0.032251
2025-10-11 21:15,0.0
2025-10-11 21:30,0.0
2025-10-11 21:45,0.0
2025-10-11 22:00,0.034307
2025-10-11 22:15,0.013244
2025-10-11 22:30,0.011782
2025-10-11 22:45,0.0
2025-10-11 23:00,0.088193
2025-10-11 23:15,0.070997
2025-10-11 23:30,0.094433
2025-10-11 23:45,0.083128
2025-10-12 00:00,0.098512
2025-10-12 00:15,0.10666
2025-10-12 00:30,0.09847
2025-10-12 00:45,0.1348
2025-10-12 01:00,0.051799
2025-10-12 01:15,0.094953
2025-10-12 01:30,0.0
2025-10-12 01:45,0.119194
2025-10-12 02:00,0.103164
2025-10-12 02:15,0.0
2025-10-12 02:30,0.014558
2025-10-12 02:45,0.00427
2025-10-12 03:00,0.006961
2025-10-12 03:15,0.0
2025-10-12 03:30,0.0
2025-10-12 03:45,0.0
2025-10-12 04:00,0.014261
2025-10-12 04:15,0.182923
2025-10-12 04:30,0.0
2025-10-12 04:45,0.0
2025-10-12 05:00,0.0
2025-10-12 05:15,0.0
2025-10-12 05:30,0.001748
2025-10-12 05:45,0.081412
2025-10-12 06:00,0.033226
2025-10-12 06:15,0.015278
2025-10-12 06:30,0.032251
2025-10-12 06:45,0.017111
2025-10-12 07:00,0.074038
2025-10-12 07:15,0.16328
2025-10-12 07:30,0.367933
2025-10-12 07:45,0.357582
2025-10-12 08:00,0.228111
2025-10-12 08:15,0.249343
2025-10-12 08:30,0.196124
2025-10-12 08:45,0.100526
2025-10-12 09:00,0.231782
2025-10-12 09:15,0.144389
2025-10-12 09:30,0.308484
2025-10-12 09:45,0.272949
2025-10-12 10:00,0.280069
2025-10-12 10:15,0.646858
2025-10-12 10:30,1.0
2025-10-12 10:45,0.183061
2025-10-12 11:00,0.248029
2025-10-12 11:15,0.151604
2025-10-12 11:30,0.245126
2025-10-12 11:45,0.131717
2025-10-12 12:00,0.0
2025-10-12 12:15,0.001038
2025-10-12 12:30,0.049786
2025-10-12 12:45,0.138117
2025-10-12 13:00,0.195669
2025-10-12 13:15,0.780503
2025-10-12 13:30,0.45735
2025-10-12 13:45,0.129747
2025-10-12 14:00,0.110209
2025-10-12 14:15,0.028681
2025-10-12 14:30,0.126801
2025-10-12 14:45,0.303388
2025-10-12 15:00,0.096203
2025-10-12 15:15,0.131802
2025-10-12 15:30,0.01799
2025-10-12 15:45,0.029327
2025-10-12 16:00,0.032251
2025-10-12 16:15,0.059512
2025-10-12 16:30,0.000784
2025-10-12 16:45,0.041808
2025-10-12 17:00,0.0
2025-10-12 17:15,0.075829
2025-10-12 17:30,0.079463
2025-10-12 17:45,0.0
2025-10-12 18:00,0.0
2025-10-12 18:15,0.0
2025-10-12 18:30,0.0
2025-10-12 18:45,0.0
2025-10-12 19:00,0.026488
2025-10-12 19:15,0.0
2025-10-12 19:30,0.005043
2025-10-12 19:45,0.016126
2025-10-12 20:00,0.016126
2025-10-12 20:15,0.0
2025-10-12 20:30,0.0
2025-10-12 20:45,0.0
2025-10-12 21:00,0.0
2025-10-12 21:15,0.0
2025-10-12 21:30,0.0
2025-10-12 21:45,0.0
2025-10-12 22:00,0.0
2025-10-12 22:15,0.0
2025-10-12 22:30,0.0
2025-10-12 22:45,0.082662
2025-10-12 23:00,0.013244
2025-10-12 23:15,0.08209
2025-10-12 23:30,0.118081
2025-10-12 23:45,0.326517
2025-10-13 00:00,0.155492
2025-10-13 00:15,0.116291
2025-10-13 00:30,0.321612
2025-10-13 00:45,0.304511
2025-10-13 01:00,0.20797
2025-10-13 01:15,0.237837
2025-10-13 01:30,0.225218
2025-10-13 01:45,0.104721
2025-10-13 02:00,0.013244
2025-10-13 02:15,0.13818
2025-10-13 02:30,0.138201
2025-10-13 02:45,0.143414
2025-10-13 03:00,0.213871
2025-10-13 03:15,0.028543
2025-10-13 03:30,0.001928
2025-10-13 03:45,0.084453
2025-10-13 04:00,0.09349
2025-10-13 04:15,0.159709
2025-10-13 04:30,0.016126
2025-10-13 04:45,0.016613
2025-10-13 05:00,0.004121
2025-10-13 05:15,0.007194
2025-10-13 05:30,0.0
2025-10-13 05:45,0.0
2025-10-13 06:00,0.082662
2025-10-13 06:15,0.156266
2025-10-13 06:30,0.179533
2025-10-13 06:45,0.096637
2025-10-13 07:00,0.020162
2025-10-13 07:15,0.084824
2025-10-13 07:30,0.013244
2025-10-13 07:45,0.016126
2025-10-13 08:00,0.001356
2025-10-13 08:15,0.04986
2025-10-13 08:30,0.033035
2025-10-13 08:45,0.005117
2025-10-13 09:00,0.00427
2025-10-13 09:15,0.097538
2025-10-13 09:30,0.165452
2025-10-13 09:45,0.261866
2025-10-13 10:00,0.131569
2025-10-13 10:15,0.105601
2025-10-13 10:30,0.310815
2025-10-13 10:45,0.28829
2025-10-13 11:00,0.224487
2025-10-13 11:15,0.180518
2025-10-13 11:30,0.11627
2025-10-13 11:45,0.183103
2025-10-13 12:00,0.426237
2025-10-13 12:15,0.424373
2025-10-13 12:30,0.253571
2025-10-13 12:45,0.404115
2025-10-13 13:00,0.19783
2025-10-13 13:15,0.070245
2025-10-13 13:30,0.188803
2025-10-13 13:45,0.115231
2025-10-13 14:00,0.000795
2025-10-13 14:15,0.017672
2025-10-13 14:30,0.001462
2025-10-13 14:45,0.071177
2025-10-13 15:00,0.001568
2025-10-13 15:15,0.071156
2025-10-13 15:30,0.026488
2025-10-13 15:45,0.191219
2025-10-13 16:00,0.27226
2025-10-13 16:15,0.177572
2025-10-13 16:30,0.127839
2025-10-13 16:45,0.001822
2025-10-13 17:00,0.004164
2025-10-13 17:15,0.0
2025-10-13 17:30,0.0
2025-10-13 17:45,0.096838
2025-10-13 18:00,0.033819
2025-10-13 18:15,0.0
2025-10-13 18:30,0.0
2025-10-13 18:45,0.0
2025-10-13 19:00,0.0
2025-10-13 19:15,0.0
2025-10-13 19:30,0.0
2025-10-13 19:45,0.000678
2025-10-13 20:00,0.0
2025-10-13 20:15,0.0
2025-10-13 20:30,0.0
2025-10-13 20:45,0.0
2025-10-13 21:00,0.0
2025-10-13 21:15,0.042952
2025-10-13 21:30,0.016126
2025-10-13 21:45,0.0
2025-10-13 22:00,0.0
2025-10-13 22:15,0.0
2025-10-13 22:30,0.001081
2025-10-13 22:45,0.077746
2025-10-13 23:00,0.0
2025-10-13 23:15,0.199907
2025-10-13 23:30,0.064502
2025-10-13 23:45,0.0
2025-10-14 00:00,0.001271
2025-10-14 00:15,0.146635
2025-10-14 00:30,0.246408
2025-10-14 00:45,0.016126
2025-10-14 01:00,0.0
2025-10-14 01:15,0.0
2025-10-14 01:30,0.0
2025-10-14 01:45,0.054035
2025-10-14 02:00,0.203657
2025-10-14 02:15,0.0
2025-10-14 02:30,0.0
2025-10-14 02:45,0.0
2025-10-14 03:00,0.0
2025-10-14 03:15,0.017895
2025-10-14 03:30,0.001875
2025-10-14 03:45,0.0
2025-10-14 04:00,0.0
2025-10-14 04:15,0.0
2025-10-14 04:30,0.0
2025-10-14 04:45,0.0
2025-10-14 05:00,0.0
2025-10-14 05:15,0.013901
2025-10-14 05:30,0.0
2025-10-14 05:45,0.0
2025-10-14 06:00,0.0
2025-10-14 06:15,0.0
2025-10-14 06:30,0.0
2025-10-14 06:45,0.0
2025-10-14 07:00,0.0
2025-10-14 07:15,0.0
2025-10-14 07:30,0.000985
2025-10-14 07:45,0.0
2025-10-14 08:00,0.0
2025-10-14 08:15,0.0
2025-10-14 08:30,0.0
2025-10-14 08:45,0.0
2025-10-14 09:00,0.029369
2025-10-14 09:15,0.0
2025-10-14 09:30,0.001971
2025-10-14 09:45,0.000985
2025-10-14 10:00,0.000869
2025-10-14 10:15,0.001844
2025-10-14 10:30,0.016126
2025-10-14 10:45,0.024517
2025-10-14 11:00,0.001007
2025-10-14 11:15,0.0
2025-10-14 11:30,0.0
2025-10-14 11:45,0.066219
2025-10-14 12:00,0.0
2025-10-14 12:15,0.0
2025-10-14 12:30,0.221076
2025-10-14 12:45,0.455776
2025-10-14 13:00,0.219624
2025-10-14 13:15,0.054808
2025-10-14 13:30,0.069122
2025-10-14 13:45,0.129005
2025-10-14 14:00,0.115443
2025-10-14 14:15,0.230759
2025-10-14 14:30,0.099254
2025-10-14 14:45,0.19925
2025-10-14 15:00,0.326517
2025-10-14 15:15,0.270787
2025-10-14 15:30,0.067999
2025-10-14 15:45,0.016126
2025-10-14 16:00,0.0
2025-10-14 16:15,0.0
2025-10-14 16:30,0.103513
2025-10-14 16:45,0.091446
2025-10-14 17:00,0.039731
2025-10-14 17:15,0.0
2025-10-14 17:30,0.064502
2025-10-14 17:45,0.15776
2025-10-14 18:00,0.0
2025-10-14 18:15,0.001536
2025-10-14 18:30,0.0
2025-10-14 18:45,0.013159
2025-10-14 19:00,0.0
2025-10-14 19:15,0.0
2025-10-14 19:30,0.0
2025-10-14 19:45,0.0
2025-10-14 20:00,0.0
2025-10-14 20:15,0.0
2025-10-14 20:30,0.032251
2025-10-14 20:45,0.0
2025-10-14 21:00,0.0
2025-10-14 21:15,0.07247
2025-10-14 21:30,0.002246
2025-10-14 21:45,0.000985
2025-10-14 22:00,0.0
2025-10-14 22:15,0.014155
2025-10-14 22:30,0.016126
2025-10-14 22:45,0.035631
2025-10-14 23:00,0.016126
2025-10-14 23:15,0.008179
2025-10-14 23:30,0.0
2025-10-14 23:45,0.083987
2025-10-15 00:00,0.060752
2025-10-15 00:00,0.090758
2025-10-15 00:15,0.0
2025-10-15 00:30,0.0
2025-10-15 00:45,0.001472
2025-10-15 01:00,0.0
2025-10-15 01:15,0.0
2025-10-15 01:30,0.0
2025-10-15 01:45,0.021257
2025-10-15 02:00,0.0
2025-10-15 02:15,0.0
2025-10-15 02:30,0.048181
2025-10-15 02:45,0.002912
2025-10-15 03:00,0.02409
2025-10-15 03:15,0.0
2025-10-15 03:30,0.0
2025-10-15 03:45,0.0
2025-10-15 04:00,0.072271
2025-10-15 04:15,0.009069
2025-10-15 04:30,0.0
2025-10-15 04:45,0.041185
2025-10-15 05:00,0.024913
2025-10-15 05:15,0.060859
2025-10-15 05:30,0.026116
2025-10-15 05:45,0.0
2025-10-15 06:00,0.0
2025-10-15 06:15,0.320043
2025-10-15 06:30,0.085471
2025-10-15 06:45,0.0
2025-10-15 07:00,0.203596
2025-10-15 07:15,0.204277
2025-10-15 07:30,0.481806
2025-10-15 07:45,0.159468
2025-10-15 08:00,0.082005
2025-10-15 08:15,0.067966
2025-10-15 08:30,0.050143
2025-10-15 08:45,0.052866
2025-10-15 09:00,0.099368
2025-10-15 09:15,0.167841
2025-10-15 09:30,0.435192
2025-10-15 09:45,0.098704
2025-10-15 10:00,0.149828
2025-10-15 10:15,0.778581
2025-10-15 10:30,0.151284
2025-10-15 10:45,0.005128
2025-10-15 11:00,0.050713
2025-10-15 11:15,0.108375
2025-10-15 11:30,0.168632
2025-10-15 11:45,0.0
2025-10-15 12:00,0.060906
2025-10-15 12:15,0.0
2025-10-15 12:30,0.002596
2025-10-15 12:45,0.08373
2025-10-15 13:00,0.0
2025-10-15 13:15,0.099179
2025-10-15 13:30,0.003356
2025-10-15 13:45,0.001171
2025-10-15 14:00,0.07914
2025-10-15 14:15,0.342266
2025-10-15 14:30,0.167049
2025-10-15 14:45,0.388958
2025-10-15 15:00,0.225898
2025-10-15 15:15,0.492537
2025-10-15 15:30,0.279745
2025-10-15 15:45,0.691907
2025-10-15 16:00,0.019104
2025-10-15 16:15,0.0
2025-10-15 16:30,0.067966
2025-10-15 16:45,0.050523
2025-10-15 17:00,0.091739
2025-10-15 17:15,0.055841
2025-10-15 17:30,0.030564
2025-10-15 17:45,0.025562
2025-10-15 18:00,0.0
2025-10-15 18:15,0.016303
2025-10-15 18:30,0.0
2025-10-15 18:45,0.0
2025-10-15 19:00,0.0
2025-10-15 19:15,0.0
2025-10-15 19:30,0.0
2025-10-15 19:45,0.0
2025-10-15 20:00,0.0
2025-10-15 20:15,0.0
2025-10-15 20:30,0.0
2025-10-15 20:45,0.0
2025-10-15 21:00,0.0
2025-10-15 21:15,0.0
2025-10-15 21:30,0.099084
2025-10-15 21:45,0.09959
2025-10-15 22:00,0.226373
2025-10-15 22:15,0.31273
2025-10-15 22:30,0.094114
2025-10-15 22:45,0.33891
2025-10-15 23:00,0.116146
2025-10-15 23:15,0.285237
2025-10-15 23:30,0.020576
2025-10-15 23:45,0.45561
2025-10-16 00:00,0.354089
2025-10-16 00:15,0.051409
2025-10-16 00:30,0.001013
2025-10-16 00:45,0.099986
2025-10-16 01:00,0.072429
2025-10-16 01:15,0.042625
2025-10-16 01:30,0.0
2025-10-16 01:45,0.0
2025-10-16 02:00,0.001171
2025-10-16 02:15,0.021305
2025-10-16 02:30,0.093227
2025-10-16 02:45,0.279966
2025-10-16 03:00,0.002691
2025-10-16 03:15,0.0
2025-10-16 03:30,0.019785
2025-10-16 03:45,0.0
2025-10-16 04:00,0.096868
2025-10-16 04:15,0.040741
2025-10-16 04:30,0.048181
2025-10-16 04:45,0.12615
2025-10-16 05:00,0.006474
2025-10-16 05:15,0.0
2025-10-16 05:30,0.0
2025-10-16 05:45,0.0
2025-10-16 06:00,0.0
2025-10-16 06:15,0.129885
2025-10-16 06:30,0.0
2025-10-16 06:45,0.0
2025-10-16 07:00,0.0
2025-10-16 07:15,0.0
2025-10-16 07:30,0.0
2025-10-16 07:45,0.0
2025-10-16 08:00,0.0
2025-10-16 08:15,0.0
2025-10-16 08:30,0.096361
2025-10-16 08:45,0.015306
2025-10-16 09:00,0.126086
2025-10-16 09:15,0.150398
2025-10-16 09:30,0.072271
2025-10-16 09:45,0.004748
2025-10-16 10:00,0.0
2025-10-16 10:15,0.056664
2025-10-16 10:30,0.002675
2025-10-16 10:45,0.0
2025-10-16 11:00,0.0
2025-10-16 11:15,0.001203
2025-10-16 11:30,0.0
2025-10-16 11:45,0.083382
2025-10-16 12:00,0.021146
2025-10-16 12:15,0.019025
2025-10-16 12:30,0.002343
2025-10-16 12:45,0.072793
2025-10-16 13:00,0.334193
2025-10-16 13:15,0.018139
2025-10-16 13:30,0.001013
2025-10-16 13:45,0.048386
2025-10-16 14:00,0.076671
2025-10-16 14:15,0.183922
2025-10-16 14:30,0.0
2025-10-16 14:45,0.098767
2025-10-16 15:00,0.040726
2025-10-16 15:15,0.0
2025-10-16 15:30,0.069897
2025-10-16 15:45,0.0
2025-10-16 16:00,0.021225
2025-10-16 16:15,0.0
2025-10-16 16:30,0.155922
2025-10-16 16:45,0.083952
2025-10-16 17:00,0.0
2025-10-16 17:15,0.049732
2025-10-16 17:30,0.0
2025-10-16 17:45,0.0
2025-10-16 18:00,0.001171
2025-10-16 18:15,0.0
2025-10-16 18:30,0.0
2025-10-16 18:45,0.0
2025-10-16 19:00,0.0
2025-10-16 19:15,0.0
2025-10-16 19:30,0.0
2025-10-16 19:45,0.0
2025-10-16 20:00,0.0
2025-10-16 20:15,0.001472
2025-10-16 20:30,0.0
2025-10-16 20:45,0.021415
2025-10-16 21:00,0.009354
2025-10-16 21:15,0.0
2025-10-16 21:30,0.0
2025-10-16 21:45,0.0
2025-10-16 22:00,0.040868
2025-10-16 22:15,0.004226
2025-10-16 22:30,0.337644
2025-10-16 22:45,0.121623
2025-10-16 23:00,0.0
2025-10-16 23:15,0.180788
2025-10-16 23:30,0.059513
2025-10-16 23:45,0.145713
2025-10-17 00:00,0.049732
2025-10-17 00:15,0.0
2025-10-17 00:30,0.0
2025-10-17 00:45,0.0
2025-10-17 01:00,0.001171
2025-10-17 01:15,0.0
2025-10-17 01:30,0.0
2025-10-17 01:45,0.0
2025-10-17 02:00,0.0
2025-10-17 02:15,0.02409
2025-10-17 02:30,0.097485
2025-10-17 02:45,0.025262
2025-10-17 03:00,0.0
2025-10-17 03:15,0.0
2025-10-17 03:30,0.0
2025-10-17 03:45,0.055936
2025-10-17 04:00,0.0
2025-10-17 04:15,0.025483
2025-10-17 04:30,0.0
2025-10-17 04:45,0.002343
2025-10-17 05:00,0.0
2025-10-17 05:15,0.002343
2025-10-17 05:30,0.0
2025-10-17 05:45,0.002722
2025-10-17 06:00,0.001504
2025-10-17 06:15,0.03957
2025-10-17 06:30,0.0
2025-10-17 06:45,0.0
2025-10-17 07:00,0.03957
2025-10-17 07:15,0.021004
2025-10-17 07:30,0.0
2025-10-17 07:45,0.02409
2025-10-17 08:00,0.0
2025-10-17 08:15,0.0
2025-10-17 08:30,0.0
2025-10-17 08:45,0.0
2025-10-17 09:00,0.0
2025-10-17 09:15,0.0
2025-10-17 09:30,0.0
2025-10-17 09:45,0.0
2025-10-17 10:00,0.0
2025-10-17 10:15,0.009069
2025-10-17 10:30,0.046281
2025-10-17 10:45,0.038399
2025-10-17 11:00,0.0
2025-10-17 11:15,0.061983
2025-10-17 11:30,0.0
2025-10-17 11:45,0.0
2025-10-17 12:00,0.054385
2025-10-17 12:15,0.001171
2025-10-17 12:30,0.060526
2025-10-17 12:45,0.01931
2025-10-17 13:00,0.0
2025-10-17 13:15,0.001535
2025-10-17 13:30,0.152076
2025-10-17 13:45,0.317859
2025-10-17 14:00,0.193894
2025-10-17 14:15,0.001472
2025-10-17 14:30,0.001171
2025-10-17 14:45,0.041042
2025-10-17 15:00,0.019785
2025-10-17 15:15,0.02409
2025-10-17 15:30,0.019785
2025-10-17 15:45,0.045347
2025-10-17 16:00,0.03957
2025-10-17 16:15,0.0
2025-10-17 16:30,0.100508
2025-10-17 16:45,0.084079
2025-10-17 17:00,0.07914
2025-10-17 17:15,0.081467
2025-10-17 17:30,0.138495
2025-10-17 17:45,0.410342
2025-10-17 18:00,0.170975
2025-10-17 18:15,0.123965
2025-10-17 18:30,0.297172
2025-10-17 18:45,0.099875
2025-10-17 19:00,0.027604
2025-10-17 19:15,0.019785
2025-10-17 19:30,0.00277
2025-10-17 19:45,0.001361
2025-10-17 20:00,0.0
2025-10-17 20:15,0.0
2025-10-17 20:30,0.003688
2025-10-17 20:45,0.073632
2025-10-17 21:00,0.0
2025-10-17 21:15,0.0
2025-10-17 21:30,0.0
2025-10-17 21:45,0.00421
2025-10-17 22:00,0.069264
2025-10-17 22:15,0.02409
2025-10-17 22:30,0.023774
2025-10-17 22:45,0.0
2025-10-17 23:00,0.012314
2025-10-17 23:15,0.027747
2025-10-17 23:30,0.0
2025-10-17 23:45,0.043131
2025-10-18 00:00,0.008737
2025-10-18 00:15,0.0
2025-10-18 00:30,0.001361
2025-10-18 00:45,0.0
2025-10-18 01:00,0.0
2025-10-18 01:15,0.098023
2025-10-18 01:30,0.001298
2025-10-18 01:45,0.0
2025-10-18 02:00,0.049352
2025-10-18 02:15,0.022444
2025-10-18 02:30,0.002248
2025-10-18 02:45,0.025388
2025-10-18 03:00,0.0
2025-10-18 03:15,0.120451
2025-10-18 03:30,0.02409
2025-10-18 03:45,0.151601
2025-10-18 04:00,0.215863
2025-10-18 04:15,0.018725
2025-10-18 04:30,0.028965
2025-10-18 04:45,0.02409
2025-10-18 05:00,0.001171
2025-10-18 05:15,0.049352
2025-10-18 05:30,0.122794
2025-10-18 05:45,0.048181
2025-10-18 06:00,0.0
2025-10-18 06:15,0.120451
2025-10-18 06:30,0.096203
2025-10-18 06:45,0.0
2025-10-18 07:00,0.02409
2025-10-18 07:15,0.049795
2025-10-18 07:30,0.072271
2025-10-18 07:45,0.027446
2025-10-18 08:00,0.074613
2025-10-18 08:15,0.185283
2025-10-18 08:30,0.073442
2025-10-18 08:45,0.067966
2025-10-18 09:00,0.043875
2025-10-18 09:15,0.001171
2025-10-18 09:30,0.0
2025-10-18 09:45,0.049605
2025-10-18 10:00,0.0
2025-10-18 10:15,0.049542
2025-10-18 10:30,0.180044
2025-10-18 10:45,0.256462
2025-10-18 11:00,0.0
2025-10-18 11:15,0.0
2025-10-18 11:30,0.002817
2025-10-18 11:45,0.071321
2025-10-18 12:00,0.029757
2025-10-18 12:15,0.075975
2025-10-18 12:30,0.172462
2025-10-18 12:45,0.1988
2025-10-18 13:00,0.43831
2025-10-18 13:15,0.280125
2025-10-18 13:30,0.283686
2025-10-18 13:45,0.391586
2025-10-18 14:00,1.0
2025-10-18 14:15,0.122794
2025-10-18 14:30,0.025262
2025-10-18 14:45,0.02409
2025-10-18 15:00,0.247234
2025-10-18 15:15,0.190126
2025-10-18 15:30,0.193894
2025-10-18 15:45,0.178398
2025-10-18 16:00,0.02409
2025-10-18 16:15,0.0
2025-10-18 16:30,0.00402
2025-10-18 16:45,0.0
2025-10-18 17:00,0.002944
2025-10-18 17:15,0.03957
2025-10-18 17:30,0.0
2025-10-18 17:45,0.0
2025-10-18 18:00,0.0
2025-10-18 18:15,0.0
2025-10-18 18:30,0.048181
2025-10-18 18:45,0.014768
2025-10-18 19:00,0.0
2025-10-18 19:15,0.0
2025-10-18 19:30,0.0
2025-10-18 19:45,0.0
2025-10-18 20:00,0.001456
2025-10-18 20:15,0.0
2025-10-18 20:30,0.0
2025-10-18 20:45,0.0
2025-10-18 21:00,0.0
2025-10-18 21:15,0.0
2025-10-18 21:30,0.0
2025-10-18 21:45,0.022602
2025-10-18 22:00,0.124883
2025-10-18 22:15,0.257981
2025-10-18 22:30,0.049352
2025-10-18 22:45,0.076956
2025-10-18 23:00,0.155416
2025-10-18 23:15,0.260688
2025-10-18 23:30,0.123807
2025-10-18 23:45,0.123965
2025-10-19 00:00,0.045316
2025-10-19 00:15,0.101537
2025-10-19 00:30,0.003514
2025-10-19 00:45,0.048181
2025-10-19 01:00,0.002786
2025-10-19 01:15,0.0
2025-10-19 01:30,0.02762
2025-10-19 01:45,0.414631
2025-10-19 02:00,0.0
2025-10-19 02:15,0.049653
2025-10-19 02:30,0.0
2025-10-19 02:45,0.0
2025-10-19 03:00,0.02409
2025-10-19 03:15,0.0
2025-10-19 03:30,0.0
2025-10-19 03:45,0.0
2025-10-19 04:00,0.001899
2025-10-19 04:15,0.009908
2025-10-19 04:30,0.0
2025-10-19 04:45,0.001298
2025-10-19 05:00,0.002343
2025-10-19 05:15,0.0
2025-10-19 05:30,0.070308
2025-10-19 05:45,0.043875
2025-10-19 06:00,0.073632
2025-10-19 06:15,0.025262
2025-10-19 06:30,0.122794
2025-10-19 06:45,0.156476
2025-10-19 07:00,0.176008
2025-10-19 07:15,0.001361
2025-10-19 07:30,0.442394
2025-10-19 07:45,0.001171
2025-10-19 08:00,0.072271
2025-10-19 08:15,0.072271
2025-10-19 08:30,0.066731
2025-10-19 08:45,0.097722
2025-10-19 09:00,0.339923
2025-10-19 09:15,0.309628
2025-10-19 09:30,0.031308
2025-10-19 09:45,0.087751
2025-10-19 10:00,0.19592
2025-10-19 10:15,0.335301
2025-10-19 10:30,0.09557
2025-10-19 10:45,0.119565
2025-10-19 11:00,0.072271
2025-10-19 11:15,0.279128
2025-10-19 11:30,0.001567
2025-10-19 11:45,0.02409
2025-10-19 12:00,0.0
2025-10-19 12:15,0.185774
2025-10-19 12:30,0.001662
2025-10-19 12:45,0.001171
2025-10-19 13:00,0.026433
2025-10-19 13:15,0.048181
2025-10-19 13:30,0.027446
2025-10-19 13:45,0.207537
2025-10-19 14:00,0.001171
2025-10-19 14:15,0.258409
2025-10-19 14:30,0.183004
2025-10-19 14:45,0.402238
2025-10-19 15:00,0.151158
2025-10-19 15:15,0.004337
2025-10-19 15:30,0.176388
2025-10-19 15:45,0.02409
2025-10-19 16:00,0.02409
2025-10-19 16:15,0.002564
2025-10-19 16:30,0.077146
2025-10-19 16:45,0.092467
2025-10-19 17:00,0.0
2025-10-19 17:15,0.087434
2025-10-19 17:30,0.048133
2025-10-19 17:45,0.005065
2025-10-19 18:00,0.019785
2025-10-19 18:15,0.0412
2025-10-19 18:30,0.109324
2025-10-19 18:45,0.003071
2025-10-19 19:00,0.002343
2025-10-19 19:15,0.097532
2025-10-19 19:30,0.124408
2025-10-19 19:45,0.0
2025-10-19 20:00,0.0
2025-10-19 20:15,0.0
2025-10-19 20:30,0.214992
2025-10-19 20:45,0.0
2025-10-19 21:00,0.031561
2025-10-19 21:15,0.0
2025-10-19 21:30,0.0
2025-10-19 21:45,0.087751
2025-10-19 22:00,0.185188
2025-10-19 22:15,0.0
2025-10-19 22:30,0.0
2025-10-19 22:45,0.0
2025-10-19 23:00,0.0
2025-10-19 23:15,0.083287
2025-10-19 23:30,0.025262
2025-10-19 23:45,0.476282
2025-10-20 00:00,0.475015
2025-10-20 00:15,0.046376
2025-10-20 00:30,0.001171
2025-10-20 00:45,0.001472
2025-10-20 01:00,0.003197
2025-10-20 01:15,0.0
2025-10-20 01:30,0.027984
2025-10-20 01:45,0.043875
2025-10-20 02:00,0.0
2025-10-20 02:15,0.0
2025-10-20 02:30,0.004764
2025-10-20 02:45,0.0
2025-10-20 03:00,0.0
2025-10-20 03:15,0.0
2025-10-20 03:30,0.0
2025-10-20 03:45,0.217984
2025-10-20 04:00,0.001013
2025-10-20 04:15,0.009164
2025-10-20 04:30,0.0
2025-10-20 04:45,0.0
2025-10-20 05:00,0.0
2025-10-20 05:15,0.008959
2025-10-20 05:30,0.001504
2025-10-20 05:45,0.0
2025-10-20 06:00,0.0
2025-10-20 06:15,0.023457
2025-10-20 06:30,0.0
2025-10-20 06:45,0.0
2025-10-20 07:00,0.017775
2025-10-20 07:15,0.00144
2025-10-20 07:30,0.0
2025-10-20 07:45,0.0
2025-10-20 08:00,0.0
2025-10-20 08:15,0.001614
2025-10-20 08:30,0.0
2025-10-20 08:45,0.020054
2025-10-20 09:00,0.0
2025-10-20 09:15,0.002343
2025-10-20 09:30,0.0
2025-10-20 09:45,0.0
2025-10-20 10:00,0.0
2025-10-20 10:15,0.0
2025-10-20 10:30,0.0
2025-10-20 10:45,0.0
2025-10-20 11:00,0.0
2025-10-20 11:15,0.001171
2025-10-20 11:30,0.0
2025-10-20 11:45,0.0
2025-10-20 12:00,0.0
2025-10-20 12:15,0.043875
2025-10-20 12:30,0.02409
2025-10-20 12:45,0.02409
2025-10-20 13:00,0.080723
2025-10-20 13:15,0.041105
2025-10-20 13:30,0.323509
2025-10-20 13:45,0.122034
2025-10-20 14:00,0.30287
2025-10-20 14:15,0.176752
2025-10-20 14:30,0.004099
2025-10-20 14:45,0.100556
2025-10-20 15:00,0.050808
2025-10-20 15:15,0.020972
2025-10-20 15:30,0.0
2025-10-20 15:45,0.009354
2025-10-20 16:00,0.037196
2025-10-20 16:15,0.03957
2025-10-20 16:30,0.169582
2025-10-20 16:45,0.173665
2025-10-20 17:00,0.059355
2025-10-20 17:15,0.196869
2025-10-20 17:30,0.048181
2025-10-20 17:45,0.005017
2025-10-20 18:00,0.0
2025-10-20 18:15,0.0
2025-10-20 18:30,0.0
2025-10-20 18:45,0.0
2025-10-20 19:00,0.0
2025-10-20 19:15,0.001852
2025-10-20 19:30,0.0
2025-10-20 19:45,0.002343
2025-10-20 20:00,0.0
2025-10-20 20:15,0.0
2025-10-20 20:30,0.010019
2025-10-20 20:45,0.0
2025-10-20 21:00,0.0
2025-10-20 21:15,0.0
2025-10-20 21:30,0.0
2025-10-20 21:45,0.0
2025-10-20 22:00,0.0
2025-10-20 22:15,0.001266
2025-10-20 22:30,0.0
2025-10-20 22:45,0.061365
2025-10-20 23:00,0.004653
2025-10-20 23:15,0.001171
2025-10-20 23:30,0.012124
2025-10-20 23:45,0.098672
2025-10-21 00:00,0.0
2025-10-21 00:15,0.0
2025-10-21 00:30,0.0
2025-10-21 00:45,0.0
2025-10-21 01:00,0.026116
2025-10-21 01:15,0.003197
2025-10-21 01:30,0.0
2025-10-21 01:45,0.001171
2025-10-21 02:00,0.020766
2025-10-21 02:15,0.0
2025-10-21 02:30,0.043195
2025-10-21 02:45,0.0
2025-10-21 03:00,0.011396
2025-10-21 03:15,0.0
2025-10-21 03:30,0.0
2025-10-21 03:45,0.0
2025-10-21 04:00,0.001171
2025-10-21 04:15,0.0
2025-10-21 04:30,0.0
2025-10-21 04:45,0.062299
2025-10-21 05:00,0.001345
2025-10-21 05:15,0.0
2025-10-21 05:30,0.0
2025-10-21 05:45,0.019785
2025-10-21 06:00,0.067966
2025-10-21 06:15,0.025262
2025-10-21 06:30,0.001171
2025-10-21 06:45,0.001519
2025-10-21 07:00,0.041137
2025-10-21 07:15,0.042118
2025-10-21 07:30,0.210545
2025-10-21 07:45,0.167366
2025-10-21 08:00,0.719859
2025-10-21 08:15,0.164612
2025-10-21 08:30,0.083382
2025-10-21 08:45,0.0
2025-10-21 09:00,0.001551
2025-10-21 09:15,0.021336
2025-10-21 09:30,0.0
2025-10-21 09:45,0.04864
2025-10-21 10:00,0.043765
2025-10-21 10:15,0.0
2025-10-21 10:30,0.0
2025-10-21 10:45,0.001456
2025-10-21 11:00,0.02409
2025-10-21 11:15,0.048181
2025-10-21 11:30,0.0
2025-10-21 11:45,0.053467
2025-10-21 12:00,0.001171
2025-10-21 12:15,0.02409
2025-10-21 12:30,0.211653
2025-10-21 12:45,0.196679
2025-10-21 13:00,0.184682
2025-10-21 13:15,0.117317
2025-10-21 13:30,0.02409
2025-10-21 13:45,0.069327
2025-10-21 14:00,0.0
2025-10-21 14:15,0.105573
2025-10-21 14:30,0.0
2025-10-21 14:45,0.00315
2025-10-21 15:00,0.15828
2025-10-21 15:15,0.02409
2025-10-21 15:30,0.004938
2025-10-21 15:45,0.0
2025-10-21 16:00,0.025262
2025-10-21 16:15,0.025641
2025-10-21 16:30,0.087751
2025-10-21 16:45,0.019785
2025-10-21 17:00,0.002422
2025-10-21 17:15,0.0
2025-10-21 17:30,0.008864
2025-10-21 17:45,0.250067
2025-10-21 18:00,0.52318
2025-10-21 18:15,0.126814
2025-10-21 18:30,0.368224
2025-10-21 18:45,0.541224
2025-10-21 19:00,0.181342
2025-10-21 19:15,0.467386
2025-10-21 19:30,0.240681
2025-10-21 19:45,0.0
2025-10-21 20:00,0.0
2025-10-21 20:15,0.016018
2025-10-21 20:30,0.023141
2025-10-21 20:45,0.001013
2025-10-21 21:00,0.0
2025-10-21 21:15,0.0
2025-10-21 21:30,0.0
2025-10-21 21:45,0.0
2025-10-21 22:00,0.027842
2025-10-21 22:15,0.0
2025-10-21 22:30,0.021542
2025-10-21 22:45,0.036721
2025-10-21 23:00,0.0
2025-10-21 23:15,0.053372
2025-10-21 23:30,0.029678
2025-10-21 23:45,0.003071
2025-10-22 00:00,0.001171
2025-10-22 00:00,0.000874
2025-10-22 00:15,0.132673
2025-10-22 00:30,0.02502
2025-10-22 00:45,0.026969
2025-10-22 01:00,0.0
2025-10-22 01:15,0.0
2025-10-22 01:30,0.0
2025-10-22 01:45,0.0
2025-10-22 02:00,0.002292
2025-10-22 02:15,0.0
2025-10-22 02:30,0.0
2025-10-22 02:45,0.013254
2025-10-22 03:00,0.0
2025-10-22 03:15,0.0
2025-10-22 03:30,0.0
2025-10-22 03:45,0.0
2025-10-22 04:00,0.272102
2025-10-22 04:15,0.0
2025-10-22 04:30,0.000874
2025-10-22 04:45,0.0
2025-10-22 05:00,0.0
2025-10-22 05:15,0.001122
2025-10-22 05:30,0.014766
2025-10-22 05:45,0.0
2025-10-22 06:00,0.0
2025-10-22 06:15,0.0
2025-10-22 06:30,0.0
2025-10-22 06:45,0.0
2025-10-22 07:00,0.061995
2025-10-22 07:15,0.006651
2025-10-22 07:30,0.0
2025-10-22 07:45,0.0
2025-10-22 08:00,0.0
2025-10-22 08:15,0.0
2025-10-22 08:30,0.0
2025-10-22 08:45,0.001748
2025-10-22 09:00,0.0
2025-10-22 09:15,0.0
2025-10-22 09:30,0.035959
2025-10-22 09:45,0.0
2025-10-22 10:00,0.0
2025-10-22 10:15,0.0
2025-10-22 10:30,0.0
2025-10-22 10:45,0.035959
2025-10-22 11:00,0.032746
2025-10-22 11:15,0.001134
2025-10-22 11:30,0.0
2025-10-22 11:45,0.035959
2025-10-22 12:00,0.017094
2025-10-22 12:15,0.0
2025-10-22 12:30,0.017743
2025-10-22 12:45,0.174255
2025-10-22 13:00,0.262805
2025-10-22 13:15,0.084936
2025-10-22 13:30,0.112508
2025-10-22 13:45,0.219392
2025-10-22 14:00,0.127605
2025-10-22 14:15,0.124392
2025-10-22 14:30,0.166352
2025-10-22 14:45,0.111468
2025-10-22 15:00,0.031635
2025-10-22 15:15,0.001252
2025-10-22 15:30,0.017979
2025-10-22 15:45,0.0
2025-10-22 16:00,0.050749
2025-10-22 16:15,0.002138
2025-10-22 16:30,0.0
2025-10-22 16:45,0.062279
2025-10-22 17:00,0.0
2025-10-22 17:15,0.007052
2025-10-22 17:30,0.014766
2025-10-22 17:45,0.098462
2025-10-22 18:00,0.015357
2025-10-22 18:15,0.00124
2025-10-22 18:30,0.015357
2025-10-22 18:45,0.00111
2025-10-22 19:00,0.012167
2025-10-22 19:15,0.0
2025-10-22 19:30,0.001158
2025-10-22 19:45,0.010065
2025-10-22 20:00,0.0
2025-10-22 20:15,0.002197
2025-10-22 20:30,0.0
2025-10-22 20:45,0.0
2025-10-22 21:00,0.163635
2025-10-22 21:15,0.0
2025-10-22 21:30,0.0
2025-10-22 21:45,0.0
2025-10-22 22:00,0.008753
2025-10-22 22:15,0.0
2025-10-22 22:30,0.0
2025-10-22 22:45,0.029533
2025-10-22 23:00,0.029533
2025-10-22 23:15,0.088598
2025-10-22 23:30,0.218282
2025-10-22 23:45,0.258883
2025-10-23 00:00,0.090913
2025-10-23 00:15,0.035959
2025-10-23 00:30,0.035959
2025-10-23 00:45,0.0
2025-10-23 01:00,0.0
2025-10-23 01:15,0.013703
2025-10-23 01:30,0.046957
2025-10-23 01:45,0.14888
2025-10-23 02:00,0.0
2025-10-23 02:15,0.003851
2025-10-23 02:30,0.0
2025-10-23 02:45,0.0
2025-10-23 03:00,0.036833
2025-10-23 03:15,0.008813
2025-10-23 03:30,0.0
2025-10-23 03:45,0.0
2025-10-23 04:00,0.017979
2025-10-23 04:15,0.0
2025-10-23 04:30,0.0705
2025-10-23 04:45,0.039786
2025-10-23 05:00,0.0
2025-10-23 05:15,0.001075
2025-10-23 05:30,0.005103
2025-10-23 05:45,0.0
2025-10-23 06:00,0.0
2025-10-23 06:15,0.001394
2025-10-23 06:30,0.000874
2025-10-23 06:45,0.0
2025-10-23 07:00,0.003426
2025-10-23 07:15,0.002835
2025-10-23 07:30,0.019043
2025-10-23 07:45,0.000874
2025-10-23 08:00,0.01583
2025-10-23 08:15,0.0
2025-10-23 08:30,0.012356
2025-10-23 08:45,0.0
2025-10-23 09:00,0.020744
2025-10-23 09:15,0.002812
2025-10-23 09:30,0.000874
2025-10-23 09:45,0.0
2025-10-23 10:00,0.0
2025-10-23 10:15,0.061263
2025-10-23 10:30,0.0
2025-10-23 10:45,0.017944
2025-10-23 11:00,0.014766
2025-10-23 11:15,0.0
2025-10-23 11:30,0.014766
2025-10-23 11:45,0.0
2025-10-23 12:00,0.019645
2025-10-23 12:15,0.344115
2025-10-23 12:30,0.191088
2025-10-23 12:45,0.307282
2025-10-23 13:00,0.208997
2025-10-23 13:15,0.0
2025-10-23 13:30,0.049001
2025-10-23 13:45,0.219629
2025-10-23 14:00,0.0
2025-10-23 14:15,0.046709
2025-10-23 14:30,0.086283
2025-10-23 14:45,0.391462
2025-10-23 15:00,0.031765
2025-10-23 15:15,0.207875
2025-10-23 15:30,0.046709
2025-10-23 15:45,0.098297
2025-10-23 16:00,0.09063
2025-10-23 16:15,0.240762
2025-10-23 16:30,0.144887
2025-10-23 16:45,0.0
2025-10-23 17:00,0.034352
2025-10-23 17:15,0.001748
2025-10-23 17:30,0.0
2025-10-23 17:45,0.004867
2025-10-23 18:00,0.171549
2025-10-23 18:15,0.146317
2025-10-23 18:30,0.086424
2025-10-23 18:45,0.430799
2025-10-23 19:00,0.166045
2025-10-23 19:15,0.075982
2025-10-23 19:30,0.0
2025-10-23 19:45,0.0
2025-10-23 20:00,0.000874
2025-10-23 20:15,0.0
2025-10-23 20:30,0.0
2025-10-23 20:45,0.0
2025-10-23 21:00,0.018854
2025-10-23 21:15,0.342626
2025-10-23 21:30,0.000874
2025-10-23 21:45,0.000874
2025-10-23 22:00,0.0
2025-10-23 22:15,0.0
2025-10-23 22:30,0.001748
2025-10-23 22:45,0.035959
2025-10-23 23:00,0.035959
2025-10-23 23:15,0.088598
2025-10-23 23:30,0.075037
2025-10-23 23:45,0.0
2025-10-24 00:00,0.363618
2025-10-24 00:15,0.313413
2025-10-24 00:30,0.310164
2025-10-24 00:45,0.089614
2025-10-24 01:00,0.141816
2025-10-24 01:15,0.0
2025-10-24 01:30,0.0
2025-10-24 01:45,0.001075
2025-10-24 02:00,0.0
2025-10-24 02:15,0.0
2025-10-24 02:30,0.0
2025-10-24 02:45,0.0
2025-10-24 03:00,0.000756
2025-10-24 03:15,0.0
2025-10-24 03:30,0.109625
2025-10-24 03:45,0.035959
2025-10-24 04:00,0.11943
2025-10-24 04:15,0.0
2025-10-24 04:30,0.0
2025-10-24 04:45,0.0
2025-10-24 05:00,0.0
2025-10-24 05:15,0.0
2025-10-24 05:30,0.0
2025-10-24 05:45,0.018216
2025-10-24 06:00,0.002339
2025-10-24 06:15,0.0
2025-10-24 06:30,0.011081
2025-10-24 06:45,0.014766
2025-10-24 07:00,0.0
2025-10-24 07:15,0.0
2025-10-24 07:30,0.0
2025-10-24 07:45,0.376861
2025-10-24 08:00,0.0
2025-10-24 08:15,0.031281
2025-10-24 08:30,0.094623
2025-10-24 08:45,0.017979
2025-10-24 09:00,0.014766
2025-10-24 09:15,0.0
2025-10-24 09:30,0.063436
2025-10-24 09:45,0.0
2025-10-24 10:00,0.0
2025-10-24 10:15,0.0
2025-10-24 10:30,0.0
2025-10-24 10:45,0.0
2025-10-24 11:00,0.0
2025-10-24 11:15,0.0
2025-10-24 11:30,0.001205
2025-10-24 11:45,0.016255
2025-10-24 12:00,0.014766
2025-10-24 12:15,0.001181
2025-10-24 12:30,0.0
2025-10-24 12:45,0.014766
2025-10-24 13:00,0.0
2025-10-24 13:15,0.054565
2025-10-24 13:30,0.309904
2025-10-24 13:45,0.198649
2025-10-24 14:00,0.017979
2025-10-24 14:15,0.165974
2025-10-24 14:30,0.203669
2025-10-24 14:45,0.029143
2025-10-24 15:00,0.073465
2025-10-24 15:15,0.250579
2025-10-24 15:30,0.124947
2025-10-24 15:45,0.0
2025-10-24 16:00,0.017979
2025-10-24 16:15,0.015865
2025-10-24 16:30,0.232186
2025-10-24 16:45,0.063743
2025-10-24 17:00,0.0
2025-10-24 17:15,0.001855
2025-10-24 17:30,0.0
2025-10-24 17:45,0.0
2025-10-24 18:00,0.017979
2025-10-24 18:15,0.0
2025-10-24 18:30,0.0
2025-10-24 18:45,0.076076
2025-10-24 19:00,0.0
2025-10-24 19:15,0.0
2025-10-24 19:30,0.002292
2025-10-24 19:45,0.016243
2025-10-24 20:00,0.0
2025-10-24 20:15,0.0
2025-10-24 20:30,0.0
2025-10-24 20:45,0.0
2025-10-24 21:00,0.0
2025-10-24 21:15,0.001205
2025-10-24 21:30,0.048292
2025-10-24 21:45,0.0
2025-10-24 22:00,0.0
2025-10-24 22:15,0.035959
2025-10-24 22:30,0.0
2025-10-24 22:45,0.056939
2025-10-24 23:00,0.042492
2025-10-24 23:15,0.048386
2025-10-24 23:30,0.103364
2025-10-24 23:45,0.179523
2025-10-25 00:00,0.036833
2025-10-25 00:15,0.042775
2025-10-25 00:30,0.01961
2025-10-25 00:45,0.000874
2025-10-25 01:00,0.001748
2025-10-25 01:15,0.001205
2025-10-25 01:30,0.024323
2025-10-25 01:45,0.299969
2025-10-25 02:00,0.030206
2025-10-25 02:15,0.029533
2025-10-25 02:30,0.0
2025-10-25 02:45,0.143458
2025-10-25 03:00,0.002079
2025-10-25 03:15,0.125856
2025-10-25 03:30,0.001099
2025-10-25 03:45,0.0
2025-10-25 04:00,0.00352
2025-10-25 04:15,0.0
2025-10-25 04:30,0.001122
2025-10-25 04:45,0.0
2025-10-25 05:00,0.001158
2025-10-25 05:15,0.0
2025-10-25 05:30,0.0
2025-10-25 05:45,0.0
2025-10-25 06:00,0.0
2025-10-25 06:15,0.086684
2025-10-25 06:30,0.006604
2025-10-25 06:45,0.0
2025-10-25 07:00,0.000969
2025-10-25 07:15,0.0
2025-10-25 07:30,0.0
2025-10-25 07:45,0.017979
2025-10-25 08:00,0.0
2025-10-25 08:15,0.0
2025-10-25 08:30,0.0
2025-10-25 08:45,0.0
2025-10-25 09:00,0.017979
2025-10-25 09:15,0.002079
2025-10-25 09:30,0.014766
2025-10-25 09:45,0.127971
2025-10-25 10:00,0.025977
2025-10-25 10:15,0.030289
2025-10-25 10:30,0.110074
2025-10-25 10:45,0.080589
2025-10-25 11:00,0.114291
2025-10-25 11:15,0.139111
2025-10-25 11:30,0.273638
2025-10-25 11:45,0.054813
2025-10-25 12:00,0.222381
2025-10-25 12:15,0.198649
2025-10-25 12:30,0.111303
2025-10-25 12:45,0.00443
2025-10-25 13:00,0.0
2025-10-25 13:15,0.005481
2025-10-25 13:30,0.001087
2025-10-25 13:45,0.029533
2025-10-25 14:00,0.221188
2025-10-25 14:15,0.192978
2025-10-25 14:30,0.094268
2025-10-25 14:45,0.004961
2025-10-25 15:00,0.111267
2025-10-25 15:15,0.071918
2025-10-25 15:30,0.065055
2025-10-25 15:45,0.175282
2025-10-25 16:00,0.174184
2025-10-25 16:15,0.313176
2025-10-25 16:30,0.486002
2025-10-25 16:45,0.000969
2025-10-25 17:00,0.0
2025-10-25 17:15,0.0
2025-10-25 17:30,0.029533
2025-10-25 17:45,0.0
2025-10-25 18:00,0.000756
2025-10-25 18:15,0.0
2025-10-25 18:30,0.0
2025-10-25 18:45,0.001028
2025-10-25 19:00,0.013998
2025-10-25 19:15,0.0
2025-10-25 19:30,0.003473
2025-10-25 19:45,0.055687
2025-10-25 20:00,0.071918
2025-10-25 20:15,0.061641
2025-10-25 20:30,0.09089
2025-10-25 20:45,0.000874
2025-10-25 21:00,0.067807
2025-10-25 21:15,0.029533
2025-10-25 21:30,0.131184
2025-10-25 21:45,0.507938
2025-10-25 22:00,0.958205
2025-10-25 22:15,0.872608
2025-10-25 22:30,1.0
2025-10-25 22:45,0.678661
2025-10-25 23:00,0.088374
2025-10-25 23:15,0.106578
2025-10-25 23:30,0.001075
2025-10-25 23:45,0.000874
2025-10-26 00:00,0.0
2025-10-26 00:15,0.265629
2025-10-26 00:30,0.13331
2025-10-26 00:45,0.047807
2025-10-26 01:00,0.199688
2025-10-26 01:15,0.105703
2025-10-26 01:30,0.0
2025-10-26 01:45,0.0
2025-10-26 02:00,0.001099
2025-10-26 02:15,0.014766
2025-10-26 02:30,0.001087
2025-10-26 02:45,0.0
2025-10-26 03:00,0.082691
2025-10-26 03:15,0.000874
2025-10-26 03:30,0.005068
2025-10-26 03:45,0.001087
2025-10-26 04:00,0.002185
2025-10-26 04:15,0.024193
2025-10-26 04:30,0.000874
2025-10-26 04:45,0.0
2025-10-26 05:00,0.0
2025-10-26 05:15,0.017979
2025-10-26 05:30,0.0
2025-10-26 05:45,0.00163
2025-10-26 06:00,0.053135
2025-10-26 06:15,0.0
2025-10-26 06:30,0.000732
2025-10-26 06:45,0.003697
2025-10-26 07:00,0.00124
2025-10-26 07:15,0.000874
2025-10-26 07:30,0.0
2025-10-26 07:45,0.001087
2025-10-26 08:00,0.043189
2025-10-26 08:15,0.0
2025-10-26 08:30,0.003237
2025-10-26 08:45,0.017979
2025-10-26 09:00,0.152105
2025-10-26 09:15,0.169612
2025-10-26 09:30,0.052781
2025-10-26 09:45,0.076513
2025-10-26 10:00,0.086802
2025-10-26 10:15,0.317193
2025-10-26 10:30,0.295327
2025-10-26 10:45,0.0
2025-10-26 11:00,0.035959
2025-10-26 11:15,0.0
2025-10-26 11:30,0.008021
2025-10-26 11:45,0.028009
2025-10-26 12:00,0.0
2025-10-26 12:15,0.001748
2025-10-26 12:30,0.000874
2025-10-26 12:45,0.0
2025-10-26 13:00,0.017979
2025-10-26 13:15,0.032013
2025-10-26 13:30,0.056561
2025-10-26 13:45,0.176535
2025-10-26 14:00,0.136701
2025-10-26 14:15,0.16269
2025-10-26 14:30,0.155649
2025-10-26 14:45,0.061381
2025-10-26 15:00,0.136028
2025-10-26 15:15,0.189493
2025-10-26 15:30,0.05701
2025-10-26 15:45,0.66693
2025-10-26 16:00,0.34454
2025-10-26 16:15,0.064629
2025-10-26 16:30,0.042763
2025-10-26 16:45,0.019161
2025-10-26 17:00,0.035959
2025-10-26 17:15,0.0
2025-10-26 17:30,0.017979
2025-10-26 17:45,0.053938
2025-10-26 18:00,0.0
2025-10-26 18:15,0.0
2025-10-26 18:30,0.0
2025-10-26 18:45,0.00163
2025-10-26 19:00,0.002481
2025-10-26 19:15,0.013998
2025-10-26 19:30,0.013998
2025-10-26 19:45,0.0
2025-10-26 20:00,0.035168
2025-10-26 20:15,0.027997
2025-10-26 20:30,0.017979
2025-10-26 20:45,0.031978
2025-10-26 21:00,0.013857
2025-10-26 21:15,0.0
2025-10-26 21:30,0.031978
2025-10-26 21:45,0.017979
2025-10-26 22:00,0.197396
2025-10-26 22:15,0.034376
2025-10-26 22:30,0.004631
2025-10-26 22:45,0.164887
2025-10-26 23:00,0.072178
2025-10-26 23:15,0.115567
2025-10-26 23:30,0.035959
2025-10-26 23:45,0.019137
2025-10-27 00:00,0.046284
2025-10-27 00:15,0.037471
2025-10-27 00:30,0.0
2025-10-27 00:45,0.0
2025-10-27 01:00,0.0
2025-10-27 01:15,0.072792
2025-10-27 01:30,0.002044
2025-10-27 01:45,0.0
2025-10-27 02:00,0.000756
2025-10-27 02:15,0.051481
2025-10-27 02:30,0.014766
2025-10-27 02:45,0.015641
2025-10-27 03:00,0.01909
2025-10-27 03:15,0.000874
2025-10-27 03:30,0.0
2025-10-27 03:45,0.0
2025-10-27 04:00,0.013998
2025-10-27 04:15,0.003898
2025-10-27 04:30,0.0
2025-10-27 04:45,0.0
2025-10-27 05:00,0.012049
2025-10-27 05:15,0.002268
2025-10-27 05:30,0.015357
2025-10-27 05:45,0.0
2025-10-27 06:00,0.002174
2025-10-27 06:15,0.088598
2025-10-27 06:30,0.001016
2025-10-27 06:45,0.000756
2025-10-27 07:00,0.001394
2025-10-27 07:15,0.003497
2025-10-27 07:30,0.059065
2025-10-27 07:45,0.00658
2025-10-27 08:00,0.048693
2025-10-27 08:15,0.107924
2025-10-27 08:30,0.0
2025-10-27 08:45,0.07017
2025-10-27 09:00,0.018712
2025-10-27 09:15,0.032746
2025-10-27 09:30,0.014731
2025-10-27 09:45,0.095024
2025-10-27 10:00,0.077045
2025-10-27 10:15,0.0
2025-10-27 10:30,0.002433
2025-10-27 10:45,0.003946
2025-10-27 11:00,0.000921
2025-10-27 11:15,0.0
2025-10-27 11:30,0.00124
2025-10-27 11:45,0.000874
2025-10-27 12:00,0.014766
2025-10-27 12:15,0.017979
2025-10-27 12:30,0.214667
2025-10-27 12:45,0.058865
2025-10-27 13:00,0.186481
2025-10-27 13:15,0.152554
2025-10-27 13:30,0.238081
2025-10-27 13:45,0.144119
2025-10-27 14:00,0.436115
2025-10-27 14:15,0.13637
2025-10-27 14:30,0.187072
2025-10-27 14:45,0.683693
2025-10-27 15:00,0.153168
2025-10-27 15:15,0.045173
2025-10-27 15:30,0.109814
2025-10-27 15:45,0.176794
2025-10-27 16:00,0.191254
2025-10-27 16:15,0.012888
2025-10-27 16:30,0.004135
2025-10-27 16:45,0.001748
2025-10-27 17:00,0.128668
2025-10-27 17:15,0.090323
2025-10-27 17:30,0.0
2025-10-27 17:45,0.001264
2025-10-27 18:00,0.03362
2025-10-27 18:15,0.033053
2025-10-27 18:30,0.014766
2025-10-27 18:45,0.016302
2025-10-27 19:00,0.0
2025-10-27 19:15,0.0
2025-10-27 19:30,0.003449
2025-10-27 19:45,0.0
2025-10-27 20:00,0.017979
2025-10-27 20:15,0.0
2025-10-27 20:30,0.143836
2025-10-27 20:45,0.0
2025-10-27 21:00,0.0
2025-10-27 21:15,0.0
2025-10-27 21:30,0.050725
2025-10-27 21:45,0.0
2025-10-27 22:00,0.0
2025-10-27 22:15,0.0
2025-10-27 22:30,0.0
2025-10-27 22:45,0.064724
2025-10-27 23:00,0.0
2025-10-27 23:15,0.009533
2025-10-27 23:30,0.0
2025-10-27 23:45,0.045823
2025-10-28 00:00,0.0
2025-10-28 00:15,0.0
2025-10-28 00:30,0.01531
2025-10-28 00:45,0.036396
2025-10-28 01:00,0.012864
2025-10-28 01:15,0.000431
2025-10-28 01:30,0.029521
2025-10-28 01:45,0.006698
2025-10-28 02:00,0.031417
2025-10-28 02:15,0.023289
2025-10-28 02:30,0.009498
2025-10-28 02:45,0.000437
2025-10-28 03:00,0.009586
2025-10-28 03:15,0.177928
2025-10-28 03:30,0.083288
2025-10-28 03:45,0.08187
2025-10-28 04:00,0.032238
2025-10-28 04:15,0.008003
2025-10-28 04:30,0.0
2025-10-28 04:45,0.008381
2025-10-28 05:00,0.044299
2025-10-28 05:15,0.004967
2025-10-28 05:30,0.01544
2025-10-28 05:45,0.090535
2025-10-28 06:00,0.003308
2025-10-28 06:15,0.058422
2025-10-28 06:30,0.091917
2025-10-28 06:45,0.072355
2025-10-28 07:00,0.001234
2025-10-28 07:15,0.015641
2025-10-28 07:30,0.024701
2025-10-28 07:45,0.0
2025-10-28 08:00,0.000602
2025-10-28 08:15,0.002103
2025-10-28 08:30,0.102301
2025-10-28 08:45,0.017979
2025-10-28 09:00,0.0
2025-10-28 09:15,0.0
2025-10-28 09:30,0.0
2025-10-28 09:45,0.0
2025-10-28 10:00,0.000366
2025-10-28 10:15,0.017979
2025-10-28 10:30,0.254158
2025-10-28 10:45,0.146553
2025-10-28 11:00,0.011978
2025-10-28 11:15,0.118958
2025-10-28 11:30,0.015487
2025-10-28 11:45,0.005174
2025-10-28 12:00,0.145714
2025-10-28 12:15,0.000378
2025-10-28 12:30,0.036396
2025-10-28 12:45,0.025504
2025-10-28 13:00,0.001943
2025-10-28 13:15,0.012138
2025-10-28 13:30,0.001595
2025-10-28 13:45,0.093725
2025-10-28 14:00,0.056856
2025-10-28 14:15,0.537282
2025-10-28 14:30,0.312562
2025-10-28 14:45,0.135047
2025-10-28 15:00,0.039964
2025-10-28 15:15,0.059302
2025-10-28 15:30,0.374587
2025-10-28 15:45,0.36591
2025-10-28 16:00,0.439871
2025-10-28 16:15,0.473858
2025-10-28 16:30,0.283212
2025-10-28 16:45,0.110683
2025-10-28 17:00,0.005469
2025-10-28 17:15,0.025416
2025-10-28 17:30,0.209144
2025-10-28 17:45,0.002623
2025-10-28 18:00,0.0
2025-10-28 18:15,0.093902
2025-10-28 18:30,0.0
2025-10-28 18:45,0.0
2025-10-28 19:00,0.0
2025-10-28 19:15,0.0
2025-10-28 19:30,0.0
2025-10-28 19:45,0.0
2025-10-28 20:00,0.0
2025-10-28 20:15,0.0
2025-10-28 20:30,0.014766
2025-10-28 20:45,0.0
2025-10-28 21:00,0.0
2025-10-28 21:15,0.0
2025-10-28 21:30,0.015357
2025-10-28 21:45,0.035959
2025-10-28 22:00,0.141816
2025-10-28 22:15,0.365355
2025-10-28 22:30,0.047512
2025-10-28 22:45,0.106152
2025-10-28 23:00,0.090583
2025-10-28 23:15,0.373789
2025-10-28 23:30,0.179712
2025-10-28 23:45,0.329183
2025-10-29 00:00,0.263172
2025-10-29 00:00,0.319178
2025-10-29 00:15,0.361443
2025-10-29 00:30,0.30051
2025-10-29 00:45,0.185048
2025-10-29 01:00,0.0
2025-10-29 01:15,0.021806
2025-10-29 01:30,0.008396
2025-10-29 01:45,0.003009
2025-10-29 02:00,0.001189
2025-10-29 02:15,0.045087
2025-10-29 02:30,0.0
2025-10-29 02:45,0.0
2025-10-29 03:00,0.0
2025-10-29 03:15,0.00212
2025-10-29 03:30,0.002894
2025-10-29 03:45,0.042752
2025-10-29 04:00,0.023167
2025-10-29 04:15,0.074873
2025-10-29 04:30,0.0
2025-10-29 04:45,0.0
2025-10-29 05:00,0.000888
2025-10-29 05:15,0.001633
2025-10-29 05:30,0.0
2025-10-29 05:45,0.0
2025-10-29 06:00,0.046534
2025-10-29 06:15,0.083326
2025-10-29 06:30,0.00212
2025-10-29 06:45,0.076922
2025-10-29 07:00,0.017909
2025-10-29 07:15,0.003181
2025-10-29 07:30,0.043612
2025-10-29 07:45,0.0
2025-10-29 08:00,0.00957
2025-10-29 08:15,0.021806
2025-10-29 08:30,0.0
2025-10-29 08:45,0.023926
2025-10-29 09:00,0.025674
2025-10-29 09:15,0.022694
2025-10-29 09:30,0.130835
2025-10-29 09:45,0.0
2025-10-29 10:00,0.001791
2025-10-29 10:15,0.0
2025-10-29 10:30,0.00212
2025-10-29 10:45,0.013711
2025-10-29 11:00,0.0
2025-10-29 11:15,0.089974
2025-10-29 11:30,0.0
2025-10-29 11:45,0.0
2025-10-29 12:00,0.01937
2025-10-29 12:15,0.075088
2025-10-29 12:30,0.00106
2025-10-29 12:45,0.036534
2025-10-29 13:00,0.0
2025-10-29 13:15,0.069228
2025-10-29 13:30,0.0
2025-10-29 13:45,0.065417
2025-10-29 14:00,0.179919
2025-10-29 14:15,0.090733
2025-10-29 14:30,0.26273
2025-10-29 14:45,0.282759
2025-10-29 15:00,0.163056
2025-10-29 15:15,0.415957
2025-10-29 15:30,0.091464
2025-10-29 15:45,0.150993
2025-10-29 16:00,0.253904
2025-10-29 16:15,0.146079
2025-10-29 16:30,0.087037
2025-10-29 16:45,0.529743
2025-10-29 17:00,0.446746
2025-10-29 17:15,0.001232
2025-10-29 17:30,0.086364
2025-10-29 17:45,0.189891
2025-10-29 18:00,0.089057
2025-10-29 18:15,0.000917
2025-10-29 18:30,0.021806
2025-10-29 18:45,0.056506
2025-10-29 19:00,0.018711
2025-10-29 19:15,0.008353
2025-10-29 19:30,0.0
2025-10-29 19:45,0.0
2025-10-29 20:00,0.0
2025-10-29 20:15,0.0
2025-10-29 20:30,0.0
2025-10-29 20:45,0.001232
2025-10-29 21:00,0.006734
2025-10-29 21:15,0.0
2025-10-29 21:30,0.0
2025-10-29 21:45,0.0
2025-10-29 22:00,0.042422
2025-10-29 22:15,0.00212
2025-10-29 22:30,0.125562
2025-10-29 22:45,0.044672
2025-10-29 23:00,0.071635
2025-10-29 23:15,0.002808
2025-10-29 23:30,0.00212
2025-10-29 23:45,0.022866
2025-10-30 00:00,0.0
2025-10-30 00:15,0.0
2025-10-30 00:30,0.024557
2025-10-30 00:45,0.071635
2025-10-30 01:00,0.127482
2025-10-30 01:15,0.026605
2025-10-30 01:30,0.0
2025-10-30 01:45,0.07132
2025-10-30 02:00,0.042795
2025-10-30 02:15,0.0
2025-10-30 02:30,0.087223
2025-10-30 02:45,0.08963
2025-10-30 03:00,0.020946
2025-10-30 03:15,0.022923
2025-10-30 03:30,0.029199
2025-10-30 03:45,0.040603
2025-10-30 04:00,0.00212
2025-10-30 04:15,0.0
2025-10-30 04:30,0.001433
2025-10-30 04:45,0.023783
2025-10-30 05:00,0.0
2025-10-30 05:15,0.0
2025-10-30 05:30,0.021806
2025-10-30 05:45,0.020645
2025-10-30 06:00,0.151523
2025-10-30 06:15,0.021806
2025-10-30 06:30,0.02513
2025-10-30 06:45,0.066478
2025-10-30 07:00,0.002249
2025-10-30 07:15,0.00106
2025-10-30 07:30,0.021534
2025-10-30 07:45,0.023081
2025-10-30 08:00,0.001232
2025-10-30 08:15,0.023926
2025-10-30 08:30,0.001977
2025-10-30 08:45,0.002751
2025-10-30 09:00,0.0
2025-10-30 09:15,0.002522
2025-10-30 09:30,0.0
2025-10-30 09:45,0.0
2025-10-30 10:00,0.0
2025-10-30 10:15,0.0
2025-10-30 10:30,0.0
2025-10-30 10:45,0.0
2025-10-30 11:00,0.00212
2025-10-30 11:15,0.0
2025-10-30 11:30,0.045976
2025-10-30 11:45,0.0
2025-10-30 12:00,0.00106
2025-10-30 12:15,0.0
2025-10-30 12:30,0.026964
2025-10-30 12:45,0.079429
2025-10-30 13:00,0.0
2025-10-30 13:15,0.0
2025-10-30 13:30,0.024499
2025-10-30 13:45,0.030044
2025-10-30 14:00,0.165936
2025-10-30 14:15,0.276498
2025-10-30 14:30,0.11496
2025-10-30 14:45,0.297115
2025-10-30 15:00,0.040187
2025-10-30 15:15,0.0
2025-10-30 15:30,0.019256
2025-10-30 15:45,0.028167
2025-10-30 16:00,0.15264
2025-10-30 16:15,0.210808
2025-10-30 16:30,0.001619
2025-10-30 16:45,0.095461
2025-10-30 17:00,0.020717
2025-10-30 17:15,0.057623
2025-10-30 17:30,0.023926
2025-10-30 17:45,0.024729
2025-10-30 18:00,0.016978
2025-10-30 18:15,0.021806
2025-10-30 18:30,0.002779
2025-10-30 18:45,0.017909
2025-10-30 19:00,0.0
2025-10-30 19:15,0.004757
2025-10-30 19:30,0.00106
2025-10-30 19:45,0.0
2025-10-30 20:00,0.004241
2025-10-30 20:15,0.0
2025-10-30 20:30,0.0
2025-10-30 20:45,0.0
2025-10-30 21:00,0.053726
2025-10-30 21:15,0.0
2025-10-30 21:30,0.0
2025-10-30 21:45,0.021806
2025-10-30 22:00,0.033969
2025-10-30 22:15,0.0
2025-10-30 22:30,0.0
2025-10-30 22:45,0.109029
2025-10-30 23:00,0.053726
2025-10-30 23:15,0.008467
2025-10-30 23:30,0.022866
2025-10-30 23:45,0.019299
2025-10-31 00:00,0.0
2025-10-31 00:15,0.005573
2025-10-31 00:30,0.049958
2025-10-31 00:45,0.0
2025-10-31 01:00,0.008453
2025-10-31 01:15,0.049658
2025-10-31 01:30,0.160191
2025-10-31 01:45,0.208258
2025-10-31 02:00,0.022723
2025-10-31 02:15,0.02235
2025-10-31 02:30,0.0
2025-10-31 02:45,0.002894
2025-10-31 03:00,0.021806
2025-10-31 03:15,0.0
2025-10-31 03:30,0.073498
2025-10-31 03:45,0.066334
2025-10-31 04:00,0.194533
2025-10-31 04:15,0.045445
2025-10-31 04:30,0.043612
2025-10-31 04:45,0.174446
2025-10-31 05:00,0.0
2025-10-31 05:15,0.087223
2025-10-31 05:30,0.0
2025-10-31 05:45,0.0
2025-10-31 06:00,0.0
2025-10-31 06:15,0.039715
2025-10-31 06:30,0.0
2025-10-31 06:45,0.0
2025-10-31 07:00,0.009341
2025-10-31 07:15,0.0
2025-10-31 07:30,0.0
2025-10-31 07:45,0.0
2025-10-31 08:00,0.08814
2025-10-31 08:15,0.0
2025-10-31 08:30,0.0
2025-10-31 08:45,0.0
2025-10-31 09:00,0.0
2025-10-31 09:15,0.0
2025-10-31 09:30,0.0
2025-10-31 09:45,0.0
2025-10-31 10:00,0.0
2025-10-31 10:15,0.0
2025-10-31 10:30,0.0
2025-10-31 10:45,0.057623
2025-10-31 11:00,0.0
2025-10-31 11:15,0.00106
2025-10-31 11:30,0.176567
2025-10-31 11:45,0.373019
2025-10-31 12:00,0.309493
2025-10-31 12:15,0.089544
2025-10-31 12:30,0.002693
2025-10-31 12:45,0.0
2025-10-31 13:00,0.090748
2025-10-31 13:15,0.035818
2025-10-31 13:30,0.0
2025-10-31 13:45,0.023267
2025-10-31 14:00,0.017909
2025-10-31 14:15,0.089544
2025-10-31 14:30,0.072982
2025-10-31 14:45,0.089544
2025-10-31 15:00,0.137898
2025-10-31 15:15,0.737141
2025-10-31 15:30,0.488037
2025-10-31 15:45,0.32074
2025-10-31 16:00,0.002292
2025-10-31 16:15,0.112038
2025-10-31 16:30,0.00106
2025-10-31 16:45,0.0
2025-10-31 17:00,0.002837
2025-10-31 17:15,0.034671
2025-10-31 17:30,0.0
2025-10-31 17:45,0.010817
2025-10-31 18:00,0.0
2025-10-31 18:15,0.0
2025-10-31 18:30,0.0
2025-10-31 18:45,0.048311
2025-10-31 19:00,0.0
2025-10-31 19:15,0.0
2025-10-31 19:30,0.0
2025-10-31 19:45,0.0
2025-10-31 20:00,0.0
2025-10-31 20:15,0.017909
2025-10-31 20:30,0.066478
2025-10-31 20:45,0.702828
2025-10-31 21:00,0.0
2025-10-31 21:15,0.006017
2025-10-31 21:30,0.0
2025-10-31 21:45,0.040574
2025-10-31 22:00,0.040775
2025-10-31 22:15,0.058798
2025-10-31 22:30,0.037279
2025-10-31 22:45,0.178687
2025-10-31 23:00,0.066478
2025-10-31 23:15,0.035818
2025-10-31 23:30,0.039715
2025-10-31 23:45,0.0
2025-11-01 00:00,0.00106
2025-11-01 00:15,0.076951
2025-11-01 00:30,0.179762
2025-11-01 00:45,0.0
2025-11-01 01:00,0.0
2025-11-01 01:15,0.0
2025-11-01 01:30,0.021806
2025-11-01 01:45,0.053726
2025-11-01 02:00,0.114932
2025-11-01 02:15,0.111336
2025-11-01 02:30,0.054643
2025-11-01 02:45,0.0
2025-11-01 03:00,0.0
2025-11-01 03:15,0.001332
2025-11-01 03:30,0.0
2025-11-01 03:45,0.0
2025-11-01 04:00,0.0
2025-11-01 04:15,0.09069
2025-11-01 04:30,0.001547
2025-11-01 04:45,0.043612
2025-11-01 05:00,0.0
2025-11-01 05:15,0.0
2025-11-01 05:30,0.044844
2025-11-01 05:45,0.088283
2025-11-01 06:00,0.066879
2025-11-01 06:15,0.066478
2025-11-01 06:30,0.021806
2025-11-01 06:45,0.03056
2025-11-01 07:00,0.003782
2025-11-01 07:15,0.087424
2025-11-01 07:30,0.193043
2025-11-01 07:45,0.065417
2025-11-01 08:00,0.264936
2025-11-01 08:15,0.109029
2025-11-01 08:30,0.032107
2025-11-01 08:45,0.001461
2025-11-01 09:00,0.255509
2025-11-01 09:15,0.178687
2025-11-01 09:30,0.139316
2025-11-01 09:45,0.201825
2025-11-01 10:00,0.220536
2025-11-01 10:15,0.20151
2025-11-01 10:30,0.654088
2025-11-01 10:45,0.1682
2025-11-01 11:00,0.198043
2025-11-01 11:15,0.232213
2025-11-01 11:30,0.234735
2025-11-01 11:45,0.242944
2025-11-01 12:00,0.333835
2025-11-01 12:15,0.54993
2025-11-01 12:30,0.176266
2025-11-01 12:45,0.338362
2025-11-01 13:00,0.154961
2025-11-01 13:15,0.369839
2025-11-01 13:30,0.250179
2025-11-01 13:45,0.559901
2025-11-01 14:00,0.108313
2025-11-01 14:15,0.133457
2025-11-01 14:30,0.645119
2025-11-01 14:45,0.314565
2025-11-01 15:00,0.200493
2025-11-01 15:15,0.356128
2025-11-01 15:30,0.252443
2025-11-01 15:45,0.537795
2025-11-01 16:00,0.036448
2025-11-01 16:15,0.13956
2025-11-01 16:30,0.176452
2025-11-01 16:45,0.0
2025-11-01 17:00,0.017909
2025-11-01 17:15,0.04887
2025-11-01 17:30,0.03705
2025-11-01 17:45,0.113184
2025-11-01 18:00,0.223087
2025-11-01 18:15,0.095203
2025-11-01 18:30,0.118786
2025-11-01 18:45,0.045732
2025-11-01 19:00,0.048769
2025-11-01 19:15,0.0
2025-11-01 19:30,0.0
2025-11-01 19:45,0.0
2025-11-01 20:00,0.0
2025-11-01 20:15,0.0
2025-11-01 20:30,0.0
2025-11-01 20:45,0.042236
2025-11-01 21:00,0.104946
2025-11-01 21:15,0.151566
2025-11-01 21:30,0.421488
2025-11-01 21:45,0.209032
2025-11-01 22:00,0.204404
2025-11-01 22:15,0.23919
2025-11-01 22:30,0.032881
2025-11-01 22:45,0.182985
2025-11-01 23:00,0.09347
2025-11-01 23:15,0.20608
2025-11-01 23:30,0.220221
2025-11-01 23:45,0.313189
2025-11-02 00:00,0.327889
2025-11-02 00:15,0.096149
2025-11-02 00:30,0.183902
2025-11-02 00:45,0.240809
2025-11-02 01:00,0.25346
2025-11-02 01:15,0.242185
2025-11-02 01:30,1.0
2025-11-02 01:45,0.324995
2025-11-02 02:00,0.292358
2025-11-02 02:15,0.155076
2025-11-02 02:30,0.232815
2025-11-02 02:45,0.196997
2025-11-02 03:00,0.096077
2025-11-02 03:15,0.191352
2025-11-02 03:30,0.18651
2025-11-02 03:45,0.192212
2025-11-02 04:00,0.285596
2025-11-02 04:15,0.0
2025-11-02 04:30,0.039127
2025-11-02 04:45,0.110046
2025-11-02 05:00,0.105247
2025-11-02 05:15,0.053726
2025-11-02 05:30,0.0
2025-11-02 05:45,0.031032
2025-11-02 06:00,0.01639
2025-11-02 06:15,0.0
2025-11-02 06:30,0.039342
2025-11-02 06:45,0.065417
2025-11-02 07:00,0.09347
2025-11-02 07:15,0.00212
2025-11-02 07:30,0.017551
2025-11-02 07:45,0.0
2025-11-02 08:00,0.02321
2025-11-02 08:15,0.00106
2025-11-02 08:30,0.043612
2025-11-02 08:45,0.039715
2025-11-02 09:00,0.070976
2025-11-02 09:15,0.11274
2025-11-02 09:30,0.021806
2025-11-02 09:45,0.146967
2025-11-02 10:00,0.37706
2025-11-02 10:15,0.443938
2025-11-02 10:30,0.267601
2025-11-02 10:45,0.215393
2025-11-02 11:00,0.266225
2025-11-02 11:15,0.132955
2025-11-02 11:30,0.039958
2025-11-02 11:45,0.105132
2025-11-02 12:00,0.025789
2025-11-02 12:15,0.00106
2025-11-02 12:30,0.046133
2025-11-02 12:45,0.003181
2025-11-02 13:00,0.214906
2025-11-02 13:15,0.169632
2025-11-02 13:30,0.12827
2025-11-02 13:45,0.63499
2025-11-02 14:00,0.830669
2025-11-02 14:15,0.43368
2025-11-02 14:30,0.499441
2025-11-02 14:45,0.300582
2025-11-02 15:00,0.221238
2025-11-02 15:15,0.330998
2025-11-02 15:30,0.310869
2025-11-02 15:45,0.148428
2025-11-02 16:00,0.0
2025-11-02 16:15,0.108427
2025-11-02 16:30,0.031319
2025-11-02 16:45,0.043612
2025-11-02 17:00,0.0
2025-11-02 17:15,0.0
2025-11-02 17:30,0.001175
2025-11-02 17:45,0.110089
2025-11-02 18:00,0.001304
2025-11-02 18:15,0.0
2025-11-02 18:30,0.023267
2025-11-02 18:45,0.154933
2025-11-02 19:00,0.0
2025-11-02 19:15,0.0
2025-11-02 19:30,0.009613
2025-11-02 19:45,0.0
2025-11-02 20:00,0.00212
2025-11-02 20:15,0.0
2025-11-02 20:30,0.021806
2025-11-02 20:45,0.0
2025-11-02 21:00,0.0
2025-11-02 21:15,0.002894
2025-11-02 21:30,0.021806
2025-11-02 21:45,0.0
2025-11-02 22:00,0.035818
2025-11-02 22:15,0.088283
2025-11-02 22:30,0.0
2025-11-02 22:45,0.000917
2025-11-02 23:00,0.0
2025-11-02 23:15,0.619502
2025-11-02 23:30,0.059887
2025-11-02 23:45,0.022866
2025-11-03 00:00,0.0
2025-11-03 00:15,0.081693
2025-11-03 00:30,0.021806
2025-11-03 00:45,0.017909
2025-11-03 01:00,0.0
2025-11-03 01:15,0.021806
2025-11-03 01:30,0.0
2025-11-03 01:45,0.00106
2025-11-03 02:00,0.0
2025-11-03 02:15,0.0
2025-11-03 02:30,0.0
2025-11-03 02:45,0.111407
2025-11-03 03:00,0.0
2025-11-03 03:15,0.0
2025-11-03 03:30,0.002693
2025-11-03 03:45,0.002464
2025-11-03 04:00,0.006662
2025-11-03 04:15,0.0
2025-11-03 04:30,0.0
2025-11-03 04:45,0.0
2025-11-03 05:00,0.0
2025-11-03 05:15,0.021806
2025-11-03 05:30,0.0
2025-11-03 05:45,0.0
2025-11-03 06:00,0.0
2025-11-03 06:15,0.0
2025-11-03 06:30,0.043612
2025-11-03 06:45,0.0
2025-11-03 07:00,0.001504
2025-11-03 07:15,0.0
2025-11-03 07:30,0.061263
2025-11-03 07:45,0.0
2025-11-03 08:00,0.0
2025-11-03 08:15,0.071635
2025-11-03 08:30,0.077251
2025-11-03 08:45,0.075346
2025-11-03 09:00,0.181552
2025-11-03 09:15,0.0
2025-11-03 09:30,0.0
2025-11-03 09:45,0.020946
2025-11-03 10:00,0.062581
2025-11-03 10:15,0.001433
2025-11-03 10:30,0.0
2025-11-03 10:45,0.0
2025-11-03 11:00,0.018969
2025-11-03 11:15,0.0
2025-11-03 11:30,0.0
2025-11-03 11:45,0.0
2025-11-03 12:00,0.063641
2025-11-03 12:15,0.332617
2025-11-03 12:30,0.414138
2025-11-03 12:45,0.179375
2025-11-03 13:00,0.135061
2025-11-03 13:15,0.201954
2025-11-03 13:30,0.113671
2025-11-03 13:45,0.021806
2025-11-03 14:00,0.023783
2025-11-03 14:15,0.003295
2025-11-03 14:30,0.024614
2025-11-03 14:45,0.001375
2025-11-03 15:00,0.243059
2025-11-03 15:15,0.042064
2025-11-03 15:30,0.093928
2025-11-03 15:45,0.180636
2025-11-03 16:00,0.257257
2025-11-03 16:15,0.285596
2025-11-03 16:30,0.089344
2025-11-03 16:45,0.142268
2025-11-03 17:00,0.153214
2025-11-03 17:15,0.0
2025-11-03 17:30,0.0
2025-11-03 17:45,0.620476
2025-11-03 18:00,0.0
2025-11-03 18:15,0.0
2025-11-03 18:30,0.0
2025-11-03 18:45,0.053726
2025-11-03 19:00,0.002335
2025-11-03 19:15,0.0
2025-11-03 19:30,0.0
2025-11-03 19:45,0.0
2025-11-03 20:00,0.0
2025-11-03 20:15,0.0
2025-11-03 20:30,0.0
2025-11-03 20:45,0.0
2025-11-03 21:00,0.000917
2025-11-03 21:15,0.0
2025-11-03 21:30,0.0
2025-11-03 21:45,0.0
2025-11-03 22:00,0.043612
2025-11-03 22:15,0.057595
2025-11-03 22:30,0.0
2025-11-03 22:45,0.007393
2025-11-03 23:00,0.095676
2025-11-03 23:15,0.0
2025-11-03 23:30,0.021562
2025-11-03 23:45,0.021806
2025-11-04 00:00,0.0
2025-11-04 00:15,0.023196
2025-11-04 00:30,0.022006
2025-11-04 00:45,0.046076
2025-11-04 01:00,0.06834
2025-11-04 01:15,0.045732
2025-11-04 01:30,0.0
2025-11-04 01:45,0.0
2025-11-04 02:00,0.00106
2025-11-04 02:15,0.0
2025-11-04 02:30,0.017909
2025-11-04 02:45,0.0
2025-11-04 03:00,0.0
2025-11-04 03:15,0.0
2025-11-04 03:30,0.0
2025-11-04 03:45,0.0
2025-11-04 04:00,0.043612
2025-11-04 04:15,0.000917
2025-11-04 04:30,0.066478
2025-11-04 04:45,0.045904
2025-11-04 05:00,0.0
2025-11-04 05:15,0.418551
2025-11-04 05:30,0.487435
2025-11-04 05:45,0.045589
2025-11-04 06:00,0.113957
2025-11-04 06:15,0.351013
2025-11-04 06:30,0.038783
2025-11-04 06:45,0.385054
2025-11-04 07:00,0.050933
2025-11-04 07:15,0.0
2025-11-04 07:30,0.193544
2025-11-04 07:45,0.021806
2025-11-04 08:00,0.152053
2025-11-04 08:15,0.111522
2025-11-04 08:30,0.126006
2025-11-04 08:45,0.079214
2025-11-04 09:00,0.021806
2025-11-04 09:15,0.038783
2025-11-04 09:30,0.043612
2025-11-04 09:45,0.016978
2025-11-04 10:00,0.023926
2025-11-04 10:15,0.087223
2025-11-04 10:30,0.242672
2025-11-04 10:45,0.024112
2025-11-04 11:00,0.021806
2025-11-04 11:15,0.038783
2025-11-04 11:30,0.0
2025-11-04 11:45,0.002063
2025-11-04 12:00,0.0
2025-11-04 12:15,0.0
2025-11-04 12:30,0.126938
2025-11-04 12:45,0.021806
2025-11-04 13:00,0.026534
2025-11-04 13:15,0.044672
2025-11-04 13:30,0.072968
2025-11-04 13:45,0.003424
2025-11-04 14:00,0.040818
2025-11-04 14:15,0.001948
2025-11-04 14:30,0.014384
2025-11-04 14:45,0.0
2025-11-04 15:00,0.281269
2025-11-04 15:15,0.019413
2025-11-04 15:30,0.001447
2025-11-04 15:45,0.001347
2025-11-04 16:00,0.002651
2025-11-04 16:15,0.0
2025-11-04 16:30,0.0
2025-11-04 16:45,0.0
2025-11-04 17:00,0.074845
2025-11-04 17:15,0.785338
2025-11-04 17:30,0.226081
2025-11-04 17:45,0.0
2025-11-04 18:00,0.0
2025-11-04 18:15,0.0
2025-11-04 18:30,0.0
2025-11-04 18:45,0.0
2025-11-04 19:00,0.045732
2025-11-04 19:15,0.00106
2025-11-04 19:30,0.0
2025-11-04 19:45,0.0
2025-11-04 20:00,0.0
2025-11-04 20:15,0.0
2025-11-04 20:30,0.0
2025-11-04 20:45,0.0
2025-11-04 21:00,0.0
2025-11-04 21:15,0.021806
2025-11-04 21:30,0.0
2025-11-04 21:45,0.0
2025-11-04 22:00,0.066478
2025-11-04 22:15,0.058684
2025-11-04 22:30,0.039715
2025-11-04 22:45,0.045274
2025-11-04 23:00,0.001361
2025-11-04 23:15,0.002923
2025-11-04 23:30,0.036878
2025-11-04 23:45,0.003009
2025-11-05 00:00,0.011963
2025-11-05 00:00,0.010428
2025-11-05 00:15,0.038015
2025-11-05 00:30,0.0
2025-11-05 00:45,0.0
2025-11-05 01:00,0.0
2025-11-05 01:15,0.011427
2025-11-05 01:30,0.0
2025-11-05 01:45,0.019008
2025-11-05 02:00,0.0
2025-11-05 02:15,0.017459
2025-11-05 02:30,0.0
2025-11-05 02:45,0.0
2025-11-05 03:00,0.0
2025-11-05 03:15,0.0
2025-11-05 03:30,0.0
2025-11-05 03:45,0.0
2025-11-05 04:00,0.0
2025-11-05 04:15,0.019008
2025-11-05 04:30,0.001311
2025-11-05 04:45,0.0
2025-11-05 05:00,0.019008
2025-11-05 05:15,0.0
2025-11-05 05:30,0.0
2025-11-05 05:45,0.019008
2025-11-05 06:00,0.0
2025-11-05 06:15,0.0
2025-11-05 06:30,0.002735
2025-11-05 06:45,0.0
2025-11-05 07:00,0.063692
2025-11-05 07:15,0.015611
2025-11-05 07:30,0.036554
2025-11-05 07:45,0.015611
2025-11-05 08:00,0.022504
2025-11-05 08:15,0.001599
2025-11-05 08:30,0.0
2025-11-05 08:45,0.0
2025-11-05 09:00,0.0
2025-11-05 09:15,0.0
2025-11-05 09:30,0.0
2025-11-05 09:45,0.001161
2025-11-05 10:00,0.0
2025-11-05 10:15,0.0
2025-11-05 10:30,0.0
2025-11-05 10:45,0.031222
2025-11-05 11:00,0.001786
2025-11-05 11:15,0.019008
2025-11-05 11:30,0.001161
2025-11-05 11:45,0.001311
2025-11-05 12:00,0.001224
2025-11-05 12:15,0.002523
2025-11-05 12:30,0.001336
2025-11-05 12:45,0.0
2025-11-05 13:00,0.0
2025-11-05 13:15,0.075993
2025-11-05 13:30,0.290085
2025-11-05 13:45,0.077629
2025-11-05 14:00,0.139872
2025-11-05 14:15,0.680454
2025-11-05 14:30,0.330399
2025-11-05 14:45,0.214891
2025-11-05 15:00,0.687485
2025-11-05 15:15,0.393541
2025-11-05 15:30,0.0
2025-11-05 15:45,0.001236
2025-11-05 16:00,0.0
2025-11-05 16:15,0.044909
2025-11-05 16:30,1.0
2025-11-05 16:45,0.015611
2025-11-05 17:00,0.020219
2025-11-05 17:15,0.055474
2025-11-05 17:30,0.0
2025-11-05 17:45,0.0
2025-11-05 18:00,0.0
2025-11-05 18:15,0.0
2025-11-05 18:30,0.000924
2025-11-05 18:45,0.0
2025-11-05 19:00,0.0
2025-11-05 19:15,0.000924
2025-11-05 19:30,0.001199
2025-11-05 19:45,0.0
2025-11-05 20:00,0.0
2025-11-05 20:15,0.0
2025-11-05 20:30,0.041137
2025-11-05 20:45,0.001274
2025-11-05 21:00,0.080601
2025-11-05 21:15,0.0
2025-11-05 21:30,0.031222
2025-11-05 21:45,0.015611
2025-11-05 22:00,0.0
2025-11-05 22:15,0.000799
2025-11-05 22:30,0.015611
2025-11-05 22:45,0.121577
2025-11-05 23:00,0.046832
2025-11-05 23:15,0.365491
2025-11-05 23:30,0.119241
2025-11-05 23:45,0.020144
2025-11-06 00:00,0.0
2025-11-06 00:15,0.0
2025-11-06 00:30,0.0
2025-11-06 00:45,0.0
2025-11-06 01:00,0.0
2025-11-06 01:15,0.020219
2025-11-06 01:30,0.0
2025-11-06 01:45,0.048044
2025-11-06 02:00,0.080514
2025-11-06 02:15,0.062443
2025-11-06 02:30,0.0
2025-11-06 02:45,0.038015
2025-11-06 03:00,0.0
2025-11-06 03:15,0.184869
2025-11-06 03:30,0.0
2025-11-06 03:45,0.034369
2025-11-06 04:00,0.0
2025-11-06 04:15,0.0
2025-11-06 04:30,0.019894
2025-11-06 04:45,0.021331
2025-11-06 05:00,0.0
2025-11-06 05:15,0.034618
2025-11-06 05:30,0.034618
2025-11-06 05:45,0.001074
2025-11-06 06:00,0.0
2025-11-06 06:15,0.0
2025-11-06 06:30,0.0
2025-11-06 06:45,0.00266
2025-11-06 07:00,0.0
2025-11-06 07:15,0.0
2025-11-06 07:30,0.018508
2025-11-06 07:45,0.0
2025-11-06 08:00,0.0
2025-11-06 08:15,0.0
2025-11-06 08:30,0.019008
2025-11-06 08:45,0.000924
2025-11-06 09:00,0.015611
2025-11-06 09:15,0.0
2025-11-06 09:30,0.0
2025-11-06 09:45,0.0
2025-11-06 10:00,0.084298
2025-11-06 10:15,0.0
2025-11-06 10:30,0.001599
2025-11-06 10:45,0.115869
2025-11-06 11:00,0.04055
2025-11-06 11:15,0.0
2025-11-06 11:30,0.031222
2025-11-06 11:45,0.0
2025-11-06 12:00,0.039951
2025-11-06 12:15,0.182246
2025-11-06 12:30,0.054675
2025-11-06 12:45,0.240056
2025-11-06 13:00,0.272988
2025-11-06 13:15,0.003984
2025-11-06 13:30,0.042886
2025-11-06 13:45,0.22994
2025-11-06 14:00,0.155283
2025-11-06 14:15,0.078803
2025-11-06 14:30,0.443795
2025-11-06 14:45,0.198769
2025-11-06 15:00,0.246175
2025-11-06 15:15,0.497996
2025-11-06 15:30,0.0
2025-11-06 15:45,0.0
2025-11-06 16:00,0.004621
2025-11-06 16:15,0.218551
2025-11-06 16:30,0.048681
2025-11-06 16:45,0.055437
2025-11-06 17:00,0.038015
2025-11-06 17:15,0.019008
2025-11-06 17:30,0.019008
2025-11-06 17:45,0.224857
2025-11-06 18:00,0.253706
2025-11-06 18:15,0.284478
2025-11-06 18:30,0.764702
2025-11-06 18:45,0.0
2025-11-06 19:00,0.0
2025-11-06 19:15,0.0
2025-11-06 19:30,0.0
2025-11-06 19:45,0.0
2025-11-06 20:00,0.038015
2025-11-06 20:15,0.0
2025-11-06 20:30,0.0
2025-11-06 20:45,0.0
2025-11-06 21:00,0.040688
2025-11-06 21:15,0.0
2025-11-06 21:30,0.013026
2025-11-06 21:45,0.0
2025-11-06 22:00,0.043211
2025-11-06 22:15,0.001074
2025-11-06 22:30,0.000924
2025-11-06 22:45,0.019008
2025-11-06 23:00,0.0
2025-11-06 23:15,0.095263
2025-11-06 23:30,0.118991
2025-11-06 23:45,0.104305
2025-11-07 00:00,0.102244
2025-11-07 00:15,0.022904
2025-11-07 00:30,0.0
2025-11-07 00:45,0.0
2025-11-07 01:00,0.000924
2025-11-07 01:15,0.02153
2025-11-07 01:30,0.093665
2025-11-07 01:45,0.167922
2025-11-07 02:00,0.0
2025-11-07 02:15,0.0
2025-11-07 02:30,0.0
2025-11-07 02:45,0.0
2025-11-07 03:00,0.015611
2025-11-07 03:15,0.000924
2025-11-07 03:30,0.0
2025-11-07 03:45,0.0
2025-11-07 04:00,0.0
2025-11-07 04:15,0.0
2025-11-07 04:30,0.0
2025-11-07 04:45,0.0
2025-11-07 05:00,0.0
2025-11-07 05:15,0.0
2025-11-07 05:30,0.0
2025-11-07 05:45,0.0
2025-11-07 06:00,0.0
2025-11-07 06:15,0.002398
2025-11-07 06:30,0.001149
2025-11-07 06:45,0.0
2025-11-07 07:00,0.0
2025-11-07 07:15,0.0
2025-11-07 07:30,0.0
2025-11-07 07:45,0.0
2025-11-07 08:00,0.000924
2025-11-07 08:15,0.0
2025-11-07 08:30,0.00838
2025-11-07 08:45,0.0
2025-11-07 09:00,0.0
2025-11-07 09:15,0.0
2025-11-07 09:30,0.018258
2025-11-07 09:45,0.001087
2025-11-07 10:00,0.0
2025-11-07 10:15,0.0
2025-11-07 10:30,0.0
2025-11-07 10:45,0.004396
2025-11-07 11:00,0.020319
2025-11-07 11:15,0.0
2025-11-07 11:30,0.108601
2025-11-07 11:45,0.0
2025-11-07 12:00,0.0
2025-11-07 12:15,0.007156
2025-11-07 12:30,0.0
2025-11-07 12:45,0.05455
2025-11-07 13:00,0.0
2025-11-07 13:15,0.016822
2025-11-07 13:30,0.098061
2025-11-07 13:45,0.417569
2025-11-07 14:00,0.174016
2025-11-07 14:15,0.136076
2025-11-07 14:30,0.19722
2025-11-07 14:45,0.17584
2025-11-07 15:00,0.157606
2025-11-07 15:15,0.234986
2025-11-07 15:30,0.132904
2025-11-07 15:45,0.077879
2025-11-07 16:00,0.289511
2025-11-07 16:15,0.038015
2025-11-07 16:30,0.000924
2025-11-07 16:45,0.0
2025-11-07 17:00,0.049055
2025-11-07 17:15,0.039614
2025-11-07 17:30,0.069237
2025-11-07 17:45,0.0
2025-11-07 18:00,0.001848
2025-11-07 18:15,0.0
2025-11-07 18:30,0.001474
2025-11-07 18:45,0.0
2025-11-07 19:00,0.0
2025-11-07 19:15,0.0
2025-11-07 19:30,0.0
2025-11-07 19:45,0.0
2025-11-07 20:00,0.0
2025-11-07 20:15,0.0
2025-11-07 20:30,0.0
2025-11-07 20:45,0.0
2025-11-07 21:00,0.002285
2025-11-07 21:15,0.0
2025-11-07 21:30,0.0
2025-11-07 21:45,0.0
2025-11-07 22:00,0.021006
2025-11-07 22:15,0.0
2025-11-07 22:30,0.0
2025-11-07 22:45,0.019932
2025-11-07 23:00,0.066402
2025-11-07 23:15,0.102432
2025-11-07 23:30,0.291259
2025-11-07 23:45,0.001848
2025-11-08 00:00,0.172917
2025-11-08 00:15,0.157032
2025-11-08 00:30,0.001074
2025-11-08 00:45,0.031222
2025-11-08 01:00,0.004146
2025-11-08 01:15,0.0
2025-11-08 01:30,0.058871
2025-11-08 01:45,0.142145
2025-11-08 02:00,0.409664
2025-11-08 02:15,0.275611
2025-11-08 02:30,0.133853
2025-11-08 02:45,0.124037
2025-11-08 03:00,0.058097
2025-11-08 03:15,0.031222
2025-11-08 03:30,0.0
2025-11-08 03:45,0.132704
2025-11-08 04:00,0.089518
2025-11-08 04:15,0.016385
2025-11-08 04:30,0.000799
2025-11-08 04:45,0.036517
2025-11-08 05:00,0.038015
2025-11-08 05:15,0.0
2025-11-08 05:30,0.0
2025-11-08 05:45,0.086071
2025-11-08 06:00,0.04376
2025-11-08 06:15,0.057947
2025-11-08 06:30,0.003971
2025-11-08 06:45,0.021555
2025-11-08 07:00,0.001236
2025-11-08 07:15,0.089044
2025-11-08 07:30,0.023504
2025-11-08 07:45,0.023091
2025-11-08 08:00,0.0
2025-11-08 08:15,0.001848
2025-11-08 08:30,0.002098
2025-11-08 08:45,0.000924
2025-11-08 09:00,0.008854
2025-11-08 09:15,0.038939
2025-11-08 09:30,0.0
2025-11-08 09:45,0.0
2025-11-08 10:00,0.0
2025-11-08 10:15,0.001524
2025-11-08 10:30,0.0
2025-11-08 10:45,0.019008
2025-11-08 11:00,0.0
2025-11-08 11:15,0.0
2025-11-08 11:30,0.0
2025-11-08 11:45,0.0
2025-11-08 12:00,0.0
2025-11-08 12:15,0.0
2025-11-08 12:30,0.001692
2025-11-08 12:45,0.038015
2025-11-08 13:00,0.0
2025-11-08 13:15,0.067064
2025-11-08 13:30,0.020169
2025-11-08 13:45,0.0
2025-11-08 14:00,0.000924
2025-11-08 14:15,0.039751
2025-11-08 14:30,0.121477
2025-11-08 14:45,0.016872
2025-11-08 15:00,0.03282
2025-11-08 15:15,0.0
2025-11-08 15:30,0.067588
2025-11-08 15:45,0.001311
2025-11-08 16:00,0.0
2025-11-08 16:15,0.079727
2025-11-08 16:30,0.038939
2025-11-08 16:45,0.019008
2025-11-08 17:00,0.039864
2025-11-08 17:15,0.002548
2025-11-08 17:30,0.0
2025-11-08 17:45,0.0
2025-11-08 18:00,0.038015
2025-11-08 18:15,0.109975
2025-11-08 18:30,0.093115
2025-11-08 18:45,0.0
2025-11-08 19:00,0.0
2025-11-08 19:15,0.0
2025-11-08 19:30,0.0
2025-11-08 19:45,0.0
2025-11-08 20:00,0.0
2025-11-08 20:15,0.0
2025-11-08 20:30,0.031222
2025-11-08 20:45,0.018383
2025-11-08 21:00,0.01686
2025-11-08 21:15,0.0
2025-11-08 21:30,0.0
2025-11-08 21:45,0.033744
2025-11-08 22:00,0.0
2025-11-08 22:15,0.078166
2025-11-08 22:30,0.15607
2025-11-08 22:45,0.019008
2025-11-08 23:00,0.0
2025-11-08 23:15,0.003197
2025-11-08 23:30,0.01872
2025-11-08 23:45,0.134302
2025-11-09 00:00,0.127721
2025-11-09 00:15,0.22196
2025-11-09 00:30,0.145942
2025-11-09 00:45,0.20294
2025-11-09 01:00,0.058921
2025-11-09 01:15,0.000924
2025-11-09 01:30,0.069162
2025-11-09 01:45,0.285727
2025-11-09 02:00,0.086321
2025-11-09 02:15,0.128308
2025-11-09 02:30,0.183008
2025-11-09 02:45,0.079065
2025-11-09 03:00,0.020706
2025-11-09 03:15,0.208934
2025-11-09 03:30,0.081451
2025-11-09 03:45,0.039214
2025-11-09 04:00,0.020856
2025-11-09 04:15,0.039202
2025-11-09 04:30,0.0
2025-11-09 04:45,0.000924
2025-11-09 05:00,0.0
2025-11-09 05:15,0.0
2025-11-09 05:30,0.0
2025-11-09 05:45,0.019932
2025-11-09 06:00,0.078803
2025-11-09 06:15,0.115894
2025-11-09 06:30,0.114046
2025-11-09 06:45,0.11497
2025-11-09 07:00,0.200505
2025-11-09 07:15,0.238108
2025-11-09 07:30,0.096887
2025-11-09 07:45,0.17569
2025-11-09 08:00,0.255517
2025-11-09 08:15,0.285814
2025-11-09 08:30,0.444157
2025-11-09 08:45,0.093802
2025-11-09 09:00,0.360646
2025-11-09 09:15,0.228442
2025-11-09 09:30,0.260337
2025-11-09 09:45,0.210046
2025-11-09 10:00,0.144793
2025-11-09 10:15,0.303998
2025-11-09 10:30,0.134902
2025-11-09 10:45,0.37808
2025-11-09 11:00,0.281668
2025-11-09 11:15,0.233312
2025-11-09 11:30,0.192524
2025-11-09 11:45,0.067563
2025-11-09 12:00,0.017209
2025-11-09 12:15,0.0
2025-11-09 12:30,0.015398
2025-11-09 12:45,0.004021
2025-11-09 13:00,0.039227
2025-11-09 13:15,0.140434
2025-11-09 13:30,0.15381
2025-11-09 13:45,0.014849
2025-11-09 14:00,0.015611
2025-11-09 14:15,0.067551
2025-11-09 14:30,0.086971
2025-11-09 14:45,0.191675
2025-11-09 15:00,0.235535
2025-11-09 15:15,0.353353
2025-11-09 15:30,0.117093
2025-11-09 15:45,0.019332
2025-11-09 16:00,0.000799
2025-11-09 16:15,0.0
2025-11-09 16:30,0.0
2025-11-09 16:45,0.038015
2025-11-09 17:00,0.019008
2025-11-09 17:15,0.079315
2025-11-09 17:30,0.0
2025-11-09 17:45,0.0
2025-11-09 18:00,0.0
2025-11-09 18:15,0.001361
2025-11-09 18:30,0.0
2025-11-09 18:45,0.0
2025-11-09 19:00,0.0
2025-11-09 19:15,0.0
2025-11-09 19:30,0.0
2025-11-09 19:45,0.0
2025-11-09 20:00,0.0
2025-11-09 20:15,0.0
2025-11-09 20:30,0.0
2025-11-09 20:45,0.0
2025-11-09 21:00,0.0
2025-11-09 21:15,0.0
2025-11-09 21:30,0.043435
2025-11-09 21:45,0.113322
2025-11-09 22:00,0.090093
2025-11-09 22:15,0.002648
2025-11-09 22:30,0.019008
2025-11-09 22:45,0.09073
2025-11-09 23:00,0.0
2025-11-09 23:15,0.057023
2025-11-09 23:30,0.000924
2025-11-09 23:45,0.071435
2025-11-10 00:00,0.105654
2025-11-10 00:15,0.018258
2025-11-10 00:30,0.005782
2025-11-10 00:45,0.0
2025-11-10 01:00,0.0
2025-11-10 01:15,0.038015
2025-11-10 01:30,0.0
2025-11-10 01:45,0.0
2025-11-10 02:00,0.109275
2025-11-10 02:15,0.094901
2025-11-10 02:30,0.116556
2025-11-10 02:45,0.0
2025-11-10 03:00,0.0
2025-11-10 03:15,0.016522
2025-11-10 03:30,0.207486
2025-11-10 03:45,0.117468
2025-11-10 04:00,0.0278
2025-11-10 04:15,0.0
2025-11-10 04:30,0.0
2025-11-10 04:45,0.001599
2025-11-10 05:00,0.0
2025-11-10 05:15,0.0
2025-11-10 05:30,0.0
2025-11-10 05:45,0.0
2025-11-10 06:00,0.057023
2025-11-10 06:15,0.019008
2025-11-10 06:30,0.0
2025-11-10 06:45,0.0
2025-11-10 07:00,0.0
2025-11-10 07:15,0.0
2025-11-10 07:30,0.0
2025-11-10 07:45,0.0
2025-11-10 08:00,0.0
2025-11-10 08:15,0.0
2025-11-10 08:30,0.0
2025-11-10 08:45,0.016722
2025-11-10 09:00,0.003434
2025-11-10 09:15,0.062443
2025-11-10 09:30,0.001249
2025-11-10 09:45,0.0
2025-11-10 10:00,0.001074
2025-11-10 10:15,0.0
2025-11-10 10:30,0.068388
2025-11-10 10:45,0.033544
2025-11-10 11:00,0.040126
2025-11-10 11:15,0.075731
2025-11-10 11:30,0.0
2025-11-10 11:45,0.0
2025-11-10 12:00,0.022692
2025-11-10 12:15,0.015111
2025-11-10 12:30,0.046383
2025-11-10 12:45,0.192225
2025-11-10 13:00,0.610156
2025-11-10 13:15,0.084785
2025-11-10 13:30,0.175727
2025-11-10 13:45,0.019158
2025-11-10 14:00,0.019008
2025-11-10 14:15,0.04421
2025-11-10 14:30,0.159604
2025-11-10 14:45,0.139023
2025-11-10 15:00,0.10132
2025-11-10 15:15,0.345934
2025-11-10 15:30,0.07914
2025-11-10 15:45,0.0
2025-11-10 16:00,0.0
2025-11-10 16:15,0.019008
2025-11-10 16:30,0.0
2025-11-10 16:45,0.0
2025-11-10 17:00,0.020219
2025-11-10 17:15,0.0
2025-11-10 17:30,0.0
2025-11-10 17:45,0.057023
2025-11-10 18:00,0.000924
2025-11-10 18:15,0.0
2025-11-10 18:30,0.0
2025-11-10 18:45,0.0
2025-11-10 19:00,0.038015
2025-11-10 19:15,0.038015
2025-11-10 19:30,0.057023
2025-11-10 19:45,0.019008
2025-11-10 20:00,0.0
2025-11-10 20:15,0.0
2025-11-10 20:30,0.0
2025-11-10 20:45,0.0
2025-11-10 21:00,0.002448
2025-11-10 21:15,0.100333
2025-11-10 21:30,0.0
2025-11-10 21:45,0.0
2025-11-10 22:00,0.0
2025-11-10 22:15,0.0
2025-11-10 22:30,0.096986
2025-11-10 22:45,0.03282
2025-11-10 23:00,0.003447
2025-11-10 23:15,0.0
2025-11-10 23:30,0.0
2025-11-10 23:45,0.001723
2025-11-11 00:00,0.034618
2025-11-11 00:15,0.018383
2025-11-11 00:30,0.047906
2025-11-11 00:45,0.038015
2025-11-11 01:00,0.0
2025-11-11 01:15,0.0
2025-11-11 01:30,0.001161
2025-11-11 01:45,0.063704
2025-11-11 02:00,0.063717
2025-11-11 02:15,0.096212
2025-11-11 02:30,0.020481
2025-11-11 02:45,0.001224
2025-11-11 03:00,0.001474
2025-11-11 03:15,0.0
2025-11-11 03:30,0.0
2025-11-11 03:45,0.0
2025-11-11 04:00,0.0
2025-11-11 04:15,0.015611
2025-11-11 04:30,0.003959
2025-11-11 04:45,0.0
2025-11-11 05:00,0.0
2025-11-11 05:15,0.0
2025-11-11 05:30,0.0
2025-11-11 05:45,0.000924
2025-11-11 06:00,0.005707
2025-11-11 06:15,0.016385
2025-11-11 06:30,0.034618
2025-11-11 06:45,0.0
2025-11-11 07:00,0.0
2025-11-11 07:15,0.0
2025-11-11 07:30,0.0
2025-11-11 07:45,0.0
2025-11-11 08:00,0.000774
2025-11-11 08:15,0.00291
2025-11-11 08:30,0.015661
2025-11-11 08:45,0.019008
2025-11-11 09:00,0.0
2025-11-11 09:15,0.0
2025-11-11 09:30,0.0
2025-11-11 09:45,0.0
2025-11-11 10:00,0.0
2025-11-11 10:15,0.038015
2025-11-11 10:30,0.0
2025-11-11 10:45,0.0
2025-11-11 11:00,0.0
2025-11-11 11:15,0.002385
2025-11-11 11:30,0.015611
2025-11-11 11:45,0.0
2025-11-11 12:00,0.018258
2025-11-11 12:15,0.020856
2025-11-11 12:30,0.052327
2025-11-11 12:45,0.019932
2025-11-11 13:00,0.031222
2025-11-11 13:15,0.019932
2025-11-11 13:30,0.020182
2025-11-11 13:45,0.204008
2025-11-11 14:00,0.098385
2025-11-11 14:15,0.154834
2025-11-11 14:30,0.082169
2025-11-11 14:45,0.076031
2025-11-11 15:00,0.019008
2025-11-11 15:15,0.028611
2025-11-11 15:30,0.172243
2025-11-11 15:45,0.017147
2025-11-11 16:00,0.0
2025-11-11 16:15,0.0
2025-11-11 16:30,0.078191
2025-11-11 16:45,0.053801
2025-11-11 17:00,0.048069
2025-11-11 17:15,0.055474
2025-11-11 17:30,0.019008
2025-11-11 17:45,0.001848
2025-11-11 18:00,0.099959
2025-11-11 18:15,0.192849
2025-11-11 18:30,0.143544
2025-11-11 18:45,0.116594
2025-11-11 19:00,0.019932
2025-11-11 19:15,0.098198
2025-11-11 19:30,0.019932
2025-11-11 19:45,0.0
2025-11-11 20:00,0.005545
2025-11-11 20:15,0.190077
2025-11-11 20:30,0.064017
2025-11-11 20:45,0.038015
2025-11-11 21:00,0.038015
2025-11-11 21:15,0.038015
2025-11-11 21:30,0.080202
2025-11-11 21:45,0.003697
2025-11-11 22:00,0.042823
2025-11-11 22:15,0.171069
2025-11-11 22:30,0.038715
2025-11-11 22:45,0.052077
2025-11-11 23:00,0.055349
2025-11-11 23:15,0.394715
2025-11-11 23:30,0.0
2025-11-11 23:45,0.03337
2025-11-12 00:00,0.0
2025-11-12 00:00,0.0
2025-11-12 00:15,0.014351
2025-11-12 00:30,0.0
2025-11-12 00:45,0.001906
2025-11-12 01:00,0.001251
2025-11-12 01:15,0.018324
2025-11-12 01:30,0.01938
2025-11-12 01:45,0.001837
2025-11-12 02:00,0.053273
2025-11-12 02:15,0.034949
2025-11-12 02:30,0.017474
2025-11-12 02:45,0.034949
2025-11-12 03:00,0.0
2025-11-12 03:15,0.0
2025-11-12 03:30,0.028703
2025-11-12 03:45,0.071137
2025-11-12 04:00,0.017474
2025-11-12 04:15,0.0
2025-11-12 04:30,0.017038
2025-11-12 04:45,0.00085
2025-11-12 05:00,0.0
2025-11-12 05:15,0.0
2025-11-12 05:30,0.018554
2025-11-12 05:45,0.017474
2025-11-12 06:00,0.0
2025-11-12 06:15,0.086109
2025-11-12 06:30,0.436894
2025-11-12 06:45,0.00721
2025-11-12 07:00,0.0
2025-11-12 07:15,0.0
2025-11-12 07:30,0.0
2025-11-12 07:45,0.019736
2025-11-12 08:00,0.017474
2025-11-12 08:15,0.054972
2025-11-12 08:30,0.106017
2025-11-12 08:45,0.0
2025-11-12 09:00,0.087372
2025-11-12 09:15,0.00147
2025-11-12 09:30,0.237557
2025-11-12 09:45,0.002664
2025-11-12 10:00,0.0
2025-11-12 10:15,0.0
2025-11-12 10:30,0.0
2025-11-12 10:45,0.0
2025-11-12 11:00,0.005063
2025-11-12 11:15,0.03364
2025-11-12 11:30,0.0
2025-11-12 11:45,0.0
2025-11-12 12:00,0.0
2025-11-12 12:15,0.018932
2025-11-12 12:30,0.212436
2025-11-12 12:45,0.0
2025-11-12 13:00,0.0
2025-11-12 13:15,0.013244
2025-11-12 13:30,0.015867
2025-11-12 13:45,0.008714
2025-11-12 14:00,0.010597
2025-11-12 14:15,0.130713
2025-11-12 14:30,0.09821
2025-11-12 14:45,0.021366
2025-11-12 15:00,0.051688
2025-11-12 15:15,0.223171
2025-11-12 15:30,0.34935
2025-11-12 15:45,0.057314
2025-11-12 16:00,0.456618
2025-11-12 16:15,0.126821
2025-11-12 16:30,0.070747
2025-11-12 16:45,0.0
2025-11-12 17:00,0.0
2025-11-12 17:15,0.0
2025-11-12 17:30,0.034949
2025-11-12 17:45,0.0
2025-11-12 18:00,0.104846
2025-11-12 18:15,0.017922
2025-11-12 18:30,0.001699
2025-11-12 18:45,0.0
2025-11-12 19:00,0.0
2025-11-12 19:15,0.0
2025-11-12 19:30,0.0
2025-11-12 19:45,0.00085
2025-11-12 20:00,0.0
2025-11-12 20:15,0.00085
2025-11-12 20:30,0.001561
2025-11-12 20:45,0.0
2025-11-12 21:00,0.0
2025-11-12 21:15,0.001699
2025-11-12 21:30,0.0
2025-11-12 21:45,0.007302
2025-11-12 22:00,0.0
2025-11-12 22:15,0.0
2025-11-12 22:30,0.0
2025-11-12 22:45,0.017474
2025-11-12 23:00,0.430946
2025-11-12 23:15,0.127441
2025-11-12 23:30,0.005178
2025-11-12 23:45,0.0
2025-11-13 00:00,0.019174
2025-11-13 00:15,0.188682
2025-11-13 00:30,0.21975
2025-11-13 00:45,0.228315
2025-11-13 01:00,0.0
2025-11-13 01:15,0.0
2025-11-13 01:30,0.0
2025-11-13 01:45,0.0
2025-11-13 02:00,0.125294
2025-11-13 02:15,0.292414
2025-11-13 02:30,0.105845
2025-11-13 02:45,0.030012
2025-11-13 03:00,0.09077
2025-11-13 03:15,0.0
2025-11-13 03:30,0.0
2025-11-13 03:45,0.0
2025-11-13 04:00,0.0
2025-11-13 04:15,0.034949
2025-11-13 04:30,0.028703
2025-11-13 04:45,0.0
2025-11-13 05:00,0.0
2025-11-13 05:15,0.0
2025-11-13 05:30,0.00589
2025-11-13 05:45,0.0
2025-11-13 06:00,0.001355
2025-11-13 06:15,0.105971
2025-11-13 06:30,0.338408
2025-11-13 06:45,0.181931
2025-11-13 07:00,0.218326
2025-11-13 07:15,0.108245
2025-11-13 07:30,0.018324
2025-11-13 07:45,0.0
2025-11-13 08:00,0.0
2025-11-13 08:15,0.022274
2025-11-13 08:30,0.125191
2025-11-13 08:45,0.319407
2025-11-13 09:00,0.169876
2025-11-13 09:15,0.177293
2025-11-13 09:30,0.053273
2025-11-13 09:45,0.0
2025-11-13 10:00,0.0
2025-11-13 10:15,0.0
2025-11-13 10:30,0.028703
2025-11-13 10:45,0.0
2025-11-13 11:00,0.003008
2025-11-13 11:15,0.002181
2025-11-13 11:30,0.048749
2025-11-13 11:45,0.081953
2025-11-13 12:00,0.063399
2025-11-13 12:15,0.0
2025-11-13 12:30,0.028703
2025-11-13 12:45,0.001206
2025-11-13 13:00,0.004041
2025-11-13 13:15,0.046711
2025-11-13 13:30,0.002589
2025-11-13 13:45,0.020322
2025-11-13 14:00,0.026326
2025-11-13 14:15,0.187419
2025-11-13 14:30,0.052423
2025-11-13 14:45,0.157086
2025-11-13 15:00,0.28967
2025-11-13 15:15,0.154996
2025-11-13 15:30,0.076981
2025-11-13 15:45,0.191575
2025-11-13 16:00,0.249331
2025-11-13 16:15,0.179841
2025-11-13 16:30,0.282988
2025-11-13 16:45,0.157028
2025-11-13 17:00,0.189394
2025-11-13 17:15,0.110679
2025-11-13 17:30,0.055959
2025-11-13 17:45,0.376514
2025-11-13 18:00,0.309969
2025-11-13 18:15,0.593279
2025-11-13 18:30,0.813201
2025-11-13 18:45,0.298212
2025-11-13 19:00,0.106545
2025-11-13 19:15,0.317087
2025-11-13 19:30,0.018324
2025-11-13 19:45,0.0
2025-11-13 20:00,0.0
2025-11-13 20:15,0.0
2025-11-13 20:30,0.0
2025-11-13 20:45,0.126982
2025-11-13 21:00,0.018209
2025-11-13 21:15,0.0
2025-11-13 21:30,0.0
2025-11-13 21:45,0.0
2025-11-13 22:00,0.0
2025-11-13 22:15,0.0
2025-11-13 22:30,0.034949
2025-11-13 22:45,0.0
2025-11-13 23:00,0.037429
2025-11-13 23:15,0.0
2025-11-13 23:30,0.001435
2025-11-13 23:45,0.011125
2025-11-14 00:00,0.002595
2025-11-14 00:15,0.052423
2025-11-14 00:30,0.160289
2025-11-14 00:45,0.2468
2025-11-14 01:00,0.0
2025-11-14 01:15,0.0
2025-11-14 01:30,0.0
2025-11-14 01:45,0.0
2025-11-14 02:00,0.0
2025-11-14 02:15,0.0
2025-11-14 02:30,0.017474
2025-11-14 02:45,0.0
2025-11-14 03:00,0.0
2025-11-14 03:15,0.0
2025-11-14 03:30,0.0
2025-11-14 03:45,0.00085
2025-11-14 04:00,0.015936
2025-11-14 04:15,0.007153
2025-11-14 04:30,0.0
2025-11-14 04:45,0.001297
2025-11-14 05:00,0.0
2025-11-14 05:15,0.0
2025-11-14 05:30,0.017015
2025-11-14 05:45,0.0
2025-11-14 06:00,0.00085
2025-11-14 06:15,0.0
2025-11-14 06:30,0.0
2025-11-14 06:45,0.0
2025-11-14 07:00,0.00085
2025-11-14 07:15,0.0
2025-11-14 07:30,0.070747
2025-11-14 07:45,0.0
2025-11-14 08:00,0.057406
2025-11-14 08:15,0.057406
2025-11-14 08:30,0.001619
2025-11-14 08:45,0.012836
2025-11-14 09:00,0.002181
2025-11-14 09:15,0.0
2025-11-14 09:30,0.0
2025-11-14 09:45,0.00085
2025-11-14 10:00,0.043904
2025-11-14 10:15,0.00783
2025-11-14 10:30,0.120552
2025-11-14 10:45,0.0
2025-11-14 11:00,0.085719
2025-11-14 11:15,0.125466
2025-11-14 11:30,0.174698
2025-11-14 11:45,0.009782
2025-11-14 12:00,0.0
2025-11-14 12:15,0.0
2025-11-14 12:30,0.031826
2025-11-14 12:45,0.0
2025-11-14 13:00,0.0
2025-11-14 13:15,0.0
2025-11-14 13:30,0.006636
2025-11-14 13:45,0.106683
2025-11-14 14:00,0.118807
2025-11-14 14:15,0.048405
2025-11-14 14:30,0.175547
2025-11-14 14:45,0.351531
2025-11-14 15:00,0.33548
2025-11-14 15:15,0.033181
2025-11-14 15:30,0.0
2025-11-14 15:45,0.0
2025-11-14 16:00,0.018611
2025-11-14 16:15,0.0
2025-11-14 16:30,0.088463
2025-11-14 16:45,0.043054
2025-11-14 17:00,0.056235
2025-11-14 17:15,0.0
2025-11-14 17:30,0.020138
2025-11-14 17:45,0.002009
2025-11-14 18:00,0.0
2025-11-14 18:15,0.0
2025-11-14 18:30,0.0
2025-11-14 18:45,0.0
2025-11-14 19:00,0.0
2025-11-14 19:15,0.0
2025-11-14 19:30,0.0
2025-11-14 19:45,0.0
2025-11-14 20:00,0.0
2025-11-14 20:15,0.0
2025-11-14 20:30,0.00302
2025-11-14 20:45,0.012377
2025-11-14 21:00,0.014351
2025-11-14 21:15,0.0
2025-11-14 21:30,0.0
2025-11-14 21:45,0.028703
2025-11-14 22:00,0.031803
2025-11-14 22:15,0.014351
2025-11-14 22:30,0.0
2025-11-14 22:45,0.035798
2025-11-14 23:00,0.052423
2025-11-14 23:15,0.00085
2025-11-14 23:30,0.001906
2025-11-14 23:45,0.0
2025-11-15 00:00,0.002434
2025-11-15 00:15,0.041011
2025-11-15 00:30,0.053273
2025-11-15 00:45,0.069897
2025-11-15 01:00,0.987336
2025-11-15 01:15,0.280968
2025-11-15 01:30,0.281174
2025-11-15 01:45,0.3516
2025-11-15 02:00,0.243792
2025-11-15 02:15,0.098704
2025-11-15 02:30,0.073996
2025-11-15 02:45,0.216466
2025-11-15 03:00,0.264618
2025-11-15 03:15,0.077096
2025-11-15 03:30,0.046935
2025-11-15 03:45,0.09937
2025-11-15 04:00,0.0
2025-11-15 04:15,0.0
2025-11-15 04:30,0.0
2025-11-15 04:45,0.0
2025-11-15 05:00,0.002342
2025-11-15 05:15,0.0
2025-11-15 05:30,0.0
2025-11-15 05:45,0.138601
2025-11-15 06:00,0.059633
2025-11-15 06:15,0.230623
2025-11-15 06:30,0.122355
2025-11-15 06:45,0.146948
2025-11-15 07:00,0.26021
2025-11-15 07:15,0.462944
2025-11-15 07:30,0.078784
2025-11-15 07:45,0.08317
2025-11-15 08:00,0.03062
2025-11-15 08:15,0.0
2025-11-15 08:30,0.0
2025-11-15 08:45,0.0
2025-11-15 09:00,0.031527
2025-11-15 09:15,0.0817
2025-11-15 09:30,0.230634
2025-11-15 09:45,0.331026
2025-11-15 10:00,0.163894
2025-11-15 10:15,0.238017
2025-11-15 10:30,0.603153
2025-11-15 10:45,0.251231
2025-11-15 11:00,0.259291
2025-11-15 11:15,0.074984
2025-11-15 11:30,0.223344
2025-11-15 11:45,0.233114
2025-11-15 12:00,0.049737
2025-11-15 12:15,0.447652
2025-11-15 12:30,0.302219
2025-11-15 12:45,0.427881
2025-11-15 13:00,0.155019
2025-11-15 13:15,0.442106
2025-11-15 13:30,0.520982
2025-11-15 13:45,0.966257
2025-11-15 14:00,1.0
2025-11-15 14:15,0.786002
2025-11-15 14:30,0.132998
2025-11-15 14:45,0.213734
2025-11-15 15:00,0.060058
2025-11-15 15:15,0.089921
2025-11-15 15:30,0.046177
2025-11-15 15:45,0.08852
2025-11-15 16:00,0.088922
2025-11-15 16:15,0.0936
2025-11-15 16:30,0.091987
2025-11-15 16:45,0.082159
2025-11-15 17:00,0.003571
2025-11-15 17:15,0.001091
2025-11-15 17:30,0.046177
2025-11-15 17:45,0.017474
2025-11-15 18:00,0.0
2025-11-15 18:15,0.0
2025-11-15 18:30,0.0
2025-11-15 18:45,0.0
2025-11-15 19:00,0.0
2025-11-15 19:15,0.017474
2025-11-15 19:30,0.0
2025-11-15 19:45,0.0
2025-11-15 20:00,0.0
2025-11-15 20:15,0.005419
2025-11-15 20:30,0.014351
2025-11-15 20:45,0.047922
2025-11-15 21:00,0.0
2025-11-15 21:15,0.015454
2025-11-15 21:30,0.145754
2025-11-15 21:45,0.200921
2025-11-15 22:00,0.091115
2025-11-15 22:15,0.00085
2025-11-15 22:30,0.018645
2025-11-15 22:45,0.210542
2025-11-15 23:00,0.073445
2025-11-15 23:15,0.077154
2025-11-15 23:30,0.017474
2025-11-15 23:45,0.018324
2025-11-16 00:00,0.0
2025-11-16 00:15,0.166167
2025-11-16 00:30,0.167499
2025-11-16 00:45,0.152126
2025-11-16 01:00,0.091046
2025-11-16 01:15,0.028703
2025-11-16 01:30,0.152941
2025-11-16 01:45,0.122321
2025-11-16 02:00,0.052423
2025-11-16 02:15,0.044237
2025-11-16 02:30,0.115765
2025-11-16 02:45,0.057406
2025-11-16 03:00,0.073732
2025-11-16 03:15,0.031826
2025-11-16 03:30,0.00209
2025-11-16 03:45,0.088221
2025-11-16 04:00,0.161839
2025-11-16 04:15,0.142688
2025-11-16 04:30,0.161747
2025-11-16 04:45,0.139795
2025-11-16 05:00,0.002342
2025-11-16 05:15,0.129003
2025-11-16 05:30,0.082136
2025-11-16 05:45,0.001745
2025-11-16 06:00,0.0
2025-11-16 06:15,0.043054
2025-11-16 06:30,0.024524
2025-11-16 06:45,0.008485
2025-11-16 07:00,0.017474
2025-11-16 07:15,0.029897
2025-11-16 07:30,0.000838
2025-11-16 07:45,0.075041
2025-11-16 08:00,0.001114
2025-11-16 08:15,0.00085
2025-11-16 08:30,0.0
2025-11-16 08:45,0.034949
2025-11-16 09:00,0.014926
2025-11-16 09:15,0.164296
2025-11-16 09:30,0.035798
2025-11-16 09:45,0.026992
2025-11-16 10:00,0.002411
2025-11-16 10:15,0.017474
2025-11-16 10:30,0.017474
2025-11-16 10:45,0.0
2025-11-16 11:00,0.0772
2025-11-16 11:15,0.043307
2025-11-16 11:30,0.0
2025-11-16 11:45,0.0
2025-11-16 12:00,0.016051
2025-11-16 12:15,0.018381
2025-11-16 12:30,0.00085
2025-11-16 12:45,0.037452
2025-11-16 13:00,0.0
2025-11-16 13:15,0.097378
2025-11-16 13:30,0.200571
2025-11-16 13:45,0.052308
2025-11-16 14:00,0.218418
2025-11-16 14:15,0.085615
2025-11-16 14:30,0.055144
2025-11-16 14:45,0.206902
2025-11-16 15:00,0.25843
2025-11-16 15:15,0.362829
2025-11-16 15:30,0.233757
2025-11-16 15:45,0.357031
2025-11-16 16:00,0.232184
2025-11-16 16:15,0.280738
2025-11-16 16:30,0.313551
2025-11-16 16:45,0.18177
2025-11-16 17:00,0.206283
2025-11-16 17:15,0.074203
2025-11-16 17:30,0.154146
2025-11-16 17:45,0.357559
2025-11-16 18:00,0.388684
2025-11-16 18:15,0.052423
2025-11-16 18:30,0.0
2025-11-16 18:45,0.001699
2025-11-16 19:00,0.0
2025-11-16 19:15,0.0
2025-11-16 19:30,0.022985
2025-11-16 19:45,0.0
2025-11-16 20:00,0.018726
2025-11-16 20:15,0.0
2025-11-16 20:30,0.017474
2025-11-16 20:45,0.0
2025-11-16 21:00,0.001068
2025-11-16 21:15,0.0
2025-11-16 21:30,0.003146
2025-11-16 21:45,0.016785
2025-11-16 22:00,0.00085
2025-11-16 22:15,0.01318
2025-11-16 22:30,0.014351
2025-11-16 22:45,0.037635
2025-11-16 23:00,0.08829
2025-11-16 23:15,0.195571
2025-11-16 23:30,0.0
2025-11-16 23:45,0.004328
2025-11-17 00:00,0.0
2025-11-17 00:15,0.016016
2025-11-17 00:30,0.126913
2025-11-17 00:45,0.001837
2025-11-17 01:00,0.0
2025-11-17 01:15,0.0
2025-11-17 01:30,0.0
2025-11-17 01:45,0.173354
2025-11-17 02:00,0.205995
2025-11-17 02:15,0.215261
2025-11-17 02:30,0.0
2025-11-17 02:45,0.0
2025-11-17 03:00,0.0
2025-11-17 03:15,0.0
2025-11-17 03:30,0.019197
2025-11-17 03:45,0.002365
2025-11-17 04:00,0.017474
2025-11-17 04:15,0.0
2025-11-17 04:30,0.001079
2025-11-17 04:45,0.0
2025-11-17 05:00,0.0
2025-11-17 05:15,0.028703
2025-11-17 05:30,0.0
2025-11-17 05:45,0.0
2025-11-17 06:00,0.030551
2025-11-17 06:15,0.0
2025-11-17 06:30,0.0
2025-11-17 06:45,0.0
2025-11-17 07:00,0.008278
2025-11-17 07:15,0.0
2025-11-17 07:30,0.0
2025-11-17 07:45,0.016602
2025-11-17 08:00,0.002273
2025-11-17 08:15,0.195616
2025-11-17 08:30,0.027325
2025-11-17 08:45,0.015086
2025-11-17 09:00,0.014351
2025-11-17 09:15,0.064237
2025-11-17 09:30,0.034949
2025-11-17 09:45,0.016028
2025-11-17 10:00,0.059105
2025-11-17 10:15,0.0
2025-11-17 10:30,0.0
2025-11-17 10:45,0.0
2025-11-17 11:00,0.020138
2025-11-17 11:15,0.193056
2025-11-17 11:30,0.034949
2025-11-17 11:45,0.024627
2025-11-17 12:00,0.00085
2025-11-17 12:15,0.0
2025-11-17 12:30,0.011757
2025-11-17 12:45,0.145271
2025-11-17 13:00,0.021757
2025-11-17 13:15,0.021011
2025-11-17 13:30,0.0
2025-11-17 13:45,0.055512
2025-11-17 14:00,0.372415
2025-11-17 14:15,0.046177
2025-11-17 14:30,0.221346
2025-11-17 14:45,0.19944
2025-11-17 15:00,0.024776
2025-11-17 15:15,0.139451
2025-11-17 15:30,0.015546
2025-11-17 15:45,0.045351
2025-11-17 16:00,0.24355
2025-11-17 16:15,0.198866
2025-11-17 16:30,0.107349
2025-11-17 16:45,0.043054
2025-11-17 17:00,0.0486
2025-11-17 17:15,0.0
2025-11-17 17:30,0.00085
2025-11-17 17:45,0.0
2025-11-17 18:00,0.0
2025-11-17 18:15,0.0
2025-11-17 18:30,0.0
2025-11-17 18:45,0.0
2025-11-17 19:00,0.0
2025-11-17 19:15,0.0
2025-11-17 19:30,0.0
2025-11-17 19:45,0.0
2025-11-17 20:00,0.00085
2025-11-17 20:15,0.0
2025-11-17 20:30,0.0
2025-11-17 20:45,0.000941
2025-11-17 21:00,0.017474
2025-11-17 21:15,0.0
2025-11-17 21:30,0.0
2025-11-17 21:45,0.001079
2025-11-17 22:00,0.038347
2025-11-17 22:15,0.031252
2025-11-17 22:30,0.0
2025-11-17 22:45,0.019518
2025-11-17 23:00,0.182241
2025-11-17 23:15,0.343586
2025-11-17 23:30,0.158659
2025-11-17 23:45,0.019151
2025-11-18 00:00,0.0
2025-11-18 00:15,0.001699
2025-11-18 00:30,0.036097
2025-11-18 00:45,0.015523
2025-11-18 01:00,0.038829
2025-11-18 01:15,0.051585
2025-11-18 01:30,0.087372
2025-11-18 01:45,0.0493
2025-11-18 02:00,0.032767
2025-11-18 02:15,0.091402
2025-11-18 02:30,0.08271
2025-11-18 02:45,0.041769
2025-11-18 03:00,0.048359
2025-11-18 03:15,0.082688
2025-11-18 03:30,0.093021
2025-11-18 03:45,0.018783
2025-11-18 04:00,0.106545
2025-11-18 04:15,0.077406
2025-11-18 04:30,0.018714
2025-11-18 04:45,0.031826
2025-11-18 05:00,0.049507
2025-11-18 05:15,0.0
2025-11-18 05:30,0.0
2025-11-18 05:45,0.129783
2025-11-18 06:00,0.270864
2025-11-18 06:15,0.14216
2025-11-18 06:30,0.232896
2025-11-18 06:45,0.059966
2025-11-18 07:00,0.003536
2025-11-18 07:15,0.0
2025-11-18 07:30,0.041413
2025-11-18 07:45,0.002055
2025-11-18 08:00,0.04426
2025-11-18 08:15,0.066901
2025-11-18 08:30,0.009989
2025-11-18 08:45,0.031826
2025-11-18 09:00,0.0
2025-11-18 09:15,0.079519
2025-11-18 09:30,0.0
2025-11-18 09:45,0.036361
2025-11-18 10:00,0.029553
2025-11-18 10:15,0.155134
2025-11-18 10:30,0.156328
2025-11-18 10:45,0.015063
2025-11-18 11:00,0.00085
2025-11-18 11:15,0.015201
2025-11-18 11:30,0.002136
2025-11-18 11:45,0.019403
2025-11-18 12:00,0.046177
2025-11-18 12:15,0.068474
2025-11-18 12:30,0.05697
2025-11-18 12:45,0.064501
2025-11-18 13:00,0.049461
2025-11-18 13:15,0.0393
2025-11-18 13:30,0.0
2025-11-18 13:45,0.087739
2025-11-18 14:00,0.057796
2025-11-18 14:15,0.0186
2025-11-18 14:30,0.020942
2025-11-18 14:45,0.017474
2025-11-18 15:00,0.023146
2025-11-18 15:15,0.037509
2025-11-18 15:30,0.003858
2025-11-18 15:45,0.003272
2025-11-18 16:00,0.0
2025-11-18 16:15,0.049025
2025-11-18 16:30,0.001366
2025-11-18 16:45,0.002021
2025-11-18 17:00,0.083032
2025-11-18 17:15,0.00085
2025-11-18 17:30,0.281679
2025-11-18 17:45,0.721765
2025-11-18 18:00,0.0
2025-11-18 18:15,0.345205
2025-11-18 18:30,0.309992
2025-11-18 18:45,0.069897
2025-11-18 19:00,0.0
2025-11-18 19:15,0.0
2025-11-18 19:30,0.000896
2025-11-18 19:45,0.0
2025-11-18 20:00,0.0
2025-11-18 20:15,0.0
2025-11-18 20:30,0.0
2025-11-18 20:45,0.0
2025-11-18 21:00,0.017474
2025-11-18 21:15,0.0
2025-11-18 21:30,0.017474
2025-11-18 21:45,0.031826
2025-11-18 22:00,0.033571
2025-11-18 22:15,0.034949
2025-11-18 22:30,0.069209
2025-11-18 22:45,0.017474
2025-11-18 23:00,0.104077
2025-11-18 23:15,0.301232
2025-11-18 23:30,0.09542
2025-11-18 23:45,0.003088
2025-11-19 00:00,0.094513
2025-11-19 00:00,0.083225
2025-11-19 00:15,0.025275
2025-11-19 00:30,0.256084
2025-11-19 00:45,0.017611
2025-11-19 01:00,0.0
2025-11-19 01:15,0.061549
2025-11-19 01:30,0.001062
2025-11-19 01:45,0.108661
2025-11-19 02:00,0.079444
2025-11-19 02:15,0.0
2025-11-19 02:30,0.025275
2025-11-19 02:45,0.0
2025-11-19 03:00,0.013638
2025-11-19 03:15,0.0
2025-11-19 03:30,0.0
2025-11-19 03:45,0.0
2025-11-19 04:00,0.046243
2025-11-19 04:15,0.0
2025-11-19 04:30,0.014639
2025-11-19 04:45,0.187357
2025-11-19 05:00,0.33211
2025-11-19 05:15,0.138647
2025-11-19 05:30,0.0
2025-11-19 05:45,0.0
2025-11-19 06:00,0.0
2025-11-19 06:15,0.0
2025-11-19 06:30,0.0
2025-11-19 06:45,0.0
2025-11-19 07:00,0.0
2025-11-19 07:15,0.0
2025-11-19 07:30,0.0
2025-11-19 07:45,0.0
2025-11-19 08:00,0.012637
2025-11-19 08:15,0.001375
2025-11-19 08:30,0.050549
2025-11-19 08:45,0.0
2025-11-19 09:00,0.0
2025-11-19 09:15,0.017611
2025-11-19 09:30,0.027317
2025-11-19 09:45,0.0
2025-11-19 10:00,0.015387
2025-11-19 10:15,0.059952
2025-11-19 10:30,0.0
2025-11-19 10:45,0.005166
2025-11-19 11:00,0.0
2025-11-19 11:15,0.013335
2025-11-19 11:30,0.0
2025-11-19 11:45,0.012637
2025-11-19 12:00,0.007208
2025-11-19 12:15,0.001021
2025-11-19 12:30,0.071002
2025-11-19 12:45,0.127587
2025-11-19 13:00,0.005763
2025-11-19 13:15,0.022272
2025-11-19 13:30,0.182979
2025-11-19 13:45,0.024466
2025-11-19 14:00,0.187731
2025-11-19 14:15,0.06533
2025-11-19 14:30,0.066887
2025-11-19 14:45,0.077826
2025-11-19 15:00,0.026215
2025-11-19 15:15,0.427406
2025-11-19 15:30,0.012637
2025-11-19 15:45,0.015387
2025-11-19 16:00,0.015407
2025-11-19 16:15,0.051945
2025-11-19 16:30,0.087592
2025-11-19 16:45,0.03589
2025-11-19 17:00,0.069404
2025-11-19 17:15,0.02762
2025-11-19 17:30,0.00095
2025-11-19 17:45,0.012637
2025-11-19 18:00,0.0
2025-11-19 18:15,0.0
2025-11-19 18:30,0.0
2025-11-19 18:45,0.0
2025-11-19 19:00,0.0
2025-11-19 19:15,0.0
2025-11-19 19:30,0.0
2025-11-19 19:45,0.000991
2025-11-19 20:00,0.244073
2025-11-19 20:15,0.06346
2025-11-19 20:30,0.046597
2025-11-19 20:45,0.0
2025-11-19 21:00,0.0
2025-11-19 21:15,0.0
2025-11-19 21:30,0.0
2025-11-19 21:45,0.001254
2025-11-19 22:00,0.000748
2025-11-19 22:15,0.030775
2025-11-19 22:30,0.0
2025-11-19 22:45,0.0
2025-11-19 23:00,0.014255
2025-11-19 23:15,0.207455
2025-11-19 23:30,0.017217
2025-11-19 23:45,0.031523
2025-11-20 00:00,0.006824
2025-11-20 00:15,0.0
2025-11-20 00:30,0.0
2025-11-20 00:45,0.0
2025-11-20 01:00,0.0
2025-11-20 01:15,0.006784
2025-11-20 01:30,0.0
2025-11-20 01:45,0.050549
2025-11-20 02:00,0.126374
2025-11-20 02:15,0.178379
2025-11-20 02:30,0.0
2025-11-20 02:45,0.000647
2025-11-20 03:00,0.0
2025-11-20 03:15,0.0
2025-11-20 03:30,0.002123
2025-11-20 03:45,0.0
2025-11-20 04:00,0.025275
2025-11-20 04:15,0.0
2025-11-20 04:30,0.0
2025-11-20 04:45,0.0
2025-11-20 05:00,0.0
2025-11-20 05:15,0.0
2025-11-20 05:30,0.0
2025-11-20 05:45,0.0
2025-11-20 06:00,0.025275
2025-11-20 06:15,0.0
2025-11-20 06:30,0.0
2025-11-20 06:45,0.0
2025-11-20 07:00,0.087683
2025-11-20 07:15,0.0
2025-11-20 07:30,0.0
2025-11-20 07:45,0.001375
2025-11-20 08:00,0.000869
2025-11-20 08:15,0.0
2025-11-20 08:30,0.006642
2025-11-20 08:45,0.0
2025-11-20 09:00,0.0
2025-11-20 09:15,0.025275
2025-11-20 09:30,0.0
2025-11-20 09:45,0.079342
2025-11-20 10:00,0.110845
2025-11-20 10:15,0.029187
2025-11-20 10:30,0.0
2025-11-20 10:45,0.00094
2025-11-20 11:00,0.0
2025-11-20 11:15,0.001496
2025-11-20 11:30,0.114141
2025-11-20 11:45,0.025234
2025-11-20 12:00,0.071194
2025-11-20 12:15,0.121662
2025-11-20 12:30,0.0
2025-11-20 12:45,0.0
2025-11-20 13:00,0.001618
2025-11-20 13:15,0.001638
2025-11-20 13:30,0.031796
2025-11-20 13:45,0.064966
2025-11-20 14:00,0.032261
2025-11-20 14:15,0.016358
2025-11-20 14:30,0.073964
2025-11-20 14:45,0.027105
2025-11-20 15:00,0.01658
2025-11-20 15:15,0.025275
2025-11-20 15:30,0.055271
2025-11-20 15:45,0.031523
2025-11-20 16:00,0.030775
2025-11-20 16:15,0.0
2025-11-20 16:30,0.049164
2025-11-20 16:45,0.030775
2025-11-20 17:00,0.030168
2025-11-20 17:15,0.012637
2025-11-20 17:30,0.351622
2025-11-20 17:45,0.052652
2025-11-20 18:00,0.001941
2025-11-20 18:15,0.0
2025-11-20 18:30,0.0
2025-11-20 18:45,0.0
2025-11-20 19:00,0.0
2025-11-20 19:15,0.0
2025-11-20 19:30,0.050155
2025-11-20 19:45,0.0
2025-11-20 20:00,0.0
2025-11-20 20:15,0.0
2025-11-20 20:30,0.004287
2025-11-20 20:45,0.0
2025-11-20 21:00,0.025275
2025-11-20 21:15,0.0
2025-11-20 21:30,0.088462
2025-11-20 21:45,0.017996
2025-11-20 22:00,0.000748
2025-11-20 22:15,0.044706
2025-11-20 22:30,0.001891
2025-11-20 22:45,0.0368
2025-11-20 23:00,0.019512
2025-11-20 23:15,0.254062
2025-11-20 23:30,0.368971
2025-11-20 23:45,0.002477
2025-11-21 00:00,0.007734
2025-11-21 00:15,0.016135
2025-11-21 00:30,0.0
2025-11-21 00:45,0.161627
2025-11-21 01:00,0.16096
2025-11-21 01:15,0.0
2025-11-21 01:30,0.0
2025-11-21 01:45,0.0
2025-11-21 02:00,0.0
2025-11-21 02:15,0.001254
2025-11-21 02:30,0.068131
2025-11-21 02:45,0.0
2025-11-21 03:00,0.0
2025-11-21 03:15,0.013143
2025-11-21 03:30,0.0
2025-11-21 03:45,0.0
2025-11-21 04:00,0.0
2025-11-21 04:15,0.0
2025-11-21 04:30,0.0
2025-11-21 04:45,0.0
2025-11-21 05:00,0.0
2025-11-21 05:15,0.0
2025-11-21 05:30,0.0
2025-11-21 05:45,0.0
2025-11-21 06:00,0.0
2025-11-21 06:15,0.006005
2025-11-21 06:30,0.0
2025-11-21 06:45,0.0
2025-11-21 07:00,0.0
2025-11-21 07:15,0.00094
2025-11-21 07:30,0.0
2025-11-21 07:45,0.0
2025-11-21 08:00,0.000748
2025-11-21 08:15,0.0
2025-11-21 08:30,0.0
2025-11-21 08:45,0.0
2025-11-21 09:00,0.0
2025-11-21 09:15,0.0
2025-11-21 09:30,0.000647
2025-11-21 09:45,0.016681
2025-11-21 10:00,0.0
2025-11-21 10:15,0.00186
2025-11-21 10:30,0.0
2025-11-21 10:45,0.0
2025-11-21 11:00,0.006784
2025-11-21 11:15,0.0
2025-11-21 11:30,0.016752
2025-11-21 11:45,0.030775
2025-11-21 12:00,0.16926
2025-11-21 12:15,0.001941
2025-11-21 12:30,0.025275
2025-11-21 12:45,0.023293
2025-11-21 13:00,0.029561
2025-11-21 13:15,0.72309
2025-11-21 13:30,0.12879
2025-11-21 13:45,0.358598
2025-11-21 14:00,0.184647
2025-11-21 14:15,0.234539
2025-11-21 14:30,0.2318
2025-11-21 14:45,0.0
2025-11-21 15:00,0.015387
2025-11-21 15:15,0.0
2025-11-21 15:30,0.0
2025-11-21 15:45,0.0
2025-11-21 16:00,0.474053
2025-11-21 16:15,0.591267
2025-11-21 16:30,0.343251
2025-11-21 16:45,0.599193
2025-11-21 17:00,0.752469
2025-11-21 17:15,1.0
2025-11-21 17:30,0.592662
2025-11-21 17:45,0.505131
2025-11-21 18:00,0.758404
2025-11-21 18:15,0.342503
2025-11-21 18:30,0.388786
2025-11-21 18:45,0.077684
2025-11-21 19:00,0.0
2025-11-21 19:15,0.077684
2025-11-21 19:30,0.0
2025-11-21 19:45,0.0
2025-11-21 20:00,0.000748
2025-11-21 20:15,0.0
2025-11-21 20:30,0.0
2025-11-21 20:45,0.0
2025-11-21 21:00,0.0
2025-11-21 21:15,0.0
2025-11-21 21:30,0.001001
2025-11-21 21:45,0.0
2025-11-21 22:00,0.0
2025-11-21 22:15,0.015387
2025-11-21 22:30,0.0
2025-11-21 22:45,0.013648
2025-11-21 23:00,0.586111
2025-11-21 23:15,0.205292
2025-11-21 23:30,0.0
2025-11-21 23:45,0.042704
2025-11-22 00:00,0.067029
2025-11-22 00:15,0.289679
2025-11-22 00:30,0.186285
2025-11-22 00:45,0.0
2025-11-22 01:00,0.0
2025-11-22 01:15,0.0
2025-11-22 01:30,0.0
2025-11-22 01:45,0.046162
2025-11-22 02:00,0.349924
2025-11-22 02:15,0.248259
2025-11-22 02:30,0.227655
2025-11-22 02:45,0.282147
2025-11-22 03:00,0.111977
2025-11-22 03:15,0.012637
2025-11-22 03:30,0.10308
2025-11-22 03:45,0.0
2025-11-22 04:00,0.004711
2025-11-22 04:15,0.004317
2025-11-22 04:30,0.027367
2025-11-22 04:45,0.089533
2025-11-22 05:00,0.0
2025-11-22 05:15,0.0
2025-11-22 05:30,0.0
2025-11-22 05:45,0.0
2025-11-22 06:00,0.038943
2025-11-22 06:15,0.040925
2025-11-22 06:30,0.0
2025-11-22 06:45,0.0
2025-11-22 07:00,0.015387
2025-11-22 07:15,0.051621
2025-11-22 07:30,0.052046
2025-11-22 07:45,0.0
2025-11-22 08:00,0.0
2025-11-22 08:15,0.000748
2025-11-22 08:30,0.0
2025-11-22 08:45,0.017925
2025-11-22 09:00,0.066968
2025-11-22 09:15,0.41124
2025-11-22 09:30,0.40665
2025-11-22 09:45,0.539484
2025-11-22 10:00,0.511207
2025-11-22 10:15,0.333364
2025-11-22 10:30,0.0
2025-11-22 10:45,0.000748
2025-11-22 11:00,0.057677
2025-11-22 11:15,0.00096
2025-11-22 11:30,0.000748
2025-11-22 11:45,0.0
2025-11-22 12:00,0.056049
2025-11-22 12:15,0.045181
2025-11-22 12:30,0.032352
2025-11-22 12:45,0.001961
2025-11-22 13:00,0.062297
2025-11-22 13:15,0.016135
2025-11-22 13:30,0.012637
2025-11-22 13:45,0.082052
2025-11-22 14:00,0.028833
2025-11-22 14:15,0.065937
2025-11-22 14:30,0.017116
2025-11-22 14:45,0.130236
2025-11-22 15:00,0.095923
2025-11-22 15:15,0.095316
2025-11-22 15:30,0.107893
2025-11-22 15:45,0.030127
2025-11-22 16:00,0.042249
2025-11-22 16:15,0.001901
2025-11-22 16:30,0.016317
2025-11-22 16:45,0.005975
2025-11-22 17:00,0.000748
2025-11-22 17:15,0.003579
2025-11-22 17:30,0.013386
2025-11-22 17:45,0.0
2025-11-22 18:00,0.046162
2025-11-22 18:15,0.0
2025-11-22 18:30,0.015387
2025-11-22 18:45,0.015387
2025-11-22 19:00,0.012637
2025-11-22 19:15,0.025275
2025-11-22 19:30,0.076845
2025-11-22 19:45,0.0
2025-11-22 20:00,0.0
2025-11-22 20:15,0.0
2025-11-22 20:30,0.0
2025-11-22 20:45,0.0
2025-11-22 21:00,0.000748
2025-11-22 21:15,0.0
2025-11-22 21:30,0.0
2025-11-22 21:45,0.0
2025-11-22 22:00,0.0
2025-11-22 22:15,0.0
2025-11-22 22:30,0.0
2025-11-22 22:45,0.0
2025-11-22 23:00,0.0
2025-11-22 23:15,0.0
2025-11-22 23:30,0.015387
2025-11-22 23:45,0.212834
2025-11-23 00:00,0.213127
2025-11-23 00:15,0.243699
2025-11-23 00:30,0.154479
2025-11-23 00:45,0.0
2025-11-23 01:00,0.018825
2025-11-23 01:15,0.025275
2025-11-23 01:30,0.04692
2025-11-23 01:45,0.0
2025-11-23 02:00,0.028025
2025-11-23 02:15,0.046162
2025-11-23 02:30,0.205322
2025-11-23 02:45,0.015529
2025-11-23 03:00,0.029026
2025-11-23 03:15,0.17383
2025-11-23 03:30,0.155996
2025-11-23 03:45,0.096054
2025-11-23 04:00,0.018299
2025-11-23 04:15,0.012637
2025-11-23 04:30,0.0
2025-11-23 04:45,0.048224
2025-11-23 05:00,0.052966
2025-11-23 05:15,0.010858
2025-11-23 05:30,0.186932
2025-11-23 05:45,0.001041
2025-11-23 06:00,0.206505
2025-11-23 06:15,0.180007
2025-11-23 06:30,0.027438
2025-11-23 06:45,0.0
2025-11-23 07:00,0.016156
2025-11-23 07:15,0.0
2025-11-23 07:30,0.06716
2025-11-23 07:45,0.050448
2025-11-23 08:00,0.077745
2025-11-23 08:15,0.274039
2025-11-23 08:30,0.351228
2025-11-23 08:45,0.014781
2025-11-23 09:00,0.0
2025-11-23 09:15,0.032948
2025-11-23 09:30,0.0
2025-11-23 09:45,0.065573
2025-11-23 10:00,0.052026
2025-11-23 10:15,0.013628
2025-11-23 10:30,0.070891
2025-11-23 10:45,0.043149
2025-11-23 11:00,0.104961
2025-11-23 11:15,0.0
2025-11-23 11:30,0.387917
2025-11-23 11:45,0.298859
2025-11-23 12:00,0.255861
2025-11-23 12:15,0.282774
2025-11-23 12:30,0.301356
2025-11-23 12:45,0.112695
2025-11-23 13:00,0.006187
2025-11-23 13:15,0.032554
2025-11-23 13:30,0.133663
2025-11-23 13:45,0.041339
2025-11-23 14:00,0.053299
2025-11-23 14:15,0.203927
2025-11-23 14:30,0.109207
2025-11-23 14:45,0.141255
2025-11-23 15:00,0.182615
2025-11-23 15:15,0.108095
2025-11-23 15:30,0.236855
2025-11-23 15:45,0.048143
2025-11-23 16:00,0.177429
2025-11-23 16:15,0.0
2025-11-23 16:30,0.0
2025-11-23 16:45,0.0
2025-11-23 17:00,0.0
2025-11-23 17:15,0.015387
2025-11-23 17:30,0.030168
2025-11-23 17:45,0.012516
2025-11-23 18:00,0.020938
2025-11-23 18:15,0.000748
2025-11-23 18:30,0.015387
2025-11-23 18:45,0.0
2025-11-23 19:00,0.003983
2025-11-23 19:15,0.013608
2025-11-23 19:30,0.0
2025-11-23 19:45,0.0
2025-11-23 20:00,0.0
2025-11-23 20:15,0.0
2025-11-23 20:30,0.0
2025-11-23 20:45,0.0
2025-11-23 21:00,0.0
2025-11-23 21:15,0.0
2025-11-23 21:30,0.0
2025-11-23 21:45,0.0
2025-11-23 22:00,0.171282
2025-11-23 22:15,0.0
2025-11-23 22:30,0.028945
2025-11-23 22:45,0.016691
2025-11-23 23:00,0.003771
2025-11-23 23:15,0.263626
2025-11-23 23:30,0.059264
2025-11-23 23:45,0.0
2025-11-24 00:00,0.000748
2025-11-24 00:15,0.0
2025-11-24 00:30,0.178126
2025-11-24 00:45,0.152851
2025-11-24 01:00,0.064724
2025-11-24 01:15,0.0
2025-11-24 01:30,0.0
2025-11-24 01:45,0.053087
2025-11-24 02:00,0.208547
2025-11-24 02:15,0.025275
2025-11-24 02:30,0.0
2025-11-24 02:45,0.015387
2025-11-24 03:00,0.01469
2025-11-24 03:15,0.0
2025-11-24 03:30,0.0
2025-11-24 03:45,0.001587
2025-11-24 04:00,0.0
2025-11-24 04:15,0.0
2025-11-24 04:30,0.0
2025-11-24 04:45,0.004893
2025-11-24 05:00,0.0
2025-11-24 05:15,0.001062
2025-11-24 05:30,0.093294
2025-11-24 05:45,0.012637
2025-11-24 06:00,0.030775
2025-11-24 06:15,0.001324
2025-11-24 06:30,0.0
2025-11-24 06:45,0.0
2025-11-24 07:00,0.001395
2025-11-24 07:15,0.00181
2025-11-24 07:30,0.0
2025-11-24 07:45,0.0
2025-11-24 08:00,0.0
2025-11-24 08:15,0.047122
2025-11-24 08:30,0.18489
2025-11-24 08:45,0.0
2025-11-24 09:00,0.0
2025-11-24 09:15,0.043655
2025-11-24 09:30,0.0
2025-11-24 09:45,0.165297
2025-11-24 10:00,0.124716
2025-11-24 10:15,0.265324
2025-11-24 10:30,0.277648
2025-11-24 10:45,0.015387
2025-11-24 11:00,0.52527
2025-11-24 11:15,0.153792
2025-11-24 11:30,0.117487
2025-11-24 11:45,0.111391
2025-11-24 12:00,0.0
2025-11-24 12:15,0.000647
2025-11-24 12:30,0.038812
2025-11-24 12:45,0.027448
2025-11-24 13:00,0.105001
2025-11-24 13:15,0.000647
2025-11-24 13:30,0.483617
2025-11-24 13:45,0.497093
2025-11-24 14:00,0.190895
2025-11-24 14:15,0.030168
2025-11-24 14:30,0.028975
2025-11-24 14:45,0.057394
2025-11-24 15:00,0.018572
2025-11-24 15:15,0.001769
2025-11-24 15:30,0.007764
2025-11-24 15:45,0.15363
2025-11-24 16:00,0.176064
2025-11-24 16:15,0.12605
2025-11-24 16:30,0.158928
2025-11-24 16:45,0.544994
2025-11-24 17:00,0.093294
2025-11-24 17:15,0.0
2025-11-24 17:30,0.0
2025-11-24 17:45,0.0
2025-11-24 18:00,0.0
2025-11-24 18:15,0.0
2025-11-24 18:30,0.0
2025-11-24 18:45,0.0
2025-11-24 19:00,0.0
2025-11-24 19:15,0.001031
2025-11-24 19:30,0.012637
2025-11-24 19:45,0.404679
2025-11-24 20:00,0.032554
2025-11-24 20:15,0.015387
2025-11-24 20:30,0.04691
2025-11-24 20:45,0.0
2025-11-24 21:00,0.0
2025-11-24 21:15,0.0
2025-11-24 21:30,0.025275
2025-11-24 21:45,0.0
2025-11-24 22:00,0.0
2025-11-24 22:15,0.040662
2025-11-24 22:30,0.0
2025-11-24 22:45,0.025275
2025-11-24 23:00,0.026114
2025-11-24 23:15,0.051298
2025-11-24 23:30,0.014619
2025-11-24 23:45,0.0
2025-11-25 00:00,0.032271
2025-11-25 00:15,0.019391
2025-11-25 00:30,0.025275
2025-11-25 00:45,0.074449
2025-11-25 01:00,0.012637
2025-11-25 01:15,0.0
2025-11-25 01:30,0.0
2025-11-25 01:45,0.0
2025-11-25 02:00,0.0
2025-11-25 02:15,0.0
2025-11-25 02:30,0.0
2025-11-25 02:45,0.000991
2025-11-25 03:00,0.0
2025-11-25 03:15,0.0
2025-11-25 03:30,0.0
2025-11-25 03:45,0.0
2025-11-25 04:00,0.0
2025-11-25 04:15,0.0
2025-11-25 04:30,0.0
2025-11-25 04:45,0.0
2025-11-25 05:00,0.0
2025-11-25 05:15,0.0
2025-11-25 05:30,0.047193
2025-11-25 05:45,0.0
2025-11-25 06:00,0.0
2025-11-25 06:15,0.0
2025-11-25 06:30,0.0
2025-11-25 06:45,0.0
2025-11-25 07:00,0.000748
2025-11-25 07:15,0.001031
2025-11-25 07:30,0.0
2025-11-25 07:45,0.045131
2025-11-25 08:00,0.0
2025-11-25 08:15,0.0
2025-11-25 08:30,0.0
2025-11-25 08:45,0.014781
2025-11-25 09:00,0.0
2025-11-25 09:15,0.0
2025-11-25 09:30,0.0
2025-11-25 09:45,0.0
2025-11-25 10:00,0.0
2025-11-25 10:15,0.046162
2025-11-25 10:30,0.046162
2025-11-25 10:45,0.0
2025-11-25 11:00,0.065937
2025-11-25 11:15,0.046162
2025-11-25 11:30,0.013386
2025-11-25 11:45,0.00185
2025-11-25 12:00,0.0
2025-11-25 12:15,0.043877
2025-11-25 12:30,0.137919
2025-11-25 12:45,0.013345
2025-11-25 13:00,0.028025
2025-11-25 13:15,0.204968
2025-11-25 13:30,0.026508
2025-11-25 13:45,0.007249
2025-11-25 14:00,0.001901
2025-11-25 14:15,0.117629
2025-11-25 14:30,0.007805
2025-11-25 14:45,0.022676
2025-11-25 15:00,0.012597
2025-11-25 15:15,0.036608
2025-11-25 15:30,0.0
2025-11-25 15:45,0.027964
2025-11-25 16:00,0.014235
2025-11-25 16:15,0.012637
2025-11-25 16:30,0.044059
2025-11-25 16:45,0.047193
2025-11-25 17:00,0.0
2025-11-25 17:15,0.012637
2025-11-25 17:30,0.0
2025-11-25 17:45,0.016378
2025-11-25 18:00,0.015387
2025-11-25 18:15,0.00095
2025-11-25 18:30,0.0
2025-11-25 18:45,0.04691
2025-11-25 19:00,0.062297
2025-11-25 19:15,0.001496
2025-11-25 19:30,0.04691
2025-11-25 19:45,0.109409
2025-11-25 20:00,0.089574
2025-11-25 20:15,0.09847
2025-11-25 20:30,0.032412
2025-11-25 20:45,0.108317
2025-11-25 21:00,0.062014
2025-11-25 21:15,0.001496
2025-11-25 21:30,0.13427
2025-11-25 21:45,0.076866
2025-11-25 22:00,0.094689
2025-11-25 22:15,0.16285
2025-11-25 22:30,0.092324
2025-11-25 22:45,0.00095
2025-11-25 23:00,0.128092
2025-11-25 23:15,0.479179
2025-11-25 23:30,0.142792
2025-11-25 23:45,0.014781
2025-11-26 00:00,0.030775
2025-11-26 00:00,0.050082
2025-11-26 00:15,0.125206
2025-11-26 00:30,0.041132
2025-11-26 00:45,0.0
2025-11-26 01:00,0.0
2025-11-26 01:15,0.0
2025-11-26 01:30,0.003126
2025-11-26 01:45,0.026259
2025-11-26 02:00,0.0
2025-11-26 02:15,0.041132
2025-11-26 02:30,0.002484
2025-11-26 02:45,0.0
2025-11-26 03:00,0.0
2025-11-26 03:15,0.001415
2025-11-26 03:30,0.0
2025-11-26 03:45,0.025041
2025-11-26 04:00,0.0
2025-11-26 04:15,0.001382
2025-11-26 04:30,0.105364
2025-11-26 04:45,0.0
2025-11-26 05:00,0.0
2025-11-26 05:15,0.0
2025-11-26 05:30,0.0
2025-11-26 05:45,0.0
2025-11-26 06:00,0.005018
2025-11-26 06:15,0.041132
2025-11-26 06:30,0.0
2025-11-26 06:45,0.0
2025-11-26 07:00,0.10283
2025-11-26 07:15,0.020566
2025-11-26 07:30,0.0
2025-11-26 07:45,0.0
2025-11-26 08:00,0.0
2025-11-26 08:15,0.0
2025-11-26 08:30,0.020566
2025-11-26 08:45,0.001053
2025-11-26 09:00,0.002435
2025-11-26 09:15,0.00589
2025-11-26 09:30,0.0
2025-11-26 09:45,0.0
2025-11-26 10:00,0.0
2025-11-26 10:15,0.0
2025-11-26 10:30,0.083827
2025-11-26 10:45,0.003768
2025-11-26 11:00,0.004113
2025-11-26 11:15,0.020566
2025-11-26 11:30,0.0
2025-11-26 11:45,0.0
2025-11-26 12:00,0.025041
2025-11-26 12:15,0.043106
2025-11-26 12:30,0.091083
2025-11-26 12:45,0.016617
2025-11-26 13:00,0.102994
2025-11-26 13:15,0.0
2025-11-26 13:30,0.447483
2025-11-26 13:45,0.658457
2025-11-26 14:00,0.563541
2025-11-26 14:15,0.194143
2025-11-26 14:30,0.520352
2025-11-26 14:45,0.0641
2025-11-26 15:00,0.58131
2025-11-26 15:15,0.264051
2025-11-26 15:30,0.0
2025-11-26 15:45,0.0
2025-11-26 16:00,0.026259
2025-11-26 16:15,0.166634
2025-11-26 16:30,0.050082
2025-11-26 16:45,0.11053
2025-11-26 17:00,0.123396
2025-11-26 17:15,0.0
2025-11-26 17:30,0.14745
2025-11-26 17:45,0.41721
2025-11-26 18:00,0.0
2025-11-26 18:15,0.185735
2025-11-26 18:30,0.0
2025-11-26 18:45,0.0
2025-11-26 19:00,0.0
2025-11-26 19:15,0.025041
2025-11-26 19:30,0.006992
2025-11-26 19:45,0.0
2025-11-26 20:00,0.051497
2025-11-26 20:15,0.0
2025-11-26 20:30,0.270434
2025-11-26 20:45,0.349622
2025-11-26 21:00,0.0
2025-11-26 21:15,0.0
2025-11-26 21:30,0.0
2025-11-26 21:45,0.054623
2025-11-26 22:00,0.0
2025-11-26 22:15,0.070648
2025-11-26 22:30,0.050082
2025-11-26 22:45,0.035735
2025-11-26 23:00,0.0
2025-11-26 23:15,0.421142
2025-11-26 23:30,0.382577
2025-11-26 23:45,0.553817
2025-11-27 00:00,0.450757
2025-11-27 00:15,0.622754
2025-11-27 00:30,1.0
2025-11-27 00:45,0.187726
2025-11-27 01:00,0.088812
2025-11-27 01:15,0.00153
2025-11-27 01:30,0.0
2025-11-27 01:45,0.18845
2025-11-27 02:00,0.0
2025-11-27 02:15,0.051135
2025-11-27 02:30,0.0
2025-11-27 02:45,0.0
2025-11-27 03:00,0.0
2025-11-27 03:15,0.0
2025-11-27 03:30,0.0
2025-11-27 03:45,0.025041
2025-11-27 04:00,0.049819
2025-11-27 04:15,0.0
2025-11-27 04:30,0.0
2025-11-27 04:45,0.0
2025-11-27 05:00,0.0
2025-11-27 05:15,0.001218
2025-11-27 05:30,0.0
2025-11-27 05:45,0.001431
2025-11-27 06:00,0.0
2025-11-27 06:15,0.0
2025-11-27 06:30,0.0
2025-11-27 06:45,0.0
2025-11-27 07:00,0.0
2025-11-27 07:15,0.0
2025-11-27 07:30,0.0
2025-11-27 07:45,0.0
2025-11-27 08:00,0.307799
2025-11-27 08:15,0.0
2025-11-27 08:30,0.0
2025-11-27 08:45,0.0
2025-11-27 09:00,0.337315
2025-11-27 09:15,0.041132
2025-11-27 09:30,0.042382
2025-11-27 09:45,0.0
2025-11-27 10:00,0.020566
2025-11-27 10:15,0.050082
2025-11-27 10:30,0.041132
2025-11-27 10:45,0.22333
2025-11-27 11:00,0.122721
2025-11-27 11:15,0.004278
2025-11-27 11:30,0.001777
2025-11-27 11:45,0.041132
2025-11-27 12:00,0.097532
2025-11-27 12:15,0.030191
2025-11-27 12:30,0.002221
2025-11-27 12:45,0.00204
2025-11-27 13:00,0.041132
2025-11-27 13:15,0.021783
2025-11-27 13:30,0.004705
2025-11-27 13:45,0.552139
2025-11-27 14:00,0.71489
2025-11-27 14:15,0.025041
2025-11-27 14:30,0.064281
2025-11-27 14:45,0.0
2025-11-27 15:00,0.050082
2025-11-27 15:15,0.336953
2025-11-27 15:30,0.232675
2025-11-27 15:45,0.262027
2025-11-27 16:00,0.195953
2025-11-27 16:15,0.084205
2025-11-27 16:30,0.179993
2025-11-27 16:45,0.052468
2025-11-27 17:00,0.06048
2025-11-27 17:15,0.0
2025-11-27 17:30,0.0
2025-11-27 17:45,0.0
2025-11-27 18:00,0.0
2025-11-27 18:15,0.0
2025-11-27 18:30,0.0
2025-11-27 18:45,0.0
2025-11-27 19:00,0.003949
2025-11-27 19:15,0.018855
2025-11-27 19:30,0.0
2025-11-27 19:45,0.0
2025-11-27 20:00,0.0
2025-11-27 20:15,0.0
2025-11-27 20:30,0.0
2025-11-27 20:45,0.0
2025-11-27 21:00,0.003225
2025-11-27 21:15,0.016716
2025-11-27 21:30,0.0
2025-11-27 21:45,0.0
2025-11-27 22:00,0.001728
2025-11-27 22:15,0.0013
2025-11-27 22:30,0.0
2025-11-27 22:45,0.0
2025-11-27 23:00,0.028529
2025-11-27 23:15,0.444817
2025-11-27 23:30,0.125025
2025-11-27 23:45,0.440342
2025-11-28 00:00,0.319612
2025-11-28 00:15,0.341757
2025-11-28 00:30,0.0923
2025-11-28 00:45,0.041132
2025-11-28 01:00,0.0
2025-11-28 01:15,0.0
2025-11-28 01:30,0.0
2025-11-28 01:45,0.00283
2025-11-28 02:00,0.072261
2025-11-28 02:15,0.198684
2025-11-28 02:30,0.0
2025-11-28 02:45,0.0
2025-11-28 03:00,0.0
2025-11-28 03:15,0.0
2025-11-28 03:30,0.050082
2025-11-28 03:45,0.0
2025-11-28 04:00,0.021586
2025-11-28 04:15,0.0
2025-11-28 04:30,0.0
2025-11-28 04:45,0.0
2025-11-28 05:00,0.0
2025-11-28 05:15,0.0
2025-11-28 05:30,0.0
2025-11-28 05:45,0.0
2025-11-28 06:00,0.0
2025-11-28 06:15,0.0
2025-11-28 06:30,0.130668
2025-11-28 06:45,0.0
2025-11-28 07:00,0.0
2025-11-28 07:15,0.002435
2025-11-28 07:30,0.025041
2025-11-28 07:45,0.041198
2025-11-28 08:00,0.0
2025-11-28 08:15,0.0
2025-11-28 08:30,0.0
2025-11-28 08:45,0.00227
2025-11-28 09:00,0.021389
2025-11-28 09:15,0.025041
2025-11-28 09:30,0.054952
2025-11-28 09:45,0.026456
2025-11-28 10:00,0.045607
2025-11-28 10:15,0.204146
2025-11-28 10:30,0.0
2025-11-28 10:45,0.0
2025-11-28 11:00,0.0
2025-11-28 11:15,0.0
2025-11-28 11:30,0.023001
2025-11-28 11:45,0.001218
2025-11-28 12:00,0.020566
2025-11-28 12:15,0.0
2025-11-28 12:30,0.001218
2025-11-28 12:45,0.0
2025-11-28 13:00,0.021751
2025-11-28 13:15,0.005577
2025-11-28 13:30,0.104278
2025-11-28 13:45,0.094571
2025-11-28 14:00,0.091313
2025-11-28 14:15,0.647088
2025-11-28 14:30,0.455314
2025-11-28 14:45,0.563096
2025-11-28 15:00,0.401086
2025-11-28 15:15,0.437233
2025-11-28 15:30,0.593633
2025-11-28 15:45,0.348141
2025-11-28 16:00,0.115038
2025-11-28 16:15,0.150247
2025-11-28 16:30,0.250346
2025-11-28 16:45,0.351744
2025-11-28 17:00,0.23024
2025-11-28 17:15,0.126423
2025-11-28 17:30,0.070648
2025-11-28 17:45,0.0
2025-11-28 18:00,0.024186
2025-11-28 18:15,0.0
2025-11-28 18:30,0.026259
2025-11-28 18:45,0.0
2025-11-28 19:00,0.002246
2025-11-28 19:15,0.0
2025-11-28 19:30,0.0
2025-11-28 19:45,0.281079
2025-11-28 20:00,0.027542
2025-11-28 20:15,0.0
2025-11-28 20:30,0.0
2025-11-28 20:45,0.001218
2025-11-28 21:00,0.06104
2025-11-28 21:15,0.0
2025-11-28 21:30,0.4641
2025-11-28 21:45,0.270262
2025-11-28 22:00,0.072919
2025-11-28 22:15,0.021783
2025-11-28 22:30,0.207634
2025-11-28 22:45,0.0
2025-11-28 23:00,0.0
2025-11-28 23:15,0.31846
2025-11-28 23:30,0.533564
2025-11-28 23:45,0.026604
2025-11-29 00:00,0.050082
2025-11-29 00:15,0.276308
2025-11-29 00:30,0.083876
2025-11-29 00:45,0.193847
2025-11-29 01:00,0.0
2025-11-29 01:15,0.0
2025-11-29 01:30,0.076341
2025-11-29 01:45,0.026588
2025-11-29 02:00,0.0
2025-11-29 02:15,0.0
2025-11-29 02:30,0.0
2025-11-29 02:45,0.0
2025-11-29 03:00,0.259041
2025-11-29 03:15,0.42361
2025-11-29 03:30,0.510596
2025-11-29 03:45,0.447244
2025-11-29 04:00,0.202048
2025-11-29 04:15,0.020566
2025-11-29 04:30,0.0
2025-11-29 04:45,0.0
2025-11-29 05:00,0.0
2025-11-29 05:15,0.0
2025-11-29 05:30,0.152781
2025-11-29 05:45,0.0
2025-11-29 06:00,0.0
2025-11-29 06:15,0.0
2025-11-29 06:30,0.285332
2025-11-29 06:45,0.610982
2025-11-29 07:00,0.090112
2025-11-29 07:15,0.3372
2025-11-29 07:30,0.245303
2025-11-29 07:45,0.51591
2025-11-29 08:00,0.416749
2025-11-29 08:15,0.32894
2025-11-29 08:30,0.180207
2025-11-29 08:45,0.039256
2025-11-29 09:00,0.241
2025-11-29 09:15,0.176028
2025-11-29 09:30,0.142218
2025-11-29 09:45,0.338154
2025-11-29 10:00,0.402748
2025-11-29 10:15,0.064462
2025-11-29 10:30,0.067802
2025-11-29 10:45,0.0
2025-11-29 11:00,0.045607
2025-11-29 11:15,0.050082
2025-11-29 11:30,0.03381
2025-11-29 11:45,0.142514
2025-11-29 12:00,0.0
2025-11-29 12:15,0.05742
2025-11-29 12:30,0.003965
2025-11-29 12:45,0.0
2025-11-29 13:00,0.00487
2025-11-29 13:15,0.0269
2025-11-29 13:30,0.024202
2025-11-29 13:45,0.064544
2025-11-29 14:00,0.06911
2025-11-29 14:15,0.25283
2025-11-29 14:30,0.13256
2025-11-29 14:45,0.083728
2025-11-29 15:00,0.114643
2025-11-29 15:15,0.050271
2025-11-29 15:30,0.150806
2025-11-29 15:45,0.132396
2025-11-29 16:00,0.752303
2025-11-29 16:15,0.592218
2025-11-29 16:30,0.447269
2025-11-29 16:45,0.361994
2025-11-29 17:00,0.362537
2025-11-29 17:15,0.159082
2025-11-29 17:30,0.301711
2025-11-29 17:45,0.139059
2025-11-29 18:00,0.050082
2025-11-29 18:15,0.357486
2025-11-29 18:30,0.235439
2025-11-29 18:45,0.101744
2025-11-29 19:00,0.046084
2025-11-29 19:15,0.0
2025-11-29 19:30,0.001596
2025-11-29 19:45,0.0
2025-11-29 20:00,0.0
2025-11-29 20:15,0.0
2025-11-29 20:30,0.001612
2025-11-29 20:45,0.0
2025-11-29 21:00,0.0
2025-11-29 21:15,0.0
2025-11-29 21:30,0.0
2025-11-29 21:45,0.041132
2025-11-29 22:00,0.02639
2025-11-29 22:15,0.104113
2025-11-29 22:30,0.041132
2025-11-29 22:45,0.050082
2025-11-29 23:00,0.300313
2025-11-29 23:15,0.212981
2025-11-29 23:30,0.31744
2025-11-29 23:45,0.064133
2025-11-30 00:00,0.0
2025-11-30 00:15,0.282577
2025-11-30 00:30,0.225239
2025-11-30 00:45,0.224301
2025-11-30 01:00,0.345344
2025-11-30 01:15,0.062438
2025-11-30 01:30,0.597269
2025-11-30 01:45,0.467835
2025-11-30 02:00,0.289733
2025-11-30 02:15,0.228694
2025-11-30 02:30,0.309608
2025-11-30 02:45,0.490095
2025-11-30 03:00,0.510398
2025-11-30 03:15,0.266782
2025-11-30 03:30,0.240194
2025-11-30 03:45,0.029895
2025-11-30 04:00,0.108901
2025-11-30 04:15,0.056746
2025-11-30 04:30,0.126686
2025-11-30 04:45,0.0
2025-11-30 05:00,0.052517
2025-11-30 05:15,0.406318
2025-11-30 05:30,0.002238
2025-11-30 05:45,0.087348
2025-11-30 06:00,0.020566
2025-11-30 06:15,0.041132
2025-11-30 06:30,0.003225
2025-11-30 06:45,0.025041
2025-11-30 07:00,0.0
2025-11-30 07:15,0.004705
2025-11-30 07:30,0.020566
2025-11-30 07:45,0.0513
2025-11-30 08:00,0.30793
2025-11-30 08:15,0.259855
2025-11-30 08:30,0.062883
2025-11-30 08:45,0.004047
2025-11-30 09:00,0.001629
2025-11-30 09:15,0.0
2025-11-30 09:30,0.0
2025-11-30 09:45,0.045607
2025-11-30 10:00,0.025041
2025-11-30 10:15,0.050082
2025-11-30 10:30,0.021981
2025-11-30 10:45,0.073133
2025-11-30 11:00,0.016996
2025-11-30 11:15,0.0
2025-11-30 11:30,0.0
2025-11-30 11:45,0.129352
2025-11-30 12:00,0.002106
2025-11-30 12:15,0.03358
2025-11-30 12:30,0.101876
2025-11-30 12:45,0.025041
2025-11-30 13:00,0.041132
2025-11-30 13:15,0.049112
2025-11-30 13:30,0.0
2025-11-30 13:45,0.009222
2025-11-30 14:00,0.157552
2025-11-30 14:15,0.151662
2025-11-30 14:30,0.0
2025-11-30 14:45,0.309921
2025-11-30 15:00,0.255281
2025-11-30 15:15,0.420846
2025-11-30 15:30,0.16229
2025-11-30 15:45,0.294669
2025-11-30 16:00,0.034041
2025-11-30 16:15,0.064413
2025-11-30 16:30,0.059395
2025-11-30 16:45,0.023314
2025-11-30 17:00,0.066173
2025-11-30 17:15,0.0
2025-11-30 17:30,0.0
2025-11-30 17:45,0.0
2025-11-30 18:00,0.026259
2025-11-30 18:15,0.0
2025-11-30 18:30,0.0
2025-11-30 18:45,0.0
2025-11-30 19:00,0.0
2025-11-30 19:15,0.0
2025-11-30 19:30,0.0
2025-11-30 19:45,0.0
2025-11-30 20:00,0.0
2025-11-30 20:15,0.0
2025-11-30 20:30,0.0
2025-11-30 20:45,0.0
2025-11-30 21:00,0.0
2025-11-30 21:15,0.041132
2025-11-30 21:30,0.30849
2025-11-30 21:45,0.539552
2025-11-30 22:00,0.3333
2025-11-30 22:15,0.020566
2025-11-30 22:30,0.170961
2025-11-30 22:45,0.058029
2025-11-30 23:00,0.067391
2025-11-30 23:15,0.078348
2025-11-30 23:30,0.27871
2025-11-30 23:45,0.033843
2025-12-01 00:00,0.288088
2025-12-01 00:15,0.897943
2025-12-01 00:30,0.020566
2025-12-01 00:45,0.100165
2025-12-01 01:00,0.050082
2025-12-01 01:15,0.025041
2025-12-01 01:30,0.146792
2025-12-01 01:45,0.001218
2025-12-01 02:00,0.043567
2025-12-01 02:15,0.203159
2025-12-01 02:30,0.0
2025-12-01 02:45,0.0
2025-12-01 03:00,0.001678
2025-12-01 03:15,0.0
2025-12-01 03:30,0.0
2025-12-01 03:45,0.0
2025-12-01 04:00,0.053389
2025-12-01 04:15,0.020566
2025-12-01 04:30,0.002419
2025-12-01 04:45,0.0
2025-12-01 05:00,0.002106
2025-12-01 05:15,0.014265
2025-12-01 05:30,0.0
2025-12-01 05:45,0.048766
2025-12-01 06:00,0.0
2025-12-01 06:15,0.0
2025-12-01 06:30,0.0
2025-12-01 06:45,0.0
2025-12-01 07:00,0.0
2025-12-01 07:15,0.0
2025-12-01 07:30,0.0
2025-12-01 07:45,0.0
2025-12-01 08:00,0.0
2025-12-01 08:15,0.0
2025-12-01 08:30,0.0
2025-12-01 08:45,0.0
2025-12-01 09:00,0.042185
2025-12-01 09:15,0.050082
2025-12-01 09:30,0.025041
2025-12-01 09:45,0.0
2025-12-01 10:00,0.0
2025-12-01 10:15,0.054294
2025-12-01 10:30,0.0
2025-12-01 10:45,0.0
2025-12-01 11:00,0.001843
2025-12-01 11:15,0.050082
2025-12-01 11:30,0.001053
2025-12-01 11:45,0.004755
2025-12-01 12:00,0.007371
2025-12-01 12:15,0.0
2025-12-01 12:30,0.025041
2025-12-01 12:45,0.0
2025-12-01 13:00,0.322376
2025-12-01 13:15,0.22537
2025-12-01 13:30,0.003653
2025-12-01 13:45,0.498996
2025-12-01 14:00,0.020336
2025-12-01 14:15,0.002632
2025-12-01 14:30,0.046298
2025-12-01 14:45,0.358078
2025-12-01 15:00,0.380783
2025-12-01 15:15,0.076357
2025-12-01 15:30,0.355314
2025-12-01 15:45,0.00283
2025-12-01 16:00,0.105956
2025-12-01 16:15,0.045607
2025-12-01 16:30,0.827443
2025-12-01 16:45,0.125206
2025-12-01 17:00,0.120731
2025-12-01 17:15,0.167736
2025-12-01 17:30,0.071076
2025-12-01 17:45,0.082428
2025-12-01 18:00,0.0
2025-12-01 18:15,0.0
2025-12-01 18:30,0.0
2025-12-01 18:45,0.0
2025-12-01 19:00,0.0
2025-12-01 19:15,0.0
2025-12-01 19:30,0.0
2025-12-01 19:45,0.0
2025-12-01 20:00,0.0
2025-12-01 20:15,0.0
2025-12-01 20:30,0.0
2025-12-01 20:45,0.0
2025-12-01 21:00,0.0
2025-12-01 21:15,0.001497
2025-12-01 21:30,0.0
2025-12-01 21:45,0.0
2025-12-01 22:00,0.020566
2025-12-01 22:15,0.311813
2025-12-01 22:30,0.050082
2025-12-01 22:45,0.050082
2025-12-01 23:00,0.100165
2025-12-01 23:15,0.329418
2025-12-01 23:30,0.0
2025-12-01 23:45,0.0
2025-12-02 00:00,0.058095
2025-12-02 00:15,0.050082
2025-12-02 00:30,0.052057
2025-12-02 00:45,0.0641
2025-12-02 01:00,0.0
2025-12-02 01:15,0.0
2025-12-02 01:30,0.020566
2025-12-02 01:45,0.137693
2025-12-02 02:00,0.247993
2025-12-02 02:15,0.224778
2025-12-02 02:30,0.177953
2025-12-02 02:45,0.025041
2025-12-02 03:00,0.139322
2025-12-02 03:15,0.001218
2025-12-02 03:30,0.028496
2025-12-02 03:45,0.109477
2025-12-02 04:00,0.112833
2025-12-02 04:15,0.099671
2025-12-02 04:30,0.141494
2025-12-02 04:45,0.155627
2025-12-02 05:00,0.150049
2025-12-02 05:15,0.053537
2025-12-02 05:30,0.299803
2025-12-02 05:45,0.387578
2025-12-02 06:00,0.233169
2025-12-02 06:15,0.073758
2025-12-02 06:30,0.090194
2025-12-02 06:45,0.081524
2025-12-02 07:00,0.080964
2025-12-02 07:15,0.121454
2025-12-02 07:30,0.142695
2025-12-02 07:45,0.099523
2025-12-02 08:00,0.065318
2025-12-02 08:15,0.376407
2025-12-02 08:30,0.141329
2025-12-02 08:45,0.033235
2025-12-02 09:00,0.002106
2025-12-02 09:15,0.0
2025-12-02 09:30,0.009411
2025-12-02 09:45,0.051695
2025-12-02 10:00,0.001678
2025-12-02 10:15,0.0
2025-12-02 10:30,0.023379
2025-12-02 10:45,0.0
2025-12-02 11:00,0.0
2025-12-02 11:15,0.001218
2025-12-02 11:30,0.0
2025-12-02 11:45,0.0
2025-12-02 12:00,0.0
2025-12-02 12:15,0.0
2025-12-02 12:30,0.0
2025-12-02 12:45,0.0
2025-12-02 13:00,0.313919
2025-12-02 13:15,0.195854
2025-12-02 13:30,0.179812
2025-12-02 13:45,0.127098
2025-12-02 14:00,0.351662
2025-12-02 14:15,0.223083
2025-12-02 14:30,0.296479
2025-12-02 14:45,0.184518
2025-12-02 15:00,0.186377
2025-12-02 15:15,0.254409
2025-12-02 15:30,0.181869
2025-12-02 15:45,0.678628
2025-12-02 16:00,0.341576
2025-12-02 16:15,0.386147
2025-12-02 16:30,0.167094
2025-12-02 16:45,0.219776
2025-12-02 17:00,0.229385
2025-12-02 17:15,0.208588
2025-12-02 17:30,0.166157
2025-12-02 17:45,0.0
2025-12-02 18:00,0.0
2025-12-02 18:15,0.001218
2025-12-02 18:30,0.050082
2025-12-02 18:45,0.0
2025-12-02 19:00,0.0
2025-12-02 19:15,0.0
2025-12-02 19:30,0.0
2025-12-02 19:45,0.0
2025-12-02 20:00,0.0
2025-12-02 20:15,0.0
2025-12-02 20:30,0.0
2025-12-02 20:45,0.00515
2025-12-02 21:00,0.0
2025-12-02 21:15,0.0
2025-12-02 21:30,0.0
2025-12-02 21:45,0.127805
2025-12-02 22:00,0.294373
2025-12-02 22:15,0.585653
2025-12-02 22:30,0.423725
2025-12-02 22:45,0.517243
2025-12-02 23:00,0.045048
2025-12-02 23:15,0.117539
2025-12-02 23:30,0.148091
2025-12-02 23:45,0.07022
2025-12-03 00:00,0.210793
2025-12-03 00:00,0.16655
2025-12-03 00:15,0.34879
2025-12-03 00:30,0.269285
2025-12-03 00:45,0.243637
2025-12-03 01:00,0.007683
2025-12-03 01:15,0.064998
2025-12-03 01:30,0.001638
2025-12-03 01:45,0.020617
2025-12-03 02:00,0.038037
2025-12-03 02:15,0.0
2025-12-03 02:30,0.036477
2025-12-03 02:45,0.029691
2025-12-03 03:00,0.041494
2025-12-03 03:15,0.0
2025-12-03 03:30,0.0
2025-12-03 03:45,0.022112
2025-12-03 04:00,0.0
2025-12-03 04:15,0.0
2025-12-03 04:30,0.001664
2025-12-03 04:45,0.0
2025-12-03 05:00,0.009113
2025-12-03 05:15,0.059356
2025-12-03 05:30,0.121961
2025-12-03 05:45,0.0
2025-12-03 06:00,0.0
2025-12-03 06:15,0.016249
2025-12-03 06:30,0.001911
2025-12-03 06:45,0.041754
2025-12-03 07:00,0.118711
2025-12-03 07:15,0.0
2025-12-03 07:30,0.042456
2025-12-03 07:45,0.0
2025-12-03 08:00,0.001664
2025-12-03 08:15,0.0
2025-12-03 08:30,0.002327
2025-12-03 08:45,0.0
2025-12-03 09:00,0.0
2025-12-03 09:15,0.0
2025-12-03 09:30,0.0
2025-12-03 09:45,0.0
2025-12-03 10:00,0.0
2025-12-03 10:15,0.0
2025-12-03 10:30,0.0
2025-12-03 10:45,0.003848
2025-12-03 11:00,0.0
2025-12-03 11:15,0.0
2025-12-03 11:30,0.0
2025-12-03 11:45,0.0
2025-12-03 12:00,0.004329
2025-12-03 12:15,0.0
2025-12-03 12:30,0.059102
2025-12-03 12:45,0.017211
2025-12-03 13:00,0.0
2025-12-03 13:15,0.063191
2025-12-03 13:30,0.084627
2025-12-03 13:45,0.111822
2025-12-03 14:00,0.399137
2025-12-03 14:15,0.07476
2025-12-03 14:30,0.127772
2025-12-03 14:45,0.0
2025-12-03 15:00,0.0374
2025-12-03 15:15,0.038037
2025-12-03 15:30,0.143749
2025-12-03 15:45,0.0566
2025-12-03 16:00,0.036035
2025-12-03 16:15,0.000962
2025-12-03 16:30,0.019785
2025-12-03 16:45,0.019785
2025-12-03 17:00,0.041494
2025-12-03 17:15,0.06011
2025-12-03 17:30,0.0
2025-12-03 17:45,0.047162
2025-12-03 18:00,0.099316
2025-12-03 18:15,0.0
2025-12-03 18:30,0.0
2025-12-03 18:45,0.0
2025-12-03 19:00,0.036997
2025-12-03 19:15,0.002444
2025-12-03 19:30,0.0
2025-12-03 19:45,0.0
2025-12-03 20:00,0.033838
2025-12-03 20:15,0.195838
2025-12-03 20:30,0.21795
2025-12-03 20:45,0.101344
2025-12-03 21:00,0.212581
2025-12-03 21:15,0.0
2025-12-03 21:30,0.016249
2025-12-03 21:45,0.026792
2025-12-03 22:00,0.125042
2025-12-03 22:15,0.160076
2025-12-03 22:30,0.220888
2025-12-03 22:45,0.041754
2025-12-03 23:00,0.001924
2025-12-03 23:15,0.16122
2025-12-03 23:30,0.019785
2025-12-03 23:45,0.10111
2025-12-04 00:00,0.0
2025-12-04 00:15,0.0
2025-12-04 00:30,0.037101
2025-12-04 00:45,0.313171
2025-12-04 01:00,0.083509
2025-12-04 01:15,0.0
2025-12-04 01:30,0.0
2025-12-04 01:45,0.0
2025-12-04 02:00,0.03957
2025-12-04 02:15,0.067688
2025-12-04 02:30,0.194993
2025-12-04 02:45,0.0
2025-12-04 03:00,0.0
2025-12-04 03:15,0.0
2025-12-04 03:30,0.0
2025-12-04 03:45,0.002444
2025-12-04 04:00,0.0
2025-12-04 04:15,0.008255
2025-12-04 04:30,0.0
2025-12-04 04:45,0.0
2025-12-04 05:00,0.0
2025-12-04 05:15,0.0
2025-12-04 05:30,0.001118
2025-12-04 05:45,0.0
2025-12-04 06:00,0.0
2025-12-04 06:15,0.019785
2025-12-04 06:30,0.0
2025-12-04 06:45,0.0
2025-12-04 07:00,0.001222
2025-12-04 07:15,0.0
2025-12-04 07:30,0.0
2025-12-04 07:45,0.010478
2025-12-04 08:00,0.0
2025-12-04 08:15,0.0
2025-12-04 08:30,0.0
2025-12-04 08:45,0.002678
2025-12-04 09:00,0.03957
2025-12-04 09:15,0.0
2025-12-04 09:30,0.022359
2025-12-04 09:45,0.0
2025-12-04 10:00,0.0
2025-12-04 10:15,0.0
2025-12-04 10:30,0.0
2025-12-04 10:45,0.055079
2025-12-04 11:00,0.001365
2025-12-04 11:15,0.016249
2025-12-04 11:30,0.265398
2025-12-04 11:45,0.001365
2025-12-04 12:00,0.0
2025-12-04 12:15,0.149429
2025-12-04 12:30,0.036867
2025-12-04 12:45,0.000832
2025-12-04 13:00,0.011492
2025-12-04 13:15,0.039752
2025-12-04 13:30,0.016899
2025-12-04 13:45,0.0
2025-12-04 14:00,0.059304
2025-12-04 14:15,0.037244
2025-12-04 14:30,0.209019
2025-12-04 14:45,0.15758
2025-12-04 15:00,0.179458
2025-12-04 15:15,0.202857
2025-12-04 15:30,0.151652
2025-12-04 15:45,0.306021
2025-12-04 16:00,0.234654
2025-12-04 16:15,0.000962
2025-12-04 16:30,0.091699
2025-12-04 16:45,0.0
2025-12-04 17:00,0.034696
2025-12-04 17:15,0.0
2025-12-04 17:30,0.242532
2025-12-04 17:45,0.045433
2025-12-04 18:00,0.018433
2025-12-04 18:15,0.0
2025-12-04 18:30,0.0
2025-12-04 18:45,0.036035
2025-12-04 19:00,0.04399
2025-12-04 19:15,0.0
2025-12-04 19:30,0.0
2025-12-04 19:45,0.0
2025-12-04 20:00,0.007683
2025-12-04 20:15,0.0
2025-12-04 20:30,0.0
2025-12-04 20:45,0.0
2025-12-04 21:00,0.0
2025-12-04 21:15,0.052284
2025-12-04 21:30,0.133531
2025-12-04 21:45,0.0
2025-12-04 22:00,0.059356
2025-12-04 22:15,0.197852
2025-12-04 22:30,0.337623
2025-12-04 22:45,0.03957
2025-12-04 23:00,0.0
2025-12-04 23:15,0.0
2025-12-04 23:30,0.019785
2025-12-04 23:45,0.001118
2025-12-05 00:00,0.129514
2025-12-05 00:15,0.194993
2025-12-05 00:30,0.122819
2025-12-05 00:45,0.0
2025-12-05 01:00,0.016249
2025-12-05 01:15,0.02648
2025-12-05 01:30,0.0
2025-12-05 01:45,0.021917
2025-12-05 02:00,0.005356
2025-12-05 02:15,0.008138
2025-12-05 02:30,0.019785
2025-12-05 02:45,0.052284
2025-12-05 03:00,0.0
2025-12-05 03:15,0.0
2025-12-05 03:30,0.0
2025-12-05 03:45,0.041494
2025-12-05 04:00,0.0
2025-12-05 04:15,0.019746
2025-12-05 04:30,0.001924
2025-12-05 04:45,0.001794
2025-12-05 05:00,0.001924
2025-12-05 05:15,0.0
2025-12-05 05:30,0.0
2025-12-05 05:45,0.0
2025-12-05 06:00,0.019785
2025-12-05 06:15,0.0
2025-12-05 06:30,0.0
2025-12-05 06:45,0.0
2025-12-05 07:00,0.001794
2025-12-05 07:15,0.001066
2025-12-05 07:30,0.0
2025-12-05 07:45,0.0
2025-12-05 08:00,0.093622
2025-12-05 08:15,0.021098
2025-12-05 08:30,0.069417
2025-12-05 08:45,0.034371
2025-12-05 09:00,0.001222
2025-12-05 09:15,0.003796
2025-12-05 09:30,0.081247
2025-12-05 09:45,0.465018
2025-12-05 10:00,0.108897
2025-12-05 10:15,0.112602
2025-12-05 10:30,0.037959
2025-12-05 10:45,0.019785
2025-12-05 11:00,0.03957
2025-12-05 11:15,0.0
2025-12-05 11:30,0.031615
2025-12-05 11:45,0.013194
2025-12-05 12:00,0.001326
2025-12-05 12:15,0.0
2025-12-05 12:30,0.0
2025-12-05 12:45,0.010192
2025-12-05 13:00,0.053389
2025-12-05 13:15,0.058979
2025-12-05 13:30,0.006318
2025-12-05 13:45,0.034748
2025-12-05 14:00,0.090503
2025-12-05 14:15,0.087773
2025-12-05 14:30,0.005434
2025-12-05 14:45,0.0
2025-12-05 15:00,0.156332
2025-12-05 15:15,0.904844
2025-12-05 15:30,0.390089
2025-12-05 15:45,0.0
2025-12-05 16:00,0.005889
2025-12-05 16:15,0.0
2025-12-05 16:30,0.120115
2025-12-05 16:45,0.002743
2025-12-05 17:00,0.171203
2025-12-05 17:15,0.018849
2025-12-05 17:30,0.060435
2025-12-05 17:45,0.026675
2025-12-05 18:00,0.217547
2025-12-05 18:15,0.140421
2025-12-05 18:30,0.082027
2025-12-05 18:45,0.000962
2025-12-05 19:00,0.0
2025-12-05 19:15,0.026103
2025-12-05 19:30,0.079141
2025-12-05 19:45,0.182357
2025-12-05 20:00,0.023789
2025-12-05 20:15,0.080103
2025-12-05 20:30,0.220875
2025-12-05 20:45,0.020747
2025-12-05 21:00,0.00143
2025-12-05 21:15,0.0
2025-12-05 21:30,0.212113
2025-12-05 21:45,0.302174
2025-12-05 22:00,0.097496
2025-12-05 22:15,0.0
2025-12-05 22:30,0.0
2025-12-05 22:45,0.0
2025-12-05 23:00,0.032499
2025-12-05 23:15,0.0
2025-12-05 23:30,0.037517
2025-12-05 23:45,0.044848
2025-12-06 00:00,0.081533
2025-12-06 00:15,0.116814
2025-12-06 00:30,0.00377
2025-12-06 00:45,0.040649
2025-12-06 01:00,0.017458
2025-12-06 01:15,0.109378
2025-12-06 01:30,0.209344
2025-12-06 01:45,0.282115
2025-12-06 02:00,0.900424
2025-12-06 02:15,0.364064
2025-12-06 02:30,0.117334
2025-12-06 02:45,0.459182
2025-12-06 03:00,0.212867
2025-12-06 03:15,0.121779
2025-12-06 03:30,0.145672
2025-12-06 03:45,0.000962
2025-12-06 04:00,0.0
2025-12-06 04:15,0.075449
2025-12-06 04:30,0.0
2025-12-06 04:45,0.001235
2025-12-06 05:00,0.0
2025-12-06 05:15,0.001846
2025-12-06 05:30,0.03957
2025-12-06 05:45,0.060682
2025-12-06 06:00,0.0
2025-12-06 06:15,0.0
2025-12-06 06:30,0.0
2025-12-06 06:45,0.018017
2025-12-06 07:00,0.0
2025-12-06 07:15,0.000962
2025-12-06 07:30,0.017484
2025-12-06 07:45,0.002561
2025-12-06 08:00,0.0
2025-12-06 08:15,0.0
2025-12-06 08:30,0.165237
2025-12-06 08:45,0.001261
2025-12-06 09:00,0.021391
2025-12-06 09:15,0.075969
2025-12-06 09:30,0.171437
2025-12-06 09:45,0.234563
2025-12-06 10:00,0.159023
2025-12-06 10:15,0.041624
2025-12-06 10:30,0.001235
2025-12-06 10:45,0.019785
2025-12-06 11:00,0.002184
2025-12-06 11:15,0.00247
2025-12-06 11:30,0.130801
2025-12-06 11:45,0.060305
2025-12-06 12:00,0.001222
2025-12-06 12:15,0.001209
2025-12-06 12:30,0.03957
2025-12-06 12:45,0.038245
2025-12-06 13:00,0.2186
2025-12-06 13:15,0.37553
2025-12-06 13:30,0.478213
2025-12-06 13:45,0.009542
2025-12-06 14:00,0.447001
2025-12-06 14:15,0.082833
2025-12-06 14:30,0.020747
2025-12-06 14:45,0.156371
2025-12-06 15:00,0.46145
2025-12-06 15:15,0.140265
2025-12-06 15:30,0.0514
2025-12-06 15:45,0.067077
2025-12-06 16:00,0.103866
2025-12-06 16:15,0.216546
2025-12-06 16:30,0.53337
2025-12-06 16:45,0.018446
2025-12-06 17:00,0.003068
2025-12-06 17:15,0.001924
2025-12-06 17:30,0.0
2025-12-06 17:45,0.016249
2025-12-06 18:00,0.0
2025-12-06 18:15,0.0013
2025-12-06 18:30,0.035593
2025-12-06 18:45,0.0
2025-12-06 19:00,0.100187
2025-12-06 19:15,0.142605
2025-12-06 19:30,0.017211
2025-12-06 19:45,0.018849
2025-12-06 20:00,0.178756
2025-12-06 20:15,0.032499
2025-12-06 20:30,0.04165
2025-12-06 20:45,0.016249
2025-12-06 21:00,0.064998
2025-12-06 21:15,0.048748
2025-12-06 21:30,0.03402
2025-12-06 21:45,0.053376
2025-12-06 22:00,0.054923
2025-12-06 22:15,0.019967
2025-12-06 22:30,0.0
2025-12-06 22:45,0.0
2025-12-06 23:00,0.021709
2025-12-06 23:15,0.019785
2025-12-06 23:30,0.015677
2025-12-06 23:45,0.034761
2025-12-07 00:00,0.032018
2025-12-07 00:15,0.048319
2025-12-07 00:30,0.0
2025-12-07 00:45,0.022671
2025-12-07 01:00,0.098796
2025-12-07 01:15,0.0
2025-12-07 01:30,0.032499
2025-12-07 01:45,0.0
2025-12-07 02:00,0.0
2025-12-07 02:15,0.002054
2025-12-07 02:30,0.042976
2025-12-07 02:45,0.10085
2025-12-07 03:00,0.0
2025-12-07 03:15,0.064998
2025-12-07 03:30,0.016249
2025-12-07 03:45,0.0
2025-12-07 04:00,0.0
2025-12-07 04:15,0.0
2025-12-07 04:30,0.0
2025-12-07 04:45,0.001573
2025-12-07 05:00,0.0
2025-12-07 05:15,0.0
2025-12-07 05:30,0.099888
2025-12-07 05:45,0.060721
2025-12-07 06:00,0.0
2025-12-07 06:15,0.0
2025-12-07 06:30,0.0
2025-12-07 06:45,0.0
2025-12-07 07:00,0.0
2025-12-07 07:15,0.0
2025-12-07 07:30,0.001222
2025-12-07 07:45,0.0
2025-12-07 08:00,0.0
2025-12-07 08:15,0.0
2025-12-07 08:30,0.001235
2025-12-07 08:45,0.0
2025-12-07 09:00,0.058108
2025-12-07 09:15,0.0
2025-12-07 09:30,0.018433
2025-12-07 09:45,0.0
2025-12-07 10:00,0.002886
2025-12-07 10:15,0.05868
2025-12-07 10:30,0.0
2025-12-07 10:45,0.0
2025-12-07 11:00,0.03957
2025-12-07 11:15,0.000962
2025-12-07 11:30,0.032499
2025-12-07 11:45,0.0
2025-12-07 12:00,0.0
2025-12-07 12:15,0.001222
2025-12-07 12:30,0.079141
2025-12-07 12:45,0.016197
2025-12-07 13:00,0.001196
2025-12-07 13:15,0.003367
2025-12-07 13:30,0.002886
2025-12-07 13:45,0.020747
2025-12-07 14:00,0.130931
2025-12-07 14:15,0.132426
2025-12-07 14:30,0.112914
2025-12-07 14:45,0.210969
2025-12-07 15:00,0.115618
2025-12-07 15:15,0.362946
2025-12-07 15:30,0.067025
2025-12-07 15:45,0.246822
2025-12-07 16:00,0.25609
2025-12-07 16:15,0.17119
2025-12-07 16:30,0.339287
2025-12-07 16:45,0.549554
2025-12-07 17:00,0.694213
2025-12-07 17:15,0.861217
2025-12-07 17:30,0.284026
2025-12-07 17:45,0.0
2025-12-07 18:00,0.0
2025-12-07 18:15,0.001274
2025-12-07 18:30,0.0
2025-12-07 18:45,0.00273
2025-12-07 19:00,0.007358
2025-12-07 19:15,0.0
2025-12-07 19:30,0.207108
2025-12-07 19:45,0.673647
2025-12-07 20:00,0.383407
2025-12-07 20:15,1.0
2025-12-07 20:30,0.470374
2025-12-07 20:45,0.0
2025-12-07 21:00,0.0
2025-12-07 21:15,0.0
2025-12-07 21:30,0.0
2025-12-07 21:45,0.0
2025-12-07 22:00,0.019785
2025-12-07 22:15,0.001066
2025-12-07 22:30,0.0
2025-12-07 22:45,0.0
2025-12-07 23:00,0.20079
2025-12-07 23:15,0.6389
2025-12-07 23:30,0.181447
2025-12-07 23:45,0.001066
2025-12-08 00:00,0.03957
2025-12-08 00:15,0.0
2025-12-08 00:30,0.0
2025-12-08 00:45,0.0
2025-12-08 01:00,0.007514
2025-12-08 01:15,0.001274
2025-12-08 01:30,0.0
2025-12-08 01:45,0.0
2025-12-08 02:00,0.0
2025-12-08 02:15,0.0
2025-12-08 02:30,0.0
2025-12-08 02:45,0.0
2025-12-08 03:00,0.131347
2025-12-08 03:15,0.0
2025-12-08 03:30,0.0
2025-12-08 03:45,0.0
2025-12-08 04:00,0.064998
2025-12-08 04:15,0.0
2025-12-08 04:30,0.0
2025-12-08 04:45,0.0
2025-12-08 05:00,0.0
2025-12-08 05:15,0.0
2025-12-08 05:30,0.0
2025-12-08 05:45,0.0
2025-12-08 06:00,0.0
2025-12-08 06:15,0.0
2025-12-08 06:30,0.068221
2025-12-08 06:45,0.0
2025-12-08 07:00,0.000455
2025-12-08 07:15,0.041494
2025-12-08 07:30,0.059356
2025-12-08 07:45,0.0
2025-12-08 08:00,0.000962
2025-12-08 08:15,0.0
2025-12-08 08:30,0.000962
2025-12-08 08:45,0.016249
2025-12-08 09:00,0.019785
2025-12-08 09:15,0.0
2025-12-08 09:30,0.0
2025-12-08 09:45,0.0
2025-12-08 10:00,0.0
2025-12-08 10:15,0.037959
2025-12-08 10:30,0.002925
2025-12-08 10:45,0.040441
2025-12-08 11:00,0.129995
2025-12-08 11:15,0.033786
2025-12-08 11:30,0.002197
2025-12-08 11:45,0.0
2025-12-08 12:00,0.019785
2025-12-08 12:15,0.078023
2025-12-08 12:30,0.06748
2025-12-08 12:45,0.249578
2025-12-08 13:00,0.129579
2025-12-08 13:15,0.0
2025-12-08 13:30,0.002132
2025-12-08 13:45,0.036152
2025-12-08 14:00,0.226789
2025-12-08 14:15,0.546213
2025-12-08 14:30,0.156891
2025-12-08 14:45,0.258924
2025-12-08 15:00,0.137613
2025-12-08 15:15,0.138874
2025-12-08 15:30,0.617035
2025-12-08 15:45,0.0
2025-12-08 16:00,0.0
2025-12-08 16:15,0.001196
2025-12-08 16:30,0.03957
2025-12-08 16:45,0.016197
2025-12-08 17:00,0.020994
2025-12-08 17:15,0.0
2025-12-08 17:30,0.0
2025-12-08 17:45,0.001027
2025-12-08 18:00,0.0
2025-12-08 18:15,0.0
2025-12-08 18:30,0.0
2025-12-08 18:45,0.0
2025-12-08 19:00,0.0
2025-12-08 19:15,0.03957
2025-12-08 19:30,0.041364
2025-12-08 19:45,0.001027
2025-12-08 20:00,0.0
2025-12-08 20:15,0.0
2025-12-08 20:30,0.032499
2025-12-08 20:45,0.0
2025-12-08 21:00,0.003926
2025-12-08 21:15,0.001118
2025-12-08 21:30,0.03957
2025-12-08 21:45,0.000832
2025-12-08 22:00,0.0
2025-12-08 22:15,0.0
2025-12-08 22:30,0.002652
2025-12-08 22:45,0.491979
2025-12-08 23:00,0.153264
2025-12-08 23:15,0.188285
2025-12-08 23:30,0.0
2025-12-08 23:45,0.0
2025-12-09 00:00,0.0
2025-12-09 00:15,0.0
2025-12-09 00:30,0.0
2025-12-09 00:45,0.0
2025-12-09 01:00,0.01196
2025-12-09 01:15,0.024166
2025-12-09 01:30,0.0
2025-12-09 01:45,0.106492
2025-12-09 02:00,0.0
2025-12-09 02:15,0.0
2025-12-09 02:30,0.0
2025-12-09 02:45,0.0
2025-12-09 03:00,0.0
2025-12-09 03:15,0.0
2025-12-09 03:30,0.0
2025-12-09 03:45,0.0
2025-12-09 04:00,0.004732
2025-12-09 04:15,0.000962
2025-12-09 04:30,0.0
2025-12-09 04:45,0.0
2025-12-09 05:00,0.0
2025-12-09 05:15,0.0
2025-12-09 05:30,0.0
2025-12-09 05:45,0.0
2025-12-09 06:00,0.0
2025-12-09 06:15,0.001222
2025-12-09 06:30,0.032499
2025-12-09 06:45,0.0
2025-12-09 07:00,0.01608
2025-12-09 07:15,0.001196
2025-12-09 07:30,0.0
2025-12-09 07:45,0.0
2025-12-09 08:00,0.0
2025-12-09 08:15,0.0
2025-12-09 08:30,0.016249
2025-12-09 08:45,0.002444
2025-12-09 09:00,0.032499
2025-12-09 09:15,0.000962
2025-12-09 09:30,0.0
2025-12-09 09:45,0.001612
2025-12-09 10:00,0.0
2025-12-09 10:15,0.004108
2025-12-09 10:30,0.059655
2025-12-09 10:45,0.147336
2025-12-09 11:00,0.0501
2025-12-09 11:15,0.0
2025-12-09 11:30,0.079141
2025-12-09 11:45,0.208499
2025-12-09 12:00,0.16161
2025-12-09 12:15,0.227023
2025-12-09 12:30,0.224579
2025-12-09 12:45,0.345488
2025-12-09 13:00,0.392923
2025-12-09 13:15,0.019239
2025-12-09 13:30,0.139043
2025-12-09 13:45,0.0
2025-12-09 14:00,0.033578
2025-12-09 14:15,0.297377
2025-12-09 14:30,0.080103
2025-12-09 14:45,0.001664
2025-12-09 15:00,0.040402
2025-12-09 15:15,0.081533
2025-12-09 15:30,0.060279
2025-12-09 15:45,0.123521
2025-12-09 16:00,0.0
2025-12-09 16:15,0.003276
2025-12-09 16:30,0.0
2025-12-09 16:45,0.0
2025-12-09 17:00,0.0
2025-12-09 17:15,0.062008
2025-12-09 17:30,0.241817
2025-12-09 17:45,0.001924
2025-12-09 18:00,0.0
2025-12-09 18:15,0.00286
2025-12-09 18:30,0.0
2025-12-09 18:45,0.16759
2025-12-09 19:00,0.0
2025-12-09 19:15,0.001235
2025-12-09 19:30,0.0
2025-12-09 19:45,0.0
2025-12-09 20:00,0.0
2025-12-09 20:15,0.0
2025-12-09 20:30,0.00247
2025-12-09 20:45,0.0
2025-12-09 21:00,0.0
2025-12-09 21:15,0.318488
2025-12-09 21:30,0.0
2025-12-09 21:45,0.032499
2025-12-09 22:00,0.00247
2025-12-09 22:15,0.002548
2025-12-09 22:30,0.013337
2025-12-09 22:45,0.001235
2025-12-09 23:00,0.0
2025-12-09 23:15,0.085589
2025-12-09 23:30,0.31321
2025-12-09 23:45,0.0
2025-12-10 00:00,0.0
2025-12-10 00:00,0.0
2025-12-10 00:15,0.0
2025-12-10 00:30,0.000853
2025-12-10 00:45,0.060128
2025-12-10 01:00,0.129174
2025-12-10 01:15,0.106981
2025-12-10 01:30,0.0
2025-12-10 01:45,0.121212
2025-12-10 02:00,0.358358
2025-12-10 02:15,0.0
2025-12-10 02:30,0.0
2025-12-10 02:45,0.00091
2025-12-10 03:00,0.0
2025-12-10 03:15,0.0
2025-12-10 03:30,0.0
2025-12-10 03:45,0.0
2025-12-10 04:00,0.028865
2025-12-10 04:15,0.0
2025-12-10 04:30,0.007444
2025-12-10 04:45,0.035076
2025-12-10 05:00,0.0
2025-12-10 05:15,0.001129
2025-12-10 05:30,0.035076
2025-12-10 05:45,0.003964
2025-12-10 06:00,0.002235
2025-12-10 06:15,0.014404
2025-12-10 06:30,0.0
2025-12-10 06:45,0.0
2025-12-10 07:00,0.0
2025-12-10 07:15,0.0
2025-12-10 07:30,0.0
2025-12-10 07:45,0.0
2025-12-10 08:00,0.0
2025-12-10 08:15,0.0
2025-12-10 08:30,0.01498
2025-12-10 08:45,0.0
2025-12-10 09:00,0.0
2025-12-10 09:15,0.013044
2025-12-10 09:30,0.0
2025-12-10 09:45,0.0
2025-12-10 10:00,0.0
2025-12-10 10:15,0.035076
2025-12-10 10:30,0.001072
2025-12-10 10:45,0.0
2025-12-10 11:00,0.0
2025-12-10 11:15,0.015257
2025-12-10 11:30,0.035122
2025-12-10 11:45,0.0
2025-12-10 12:00,0.002685
2025-12-10 12:15,0.070153
2025-12-10 12:30,0.0
2025-12-10 12:45,0.035076
2025-12-10 13:00,0.0
2025-12-10 13:15,0.099813
2025-12-10 13:30,0.108686
2025-12-10 13:45,0.335715
2025-12-10 14:00,0.629313
2025-12-10 14:15,1.0
2025-12-10 14:30,0.388698
2025-12-10 14:45,0.905568
2025-12-10 15:00,0.254396
2025-12-10 15:15,0.161658
2025-12-10 15:30,0.500334
2025-12-10 15:45,0.377682
2025-12-10 16:00,0.142783
2025-12-10 16:15,0.238909
2025-12-10 16:30,0.145491
2025-12-10 16:45,0.050425
2025-12-10 17:00,0.148717
2025-12-10 17:15,0.380609
2025-12-10 17:30,0.19171
2025-12-10 17:45,0.145745
2025-12-10 18:00,0.151183
2025-12-10 18:15,0.214999
2025-12-10 18:30,0.164642
2025-12-10 18:45,0.102245
2025-12-10 19:00,0.021721
2025-12-10 19:15,0.015614
2025-12-10 19:30,0.001141
2025-12-10 19:45,0.028808
2025-12-10 20:00,0.0
2025-12-10 20:15,0.0
2025-12-10 20:30,0.0
2025-12-10 20:45,0.0
2025-12-10 21:00,0.0
2025-12-10 21:15,0.0
2025-12-10 21:30,0.0
2025-12-10 21:45,0.057616
2025-12-10 22:00,0.018391
2025-12-10 22:15,0.0
2025-12-10 22:30,0.0
2025-12-10 22:45,0.017538
2025-12-10 23:00,0.0
2025-12-10 23:15,0.149755
2025-12-10 23:30,0.039063
2025-12-10 23:45,0.047026
2025-12-11 00:00,0.031112
2025-12-11 00:15,0.177502
2025-12-11 00:30,0.100136
2025-12-11 00:45,0.0
2025-12-11 01:00,0.0
2025-12-11 01:15,0.002351
2025-12-11 01:30,0.034062
2025-12-11 01:45,0.088705
2025-12-11 02:00,0.002904
2025-12-11 02:15,0.000807
2025-12-11 02:30,0.0
2025-12-11 02:45,0.0
2025-12-11 03:00,0.014404
2025-12-11 03:15,0.073126
2025-12-11 03:30,0.0
2025-12-11 03:45,0.036782
2025-12-11 04:00,0.004264
2025-12-11 04:15,0.002858
2025-12-11 04:30,0.028716
2025-12-11 04:45,0.0
2025-12-11 05:00,0.0
2025-12-11 05:15,0.0
2025-12-11 05:30,0.0
2025-12-11 05:45,0.0
2025-12-11 06:00,0.0
2025-12-11 06:15,0.069968
2025-12-11 06:30,0.0
2025-12-11 06:45,0.0
2025-12-11 07:00,0.0
2025-12-11 07:15,0.0
2025-12-11 07:30,0.0
2025-12-11 07:45,0.0
2025-12-11 08:00,0.0
2025-12-11 08:15,0.001072
2025-12-11 08:30,0.0
2025-12-11 08:45,0.0
2025-12-11 09:00,0.0
2025-12-11 09:15,0.0
2025-12-11 09:30,0.0
2025-12-11 09:45,0.0
2025-12-11 10:00,0.0
2025-12-11 10:15,0.0
2025-12-11 10:30,0.0
2025-12-11 10:45,0.02315
2025-12-11 11:00,0.059321
2025-12-11 11:15,0.206057
2025-12-11 11:30,0.32486
2025-12-11 11:45,0.082471
2025-12-11 12:00,0.0
2025-12-11 12:15,0.008043
2025-12-11 12:30,0.028716
2025-12-11 12:45,0.052615
2025-12-11 13:00,0.054447
2025-12-11 13:15,0.021825
2025-12-11 13:30,0.035076
2025-12-11 13:45,0.003733
2025-12-11 14:00,0.030398
2025-12-11 14:15,0.032472
2025-12-11 14:30,0.021537
2025-12-11 14:45,0.034984
2025-12-11 15:00,0.028808
2025-12-11 15:15,0.086423
2025-12-11 15:30,0.0
2025-12-11 15:45,0.032173
2025-12-11 16:00,0.00681
2025-12-11 16:15,0.0
2025-12-11 16:30,0.062398
2025-12-11 16:45,0.15161
2025-12-11 17:00,0.266438
2025-12-11 17:15,0.412297
2025-12-11 17:30,0.193082
2025-12-11 17:45,0.0
2025-12-11 18:00,0.0
2025-12-11 18:15,0.0
2025-12-11 18:30,0.122767
2025-12-11 18:45,0.341868
2025-12-11 19:00,0.317393
2025-12-11 19:15,0.948088
2025-12-11 19:30,0.361112
2025-12-11 19:45,0.245535
2025-12-11 20:00,0.121961
2025-12-11 20:15,0.148072
2025-12-11 20:30,0.351225
2025-12-11 20:45,0.251711
2025-12-11 21:00,0.363739
2025-12-11 21:15,0.086423
2025-12-11 21:30,0.105298
2025-12-11 21:45,0.086504
2025-12-11 22:00,0.057616
2025-12-11 22:15,0.000968
2025-12-11 22:30,0.001659
2025-12-11 22:45,0.036551
2025-12-11 23:00,0.0
2025-12-11 23:15,0.250674
2025-12-11 23:30,0.081607
2025-12-11 23:45,0.00537
2025-12-12 00:00,0.25927
2025-12-12 00:15,0.233597
2025-12-12 00:30,0.664285
2025-12-12 00:45,0.057616
2025-12-12 01:00,0.0
2025-12-12 01:15,0.0
2025-12-12 01:30,0.028808
2025-12-12 01:45,0.273905
2025-12-12 02:00,0.117467
2025-12-12 02:15,0.0
2025-12-12 02:30,0.0
2025-12-12 02:45,0.014404
2025-12-12 03:00,0.0
2025-12-12 03:15,0.0
2025-12-12 03:30,0.0
2025-12-12 03:45,0.016743
2025-12-12 04:00,0.0
2025-12-12 04:15,0.0
2025-12-12 04:30,0.0
2025-12-12 04:45,0.0
2025-12-12 05:00,0.0
2025-12-12 05:15,0.0
2025-12-12 05:30,0.0
2025-12-12 05:45,0.0
2025-12-12 06:00,0.0
2025-12-12 06:15,0.057616
2025-12-12 06:30,0.028808
2025-12-12 06:45,0.0
2025-12-12 07:00,0.001429
2025-12-12 07:15,0.0
2025-12-12 07:30,0.0
2025-12-12 07:45,0.0
2025-12-12 08:00,0.0
2025-12-12 08:15,0.0
2025-12-12 08:30,0.001429
2025-12-12 08:45,0.0
2025-12-12 09:00,0.0
2025-12-12 09:15,0.0
2025-12-12 09:30,0.0
2025-12-12 09:45,0.014404
2025-12-12 10:00,0.004673
2025-12-12 10:15,0.0
2025-12-12 10:30,0.0
2025-12-12 10:45,0.0
2025-12-12 11:00,0.0
2025-12-12 11:15,0.071201
2025-12-12 11:30,0.001072
2025-12-12 11:45,0.210919
2025-12-12 12:00,0.175382
2025-12-12 12:15,0.0
2025-12-12 12:30,0.0
2025-12-12 12:45,0.0
2025-12-12 13:00,0.001798
2025-12-12 13:15,0.0
2025-12-12 13:30,0.11401
2025-12-12 13:45,0.0
2025-12-12 14:00,0.010256
2025-12-12 14:15,0.037957
2025-12-12 14:30,0.297239
2025-12-12 14:45,0.280611
2025-12-12 15:00,0.078496
2025-12-12 15:15,0.114551
2025-12-12 15:30,0.038937
2025-12-12 15:45,0.0
2025-12-12 16:00,0.037427
2025-12-12 16:15,0.0
2025-12-12 16:30,0.105229
2025-12-12 16:45,0.0
2025-12-12 17:00,0.0
2025-12-12 17:15,0.090387
2025-12-12 17:30,0.0
2025-12-12 17:45,0.0
2025-12-12 18:00,0.153062
2025-12-12 18:15,0.0
2025-12-12 18:30,0.004194
2025-12-12 18:45,0.0
2025-12-12 19:00,0.001936
2025-12-12 19:15,0.0
2025-12-12 19:30,0.0
2025-12-12 19:45,0.0
2025-12-12 20:00,0.0
2025-12-12 20:15,0.0
2025-12-12 20:30,0.0
2025-12-12 20:45,0.0
2025-12-12 21:00,0.0
2025-12-12 21:15,0.0
2025-12-12 21:30,0.0
2025-12-12 21:45,0.0
2025-12-12 22:00,0.07202
2025-12-12 22:15,0.047994
2025-12-12 22:30,0.012814
2025-12-12 22:45,0.0
2025-12-12 23:00,0.003895
2025-12-12 23:15,0.028808
2025-12-12 23:30,0.014404
2025-12-12 23:45,0.014404
2025-12-13 00:00,0.174518
2025-12-13 00:15,0.100159
2025-12-13 00:30,0.006269
2025-12-13 00:45,0.0
2025-12-13 01:00,0.234035
2025-12-13 01:15,0.130603
2025-12-13 01:30,0.107741
2025-12-13 01:45,0.495414
2025-12-13 02:00,0.600562
2025-12-13 02:15,0.337374
2025-12-13 02:30,0.0
2025-12-13 02:45,0.0
2025-12-13 03:00,0.0
2025-12-13 03:15,0.0
2025-12-13 03:30,0.001821
2025-12-13 03:45,0.0
2025-12-13 04:00,0.0
2025-12-13 04:15,0.0
2025-12-13 04:30,0.0
2025-12-13 04:45,0.000853
2025-12-13 05:00,0.0
2025-12-13 05:15,0.014404
2025-12-13 05:30,0.563227
2025-12-13 05:45,0.0
2025-12-13 06:00,0.173342
2025-12-13 06:15,0.145837
2025-12-13 06:30,0.0
2025-12-13 06:45,0.172294
2025-12-13 07:00,0.087219
2025-12-13 07:15,0.115266
2025-12-13 07:30,0.093326
2025-12-13 07:45,0.172294
2025-12-13 08:00,0.265355
2025-12-13 08:15,0.063792
2025-12-13 08:30,0.0
2025-12-13 08:45,0.001705
2025-12-13 09:00,0.04388
2025-12-13 09:15,0.0
2025-12-13 09:30,0.0
2025-12-13 09:45,0.017538
2025-12-13 10:00,0.0
2025-12-13 10:15,0.036194
2025-12-13 10:30,0.015326
2025-12-13 10:45,0.0
2025-12-13 11:00,0.0
2025-12-13 11:15,0.002547
2025-12-13 11:30,0.033509
2025-12-13 11:45,0.040296
2025-12-13 12:00,0.0
2025-12-13 12:15,0.009472
2025-12-13 12:30,0.035076
2025-12-13 12:45,0.035076
2025-12-13 13:00,0.000853
2025-12-13 13:15,0.064795
2025-12-13 13:30,0.072135
2025-12-13 13:45,0.074543
2025-12-13 14:00,0.007179
2025-12-13 14:15,0.179115
2025-12-13 14:30,0.343574
2025-12-13 14:45,0.248358
2025-12-13 15:00,0.129105
2025-12-13 15:15,0.25019
2025-12-13 15:30,0.230843
2025-12-13 15:45,0.139937
2025-12-13 16:00,0.174921
2025-12-13 16:15,0.0
2025-12-13 16:30,0.058768
2025-12-13 16:45,0.034512
2025-12-13 17:00,0.117421
2025-12-13 17:15,0.0
2025-12-13 17:30,0.0
2025-12-13 17:45,0.0
2025-12-13 18:00,0.035076
2025-12-13 18:15,0.043212
2025-12-13 18:30,0.0
2025-12-13 18:45,0.0
2025-12-13 19:00,0.0
2025-12-13 19:15,0.000449
2025-12-13 19:30,0.002869
2025-12-13 19:45,0.0
2025-12-13 20:00,0.0
2025-12-13 20:15,0.0
2025-12-13 20:30,0.0
2025-12-13 20:45,0.0
2025-12-13 21:00,0.0
2025-12-13 21:15,0.000899
2025-12-13 21:30,0.014404
2025-12-13 21:45,0.002166
2025-12-13 22:00,0.0
2025-12-13 22:15,0.0
2025-12-13 22:30,0.0
2025-12-13 22:45,0.000853
2025-12-13 23:00,0.000853
2025-12-13 23:15,0.048674
2025-12-13 23:30,0.049665
2025-12-13 23:45,0.138485
2025-12-14 00:00,0.273444
2025-12-14 00:15,0.372842
2025-12-14 00:30,0.316886
2025-12-14 00:45,0.075154
2025-12-14 01:00,0.070153
2025-12-14 01:15,0.037266
2025-12-14 01:30,0.0
2025-12-14 01:45,0.035076
2025-12-14 02:00,0.031942
2025-12-14 02:15,0.142564
2025-12-14 02:30,0.293575
2025-12-14 02:45,0.089558
2025-12-14 03:00,0.003411
2025-12-14 03:15,0.0
2025-12-14 03:30,0.019474
2025-12-14 03:45,0.0
2025-12-14 04:00,0.08927
2025-12-14 04:15,0.057996
2025-12-14 04:30,0.00189
2025-12-14 04:45,0.064622
2025-12-14 05:00,0.105229
2025-12-14 05:15,0.110599
2025-12-14 05:30,0.020949
2025-12-14 05:45,0.072688
2025-12-14 06:00,0.098062
2025-12-14 06:15,0.27826
2025-12-14 06:30,0.093476
2025-12-14 06:45,0.263926
2025-12-14 07:00,0.036067
2025-12-14 07:15,0.063792
2025-12-14 07:30,0.01498
2025-12-14 07:45,0.052522
2025-12-14 08:00,0.122445
2025-12-14 08:15,0.285566
2025-12-14 08:30,0.928234
2025-12-14 08:45,0.581365
2025-12-14 09:00,0.26865
2025-12-14 09:15,0.159469
2025-12-14 09:30,0.317877
2025-12-14 09:45,0.177733
2025-12-14 10:00,0.288378
2025-12-14 10:15,0.711703
2025-12-14 10:30,0.43161
2025-12-14 10:45,0.0
2025-12-14 11:00,0.223076
2025-12-14 11:15,0.134037
2025-12-14 11:30,0.160114
2025-12-14 11:45,0.121943
2025-12-14 12:00,0.069968
2025-12-14 12:15,0.104953
2025-12-14 12:30,0.069968
2025-12-14 12:45,0.112166
2025-12-14 13:00,0.332431
2025-12-14 13:15,0.350073
2025-12-14 13:30,0.668733
2025-12-14 13:45,0.375988
2025-12-14 14:00,0.572653
2025-12-14 14:15,0.187798
2025-12-14 14:30,0.074578
2025-12-14 14:45,0.108444
2025-12-14 15:00,0.416008
2025-12-14 15:15,0.206206
2025-12-14 15:30,0.145214
2025-12-14 15:45,0.317796
2025-12-14 16:00,0.036805
2025-12-14 16:15,0.0
2025-12-14 16:30,0.00159
2025-12-14 16:45,0.043212
2025-12-14 17:00,0.0
2025-12-14 17:15,0.0
2025-12-14 17:30,0.0
2025-12-14 17:45,0.057616
2025-12-14 18:00,0.0
2025-12-14 18:15,0.001244
2025-12-14 18:30,0.0
2025-12-14 18:45,0.008308
2025-12-14 19:00,0.014404
2025-12-14 19:15,0.001821
2025-12-14 19:30,0.001798
2025-12-14 19:45,0.0
2025-12-14 20:00,0.016202
2025-12-14 20:15,0.0
2025-12-14 20:30,0.0
2025-12-14 20:45,0.0
2025-12-14 21:00,0.0
2025-12-14 21:15,0.0
2025-12-14 21:30,0.0
2025-12-14 21:45,0.0
2025-12-14 22:00,0.001705
2025-12-14 22:15,0.035076
2025-12-14 22:30,0.011212
2025-12-14 22:45,0.03745
2025-12-14 23:00,0.0
2025-12-14 23:15,0.151322
2025-12-14 23:30,0.03624
2025-12-14 23:45,0.028808
2025-12-15 00:00,0.225093
2025-12-15 00:15,0.200917
2025-12-15 00:30,0.155919
2025-12-15 00:45,0.031089
2025-12-15 01:00,0.0
2025-12-15 01:15,0.0
2025-12-15 01:30,0.035076
2025-12-15 01:45,0.086423
2025-12-15 02:00,0.037882
2025-12-15 02:15,0.0
2025-12-15 02:30,0.0
2025-12-15 02:45,0.0
2025-12-15 03:00,0.0
2025-12-15 03:15,0.014519
2025-12-15 03:30,0.014358
2025-12-15 03:45,0.037323
2025-12-15 04:00,0.007179
2025-12-15 04:15,0.0
2025-12-15 04:30,0.0
2025-12-15 04:45,0.0
2025-12-15 05:00,0.029234
2025-12-15 05:15,0.0
2025-12-15 05:30,0.0
2025-12-15 05:45,0.0
2025-12-15 06:00,0.0
2025-12-15 06:15,0.001705
2025-12-15 06:30,0.014404
2025-12-15 06:45,0.001705
2025-12-15 07:00,0.003445
2025-12-15 07:15,0.034155
2025-12-15 07:30,0.0
2025-12-15 07:45,0.019578
2025-12-15 08:00,0.010843
2025-12-15 08:15,0.035399
2025-12-15 08:30,0.017492
2025-12-15 08:45,0.03185
2025-12-15 09:00,0.027154
2025-12-15 09:15,0.011857
2025-12-15 09:30,0.008746
2025-12-15 09:45,0.044064
2025-12-15 10:00,0.000853
2025-12-15 10:15,0.014738
2025-12-15 10:30,0.008101
2025-12-15 10:45,0.0
2025-12-15 11:00,0.0
2025-12-15 11:15,0.00242
2025-12-15 11:30,0.046265
2025-12-15 11:45,0.000398
2025-12-15 12:00,0.000853
2025-12-15 12:15,0.082448
2025-12-15 12:30,0.021583
2025-12-15 12:45,0.035076
2025-12-15 13:00,0.018754
2025-12-15 13:15,0.035076
2025-12-15 13:30,0.006868
2025-12-15 13:45,0.017538
2025-12-15 14:00,0.017538
2025-12-15 14:15,0.000853
2025-12-15 14:30,0.095895
2025-12-15 14:45,0.176108
2025-12-15 15:00,0.223456
2025-12-15 15:15,0.145963
2025-12-15 15:30,0.177906
2025-12-15 15:45,0.065106
2025-12-15 16:00,0.007167
2025-12-15 16:15,0.001705
2025-12-15 16:30,0.001705
2025-12-15 16:45,0.01445
2025-12-15 17:00,0.0
2025-12-15 17:15,0.000403
2025-12-15 17:30,0.0
2025-12-15 17:45,0.0
2025-12-15 18:00,0.0
2025-12-15 18:15,0.0
2025-12-15 18:30,0.0
2025-12-15 18:45,0.0
2025-12-15 19:00,0.0
2025-12-15 19:15,0.0
2025-12-15 19:30,0.0
2025-12-15 19:45,0.0
2025-12-15 20:00,0.001775
2025-12-15 20:15,0.0
2025-12-15 20:30,0.0
2025-12-15 20:45,0.211311
2025-12-15 21:00,0.011281
2025-12-15 21:15,0.030398
2025-12-15 21:30,0.029903
2025-12-15 21:45,0.057616
2025-12-15 22:00,0.030951
2025-12-15 22:15,0.06143
2025-12-15 22:30,0.005946
2025-12-15 22:45,0.036874
2025-12-15 23:00,0.000991
2025-12-15 23:15,0.019843
2025-12-15 23:30,0.059828
2025-12-15 23:45,0.249199
2025-12-16 00:00,0.103962
2025-12-16 00:15,0.107465
2025-12-16 00:30,0.031066
2025-12-16 00:45,0.003468
2025-12-16 01:00,0.014404
2025-12-16 01:15,0.014531
2025-12-16 01:30,0.001694
2025-12-16 01:45,0.008884
2025-12-16 02:00,0.14049
2025-12-16 02:15,0.171095
2025-12-16 02:30,0.057616
2025-12-16 02:45,0.037024
2025-12-16 03:00,0.001705
2025-12-16 03:15,0.035076
2025-12-16 03:30,0.00787
2025-12-16 03:45,0.0
2025-12-16 04:00,0.0
2025-12-16 04:15,0.007179
2025-12-16 04:30,0.00189
2025-12-16 04:45,0.0
2025-12-16 05:00,0.002351
2025-12-16 05:15,0.075903
2025-12-16 05:30,0.061649
2025-12-16 05:45,0.003088
2025-12-16 06:00,0.0
2025-12-16 06:15,0.035076
2025-12-16 06:30,0.0
2025-12-16 06:45,0.001705
2025-12-16 07:00,0.003405
2025-12-16 07:15,0.089627
2025-12-16 07:30,0.0
2025-12-16 07:45,0.0
2025-12-16 08:00,0.0
2025-12-16 08:15,0.007179
2025-12-16 08:30,0.0
2025-12-16 08:45,0.012491
2025-12-16 09:00,0.0
2025-12-16 09:15,0.0
2025-12-16 09:30,0.0
2025-12-16 09:45,0.0
2025-12-16 10:00,0.0463
2025-12-16 10:15,0.003221
2025-12-16 10:30,0.009599
2025-12-16 10:45,0.0
2025-12-16 11:00,0.002754
2025-12-16 11:15,0.0
2025-12-16 11:30,0.014404
2025-12-16 11:45,0.0
2025-12-16 12:00,0.0
2025-12-16 12:15,0.0
2025-12-16 12:30,0.035814
2025-12-16 12:45,0.0
2025-12-16 13:00,0.040965
2025-12-16 13:15,0.127653
2025-12-16 13:30,0.187124
2025-12-16 13:45,0.477657
2025-12-16 14:00,0.388554
2025-12-16 14:15,0.094121
2025-12-16 14:30,0.445599
2025-12-16 14:45,0.222408
2025-12-16 15:00,0.634907
2025-12-16 15:15,0.045194
2025-12-16 15:30,0.031527
2025-12-16 15:45,0.032392
2025-12-16 16:00,0.1678
2025-12-16 16:15,0.219251
2025-12-16 16:30,0.008746
2025-12-16 16:45,0.147173
2025-12-16 17:00,0.349128
2025-12-16 17:15,0.11938
2025-12-16 17:30,0.002604
2025-12-16 17:45,0.0
2025-12-16 18:00,0.0
2025-12-16 18:15,0.029661
2025-12-16 18:30,0.001129
2025-12-16 18:45,0.0
2025-12-16 19:00,0.0
2025-12-16 19:15,0.0
2025-12-16 19:30,0.014035
2025-12-16 19:45,0.0
2025-12-16 20:00,0.0
2025-12-16 20:15,0.01914
2025-12-16 20:30,0.0
2025-12-16 20:45,0.0
2025-12-16 21:00,0.0
2025-12-16 21:15,0.0
2025-12-16 21:30,0.0
2025-12-16 21:45,0.028808
2025-12-16 22:00,0.0
2025-12-16 22:15,0.0
2025-12-16 22:30,0.0
2025-12-16 22:45,0.000737
2025-12-16 23:00,0.064829
2025-12-16 23:15,0.037646
2025-12-16 23:30,0.006038
2025-12-16 23:45,0.0
2025-12-17 00:00,0.0
2025-12-17 00:00,0.0
2025-12-17 00:15,0.000511
2025-12-17 00:30,0.041234
2025-12-17 00:45,0.017273
2025-12-17 01:00,0.0
2025-12-17 01:15,0.0
2025-12-17 01:30,0.0
2025-12-17 01:45,0.008982
2025-12-17 02:00,0.0
2025-12-17 02:15,0.086407
2025-12-17 02:30,0.0
2025-12-17 02:45,0.0
2025-12-17 03:00,0.0
2025-12-17 03:15,0.0
2025-12-17 03:30,0.0
2025-12-17 03:45,0.0
2025-12-17 04:00,0.0
2025-12-17 04:15,0.021888
2025-12-17 04:30,0.0
2025-12-17 04:45,0.0
2025-12-17 05:00,0.000884
2025-12-17 05:15,0.021032
2025-12-17 05:30,0.0
2025-12-17 05:45,0.0
2025-12-17 06:00,0.0
2025-12-17 06:15,0.0
2025-12-17 06:30,0.021032
2025-12-17 06:45,0.0
2025-12-17 07:00,0.0
2025-12-17 07:15,0.0
2025-12-17 07:30,0.0
2025-12-17 07:45,0.0
2025-12-17 08:00,0.0
2025-12-17 08:15,0.0
2025-12-17 08:30,0.008609
2025-12-17 08:45,0.012913
2025-12-17 09:00,0.0
2025-12-17 09:15,0.0
2025-12-17 09:30,0.0
2025-12-17 09:45,0.000269
2025-12-17 10:00,0.008609
2025-12-17 10:15,0.0
2025-12-17 10:30,0.0
2025-12-17 10:45,0.0
2025-12-17 11:00,0.014157
2025-12-17 11:15,0.109035
2025-12-17 11:30,0.001244
2025-12-17 11:45,0.06116
2025-12-17 12:00,0.068581
2025-12-17 12:15,0.0
2025-12-17 12:30,0.013881
2025-12-17 12:45,0.251295
2025-12-17 13:00,0.100433
2025-12-17 13:15,0.021837
2025-12-17 13:30,0.005244
2025-12-17 13:45,0.0
2025-12-17 14:00,0.01007
2025-12-17 14:15,0.018593
2025-12-17 14:30,0.066557
2025-12-17 14:45,0.078662
2025-12-17 15:00,0.11043
2025-12-17 15:15,0.117498
2025-12-17 15:30,0.187178
2025-12-17 15:45,0.068819
2025-12-17 16:00,0.091734
2025-12-17 16:15,0.0
2025-12-17 16:30,0.043321
2025-12-17 16:45,0.0
2025-12-17 17:00,0.0
2025-12-17 17:15,0.146635
2025-12-17 17:30,0.057139
2025-12-17 17:45,0.266931
2025-12-17 18:00,0.009093
2025-12-17 18:15,0.0
2025-12-17 18:30,0.0
2025-12-17 18:45,0.0
2025-12-17 19:00,0.001354
2025-12-17 19:15,0.034546
2025-12-17 19:30,0.019256
2025-12-17 19:45,0.0
2025-12-17 20:00,0.00246
2025-12-17 20:15,0.0
2025-12-17 20:30,0.000884
2025-12-17 20:45,0.021032
2025-12-17 21:00,0.0
2025-12-17 21:15,0.060456
2025-12-17 21:30,0.034546
2025-12-17 21:45,0.021032
2025-12-17 22:00,0.000691
2025-12-17 22:15,0.049042
2025-12-17 22:30,0.127213
2025-12-17 22:45,0.00284
2025-12-17 23:00,0.0
2025-12-17 23:15,0.148244
2025-12-17 23:30,0.000511
2025-12-17 23:45,0.002867
2025-12-18 00:00,0.057796
2025-12-18 00:15,0.068719
2025-12-18 00:30,0.127593
2025-12-18 00:45,0.017273
2025-12-18 01:00,0.0
2025-12-18 01:15,0.0
2025-12-18 01:30,0.045062
2025-12-18 01:45,0.083919
2025-12-18 02:00,0.09105
2025-12-18 02:15,0.127061
2025-12-18 02:30,0.008637
2025-12-18 02:45,0.010053
2025-12-18 03:00,0.027202
2025-12-18 03:15,0.054562
2025-12-18 03:30,0.032605
2025-12-18 03:45,0.00266
2025-12-18 04:00,0.011373
2025-12-18 04:15,0.000953
2025-12-18 04:30,0.018627
2025-12-18 04:45,0.0
2025-12-18 05:00,0.039445
2025-12-18 05:15,0.001955
2025-12-18 05:30,0.0
2025-12-18 05:45,0.004816
2025-12-18 06:00,0.0
2025-12-18 06:15,0.001009
2025-12-18 06:30,0.015642
2025-12-18 06:45,0.029012
2025-12-18 07:00,0.021032
2025-12-18 07:15,0.0376
2025-12-18 07:30,0.019778
2025-12-18 07:45,0.030186
2025-12-18 08:00,0.0
2025-12-18 08:15,0.0
2025-12-18 08:30,0.006315
2025-12-18 08:45,0.024887
2025-12-18 09:00,0.045953
2025-12-18 09:15,0.001023
2025-12-18 09:30,0.085923
2025-12-18 09:45,0.00474
2025-12-18 10:00,0.0
2025-12-18 10:15,0.164889
2025-12-18 10:30,0.082296
2025-12-18 10:45,0.05356
2025-12-18 11:00,0.058583
2025-12-18 11:15,0.003821
2025-12-18 11:30,0.001921
2025-12-18 11:45,0.0
2025-12-18 12:00,0.008554
2025-12-18 12:15,0.386039
2025-12-18 12:30,0.0
2025-12-18 12:45,0.053118
2025-12-18 13:00,0.100087
2025-12-18 13:15,1.0
2025-12-18 13:30,0.271636
2025-12-18 13:45,0.235059
2025-12-18 14:00,0.233642
2025-12-18 14:15,0.382896
2025-12-18 14:30,0.3722
2025-12-18 14:45,0.206171
2025-12-18 15:00,0.093924
2025-12-18 15:15,0.076126
2025-12-18 15:30,0.045145
2025-12-18 15:45,0.124566
2025-12-18 16:00,0.001271
2025-12-18 16:15,0.001375
2025-12-18 16:30,0.154739
2025-12-18 16:45,0.037089
2025-12-18 17:00,0.018213
2025-12-18 17:15,0.0604
2025-12-18 17:30,0.084755
2025-12-18 17:45,0.0
2025-12-18 18:00,0.021032
2025-12-18 18:15,0.0
2025-12-18 18:30,0.000656
2025-12-18 18:45,0.001016
2025-12-18 19:00,0.0
2025-12-18 19:15,0.0
2025-12-18 19:30,0.001437
2025-12-18 19:45,0.0
2025-12-18 20:00,0.0
2025-12-18 20:15,0.0
2025-12-18 20:30,0.008637
2025-12-18 20:45,0.0
2025-12-18 21:00,0.0
2025-12-18 21:15,0.0
2025-12-18 21:30,0.034021
2025-12-18 21:45,0.017273
2025-12-18 22:00,0.000594
2025-12-18 22:15,0.0
2025-12-18 22:30,0.001617
2025-12-18 22:45,0.0
2025-12-18 23:00,0.011027
2025-12-18 23:15,0.021716
2025-12-18 23:30,0.042968
2025-12-18 23:45,0.114182
2025-12-19 00:00,0.298707
2025-12-19 00:15,0.052869
2025-12-19 00:30,0.111183
2025-12-19 00:45,0.094815
2025-12-19 01:00,0.0
2025-12-19 01:15,0.0
2025-12-19 01:30,0.115039
2025-12-19 01:45,0.127959
2025-12-19 02:00,0.0
2025-12-19 02:15,0.0
2025-12-19 02:30,0.001023
2025-12-19 02:45,0.0
2025-12-19 03:00,0.0
2025-12-19 03:15,0.01462
2025-12-19 03:30,0.006605
2025-12-19 03:45,0.019387
2025-12-19 04:00,0.03894
2025-12-19 04:15,0.063758
2025-12-19 04:30,0.420744
2025-12-19 04:45,0.019201
2025-12-19 05:00,0.002004
2025-12-19 05:15,0.000442
2025-12-19 05:30,0.0
2025-12-19 05:45,0.017273
2025-12-19 06:00,0.0
2025-12-19 06:15,0.1542
2025-12-19 06:30,0.018323
2025-12-19 06:45,0.011075
2025-12-19 07:00,0.068871
2025-12-19 07:15,0.0
2025-12-19 07:30,0.0
2025-12-19 07:45,0.0
2025-12-19 08:00,0.0
2025-12-19 08:15,0.0
2025-12-19 08:30,0.0
2025-12-19 08:45,0.002087
2025-12-19 09:00,0.000705
2025-12-19 09:15,0.0
2025-12-19 09:30,0.0
2025-12-19 09:45,0.017916
2025-12-19 10:00,0.0
2025-12-19 10:15,0.0
2025-12-19 10:30,0.001403
2025-12-19 10:45,0.000567
2025-12-19 11:00,0.008098
2025-12-19 11:15,0.0
2025-12-19 11:30,0.017273
2025-12-19 11:45,0.0
2025-12-19 12:00,0.0
2025-12-19 12:15,0.00219
2025-12-19 12:30,0.0
2025-12-19 12:45,0.001285
2025-12-19 13:00,0.007324
2025-12-19 13:15,0.005983
2025-12-19 13:30,0.246922
2025-12-19 13:45,0.296751
2025-12-19 14:00,0.233504
2025-12-19 14:15,0.043542
2025-12-19 14:30,0.221178
2025-12-19 14:45,0.100612
2025-12-19 15:00,0.0
2025-12-19 15:15,0.040039
2025-12-19 15:30,0.0
2025-12-19 15:45,0.093827
2025-12-19 16:00,0.017218
2025-12-19 16:15,0.451193
2025-12-19 16:30,0.051819
2025-12-19 16:45,0.01614
2025-12-19 17:00,0.06894
2025-12-19 17:15,0.028231
2025-12-19 17:30,0.0
2025-12-19 17:45,0.0
2025-12-19 18:00,0.0
2025-12-19 18:15,0.0
2025-12-19 18:30,0.002031
2025-12-19 18:45,0.0
2025-12-19 19:00,0.0
2025-12-19 19:15,0.0
2025-12-19 19:30,0.0
2025-12-19 19:45,0.0
2025-12-19 20:00,0.075248
2025-12-19 20:15,0.11298
2025-12-19 20:30,0.053187
2025-12-19 20:45,0.074689
2025-12-19 21:00,0.00476
2025-12-19 21:15,0.0
2025-12-19 21:30,0.0
2025-12-19 21:45,0.008706
2025-12-19 22:00,0.000953
2025-12-19 22:15,0.0
2025-12-19 22:30,0.007918
2025-12-19 22:45,0.029668
2025-12-19 23:00,0.020603
2025-12-19 23:15,0.010516
2025-12-19 23:30,0.017273
2025-12-19 23:45,0.116711
2025-12-20 00:00,0.140893
2025-12-20 00:15,0.172579
2025-12-20 00:30,0.123689
2025-12-20 00:45,0.049111
2025-12-20 01:00,0.0
2025-12-20 01:15,0.0
2025-12-20 01:30,0.001023
2025-12-20 01:45,0.113809
2025-12-20 02:00,0.134633
2025-12-20 02:15,0.011842
2025-12-20 02:30,0.0
2025-12-20 02:45,0.021032
2025-12-20 03:00,0.0
2025-12-20 03:15,0.0
2025-12-20 03:30,0.035458
2025-12-20 03:45,0.01328
2025-12-20 04:00,0.071227
2025-12-20 04:15,0.191185
2025-12-20 04:30,0.122632
2025-12-20 04:45,0.089903
2025-12-20 05:00,0.03722
2025-12-20 05:15,0.132222
2025-12-20 05:30,0.132215
2025-12-20 05:45,0.019601
2025-12-20 06:00,0.139228
2025-12-20 06:15,0.089025
2025-12-20 06:30,0.134834
2025-12-20 06:45,0.120525
2025-12-20 07:00,0.15485
2025-12-20 07:15,0.355756
2025-12-20 07:30,0.550126
2025-12-20 07:45,0.505382
2025-12-20 08:00,0.118991
2025-12-20 08:15,0.342587
2025-12-20 08:30,0.958655
2025-12-20 08:45,0.616994
2025-12-20 09:00,0.188636
2025-12-20 09:15,0.159638
2025-12-20 09:30,0.0224
2025-12-20 09:45,0.062819
2025-12-20 10:00,0.040267
2025-12-20 10:15,0.04339
2025-12-20 10:30,0.082551
2025-12-20 10:45,0.010516
2025-12-20 11:00,0.000884
2025-12-20 11:15,0.045656
2025-12-20 11:30,0.08526
2025-12-20 11:45,0.32729
2025-12-20 12:00,0.222975
2025-12-20 12:15,0.577176
2025-12-20 12:30,0.152749
2025-12-20 12:45,0.341917
2025-12-20 13:00,0.505811
2025-12-20 13:15,0.805353
2025-12-20 13:30,0.535811
2025-12-20 13:45,0.252311
2025-12-20 14:00,0.250294
2025-12-20 14:15,0.024251
2025-12-20 14:30,0.038512
2025-12-20 14:45,0.020203
2025-12-20 15:00,0.000511
2025-12-20 15:15,0.054472
2025-12-20 15:30,0.095914
2025-12-20 15:45,0.0
2025-12-20 16:00,0.0
2025-12-20 16:15,0.106181
2025-12-20 16:30,0.124477
2025-12-20 16:45,0.130875
2025-12-20 17:00,0.003372
2025-12-20 17:15,0.0
2025-12-20 17:30,0.0
2025-12-20 17:45,0.000677
2025-12-20 18:00,0.017273
2025-12-20 18:15,0.000594
2025-12-20 18:30,0.0
2025-12-20 18:45,0.0
2025-12-20 19:00,0.0
2025-12-20 19:15,0.0
2025-12-20 19:30,0.0
2025-12-20 19:45,0.0
2025-12-20 20:00,0.009687
2025-12-20 20:15,0.0
2025-12-20 20:30,0.0
2025-12-20 20:45,0.0
2025-12-20 21:00,0.001354
2025-12-20 21:15,0.0
2025-12-20 21:30,0.001188
2025-12-20 21:45,0.0
2025-12-20 22:00,0.035279
2025-12-20 22:15,0.000857
2025-12-20 22:30,0.011538
2025-12-20 22:45,0.02591
2025-12-20 23:00,0.067973
2025-12-20 23:15,0.009265
2025-12-20 23:30,0.021032
2025-12-20 23:45,0.008637
2025-12-21 00:00,0.062335
2025-12-21 00:15,0.008637
2025-12-21 00:30,0.017999
2025-12-21 00:45,0.030946
2025-12-21 01:00,0.046375
2025-12-21 01:15,0.09733
2025-12-21 01:30,0.018613
2025-12-21 01:45,0.0
2025-12-21 02:00,0.028231
2025-12-21 02:15,0.016119
2025-12-21 02:30,0.042623
2025-12-21 02:45,0.0
2025-12-21 03:00,0.0
2025-12-21 03:15,0.021032
2025-12-21 03:30,0.064118
2025-12-21 03:45,0.038899
2025-12-21 04:00,0.018627
2025-12-21 04:15,0.037282
2025-12-21 04:30,0.0
2025-12-21 04:45,0.0
2025-12-21 05:00,0.059226
2025-12-21 05:15,0.0
2025-12-21 05:30,0.0
2025-12-21 05:45,0.035569
2025-12-21 06:00,0.0
2025-12-21 06:15,0.0
2025-12-21 06:30,0.027941
2025-12-21 06:45,0.000511
2025-12-21 07:00,0.0
2025-12-21 07:15,0.0
2025-12-21 07:30,0.0
2025-12-21 07:45,0.008706
2025-12-21 08:00,0.001023
2025-12-21 08:15,0.021502
2025-12-21 08:30,0.12637
2025-12-21 08:45,0.106292
2025-12-21 09:00,0.084127
2025-12-21 09:15,0.29226
2025-12-21 09:30,0.029668
2025-12-21 09:45,0.104744
2025-12-21 10:00,0.117222
2025-12-21 10:15,0.05233
2025-12-21 10:30,0.062335
2025-12-21 10:45,0.010122
2025-12-21 11:00,0.0
2025-12-21 11:15,0.0
2025-12-21 11:30,0.001244
2025-12-21 11:45,0.127213
2025-12-21 12:00,0.006481
2025-12-21 12:15,0.010212
2025-12-21 12:30,0.232675
2025-12-21 12:45,0.284176
2025-12-21 13:00,0.147795
2025-12-21 13:15,0.36232
2025-12-21 13:30,0.239875
2025-12-21 13:45,0.134661
2025-12-21 14:00,0.197106
2025-12-21 14:15,0.24154
2025-12-21 14:30,0.118521
2025-12-21 14:45,0.134744
2025-12-21 15:00,0.139269
2025-12-21 15:15,0.379427
2025-12-21 15:30,0.160246
2025-12-21 15:45,0.204458
2025-12-21 16:00,0.273909
2025-12-21 16:15,0.175432
2025-12-21 16:30,0.002128
2025-12-21 16:45,0.0
2025-12-21 17:00,0.043031
2025-12-21 17:15,0.276507
2025-12-21 17:30,0.256401
2025-12-21 17:45,0.148631
2025-12-21 18:00,0.266986
2025-12-21 18:15,0.128221
2025-12-21 18:30,0.085661
2025-12-21 18:45,0.114099
2025-12-21 19:00,0.293677
2025-12-21 19:15,0.310093
2025-12-21 19:30,0.164771
2025-12-21 19:45,0.258212
2025-12-21 20:00,0.230975
2025-12-21 20:15,0.2725
2025-12-21 20:30,0.271464
2025-12-21 20:45,0.16683
2025-12-21 21:00,0.05392
2025-12-21 21:15,0.0
2025-12-21 21:30,0.035707
2025-12-21 21:45,0.088417
2025-12-21 22:00,0.002909
2025-12-21 22:15,0.010516
2025-12-21 22:30,0.0
2025-12-21 22:45,0.008637
2025-12-21 23:00,0.049512
2025-12-21 23:15,0.3663
2025-12-21 23:30,0.042063
2025-12-21 23:45,0.034546
2025-12-22 00:00,0.174106
2025-12-22 00:15,0.177982
2025-12-22 00:30,0.312048
2025-12-22 00:45,0.0
2025-12-22 01:00,0.021032
2025-12-22 01:15,0.0
2025-12-22 01:30,0.001202
2025-12-22 01:45,0.0
2025-12-22 02:00,0.122238
2025-12-22 02:15,0.175218
2025-12-22 02:30,0.187966
2025-12-22 02:45,0.010516
2025-12-22 03:00,0.000511
2025-12-22 03:15,0.0
2025-12-22 03:30,0.0
2025-12-22 03:45,0.0
2025-12-22 04:00,0.067766
2025-12-22 04:15,0.0
2025-12-22 04:30,0.0
2025-12-22 04:45,0.0
2025-12-22 05:00,0.0
2025-12-22 05:15,0.073272
2025-12-22 05:30,0.174299
2025-12-22 05:45,0.331546
2025-12-22 06:00,0.127696
2025-12-22 06:15,0.262482
2025-12-22 06:30,0.021032
2025-12-22 06:45,0.000677
2025-12-22 07:00,0.0
2025-12-22 07:15,0.0
2025-12-22 07:30,0.012616
2025-12-22 07:45,0.0
2025-12-22 08:00,0.046789
2025-12-22 08:15,0.0
2025-12-22 08:30,0.0
2025-12-22 08:45,0.000511
2025-12-22 09:00,0.0
2025-12-22 09:15,0.036508
2025-12-22 09:30,0.0
2025-12-22 09:45,0.0
2025-12-22 10:00,0.0
2025-12-22 10:15,0.0
2025-12-22 10:30,0.0
2025-12-22 10:45,0.0
2025-12-22 11:00,0.0
2025-12-22 11:15,0.0
2025-12-22 11:30,0.010267
2025-12-22 11:45,0.042354
2025-12-22 12:00,0.0
2025-12-22 12:15,0.0
2025-12-22 12:30,0.0
2025-12-22 12:45,0.002626
2025-12-22 13:00,0.050755
2025-12-22 13:15,0.0
2025-12-22 13:30,0.0
2025-12-22 13:45,0.005583
2025-12-22 14:00,0.0
2025-12-22 14:15,0.10075
2025-12-22 14:30,0.831871
2025-12-22 14:45,0.350878
2025-12-22 15:00,0.103307
2025-12-22 15:15,0.104716
2025-12-22 15:30,0.118521
2025-12-22 15:45,0.140851
2025-12-22 16:00,0.122024
2025-12-22 16:15,0.255973
2025-12-22 16:30,0.28285
2025-12-22 16:45,0.210372
2025-12-22 17:00,0.158719
2025-12-22 17:15,0.242859
2025-12-22 17:30,0.010751
2025-12-22 17:45,0.0
2025-12-22 18:00,0.084638
2025-12-22 18:15,0.086504
2025-12-22 18:30,0.048047
2025-12-22 18:45,0.085246
2025-12-22 19:00,0.010516
2025-12-22 19:15,0.032363
2025-12-22 19:30,0.0
2025-12-22 19:45,0.0
2025-12-22 20:00,0.0
2025-12-22 20:15,0.0
2025-12-22 20:30,0.017784
2025-12-22 20:45,0.0
2025-12-22 21:00,0.0
2025-12-22 21:15,0.0
2025-12-22 21:30,0.021032
2025-12-22 21:45,0.002888
2025-12-22 22:00,0.0
2025-12-22 22:15,0.042782
2025-12-22 22:30,0.001023
2025-12-22 22:45,0.014509
2025-12-22 23:00,0.10435
2025-12-22 23:15,0.201515
2025-12-22 23:30,0.042063
2025-12-22 23:45,0.001023
2025-12-23 00:00,0.0
2025-12-23 00:15,0.0
2025-12-23 00:30,0.0
2025-12-23 00:45,0.0
2025-12-23 01:00,0.0
2025-12-23 01:15,0.0
2025-12-23 01:30,0.095831
2025-12-23 01:45,0.0
2025-12-23 02:00,0.008637
2025-12-23 02:15,0.005762
2025-12-23 02:30,0.0
2025-12-23 02:45,0.0
2025-12-23 03:00,0.0
2025-12-23 03:15,0.0
2025-12-23 03:30,0.0
2025-12-23 03:45,0.0
2025-12-23 04:00,0.042948
2025-12-23 04:15,0.0
2025-12-23 04:30,0.0
2025-12-23 04:45,0.0
2025-12-23 05:00,0.0
2025-12-23 05:15,0.0
2025-12-23 05:30,0.071428
2025-12-23 05:45,0.109297
2025-12-23 06:00,0.193873
2025-12-23 06:15,0.209502
2025-12-23 06:30,0.0
2025-12-23 06:45,0.0
2025-12-23 07:00,0.0
2025-12-23 07:15,0.0
2025-12-23 07:30,0.017218
2025-12-23 07:45,0.042063
2025-12-23 08:00,0.034436
2025-12-23 08:15,0.0
2025-12-23 08:30,0.0
2025-12-23 08:45,0.017218
2025-12-23 09:00,0.0
2025-12-23 09:15,0.0
2025-12-23 09:30,0.0
2025-12-23 09:45,0.0
2025-12-23 10:00,0.0
2025-12-23 10:15,0.0
2025-12-23 10:30,0.0
2025-12-23 10:45,0.021032
2025-12-23 11:00,0.0
2025-12-23 11:15,0.021032
2025-12-23 11:30,0.0
2025-12-23 11:45,0.0
2025-12-23 12:00,0.018282
2025-12-23 12:15,0.0
2025-12-23 12:30,0.001451
2025-12-23 12:45,0.21201
2025-12-23 13:00,0.202344
2025-12-23 13:15,0.083381
2025-12-23 13:30,0.176669
2025-12-23 13:45,0.107121
2025-12-23 14:00,0.034436
2025-12-23 14:15,0.103307
2025-12-23 14:30,0.068871
2025-12-23 14:45,0.158608
2025-12-23 15:00,0.191842
2025-12-23 15:15,0.382543
2025-12-23 15:30,0.117291
2025-12-23 15:45,0.245354
2025-12-23 16:00,0.47
2025-12-23 16:15,0.008609
2025-12-23 16:30,0.005976
2025-12-23 16:45,0.09257
2025-12-23 17:00,0.201549
2025-12-23 17:15,0.081391
2025-12-23 17:30,0.040405
2025-12-23 17:45,0.021032
2025-12-23 18:00,0.0
2025-12-23 18:15,0.0
2025-12-23 18:30,0.0
2025-12-23 18:45,0.0
2025-12-23 19:00,0.021916
2025-12-23 19:15,0.0
2025-12-23 19:30,0.0
2025-12-23 19:45,0.0
2025-12-23 20:00,0.0
2025-12-23 20:15,0.0
2025-12-23 20:30,0.0
2025-12-23 20:45,0.0
2025-12-23 21:00,0.0
2025-12-23 21:15,0.001064
2025-12-23 21:30,0.03219
2025-12-23 21:45,0.001409
2025-12-23 22:00,0.0
2025-12-23 22:15,0.00134
2025-12-23 22:30,0.0
2025-12-23 22:45,0.017784
2025-12-23 23:00,0.032618
2025-12-23 23:15,0.009977
2025-12-23 23:30,0.041607
2025-12-23 23:45,0.043017
2025-12-24 00:00,0.063606
2025-12-24 00:00,0.078098
2025-12-24 00:15,0.069496
2025-12-24 00:30,0.174757
2025-12-24 00:45,0.109333
2025-12-24 01:00,0.073822
2025-12-24 01:15,0.045522
2025-12-24 01:30,0.010604
2025-12-24 01:45,0.044996
2025-12-24 02:00,0.043248
2025-12-24 02:15,0.0
2025-12-24 02:30,0.000789
2025-12-24 02:45,0.001256
2025-12-24 03:00,0.0
2025-12-24 03:15,0.00073
2025-12-24 03:30,0.0
2025-12-24 03:45,0.0
2025-12-24 04:00,0.0
2025-12-24 04:15,0.002511
2025-12-24 04:30,0.024228
2025-12-24 04:45,0.006329
2025-12-24 05:00,0.024059
2025-12-24 05:15,0.0
2025-12-24 05:30,0.043672
2025-12-24 05:45,0.031745
2025-12-24 06:00,0.000797
2025-12-24 06:15,0.0
2025-12-24 06:30,0.0
2025-12-24 06:45,0.0
2025-12-24 07:00,0.0
2025-12-24 07:15,0.0
2025-12-24 07:30,0.0
2025-12-24 07:45,0.021208
2025-12-24 08:00,0.025823
2025-12-24 08:15,0.014371
2025-12-24 08:30,0.014048
2025-12-24 08:45,0.021141
2025-12-24 09:00,0.080117
2025-12-24 09:15,0.057135
2025-12-24 09:30,0.031796
2025-12-24 09:45,0.021141
2025-12-24 10:00,0.002061
2025-12-24 10:15,0.014167
2025-12-24 10:30,0.001731
2025-12-24 10:45,0.038226
2025-12-24 11:00,0.0
2025-12-24 11:15,0.010944
2025-12-24 11:30,0.00246
2025-12-24 11:45,0.023227
2025-12-24 12:00,0.15494
2025-12-24 12:15,0.014235
2025-12-24 12:30,0.076435
2025-12-24 12:45,0.0
2025-12-24 13:00,0.046964
2025-12-24 13:15,0.242658
2025-12-24 13:30,0.067807
2025-12-24 13:45,0.011334
2025-12-24 14:00,0.034476
2025-12-24 14:15,0.308387
2025-12-24 14:30,0.170125
2025-12-24 14:45,0.025755
2025-12-24 15:00,0.0
2025-12-24 15:15,0.012377
2025-12-24 15:30,0.009467
2025-12-24 15:45,0.001714
2025-12-24 16:00,0.217963
2025-12-24 16:15,0.15667
2025-12-24 16:30,0.333837
2025-12-24 16:45,0.493553
2025-12-24 17:00,0.563947
2025-12-24 17:15,0.309413
2025-12-24 17:30,0.234081
2025-12-24 17:45,0.222654
2025-12-24 18:00,0.130253
2025-12-24 18:15,0.04861
2025-12-24 18:30,0.010604
2025-12-24 18:45,0.0
2025-12-24 19:00,0.0
2025-12-24 19:15,0.0
2025-12-24 19:30,0.005387
2025-12-24 19:45,0.001256
2025-12-24 20:00,0.025823
2025-12-24 20:15,0.0
2025-12-24 20:30,0.0
2025-12-24 20:45,0.0
2025-12-24 21:00,0.0
2025-12-24 21:15,0.0
2025-12-24 21:30,0.0
2025-12-24 21:45,0.0
2025-12-24 22:00,0.025823
2025-12-24 22:15,0.0
2025-12-24 22:30,0.001951
2025-12-24 22:45,0.000857
2025-12-24 23:00,0.06673
2025-12-24 23:15,0.109876
2025-12-24 23:30,0.011147
2025-12-24 23:45,0.154295
2025-12-25 00:00,0.238314
2025-12-25 00:15,0.0
2025-12-25 00:30,0.022464
2025-12-25 00:45,0.024805
2025-12-25 01:00,0.0
2025-12-25 01:15,0.0
2025-12-25 01:30,0.0
2025-12-25 01:45,0.099527
2025-12-25 02:00,0.15097
2025-12-25 02:15,0.012403
2025-12-25 02:30,0.012521
2025-12-25 02:45,0.0
2025-12-25 03:00,0.0
2025-12-25 03:15,0.012912
2025-12-25 03:30,0.0
2025-12-25 03:45,0.0
2025-12-25 04:00,0.0
2025-12-25 04:15,0.0
2025-12-25 04:30,0.0
2025-12-25 04:45,0.0
2025-12-25 05:00,0.001578
2025-12-25 05:15,0.001086
2025-12-25 05:30,0.0
2025-12-25 05:45,0.0
2025-12-25 06:00,0.0
2025-12-25 06:15,0.0
2025-12-25 06:30,0.021963
2025-12-25 06:45,0.001103
2025-12-25 07:00,0.09162
2025-12-25 07:15,0.042417
2025-12-25 07:30,0.0
2025-12-25 07:45,0.002477
2025-12-25 08:00,0.0
2025-12-25 08:15,0.0
2025-12-25 08:30,0.025823
2025-12-25 08:45,0.000984
2025-12-25 09:00,0.0
2025-12-25 09:15,0.0
2025-12-25 09:30,0.001256
2025-12-25 09:45,0.0
2025-12-25 10:00,0.0
2025-12-25 10:15,0.0
2025-12-25 10:30,0.001256
2025-12-25 10:45,0.051647
2025-12-25 11:00,0.0
2025-12-25 11:15,0.020869
2025-12-25 11:30,0.0
2025-12-25 11:45,0.010604
2025-12-25 12:00,0.0
2025-12-25 12:15,0.010604
2025-12-25 12:30,0.021208
2025-12-25 12:45,0.002511
2025-12-25 13:00,0.057585
2025-12-25 13:15,0.000628
2025-12-25 13:30,0.027011
2025-12-25 13:45,0.274827
2025-12-25 14:00,0.253499
2025-12-25 14:15,0.630058
2025-12-25 14:30,0.33986
2025-12-25 14:45,0.191554
2025-12-25 15:00,0.160191
2025-12-25 15:15,0.186634
2025-12-25 15:30,0.141231
2025-12-25 15:45,0.138228
2025-12-25 16:00,0.567163
2025-12-25 16:15,0.181544
2025-12-25 16:30,0.265961
2025-12-25 16:45,0.208249
2025-12-25 17:00,0.198544
2025-12-25 17:15,0.320162
2025-12-25 17:30,0.448939
2025-12-25 17:45,0.218344
2025-12-25 18:00,0.256621
2025-12-25 18:15,0.079353
2025-12-25 18:30,0.089499
2025-12-25 18:45,0.149205
2025-12-25 19:00,0.066051
2025-12-25 19:15,0.0
2025-12-25 19:30,0.0
2025-12-25 19:45,0.0
2025-12-25 20:00,0.0
2025-12-25 20:15,0.0
2025-12-25 20:30,0.0
2025-12-25 20:45,0.001256
2025-12-25 21:00,0.180644
2025-12-25 21:15,0.001256
2025-12-25 21:30,0.023686
2025-12-25 21:45,0.025823
2025-12-25 22:00,0.000628
2025-12-25 22:15,0.047032
2025-12-25 22:30,0.001951
2025-12-25 22:45,0.047032
2025-12-25 23:00,0.0
2025-12-25 23:15,0.001883
2025-12-25 23:30,0.0
2025-12-25 23:45,0.010604
2025-12-26 00:00,0.021208
2025-12-26 00:15,0.002901
2025-12-26 00:30,0.259658
2025-12-26 00:45,0.0
2025-12-26 01:00,0.027876
2025-12-26 01:15,0.0
2025-12-26 01:30,0.044147
2025-12-26 01:45,0.0
2025-12-26 02:00,0.025823
2025-12-26 02:15,0.0
2025-12-26 02:30,0.0
2025-12-26 02:45,0.0
2025-12-26 03:00,0.011028
2025-12-26 03:15,0.025823
2025-12-26 03:30,0.012912
2025-12-26 03:45,0.0
2025-12-26 04:00,0.0
2025-12-26 04:15,0.0
2025-12-26 04:30,0.002494
2025-12-26 04:45,0.0
2025-12-26 05:00,0.0
2025-12-26 05:15,0.0
2025-12-26 05:30,0.0
2025-12-26 05:45,0.0
2025-12-26 06:00,0.0
2025-12-26 06:15,0.030362
2025-12-26 06:30,0.0
2025-12-26 06:45,0.086352
2025-12-26 07:00,0.150613
2025-12-26 07:15,0.211405
2025-12-26 07:30,0.109189
2025-12-26 07:45,0.129049
2025-12-26 08:00,0.021141
2025-12-26 08:15,0.0
2025-12-26 08:30,0.643309
2025-12-26 08:45,0.0
2025-12-26 09:00,0.000814
2025-12-26 09:15,0.0
2025-12-26 09:30,0.0
2025-12-26 09:45,0.001994
2025-12-26 10:00,0.0
2025-12-26 10:15,0.0
2025-12-26 10:30,0.0
2025-12-26 10:45,0.00134
2025-12-26 11:00,0.0
2025-12-26 11:15,0.03636
2025-12-26 11:30,0.012912
2025-12-26 11:45,0.012912
2025-12-26 12:00,0.0
2025-12-26 12:15,0.0
2025-12-26 12:30,0.001264
2025-12-26 12:45,0.021141
2025-12-26 13:00,0.001256
2025-12-26 13:15,0.067544
2025-12-26 13:30,0.021141
2025-12-26 13:45,0.0
2025-12-26 14:00,0.0
2025-12-26 14:15,0.0
2025-12-26 14:30,0.063625
2025-12-26 14:45,0.03636
2025-12-26 15:00,0.002884
2025-12-26 15:15,0.028063
2025-12-26 15:30,0.114457
2025-12-26 15:45,0.446173
2025-12-26 16:00,0.233852
2025-12-26 16:15,0.128523
2025-12-26 16:30,0.045386
2025-12-26 16:45,0.15164
2025-12-26 17:00,0.252218
2025-12-26 17:15,0.023626
2025-12-26 17:30,0.065067
2025-12-26 17:45,0.180271
2025-12-26 18:00,0.084833
2025-12-26 18:15,0.004547
2025-12-26 18:30,0.000628
2025-12-26 18:45,0.0
2025-12-26 19:00,0.0
2025-12-26 19:15,0.0
2025-12-26 19:30,0.025823
2025-12-26 19:45,0.0
2025-12-26 20:00,0.0
2025-12-26 20:15,0.0
2025-12-26 20:30,0.073848
2025-12-26 20:45,0.0
2025-12-26 21:00,0.0
2025-12-26 21:15,0.026383
2025-12-26 21:30,0.084833
2025-12-26 21:45,0.022057
2025-12-26 22:00,0.022464
2025-12-26 22:15,0.0
2025-12-26 22:30,0.0
2025-12-26 22:45,0.000611
2025-12-26 23:00,0.010604
2025-12-26 23:15,0.0
2025-12-26 23:30,0.083459
2025-12-26 23:45,0.212372
2025-12-27 00:00,0.063625
2025-12-27 00:15,0.112218
2025-12-27 00:30,0.084833
2025-12-27 00:45,0.011597
2025-12-27 01:00,0.0
2025-12-27 01:15,0.080286
2025-12-27 01:30,0.010604
2025-12-27 01:45,0.0
2025-12-27 02:00,0.084562
2025-12-27 02:15,0.0
2025-12-27 02:30,0.0
2025-12-27 02:45,0.11685
2025-12-27 03:00,0.0
2025-12-27 03:15,0.0
2025-12-27 03:30,0.0
2025-12-27 03:45,0.027079
2025-12-27 04:00,0.001731
2025-12-27 04:15,0.013752
2025-12-27 04:30,0.042281
2025-12-27 04:45,0.0
2025-12-27 05:00,0.0
2025-12-27 05:15,0.0
2025-12-27 05:30,0.0
2025-12-27 05:45,0.0
2025-12-27 06:00,0.025823
2025-12-27 06:15,0.025823
2025-12-27 06:30,0.0
2025-12-27 06:45,0.0
2025-12-27 07:00,0.0
2025-12-27 07:15,0.0
2025-12-27 07:30,0.0
2025-12-27 07:45,0.135021
2025-12-27 08:00,0.317667
2025-12-27 08:15,0.0
2025-12-27 08:30,0.001171
2025-12-27 08:45,0.0
2025-12-27 09:00,0.0
2025-12-27 09:15,0.012912
2025-12-27 09:30,0.035783
2025-12-27 09:45,0.195558
2025-12-27 10:00,0.10471
2025-12-27 10:15,0.142028
2025-12-27 10:30,0.104549
2025-12-27 10:45,0.0
2025-12-27 11:00,0.014507
2025-12-27 11:15,0.001086
2025-12-27 11:30,0.055328
2025-12-27 11:45,0.001256
2025-12-27 12:00,0.0
2025-12-27 12:15,0.15986
2025-12-27 12:30,0.206044
2025-12-27 12:45,0.11892
2025-12-27 13:00,0.07747
2025-12-27 13:15,0.226454
2025-12-27 13:30,0.001866
2025-12-27 13:45,0.0
2025-12-27 14:00,0.0
2025-12-27 14:15,0.031745
2025-12-27 14:30,0.000891
2025-12-27 14:45,0.167852
2025-12-27 15:00,0.074111
2025-12-27 15:15,0.062913
2025-12-27 15:30,0.0
2025-12-27 15:45,0.139806
2025-12-27 16:00,0.235133
2025-12-27 16:15,0.110402
2025-12-27 16:30,0.085376
2025-12-27 16:45,0.021141
2025-12-27 17:00,0.053445
2025-12-27 17:15,0.134614
2025-12-27 17:30,0.109079
2025-12-27 17:45,0.112235
2025-12-27 18:00,0.021208
2025-12-27 18:15,0.042417
2025-12-27 18:30,0.0
2025-12-27 18:45,0.0
2025-12-27 19:00,0.037157
2025-12-27 19:15,0.000628
2025-12-27 19:30,0.021208
2025-12-27 19:45,0.059943
2025-12-27 20:00,0.030913
2025-12-27 20:15,0.227812
2025-12-27 20:30,0.128099
2025-12-27 20:45,0.012072
2025-12-27 21:00,0.0
2025-12-27 21:15,0.101003
2025-12-27 21:30,0.11875
2025-12-27 21:45,0.154227
2025-12-27 22:00,0.084833
2025-12-27 22:15,0.0
2025-12-27 22:30,0.08144
2025-12-27 22:45,0.0
2025-12-27 23:00,0.057229
2025-12-27 23:15,0.000662
2025-12-27 23:30,0.0
2025-12-27 23:45,0.0
2025-12-28 00:00,0.0
2025-12-28 00:15,0.0
2025-12-28 00:30,0.309897
2025-12-28 00:45,0.307589
2025-12-28 01:00,0.158537
2025-12-28 01:15,0.167682
2025-12-28 01:30,0.09839
2025-12-28 01:45,0.031813
2025-12-28 02:00,0.032661
2025-12-28 02:15,0.015677
2025-12-28 02:30,0.0
2025-12-28 02:45,0.001391
2025-12-28 03:00,0.027656
2025-12-28 03:15,0.138838
2025-12-28 03:30,0.025823
2025-12-28 03:45,0.000797
2025-12-28 04:00,0.052274
2025-12-28 04:15,0.002952
2025-12-28 04:30,0.010604
2025-12-28 04:45,0.011419
2025-12-28 05:00,0.0
2025-12-28 05:15,0.0
2025-12-28 05:30,0.042349
2025-12-28 05:45,0.063489
2025-12-28 06:00,0.010604
2025-12-28 06:15,0.0
2025-12-28 06:30,0.0
2025-12-28 06:45,0.0
2025-12-28 07:00,0.0
2025-12-28 07:15,0.0
2025-12-28 07:30,0.0
2025-12-28 07:45,0.0
2025-12-28 08:00,0.008483
2025-12-28 08:15,0.0
2025-12-28 08:30,0.0
2025-12-28 08:45,0.074043
2025-12-28 09:00,0.035952
2025-12-28 09:15,0.001731
2025-12-28 09:30,0.025823
2025-12-28 09:45,0.0
2025-12-28 10:00,0.0
2025-12-28 10:15,0.000628
2025-12-28 10:30,0.00867
2025-12-28 10:45,0.002511
2025-12-28 11:00,0.119412
2025-12-28 11:15,0.004886
2025-12-28 11:30,0.021141
2025-12-28 11:45,0.001926
2025-12-28 12:00,0.025755
2025-12-28 12:15,0.0
2025-12-28 12:30,0.006244
2025-12-28 12:45,0.0
2025-12-28 13:00,0.0
2025-12-28 13:15,0.0
2025-12-28 13:30,0.026612
2025-12-28 13:45,0.006524
2025-12-28 14:00,0.0
2025-12-28 14:15,0.10577
2025-12-28 14:30,0.001188
2025-12-28 14:45,0.0
2025-12-28 15:00,0.0
2025-12-28 15:15,0.0
2025-12-28 15:30,0.044894
2025-12-28 15:45,0.177539
2025-12-28 16:00,0.021141
2025-12-28 16:15,0.0
2025-12-28 16:30,0.052699
2025-12-28 16:45,0.104006
2025-12-28 17:00,0.149918
2025-12-28 17:15,0.0
2025-12-28 17:30,0.046896
2025-12-28 17:45,0.112676
2025-12-28 18:00,0.051511
2025-12-28 18:15,0.115984
2025-12-28 18:30,0.196678
2025-12-28 18:45,0.077266
2025-12-28 19:00,0.0
2025-12-28 19:15,0.0
2025-12-28 19:30,0.0
2025-12-28 19:45,0.0
2025-12-28 20:00,0.0
2025-12-28 20:15,0.001323
2025-12-28 20:30,0.0
2025-12-28 20:45,0.0
2025-12-28 21:00,0.0
2025-12-28 21:15,0.025755
2025-12-28 21:30,0.0
2025-12-28 21:45,0.0
2025-12-28 22:00,0.0
2025-12-28 22:15,0.0
2025-12-28 22:30,0.130101
2025-12-28 22:45,0.0
2025-12-28 23:00,0.042281
2025-12-28 23:15,0.035393
2025-12-28 23:30,0.0
2025-12-28 23:45,0.0
2025-12-29 00:00,0.0
2025-12-29 00:15,0.0
2025-12-29 00:30,0.051511
2025-12-29 00:45,0.0
2025-12-29 01:00,0.001323
2025-12-29 01:15,0.051511
2025-12-29 01:30,0.0
2025-12-29 01:45,0.0
2025-12-29 02:00,0.0
2025-12-29 02:15,0.02769
2025-12-29 02:30,0.0
2025-12-29 02:45,0.025755
2025-12-29 03:00,0.231256
2025-12-29 03:15,0.0
2025-12-29 03:30,0.021141
2025-12-29 03:45,0.0
2025-12-29 04:00,0.051511
2025-12-29 04:15,0.0
2025-12-29 04:30,0.0
2025-12-29 04:45,0.0
2025-12-29 05:00,0.0
2025-12-29 05:15,0.0
2025-12-29 05:30,0.28331
2025-12-29 05:45,0.149918
2025-12-29 06:00,0.025755
2025-12-29 06:15,0.0
2025-12-29 06:30,0.053225
2025-12-29 06:45,0.206044
2025-12-29 07:00,0.0
2025-12-29 07:15,0.0
2025-12-29 07:30,0.0
2025-12-29 07:45,0.025755
2025-12-29 08:00,0.0
2025-12-29 08:15,0.0
2025-12-29 08:30,0.025755
2025-12-29 08:45,0.0
2025-12-29 09:00,0.021141
2025-12-29 09:15,0.025755
2025-12-29 09:30,0.124162
2025-12-29 09:45,0.025755
2025-12-29 10:00,0.0
2025-12-29 10:15,0.077266
2025-12-29 10:30,0.0
2025-12-29 10:45,0.051375
2025-12-29 11:00,0.105703
2025-12-29 11:15,0.387231
2025-12-29 11:30,0.0
2025-12-29 11:45,0.0
2025-12-29 12:00,0.0
2025-12-29 12:15,0.021141
2025-12-29 12:30,0.149646
2025-12-29 12:45,0.021141
2025-12-29 13:00,0.0
2025-12-29 13:15,0.042145
2025-12-29 13:30,0.0
2025-12-29 13:45,0.385789
2025-12-29 14:00,0.046896
2025-12-29 14:15,0.203617
2025-12-29 14:30,0.447955
2025-12-29 14:45,0.008857
2025-12-29 15:00,0.281104
2025-12-29 15:15,0.0
2025-12-29 15:30,0.05884
2025-12-29 15:45,0.211439
2025-12-29 16:00,1.0
2025-12-29 16:15,0.109198
2025-12-29 16:30,0.038226
2025-12-29 16:45,0.236295
2025-12-29 17:00,0.287687
2025-12-29 17:15,0.0
2025-12-29 17:30,0.0
2025-12-29 17:45,0.05599
2025-12-29 18:00,0.025755
2025-12-29 18:15,0.0
2025-12-29 18:30,0.0
2025-12-29 18:45,0.0
2025-12-29 19:00,0.0
2025-12-29 19:15,0.0
2025-12-29 19:30,0.0
2025-12-29 19:45,0.021141
2025-12-29 20:00,0.044826
2025-12-29 20:15,0.084426
2025-12-29 20:30,0.00134
2025-12-29 20:45,0.0
2025-12-29 21:00,0.042281
2025-12-29 21:15,0.042281
2025-12-29 21:30,0.042281
2025-12-29 21:45,0.042281
2025-12-29 22:00,0.097117
2025-12-29 22:15,0.105703
2025-12-29 22:30,0.021141
2025-12-29 22:45,0.0
2025-12-29 23:00,0.0
2025-12-29 23:15,0.002426
2025-12-29 23:30,0.0
2025-12-29 23:45,0.0
2025-12-30 00:00,0.025755
2025-12-30 00:15,0.0
2025-12-30 00:30,0.0
2025-12-30 00:45,0.0
2025-12-30 01:00,0.175402
2025-12-30 01:15,0.0
2025-12-30 01:30,0.0
2025-12-30 01:45,0.199494
2025-12-30 02:00,0.086768
2025-12-30 02:15,0.205772
2025-12-30 02:30,0.128777
2025-12-30 02:45,0.0
2025-12-30 03:00,0.154261
2025-12-30 03:15,0.0
2025-12-30 03:30,0.0
2025-12-30 03:45,0.0
2025-12-30 04:00,0.0
2025-12-30 04:15,0.0
2025-12-30 04:30,0.0
2025-12-30 04:45,0.0
2025-12-30 05:00,0.0
2025-12-30 05:15,0.0
2025-12-30 05:30,0.0
2025-12-30 05:45,0.021141
2025-12-30 06:00,0.351686
2025-12-30 06:15,0.0
2025-12-30 06:30,0.0
2025-12-30 06:45,0.0
2025-12-30 07:00,0.0
2025-12-30 07:15,0.0
2025-12-30 07:30,0.010723
2025-12-30 07:45,0.0
2025-12-30 08:00,0.0
2025-12-30 08:15,0.0
2025-12-30 08:30,0.0
2025-12-30 08:45,0.001782
2025-12-30 09:00,0.0
2025-12-30 09:15,0.0
2025-12-30 09:30,0.0
2025-12-30 09:45,0.025755
2025-12-30 10:00,0.098407
2025-12-30 10:15,0.223655
2025-12-30 10:30,0.012623
2025-12-30 10:45,0.0
2025-12-30 11:00,0.001188
2025-12-30 11:15,0.0
2025-12-30 11:30,0.10365
2025-12-30 11:45,0.077266
2025-12-30 12:00,0.0
2025-12-30 12:15,0.079777
2025-12-30 12:30,0.0
2025-12-30 12:45,0.0
2025-12-30 13:00,0.021208
2025-12-30 13:15,0.0
2025-12-30 13:30,0.03412
2025-12-30 13:45,0.075018
2025-12-30 14:00,0.031813
2025-12-30 14:15,0.080235
2025-12-30 14:30,0.023516
2025-12-30 14:45,0.128548
2025-12-30 15:00,0.234208
2025-12-30 15:15,0.301821
2025-12-30 15:30,0.021141
2025-12-30 15:45,0.106042
2025-12-30 16:00,0.255858
2025-12-30 16:15,0.074212
2025-12-30 16:30,0.022396
2025-12-30 16:45,0.051647
2025-12-30 17:00,0.16115
2025-12-30 17:15,0.052902
2025-12-30 17:30,0.052902
2025-12-30 17:45,0.056788
2025-12-30 18:00,0.0
2025-12-30 18:15,0.001849
2025-12-30 18:30,0.0
2025-12-30 18:45,0.0
2025-12-30 19:00,0.0
2025-12-30 19:15,0.0
2025-12-30 19:30,0.0
2025-12-30 19:45,0.0
2025-12-30 20:00,0.0
2025-12-30 20:15,0.000628
2025-12-30 20:30,0.0
2025-12-30 20:45,0.0
2025-12-30 21:00,0.0
2025-12-30 21:15,0.0
2025-12-30 21:30,0.0
2025-12-30 21:45,0.0
2025-12-30 22:00,0.0
2025-12-30 22:15,0.0
2025-12-30 22:30,0.0
2025-12-30 22:45,0.0
2025-12-30 23:00,0.025823
2025-12-30 23:15,0.002511
2025-12-30 23:30,0.021208
2025-12-30 23:45,0.0
2025-12-31 00:00,0.012403
2025-12-31 00:00,0.071815
2025-12-31 00:15,0.0
2025-12-31 00:30,0.152569
2025-12-31 00:45,0.0
2025-12-31 01:00,0.0
2025-12-31 01:15,0.466745
2025-12-31 01:30,0.187543
2025-12-31 01:45,0.306317
2025-12-31 02:00,0.00727
2025-12-31 02:15,1.0
2025-12-31 02:30,0.90112
2025-12-31 02:45,0.0
2025-12-31 03:00,0.85529
2025-12-31 03:15,0.255428
2025-12-31 03:30,0.533451
2025-12-31 03:45,0.0
2025-12-31 04:00,0.0
2025-12-31 04:15,0.0
2025-12-31 04:30,0.0
2025-12-31 04:45,0.0
2025-12-31 05:00,0.0
2025-12-31 05:15,0.0
2025-12-31 05:30,0.0
2025-12-31 05:45,0.0
2025-12-31 06:00,0.0
2025-12-31 06:15,0.0
2025-12-31 06:30,0.0
2025-12-31 06:45,0.0
2025-12-31 07:00,0.0
2025-12-31 07:15,0.0
2025-12-31 07:30,0.0
2025-12-31 07:45,0.01287
2025-12-31 08:00,0.0
2025-12-31 08:15,0.014441
2025-12-31 08:30,0.02122
2025-12-31 08:45,0.0
2025-12-31 09:00,0.074762
2025-12-31 09:15,0.0
2025-12-31 09:30,0.132331
2025-12-31 09:45,0.105168
2025-12-31 10:00,0.149524
2025-12-31 10:15,0.01454
2025-12-31 10:30,0.0
2025-12-31 10:45,0.027115
2025-12-31 11:00,0.04303
2025-12-31 11:15,0.077905
2025-12-31 11:30,0.006091
2025-12-31 11:45,0.21004
2025-12-31 12:00,0.149524
2025-12-31 12:15,0.0
2025-12-31 12:30,0.007761
2025-12-31 12:45,0.0
2025-12-31 13:00,0.00727
2025-12-31 13:15,0.190441
2025-12-31 13:30,0.701051
2025-12-31 13:45,0.27596
2025-12-31 14:00,0.020041
2025-12-31 14:15,0.271343
2025-12-31 14:30,0.0
2025-12-31 14:45,0.457068
2025-12-31 15:00,0.261028
2025-12-31 15:15,0.0
2025-12-31 15:30,0.442725
2025-12-31 15:45,0.148296
2025-12-31 16:00,0.0
2025-12-31 16:15,0.0
2025-12-31 16:30,0.016308
2025-12-31 16:45,0.123981
2025-12-31 17:00,0.003144
2025-12-31 17:15,0.210482
2025-12-31 17:30,0.061401
2025-12-31 17:45,0.488997
2025-12-31 18:00,0.154927
2025-12-31 18:15,0.643629
2025-12-31 18:30,0.0
2025-12-31 18:45,0.136507
2025-12-31 19:00,0.004765
2025-12-31 19:15,0.024217
2025-12-31 19:30,0.026623
2025-12-31 19:45,0.019059
2025-12-31 20:00,0.149425
2025-12-31 20:15,0.071815
2025-12-31 20:30,0.0
2025-12-31 20:45,0.0
2025-12-31 21:00,0.0
2025-12-31 21:15,0.0
2025-12-31 21:30,0.00501
2025-12-31 21:45,0.021417
2025-12-31 22:00,0.164063
2025-12-31 22:15,0.0
2025-12-31 22:30,0.122802
2025-12-31 22:45,0.255428
2025-12-31 23:00,0.0
2025-12-31 23:15,0.013803
2025-12-31 23:30,0.0
2025-12-31 23:45,0.0
